date,irainfall   Rainfall indicator,Precipitation Amount (mm)  ,ittt Dry bulb indicator,Air Temperature (C),iwb Wet bulb indicator,Wet Bulb Temperature ©,Dew Point Temperature ©,Vapour Pressure (hPa)    , Relative Humidity (%) ,Mean Sea Level Pressure (hPa),itabspeed wind Speed indicator,Mean Wind Speed (kt),itabdir  wind dir indicator,Predominant Wind Direction (deg),Weekday,Mean Wind Speed (km/h)
01/01/2025 00:00,0,0.78,0,7.78,0,6.87,5.69,9.275,86.35,1001.97,2,14.88888889,2,250,1,27.57422222
01/01/2025 01:00,0,1.095,0,7.39,0,6.495,5.35,9.04,86.65,1001.275,2,14.44444444,2,250.5555556,1,26.75111111
01/01/2025 02:00,0,1.035,0,6.83,0,5.95,4.79,8.655,86.7,1000.565,2,13.66666667,2,252.7777778,1,25.31066667
01/01/2025 03:00,0,1.175,0,6.29,0,5.495,4.43,8.39,87.45,1000.78,2,13.16666667,2,270,1,24.38466667
01/01/2025 04:00,0,0.375,0,6.185,0,5.415,4.345,8.355,87.65,1000.82,2,12.88888889,2,269.4444444,1,23.87022222
01/01/2025 05:00,0,0.15,0,6.14,0,5.31,4.155,8.235,86.95,1000.875,2,12.05555556,2,271.6666667,1,22.32688889
01/01/2025 06:00,0,0.065,0,6.255,0,5.315,4.04,8.175,85.85,1001.48,2,11.66666667,2,271.1111111,1,21.60666667
01/01/2025 07:00,0,0.035,0,6.205,0,5.27,4,8.145,85.65,1002.27,2,11.05555556,2,272.2222222,1,20.47488889
01/01/2025 08:00,0,0.11,0,6.005,0,5.025,3.645,7.945,84.8,1003.01,2,10.38888889,2,253.3333333,1,19.24022222
01/01/2025 09:00,0,0.085,0,5.99,0,4.89,3.32,7.775,83.15,1003.89,2,9.666666667,2,272.2222222,1,17.90266667
01/01/2025 10:00,0,0.03,0,6.045,0,4.95,3.405,7.805,83.1,1004.785,2,9.222222222,2,265.5555556,1,17.07955556
01/01/2025 11:00,0,0.105,0,6.305,0,5.065,3.33,7.775,81.2,1005.645,2,10.05555556,2,276.6666667,1,18.62288889
01/01/2025 12:00,0,0.065,0,6.72,0,5.33,3.42,7.82,79.35,1005.985,2,10.38888889,2,263.8888889,1,19.24022222
01/01/2025 13:00,0,0.03,0,6.9,0,5.46,3.5,7.86,78.55,1006.27,2,10.66666667,2,272.7777778,1,19.75466667
01/01/2025 14:00,0,0.06,0,6.685,0,5.26,3.26,7.74,78.4,1006.59,2,10.61111111,2,275.5555556,1,19.65177778
01/01/2025 15:00,0,0.15,0,6.23,0,4.925,3.09,7.64,80,1007.11,2,9.666666667,2,258.8888889,1,17.90266667
01/01/2025 16:00,0,0.105,0,5.715,0,4.56,2.915,7.545,81.95,1008.105,2,7.722222222,2,243.8888889,1,14.30155556
01/01/2025 17:00,0,0.075,0,4.92,0,3.945,2.51,7.335,84.1,1009.18,2,7.222222222,2,246.1111111,1,13.37555556
01/01/2025 18:00,0,0.055,0,4.36,0,3.555,2.37,7.26,86.75,1010.19,2,6.777777778,2,212.7777778,1,12.55244444
01/01/2025 19:00,0,0.14,0,3.93,0,3.16,1.99,7.07,87.05,1011.285,2,6.444444444,2,208.3333333,1,11.93511111
01/01/2025 20:00,0,0.005,0,3.36,0,2.62,1.52,6.83,87.75,1012.395,2,6.388888889,2,140.5555556,1,11.83222222
01/01/2025 21:00,0,0.045,0,2.92,0,2.28,1.305,6.73,88.8,1013.335,2,6.888888889,2,137.7777778,1,12.75822222
01/01/2025 22:00,0,0.015,0,2.715,0,2.075,1.065,6.62,88.8,1014.24,2,6.222222222,2,133.3333333,1,11.52355556
01/01/2025 23:00,0,0.04,0,2.425,0,1.85,0.93,6.57,89.9,1015.19,2,5.777777778,2,182.7777778,1,10.70044444
02/01/2025 00:00,0,0.035,0,2.23,0,1.64,0.72,6.465,89.8,1016.155,2,5.888888889,2,203.8888889,1,10.90622222
02/01/2025 01:00,0,0.075,0,1.915,0,1.355,0.425,6.35,90,1016.775,2,5.555555556,2,173.8888889,1,10.28888889
02/01/2025 02:00,0,0.06,0,1.565,0,1.03,0.185,6.215,90.55,1017.45,2,6,2,160,1,11.112
02/01/2025 03:00,0,0.01,0,1.355,0,0.83,-0.045,6.13,90.2,1018.325,2,5.722222222,2,163.8888889,1,10.59755556
02/01/2025 04:00,0,0.04,0,1.04,0,0.515,-0.375,5.995,90.25,1019.17,2,6.222222222,2,195.5555556,1,11.52355556
02/01/2025 05:00,0,0.01,0,0.825,0,0.225,-0.79,5.79,89.2,1019.955,2,6.277777778,2,205,1,11.62644444
02/01/2025 06:00,0,0,0,0.55,0,0,-0.945,5.725,89.8,1020.81,2,6,2,217.7777778,1,11.112
02/01/2025 07:00,0,0.005,0,0.25,0,-0.25,-1.135,5.66,90.1,1021.565,2,6,2,238.8888889,1,11.112
02/01/2025 08:00,0,0.005,0,-0.1,0,-0.58,-1.415,5.53,90.8,1022.415,2,5.388888889,2,256.1111111,1,9.980222222
02/01/2025 09:00,0,0.015,0,-0.085,0,-0.585,-1.5,5.505,90.1,1023.42,2,5.833333333,2,230.5555556,1,10.80333333
02/01/2025 10:00,0,0.005,0,0.685,0,0.105,-0.88,5.755,89,1024.225,2,5.777777778,2,265.5555556,1,10.70044444
02/01/2025 11:00,0,0.01,0,1.87,0,1.14,-0.11,6.065,86.7,1025.035,2,5.888888889,2,252.7777778,1,10.90622222
02/01/2025 12:00,0,0.01,0,2.895,0,1.915,0.32,6.265,83.2,1025.26,2,6.388888889,2,250.5555556,1,11.83222222
02/01/2025 13:00,0,0.005,0,3.725,0,2.58,0.68,6.43,80.3,1025.285,2,6.444444444,2,258.3333333,1,11.93511111
02/01/2025 14:00,0,0.11,0,4.035,0,2.695,0.53,6.36,77.8,1025.34,2,6.611111111,2,257.2222222,1,12.24377778
02/01/2025 15:00,0,0.015,0,4,0,2.625,0.38,6.295,77.05,1025.42,2,6.5,2,291.1111111,1,12.038
02/01/2025 16:00,0,0,0,3.205,0,2.03,0.03,6.125,79.55,1025.915,2,6.277777778,2,281.6666667,1,11.62644444
02/01/2025 17:00,0,0.005,0,1.94,0,1.085,-0.415,5.925,84.3,1026.425,2,5.333333333,2,287.7777778,1,9.877333333
02/01/2025 18:00,0,0.01,0,1.19,0,0.54,-0.61,5.855,87.65,1026.9,2,4.833333333,2,266.1111111,1,8.951333333
02/01/2025 19:00,0,0,0,0.995,0,0.375,-0.7,5.815,88.4,1027.17,2,4.722222222,2,281.6666667,1,8.745555556
02/01/2025 20:00,0,0,0,0.6,0,0.05,-0.915,5.72,89.45,1027.54,2,4.611111111,2,263.8888889,1,8.539777778
02/01/2025 21:00,0,0,0,0.205,0,-0.325,-1.255,5.575,89.9,1027.695,2,4.888888889,2,258.8888889,1,9.054222222
02/01/2025 22:00,0,0,0,-0.105,0,-0.595,-1.465,5.49,90.45,1027.885,2,4.277777778,2,217.7777778,1,7.922444444
02/01/2025 23:00,0,0.02,0,-0.2,0,-0.67,-1.495,5.5,90.95,1028.01,2,4.611111111,2,247.7777778,1,8.539777778
03/01/2025 00:00,0,0.025,0,-0.515,0,-0.94,-1.7,5.41,91.6,1028.195,2,4.277777778,2,210.5555556,0,7.922444444
03/01/2025 01:00,0,0.01,0,-0.48,0,-0.9,-1.665,5.445,91.55,1027.915,2,4.166666667,2,215.5555556,0,7.716666667
03/01/2025 02:00,0,0.025,0,-0.57,0,-0.98,-1.715,5.445,91.7,1027.56,2,4.833333333,2,245,0,8.951333333
03/01/2025 03:00,0,0.01,0,-0.265,0,-0.74,-1.545,5.485,91.1,1027.48,2,4.666666667,2,252.7777778,0,8.642666667
03/01/2025 04:00,0,0.01,0,-0.17,0,-0.67,-1.535,5.49,90.4,1027.08,2,5.111111111,2,249.4444444,0,9.465777778
03/01/2025 05:00,0,0,0,-0.285,0,-0.77,-1.575,5.475,90.9,1026.815,2,5.555555556,2,217.7777778,0,10.28888889
03/01/2025 06:00,0,0.02,0,-0.215,0,-0.665,-1.455,5.54,91.2,1026.605,2,5.555555556,2,216.1111111,0,10.28888889
03/01/2025 07:00,0,0.025,0,-0.145,0,-0.605,-1.435,5.555,90.85,1026.575,2,5.277777778,2,231.1111111,0,9.774444444
03/01/2025 08:00,0,0.045,0,-0.355,0,-0.815,-1.62,5.475,91.05,1026.555,2,5.277777778,2,232.2222222,0,9.774444444
03/01/2025 09:00,0,0.005,0,-0.355,0,-0.785,-1.57,5.515,91.35,1026.67,2,5.388888889,2,200,0,9.980222222
03/01/2025 10:00,0,0.01,0,0.705,0,0.19,-0.685,5.855,90.35,1026.725,2,4.944444444,2,210.5555556,0,9.157111111
03/01/2025 11:00,0,0.01,0,1.86,0,1.225,0.15,6.215,88,1026.65,2,5.055555556,2,209.4444444,0,9.362888889
03/01/2025 12:00,0,0.025,0,3.125,0,2.2,0.75,6.475,84.15,1026.07,2,4.722222222,2,196.1111111,0,8.745555556
03/01/2025 13:00,0,0.01,0,4.045,0,2.86,1.035,6.61,80.6,1025.365,2,5.222222222,2,225.5555556,0,9.671555556
03/01/2025 14:00,0,0.03,0,4.335,0,3.09,1.1,6.63,79.35,1024.64,2,5.777777778,2,230.5555556,0,10.70044444
03/01/2025 15:00,0,0.015,0,4.255,0,3.075,1.21,6.68,80.35,1024.125,2,5.111111111,2,232.2222222,0,9.465777778
03/01/2025 16:00,0,0.01,0,3.14,0,2.22,0.695,6.44,83.75,1023.805,2,4.5,2,239.4444444,0,8.334
03/01/2025 17:00,0,0.01,0,2.115,0,1.35,0.045,6.135,86,1023.6,2,4.333333333,2,210.5555556,0,8.025333333
03/01/2025 18:00,0,0.01,0,1.59,0,0.92,-0.18,6.05,88.05,1023.445,2,4.055555556,2,203.3333333,0,7.510888889
03/01/2025 19:00,0,0,0,1.205,0,0.625,-0.325,5.985,89.45,1023.14,2,4.444444444,2,204.4444444,0,8.231111111
03/01/2025 20:00,0,0.04,0,1.045,0,0.545,-0.285,6.03,90.65,1022.78,2,5,2,207.7777778,0,9.26
03/01/2025 21:00,0,0,0,0.915,0,0.435,-0.345,5.985,91,1022.25,2,4.722222222,2,208.3333333,0,8.745555556
03/01/2025 22:00,0,0,0,0.785,0,0.325,-0.49,5.935,91.05,1021.87,2,4.5,2,186.1111111,0,8.334
03/01/2025 23:00,0,0.045,0,0.63,0,0.205,-0.525,5.915,91.65,1021.465,2,4.277777778,2,180,0,7.922444444
04/01/2025 00:00,0,0.03,0,0.725,0,0.205,-0.665,5.85,90.3,1020.98,2,4.444444444,2,167.7777778,0,8.231111111
04/01/2025 01:00,0,0.075,0,0.495,0,0.02,-0.795,5.8,90.8,1020.085,2,4.388888889,2,175.5555556,0,8.128222222
04/01/2025 02:00,0,0.005,0,0.385,0,-0.095,-0.97,5.72,90.3,1019.195,2,4.277777778,2,173.8888889,0,7.922444444
04/01/2025 03:00,0,0.035,0,0.345,0,-0.095,-0.88,5.76,91.3,1018.395,2,4,2,185.5555556,0,7.408
04/01/2025 04:00,0,0.01,0,0.325,0,-0.125,-0.88,5.76,91.4,1017.275,2,4.333333333,2,145.5555556,0,8.025333333
04/01/2025 05:00,0,0.15,0,0.385,0,-0.05,-0.835,5.78,91.6,1016.36,2,4.722222222,2,123.3333333,0,8.745555556
04/01/2025 06:00,0,0.12,0,0.26,0,-0.16,-0.905,5.765,91.7,1015.53,2,4.611111111,2,141.1111111,0,8.539777778
04/01/2025 07:00,0,0.135,0,0.385,0,-0.05,-0.76,5.835,91.9,1014.9,2,4.555555556,2,141.1111111,0,8.436888889
04/01/2025 08:00,0,0.05,0,0.415,0,-0.01,-0.76,5.83,91.8,1014.205,2,4.666666667,2,146.6666667,0,8.642666667
04/01/2025 09:00,0,0.15,0,0.35,0,-0.04,-0.72,5.84,92.15,1013.605,2,5.166666667,2,125,0,9.568666667
04/01/2025 10:00,0,0.18,0,0.595,0,0.165,-0.575,5.895,91.65,1012.87,2,5.222222222,2,132.7777778,0,9.671555556
04/01/2025 11:00,0,0.135,0,1.095,0,0.675,-0.055,6.135,91.7,1012.085,2,5.444444444,2,138.8888889,0,10.08311111
04/01/2025 12:00,0,0.295,0,1.55,0,1.065,0.265,6.275,90.9,1010.695,2,5.5,2,144.4444444,0,10.186
04/01/2025 13:00,0,0.3,0,1.93,0,1.37,0.495,6.375,90.1,1009.275,2,5.722222222,2,108.3333333,0,10.59755556
04/01/2025 14:00,0,0.28,0,2.185,0,1.56,0.525,6.385,88.55,1007.655,2,6.722222222,2,113.8888889,0,12.44955556
04/01/2025 15:00,0,0.45,0,2.225,0,1.555,0.395,6.335,87.5,1006.07,2,7.333333333,2,106.1111111,0,13.58133333
04/01/2025 16:00,0,0.295,0,2.125,0,1.53,0.515,6.39,88.9,1005.045,2,7.777777778,2,91.11111111,0,14.40444444
04/01/2025 17:00,0,0.33,0,2,0,1.445,0.5,6.385,89.6,1003.92,2,8.055555556,2,85.55555556,0,14.91888889
04/01/2025 18:00,0,0.6,0,1.85,0,1.36,0.495,6.38,90.5,1002.79,2,8.5,2,82.22222222,0,15.742
04/01/2025 19:00,0,0.71,0,1.91,0,1.425,0.585,6.42,90.6,1001.72,2,8.833333333,2,80.55555556,0,16.35933333
04/01/2025 20:00,0,0.695,0,1.81,0,1.395,0.655,6.445,91.75,1000.705,2,9.055555556,2,98.88888889,0,16.77088889
04/01/2025 21:00,0,0.9,0,1.695,0,1.315,0.705,6.46,92.7,999.415,2,9.5,2,77.22222222,0,17.594
04/01/2025 22:00,0,0.9,0,1.785,0,1.435,0.89,6.54,93.5,997.99,2,9.722222222,2,75,0,18.00555556
04/01/2025 23:00,0,0.95,0,1.725,0,1.425,0.935,6.585,94.15,996.58,2,9.722222222,2,66.66666667,0,18.00555556
05/01/2025 00:00,0,1.23,0,2.005,0,1.7,1.2,6.7,94.05,995.275,2,9.777777778,2,62.22222222,1,18.10844444
05/01/2025 01:00,0,1.03,0,1.89,0,1.57,1.06,6.6,93.75,993.88,2,9.888888889,2,56.11111111,1,18.31422222
05/01/2025 02:00,0,0.725,0,1.83,0,1.525,1.05,6.605,94.15,992.73,2,9.833333333,2,67.77777778,1,18.21133333
05/01/2025 03:00,0,0.695,0,1.955,0,1.605,1.055,6.615,93.4,991.67,2,10.55555556,2,65.55555556,1,19.54888889
05/01/2025 04:00,0,0.62,0,2.015,0,1.665,1.065,6.6,93.1,990.865,2,10.88888889,2,78.88888889,1,20.16622222
05/01/2025 05:00,0,0.52,0,2.135,0,1.69,0.98,6.565,91.9,990.215,2,10.94444444,2,77.77777778,1,20.26911111
05/01/2025 06:00,0,0.41,0,2.285,0,1.785,0.955,6.555,90.65,989.75,2,11.33333333,2,57.77777778,1,20.98933333
05/01/2025 07:00,0,0.345,0,2.335,0,1.765,0.84,6.505,89.65,989.505,2,11.44444444,2,57.22222222,1,21.19511111
05/01/2025 08:00,0,0.37,0,2.38,0,1.78,0.795,6.48,89.2,989.28,2,10.94444444,2,75,1,20.26911111
05/01/2025 09:00,0,0.445,0,2.435,0,1.835,0.85,6.505,89.05,989.015,2,11.33333333,2,55,1,20.98933333
05/01/2025 10:00,0,0.595,0,2.455,0,1.83,0.835,6.49,88.8,988.53,2,11.94444444,2,51.11111111,1,22.12111111
05/01/2025 11:00,0,0.745,0,2.645,0,2.01,0.955,6.565,88.45,988.245,2,12.33333333,2,50.55555556,1,22.84133333
05/01/2025 12:00,0,0.83,0,2.795,0,2.14,1.075,6.62,88.35,987.565,2,12,2,47.77777778,1,22.224
05/01/2025 13:00,0,0.775,0,2.76,0,2.085,1.03,6.6,88.25,986.88,2,11.83333333,2,63.88888889,1,21.91533333
05/01/2025 14:00,0,0.8,0,2.65,0,1.935,0.79,6.475,87.6,986.255,2,11.72222222,2,96.66666667,1,21.70955556
05/01/2025 15:00,0,0.86,0,2.66,0,1.925,0.75,6.46,87.3,986.13,2,11.94444444,2,113.3333333,1,22.12111111
05/01/2025 16:00,0,0.735,0,2.545,0,1.845,0.68,6.435,87.6,985.965,2,11.55555556,2,131.6666667,1,21.40088889
05/01/2025 17:00,0,0.665,0,2.615,0,1.84,0.59,6.38,86.55,985.825,2,12.05555556,2,129.4444444,1,22.32688889
05/01/2025 18:00,0,0.49,0,2.695,0,1.895,0.6,6.395,86,985.81,2,11.88888889,2,205.5555556,1,22.01822222
05/01/2025 19:00,0,0.38,0,2.755,0,1.93,0.56,6.355,85.4,986.02,2,11.66666667,2,241.1111111,1,21.60666667
05/01/2025 20:00,0,0.3,0,2.63,0,1.82,0.455,6.33,85.6,986.115,2,10.77777778,2,221.6666667,1,19.96044444
05/01/2025 21:00,0,0.245,0,2.72,0,1.905,0.535,6.38,85.7,986.155,2,10.61111111,2,253.8888889,1,19.65177778
05/01/2025 22:00,0,0.12,0,2.445,0,1.705,0.485,6.355,86.9,986.205,2,10.22222222,2,288.8888889,1,18.93155556
05/01/2025 23:00,0,0.055,0,2.24,0,1.565,0.4,6.325,87.6,986.085,2,9.722222222,2,281.6666667,1,18.00555556
06/01/2025 00:00,0,0.09,0,2.195,0,1.495,0.39,6.305,87.8,986.195,2,9.833333333,2,289.4444444,1,18.21133333
06/01/2025 01:00,0,0.09,0,1.975,0,1.295,0.185,6.215,87.9,986.11,2,9.666666667,2,289.4444444,1,17.90266667
06/01/2025 02:00,0,0.065,0,1.76,0,1.105,0.005,6.135,88.05,986.17,2,9.277777778,2,306.6666667,1,17.18244444
06/01/2025 03:00,0,0.225,0,1.515,0,0.95,0,6.15,89.45,986.35,2,9.444444444,2,301.6666667,1,17.49111111
06/01/2025 04:00,0,0.325,0,1.47,0,0.905,-0.025,6.135,89.65,986.585,2,9.944444444,2,315.5555556,1,18.41711111
06/01/2025 05:00,0,0.395,0,1.43,0,0.955,0.12,6.185,90.7,987.04,2,10.72222222,2,261.1111111,1,19.85755556
06/01/2025 06:00,0,0.345,0,1.775,0,1.16,0.18,6.2,89.05,987.445,2,11.61111111,2,303.8888889,1,21.50377778
06/01/2025 07:00,0,0.29,0,1.9,0,1.245,0.16,6.205,88.2,988.05,2,11.66666667,2,306.1111111,1,21.60666667
06/01/2025 08:00,0,0.385,0,1.955,0,1.355,0.335,6.285,89.15,988.825,2,10.66666667,2,300,1,19.75466667
06/01/2025 09:00,0,0.25,0,1.98,0,1.365,0.3,6.265,88.75,989.555,2,10.77777778,2,316.1111111,1,19.96044444
06/01/2025 10:00,0,0.215,0,2.225,0,1.64,0.655,6.41,89.1,990,2,12,2,306.6666667,1,22.224
06/01/2025 11:00,0,0.445,0,2.6,0,1.81,0.51,6.345,86.15,990.855,2,13.05555556,2,309.4444444,1,24.17888889
06/01/2025 12:00,0,0.29,0,2.89,0,2.035,0.67,6.41,85.3,991.505,2,14.27777778,2,308.3333333,1,26.44244444
06/01/2025 13:00,0,0.27,0,3.11,0,2.12,0.44,6.335,82.95,991.995,2,14.33333333,2,292.2222222,1,26.54533333
06/01/2025 14:00,0,0.195,0,3.245,0,2.105,0.185,6.2,80.65,992.45,2,13.33333333,2,313.8888889,1,24.69333333
06/01/2025 15:00,0,0.225,0,3.09,0,1.9,-0.165,6.055,79.4,992.875,2,12.77777778,2,285.5555556,1,23.66444444
06/01/2025 16:00,0,0.105,0,2.76,0,1.655,-0.29,5.995,80.1,993.46,2,12.44444444,2,283.8888889,1,23.04711111
06/01/2025 17:00,0,0.01,0,2.35,0,1.24,-0.765,5.8,79.75,993.92,2,12.05555556,2,298.8888889,1,22.32688889
06/01/2025 18:00,0,0.1,0,2.15,0,1.03,-0.985,5.7,80.05,994.295,2,11.27777778,2,285.5555556,1,20.88644444
06/01/2025 19:00,0,0.065,0,2.3,0,1.16,-0.89,5.745,79.65,994.64,2,11.88888889,2,285,1,22.01822222
06/01/2025 20:00,0,0.235,0,1.95,0,1.06,-0.495,5.93,83.85,994.73,2,13.05555556,2,262.2222222,1,24.17888889
06/01/2025 21:00,0,0.27,0,1.97,0,1.15,-0.265,6.015,84.9,994.73,2,12.33333333,2,285,1,22.84133333
06/01/2025 22:00,0,0.42,0,2.23,0,1.475,0.185,6.215,86,994.95,2,13.5,2,267.7777778,1,25.002
06/01/2025 23:00,0,0.34,0,2.515,0,1.745,0.45,6.335,86.05,995.37,2,13.83333333,2,270,1,25.61933333
07/01/2025 00:00,0,0.295,0,2.25,0,1.605,0.565,6.36,88.5,996.325,2,13.38888889,2,302.7777778,1,24.79622222
07/01/2025 01:00,0,0.15,0,2.515,0,1.815,0.675,6.43,87.55,996.96,2,11.27777778,2,253.3333333,1,20.88644444
07/01/2025 02:00,0,0.19,0,2.67,0,1.9,0.61,6.385,86.35,997.76,2,11,2,291.6666667,1,20.372
07/01/2025 03:00,0,0.06,0,2.55,0,1.82,0.625,6.39,87.2,998.51,2,10.33333333,2,285.5555556,1,19.13733333
07/01/2025 04:00,0,0.06,0,2.415,0,1.705,0.53,6.355,87.3,999.065,2,8.944444444,2,310,1,16.56511111
07/01/2025 05:00,0,0.095,0,2.22,0,1.565,0.48,6.34,87.95,999.395,2,8.777777778,2,287.2222222,1,16.25644444
07/01/2025 06:00,0,0.105,0,2.135,0,1.45,0.28,6.23,87.35,999.77,2,7.833333333,2,280,1,14.50733333
07/01/2025 07:00,0,0.03,0,2,0,1.27,0,6.11,86.55,1000.25,2,7.5,2,267.7777778,1,13.89
07/01/2025 08:00,0,0.005,0,1.875,0,1.105,-0.24,6,85.85,1000.91,2,8.555555556,2,282.2222222,1,15.84488889
07/01/2025 09:00,0,0.095,0,1.665,0,0.97,-0.23,6.025,87.1,1001.535,2,8.111111111,2,265.5555556,1,15.02177778
07/01/2025 10:00,0,0.085,0,2,0,1.195,-0.175,6.03,85.45,1001.85,2,7.611111111,2,245,1,14.09577778
07/01/2025 11:00,0,0.065,0,2.905,0,1.91,0.27,6.24,82.8,1002.045,2,8.111111111,2,265,1,15.02177778
07/01/2025 12:00,0,0.125,0,3.625,0,2.405,0.41,6.295,79.35,1002.05,2,8.333333333,2,271.1111111,1,15.43333333
07/01/2025 13:00,0,0.195,0,3.895,0,2.63,0.565,6.375,78.9,1002.05,2,9.5,2,274.4444444,1,17.594
07/01/2025 14:00,0,0.025,0,4.2,0,2.845,0.715,6.425,78.05,1002.445,2,8.944444444,2,277.2222222,1,16.56511111
07/01/2025 15:00,0,0.045,0,3.87,0,2.585,0.52,6.355,78.9,1002.825,2,8.555555556,2,300.5555556,1,15.84488889
07/01/2025 16:00,0,0.045,0,3.16,0,2.095,0.345,6.275,81.7,1003.16,2,7.333333333,2,279.4444444,1,13.58133333
07/01/2025 17:00,0,0.025,0,2.445,0,1.505,-0.11,6.06,83.05,1003.46,2,6.555555556,2,282.7777778,1,12.14088889
07/01/2025 18:00,0,0.06,0,1.805,0,1.065,-0.225,6.015,86.15,1003.98,2,5.611111111,2,269.4444444,1,10.39177778
07/01/2025 19:00,0,0.01,0,1.1,0,0.475,-0.625,5.845,88.3,1004.315,2,5.333333333,2,255.5555556,1,9.877333333
07/01/2025 20:00,0,0.05,0,0.665,0,0.12,-0.835,5.765,89.45,1004.84,2,5.333333333,2,248.8888889,1,9.877333333
07/01/2025 21:00,0,0.01,0,0.485,0,-0.06,-0.985,5.7,89.75,1005.015,2,4.888888889,2,248.3333333,1,9.054222222
07/01/2025 22:00,0,0.07,0,0.115,0,-0.385,-1.255,5.595,90.35,1005.24,2,4.777777778,2,265,1,8.848444444
07/01/2025 23:00,0,0.07,0,-0.335,0,-0.73,-1.5,5.5,91.6,1005.525,2,4.166666667,2,247.2222222,1,7.716666667
08/01/2025 00:00,0,0,0,-0.61,0,-0.985,-1.665,5.43,92.15,1005.185,2,4.055555556,2,213.3333333,1,7.510888889
08/01/2025 01:00,0,0.01,0,-0.72,0,-1.09,-1.8,5.39,92.05,1005.185,2,4.166666667,2,208.8888889,1,7.716666667
08/01/2025 02:00,0,0,0,-0.995,0,-1.37,-2.08,5.275,92.2,1004.83,2,3.888888889,2,229.4444444,1,7.202222222
08/01/2025 03:00,0,0,0,-1.18,0,-1.575,-2.265,5.195,92.1,1004.365,2,3.833333333,2,176.6666667,1,7.099333333
08/01/2025 04:00,0,0.005,0,-1.48,0,-1.87,-2.625,5.05,91.65,1003.835,2,3.666666667,2,167.2222222,1,6.790666667
08/01/2025 05:00,0,0.01,0,-1.67,0,-2.095,-2.925,4.975,91.25,1003.215,2,4.333333333,2,163.3333333,1,8.025333333
08/01/2025 06:00,0,0.005,0,-1.75,0,-2.175,-3.015,4.94,91.25,1002.705,2,4.444444444,2,150.5555556,1,8.231111111
08/01/2025 07:00,0,0.05,0,-1.57,0,-1.955,-2.73,5.045,91.75,1002.41,2,4.944444444,2,147.7777778,1,9.157111111
08/01/2025 08:00,0,0.01,0,-1.555,0,-1.935,-2.73,5.065,91.7,1002.56,2,4.666666667,2,138.3333333,1,8.642666667
08/01/2025 09:00,0,0.005,0,-1.67,0,-2.065,-2.85,5.01,91.75,1002.67,2,4.333333333,2,172.2222222,1,8.025333333
08/01/2025 10:00,0,0.005,0,-1.245,0,-1.65,-2.385,5.195,92,1002.17,2,4.833333333,2,143.8888889,1,8.951333333
08/01/2025 11:00,0,0,0,-0.79,0,-1.23,-2.045,5.295,91.2,1001.95,2,5.055555556,2,167.7777778,1,9.362888889
08/01/2025 12:00,0,0.005,0,-0.16,0,-0.65,-1.48,5.515,91.1,1001.705,2,5.222222222,2,165,1,9.671555556
08/01/2025 13:00,0,0.02,0,0.33,0,-0.17,-1.07,5.675,90.6,1001.365,2,4.666666667,2,161.1111111,1,8.642666667
08/01/2025 14:00,0,0.005,0,0.88,0,0.345,-0.575,5.88,90.25,1001.045,2,4.777777778,2,178.8888889,1,8.848444444
08/01/2025 15:00,0,0.085,0,0.945,0,0.365,-0.635,5.855,89.3,1001.165,2,5.444444444,2,197.7777778,1,10.08311111
08/01/2025 16:00,0,0.005,0,0.745,0,0.175,-0.815,5.785,89.35,1001.23,2,5.333333333,2,198.8888889,1,9.877333333
08/01/2025 17:00,0,0.04,0,0.045,0,-0.46,-1.365,5.555,90.2,1001.515,2,5.277777778,2,236.6666667,1,9.774444444
08/01/2025 18:00,0,0.015,0,-0.49,0,-0.985,-1.89,5.355,90.25,1001.9,2,5.5,2,190.5555556,1,10.186
08/01/2025 19:00,0,0.01,0,-0.835,0,-1.29,-2.13,5.275,90.75,1002.375,2,4.722222222,2,217.7777778,1,8.745555556
08/01/2025 20:00,0,0,0,-1.26,0,-1.65,-2.415,5.15,91.45,1002.865,2,4.5,2,203.3333333,1,8.334
08/01/2025 21:00,0,0.09,0,-1.655,0,-2.03,-2.745,5.03,91.75,1003.41,2,4.055555556,2,265.5555556,1,7.510888889
08/01/2025 22:00,0,0.08,0,-1.775,0,-2.11,-2.77,5.035,92.65,1003.975,2,4.777777778,2,245.5555556,1,8.848444444
08/01/2025 23:00,0,0.075,0,-1.835,0,-2.19,-2.895,4.995,92.15,1004.61,2,5,2,257.2222222,1,9.26
09/01/2025 00:00,0,0.06,0,-1.925,0,-2.27,-2.97,4.98,92.15,1005.39,2,4.722222222,2,259.4444444,1,8.745555556
09/01/2025 01:00,0,0.055,0,-1.585,0,-1.975,-2.755,5.065,91.5,1005.97,2,4.944444444,2,268.3333333,1,9.157111111
09/01/2025 02:00,0,0.08,0,-1.8,0,-2.19,-2.945,5.02,91.65,1006.535,2,5.333333333,2,241.1111111,1,9.877333333
09/01/2025 03:00,0,0.105,0,-1.685,0,-2.115,-2.945,5.01,90.95,1007.21,2,5.277777778,2,266.6666667,1,9.774444444
09/01/2025 04:00,0,0.01,0,-1.47,0,-1.98,-2.93,4.995,90,1007.715,2,5.444444444,2,239.4444444,1,10.08311111
09/01/2025 05:00,0,0.035,0,-1.255,0,-1.775,-2.755,5.04,89.75,1008.15,2,5.055555556,2,271.6666667,1,9.362888889
09/01/2025 06:00,0,0.04,0,-0.96,0,-1.385,-2.22,5.225,90.95,1008.85,2,5.555555556,2,261.1111111,1,10.28888889
09/01/2025 07:00,0,0.025,0,-1.26,0,-1.65,-2.385,5.165,91.8,1009.605,2,4.222222222,2,245,1,7.819555556
09/01/2025 08:00,0,0.015,0,-1.255,0,-1.645,-2.395,5.18,91.85,1010.4,2,4.166666667,2,232.7777778,1,7.716666667
09/01/2025 09:00,0,0.005,0,-1.47,0,-1.835,-2.505,5.14,92.45,1011.46,2,3.611111111,2,213.3333333,1,6.687777778
09/01/2025 10:00,0,0,0,-0.52,0,-0.88,-1.54,5.495,92.55,1012.43,2,4.277777778,2,241.6666667,1,7.922444444
09/01/2025 11:00,0,0,0,0.665,0,0.185,-0.66,5.84,90.75,1013.195,2,4.333333333,2,212.2222222,1,8.025333333
09/01/2025 12:00,0,0.015,0,1.69,0,0.99,-0.21,6.03,87.3,1013.68,2,4.055555556,2,225.5555556,1,7.510888889
09/01/2025 13:00,0,0,0,2.425,0,1.51,-0.015,6.095,84.3,1013.985,2,4,2,222.2222222,1,7.408
09/01/2025 14:00,0,0,0,3.325,0,2.245,0.455,6.315,81.55,1014.16,2,3.722222222,2,218.3333333,1,6.893555556
09/01/2025 15:00,0,0.01,0,3.27,0,2.155,0.33,6.255,81.05,1014.58,2,3.777777778,2,201.1111111,1,6.996444444
09/01/2025 16:00,0,0,0,1.93,0,1.12,-0.26,6,85.25,1015.085,2,3.555555556,2,206.6666667,1,6.584888889
09/01/2025 17:00,0,0,0,0.385,0,-0.15,-1.165,5.63,89.35,1015.52,2,3.388888889,2,172.7777778,1,6.276222222
09/01/2025 18:00,0,0,0,-0.27,0,-0.83,-1.88,5.34,89.3,1015.88,2,3.111111111,2,145.5555556,1,5.761777778
09/01/2025 19:00,0,0,0,-0.435,0,-0.94,-1.885,5.335,90.35,1016.31,2,4.111111111,2,148.3333333,1,7.613777778
09/01/2025 20:00,0,0,0,-0.595,0,-1.13,-2.15,5.235,89.95,1016.735,2,4.611111111,2,160,1,8.539777778
09/01/2025 21:00,0,0,0,-0.895,0,-1.42,-2.35,5.165,90.35,1016.74,2,4.777777778,2,133.8888889,1,8.848444444
09/01/2025 22:00,0,0,0,-0.665,0,-1.255,-2.315,5.18,89.25,1016.275,2,6.222222222,2,110,1,11.52355556
09/01/2025 23:00,0,0,0,-0.645,0,-1.27,-2.395,5.16,88.5,1015.65,2,7,2,116.1111111,1,12.964
10/01/2025 00:00,0,0,0,-0.36,0,-1.01,-2.19,5.24,87.85,1015.31,2,7.944444444,2,97.77777778,0,14.71311111
10/01/2025 01:00,0,0.04,0,-0.635,0,-1.275,-2.39,5.17,88.35,1015.04,2,7.555555556,2,113.8888889,0,13.99288889
10/01/2025 02:00,0,0.2,0,-0.8,0,-1.375,-2.42,5.185,88.8,1014.92,2,7.611111111,2,133.8888889,0,14.09577778
10/01/2025 03:00,0,0.17,0,-0.965,0,-1.565,-2.685,5.1,88.15,1014.72,2,7.277777778,2,91.66666667,0,13.47844444
10/01/2025 04:00,0,0.18,0,-0.835,0,-1.43,-2.55,5.175,87.95,1014.585,2,7.888888889,2,141.1111111,0,14.61022222
10/01/2025 05:00,0,0.15,0,-0.685,0,-1.295,-2.43,5.245,87.9,1014.3,2,8.055555556,2,130.5555556,0,14.91888889
10/01/2025 06:00,0,0.08,0,-0.11,0,-0.755,-1.875,5.44,87.7,1014.005,2,8.944444444,2,115.5555556,0,16.56511111
10/01/2025 07:00,0,0.14,0,0.275,0,-0.325,-1.395,5.61,88.55,1014.06,2,9,2,127.7777778,0,16.668
10/01/2025 08:00,0,0.075,0,0.85,0,0.325,-0.585,5.96,89.8,1014.635,2,9.166666667,2,128.8888889,0,16.97666667
10/01/2025 09:00,0,0.16,0,1.49,0,0.89,-0.135,6.145,88.85,1015.075,2,9.5,2,113.3333333,0,17.594
10/01/2025 10:00,0,0.22,0,2.135,0,1.53,0.515,6.445,88.7,1015.435,2,10.33333333,2,126.1111111,0,19.13733333
10/01/2025 11:00,0,0.33,0,2.82,0,2.14,1.02,6.675,87.95,1015.635,2,10.5,2,104.4444444,0,19.446
10/01/2025 12:00,0,0.22,0,3.715,0,2.825,1.365,6.87,84.6,1015.555,2,11.11111111,2,102.7777778,0,20.57777778
10/01/2025 13:00,0,0.14,0,4.115,0,3.155,1.63,7.02,83.75,1015.36,2,10.83333333,2,107.2222222,0,20.06333333
10/01/2025 14:00,0,0.185,0,4.38,0,3.41,1.87,7.125,83.65,1015.12,2,10.66666667,2,112.2222222,0,19.75466667
10/01/2025 15:00,0,0.235,0,4.545,0,3.575,2.03,7.23,83.4,1015.125,2,10.33333333,2,116.1111111,0,19.13733333
10/01/2025 16:00,0,0.175,0,4.495,0,3.58,2.145,7.265,84.35,1015.515,2,10.38888889,2,98.88888889,0,19.24022222
10/01/2025 17:00,0,0.16,0,4.515,0,3.635,2.215,7.31,84.95,1015.89,2,10.16666667,2,101.1111111,0,18.82866667
10/01/2025 18:00,0,0.065,0,4.53,0,3.7,2.355,7.365,85.5,1016.505,2,9.722222222,2,102.7777778,0,18.00555556
10/01/2025 19:00,0,0.015,0,4.555,0,3.81,2.615,7.495,87.05,1016.935,2,9.833333333,2,128.8888889,0,18.21133333
10/01/2025 20:00,0,0.06,0,4.685,0,3.995,2.9,7.655,88.05,1017.28,2,9.777777778,2,112.7777778,0,18.10844444
10/01/2025 21:00,0,0.12,0,4.925,0,4.23,3.155,7.78,88.25,1017.835,2,9.388888889,2,113.8888889,0,17.38822222
10/01/2025 22:00,0,0.195,0,5.115,0,4.435,3.41,7.915,88.55,1018.315,2,8.722222222,2,120.5555556,0,16.15355556
10/01/2025 23:00,0,0.12,0,5.19,0,4.605,3.755,8.11,90.25,1018.825,2,8.5,2,130.5555556,0,15.742
11/01/2025 00:00,0,0.195,0,5.275,0,4.79,4.045,8.29,91.65,1019.38,2,8.388888889,2,132.2222222,0,15.53622222
11/01/2025 01:00,0,0.395,0,5.47,0,5.03,4.39,8.465,92.5,1019.765,2,8.222222222,2,165,0,15.22755556
11/01/2025 02:00,0,0.53,0,5.565,0,5.1,4.44,8.47,92.2,1020.14,2,8.888888889,2,172.2222222,0,16.46222222
11/01/2025 03:00,0,0.4,0,5.435,0,5.02,4.47,8.465,93.35,1020.615,2,8.111111111,2,172.7777778,0,15.02177778
11/01/2025 04:00,0,0.295,0,5.445,0,5.05,4.525,8.485,93.65,1021.1,2,7.611111111,2,172.7777778,0,14.09577778
11/01/2025 05:00,0,0.155,0,5.44,0,5.09,4.645,8.545,94.3,1021.51,2,6.888888889,2,178.8888889,0,12.75822222
11/01/2025 06:00,0,0.115,0,5.44,0,5.11,4.695,8.575,94.65,1022.285,2,6.555555556,2,173.3333333,0,12.14088889
11/01/2025 07:00,0,0.09,0,5.585,0,5.24,4.785,8.62,94.45,1023.225,2,5.722222222,2,189.4444444,0,10.59755556
11/01/2025 08:00,0,0.06,0,5.73,0,5.35,4.87,8.67,94,1024.095,2,5.5,2,202.7777778,0,10.186
11/01/2025 09:00,0,0.05,0,5.6,0,5.245,4.795,8.61,94.4,1025.02,2,4.611111111,2,165,0,8.539777778
11/01/2025 10:00,0,0.05,0,5.645,0,5.345,4.965,8.715,94.95,1025.8,2,3.777777778,2,176.6666667,0,6.996444444
11/01/2025 11:00,0,0.05,0,6.51,0,6.13,5.67,9.16,94.1,1026.655,2,3.666666667,2,198.3333333,0,6.790666667
11/01/2025 12:00,0,0.025,0,7.39,0,6.865,6.23,9.52,92.2,1027.14,2,4.111111111,2,202.7777778,0,7.613777778
11/01/2025 13:00,0,0.025,0,7.96,0,7.32,6.59,9.755,90.85,1027.305,2,4,2,199.4444444,0,7.408
11/01/2025 14:00,0,0.025,0,8.165,0,7.49,6.74,9.85,90.4,1027.68,2,4.055555556,2,210.5555556,0,7.510888889
11/01/2025 15:00,0,0.01,0,7.75,0,7.24,6.635,9.785,92.35,1028.135,2,3.777777778,2,208.3333333,0,6.996444444
11/01/2025 16:00,0,0,0,6.94,0,6.465,5.93,9.32,93.1,1028.61,2,3.277777778,2,195.5555556,0,6.070444444
11/01/2025 17:00,0,0.005,0,5.935,0,5.565,5.12,8.825,94.2,1029.195,2,3.333333333,2,189.4444444,0,6.173333333
11/01/2025 18:00,0,0.005,0,5.245,0,4.965,4.595,8.525,95.35,1029.8,2,3.055555556,2,162.2222222,0,5.658888889
11/01/2025 19:00,0,0.015,0,4.73,0,4.49,4.18,8.28,95.85,1030.635,2,3.055555556,2,155,0,5.658888889
11/01/2025 20:00,0,0,0,4.26,0,4.065,3.775,8.05,96.4,1031.145,2,3.388888889,2,155,0,6.276222222
11/01/2025 21:00,0,0.01,0,3.965,0,3.76,3.485,7.9,96.3,1031.47,2,3.555555556,2,182.7777778,0,6.584888889
11/01/2025 22:00,0,0.01,0,3.69,0,3.49,3.225,7.75,96.35,1031.705,2,4.111111111,2,155,0,7.613777778
11/01/2025 23:00,0,0.01,0,3.595,0,3.415,3.17,7.725,96.8,1031.7,2,4.388888889,2,126.1111111,0,8.128222222
12/01/2025 00:00,0,0.02,0,3.555,0,3.375,3.135,7.705,96.75,1031.615,2,4.555555556,2,143.3333333,1,8.436888889
12/01/2025 01:00,0,0.02,0,3.745,0,3.565,3.295,7.785,96.5,1031.77,2,5.277777778,2,123.8888889,1,9.774444444
12/01/2025 02:00,0,0.02,0,3.595,0,3.4,3.17,7.785,96.75,1031.69,2,5.777777778,2,124.4444444,1,10.70044444
12/01/2025 03:00,0,0.005,0,3.58,0,3.375,3.1,7.755,96.25,1031.9,2,6.333333333,2,127.7777778,1,11.72933333
12/01/2025 04:00,0,0.015,0,3.59,0,3.36,3.07,7.77,96.1,1032.005,2,6.5,2,123.8888889,1,12.038
12/01/2025 05:00,0,0.005,0,4.005,0,3.745,3.41,7.975,95.55,1032.065,2,6.777777778,2,141.6666667,1,12.55244444
12/01/2025 06:00,0,0.015,0,4.35,0,4.05,3.655,8.075,94.85,1031.84,2,7.444444444,2,137.2222222,1,13.78711111
12/01/2025 07:00,0,0.005,0,4.56,0,4.25,3.85,8.2,94.8,1031.54,2,8,2,137.7777778,1,14.816
12/01/2025 08:00,0,0.005,0,4.83,0,4.48,4.02,8.305,94.25,1031.575,2,8.722222222,2,138.3333333,1,16.15355556
12/01/2025 09:00,0,0.01,0,5.345,0,4.99,4.51,8.565,94,1031.695,2,8.944444444,2,145.5555556,1,16.56511111
12/01/2025 10:00,0,0,0,6.22,0,5.78,5.255,9.015,93.4,1031.78,2,9.555555556,2,149.4444444,1,17.69688889
12/01/2025 11:00,0,0,0,7.405,0,6.875,6.23,9.605,91.95,1031.81,2,10,2,151.6666667,1,18.52
12/01/2025 12:00,0,0.04,0,8.42,0,7.83,7.135,10.17,91.2,1031.555,2,10.5,2,148.8888889,1,19.446
12/01/2025 13:00,0,0.135,0,9.18,0,8.44,7.6,10.485,89.75,1031,2,11.44444444,2,157.2222222,1,21.19511111
12/01/2025 14:00,0,0.145,0,9.69,0,8.86,7.95,10.74,88.7,1030.52,2,12.16666667,2,156.1111111,1,22.53266667
12/01/2025 15:00,0,0.13,0,9.825,0,9.02,8.125,10.875,88.9,1029.995,2,12.66666667,2,162.7777778,1,23.45866667
12/01/2025 16:00,0,0.155,0,9.88,0,9.115,8.285,10.975,89.6,1029.7,2,12.72222222,2,160,1,23.56155556
12/01/2025 17:00,0,0.065,0,10.1,0,9.315,8.44,11.115,89.3,1029.56,2,13.11111111,2,165,1,24.28177778
12/01/2025 18:00,0,0.075,0,10.115,0,9.455,8.735,11.335,90.85,1029.61,2,13.33333333,2,168.3333333,1,24.69333333
12/01/2025 19:00,0,0.135,0,10.33,0,9.675,8.98,11.49,91.25,1029.525,2,13.66666667,2,170,1,25.31066667
12/01/2025 20:00,0,0.125,0,10.49,0,9.925,9.325,11.765,92.2,1029.48,2,13.83333333,2,173.3333333,1,25.61933333
12/01/2025 21:00,0,0.145,0,10.56,0,10.02,9.46,11.88,92.65,1029.28,2,14.38888889,2,173.8888889,1,26.64822222
12/01/2025 22:00,0,0.1,0,10.72,0,10.16,9.55,11.945,92.15,1029.185,2,14,2,177.2222222,1,25.928
12/01/2025 23:00,0,0.115,0,10.915,0,10.29,9.635,11.995,91.55,1028.98,2,14.33333333,2,179.4444444,1,26.54533333
13/01/2025 00:00,0,0.08,0,11.025,0,10.41,9.795,12.125,91.9,1028.705,2,14.5,2,182.2222222,1,26.854
13/01/2025 01:00,0,0.16,0,11.135,0,10.49,9.85,12.17,91.55,1028.16,2,14.27777778,2,180,1,26.44244444
13/01/2025 02:00,0,0.09,0,11.165,0,10.54,9.94,12.235,91.9,1027.705,2,14.33333333,2,182.7777778,1,26.54533333
13/01/2025 03:00,0,0.115,0,11.28,0,10.6,9.915,12.23,91.2,1027.285,2,14.72222222,2,185,1,27.26555556
13/01/2025 04:00,0,0.095,0,11.29,0,10.595,9.91,12.21,91.1,1027.145,2,14.44444444,2,186.6666667,1,26.75111111
13/01/2025 05:00,0,0.07,0,11.37,0,10.675,9.985,12.285,91.05,1026.97,2,14.77777778,2,186.1111111,1,27.36844444
13/01/2025 06:00,0,0.125,0,11.375,0,10.74,10.135,12.4,91.75,1026.905,2,14.66666667,2,187.7777778,1,27.16266667
13/01/2025 07:00,0,0.205,0,11.335,0,10.77,10.22,12.48,92.6,1026.82,2,14.11111111,2,186.6666667,1,26.13377778
13/01/2025 08:00,0,0.19,0,11.4,0,10.845,10.32,12.565,92.95,1026.795,2,13.72222222,2,188.8888889,1,25.41355556
13/01/2025 09:00,0,0.365,0,11.39,0,10.93,10.48,12.685,93.9,1027.14,2,14.27777778,2,192.2222222,1,26.44244444
13/01/2025 10:00,0,0.41,0,11.38,0,10.965,10.55,12.75,94.25,1027.335,2,14.11111111,2,191.1111111,1,26.13377778
13/01/2025 11:00,0,0.19,0,11.61,0,11.15,10.735,12.91,94.1,1027.575,2,14.05555556,2,192.7777778,1,26.03088889
13/01/2025 12:00,0,0.18,0,11.7,0,11.26,10.845,13.01,94.05,1027.465,2,14.44444444,2,195.5555556,1,26.75111111
13/01/2025 13:00,0,0.105,0,11.75,0,11.34,10.91,13.055,94.3,1027.265,2,14.22222222,2,196.6666667,1,26.33955556
13/01/2025 14:00,0,0.19,0,11.865,0,11.395,10.955,13.1,93.95,1027.065,2,13.5,2,203.3333333,1,25.002
13/01/2025 15:00,0,0.21,0,11.755,0,11.36,10.99,13.11,94.65,1027.14,2,12.27777778,2,201.6666667,1,22.73844444
13/01/2025 16:00,0,0.14,0,11.64,0,11.255,10.865,13.035,94.6,1027.26,2,11.16666667,2,199.4444444,1,20.68066667
13/01/2025 17:00,0,0.14,0,11.5,0,11.145,10.8,12.965,95.25,1027.465,2,10.77777778,2,200,1,19.96044444
13/01/2025 18:00,0,0.16,0,11.45,0,11.085,10.735,12.905,95.05,1027.7,2,10.38888889,2,199.4444444,1,19.24022222
13/01/2025 19:00,0,0.17,0,11.33,0,10.985,10.68,12.865,95.35,1027.965,2,10.16666667,2,200.5555556,1,18.82866667
13/01/2025 20:00,0,0.1,0,11.315,0,10.985,10.655,12.835,95.3,1028.225,2,10,2,201.1111111,1,18.52
13/01/2025 21:00,0,0.22,0,11.24,0,10.91,10.62,12.795,95.75,1028.57,2,9.5,2,203.3333333,1,17.594
13/01/2025 22:00,0,0.09,0,11.16,0,10.81,10.48,12.685,95.2,1028.885,2,9.166666667,2,205.5555556,1,16.97666667
13/01/2025 23:00,0,0.105,0,11.065,0,10.75,10.435,12.665,95.5,1028.98,2,9.222222222,2,210,1,17.07955556
14/01/2025 00:00,0,0.11,0,11.01,0,10.705,10.4,12.625,95.7,1029.06,2,8.833333333,2,211.6666667,1,16.35933333
14/01/2025 01:00,0,0.095,0,10.97,0,10.68,10.42,12.645,96,1029.005,2,8.555555556,2,206.1111111,1,15.84488889
14/01/2025 02:00,0,0.04,0,10.87,0,10.59,10.335,12.56,96.1,1029.15,2,8.833333333,2,213.3333333,1,16.35933333
14/01/2025 03:00,0,0.05,0,10.74,0,10.51,10.27,12.53,96.6,1029.47,2,7.666666667,2,213.3333333,1,14.19866667
14/01/2025 04:00,0,0.045,0,10.635,0,10.405,10.16,12.43,96.5,1029.55,2,7.5,2,216.1111111,1,13.89
14/01/2025 05:00,0,0.05,0,10.475,0,10.275,10.04,12.33,96.8,1029.5,2,6.611111111,2,213.8888889,1,12.24377778
14/01/2025 06:00,0,0.04,0,10.35,0,10.165,9.97,12.275,97.15,1029.49,2,6.722222222,2,208.8888889,1,12.44955556
14/01/2025 07:00,0,0.045,0,10.36,0,10.205,10.02,12.32,97.25,1029.8,2,6.5,2,208.8888889,1,12.038
14/01/2025 08:00,0,0.04,0,10.35,0,10.2,10.05,12.34,97.45,1030.125,2,6.666666667,2,194.4444444,1,12.34666667
14/01/2025 09:00,0,0.03,0,10.405,0,10.255,10.09,12.385,97.5,1030.655,2,6.5,2,193.3333333,1,12.038
14/01/2025 10:00,0,0.04,0,10.68,0,10.535,10.355,12.61,97.45,1031.195,2,6.555555556,2,190.5555556,1,12.14088889
14/01/2025 11:00,0,0.035,0,11.225,0,10.985,10.75,12.935,96.6,1031.475,2,6.777777778,2,186.6666667,1,12.55244444
14/01/2025 12:00,0,0.015,0,11.51,0,11.175,10.84,13.02,95.45,1031.375,2,7.222222222,2,186.1111111,1,13.37555556
14/01/2025 13:00,0,0.03,0,11.77,0,11.36,10.965,13.105,94.6,1031.02,2,7.388888889,2,193.3333333,1,13.68422222
14/01/2025 14:00,0,0.015,0,11.79,0,11.375,10.975,13.115,94.55,1030.595,2,8.277777778,2,200,1,15.33044444
14/01/2025 15:00,0,0.01,0,11.755,0,11.33,10.925,13.085,94.45,1030.36,2,8.555555556,2,196.1111111,1,15.84488889
14/01/2025 16:00,0,0.02,0,11.52,0,11.165,10.82,12.99,95.2,1030.475,2,8.277777778,2,196.6666667,1,15.33044444
14/01/2025 17:00,0,0.015,0,11.4,0,11.07,10.77,12.935,95.65,1030.625,2,8.166666667,2,197.7777778,1,15.12466667
14/01/2025 18:00,0,0.015,0,11.345,0,10.985,10.675,12.835,95.25,1030.845,2,8.277777778,2,197.2222222,1,15.33044444
14/01/2025 19:00,0,0.035,0,11.28,0,10.94,10.61,12.795,95.35,1031.01,2,8.111111111,2,189.4444444,1,15.02177778
14/01/2025 20:00,0,0.02,0,11.16,0,10.815,10.48,12.695,95.3,1031.06,2,8.555555556,2,188.3333333,1,15.84488889
14/01/2025 21:00,0,0.005,0,10.99,0,10.595,10.205,12.465,94.5,1031.005,2,8.388888889,2,186.1111111,1,15.53622222
14/01/2025 22:00,0,0,0,10.77,0,10.34,9.92,12.235,94.25,1031,2,8.5,2,187.7777778,1,15.742
14/01/2025 23:00,0,0.015,0,10.64,0,10.155,9.675,12.025,93.5,1030.64,2,8.222222222,2,181.6666667,1,15.22755556
15/01/2025 00:00,0,0.005,0,10.275,0,9.73,9.16,11.62,92.5,1030.685,2,8.611111111,2,178.8888889,1,15.94777778
15/01/2025 01:00,0,0.01,0,9.605,0,9.075,8.51,11.13,92.6,1030.605,2,8.722222222,2,177.7777778,1,16.15355556
15/01/2025 02:00,0,0,0,9.025,0,8.48,7.9,10.695,92.3,1030.435,2,8.277777778,2,177.7777778,1,15.33044444
15/01/2025 03:00,0,0.01,0,8.395,0,7.875,7.275,10.245,92.35,1030.42,2,7.611111111,2,183.8888889,1,14.09577778
15/01/2025 04:00,0,0,0,7.855,0,7.265,6.59,9.805,91.45,1030.205,2,7.444444444,2,179.4444444,1,13.78711111
15/01/2025 05:00,0,0.005,0,7.385,0,6.795,6.065,9.465,91.2,1029.985,2,7.444444444,2,173.3333333,1,13.78711111
15/01/2025 06:00,0,0.015,0,6.855,0,6.27,5.525,9.13,91.15,1029.825,2,7.222222222,2,181.1111111,1,13.37555556
15/01/2025 07:00,0,0.015,0,6.775,0,5.94,4.89,8.725,87.8,1029.62,2,7.333333333,2,169.4444444,1,13.58133333
15/01/2025 08:00,0,0,0,6.64,0,5.71,4.475,8.485,86.25,1029.545,2,8.333333333,2,168.8888889,1,15.43333333
15/01/2025 09:00,0,0.015,0,6.62,0,5.68,4.425,8.495,86.2,1029.775,2,8.277777778,2,171.1111111,1,15.33044444
15/01/2025 10:00,0,0.005,0,7.685,0,6.395,4.645,8.63,81.55,1030.105,2,7.888888889,2,171.1111111,1,14.61022222
15/01/2025 11:00,0,0.005,0,9.055,0,7.415,5.285,9.035,77.9,1030.28,2,9,2,172.2222222,1,16.668
15/01/2025 12:00,0,0,0,10.08,0,8.135,5.755,9.325,75.05,1030.005,2,10.5,2,184.4444444,1,19.446
15/01/2025 13:00,0,0,0,10.62,0,8.41,5.635,9.305,72.6,1029.675,2,10.77777778,2,187.7777778,1,19.96044444
15/01/2025 14:00,0,0,0,10.895,0,8.64,5.84,9.415,71.95,1029.265,2,10.44444444,2,183.8888889,1,19.34311111
15/01/2025 15:00,0,0,0,10.535,0,8.51,6.03,9.52,74.45,1029.205,2,10.27777778,2,185,1,19.03444444
15/01/2025 16:00,0,0,0,9.84,0,8.09,5.92,9.42,76.95,1029.5,2,8.611111111,2,182.2222222,1,15.94777778
15/01/2025 17:00,0,0,0,8.925,0,7.55,5.835,9.335,81.1,1029.705,2,8.166666667,2,178.3333333,1,15.12466667
15/01/2025 18:00,0,0,0,8.475,0,7.24,5.585,9.23,82.6,1029.86,2,8.166666667,2,171.6666667,1,15.12466667
15/01/2025 19:00,0,0,0,8.36,0,7.29,5.92,9.41,85.1,1029.84,2,8.333333333,2,166.6666667,1,15.43333333
15/01/2025 20:00,0,0,0,8.155,0,7.17,5.87,9.385,85.8,1029.88,2,8.944444444,2,170.5555556,1,16.56511111
15/01/2025 21:00,0,0,0,7.885,0,6.99,5.875,9.34,87.2,1029.795,2,8.5,2,172.2222222,1,15.742
15/01/2025 22:00,0,0.005,0,7.7,0,6.85,5.81,9.285,87.85,1029.575,2,8.444444444,2,173.8888889,1,15.63911111
15/01/2025 23:00,0,0,0,7.62,0,6.76,5.67,9.235,87.75,1029.395,2,8.388888889,2,175,1,15.53622222
16/01/2025 00:00,0,0.01,0,7.455,0,6.645,5.595,9.175,88.15,1029.35,2,7.611111111,2,163.3333333,1,14.09577778
16/01/2025 01:00,0,0,0,7.31,0,6.575,5.66,9.195,89.15,1028.775,2,8.166666667,2,169.4444444,1,15.12466667
16/01/2025 02:00,0,0.02,0,7.215,0,6.46,5.46,9.09,88.6,1028.365,2,8,2,162.7777778,1,14.816
16/01/2025 03:00,0,0.01,0,7.265,0,6.525,5.555,9.15,88.85,1028.125,2,8.333333333,2,161.6666667,1,15.43333333
16/01/2025 04:00,0,0,0,7.29,0,6.585,5.705,9.245,89.5,1027.965,2,7.944444444,2,164.4444444,1,14.71311111
16/01/2025 05:00,0,0.015,0,7.43,0,6.715,5.82,9.295,89.4,1027.83,2,8.611111111,2,172.2222222,1,15.94777778
16/01/2025 06:00,0,0,0,7.5,0,6.775,5.925,9.365,89.4,1027.625,2,8.5,2,165.5555556,1,15.742
16/01/2025 07:00,0,0.02,0,7.785,0,6.995,6.06,9.43,88.8,1027.57,2,8.777777778,2,166.1111111,1,16.25644444
16/01/2025 08:00,0,0,0,7.935,0,7.115,6.135,9.48,88.1,1027.515,2,9.277777778,2,172.2222222,1,17.18244444
16/01/2025 09:00,0,0,0,8.14,0,7.215,6.165,9.495,87.2,1027.495,2,9.277777778,2,166.6666667,1,17.18244444
16/01/2025 10:00,0,0.005,0,8.72,0,7.65,6.395,9.635,85.15,1027.425,2,10.16666667,2,167.7777778,1,18.82866667
16/01/2025 11:00,0,0,0,9.57,0,8.25,6.75,9.86,82.1,1027.47,2,10.61111111,2,165.5555556,1,19.65177778
16/01/2025 12:00,0,0,0,10.01,0,8.54,6.855,9.955,80.45,1027.01,2,11.5,2,173.3333333,1,21.298
16/01/2025 13:00,0,0,0,10.305,0,8.71,6.895,9.955,79.1,1026.435,2,11.44444444,2,177.2222222,1,21.19511111
16/01/2025 14:00,0,0,0,10.41,0,8.755,6.93,9.985,78.75,1025.985,2,11.77777778,2,177.7777778,1,21.81244444
16/01/2025 15:00,0,0.005,0,10.255,0,8.65,6.855,9.945,79.1,1025.82,2,12.61111111,2,182.2222222,1,23.35577778
16/01/2025 16:00,0,0,0,9.955,0,8.495,6.825,9.91,80.55,1025.685,2,11.77777778,2,183.3333333,1,21.81244444
16/01/2025 17:00,0,0,0,9.585,0,8.245,6.735,9.855,82.05,1025.59,2,11.27777778,2,176.1111111,1,20.88644444
16/01/2025 18:00,0,0,0,9.405,0,8.12,6.64,9.78,82.5,1025.42,2,11.44444444,2,180.5555556,1,21.19511111
16/01/2025 19:00,0,0,0,9.275,0,8.035,6.615,9.785,83.15,1025.09,2,11.77777778,2,170,1,21.81244444
16/01/2025 20:00,0,0,0,9.29,0,8,6.53,9.725,82.45,1024.915,2,12.38888889,2,175,1,22.94422222
16/01/2025 21:00,0,0,0,9.33,0,8.09,6.665,9.815,83.15,1025.05,2,12.83333333,2,176.6666667,1,23.76733333
16/01/2025 22:00,0,0,0,9.4,0,8.15,6.715,9.85,82.85,1025.47,2,14.16666667,2,179.4444444,1,26.23666667
16/01/2025 23:00,0,0,0,9.46,0,8.225,6.835,9.945,83.35,1025.65,2,13.16666667,2,182.2222222,1,24.38466667
17/01/2025 00:00,0,0,0,9.455,0,8.26,6.89,9.99,83.8,1025.705,2,13,2,183.3333333,0,24.076
17/01/2025 01:00,0,0,0,9.425,0,8.265,6.985,10.045,84.45,1025.695,2,13.61111111,2,181.6666667,0,25.20777778
17/01/2025 02:00,0,0.005,0,9.355,0,8.245,6.995,10.075,85.2,1025.815,2,13.38888889,2,183.8888889,0,24.79622222
17/01/2025 03:00,0,0,0,9.53,0,8.485,7.305,10.275,85.75,1026.035,2,12.33333333,2,183.3333333,0,22.84133333
17/01/2025 04:00,0,0,0,9.55,0,8.53,7.41,10.35,86.15,1026.33,2,11.66666667,2,182.2222222,0,21.60666667
17/01/2025 05:00,0,0.025,0,9.58,0,8.57,7.42,10.365,86,1026.69,2,10.88888889,2,180,0,20.16622222
17/01/2025 06:00,0,0.025,0,9.545,0,8.5,7.335,10.3,85.85,1026.905,2,9.944444444,2,173.3333333,0,18.41711111
17/01/2025 07:00,0,0.07,0,9.505,0,8.42,7.185,10.2,85.15,1027.025,2,9.666666667,2,173.8888889,0,17.90266667
17/01/2025 08:00,0,0.01,0,9.385,0,8.285,7.05,10.11,85.05,1027.205,2,9.555555556,2,167.2222222,0,17.69688889
17/01/2025 09:00,0,0,0,9.535,0,8.41,7.135,10.135,84.55,1027.7,2,10.38888889,2,173.3333333,0,19.24022222
17/01/2025 10:00,0,0.005,0,9.915,0,8.635,7.23,10.21,83.15,1028.115,2,10.88888889,2,176.1111111,0,20.16622222
17/01/2025 11:00,0,0,0,10.4,0,8.925,7.27,10.24,80.65,1028.345,2,11.66666667,2,171.6666667,0,21.60666667
17/01/2025 12:00,0,0,0,10.675,0,9.055,7.275,10.23,78.9,1028.165,2,11.77777778,2,170.5555556,0,21.81244444
17/01/2025 13:00,0,0,0,11.075,0,9.255,7.28,10.215,77.1,1027.8,2,12.22222222,2,176.1111111,0,22.63555556
17/01/2025 14:00,0,0,0,11.02,0,9.13,7.065,10.09,76.35,1027.465,2,11.72222222,2,177.2222222,0,21.70955556
17/01/2025 15:00,0,0,0,10.785,0,9.01,7.05,10.065,77.35,1027.175,2,11.05555556,2,180,0,20.47488889
17/01/2025 16:00,0,0,0,10.26,0,8.64,6.82,9.9,78.9,1027.16,2,10.83333333,2,178.8888889,0,20.06333333
17/01/2025 17:00,0,0,0,9.535,0,8.14,6.54,9.71,81.15,1027.24,2,10.38888889,2,172.2222222,0,19.24022222
17/01/2025 18:00,0,0,0,9.35,0,7.96,6.31,9.56,80.95,1027.37,2,11.05555556,2,172.7777778,0,20.47488889
17/01/2025 19:00,0,0,0,9.2,0,7.865,6.305,9.55,81.75,1027.195,2,10.88888889,2,164.4444444,0,20.16622222
17/01/2025 20:00,0,0,0,9.3,0,7.915,6.295,9.555,81.05,1026.975,2,11.72222222,2,165.5555556,0,21.70955556
17/01/2025 21:00,0,0,0,9.29,0,7.855,6.165,9.47,80.45,1026.765,2,12.27777778,2,166.1111111,0,22.73844444
17/01/2025 22:00,0,0,0,9.135,0,7.65,5.875,9.285,79.65,1026.485,2,12.77777778,2,168.8888889,0,23.66444444
17/01/2025 23:00,0,0,0,9.05,0,7.53,5.715,9.175,79.3,1026.405,2,12.27777778,2,166.6666667,0,22.73844444
18/01/2025 00:00,0,0,0,8.73,0,7.25,5.45,9.02,79.45,1026.185,2,12.27777778,2,167.7777778,0,22.73844444
18/01/2025 01:00,0,0.005,0,8.465,0,6.95,5.105,8.81,79.2,1025.485,2,12.83333333,2,168.3333333,0,23.76733333
18/01/2025 02:00,0,0,0,8.27,0,6.725,4.78,8.615,78.35,1024.905,2,12.66666667,2,169.4444444,0,23.45866667
18/01/2025 03:00,0,0,0,8.11,0,6.535,4.555,8.485,77.95,1024.38,2,11.61111111,2,162.7777778,0,21.50377778
18/01/2025 04:00,0,0,0,7.955,0,6.435,4.46,8.43,78.25,1023.93,2,10.83333333,2,157.7777778,0,20.06333333
18/01/2025 05:00,0,0,0,7.995,0,6.45,4.47,8.445,78.2,1023.495,2,10.94444444,2,159.4444444,0,20.26911111
18/01/2025 06:00,0,0,0,8.135,0,6.605,4.69,8.6,78.6,1023.17,2,11.16666667,2,156.6666667,0,20.68066667
18/01/2025 07:00,0,0,0,8.29,0,6.74,4.82,8.66,78.5,1022.95,2,11.11111111,2,160.5555556,0,20.57777778
18/01/2025 08:00,0,0,0,8.39,0,6.835,4.93,8.735,78.65,1022.83,2,11.44444444,2,160,0,21.19511111
18/01/2025 09:00,0,0,0,8.56,0,7.025,5.145,8.885,79.05,1022.8,2,11.27777778,2,165.5555556,0,20.88644444
18/01/2025 10:00,0,0,0,9.04,0,7.435,5.505,9.08,78.25,1022.78,2,11.05555556,2,165,0,20.47488889
18/01/2025 11:00,0,0,0,9.74,0,7.97,5.88,9.29,76.6,1022.585,2,10.94444444,2,165,0,20.26911111
18/01/2025 12:00,0,0,0,10.345,0,8.385,6.105,9.445,74.75,1022.04,2,12,2,163.8888889,0,22.224
18/01/2025 13:00,0,0,0,10.795,0,8.66,6.245,9.53,73.2,1021.245,2,12.77777778,2,169.4444444,0,23.66444444
18/01/2025 14:00,0,0,0,10.79,0,8.695,6.295,9.55,73.45,1020.55,2,13.05555556,2,167.2222222,0,24.17888889
18/01/2025 15:00,0,0,0,10.73,0,8.65,6.255,9.555,73.6,1019.94,2,12.16666667,2,166.6666667,0,22.53266667
18/01/2025 16:00,0,0,0,10.265,0,8.365,6.145,9.47,75.4,1019.46,2,11.94444444,2,162.2222222,0,22.12111111
18/01/2025 17:00,0,0,0,9.465,0,7.865,5.93,9.33,78.3,1019.285,2,10.72222222,2,157.7777778,0,19.85755556
18/01/2025 18:00,0,0,0,8.94,0,7.535,5.845,9.28,80.5,1019.36,2,10.11111111,2,146.1111111,0,18.72577778
18/01/2025 19:00,0,0,0,8.785,0,7.455,5.85,9.3,81.55,1019.305,2,10.05555556,2,148.3333333,0,18.62288889
18/01/2025 20:00,0,0,0,8.71,0,7.44,5.935,9.36,82.35,1019.105,2,9.722222222,2,145,0,18.00555556
18/01/2025 21:00,0,0,0,8.755,0,7.5,6.005,9.405,82.4,1018.865,2,10.33333333,2,146.1111111,0,19.13733333
18/01/2025 22:00,0,0,0,8.67,0,7.47,6.055,9.44,83.45,1018.505,2,10.66666667,2,143.8888889,0,19.75466667
18/01/2025 23:00,0,0,0,8.635,0,7.485,6.09,9.47,83.9,1018.185,2,11.16666667,2,145.5555556,0,20.68066667
19/01/2025 00:00,0,0,0,8.345,0,7.27,5.97,9.395,84.7,1017.745,2,10.44444444,2,147.2222222,1,19.34311111
19/01/2025 01:00,0,0,0,8.2,0,7.19,6.01,9.415,85.7,1017.105,2,9.722222222,2,144.4444444,1,18.00555556
19/01/2025 02:00,0,0,0,8.14,0,7.165,6.025,9.415,86.25,1016.525,2,9.666666667,2,141.1111111,1,17.90266667
19/01/2025 03:00,0,0,0,7.895,0,7.03,5.965,9.395,87.35,1016.16,2,9.333333333,2,140,1,17.28533333
19/01/2025 04:00,0,0,0,7.895,0,7.02,5.975,9.4,87.2,1015.715,2,9,2,138.8888889,1,16.668
19/01/2025 05:00,0,0.005,0,7.735,0,6.94,5.995,9.415,88.45,1015.32,2,8.888888889,2,139.4444444,1,16.46222222
19/01/2025 06:00,0,0.01,0,7.825,0,7,5.985,9.395,87.8,1014.99,2,9.333333333,2,143.3333333,1,17.28533333
19/01/2025 07:00,0,0.01,0,7.725,0,6.955,5.985,9.415,88.3,1014.85,2,9.444444444,2,141.6666667,1,17.49111111
19/01/2025 08:00,0,0.07,0,7.645,0,6.87,5.93,9.355,88.6,1014.685,2,9.055555556,2,138.3333333,1,16.77088889
19/01/2025 09:00,0,0.035,0,7.725,0,6.92,5.94,9.37,88.2,1014.745,2,9.111111111,2,142.7777778,1,16.87377778
19/01/2025 10:00,0,0.03,0,8.045,0,7.165,6.085,9.465,87.05,1014.765,2,8.833333333,2,142.2222222,1,16.35933333
19/01/2025 11:00,0,0.07,0,8.48,0,7.505,6.325,9.62,85.9,1014.83,2,8.944444444,2,144.4444444,1,16.56511111
19/01/2025 12:00,0,0.03,0,8.78,0,7.725,6.445,9.695,85,1014.45,2,8.666666667,2,151.6666667,1,16.05066667
19/01/2025 13:00,0,0.07,0,8.885,0,7.88,6.685,9.855,85.95,1013.91,2,8.666666667,2,151.6666667,1,16.05066667
19/01/2025 14:00,0,0.06,0,8.985,0,7.975,6.78,9.92,85.75,1013.51,2,8.333333333,2,152.2222222,1,15.43333333
19/01/2025 15:00,0,0.17,0,8.965,0,8.03,6.94,10.03,86.9,1013.235,2,7.666666667,2,151.1111111,1,14.19866667
19/01/2025 16:00,0,0.095,0,8.785,0,7.95,6.96,10.055,88.2,1013.345,2,7.888888889,2,153.3333333,1,14.61022222
19/01/2025 17:00,0,0.05,0,8.66,0,7.905,7,10.055,89.15,1013.545,2,7.444444444,2,152.7777778,1,13.78711111
19/01/2025 18:00,0,0.03,0,8.67,0,7.965,7.14,10.155,89.8,1014.025,2,6.944444444,2,157.2222222,1,12.86111111
19/01/2025 19:00,0,0.03,0,8.515,0,7.925,7.235,10.22,91.25,1014.245,2,6.444444444,2,161.1111111,1,11.93511111
19/01/2025 20:00,0,0.035,0,8.45,0,7.895,7.275,10.215,91.8,1014.52,2,6.277777778,2,167.7777778,1,11.62644444
19/01/2025 21:00,0,0.06,0,8.49,0,8.01,7.475,10.38,92.95,1014.555,2,6.166666667,2,165,1,11.42066667
19/01/2025 22:00,0,0.025,0,8.455,0,8.03,7.535,10.395,93.5,1014.615,2,5.5,2,163.8888889,1,10.186
19/01/2025 23:00,0,0.025,0,8.395,0,8.015,7.555,10.435,94.1,1014.725,2,5.111111111,2,165,1,9.465777778
20/01/2025 00:00,0,0.03,0,8.325,0,7.935,7.535,10.39,94.55,1014.76,2,4.888888889,2,163.8888889,1,9.054222222
20/01/2025 01:00,0,0.035,0,8.29,0,7.945,7.555,10.41,94.8,1014.64,2,4.5,2,175.5555556,1,8.334
20/01/2025 02:00,0,0.07,0,8.21,0,7.925,7.565,10.435,95.4,1014.605,2,4.222222222,2,165.5555556,1,7.819555556
20/01/2025 03:00,0,0.055,0,8.035,0,7.76,7.44,10.345,95.65,1014.745,2,3.666666667,2,175.5555556,1,6.790666667
20/01/2025 04:00,0,0.035,0,7.94,0,7.685,7.36,10.3,95.85,1014.71,2,3.444444444,2,176.6666667,1,6.379111111
20/01/2025 05:00,0,0.04,0,7.865,0,7.62,7.34,10.26,96.05,1014.725,2,3.333333333,2,170.5555556,1,6.173333333
20/01/2025 06:00,0,0.03,0,7.805,0,7.555,7.26,10.22,95.95,1014.885,2,3.222222222,2,163.3333333,1,5.967555556
20/01/2025 07:00,0,0.03,0,7.57,0,7.335,7.04,10.07,96.15,1014.995,2,3.055555556,2,169.4444444,1,5.658888889
20/01/2025 08:00,0,0.055,0,7.195,0,6.975,6.685,9.84,96.15,1015.145,2,2.833333333,2,176.1111111,1,5.247333333
20/01/2025 09:00,0,0.04,0,7.195,0,6.965,6.7,9.845,96.6,1015.355,2,3.333333333,2,167.2222222,1,6.173333333
20/01/2025 10:00,0,0.025,0,7.555,0,7.325,7.07,10.105,96.45,1015.64,2,3.111111111,2,142.2222222,1,5.761777778
20/01/2025 11:00,0,0.015,0,8.175,0,7.895,7.57,10.45,95.7,1015.865,2,3.277777778,2,194.4444444,1,6.070444444
20/01/2025 12:00,0,0.005,0,8.6,0,8.17,7.695,10.525,93.7,1015.375,2,3.277777778,2,203.3333333,1,6.070444444
20/01/2025 13:00,0,0,0,8.86,0,8.355,7.785,10.58,92.6,1014.915,2,3.5,2,202.7777778,1,6.482
20/01/2025 14:00,0,0,0,9.05,0,8.4,7.68,10.52,91,1014.4,2,3.722222222,2,226.1111111,1,6.893555556
20/01/2025 15:00,0,0,0,8.93,0,8.26,7.53,10.4,90.6,1013.965,2,3.944444444,2,195,1,7.305111111
20/01/2025 16:00,0,0.02,0,8.605,0,8.005,7.315,10.26,91.2,1013.785,2,3.444444444,2,172.2222222,1,6.379111111
20/01/2025 17:00,0,0.125,0,7.965,0,7.51,6.98,10.025,93.15,1013.815,2,4,2,180.5555556,1,7.408
20/01/2025 18:00,0,0.06,0,7.42,0,7.035,6.565,9.76,94.15,1013.865,2,3.833333333,2,183.8888889,1,7.099333333
20/01/2025 19:00,0,0.08,0,7.045,0,6.69,6.28,9.565,94.45,1013.79,2,3.5,2,171.1111111,1,6.482
20/01/2025 20:00,0,0.06,0,7.315,0,7,6.595,9.775,94.9,1013.82,2,4,2,176.6666667,1,7.408
20/01/2025 21:00,0,0.2,0,7.15,0,6.84,6.46,9.685,95.15,1013.71,2,4.555555556,2,180,1,8.436888889
20/01/2025 22:00,0,0.09,0,7.14,0,6.825,6.44,9.67,95,1013.455,2,3.888888889,2,188.8888889,1,7.202222222
20/01/2025 23:00,0,0.05,0,6.955,0,6.665,6.295,9.58,95.3,1013.135,2,4.388888889,2,197.7777778,1,8.128222222
21/01/2025 00:00,0,0.03,0,6.865,0,6.58,6.24,9.555,95.55,1012.79,2,4.388888889,2,210,1,8.128222222
21/01/2025 01:00,0,0.06,0,6.635,0,6.36,5.995,9.395,95.35,1012.515,2,4.944444444,2,193.3333333,1,9.157111111
21/01/2025 02:00,0,0.47,0,6.5,0,6.23,5.855,9.31,95.55,1012.155,2,4.444444444,2,211.6666667,1,8.231111111
21/01/2025 03:00,0,0.265,0,6.3,0,6.045,5.725,9.215,95.8,1011.9,2,4.055555556,2,212.7777778,1,7.510888889
21/01/2025 04:00,0,0.14,0,6.295,0,6.02,5.645,9.165,95.35,1011.555,2,4.388888889,2,213.3333333,1,8.128222222
21/01/2025 05:00,0,0.035,0,6.01,0,5.68,5.275,8.93,94.65,1011.32,2,4.111111111,2,220.5555556,1,7.613777778
21/01/2025 06:00,0,0.045,0,5.825,0,5.505,5.075,8.805,94.65,1011.16,2,4,2,221.6666667,1,7.408
21/01/2025 07:00,0,0.11,0,5.52,0,5.175,4.725,8.605,94.6,1011.005,2,3.944444444,2,210.5555556,1,7.305111111
21/01/2025 08:00,0,0.06,0,5.41,0,5.105,4.675,8.58,94.8,1011.055,2,3.833333333,2,203.3333333,1,7.099333333
21/01/2025 09:00,0,0.055,0,5.375,0,5.105,4.705,8.6,95.3,1011.09,2,4.111111111,2,230,1,7.613777778
21/01/2025 10:00,0,0.065,0,5.54,0,5.21,4.795,8.64,94.75,1011.01,2,4.611111111,2,203.8888889,1,8.539777778
21/01/2025 11:00,0,0.06,0,6.305,0,5.93,5.42,9,93.85,1010.795,2,4.722222222,2,204.4444444,1,8.745555556
21/01/2025 12:00,0,0.105,0,7.005,0,6.5,5.865,9.28,92.15,1010.34,2,5.666666667,2,232.2222222,1,10.49466667
21/01/2025 13:00,0,0.005,0,7.47,0,6.745,5.83,9.27,89.15,1009.76,2,5.777777778,2,227.2222222,1,10.70044444
21/01/2025 14:00,0,0.01,0,7.99,0,7,5.775,9.23,85.45,1009.05,2,5.833333333,2,252.2222222,1,10.80333333
21/01/2025 15:00,0,0.04,0,8.055,0,6.92,5.52,9.065,83.85,1008.5,2,6.111111111,2,255,1,11.31777778
21/01/2025 16:00,0,0.075,0,7.655,0,6.65,5.38,8.975,85.35,1008.295,2,5.166666667,2,237.7777778,1,9.568666667
21/01/2025 17:00,0,0.055,0,6.6,0,5.94,5.09,8.8,89.7,1008.265,2,4.611111111,2,235,1,8.539777778
21/01/2025 18:00,0,0.025,0,5.95,0,5.455,4.825,8.62,92.05,1008.275,2,3.555555556,2,251.6666667,1,6.584888889
21/01/2025 19:00,0,0.06,0,5.51,0,5.115,4.62,8.505,93.65,1008.25,2,3.277777778,2,206.1111111,1,6.070444444
21/01/2025 20:00,0,0.02,0,4.91,0,4.61,4.185,8.265,94.8,1008.09,2,3,2,216.6666667,1,5.556
21/01/2025 21:00,0,0.01,0,4.66,0,4.39,4.005,8.155,95.1,1007.88,2,2.944444444,2,222.2222222,1,5.453111111
21/01/2025 22:00,0,0.03,0,4.675,0,4.395,4.03,8.17,95.1,1007.675,2,3.222222222,2,200,1,5.967555556
21/01/2025 23:00,0,0.075,0,4.445,0,4.2,3.86,8.08,95.7,1007.455,2,2.444444444,2,183.3333333,1,4.527111111
22/01/2025 00:00,0,0.02,0,4.31,0,4.095,3.78,8.04,96.1,1007.32,2,2.444444444,2,184.4444444,1,4.527111111
22/01/2025 01:00,0,0.015,0,4.195,0,4.025,3.745,8.025,96.4,1006.945,2,2.666666667,2,199.4444444,1,4.938666667
22/01/2025 02:00,0,0.045,0,4.115,0,3.9,3.59,7.93,96.05,1006.555,2,2.777777778,2,194.4444444,1,5.144444444
22/01/2025 03:00,0,0.015,0,4.065,0,3.83,3.515,7.895,95.9,1006.21,2,3,2,190.5555556,1,5.556
22/01/2025 04:00,0,0.03,0,3.81,0,3.585,3.255,7.76,95.95,1005.755,2,2.944444444,2,201.6666667,1,5.453111111
22/01/2025 05:00,0,0.025,0,3.795,0,3.57,3.23,7.735,95.7,1005.58,2,3.444444444,2,220,1,6.379111111
22/01/2025 06:00,0,0.025,0,3.715,0,3.515,3.22,7.755,96.3,1005.42,2,3.222222222,2,194.4444444,1,5.967555556
22/01/2025 07:00,0,0.025,0,3.795,0,3.575,3.3,7.79,96.25,1005.31,2,3.444444444,2,198.3333333,1,6.379111111
22/01/2025 08:00,0,0.05,0,3.8,0,3.565,3.22,7.74,95.8,1005.45,2,3.444444444,2,191.6666667,1,6.379111111
22/01/2025 09:00,0,0.05,0,3.765,0,3.565,3.27,7.775,96.25,1005.51,2,3.222222222,2,217.2222222,1,5.967555556
22/01/2025 10:00,0,0.06,0,4.44,0,4.21,3.92,8.12,96.15,1005.38,2,3.222222222,2,221.6666667,1,5.967555556
22/01/2025 11:00,0,0.015,0,5.445,0,5.14,4.725,8.595,94.8,1005.28,2,3.611111111,2,217.7777778,1,6.687777778
22/01/2025 12:00,0,0.02,0,6.29,0,5.76,5.07,8.81,91.6,1004.855,2,4.833333333,2,234.4444444,1,8.951333333
22/01/2025 13:00,0,0.015,0,6.925,0,6.11,5.08,8.83,87.85,1004.19,2,5.555555556,2,236.1111111,1,10.28888889
22/01/2025 14:00,0,0.03,0,7.13,0,6.225,5.07,8.795,86.7,1003.605,2,5.5,2,238.8888889,1,10.186
22/01/2025 15:00,0,0.02,0,7.33,0,6.36,5.155,8.855,86,1003.37,2,5.888888889,2,240.5555556,1,10.90622222
22/01/2025 16:00,0,0.01,0,7.07,0,6.265,5.245,8.905,88,1003.345,2,5.388888889,2,238.8888889,1,9.980222222
22/01/2025 17:00,0,0.015,0,6.495,0,5.81,4.94,8.71,89.5,1003.4,2,4.833333333,2,236.1111111,1,8.951333333
22/01/2025 18:00,0,0.025,0,5.735,0,5.23,4.535,8.465,91.65,1003.48,2,4.333333333,2,235.5555556,1,8.025333333
22/01/2025 19:00,0,0.085,0,5.545,0,5.09,4.52,8.45,92.75,1003.2,2,4.222222222,2,218.8888889,1,7.819555556
22/01/2025 20:00,0,0.025,0,5.24,0,4.87,4.345,8.36,93.65,1002.88,2,4.777777778,2,216.6666667,1,8.848444444
22/01/2025 21:00,0,0.045,0,4.985,0,4.65,4.205,8.28,94.4,1002.54,2,4.555555556,2,205,1,8.436888889
22/01/2025 22:00,0,0.055,0,4.845,0,4.56,4.16,8.26,95,1001.93,2,4.388888889,2,197.7777778,1,8.128222222
22/01/2025 23:00,0,0.015,0,4.885,0,4.595,4.17,8.27,94.8,1001.37,2,5.277777778,2,182.7777778,1,9.774444444
23/01/2025 00:00,0,0.045,0,4.965,0,4.655,4.27,8.32,94.95,1000.925,2,5.722222222,2,177.7777778,1,10.59755556
23/01/2025 01:00,0,0.02,0,5.115,0,4.785,4.34,8.36,94.5,1000.135,2,6.833333333,2,185,1,12.65533333
23/01/2025 02:00,0,0.025,0,5.285,0,4.865,4.32,8.345,93.3,998.85,2,8.055555556,2,182.2222222,1,14.91888889
23/01/2025 03:00,0,0.065,0,5.62,0,5.185,4.64,8.525,93.05,997.505,2,9.277777778,2,180.5555556,1,17.18244444
23/01/2025 04:00,0,0.225,0,6.08,0,5.575,4.985,8.745,92.3,995.525,2,10.33333333,2,174.4444444,1,19.13733333
23/01/2025 05:00,0,0.83,0,6.26,0,5.71,4.985,8.735,91.25,993.56,2,12.72222222,2,178.3333333,1,23.56155556
23/01/2025 06:00,0,0.8,0,6.59,0,5.92,5.06,8.78,89.65,992.2,2,12.77777778,2,181.6666667,1,23.66444444
23/01/2025 07:00,0,0.87,0,6.795,0,5.98,4.915,8.69,87.8,991.345,2,14.38888889,2,196.1111111,1,26.64822222
23/01/2025 08:00,0,0.92,0,6.265,0,5.425,4.345,8.35,87.45,990.83,2,14,2,215,1,25.928
23/01/2025 09:00,0,0.68,0,6.025,0,5.105,3.86,8.045,85.95,991.035,2,14.66666667,2,235.5555556,1,27.16266667
23/01/2025 10:00,0,0.265,0,5.985,0,4.965,3.555,7.89,84.3,991.72,2,15,2,239.4444444,1,27.78
23/01/2025 11:00,0,0.285,0,6.44,0,5.215,3.515,7.87,81.65,993.05,2,15.77777778,2,256.1111111,1,29.22044444
23/01/2025 12:00,0,0.28,0,6.495,0,5.095,3.155,7.675,79.35,994.365,2,16.66666667,2,263.8888889,1,30.86666667
23/01/2025 13:00,0,0.17,0,6.75,0,5.125,2.805,7.505,76.1,994.81,2,15.88888889,2,263.3333333,1,29.42622222
23/01/2025 14:00,0,0.105,0,6.97,0,5.17,2.605,7.385,73.8,994.86,2,14.88888889,2,267.7777778,1,27.57422222
23/01/2025 15:00,0,0.01,0,6.68,0,4.87,2.31,7.215,73.4,994.92,2,11.77777778,2,263.8888889,1,21.81244444
23/01/2025 16:00,0,0.04,0,6.105,0,4.38,1.825,6.97,73.55,995.065,2,9.5,2,239.4444444,1,17.594
23/01/2025 17:00,0,0,0,5.56,0,3.955,1.54,6.83,75,994.605,2,8.777777778,2,217.2222222,1,16.25644444
23/01/2025 18:00,0,0,0,5.365,0,3.86,1.61,6.875,76.7,993.67,2,8.666666667,2,201.6666667,1,16.05066667
23/01/2025 19:00,0,0.07,0,5.385,0,4.01,1.97,7.05,78.35,991.885,2,9.611111111,2,173.3333333,1,17.79977778
23/01/2025 20:00,0,0.21,0,5.44,0,4.2,2.36,7.28,80.2,989.315,2,12.22222222,2,156.1111111,1,22.63555556
23/01/2025 21:00,0,1.005,0,5.455,0,4.485,3.09,7.705,84.45,986.095,2,15.66666667,2,148.3333333,1,29.01466667
23/01/2025 22:00,0,2.48,0,5.135,0,4.54,3.695,8.125,90.1,981.74,2,19.66666667,2,141.1111111,1,36.42266667
23/01/2025 23:00,0,2.87,0,5.5,0,5.075,4.46,8.645,92.65,976.57,2,23.05555556,2,134.4444444,1,42.69888889
24/01/2025 00:00,0,2.535,0,6.99,0,6.63,6.17,9.715,94.1,971.54,2,24.94444444,2,142.7777778,0,46.19711111
24/01/2025 01:00,0,2.005,0,8.815,0,8.27,7.645,10.645,92.25,967.49,2,25.44444444,2,155,0,47.12311111
24/01/2025 02:00,0,0.995,0,9.795,0,8.675,7.37,10.395,84.9,964.485,2,28.77777778,2,181.1111111,0,53.29644444
24/01/2025 03:00,0,0.56,0,9.2,0,7.325,4.98,8.78,75.15,962.65,2,32,2,192.2222222,0,59.264
24/01/2025 04:00,0,0.285,0,7.97,0,6.325,4.075,8.25,76.95,962.11,2,34.44444444,2,212.2222222,0,63.79111111
24/01/2025 05:00,0,0.365,0,7.345,0,5.605,3.07,7.71,75.15,963.155,2,35.83333333,2,223.3333333,0,66.36333333
24/01/2025 06:00,-0.05,0.242105263,0.2,7.110526316,0.2,5.221052632,2.352631579,7.342105263,73.05263158,966.2894737,2,36.55555556,2,232.2222222,0,67.70088889
24/01/2025 07:00,-0.05,0.247368421,0.2,6.652631579,0.2,4.763157895,1.857894737,7.105263158,72.52631579,969.4684211,2,36.66666667,2,239.4444444,0,67.90666667
24/01/2025 08:00,-0.05,0.352631579,0.2,6.394736842,0.2,4.431578947,1.289473684,6.810526316,71.10526316,973.1315789,2,35.38888889,2,248.3333333,0,65.54022222
24/01/2025 09:00,-0.05,0.305263158,0.2,6.284210526,0.2,4.273684211,1.068421053,6.715789474,70.57894737,976.6947368,2,32.83333333,2,252.7777778,0,60.80733333
24/01/2025 10:00,-0.05,0.2,0.2,6.3,0.2,4.073684211,0.473684211,6.384210526,66.94736842,979.9105263,2,30.38888889,2,256.1111111,0,56.28022222
24/01/2025 11:00,-0.05,0.147368421,0.2,6.826315789,0.2,3.984210526,-0.7,5.857894737,59,982.7684211,2,28.88888889,2,256.1111111,0,53.50222222
24/01/2025 12:00,-0.05,0.115789474,0.2,7.147368421,0.2,4.221052632,-0.5,5.931578947,58.68421053,984.7526316,2,26.94444444,2,253.8888889,0,49.90111111
24/01/2025 13:00,-0.05,0.057894737,0.2,7.147368421,0.2,4.210526316,-0.594736842,5.905263158,58.10526316,986.2105263,2,25,2,251.6666667,0,46.3
24/01/2025 14:00,-0.05,0.068421053,0.2,6.757894737,0.2,3.957894737,-0.673684211,5.873684211,59.42105263,987.3526316,2,21.83333333,2,251.6666667,0,40.43533333
24/01/2025 15:00,-0.05,0.068421053,0.2,5.615789474,0.2,3.515789474,0.115789474,6.178947368,67.68421053,988.3526316,2,20.5,2,251.1111111,0,37.966
24/01/2025 16:00,-0.05,0.131578947,0.2,4.963157895,0.2,3.184210526,0.326315789,6.268421053,71.73684211,989.2684211,2,17.77777778,2,245,0,32.92444444
24/01/2025 17:00,-0.05,0.136842105,0.2,4.115789474,0.2,2.610526316,0.131578947,6.178947368,75.36842105,990.2578947,2,16.66666667,2,246.1111111,0,30.86666667
24/01/2025 18:00,-0.05,0.084210526,0.2,3.694736842,0.2,2.247368421,-0.189473684,6.047368421,75.94736842,991.2368421,2,14.55555556,2,247.7777778,0,26.95688889
24/01/2025 19:00,-0.05,0.052631579,0.2,3.305263158,0.2,1.894736842,-0.515789474,5.884210526,76.52631579,992.1210526,2,14.61111111,2,250,0,27.05977778
24/01/2025 20:00,-0.05,0.073684211,0.2,2.8,0.2,1.6,-0.447368421,5.905263158,78.89473684,992.9842105,2,13.33333333,2,252.2222222,0,24.69333333
24/01/2025 21:00,-0.05,0.026315789,0.2,2.778947368,0.2,1.489473684,-0.752631579,5.773684211,77.73684211,993.9052632,2,13,2,252.2222222,0,24.076
24/01/2025 22:00,-0.05,0.042105263,0.2,2.531578947,0.2,1.278947368,-0.921052632,5.721052632,78.52631579,994.5578947,2,12.22222222,2,252.2222222,0,22.63555556
24/01/2025 23:00,-0.05,0.047368421,0.2,2.384210526,0.2,1.221052632,-0.805263158,5.763157895,79.68421053,995.1631579,2,11.44444444,2,243.3333333,0,21.19511111
25/01/2025 00:00,-0.05,0.110526316,0.2,2.273684211,0.2,1.063157895,-1.047368421,5.663157895,79.26315789,996.0315789,2,11.55555556,2,248.8888889,0,21.40088889
25/01/2025 01:00,-0.05,0.052631579,0.2,2.368421053,0.2,1.194736842,-0.815789474,5.773684211,79.78947368,996.6578947,2,11.77777778,2,228.3333333,0,21.81244444
25/01/2025 02:00,-0.05,0.015789474,0.2,2.084210526,0.2,1.057894737,-0.689473684,5.836842105,81.84210526,997.0052632,2,11.11111111,2,233.3333333,0,20.57777778
25/01/2025 03:00,-0.05,0.084210526,0.2,1.952631579,0.2,0.9,-0.931578947,5.721052632,81.42105263,997.5947368,2,10.94444444,2,228.3333333,0,20.26911111
25/01/2025 04:00,-0.05,0.047368421,0.2,2.036842105,0.2,0.931578947,-1,5.694736842,80.42105263,997.8894737,2,10.38888889,2,220,0,19.24022222
25/01/2025 05:00,-0.05,0.026315789,0.2,1.810526316,0.2,0.821052632,-0.905263158,5.731578947,82,998.4789474,2,10.38888889,2,223.3333333,0,19.24022222
25/01/2025 06:00,-0.05,0,0.2,1.968421053,0.2,0.926315789,-0.836842105,5.763157895,82,999.1894737,2,9.166666667,2,221.1111111,0,16.97666667
25/01/2025 07:00,-0.05,0.115789474,0.2,1.678947368,0.2,0.757894737,-0.863157895,5.752631579,83.57894737,999.7631579,2,7.888888889,2,206.1111111,0,14.61022222
25/01/2025 08:00,-0.05,0.052631579,0.2,1.468421053,0.2,0.594736842,-0.942105263,5.721052632,84.36842105,1000.257895,2,6.833333333,2,201.6666667,0,12.65533333
25/01/2025 09:00,-0.05,0,0.2,1.642105263,0.2,0.757894737,-0.789473684,5.794736842,84.15789474,1000.589474,2,6.333333333,2,193.3333333,0,11.72933333
25/01/2025 10:00,-0.05,0,0.2,2.673684211,0.2,1.589473684,-0.231578947,6.010526316,81.15789474,1000.652632,2,7.333333333,2,167.7777778,0,13.58133333
25/01/2025 11:00,-0.05,0.084210526,0.2,3.973684211,0.2,2.663157895,0.552631579,6.363157895,78.21052632,1000.542105,2,8.277777778,2,177.7777778,0,15.33044444
25/01/2025 12:00,-0.05,0.110526316,0.2,4.663157895,0.2,3.173684211,0.757894737,6.494736842,75.89473684,1000.163158,2,10.38888889,2,175.5555556,0,19.24022222
25/01/2025 13:00,-0.05,0.121052632,0.2,4.836842105,0.2,3.284210526,0.815789474,6.531578947,75.31578947,999.4368421,2,11.83333333,2,168.8888889,0,21.91533333
25/01/2025 14:00,-0.05,0.489473684,0.2,4.894736842,0.2,3.426315789,1.094736842,6.678947368,76.78947368,998.7684211,2,13.22222222,2,178.3333333,0,24.48755556
25/01/2025 15:00,-0.05,0.384210526,0.2,4.921052632,0.2,3.521052632,1.231578947,6.763157895,77.63157895,998.4473684,2,12.77777778,2,186.6666667,0,23.66444444
25/01/2025 16:00,-0.05,0.468421053,0,4.63,0.2,3.563157895,1.873684211,7.015789474,82.21052632,998.13,2,11.5,2,186.1111111,0,21.298
25/01/2025 17:00,-0.05,0.247368421,0.2,4.294736842,0.2,3.357894737,1.931578947,7.015789474,84.31578947,998.4,2,11.77777778,2,206.6666667,0,21.81244444
25/01/2025 18:00,-0.05,0.294736842,0.2,3.863157895,0.2,2.994736842,1.615789474,6.873684211,85.31578947,998.5210526,2,10.77777778,2,208.3333333,0,19.96044444
25/01/2025 19:00,-0.05,0.026315789,0.2,3.489473684,0.2,2.621052632,1.252631579,6.7,85.42105263,999,2,9.444444444,2,201.6666667,0,17.49111111
25/01/2025 20:00,-0.05,0.063157895,0.2,3.057894737,0.2,2.236842105,0.905263158,6.536842105,85.84210526,999.2,2,8.611111111,2,218.3333333,0,15.94777778
25/01/2025 21:00,-0.05,0.057894737,0.2,2.747368421,0.2,1.947368421,0.684210526,6.426315789,86.31578947,999.3578947,2,8.111111111,2,211.1111111,0,15.02177778
25/01/2025 22:00,-0.05,0.026315789,0.2,2.5,0.2,1.657894737,0.242105263,6.215789474,85.36842105,999.2210526,2,8.111111111,2,208.8888889,0,15.02177778
25/01/2025 23:00,-0.05,0.021052632,0.2,2.157894737,0.2,1.384210526,0.084210526,6.147368421,86.31578947,999.0105263,2,8.222222222,2,191.1111111,0,15.22755556
26/01/2025 00:00,-0.05,0.021052632,0.2,2.021052632,0.2,1.242105263,-0.057894737,6.1,86.15789474,998.6842105,2,7.722222222,2,180.5555556,1,14.30155556
26/01/2025 01:00,-0.05,0.036842105,0.2,2.126315789,0.2,1.268421053,-0.089473684,6.084210526,85.57894737,997.8631579,2,7.222222222,2,168.8888889,1,13.37555556
26/01/2025 02:00,-0.05,0.005263158,0.2,1.763157895,0.2,0.942105263,-0.436842105,5.942105263,85.68421053,996.6210526,2,7.722222222,2,160,1,14.30155556
26/01/2025 03:00,-0.05,0.073684211,0.2,1.563157895,0.2,0.789473684,-0.452631579,5.947368421,86.94736842,995.0368421,2,8.111111111,2,139.4444444,1,15.02177778
26/01/2025 04:00,-0.05,0.026315789,0.2,1.531578947,0.2,0.794736842,-0.378947368,5.973684211,87.47368421,993.0315789,2,8.888888889,2,133.3333333,1,16.46222222
26/01/2025 05:00,-0.05,0.121052632,0.2,1.557894737,0.2,0.915789474,-0.142105263,6.115789474,88.15789474,990.7157895,2,9.666666667,2,125.5555556,1,17.90266667
26/01/2025 06:00,-0.05,0.405263158,0.2,2.331578947,0.2,1.626315789,0.473684211,6.415789474,87.26315789,988.3052632,2,10.94444444,2,110.5555556,1,20.26911111
26/01/2025 07:00,-0.05,0.626315789,0.2,3.084210526,0.2,2.336842105,1.147368421,6.752631579,86.78947368,985.6684211,2,13.5,2,101.1111111,1,25.002
26/01/2025 08:00,-0.05,0.931578947,0.2,3.663157895,0.2,2.910526316,1.747368421,7.031578947,86.94736842,982.9578947,2,15.5,2,98.88888889,1,28.706
26/01/2025 09:00,-0.05,0.742105263,0.2,4.478947368,0.2,3.668421053,2.478947368,7.405263158,86.42105263,980.5,2,17.33333333,2,102.2222222,1,32.10133333
26/01/2025 10:00,-0.05,0.736842105,0.2,5.221052632,0.2,4.468421053,3.384210526,7.873684211,87.47368421,977.8,2,18.05555556,2,106.1111111,1,33.43888889
26/01/2025 11:00,-0.05,1.026315789,0.2,5.757894737,0.2,5.068421053,4.105263158,8.257894737,88.63157895,974.7666667,2,19,2,106.1111111,1,35.188
26/01/2025 12:00,-0.05,1.189473684,0.2,6.252631579,0.2,5.573684211,4.7,8.610526316,89.47368421,972.2666667,2,20,2,112.7777778,1,37.04
26/01/2025 13:00,-0.05,0.942105263,0.2,6.747368421,0.2,5.936842105,4.942105263,8.736842105,88.05263158,970.1555556,2,19.94444444,2,122.2222222,1,36.93711111
26/01/2025 14:00,-0.05,0.494736842,0.2,7.157894737,0.2,6.342105263,5.321052632,8.963157895,88,968.7722222,2,19.61111111,2,126.6666667,1,36.31977778
26/01/2025 15:00,-0.05,0.378947368,0.2,7.557894737,0.2,6.747368421,5.742105263,9.221052632,88.10526316,967.6611111,2,18.22222222,2,136.1111111,1,33.74755556
26/01/2025 16:00,-0.05,0.431578947,0.2,7.894736842,0.2,6.952631579,5.831578947,9.263157895,86.73684211,967.1055556,2,16.72222222,2,153.3333333,1,30.96955556
26/01/2025 17:00,-0.05,0.184210526,0.2,7.947368421,0.2,6.921052632,5.678947368,9.147368421,85.57894737,966.4611111,2,16.22222222,2,160,1,30.04355556
26/01/2025 18:00,-0.05,0.173684211,0.2,7.910526316,0.2,6.789473684,5.368421053,8.968421053,84,966.3,2,16.11111111,2,159.4444444,1,29.83777778
26/01/2025 19:00,-0.05,0.315789474,0.2,7.668421053,0.2,6.421052632,4.842105263,8.642105263,82.21052632,966.2388889,2,15.44444444,2,163.3333333,1,28.60311111
26/01/2025 20:00,-0.05,0.215789474,0.2,7.294736842,0.2,6.089473684,4.531578947,8.468421053,82.42105263,966.1555556,2,15.05555556,2,166.1111111,1,27.88288889
26/01/2025 21:00,-0.05,0.084210526,0.2,7.005263158,0.2,5.821052632,4.242105263,8.289473684,82.15789474,966.1166667,2,14.22222222,2,165.5555556,1,26.33955556
26/01/2025 22:00,-0.05,0.089473684,0.2,6.626315789,0.2,5.415789474,3.763157895,8.005263158,81.63157895,965.7777778,2,14.38888889,2,162.7777778,1,26.64822222
26/01/2025 23:00,-0.05,0.1,0.2,6.310526316,0.2,5.089473684,3.410526316,7.810526316,81.57894737,965.4666667,2,14.44444444,2,158.3333333,1,26.75111111
27/01/2025 00:00,-0.05,0.247368421,0.2,6.194736842,0.2,4.973684211,3.278947368,7.742105263,81.47368421,965.1555556,2,14.38888889,2,164.4444444,1,26.64822222
27/01/2025 01:00,-0.05,0.352631579,0.2,5.921052632,0.2,4.794736842,3.236842105,7.726315789,82.63157895,964.6222222,2,15.66666667,2,163.8888889,1,29.01466667
27/01/2025 02:00,-0.05,0.236842105,0.2,5.873684211,0.2,4.715789474,3.057894737,7.631578947,81.84210526,963.9722222,2,15.77777778,2,162.7777778,1,29.22044444
27/01/2025 03:00,-0.05,0.321052632,0.2,5.773684211,0.2,4.678947368,3.115789474,7.663157895,82.63157895,963.2555556,2,15.88888889,2,160,1,29.42622222
27/01/2025 04:00,-0.05,0.410526316,0.2,5.857894737,0.2,4.805263158,3.336842105,7.8,83.68421053,962.4,2,16,2,158.8888889,1,29.632
27/01/2025 05:00,-0.05,0.410526316,0.2,5.915789474,0.2,4.973684211,3.663157895,7.994736842,85.05263158,961.9111111,2,16.55555556,2,159.4444444,1,30.66088889
27/01/2025 06:00,-0.05,0.652631579,0.2,5.905263158,0.2,5.068421053,3.936842105,8.126315789,86.68421053,961.6277778,2,16.38888889,2,156.1111111,1,30.35222222
27/01/2025 07:00,-0.05,0.715789474,0.2,6.263157895,0.2,5.405263158,4.252631579,8.3,86.63157895,961.4388889,2,15.33333333,2,152.7777778,1,28.39733333
27/01/2025 08:00,-0.05,0.584210526,0.2,6.336842105,0.2,5.563157895,4.578947368,8.5,88.05263158,961.4111111,2,15.55555556,2,158.3333333,1,28.80888889
27/01/2025 09:00,-0.05,0.684210526,0.2,6.584210526,0.2,5.831578947,4.847368421,8.657894737,88.36842105,961.6944444,2,15.5,2,155.5555556,1,28.706
27/01/2025 10:00,-0.05,0.657894737,0.2,6.994736842,0.2,6.178947368,5.152631579,8.852631579,87.84210526,961.9722222,2,15.16666667,2,157.2222222,1,28.08866667
27/01/2025 11:00,-0.05,0.510526316,0.2,7.605263158,0.2,6.673684211,5.510526316,9.068421053,86.36842105,962.1833333,2,14.66666667,2,154.4444444,1,27.16266667
27/01/2025 12:00,-0.05,0.526315789,0.2,8.063157895,0.2,7.126315789,5.963157895,9.347368421,86.31578947,962.3222222,2,15,2,153.8888889,1,27.78
27/01/2025 13:00,-0.05,0.226315789,0.2,8.315789474,0.2,7.431578947,6.389473684,9.626315789,87.47368421,962.2722222,2,13.94444444,2,148.8888889,1,25.82511111
27/01/2025 14:00,-0.05,0.152631579,0.2,8.384210526,0.2,7.663157895,6.863157895,9.936842105,89.94736842,962.0944444,2,13.05555556,2,143.3333333,1,24.17888889
27/01/2025 15:00,-0.05,0.2,0.2,8.415789474,0.2,7.784210526,7.073684211,10.07368421,91.05263158,962.1111111,2,11.05555556,2,138.8888889,1,20.47488889
27/01/2025 16:00,-0.05,0.194736842,0.2,8.268421053,0.2,7.663157895,6.963157895,10.01052632,91.26315789,962.5666667,2,10.11111111,2,133.3333333,1,18.72577778
27/01/2025 17:00,-0.05,0.136842105,0.2,8.068421053,0.2,7.489473684,6.778947368,9.884210526,91.26315789,963.15,2,9.388888889,2,123.8888889,1,17.38822222
27/01/2025 18:00,-0.05,0.463157895,0.2,7.736842105,0.2,7.242105263,6.663157895,9.784210526,92.47368421,964.1,2,9.222222222,2,107.2222222,1,17.07955556
27/01/2025 19:00,-0.05,0.410526316,0.2,7.447368421,0.2,7.026315789,6.521052632,9.7,93.47368421,965.1,2,9,2,95,1,16.668
27/01/2025 20:00,-0.05,0.347368421,0.2,7.378947368,0.2,6.984210526,6.494736842,9.684210526,93.78947368,966.1444444,2,9,2,107.2222222,1,16.668
27/01/2025 21:00,-0.05,0.257894737,0.2,7.289473684,0.2,6.857894737,6.305263158,9.557894737,93.10526316,967.1666667,2,9.666666667,2,153.3333333,1,17.90266667
27/01/2025 22:00,-0.05,0.168421053,0.2,7.226315789,0.2,6.778947368,6.242105263,9.515789474,93.15789474,968.4666667,2,10.27777778,2,191.6666667,1,19.03444444
27/01/2025 23:00,-0.05,0.131578947,0.2,7.226315789,0.2,6.752631579,6.157894737,9.468421053,92.57894737,969.85,2,10.77777778,2,240,1,19.96044444
28/01/2025 00:00,-0.05,0.236842105,0.2,7.136842105,0.2,6.621052632,5.989473684,9.357894737,92.21052632,971.3444444,2,11.44444444,2,277.2222222,1,21.19511111
28/01/2025 01:00,-0.05,0.057894737,0.2,7.147368421,0.2,6.484210526,5.668421053,9.152631579,90.26315789,972.9277778,2,12.38888889,2,313.3333333,1,22.94422222
28/01/2025 02:00,-0.05,0.105263158,0.2,7.121052632,0.2,6.452631579,5.621052632,9.121052632,90.15789474,974.3611111,2,12.72222222,2,311.6666667,1,23.56155556
28/01/2025 03:00,-0.05,0.147368421,0.2,7.210526316,0.2,6.505263158,5.610526316,9.115789474,89.47368421,975.9444444,2,13.33333333,2,302.7777778,1,24.69333333
28/01/2025 04:00,-0.05,0.294736842,0.2,7.131578947,0.2,6.4,5.447368421,9.010526316,88.84210526,977.35,2,12.88888889,2,301.1111111,1,23.87022222
28/01/2025 05:00,-0.05,0.226315789,0.2,7.152631579,0.2,6.357894737,5.336842105,8.942105263,88,978.9055556,2,13.22222222,2,299.4444444,1,24.48755556
28/01/2025 06:00,-0.05,0.3,0.2,7.084210526,0.2,6.394736842,5.510526316,9.052631579,89.31578947,980.5944444,2,13.61111111,2,299.4444444,1,25.20777778
28/01/2025 07:00,-0.05,0.436842105,0.2,7.036842105,0.2,6.305263158,5.405263158,8.978947368,89.21052632,982.2666667,2,14.11111111,2,302.2222222,1,26.13377778
28/01/2025 08:00,-0.05,0.484210526,0.2,6.857894737,0.2,6.163157895,5.284210526,8.910526316,89.52631579,984.3333333,2,13.83333333,2,303.8888889,1,25.61933333
28/01/2025 09:00,-0.05,0.515789474,0.2,6.921052632,0.2,6.163157895,5.215789474,8.873684211,88.47368421,986.2111111,2,13.55555556,2,301.6666667,1,25.10488889
28/01/2025 10:00,-0.05,0.315789474,0.2,7.047368421,0.2,6.194736842,5.121052632,8.810526316,87.52631579,988.05,2,13.72222222,2,303.3333333,1,25.41355556
28/01/2025 11:00,-0.05,0.189473684,0,7.365,0,6.45,5.305,8.915,86.65,989.9210526,2,13.33333333,2,301.1111111,1,24.69333333
28/01/2025 12:00,0,0.11,0,7.795,0,6.66,5.235,8.89,83.85,991.3894737,2,14.22222222,2,295.5555556,1,26.33955556
28/01/2025 13:00,0,0.12,0,8.115,0,6.89,5.405,8.995,82.95,992.4210526,2,14.38888889,2,313.3333333,1,26.64822222
28/01/2025 14:00,0,0.085,0,8.235,0,6.88,5.175,8.835,80.85,993.5315789,2,14.55555556,2,309.4444444,1,26.95688889
28/01/2025 15:00,0,0.1,0,8.265,0,6.87,5.115,8.81,80.25,994.4789474,2,13.94444444,2,308.8888889,1,25.82511111
28/01/2025 16:00,0,0.05,0,7.875,0,6.445,4.615,8.5,79.55,995.4789474,2,13.38888889,2,305,1,24.79622222
28/01/2025 17:00,0,0.14,0,7.37,0,6.065,4.365,8.355,80.95,996.4210526,2,11.66666667,2,303.8888889,1,21.60666667
28/01/2025 18:00,0,0.11,0,6.635,0,5.585,4.18,8.245,84.05,997.4157895,2,11.16666667,2,298.3333333,1,20.68066667
28/01/2025 19:00,0,0.05,0,6.22,0,5.285,4.05,8.165,85.7,998.3105263,2,9.944444444,2,289.4444444,1,18.41711111
28/01/2025 20:00,0,0.035,0,5.895,0,5.085,3.98,8.125,87.2,998.8684211,2,8.388888889,2,286.1111111,1,15.53622222
28/01/2025 21:00,0,0.055,0,5.605,0,4.825,3.755,8,87.55,999.3263158,2,7.555555556,2,286.6666667,1,13.99288889
28/01/2025 22:00,0,0.115,0,5.285,0,4.58,3.575,7.895,88.45,999.6526316,2,6.944444444,2,286.1111111,1,12.86111111
28/01/2025 23:00,0,0.09,0,4.91,0,4.245,3.28,7.735,88.9,999.9473684,2,6.611111111,2,276.1111111,1,12.24377778
29/01/2025 00:00,0,0.06,0,4.235,0,3.665,2.86,7.53,90.45,1000.252632,2,5.111111111,2,275.5555556,1,9.465777778
29/01/2025 01:00,0,0.025,0,3.88,0,3.34,2.565,7.36,90.9,1000.373684,2,5.055555556,2,267.2222222,1,9.362888889
29/01/2025 02:00,0,0.015,0,3.135,0,2.715,2.055,7.105,92.2,1000.389474,2,4.666666667,2,223.8888889,1,8.642666667
29/01/2025 03:00,0,0.09,0,2.78,0,2.39,1.825,6.99,93.1,1000.431579,2,4.333333333,2,231.1111111,1,8.025333333
29/01/2025 04:00,0,0.02,0,2.605,0,2.195,1.585,6.89,92.75,1000.647368,2,4.777777778,2,255.5555556,1,8.848444444
29/01/2025 05:00,0,0.07,0,2.67,0,2.26,1.625,6.9,92.65,1001.052632,2,5.111111111,2,240,1,9.465777778
29/01/2025 06:00,0,0.02,0,2.7,0,2.25,1.515,6.84,91.75,1001.647368,2,5.5,2,221.6666667,1,10.186
29/01/2025 07:00,0,0.05,0,2.69,0,2.21,1.48,6.82,91.7,1002.310526,2,5.555555556,2,272.2222222,1,10.28888889
29/01/2025 08:00,0,0.015,0,2.56,0,2.07,1.32,6.745,91.45,1003.215789,2,6.111111111,2,261.6666667,1,11.31777778
29/01/2025 09:00,0,0.03,0,2.775,0,2.255,1.45,6.815,90.95,1004.368421,2,6.444444444,2,277.2222222,1,11.93511111
29/01/2025 10:00,0,0.055,0,3.67,0,2.995,2.005,7.075,89,1005.342105,2,7.555555556,2,244.4444444,1,13.99288889
29/01/2025 11:00,0,0.035,0,5.13,0,4.155,2.78,7.475,85,1006.294737,2,8.222222222,2,261.6666667,1,15.22755556
29/01/2025 12:00,0,0.025,0,6.525,0,5.145,3.245,7.72,79.7,1007.126316,2,9.555555556,2,289.4444444,1,17.69688889
29/01/2025 13:00,0,0.025,0,7.275,0,5.46,2.955,7.57,74.05,1007.810526,2,11.16666667,2,288.8888889,1,20.68066667
29/01/2025 14:00,0,0.015,0,7.58,0,5.5,2.6,7.38,70.75,1008.721053,2,12.83333333,2,327.2222222,1,23.76733333
29/01/2025 15:00,0,0.055,0,7.265,0,5.15,2.115,7.135,69.6,1009.736842,2,13.22222222,2,327.7777778,1,24.48755556
29/01/2025 16:00,0,0.025,0,6.815,0,4.845,2.005,7.07,71.05,1011.036842,2,12.11111111,2,322.2222222,1,22.42977778
29/01/2025 17:00,0,0.08,0,5.82,0,4.155,1.645,6.885,74.2,1012.495,2,10.55555556,2,316.6666667,1,19.54888889
29/01/2025 18:00,0,0.02,0,5.03,0,3.535,1.21,6.695,76.05,1013.76,2,9.777777778,2,309.4444444,1,18.10844444
29/01/2025 19:00,0,0.005,0,4.315,0,3,0.935,6.555,78.5,1014.96,2,8.055555556,2,306.1111111,1,14.91888889
29/01/2025 20:00,0,0.03,0,3.88,0,2.67,0.79,6.475,80.15,1015.9,2,7.388888889,2,297.2222222,1,13.68422222
29/01/2025 21:00,0,0.01,0,3.7,0,2.53,0.66,6.42,80.25,1016.77,2,7.055555556,2,320,1,13.06688889
29/01/2025 22:00,0,0,0,3.45,0,2.26,0.345,6.285,80.2,1017.645,2,6.444444444,2,308.8888889,1,11.93511111
29/01/2025 23:00,0,0.11,0,2.875,0,1.83,0.17,6.2,82.55,1018.395,2,6.555555556,2,305,1,12.14088889
30/01/2025 00:00,0,0.12,0,2.455,0,1.58,0.16,6.2,84.75,1019.15,2,6,2,270.5555556,1,11.112
30/01/2025 01:00,0,0.05,0,2.615,0,1.65,0.055,6.15,83.2,1019.705,2,5.944444444,2,270,1,11.00911111
30/01/2025 02:00,0,0.03,0,2.22,0,1.395,0.015,6.125,85.25,1020.04,2,5.666666667,2,255.5555556,1,10.49466667
30/01/2025 03:00,0,0.015,0,1.985,0,1.205,-0.055,6.09,86.2,1020.605,2,5.555555556,2,262.7777778,1,10.28888889
30/01/2025 04:00,0,0.015,0,1.69,0,0.965,-0.235,6.04,86.95,1020.86,2,5.5,2,241.1111111,1,10.186
30/01/2025 05:00,0,0.035,0,1.305,0,0.665,-0.41,5.965,88.35,1021.28,2,4.888888889,2,264.4444444,1,9.054222222
30/01/2025 06:00,0,0.015,0,1.155,0,0.525,-0.54,5.905,88.55,1021.625,2,4.222222222,2,211.1111111,1,7.819555556
30/01/2025 07:00,0,0.005,0,1.125,0,0.56,-0.375,5.98,89.6,1022.03,2,4.388888889,2,223.8888889,1,8.128222222
30/01/2025 08:00,0,0,0,1.13,0,0.57,-0.34,5.985,89.65,1022.405,2,4.166666667,2,223.3333333,1,7.716666667
30/01/2025 09:00,0,0.02,0,1.83,0,1.285,0.385,6.315,89.95,1022.645,2,4.666666667,2,228.8888889,1,8.642666667
30/01/2025 10:00,0,0.005,0,2.69,0,2.025,0.97,6.585,88.3,1022.74,2,5.055555556,2,201.6666667,1,9.362888889
30/01/2025 11:00,0,0.01,0,4.005,0,3.075,1.645,6.89,84.5,1022.845,2,5.222222222,2,201.6666667,1,9.671555556
30/01/2025 12:00,0,0.035,0,5.57,0,4.255,2.365,7.255,79.5,1022.51,2,5.833333333,2,196.6666667,1,10.80333333
30/01/2025 13:00,0,0.005,0,6.735,0,5.155,2.96,7.57,76.55,1021.815,2,7.5,2,196.6666667,1,13.89
30/01/2025 14:00,0,0,0,7.51,0,5.715,3.26,7.745,74.1,1021.395,2,8.5,2,210.5555556,1,15.742
30/01/2025 15:00,0,0.005,0,7.65,0,5.835,3.375,7.805,73.95,1020.955,2,9.444444444,2,205.5555556,1,17.49111111
30/01/2025 16:00,0,0,0,7.195,0,5.635,3.535,7.895,77.2,1020.21,2,9.722222222,2,196.1111111,1,18.00555556
30/01/2025 17:00,0,0.02,0,6.75,0,5.47,3.725,8.025,80.6,1019.505,2,10.05555556,2,188.3333333,1,18.62288889
30/01/2025 18:00,0,0.195,0,6.68,0,5.61,4.105,8.255,83.25,1019.11,2,11.27777778,2,185,1,20.88644444
30/01/2025 19:00,0,0.315,0,6.945,0,6.015,4.775,8.68,85.75,1018.515,2,12.27777778,2,188.3333333,1,22.73844444
30/01/2025 20:00,0,0.685,0,7.095,0,6.36,5.405,9.03,88.75,1017.725,2,13.16666667,2,196.6666667,1,24.38466667
30/01/2025 21:00,0,0.645,0,7.375,0,6.8,6.095,9.45,91.35,1017.33,2,13.61111111,2,214.4444444,1,25.20777778
30/01/2025 22:00,0,0.395,0,7.72,0,7.085,6.31,9.585,90.65,1017.525,2,13.55555556,2,233.3333333,1,25.10488889
30/01/2025 23:00,0,0.27,0,8,0,7.24,6.305,9.595,88.8,1018.16,2,13.44444444,2,261.1111111,1,24.89911111
31/01/2025 00:00,0,0.145,0,7.82,0,6.935,5.815,9.27,87.1,1019.205,2,12.05555556,2,277.2222222,0,22.32688889
31/01/2025 01:00,0,0.085,0,7.41,0,6.395,5.065,8.805,85.05,1020.21,2,10.83333333,2,290,0,20.06333333
31/01/2025 02:00,0,0.01,0,7.09,0,5.94,4.43,8.41,83.2,1021.09,2,10.33333333,2,297.7777778,0,19.13733333
31/01/2025 03:00,0,0.015,0,6.505,0,5.38,3.885,8.085,83.15,1021.86,2,8.888888889,2,297.7777778,0,16.46222222
31/01/2025 04:00,0,0.005,0,5.935,0,4.79,3.22,7.715,82.75,1022.41,2,7.722222222,2,278.8888889,0,14.30155556
31/01/2025 05:00,0,0.005,0,5.195,0,4.195,2.775,7.495,84.4,1023.13,2,6.611111111,2,278.8888889,0,12.24377778
31/01/2025 06:00,0,0.02,0,4.83,0,3.945,2.695,7.45,86.1,1023.965,2,5.888888889,2,275.5555556,0,10.90622222
31/01/2025 07:00,0,0.01,0,4.54,0,3.715,2.51,7.365,86.5,1024.825,2,5.555555556,2,273.3333333,0,10.28888889
31/01/2025 08:00,0,0,0,3.485,0,2.855,1.895,7.02,89.15,1025.535,2,4.722222222,2,253.3333333,0,8.745555556
31/01/2025 09:00,0,0.01,0,3.145,0,2.565,1.685,6.915,89.9,1025.885,2,3.944444444,2,187.7777778,0,7.305111111
31/01/2025 10:00,0,0,0,4.845,0,4.1,3.035,7.61,87.65,1026.195,2,3.666666667,2,215.5555556,0,6.790666667
31/01/2025 11:00,0,0,0,6.76,0,5.55,3.895,8.1,81.65,1026.45,2,3.222222222,2,212.2222222,0,5.967555556
31/01/2025 12:00,0,0,0,8.22,0,6.6,4.555,8.48,77.35,1026.455,2,3.333333333,2,230.5555556,0,6.173333333
31/01/2025 13:00,0,0,0,9.32,0,7.14,4.35,8.37,70.85,1026.285,2,4.166666667,2,226.1111111,0,7.716666667
31/01/2025 14:00,0,0,0,9.615,0,7.145,3.945,8.13,67.55,1026.205,2,4.777777778,2,208.3333333,0,8.848444444
31/01/2025 15:00,0,0,0,9.465,0,7.01,3.8,8.065,67.65,1025.945,2,5.333333333,2,210.5555556,0,9.877333333
31/01/2025 16:00,0,0,0,8.505,0,6.51,3.865,8.075,72.4,1025.83,2,4.666666667,2,188.8888889,0,8.642666667
31/01/2025 17:00,0,0.005,0,6.84,0,5.39,3.39,7.815,78.2,1025.965,2,4.333333333,2,182.7777778,0,8.025333333
31/01/2025 18:00,0,0,0,5.33,0,4.295,2.82,7.545,83.4,1026.15,2,5.166666667,2,171.1111111,0,9.568666667
31/01/2025 19:00,0,0,0,5.17,0,4.215,2.88,7.565,84.9,1026.175,2,6,2,160,0,11.112
31/01/2025 20:00,0,0,0,5.08,0,4.16,2.87,7.575,85.5,1025.99,2,6.388888889,2,155.5555556,0,11.83222222
31/01/2025 21:00,0,0,0,5.005,0,4.135,2.9,7.605,86,1025.66,2,7.055555556,2,151.1111111,0,13.06688889
31/01/2025 22:00,0,0,0,5.095,0,4.19,2.935,7.605,85.8,1025.31,2,8.055555556,2,149.4444444,0,14.91888889
31/01/2025 23:00,0,0,0,5.005,0,4.16,2.955,7.635,86.35,1025.15,2,8.111111111,2,149.4444444,0,15.02177778
01/02/2025 00:00,0,0.005,0,5.03,0,4.195,3.025,7.695,86.8,1024.65,2,9.222222222,2,145,0,17.07955556
01/02/2025 01:00,0,0,0,5.29,0,4.38,3.11,7.74,85.65,1024.245,2,9.388888889,2,148.8888889,0,17.38822222
01/02/2025 02:00,0,0.01,0,5.52,0,4.585,3.285,7.855,85.45,1023.865,2,9.555555556,2,146.6666667,0,17.69688889
01/02/2025 03:00,0,0.025,0,5.665,0,4.74,3.475,7.985,85.8,1023.305,2,10.22222222,2,148.3333333,0,18.93155556
01/02/2025 04:00,0,0.08,0,6.06,0,5.15,3.94,8.235,86.2,1022.655,2,10.83333333,2,146.6666667,0,20.06333333
01/02/2025 05:00,0,0.05,0,6.265,0,5.43,4.27,8.425,86.85,1021.865,2,11.11111111,2,149.4444444,0,20.57777778
01/02/2025 06:00,0,0.02,0,6.69,0,5.79,4.61,8.625,86.45,1021.063158,2,11.83333333,2,148.3333333,0,21.91533333
01/02/2025 07:00,0,0.005,0,7.15,0,6.25,5.07,8.865,86.45,1020.5,2,13.05555556,2,154.4444444,0,24.17888889
01/02/2025 08:00,0,0,0,7.545,0,6.575,5.355,9.04,85.85,1020.131579,2,13.22222222,2,156.1111111,0,24.48755556
01/02/2025 09:00,0,0.02,0,7.97,0,6.98,5.705,9.25,85.5,1019.736842,2,14.11111111,2,158.8888889,0,26.13377778
01/02/2025 10:00,0,0.04,0,8.4,0,7.365,6.095,9.5,85.2,1019.336842,2,14.83333333,2,160.5555556,0,27.47133333
01/02/2025 11:00,0,0.055,0,8.94,0,7.885,6.64,9.855,85.3,1018.836842,2,14.94444444,2,158.3333333,0,27.67711111
01/02/2025 12:00,0,0.055,0,9.42,0,8.33,7.045,10.105,84.7,1018.184211,2,15.27777778,2,161.1111111,0,28.29444444
01/02/2025 13:00,0,0.015,0,9.84,0,8.625,7.19,10.26,83.75,1017.210526,2,15.33333333,2,163.3333333,0,28.39733333
01/02/2025 14:00,0,0.015,0,10.11,0,8.945,7.61,10.515,84.45,1016.2,2,16.05555556,2,161.1111111,0,29.73488889
01/02/2025 15:00,0,0.015,0,10.115,0,9.07,7.88,10.69,85.7,1015.136842,2,15.61111111,2,164.4444444,0,28.91177778
01/02/2025 16:00,0,0.01,0,9.96,0,9.06,8.065,10.805,87.7,1014.484211,2,16.11111111,2,160,0,29.83777778
01/02/2025 17:00,0,0.085,0,9.92,0,9.055,8.11,10.835,88.15,1013.805263,2,16,2,160.5555556,0,29.632
01/02/2025 18:00,0,0.2,0,9.855,0,9.04,8.135,10.865,88.75,1013.4,2,16.16666667,2,161.1111111,0,29.94066667
01/02/2025 19:00,0,0.475,0,9.705,0,8.995,8.18,10.9,89.85,1013.063158,2,15.11111111,2,163.3333333,0,27.98577778
01/02/2025 20:00,0,0.83,0,9.64,0,8.955,8.21,10.935,90.55,1012.442105,2,15.22222222,2,163.3333333,0,28.19155556
01/02/2025 21:00,0,1.145,0,9.48,0,8.795,8.045,10.805,90.4,1011.8,2,14.94444444,2,166.6666667,0,27.67711111
01/02/2025 22:00,0,0.9,0,9.205,0,8.6,7.92,10.7,91.35,1011.378947,2,14.61111111,2,186.6666667,0,27.05977778
01/02/2025 23:00,0,0.91,0,9.23,0,8.615,7.92,10.7,91.2,1010.894737,2,13.77777778,2,195,0,25.51644444
02/02/2025 00:00,0,0.9,0,9.03,0,8.46,7.835,10.635,92,1010.489474,2,13.05555556,2,202.2222222,1,24.17888889
02/02/2025 01:00,0,0.67,0,8.95,0,8.38,7.73,10.565,91.75,1010.373684,2,11.77777778,2,198.8888889,1,21.81244444
02/02/2025 02:00,0,1.045,0,8.415,0,7.925,7.385,10.295,93,1010.431579,2,11.22222222,2,210.5555556,1,20.78355556
02/02/2025 03:00,0,1.21,0,8.2,0,7.785,7.29,10.22,93.8,1010.931579,2,10.05555556,2,222.2222222,1,18.62288889
02/02/2025 04:00,0,1.085,0,7.885,0,7.49,7.03,10.04,94.05,1011.394737,2,9.444444444,2,227.2222222,1,17.49111111
02/02/2025 05:00,0,0.79,0,7.62,0,7.2,6.685,9.815,93.5,1012.1,2,10.44444444,2,258.8888889,1,19.34311111
02/02/2025 06:00,0,0.63,0,7.345,0,6.87,6.305,9.565,92.75,1013.136842,2,9.944444444,2,270,1,18.41711111
02/02/2025 07:00,0,0.6,0,7.08,0,6.605,6.005,9.375,92.6,1014.221053,2,8.388888889,2,274.4444444,1,15.53622222
02/02/2025 08:00,0,0.26,0,6.635,0,6.105,5.43,9.025,91.8,1015.157895,2,8,2,284.4444444,1,14.816
02/02/2025 09:00,0,0.085,0,6.3,0,5.695,4.89,8.705,90.5,1016.1,2,7.277777778,2,293.8888889,1,13.47844444
02/02/2025 10:00,0,0.035,0,6.84,0,6.115,5.185,8.875,89.25,1016.857895,2,6.277777778,2,280,1,11.62644444
02/02/2025 11:00,0,0.015,0,7.67,0,6.575,5.13,8.85,84.1,1017.5,2,6.5,2,266.1111111,1,12.038
02/02/2025 12:00,0,0.015,0,8.305,0,6.905,5.1,8.835,80.45,1018.005263,2,7.111111111,2,258.3333333,1,13.16977778
02/02/2025 13:00,0,0.005,0,8.815,0,7.035,4.72,8.61,76.1,1018.173684,2,8,2,255.5555556,1,14.816
02/02/2025 14:00,0,0.105,0,9.02,0,6.905,4.135,8.255,71.95,1018.210526,2,8.611111111,2,255.5555556,1,15.94777778
02/02/2025 15:00,0,0,0,9.2,0,6.84,3.74,8.015,68.7,1018.247368,2,8.722222222,2,250,1,16.15355556
02/02/2025 16:00,0,0,0,8.545,0,6.345,3.395,7.805,69.85,1018.268421,2,7.777777778,2,233.8888889,1,14.40444444
02/02/2025 17:00,0,0,0,7.28,0,5.615,3.31,7.77,75.7,1018.257895,2,7.444444444,2,196.6666667,1,13.78711111
02/02/2025 18:00,0,0,0,6.23,0,4.955,3.13,7.685,80.55,1018.342105,2,7.5,2,198.3333333,1,13.89
02/02/2025 19:00,0,0,0,6.015,0,4.825,3.2,7.74,82.25,1018.510526,2,8.555555556,2,182.7777778,1,15.84488889
02/02/2025 20:00,0,0.005,0,6.495,0,5.25,3.505,7.93,81.25,1018.431579,2,10.33333333,2,186.6666667,1,19.13733333
02/02/2025 21:00,0,0.02,0,6.665,0,5.47,3.845,8.13,82.35,1018.321053,2,11.55555556,2,182.7777778,1,21.40088889
02/02/2025 22:00,0,0.015,0,6.915,0,5.765,4.255,8.385,82.95,1018.257895,2,11.83333333,2,183.3333333,1,21.91533333
02/02/2025 23:00,0,0.02,0,7.25,0,6.145,4.69,8.655,83.7,1017.926316,2,12.11111111,2,180,1,22.42977778
03/02/2025 00:00,0,0.01,0,7.57,0,6.495,5.105,8.895,84.15,1017.536842,2,12.55555556,2,180.5555556,1,23.25288889
03/02/2025 01:00,0,0.015,0,7.815,0,6.87,5.68,9.26,85.95,1017.089474,2,12,2,183.8888889,1,22.224
03/02/2025 02:00,0,0.005,0,8.095,0,7.215,6.14,9.545,87.1,1016.431579,2,11.77777778,2,182.7777778,1,21.81244444
03/02/2025 03:00,0,0.005,0,8.39,0,7.525,6.505,9.795,87.75,1015.931579,2,12.22222222,2,182.7777778,1,22.63555556
03/02/2025 04:00,0,0,0,8.855,0,7.95,6.96,10.065,87.5,1015.447368,2,12.83333333,2,189.4444444,1,23.76733333
03/02/2025 05:00,0,0,0,9.13,0,8.27,7.315,10.29,88,1015.184211,2,13.61111111,2,191.6666667,1,25.20777778
03/02/2025 06:00,0,0,0,9.575,0,8.655,7.665,10.51,87.6,1014.752632,2,14.66666667,2,187.7777778,1,27.16266667
03/02/2025 07:00,0,0.005,0,9.835,0,8.895,7.875,10.65,87.3,1014.136842,2,14.94444444,2,187.7777778,1,27.67711111
03/02/2025 08:00,0,0.035,0,9.935,0,8.995,7.96,10.71,87.25,1013.842105,2,15.61111111,2,187.7777778,1,28.91177778
03/02/2025 09:00,0,0.025,0,10.23,0,9.185,8.07,10.79,86.1,1013.721053,2,15.55555556,2,184.4444444,1,28.80888889
03/02/2025 10:00,0,0.02,0,10.65,0,9.42,8.14,10.835,84.1,1013.431579,2,16.72222222,2,186.1111111,1,30.96955556
03/02/2025 11:00,0,0.025,0,10.925,0,9.625,8.235,10.905,83.35,1013.136842,2,17.33333333,2,187.2222222,1,32.10133333
03/02/2025 12:00,0,0.025,0,11.19,0,9.765,8.295,10.95,82,1012.736842,2,17.83333333,2,187.7777778,1,33.02733333
03/02/2025 13:00,0,0.025,0,11.355,0,9.87,8.34,10.98,81.4,1012.063158,2,18.33333333,2,189.4444444,1,33.95333333
03/02/2025 14:00,0,0.035,0,11.33,0,9.915,8.435,11.075,82.25,1011.352632,2,18.72222222,2,188.8888889,1,34.67355556
03/02/2025 15:00,0,0.035,0,11.12,0,9.81,8.47,11.1,83.45,1010.8,2,18.22222222,2,188.8888889,1,33.74755556
03/02/2025 16:00,0,0.06,0,10.99,0,9.77,8.49,11.125,84.5,1010.378947,2,18.11111111,2,188.8888889,1,33.54177778
03/02/2025 17:00,0,0.055,0,10.825,0,9.7,8.51,11.125,85.3,1010,2,18.5,2,187.2222222,1,34.262
03/02/2025 18:00,0,0.255,0,10.685,0,9.675,8.63,11.22,86.9,1009.626316,2,18.16666667,2,185,1,33.64466667
03/02/2025 19:00,0,0.175,0,10.705,0,9.73,8.715,11.285,87.3,1009.426316,2,18.27777778,2,183.8888889,1,33.85044444
03/02/2025 20:00,0,0.255,0,10.725,0,9.785,8.8,11.35,87.65,1008.968421,2,18.44444444,2,181.6666667,1,34.15911111
03/02/2025 21:00,0,0.53,0,10.685,0,9.79,8.86,11.39,88.15,1008.584211,2,18.66666667,2,182.2222222,1,34.57066667
03/02/2025 22:00,0,0.695,0,10.775,0,9.9,8.975,11.48,88.55,1008.221053,2,18.33333333,2,186.6666667,1,33.95333333
03/02/2025 23:00,0,0.54,0,10.635,0,9.865,9.06,11.53,89.7,1007.831579,2,17.77777778,2,187.7777778,1,32.92444444
04/02/2025 00:00,0,0.66,0,10.54,0,9.845,9.145,11.61,90.8,1007.547368,2,17.11111111,2,191.6666667,1,31.68977778
04/02/2025 01:00,0,0.925,0,10.49,0,9.815,9.12,11.59,91.05,1007.3,2,16.55555556,2,191.1111111,1,30.66088889
04/02/2025 02:00,0,1.13,0,10.09,0,9.475,8.86,11.385,91.85,1007.068421,2,15.72222222,2,194.4444444,1,29.11755556
04/02/2025 03:00,0,0.895,0,9.73,0,9.15,8.555,11.175,92.1,1006.894737,2,14.11111111,2,200.5555556,1,26.13377778
04/02/2025 04:00,0,0.975,0,9.435,0,8.975,8.46,11.09,93.2,1006.936842,2,12.83333333,2,205.5555556,1,23.76733333
04/02/2025 05:00,0,0.705,0,9.185,0,8.64,8.02,10.775,92.3,1007.010526,2,11.66666667,2,208.3333333,1,21.60666667
04/02/2025 06:00,0,0.655,0,8.815,0,8.175,7.45,10.385,90.95,1007.294737,2,11.05555556,2,216.6666667,1,20.47488889
04/02/2025 07:00,0,0.42,0,8.595,0,7.845,6.975,10.06,89.45,1007.457895,2,10.61111111,2,222.2222222,1,19.65177778
04/02/2025 08:00,0,0.475,0,8.025,0,7.165,6.125,9.465,87.7,1008.068421,2,10.16666667,2,225,1,18.82866667
04/02/2025 09:00,0,0.09,0,7.66,0,6.64,5.33,8.97,85.1,1008.826316,2,10.44444444,2,218.3333333,1,19.34311111
04/02/2025 10:00,0,0.065,0,7.94,0,6.765,5.305,8.935,83.25,1009.3,2,11.5,2,215,1,21.298
04/02/2025 11:00,0,0.13,0,8.56,0,7,5.045,8.775,78.45,1010.015789,2,13.11111111,2,222.7777778,1,24.28177778
04/02/2025 12:00,0,0.155,0,8.545,0,6.79,4.585,8.49,75.9,1010.845,2,14.94444444,2,235,1,27.67711111
04/02/2025 13:00,0,0.135,0,8.625,0,6.665,4.17,8.24,73.45,1011.75,2,15.77777778,2,246.6666667,1,29.22044444
04/02/2025 14:00,0,0.155,0,8.315,0,6.37,3.85,8.05,73.3,1012.745,2,14.88888889,2,255,1,27.57422222
04/02/2025 15:00,0,0.185,0,8.125,0,6.18,3.6,7.91,72.8,1013.945,2,13.61111111,2,254.4444444,1,25.20777778
04/02/2025 16:00,0,0.075,0,7.35,0,5.665,3.365,7.78,75.45,1015.315,2,12.88888889,2,252.2222222,1,23.87022222
04/02/2025 17:00,0,0.04,0,6.59,0,5.04,2.845,7.51,76.75,1016.66,2,11.88888889,2,248.8888889,1,22.01822222
04/02/2025 18:00,0,0.18,0,5.75,0,4.38,2.385,7.25,78.9,1018.095,2,11.88888889,2,238.8888889,1,22.01822222
04/02/2025 19:00,0,0.175,0,5.025,0,3.865,2.2,7.165,81.75,1019.585,2,11.27777778,2,237.7777778,1,20.88644444
04/02/2025 20:00,0,0.025,0,5.11,0,3.885,2.095,7.115,80.95,1020.855,2,10.55555556,2,232.2222222,1,19.54888889
04/02/2025 21:00,0,0.15,0,4.965,0,3.925,2.395,7.27,83.25,1021.89,2,11.16666667,2,233.3333333,1,20.68066667
04/02/2025 22:00,0,0.01,0,4.71,0,3.605,2,7.065,82.45,1023.02,2,9.611111111,2,236.6666667,1,17.79977778
04/02/2025 23:00,0,0.09,0,4.67,0,3.605,2.04,7.105,82.75,1024.105,2,9.888888889,2,230,1,18.31422222
05/02/2025 00:00,0,0.06,0,4.52,0,3.48,1.91,7.025,82.95,1025.335,2,10.33333333,2,237.7777778,1,19.13733333
05/02/2025 01:00,0,0.025,0,4.21,0,3.295,1.93,7.035,84.8,1026.7,2,9.555555556,2,245,1,17.69688889
05/02/2025 02:00,0,0.03,0,4.24,0,3.245,1.725,6.935,83.65,1027.745,2,9.666666667,2,245,1,17.90266667
05/02/2025 03:00,0,0.11,0,4.105,0,3.125,1.625,6.875,83.85,1028.77,2,9.666666667,2,236.1111111,1,17.90266667
05/02/2025 04:00,0,0.045,0,3.605,0,2.71,1.315,6.74,85.1,1029.61,2,8.388888889,2,234.4444444,1,15.53622222
05/02/2025 05:00,0,0.065,0,3.47,0,2.59,1.25,6.695,85.55,1030.51,2,7.777777778,2,236.1111111,1,14.40444444
05/02/2025 06:00,0,0.125,0,3.425,0,2.595,1.32,6.73,86.2,1031.53,2,6.722222222,2,227.2222222,1,12.44955556
05/02/2025 07:00,0,0.025,0,3.43,0,2.595,1.35,6.74,86.35,1032.445,2,6.5,2,225,1,12.038
05/02/2025 08:00,0,0.025,0,3.405,0,2.52,1.145,6.655,85.45,1033.595,2,6.388888889,2,217.2222222,1,11.83222222
05/02/2025 09:00,0,0.02,0,3.5,0,2.615,1.275,6.725,85.5,1034.695,2,6.222222222,2,212.2222222,1,11.52355556
05/02/2025 10:00,0,0.01,0,4.47,0,3.525,2.125,7.13,84.7,1035.65,2,6.722222222,2,201.6666667,1,12.44955556
05/02/2025 11:00,0,0.04,0,6.225,0,4.875,3.01,7.605,79.75,1036.605,2,7,2,209.4444444,1,12.964
05/02/2025 12:00,0,0.045,0,7.635,0,5.86,3.475,7.845,74.65,1037.41,2,7.055555556,2,203.8888889,1,13.06688889
05/02/2025 13:00,0,0.035,0,8.73,0,6.435,3.38,7.8,68.9,1037.63,2,7.777777778,2,217.7777778,1,14.40444444
05/02/2025 14:00,0,0,0,9.47,0,6.79,3.28,7.75,64.95,1037.94,2,7.944444444,2,228.3333333,1,14.71311111
05/02/2025 15:00,0,0.01,0,9.485,0,6.82,3.315,7.77,65.05,1038.375,2,8.055555556,2,235,1,14.91888889
05/02/2025 16:00,0,0,0,9.18,0,6.665,3.325,7.78,66.55,1038.94,2,7,2,232.7777778,1,12.964
05/02/2025 17:00,0,0,0,7.825,0,5.845,3.145,7.67,72,1039.695,2,5.444444444,2,219.4444444,1,10.08311111
05/02/2025 18:00,0,0,0,5.76,0,4.43,2.5,7.34,79.25,1040.455,2,4.555555556,2,191.1111111,1,8.436888889
05/02/2025 19:00,0,0,0,4.7,0,3.63,2.04,7.11,82.55,1041.215,2,4.888888889,2,177.2222222,1,9.054222222
05/02/2025 20:00,0,0,0,4.2,0,3.22,1.735,6.96,83.95,1041.795,2,4.833333333,2,176.1111111,1,8.951333333
05/02/2025 21:00,0,0,0,3.665,0,2.75,1.39,6.79,85.1,1042.285,2,4.888888889,2,172.2222222,1,9.054222222
05/02/2025 22:00,0,0,0,3.32,0,2.45,1.095,6.665,85.55,1042.66,2,5.166666667,2,166.6666667,1,9.568666667
05/02/2025 23:00,0,0,0,3.01,0,2.245,1.1,6.65,87.3,1042.59,2,5.055555556,2,160.5555556,1,9.362888889
06/02/2025 00:00,0,0,0,2.885,0,2.1,0.905,6.57,87,1042.555,2,4.944444444,2,153.8888889,1,9.157111111
06/02/2025 01:00,0,0,0,2.4,0,1.655,0.52,6.41,87.6,1042.545,2,5,2,175,1,9.26
06/02/2025 02:00,0,0,0,2.22,0,1.47,0.285,6.305,87.1,1042.315,2,5.555555556,2,153.8888889,1,10.28888889
06/02/2025 03:00,0,0,0,2.175,0,1.405,0.22,6.255,87.05,1042.12,2,5.944444444,2,125,1,11.00911111
06/02/2025 04:00,0,0,0,1.975,0,1.195,-0.015,6.165,86.85,1041.91,2,5.888888889,2,120,1,10.90622222
06/02/2025 05:00,0,0,0,1.9,0,1.115,-0.11,6.115,86.7,1041.87,2,6.333333333,2,123.8888889,1,11.72933333
06/02/2025 06:00,0,0.005,0,1.73,0,0.975,-0.21,6.07,87.1,1041.785,2,6.388888889,2,133.3333333,1,11.83222222
06/02/2025 07:00,0,0,0,1.455,0,0.69,-0.54,5.93,86.75,1041.76,2,6.333333333,2,132.2222222,1,11.72933333
06/02/2025 08:00,0,0,0,1.5,0,0.72,-0.48,5.955,87.05,1042.025,2,7.111111111,2,133.8888889,1,13.16977778
06/02/2025 09:00,0,0,0,2.23,0,1.42,0.145,6.23,86.35,1042.26,2,7.055555556,2,130.5555556,1,13.06688889
06/02/2025 10:00,0,0.005,0,4.17,0,3.11,1.525,6.845,82.9,1042.225,2,7.333333333,2,118.8888889,1,13.58133333
06/02/2025 11:00,0,0.005,0,6.34,0,4.695,2.36,7.255,75.6,1042.17,2,7.333333333,2,115.5555556,1,13.58133333
06/02/2025 12:00,0,0,0,7.595,0,5.55,2.705,7.425,70.8,1041.86,2,9.333333333,2,132.7777778,1,17.28533333
06/02/2025 13:00,0,0,0,8.315,0,5.855,2.425,7.28,66.05,1041.145,2,10,2,130.5555556,1,18.52
06/02/2025 14:00,0,0,0,8.58,0,5.935,2.23,7.195,63.9,1040.48,2,10.44444444,2,132.7777778,1,19.34311111
06/02/2025 15:00,0,0,0,8.44,0,5.885,2.355,7.245,65.15,1039.79,2,10.44444444,2,127.2222222,1,19.34311111
06/02/2025 16:00,0,0,0,7.9,0,5.485,2.045,7.09,66.05,1039.295,2,10.55555556,2,123.8888889,1,19.54888889
06/02/2025 17:00,0,0,0,6.715,0,4.765,1.925,7.025,71.15,1039.08,2,9.555555556,2,115.5555556,1,17.69688889
06/02/2025 18:00,0,0,0,5.25,0,3.745,1.48,6.81,76.3,1039.085,2,8.444444444,2,117.7777778,1,15.63911111
06/02/2025 19:00,0,0,0,4.61,0,3.295,1.275,6.71,78.7,1039.05,2,8.388888889,2,113.8888889,1,15.53622222
06/02/2025 20:00,0,0,0,4.12,0,2.905,0.97,6.575,79.75,1038.855,2,8.388888889,2,109.4444444,1,15.53622222
06/02/2025 21:00,0,0,0,3.54,0,2.42,0.69,6.44,81.65,1038.73,2,8.111111111,2,115,1,15.02177778
06/02/2025 22:00,0,0,0,2.975,0,2,0.395,6.315,83.05,1038.63,2,7.722222222,2,100.5555556,1,14.30155556
06/02/2025 23:00,0,0,0,2.72,0,1.78,0.27,6.25,83.95,1038.275,2,7.888888889,2,102.7777778,1,14.61022222
07/02/2025 00:00,0,0,0,2.53,0,1.675,0.305,6.26,85.45,1037.77,2,8.277777778,2,101.1111111,0,15.33044444
07/02/2025 01:00,0,0,0,2.31,0,1.47,0.16,6.205,85.95,1037.13,2,8.222222222,2,117.2222222,0,15.22755556
07/02/2025 02:00,0,0,0,1.825,0,1.035,-0.255,6.03,86.3,1036.58,2,7.055555556,2,114.4444444,0,13.06688889
07/02/2025 03:00,0,0,0,1.875,0,1.1,-0.165,6.07,86.6,1035.95,2,6.388888889,2,112.7777778,0,11.83222222
07/02/2025 04:00,0,0,0,2.04,0,1.255,-0.04,6.125,86.5,1035.25,2,7,2,93.88888889,0,12.964
07/02/2025 05:00,0,0,0,2.175,0,1.365,0.03,6.125,85.9,1034.82,2,7.722222222,2,88.33333333,0,14.30155556
07/02/2025 06:00,0,0,0,1.93,0,1.105,-0.3,5.99,85.6,1034.545,2,7.055555556,2,92.77777778,0,13.06688889
07/02/2025 07:00,0,0,0,1.755,0,0.905,-0.48,5.905,85.45,1034.3,2,7.055555556,2,86.11111111,0,13.06688889
07/02/2025 08:00,0,0,0,1.8,0,0.98,-0.42,5.935,85.25,1033.905,2,7,2,81.11111111,0,12.964
07/02/2025 09:00,0,0,0,2.095,0,1.22,-0.28,5.995,84.35,1033.48,2,6.611111111,2,77.77777778,0,12.24377778
07/02/2025 10:00,0,0,0,3.215,0,2.135,0.33,6.25,81.15,1032.9,2,6.722222222,2,123.8888889,0,12.44955556
07/02/2025 11:00,0,0.005,0,4.5,0,2.97,0.495,6.34,74.95,1032.165,2,8,2,82.77777778,0,14.816
07/02/2025 12:00,0,0,0,5.17,0,3.34,0.37,6.285,70.85,1031.24,2,9.5,2,84.44444444,0,17.594
07/02/2025 13:00,0,0,0,5.53,0,3.545,0.395,6.295,69.2,1030.16,2,9.777777778,2,84.44444444,0,18.10844444
07/02/2025 14:00,0,0,0,5.655,0,3.5,0.03,6.125,66.7,1029.005,2,10.33333333,2,84.44444444,0,19.13733333
07/02/2025 15:00,0,0,0,5.76,0,3.555,-0.015,6.105,66.05,1028.155,2,9.611111111,2,81.11111111,0,17.79977778
07/02/2025 16:00,0,0,0,5.505,0,3.365,-0.09,6.09,66.8,1027.6,2,9,2,76.66666667,0,16.668
07/02/2025 17:00,0,0,0,5.025,0,3.05,-0.21,6.025,68.4,1026.975,2,7.666666667,2,68.88888889,0,14.19866667
07/02/2025 18:00,0,0,0,4.32,0,2.54,-0.465,5.92,70.8,1026.52,2,7.444444444,2,61.66666667,0,13.78711111
07/02/2025 19:00,0,0,0,3.715,0,2.14,-0.545,5.885,73.55,1026.155,2,6.944444444,2,58.33333333,0,12.86111111
07/02/2025 20:00,0,0,0,3.215,0,1.765,-0.725,5.795,75.3,1025.655,2,7.222222222,2,77.77777778,0,13.37555556
07/02/2025 21:00,0,0,0,2.87,0,1.49,-0.93,5.7,76.1,1025.14,2,6.833333333,2,83.33333333,0,12.65533333
07/02/2025 22:00,0,0,0,2.54,0,1.245,-1.055,5.665,77.6,1024.555,2,6.666666667,2,80,0,12.34666667
07/02/2025 23:00,0,0,0,2.715,0,1.375,-0.995,5.67,76.9,1023.87,2,7.166666667,2,82.22222222,0,13.27266667
08/02/2025 00:00,0,0,0,2.71,0,1.42,-0.845,5.755,77.55,1023.275,2,7.111111111,2,104.4444444,0,13.16977778
08/02/2025 01:00,0,0,0,2.695,0,1.46,-0.735,5.79,78.05,1022.685,2,6.611111111,2,96.11111111,0,12.24377778
08/02/2025 02:00,0,0.005,0,2.505,0,1.32,-0.755,5.775,79,1021.995,2,6.444444444,2,101.6666667,0,11.93511111
08/02/2025 03:00,0,0.005,0,2.325,0,1.16,-0.905,5.72,79.1,1021.31,2,5.888888889,2,82.22222222,0,10.90622222
08/02/2025 04:00,0,0.005,0,2.195,0,1.165,-0.7,5.815,81,1020.97,2,5.333333333,2,76.11111111,0,9.877333333
08/02/2025 05:00,0,0.005,0,2.36,0,1.27,-0.65,5.84,80.35,1020.81,2,5.555555556,2,107.7777778,0,10.28888889
08/02/2025 06:00,0,0.015,0,2.025,0,1.11,-0.51,5.915,83,1020.79,2,5.222222222,2,123.3333333,0,9.671555556
08/02/2025 07:00,0,0.015,0,2.22,0,1.235,-0.505,5.915,82.05,1020.76,2,5.277777778,2,130.5555556,0,9.774444444
08/02/2025 08:00,0,0,0,2.35,0,1.32,-0.495,5.905,81.65,1020.875,2,5.555555556,2,134.4444444,0,10.28888889
08/02/2025 09:00,0,0.015,0,2.485,0,1.52,-0.19,6.05,82.5,1020.995,2,5.666666667,2,102.2222222,0,10.49466667
08/02/2025 10:00,0,0.02,0,2.96,0,1.945,0.19,6.21,81.9,1021.12,2,5.722222222,2,108.8888889,0,10.59755556
08/02/2025 11:00,0,0.045,0,3.825,0,2.615,0.585,6.39,79.4,1021.29,2,5.388888889,2,108.3333333,0,9.980222222
08/02/2025 12:00,0,0.005,0,4.64,0,3.13,0.705,6.445,75.75,1021.405,2,5.833333333,2,101.1111111,0,10.80333333
08/02/2025 13:00,0,0.02,0,5.18,0,3.455,0.74,6.46,73.15,1021.49,2,5.944444444,2,90.55555556,0,11.00911111
08/02/2025 14:00,0,0.015,0,5.46,0,3.52,0.43,6.315,70.15,1021.675,2,6.388888889,2,86.11111111,0,11.83222222
08/02/2025 15:00,0,0,0,5.49,0,3.5,0.265,6.255,69.35,1021.935,2,6.555555556,2,79.44444444,0,12.14088889
08/02/2025 16:00,0,0.015,0,5.29,0,3.41,0.415,6.315,70.95,1022.33,2,6.055555556,2,95,0,11.21488889
08/02/2025 17:00,0,0.01,0,4.62,0,3.055,0.485,6.355,74.65,1022.885,2,5.833333333,2,87.22222222,0,10.80333333
08/02/2025 18:00,0,0.02,0,3.81,0,2.435,0.105,6.17,76.85,1023.66,2,5.444444444,2,82.77777778,0,10.08311111
08/02/2025 19:00,0,0,0,3.34,0,2.12,-0.005,6.125,78.65,1024.26,2,5.333333333,2,80,0,9.877333333
08/02/2025 20:00,0,0.005,0,3.005,0,1.89,0.015,6.145,80.65,1025.02,2,5.277777778,2,95,0,9.774444444
08/02/2025 21:00,0,0.005,0,2.69,0,1.72,0.02,6.155,82.55,1025.755,2,5.444444444,2,53.88888889,0,10.08311111
08/02/2025 22:00,0,0,0,2.84,0,1.89,0.285,6.265,82.85,1026.54,2,5.611111111,2,126.6666667,0,10.39177778
08/02/2025 23:00,0,0.01,0,2.965,0,1.98,0.335,6.3,82.7,1027.255,2,5.833333333,2,118.3333333,0,10.80333333
09/02/2025 00:00,0,0.01,0,3.115,0,2.125,0.5,6.365,82.6,1027.835,2,6.333333333,2,133.8888889,1,11.72933333
09/02/2025 01:00,0,0.01,0,3.145,0,2.185,0.605,6.41,82.85,1028.22,2,6.555555556,2,175.5555556,1,12.14088889
09/02/2025 02:00,0,0,0,3.21,0,2.27,0.72,6.465,83.4,1028.47,2,6.888888889,2,83.88888889,1,12.75822222
09/02/2025 03:00,0,0,0,3.01,0,2.135,0.655,6.445,84.1,1028.745,2,7,2,63.33333333,1,12.964
09/02/2025 04:00,0,0.005,0,2.975,0,2.08,0.57,6.405,83.85,1029.06,2,7.055555556,2,50,1,13.06688889
09/02/2025 05:00,0,0,0,3.175,0,2.24,0.725,6.49,83.5,1029.455,2,7.333333333,2,53.88888889,1,13.58133333
09/02/2025 06:00,0,0,0,3.26,0,2.395,1.005,6.615,84.75,1029.945,2,7.333333333,2,56.11111111,1,13.58133333
09/02/2025 07:00,0,0,0,3.415,0,2.55,1.18,6.69,85,1030.65,2,7.555555556,2,53.33333333,1,13.99288889
09/02/2025 08:00,0,0,0,3.69,0,2.835,1.475,6.825,85.15,1031.47,2,7.388888889,2,77.22222222,1,13.68422222
09/02/2025 09:00,0,0,0,4.13,0,3.23,1.87,7,84.9,1032.28,2,7.666666667,2,75.55555556,1,14.19866667
09/02/2025 10:00,0,0,0,4.985,0,3.955,2.42,7.28,83.25,1032.78,2,8.111111111,2,78.88888889,1,15.02177778
09/02/2025 11:00,0,0,0,5.74,0,4.51,2.76,7.455,80.8,1033.22,2,8.277777778,2,45,1,15.33044444
09/02/2025 12:00,0,0,0,6.325,0,4.93,2.97,7.565,78.65,1033.405,2,8.944444444,2,69.44444444,1,16.56511111
09/02/2025 13:00,0,0,0,6.765,0,5.27,3.18,7.675,77.5,1033.42,2,9.611111111,2,50.55555556,1,17.79977778
09/02/2025 14:00,0,0,0,6.87,0,5.385,3.33,7.77,77.9,1033.385,2,9.833333333,2,52.77777778,1,18.21133333
09/02/2025 15:00,0,0,0,6.91,0,5.5,3.6,7.915,79.1,1033.385,2,9.944444444,2,70.55555556,1,18.41711111
09/02/2025 16:00,0,0,0,6.875,0,5.5,3.63,7.925,79.55,1033.52,2,9.722222222,2,52.77777778,1,18.00555556
09/02/2025 17:00,0,0,0,6.67,0,5.375,3.6,7.92,80.45,1033.94,2,9.555555556,2,56.66666667,1,17.69688889
09/02/2025 18:00,0,0,0,6.54,0,5.285,3.555,7.88,80.75,1034.255,2,8.444444444,2,52.22222222,1,15.63911111
09/02/2025 19:00,0,0,0,6.48,0,5.285,3.625,7.935,81.65,1034.565,2,8.388888889,2,56.11111111,1,15.53622222
09/02/2025 20:00,0,0,0,6.45,0,5.27,3.67,7.945,82.05,1034.69,2,9,2,57.22222222,1,16.668
09/02/2025 21:00,0,0,0,6.32,0,5.17,3.585,7.91,82.25,1034.75,2,9.166666667,2,60.55555556,1,16.97666667
09/02/2025 22:00,0,0,0,6.265,0,5.1,3.53,7.87,82.35,1034.94,2,9.111111111,2,60.55555556,1,16.87377778
09/02/2025 23:00,0,0,0,6.145,0,4.995,3.425,7.825,82.3,1034.8,2,8.555555556,2,63.88888889,1,15.84488889
10/02/2025 00:00,0,0,0,5.905,0,4.785,3.225,7.72,82.6,1034.715,2,8,2,60.55555556,1,14.816
10/02/2025 01:00,0,0,0,5.955,0,4.815,3.23,7.705,82.4,1034.44,2,7.722222222,2,62.22222222,1,14.30155556
10/02/2025 02:00,0,0,0,5.88,0,4.715,3.07,7.625,81.9,1033.885,2,7.666666667,2,58.33333333,1,14.19866667
10/02/2025 03:00,0,0,0,5.735,0,4.6,2.985,7.575,81.95,1033.525,2,7.555555556,2,56.66666667,1,13.99288889
10/02/2025 04:00,0,0,0,5.595,0,4.43,2.745,7.46,81.55,1033.145,2,7.111111111,2,51.66666667,1,13.16977778
10/02/2025 05:00,0,0.005,0,5.175,0,4.105,2.525,7.34,82.7,1032.705,2,7.833333333,2,57.22222222,1,14.50733333
10/02/2025 06:00,0,0.015,0,4.995,0,3.93,2.37,7.26,83.1,1032.385,2,8.055555556,2,50,1,14.91888889
10/02/2025 07:00,0,0.01,0,4.895,0,3.815,2.21,7.17,82.4,1032.1,2,8.333333333,2,67.77777778,1,15.43333333
10/02/2025 08:00,0,0.02,0,4.76,0,3.62,1.885,7.005,81.5,1032.055,2,8.388888889,2,72.22222222,1,15.53622222
10/02/2025 09:00,0,0.02,0,4.79,0,3.655,1.88,7.01,81.2,1031.945,2,8.5,2,70.55555556,1,15.742
10/02/2025 10:00,0,0.05,0,4.99,0,3.77,1.9,7.02,80.1,1031.625,2,9.277777778,2,56.66666667,1,17.18244444
10/02/2025 11:00,0,0.015,0,5.295,0,3.93,1.855,6.99,78.25,1031.29,2,10.16666667,2,56.11111111,1,18.82866667
10/02/2025 12:00,0,0.01,0,5.4,0,3.96,1.745,6.93,77.05,1030.765,2,10.83333333,2,58.33333333,1,20.06333333
10/02/2025 13:00,0,0.015,0,5.62,0,4.035,1.64,6.885,75.2,1029.965,2,11.16666667,2,62.22222222,1,20.68066667
10/02/2025 14:00,0,0.12,0,5.48,0,3.945,1.57,6.86,75.65,1029.26,2,10.88888889,2,61.11111111,1,20.16622222
10/02/2025 15:00,0,0.08,0,5.465,0,3.845,1.35,6.765,74.65,1028.71,2,10.66666667,2,62.77777778,1,19.75466667
10/02/2025 16:00,0,0.05,0,5.29,0,3.695,1.245,6.705,75.1,1028.2,2,10.38888889,2,59.44444444,1,19.24022222
10/02/2025 17:00,0,0.19,0,4.825,0,3.38,1.115,6.63,76.75,1027.845,2,10,2,60,1,18.52
10/02/2025 18:00,0,0.115,0,4.385,0,3.135,1.175,6.68,79.65,1027.655,2,9.277777778,2,72.77777778,1,17.18244444
10/02/2025 19:00,0,0.115,0,4.165,0,3.005,1.16,6.675,80.6,1027.285,2,8.722222222,2,72.77777778,1,16.15355556
10/02/2025 20:00,0,0.055,0,4.03,0,2.96,1.25,6.705,81.95,1026.945,2,8.888888889,2,75.55555556,1,16.46222222
10/02/2025 21:00,0,0.07,0,3.93,0,2.92,1.34,6.75,83.05,1026.595,2,8.833333333,2,76.66666667,1,16.35933333
10/02/2025 22:00,0,0.08,0,3.735,0,2.85,1.425,6.77,84.55,1026.315,2,8.611111111,2,57.22222222,1,15.94777778
10/02/2025 23:00,0,0.105,0,3.725,0,2.91,1.595,6.86,85.75,1025.85,2,8.333333333,2,80,1,15.43333333
11/02/2025 00:00,0,0.065,0,3.78,0,2.98,1.74,6.935,86.4,1025.295,2,9,2,77.77777778,1,16.668
11/02/2025 01:00,0,0.045,0,3.9,0,3.11,1.855,6.99,86.35,1024.825,2,8.888888889,2,66.66666667,1,16.46222222
11/02/2025 02:00,0,0.035,0,3.95,0,3.125,1.84,6.99,86,1024.29,2,8.333333333,2,71.11111111,1,15.43333333
11/02/2025 03:00,0,0.025,0,3.87,0,3.12,1.965,7.04,87.25,1023.76,2,8.055555556,2,83.88888889,1,14.91888889
11/02/2025 04:00,0,0.015,0,3.85,0,3.12,1.97,7.05,87.35,1023.105,2,7.666666667,2,84.44444444,1,14.19866667
11/02/2025 05:00,0,0.035,0,3.92,0,3.125,1.905,7.015,86.6,1022.665,2,7.777777778,2,67.77777778,1,14.40444444
11/02/2025 06:00,0,0.035,0,3.88,0,3.085,1.885,7.025,86.7,1022.27,2,7.888888889,2,68.33333333,1,14.61022222
11/02/2025 07:00,0,0.035,0,3.775,0,3.02,1.815,6.98,86.85,1021.87,2,7.777777778,2,63.88888889,1,14.40444444
11/02/2025 08:00,0,0.025,0,3.785,0,2.985,1.76,6.94,86.5,1021.665,2,7.722222222,2,65,1,14.30155556
11/02/2025 09:00,0,0.03,0,4.025,0,3.185,1.88,7,85.75,1021.395,2,8.222222222,2,68.88888889,1,15.22755556
11/02/2025 10:00,0,0.01,0,4.42,0,3.535,2.215,7.155,85.35,1021.1,2,8.555555556,2,68.88888889,1,15.84488889
11/02/2025 11:00,0,0.035,0,5.04,0,3.915,2.25,7.185,82.1,1020.785,2,9.055555556,2,78.33333333,1,16.77088889
11/02/2025 12:00,0,0.02,0,5.305,0,4.07,2.255,7.195,80.75,1020.345,2,9.888888889,2,83.33333333,1,18.31422222
11/02/2025 13:00,0,0.015,0,5.42,0,4.18,2.34,7.24,80.25,1019.795,2,9.888888889,2,83.88888889,1,18.31422222
11/02/2025 14:00,0,0.045,0,5.5,0,4.255,2.425,7.285,80.25,1019.085,2,10.05555556,2,87.77777778,1,18.62288889
11/02/2025 15:00,0,0.04,0,5.31,0,4.165,2.465,7.3,81.65,1018.495,2,10.16666667,2,88.33333333,1,18.82866667
11/02/2025 16:00,0,0.115,0,5.12,0,4.14,2.72,7.435,84.45,1018.09,2,9.388888889,2,87.22222222,1,17.38822222
11/02/2025 17:00,0,0.18,0,5.02,0,4.095,2.72,7.435,84.85,1017.89,2,9.5,2,87.77777778,1,17.594
11/02/2025 18:00,0,0.185,0,5.025,0,4.08,2.705,7.43,84.7,1017.89,2,10.22222222,2,87.77777778,1,18.93155556
11/02/2025 19:00,0,0.125,0,5.085,0,4.155,2.805,7.48,85,1017.8,2,10.16666667,2,90,1,18.82866667
11/02/2025 20:00,0,0.07,0,5.23,0,4.27,2.88,7.53,84.5,1017.675,2,10.94444444,2,92.22222222,1,20.26911111
11/02/2025 21:00,0,0.04,0,5.31,0,4.305,2.875,7.515,84.05,1017.62,2,11.94444444,2,97.22222222,1,22.12111111
11/02/2025 22:00,0,0.065,0,5.38,0,4.335,2.78,7.475,83.1,1017.57,2,12.33333333,2,98.88888889,1,22.84133333
11/02/2025 23:00,0,0.11,0,5.39,0,4.355,2.875,7.52,83.5,1017.5,2,12.27777778,2,100,1,22.73844444
12/02/2025 00:00,0,0.19,0,5.35,0,4.355,2.94,7.565,84.15,1017.475,2,11.72222222,2,103.3333333,1,21.70955556
12/02/2025 01:00,0,0.115,0,5.325,0,4.34,2.9,7.535,84.15,1017.495,2,10.88888889,2,103.3333333,1,20.16622222
12/02/2025 02:00,0,0.115,0,5.325,0,4.33,2.905,7.545,84,1017.34,2,10.94444444,2,102.2222222,1,20.26911111
12/02/2025 03:00,0,0.11,0,5.39,0,4.39,2.97,7.58,84.15,1017.275,2,11.27777778,2,101.6666667,1,20.88644444
12/02/2025 04:00,0,0.085,0,5.365,0,4.365,2.89,7.54,83.7,1017.185,2,11,2,103.8888889,1,20.372
12/02/2025 05:00,0,0.075,0,5.4,0,4.365,2.83,7.52,83.3,1017.145,2,11.11111111,2,103.8888889,1,20.57777778
12/02/2025 06:00,0,0.05,0,5.425,0,4.32,2.69,7.445,82.25,1017.3,2,11.27777778,2,102.2222222,1,20.88644444
12/02/2025 07:00,0,0.015,0,5.41,0,4.315,2.655,7.43,82.05,1017.48,2,10.88888889,2,102.7777778,1,20.16622222
12/02/2025 08:00,0,0.005,0,5.455,0,4.305,2.625,7.415,81.75,1017.67,2,10.77777778,2,105,1,19.96044444
12/02/2025 09:00,0,0,0,5.57,0,4.39,2.66,7.43,81.25,1017.965,2,11,2,110.5555556,1,20.372
12/02/2025 10:00,0,0.01,0,5.84,0,4.56,2.69,7.445,79.75,1018.23,2,11.55555556,2,110,1,21.40088889
12/02/2025 11:00,0,0.045,0,6.055,0,4.755,2.885,7.545,79.75,1018.71,2,11.05555556,2,112.2222222,1,20.47488889
12/02/2025 12:00,0,0.01,0,6.265,0,4.86,2.825,7.525,78.2,1018.99,2,11.16666667,2,116.1111111,1,20.68066667
12/02/2025 13:00,0,0.04,0,6.445,0,4.945,2.795,7.525,77.25,1018.76,2,12.16666667,2,117.2222222,1,22.53266667
12/02/2025 14:00,0,0.045,0,6.46,0,4.97,2.825,7.545,77.3,1018.535,2,11.33333333,2,116.6666667,1,20.98933333
12/02/2025 15:00,0,0.015,0,6.475,0,4.99,2.85,7.54,77.35,1018.52,2,11.33333333,2,114.4444444,1,20.98933333
12/02/2025 16:00,0,0.03,0,6.315,0,4.875,2.765,7.51,77.8,1018.57,2,11.05555556,2,111.1111111,1,20.47488889
12/02/2025 17:00,0,0.03,0,6.11,0,4.745,2.775,7.5,78.8,1018.795,2,11.05555556,2,111.1111111,1,20.47488889
12/02/2025 18:00,0,0.04,0,5.88,0,4.56,2.61,7.415,79.2,1019.24,2,10.88888889,2,111.6666667,1,20.16622222
12/02/2025 19:00,0,0.07,0,5.78,0,4.505,2.635,7.425,79.85,1019.6,2,10.61111111,2,112.2222222,1,19.65177778
12/02/2025 20:00,0,0.105,0,5.65,0,4.395,2.535,7.385,79.95,1019.785,2,10.55555556,2,112.2222222,1,19.54888889
12/02/2025 21:00,0,0.23,0,5.615,0,4.39,2.56,7.4,80.4,1020.035,2,10.61111111,2,112.7777778,1,19.65177778
12/02/2025 22:00,0,0.15,0,5.535,0,4.335,2.575,7.39,80.95,1020.135,2,10.27777778,2,111.1111111,1,19.03444444
12/02/2025 23:00,0,0.125,0,5.47,0,4.285,2.51,7.36,80.9,1020.115,2,9.888888889,2,111.6666667,1,18.31422222
13/02/2025 00:00,0,0.07,0,5.51,0,4.295,2.485,7.345,80.4,1020.33,2,10.11111111,2,111.6666667,1,18.72577778
13/02/2025 01:00,0,0.045,0,5.52,0,4.275,2.435,7.33,80.25,1020.39,2,10.16666667,2,110,1,18.82866667
13/02/2025 02:00,0,0.07,0,5.475,0,4.31,2.575,7.41,81.35,1020.385,2,10.11111111,2,111.1111111,1,18.72577778
13/02/2025 03:00,0,0.05,0,5.525,0,4.335,2.575,7.42,81.15,1020.315,2,9.5,2,113.3333333,1,17.594
13/02/2025 04:00,0,0.025,0,5.56,0,4.34,2.505,7.38,80.5,1020.195,2,10,2,111.6666667,1,18.52
13/02/2025 05:00,0,0.025,0,5.47,0,4.25,2.43,7.345,80.6,1020.17,2,10.27777778,2,112.2222222,1,19.03444444
13/02/2025 06:00,0,0.045,0,5.36,0,4.17,2.325,7.29,80.6,1020.17,2,10.05555556,2,111.1111111,1,18.62288889
13/02/2025 07:00,0,0.065,0,5.44,0,4.19,2.32,7.28,80.15,1019.96,2,10.22222222,2,111.1111111,1,18.93155556
13/02/2025 08:00,0,0.015,0,5.45,0,4.06,1.93,7.075,77.9,1020.035,2,11.22222222,2,108.8888889,1,20.78355556
13/02/2025 09:00,0,0.01,0,5.57,0,4.115,1.85,7.055,76.75,1020.15,2,11.94444444,2,110,1,22.12111111
13/02/2025 10:00,0,0.005,0,5.75,0,4.135,1.695,6.945,74.8,1020.03,2,12.22222222,2,110,1,22.63555556
13/02/2025 11:00,0,0,0,5.955,0,4.21,1.57,6.885,73,1019.85,2,14.11111111,2,110,1,26.13377778
13/02/2025 12:00,0,0,0,5.95,0,4.195,1.535,6.88,73,1019.52,2,14.77777778,2,110.5555556,1,27.36844444
13/02/2025 13:00,0,0,0,5.905,0,4.125,1.38,6.81,72.4,1018.86,2,15.33333333,2,116.6666667,1,28.39733333
13/02/2025 14:00,0,0.005,0,5.795,0,3.995,1.2,6.73,72.05,1018.205,2,15.88888889,2,112.7777778,1,29.42622222
13/02/2025 15:00,0,0.05,0,5.56,0,3.865,1.19,6.71,73.05,1017.77,2,16.44444444,2,111.6666667,1,30.45511111
13/02/2025 16:00,0,0.085,0,5.405,0,3.745,1.075,6.695,73.45,1017.29,2,16.94444444,2,113.3333333,1,31.38111111
13/02/2025 17:00,0,0.17,0,5.09,0,3.485,0.85,6.615,73.75,1016.79,2,17.22222222,2,114.4444444,1,31.89555556
13/02/2025 18:00,0,0.3,0,4.855,0,3.345,0.825,6.595,75.1,1016.475,2,17.77777778,2,112.7777778,1,32.92444444
13/02/2025 19:00,0,0.33,0,4.66,0,3.305,1.085,6.745,77.5,1016.325,2,17.11111111,2,110,1,31.68977778
13/02/2025 20:00,0,0.34,0,4.55,0,3.275,1.16,6.775,78.8,1016.125,2,16.88888889,2,109.4444444,1,31.27822222
13/02/2025 21:00,0,0.355,0,4.45,0,3.25,1.3,6.835,79.95,1015.965,2,17.05555556,2,110.5555556,1,31.58688889
13/02/2025 22:00,0,0.31,0,4.41,0,3.36,1.615,7.015,82.05,1015.7,2,16.77777778,2,112.2222222,1,31.07244444
13/02/2025 23:00,0,0.32,0,4.535,0,3.565,2.005,7.19,83.55,1015.49,2,16.33333333,2,113.3333333,1,30.24933333
14/02/2025 00:00,0,0.32,0,4.685,0,3.745,2.305,7.35,84.45,1015.295,2,15.88888889,2,115.5555556,0,29.42622222
14/02/2025 01:00,0,0.225,0,4.77,0,3.905,2.58,7.495,85.55,1015.12,2,16.22222222,2,116.1111111,0,30.04355556
14/02/2025 02:00,0,0.325,0,4.83,0,4.065,2.9,7.665,87.05,1014.82,2,15.33333333,2,115.5555556,0,28.39733333
14/02/2025 03:00,0,0.245,0,5.005,0,4.285,3.155,7.82,87.45,1014.575,2,14.38888889,2,115,0,26.64822222
14/02/2025 04:00,0,0.27,0,5.235,0,4.46,3.315,7.875,87.15,1014.125,2,15.16666667,2,116.1111111,0,28.08866667
14/02/2025 05:00,0,0.45,0,5.395,0,4.595,3.405,7.935,86.6,1014.135,2,15.66666667,2,116.1111111,0,29.01466667
14/02/2025 06:00,0,0.645,0,5.48,0,4.69,3.525,8,87,1014.13,2,14.44444444,2,116.1111111,0,26.75111111
14/02/2025 07:00,0,0.38,0,5.57,0,4.815,3.69,8.05,87.35,1014.23,2,13.66666667,2,123.8888889,0,25.31066667
14/02/2025 08:00,0,0.33,0,5.625,0,4.925,3.9,8.185,88.45,1014.65,2,13.77777778,2,125.5555556,0,25.51644444
14/02/2025 09:00,0,0.77,0,5.66,0,5.035,4.135,8.33,89.55,1015.08,2,13.22222222,2,122.7777778,0,24.48755556
14/02/2025 10:00,0,0.73,0,5.86,0,5.28,4.43,8.495,90.25,1015.505,2,12.27777778,2,123.3333333,0,22.73844444
14/02/2025 11:00,0,0.755,0,6.08,0,5.51,4.73,8.665,90.8,1015.835,2,11.88888889,2,126.6666667,0,22.01822222
14/02/2025 12:00,0,0.715,0,6.44,0,5.795,4.97,8.81,90.15,1016.135,2,11.5,2,136.6666667,0,21.298
14/02/2025 13:00,0,0.495,0,6.875,0,6.12,5.155,8.93,88.85,1016.395,2,10.11111111,2,135,0,18.72577778
14/02/2025 14:00,0,0.205,0,7.295,0,6.385,5.275,8.985,87.1,1016.365,2,9.833333333,2,135,0,18.21133333
14/02/2025 15:00,0,0.05,0,7.6,0,6.655,5.525,9.14,86.8,1016.26,2,9.277777778,2,126.1111111,0,17.18244444
14/02/2025 16:00,0,0.07,0,7.54,0,6.6,5.435,9.055,86.55,1016.32,2,9.166666667,2,123.8888889,0,16.97666667
14/02/2025 17:00,0,0.065,0,7.345,0,6.445,5.335,9,87.35,1016.435,2,8.722222222,2,121.6666667,0,16.15355556
14/02/2025 18:00,0,0.005,0,6.755,0,6.11,5.295,8.955,90.2,1016.95,2,7.777777778,2,116.6666667,0,14.40444444
14/02/2025 19:00,0,0,0,6.65,0,6.08,5.35,9.005,91.3,1017.165,2,7.888888889,2,108.3333333,0,14.61022222
14/02/2025 20:00,0,0,0,6.595,0,6.08,5.425,9.05,92.15,1017.115,2,8.388888889,2,102.7777778,0,15.53622222
14/02/2025 21:00,0,0,0,6.49,0,6.055,5.5,9.075,93.1,1017.09,2,8.444444444,2,108.3333333,0,15.63911111
14/02/2025 22:00,0,0,0,6.47,0,6.055,5.52,9.085,93.25,1017.09,2,8.222222222,2,110.5555556,0,15.22755556
14/02/2025 23:00,0,0,0,6.595,0,6.19,5.67,9.185,93.6,1017.07,2,7.722222222,2,112.2222222,0,14.30155556
15/02/2025 00:00,0,0.015,0,6.655,0,6.25,5.75,9.24,93.65,1016.975,2,7.666666667,2,112.7777778,0,14.19866667
15/02/2025 01:00,0,0.055,0,6.585,0,6.215,5.75,9.24,94.2,1016.79,2,7.611111111,2,113.3333333,0,14.09577778
15/02/2025 02:00,0,0.045,0,6.56,0,6.215,5.785,9.255,94.45,1016.185,2,7.777777778,2,110,0,14.40444444
15/02/2025 03:00,0,0.045,0,6.39,0,6.095,5.72,9.23,95.15,1015.48,2,8.388888889,2,104.4444444,0,15.53622222
15/02/2025 04:00,0,0.105,0,6.435,0,6.13,5.76,9.245,94.95,1014.955,2,8.444444444,2,102.2222222,0,15.63911111
15/02/2025 05:00,0,0.22,0,6.5,0,6.18,5.81,9.295,95,1014.935,2,7.833333333,2,102.2222222,0,14.50733333
15/02/2025 06:00,0,0.085,0,6.56,0,6.24,5.85,9.33,94.9,1014.785,2,7.833333333,2,108.8888889,0,14.50733333
15/02/2025 07:00,0,0.04,0,6.515,0,6.2,5.79,9.295,94.75,1014.555,2,8.5,2,107.2222222,0,15.742
15/02/2025 08:00,0,0.045,0,6.615,0,6.305,5.94,9.385,95.25,1014.595,2,8.166666667,2,107.2222222,0,15.12466667
15/02/2025 09:00,0,0.065,0,6.97,0,6.67,6.285,9.615,95.15,1014.645,2,8.444444444,2,105,0,15.63911111
15/02/2025 10:00,0,0.095,0,7.355,0,6.985,6.55,9.79,94.4,1014.5,2,8.777777778,2,106.1111111,0,16.25644444
15/02/2025 11:00,0,0.115,0,7.72,0,7.325,6.88,9.985,94,1014.315,2,9.5,2,107.2222222,0,17.594
15/02/2025 12:00,0,0.11,0,8.155,0,7.66,7.08,10.13,92.75,1014.135,2,9.444444444,2,108.3333333,0,17.49111111
15/02/2025 13:00,0,0.085,0,8.455,0,7.92,7.295,10.285,92.05,1013.685,2,10.22222222,2,108.3333333,0,18.93155556
15/02/2025 14:00,0,0.1,0,8.63,0,8.035,7.325,10.3,91.2,1013.38,2,10.38888889,2,107.2222222,0,19.24022222
15/02/2025 15:00,0,0.04,0,8.545,0,7.975,7.34,10.3,91.65,1013.08,2,10.83333333,2,110,0,20.06333333
15/02/2025 16:00,0,0.055,0,8.315,0,7.74,7.045,10.1,91.45,1012.935,2,11.66666667,2,103.8888889,0,21.60666667
15/02/2025 17:00,0,0.08,0,8.05,0,7.525,6.88,9.99,91.85,1012.845,2,11.55555556,2,107.2222222,0,21.40088889
15/02/2025 18:00,0,0.055,0,7.755,0,7.245,6.645,9.83,92.35,1012.97,2,11.55555556,2,107.2222222,0,21.40088889
15/02/2025 19:00,0,0.11,0,7.52,0,7.005,6.39,9.68,92.25,1013.115,2,11.22222222,2,108.3333333,0,20.78355556
15/02/2025 20:00,0,0.1,0,7.365,0,6.82,6.18,9.535,91.95,1013.22,2,11.5,2,105.5555556,0,21.298
15/02/2025 21:00,0,0.085,0,7.225,0,6.675,6.01,9.425,91.55,1013.38,2,10.83333333,2,105,0,20.06333333
15/02/2025 22:00,0,0.03,0,7.055,0,6.505,5.81,9.295,91.55,1013.49,2,11.16666667,2,104.4444444,0,20.68066667
15/02/2025 23:00,0,0.03,0,6.945,0,6.38,5.675,9.21,91.35,1013.49,2,11.38888889,2,107.2222222,0,21.09222222
16/02/2025 00:00,0,0.015,0,6.865,0,6.285,5.545,9.115,91.05,1013.53,2,11.22222222,2,109.4444444,1,20.78355556
16/02/2025 01:00,0,0.015,0,6.815,0,6.205,5.455,9.06,90.8,1013.565,2,11.77777778,2,110,1,21.81244444
16/02/2025 02:00,0,0.015,0,6.755,0,6.15,5.38,9,90.55,1013.235,2,11.16666667,2,107.7777778,1,20.68066667
16/02/2025 03:00,0,0.055,0,6.735,0,6.115,5.355,8.985,90.6,1013.035,2,10.94444444,2,106.1111111,1,20.26911111
16/02/2025 04:00,0,0.075,0,6.68,0,6.06,5.25,8.915,90.3,1012.745,2,11.16666667,2,106.6666667,1,20.68066667
16/02/2025 05:00,0,0.045,0,6.64,0,6.035,5.265,8.9,90.6,1012.755,2,10.55555556,2,107.7777778,1,19.54888889
16/02/2025 06:00,0,0.035,0,6.69,0,6.085,5.335,8.96,90.85,1012.735,2,10.88888889,2,106.1111111,1,20.16622222
16/02/2025 07:00,0,0.125,0,6.76,0,6.16,5.43,9.02,91,1012.81,2,11.16666667,2,108.3333333,1,20.68066667
16/02/2025 08:00,0,0.225,0,6.76,0,6.175,5.42,9.005,90.8,1012.96,2,11.61111111,2,111.6666667,1,21.50377778
16/02/2025 09:00,0,0.185,0,6.955,0,6.365,5.605,9.145,90.8,1013.295,2,12.5,2,114.4444444,1,23.15
16/02/2025 10:00,0,0.155,0,7.115,0,6.43,5.57,9.115,89.55,1013.535,2,13,2,117.7777778,1,24.076
16/02/2025 11:00,0,0.235,0,7.375,0,6.64,5.715,9.21,88.7,1013.93,2,12.66666667,2,120,1,23.45866667
16/02/2025 12:00,0,0.325,0,7.67,0,6.865,5.84,9.3,87.85,1014.1,2,11.88888889,2,125.5555556,1,22.01822222
16/02/2025 13:00,0,0.23,0,7.75,0,6.795,5.63,9.14,86.2,1013.96,2,12,2,125,1,22.224
16/02/2025 14:00,0,0.19,0,7.885,0,6.91,5.685,9.17,85.6,1013.93,2,12.27777778,2,125,1,22.73844444
16/02/2025 15:00,0,0.2,0,7.825,0,6.735,5.365,9.005,84.15,1013.66,2,12.88888889,2,125,1,23.87022222
16/02/2025 16:00,0,0.055,0,7.61,0,6.545,5.2,8.88,84.45,1013.745,2,12.44444444,2,126.6666667,1,23.04711111
16/02/2025 17:00,0,0.15,0,7.37,0,6.355,5.045,8.795,84.95,1013.85,2,12.05555556,2,126.6666667,1,22.32688889
16/02/2025 18:00,0,0.13,0,7.155,0,6.215,4.985,8.77,85.85,1014.27,2,11.5,2,131.6666667,1,21.298
16/02/2025 19:00,0,0.06,0,7.01,0,6.105,4.94,8.73,86.25,1014.75,2,11.16666667,2,131.6666667,1,20.68066667
16/02/2025 20:00,0,0.065,0,6.97,0,6.08,4.875,8.685,86.25,1014.99,2,11.72222222,2,131.1111111,1,21.70955556
16/02/2025 21:00,0,0.085,0,6.87,0,5.965,4.805,8.65,86.45,1015.11,2,11.88888889,2,132.7777778,1,22.01822222
16/02/2025 22:00,0,0.085,0,6.77,0,5.905,4.765,8.605,86.45,1015.175,2,11.83333333,2,129.4444444,1,21.91533333
16/02/2025 23:00,0,0.03,0,6.72,0,5.83,4.645,8.55,86.35,1014.965,2,12.11111111,2,130,1,22.42977778
17/02/2025 00:00,0,0,0,6.655,0,5.715,4.47,8.44,85.55,1014.83,2,12.5,2,129.4444444,1,23.15
17/02/2025 01:00,0,0,0,6.55,0,5.59,4.305,8.355,85.15,1014.745,2,12.22222222,2,131.6666667,1,22.63555556
17/02/2025 02:00,0,0,0,6.445,0,5.465,4.15,8.26,84.9,1014.51,2,11.83333333,2,129.4444444,1,21.91533333
17/02/2025 03:00,0,0,0,6.35,0,5.365,4.03,8.18,84.65,1014.375,2,11.77777778,2,130.5555556,1,21.81244444
17/02/2025 04:00,0,0,0,6.245,0,5.23,3.845,8.11,84.25,1014.22,2,11.27777778,2,127.7777778,1,20.88644444
17/02/2025 05:00,0,0,0,6.225,0,5.2,3.79,8.065,84.05,1014.14,2,11.22222222,2,128.8888889,1,20.78355556
17/02/2025 06:00,0,0.005,0,6.195,0,5.14,3.67,8.045,83.6,1014.015,2,11.72222222,2,126.6666667,1,21.70955556
17/02/2025 07:00,0,0.02,0,6.165,0,5.11,3.605,7.995,83.5,1013.86,2,11.88888889,2,128.3333333,1,22.01822222
17/02/2025 08:00,0,0.05,0,6.045,0,5.04,3.665,8.035,84.3,1013.99,2,12.44444444,2,125.5555556,1,23.04711111
17/02/2025 09:00,0,0.06,0,6.195,0,5.215,3.845,8.13,84.45,1013.965,2,13.22222222,2,124.4444444,1,24.48755556
17/02/2025 10:00,0,0.135,0,6.41,0,5.425,4.06,8.265,84.5,1013.71,2,13.16666667,2,126.1111111,1,24.38466667
17/02/2025 11:00,0,0.115,0,6.755,0,5.7,4.27,8.375,83.85,1013.49,2,13.38888889,2,123.8888889,1,24.79622222
17/02/2025 12:00,0,0.095,0,7.03,0,5.965,4.5,8.53,83.55,1013.295,2,14.11111111,2,126.6666667,1,26.13377778
17/02/2025 13:00,0,0.17,0,7.425,0,6.32,4.83,8.725,83.5,1012.895,2,14.27777778,2,130.5555556,1,26.44244444
17/02/2025 14:00,0,0.18,0,7.425,0,6.4,5.05,8.855,84.7,1012.535,2,14.61111111,2,132.7777778,1,27.05977778
17/02/2025 15:00,0,0.29,0,7.415,0,6.475,5.255,8.98,85.9,1012.065,2,14.16666667,2,132.2222222,1,26.23666667
17/02/2025 16:00,0,0.255,0,7.33,0,6.5,5.4,9.105,87.4,1011.77,2,14,2,130.5555556,1,25.928
17/02/2025 17:00,0,0.32,0,7.175,0,6.485,5.555,9.185,89.15,1011.63,2,14,2,131.6666667,1,25.928
17/02/2025 18:00,0,0.35,0,7.165,0,6.545,5.73,9.305,90.3,1011.64,2,13.88888889,2,132.2222222,1,25.72222222
17/02/2025 19:00,0,0.28,0,7.27,0,6.68,5.92,9.405,90.95,1011.65,2,14.61111111,2,131.6666667,1,27.05977778
17/02/2025 20:00,0,0.34,0,7.345,0,6.835,6.165,9.57,91.75,1011.59,2,15.05555556,2,131.1111111,1,27.88288889
17/02/2025 21:00,0,0.355,0,7.525,0,6.99,6.37,9.69,92.05,1011.58,2,14.94444444,2,132.7777778,1,27.67711111
17/02/2025 22:00,0,0.34,0,7.645,0,7.145,6.52,9.77,92.15,1011.565,2,14.77777778,2,132.7777778,1,27.36844444
17/02/2025 23:00,0,0.18,0,7.74,0,7.245,6.655,9.86,92.35,1011.505,2,14.83333333,2,136.1111111,1,27.47133333
18/02/2025 00:00,0,0.24,0,7.765,0,7.27,6.65,9.88,92.35,1011.52,2,14.72222222,2,136.6666667,1,27.26555556
18/02/2025 01:00,0,0.23,0,7.725,0,7.26,6.705,9.91,92.85,1011.665,2,13.94444444,2,137.2222222,1,25.82511111
18/02/2025 02:00,0,0.32,0,7.79,0,7.315,6.75,9.94,92.8,1011.485,2,14.22222222,2,135.5555556,1,26.33955556
18/02/2025 03:00,0,0.16,0,7.72,0,7.255,6.69,9.89,92.85,1011.36,2,13.94444444,2,133.3333333,1,25.82511111
18/02/2025 04:00,0,0.11,0,7.76,0,7.295,6.715,9.905,92.65,1011.065,2,13.55555556,2,135,1,25.10488889
18/02/2025 05:00,0,0.15,0,7.845,0,7.345,6.755,9.945,92.4,1010.89,2,13.38888889,2,135.5555556,1,24.79622222
18/02/2025 06:00,0,0.085,0,7.92,0,7.405,6.795,9.95,92.15,1010.71,2,13.55555556,2,132.2222222,1,25.10488889
18/02/2025 07:00,0,0.13,0,7.95,0,7.425,6.795,9.97,92.05,1010.81,2,14.05555556,2,133.8888889,1,26.03088889
18/02/2025 08:00,0,0.075,0,8.02,0,7.485,6.855,9.98,91.95,1011.005,2,13.77777778,2,132.2222222,1,25.51644444
18/02/2025 09:00,0,0.065,0,8.185,0,7.61,6.91,10.005,91.3,1011.14,2,14.05555556,2,132.2222222,1,26.03088889
18/02/2025 10:00,0,0.02,0,8.39,0,7.665,6.835,9.965,89.6,1011.095,2,14,2,132.2222222,1,25.928
18/02/2025 11:00,0,0.02,0,8.68,0,7.825,6.855,9.95,88.1,1011.13,2,14.16666667,2,130,1,26.23666667
18/02/2025 12:00,0,0.06,0,8.855,0,7.935,6.88,9.955,87.15,1010.9,2,14.88888889,2,132.7777778,1,27.57422222
18/02/2025 13:00,0,0.05,0,8.8,0,7.835,6.715,9.86,86.65,1010.28,2,15.27777778,2,132.7777778,1,28.29444444
18/02/2025 14:00,0,0.005,0,8.63,0,7.64,6.505,9.72,86.4,1009.715,2,15.55555556,2,132.7777778,1,28.80888889
18/02/2025 15:00,0,0.005,0,8.505,0,7.495,6.305,9.58,85.85,1009.14,2,15.27777778,2,130,1,28.29444444
18/02/2025 16:00,0,0.005,0,8.35,0,7.26,5.995,9.385,84.65,1008.6,2,15,2,126.6666667,1,27.78
18/02/2025 17:00,0,0,0,8.12,0,6.97,5.575,9.13,83.55,1008.095,2,14.5,2,125.5555556,1,26.854
18/02/2025 18:00,0,0,0,7.775,0,6.595,5.09,8.825,82.6,1007.79,2,14.94444444,2,127.2222222,1,27.67711111
18/02/2025 19:00,0,0,0,7.515,0,6.255,4.635,8.57,81.6,1007.43,2,15.61111111,2,127.7777778,1,28.91177778
18/02/2025 20:00,0,0,0,7.42,0,6.065,4.285,8.345,80.05,1006.945,2,15.88888889,2,126.6666667,1,29.42622222
18/02/2025 21:00,0,0.005,0,7.29,0,5.94,4.12,8.285,79.9,1006.39,2,15,2,125.5555556,1,27.78
18/02/2025 22:00,0,0.09,0,7.34,0,5.95,4.1,8.285,79.6,1005.79,2,15.77777778,2,126.1111111,1,29.22044444
18/02/2025 23:00,0,0.225,0,7.405,0,6.005,4.065,8.305,79.1,1005.335,2,15.88888889,2,130.5555556,1,29.42622222
19/02/2025 00:00,0,0.22,0,7.485,0,6.1,4.185,8.365,79.4,1004.83,2,15.55555556,2,138.8888889,1,28.80888889
19/02/2025 01:00,0,0.185,0,7.55,0,6.245,4.435,8.525,80.55,1004.4,2,15.16666667,2,136.6666667,1,28.08866667
19/02/2025 02:00,0,0.285,0,7.725,0,6.505,4.825,8.76,81.85,1003.89,2,14.44444444,2,137.2222222,1,26.75111111
19/02/2025 03:00,0,0.29,0,7.605,0,6.6,5.23,8.98,84.8,1003.47,2,13.55555556,2,143.3333333,1,25.10488889
19/02/2025 04:00,0,0.39,0,7.575,0,6.805,5.805,9.33,88.45,1003.325,2,12.72222222,2,146.6666667,1,23.56155556
19/02/2025 05:00,0,0.47,0,7.53,0,6.96,6.22,9.56,91.1,1003.37,2,11.94444444,2,148.3333333,1,22.12111111
19/02/2025 06:00,0,0.42,0,7.545,0,7.085,6.495,9.735,92.75,1003.51,2,11.16666667,2,146.1111111,1,20.68066667
19/02/2025 07:00,0,0.14,0,7.6,0,7.16,6.62,9.8,93.15,1003.45,2,10.33333333,2,155.5555556,1,19.13733333
19/02/2025 08:00,0,0.015,0,7.725,0,7.255,6.715,9.84,93,1003.635,2,10.22222222,2,148.3333333,1,18.93155556
19/02/2025 09:00,0,0.04,0,8.37,0,7.805,7.165,10.15,91.8,1003.525,2,10.72222222,2,148.8888889,1,19.85755556
19/02/2025 10:00,0,0.025,0,9.395,0,8.535,7.56,10.44,87.95,1003.46,2,12.33333333,2,158.8888889,1,22.84133333
19/02/2025 11:00,0,0.15,0,10.06,0,8.84,7.53,10.405,84.1,1003.04,2,14.05555556,2,157.2222222,1,26.03088889
19/02/2025 12:00,0,0.5,0,10.41,0,9.025,7.51,10.415,82.55,1002.455,2,15.33333333,2,155.5555556,1,28.39733333
19/02/2025 13:00,0,0.245,0,10.5,0,9.185,7.75,10.58,83.15,1002.06,2,16.05555556,2,157.7777778,1,29.73488889
19/02/2025 14:00,0,0.45,0,10.47,0,9.33,8.06,10.83,85.2,1001.385,2,16.38888889,2,157.7777778,1,30.35222222
19/02/2025 15:00,0,0.495,0,10.405,0,9.475,8.475,11.155,87.85,1000.56,2,16.72222222,2,157.2222222,1,30.96955556
19/02/2025 16:00,0,0.59,0,10.48,0,9.725,8.87,11.445,89.8,999.865,2,16.66666667,2,158.3333333,1,30.86666667
19/02/2025 17:00,0,0.42,0,10.53,0,9.88,9.185,11.665,91.1,998.88,2,16.22222222,2,155,1,30.04355556
19/02/2025 18:00,0,0.83,0,10.665,0,10.12,9.57,11.96,92.65,998.265,2,16.44444444,2,155,1,30.45511111
19/02/2025 19:00,0,1.06,0,10.855,0,10.4,9.97,12.275,93.75,997.7,2,17,2,157.7777778,1,31.484
19/02/2025 20:00,0,0.75,0,11.295,0,10.815,10.325,12.585,93.45,997.48,2,17.16666667,2,168.3333333,1,31.79266667
19/02/2025 21:00,0,0.25,0,11.62,0,11.065,10.55,12.765,92.8,997.56,2,16.5,2,181.6666667,1,30.558
19/02/2025 22:00,0,0.105,0,11.745,0,11.175,10.625,12.805,92.5,997.535,2,15.05555556,2,183.8888889,1,27.88288889
19/02/2025 23:00,0,0.06,0,12.015,0,11.395,10.82,12.98,92,997.25,2,14.5,2,183.8888889,1,26.854
20/02/2025 00:00,0,0.07,0,12.12,0,11.455,10.845,13.005,91.65,996.965,2,15.27777778,2,182.7777778,1,28.29444444
20/02/2025 01:00,0,0.03,0,12.245,0,11.535,10.895,13.03,91.15,996.565,2,15.77777778,2,181.6666667,1,29.22044444
20/02/2025 02:00,0,0.155,0,12.33,0,11.62,10.99,13.13,91.25,995.705,2,16.05555556,2,177.2222222,1,29.73488889
20/02/2025 03:00,0,0.195,0,12.31,0,11.64,10.99,13.125,91.25,994.645,2,16.83333333,2,176.1111111,1,31.17533333
20/02/2025 04:00,0,0.81,0,12.3,0,11.55,10.815,12.985,90.55,993.635,2,18.5,2,178.8888889,1,34.262
20/02/2025 05:00,0,1.035,0,12.11,0,11.3,10.56,12.765,89.95,993.125,2,18.77777778,2,182.2222222,1,34.77644444
20/02/2025 06:00,0,1.33,0,11.695,0,10.89,10.1,12.39,89.55,992.865,2,18.27777778,2,182.2222222,1,33.85044444
20/02/2025 07:00,0,0.805,0,11.585,0,10.54,9.475,11.91,86.65,992.72,2,18.16666667,2,187.2222222,1,33.64466667
20/02/2025 08:00,0,0.235,0,11.42,0,10.23,9,11.525,84.9,993.4,2,18.66666667,2,192.2222222,1,34.57066667
20/02/2025 09:00,0,0.085,0,11.3,0,9.93,8.54,11.155,82.85,993.895,2,18.5,2,195.5555556,1,34.262
20/02/2025 10:00,0,0.62,0,11.025,0,9.685,8.31,10.985,83.15,994.435,2,18,2,197.2222222,1,33.336
20/02/2025 11:00,0,0.495,0,11.575,0,9.89,8.11,10.825,78.9,995.36,2,18.38888889,2,203.8888889,1,34.05622222
20/02/2025 12:00,0,0.28,0,11.515,0,9.385,7.045,10.08,73.8,996.395,2,19.66666667,2,211.1111111,1,36.42266667
20/02/2025 13:00,0,0.235,0,11.845,0,9.64,7.255,10.23,73.4,997.26,2,19.61111111,2,215,1,36.31977778
20/02/2025 14:00,0,0.21,0,12.135,0,9.805,7.32,10.275,72.35,997.855,2,19,2,217.7777778,1,35.188
20/02/2025 15:00,0,0.01,0,12.505,0,9.99,7.305,10.255,70.6,998.55,2,18.38888889,2,217.2222222,1,34.05622222
20/02/2025 16:00,0,0.02,0,12.105,0,9.82,7.37,10.32,72.85,999.43,2,17.66666667,2,213.3333333,1,32.71866667
20/02/2025 17:00,0,0.02,0,11.645,0,9.635,7.465,10.39,75.4,1000.12,2,16.16666667,2,208.8888889,1,29.94066667
20/02/2025 18:00,0,0,0,11.14,0,9.475,7.665,10.52,79.05,1000.61,2,14.5,2,200,1,26.854
20/02/2025 19:00,0,0,0,11.04,0,9.485,7.83,10.64,80.4,1000.665,2,13.77777778,2,190.5555556,1,25.51644444
20/02/2025 20:00,0,0.21,0,10.905,0,9.645,8.32,10.98,83.9,1000.345,2,14.5,2,181.6666667,1,26.854
20/02/2025 21:00,0,0.16,0,10.9,0,9.765,8.585,11.18,85.3,999.705,2,15.11111111,2,179.4444444,1,27.98577778
20/02/2025 22:00,0,0.055,0,11.055,0,9.89,8.705,11.29,85.2,999.04,2,15.33333333,2,172.7777778,1,28.39733333
20/02/2025 23:00,0,0.01,0,11.23,0,10.035,8.8,11.37,84.85,997.85,2,16.5,2,167.7777778,1,30.558
21/02/2025 00:00,0,0.065,0,11.42,0,10.255,9.025,11.55,85.2,996.515,2,16.83333333,2,163.8888889,0,31.17533333
21/02/2025 01:00,0,0.11,0,11.74,0,10.615,9.495,11.89,86,994.555,2,18,2,161.6666667,0,33.336
21/02/2025 02:00,0,0.435,0,11.865,0,10.945,10.06,12.365,88.45,992.325,2,19.61111111,2,160,0,36.31977778
21/02/2025 03:00,0,0.895,0,12.14,0,11.315,10.535,12.735,89.65,990.525,2,20.61111111,2,160.5555556,0,38.17177778
21/02/2025 04:00,0,1.53,0,12.03,0,11.355,10.72,12.915,91.45,988.59,2,21.11111111,2,163.3333333,0,39.09777778
21/02/2025 05:00,0,1.255,0,12.065,0,11.435,10.81,12.98,91.7,986.935,2,21.27777778,2,167.2222222,0,39.40644444
21/02/2025 06:00,0,1.405,0,12.005,0,11.335,10.715,12.885,91.65,985.795,2,22.27777778,2,170.5555556,0,41.25844444
21/02/2025 07:00,0,1.455,0,11.87,0,11.28,10.73,12.905,92.45,985.3,2,21.83333333,2,178.8888889,0,40.43533333
21/02/2025 08:00,0,1.04,0,11.6,0,10.98,10.39,12.625,92.15,985.47,2,19.55555556,2,190.5555556,0,36.21688889
21/02/2025 09:00,0,1.06,0,11.365,0,10.72,10.09,12.37,91.5,985.945,2,16.94444444,2,196.1111111,0,31.38111111
21/02/2025 10:00,0,0.66,0,11.065,0,10.42,9.76,12.115,91.3,986.56,2,14.66666667,2,201.1111111,0,27.16266667
21/02/2025 11:00,0,0.885,0,10.615,0,9.935,9.245,11.695,90.8,987.485,2,13.16666667,2,207.2222222,0,24.38466667
21/02/2025 12:00,0,0.655,0,10.845,0,9.97,9.095,11.585,88.65,988.68,2,12.66666667,2,222.2222222,0,23.45866667
21/02/2025 13:00,0,0.45,0,10.725,0,9.565,8.34,10.99,85.1,989.68,2,13.11111111,2,225.5555556,0,24.28177778
21/02/2025 14:00,0,0.12,0,11.405,0,9.805,8.155,10.845,80.25,990.745,2,13.72222222,2,225,0,25.41355556
21/02/2025 15:00,0,0.01,0,11.66,0,9.795,7.84,10.63,77,991.575,2,14.38888889,2,219.4444444,0,26.64822222
21/02/2025 16:00,0,0.125,0,11.035,0,9.18,7.165,10.145,76.8,992.365,2,14.55555556,2,215,0,26.95688889
21/02/2025 17:00,0,0.07,0,10.57,0,8.865,6.985,10.015,78.1,993.265,2,13.83333333,2,208.8888889,0,25.61933333
21/02/2025 18:00,0,0.105,0,9.835,0,8.365,6.705,9.83,80.55,994.245,2,13,2,201.6666667,0,24.076
21/02/2025 19:00,0,0.12,0,9.535,0,8.185,6.64,9.8,82.05,995.13,2,12.66666667,2,195.5555556,0,23.45866667
21/02/2025 20:00,0,0.015,0,9.34,0,8.02,6.49,9.695,82.1,995.865,2,13,2,195,0,24.076
21/02/2025 21:00,0,0.005,0,9.12,0,7.875,6.435,9.655,83,996.54,2,12.88888889,2,190,0,23.87022222
21/02/2025 22:00,0,0.01,0,8.975,0,7.73,6.275,9.545,83,997.005,2,13.27777778,2,194.4444444,0,24.59044444
21/02/2025 23:00,0,0.14,0,8.685,0,7.57,6.225,9.495,84.15,997.51,2,13.11111111,2,195,0,24.28177778
22/02/2025 00:00,0,0.125,0,8.44,0,7.39,6.15,9.46,85.05,998.035,2,12.33333333,2,201.1111111,0,22.84133333
22/02/2025 01:00,0,0.035,0,8.32,0,7.26,6.015,9.365,84.95,998.8,2,11.55555556,2,202.2222222,0,21.40088889
22/02/2025 02:00,0,0.04,0,8.105,0,7.045,5.755,9.22,84.85,999.35,2,10.55555556,2,206.6666667,0,19.54888889
22/02/2025 03:00,0,0.035,0,7.955,0,6.945,5.735,9.185,85.55,999.885,2,10.44444444,2,205,0,19.34311111
22/02/2025 04:00,0,0.085,0,7.685,0,6.755,5.63,9.13,86.5,1000.62,2,9.833333333,2,204.4444444,0,18.21133333
22/02/2025 05:00,0,0.05,0,7.54,0,6.64,5.535,9.075,86.8,1001.56,2,9.611111111,2,211.6666667,0,17.79977778
22/02/2025 06:00,0,0.03,0,7.485,0,6.575,5.45,9.015,86.55,1002.515,2,9.388888889,2,212.7777778,0,17.38822222
22/02/2025 07:00,0,0.14,0,7.11,0,6.31,5.23,8.89,87.4,1003.43,2,9.222222222,2,216.1111111,0,17.07955556
22/02/2025 08:00,0,0.065,0,7.045,0,6.23,5.185,8.855,87.6,1004.815,2,9.111111111,2,206.1111111,0,16.87377778
22/02/2025 09:00,0,0.03,0,7.91,0,6.915,5.675,9.16,85.45,1005.915789,2,8.944444444,2,211.6666667,0,16.56511111
22/02/2025 10:00,0,0.015,0,9.315,0,7.885,6.19,9.485,80.4,1006.936842,2,10,2,220.5555556,0,18.52
22/02/2025 11:00,0,0.02,0,10.34,0,8.51,6.42,9.64,76.4,1007.836842,2,11.05555556,2,228.3333333,0,20.47488889
22/02/2025 12:00,0,0.03,0,10.91,0,8.76,6.33,9.585,73.15,1008.678947,2,11.5,2,229.4444444,0,21.298
22/02/2025 13:00,0,0.025,0,11.45,0,8.95,6.08,9.435,69.4,1009.226316,2,11.55555556,2,227.7777778,0,21.40088889
22/02/2025 14:00,0,0,0,11.44,0,8.905,5.985,9.375,68.9,1009.815789,2,12.38888889,2,231.1111111,0,22.94422222
22/02/2025 15:00,0,0.06,0,11.415,0,8.875,5.94,9.345,69.05,1010.4,2,12.16666667,2,232.7777778,0,22.53266667
22/02/2025 16:00,0,0.05,0,11.04,0,8.685,5.955,9.345,70.7,1010.852632,2,11.77777778,2,228.3333333,0,21.81244444
22/02/2025 17:00,0,0,0,10.18,0,8.195,5.825,9.28,74.25,1011.142105,2,10.77777778,2,221.1111111,0,19.96044444
22/02/2025 18:00,0,0,0,8.98,0,7.43,5.535,9.1,78.75,1011.431579,2,8.777777778,2,202.2222222,0,16.25644444
22/02/2025 19:00,0,0,0,8.285,0,7.035,5.495,9.075,82.15,1011.7,2,8.333333333,2,186.6666667,0,15.43333333
22/02/2025 20:00,0,0,0,8.11,0,6.975,5.56,9.13,83.55,1011.663158,2,9.555555556,2,178.8888889,0,17.69688889
22/02/2025 21:00,0,0,0,8.325,0,7.15,5.69,9.205,83.25,1011.284211,2,10.66666667,2,172.2222222,0,19.75466667
22/02/2025 22:00,0,0,0,8.585,0,7.35,5.855,9.31,82.65,1010.852632,2,12.44444444,2,171.1111111,0,23.04711111
22/02/2025 23:00,0,0,0,8.805,0,7.58,6.095,9.47,82.85,1010.057895,2,13.55555556,2,170,0,25.10488889
23/02/2025 00:00,0,0.015,0,9.06,0,7.88,6.485,9.705,83.7,1008.747368,2,14.88888889,2,165.5555556,1,27.57422222
23/02/2025 01:00,0,0.075,0,9.565,0,8.245,6.69,9.845,82.1,1007.094737,2,16.77777778,2,165,1,31.07244444
23/02/2025 02:00,0,0.31,0,9.735,0,8.425,6.915,10,82.4,1005.410526,2,19.05555556,2,171.1111111,1,35.29088889
23/02/2025 03:00,0,0.485,0,9.805,0,8.585,7.185,10.17,83.55,1003.642105,2,21.16666667,2,171.1111111,1,39.20066667
23/02/2025 04:00,0,0.72,0,9.935,0,8.82,7.58,10.46,85.25,1002.010526,2,22.77777778,2,171.1111111,1,42.18444444
23/02/2025 05:00,0,0.875,0,10.09,0,9.07,7.955,10.725,86.35,1000.057895,2,23.88888889,2,171.1111111,1,44.24222222
23/02/2025 06:00,0,1.105,0,10.32,0,9.51,8.65,11.27,89.35,998.3263158,2,25.38888889,2,171.6666667,1,47.02022222
23/02/2025 07:00,0,1.565,0,10.57,0,9.975,9.335,11.79,91.95,996.9210526,2,26.05555556,2,176.6666667,1,48.25488889
23/02/2025 08:00,0,1.505,0,10.83,0,10.18,9.545,11.915,91.5,996.5315789,2,25.83333333,2,184.4444444,1,47.84333333
23/02/2025 09:00,0,1.555,0,11.01,0,10.21,9.38,11.79,89.6,996.3842105,2,24.5,2,186.1111111,1,45.374
23/02/2025 10:00,0,1.155,0,11.115,0,10.15,9.135,11.62,87.5,996.1894737,2,22.55555556,2,192.2222222,1,41.77288889
23/02/2025 11:00,0,1.06,0,11.365,0,10.25,9.1,11.6,86,996.3210526,2,21.94444444,2,199.4444444,1,40.64111111
23/02/2025 12:00,0,0.52,0,11.81,0,10.465,9.095,11.595,83.35,996.4105263,2,21.27777778,2,202.2222222,1,39.40644444
23/02/2025 13:00,0,0.4,0,12.135,0,10.61,9.11,11.59,81.8,996.3421053,2,21.16666667,2,205,1,39.20066667
23/02/2025 14:00,0,0.17,0,12.47,0,10.565,8.665,11.235,77.5,996.2368421,2,21.05555556,2,208.8888889,1,38.99488889
23/02/2025 15:00,0,0.36,0,12.04,0,10.23,8.39,11.03,78.15,996.3421053,2,21.05555556,2,211.1111111,1,38.99488889
23/02/2025 16:00,0,0.355,0,11.455,0,9.72,7.89,10.68,78.45,996.6368421,2,20.33333333,2,211.6666667,1,37.65733333
23/02/2025 17:00,0,0.17,0,11.02,0,9.34,7.53,10.425,78.9,996.8368421,2,20.33333333,2,212.2222222,1,37.65733333
23/02/2025 18:00,0,0.25,0,10.715,0,9.115,7.395,10.305,79.65,997.3789474,2,18.16666667,2,213.8888889,1,33.64466667
23/02/2025 19:00,0,0.025,0,10.455,0,8.995,7.395,10.305,81.15,998.0578947,2,17.11111111,2,211.1111111,1,31.68977778
23/02/2025 20:00,0,0.145,0,10.115,0,8.66,7.045,10.075,80.9,998.4631579,2,15.83333333,2,208.8888889,1,29.32333333
23/02/2025 21:00,0,0.13,0,9.97,0,8.51,6.865,9.955,80.6,998.9473684,2,15.83333333,2,213.3333333,1,29.32333333
23/02/2025 22:00,0,0.095,0,9.63,0,8.175,6.51,9.705,80.65,999.4421053,2,15.27777778,2,212.7777778,1,28.29444444
23/02/2025 23:00,0,0.16,0,9.43,0,8.055,6.485,9.68,81.55,999.6263158,2,14.88888889,2,211.1111111,1,27.57422222
24/02/2025 00:00,0,0.28,0,9.1,0,7.75,6.15,9.465,81.45,999.8736842,2,15,2,215.5555556,1,27.78
24/02/2025 01:00,0,0.09,0,9,0,7.66,6.1,9.43,81.7,1000.105263,2,14.05555556,2,207.2222222,1,26.03088889
24/02/2025 02:00,0,0.18,0,8.6,0,7.33,5.81,9.235,82.35,1000.410526,2,13.27777778,2,213.8888889,1,24.59044444
24/02/2025 03:00,0,0.25,0,8.075,0,6.885,5.41,8.995,83,1000.436842,2,12.5,2,215.5555556,1,23.15
24/02/2025 04:00,0,0.125,0,7.96,0,6.745,5.205,8.875,82.55,1000.647368,2,12.05555556,2,218.8888889,1,22.32688889
24/02/2025 05:00,0,0.04,0,7.685,0,6.455,4.895,8.69,82.15,1001.057895,2,11.55555556,2,220.5555556,1,21.40088889
24/02/2025 06:00,0,0.04,0,7.28,0,6.135,4.645,8.535,83.1,1001.715789,2,10.94444444,2,218.3333333,1,20.26911111
24/02/2025 07:00,0,0.02,0,7.235,0,5.94,4.235,8.31,81.1,1002.342105,2,10.61111111,2,223.3333333,1,19.65177778
24/02/2025 08:00,0,0.035,0,7.065,0,5.875,4.32,8.35,82.4,1003.252632,2,10.83333333,2,221.6666667,1,20.06333333
24/02/2025 09:00,0,0.015,0,7.87,0,6.425,4.555,8.48,79.35,1003.784211,2,10.94444444,2,218.8888889,1,20.26911111
24/02/2025 10:00,0,0.03,0,9.1,0,7.34,5.205,8.855,76.1,1004.194737,2,12,2,216.6666667,1,22.224
24/02/2025 11:00,0,0.035,0,9.81,0,7.71,5.16,8.835,72.4,1004.33,2,13.72222222,2,221.1111111,1,25.41355556
24/02/2025 12:00,0,0.225,0,9.925,0,7.815,5.295,8.925,72.85,1004.47,2,14.55555556,2,218.3333333,1,26.95688889
24/02/2025 13:00,0,0.54,0,9.425,0,7.505,5.2,8.87,75.15,1004.475,2,14.5,2,227.2222222,1,26.854
24/02/2025 14:00,0,0.315,0,9.34,0,7.47,5.205,8.865,75.45,1004.405,2,14.38888889,2,223.3333333,1,26.64822222
24/02/2025 15:00,0,0.715,0,8.47,0,6.835,4.785,8.61,77.4,1004.54,2,14.38888889,2,230.5555556,1,26.64822222
24/02/2025 16:00,0,0.45,0,8.32,0,6.61,4.435,8.41,76.4,1004.5,2,12.94444444,2,233.3333333,1,23.97311111
24/02/2025 17:00,0,0.135,0,7.835,0,6.1,3.785,8.03,75.45,1004.875,2,12.88888889,2,233.8888889,1,23.87022222
24/02/2025 18:00,0,0.22,0,6.58,0,5.235,3.41,7.81,79.85,1005.155,2,11.5,2,236.1111111,1,21.298
24/02/2025 19:00,0,0.07,0,6.345,0,4.965,3.03,7.6,79.1,1005.615,2,11.11111111,2,235,1,20.57777778
24/02/2025 20:00,0,0.19,0,5.78,0,4.57,2.885,7.52,81.3,1006.11,2,10.5,2,227.7777778,1,19.446
24/02/2025 21:00,0,0.085,0,5.58,0,4.43,2.79,7.475,81.95,1006.56,2,10.27777778,2,223.8888889,1,19.03444444
24/02/2025 22:00,0,0.155,0,5.43,0,4.35,2.815,7.49,83.1,1007.075,2,10.5,2,223.8888889,1,19.446
24/02/2025 23:00,0,0.05,0,5.33,0,4.27,2.76,7.46,83.4,1007.51,2,10.05555556,2,220,1,18.62288889
25/02/2025 00:00,0,0.155,0,5.235,0,4.29,2.935,7.55,84.8,1007.81,2,10.77777778,2,234.4444444,1,19.96044444
25/02/2025 01:00,0,0.145,0,5.055,0,4.12,2.805,7.485,85.15,1008.205,2,10.55555556,2,223.8888889,1,19.54888889
25/02/2025 02:00,0,0.135,0,4.88,0,3.935,2.605,7.375,85.05,1008.51,2,9.777777778,2,235.5555556,1,18.10844444
25/02/2025 03:00,0,0.04,0,4.855,0,3.94,2.64,7.41,85.55,1008.84,2,9.555555556,2,237.2222222,1,17.69688889
25/02/2025 04:00,0,0.105,0,4.795,0,3.885,2.535,7.355,85.1,1009.16,2,9.5,2,250.5555556,1,17.594
25/02/2025 05:00,0,0.22,0,4.965,0,4.055,2.76,7.455,85.3,1009.65,2,9.888888889,2,251.6666667,1,18.31422222
25/02/2025 06:00,0,0.09,0,5.005,0,4.035,2.645,7.415,84.45,1010.29,2,10.27777778,2,252.7777778,1,19.03444444
25/02/2025 07:00,0,0.065,0,5.045,0,4.06,2.64,7.41,84.35,1010.965,2,9.777777778,2,255,1,18.10844444
25/02/2025 08:00,0,0.04,0,5.1,0,4.07,2.585,7.38,83.85,1011.82,2,9,2,236.1111111,1,16.668
25/02/2025 09:00,0,0.045,0,5.775,0,4.645,3.05,7.625,82.45,1012.6,2,9.444444444,2,240.5555556,1,17.49111111
25/02/2025 10:00,0,0.085,0,6.94,0,5.475,3.49,7.855,78.25,1013.09,2,9.833333333,2,256.6666667,1,18.21133333
25/02/2025 11:00,0,0.025,0,7.85,0,6.01,3.595,7.905,74.15,1013.6,2,11.11111111,2,261.1111111,1,20.57777778
25/02/2025 12:00,0,0.06,0,8.38,0,6.275,3.475,7.85,70.9,1013.8,2,11.55555556,2,254.4444444,1,21.40088889
25/02/2025 13:00,0,0.115,0,8.26,0,6.115,3.215,7.7,70.4,1013.77,2,11.66666667,2,256.6666667,1,21.60666667
25/02/2025 14:00,0,0.075,0,8.365,0,6.225,3.39,7.81,70.75,1013.74,2,11.05555556,2,261.1111111,1,20.47488889
25/02/2025 15:00,0,0.03,0,8.51,0,6.175,3.03,7.59,68.15,1013.705,2,11.72222222,2,256.1111111,1,21.70955556
25/02/2025 16:00,0,0.08,0,7.88,0,5.745,2.775,7.475,70.05,1013.835,2,11.38888889,2,256.6666667,1,21.09222222
25/02/2025 17:00,0,0.035,0,7.295,0,5.51,3.03,7.61,73.9,1013.955,2,9.944444444,2,248.3333333,1,18.41711111
25/02/2025 18:00,0,0.11,0,6.185,0,4.755,2.7,7.435,78.15,1014.12,2,8.444444444,2,242.2222222,1,15.63911111
25/02/2025 19:00,0,0.07,0,5.17,0,4.105,2.585,7.35,83.1,1014.065,2,6.388888889,2,218.3333333,1,11.83222222
25/02/2025 20:00,0,0.005,0,4.66,0,3.755,2.4,7.28,84.9,1013.52,2,6.222222222,2,197.7777778,1,11.52355556
25/02/2025 21:00,0,0.265,0,4.595,0,3.82,2.665,7.44,86.9,1012.815,2,7.444444444,2,186.1111111,1,13.78711111
25/02/2025 22:00,0,0.365,0,4.615,0,3.87,2.79,7.52,87.7,1012.055,2,8.888888889,2,181.6666667,1,16.46222222
25/02/2025 23:00,0,0.895,0,4.93,0,4.235,3.26,7.775,88.7,1011.025,2,9.888888889,2,182.7777778,1,18.31422222
26/02/2025 00:00,0,0.505,0,5.465,0,4.625,3.455,7.87,86.8,1009.915,2,11,2,181.6666667,1,20.372
26/02/2025 01:00,0,0.825,0,5.45,0,4.705,3.645,7.97,88,1009.275,2,10.66666667,2,193.3333333,1,19.75466667
26/02/2025 02:00,0,0.585,0,5.395,0,4.65,3.63,7.95,88.2,1008.42,2,10,2,207.7777778,1,18.52
26/02/2025 03:00,0,0.17,0,5.165,0,4.42,3.405,7.8,88.2,1007.91,2,10,2,211.6666667,1,18.52
26/02/2025 04:00,0,0.125,0,5.245,0,4.4,3.245,7.72,86.9,1007.335,2,9.888888889,2,224.4444444,1,18.31422222
26/02/2025 05:00,0,0.185,0,4.86,0,4.065,2.955,7.56,87.35,1007.135,2,10.38888889,2,232.2222222,1,19.24022222
26/02/2025 06:00,0,0.15,0,4.805,0,3.96,2.75,7.43,86.35,1007.285,2,10.66666667,2,233.8888889,1,19.75466667
26/02/2025 07:00,0,0.21,0,4.745,0,3.875,2.63,7.385,85.95,1007.61,2,11.16666667,2,237.2222222,1,20.68066667
26/02/2025 08:00,0,0.145,0,4.9,0,3.985,2.665,7.405,85.2,1008.1,2,11.94444444,2,238.3333333,1,22.12111111
26/02/2025 09:00,0,0.155,0,5.65,0,4.51,2.875,7.52,82,1008.71,2,13.38888889,2,261.1111111,1,24.79622222
26/02/2025 10:00,0,0.105,0,6.235,0,4.87,2.915,7.56,79.25,1009.365,2,14.5,2,270,1,26.854
26/02/2025 11:00,0,0.065,0,6.785,0,5.205,2.985,7.58,76.6,1009.955,2,15,2,281.6666667,1,27.78
26/02/2025 12:00,0,0.16,0,7.11,0,5.185,2.46,7.31,72.2,1010.59,2,15.22222222,2,283.3333333,1,28.19155556
26/02/2025 13:00,0,0.14,0,7.2,0,5.205,2.325,7.26,71.25,1010.97,2,16.38888889,2,285,1,30.35222222
26/02/2025 14:00,0,0.28,0,7.465,0,5.225,1.955,7.075,68.6,1011.155,2,16.55555556,2,295,1,30.66088889
26/02/2025 15:00,0,0.29,0,7.17,0,5.04,1.95,7.05,69.95,1011.72,2,17.16666667,2,298.3333333,1,31.79266667
26/02/2025 16:00,0,0.245,0,7.075,0,4.865,1.55,6.875,68.7,1012.52,2,17.05555556,2,300.5555556,1,31.58688889
26/02/2025 17:00,0,0.1,0,6.835,0,4.825,1.89,7.035,70.95,1013.565,2,15.77777778,2,304.4444444,1,29.22044444
26/02/2025 18:00,0,0.07,0,6.22,0,4.45,1.795,6.975,73.2,1014.6,2,13.16666667,2,303.8888889,1,24.38466667
26/02/2025 19:00,0,0.01,0,5.985,0,4.295,1.72,6.925,73.85,1015.8,2,11.94444444,2,306.1111111,1,22.12111111
26/02/2025 20:00,0,0.04,0,5.6,0,4.055,1.7,6.91,75.6,1016.9,2,10.16666667,2,305.5555556,1,18.82866667
26/02/2025 21:00,0,0.005,0,5.26,0,3.795,1.585,6.85,77.05,1017.72,2,9.333333333,2,306.6666667,1,17.28533333
26/02/2025 22:00,0,0.005,0,4.75,0,3.5,1.58,6.865,79.75,1018.545,2,8.611111111,2,283.3333333,1,15.94777778
26/02/2025 23:00,0,0,0,4.225,0,3.105,1.4,6.76,81.45,1019.16,2,7.222222222,2,281.6666667,1,13.37555556
27/02/2025 00:00,0,0,0,3.785,0,2.81,1.29,6.705,83.5,1019.79,2,6.055555556,2,257.2222222,1,11.21488889
27/02/2025 01:00,0,0.005,0,3.355,0,2.48,1.07,6.63,84.85,1020.325,2,5.5,2,270.5555556,1,10.186
27/02/2025 02:00,0,0.03,0,2.98,0,2.205,0.99,6.595,86.5,1020.525,2,5.055555556,2,277.7777778,1,9.362888889
27/02/2025 03:00,0,0.025,0,2.56,0,1.885,0.8,6.495,87.8,1020.82,2,4.944444444,2,272.7777778,1,9.157111111
27/02/2025 04:00,0,0.01,0,2.04,0,1.5,0.59,6.405,89.75,1021.135,2,4.277777778,2,252.7777778,1,7.922444444
27/02/2025 05:00,0,0,0,1.815,0,1.31,0.5,6.37,90.8,1021.705,2,4.111111111,2,250,1,7.613777778
27/02/2025 06:00,0,0.005,0,1.405,0,0.95,0.195,6.23,91.4,1022.405,2,4.111111111,2,220.5555556,1,7.613777778
27/02/2025 07:00,0,0,0,1.37,0,0.95,0.29,6.275,92.3,1023.035,2,4.277777778,2,222.2222222,1,7.922444444
27/02/2025 08:00,0,0.065,0,1.69,0,1.25,0.535,6.38,91.8,1023.79,2,4,2,231.6666667,1,7.408
27/02/2025 09:00,0,0.03,0,3.22,0,2.665,1.805,6.975,90.2,1024.405,2,4.111111111,2,192.2222222,1,7.613777778
27/02/2025 10:00,0,0.045,0,5.605,0,4.595,3.16,7.675,84.15,1024.815,2,4,2,220,1,7.408
27/02/2025 11:00,0,0.015,0,7.42,0,5.8,3.65,7.93,76.6,1025.135,2,4.888888889,2,240,1,9.054222222
27/02/2025 12:00,0,0.025,0,8.795,0,6.57,3.68,7.955,69.9,1025.295,2,6.5,2,283.3333333,1,12.038
27/02/2025 13:00,0,0.035,0,9.16,0,6.6,3.185,7.7,66.05,1025.32,2,7.166666667,2,279.4444444,1,13.27266667
27/02/2025 14:00,0,0.02,0,9.555,0,6.715,2.9,7.545,63.1,1025.405,2,7.222222222,2,283.8888889,1,13.37555556
27/02/2025 15:00,0,0.02,0,9.565,0,6.66,2.77,7.48,62.35,1025.525,2,7.055555556,2,287.7777778,1,13.06688889
27/02/2025 16:00,0,0.06,0,9.19,0,6.495,2.85,7.525,64.5,1025.6,2,7.055555556,2,280,1,13.06688889
27/02/2025 17:00,0,0.02,0,8.54,0,6.195,2.97,7.58,67.95,1025.835,2,5.777777778,2,284.4444444,1,10.70044444
27/02/2025 18:00,0,0.005,0,6.84,0,5.15,2.785,7.475,75.05,1026.5,2,4.611111111,2,282.7777778,1,8.539777778
27/02/2025 19:00,0,0,0,5.615,0,4.38,2.58,7.375,80.55,1027.16,2,4.166666667,2,253.3333333,1,7.716666667
27/02/2025 20:00,0,0,0,4.915,0,3.83,2.205,7.17,82.3,1027.67,2,4.055555556,2,241.1111111,1,7.510888889
27/02/2025 21:00,0,0,0,4.085,0,3.22,1.955,7.045,85.8,1027.91,2,3.777777778,2,228.3333333,1,6.996444444
27/02/2025 22:00,0,0.025,0,3.435,0,2.705,1.575,6.87,87.35,1028.03,2,4,2,225.5555556,1,7.408
27/02/2025 23:00,0,0.01,0,2.925,0,2.31,1.325,6.755,88.95,1028.005,2,3.666666667,2,185,1,6.790666667
28/02/2025 00:00,0,0.005,0,2.395,0,1.855,1.01,6.6,90.15,1028.105,2,3.777777778,2,193.8888889,0,6.996444444
28/02/2025 01:00,0,0,0,2.12,0,1.63,0.815,6.5,90.85,1028.045,2,4.055555556,2,180.5555556,0,7.510888889
28/02/2025 02:00,0,0,0,1.83,0,1.37,0.625,6.435,91.4,1027.96,2,4.277777778,2,181.6666667,0,7.922444444
28/02/2025 03:00,0,0,0,1.71,0,1.25,0.54,6.405,91.9,1027.735,2,4.555555556,2,185.5555556,0,8.436888889
28/02/2025 04:00,0,0.025,0,1.38,0,0.96,0.305,6.3,92.3,1027.535,2,4.833333333,2,176.6666667,0,8.951333333
28/02/2025 05:00,0,0.015,0,1.32,0,0.905,0.255,6.28,92.25,1027.45,2,4.555555556,2,171.1111111,0,8.436888889
28/02/2025 06:00,0,0,0,1.11,0,0.73,0.15,6.24,93,1027.375,2,4.555555556,2,160.5555556,0,8.436888889
28/02/2025 07:00,0,0.01,0,1.085,0,0.71,0.065,6.23,92.65,1027.255,2,4.777777778,2,170.5555556,0,8.848444444
28/02/2025 08:00,0,0.01,0,1.81,0,1.365,0.675,6.495,92.15,1027.38,2,5.388888889,2,171.6666667,0,9.980222222
28/02/2025 09:00,0,0.01,0,4.15,0,3.405,2.33,7.255,88.05,1027.54,2,6.111111111,2,173.3333333,0,11.31777778
28/02/2025 10:00,0,0,0,6.45,0,5.11,3.24,7.735,79.95,1027.42,2,7.166666667,2,175,0,13.27266667
28/02/2025 11:00,0,0.01,0,8.26,0,6.125,3.255,7.735,70.5,1027.195,2,9.166666667,2,175,0,16.97666667
28/02/2025 12:00,0,0,0,9.24,0,6.61,3.125,7.66,65.35,1027.055,2,10.66666667,2,187.7777778,0,19.75466667
28/02/2025 13:00,0,0.005,0,9.505,0,6.585,2.615,7.395,61.95,1026.69,2,11.5,2,190,0,21.298
28/02/2025 14:00,0,0.02,0,9.625,0,6.57,2.36,7.28,60.55,1026.33,2,12,2,192.7777778,0,22.224
28/02/2025 15:00,0,0.005,0,9.375,0,6.36,2.155,7.175,60.7,1026.11,2,11.61111111,2,194.4444444,0,21.50377778
28/02/2025 16:00,0,0,0,9.16,0,6.235,2.17,7.165,61.35,1025.93,2,11.16666667,2,192.2222222,0,20.68066667
28/02/2025 17:00,0,0.005,0,8.75,0,6.035,2.22,7.21,63.25,1025.925,2,10.72222222,2,186.6666667,0,19.85755556
28/02/2025 18:00,0,0,0,7.91,0,5.53,2.145,7.155,66.55,1026.13,2,9.388888889,2,181.1111111,0,17.38822222
28/02/2025 19:00,0,0,0,7.18,0,5.025,1.9,7.03,68.85,1026.445,2,8.777777778,2,171.6666667,0,16.25644444
28/02/2025 20:00,0,0,0,6.625,0,4.69,1.865,7.015,71.4,1026.665,2,8.722222222,2,173.3333333,0,16.15355556
28/02/2025 21:00,0,0,0,6.53,0,4.705,2.045,7.085,72.9,1027.01,2,8.777777778,2,167.7777778,0,16.25644444
28/02/2025 22:00,0,0,0,6.115,0,4.425,1.965,7.06,74.85,1027.37,2,8.944444444,2,170,0,16.56511111
28/02/2025 23:00,0,0,0,5.94,0,4.33,1.965,7.055,75.65,1027.685,2,8.833333333,2,175,0,16.35933333
01/03/2025 00:00,0,0.005,0,5.74,0,4.255,2.08,7.125,77.4,1027.98,2,8.944444444,2,171.6666667,0,16.56511111
01/03/2025 01:00,0,0,0,5.655,0,4.255,2.21,7.205,78.5,1028.335,2,8.166666667,2,173.3333333,0,15.12466667
01/03/2025 02:00,0,0.05,0,5.665,0,4.315,2.37,7.29,79.3,1028.635,2,7.888888889,2,173.3333333,0,14.61022222
01/03/2025 03:00,0,0.14,0,5.6,0,4.365,2.53,7.38,80.6,1028.98,2,7.833333333,2,174.4444444,0,14.50733333
01/03/2025 04:00,0,0.165,0,5.495,0,4.355,2.7,7.485,82.25,1029.22,2,7,2,180.5555556,0,12.964
01/03/2025 05:00,0,0.21,0,5.485,0,4.41,2.835,7.56,83.05,1029.7,2,6.944444444,2,185.5555556,0,12.86111111
01/03/2025 06:00,0,0.155,0,5.525,0,4.53,3.15,7.71,84.5,1030.415,2,6.555555556,2,203.3333333,0,12.14088889
01/03/2025 07:00,0,0.14,0,5.595,0,4.705,3.45,7.905,86.05,1031.2,2,6.055555556,2,201.6666667,0,11.21488889
01/03/2025 08:00,0,0.09,0,5.7,0,4.855,3.665,8.005,86.7,1032.025,2,4.944444444,2,167.7777778,0,9.157111111
01/03/2025 09:00,0,0.035,0,6.655,0,5.685,4.345,8.375,85.1,1032.725,2,5.5,2,174.4444444,0,10.186
01/03/2025 10:00,0,0.03,0,7.59,0,6.385,4.81,8.65,82.75,1033.385,2,5.555555556,2,194.4444444,0,10.28888889
01/03/2025 11:00,0,0.015,0,8.225,0,6.79,4.885,8.715,80.1,1033.71,2,5.666666667,2,201.6666667,0,10.49466667
01/03/2025 12:00,0,0.005,0,9.165,0,7.38,5.175,8.885,76.75,1033.845,2,5.666666667,2,211.6666667,0,10.49466667
01/03/2025 13:00,0,0.01,0,9.645,0,7.705,5.32,8.975,75.2,1033.92,2,5.777777778,2,218.3333333,0,10.70044444
01/03/2025 14:00,0,0.005,0,10.015,0,7.83,5.11,8.865,72.55,1034,2,5.944444444,2,230,0,11.00911111
01/03/2025 15:00,0,0.06,0,10.045,0,7.87,5.185,8.89,72.45,1034.275,2,5.722222222,2,235,0,10.59755556
01/03/2025 16:00,0,0.07,0,9.81,0,7.745,5.165,8.89,73.35,1034.615,2,5.333333333,2,215.5555556,0,9.877333333
01/03/2025 17:00,0,0.005,0,9.215,0,7.445,5.25,8.92,76.45,1034.815,2,4.777777778,2,226.1111111,0,8.848444444
01/03/2025 18:00,0,0,0,8.415,0,6.91,4.965,8.75,79,1034.94,2,3.777777778,2,221.1111111,0,6.996444444
01/03/2025 19:00,0,0,0,7.46,0,6.33,4.85,8.675,83.4,1035.165,2,3,2,200.5555556,0,5.556
01/03/2025 20:00,0,0,0,6.955,0,6.06,4.895,8.705,86.25,1035.385,2,3,2,166.6666667,0,5.556
01/03/2025 21:00,0,0.005,0,6.76,0,5.915,4.785,8.645,87,1035.29,2,2.944444444,2,175,0,5.453111111
01/03/2025 22:00,0,0.005,0,6.45,0,5.73,4.75,8.63,88.45,1035.335,2,3.055555556,2,171.1111111,0,5.658888889
01/03/2025 23:00,0,0,0,6.325,0,5.68,4.82,8.675,89.8,1035.27,2,2.833333333,2,161.1111111,0,5.247333333
02/03/2025 00:00,0,0,0,6.385,0,5.77,4.965,8.77,90.4,1035.095,2,3,2,177.7777778,1,5.556
02/03/2025 01:00,0,0.005,0,6.425,0,5.815,5.025,8.79,90.4,1034.91,2,2.777777778,2,180,1,5.144444444
02/03/2025 02:00,0,0,0,6.425,0,5.88,5.135,8.86,91.05,1034.505,2,3.166666667,2,168.3333333,1,5.864666667
02/03/2025 03:00,0,0.005,0,6.53,0,5.945,5.195,8.895,90.9,1033.99,2,3.555555556,2,172.2222222,1,6.584888889
02/03/2025 04:00,0,0.01,0,6.915,0,6.31,5.53,9.085,90.6,1033.32,2,3.944444444,2,183.3333333,1,7.305111111
02/03/2025 05:00,0,0.005,0,6.955,0,6.335,5.51,9.085,90.3,1032.775,2,4.222222222,2,177.2222222,1,7.819555556
02/03/2025 06:00,0,0,0,7.08,0,6.365,5.445,9.03,89.3,1032.575,2,4.777777778,2,187.7777778,1,8.848444444
02/03/2025 07:00,0,0,0,7.25,0,6.49,5.49,9.065,88.4,1032.49,2,5.611111111,2,187.2222222,1,10.39177778
02/03/2025 08:00,0,0.02,0,7.45,0,6.635,5.615,9.115,87.95,1032.485,2,6.277777778,2,192.2222222,1,11.62644444
02/03/2025 09:00,0,0.01,0,8.015,0,6.965,5.64,9.155,84.85,1032.465,2,7.166666667,2,203.3333333,1,13.27266667
02/03/2025 10:00,0,0.005,0,8.615,0,7.27,5.605,9.11,81.1,1032.285,2,8.5,2,201.6666667,1,15.742
02/03/2025 11:00,0,0,0,9.29,0,7.52,5.345,8.96,76.1,1031.92,2,9.166666667,2,207.2222222,1,16.97666667
02/03/2025 12:00,0,0,0,9.765,0,7.565,4.875,8.675,71.3,1031.485,2,10.38888889,2,214.4444444,1,19.24022222
02/03/2025 13:00,0,0.005,0,10.105,0,7.695,4.71,8.58,69.1,1030.94,2,10.94444444,2,213.8888889,1,20.26911111
02/03/2025 14:00,0,0,0,10.175,0,7.785,4.84,8.655,69.25,1030.24,2,11.05555556,2,216.1111111,1,20.47488889
02/03/2025 15:00,0,0.01,0,10.22,0,7.9,5.095,8.825,70.45,1029.725,2,11.16666667,2,216.6666667,1,20.68066667
02/03/2025 16:00,0,0,0,10.06,0,7.925,5.33,8.96,72.35,1029.26,2,10.94444444,2,217.2222222,1,20.26911111
02/03/2025 17:00,0,0,0,9.645,0,7.735,5.405,9,74.7,1029.04,2,10.5,2,220,1,19.446
02/03/2025 18:00,0,0.015,0,9.04,0,7.46,5.515,9.09,78.5,1029.02,2,9.722222222,2,212.7777778,1,18.00555556
02/03/2025 19:00,0,0,0,8.545,0,7.19,5.535,9.08,81.25,1029.015,2,8.666666667,2,210.5555556,1,16.05066667
02/03/2025 20:00,0,0,0,8.3,0,7.04,5.51,9.07,82.3,1028.95,2,8.444444444,2,209.4444444,1,15.63911111
02/03/2025 21:00,0,0,0,8.195,0,6.955,5.39,9.005,82.3,1028.77,2,8.777777778,2,208.8888889,1,16.25644444
02/03/2025 22:00,0,0,0,8.01,0,6.81,5.315,8.97,82.75,1028.76,2,8.333333333,2,212.7777778,1,15.43333333
02/03/2025 23:00,0,0.01,0,7.91,0,6.69,5.155,8.875,82.5,1028.57,2,8.611111111,2,213.8888889,1,15.94777778
03/03/2025 00:00,0,0,0,7.785,0,6.63,5.135,8.87,82.95,1028.26,2,8.666666667,2,207.2222222,1,16.05066667
03/03/2025 01:00,0,0.005,0,7.72,0,6.545,5.035,8.79,82.7,1027.945,2,9,2,206.1111111,1,16.668
03/03/2025 02:00,0,0.015,0,7.61,0,6.54,5.15,8.895,84,1027.88,2,8.222222222,2,210,1,15.22755556
03/03/2025 03:00,0,0.015,0,7.47,0,6.425,5.065,8.83,84.45,1027.83,2,8.055555556,2,201.6666667,1,14.91888889
03/03/2025 04:00,0,0.01,0,7.525,0,6.48,5.115,8.88,84.55,1027.755,2,7.888888889,2,209.4444444,1,14.61022222
03/03/2025 05:00,0,0.025,0,7.405,0,6.425,5.13,8.885,85.15,1027.875,2,7.333333333,2,208.3333333,1,13.58133333
03/03/2025 06:00,0,0.08,0,7.405,0,6.44,5.145,8.895,85.4,1028.13,2,7.055555556,2,209.4444444,1,13.06688889
03/03/2025 07:00,0,0.04,0,7.03,0,6.18,5.045,8.84,86.9,1028.33,2,6.444444444,2,203.3333333,1,11.93511111
03/03/2025 08:00,0,0.005,0,7.165,0,6.29,5.135,8.9,86.75,1028.49,2,5.833333333,2,200.5555556,1,10.80333333
03/03/2025 09:00,0,0.01,0,8.09,0,7.05,5.735,9.255,84.8,1028.705,2,6.555555556,2,207.2222222,1,12.14088889
03/03/2025 10:00,0,0.015,0,9.21,0,7.77,6.02,9.44,80.35,1028.77,2,7.611111111,2,205,1,14.09577778
03/03/2025 11:00,0,0.005,0,10.125,0,8.365,6.28,9.585,77.05,1028.78,2,8.388888889,2,207.2222222,1,15.53622222
03/03/2025 12:00,0,0,0,10.75,0,8.67,6.265,9.58,74.1,1028.535,2,9.055555556,2,208.8888889,1,16.77088889
03/03/2025 13:00,0,0.005,0,10.89,0,8.68,6.075,9.485,72.75,1028.015,2,9.222222222,2,217.7777778,1,17.07955556
03/03/2025 14:00,0,0.015,0,11.03,0,8.825,6.275,9.6,72.65,1027.46,2,8.722222222,2,217.7777778,1,16.15355556
03/03/2025 15:00,0,0,0,11.095,0,8.75,6,9.405,71.05,1027.02,2,8.944444444,2,221.6666667,1,16.56511111
03/03/2025 16:00,0,0.005,0,10.73,0,8.495,5.895,9.335,72.05,1026.815,2,8.888888889,2,223.8888889,1,16.46222222
03/03/2025 17:00,0,0.01,0,10.26,0,8.25,5.875,9.325,74.25,1026.845,2,8.166666667,2,224.4444444,1,15.12466667
03/03/2025 18:00,0,0,0,9.515,0,7.805,5.755,9.245,77.3,1027.005,2,7.333333333,2,221.1111111,1,13.58133333
03/03/2025 19:00,0,0,0,8.72,0,7.305,5.565,9.135,80.6,1027.23,2,6.833333333,2,215,1,12.65533333
03/03/2025 20:00,0,0,0,8.15,0,6.92,5.375,9.015,82.3,1027.165,2,6.888888889,2,214.4444444,1,12.75822222
03/03/2025 21:00,0,0,0,7.58,0,6.48,5.07,8.825,83.85,1026.97,2,6.611111111,2,205,1,12.24377778
03/03/2025 22:00,0,0,0,7.14,0,6.13,4.8,8.675,84.85,1026.705,2,6.777777778,2,195.5555556,1,12.55244444
03/03/2025 23:00,0,0,0,6.555,0,5.725,4.6,8.555,87.15,1026.465,2,6.444444444,2,188.3333333,1,11.93511111
04/03/2025 00:00,0,0,0,6.16,0,5.385,4.36,8.405,88.1,1026.105,2,6.722222222,2,191.1111111,1,12.44955556
04/03/2025 01:00,0,0,0,5.83,0,5.11,4.135,8.29,88.8,1025.69,2,7,2,185,1,12.964
04/03/2025 02:00,0,0,0,5.44,0,4.72,3.74,8.065,88.6,1025.115,2,7.111111111,2,196.1111111,1,13.16977778
04/03/2025 03:00,0,0,0,5.21,0,4.51,3.52,7.92,88.75,1024.285,2,7.333333333,2,192.2222222,1,13.58133333
04/03/2025 04:00,0,0,0,4.98,0,4.195,3.105,7.69,87.9,1023.61,2,7.722222222,2,190,1,14.30155556
04/03/2025 05:00,0,0.005,0,4.91,0,4.1,2.995,7.635,87.5,1023.44,2,8.722222222,2,196.6666667,1,16.15355556
04/03/2025 06:00,0,0.01,0,4.755,0,3.935,2.85,7.535,87.45,1023.525,2,8.611111111,2,202.2222222,1,15.94777778
04/03/2025 07:00,0,0,0,4.77,0,3.915,2.76,7.525,87.1,1023.485,2,8.666666667,2,199.4444444,1,16.05066667
04/03/2025 08:00,0,0,0,5.425,0,4.475,3.205,7.745,85.6,1023.245,2,9.333333333,2,195,1,17.28533333
04/03/2025 09:00,0,0,0,6.385,0,5.22,3.675,7.98,82.8,1022.895,2,9.833333333,2,201.1111111,1,18.21133333
04/03/2025 10:00,0,0,0,7.495,0,5.98,4.035,8.19,78.55,1022.71,2,11.33333333,2,198.3333333,1,20.98933333
04/03/2025 11:00,0,0.005,0,8.62,0,6.755,4.34,8.36,74,1022.39,2,12.66666667,2,205,1,23.45866667
04/03/2025 12:00,0,0,0,9.575,0,7.38,4.635,8.53,70.85,1021.965,2,13.55555556,2,207.2222222,1,25.10488889
04/03/2025 13:00,0,0,0,10.11,0,7.71,4.775,8.615,69.25,1021.285,2,14.88888889,2,206.6666667,1,27.57422222
04/03/2025 14:00,0,0,0,10.375,0,7.89,4.855,8.685,68.45,1020.545,2,15.33333333,2,204.4444444,1,28.39733333
04/03/2025 15:00,0,0,0,10.52,0,8.07,5.1,8.825,68.9,1019.82,2,14.77777778,2,206.6666667,1,27.36844444
04/03/2025 16:00,0,0.005,0,10.315,0,7.98,5.14,8.855,70.05,1019.225,2,14.77777778,2,210,1,27.36844444
04/03/2025 17:00,0,0.005,0,9.85,0,7.78,5.275,8.92,72.75,1018.83,2,14.33333333,2,208.8888889,1,26.54533333
04/03/2025 18:00,0,0.02,0,9.26,0,7.48,5.315,8.955,76,1018.69,2,14.38888889,2,206.6666667,1,26.64822222
04/03/2025 19:00,0,0.025,0,8.965,0,7.395,5.48,9.075,78.5,1018.86,2,13.72222222,2,206.1111111,1,25.41355556
04/03/2025 20:00,0,0.045,0,8.755,0,7.315,5.57,9.145,80.1,1018.635,2,14.5,2,208.3333333,1,26.854
04/03/2025 21:00,0,0.07,0,8.6,0,7.285,5.685,9.225,81.5,1018.455,2,14.55555556,2,204.4444444,1,26.95688889
04/03/2025 22:00,0,0.025,0,8.535,0,7.275,5.735,9.265,82.3,1018.255,2,14.33333333,2,202.2222222,1,26.54533333
04/03/2025 23:00,0,0.06,0,8.515,0,7.38,6.045,9.455,84.3,1018.01,2,14.38888889,2,205.5555556,1,26.64822222
05/03/2025 00:00,0,0.05,0,8.49,0,7.475,6.235,9.59,85.3,1017.495,2,14.11111111,2,201.6666667,1,26.13377778
05/03/2025 01:00,0,0.01,0,8.525,0,7.555,6.375,9.69,86.1,1017.085,2,14.11111111,2,198.3333333,1,26.13377778
05/03/2025 02:00,0,0.02,0,8.585,0,7.61,6.41,9.72,85.95,1016.62,2,14.27777778,2,198.3333333,1,26.44244444
05/03/2025 03:00,0,0.04,0,8.67,0,7.695,6.545,9.775,86.25,1015.945,2,14,2,198.3333333,1,25.928
05/03/2025 04:00,0,0.06,0,8.825,0,7.815,6.66,9.845,86,1015.335,2,14.22222222,2,199.4444444,1,26.33955556
05/03/2025 05:00,0,0.02,0,8.995,0,7.94,6.72,9.9,85.5,1015.03,2,14.33333333,2,201.1111111,1,26.54533333
05/03/2025 06:00,0,0.085,0,8.94,0,7.935,6.765,9.935,86.05,1014.835,2,14.33333333,2,199.4444444,1,26.54533333
05/03/2025 07:00,0,0.04,0,8.985,0,7.995,6.83,9.945,86.2,1014.745,2,14.11111111,2,199.4444444,1,26.13377778
05/03/2025 08:00,0,0.03,0,9.12,0,8.11,6.935,10.035,86.15,1014.68,2,14.88888889,2,196.1111111,1,27.57422222
05/03/2025 09:00,0,0.06,0,9.295,0,8.26,7.02,10.095,85.5,1014.77,2,15.27777778,2,197.7777778,1,28.29444444
05/03/2025 10:00,0,0.03,0,9.695,0,8.495,7.135,10.16,83.8,1014.725,2,15.27777778,2,198.8888889,1,28.29444444
05/03/2025 11:00,0,0.045,0,10.02,0,8.745,7.28,10.27,83,1014.52,2,15.77777778,2,200.5555556,1,29.22044444
05/03/2025 12:00,0,0.06,0,10.515,0,9.01,7.335,10.295,80.65,1014.175,2,16.05555556,2,199.4444444,1,29.73488889
05/03/2025 13:00,0,0.03,0,10.73,0,9.09,7.265,10.24,79.2,1013.635,2,16.22222222,2,200.5555556,1,30.04355556
05/03/2025 14:00,0,0.015,0,10.93,0,9.19,7.265,10.235,78.2,1013.08,2,15.88888889,2,201.1111111,1,29.42622222
05/03/2025 15:00,0,0.015,0,10.99,0,9.21,7.225,10.215,77.8,1012.72,2,15.55555556,2,199.4444444,1,28.80888889
05/03/2025 16:00,0,0.05,0,10.705,0,9.01,7.14,10.155,78.6,1012.405,2,15.38888889,2,198.3333333,1,28.50022222
05/03/2025 17:00,0,0.08,0,10.27,0,8.69,6.9,9.985,79.8,1012.06,2,14.61111111,2,197.7777778,1,27.05977778
05/03/2025 18:00,0,0.075,0,9.745,0,8.32,6.635,9.825,80.9,1011.955,2,14.22222222,2,198.8888889,1,26.33955556
05/03/2025 19:00,0,0.115,0,9.245,0,7.98,6.485,9.73,82.85,1011.82,2,13.27777778,2,193.8888889,1,24.59044444
05/03/2025 20:00,0,0.03,0,8.835,0,7.675,6.255,9.6,83.75,1011.55,2,12.61111111,2,200,1,23.35577778
05/03/2025 21:00,0,0.045,0,8.46,0,7.38,6.06,9.47,84.85,1011.32,2,12,2,196.1111111,1,22.224
05/03/2025 22:00,0,0.06,0,8.185,0,7.145,5.88,9.36,85.05,1011.005,2,10.88888889,2,176.1111111,1,20.16622222
05/03/2025 23:00,0,0.065,0,8.01,0,7,5.735,9.285,85.45,1010.465,2,10.44444444,2,170,1,19.34311111
06/03/2025 00:00,0,0.135,0,7.85,0,6.89,5.66,9.25,86,1009.71,2,11,2,168.3333333,1,20.372
06/03/2025 01:00,0,0.12,0,7.84,0,6.88,5.66,9.21,85.9,1009.01,2,11.16666667,2,169.4444444,1,20.68066667
06/03/2025 02:00,0,0.035,0,7.885,0,6.955,5.795,9.275,86.35,1008.03,2,11.44444444,2,169.4444444,1,21.19511111
06/03/2025 03:00,0,0.015,0,7.865,0,6.91,5.71,9.235,85.95,1006.95,2,11.44444444,2,163.8888889,1,21.19511111
06/03/2025 04:00,0,0,0,7.97,0,7.02,5.85,9.305,86.2,1005.78,2,12.16666667,2,163.3333333,1,22.53266667
06/03/2025 05:00,0,0.005,0,8.045,0,7.1,5.935,9.365,86.15,1004.98,2,12.22222222,2,161.6666667,1,22.63555556
06/03/2025 06:00,0,0.005,0,8.365,0,7.41,6.28,9.585,86.5,1004.455,2,11.66666667,2,165.5555556,1,21.60666667
06/03/2025 07:00,0,0,0,8.76,0,7.72,6.505,9.72,85.65,1003.885,2,11.77777778,2,165.5555556,1,21.81244444
06/03/2025 08:00,0,0.005,0,9.295,0,8.24,7.01,10.055,85.3,1003.54,2,12.44444444,2,166.6666667,1,23.04711111
06/03/2025 09:00,0,0,0,9.97,0,8.77,7.455,10.35,84.15,1003.105,2,13.22222222,2,169.4444444,1,24.48755556
06/03/2025 10:00,0,0,0,10.5,0,9.2,7.805,10.605,83.05,1002.61,2,14.33333333,2,170,1,26.54533333
06/03/2025 11:00,0,0,0,11.015,0,9.555,8.02,10.755,81.5,1002.21,2,14.77777778,2,170,1,27.36844444
06/03/2025 12:00,0,0.01,0,11.36,0,9.79,8.155,10.85,80.45,1001.8,2,15.44444444,2,175,1,28.60311111
06/03/2025 13:00,0,0.045,0,11.55,0,9.925,8.24,10.91,80.05,1001.42,2,15.77777778,2,177.2222222,1,29.22044444
06/03/2025 14:00,0,0.2,0,11.555,0,9.915,8.22,10.905,80,1001.125,2,15.27777778,2,181.1111111,1,28.29444444
06/03/2025 15:00,0,0.22,0,11.475,0,9.86,8.17,10.865,80.3,1000.98,2,14.38888889,2,183.3333333,1,26.64822222
06/03/2025 16:00,0,0.37,0,11.205,0,9.665,7.98,10.73,80.75,1000.825,2,12.72222222,2,190,1,23.56155556
06/03/2025 17:00,0,0.13,0,10.9,0,9.455,7.905,10.685,81.95,1000.85,2,11.33333333,2,196.6666667,1,20.98933333
06/03/2025 18:00,0,0.05,0,10.46,0,9.225,7.9,10.67,84.2,1001.13,2,10.22222222,2,191.6666667,1,18.93155556
06/03/2025 19:00,0,0.135,0,9.9,0,8.925,7.875,10.65,87.25,1001.775,2,9.444444444,2,195.5555556,1,17.49111111
06/03/2025 20:00,0,0.07,0,9.42,0,8.63,7.765,10.59,89.3,1002.415,2,8.055555556,2,207.7777778,1,14.91888889
06/03/2025 21:00,0,0.035,0,9.1,0,8.425,7.675,10.51,90.55,1002.95,2,7,2,192.2222222,1,12.964
06/03/2025 22:00,0,0.15,0,8.73,0,8.15,7.52,10.395,91.85,1003.495,2,6.444444444,2,197.2222222,1,11.93511111
06/03/2025 23:00,0,0.185,0,8.5,0,8.01,7.46,10.37,92.9,1003.925,2,5.277777778,2,188.8888889,1,9.774444444
07/03/2025 00:00,0,0.09,0,8.155,0,7.73,7.255,10.225,93.85,1004.22,2,4.611111111,2,198.8888889,0,8.539777778
07/03/2025 01:00,0,0.095,0,7.885,0,7.525,7.125,10.15,94.65,1004.42,2,4.222222222,2,200,0,7.819555556
07/03/2025 02:00,0,0.07,0,7.445,0,7.155,6.785,9.925,95.4,1004.535,2,3.555555556,2,189.4444444,0,6.584888889
07/03/2025 03:00,0,0.11,0,7.08,0,6.85,6.54,9.78,95.95,1004.49,2,3.111111111,2,183.3333333,0,5.761777778
07/03/2025 04:00,0,0.14,0,6.82,0,6.625,6.35,9.645,96.5,1004.61,2,2.888888889,2,173.8888889,0,5.350222222
07/03/2025 05:00,0,0.165,0,6.5,0,6.31,6.11,9.455,96.85,1004.855,2,3.5,2,149.4444444,0,6.482
07/03/2025 06:00,0,0.13,0,6.305,0,6.16,5.96,9.39,97.3,1004.915,2,3.777777778,2,123.8888889,0,6.996444444
07/03/2025 07:00,0,0.085,0,6.22,0,6.045,5.865,9.33,97.4,1005.195,2,3.833333333,2,137.2222222,0,7.099333333
07/03/2025 08:00,0,0.025,0,6.72,0,6.54,6.325,9.635,97,1005.635,2,4.333333333,2,115.5555556,0,8.025333333
07/03/2025 09:00,0,0.01,0,7.505,0,7.3,7.025,10.09,96.4,1005.76,2,4.722222222,2,95,0,8.745555556
07/03/2025 10:00,0,0.01,0,8.61,0,8.275,7.89,10.69,95.1,1005.66,2,5.833333333,2,110,0,10.80333333
07/03/2025 11:00,0,0.02,0,9.795,0,9.135,8.405,11.05,90.95,1005.49,2,7.222222222,2,100,0,13.37555556
07/03/2025 12:00,0,0.055,0,10.46,0,9.46,8.365,11.025,86.85,1005.295,2,8.333333333,2,107.7777778,0,15.43333333
07/03/2025 13:00,0,0.12,0,10.66,0,9.66,8.6,11.2,87,1005,2,8.555555556,2,113.3333333,0,15.84488889
07/03/2025 14:00,0,0.19,0,11.02,0,9.99,8.915,11.445,86.7,1004.585,2,8.944444444,2,118.3333333,0,16.56511111
07/03/2025 15:00,0,0.065,0,10.93,0,9.93,8.93,11.44,87.1,1004.265,2,8.777777778,2,116.6666667,0,16.25644444
07/03/2025 16:00,0,0.06,0,10.81,0,9.86,8.88,11.4,87.85,1003.925,2,9.111111111,2,110.5555556,0,16.87377778
07/03/2025 17:00,0,0.065,0,10.51,0,9.77,8.99,11.485,90.15,1003.59,2,8.888888889,2,108.8888889,0,16.46222222
07/03/2025 18:00,0,0.065,0,10.275,0,9.63,8.97,11.465,91.45,1003.55,2,8.666666667,2,108.3333333,0,16.05066667
07/03/2025 19:00,0,0.07,0,9.945,0,9.27,8.56,11.15,90.95,1003.74,2,8.111111111,2,115.5555556,0,15.02177778
07/03/2025 20:00,0,0.08,0,9.51,0,8.955,8.355,11.015,92.25,1003.9,2,8.888888889,2,120.5555556,0,16.46222222
07/03/2025 21:00,0,0.01,0,9.345,0,8.79,8.21,10.895,92.4,1004.035,2,9.111111111,2,122.7777778,0,16.87377778
07/03/2025 22:00,0,0.005,0,9.255,0,8.665,8.02,10.76,91.7,1004.16,2,8.944444444,2,123.8888889,0,16.56511111
07/03/2025 23:00,0,0.02,0,9.26,0,8.6,7.885,10.665,90.85,1004.17,2,9,2,121.6666667,0,16.668
08/03/2025 00:00,0,0.005,0,9.305,0,8.615,7.87,10.635,90.4,1004.185,2,8.611111111,2,120,0,15.94777778
08/03/2025 01:00,0,0,0,9.19,0,8.525,7.785,10.585,90.6,1004.04,2,8.5,2,117.7777778,0,15.742
08/03/2025 02:00,0,0,0,9.07,0,8.45,7.745,10.565,91.35,1003.88,2,8.611111111,2,111.6666667,0,15.94777778
08/03/2025 03:00,0,0.005,0,9.04,0,8.44,7.785,10.595,91.8,1003.5,2,8.444444444,2,110.5555556,0,15.63911111
08/03/2025 04:00,0,0,0,9.07,0,8.47,7.805,10.61,91.6,1003.19,2,8.888888889,2,107.7777778,0,16.46222222
08/03/2025 05:00,0,0.005,0,8.99,0,8.345,7.64,10.475,90.9,1002.945,2,8.888888889,2,101.1111111,0,16.46222222
08/03/2025 06:00,0,0.01,0,8.975,0,8.325,7.615,10.465,90.75,1002.635,2,8.888888889,2,109.4444444,0,16.46222222
08/03/2025 07:00,0,0,0,8.915,0,8.255,7.525,10.405,90.75,1002.445,2,8.722222222,2,101.6666667,0,16.15355556
08/03/2025 08:00,0,0.025,0,9.395,0,8.685,7.895,10.675,90.15,1002.465,2,9.333333333,2,101.1111111,0,17.28533333
08/03/2025 09:00,0,0.07,0,10.505,0,9.535,8.555,11.135,87.4,1002.52,2,10.5,2,97.22222222,0,19.446
08/03/2025 10:00,0,0.13,0,11.285,0,10.09,8.86,11.39,84.85,1002.545,2,11.44444444,2,103.8888889,0,21.19511111
08/03/2025 11:00,0,0.205,0,12.33,0,10.715,9.13,11.575,80.55,1002.39,2,11.88888889,2,100.5555556,0,22.01822222
08/03/2025 12:00,0,0.105,0,12.545,0,10.76,9.025,11.515,79.1,1002.365,2,12.11111111,2,104.4444444,0,22.42977778
08/03/2025 13:00,0,0.035,0,12.845,0,10.94,9.065,11.545,77.75,1002.19,2,11.72222222,2,102.7777778,0,21.70955556
08/03/2025 14:00,0,0.045,0,12.96,0,10.94,8.99,11.495,76.85,1002.09,2,11.16666667,2,105.5555556,0,20.68066667
08/03/2025 15:00,0,0.01,0,12.905,0,10.89,8.9,11.42,76.7,1001.945,2,10.33333333,2,110,0,19.13733333
08/03/2025 16:00,0,0.015,0,12.385,0,10.52,8.68,11.23,78.05,1002.135,2,9.944444444,2,108.3333333,0,18.41711111
08/03/2025 17:00,0,0.03,0,12.065,0,10.345,8.59,11.19,79.2,1002.52,2,9.333333333,2,102.2222222,0,17.28533333
08/03/2025 18:00,0,0,0,11.715,0,10.055,8.365,10.995,79.75,1003.125,2,8.222222222,2,103.8888889,0,15.22755556
08/03/2025 19:00,0,0,0,11.18,0,9.695,8.14,10.845,81.25,1003.68,2,7,2,100.5555556,0,12.964
08/03/2025 20:00,0,0.005,0,10.655,0,9.38,8.025,10.76,83.5,1004.08,2,6.388888889,2,88.88888889,0,11.83222222
08/03/2025 21:00,0,0.015,0,10.22,0,9.125,7.97,10.705,85.5,1004.33,2,5.777777778,2,89.44444444,0,10.70044444
08/03/2025 22:00,0,0.005,0,9.68,0,8.67,7.575,10.43,86.35,1004.645,2,5.833333333,2,88.88888889,0,10.80333333
08/03/2025 23:00,0,0.01,0,9.15,0,8.19,7.135,10.135,86.95,1004.75,2,5.611111111,2,81.66666667,0,10.39177778
09/03/2025 00:00,0,0,0,8.9,0,8.02,7.02,10.065,87.75,1004.585,2,5.444444444,2,108.3333333,1,10.08311111
09/03/2025 01:00,0,0.015,0,9.045,0,8.145,7.185,10.17,87.9,1004.35,2,6.166666667,2,94.44444444,1,11.42066667
09/03/2025 02:00,0,0,0,9.06,0,8.125,7.07,10.085,87.25,1004.135,2,6.722222222,2,92.77777778,1,12.44955556
09/03/2025 03:00,0,0,0,8.615,0,7.755,6.79,9.89,88.05,1003.945,2,6.277777778,2,102.7777778,1,11.62644444
09/03/2025 04:00,0,0,0,8.385,0,7.57,6.635,9.79,88.55,1003.795,2,5.944444444,2,108.3333333,1,11.00911111
09/03/2025 05:00,0,0,0,8.17,0,7.365,6.44,9.655,88.6,1003.725,2,6.444444444,2,127.2222222,1,11.93511111
09/03/2025 06:00,0,0,0,7.845,0,7.05,6.13,9.46,88.9,1003.845,2,6.277777778,2,86.66666667,1,11.62644444
09/03/2025 07:00,0,0,0,7.905,0,7.05,6.085,9.43,88.3,1003.91,2,6.833333333,2,128.3333333,1,12.65533333
09/03/2025 08:00,0,0,0,8.32,0,7.375,6.295,9.555,87,1004.255,2,6.888888889,2,67.77777778,1,12.75822222
09/03/2025 09:00,0,0,0,10.19,0,8.7,7.07,10.105,80.9,1004.54,2,7.333333333,2,72.22222222,1,13.58133333
09/03/2025 10:00,0,0,0,11.795,0,9.685,7.455,10.34,74.55,1004.5,2,8.388888889,2,88.88888889,1,15.53622222
09/03/2025 11:00,0,0,0,12.86,0,10.33,7.71,10.525,70.6,1004.445,2,9.055555556,2,86.11111111,1,16.77088889
09/03/2025 12:00,0,0,0,13.75,0,10.79,7.765,10.565,66.95,1004.31,2,9.388888889,2,87.77777778,1,17.38822222
09/03/2025 13:00,0,0,0,14.56,0,11.2,7.795,10.61,63.55,1003.865,2,9.611111111,2,94.44444444,1,17.79977778
09/03/2025 14:00,0,0,0,14.91,0,11.33,7.72,10.575,61.8,1003.235,2,9.611111111,2,72.77777778,1,17.79977778
09/03/2025 15:00,0,0,0,14.965,0,11.215,7.425,10.345,60.55,1002.99,2,9.5,2,68.88888889,1,17.594
09/03/2025 16:00,0,0,0,14.66,0,11.03,7.325,10.265,61.4,1002.885,2,9.555555556,2,69.44444444,1,17.69688889
09/03/2025 17:00,0,0,0,13.665,0,10.415,6.99,10.065,64.1,1002.98,2,8.833333333,2,65,1,16.35933333
09/03/2025 18:00,0,0,0,12.23,0,9.65,6.88,9.975,69.7,1003.275,2,7.555555556,2,96.11111111,1,13.99288889
09/03/2025 19:00,0,0,0,10.54,0,8.655,6.53,9.725,75.95,1003.57,2,6.722222222,2,88.33333333,1,12.44955556
09/03/2025 20:00,0,0,0,9.725,0,8.13,6.28,9.55,78.95,1003.875,2,6.555555556,2,100.5555556,1,12.14088889
09/03/2025 21:00,0,0,0,9.11,0,7.605,5.83,9.275,79.85,1004.155,2,6.833333333,2,88.88888889,1,12.65533333
09/03/2025 22:00,0,0,0,8.64,0,7.31,5.725,9.21,81.8,1004.39,2,6.555555556,2,104.4444444,1,12.14088889
09/03/2025 23:00,0,0,0,8.03,0,6.95,5.66,9.165,84.8,1004.53,2,6.722222222,2,134.4444444,1,12.44955556
10/03/2025 00:00,0,0,0,7.58,0,6.63,5.455,9.04,86.35,1004.44,2,7.055555556,2,153.8888889,1,13.06688889
10/03/2025 01:00,0,0,0,7.525,0,6.605,5.47,9.05,86.6,1004.31,2,7.888888889,2,166.6666667,1,14.61022222
10/03/2025 02:00,0,0.005,0,7.31,0,6.425,5.325,8.945,87.1,1004.255,2,8.055555556,2,145,1,14.91888889
10/03/2025 03:00,0,0,0,7.365,0,6.49,5.405,9.02,87.25,1004.085,2,8.111111111,2,170,1,15.02177778
10/03/2025 04:00,0,0,0,7.2,0,6.355,5.335,8.955,87.9,1003.805,2,7.944444444,2,146.1111111,1,14.71311111
10/03/2025 05:00,0,0,0,6.925,0,6.145,5.17,8.88,88.4,1003.84,2,7.888888889,2,111.1111111,1,14.61022222
10/03/2025 06:00,0,0,0,6.76,0,5.98,5.02,8.78,88.65,1004.175,2,7.666666667,2,83.33333333,1,14.19866667
10/03/2025 07:00,0,0,0,6.71,0,5.985,5.075,8.78,89.2,1004.645,2,7.5,2,112.7777778,1,13.89
10/03/2025 08:00,0,0,0,6.985,0,6.235,5.285,8.915,88.95,1005.265,2,6.833333333,2,118.3333333,1,12.65533333
10/03/2025 09:00,0,0,0,8.29,0,7.35,6.225,9.505,86.85,1005.79,2,7.777777778,2,118.3333333,1,14.40444444
10/03/2025 10:00,0,0,0,9.76,0,8.415,6.895,9.955,82.2,1006.345,2,8.5,2,82.77777778,1,15.742
10/03/2025 11:00,0,0,0,11.015,0,9.045,6.89,9.945,75.6,1006.685,2,9.777777778,2,97.22222222,1,18.10844444
10/03/2025 12:00,0,0,0,11.65,0,9.3,6.745,9.85,71.55,1007.085,2,11.33333333,2,85.55555556,1,20.98933333
10/03/2025 13:00,0,0,0,12.185,0,9.595,6.805,9.885,69.25,1007.38,2,11.38888889,2,88.33333333,1,21.09222222
10/03/2025 14:00,0,0,0,12.13,0,9.525,6.69,9.835,69.2,1007.545,2,11.66666667,2,72.22222222,1,21.60666667
10/03/2025 15:00,0,0,0,11.8,0,9.3,6.555,9.735,69.95,1007.845,2,11.66666667,2,75.55555556,1,21.60666667
10/03/2025 16:00,0,0,0,11.45,0,9.01,6.305,9.57,70.3,1008.215,2,11.5,2,71.66666667,1,21.298
10/03/2025 17:00,0,0,0,10.645,0,8.445,5.915,9.325,72.25,1008.735,2,11.33333333,2,73.33333333,1,20.98933333
10/03/2025 18:00,0,0,0,9.865,0,7.86,5.495,9.045,73.8,1009.425,2,10.61111111,2,76.11111111,1,19.65177778
10/03/2025 19:00,0,0,0,9.195,0,7.37,5.135,8.835,75.45,1010.235,2,10.16666667,2,73.88888889,1,18.82866667
10/03/2025 20:00,0,0,0,8.67,0,6.92,4.74,8.6,76,1010.84,2,9.944444444,2,57.22222222,1,18.41711111
10/03/2025 21:00,0,0,0,8.05,0,6.41,4.27,8.325,76.55,1011.385,2,9.888888889,2,57.22222222,1,18.31422222
10/03/2025 22:00,0,0,0,7.42,0,5.845,3.695,8.015,76.8,1011.865,2,9.833333333,2,58.88888889,1,18.21133333
10/03/2025 23:00,0,0,0,6.815,0,5.29,3.165,7.725,77.25,1012.105,2,9.833333333,2,56.66666667,1,18.21133333
11/03/2025 00:00,0,0,0,6.425,0,4.985,2.96,7.595,78.2,1012.3,2,9.388888889,2,48.33333333,1,17.38822222
11/03/2025 01:00,0,0,0,6.145,0,4.615,2.405,7.315,76.65,1012.555,2,8.666666667,2,64.44444444,1,16.05066667
11/03/2025 02:00,0,0,0,5.79,0,4.315,2.13,7.185,76.9,1012.785,2,8.333333333,2,50,1,15.43333333
11/03/2025 03:00,0,0,0,5.365,0,4.015,2.005,7.105,78.65,1012.72,2,8.333333333,2,67.77777778,1,15.43333333
11/03/2025 04:00,0,0,0,4.81,0,3.535,1.585,6.895,79.2,1012.955,2,8.5,2,61.66666667,1,15.742
11/03/2025 05:00,0,0,0,4.315,0,3.095,1.185,6.705,79.65,1013.3,2,7.944444444,2,45,1,14.71311111
11/03/2025 06:00,0,0,0,3.76,0,2.67,0.96,6.6,81.65,1013.62,2,7.055555556,2,40,1,13.06688889
11/03/2025 07:00,0,0,0,3.4,0,2.4,0.78,6.51,82.65,1013.94,2,6.833333333,2,96.66666667,1,12.65533333
11/03/2025 08:00,0,0,0,3.835,0,2.675,0.815,6.51,80.45,1014.295,2,6.555555556,2,80,1,12.14088889
11/03/2025 09:00,0,0,0,5.165,0,3.56,1.07,6.635,74.5,1014.59,2,6.944444444,2,65.55555556,1,12.86111111
11/03/2025 10:00,0,0,0,6.37,0,4.165,0.78,6.485,67.1,1014.705,2,8.555555556,2,43.88888889,1,15.84488889
11/03/2025 11:00,0,0,0,7.215,0,4.59,0.58,6.395,62.25,1014.72,2,9.222222222,2,60,1,17.07955556
11/03/2025 12:00,0,0,0,7.72,0,4.78,0.23,6.255,58.7,1014.525,2,9.222222222,2,73.88888889,1,17.07955556
11/03/2025 13:00,0,0.005,0,7.935,0,4.91,0.25,6.28,57.95,1014.17,2,9.666666667,2,55.55555556,1,17.90266667
11/03/2025 14:00,0,0,0,7.91,0,4.81,-0.025,6.13,57,1013.705,2,9.777777778,2,77.77777778,1,18.10844444
11/03/2025 15:00,0,0,0,7.94,0,4.815,-0.055,6.12,56.8,1013.405,2,9.5,2,86.11111111,1,17.594
11/03/2025 16:00,0,0,0,7.755,0,4.65,-0.23,6.045,56.8,1013.1,2,9.055555556,2,118.3333333,1,16.77088889
11/03/2025 17:00,0,0,0,7.495,0,4.5,-0.185,6.045,57.85,1012.83,2,8.944444444,2,148.8888889,1,16.56511111
11/03/2025 18:00,0,0,0,6.545,0,4.11,0.27,6.25,63.85,1012.8,2,8.222222222,2,184.4444444,1,15.22755556
11/03/2025 19:00,0,0.055,0,5.52,0,3.56,0.44,6.325,69.45,1012.945,2,6.611111111,2,221.1111111,1,12.24377778
11/03/2025 20:00,0,0,0,5.045,0,3.345,0.605,6.42,72.7,1012.95,2,5.944444444,2,244.4444444,1,11.00911111
11/03/2025 21:00,0,0.015,0,4.52,0,3.035,0.575,6.42,75.2,1012.85,2,6.277777778,2,260,1,11.62644444
11/03/2025 22:00,0,0.05,0,4.365,0,3.035,0.88,6.55,77.9,1012.54,2,6.055555556,2,261.1111111,1,11.21488889
11/03/2025 23:00,0,0.045,0,4.295,0,3.12,1.245,6.735,80.4,1012.205,2,6.111111111,2,272.7777778,1,11.31777778
12/03/2025 00:00,0,0.015,0,4.225,0,3.16,1.485,6.84,82.2,1011.795,2,6.444444444,2,277.2222222,1,11.93511111
12/03/2025 01:00,0,0.015,0,4.115,0,3.135,1.62,6.9,83.85,1011.315,2,6.444444444,2,255.5555556,1,11.93511111
12/03/2025 02:00,0,0.005,0,3.93,0,3.055,1.705,6.95,85.45,1010.99,2,6.888888889,2,248.8888889,1,12.75822222
12/03/2025 03:00,0,0.015,0,3.88,0,2.98,1.585,6.855,84.95,1010.35,2,6.888888889,2,246.1111111,1,12.75822222
12/03/2025 04:00,0,0.01,0,4.12,0,3.19,1.77,6.95,84.6,1009.995,2,6.666666667,2,235.5555556,1,12.34666667
12/03/2025 05:00,0,0.005,0,4.305,0,3.23,1.6,6.865,82.45,1009.92,2,7.222222222,2,261.1111111,1,13.37555556
12/03/2025 06:00,0,0.005,0,4.485,0,3.405,1.705,6.925,82.1,1010.18,2,7.777777778,2,245.5555556,1,14.40444444
12/03/2025 07:00,0,0.04,0,4.37,0,3.285,1.635,6.895,82.2,1010.37,2,7.888888889,2,231.6666667,1,14.61022222
12/03/2025 08:00,0,0,0,4.695,0,3.51,1.665,6.9,80.4,1010.545,2,8.166666667,2,230,1,15.12466667
12/03/2025 09:00,0,0.005,0,5.665,0,4.01,1.48,6.805,73.95,1010.65,2,8.666666667,2,218.8888889,1,16.05066667
12/03/2025 10:00,0,0.015,0,6.6,0,4.435,1.135,6.665,67.6,1010.665,2,10.44444444,2,153.3333333,1,19.34311111
12/03/2025 11:00,0,0,0,7.095,0,4.46,0.395,6.315,62.2,1010.655,2,11.83333333,2,153.3333333,1,21.91533333
12/03/2025 12:00,0,0,0,7.91,0,4.795,-0.015,6.125,57.1,1010.425,2,11.88888889,2,131.6666667,1,22.01822222
12/03/2025 13:00,0,0,0,8.37,0,5.15,0.285,6.26,56.5,1010.035,2,11.22222222,2,133.3333333,1,20.78355556
12/03/2025 14:00,0,0,0,8.705,0,5.24,-0.035,6.105,53.75,1009.61,2,11.44444444,2,188.3333333,1,21.19511111
12/03/2025 15:00,0,0,0,8.43,0,5.165,0.21,6.225,55.9,1009.48,2,11.38888889,2,135,1,21.09222222
12/03/2025 16:00,0,0,0,8.095,0,4.945,0.115,6.175,57,1009.29,2,11.55555556,2,171.1111111,1,21.40088889
12/03/2025 17:00,0,0,0,7.72,0,4.72,0.095,6.165,58.25,1009.24,2,11.11111111,2,93.33333333,1,20.57777778
12/03/2025 18:00,0,0,0,6.835,0,4.28,0.295,6.26,62.85,1009.67,2,9.722222222,2,132.2222222,1,18.00555556
12/03/2025 19:00,0,0.005,0,6.035,0,3.76,0.125,6.17,65.5,1010.1,2,8.222222222,2,152.7777778,1,15.22755556
12/03/2025 20:00,0,0,0,5.43,0,3.415,0.14,6.2,68.35,1010.45,2,7.555555556,2,168.3333333,1,13.99288889
12/03/2025 21:00,0,0,0,4.91,0,3.07,0.035,6.135,70.35,1010.52,2,6.888888889,2,219.4444444,1,12.75822222
12/03/2025 22:00,0,0,0,4.545,0,2.855,0.15,6.185,72.65,1010.59,2,7,2,216.6666667,1,12.964
12/03/2025 23:00,0,0,0,4.35,0,2.745,0.095,6.155,73.5,1010.58,2,7.055555556,2,231.6666667,1,13.06688889
13/03/2025 00:00,0,0,0,4.155,0,2.625,0.145,6.185,74.8,1010.5,2,6.388888889,2,222.7777778,1,11.83222222
13/03/2025 01:00,0,0,0,3.935,0,2.455,0.04,6.13,75.55,1010.305,2,6.611111111,2,247.2222222,1,12.24377778
13/03/2025 02:00,0,0,0,3.615,0,2.28,0.06,6.155,77.45,1010.14,2,6.944444444,2,234.4444444,1,12.86111111
13/03/2025 03:00,0,0,0,3.235,0,1.985,-0.1,6.07,78.7,1009.765,2,6.666666667,2,240.5555556,1,12.34666667
13/03/2025 04:00,0,0,0,3.04,0,1.82,-0.21,6.025,79.1,1009.665,2,6.388888889,2,273.3333333,1,11.83222222
13/03/2025 05:00,0,0,0,2.97,0,1.8,-0.13,6.055,79.9,1009.8,2,5.833333333,2,270,1,10.80333333
13/03/2025 06:00,0,0.01,0,2.905,0,1.815,0.015,6.12,81.2,1010.035,2,5.111111111,2,257.7777778,1,9.465777778
13/03/2025 07:00,0,0.035,0,2.515,0,1.51,-0.19,6.05,82.3,1010.345,2,4.722222222,2,239.4444444,1,8.745555556
13/03/2025 08:00,0,0.005,0,3.095,0,2.1,0.45,6.33,82.85,1010.51,2,4.833333333,2,256.6666667,1,8.951333333
13/03/2025 09:00,0,0,0,4.88,0,3.495,1.345,6.75,77.65,1010.54,2,5.055555556,2,255.5555556,1,9.362888889
13/03/2025 10:00,0,0.005,0,6.26,0,4.33,1.465,6.815,71.15,1010.54,2,6.333333333,2,215.5555556,1,11.72933333
13/03/2025 11:00,0,0.015,0,7.045,0,4.76,1.28,6.735,66.65,1010.41,2,7,2,243.8888889,1,12.964
13/03/2025 12:00,0,0.005,0,7.725,0,5.075,1.125,6.675,62.7,1010.245,2,7.444444444,2,199.4444444,1,13.78711111
13/03/2025 13:00,0,0.005,0,8.115,0,5.36,1.325,6.77,62.05,1009.98,2,7.777777778,2,272.2222222,1,14.40444444
13/03/2025 14:00,0,0.03,0,8.38,0,5.605,1.585,6.895,61.9,1009.565,2,7.666666667,2,285.5555556,1,14.19866667
13/03/2025 15:00,0,0.005,0,8.62,0,5.75,1.655,6.925,61.55,1009.235,2,7.944444444,2,323.8888889,1,14.71311111
13/03/2025 16:00,0,0.005,0,8.355,0,5.68,1.805,7,63.25,1008.97,2,7.277777778,2,250,1,13.47844444
13/03/2025 17:00,0,0,0,8.23,0,5.58,1.77,6.965,63.55,1008.94,2,6.555555556,2,251.1111111,1,12.14088889
13/03/2025 18:00,0,0.01,0,7.52,0,5.375,2.285,7.23,69.1,1009.09,2,5.333333333,2,275,1,9.877333333
13/03/2025 19:00,0,0.005,0,6.5,0,4.84,2.445,7.315,75.1,1009.42,2,4.722222222,2,296.1111111,1,8.745555556
13/03/2025 20:00,0,0.005,0,5.92,0,4.605,2.73,7.465,79.9,1009.58,2,4.333333333,2,285,1,8.025333333
13/03/2025 21:00,0,0,0,5.595,0,4.495,2.88,7.55,82.5,1009.595,2,4,2,292.2222222,1,7.408
13/03/2025 22:00,0,0.02,0,5.175,0,4.24,2.86,7.52,84.8,1009.4,2,3.611111111,2,274.4444444,1,6.687777778
13/03/2025 23:00,0,0.03,0,5.1,0,4.23,2.975,7.59,86.1,1009.185,2,3.611111111,2,256.1111111,1,6.687777778
14/03/2025 00:00,0,0.005,0,4.94,0,4.2,3.12,7.655,87.8,1009.045,2,3.333333333,2,255.5555556,0,6.173333333
14/03/2025 01:00,0,0.03,0,5.045,0,4.32,3.27,7.745,88.3,1008.73,2,3.555555556,2,268.8888889,0,6.584888889
14/03/2025 02:00,0,0.045,0,4.85,0,4.195,3.235,7.725,89.1,1008.475,2,3.666666667,2,252.2222222,0,6.790666667
14/03/2025 03:00,0,0.075,0,4.82,0,4.185,3.295,7.755,89.7,1008.24,2,3.777777778,2,226.6666667,0,6.996444444
14/03/2025 04:00,0,0.175,0,4.84,0,4.265,3.495,7.86,90.8,1008.19,2,4.166666667,2,217.2222222,0,7.716666667
14/03/2025 05:00,0,0.18,0,4.94,0,4.405,3.63,7.93,91.15,1008.555,2,4.944444444,2,258.8888889,0,9.157111111
14/03/2025 06:00,0,0.18,0,4.67,0,4.135,3.38,7.79,91,1009.18,2,5.555555556,2,220,0,10.28888889
14/03/2025 07:00,0,0.055,0,4.47,0,3.94,3.155,7.675,91,1009.99,2,5.5,2,188.3333333,0,10.186
14/03/2025 08:00,0,0.06,0,4.675,0,4.055,3.175,7.69,89.6,1010.92,2,6.333333333,2,138.8888889,0,11.72933333
14/03/2025 09:00,0,0.04,0,5.715,0,4.695,3.255,7.735,83.85,1011.855,2,7.611111111,2,132.2222222,0,14.09577778
14/03/2025 10:00,0,0.045,0,6.715,0,5.21,3.085,7.645,77.4,1012.675,2,9.611111111,2,57.22222222,0,17.79977778
14/03/2025 11:00,0,0,0,7.43,0,5.325,2.36,7.25,70.05,1013.49,2,11.11111111,2,44.44444444,0,20.57777778
14/03/2025 12:00,0,0.005,0,7.915,0,5.525,2.13,7.13,66.45,1014.41,2,11.16666667,2,52.77777778,0,20.68066667
14/03/2025 13:00,0,0.01,0,8.315,0,5.605,1.725,6.94,63,1015.035,2,10.88888889,2,57.77777778,0,20.16622222
14/03/2025 14:00,0,0.005,0,8.54,0,5.61,1.355,6.76,60.55,1015.475,2,11,2,55,0,20.372
14/03/2025 15:00,0,0,0,8.875,0,5.745,1.205,6.69,58.65,1016.05,2,10.11111111,2,60,0,18.72577778
14/03/2025 16:00,0,0,0,8.73,0,5.615,1.055,6.61,58.25,1016.68,2,9.666666667,2,58.33333333,0,17.90266667
14/03/2025 17:00,0,0,0,8.24,0,5.295,0.93,6.555,59.95,1017.47,2,8.555555556,2,59.44444444,0,15.84488889
14/03/2025 18:00,0,0,0,7.45,0,4.84,0.935,6.55,63.1,1018.38,2,7.444444444,2,57.22222222,0,13.78711111
14/03/2025 19:00,0,0,0,5.74,0,3.785,0.715,6.46,69.8,1019.51,2,5.444444444,2,75,0,10.08311111
14/03/2025 20:00,0,0,0,4.4,0,2.915,0.52,6.37,75.7,1020.475,2,4.777777778,2,106.1111111,0,8.848444444
14/03/2025 21:00,0,0,0,3.06,0,1.915,-0.02,6.135,80.05,1021.255,2,4.5,2,122.7777778,0,8.334
14/03/2025 22:00,0,0,0,2.205,0,1.285,-0.3,6.015,83.35,1021.85,2,3.944444444,2,144.4444444,0,7.305111111
14/03/2025 23:00,0,0,0,1.525,0,0.79,-0.485,5.915,86.15,1022.45,2,3.722222222,2,163.3333333,0,6.893555556
15/03/2025 00:00,0,0,0,1.205,0,0.51,-0.685,5.855,86.9,1022.835,2,4.055555556,2,137.2222222,0,7.510888889
15/03/2025 01:00,0,0,0,0.755,0,0.135,-0.99,5.71,87.9,1023.18,2,3.5,2,150.5555556,0,6.482
15/03/2025 02:00,0,0,0,0.22,0,-0.35,-1.375,5.54,88.9,1023.41,2,3.722222222,2,183.8888889,0,6.893555556
15/03/2025 03:00,0,0,0,-0.17,0,-0.68,-1.605,5.48,90,1023.655,2,3.333333333,2,201.6666667,0,6.173333333
15/03/2025 04:00,0,0,0,-0.265,0,-0.72,-1.555,5.485,90.7,1024.065,2,3.666666667,2,188.8888889,0,6.790666667
15/03/2025 05:00,0,0,0,-0.57,0,-1.01,-1.795,5.41,91.15,1024.455,2,3.833333333,2,167.7777778,0,7.099333333
15/03/2025 06:00,0,0,0,-0.86,0,-1.275,-2.025,5.305,91.6,1024.835,2,3.666666667,2,195.5555556,0,6.790666667
15/03/2025 07:00,0,0,0,-0.815,0,-1.21,-1.95,5.34,91.85,1025.46,2,3.5,2,170,0,6.482
15/03/2025 08:00,0,0,0,0.75,0,0.28,-0.49,5.93,91.2,1025.98,2,3.388888889,2,181.6666667,0,6.276222222
15/03/2025 09:00,0,0,0,3.545,0,2.66,1.26,6.72,84.95,1026.32,2,3.222222222,2,193.8888889,0,5.967555556
15/03/2025 10:00,0,0,0,6.21,0,4.56,2.155,7.155,75.35,1026.645,2,3.555555556,2,186.6666667,0,6.584888889
15/03/2025 11:00,0,0,0,8.125,0,5.605,1.995,7.075,65.1,1026.705,2,4.055555556,2,215,0,7.510888889
15/03/2025 12:00,0,0,0,9.03,0,5.82,1.135,6.66,57.6,1026.725,2,4.611111111,2,169.4444444,0,8.539777778
15/03/2025 13:00,0,0,0,9.105,0,5.665,0.53,6.385,54.8,1026.69,2,5.388888889,2,186.6666667,0,9.980222222
15/03/2025 14:00,0,0,0,9.45,0,5.905,0.745,6.455,54.05,1026.295,2,5.666666667,2,215.5555556,0,10.49466667
15/03/2025 15:00,0,0,0,9.62,0,6.045,0.895,6.54,54.2,1026.15,2,6.166666667,2,226.1111111,0,11.42066667
15/03/2025 16:00,0,0,0,9.25,0,5.895,1.06,6.625,56.45,1025.955,2,6,2,162.7777778,0,11.112
15/03/2025 17:00,0,0,0,8.97,0,5.76,1.11,6.645,57.8,1025.905,2,5.944444444,2,175.5555556,0,11.00911111
15/03/2025 18:00,0,0,0,7.97,0,5.25,1.26,6.71,62.2,1026.245,2,6.111111111,2,140,0,11.31777778
15/03/2025 19:00,0,0,0,6.805,0,4.605,1.26,6.71,67.5,1026.83,2,5,2,165.5555556,0,9.26
15/03/2025 20:00,0,0,0,6.28,0,4.27,1.245,6.7,70.05,1027.205,2,4.666666667,2,172.2222222,0,8.642666667
15/03/2025 21:00,0,0,0,5.935,0,4.085,1.25,6.715,71.6,1027.41,2,3.944444444,2,122.2222222,0,7.305111111
15/03/2025 22:00,0,0,0,5.575,0,3.89,1.305,6.73,73.8,1027.53,2,4.222222222,2,142.2222222,0,7.819555556
15/03/2025 23:00,0,0,0,5.255,0,3.71,1.355,6.74,75.6,1027.575,2,3.777777778,2,138.3333333,0,6.996444444
16/03/2025 00:00,0,0,0,4.99,0,3.58,1.415,6.775,77.3,1027.56,2,3.666666667,2,154.4444444,1,6.790666667
16/03/2025 01:00,0,0,0,4.645,0,3.37,1.405,6.765,79.05,1027.585,2,3.666666667,2,83.88888889,1,6.790666667
16/03/2025 02:00,0,0,0,4.405,0,3.21,1.355,6.745,80.4,1027.555,2,3.555555556,2,143.3333333,1,6.584888889
16/03/2025 03:00,0,0.005,0,4.46,0,3.385,1.73,6.94,82.2,1027.36,2,3.722222222,2,163.3333333,1,6.893555556
16/03/2025 04:00,0,0.01,0,4.23,0,3.205,1.62,6.88,83,1027.305,2,3.555555556,2,158.3333333,1,6.584888889
16/03/2025 05:00,0,0.005,0,4.175,0,3.16,1.59,6.87,83.2,1027.36,2,3.611111111,2,171.1111111,1,6.687777778
16/03/2025 06:00,0,0,0,4.195,0,3.215,1.73,6.935,84.05,1027.59,2,3.722222222,2,189.4444444,1,6.893555556
16/03/2025 07:00,0,0,0,4.135,0,3.28,1.945,7.045,85.3,1027.99,2,3.666666667,2,111.1111111,1,6.790666667
16/03/2025 08:00,0,0,0,4.64,0,3.67,2.24,7.19,84.5,1028.24,2,3.5,2,174.4444444,1,6.482
16/03/2025 09:00,0,0,0,6.065,0,4.84,3.085,7.655,81.2,1028.49,2,3.833333333,2,198.3333333,1,7.099333333
16/03/2025 10:00,0,0,0,7.515,0,5.735,3.28,7.76,74.45,1028.555,2,4.888888889,2,124.4444444,1,9.054222222
16/03/2025 11:00,0,0.005,0,8.135,0,5.75,2.335,7.295,66.9,1028.64,2,6.055555556,2,77.22222222,1,11.21488889
16/03/2025 12:00,0,0.005,0,8.575,0,6.015,2.4,7.33,65.3,1028.615,2,6.444444444,2,70.55555556,1,11.93511111
16/03/2025 13:00,0,0,0,9.045,0,6.25,2.37,7.295,62.85,1028.415,2,6.777777778,2,75,1,12.55244444
16/03/2025 14:00,0,0,0,9.255,0,6.275,2.07,7.13,60.75,1028.01,2,7,2,88.88888889,1,12.964
16/03/2025 15:00,0,0,0,9.41,0,6.27,1.835,7.015,58.95,1027.785,2,6.888888889,2,80,1,12.75822222
16/03/2025 16:00,0,0,0,9.23,0,6.09,1.585,6.88,58.75,1027.725,2,6.888888889,2,85.55555556,1,12.75822222
16/03/2025 17:00,0,0,0,8.82,0,5.88,1.675,6.92,60.7,1027.875,2,6.777777778,2,89.44444444,1,12.55244444
16/03/2025 18:00,0,0,0,8.215,0,5.58,1.77,6.965,63.8,1028.185,2,6.111111111,2,86.11111111,1,11.31777778
16/03/2025 19:00,0,0,0,7.565,0,5.305,2.025,7.1,67.7,1028.56,2,4.888888889,2,78.88888889,1,9.054222222
16/03/2025 20:00,0,0,0,7.23,0,5.11,1.99,7.085,69.1,1028.955,2,4.5,2,73.33333333,1,8.334
16/03/2025 21:00,0,0,0,7.035,0,4.975,1.96,7.055,69.85,1029.185,2,4.611111111,2,74.44444444,1,8.539777778
16/03/2025 22:00,0,0,0,6.75,0,4.84,2.005,7.105,71.45,1029.46,2,5.166666667,2,73.88888889,1,9.568666667
16/03/2025 23:00,0,0,0,6.665,0,4.79,2.035,7.105,72.15,1029.495,2,5.111111111,2,72.22222222,1,9.465777778
17/03/2025 00:00,0,0,0,6.7,0,4.825,2.08,7.13,72.15,1029.345,2,5.111111111,2,73.33333333,1,9.465777778
17/03/2025 01:00,0,0,0,6.61,0,4.735,1.99,7.085,72.3,1029.12,2,5.611111111,2,88.33333333,1,10.39177778
17/03/2025 02:00,0,0,0,6.515,0,4.725,2.1,7.15,73.3,1028.89,2,5.388888889,2,93.88888889,1,9.980222222
17/03/2025 03:00,0,0,0,6.48,0,4.85,2.5,7.345,75.45,1028.555,2,5.5,2,98.33333333,1,10.186
17/03/2025 04:00,0,0,0,6.585,0,4.92,2.575,7.375,75.35,1028.385,2,6,2,90,1,11.112
17/03/2025 05:00,0,0,0,6.64,0,5,2.67,7.415,75.75,1028.355,2,6.222222222,2,94.44444444,1,11.52355556
17/03/2025 06:00,0,0,0,6.69,0,5.05,2.74,7.44,75.8,1028.275,2,7.055555556,2,93.88888889,1,13.06688889
17/03/2025 07:00,0,0.005,0,6.67,0,5.075,2.815,7.49,76.4,1028.33,2,7.333333333,2,95,1,13.58133333
17/03/2025 08:00,0,0,0,6.895,0,5.245,2.93,7.56,75.7,1028.495,2,7.666666667,2,95,1,14.19866667
17/03/2025 09:00,0,0,0,7.32,0,5.445,2.85,7.525,73.15,1028.445,2,8.777777778,2,98.88888889,1,16.25644444
17/03/2025 10:00,0,0,0,7.785,0,5.65,2.675,7.425,69.8,1028.33,2,9.777777778,2,104.4444444,1,18.10844444
17/03/2025 11:00,0,0,0,8.09,0,5.72,2.415,7.285,67.2,1028.3,2,10.5,2,107.7777778,1,19.446
17/03/2025 12:00,0,0,0,8.25,0,5.66,1.99,7.075,64.35,1028.07,2,10.88888889,2,107.7777778,1,20.16622222
17/03/2025 13:00,0,0,0,8.24,0,5.605,1.83,6.99,63.65,1027.7,2,11.05555556,2,107.7777778,1,20.47488889
17/03/2025 14:00,0,0,0,8.055,0,5.435,1.625,6.885,63.55,1027.255,2,11.22222222,2,107.2222222,1,20.78355556
17/03/2025 15:00,0,0,0,7.875,0,5.34,1.69,6.91,64.45,1026.765,2,10.88888889,2,107.7777778,1,20.16622222
17/03/2025 16:00,0,0,0,7.64,0,5.2,1.68,6.895,65.55,1026.245,2,11.16666667,2,106.1111111,1,20.68066667
17/03/2025 17:00,0,0,0,7.25,0,4.95,1.6,6.855,66.95,1026.01,2,10.77777778,2,105,1,19.96044444
17/03/2025 18:00,0,0,0,6.905,0,4.74,1.54,6.825,68.2,1025.855,2,10.22222222,2,103.8888889,1,18.93155556
17/03/2025 19:00,0,0,0,6.545,0,4.48,1.375,6.76,69.1,1026,2,9.833333333,2,100.5555556,1,18.21133333
17/03/2025 20:00,0,0,0,6.35,0,4.325,1.25,6.695,69.3,1026.04,2,8.944444444,2,101.6666667,1,16.56511111
17/03/2025 21:00,0,0,0,6.18,0,4.19,1.135,6.645,69.65,1025.815,2,8.777777778,2,100,1,16.25644444
17/03/2025 22:00,0,0,0,6.065,0,4.035,0.905,6.54,69.2,1025.595,2,8.666666667,2,101.1111111,1,16.05066667
17/03/2025 23:00,0,0,0,5.985,0,3.985,0.9,6.52,69.4,1025.305,2,8.555555556,2,98.88888889,1,15.84488889
18/03/2025 00:00,0,0,0,5.88,0,3.88,0.82,6.5,69.55,1024.865,2,8.388888889,2,99.44444444,1,15.53622222
18/03/2025 01:00,0,0,0,5.815,0,3.855,0.815,6.49,69.9,1024.44,2,8.666666667,2,101.6666667,1,16.05066667
18/03/2025 02:00,0,0,0,5.75,0,3.795,0.705,6.45,69.7,1023.845,2,9,2,102.7777778,1,16.668
18/03/2025 03:00,0,0.005,0,5.585,0,3.655,0.655,6.42,70.15,1023.075,2,8.777777778,2,101.6666667,1,16.25644444
18/03/2025 04:00,0,0,0,5.51,0,3.585,0.525,6.35,69.9,1022.42,2,8.611111111,2,99.44444444,1,15.94777778
18/03/2025 05:00,0,0,0,5.475,0,3.565,0.535,6.375,70,1022.095,2,8.388888889,2,93.88888889,1,15.53622222
18/03/2025 06:00,0,0,0,5.385,0,3.5,0.51,6.36,70.4,1021.925,2,8.888888889,2,96.11111111,1,16.46222222
18/03/2025 07:00,0,0,0,5.41,0,3.56,0.63,6.42,70.85,1022,2,9.5,2,97.77777778,1,17.594
18/03/2025 08:00,0,0,0,5.76,0,3.895,0.99,6.595,71.05,1021.815,2,9.666666667,2,93.88888889,1,17.90266667
18/03/2025 09:00,0,0,0,6.205,0,4.28,1.37,6.77,70.8,1021.575,2,10.88888889,2,97.77777778,1,20.16622222
18/03/2025 10:00,0,0,0,6.76,0,4.65,1.5,6.85,68.8,1021.225,2,12.11111111,2,102.2222222,1,22.42977778
18/03/2025 11:00,0,0,0,7.415,0,5.11,1.755,6.97,66.95,1020.785,2,13.22222222,2,109.4444444,1,24.48755556
18/03/2025 12:00,0,0,0,8.19,0,5.57,1.83,6.995,63.9,1020.28,2,13.61111111,2,109.4444444,1,25.20777778
18/03/2025 13:00,0,0,0,8.605,0,5.83,1.875,7.035,62.4,1019.72,2,13.55555556,2,110.5555556,1,25.10488889
18/03/2025 14:00,0,0,0,8.96,0,6.02,1.845,7.025,60.75,1019.165,2,13.83333333,2,113.3333333,1,25.61933333
18/03/2025 15:00,0,0,0,9.2,0,6.115,1.745,6.98,59.7,1018.71,2,12.94444444,2,114.4444444,1,23.97311111
18/03/2025 16:00,0,0,0,9.11,0,6.205,2.11,7.165,61.5,1018.31,2,12.11111111,2,110.5555556,1,22.42977778
18/03/2025 17:00,0,0,0,8.825,0,5.98,1.935,7.06,61.8,1018.075,2,11.44444444,2,111.1111111,1,21.19511111
18/03/2025 18:00,0,0,0,8.15,0,5.64,2.06,7.125,65.25,1018.28,2,10.16666667,2,107.2222222,1,18.82866667
18/03/2025 19:00,0,0,0,6.85,0,4.85,1.93,7.065,70.55,1018.655,2,8.277777778,2,102.2222222,1,15.33044444
18/03/2025 20:00,0,0,0,5.72,0,4.16,1.79,6.995,75.6,1018.865,2,7.166666667,2,97.77777778,1,13.27266667
18/03/2025 21:00,0,0,0,4.77,0,3.425,1.38,6.805,78.45,1019.105,2,6.666666667,2,96.66666667,1,12.34666667
18/03/2025 22:00,0,0,0,4.275,0,3.035,1.13,6.69,80.05,1019.155,2,6.5,2,108.3333333,1,12.038
18/03/2025 23:00,0,0,0,3.75,0,2.72,1.1,6.685,82.8,1019.13,2,6.388888889,2,95,1,11.83222222
19/03/2025 00:00,0,0,0,3.115,0,2.165,0.655,6.465,83.95,1019.03,2,6.611111111,2,127.2222222,1,12.24377778
19/03/2025 01:00,0,0,0,2.915,0,2.02,0.645,6.465,85.15,1018.945,2,6.388888889,2,107.7777778,1,11.83222222
19/03/2025 02:00,0,0,0,2.535,0,1.765,0.565,6.445,86.65,1018.775,2,6,2,108.3333333,1,11.112
19/03/2025 03:00,0,0,0,2.34,0,1.635,0.535,6.45,87.75,1018.365,2,5.611111111,2,93.33333333,1,10.39177778
19/03/2025 04:00,0,0,0,2.025,0,1.395,0.4,6.375,88.8,1018.2,2,5.666666667,2,122.2222222,1,10.49466667
19/03/2025 05:00,0,0,0,2.15,0,1.535,0.535,6.445,88.9,1018.185,2,5.666666667,2,125,1,10.49466667
19/03/2025 06:00,0,0,0,1.705,0,1.105,0.145,6.285,89.1,1018.365,2,5.611111111,2,123.3333333,1,10.39177778
19/03/2025 07:00,0,0,0,1.82,0,1.2,0.195,6.32,88.9,1018.795,2,5.611111111,2,128.8888889,1,10.39177778
19/03/2025 08:00,0,0,0,3.945,0,3.055,1.74,7.025,85.75,1019.07,2,5.388888889,2,104.4444444,1,9.980222222
19/03/2025 09:00,0,0,0,6.595,0,5.11,3.02,7.64,77.8,1019.14,2,6,2,97.22222222,1,11.112
19/03/2025 10:00,0,0,0,8.73,0,6.495,3.49,7.895,69.6,1019.165,2,7.5,2,106.1111111,1,13.89
19/03/2025 11:00,0,0,0,10.015,0,7.27,3.68,8.005,64.65,1019.02,2,8.222222222,2,97.77777778,1,15.22755556
19/03/2025 12:00,0,0,0,10.99,0,7.68,3.4,7.855,59.5,1018.81,2,8.444444444,2,101.1111111,1,15.63911111
19/03/2025 13:00,0,0,0,12.11,0,8.28,3.43,7.89,55.8,1018.435,2,8.944444444,2,107.7777778,1,16.56511111
19/03/2025 14:00,0,0,0,12.73,0,8.735,3.815,8.09,55.1,1017.955,2,8.944444444,2,113.3333333,1,16.56511111
19/03/2025 15:00,0,0,0,12.965,0,8.98,4.195,8.295,55.75,1017.795,2,9.5,2,114.4444444,1,17.594
19/03/2025 16:00,0,0,0,12.98,0,9.045,4.34,8.405,56.5,1017.47,2,9,2,118.8888889,1,16.668
19/03/2025 17:00,0,0,0,12.365,0,8.79,4.485,8.46,59.3,1017.3,2,8.666666667,2,117.7777778,1,16.05066667
19/03/2025 18:00,0,0,0,11.165,0,8.245,4.765,8.63,65.05,1017.4,2,7.5,2,116.6666667,1,13.89
19/03/2025 19:00,0,0,0,9.24,0,7.08,4.36,8.38,71.45,1017.8,2,6.277777778,2,110.5555556,1,11.62644444
19/03/2025 20:00,0,0,0,8.08,0,6.395,4.245,8.315,76.4,1018.21,2,6.222222222,2,92.22222222,1,11.52355556
19/03/2025 21:00,0,0,0,7.245,0,5.825,3.95,8.17,79.3,1018.575,2,5.722222222,2,96.66666667,1,10.59755556
19/03/2025 22:00,0,0,0,6.575,0,5.42,3.86,8.14,82.6,1018.925,2,5.944444444,2,103.8888889,1,11.00911111
19/03/2025 23:00,0,0,0,6.475,0,5.37,3.925,8.185,83.6,1019.11,2,5.388888889,2,111.1111111,1,9.980222222
20/03/2025 00:00,0,0,0,6.37,0,5.27,3.815,8.115,83.5,1018.97,2,6.111111111,2,107.7777778,1,11.31777778
20/03/2025 01:00,0,0,0,6.06,0,5.075,3.745,8.07,85,1018.68,2,5.555555556,2,93.88888889,1,10.28888889
20/03/2025 02:00,0,0,0,5.89,0,4.93,3.615,8.01,85.15,1018.24,2,5.944444444,2,119.4444444,1,11.00911111
20/03/2025 03:00,0,0,0,5.71,0,4.725,3.33,7.845,84.75,1017.61,2,5.888888889,2,110,1,10.90622222
20/03/2025 04:00,0,0,0,5.6,0,4.625,3.285,7.81,85.1,1017.085,2,5.944444444,2,120,1,11.00911111
20/03/2025 05:00,0,0,0,5.54,0,4.61,3.36,7.85,85.95,1016.865,2,6.055555556,2,118.8888889,1,11.21488889
20/03/2025 06:00,0,0,0,5.39,0,4.51,3.27,7.82,86.2,1016.735,2,5.944444444,2,110.5555556,1,11.00911111
20/03/2025 07:00,0,0,0,5.49,0,4.67,3.545,7.95,87.1,1016.725,2,5.777777778,2,108.3333333,1,10.70044444
20/03/2025 08:00,0,0,0,6.975,0,5.935,4.55,8.53,84.6,1016.645,2,6.5,2,113.3333333,1,12.038
20/03/2025 09:00,0,0,0,9.175,0,7.52,5.575,9.14,78.25,1016.435,2,7,2,117.2222222,1,12.964
20/03/2025 10:00,0,0,0,11.175,0,8.865,6.22,9.535,71.5,1016.065,2,8.388888889,2,110,1,15.53622222
20/03/2025 11:00,0,0,0,12.975,0,10.055,6.92,9.995,66.65,1015.435,2,10.11111111,2,113.8888889,1,18.72577778
20/03/2025 12:00,0,0,0,13.975,0,10.785,7.51,10.4,65,1014.61,2,11.16666667,2,118.3333333,1,20.68066667
20/03/2025 13:00,0,0,0,15.075,0,11.525,8.005,10.765,62.7,1013.65,2,11.66666667,2,122.2222222,1,21.60666667
20/03/2025 14:00,0,0,0,15.61,0,11.86,8.215,10.915,61.5,1012.74,2,12.44444444,2,127.7777778,1,23.04711111
20/03/2025 15:00,0,0,0,15.88,0,12.08,8.44,11.085,61.35,1011.86,2,12.05555556,2,127.2222222,1,22.32688889
20/03/2025 16:00,0,0,0,15.73,0,11.94,8.3,10.965,61.25,1011.02,2,12.22222222,2,131.1111111,1,22.63555556
20/03/2025 17:00,0,0,0,14.935,0,11.555,8.24,10.91,64.1,1010.32,2,11.5,2,127.7777778,1,21.298
20/03/2025 18:00,0,0,0,13.835,0,10.915,8.005,10.74,67.85,1009.895,2,10.61111111,2,127.2222222,1,19.65177778
20/03/2025 19:00,0,0,0,12.775,0,10.29,7.705,10.53,71.15,1009.6,2,10.66666667,2,122.2222222,1,19.75466667
20/03/2025 20:00,0,0,0,12.2,0,9.895,7.48,10.365,72.85,1009.19,2,11.33333333,2,120.5555556,1,20.98933333
20/03/2025 21:00,0,0,0,11.47,0,9.49,7.405,10.305,75.9,1008.68,2,11,2,118.8888889,1,20.372
20/03/2025 22:00,0,0,0,11.15,0,9.32,7.37,10.29,77.35,1008.115,2,10.33333333,2,120,1,19.13733333
20/03/2025 23:00,0,0,0,10.99,0,9.24,7.325,10.265,77.95,1007.325,2,10.33333333,2,117.7777778,1,19.13733333
21/03/2025 00:00,0,0,0,10.975,0,9.26,7.385,10.31,78.4,1006.37,2,10.38888889,2,120.5555556,0,19.24022222
21/03/2025 01:00,0,0.12,0,10.715,0,9.14,7.44,10.34,80,1005.34,2,10.77777778,2,118.8888889,0,19.96044444
21/03/2025 02:00,0,0.135,0,10.405,0,9.085,7.63,10.485,82.7,1004.6,2,10.44444444,2,125.5555556,0,19.34311111
21/03/2025 03:00,0,0.17,0,10.23,0,9.045,7.735,10.56,84.25,1003.705,2,10.83333333,2,130,0,20.06333333
21/03/2025 04:00,0,0.055,0,10.315,0,9.15,7.885,10.675,84.65,1003.31,2,10.11111111,2,128.3333333,0,18.72577778
21/03/2025 05:00,0,0.04,0,10.4,0,9.275,8.07,10.805,85.15,1003.125,2,10.88888889,2,133.3333333,0,20.16622222
21/03/2025 06:00,0,0.005,0,10.315,0,9.26,8.125,10.83,86.1,1002.875,2,10.66666667,2,133.3333333,0,19.75466667
21/03/2025 07:00,0,0.04,0,10.075,0,9.115,8.075,10.805,87.05,1002.835,2,9.5,2,129.4444444,0,17.594
21/03/2025 08:00,0,0,0,10.635,0,9.55,8.425,11.035,85.95,1002.75,2,9.833333333,2,126.1111111,0,18.21133333
21/03/2025 09:00,0,0,0,11.52,0,10.075,8.595,11.175,82.05,1002.66,2,10.22222222,2,128.8888889,0,18.93155556
21/03/2025 10:00,0,0,0,12.31,0,10.535,8.75,11.3,78.85,1002.42,2,10.16666667,2,128.3333333,0,18.82866667
21/03/2025 11:00,0,0.005,0,12.905,0,10.78,8.695,11.25,75.75,1002.105,2,10.83333333,2,126.1111111,0,20.06333333
21/03/2025 12:00,0,0,0,13.555,0,11.11,8.725,11.26,72.8,1001.37,2,10.61111111,2,123.3333333,0,19.65177778
21/03/2025 13:00,0,0.065,0,13.615,0,11.16,8.755,11.29,72.45,1000.55,2,10.27777778,2,130.5555556,0,19.03444444
21/03/2025 14:00,0,0.13,0,13.41,0,11.005,8.64,11.22,73.35,999.7,2,9.555555556,2,126.6666667,0,17.69688889
21/03/2025 15:00,0,0.565,0,12.78,0,10.735,8.68,11.25,76.5,999,2,8.277777778,2,121.1111111,0,15.33044444
21/03/2025 16:00,0,0.84,0,12.11,0,10.385,8.65,11.23,79.85,998.325,2,7.888888889,2,99.44444444,0,14.61022222
21/03/2025 17:00,0,1.01,0,11.415,0,10.12,8.83,11.36,84.25,997.67,2,6.833333333,2,93.88888889,0,12.65533333
21/03/2025 18:00,0,0.66,0,10.92,0,9.87,8.775,11.33,86.6,997.42,2,6.055555556,2,111.1111111,0,11.21488889
21/03/2025 19:00,0,0.93,0,10.455,0,9.645,8.8,11.34,89.3,997.215,2,5.055555556,2,116.6666667,0,9.362888889
21/03/2025 20:00,0,1.025,0,10.15,0,9.425,8.66,11.215,90.1,996.795,2,5.333333333,2,96.66666667,0,9.877333333
21/03/2025 21:00,0,0.78,0,10,0,9.355,8.68,11.225,91.25,996.405,2,6.055555556,2,93.88888889,0,11.21488889
21/03/2025 22:00,0,1.415,0,9.975,0,9.37,8.695,11.25,91.6,995.84,2,6,2,116.1111111,0,11.112
21/03/2025 23:00,0,0.805,0,9.875,0,9.34,8.775,11.315,92.7,995.435,2,5.222222222,2,170,0,9.671555556
22/03/2025 00:00,0,0.625,0,9.69,0,9.24,8.765,11.305,93.8,995.04,2,6,2,201.1111111,0,11.112
22/03/2025 01:00,0,0.49,0,9.455,0,9.065,8.64,11.205,94.15,994.79,2,6.722222222,2,216.1111111,0,12.44955556
22/03/2025 02:00,0,0.66,0,9.275,0,8.89,8.435,11.075,94.25,994.695,2,7.555555556,2,206.6666667,0,13.99288889
22/03/2025 03:00,0,0.55,0,9.055,0,8.65,8.23,10.94,94.2,994.675,2,8.611111111,2,216.6666667,0,15.94777778
22/03/2025 04:00,0,0.825,0,8.755,0,8.33,7.835,10.64,93.6,994.875,2,9.388888889,2,221.1111111,0,17.38822222
22/03/2025 05:00,0,0.62,0,8.49,0,8.025,7.51,10.43,93.25,995.39,2,10.11111111,2,228.8888889,0,18.72577778
22/03/2025 06:00,0,0.64,0,8.17,0,7.705,7.145,10.18,92.9,996.195,2,11.22222222,2,243.3333333,0,20.78355556
22/03/2025 07:00,0,0.69,0,7.995,0,7.48,6.84,9.98,92.05,997.11,2,11.66666667,2,250,0,21.60666667
22/03/2025 08:00,0,0.4,0,8.035,0,7.38,6.565,9.82,90.35,998.1,2,12.27777778,2,263.8888889,0,22.73844444
22/03/2025 09:00,0,0.15,0,8.265,0,7.49,6.495,9.79,88.5,998.98,2,12.22222222,2,279.4444444,0,22.63555556
22/03/2025 10:00,0,0.12,0,8.305,0,7.355,6.17,9.56,86.35,999.995,2,12.22222222,2,287.2222222,0,22.63555556
22/03/2025 11:00,0,0.125,0,8.6,0,7.47,6.115,9.53,84.45,1000.805,2,12.88888889,2,307.7777778,0,23.87022222
22/03/2025 12:00,0,0.075,0,8.71,0,7.44,5.865,9.375,82.55,1001.5,2,13.27777778,2,312.2222222,0,24.59044444
22/03/2025 13:00,0,0.15,0,8.835,0,7.36,5.5,9.125,79.95,1002.185,2,13.66666667,2,323.3333333,0,25.31066667
22/03/2025 14:00,0,0.08,0,8.765,0,7.295,5.45,9.095,79.95,1002.775,2,13.94444444,2,323.3333333,0,25.82511111
22/03/2025 15:00,0,0.265,0,8.615,0,7.13,5.205,8.94,79.7,1003.28,2,13.77777778,2,324.4444444,0,25.51644444
22/03/2025 16:00,0,0.245,0,8.325,0,6.81,4.815,8.67,79.1,1003.875,2,13.83333333,2,343.3333333,0,25.61933333
22/03/2025 17:00,0,0.215,0,8.125,0,6.52,4.375,8.405,77.6,1004.445,2,13.61111111,2,344.4444444,0,25.20777778
22/03/2025 18:00,0,0.065,0,7.815,0,6.2,4.03,8.205,77.4,1005.39,2,13.5,2,345,0,25.002
22/03/2025 19:00,0,0.06,0,7.395,0,5.935,3.985,8.16,79.1,1006.415,2,12.55555556,2,343.3333333,0,23.25288889
22/03/2025 20:00,0,0.115,0,7.06,0,5.69,3.835,8.065,80.05,1007.305,2,12.27777778,2,343.3333333,0,22.73844444
22/03/2025 21:00,0,0.09,0,6.87,0,5.48,3.545,7.91,79.3,1007.975,2,12.66666667,2,308.3333333,0,23.45866667
22/03/2025 22:00,0,0.12,0,6.675,0,5.375,3.54,7.9,80.55,1008.41,2,12.55555556,2,307.7777778,0,23.25288889
22/03/2025 23:00,0,0.095,0,6.52,0,5.19,3.305,7.755,79.9,1008.69,2,12.72222222,2,304.4444444,0,23.56155556
23/03/2025 00:00,0,0.08,0,6.32,0,5.03,3.24,7.72,80.6,1008.815,2,13.11111111,2,306.1111111,1,24.28177778
23/03/2025 01:00,0,0.01,0,6.125,0,4.805,2.95,7.56,80.2,1008.96,2,12.72222222,2,285,1,23.56155556
23/03/2025 02:00,0,0.01,0,5.94,0,4.65,2.815,7.48,80.3,1009.235,2,12.44444444,2,301.6666667,1,23.04711111
23/03/2025 03:00,0,0.015,0,5.93,0,4.57,2.625,7.385,79.15,1009.375,2,12.66666667,2,284.4444444,1,23.45866667
23/03/2025 04:00,0,0,0,5.77,0,4.42,2.445,7.29,79.2,1009.67,2,12.22222222,2,301.6666667,1,22.63555556
23/03/2025 05:00,0,0.005,0,5.675,0,4.29,2.275,7.21,78.7,1010.06,2,12.22222222,2,302.2222222,1,22.63555556
23/03/2025 06:00,0,0,0,5.69,0,4.285,2.23,7.18,78.25,1010.655,2,12.27777778,2,283.3333333,1,22.73844444
23/03/2025 07:00,0,0,0,5.895,0,4.445,2.36,7.235,77.8,1011.255,2,11.88888889,2,283.3333333,1,22.01822222
23/03/2025 08:00,0,0,0,6.63,0,5.03,2.77,7.455,76.1,1011.665,2,11.94444444,2,278.8888889,1,22.12111111
23/03/2025 09:00,0,0,0,7.75,0,5.77,3.055,7.605,71.95,1011.915,2,13.44444444,2,301.1111111,1,24.89911111
23/03/2025 10:00,0,0.02,0,8.63,0,6.31,3.16,7.685,68.4,1012.29,2,14.83333333,2,307.2222222,1,27.47133333
23/03/2025 11:00,0,0,0,9.215,0,6.705,3.375,7.81,66.8,1012.52,2,15.05555556,2,311.6666667,1,27.88288889
23/03/2025 12:00,0,0,0,9.775,0,7.045,3.45,7.87,64.75,1012.735,2,14.66666667,2,313.3333333,1,27.16266667
23/03/2025 13:00,0,0,0,10.155,0,7.365,3.73,8.035,64.5,1012.93,2,14.5,2,329.4444444,1,26.854
23/03/2025 14:00,0,0.005,0,10.37,0,7.48,3.74,8.03,63.55,1013.04,2,14.16666667,2,309.4444444,1,26.23666667
23/03/2025 15:00,0,0,0,10.41,0,7.49,3.75,8.04,63.45,1013.46,2,13.66666667,2,327.7777778,1,25.31066667
23/03/2025 16:00,0,0,0,10.28,0,7.37,3.64,7.97,63.35,1013.82,2,13,2,308.3333333,1,24.076
23/03/2025 17:00,0,0,0,9.955,0,7.19,3.57,7.94,64.35,1014.35,2,12.38888889,2,308.8888889,1,22.94422222
23/03/2025 18:00,0,0,0,9.375,0,6.81,3.38,7.82,66,1015.05,2,11.5,2,308.8888889,1,21.298
23/03/2025 19:00,0,0,0,8.38,0,6.18,3.24,7.735,69.65,1015.985,2,9.5,2,306.6666667,1,17.594
23/03/2025 20:00,0,0,0,7.5,0,5.655,3.08,7.645,73.05,1016.895,2,7.555555556,2,305,1,13.99288889
23/03/2025 21:00,0,0,0,6.65,0,5.07,2.815,7.505,76.1,1017.695,2,6.388888889,2,318.3333333,1,11.83222222
23/03/2025 22:00,0,0,0,5.905,0,4.505,2.54,7.36,78.7,1018.275,2,5.777777778,2,318.8888889,1,10.70044444
23/03/2025 23:00,0,0,0,5.14,0,3.96,2.27,7.235,81.5,1018.7,2,5,2,291.6666667,1,9.26
24/03/2025 00:00,0,0,0,4.52,0,3.455,1.905,7.035,82.95,1018.85,2,4.777777778,2,300.5555556,1,8.848444444
24/03/2025 01:00,0,0,0,3.88,0,2.965,1.595,6.91,84.85,1018.945,2,4.555555556,2,278.8888889,1,8.436888889
24/03/2025 02:00,0,0,0,3.425,0,2.61,1.385,6.78,86.15,1018.985,2,4.277777778,2,274.4444444,1,7.922444444
24/03/2025 03:00,0,0,0,2.605,0,1.95,0.935,6.57,88.55,1018.9,2,4.222222222,2,288.8888889,1,7.819555556
24/03/2025 04:00,0,0,0,1.975,0,1.455,0.645,6.435,90.6,1019.04,2,4,2,251.6666667,1,7.408
24/03/2025 05:00,0,0,0,1.635,0,1.215,0.475,6.385,91.7,1019.28,2,3.777777778,2,276.1111111,1,6.996444444
24/03/2025 06:00,0,0,0,1.38,0,0.955,0.265,6.28,92.05,1019.685,2,3.333333333,2,212.7777778,1,6.173333333
24/03/2025 07:00,0,0,0,1.62,0,1.215,0.545,6.415,92.2,1020.255,2,3.5,2,216.6666667,1,6.482
24/03/2025 08:00,0,0,0,3.985,0,3.325,2.365,7.28,89.1,1020.65,2,3.722222222,2,226.1111111,1,6.893555556
24/03/2025 09:00,0,0,0,6.645,0,5.405,3.725,8.005,81.4,1020.87,2,4.333333333,2,185,1,8.025333333
24/03/2025 10:00,0,0,0,8.89,0,6.865,4.3,8.315,72.65,1020.95,2,5.166666667,2,251.1111111,1,9.568666667
24/03/2025 11:00,0,0,0,10.195,0,7.55,4.22,8.275,66,1021.01,2,6.777777778,2,225,1,12.55244444
24/03/2025 12:00,0,0,0,11.1,0,8.04,4.28,8.31,62.4,1021.02,2,7.5,2,260,1,13.89
24/03/2025 13:00,0,0.005,0,11.58,0,8.375,4.47,8.43,61.75,1020.895,2,7.833333333,2,256.6666667,1,14.50733333
24/03/2025 14:00,0,0.01,0,11.85,0,8.75,5.095,8.815,63.55,1020.76,2,8.333333333,2,247.2222222,1,15.43333333
24/03/2025 15:00,0,0,0,11.805,0,8.825,5.27,8.935,65.25,1020.515,2,8.944444444,2,240,1,16.56511111
24/03/2025 16:00,0,0.015,0,11.38,0,8.79,5.735,9.24,69.35,1020.535,2,9.388888889,2,239.4444444,1,17.38822222
24/03/2025 17:00,0,0.015,0,10.97,0,8.68,6.015,9.425,72.55,1020.615,2,9.222222222,2,241.1111111,1,17.07955556
24/03/2025 18:00,0,0.085,0,10.29,0,8.635,6.715,9.86,79,1020.715,2,8.388888889,2,240.5555556,1,15.53622222
24/03/2025 19:00,0,0.06,0,9.84,0,8.49,6.93,10.015,82.1,1021.095,2,7.388888889,2,240,1,13.68422222
24/03/2025 20:00,0,0.065,0,9.63,0,8.475,7.16,10.165,84.5,1021.585,2,7.333333333,2,242.2222222,1,13.58133333
24/03/2025 21:00,0,0.085,0,9.62,0,8.65,7.565,10.47,86.85,1021.865,2,7.277777778,2,245.5555556,1,13.47844444
24/03/2025 22:00,0,0.07,0,9.57,0,8.755,7.85,10.65,88.85,1021.995,2,6.888888889,2,241.6666667,1,12.75822222
24/03/2025 23:00,0,0.06,0,9.7,0,8.945,8.115,10.855,89.65,1022.175,2,6.833333333,2,245.5555556,1,12.65533333
25/03/2025 00:00,0,0.055,0,9.695,0,9.045,8.35,11.015,91.15,1022.225,2,6.555555556,2,240.5555556,1,12.14088889
25/03/2025 01:00,0,0.04,0,9.72,0,9.135,8.525,11.145,92.05,1022.23,2,6,2,253.8888889,1,11.112
25/03/2025 02:00,0,0.045,0,9.66,0,9.18,8.645,11.23,93.05,1022.115,2,6.166666667,2,257.7777778,1,11.42066667
25/03/2025 03:00,0,0.055,0,9.525,0,9.08,8.595,11.185,93.55,1022.17,2,5.944444444,2,255.5555556,1,11.00911111
25/03/2025 04:00,0,0.05,0,9.465,0,9.055,8.635,11.215,94.25,1022.38,2,5.444444444,2,258.8888889,1,10.08311111
25/03/2025 05:00,0,0.025,0,9.405,0,9,8.565,11.175,94.3,1022.615,2,5.277777778,2,281.1111111,1,9.774444444
25/03/2025 06:00,0,0.025,0,9.385,0,8.89,8.345,10.99,92.9,1023.095,2,5.444444444,2,303.3333333,1,10.08311111
25/03/2025 07:00,0,0.02,0,9.32,0,8.76,8.13,10.865,91.95,1023.605,2,5.166666667,2,301.1111111,1,9.568666667
25/03/2025 08:00,0,0.015,0,9.58,0,8.81,7.95,10.75,89.4,1024.075,2,5.055555556,2,292.2222222,1,9.362888889
25/03/2025 09:00,0,0.005,0,10.065,0,9.11,8.065,10.83,87.25,1024.555,2,5.777777778,2,322.2222222,1,10.70044444
25/03/2025 10:00,0,0.015,0,10.61,0,9.2,7.675,10.55,81.8,1024.8,2,6.777777778,2,329.4444444,1,12.55244444
25/03/2025 11:00,0,0.01,0,11.095,0,9.41,7.58,10.505,78.9,1025.05,2,6.5,2,311.1111111,1,12.038
25/03/2025 12:00,0,0,0,11.42,0,9.525,7.46,10.41,76.5,1025.305,2,6.277777778,2,299.4444444,1,11.62644444
25/03/2025 13:00,0,0,0,11.685,0,9.56,7.25,10.265,74.1,1025.35,2,5.611111111,2,312.7777778,1,10.39177778
25/03/2025 14:00,0,0,0,11.765,0,9.465,6.91,10.025,71.8,1025.32,2,5.833333333,2,315,1,10.80333333
25/03/2025 15:00,0,0,0,12.065,0,9.555,6.79,9.905,69.75,1025.07,2,5.833333333,2,306.1111111,1,10.80333333
25/03/2025 16:00,0,0,0,11.945,0,9.385,6.55,9.74,69.4,1024.835,2,5.777777778,2,278.3333333,1,10.70044444
25/03/2025 17:00,0,0,0,11.8,0,9.24,6.39,9.63,69.25,1024.81,2,5.111111111,2,266.6666667,1,9.465777778
25/03/2025 18:00,0,0,0,11.18,0,8.9,6.305,9.585,71.8,1024.98,2,4,2,235,1,7.408
25/03/2025 19:00,0,0,0,9.315,0,7.705,5.785,9.24,78.15,1025.18,2,3.166666667,2,248.3333333,1,5.864666667
25/03/2025 20:00,0,0,0,7.895,0,6.8,5.47,9.045,84.2,1025.45,2,2.777777778,2,232.7777778,1,5.144444444
25/03/2025 21:00,0,0,0,7.105,0,6.245,5.18,8.895,87.35,1025.52,2,3.166666667,2,205.5555556,1,5.864666667
25/03/2025 22:00,0,0,0,6.795,0,6.02,5.025,8.82,88.2,1025.585,2,3.055555556,2,187.7777778,1,5.658888889
25/03/2025 23:00,0,0,0,6.525,0,5.785,4.9,8.755,89.15,1025.455,2,3,2,183.8888889,1,5.556
26/03/2025 00:00,0,0,0,6.35,0,5.645,4.76,8.675,89.6,1025.25,2,3.555555556,2,172.2222222,1,6.584888889
26/03/2025 01:00,0,0,0,6.4,0,5.735,4.925,8.755,90.2,1024.875,2,3.888888889,2,178.3333333,1,7.202222222
26/03/2025 02:00,0,0,0,6.585,0,5.95,5.17,8.885,90.5,1024.515,2,3.944444444,2,176.1111111,1,7.305111111
26/03/2025 03:00,0,0,0,6.915,0,6.3,5.545,9.125,90.85,1024.14,2,4.222222222,2,188.8888889,1,7.819555556
26/03/2025 04:00,0,0,0,7.22,0,6.595,5.845,9.295,90.65,1023.865,2,4.777777778,2,176.6666667,1,8.848444444
26/03/2025 05:00,0,0.005,0,7.445,0,6.81,6.015,9.4,90.45,1023.69,2,4.611111111,2,176.1111111,1,8.539777778
26/03/2025 06:00,0,0.005,0,7.73,0,7.055,6.21,9.52,89.7,1023.495,2,5.166666667,2,181.6666667,1,9.568666667
26/03/2025 07:00,0,0,0,7.93,0,7.295,6.5,9.7,90.4,1023.38,2,5.277777778,2,182.7777778,1,9.774444444
26/03/2025 08:00,0,0.005,0,8.65,0,7.9,7.03,10.065,89.3,1023.38,2,5.5,2,176.6666667,1,10.186
26/03/2025 09:00,0,0.005,0,9.38,0,8.46,7.455,10.375,87.6,1023.42,2,7.722222222,2,185.5555556,1,14.30155556
26/03/2025 10:00,0,0.005,0,9.935,0,8.845,7.61,10.49,85.45,1023.42,2,8.388888889,2,192.2222222,1,15.53622222
26/03/2025 11:00,0,0,0,10.64,0,9.455,8.22,10.91,84.95,1023.345,2,8.222222222,2,190,1,15.22755556
26/03/2025 12:00,0,0.005,0,11.385,0,10.145,8.87,11.415,84.45,1023.105,2,8.666666667,2,196.6666667,1,16.05066667
26/03/2025 13:00,0,0.005,0,11.96,0,10.605,9.26,11.695,83.55,1022.68,2,9.222222222,2,199.4444444,1,17.07955556
26/03/2025 14:00,0,0,0,12.47,0,10.995,9.57,11.94,82.4,1022.17,2,9.777777778,2,202.2222222,1,18.10844444
26/03/2025 15:00,0,0,0,12.83,0,11.215,9.69,12.025,81.1,1021.63,2,10.05555556,2,205.5555556,1,18.62288889
26/03/2025 16:00,0,0,0,12.895,0,11.14,9.45,11.87,79.85,1021.285,2,10.16666667,2,214.4444444,1,18.82866667
26/03/2025 17:00,0,0.01,0,12.46,0,10.92,9.42,11.82,81.8,1021.125,2,10.05555556,2,212.7777778,1,18.62288889
26/03/2025 18:00,0,0.005,0,11.68,0,10.44,9.205,11.645,84.8,1021.1,2,9.277777778,2,210.5555556,1,17.18244444
26/03/2025 19:00,0,0.015,0,10.92,0,9.935,8.955,11.44,87.55,1021.195,2,8.277777778,2,203.3333333,1,15.33044444
26/03/2025 20:00,0,0.035,0,10.41,0,9.66,8.86,11.38,90.1,1021.175,2,7.388888889,2,195,1,13.68422222
26/03/2025 21:00,0,0.04,0,10.12,0,9.47,8.805,11.345,91.3,1021.165,2,7.222222222,2,201.1111111,1,13.37555556
26/03/2025 22:00,0,0.045,0,9.865,0,9.345,8.795,11.34,92.65,1021.275,2,7.777777778,2,215.5555556,1,14.40444444
26/03/2025 23:00,0,0.02,0,9.925,0,9.445,8.955,11.465,93.45,1021.125,2,7.944444444,2,206.6666667,1,14.71311111
27/03/2025 00:00,0,0.015,0,9.92,0,9.48,9.02,11.51,93.65,1020.735,2,7.833333333,2,207.2222222,1,14.50733333
27/03/2025 01:00,0,0.035,0,9.85,0,9.435,9.03,11.52,94.4,1020.33,2,9.055555556,2,208.3333333,1,16.77088889
27/03/2025 02:00,0,0.04,0,9.765,0,9.425,9.06,11.535,94.95,1019.67,2,9.166666667,2,202.2222222,1,16.97666667
27/03/2025 03:00,0,0.03,0,9.655,0,9.345,8.98,11.485,95.25,1019.035,2,9.111111111,2,197.7777778,1,16.87377778
27/03/2025 04:00,0,0.085,0,9.61,0,9.3,8.965,11.475,95.4,1018.43,2,9.166666667,2,198.8888889,1,16.97666667
27/03/2025 05:00,0,0.045,0,9.49,0,9.215,8.9,11.43,95.7,1017.98,2,9.333333333,2,197.2222222,1,17.28533333
27/03/2025 06:00,0,0.09,0,9.635,0,9.355,9.01,11.51,95.35,1017.57,2,10.22222222,2,196.6666667,1,18.93155556
27/03/2025 07:00,0,0.065,0,9.9,0,9.565,9.225,11.68,95.25,1017.165,2,10.38888889,2,193.8888889,1,19.24022222
27/03/2025 08:00,0,0.045,0,10.385,0,9.985,9.585,11.955,94.45,1016.66,2,11,2,201.1111111,1,20.372
27/03/2025 09:00,0,0.04,0,10.96,0,10.39,9.85,12.155,92.45,1016.12,2,12.5,2,205.5555556,1,23.15
27/03/2025 10:00,0,0.05,0,11.59,0,10.835,10.11,12.375,90.35,1015.325,2,13.05555556,2,205,1,24.17888889
27/03/2025 11:00,0,0.025,0,12.18,0,11.185,10.245,12.485,87.95,1014.41,2,14.27777778,2,206.6666667,1,26.44244444
27/03/2025 12:00,0,0.06,0,12.44,0,11.305,10.25,12.49,86.8,1013.37,2,15.27777778,2,209.4444444,1,28.29444444
27/03/2025 13:00,0,0.1,0,12.57,0,11.325,10.165,12.43,85.85,1012.365,2,15.94444444,2,211.1111111,1,29.52911111
27/03/2025 14:00,0,0.12,0,12.31,0,11.105,9.985,12.29,86.2,1011.365,2,16.61111111,2,213.3333333,1,30.76377778
27/03/2025 15:00,0,0.52,0,11.69,0,10.67,9.665,12.02,87.6,1010.365,2,16.72222222,2,215.5555556,1,30.96955556
27/03/2025 16:00,0,0.51,0,11.11,0,10.13,9.155,11.64,87.65,1009.48,2,16.55555556,2,220.5555556,1,30.66088889
27/03/2025 17:00,0,0.595,0,10.475,0,9.595,8.71,11.265,88.5,1008.85,2,17.38888889,2,223.8888889,1,32.20422222
27/03/2025 18:00,0,0.31,0,10.18,0,9.28,8.34,11,88.1,1008.49,2,17.27777778,2,222.2222222,1,31.99844444
27/03/2025 19:00,0,0.52,0,9.81,0,8.935,7.985,10.745,88,1008.28,2,15.72222222,2,225,1,29.11755556
27/03/2025 20:00,0,0.31,0,9.225,0,8.32,7.29,10.25,87.5,1008.26,2,14.61111111,2,233.8888889,1,27.05977778
27/03/2025 21:00,0,0.21,0,8.975,0,7.935,6.7,9.87,85.5,1008.295,2,13.61111111,2,237.2222222,1,25.20777778
27/03/2025 22:00,0,0.1,0,8.41,0,7.45,6.28,9.58,86.2,1008.465,2,12.72222222,2,241.1111111,1,23.56155556
27/03/2025 23:00,0,0.125,0,8.17,0,7.11,5.8,9.24,84.65,1008.375,2,11.94444444,2,249.4444444,1,22.12111111
28/03/2025 00:00,0,0.21,0,7.67,0,6.63,5.335,8.94,84.8,1008.495,2,11.88888889,2,250,0,22.01822222
28/03/2025 01:00,0,0.115,0,7.42,0,6.4,5.125,8.81,84.9,1008.67,2,11.83333333,2,251.1111111,0,21.91533333
28/03/2025 02:00,0,0.185,0,7.04,0,5.985,4.61,8.5,84.25,1008.835,2,12.38888889,2,256.1111111,0,22.94422222
28/03/2025 03:00,0,0.095,0,6.715,0,5.55,3.955,8.125,82.3,1008.94,2,12.5,2,263.3333333,0,23.15
28/03/2025 04:00,0,0.1,0,6.46,0,5.165,3.37,7.805,80.55,1009.265,2,13,2,266.6666667,0,24.076
28/03/2025 05:00,0,0.085,0,6.15,0,4.755,2.775,7.485,78.75,1009.785,2,13.72222222,2,271.6666667,0,25.41355556
28/03/2025 06:00,0,0.015,0,5.765,0,4.355,2.315,7.25,78.45,1010.45,2,13.55555556,2,270.5555556,0,25.10488889
28/03/2025 07:00,0,0.03,0,5.765,0,4.385,2.37,7.255,78.45,1011.13,2,12.88888889,2,267.2222222,0,23.87022222
28/03/2025 08:00,0,0.14,0,6.55,0,4.955,2.695,7.42,76.05,1011.665,2,13.33333333,2,267.7777778,0,24.69333333
28/03/2025 09:00,0,0.095,0,7.415,0,5.56,3,7.585,73.15,1012.08,2,14.38888889,2,271.1111111,0,26.64822222
28/03/2025 10:00,0,0.165,0,8,0,5.95,3.18,7.7,71.65,1012.73,2,15.44444444,2,275.5555556,0,28.60311111
28/03/2025 11:00,0,0.21,0,8.065,0,5.94,3.005,7.61,70.45,1013.43,2,16.11111111,2,280,0,29.83777778
28/03/2025 12:00,0,0.22,0,8.725,0,6.42,3.365,7.775,69.15,1013.96,2,15.83333333,2,281.6666667,0,29.32333333
28/03/2025 13:00,0,0.115,0,8.26,0,6.005,2.915,7.54,69.3,1014.425,2,15.77777778,2,284.4444444,0,29.22044444
28/03/2025 14:00,0,0.195,0,8.5,0,6.24,3.22,7.71,69.55,1014.935,2,15.5,2,285.5555556,0,28.706
28/03/2025 15:00,0,0.115,0,8.775,0,6.38,3.19,7.69,67.75,1015.26,2,15.5,2,288.3333333,0,28.706
28/03/2025 16:00,0,0.055,0,8.875,0,6.295,2.765,7.47,65.45,1015.6,2,14.44444444,2,287.7777778,0,26.75111111
28/03/2025 17:00,0,0.07,0,8.65,0,6.08,2.54,7.345,65.1,1016.3,2,14.11111111,2,290,0,26.13377778
28/03/2025 18:00,0,0.035,0,7.975,0,5.745,2.665,7.41,68.75,1017.03,2,11.55555556,2,290.5555556,0,21.40088889
28/03/2025 19:00,0,0.055,0,7.025,0,5.175,2.55,7.34,73,1017.765,2,10.33333333,2,279.4444444,0,19.13733333
28/03/2025 20:00,0,0.095,0,6.245,0,4.635,2.365,7.26,76.05,1018.4,2,8.555555556,2,274.4444444,0,15.84488889
28/03/2025 21:00,0,0.025,0,5.955,0,4.495,2.395,7.265,77.7,1018.735,2,7.277777778,2,267.7777778,0,13.47844444
28/03/2025 22:00,0,0,0,5.38,0,4.125,2.325,7.25,80.35,1019.015,2,6.722222222,2,258.3333333,0,12.44955556
28/03/2025 23:00,0,0,0,5.415,0,4.18,2.4,7.275,80.8,1019.18,2,6.722222222,2,242.2222222,0,12.44955556
29/03/2025 00:00,0,0,0,5.175,0,4.055,2.46,7.305,82.55,1019.08,2,6.722222222,2,222.7777778,0,12.44955556
29/03/2025 01:00,0,0,0,5.18,0,4.115,2.57,7.38,83.15,1019.065,2,6.666666667,2,216.6666667,0,12.34666667
29/03/2025 02:00,0,0.005,0,5.48,0,4.42,2.965,7.585,83.65,1018.865,2,6.722222222,2,205,0,12.44955556
29/03/2025 03:00,0,0,0,5.73,0,4.725,3.325,7.785,84.4,1018.545,2,7.444444444,2,197.7777778,0,13.78711111
29/03/2025 04:00,0,0.01,0,6.005,0,5.055,3.78,8.04,85.35,1018.1,2,7.888888889,2,193.3333333,0,14.61022222
29/03/2025 05:00,0,0.02,0,6.355,0,5.4,4.14,8.25,85.35,1017.555,2,8.444444444,2,191.1111111,0,15.63911111
29/03/2025 06:00,0,0.04,0,6.7,0,5.785,4.585,8.525,86.2,1017.22,2,9.666666667,2,187.2222222,0,17.90266667
29/03/2025 07:00,0,0.075,0,6.99,0,6.13,5,8.795,86.9,1016.85,2,10.27777778,2,177.2222222,0,19.03444444
29/03/2025 08:00,0,0.17,0,7.71,0,6.71,5.42,9.055,85.25,1016.41,2,11.55555556,2,182.2222222,0,21.40088889
29/03/2025 09:00,0,0.125,0,8.345,0,7.335,6.09,9.495,85.75,1015.895,2,12.66666667,2,183.3333333,0,23.45866667
29/03/2025 10:00,0,0.11,0,8.98,0,8.1,7.05,10.145,87.55,1015.28,2,13.61111111,2,185.5555556,0,25.20777778
29/03/2025 11:00,0,0.215,0,9.27,0,8.62,7.905,10.735,90.9,1014.85,2,13.61111111,2,195.5555556,0,25.20777778
29/03/2025 12:00,0,0.315,0,9.875,0,9.345,8.79,11.365,92.7,1014.425,2,13.94444444,2,203.8888889,0,25.82511111
29/03/2025 13:00,0,0.26,0,10.6,0,10.12,9.615,12.005,93.25,1014.185,2,13.77777778,2,215,0,25.51644444
29/03/2025 14:00,0,0.06,0,11.32,0,10.795,10.285,12.53,93.15,1013.98,2,14.27777778,2,222.7777778,0,26.44244444
29/03/2025 15:00,0,0.055,0,12.095,0,11.16,10.29,12.535,88.9,1013.84,2,15,2,236.1111111,0,27.78
29/03/2025 16:00,0,0.025,0,12.32,0,11.17,10.065,12.36,86.35,1013.865,2,15.38888889,2,242.7777778,0,28.50022222
29/03/2025 17:00,0,0.005,0,12.28,0,10.955,9.65,12.055,84.2,1014.095,2,15.61111111,2,256.6666667,0,28.91177778
29/03/2025 18:00,0,0.01,0,11.79,0,10.395,8.955,11.51,82.8,1014.715,2,15.22222222,2,262.2222222,0,28.19155556
29/03/2025 19:00,0,0.005,0,11.165,0,9.735,8.185,10.92,81.85,1015.5,2,14.11111111,2,264.4444444,0,26.13377778
29/03/2025 20:00,0,0,0,10.505,0,9.04,7.42,10.355,80.8,1016.39,2,12.88888889,2,266.6666667,0,23.87022222
29/03/2025 21:00,0,0,0,10.07,0,8.625,7.01,10.065,80.95,1017.105,2,13,2,268.8888889,0,24.076
29/03/2025 22:00,0,0,0,9.745,0,8.335,6.7,9.855,81.05,1017.75,2,12.16666667,2,272.7777778,0,22.53266667
29/03/2025 23:00,0,0,0,9.445,0,8.115,6.57,9.755,81.9,1018.42,2,10.88888889,2,270.5555556,0,20.16622222
30/03/2025 00:00,0,0,0,9.285,0,7.97,6.405,9.655,82.05,1019.11,2,10.27777778,2,267.7777778,1,19.03444444
30/03/2025 01:00,0,0,0,9.09,0,7.795,6.28,9.57,82.3,1019.81,2,10.22222222,2,273.8888889,1,18.93155556
30/03/2025 02:00,0,0,0,8.995,0,7.64,6.025,9.405,81.55,1020.17,2,8.944444444,2,268.8888889,1,16.56511111
30/03/2025 03:00,0,0,0,8.93,0,7.545,5.89,9.31,81.1,1020.545,2,8.944444444,2,270,1,16.56511111
30/03/2025 04:00,0,0,0,8.75,0,7.405,5.78,9.225,81.35,1021.05,2,8.555555556,2,271.1111111,1,15.84488889
30/03/2025 05:00,0,0.005,0,8.625,0,7.315,5.705,9.205,81.65,1021.52,2,8,2,262.2222222,1,14.816
30/03/2025 06:00,0,0,0,8.28,0,7.035,5.515,9.07,82.45,1022.11,2,8,2,276.6666667,1,14.816
30/03/2025 07:00,0,0,0,8.305,0,7.05,5.475,9.045,81.95,1022.695,2,7.222222222,2,262.7777778,1,13.37555556
30/03/2025 08:00,0,0,0,9.545,0,7.99,6.15,9.485,79.1,1023.35,2,6.277777778,2,263.8888889,1,11.62644444
30/03/2025 09:00,0,0,0,10.765,0,8.815,6.57,9.775,75.1,1023.785,2,7.388888889,2,270.5555556,1,13.68422222
30/03/2025 10:00,0,0,0,11.61,0,9.355,6.83,9.955,72.4,1024.335,2,8,2,270,1,14.816
30/03/2025 11:00,0,0,0,12.215,0,9.825,7.21,10.235,71.65,1024.91,2,8,2,268.8888889,1,14.816
30/03/2025 12:00,0,0,0,12.74,0,10.08,7.215,10.225,69.55,1025.21,2,7.722222222,2,256.6666667,1,14.30155556
30/03/2025 13:00,0,0.025,0,13.315,0,10.635,7.855,10.7,70.15,1025.265,2,7.777777778,2,252.2222222,1,14.40444444
30/03/2025 14:00,0,0,0,13.6,0,10.945,8.21,10.975,70.95,1025.315,2,7.444444444,2,242.2222222,1,13.78711111
30/03/2025 15:00,0,0,0,13.62,0,11.145,8.68,11.32,73.05,1025.265,2,7.555555556,2,246.1111111,1,13.99288889
30/03/2025 16:00,0,0,0,13.495,0,11.265,9.05,11.59,75.55,1025.325,2,7.611111111,2,248.3333333,1,14.09577778
30/03/2025 17:00,0,0,0,13.25,0,11.26,9.31,11.775,77.55,1025.405,2,7.166666667,2,242.2222222,1,13.27266667
30/03/2025 18:00,0,0.01,0,12.835,0,11.17,9.555,11.96,80.8,1025.685,2,6.166666667,2,235,1,11.42066667
30/03/2025 19:00,0,0.005,0,12.1,0,10.785,9.535,11.93,84.4,1026.1,2,5.111111111,2,248.8888889,1,9.465777778
30/03/2025 20:00,0,0,0,11.765,0,10.725,9.71,12.05,87.15,1026.47,2,4.666666667,2,245,1,8.642666667
30/03/2025 21:00,0,0,0,11.52,0,10.615,9.73,12.065,88.6,1026.715,2,5,2,238.3333333,1,9.26
30/03/2025 22:00,0,0,0,11.295,0,10.52,9.755,12.085,89.9,1026.675,2,4.777777778,2,242.2222222,1,8.848444444
30/03/2025 23:00,0,0.005,0,11.165,0,10.475,9.795,12.115,91.25,1026.79,2,4.166666667,2,223.8888889,1,7.716666667
31/03/2025 00:00,0,0,0,10.995,0,10.385,9.775,12.085,91.85,1026.785,2,3.833333333,2,215,1,7.099333333
31/03/2025 01:00,0,0,0,10.87,0,10.305,9.71,12.045,92.15,1026.655,2,3.833333333,2,197.7777778,1,7.099333333
31/03/2025 02:00,0,0.005,0,10.87,0,10.27,9.67,12.02,92,1026.62,2,3.777777778,2,193.3333333,1,6.996444444
31/03/2025 03:00,0,0,0,10.71,0,10.15,9.565,11.94,92.35,1026.36,2,3.888888889,2,187.2222222,1,7.202222222
31/03/2025 04:00,0,0.01,0,10.545,0,9.99,9.425,11.82,92.6,1026.215,2,3.944444444,2,182.7777778,1,7.305111111
31/03/2025 05:00,0,0,0,10.395,0,9.885,9.36,11.745,92.95,1026.15,2,3.777777778,2,189.4444444,1,6.996444444
31/03/2025 06:00,0,0.005,0,10.17,0,9.665,9.15,11.61,93.2,1026.125,2,4.111111111,2,171.1111111,1,7.613777778
31/03/2025 07:00,0,0.005,0,10.27,0,9.79,9.28,11.71,93.45,1026.195,2,4.166666667,2,154.4444444,1,7.716666667
31/03/2025 08:00,0,0,0,11.02,0,10.365,9.695,12.03,91.35,1026.32,2,4.666666667,2,149.4444444,1,8.642666667
31/03/2025 09:00,0,0,0,12.315,0,11.105,9.955,12.25,85.55,1026.34,2,5.333333333,2,148.3333333,1,9.877333333
31/03/2025 10:00,0,0,0,13.525,0,11.365,9.305,11.735,76.25,1026.305,2,6.888888889,2,153.8888889,1,12.75822222
31/03/2025 11:00,0,0,0,14.555,0,11.425,8.265,11,67.7,1026.185,2,8.111111111,2,164.4444444,1,15.02177778
31/03/2025 12:00,0,0,0,14.96,0,11.595,8.19,10.96,65.65,1025.905,2,8.777777778,2,168.8888889,1,16.25644444
31/03/2025 13:00,0,0,0,15.335,0,11.75,8.13,10.92,63.85,1025.58,2,8.722222222,2,173.8888889,1,16.15355556
31/03/2025 14:00,0,0,0,15.465,0,11.755,8.045,10.845,62.4,1025.255,2,8.444444444,2,169.4444444,1,15.63911111
31/03/2025 15:00,0,0,0,15.5,0,11.635,7.75,10.6,60.65,1024.855,2,8.444444444,2,165,1,15.63911111
31/03/2025 16:00,0,0,0,15.28,0,11.505,7.73,10.575,61.15,1024.36,2,8.611111111,2,151.6666667,1,15.94777778
31/03/2025 17:00,0,0,0,14.6,0,11.155,7.695,10.525,63.9,1023.995,2,7.888888889,2,155,1,14.61022222
31/03/2025 18:00,0,0,0,13.86,0,10.665,7.38,10.315,65.3,1023.69,2,7.222222222,2,161.6666667,1,13.37555556
31/03/2025 19:00,0,0,0,12.52,0,9.985,7.275,10.265,70.75,1023.575,2,6.833333333,2,139.4444444,1,12.65533333
31/03/2025 20:00,0,0,0,11.49,0,9.38,7.1,10.155,74.6,1023.64,2,7,2,119.4444444,1,12.964
31/03/2025 21:00,0,0,0,10.6,0,8.75,6.68,9.855,76.7,1023.49,2,7.666666667,2,121.1111111,1,14.19866667
31/03/2025 22:00,0,0,0,9.855,0,8.06,5.96,9.375,76.75,1023.21,2,8.333333333,2,120.5555556,1,15.43333333
31/03/2025 23:00,0,0,0,9,0,7.455,5.595,9.13,79.25,1022.945,2,8.222222222,2,115,1,15.22755556
01/04/2025 00:00,0,0,0,8.57,0,7.015,5.085,8.815,78.75,1022.645,2,8.166666667,2,116.6666667,1,15.12466667
01/04/2025 01:00,0,0,0,8.205,0,6.705,4.8,8.64,79.3,1022.365,2,8.611111111,2,120,1,15.94777778
01/04/2025 02:00,0,0,0,7.935,0,6.525,4.755,8.6,80.35,1021.98,2,8.833333333,2,118.3333333,1,16.35933333
01/04/2025 03:00,0,0.005,0,7.73,0,6.395,4.71,8.57,81.05,1021.585,2,8.166666667,2,109.4444444,1,15.12466667
01/04/2025 04:00,0,0,0,7.755,0,6.41,4.71,8.56,80.85,1021.25,2,8.555555556,2,115.5555556,1,15.84488889
01/04/2025 05:00,0,0.005,0,7.46,0,6.225,4.65,8.53,82.1,1020.905,2,8.611111111,2,110.5555556,1,15.94777778
01/04/2025 06:00,0,0,0,7.17,0,5.985,4.445,8.415,82.65,1020.785,2,8.944444444,2,111.1111111,1,16.56511111
01/04/2025 07:00,0,0,0,8.07,0,6.615,4.8,8.625,79.6,1020.875,2,9,2,106.6666667,1,16.668
01/04/2025 08:00,0,0,0,9.365,0,7.45,5.075,8.815,74.45,1020.795,2,10.11111111,2,112.2222222,1,18.72577778
01/04/2025 09:00,0,0.005,0,10.715,0,8.11,4.9,8.72,67.35,1020.73,2,12,2,118.8888889,1,22.224
01/04/2025 10:00,0,0,0,11.94,0,8.63,4.56,8.54,61,1020.555,2,12.27777778,2,123.3333333,1,22.73844444
01/04/2025 11:00,0,0,0,12.9,0,9.055,4.355,8.495,57,1020.33,2,12.5,2,122.7777778,1,23.15
01/04/2025 12:00,0,0,0,13.72,0,9.205,3.46,8.06,51.45,1020.07,2,12.83333333,2,123.8888889,1,23.76733333
01/04/2025 13:00,0,0,0,14.33,0,9.15,2.305,7.505,46.2,1019.585,2,14.77777778,2,123.8888889,1,27.36844444
01/04/2025 14:00,0,0,0,14.65,0,9.135,1.815,7.22,43.8,1019.17,2,15.05555556,2,123.3333333,1,27.88288889
01/04/2025 15:00,0,0,0,14.65,0,9.21,2.095,7.32,44.75,1018.74,2,15.33333333,2,125.5555556,1,28.39733333
01/04/2025 16:00,0,0,0,14.415,0,8.935,1.685,7.06,43.7,1018.315,2,14.38888889,2,121.1111111,1,26.64822222
01/04/2025 17:00,0,0,0,13.76,0,8.795,2.295,7.365,47.45,1018.38,2,14.22222222,2,118.3333333,1,26.33955556
01/04/2025 18:00,0,0,0,12.63,0,8.38,2.87,7.625,52.65,1018.57,2,14.33333333,2,120.5555556,1,26.54533333
01/04/2025 19:00,0,0,0,11.1,0,7.66,3.155,7.735,58.6,1018.875,2,11.16666667,2,114.4444444,1,20.68066667
01/04/2025 20:00,0,0,0,9.89,0,7.065,3.355,7.83,64.1,1019.35,2,8.833333333,2,104.4444444,1,16.35933333
01/04/2025 21:00,0,0,0,8.945,0,6.51,3.255,7.78,67.7,1019.605,2,8.111111111,2,108.8888889,1,15.02177778
01/04/2025 22:00,0,0,0,8.67,0,6.37,3.285,7.795,68.95,1019.72,2,7.888888889,2,94.44444444,1,14.61022222
01/04/2025 23:00,0,0,0,8.26,0,6.085,3.115,7.69,70.35,1019.94,2,8.277777778,2,117.2222222,1,15.33044444
02/04/2025 00:00,0,0,0,8.325,0,6.025,2.89,7.57,68.95,1020.14,2,7.444444444,2,112.7777778,1,13.78711111
02/04/2025 01:00,0,0,0,8.25,0,5.98,2.92,7.57,69.25,1020.125,2,8.055555556,2,103.8888889,1,14.91888889
02/04/2025 02:00,0,0,0,8.08,0,5.9,2.925,7.575,70.05,1020.165,2,8.944444444,2,106.1111111,1,16.56511111
02/04/2025 03:00,0,0,0,7.83,0,5.84,3.125,7.67,72.05,1020.385,2,9.555555556,2,120,1,17.69688889
02/04/2025 04:00,0,0,0,7.445,0,5.62,3.105,7.67,73.75,1020.645,2,9.166666667,2,103.8888889,1,16.97666667
02/04/2025 05:00,0,0,0,7.05,0,5.355,3.04,7.63,75.4,1021.03,2,8.777777778,2,105,1,16.25644444
02/04/2025 06:00,0,0,0,6.665,0,5.015,2.73,7.48,75.75,1021.495,2,9.055555556,2,102.2222222,1,16.77088889
02/04/2025 07:00,0,0,0,7.505,0,5.75,3.385,7.81,74.75,1021.95,2,8.222222222,2,93.88888889,1,15.22755556
02/04/2025 08:00,0,0,0,9.2,0,6.925,3.99,8.15,69.6,1022.17,2,9.166666667,2,101.1111111,1,16.97666667
02/04/2025 09:00,0,0,0,10.63,0,7.805,4.285,8.32,64.5,1022.46,2,10.72222222,2,108.8888889,1,19.85755556
02/04/2025 10:00,0,0,0,11.74,0,8.395,4.34,8.34,60.15,1022.505,2,11.61111111,2,107.7777778,1,21.50377778
02/04/2025 11:00,0,0,0,12.84,0,8.885,4.105,8.22,55.5,1022.395,2,11.27777778,2,109.4444444,1,20.88644444
02/04/2025 12:00,0,0,0,13.465,0,9.08,3.785,8.03,52.1,1022.14,2,12.55555556,2,107.2222222,1,23.25288889
02/04/2025 13:00,0,0,0,14.035,0,9.365,3.78,8.06,50.35,1021.81,2,12,2,106.1111111,1,22.224
02/04/2025 14:00,0,0,0,14.405,0,9.495,3.545,7.905,48.35,1021.475,2,12.16666667,2,111.6666667,1,22.53266667
02/04/2025 15:00,0,0,0,14.6,0,9.345,2.93,7.565,45.55,1020.995,2,11.44444444,2,102.2222222,1,21.19511111
02/04/2025 16:00,0,0,0,14.42,0,9.295,3.01,7.615,46.4,1020.755,2,11,2,105,1,20.372
02/04/2025 17:00,0,0,0,13.935,0,9.075,3.13,7.665,48.15,1020.7,2,10.55555556,2,93.33333333,1,19.54888889
02/04/2025 18:00,0,0,0,12.975,0,8.545,3,7.605,50.55,1020.91,2,10.11111111,2,85.55555556,1,18.72577778
02/04/2025 19:00,0,0,0,11.21,0,7.765,3.35,7.8,58.35,1021.19,2,8.333333333,2,72.22222222,1,15.43333333
02/04/2025 20:00,0,0,0,9.725,0,6.95,3.33,7.775,64.15,1021.625,2,7.111111111,2,76.11111111,1,13.16977778
02/04/2025 21:00,0,0,0,8.87,0,6.5,3.365,7.79,68,1021.805,2,6.611111111,2,85,1,12.24377778
02/04/2025 22:00,0,0,0,8.5,0,6.31,3.4,7.81,70.1,1021.925,2,6.611111111,2,63.33333333,1,12.24377778
02/04/2025 23:00,0,0,0,8.305,0,6.19,3.37,7.8,70.75,1022.025,2,7.277777778,2,65.55555556,1,13.47844444
03/04/2025 00:00,0,0,0,8.01,0,6.005,3.31,7.765,72.1,1021.91,2,7.277777778,2,61.11111111,1,13.47844444
03/04/2025 01:00,0,0,0,7.685,0,5.785,3.285,7.75,73.7,1021.77,2,7.333333333,2,94.44444444,1,13.58133333
03/04/2025 02:00,0,0,0,7.655,0,5.82,3.345,7.775,74.25,1021.495,2,7.222222222,2,80.55555556,1,13.37555556
03/04/2025 03:00,0,0,0,7.105,0,5.475,3.235,7.725,76.15,1021.235,2,7.166666667,2,76.66666667,1,13.27266667
03/04/2025 04:00,0,0,0,6.79,0,5.275,3.2,7.71,77.7,1021.03,2,7.055555556,2,87.77777778,1,13.06688889
03/04/2025 05:00,0,0,0,6.43,0,5.06,3.155,7.68,79.55,1020.875,2,7.555555556,2,95.55555556,1,13.99288889
03/04/2025 06:00,0,0,0,5.885,0,4.68,2.99,7.59,81.5,1020.905,2,7.166666667,2,98.33333333,1,13.27266667
03/04/2025 07:00,0,0,0,6.735,0,5.35,3.44,7.845,79.5,1020.815,2,8,2,75,1,14.816
03/04/2025 08:00,0,0,0,8.515,0,6.625,4.18,8.275,74.2,1020.58,2,9.111111111,2,79.44444444,1,16.87377778
03/04/2025 09:00,0,0,0,10.265,0,7.83,4.81,8.645,68.85,1020.375,2,10.66666667,2,78.88888889,1,19.75466667
03/04/2025 10:00,0,0,0,11.76,0,8.77,5.255,8.9,64.3,1020.035,2,12.05555556,2,72.77777778,1,22.32688889
03/04/2025 11:00,0,0,0,13.05,0,9.57,5.64,9.135,60.75,1019.52,2,12.83333333,2,70.55555556,1,23.76733333
03/04/2025 12:00,0,0,0,14.08,0,10.3,6.215,9.505,59.3,1019.055,2,13.44444444,2,70,1,24.89911111
03/04/2025 13:00,0,0,0,14.67,0,10.535,6.09,9.425,56.7,1018.51,2,14.44444444,2,75.55555556,1,26.75111111
03/04/2025 14:00,0,0,0,14.96,0,10.795,6.4,9.625,56.55,1017.945,2,14.77777778,2,78.33333333,1,27.36844444
03/04/2025 15:00,0,0,0,15.1,0,10.835,6.335,9.59,55.95,1017.365,2,14.77777778,2,80,1,27.36844444
03/04/2025 16:00,0,0,0,14.98,0,10.755,6.27,9.535,56.1,1016.93,2,14.55555556,2,79.44444444,1,26.95688889
03/04/2025 17:00,0,0,0,14.67,0,10.62,6.295,9.555,57.25,1016.585,2,13.94444444,2,77.22222222,1,25.82511111
03/04/2025 18:00,0,0,0,13.99,0,10.285,6.325,9.575,59.9,1016.64,2,13.16666667,2,77.22222222,1,24.38466667
03/04/2025 19:00,0,0,0,12.95,0,9.795,6.33,9.57,63.8,1016.65,2,11.5,2,75,1,21.298
03/04/2025 20:00,0,0.055,0,12.075,0,9.395,6.425,9.65,68.25,1016.81,2,10.83333333,2,72.77777778,1,20.06333333
03/04/2025 21:00,0,0.115,0,11.48,0,9.2,6.655,9.82,72.45,1016.77,2,10.38888889,2,74.44444444,1,19.24022222
03/04/2025 22:00,0,0.115,0,11.185,0,9.205,6.99,10.04,75.45,1016.58,2,10.55555556,2,90.55555556,1,19.54888889
03/04/2025 23:00,0,0.11,0,11.2,0,9.28,7.145,10.18,76.35,1016.525,2,11.55555556,2,96.11111111,1,21.40088889
04/04/2025 00:00,0,0.075,0,11.02,0,9.3,7.42,10.355,78.75,1016.345,2,12,2,84.44444444,0,22.224
04/04/2025 01:00,0,0.04,0,10.965,0,9.34,7.545,10.46,79.55,1016.245,2,12,2,90,0,22.224
04/04/2025 02:00,0,0.01,0,10.82,0,9.365,7.755,10.595,81.3,1016.225,2,12.66666667,2,97.22222222,0,23.45866667
04/04/2025 03:00,0,0.03,0,10.665,0,9.295,7.79,10.63,82.35,1016.5,2,12.22222222,2,102.2222222,0,22.63555556
04/04/2025 04:00,0,0.01,0,10.485,0,9.205,7.84,10.635,83.45,1016.79,2,12.16666667,2,108.8888889,0,22.53266667
04/04/2025 05:00,0,0,0,10.275,0,9.105,7.83,10.625,84.6,1017.175,2,11.88888889,2,105,0,22.01822222
04/04/2025 06:00,0,0.025,0,9.99,0,8.935,7.79,10.605,85.95,1017.76,2,10.27777778,2,101.6666667,0,19.03444444
04/04/2025 07:00,0,0,0,10.195,0,9.1,7.93,10.7,85.5,1018.46,2,9.722222222,2,106.6666667,0,18.00555556
04/04/2025 08:00,0,0,0,11.005,0,9.645,8.235,10.92,82.8,1019.045,2,10,2,103.8888889,0,18.52
04/04/2025 09:00,0,0,0,11.84,0,10.21,8.585,11.19,80.45,1019.59,2,10.33333333,2,98.88888889,0,19.13733333
04/04/2025 10:00,0,0,0,12.68,0,10.725,8.805,11.355,77.1,1019.89,2,10.94444444,2,102.2222222,0,20.26911111
04/04/2025 11:00,0,0.005,0,13.355,0,11.17,9.045,11.53,74.95,1019.935,2,10.66666667,2,98.88888889,0,19.75466667
04/04/2025 12:00,0,0.005,0,14.115,0,11.66,9.305,11.74,72.75,1019.96,2,11.22222222,2,97.77777778,0,20.78355556
04/04/2025 13:00,0,0,0,14.145,0,11.56,9.075,11.585,71.6,1019.68,2,11.5,2,94.44444444,0,21.298
04/04/2025 14:00,0,0,0,14.585,0,11.725,8.98,11.52,69.2,1019.285,2,11,2,88.33333333,0,20.372
04/04/2025 15:00,0,0,0,14.9,0,11.85,8.945,11.51,67.5,1018.895,2,11.11111111,2,83.88888889,0,20.57777778
04/04/2025 16:00,0,0,0,14.885,0,11.785,8.78,11.35,66.75,1018.72,2,11.11111111,2,81.11111111,0,20.57777778
04/04/2025 17:00,0,0,0,14.405,0,11.39,8.445,11.085,67.1,1018.7,2,10.83333333,2,90.55555556,0,20.06333333
04/04/2025 18:00,0,0,0,14.06,0,10.975,7.865,10.66,66,1018.65,2,10.83333333,2,84.44444444,0,20.06333333
04/04/2025 19:00,0,0,0,13.59,0,10.49,7.27,10.24,65.4,1018.64,2,10.27777778,2,69.44444444,0,19.03444444
04/04/2025 20:00,0,0,0,13.16,0,10.145,6.935,10.005,65.7,1018.905,2,10.44444444,2,73.88888889,0,19.34311111
04/04/2025 21:00,0,0,0,12.805,0,9.82,6.56,9.735,65.4,1018.83,2,11.44444444,2,74.44444444,0,21.19511111
04/04/2025 22:00,0,0,0,12.245,0,9.375,6.21,9.515,66.5,1018.955,2,12.05555556,2,73.88888889,0,22.32688889
04/04/2025 23:00,0,0,0,11.675,0,8.93,5.835,9.285,67.2,1019.05,2,12.05555556,2,74.44444444,0,22.32688889
05/04/2025 00:00,0,0,0,10.985,0,8.385,5.375,8.99,68.25,1019.23,2,12.27777778,2,73.33333333,0,22.73844444
05/04/2025 01:00,0,0,0,10.25,0,7.86,5.01,8.75,69.75,1019.265,2,12,2,73.33333333,0,22.224
05/04/2025 02:00,0,0,0,9.83,0,7.465,4.585,8.5,70,1019.11,2,12.44444444,2,88.33333333,0,23.04711111
05/04/2025 03:00,0,0,0,9.2,0,7,4.235,8.285,71.3,1019.005,2,12.44444444,2,71.66666667,0,23.04711111
05/04/2025 04:00,0,0,0,8.72,0,6.575,3.88,8.07,71.8,1019.05,2,12.61111111,2,75.55555556,0,23.35577778
05/04/2025 05:00,0,0,0,8.28,0,6.2,3.495,7.885,72.15,1019.05,2,12.27777778,2,75,0,22.73844444
05/04/2025 06:00,0,0,0,7.79,0,5.855,3.26,7.745,73.2,1019.23,2,12.11111111,2,92.22222222,0,22.42977778
05/04/2025 07:00,0,0,0,8.13,0,6.145,3.525,7.88,72.6,1019.585,2,11.61111111,2,88.33333333,0,21.50377778
05/04/2025 08:00,0,0,0,9.205,0,6.785,3.7,7.97,68.25,1019.8,2,12.16666667,2,93.33333333,0,22.53266667
05/04/2025 09:00,0,0,0,10.44,0,7.45,3.69,7.975,62.95,1019.945,2,12.83333333,2,91.66666667,0,23.76733333
05/04/2025 10:00,0,0,0,11.645,0,8.16,3.85,8.06,58.95,1019.935,2,13.22222222,2,82.22222222,0,24.48755556
05/04/2025 11:00,0,0,0,12.68,0,8.795,4.115,8.235,56.25,1019.87,2,13.88888889,2,81.11111111,0,25.72222222
05/04/2025 12:00,0,0,0,13.32,0,9.225,4.44,8.405,55,1019.75,2,14.38888889,2,85,0,26.64822222
05/04/2025 13:00,0,0,0,14.185,0,9.775,4.765,8.615,53.5,1019.345,2,15.11111111,2,85.55555556,0,27.98577778
05/04/2025 14:00,0,0,0,14.45,0,9.905,4.715,8.6,52.65,1018.945,2,15.38888889,2,88.88888889,0,28.50022222
05/04/2025 15:00,0,0,0,14.725,0,10.035,4.715,8.585,51.9,1018.68,2,15.22222222,2,89.44444444,0,28.19155556
05/04/2025 16:00,0,0,0,14.63,0,9.97,4.715,8.575,51.6,1018.53,2,14.5,2,87.77777778,0,26.854
05/04/2025 17:00,0,0,0,14.255,0,9.795,4.71,8.575,52.95,1018.53,2,14.05555556,2,83.33333333,0,26.03088889
05/04/2025 18:00,0,0,0,13.36,0,9.3,4.58,8.48,55.45,1018.55,2,13.05555556,2,92.77777778,0,24.17888889
05/04/2025 19:00,0,0,0,11.925,0,8.565,4.54,8.46,60.6,1018.76,2,12.05555556,2,81.11111111,0,22.32688889
05/04/2025 20:00,0,0,0,10.74,0,7.94,4.56,8.48,65.65,1019.275,2,11.27777778,2,97.77777778,0,20.88644444
05/04/2025 21:00,0,0,0,10.03,0,7.55,4.5,8.44,68.5,1019.665,2,10.88888889,2,82.22222222,0,20.16622222
05/04/2025 22:00,0,0,0,9.565,0,7.305,4.51,8.45,70.7,1019.915,2,10.38888889,2,80,0,19.24022222
05/04/2025 23:00,0,0,0,9.04,0,7.045,4.555,8.48,73.4,1020.125,2,9.833333333,2,96.11111111,0,18.21133333
06/04/2025 00:00,0,0,0,8.875,0,6.93,4.505,8.45,74,1020.29,2,9.722222222,2,92.22222222,1,18.00555556
06/04/2025 01:00,0,0,0,8.675,0,6.81,4.485,8.44,74.85,1020.33,2,9.722222222,2,103.3333333,1,18.00555556
06/04/2025 02:00,0,0,0,8.285,0,6.53,4.32,8.345,76.15,1020.335,2,10.38888889,2,98.88888889,1,19.24022222
06/04/2025 03:00,0,0,0,7.755,0,6.11,3.99,8.155,77.35,1020.46,2,10.61111111,2,86.66666667,1,19.65177778
06/04/2025 04:00,0,0,0,7.225,0,5.685,3.63,7.96,78.05,1020.625,2,10.05555556,2,86.11111111,1,18.62288889
06/04/2025 05:00,0,0,0,6.815,0,5.31,3.26,7.755,78.35,1020.91,2,10.27777778,2,92.22222222,1,19.03444444
06/04/2025 06:00,0,0,0,6.27,0,4.885,2.95,7.61,79.65,1021.255,2,9.388888889,2,94.44444444,1,17.38822222
06/04/2025 07:00,0,0,0,6.915,0,5.48,3.5,7.89,78.95,1021.465,2,8.333333333,2,103.8888889,1,15.43333333
06/04/2025 08:00,0,0,0,8.755,0,6.69,3.99,8.175,72.15,1021.675,2,9.666666667,2,92.22222222,1,17.90266667
06/04/2025 09:00,0,0,0,10.265,0,7.475,3.885,8.125,64.6,1021.935,2,10.83333333,2,93.88888889,1,20.06333333
06/04/2025 10:00,0,0,0,11.47,0,7.99,3.51,7.935,58.45,1022.085,2,11.66666667,2,94.44444444,1,21.60666667
06/04/2025 11:00,0,0.005,0,12.52,0,8.62,3.705,8.045,55.8,1022.11,2,11.94444444,2,100.5555556,1,22.12111111
06/04/2025 12:00,0,0,0,13.515,0,9.265,4.1,8.3,54.15,1022.185,2,11.44444444,2,97.77777778,1,21.19511111
06/04/2025 13:00,0,0,0,14.23,0,9.64,4.18,8.33,52.35,1022.09,2,11.5,2,107.2222222,1,21.298
06/04/2025 14:00,0,0,0,14.625,0,9.9,4.335,8.45,51.9,1022.065,2,10.72222222,2,112.7777778,1,19.85755556
06/04/2025 15:00,0,0,0,14.59,0,9.975,4.585,8.585,52.85,1021.92,2,10.38888889,2,118.3333333,1,19.24022222
06/04/2025 16:00,0,0,0,14.41,0,9.93,4.67,8.66,53.9,1021.89,2,10.22222222,2,114.4444444,1,18.93155556
06/04/2025 17:00,0,0.005,0,13.87,0,9.765,4.98,8.82,56.55,1022.005,2,9.222222222,2,111.1111111,1,17.07955556
06/04/2025 18:00,0,0,0,13.13,0,9.345,4.895,8.745,58.55,1022.345,2,7.611111111,2,127.7777778,1,14.09577778
06/04/2025 19:00,0,0,0,11.34,0,8.575,5.32,8.98,66.85,1022.9,2,6.166666667,2,126.1111111,1,11.42066667
06/04/2025 20:00,0,0,0,9.615,0,7.59,5.095,8.855,73.3,1023.605,2,5.666666667,2,102.2222222,1,10.49466667
06/04/2025 21:00,0,0,0,8.495,0,6.855,4.795,8.67,77.55,1024.02,2,5.5,2,116.1111111,1,10.186
06/04/2025 22:00,0,0,0,7.56,0,6.265,4.605,8.54,81.4,1024.285,2,5.222222222,2,122.7777778,1,9.671555556
06/04/2025 23:00,0,0,0,6.715,0,5.65,4.245,8.34,84.35,1024.605,2,4.888888889,2,117.7777778,1,9.054222222
07/04/2025 00:00,0,0,0,6.04,0,5.11,3.825,8.13,85.65,1024.615,2,4.5,2,113.3333333,1,8.334
07/04/2025 01:00,0,0,0,5.465,0,4.64,3.485,7.935,87.1,1024.67,2,4.166666667,2,150.5555556,1,7.716666667
07/04/2025 02:00,0,0,0,4.905,0,4.16,3.1,7.75,88.15,1024.455,2,4.277777778,2,137.7777778,1,7.922444444
07/04/2025 03:00,0,0,0,4.49,0,3.865,2.925,7.67,89.45,1024.49,2,3.777777778,2,95,1,6.996444444
07/04/2025 04:00,0,0,0,3.99,0,3.405,2.54,7.46,90.25,1024.455,2,3.5,2,190.5555556,1,6.482
07/04/2025 05:00,0,0,0,3.7,0,3.17,2.4,7.4,91.15,1024.735,2,3.555555556,2,125.5555556,1,6.584888889
07/04/2025 06:00,0,0,0,3.27,0,2.765,2.01,7.165,91.35,1024.965,2,3.944444444,2,136.6666667,1,7.305111111
07/04/2025 07:00,0,0,0,4.46,0,3.93,3.19,7.77,91.5,1025.23,2,3.611111111,2,86.11111111,1,6.687777778
07/04/2025 08:00,0,0,0,7.53,0,6.515,5.23,8.92,85.5,1025.385,2,3.666666667,2,121.6666667,1,6.790666667
07/04/2025 09:00,0,0,0,10.6,0,8.475,6.01,9.41,73.2,1025.49,2,3.666666667,2,113.8888889,1,6.790666667
07/04/2025 10:00,0,0,0,12.895,0,9.765,6.355,9.6,64.1,1025.39,2,4.666666667,2,119.4444444,1,8.642666667
07/04/2025 11:00,0,0,0,14.37,0,10.47,6.24,9.535,57.9,1025.37,2,5.222222222,2,116.1111111,1,9.671555556
07/04/2025 12:00,0,0,0,15.155,0,10.755,5.98,9.405,54.65,1025.155,2,6.111111111,2,124.4444444,1,11.31777778
07/04/2025 13:00,0,0,0,15.75,0,11.165,6.32,9.62,53.9,1024.91,2,6.5,2,133.8888889,1,12.038
07/04/2025 14:00,0,0,0,16.225,0,11.265,6.025,9.425,51.6,1024.61,2,6.722222222,2,132.7777778,1,12.44955556
07/04/2025 15:00,0,0,0,16.345,0,11.43,6.27,9.59,52.15,1024.325,2,7.111111111,2,131.6666667,1,13.16977778
07/04/2025 16:00,0,0,0,16.18,0,11.195,5.865,9.315,51.15,1024.105,2,6.555555556,2,140,1,12.14088889
07/04/2025 17:00,0,0,0,15.59,0,10.8,5.595,9.16,52,1024.205,2,6.777777778,2,143.8888889,1,12.55244444
07/04/2025 18:00,0,0,0,14.51,0,10.27,5.61,9.18,55.9,1024.45,2,6.277777778,2,140.5555556,1,11.62644444
07/04/2025 19:00,0,0,0,12.395,0,9.17,5.455,9.055,63.15,1024.835,2,5.333333333,2,124.4444444,1,9.877333333
07/04/2025 20:00,0,0,0,10.345,0,8.065,5.34,8.995,71.45,1025.305,2,4.888888889,2,93.33333333,1,9.054222222
07/04/2025 21:00,0,0,0,9.1,0,7.17,4.755,8.625,74.65,1025.525,2,4.888888889,2,106.6666667,1,9.054222222
07/04/2025 22:00,0,0,0,8.015,0,6.49,4.5,8.47,78.75,1025.69,2,4.222222222,2,115,1,7.819555556
07/04/2025 23:00,0,0,0,7.54,0,6.12,4.19,8.34,80.3,1025.735,2,4.611111111,2,98.33333333,1,8.539777778
08/04/2025 00:00,0,0,0,6.82,0,5.52,3.605,8.06,81.6,1025.595,2,5.166666667,2,92.22222222,1,9.568666667
08/04/2025 01:00,0,0,0,6.375,0,5.27,3.745,8.07,84.25,1025.62,2,4.5,2,127.2222222,1,8.334
08/04/2025 02:00,0,0.005,0,6.045,0,4.94,3.42,7.89,84.35,1025.725,2,4.444444444,2,129.4444444,1,8.231111111
08/04/2025 03:00,0,0,0,5.51,0,4.47,3,7.65,84.8,1025.975,2,4.555555556,2,108.8888889,1,8.436888889
08/04/2025 04:00,0,0,0,5,0,4.04,2.69,7.485,85.8,1025.99,2,4.5,2,164.4444444,1,8.334
08/04/2025 05:00,0,0.005,0,4.385,0,3.48,2.14,7.205,86.15,1026.025,2,4.333333333,2,118.3333333,1,8.025333333
08/04/2025 06:00,0,0,0,4.005,0,3.175,1.96,7.11,87.25,1026.265,2,4.555555556,2,145.5555556,1,8.436888889
08/04/2025 07:00,0,0,0,4.985,0,4.065,2.76,7.51,86.4,1026.525,2,4.333333333,2,110,1,8.025333333
08/04/2025 08:00,0,0,0,7.83,0,6.45,4.595,8.57,81.55,1026.82,2,3.5,2,130.5555556,1,6.482
08/04/2025 09:00,0,0,0,11.025,0,8.22,4.725,8.68,66.3,1027.025,2,4.777777778,2,87.22222222,1,8.848444444
08/04/2025 10:00,0,0,0,13.18,0,9.375,4.9,8.735,58.05,1027.145,2,5.777777778,2,108.8888889,1,10.70044444
08/04/2025 11:00,0,0,0,14.56,0,9.955,4.585,8.545,51.9,1027.145,2,6.611111111,2,99.44444444,1,12.24377778
08/04/2025 12:00,0,0,0,15.535,0,10.49,4.705,8.655,49.8,1027.155,2,6.944444444,2,108.3333333,1,12.86111111
08/04/2025 13:00,0,0.005,0,16.065,0,10.68,4.58,8.55,47.4,1026.995,2,7.333333333,2,112.7777778,1,13.58133333
08/04/2025 14:00,0,0,0,16.495,0,10.86,4.57,8.535,46.2,1026.755,2,7.388888889,2,116.1111111,1,13.68422222
08/04/2025 15:00,0,0,0,16.685,0,10.95,4.575,8.525,45.45,1026.515,2,6.944444444,2,129.4444444,1,12.86111111
08/04/2025 16:00,0,0,0,16.715,0,10.97,4.615,8.515,45.25,1026.455,2,6.111111111,2,122.7777778,1,11.31777778
08/04/2025 17:00,0,0,0,15.84,0,10.745,5.16,8.865,49.7,1026.68,2,5.833333333,2,117.7777778,1,10.80333333
08/04/2025 18:00,0,0,0,14.965,0,10.22,4.935,8.705,51.55,1026.875,2,5.611111111,2,131.1111111,1,10.39177778
08/04/2025 19:00,0,0,0,12.88,0,9.31,5.22,8.895,60.05,1027.17,2,4.611111111,2,121.6666667,1,8.539777778
08/04/2025 20:00,0,0,0,10.48,0,8.08,5.245,8.895,70,1027.645,2,4.555555556,2,84.44444444,1,8.436888889
08/04/2025 21:00,0,0,0,9.21,0,7.275,4.92,8.69,74.65,1028.09,2,4.222222222,2,90,1,7.819555556
08/04/2025 22:00,0,0,0,8.185,0,6.61,4.655,8.53,78.6,1028.56,2,3.888888889,2,121.1111111,1,7.202222222
08/04/2025 23:00,0,0,0,7.17,0,5.85,4.14,8.24,81,1029.015,2,3.777777778,2,115,1,6.996444444
09/04/2025 00:00,0,0,0,6.245,0,5.075,3.54,7.895,82.9,1029.205,2,3.666666667,2,162.7777778,1,6.790666667
09/04/2025 01:00,0,0,0,5.245,0,4.295,2.99,7.61,85.35,1029.275,2,3.444444444,2,152.2222222,1,6.379111111
09/04/2025 02:00,0,0,0,4.75,0,3.885,2.67,7.445,86.4,1029.245,2,3.555555556,2,192.2222222,1,6.584888889
09/04/2025 03:00,0,0,0,4.22,0,3.415,2.285,7.245,87.25,1029.23,2,3.444444444,2,167.2222222,1,6.379111111
09/04/2025 04:00,0,0,0,3.705,0,2.965,1.87,7.02,87.85,1029.22,2,3.333333333,2,211.1111111,1,6.173333333
09/04/2025 05:00,0,0,0,3.47,0,2.745,1.64,6.925,87.8,1029.43,2,3.444444444,2,197.7777778,1,6.379111111
09/04/2025 06:00,0,0,0,3.205,0,2.525,1.52,6.865,88.7,1029.85,2,3.722222222,2,165.5555556,1,6.893555556
09/04/2025 07:00,0,0,0,4.86,0,4.02,2.895,7.555,87.3,1030.235,2,3.444444444,2,143.8888889,1,6.379111111
09/04/2025 08:00,0,0,0,8.345,0,6.77,4.835,8.64,79.05,1030.49,2,3.111111111,2,168.8888889,1,5.761777778
09/04/2025 09:00,0,0,0,11.665,0,8.795,5.445,9.02,65.85,1030.765,2,3.888888889,2,90.55555556,1,7.202222222
09/04/2025 10:00,0,0,0,14.135,0,10.04,5.46,9.045,56.1,1030.815,2,4.777777778,2,120,1,8.848444444
09/04/2025 11:00,0,0,0,15.55,0,10.6,5.15,8.85,50,1030.85,2,5.333333333,2,121.6666667,1,9.877333333
09/04/2025 12:00,0,0,0,16.43,0,11.285,5.88,9.31,50.05,1030.755,2,5.777777778,2,111.1111111,1,10.70044444
09/04/2025 13:00,0,0,0,17.005,0,11.44,5.48,9.09,47.4,1030.715,2,6.722222222,2,118.8888889,1,12.44955556
09/04/2025 14:00,0,0,0,17.365,0,11.625,5.555,9.125,46.7,1030.745,2,7.555555556,2,115.5555556,1,13.99288889
09/04/2025 15:00,0,0,0,17.02,0,11.64,6.02,9.435,49.45,1030.66,2,6.944444444,2,117.7777778,1,12.86111111
09/04/2025 16:00,0,0,0,16.885,0,11.365,5.505,9.075,47.55,1030.66,2,6.722222222,2,116.1111111,1,12.44955556
09/04/2025 17:00,0,0,0,16.425,0,11.08,5.32,8.985,48.2,1030.73,2,6.777777778,2,125.5555556,1,12.55244444
09/04/2025 18:00,0,0,0,15.38,0,10.635,5.405,9.06,52,1030.84,2,5.777777778,2,130.5555556,1,10.70044444
09/04/2025 19:00,0,0,0,13.335,0,9.53,5.25,8.92,58.05,1031.21,2,4.5,2,116.1111111,1,8.334
09/04/2025 20:00,0,0,0,11.015,0,8.11,4.585,8.52,64.45,1031.77,2,3.777777778,2,132.2222222,1,6.996444444
09/04/2025 21:00,0,0,0,9.2,0,7.06,4.335,8.365,71.3,1032.265,2,3.166666667,2,117.7777778,1,5.864666667
09/04/2025 22:00,0,0,0,8.32,0,6.43,3.975,8.175,74.15,1032.555,2,3.444444444,2,100,1,6.379111111
09/04/2025 23:00,0,0,0,7.46,0,5.88,3.765,8.04,77.45,1032.785,2,3.222222222,2,63.88888889,1,5.967555556
10/04/2025 00:00,0,0,0,6.37,0,5.15,3.51,7.895,81.85,1032.945,2,3.611111111,2,102.2222222,1,6.687777778
10/04/2025 01:00,0,0,0,5.835,0,4.735,3.205,7.735,83.05,1032.995,2,3.555555556,2,117.2222222,1,6.584888889
10/04/2025 02:00,0,0,0,5.245,0,4.235,2.82,7.52,84.3,1032.825,2,3.333333333,2,127.2222222,1,6.173333333
10/04/2025 03:00,0,0,0,4.705,0,3.835,2.61,7.405,86.2,1032.73,2,3.5,2,115.5555556,1,6.482
10/04/2025 04:00,0,0,0,4.42,0,3.605,2.47,7.335,87.15,1032.63,2,3.5,2,156.6666667,1,6.482
10/04/2025 05:00,0,0,0,3.995,0,3.24,2.195,7.2,88,1032.6,2,3.611111111,2,113.3333333,1,6.687777778
10/04/2025 06:00,0,0,0,3.625,0,2.96,2,7.12,89.05,1032.865,2,3.555555556,2,118.3333333,1,6.584888889
10/04/2025 07:00,0,0,0,4.985,0,4.305,3.415,7.845,89.45,1032.805,2,3.277777778,2,142.7777778,1,6.070444444
10/04/2025 08:00,0,0,0,8.5,0,7.17,5.545,9.12,81.8,1032.78,2,2.777777778,2,162.7777778,1,5.144444444
10/04/2025 09:00,0,0,0,11.755,0,9.22,6.43,9.65,69.7,1032.505,2,2.722222222,2,128.8888889,1,5.041555556
10/04/2025 10:00,0,0,0,13.845,0,10.305,6.515,9.705,61,1032.23,2,3.333333333,2,183.3333333,1,6.173333333
10/04/2025 11:00,0,0,0,15.25,0,11.105,6.83,9.91,57.3,1031.855,2,4.444444444,2,160,1,8.231111111
10/04/2025 12:00,0,0,0,16.12,0,11.56,6.945,10.015,54.95,1031.43,2,5.277777778,2,173.3333333,1,9.774444444
10/04/2025 13:00,0,0,0,16.855,0,12.025,7.19,10.2,53.8,1030.89,2,5.388888889,2,206.1111111,1,9.980222222
10/04/2025 14:00,0,0,0,17.055,0,12.175,7.34,10.29,53.95,1030.365,2,5.611111111,2,221.6666667,1,10.39177778
10/04/2025 15:00,0,0,0,17.325,0,12.155,7.005,10.07,52.05,1029.635,2,5.611111111,2,201.6666667,1,10.39177778
10/04/2025 16:00,0,0,0,17.07,0,12.24,7.475,10.42,54.85,1029.17,2,5.611111111,2,210,1,10.39177778
10/04/2025 17:00,0,0,0,16.73,0,12.05,7.35,10.335,55.4,1028.735,2,5,2,217.7777778,1,9.26
10/04/2025 18:00,0,0,0,16.02,0,11.655,7.21,10.23,57.55,1028.415,2,4.833333333,2,216.1111111,1,8.951333333
10/04/2025 19:00,0,0,0,13.79,0,10.525,7.11,10.13,64.9,1028.34,2,4.333333333,2,213.3333333,1,8.025333333
10/04/2025 20:00,0,0,0,11.23,0,9.03,6.57,9.775,73.2,1028.34,2,3.833333333,2,207.7777778,1,7.099333333
10/04/2025 21:00,0,0,0,9.765,0,8.08,6.075,9.44,78.05,1028.15,2,3.277777778,2,209.4444444,1,6.070444444
10/04/2025 22:00,0,0,0,8.665,0,7.325,5.695,9.19,81.7,1027.915,2,3.222222222,2,190.5555556,1,5.967555556
10/04/2025 23:00,0,0,0,7.59,0,6.525,5.205,8.875,84.75,1027.755,2,3.055555556,2,195.5555556,1,5.658888889
11/04/2025 00:00,0,0,0,6.8,0,5.975,4.89,8.71,87.35,1027.42,2,2.777777778,2,185.5555556,0,5.144444444
11/04/2025 01:00,0,0,0,6.15,0,5.35,4.295,8.355,87.65,1026.995,2,3.055555556,2,229.4444444,0,5.658888889
11/04/2025 02:00,0,0.005,0,5.52,0,4.905,4.03,8.205,90.05,1026.47,2,2.833333333,2,185.5555556,0,5.247333333
11/04/2025 03:00,0,0,0,4.99,0,4.46,3.71,8.02,91.25,1025.925,2,2.888888889,2,194.4444444,0,5.350222222
11/04/2025 04:00,0,0,0,4.705,0,4.235,3.58,7.95,92.15,1025.49,2,2.777777778,2,182.7777778,0,5.144444444
11/04/2025 05:00,0,0.01,0,4.4,0,3.96,3.33,7.845,92.6,1025.1,2,2.666666667,2,196.1111111,0,4.938666667
11/04/2025 06:00,0,0.005,0,4.27,0,3.895,3.355,7.85,93.7,1024.765,2,2.444444444,2,170,0,4.527111111
11/04/2025 07:00,0,0,0,5.665,0,5.28,4.725,8.64,93.8,1024.47,2,2.666666667,2,156.1111111,0,4.938666667
11/04/2025 08:00,0,0,0,8.545,0,7.68,6.65,9.82,88.2,1024.18,2,2.833333333,2,184.4444444,0,5.247333333
11/04/2025 09:00,0,0,0,11.225,0,9.64,7.905,10.725,80.8,1023.72,2,2.888888889,2,192.7777778,0,5.350222222
11/04/2025 10:00,0,0,0,13.745,0,11.02,8.24,10.97,70.35,1023.215,2,3.111111111,2,205.5555556,0,5.761777778
11/04/2025 11:00,0,0,0,15.58,0,11.745,7.96,10.765,61.35,1022.545,2,4.166666667,2,202.2222222,0,7.716666667
11/04/2025 12:00,0,0,0,16.475,0,12.115,7.86,10.68,57.65,1021.715,2,5.222222222,2,195.5555556,0,9.671555556
11/04/2025 13:00,0,0,0,17.15,0,12.085,7.045,10.095,52.35,1020.89,2,5.833333333,2,186.6666667,0,10.80333333
11/04/2025 14:00,0,0,0,17.59,0,12.345,7.14,10.165,51.25,1019.945,2,5.722222222,2,186.6666667,0,10.59755556
11/04/2025 15:00,0,0,0,17.51,0,12.34,7.235,10.24,52.1,1018.915,2,5.722222222,2,176.1111111,0,10.59755556
11/04/2025 16:00,0,0,0,17.145,0,12.07,6.96,10.045,52.8,1017.985,2,5.888888889,2,181.1111111,0,10.90622222
11/04/2025 17:00,0,0,0,16.475,0,11.625,6.65,9.84,53.65,1017.27,2,5.944444444,2,175.5555556,0,11.00911111
11/04/2025 18:00,0,0,0,15.405,0,11.26,6.96,10.05,58.55,1016.58,2,6,2,176.1111111,0,11.112
11/04/2025 19:00,0,0,0,13.445,0,10.355,7.105,10.12,66.15,1016.03,2,5.055555556,2,187.7777778,0,9.362888889
11/04/2025 20:00,0,0,0,10.965,0,8.77,6.245,9.545,72.95,1015.705,2,3.944444444,2,191.6666667,0,7.305111111
11/04/2025 21:00,0,0,0,9.63,0,7.84,5.685,9.19,76.65,1015.2,2,4.055555556,2,175,0,7.510888889
11/04/2025 22:00,0,0,0,8.635,0,7.175,5.355,8.995,80.1,1014.55,2,3.222222222,2,148.3333333,0,5.967555556
11/04/2025 23:00,0,0,0,7.8,0,6.655,5.2,8.915,83.75,1013.825,2,3.444444444,2,148.8888889,0,6.379111111
12/04/2025 00:00,0,0,0,6.99,0,6.035,4.755,8.635,85.75,1013.035,2,3.555555556,2,176.6666667,0,6.584888889
12/04/2025 01:00,0,0,0,6.53,0,5.72,4.645,8.56,87.8,1012.065,2,3.555555556,2,184.4444444,0,6.584888889
12/04/2025 02:00,0,0.01,0,5.93,0,5.21,4.205,8.33,88.6,1011,2,3.333333333,2,172.7777778,0,6.173333333
12/04/2025 03:00,0,0.01,0,5.67,0,5.045,4.215,8.33,90.3,1009.88,2,3.611111111,2,177.7777778,0,6.687777778
12/04/2025 04:00,0,0,0,5.525,0,4.98,4.265,8.365,91.35,1008.825,2,3.666666667,2,183.8888889,0,6.790666667
12/04/2025 05:00,0,0.005,0,5.48,0,4.92,4.16,8.33,91.1,1008.1,2,4,2,173.8888889,0,7.408
12/04/2025 06:00,0,0,0,5.17,0,4.625,3.89,8.175,91.3,1007.665,2,3.722222222,2,168.8888889,0,6.893555556
12/04/2025 07:00,0,0.01,0,6.405,0,5.82,5.105,8.835,91.25,1007.085,2,4.055555556,2,158.3333333,0,7.510888889
12/04/2025 08:00,0,0,0,8.58,0,7.565,6.385,9.635,86.15,1006.575,2,3.888888889,2,166.6666667,0,7.202222222
12/04/2025 09:00,0,0,0,9.935,0,8.45,6.77,9.895,81.1,1006.005,2,4.611111111,2,199.4444444,0,8.539777778
12/04/2025 10:00,0,0,0,10.9,0,8.88,6.62,9.795,75.3,1005.41,2,5.944444444,2,217.2222222,0,11.00911111
12/04/2025 11:00,0,0,0,11.825,0,9.34,6.58,9.76,70.35,1004.655,2,6.222222222,2,221.6666667,0,11.52355556
12/04/2025 12:00,0,0,0,12.355,0,9.525,6.375,9.65,67.25,1003.875,2,6.666666667,2,228.8888889,0,12.34666667
12/04/2025 13:00,0,0.005,0,12.425,0,9.375,5.91,9.345,64.75,1003.16,2,7.666666667,2,223.8888889,0,14.19866667
12/04/2025 14:00,0,0.015,0,12.395,0,9.495,6.225,9.55,66.25,1002.355,2,8.388888889,2,217.7777778,0,15.53622222
12/04/2025 15:00,0,0.05,0,12.1,0,9.375,6.3,9.585,68.3,1001.715,2,8.944444444,2,232.2222222,0,16.56511111
12/04/2025 16:00,0,0.06,0,11.935,0,9.35,6.43,9.7,69.65,1001.41,2,9.111111111,2,241.1111111,0,16.87377778
12/04/2025 17:00,0,0.035,0,11.625,0,9.1,6.24,9.535,70.05,1001.21,2,9.722222222,2,262.2222222,0,18.00555556
12/04/2025 18:00,0,0.16,0,10.645,0,8.535,6.13,9.455,73.7,1001.335,2,9.833333333,2,271.6666667,0,18.21133333
12/04/2025 19:00,0,0.035,0,9.74,0,8.08,6.145,9.475,78.35,1001.59,2,9.722222222,2,277.2222222,0,18.00555556
12/04/2025 20:00,0,0.19,0,8.705,0,7.475,6.015,9.385,82.95,1001.93,2,9.166666667,2,276.1111111,0,16.97666667
12/04/2025 21:00,0,0.03,0,8.39,0,7.07,5.43,9.02,81.3,1002.155,2,9.055555556,2,281.1111111,0,16.77088889
12/04/2025 22:00,0,0.06,0,7.665,0,6.43,4.835,8.65,82.1,1002.245,2,8.277777778,2,282.2222222,0,15.33044444
12/04/2025 23:00,0,0.06,0,6.975,0,5.865,4.42,8.385,83.45,1002.265,2,7.833333333,2,280,0,14.50733333
13/04/2025 00:00,0,0.04,0,6.31,0,5.3,3.91,8.115,84.45,1002.215,2,7.333333333,2,278.3333333,1,13.58133333
13/04/2025 01:00,0,0.04,0,5.755,0,4.785,3.435,7.85,85.05,1002.235,2,7.833333333,2,275.5555556,1,14.50733333
13/04/2025 02:00,0,0.02,0,5.41,0,4.395,2.98,7.565,84.3,1002.31,2,7.166666667,2,275,1,13.27266667
13/04/2025 03:00,0,0.015,0,5.185,0,4.18,2.735,7.445,84.15,1002.325,2,6.333333333,2,268.8888889,1,11.72933333
13/04/2025 04:00,0,0.03,0,4.82,0,3.925,2.63,7.385,85.6,1002.305,2,5.833333333,2,268.3333333,1,10.80333333
13/04/2025 05:00,0,0.02,0,4.62,0,3.69,2.32,7.225,84.95,1002.32,2,5.222222222,2,242.2222222,1,9.671555556
13/04/2025 06:00,0,0.1,0,4.38,0,3.5,2.17,7.155,85.65,1002.585,2,5.555555556,2,243.8888889,1,10.28888889
13/04/2025 07:00,0,0.04,0,5.26,0,4.26,2.815,7.485,84.3,1002.755,2,5.722222222,2,217.7777778,1,10.59755556
13/04/2025 08:00,0,0.005,0,6.505,0,5.185,3.365,7.775,80,1002.795,2,6.277777778,2,215,1,11.62644444
13/04/2025 09:00,0,0.12,0,7.57,0,5.715,3.21,7.695,73.7,1002.645,2,7,2,206.1111111,1,12.964
13/04/2025 10:00,0,0.115,0,8.6,0,6.13,2.765,7.465,66.85,1002.42,2,8.722222222,2,226.1111111,1,16.15355556
13/04/2025 11:00,0,0.12,0,8.605,0,6.155,2.84,7.525,67.65,1002.305,2,10.55555556,2,222.7777778,1,19.54888889
13/04/2025 12:00,0,0.085,0,9.415,0,6.635,2.895,7.545,63.85,1001.99,2,11.05555556,2,221.1111111,1,20.47488889
13/04/2025 13:00,0,0.225,0,10.05,0,7.075,3.13,7.685,62.2,1001.645,2,10.83333333,2,220.5555556,1,20.06333333
13/04/2025 14:00,0,0.265,0,9.745,0,6.94,3.255,7.74,64.15,1001.32,2,12.16666667,2,228.8888889,1,22.53266667
13/04/2025 15:00,0,0.045,0,9.805,0,7.05,3.475,7.865,64.8,1000.875,2,11.66666667,2,228.8888889,1,21.60666667
13/04/2025 16:00,0,0.035,0,10.1,0,7.17,3.3,7.77,62.55,1000.49,2,12.55555556,2,227.7777778,1,23.25288889
13/04/2025 17:00,0,0.245,0,9.36,0,6.74,3.28,7.76,66.05,1000.255,2,12.77777778,2,220.5555556,1,23.66444444
13/04/2025 18:00,0,0.135,0,9.025,0,6.695,3.605,7.955,69.1,999.93,2,11.22222222,2,219.4444444,1,20.78355556
13/04/2025 19:00,0,0.105,0,8.14,0,6.195,3.53,7.915,72.95,999.74,2,10.33333333,2,211.6666667,1,19.13733333
13/04/2025 20:00,0,0.06,0,7.42,0,5.84,3.675,8,77,999.715,2,9.333333333,2,197.2222222,1,17.28533333
13/04/2025 21:00,0,0.215,0,7.18,0,5.825,4.02,8.18,80.15,999.53,2,8.944444444,2,200,1,16.56511111
13/04/2025 22:00,0,0.36,0,6.965,0,5.845,4.39,8.385,83.4,999.12,2,8.555555556,2,200,1,15.84488889
13/04/2025 23:00,0,0.295,0,7.11,0,6.02,4.575,8.475,83.7,998.71,2,8.111111111,2,193.8888889,1,15.02177778
14/04/2025 00:00,0,0.135,0,7.03,0,5.97,4.61,8.515,84.45,998.45,2,8.611111111,2,195,1,15.94777778
14/04/2025 01:00,0,0.28,0,6.745,0,5.78,4.515,8.46,85.5,998.115,2,8.277777778,2,197.2222222,1,15.33044444
14/04/2025 02:00,0,0.165,0,6.32,0,5.445,4.265,8.31,86.35,997.775,2,7.444444444,2,202.2222222,1,13.78711111
14/04/2025 03:00,0,0.04,0,5.92,0,5.04,3.87,8.085,86.6,997.41,2,7.055555556,2,197.7777778,1,13.06688889
14/04/2025 04:00,0,0.095,0,5.735,0,5.005,4,8.15,88.35,997.065,2,6.777777778,2,193.3333333,1,12.55244444
14/04/2025 05:00,0,0.06,0,5.52,0,4.8,3.85,8.07,88.85,996.84,2,6.666666667,2,180.5555556,1,12.34666667
14/04/2025 06:00,0,0.045,0,5.54,0,4.855,3.94,8.115,89.15,996.73,2,6.611111111,2,172.7777778,1,12.24377778
14/04/2025 07:00,0,0.1,0,6.25,0,5.49,4.475,8.425,88.1,996.64,2,6.555555556,2,173.8888889,1,12.14088889
14/04/2025 08:00,0,0.11,0,7.38,0,6.28,4.895,8.66,84,996.625,2,7.333333333,2,188.8888889,1,13.58133333
14/04/2025 09:00,0,0.055,0,8.585,0,6.995,5.035,8.77,78.15,996.38,2,8.111111111,2,197.2222222,1,15.02177778
14/04/2025 10:00,0,0.145,0,9.39,0,7.35,4.82,8.63,73.05,996.255,2,9.333333333,2,201.1111111,1,17.28533333
14/04/2025 11:00,0,0.17,0,9.695,0,7.35,4.425,8.405,69.7,996.175,2,9.611111111,2,216.1111111,1,17.79977778
14/04/2025 12:00,0,0.255,0,10.485,0,7.81,4.49,8.45,66.5,996.205,2,10.05555556,2,218.3333333,1,18.62288889
14/04/2025 13:00,0,0.02,0,11.17,0,8.02,4.095,8.205,61.4,996.025,2,11.16666667,2,215,1,20.68066667
14/04/2025 14:00,0,0.045,0,11.375,0,8.095,4.065,8.185,60.85,995.91,2,11.27777778,2,228.8888889,1,20.88644444
14/04/2025 15:00,0,0.035,0,11.57,0,8.09,3.78,8.02,58.65,995.81,2,11.16666667,2,222.7777778,1,20.68066667
14/04/2025 16:00,0,0.005,0,11.37,0,7.93,3.625,7.925,58.8,995.83,2,11.22222222,2,227.2222222,1,20.78355556
14/04/2025 17:00,0,0.01,0,11.145,0,7.675,3.175,7.715,57.9,995.865,2,10.38888889,2,215.5555556,1,19.24022222
14/04/2025 18:00,0,0.16,0,10.625,0,7.44,3.295,7.78,60.55,996.085,2,9.333333333,2,231.1111111,1,17.28533333
14/04/2025 19:00,0,0.03,0,9.415,0,6.755,3.19,7.73,64.85,996.42,2,8.666666667,2,218.3333333,1,16.05066667
14/04/2025 20:00,0,0.025,0,7.92,0,5.805,2.865,7.51,70,996.895,2,7.111111111,2,223.8888889,1,13.16977778
14/04/2025 21:00,0,0.01,0,7.13,0,5.37,2.905,7.565,74.35,997.125,2,6.833333333,2,217.7777778,1,12.65533333
14/04/2025 22:00,0,0.025,0,6.485,0,5.02,2.935,7.57,77.9,997.325,2,6.055555556,2,226.1111111,1,11.21488889
14/04/2025 23:00,0,0,0,6.05,0,4.725,2.87,7.535,79.85,997.43,2,5.5,2,230,1,10.186
15/04/2025 00:00,0,0.015,0,5.295,0,4.165,2.545,7.37,82.3,997.685,2,5.222222222,2,220.5555556,1,9.671555556
15/04/2025 01:00,0,0.025,0,5.255,0,4.195,2.66,7.415,83.3,997.7,2,5.777777778,2,216.1111111,1,10.70044444
15/04/2025 02:00,0,0,0,4.975,0,3.895,2.33,7.245,82.85,997.905,2,5.888888889,2,238.8888889,1,10.90622222
15/04/2025 03:00,0,0,0,4.845,0,3.785,2.23,7.185,83.15,998.14,2,5.888888889,2,236.1111111,1,10.90622222
15/04/2025 04:00,0,0,0,4.445,0,3.505,2.125,7.145,84.9,998.24,2,6,2,258.3333333,1,11.112
15/04/2025 05:00,0,0.005,0,4.575,0,3.605,2.15,7.145,84.35,998.385,2,5.833333333,2,275,1,10.80333333
15/04/2025 06:00,0,0.02,0,4.74,0,3.73,2.3,7.215,84.3,998.9,2,6.944444444,2,292.7777778,1,12.86111111
15/04/2025 07:00,0,0.005,0,5.6,0,4.42,2.75,7.455,82.1,999.32,2,6.722222222,2,302.7777778,1,12.44955556
15/04/2025 08:00,0,0.02,0,6.94,0,5.405,3.31,7.755,77.75,999.74,2,7.611111111,2,305.5555556,1,14.09577778
15/04/2025 09:00,0,0.02,0,8.325,0,6.115,3.085,7.645,69.55,1000.065,2,9.388888889,2,320.5555556,1,17.38822222
15/04/2025 10:00,0,0.005,0,9.19,0,6.335,2.39,7.28,62.55,1000.315,2,10.77777778,2,333.3333333,1,19.96044444
15/04/2025 11:00,0,0,0,10.03,0,6.745,2.315,7.24,58.45,1000.385,2,10.88888889,2,336.6666667,1,20.16622222
15/04/2025 12:00,0,0,0,10.625,0,6.9,1.75,6.965,54.05,1000.365,2,10.77777778,2,338.3333333,1,19.96044444
15/04/2025 13:00,0,0,0,11.1,0,6.98,1.22,6.71,50.45,1000.425,2,10.5,2,338.8888889,1,19.446
15/04/2025 14:00,0,0,0,11.365,0,6.975,0.7,6.475,47.9,1000.51,2,10.33333333,2,340.5555556,1,19.13733333
15/04/2025 15:00,0,0,0,11.51,0,6.87,0.14,6.225,45.55,1000.495,2,10.27777778,2,339.4444444,1,19.03444444
15/04/2025 16:00,0,0,0,11.34,0,6.69,-0.14,6.08,45.1,1000.56,2,9.888888889,2,320,1,18.31422222
15/04/2025 17:00,0,0.085,0,10.83,0,6.65,0.595,6.445,49.8,1000.67,2,9.888888889,2,302.2222222,1,18.31422222
15/04/2025 18:00,0,0.07,0,10.03,0,6.135,0.37,6.34,51.5,1000.865,2,9.722222222,2,282.2222222,1,18.00555556
15/04/2025 19:00,0,0.02,0,8.96,0,5.7,0.82,6.54,56.95,1001.125,2,9.166666667,2,285.5555556,1,16.97666667
15/04/2025 20:00,0,0.045,0,7.725,0,4.98,0.86,6.55,61.95,1001.47,2,8.222222222,2,228.8888889,1,15.22755556
15/04/2025 21:00,0,0.035,0,6.95,0,4.495,0.745,6.495,64.8,1001.665,2,7.277777778,2,227.2222222,1,13.47844444
15/04/2025 22:00,0,0.015,0,6.05,0,3.93,0.635,6.41,67.95,1001.75,2,6.944444444,2,249.4444444,1,12.86111111
15/04/2025 23:00,0,0.115,0,5.5,0,3.695,0.9,6.545,72,1001.795,2,7,2,232.7777778,1,12.964
16/04/2025 00:00,0,0.065,0,5.275,0,3.535,0.835,6.51,72.8,1001.755,2,6.944444444,2,251.6666667,1,12.86111111
16/04/2025 01:00,0,0.055,0,4.715,0,3.25,0.89,6.535,75.85,1001.52,2,6.944444444,2,270.5555556,1,12.86111111
16/04/2025 02:00,0,0.11,0,4.53,0,3.165,1.045,6.605,78,1001.26,2,7.111111111,2,276.6666667,1,13.16977778
16/04/2025 03:00,0,0.31,0,4.63,0,3.265,1.15,6.65,78,1000.98,2,7.444444444,2,252.7777778,1,13.78711111
16/04/2025 04:00,0,0.51,0,4.695,0,3.435,1.52,6.85,79.65,1000.775,2,7.555555556,2,279.4444444,1,13.99288889
16/04/2025 05:00,0,0.62,0,4.655,0,3.445,1.545,6.87,80.1,1000.74,2,8,2,255,1,14.816
16/04/2025 06:00,0,0.655,0,4.6,0,3.505,1.85,7.005,82.15,1000.865,2,8.277777778,2,228.8888889,1,15.33044444
16/04/2025 07:00,0,0.94,0,5.14,0,3.985,2.315,7.235,82,1001.01,2,8.888888889,2,282.7777778,1,16.46222222
16/04/2025 08:00,0,0.935,0,6.07,0,4.745,2.85,7.52,80.05,1001.07,2,9.388888889,2,233.3333333,1,17.38822222
16/04/2025 09:00,0,0.885,0,7.145,0,5.39,2.95,7.585,75.55,1001.275,2,10.05555556,2,280.5555556,1,18.62288889
16/04/2025 10:00,0,0.84,0,7.735,0,5.835,3.21,7.725,74.3,1001.545,2,10.94444444,2,306.6666667,1,20.26911111
16/04/2025 11:00,0,0.625,0,8.18,0,6.21,3.535,7.925,73.9,1001.87,2,11.44444444,2,304.4444444,1,21.19511111
16/04/2025 12:00,0,0.365,0,8.735,0,6.495,3.505,7.905,71.05,1002.375,2,11.77777778,2,300,1,21.81244444
16/04/2025 13:00,0,0.26,0,9.115,0,6.68,3.425,7.855,68.95,1002.875,2,12.33333333,2,297.2222222,1,22.84133333
16/04/2025 14:00,0,0.175,0,9.355,0,6.88,3.61,7.95,68.7,1003.215,2,12.11111111,2,303.8888889,1,22.42977778
16/04/2025 15:00,0,0.135,0,9.785,0,7.025,3.375,7.84,66.2,1003.535,2,12,2,302.7777778,1,22.224
16/04/2025 16:00,0,0.08,0,9.9,0,7.035,3.235,7.765,64.9,1004.1,2,11.44444444,2,277.7777778,1,21.19511111
16/04/2025 17:00,0,0.075,0,9.725,0,6.915,3.19,7.705,64.6,1004.65,2,10.83333333,2,313.3333333,1,20.06333333
16/04/2025 18:00,0,0.075,0,9.165,0,6.515,2.915,7.58,65.8,1005.36,2,9.611111111,2,312.2222222,1,17.79977778
16/04/2025 19:00,0,0.065,0,8.43,0,6.105,2.93,7.575,68.65,1005.985,2,8.444444444,2,289.4444444,1,15.63911111
16/04/2025 20:00,0,0.03,0,6.85,0,5.125,2.65,7.425,74.6,1006.675,2,6.611111111,2,297.7777778,1,12.24377778
16/04/2025 21:00,0,0.07,0,5.76,0,4.365,2.325,7.245,78.3,1007.26,2,5.333333333,2,267.2222222,1,9.877333333
16/04/2025 22:00,0,0.005,0,4.855,0,3.75,2.08,7.12,81.95,1007.73,2,4.888888889,2,250.5555556,1,9.054222222
16/04/2025 23:00,0,0,0,4.045,0,3.07,1.625,6.895,84.05,1008.19,2,4.111111111,2,260,1,7.613777778
17/04/2025 00:00,0,0.005,0,3.615,0,2.77,1.495,6.84,85.9,1008.595,2,3.722222222,2,213.3333333,1,6.893555556
17/04/2025 01:00,0,0,0,2.805,0,2.145,1.14,6.67,88.6,1008.78,2,3.5,2,210.5555556,1,6.482
17/04/2025 02:00,0,0.02,0,2.28,0,1.75,0.885,6.545,90.2,1008.9,2,3.611111111,2,187.7777778,1,6.687777778
17/04/2025 03:00,0,0,0,2.065,0,1.54,0.665,6.44,90.25,1009.045,2,3.777777778,2,183.8888889,1,6.996444444
17/04/2025 04:00,0,0.005,0,1.805,0,1.3,0.5,6.365,90.95,1009.095,2,3.5,2,150,1,6.482
17/04/2025 05:00,0,0.005,0,1.455,0,1.055,0.4,6.355,92.4,1009.24,2,3.333333333,2,178.8888889,1,6.173333333
17/04/2025 06:00,0,0.02,0,1.515,0,1.135,0.535,6.415,92.75,1009.465,2,3.888888889,2,156.6666667,1,7.202222222
17/04/2025 07:00,0,0.095,0,3.505,0,3.015,2.29,7.245,91.6,1009.685,2,3.611111111,2,147.2222222,1,6.687777778
17/04/2025 08:00,0,0.015,0,6.415,0,5.33,3.895,8.08,83.55,1009.81,2,3.5,2,137.2222222,1,6.482
17/04/2025 09:00,0,0,0,8.945,0,6.86,4.195,8.255,71.85,1009.97,2,4.333333333,2,152.2222222,1,8.025333333
17/04/2025 10:00,0,0,0,10.49,0,7.66,4.09,8.21,64.35,1010.005,2,5.611111111,2,171.6666667,1,10.39177778
17/04/2025 11:00,0,0,0,11.12,0,7.835,3.715,8.005,60.1,1009.995,2,6.5,2,176.1111111,1,12.038
17/04/2025 12:00,0,0,0,11.51,0,8.01,3.555,7.94,58.15,1010.01,2,6.888888889,2,178.3333333,1,12.75822222
17/04/2025 13:00,0,0.08,0,11.65,0,8.115,3.65,7.975,58.2,1009.93,2,7.055555556,2,176.6666667,1,13.06688889
17/04/2025 14:00,0,0.07,0,11.805,0,8.23,3.72,8.02,58,1009.58,2,6.777777778,2,174.4444444,1,12.55244444
17/04/2025 15:00,0,0.01,0,11.855,0,8.18,3.565,7.935,57.3,1009.36,2,6.277777778,2,163.8888889,1,11.62644444
17/04/2025 16:00,0,0.08,0,11.585,0,8.035,3.505,7.94,58.5,1009.21,2,6.277777778,2,128.8888889,1,11.62644444
17/04/2025 17:00,0,0,0,11.035,0,7.865,3.875,8.1,61.6,1009.13,2,6.833333333,2,146.1111111,1,12.65533333
17/04/2025 18:00,0,0.085,0,10.48,0,7.665,4.125,8.255,65.1,1009.235,2,7.055555556,2,138.3333333,1,13.06688889
17/04/2025 19:00,0,0.54,0,9.34,0,7.17,4.43,8.4,71.5,1009.48,2,6.388888889,2,130,1,11.83222222
17/04/2025 20:00,0,0.12,0,8.465,0,6.78,4.63,8.51,76.65,1009.71,2,5.777777778,2,109.4444444,1,10.70044444
17/04/2025 21:00,0,0.16,0,7.98,0,6.65,5.015,8.745,81.3,1009.835,2,6.333333333,2,89.44444444,1,11.72933333
17/04/2025 22:00,0,0.165,0,7.715,0,6.595,5.19,8.85,83.85,1009.745,2,6.555555556,2,102.7777778,1,12.14088889
17/04/2025 23:00,0,0.25,0,7.48,0,6.495,5.255,8.905,85.55,1009.425,2,6.222222222,2,75,1,11.52355556
18/04/2025 00:00,0,0.29,0,7.31,0,6.46,5.395,8.98,87.4,1009.1,2,6.611111111,2,69.44444444,0,12.24377778
18/04/2025 01:00,0,0.505,0,7.265,0,6.565,5.72,9.195,89.6,1008.59,2,7.388888889,2,71.66666667,0,13.68422222
18/04/2025 02:00,0,0.355,0,7.22,0,6.565,5.725,9.2,89.9,1007.91,2,8.055555556,2,86.66666667,0,14.91888889
18/04/2025 03:00,0,0.56,0,7.205,0,6.54,5.69,9.17,89.95,1007.19,2,8.888888889,2,63.33333333,0,16.46222222
18/04/2025 04:00,0,0.815,0,7.33,0,6.73,5.95,9.35,90.65,1006.44,2,9.166666667,2,57.77777778,0,16.97666667
18/04/2025 05:00,0,0.885,0,7.475,0,6.885,6.165,9.495,91,1005.98,2,10,2,59.44444444,0,18.52
18/04/2025 06:00,0,1.465,0,7.465,0,6.95,6.315,9.59,92,1005.515,2,10.94444444,2,60,0,20.26911111
18/04/2025 07:00,0,1.315,0,7.72,0,7.155,6.48,9.725,91.6,1005.245,2,11.22222222,2,62.22222222,0,20.78355556
18/04/2025 08:00,0,1.695,0,7.76,0,7.17,6.46,9.725,91.05,1004.95,2,12,2,63.88888889,0,22.224
18/04/2025 09:00,0,1.35,0,7.85,0,7.195,6.395,9.69,90.15,1004.72,2,12.88888889,2,65,0,23.87022222
18/04/2025 10:00,0,1.23,0,7.98,0,7.355,6.58,9.825,90.65,1004.365,2,14.22222222,2,66.11111111,0,26.33955556
18/04/2025 11:00,0,1.14,0,8.26,0,7.675,6.915,10.075,90.9,1004.005,2,14.22222222,2,62.22222222,0,26.33955556
18/04/2025 12:00,0,1.185,0,8.415,0,7.815,7.1,10.19,91,1003.57,2,14.16666667,2,65,0,26.23666667
18/04/2025 13:00,0,1.045,0,8.43,0,7.905,7.285,10.34,92,1003.24,2,14.5,2,63.33333333,0,26.854
18/04/2025 14:00,0,1.24,0,8.67,0,8.15,7.535,10.51,92.4,1002.78,2,14.38888889,2,65,0,26.64822222
18/04/2025 15:00,0,1.07,0,8.775,0,8.295,7.735,10.63,92.85,1002.4,2,14.22222222,2,62.22222222,0,26.33955556
18/04/2025 16:00,0,0.945,0,8.86,0,8.395,7.875,10.725,93.1,1002.22,2,14.38888889,2,60.55555556,0,26.64822222
18/04/2025 17:00,0,0.95,0,9,0,8.575,8.095,10.855,93.7,1002.315,2,13.77777778,2,57.22222222,0,25.51644444
18/04/2025 18:00,0,0.645,0,9.125,0,8.69,8.175,10.93,93.4,1002.385,2,13.33333333,2,59.44444444,0,24.69333333
18/04/2025 19:00,0,0.735,0,9.08,0,8.68,8.2,10.94,93.9,1002.59,2,13.33333333,2,58.33333333,0,24.69333333
18/04/2025 20:00,0,0.58,0,9.125,0,8.72,8.275,10.985,93.95,1002.88,2,12.66666667,2,57.77777778,0,23.45866667
18/04/2025 21:00,0,0.585,0,9.185,0,8.805,8.375,11.06,94.15,1003.35,2,12.11111111,2,58.88888889,0,22.42977778
18/04/2025 22:00,0,0.63,0,9.31,0,8.935,8.525,11.165,94.25,1003.545,2,11.55555556,2,57.77777778,0,21.40088889
18/04/2025 23:00,0,0.59,0,9.375,0,9.025,8.63,11.24,94.7,1003.86,2,11.33333333,2,52.22222222,0,20.98933333
19/04/2025 00:00,0,0.565,0,9.42,0,9.065,8.705,11.27,94.9,1004.09,2,10.88888889,2,53.33333333,0,20.16622222
19/04/2025 01:00,0,0.85,0,9.41,0,9.08,8.715,11.3,95,1004.435,2,10.5,2,52.77777778,0,19.446
19/04/2025 02:00,0,0.63,0,9.42,0,9.08,8.735,11.3,95.1,1004.54,2,10.05555556,2,70,0,18.62288889
19/04/2025 03:00,0,0.77,0,9.43,0,9.09,8.725,11.285,94.9,1004.7,2,9.666666667,2,68.88888889,0,17.90266667
19/04/2025 04:00,0,0.68,0,9.445,0,9.115,8.755,11.305,95.2,1004.875,2,9.111111111,2,66.66666667,0,16.87377778
19/04/2025 05:00,0,0.725,0,9.465,0,9.125,8.76,11.315,95.1,1005.215,2,9.166666667,2,63.33333333,0,16.97666667
19/04/2025 06:00,0,0.525,0,9.485,0,9.11,8.72,11.285,94.8,1005.665,2,9.166666667,2,63.88888889,0,16.97666667
19/04/2025 07:00,0,0.54,0,9.5,0,9.12,8.705,11.27,94.6,1006.24,2,9.444444444,2,66.11111111,0,17.49111111
19/04/2025 08:00,0,0.605,0,9.58,0,9.175,8.74,11.295,94.15,1006.74,2,9.666666667,2,86.11111111,0,17.90266667
19/04/2025 09:00,0,0.58,0,9.71,0,9.285,8.82,11.365,93.95,1007.175,2,9.666666667,2,87.77777778,0,17.90266667
19/04/2025 10:00,0,0.395,0,9.85,0,9.405,8.935,11.45,93.6,1007.59,2,9.333333333,2,91.11111111,0,17.28533333
19/04/2025 11:00,0,0.27,0,9.97,0,9.475,8.955,11.455,93,1007.925,2,8.777777778,2,98.33333333,0,16.25644444
19/04/2025 12:00,0,0.19,0,10.12,0,9.61,9.045,11.525,92.5,1008.155,2,8.5,2,116.6666667,0,15.742
19/04/2025 13:00,0,0.19,0,10.35,0,9.795,9.23,11.685,92.45,1008.29,2,7.944444444,2,118.8888889,0,14.71311111
19/04/2025 14:00,0,0.17,0,10.445,0,9.84,9.235,11.68,91.9,1008.31,2,7.833333333,2,110,0,14.50733333
19/04/2025 15:00,0,0.11,0,10.46,0,9.825,9.175,11.64,91.4,1008.24,2,7.5,2,148.3333333,0,13.89
19/04/2025 16:00,0,0.06,0,10.46,0,9.725,8.98,11.495,90.35,1008.245,2,6.888888889,2,148.8888889,0,12.75822222
19/04/2025 17:00,0,0.055,0,10.285,0,9.605,8.905,11.415,90.6,1008.335,2,6.444444444,2,147.7777778,0,11.93511111
19/04/2025 18:00,0,0.11,0,10.16,0,9.495,8.815,11.35,91.15,1008.425,2,6.111111111,2,138.8888889,0,11.31777778
19/04/2025 19:00,0,0.145,0,9.9,0,9.335,8.745,11.295,92.05,1008.435,2,5.833333333,2,147.7777778,0,10.80333333
19/04/2025 20:00,0,0.16,0,9.705,0,9.17,8.61,11.185,92.5,1008.775,2,5.388888889,2,170,0,9.980222222
19/04/2025 21:00,0,0.08,0,9.535,0,9.025,8.5,11.11,93,1008.87,2,5.333333333,2,146.1111111,0,9.877333333
19/04/2025 22:00,0,0.1,0,9.45,0,8.96,8.42,11.05,93.1,1008.74,2,4.833333333,2,193.3333333,0,8.951333333
19/04/2025 23:00,0,0.07,0,9.31,0,8.825,8.32,10.99,93.15,1008.465,2,4.944444444,2,185.5555556,0,9.157111111
20/04/2025 00:00,0,0.02,0,9.25,0,8.785,8.29,10.95,93.3,1008.255,2,4.555555556,2,189.4444444,1,8.436888889
20/04/2025 01:00,0,0.035,0,9.18,0,8.715,8.22,10.905,93.45,1007.855,2,4.388888889,2,171.6666667,1,8.128222222
20/04/2025 02:00,0,0.175,0,9.065,0,8.6,8.08,10.795,93.25,1007.445,2,4.222222222,2,223.8888889,1,7.819555556
20/04/2025 03:00,0,0.265,0,8.875,0,8.46,7.99,10.75,93.7,1006.86,2,4.333333333,2,204.4444444,1,8.025333333
20/04/2025 04:00,0,0.125,0,8.685,0,8.28,7.82,10.61,93.95,1006.37,2,4.055555556,2,183.8888889,1,7.510888889
20/04/2025 05:00,0,0.145,0,8.58,0,8.225,7.78,10.595,94.5,1006.175,2,4.222222222,2,132.2222222,1,7.819555556
20/04/2025 06:00,0,0.045,0,8.61,0,8.225,7.775,10.585,94.35,1006.13,2,4.5,2,151.1111111,1,8.334
20/04/2025 07:00,0,0.1,0,8.82,0,8.37,7.86,10.635,93.4,1006.29,2,4.388888889,2,182.2222222,1,8.128222222
20/04/2025 08:00,0,0.045,0,9.215,0,8.635,7.975,10.74,91.6,1006.04,2,4.944444444,2,187.2222222,1,9.157111111
20/04/2025 09:00,0,0.085,0,9.625,0,8.815,7.91,10.7,89.15,1005.99,2,5.166666667,2,180,1,9.568666667
20/04/2025 10:00,0,0.07,0,10.07,0,9.085,8.025,10.78,87.05,1005.875,2,5.833333333,2,181.1111111,1,10.80333333
20/04/2025 11:00,0,0.125,0,10.645,0,9.34,7.935,10.72,83.35,1005.64,2,6.555555556,2,181.6666667,1,12.14088889
20/04/2025 12:00,0,0.12,0,11.075,0,9.61,8.04,10.8,81.9,1005.39,2,6.222222222,2,167.2222222,1,11.52355556
20/04/2025 13:00,0,0.025,0,11.395,0,9.845,8.185,10.92,80.75,1005.04,2,6.611111111,2,154.4444444,1,12.24377778
20/04/2025 14:00,0,0,0,11.7,0,10.085,8.35,11.055,79.95,1004.725,2,7.277777778,2,151.1111111,1,13.47844444
20/04/2025 15:00,0,0.065,0,11.73,0,9.94,8.065,10.815,78.25,1004.27,2,8.111111111,2,161.6666667,1,15.02177778
20/04/2025 16:00,0,0.095,0,11.57,0,9.89,8.08,10.845,79.25,1003.825,2,7.666666667,2,168.3333333,1,14.19866667
20/04/2025 17:00,0,0.105,0,11.295,0,9.59,7.745,10.6,78.5,1003.68,2,7.888888889,2,175.5555556,1,14.61022222
20/04/2025 18:00,0,0.24,0,10.645,0,9.12,7.435,10.385,80.4,1003.62,2,7.555555556,2,182.7777778,1,13.99288889
20/04/2025 19:00,0,0.285,0,9.99,0,8.72,7.275,10.255,83.1,1003.635,2,7.166666667,2,180,1,13.27266667
20/04/2025 20:00,0,0.295,0,9.545,0,8.5,7.29,10.255,85.6,1003.825,2,6.555555556,2,167.2222222,1,12.14088889
20/04/2025 21:00,0,0.265,0,9.27,0,8.395,7.375,10.305,87.7,1003.93,2,6.277777778,2,166.6666667,1,11.62644444
20/04/2025 22:00,0,0.45,0,9.03,0,8.25,7.345,10.295,89.05,1003.895,2,6.277777778,2,168.3333333,1,11.62644444
20/04/2025 23:00,0,0.47,0,8.75,0,8.045,7.255,10.225,90.2,1003.9,2,6.222222222,2,170,1,11.52355556
21/04/2025 00:00,0,0.345,0,8.55,0,8.04,7.475,10.355,92.6,1003.965,2,5.833333333,2,161.6666667,1,10.80333333
21/04/2025 01:00,0,0.275,0,8.495,0,7.97,7.375,10.29,92.35,1003.94,2,5.277777778,2,161.6666667,1,9.774444444
21/04/2025 02:00,0,0.29,0,8.425,0,7.945,7.365,10.275,92.6,1003.915,2,5.277777778,2,178.3333333,1,9.774444444
21/04/2025 03:00,0,0.23,0,8.36,0,7.885,7.34,10.265,93,1003.945,2,5.611111111,2,193.3333333,1,10.39177778
21/04/2025 04:00,0,0.235,0,8.225,0,7.715,7.12,10.115,92.5,1004.23,2,5.388888889,2,195,1,9.980222222
21/04/2025 05:00,0,0.24,0,8.16,0,7.66,7.07,10.08,92.6,1004.45,2,5.777777778,2,219.4444444,1,10.70044444
21/04/2025 06:00,0,0.16,0,8.025,0,7.52,6.955,9.99,92.5,1005,2,6,2,210.5555556,1,11.112
21/04/2025 07:00,0,0.1,0,8.65,0,8.03,7.32,10.255,91.3,1005.66,2,5.888888889,2,229.4444444,1,10.90622222
21/04/2025 08:00,0,0.135,0,9.545,0,8.575,7.485,10.365,86.85,1006.22,2,6.944444444,2,240.5555556,1,12.86111111
21/04/2025 09:00,0,0.275,0,10.44,0,9.04,7.52,10.4,82,1006.855,2,8.222222222,2,253.3333333,1,15.22755556
21/04/2025 10:00,0,0.1,0,11.22,0,9.315,7.245,10.195,76.5,1007.52,2,9.111111111,2,261.6666667,1,16.87377778
21/04/2025 11:00,0,0.155,0,11.42,0,9.385,7.165,10.155,74.9,1008.05,2,9.5,2,264.4444444,1,17.594
21/04/2025 12:00,0,0.16,0,11.89,0,9.61,7.135,10.145,72.45,1008.375,2,9.833333333,2,255,1,18.21133333
21/04/2025 13:00,0,0.12,0,11.935,0,9.335,6.485,9.69,69.2,1008.825,2,10.27777778,2,253.8888889,1,19.03444444
21/04/2025 14:00,0,0.065,0,12.35,0,9.495,6.3,9.575,66.55,1009.165,2,10.33333333,2,255,1,19.13733333
21/04/2025 15:00,0,0.13,0,12.52,0,9.585,6.355,9.605,66.05,1009.4,2,10.55555556,2,250.5555556,1,19.54888889
21/04/2025 16:00,0,0,0,12.455,0,9.4,5.945,9.34,64.45,1009.755,2,10.44444444,2,258.8888889,1,19.34311111
21/04/2025 17:00,0,0.085,0,12.03,0,8.99,5.44,9.03,64.25,1010.245,2,10.77777778,2,252.2222222,1,19.96044444
21/04/2025 18:00,0,0.015,0,11.315,0,8.615,5.445,9.025,67.25,1010.715,2,10.05555556,2,253.3333333,1,18.62288889
21/04/2025 19:00,0,0,0,10.245,0,8.1,5.56,9.11,72.85,1011.165,2,8.333333333,2,252.7777778,1,15.43333333
21/04/2025 20:00,0,0.005,0,9.12,0,7.425,5.355,8.965,77.1,1011.795,2,6.666666667,2,237.2222222,1,12.34666667
21/04/2025 21:00,0,0,0,8.265,0,6.98,5.405,8.995,81.9,1012.205,2,5.888888889,2,227.7777778,1,10.90622222
21/04/2025 22:00,0,0,0,7.66,0,6.505,5.06,8.775,83.35,1012.52,2,5.444444444,2,212.7777778,1,10.08311111
21/04/2025 23:00,0,0,0,7.11,0,6.17,5.005,8.75,86.2,1012.675,2,5.222222222,2,191.1111111,1,9.671555556
22/04/2025 00:00,0,0,0,6.775,0,5.92,4.85,8.665,87.2,1012.71,2,5.055555556,2,183.3333333,1,9.362888889
22/04/2025 01:00,0,0,0,6.66,0,5.9,4.975,8.745,88.7,1012.46,2,5.333333333,2,175,1,9.877333333
22/04/2025 02:00,0,0,0,6.595,0,5.86,4.935,8.735,88.9,1012.245,2,6.111111111,2,175,1,11.31777778
22/04/2025 03:00,0,0.005,0,6.57,0,5.865,5.015,8.775,89.45,1011.98,2,6.111111111,2,167.2222222,1,11.31777778
22/04/2025 04:00,0,0.02,0,6.775,0,6.14,5.37,9.025,90.45,1011.555,2,6.888888889,2,156.6666667,1,12.75822222
22/04/2025 05:00,0,0.065,0,6.9,0,6.28,5.525,9.125,90.75,1011.115,2,7.5,2,156.6666667,1,13.89
22/04/2025 06:00,0,0.085,0,7.225,0,6.61,5.87,9.33,90.8,1011.045,2,8.444444444,2,152.2222222,1,15.63911111
22/04/2025 07:00,0,0.16,0,8.155,0,7.465,6.63,9.815,89.65,1010.895,2,8.888888889,2,150.5555556,1,16.46222222
22/04/2025 08:00,0,0.095,0,9.405,0,8.38,7.195,10.215,85.85,1010.455,2,10.94444444,2,156.1111111,1,20.26911111
22/04/2025 09:00,0,0.21,0,10.4,0,9.16,7.83,10.645,84.05,1009.905,2,12.66666667,2,161.6666667,1,23.45866667
22/04/2025 10:00,0,0.29,0,11.075,0,9.665,8.14,10.87,82.15,1009.22,2,13.83333333,2,160,1,25.61933333
22/04/2025 11:00,0,0.34,0,11.63,0,9.99,8.24,10.96,80,1008.335,2,15.22222222,2,162.2222222,1,28.19155556
22/04/2025 12:00,0,0.85,0,11.75,0,10.25,8.69,11.305,81.95,1007.365,2,15.88888889,2,160.5555556,1,29.42622222
22/04/2025 13:00,0,1.035,0,11.495,0,10.235,8.88,11.455,84.45,1006.57,2,15.72222222,2,161.1111111,1,29.11755556
22/04/2025 14:00,0,1.16,0,11.325,0,10.285,9.195,11.68,86.8,1005.86,2,15.66666667,2,160,1,29.01466667
22/04/2025 15:00,0,1.41,0,11.21,0,10.35,9.43,11.865,88.9,1004.99,2,15.16666667,2,167.2222222,1,28.08866667
22/04/2025 16:00,0,1.22,0,11.33,0,10.525,9.725,12.1,89.85,1004.385,2,14.33333333,2,183.3333333,1,26.54533333
22/04/2025 17:00,0,1.49,0,11.195,0,10.415,9.615,12,89.75,1004.05,2,13.16666667,2,193.3333333,1,24.38466667
22/04/2025 18:00,0,1.13,0,11.025,0,10.185,9.345,11.76,89.25,1003.72,2,12.33333333,2,202.7777778,1,22.84133333
22/04/2025 19:00,0,0.585,0,10.645,0,9.77,8.875,11.4,88.6,1003.83,2,11.83333333,2,210.5555556,1,21.91533333
22/04/2025 20:00,0,0.665,0,10.15,0,9.43,8.695,11.265,90.45,1004.245,2,9.944444444,2,212.7777778,1,18.41711111
22/04/2025 21:00,0,0.33,0,9.82,0,9.18,8.52,11.12,91.5,1004.7,2,8.666666667,2,221.1111111,1,16.05066667
22/04/2025 22:00,0,0.13,0,9.34,0,8.825,8.235,10.925,92.65,1005.23,2,8.055555556,2,202.7777778,1,14.91888889
22/04/2025 23:00,0,0.045,0,9.095,0,8.59,8.03,10.755,92.6,1005.93,2,7.777777778,2,200,1,14.40444444
23/04/2025 00:00,0,0.085,0,8.94,0,8.415,7.865,10.65,92.7,1006.59,2,7.555555556,2,188.3333333,1,13.99288889
23/04/2025 01:00,0,0.025,0,8.985,0,8.555,8.095,10.81,93.9,1007.19,2,7.944444444,2,175,1,14.71311111
23/04/2025 02:00,0,0.03,0,8.95,0,8.5,8.025,10.765,93.75,1007.99,2,7.111111111,2,186.1111111,1,13.16977778
23/04/2025 03:00,0,0.02,0,8.755,0,8.34,7.905,10.675,94.05,1008.63,2,6.722222222,2,203.8888889,1,12.44955556
23/04/2025 04:00,0,0.015,0,8.73,0,8.305,7.84,10.635,93.7,1009.435,2,6.277777778,2,192.2222222,1,11.62644444
23/04/2025 05:00,0,0.01,0,8.78,0,8.315,7.795,10.595,93.2,1010.35,2,6.277777778,2,194.4444444,1,11.62644444
23/04/2025 06:00,0,0.005,0,8.785,0,8.295,7.75,10.555,92.75,1011.48,2,6.666666667,2,181.1111111,1,12.34666667
23/04/2025 07:00,0,0,0,9.44,0,8.765,8.04,10.755,90.85,1012.505,2,6.722222222,2,170.5555556,1,12.44955556
23/04/2025 08:00,0,0.005,0,10.08,0,9.16,8.18,10.88,87.75,1013.39,2,7.333333333,2,190,1,13.58133333
23/04/2025 09:00,0,0.005,0,10.68,0,9.505,8.245,10.935,84.85,1014.07,2,7.777777778,2,157.2222222,1,14.40444444
23/04/2025 10:00,0,0,0,11.47,0,9.86,8.175,10.87,79.95,1014.73,2,7.777777778,2,170,1,14.40444444
23/04/2025 11:00,0,0,0,12.035,0,10.17,8.26,10.935,77.6,1015.22,2,8,2,132.2222222,1,14.816
23/04/2025 12:00,0,0,0,12.375,0,10.255,8.055,10.805,74.8,1015.625,2,8.444444444,2,118.8888889,1,15.63911111
23/04/2025 13:00,0,0,0,12.645,0,10.33,7.97,10.72,73.25,1016.04,2,7.722222222,2,133.3333333,1,14.30155556
23/04/2025 14:00,0,0,0,12.845,0,10.48,8.03,10.785,72.65,1016.355,2,7.277777778,2,132.2222222,1,13.47844444
23/04/2025 15:00,0,0,0,13.135,0,10.605,8.015,10.76,71.25,1016.595,2,6.888888889,2,172.7777778,1,12.75822222
23/04/2025 16:00,0,0,0,13.2,0,10.7,8.17,10.875,71.65,1016.74,2,6.388888889,2,156.6666667,1,11.83222222
23/04/2025 17:00,0,0.01,0,13.09,0,10.695,8.255,10.94,72.55,1016.97,2,6.166666667,2,156.1111111,1,11.42066667
23/04/2025 18:00,0,0,0,12.585,0,10.37,8.055,10.79,73.85,1017.175,2,5.944444444,2,127.7777778,1,11.00911111
23/04/2025 19:00,0,0,0,12.02,0,10.05,8,10.755,76.35,1017.72,2,4.722222222,2,138.8888889,1,8.745555556
23/04/2025 20:00,0,0,0,10.69,0,9.23,7.655,10.51,81.35,1018.435,2,3.5,2,127.2222222,1,6.482
23/04/2025 21:00,0,0,0,9.805,0,8.695,7.475,10.38,85.05,1018.985,2,3.388888889,2,106.6666667,1,6.276222222
23/04/2025 22:00,0,0,0,9.22,0,8.28,7.23,10.235,86.95,1019.165,2,3.666666667,2,111.6666667,1,6.790666667
23/04/2025 23:00,0,0,0,8.755,0,7.97,7.085,10.15,89.1,1019.245,2,3.611111111,2,117.7777778,1,6.687777778
24/04/2025 00:00,0,0,0,8.785,0,8.04,7.2,10.23,89.45,1019.27,2,4.5,2,133.8888889,1,8.334
24/04/2025 01:00,0,0,0,8.77,0,8.085,7.295,10.285,90.15,1019.185,2,4.833333333,2,132.7777778,1,8.951333333
24/04/2025 02:00,0,0,0,8.71,0,8.055,7.315,10.305,90.85,1019.115,2,4.444444444,2,127.7777778,1,8.231111111
24/04/2025 03:00,0,0,0,8.56,0,7.95,7.255,10.245,91.2,1018.96,2,4.888888889,2,130.5555556,1,9.054222222
24/04/2025 04:00,0,0.02,0,8.585,0,8.025,7.385,10.355,91.95,1018.755,2,5.333333333,2,123.3333333,1,9.877333333
24/04/2025 05:00,0,0,0,8.62,0,8.075,7.47,10.41,92.15,1018.67,2,6.055555556,2,111.1111111,1,11.21488889
24/04/2025 06:00,0,0.005,0,9.01,0,8.45,7.805,10.64,91.9,1018.845,2,6.055555556,2,122.2222222,1,11.21488889
24/04/2025 07:00,0,0.005,0,10.04,0,9.325,8.565,11.195,90.3,1018.995,2,7,2,121.1111111,1,12.964
24/04/2025 08:00,0,0.02,0,11.065,0,10.025,8.965,11.49,86.65,1019.05,2,7.944444444,2,127.2222222,1,14.71311111
24/04/2025 09:00,0,0.055,0,12.28,0,10.78,9.28,11.73,81.85,1018.915,2,9.166666667,2,127.2222222,1,16.97666667
24/04/2025 10:00,0,0.145,0,13.075,0,11.23,9.46,11.865,78.8,1018.895,2,10.33333333,2,128.8888889,1,19.13733333
24/04/2025 11:00,0,0.195,0,13.515,0,11.54,9.635,12.02,77.65,1018.81,2,10.94444444,2,136.1111111,1,20.26911111
24/04/2025 12:00,0,0.235,0,13.735,0,11.705,9.79,12.13,77.45,1018.73,2,11.33333333,2,136.1111111,1,20.98933333
24/04/2025 13:00,0,0.28,0,13.8,0,11.77,9.84,12.195,77.9,1018.505,2,11.38888889,2,136.1111111,1,21.09222222
24/04/2025 14:00,0,0.395,0,13.965,0,11.915,9.965,12.295,77.75,1018.165,2,11.66666667,2,141.1111111,1,21.60666667
24/04/2025 15:00,0,0.36,0,13.795,0,11.775,9.83,12.205,77.9,1017.88,2,11.88888889,2,141.1111111,1,22.01822222
24/04/2025 16:00,0,0.345,0,13.535,0,11.78,10.07,12.395,80.35,1017.595,2,11.5,2,143.3333333,1,21.298
24/04/2025 17:00,0,0.59,0,13.08,0,11.605,10.16,12.485,83.05,1017.37,2,11.05555556,2,145,1,20.47488889
24/04/2025 18:00,0,0.555,0,12.68,0,11.45,10.24,12.535,85.4,1017.225,2,10.66666667,2,150,1,19.75466667
24/04/2025 19:00,0,0.55,0,12.21,0,11.22,10.255,12.53,87.8,1017.085,2,10.61111111,2,146.1111111,1,19.65177778
24/04/2025 20:00,0,0.82,0,11.905,0,11.035,10.205,12.48,89.2,1017.25,2,10.27777778,2,145.5555556,1,19.03444444
24/04/2025 21:00,0,1.025,0,11.635,0,10.94,10.26,12.525,91.2,1017.25,2,9.888888889,2,145.5555556,1,18.31422222
24/04/2025 22:00,0,1.135,0,11.455,0,10.875,10.27,12.54,92.15,1017.1,2,10.05555556,2,143.3333333,1,18.62288889
24/04/2025 23:00,0,1.04,0,11.375,0,10.83,10.29,12.55,92.9,1017,2,9.888888889,2,140.5555556,1,18.31422222
25/04/2025 00:00,0,1.125,0,11.175,0,10.705,10.21,12.485,93.6,1016.955,2,9.666666667,2,147.7777778,0,17.90266667
25/04/2025 01:00,0,0.93,0,11.03,0,10.585,10.14,12.405,93.9,1016.66,2,9,2,154.4444444,0,16.668
25/04/2025 02:00,0,0.98,0,10.875,0,10.485,10.115,12.39,94.7,1016.255,2,8.5,2,159.4444444,0,15.742
25/04/2025 03:00,0,0.81,0,10.81,0,10.465,10.115,12.39,95.1,1016.09,2,8.5,2,156.1111111,0,15.742
25/04/2025 04:00,0,0.89,0,10.685,0,10.34,9.97,12.275,95,1015.855,2,8.777777778,2,147.7777778,0,16.25644444
25/04/2025 05:00,0,0.715,0,10.53,0,10.195,9.845,12.17,95.05,1015.915,2,8.666666667,2,155,0,16.05066667
25/04/2025 06:00,0,0.545,0,10.465,0,10.125,9.77,12.11,95.15,1015.875,2,8.722222222,2,163.8888889,0,16.15355556
25/04/2025 07:00,0,0.27,0,10.69,0,10.295,9.865,12.2,94.35,1015.97,2,8.222222222,2,153.8888889,0,15.22755556
25/04/2025 08:00,0,0.31,0,10.895,0,10.445,10.005,12.3,93.85,1016.16,2,8.444444444,2,153.3333333,0,15.63911111
25/04/2025 09:00,0,0.36,0,11.235,0,10.73,10.225,12.5,93.25,1016.255,2,9,2,151.6666667,0,16.668
25/04/2025 10:00,0,0.215,0,11.795,0,11.145,10.535,12.73,91.6,1016.335,2,9.166666667,2,153.8888889,0,16.97666667
25/04/2025 11:00,0,0.155,0,12.275,0,11.475,10.75,12.92,90.15,1016.295,2,9.444444444,2,155,0,17.49111111
25/04/2025 12:00,0,0.11,0,12.69,0,11.75,10.87,13.04,88.5,1016.305,2,9.611111111,2,163.3333333,0,17.79977778
25/04/2025 13:00,0,0.095,0,13.1,0,11.99,11.005,13.155,87.2,1016.26,2,9.777777778,2,161.6666667,0,18.10844444
25/04/2025 14:00,0,0.395,0,13.08,0,11.995,11.005,13.155,87,1016.295,2,9.388888889,2,170,0,17.38822222
25/04/2025 15:00,0,0.045,0,13.67,0,12.225,10.95,13.08,83.35,1016.165,2,9.055555556,2,174.4444444,0,16.77088889
25/04/2025 16:00,0,0.805,0,13.195,0,11.84,10.58,12.79,84.05,1016.14,2,8.722222222,2,192.2222222,0,16.15355556
25/04/2025 17:00,0,0.22,0,13.085,0,11.74,10.505,12.71,84.35,1016.295,2,7.611111111,2,182.7777778,0,14.09577778
25/04/2025 18:00,0,0.19,0,12.605,0,11.52,10.495,12.71,86.75,1016.435,2,7.166666667,2,187.2222222,0,13.27266667
25/04/2025 19:00,0,0.115,0,12.01,0,11.135,10.3,12.54,88.95,1016.68,2,6.222222222,2,183.8888889,0,11.52355556
25/04/2025 20:00,0,0.275,0,11.335,0,10.695,10.075,12.34,91.55,1017.24,2,5.166666667,2,175.5555556,0,9.568666667
25/04/2025 21:00,0,0.26,0,10.895,0,10.41,9.925,12.225,93.45,1017.575,2,4.666666667,2,171.6666667,0,8.642666667
25/04/2025 22:00,0,0.275,0,10.685,0,10.27,9.85,12.17,94.15,1017.79,2,4.555555556,2,160.5555556,0,8.436888889
25/04/2025 23:00,0,0.125,0,10.42,0,10.045,9.665,12.015,94.55,1017.95,2,4.277777778,2,164.4444444,0,7.922444444
26/04/2025 00:00,0,0.06,0,10.21,0,9.88,9.52,11.905,95.05,1018.045,2,4.111111111,2,180,0,7.613777778
26/04/2025 01:00,0,0.055,0,9.94,0,9.61,9.26,11.715,95.15,1018.18,2,3.833333333,2,170.5555556,0,7.099333333
26/04/2025 02:00,0,0.07,0,9.595,0,9.295,8.965,11.49,95.55,1018.165,2,3.611111111,2,172.2222222,0,6.687777778
26/04/2025 03:00,0,0.045,0,9.375,0,9.065,8.745,11.31,95.4,1018.235,2,3.277777778,2,176.1111111,0,6.070444444
26/04/2025 04:00,0,0.055,0,9.225,0,8.95,8.64,11.225,95.8,1018.4,2,3.277777778,2,192.7777778,0,6.070444444
26/04/2025 05:00,0,0.025,0,8.965,0,8.745,8.48,11.11,96.3,1018.605,2,3.5,2,187.7777778,0,6.482
26/04/2025 06:00,0,0.005,0,8.94,0,8.71,8.5,11.105,96.75,1019.005,2,3.5,2,180.5555556,0,6.482
26/04/2025 07:00,0,0.03,0,9.725,0,9.43,9.125,11.6,95.75,1019.385,2,3.722222222,2,195.5555556,0,6.893555556
26/04/2025 08:00,0,0.01,0,10.625,0,10.1,9.605,11.97,93.2,1019.645,2,4.722222222,2,200,0,8.745555556
26/04/2025 09:00,0,0.005,0,11.775,0,10.8,9.835,12.165,87.95,1019.87,2,5.777777778,2,189.4444444,0,10.70044444
26/04/2025 10:00,0,0.01,0,12.885,0,11.155,9.49,11.89,79.7,1020.01,2,6.666666667,2,196.6666667,0,12.34666667
26/04/2025 11:00,0,0,0,13.915,0,11.47,9.1,11.6,72.85,1019.91,2,8.111111111,2,194.4444444,0,15.02177778
26/04/2025 12:00,0,0,0,14.685,0,11.72,8.83,11.395,68.1,1019.855,2,9.111111111,2,196.1111111,0,16.87377778
26/04/2025 13:00,0,0,0,15.105,0,11.935,8.9,11.415,66.8,1019.705,2,9.944444444,2,196.6666667,0,18.41711111
26/04/2025 14:00,0,0,0,15.365,0,11.865,8.47,11.115,64.1,1019.58,2,10.83333333,2,195,0,20.06333333
26/04/2025 15:00,0,0,0,15.35,0,11.77,8.24,10.94,63.45,1019.35,2,11.61111111,2,195,0,21.50377778
26/04/2025 16:00,0,0.08,0,15.05,0,11.72,8.44,11.1,65.75,1019.105,2,11.88888889,2,198.8888889,0,22.01822222
26/04/2025 17:00,0,0.13,0,14.245,0,11.36,8.475,11.125,69.35,1018.955,2,12.16666667,2,201.1111111,0,22.53266667
26/04/2025 18:00,0,0.225,0,13.58,0,11.085,8.61,11.235,73.1,1018.92,2,11.61111111,2,192.2222222,0,21.50377778
26/04/2025 19:00,0,0.23,0,12.905,0,10.92,8.915,11.46,77.55,1018.92,2,11.66666667,2,186.6666667,0,21.60666667
26/04/2025 20:00,0,0.205,0,12.32,0,10.73,9.13,11.625,81.5,1019.055,2,11.61111111,2,183.3333333,0,21.50377778
26/04/2025 21:00,0,0.205,0,12.04,0,10.665,9.28,11.76,83.5,1019.16,2,11.38888889,2,180.5555556,0,21.09222222
26/04/2025 22:00,0,0.07,0,11.815,0,10.655,9.48,11.905,85.6,1018.96,2,11.38888889,2,183.8888889,0,21.09222222
26/04/2025 23:00,0,0.185,0,11.84,0,10.805,9.78,12.14,87,1018.97,2,12.11111111,2,187.7777778,0,22.42977778
27/04/2025 00:00,0,0.105,0,11.845,0,10.895,9.965,12.29,88.05,1019.03,2,12.22222222,2,187.2222222,1,22.63555556
27/04/2025 01:00,0,0.16,0,11.94,0,11.075,10.255,12.52,89.3,1018.94,2,11.72222222,2,190.5555556,1,21.70955556
27/04/2025 02:00,0,0.175,0,12.03,0,11.295,10.595,12.795,90.7,1018.71,2,11.77777778,2,190.5555556,1,21.81244444
27/04/2025 03:00,0,0.15,0,12.08,0,11.435,10.78,12.955,91.3,1018.56,2,11.83333333,2,191.1111111,1,21.91533333
27/04/2025 04:00,0,0.165,0,12.195,0,11.51,10.885,13.045,91.45,1018.54,2,11.22222222,2,188.3333333,1,20.78355556
27/04/2025 05:00,0,0.115,0,12.32,0,11.61,10.94,13.09,91.1,1018.59,2,11.38888889,2,193.3333333,1,21.09222222
27/04/2025 06:00,0,0.125,0,12.45,0,11.68,10.98,13.115,90.4,1018.985,2,11.22222222,2,193.8888889,1,20.78355556
27/04/2025 07:00,0,0.07,0,12.785,0,11.9,11.11,13.22,89.3,1019.205,2,11.61111111,2,192.2222222,1,21.50377778
27/04/2025 08:00,0,0.04,0,13.265,0,12.25,11.345,13.44,87.8,1019.555,2,12,2,194.4444444,1,22.224
27/04/2025 09:00,0,0.035,0,13.755,0,12.545,11.485,13.545,85.95,1019.755,2,12.38888889,2,195,1,22.94422222
27/04/2025 10:00,0,0.01,0,14.41,0,12.83,11.46,13.555,82.45,1019.9,2,12.94444444,2,198.3333333,1,23.97311111
27/04/2025 11:00,0,0,0,14.725,0,12.88,11.295,13.395,79.95,1020.065,2,13.66666667,2,200,1,25.31066667
27/04/2025 12:00,0,0.005,0,15.045,0,12.885,10.975,13.13,76.9,1020.11,2,13.72222222,2,199.4444444,1,25.41355556
27/04/2025 13:00,0,0,0,14.93,0,12.8,10.93,13.08,77,1020.39,2,13.88888889,2,200,1,25.72222222
27/04/2025 14:00,0,0,0,15.17,0,12.78,10.635,12.835,74.45,1020.42,2,14.11111111,2,201.6666667,1,26.13377778
27/04/2025 15:00,0,0.01,0,15.25,0,12.82,10.69,12.885,74.4,1020.365,2,14.27777778,2,202.7777778,1,26.44244444
27/04/2025 16:00,0,0,0,15.25,0,12.69,10.395,12.625,73.2,1020.29,2,14,2,202.7777778,1,25.928
27/04/2025 17:00,0,0,0,14.87,0,12.51,10.395,12.64,74.95,1020.37,2,14.05555556,2,203.8888889,1,26.03088889
27/04/2025 18:00,0,0,0,14.415,0,12.25,10.275,12.52,76.4,1020.435,2,12.94444444,2,198.3333333,1,23.97311111
27/04/2025 19:00,0,0,0,13.89,0,12.005,10.28,12.525,79.1,1020.54,2,12.11111111,2,196.1111111,1,22.42977778
27/04/2025 20:00,0,0,0,13.335,0,11.78,10.325,12.56,82,1020.915,2,11,2,192.2222222,1,20.372
27/04/2025 21:00,0,0,0,12.915,0,11.535,10.245,12.505,83.85,1021.305,2,10.77777778,2,190,1,19.96044444
27/04/2025 22:00,0,0.005,0,12.695,0,11.405,10.215,12.47,84.75,1021.52,2,10.5,2,188.3333333,1,19.446
27/04/2025 23:00,0,0,0,12.455,0,11.295,10.2,12.46,85.95,1021.65,2,10.27777778,2,188.3333333,1,19.03444444
28/04/2025 00:00,0,0,0,12.42,0,11.31,10.26,12.505,86.35,1021.815,2,10.22222222,2,186.6666667,1,18.93155556
28/04/2025 01:00,0,0,0,12.305,0,11.255,10.28,12.53,87.3,1021.9,2,9.666666667,2,186.1111111,1,17.90266667
28/04/2025 02:00,0,0,0,12.29,0,11.275,10.325,12.57,87.4,1021.915,2,9.055555556,2,185.5555556,1,16.77088889
28/04/2025 03:00,0,0,0,12.22,0,11.24,10.295,12.525,87.7,1022.06,2,8.666666667,2,187.7777778,1,16.05066667
28/04/2025 04:00,0,0.005,0,12.045,0,11.115,10.21,12.485,88.35,1022.05,2,8.444444444,2,183.3333333,1,15.63911111
28/04/2025 05:00,0,0.01,0,11.88,0,11.01,10.18,12.435,89.05,1022.23,2,7.388888889,2,178.8888889,1,13.68422222
28/04/2025 06:00,0,0.025,0,11.92,0,11.055,10.205,12.465,89,1022.575,2,7.388888889,2,170,1,13.68422222
28/04/2025 07:00,0,0.02,0,12.325,0,11.335,10.4,12.63,87.6,1023.035,2,7.277777778,2,172.7777778,1,13.47844444
28/04/2025 08:00,0,0.01,0,12.98,0,11.76,10.64,12.845,85.55,1023.375,2,7.777777778,2,171.1111111,1,14.40444444
28/04/2025 09:00,0,0.01,0,13.74,0,12.13,10.68,12.86,81.75,1023.675,2,8.222222222,2,170.5555556,1,15.22755556
28/04/2025 10:00,0,0.025,0,14.495,0,12.51,10.71,12.88,77.9,1023.825,2,8.5,2,173.8888889,1,15.742
28/04/2025 11:00,0,0.005,0,15.235,0,12.8,10.61,12.81,73.85,1023.89,2,8.444444444,2,167.7777778,1,15.63911111
28/04/2025 12:00,0,0.01,0,15.975,0,13.09,10.56,12.76,70.15,1023.93,2,8.777777778,2,164.4444444,1,16.25644444
28/04/2025 13:00,0,0.005,0,16.36,0,13.085,10.175,12.445,66.85,1023.975,2,8.611111111,2,166.1111111,1,15.94777778
28/04/2025 14:00,0,0,0,16.845,0,13.155,9.855,12.225,63.75,1023.795,2,8.722222222,2,165,1,16.15355556
28/04/2025 15:00,0,0,0,16.825,0,13.08,9.635,12.045,62.9,1023.64,2,8.888888889,2,170.5555556,1,16.46222222
28/04/2025 16:00,0,0,0,16.64,0,12.935,9.54,11.975,63.3,1023.41,2,8.444444444,2,154.4444444,1,15.63911111
28/04/2025 17:00,0,0,0,16.37,0,12.755,9.435,11.88,63.9,1023.275,2,7.666666667,2,148.3333333,1,14.19866667
28/04/2025 18:00,0,0,0,15.675,0,12.49,9.6,11.97,67.5,1023.29,2,6.833333333,2,150.5555556,1,12.65533333
28/04/2025 19:00,0,0,0,14.58,0,11.94,9.465,11.875,71.75,1023.38,2,6.111111111,2,140,1,11.31777778
28/04/2025 20:00,0,0,0,13.34,0,11.25,9.24,11.695,76.4,1023.615,2,5.555555556,2,128.8888889,1,10.28888889
28/04/2025 21:00,0,0,0,12.52,0,10.795,9.085,11.565,79.6,1024.07,2,5.888888889,2,114.4444444,1,10.90622222
28/04/2025 22:00,0,0,0,11.91,0,10.45,9,11.495,82.2,1024.215,2,5.888888889,2,116.1111111,1,10.90622222
28/04/2025 23:00,0,0,0,11.485,0,10.1,8.685,11.265,82.85,1024.46,2,6.111111111,2,120,1,11.31777778
29/04/2025 00:00,0,0,0,10.81,0,9.56,8.25,10.935,84.05,1024.545,2,5.722222222,2,118.3333333,1,10.59755556
29/04/2025 01:00,0,0,0,10.205,0,9.09,7.925,10.7,85.8,1024.475,2,5.5,2,126.1111111,1,10.186
29/04/2025 02:00,0,0,0,10.08,0,8.94,7.72,10.555,85.4,1024.32,2,5.888888889,2,113.8888889,1,10.90622222
29/04/2025 03:00,0,0.005,0,9.435,0,8.445,7.385,10.315,87.15,1024.33,2,5.055555556,2,144.4444444,1,9.362888889
29/04/2025 04:00,0,0,0,8.965,0,8.075,7.075,10.105,88,1024.315,2,5.333333333,2,112.2222222,1,9.877333333
29/04/2025 05:00,0,0,0,8.85,0,7.92,6.895,9.975,87.65,1024.26,2,5.5,2,111.6666667,1,10.186
29/04/2025 06:00,0,0,0,9.455,0,8.37,7.145,10.13,85.8,1024.345,2,5.666666667,2,104.4444444,1,10.49466667
29/04/2025 07:00,0,0,0,11.175,0,9.69,8.17,10.88,82.05,1024.385,2,5.888888889,2,93.88888889,1,10.90622222
29/04/2025 08:00,0,0,0,13.21,0,10.95,8.76,11.31,74.65,1024.33,2,6.055555556,2,103.8888889,1,11.21488889
29/04/2025 09:00,0,0,0,15.03,0,11.975,9.075,11.555,67.55,1024.175,2,7.5,2,108.3333333,1,13.89
29/04/2025 10:00,0,0,0,16.59,0,12.65,8.97,11.475,60.55,1024.045,2,8.333333333,2,116.1111111,1,15.43333333
29/04/2025 11:00,0,0.005,0,17.63,0,13.07,8.83,11.425,56.2,1023.8,2,8.722222222,2,121.1111111,1,16.15355556
29/04/2025 12:00,0,0,0,18.655,0,13.58,8.98,11.5,53.1,1023.52,2,9.055555556,2,123.8888889,1,16.77088889
29/04/2025 13:00,0,0,0,19.52,0,13.86,8.75,11.325,49.5,1023.255,2,8.722222222,2,130,1,16.15355556
29/04/2025 14:00,0,0,0,19.79,0,14.005,8.805,11.37,49.25,1022.93,2,8.611111111,2,122.7777778,1,15.94777778
29/04/2025 15:00,0,0,0,19.98,0,14.085,8.805,11.385,49,1022.57,2,8.5,2,122.7777778,1,15.742
29/04/2025 16:00,0,0,0,19.78,0,14.19,9.27,11.725,51.1,1022.27,2,8.111111111,2,126.6666667,1,15.02177778
29/04/2025 17:00,0,0,0,19.365,0,14.09,9.5,11.91,53.1,1022.075,2,7.777777778,2,136.1111111,1,14.40444444
29/04/2025 18:00,0,0,0,18.465,0,13.68,9.44,11.89,56.2,1021.93,2,7.444444444,2,136.6666667,1,13.78711111
29/04/2025 19:00,0,0,0,17.24,0,13.31,9.82,12.175,62,1022.02,2,6.555555556,2,123.8888889,1,12.14088889
29/04/2025 20:00,0,0,0,15.56,0,12.44,9.6,11.99,67.75,1022.325,2,5.388888889,2,112.7777778,1,9.980222222
29/04/2025 21:00,0,0,0,13.99,0,11.62,9.37,11.805,73.85,1022.71,2,5.222222222,2,117.7777778,1,9.671555556
29/04/2025 22:00,0,0,0,13.17,0,11.11,9.135,11.615,76.75,1022.845,2,5.222222222,2,121.1111111,1,9.671555556
29/04/2025 23:00,0,0,0,12.44,0,10.65,8.865,11.39,78.95,1022.835,2,5.388888889,2,113.3333333,1,9.980222222
30/04/2025 00:00,0,0,0,11.875,0,10.27,8.67,11.25,81.15,1022.785,2,5.055555556,2,135,1,9.362888889
30/04/2025 01:00,0,0,0,11.645,0,10.07,8.475,11.105,81.3,1022.62,2,5,2,139.4444444,1,9.26
30/04/2025 02:00,0,0,0,11.25,0,9.715,8.17,10.87,81.7,1022.44,2,5.222222222,2,122.2222222,1,9.671555556
30/04/2025 03:00,0,0,0,10.685,0,9.28,7.795,10.615,82.85,1022.27,2,5.111111111,2,127.2222222,1,9.465777778
30/04/2025 04:00,0,0,0,10.265,0,8.935,7.565,10.445,83.75,1022.065,2,5.111111111,2,133.3333333,1,9.465777778
30/04/2025 05:00,0,0,0,9.905,0,8.6,7.24,10.205,84.15,1021.77,2,4.333333333,2,145.5555556,1,8.025333333
30/04/2025 06:00,0,0,0,10.4,0,9.165,7.885,10.66,84.9,1021.76,2,4.555555556,2,169.4444444,1,8.436888889
30/04/2025 07:00,0,0,0,12.79,0,10.925,9.12,11.585,78.6,1021.76,2,4.777777778,2,133.3333333,1,8.848444444
30/04/2025 08:00,0,0,0,15.565,0,12.56,9.825,12.155,68.5,1021.665,2,5.111111111,2,136.1111111,1,9.465777778
30/04/2025 09:00,0,0,0,17.88,0,13.855,10.39,12.63,61.3,1021.315,2,5.944444444,2,128.3333333,1,11.00911111
30/04/2025 10:00,0,0,0,19.47,0,14.495,10.275,12.545,55.2,1021.05,2,7.166666667,2,134.4444444,1,13.27266667
30/04/2025 11:00,0,0,0,20.47,0,14.9,10.24,12.505,51.8,1020.7,2,8.055555556,2,135,1,14.91888889
30/04/2025 12:00,0,0,0,21.115,0,15.025,9.92,12.22,48.8,1020.4,2,8.444444444,2,151.1111111,1,15.63911111
30/04/2025 13:00,0,0,0,21.56,0,15.18,9.85,12.19,47.6,1020.12,2,8.166666667,2,158.3333333,1,15.12466667
30/04/2025 14:00,0,0,0,22.11,0,15.505,10.075,12.365,46.65,1019.88,2,7.333333333,2,157.7777778,1,13.58133333
30/04/2025 15:00,0,0,0,21.95,0,15.445,10.075,12.36,47.35,1019.415,2,6.388888889,2,171.1111111,1,11.83222222
30/04/2025 16:00,0,0,0,21.475,0,15.28,10.165,12.435,49,1018.97,2,6,2,191.6666667,1,11.112
30/04/2025 17:00,0,0,0,20.595,0,14.945,10.26,12.51,52.1,1018.83,2,5.777777778,2,201.1111111,1,10.70044444
30/04/2025 18:00,0,0,0,19.335,0,14.605,10.685,12.885,57.4,1018.79,2,5.222222222,2,173.8888889,1,9.671555556
30/04/2025 19:00,0,0,0,17.77,0,13.855,10.525,12.76,62.6,1018.8,2,4.944444444,2,192.2222222,1,9.157111111
30/04/2025 20:00,0,0,0,15.33,0,12.61,10.19,12.485,71.3,1019.015,2,5.055555556,2,193.8888889,1,9.362888889
30/04/2025 21:00,0,0,0,14.105,0,11.935,9.9,12.23,75.5,1019.24,2,5.166666667,2,170.5555556,1,9.568666667
30/04/2025 22:00,0,0,0,13.065,0,11.36,9.75,12.09,80,1019.27,2,4.444444444,2,180,1,8.231111111
30/04/2025 23:00,0,0.03,0,12.16,0,10.815,9.515,11.89,83.55,1019.255,2,3.722222222,2,216.6666667,1,6.893555556
01/05/2025 00:00,0,0,0,11.61,0,10.49,9.37,11.79,85.9,1019.115,2,3.722222222,2,197.2222222,1,6.893555556
01/05/2025 01:00,0,0,0,10.965,0,10.09,9.205,11.665,88.45,1018.86,2,3.722222222,2,228.3333333,1,6.893555556
01/05/2025 02:00,0,0,0,10.715,0,9.91,9.105,11.59,89.55,1018.675,2,4.222222222,2,222.2222222,1,7.819555556
01/05/2025 03:00,0,0,0,10.595,0,9.845,9.085,11.565,90.2,1018.59,2,4.111111111,2,234.4444444,1,7.613777778
01/05/2025 04:00,0,0,0,10.38,0,9.68,8.96,11.495,90.7,1018.445,2,4.055555556,2,256.1111111,1,7.510888889
01/05/2025 05:00,0,0,0,10.165,0,9.52,8.865,11.41,91.4,1018.445,2,4.777777778,2,227.2222222,1,8.848444444
01/05/2025 06:00,0,0,0,10.645,0,9.98,9.32,11.73,91.25,1018.605,2,4.888888889,2,255,1,9.054222222
01/05/2025 07:00,0,0,0,12.065,0,11.035,10.045,12.32,87.2,1018.645,2,5.166666667,2,253.3333333,1,9.568666667
01/05/2025 08:00,0,0.005,0,13.205,0,11.64,10.21,12.465,82.05,1018.68,2,5.611111111,2,287.7777778,1,10.39177778
01/05/2025 09:00,0,0,0,14.19,0,12.08,10.22,12.49,77.75,1018.655,2,6.166666667,2,305,1,11.42066667
01/05/2025 10:00,0,0,0,14.875,0,12.57,10.575,12.835,76.1,1018.64,2,6.944444444,2,282.7777778,1,12.86111111
01/05/2025 11:00,0,0,0,15.64,0,12.82,10.415,12.705,71.55,1018.53,2,7.555555556,2,295,1,13.99288889
01/05/2025 12:00,0,0,0,15.925,0,12.845,10.14,12.525,68.75,1018.33,2,7.777777778,2,298.3333333,1,14.40444444
01/05/2025 13:00,0,0,0,16.04,0,12.855,10.01,12.42,67.4,1018.225,2,8,2,297.7777778,1,14.816
01/05/2025 14:00,0,0,0,16.26,0,12.93,9.93,12.355,66.35,1018.02,2,7.944444444,2,278.8888889,1,14.71311111
01/05/2025 15:00,0,0,0,15.88,0,12.62,9.615,12.1,66.2,1017.84,2,8.333333333,2,241.6666667,1,15.43333333
01/05/2025 16:00,0,0,0,15.69,0,12.375,9.265,11.835,65.35,1017.705,2,8.388888889,2,309.4444444,1,15.53622222
01/05/2025 17:00,0,0,0,15.28,0,12.025,8.925,11.56,65.65,1017.605,2,8.333333333,2,289.4444444,1,15.43333333
01/05/2025 18:00,0,0,0,14.67,0,11.715,8.875,11.535,67.95,1017.515,2,8.833333333,2,271.6666667,1,16.35933333
01/05/2025 19:00,0,0,0,13.315,0,10.82,8.29,11.035,71.35,1017.77,2,8,2,294.4444444,1,14.816
01/05/2025 20:00,0,0,0,11.94,0,10.095,8.185,10.955,77.5,1018.185,2,7.222222222,2,250,1,13.37555556
01/05/2025 21:00,0,0,0,11.075,0,9.545,7.905,10.745,80.45,1018.665,2,6.388888889,2,226.1111111,1,11.83222222
01/05/2025 22:00,0,0,0,10.44,0,9.07,7.595,10.51,82.25,1018.865,2,6.722222222,2,222.7777778,1,12.44955556
01/05/2025 23:00,0,0,0,9.72,0,8.465,7.08,10.115,83.4,1019.055,2,6.333333333,2,200,1,11.72933333
02/05/2025 00:00,0,0,0,9.04,0,7.9,6.595,9.785,84.55,1019.175,2,6.055555556,2,208.3333333,0,11.21488889
02/05/2025 01:00,0,0,0,8.525,0,7.465,6.255,9.545,85.8,1019.115,2,6.5,2,206.1111111,0,12.038
02/05/2025 02:00,0,0,0,8.13,0,7.165,6.045,9.395,86.85,1019.15,2,5.833333333,2,201.1111111,0,10.80333333
02/05/2025 03:00,0,0,0,7.78,0,6.9,5.875,9.295,87.8,1019.215,2,5.444444444,2,199.4444444,0,10.08311111
02/05/2025 04:00,0,0,0,7.72,0,6.89,5.91,9.325,88.05,1019.345,2,5.5,2,211.1111111,0,10.186
02/05/2025 05:00,0,0,0,7.61,0,6.785,5.84,9.27,88.5,1019.49,2,5.444444444,2,211.6666667,0,10.08311111
02/05/2025 06:00,0,0,0,7.93,0,7.135,6.225,9.525,89,1019.74,2,5,2,200,0,9.26
02/05/2025 07:00,0,0,0,9.19,0,8.14,6.95,9.995,85.85,1020.005,2,4.611111111,2,184.4444444,0,8.539777778
02/05/2025 08:00,0,0,0,10.765,0,9.08,7.23,10.185,78.5,1020.255,2,5.666666667,2,219.4444444,0,10.49466667
02/05/2025 09:00,0,0,0,11.97,0,9.475,6.73,9.84,70.05,1020.575,2,7.166666667,2,186.6666667,0,13.27266667
02/05/2025 10:00,0,0,0,12.98,0,9.85,6.42,9.635,64.15,1020.75,2,8,2,185.5555556,0,14.816
02/05/2025 11:00,0,0,0,13.66,0,10.285,6.685,9.82,62.35,1020.785,2,8.055555556,2,178.8888889,0,14.91888889
02/05/2025 12:00,0,0,0,14.465,0,10.7,6.715,9.86,59.4,1020.66,2,7.555555556,2,162.2222222,0,13.99288889
02/05/2025 13:00,0,0,0,14.75,0,10.9,6.885,9.955,59.1,1020.425,2,8,2,218.8888889,0,14.816
02/05/2025 14:00,0,0,0,15.105,0,11.11,6.965,10.02,58.3,1020.045,2,8.833333333,2,202.7777778,0,16.35933333
02/05/2025 15:00,0,0,0,15.25,0,11.16,6.915,10,57.7,1019.61,2,9.5,2,240,0,17.594
02/05/2025 16:00,0,0,0,15.13,0,11.04,6.775,9.92,57.7,1019.4,2,9.444444444,2,223.3333333,0,17.49111111
02/05/2025 17:00,0,0,0,14.93,0,10.99,6.88,9.975,58.75,1019.355,2,9.388888889,2,209.4444444,0,17.38822222
02/05/2025 18:00,0,0,0,14.105,0,10.465,6.54,9.75,60.5,1019.42,2,8.833333333,2,247.2222222,0,16.35933333
02/05/2025 19:00,0,0,0,13.13,0,9.905,6.375,9.655,63.8,1019.76,2,8,2,196.1111111,0,14.816
02/05/2025 20:00,0,0,0,11.26,0,8.915,6.285,9.585,71.25,1020.08,2,6.833333333,2,212.7777778,0,12.65533333
02/05/2025 21:00,0,0,0,9.9,0,8.145,6.08,9.445,76.85,1020.235,2,5.5,2,224.4444444,0,10.186
02/05/2025 22:00,0,0,0,9.195,0,7.77,6.095,9.43,80.6,1020.195,2,5.111111111,2,247.2222222,0,9.465777778
02/05/2025 23:00,0,0,0,8.57,0,7.405,6.055,9.405,83.9,1020.1,2,4.333333333,2,271.6666667,0,8.025333333
03/05/2025 00:00,0,0,0,7.765,0,6.815,5.63,9.16,86.2,1020.015,2,4.611111111,2,242.7777778,0,8.539777778
03/05/2025 01:00,0,0,0,7.315,0,6.49,5.465,9.04,87.6,1019.695,2,4.388888889,2,232.2222222,0,8.128222222
03/05/2025 02:00,0,0,0,7.015,0,6.215,5.26,8.925,88.45,1019.49,2,4.944444444,2,296.6666667,0,9.157111111
03/05/2025 03:00,0,0,0,6.585,0,5.865,4.98,8.765,89.35,1019.35,2,5.166666667,2,249.4444444,0,9.568666667
03/05/2025 04:00,0,0.005,0,6.545,0,5.825,4.93,8.72,89.45,1018.97,2,5.5,2,275.5555556,0,10.186
03/05/2025 05:00,0,0.005,0,6.415,0,5.685,4.805,8.665,89.5,1018.93,2,5.277777778,2,246.6666667,0,9.774444444
03/05/2025 06:00,0,0.01,0,7.375,0,6.66,5.78,9.24,89.45,1019.01,2,5.722222222,2,286.1111111,0,10.59755556
03/05/2025 07:00,0,0,0,9.07,0,8.02,6.835,9.92,85.85,1019.18,2,5.833333333,2,266.6666667,0,10.80333333
03/05/2025 08:00,0,0,0,10.695,0,9.055,7.265,10.225,79.35,1019.38,2,6.222222222,2,267.7777778,0,11.52355556
03/05/2025 09:00,0,0.005,0,11.99,0,9.705,7.205,10.205,72.45,1019.375,2,8.111111111,2,259.4444444,0,15.02177778
03/05/2025 10:00,0,0.005,0,12.955,0,10.16,7.15,10.18,68.1,1019.335,2,8.611111111,2,295.5555556,0,15.94777778
03/05/2025 11:00,0,0,0,13.595,0,10.515,7.295,10.25,65.7,1019.27,2,9.111111111,2,277.2222222,0,16.87377778
03/05/2025 12:00,0,0,0,14.23,0,10.82,7.3,10.26,62.8,1019.28,2,10.11111111,2,183.3333333,0,18.72577778
03/05/2025 13:00,0,0,0,14.84,0,10.825,6.555,9.745,57.25,1019.235,2,10.61111111,2,189.4444444,0,19.65177778
03/05/2025 14:00,0,0,0,14.985,0,10.8,6.35,9.635,56.2,1019.155,2,10.61111111,2,229.4444444,0,19.65177778
03/05/2025 15:00,0,0.005,0,14.84,0,10.54,5.835,9.305,55,1019.165,2,10.11111111,2,143.3333333,0,18.72577778
03/05/2025 16:00,0,0,0,14.78,0,10.53,5.9,9.32,55.3,1019.115,2,10.61111111,2,126.1111111,0,19.65177778
03/05/2025 17:00,0,0,0,14.37,0,10.245,5.68,9.175,55.95,1019.115,2,10.44444444,2,106.6666667,0,19.34311111
03/05/2025 18:00,0,0,0,13.515,0,9.76,5.525,9.115,58.5,1019.48,2,10.11111111,2,55,0,18.72577778
03/05/2025 19:00,0,0,0,12.37,0,9.175,5.495,9.07,62.7,1019.815,2,10.11111111,2,36.66666667,0,18.72577778
03/05/2025 20:00,0,0,0,10.81,0,8.29,5.31,8.95,68.6,1020.405,2,8.444444444,2,57.22222222,0,15.63911111
03/05/2025 21:00,0,0,0,9.775,0,7.67,5.055,8.83,72.4,1020.835,2,7.777777778,2,103.8888889,0,14.40444444
03/05/2025 22:00,0,0,0,8.95,0,7.125,4.82,8.67,75.1,1021.285,2,7.166666667,2,159.4444444,0,13.27266667
03/05/2025 23:00,0,0,0,8.35,0,6.68,4.565,8.485,76.7,1021.555,2,7.277777778,2,141.6666667,0,13.47844444
04/05/2025 00:00,0,0,0,7.865,0,6.335,4.33,8.365,78.1,1021.785,2,7.055555556,2,116.1111111,1,13.06688889
04/05/2025 01:00,0,0,0,7.42,0,5.94,3.99,8.165,78.85,1021.815,2,6.611111111,2,175,1,12.24377778
04/05/2025 02:00,0,0,0,6.99,0,5.605,3.74,8.015,79.65,1021.705,2,7,2,172.2222222,1,12.964
04/05/2025 03:00,0,0,0,6.655,0,5.33,3.535,7.89,80.55,1021.635,2,6.944444444,2,157.2222222,1,12.86111111
04/05/2025 04:00,0,0,0,6.215,0,4.945,3.225,7.715,81.2,1021.58,2,6.888888889,2,125.5555556,1,12.75822222
04/05/2025 05:00,0,0,0,6.09,0,4.82,3.065,7.635,81.15,1021.605,2,6.833333333,2,171.6666667,1,12.65533333
04/05/2025 06:00,0,0,0,6.685,0,5.215,3.225,7.705,78.55,1021.735,2,7.722222222,2,171.1111111,1,14.30155556
04/05/2025 07:00,0,0,0,7.935,0,6.085,3.62,7.94,74.15,1022.02,2,7.833333333,2,149.4444444,1,14.50733333
04/05/2025 08:00,0,0,0,9.075,0,6.83,3.955,8.135,70.15,1022.305,2,9,2,85.55555556,1,16.668
04/05/2025 09:00,0,0,0,10.145,0,7.62,4.46,8.42,67.55,1022.355,2,9.444444444,2,67.77777778,1,17.49111111
04/05/2025 10:00,0,0,0,11.2,0,8.28,4.735,8.6,64.2,1022.465,2,9.388888889,2,65,1,17.38822222
04/05/2025 11:00,0,0,0,11.835,0,8.625,4.785,8.63,61.75,1022.6,2,9.222222222,2,53.33333333,1,17.07955556
04/05/2025 12:00,0,0,0,12.5,0,8.95,4.755,8.61,59,1022.585,2,8.833333333,2,87.77777778,1,16.35933333
04/05/2025 13:00,0,0,0,13.035,0,9.225,4.78,8.615,57.15,1022.68,2,9.444444444,2,87.77777778,1,17.49111111
04/05/2025 14:00,0,0,0,13.235,0,9.32,4.715,8.61,56.2,1022.665,2,9.055555556,2,81.66666667,1,16.77088889
04/05/2025 15:00,0,0,0,13.2,0,9.185,4.45,8.425,55.25,1022.725,2,9.444444444,2,65.55555556,1,17.49111111
04/05/2025 16:00,0,0,0,13.175,0,9.14,4.37,8.395,55.15,1022.655,2,9.055555556,2,67.22222222,1,16.77088889
04/05/2025 17:00,0,0,0,12.91,0,9,4.325,8.39,56.1,1022.79,2,8.833333333,2,70.55555556,1,16.35933333
04/05/2025 18:00,0,0,0,12.135,0,8.605,4.335,8.39,58.85,1023.025,2,8.777777778,2,86.11111111,1,16.25644444
04/05/2025 19:00,0,0,0,11.2,0,7.98,3.965,8.175,60.75,1023.38,2,8.166666667,2,91.66666667,1,15.12466667
04/05/2025 20:00,0,0,0,9.57,0,7.095,3.91,8.12,67.45,1023.905,2,6.888888889,2,80.55555556,1,12.75822222
04/05/2025 21:00,0,0,0,8.205,0,6.33,3.84,8.09,73.4,1024.685,2,5.833333333,2,130.5555556,1,10.80333333
04/05/2025 22:00,0,0,0,7.225,0,5.625,3.465,7.875,76.7,1025.01,2,5.111111111,2,136.1111111,1,9.465777778
04/05/2025 23:00,0,0,0,6.355,0,5,3.15,7.715,79.85,1025.36,2,4.777777778,2,114.4444444,1,8.848444444
05/05/2025 00:00,0,0,0,5.69,0,4.555,2.975,7.635,82.45,1025.64,2,4.833333333,2,111.1111111,1,8.951333333
05/05/2025 01:00,0,0,0,5.165,0,4.125,2.655,7.43,83.7,1025.82,2,4.555555556,2,86.66666667,1,8.436888889
05/05/2025 02:00,0,0,0,4.53,0,3.54,2.125,7.195,84.3,1026.025,2,3.944444444,2,112.7777778,1,7.305111111
05/05/2025 03:00,0,0,0,4.13,0,3.255,1.955,7.1,85.8,1026.125,2,4,2,120.5555556,1,7.408
05/05/2025 04:00,0,0,0,3.66,0,2.775,1.475,6.82,85.85,1026.375,2,4.333333333,2,148.8888889,1,8.025333333
05/05/2025 05:00,0,0,0,3.445,0,2.64,1.415,6.81,86.95,1026.61,2,4,2,132.7777778,1,7.408
05/05/2025 06:00,0,0,0,4.645,0,3.665,2.225,7.195,84.65,1026.995,2,4.111111111,2,113.3333333,1,7.613777778
05/05/2025 07:00,0,0,0,7.29,0,5.765,3.685,7.98,78.1,1027.26,2,4.111111111,2,146.1111111,1,7.613777778
05/05/2025 08:00,0,0,0,9.525,0,7.025,3.785,8.035,67.25,1027.505,2,5.111111111,2,102.7777778,1,9.465777778
05/05/2025 09:00,0,0,0,11,0,7.675,3.4,7.835,59.25,1027.57,2,5.888888889,2,88.88888889,1,10.90622222
05/05/2025 10:00,0,0,0,11.675,0,7.8,2.78,7.485,54.15,1027.49,2,6.666666667,2,116.6666667,1,12.34666667
05/05/2025 11:00,0,0,0,12.165,0,8.145,3.035,7.615,53.4,1027.46,2,6.833333333,2,130,1,12.65533333
05/05/2025 12:00,0,0,0,12.57,0,8.45,3.26,7.75,53,1027.38,2,6.888888889,2,150,1,12.75822222
05/05/2025 13:00,0,0,0,13.065,0,8.69,3.245,7.745,51.3,1027.26,2,7.055555556,2,132.7777778,1,13.06688889
05/05/2025 14:00,0,0,0,13.315,0,8.86,3.33,7.785,50.5,1027.02,2,7.222222222,2,133.8888889,1,13.37555556
05/05/2025 15:00,0,0,0,13.32,0,8.89,3.46,7.87,51.25,1026.735,2,7.055555556,2,126.1111111,1,13.06688889
05/05/2025 16:00,0,0,0,13.47,0,9.045,3.655,7.965,51.45,1026.505,2,6.722222222,2,130.5555556,1,12.44955556
05/05/2025 17:00,0,0,0,13.2,0,8.9,3.635,7.965,52.4,1026.555,2,6.333333333,2,130.5555556,1,11.72933333
05/05/2025 18:00,0,0,0,12.82,0,8.745,3.795,8.05,54.25,1026.62,2,5.888888889,2,169.4444444,1,10.90622222
05/05/2025 19:00,0,0,0,11.79,0,8.3,4.035,8.185,58.8,1026.73,2,5.611111111,2,130.5555556,1,10.39177778
05/05/2025 20:00,0,0,0,9.91,0,7.435,4.35,8.365,67.95,1027.105,2,4.5,2,160,1,8.334
05/05/2025 21:00,0,0,0,8.195,0,6.32,3.885,8.08,73.95,1027.365,2,3.777777778,2,145,1,6.996444444
05/05/2025 22:00,0,0,0,7.03,0,5.565,3.59,7.925,78.5,1027.34,2,3.388888889,2,116.6666667,1,6.276222222
05/05/2025 23:00,0,0,0,6.065,0,4.895,3.31,7.79,82.35,1027.42,2,2.888888889,2,167.7777778,1,5.350222222
06/05/2025 00:00,0,0,0,5.22,0,4.36,3.125,7.67,85.85,1027.435,2,2.777777778,2,194.4444444,1,5.144444444
06/05/2025 01:00,0,0,0,4.505,0,3.79,2.775,7.505,88.4,1027.36,2,2.833333333,2,166.1111111,1,5.247333333
06/05/2025 02:00,0,0,0,3.805,0,3.25,2.44,7.335,90.6,1027.325,2,2.611111111,2,170.5555556,1,4.835777778
06/05/2025 03:00,0,0,0,3.425,0,2.89,2.155,7.16,91.15,1027.3,2,2.944444444,2,137.2222222,1,5.453111111
06/05/2025 04:00,0,0,0,3.015,0,2.555,1.88,7.05,91.95,1027.305,2,2.944444444,2,143.8888889,1,5.453111111
06/05/2025 05:00,0,0,0,2.65,0,2.215,1.555,6.875,92.05,1027.35,2,2.777777778,2,160.5555556,1,5.144444444
06/05/2025 06:00,0,0,0,4.12,0,3.645,2.99,7.61,92.1,1027.42,2,2.611111111,2,185.5555556,1,4.835777778
06/05/2025 07:00,0,0,0,7.04,0,6.06,4.795,8.62,85.35,1027.395,2,2.611111111,2,160,1,4.835777778
06/05/2025 08:00,0,0,0,9.83,0,7.875,5.515,9.085,74.35,1027.48,2,2.666666667,2,150,1,4.938666667
06/05/2025 09:00,0,0,0,12.035,0,9.085,5.715,9.22,65.25,1027.62,2,2.722222222,2,172.7777778,1,5.041555556
06/05/2025 10:00,0,0,0,13.11,0,9.5,5.355,9.015,59.5,1027.66,2,3.777777778,2,204.4444444,1,6.996444444
06/05/2025 11:00,0,0,0,14.16,0,9.965,5.18,8.91,55.15,1027.49,2,4.5,2,176.1111111,1,8.334
06/05/2025 12:00,0,0,0,14.54,0,10.17,5.295,8.98,54.3,1027.19,2,5,2,213.8888889,1,9.26
06/05/2025 13:00,0,0,0,15.14,0,10.56,5.54,9.11,53.15,1026.94,2,5.222222222,2,199.4444444,1,9.671555556
06/05/2025 14:00,0,0,0,15.355,0,10.715,5.665,9.175,52.75,1026.7,2,5.166666667,2,185.5555556,1,9.568666667
06/05/2025 15:00,0,0,0,15.58,0,10.795,5.575,9.115,51.7,1026.45,2,5.111111111,2,200,1,9.465777778
06/05/2025 16:00,0,0,0,15.565,0,10.83,5.71,9.195,52.15,1026.175,2,5.5,2,179.4444444,1,10.186
06/05/2025 17:00,0,0,0,15.205,0,10.69,5.79,9.245,53.6,1026.105,2,5.5,2,183.8888889,1,10.186
06/05/2025 18:00,0,0,0,14.91,0,10.71,6.185,9.525,56.25,1026.115,2,5.388888889,2,191.6666667,1,9.980222222
06/05/2025 19:00,0,0,0,13.69,0,10.095,6.16,9.495,60.35,1026.15,2,5.111111111,2,210.5555556,1,9.465777778
06/05/2025 20:00,0,0,0,11.935,0,9.245,6.24,9.545,67.85,1026.555,2,4.166666667,2,227.7777778,1,7.716666667
06/05/2025 21:00,0,0,0,10.115,0,8.105,5.69,9.18,73.6,1026.96,2,3.777777778,2,217.2222222,1,6.996444444
06/05/2025 22:00,0,0,0,9.165,0,7.495,5.46,9.05,77.3,1026.975,2,3.777777778,2,220.5555556,1,6.996444444
06/05/2025 23:00,0,0,0,8.27,0,6.91,5.195,8.885,80.8,1026.95,2,3.277777778,2,177.7777778,1,6.070444444
07/05/2025 00:00,0,0,0,7.655,0,6.55,5.175,8.855,84.05,1026.935,2,3.166666667,2,151.6666667,1,5.864666667
07/05/2025 01:00,0,0,0,7.19,0,6.225,5,8.735,85.75,1026.895,2,3.111111111,2,152.2222222,1,5.761777778
07/05/2025 02:00,0,0,0,6.45,0,5.665,4.615,8.52,87.75,1026.655,2,2.944444444,2,122.7777778,1,5.453111111
07/05/2025 03:00,0,0,0,5.89,0,5.2,4.29,8.34,89.25,1026.49,2,2.944444444,2,173.3333333,1,5.453111111
07/05/2025 04:00,0,0,0,5.685,0,5.115,4.37,8.395,90.95,1026.59,2,3.222222222,2,201.6666667,1,5.967555556
07/05/2025 05:00,0,0,0,5.535,0,5.01,4.34,8.365,91.75,1026.705,2,3.111111111,2,187.2222222,1,5.761777778
07/05/2025 06:00,0,0,0,6.525,0,5.985,5.32,8.955,91.65,1026.89,2,3.222222222,2,165,1,5.967555556
07/05/2025 07:00,0,0,0,8.895,0,7.925,6.81,9.92,86.75,1027.01,2,2.944444444,2,159.4444444,1,5.453111111
07/05/2025 08:00,0,0,0,11.455,0,9.525,7.46,10.375,76.3,1026.92,2,3.055555556,2,109.4444444,1,5.658888889
07/05/2025 09:00,0,0,0,13.34,0,10.195,6.845,9.935,64.5,1026.815,2,3.5,2,142.2222222,1,6.482
07/05/2025 10:00,0,0,0,14.59,0,10.91,7.065,10.095,60.5,1026.555,2,4.111111111,2,162.7777778,1,7.613777778
07/05/2025 11:00,0,0,0,15.29,0,11.22,7.025,10.06,57.8,1026.235,2,4.611111111,2,166.1111111,1,8.539777778
07/05/2025 12:00,0,0,0,15.925,0,11.64,7.36,10.285,56.75,1025.945,2,5.555555556,2,187.7777778,1,10.28888889
07/05/2025 13:00,0,0,0,16.35,0,11.91,7.515,10.4,56.15,1025.645,2,6.388888889,2,230,1,11.83222222
07/05/2025 14:00,0,0,0,16.425,0,11.89,7.355,10.3,55.3,1025.26,2,6.555555556,2,246.1111111,1,12.14088889
07/05/2025 15:00,0,0,0,16.385,0,11.98,7.645,10.5,56.65,1024.855,2,6.666666667,2,203.3333333,1,12.34666667
07/05/2025 16:00,0,0,0,16.08,0,11.84,7.655,10.535,57.85,1024.565,2,6.555555556,2,166.1111111,1,12.14088889
07/05/2025 17:00,0,0,0,15.745,0,11.61,7.465,10.39,58.25,1024.395,2,6.888888889,2,193.3333333,1,12.75822222
07/05/2025 18:00,0,0,0,15.01,0,11.225,7.39,10.33,60.7,1024.24,2,6.888888889,2,177.2222222,1,12.75822222
07/05/2025 19:00,0,0,0,13.98,0,10.745,7.395,10.33,64.6,1024.135,2,6.388888889,2,204.4444444,1,11.83222222
07/05/2025 20:00,0,0,0,12.235,0,9.76,7.13,10.125,70.8,1024.28,2,5.444444444,2,185.5555556,1,10.08311111
07/05/2025 21:00,0,0,0,10.64,0,8.82,6.785,9.895,76.85,1024.41,2,4.277777778,2,155.5555556,1,7.922444444
07/05/2025 22:00,0,0,0,9.54,0,8.15,6.545,9.745,81.3,1024.445,2,3.5,2,127.2222222,1,6.482
07/05/2025 23:00,0,0,0,8.63,0,7.505,6.205,9.51,84.5,1024.36,2,3.055555556,2,149.4444444,1,5.658888889
08/05/2025 00:00,0,0,0,8.32,0,7.265,6.035,9.395,85.25,1024.145,2,3.333333333,2,173.8888889,1,6.173333333
08/05/2025 01:00,0,0,0,8.14,0,7.16,6,9.385,86,1023.715,2,3.111111111,2,141.6666667,1,5.761777778
08/05/2025 02:00,0,0,0,7.61,0,6.74,5.655,9.17,87.2,1023.22,2,3.222222222,2,99.44444444,1,5.967555556
08/05/2025 03:00,0,0,0,7.14,0,6.4,5.52,9.125,89.4,1023.06,2,3.055555556,2,122.2222222,1,5.658888889
08/05/2025 04:00,0,0,0,6.435,0,5.825,5.065,8.835,90.7,1022.805,2,3.166666667,2.277777778,121.1764706,1,5.864666667
08/05/2025 05:00,0,0,0,6.33,0,5.8,5.135,8.875,91.9,1022.595,2,3.444444444,2,170.5555556,1,6.379111111
08/05/2025 06:00,0,0,0,7.525,0,6.91,6.185,9.54,90.85,1022.775,2,3.722222222,2,158.8888889,1,6.893555556
08/05/2025 07:00,0,0,0,9.915,0,8.775,7.525,10.405,84.9,1022.935,2,4,2,124.4444444,1,7.408
08/05/2025 08:00,0,0,0,11.83,0,9.87,7.825,10.615,76.15,1022.895,2,4.888888889,2,108.3333333,1,9.054222222
08/05/2025 09:00,0,0,0,13.475,0,10.7,7.855,10.64,68.55,1022.925,2,5.722222222,2,76.11111111,1,10.59755556
08/05/2025 10:00,0,0,0,14.405,0,11.175,7.97,10.715,65.15,1022.82,2,5.5,2,82.22222222,1,10.186
08/05/2025 11:00,0,0,0,14.72,0,11.24,7.77,10.585,63.05,1022.67,2,6.333333333,2,90,1,11.72933333
08/05/2025 12:00,0,0,0,15.16,0,11.395,7.595,10.465,60.55,1022.525,2,7.111111111,2,92.22222222,1,13.16977778
08/05/2025 13:00,0,0,0,15.355,0,11.44,7.515,10.41,59.55,1022.51,2,6.944444444,2,126.1111111,1,12.86111111
08/05/2025 14:00,0,0,0,15.615,0,11.545,7.47,10.38,58.45,1022.37,2,6.666666667,2,107.7777778,1,12.34666667
08/05/2025 15:00,0,0,0,15.565,0,11.55,7.52,10.405,58.6,1022.05,2,6.611111111,2,105,1,12.24377778
08/05/2025 16:00,0,0,0,15.63,0,11.52,7.355,10.305,57.85,1021.795,2,6.388888889,2,122.7777778,1,11.83222222
08/05/2025 17:00,0,0,0,15.335,0,11.44,7.535,10.455,59.6,1021.74,2,6.611111111,2,129.4444444,1,12.24377778
08/05/2025 18:00,0,0,0,14.595,0,11.125,7.635,10.515,62.75,1021.66,2,6.444444444,2,145.5555556,1,11.93511111
08/05/2025 19:00,0,0,0,13.86,0,10.74,7.56,10.465,65.45,1021.675,2,5.888888889,2,131.6666667,1,10.90622222
08/05/2025 20:00,0,0,0,11.965,0,9.72,7.345,10.29,72.85,1022.02,2,4.944444444,2,135,1,9.157111111
08/05/2025 21:00,0,0,0,10.45,0,8.61,6.55,9.765,76.5,1022.365,2,3.944444444,2,156.6666667,1,7.305111111
08/05/2025 22:00,0,0,0,9.245,0,7.855,6.24,9.565,81.3,1022.27,2,3.611111111,2,147.7777778,1,6.687777778
08/05/2025 23:00,0,0,0,8.41,0,7.295,5.99,9.39,84.5,1022.19,2,3.388888889,2,122.7777778,1,6.276222222
09/05/2025 00:00,0,0,0,7.86,0,6.89,5.735,9.25,86.1,1022.1,2,3.388888889,2,150.5555556,0,6.276222222
09/05/2025 01:00,0,0,0,7.165,0,6.365,5.385,9.03,88.3,1021.715,2,3.222222222,2,145,0,5.967555556
09/05/2025 02:00,0,0,0,6.56,0,5.885,5.085,8.85,90.2,1021.535,2,2.888888889,2,135,0,5.350222222
09/05/2025 03:00,0,0,0,5.99,0,5.415,4.695,8.63,91.2,1021.485,2,3.222222222,2,130,0,5.967555556
09/05/2025 04:00,0,0,0,5.66,0,5.12,4.445,8.495,91.6,1021.46,2,3.444444444,2,141.1111111,0,6.379111111
09/05/2025 05:00,0,0,0,5.83,0,5.37,4.805,8.7,93,1021.515,2,3.222222222,2,158.3333333,0,5.967555556
09/05/2025 06:00,0,0,0,7.01,0,6.485,5.855,9.325,92.05,1021.59,2,2.944444444,2,181.6666667,0,5.453111111
09/05/2025 07:00,0,0,0,9.31,0,8.35,7.27,10.255,86.75,1021.6,2,2.777777778,2,145,0,5.144444444
09/05/2025 08:00,0,0,0,11.605,0,9.87,8.04,10.81,78.5,1021.435,2,3.111111111,2,135,0,5.761777778
09/05/2025 09:00,0,0,0,13.33,0,10.83,8.295,10.99,71.25,1021.295,2,3.611111111,2,160.5555556,0,6.687777778
09/05/2025 10:00,0,0,0,14.45,0,11.38,8.335,11.01,66.7,1021.05,2,4.111111111,2,171.1111111,0,7.613777778
09/05/2025 11:00,0,0,0,15.195,0,11.78,8.47,11.11,64.2,1020.785,2,4.777777778,2,181.1111111,0,8.848444444
09/05/2025 12:00,0,0,0,15.765,0,12.09,8.51,11.16,62.4,1020.48,2,4.888888889,2,152.2222222,0,9.054222222
09/05/2025 13:00,0,0,0,16.335,0,12.16,8.115,10.88,58.7,1020.19,2,5.388888889,2,156.1111111,0,9.980222222
09/05/2025 14:00,0,0,0,16.575,0,12.405,8.405,11.105,59.05,1019.75,2,5.555555556,2,152.7777778,0,10.28888889
09/05/2025 15:00,0,0,0,16.575,0,12.285,8.12,10.885,58,1019.43,2,5.666666667,2,157.2222222,0,10.49466667
09/05/2025 16:00,0,0,0,16.3,0,12.085,7.98,10.765,58.3,1019.08,2,5.777777778,2,161.6666667,0,10.70044444
09/05/2025 17:00,0,0,0,16.255,0,12.015,7.885,10.69,58.2,1018.765,2,5.5,2,185.5555556,0,10.186
09/05/2025 18:00,0,0,0,15.185,0,11.605,8.09,10.85,63.05,1018.53,2,5.5,2,175,0,10.186
09/05/2025 19:00,0,0,0,14.255,0,11.055,7.845,10.675,65.6,1018.705,2,5.444444444,2,202.2222222,0,10.08311111
09/05/2025 20:00,0,0,0,12.64,0,10.27,7.83,10.64,72.25,1018.91,2,4.833333333,2,195,0,8.951333333
09/05/2025 21:00,0,0,0,11.345,0,9.515,7.545,10.44,77.25,1019.125,2,4.388888889,2,171.1111111,0,8.128222222
09/05/2025 22:00,0,0,0,10.395,0,8.83,7.105,10.135,79.9,1019.295,2,4.333333333,2,172.2222222,0,8.025333333
09/05/2025 23:00,0,0,0,9.735,0,8.36,6.81,9.93,82,1019.32,2,4.111111111,2,157.2222222,0,7.613777778
10/05/2025 00:00,0,0,0,9.19,0,8.03,6.74,9.89,84.35,1019.24,2,3.944444444,2,170,0,7.305111111
10/05/2025 01:00,0,0,0,8.86,0,7.865,6.74,9.91,86.45,1019.07,2,3.277777778,2,173.3333333,0,6.070444444
10/05/2025 02:00,0,0,0,8.45,0,7.56,6.565,9.795,87.85,1018.815,2,3.388888889,2,136.6666667,0,6.276222222
10/05/2025 03:00,0,0,0,7.87,0,7.095,6.23,9.585,89.3,1018.595,2,3.611111111,2,163.8888889,0,6.687777778
10/05/2025 04:00,0,0,0,7.64,0,6.965,6.17,9.545,90.2,1018.265,2,3.888888889,2,153.3333333,0,7.202222222
10/05/2025 05:00,0,0,0,7.21,0,6.575,5.84,9.35,90.75,1018.175,2,3.777777778,2,125,0,6.996444444
10/05/2025 06:00,0,0,0,8.265,0,7.585,6.84,9.99,90.5,1018.125,2,3.5,2,135.5555556,0,6.482
10/05/2025 07:00,0,0.005,0,10.3,0,9.17,7.945,10.73,85,1018.08,2,4.055555556,2,126.6666667,0,7.510888889
10/05/2025 08:00,0,0,0,12.5,0,10.51,8.455,11.12,76.3,1017.96,2,4.166666667,2,157.2222222,0,7.716666667
10/05/2025 09:00,0,0,0,14.155,0,11.25,8.305,11.04,68.25,1017.63,2,4.833333333,2,161.6666667,0,8.951333333
10/05/2025 10:00,0,0,0,15.325,0,11.825,8.36,11.07,63.5,1017.39,2,5.611111111,2,182.2222222,0,10.39177778
10/05/2025 11:00,0,0,0,15.965,0,12.04,8.125,10.92,60.45,1016.86,2,6.166666667,2,185.5555556,0,11.42066667
10/05/2025 12:00,0,0,0,16.51,0,12.07,7.53,10.53,56.5,1016.41,2,6.555555556,2,191.6666667,0,12.14088889
10/05/2025 13:00,0,0,0,17.13,0,12.305,7.46,10.46,53.75,1015.94,2,7.111111111,2,165.5555556,0,13.16977778
10/05/2025 14:00,0,0,0,17.095,0,12.08,6.92,10.095,52.25,1015.55,2,7.222222222,2,167.2222222,0,13.37555556
10/05/2025 15:00,0,0,0,17.185,0,12.125,6.94,10.11,52.2,1015.125,2,7.555555556,2,173.8888889,0,13.99288889
10/05/2025 16:00,0,0,0,17.11,0,12.21,7.245,10.335,53.7,1014.75,2,7.166666667,2,177.7777778,0,13.27266667
10/05/2025 17:00,0,0,0,16.595,0,11.975,7.25,10.32,55.3,1014.51,2,7,2,190.5555556,0,12.964
10/05/2025 18:00,0,0,0,15.81,0,11.68,7.45,10.445,58.65,1014.345,2,6.666666667,2,180,0,12.34666667
10/05/2025 19:00,0,0,0,14.875,0,11.4,7.82,10.68,63.55,1014.335,2,5.722222222,2,195,0,10.59755556
10/05/2025 20:00,0,0,0,13.255,0,10.45,7.455,10.4,68.3,1014.565,2,4.888888889,2,197.2222222,0,9.054222222
10/05/2025 21:00,0,0,0,11.445,0,9.435,7.2,10.225,75.2,1014.79,2,3.888888889,2,187.7777778,0,7.202222222
10/05/2025 22:00,0,0,0,10.16,0,8.615,6.845,9.99,80.05,1014.655,2,3.722222222,2,227.2222222,0,6.893555556
10/05/2025 23:00,0,0,0,9.235,0,8.04,6.635,9.845,83.9,1014.49,2,3.5,2,207.2222222,0,6.482
11/05/2025 00:00,0,0,0,8.575,0,7.645,6.505,9.76,86.55,1014.255,2,3.5,2,191.1111111,1,6.482
11/05/2025 01:00,0,0,0,8.07,0,7.235,6.205,9.58,88,1014.16,2,3.277777778,2,178.3333333,1,6.070444444
11/05/2025 02:00,0,0,0,7.555,0,6.84,5.96,9.405,89.5,1013.835,2,3.166666667,2,195.5555556,1,5.864666667
11/05/2025 03:00,0,0,0,7.26,0,6.585,5.74,9.29,89.9,1013.5,2,3.722222222,2,172.2222222,1,6.893555556
11/05/2025 04:00,0,0,0,6.865,0,6.25,5.49,9.14,90.85,1013.01,2,3.944444444,2,190.5555556,1,7.305111111
11/05/2025 05:00,0,0.125,0,6.815,0,6.23,5.535,9.15,91.55,1012.68,2,4.444444444,2,193.8888889,1,8.231111111
11/05/2025 06:00,0,0.02,0,7.935,0,7.265,6.515,9.75,90.7,1012.56,2,4,2,172.7777778,1,7.408
11/05/2025 07:00,0,0.015,0,10.08,0,9.13,8.115,10.85,87.6,1012.32,2,4.166666667,2,201.1111111,1,7.716666667
11/05/2025 08:00,0,0.055,0,12,0,10.425,8.84,11.39,81.35,1012.27,2,4.388888889,2,224.4444444,1,8.128222222
11/05/2025 09:00,0,0.03,0,13.68,0,11.395,9.16,11.635,74.5,1012.24,2,4.333333333,2,268.3333333,1,8.025333333
11/05/2025 10:00,0,0.05,0,14.695,0,11.575,8.46,11.12,67.3,1012.065,2,4.5,2,248.3333333,1,8.334
11/05/2025 11:00,0,0.02,0,15.245,0,11.54,7.795,10.64,62.85,1011.925,2,5.388888889,2,243.8888889,1,9.980222222
11/05/2025 12:00,0,0.005,0,15.62,0,11.825,8.02,10.81,62.7,1011.855,2,5.944444444,2,231.1111111,1,11.00911111
11/05/2025 13:00,0,0.015,0,15.525,0,11.66,7.76,10.64,62.4,1011.7,2,6.555555556,2,253.8888889,1,12.14088889
11/05/2025 14:00,0,0.03,0,15.535,0,11.725,7.925,10.74,62.35,1011.57,2,6.777777778,2,250.5555556,1,12.55244444
11/05/2025 15:00,0,0.015,0,15.535,0,11.735,7.99,10.785,62.35,1011.49,2,7.055555556,2,257.2222222,1,13.06688889
11/05/2025 16:00,0,0,0,15.26,0,11.855,8.57,11.22,65.1,1011.57,2,7.5,2,270.5555556,1,13.89
11/05/2025 17:00,0,0,0,14.295,0,11.42,8.605,11.225,68.95,1011.715,2,8.444444444,2,298.8888889,1,15.63911111
11/05/2025 18:00,0,0,0,13.55,0,10.945,8.345,11.01,70.7,1011.865,2,8.277777778,2,287.7777778,1,15.33044444
11/05/2025 19:00,0,0.055,0,12.74,0,10.51,8.27,10.945,74.05,1012.2,2,7.777777778,2,282.7777778,1,14.40444444
11/05/2025 20:00,0,0.05,0,11.945,0,10.06,8.095,10.84,77.35,1012.475,2,7.833333333,2,267.7777778,1,14.50733333
11/05/2025 21:00,0,0,0,11.33,0,9.675,7.92,10.71,79.3,1012.88,2,8.111111111,2,294.4444444,1,15.02177778
11/05/2025 22:00,0,0.035,0,10.84,0,9.445,7.955,10.735,82.25,1013.11,2,7.555555556,2,295.5555556,1,13.99288889
11/05/2025 23:00,0,0.045,0,10.5,0,9.235,7.905,10.71,83.8,1013.16,2,7.333333333,2,275.5555556,1,13.58133333
12/05/2025 00:00,0,0.02,0,10.27,0,9.16,7.985,10.74,85.55,1013.02,2,7.444444444,2,257.7777778,1,13.78711111
12/05/2025 01:00,0,0.205,0,10.04,0,9.05,7.985,10.75,86.8,1012.735,2,7.611111111,2,258.8888889,1,14.09577778
12/05/2025 02:00,0,0.215,0,9.76,0,8.875,7.88,10.69,87.9,1012.62,2,7.555555556,2,257.7777778,1,13.99288889
12/05/2025 03:00,0,0.18,0,9.575,0,8.77,7.865,10.675,89.05,1012.49,2,7.111111111,2,266.1111111,1,13.16977778
12/05/2025 04:00,0,0.195,0,9.39,0,8.61,7.72,10.58,89.3,1012.315,2,7.222222222,2,263.8888889,1,13.37555556
12/05/2025 05:00,0,0.075,0,9.295,0,8.57,7.755,10.585,89.85,1012.305,2,6.944444444,2,261.1111111,1,12.86111111
12/05/2025 06:00,0,0.13,0,9.62,0,8.84,7.96,10.73,89.15,1012.435,2,7.555555556,2,256.6666667,1,13.99288889
12/05/2025 07:00,0,0.025,0,10.485,0,9.515,8.44,11.08,87.15,1012.535,2,8.611111111,2,287.2222222,1,15.94777778
12/05/2025 08:00,0,0.025,0,11.555,0,10.21,8.855,11.38,83.55,1012.665,2,9.166666667,2,275,1,16.97666667
12/05/2025 09:00,0,0.045,0,12.495,0,10.73,8.935,11.47,79.15,1012.88,2,9.111111111,2,213.8888889,1,16.87377778
12/05/2025 10:00,0,0.035,0,13.435,0,11.225,9.05,11.57,74.95,1012.785,2,9.444444444,2,273.3333333,1,17.49111111
12/05/2025 11:00,0,0.045,0,14.495,0,11.9,9.44,11.865,71.95,1012.705,2,8.611111111,2,159.4444444,1,15.94777778
12/05/2025 12:00,0,0.02,0,14.91,0,12.17,9.615,12.01,70.8,1012.745,2,8.111111111,2,151.6666667,1,15.02177778
12/05/2025 13:00,0,0,0,15.405,0,12.55,9.94,12.25,70,1012.81,2,8.111111111,2,160.5555556,1,15.02177778
12/05/2025 14:00,0,0.005,0,15.82,0,12.825,10.125,12.41,69,1013.05,2,7.944444444,2,126.1111111,1,14.71311111
12/05/2025 15:00,0,0.005,0,16.105,0,13.09,10.435,12.67,69.15,1012.99,2,7.5,2,107.2222222,1,13.89
12/05/2025 16:00,0,0,0,16.005,0,13.205,10.755,12.965,70.85,1013.195,2,6.888888889,2,91.11111111,1,12.75822222
12/05/2025 17:00,0,0.005,0,15.94,0,13.235,10.91,13.065,72.05,1013.395,2,6.777777778,2,145.5555556,1,12.55244444
12/05/2025 18:00,0,0,0,15.885,0,13.295,11.075,13.22,73.05,1013.54,2,6.055555556,2,169.4444444,1,11.21488889
12/05/2025 19:00,0,0,0,15.235,0,13.045,11.145,13.275,76.45,1014.04,2,5.944444444,2,95.55555556,1,11.00911111
12/05/2025 20:00,0,0.075,0,14.31,0,12.585,11.05,13.205,80.55,1014.675,2,5.555555556,2,147.2222222,1,10.28888889
12/05/2025 21:00,0,0.005,0,13.4,0,11.995,10.725,12.91,83.7,1015.04,2,4.888888889,2,142.2222222,1,9.054222222
12/05/2025 22:00,0,0.005,0,12.65,0,11.49,10.405,12.635,85.95,1015.34,2,4.333333333,2,153.8888889,1,8.025333333
12/05/2025 23:00,0,0,0,12.125,0,11.175,10.285,12.525,88.35,1015.555,2,4.111111111,2,117.7777778,1,7.613777778
13/05/2025 00:00,0,0,0,11.89,0,11.03,10.215,12.47,89.45,1015.815,2,4,2,135.5555556,1,7.408
13/05/2025 01:00,0,0,0,11.8,0,10.95,10.155,12.42,89.45,1016.03,2,4.5,2,108.8888889,1,8.334
13/05/2025 02:00,0,0,0,11.675,0,10.86,10.1,12.385,90,1016.265,2,5.222222222,2,132.7777778,1,9.671555556
13/05/2025 03:00,0,0,0,11.525,0,10.66,9.865,12.195,89.5,1016.43,2,5.388888889,2,118.3333333,1,9.980222222
13/05/2025 04:00,0,0.025,0,11.14,0,10.385,9.635,12.025,90.4,1016.79,2,5.666666667,2,120.5555556,1,10.49466667
13/05/2025 05:00,0,0.11,0,10.99,0,10.245,9.5,11.905,90.4,1017.295,2,5.166666667,2,100.5555556,1,9.568666667
13/05/2025 06:00,0,0.005,0,12.325,0,11.24,10.245,12.5,87.2,1017.755,2,5.388888889,2,100.5555556,1,9.980222222
13/05/2025 07:00,0,0,0,14.015,0,12.39,10.95,13.105,81.65,1018.115,2,6.277777778,2,105,1,11.62644444
13/05/2025 08:00,0,0,0,15.945,0,13.435,11.315,13.415,73.65,1018.52,2,7.5,2,88.88888889,1,13.89
13/05/2025 09:00,0,0,0,17.6,0,14.24,11.485,13.58,67.1,1018.685,2,8.277777778,2,93.33333333,1,15.33044444
13/05/2025 10:00,0,0,0,18.76,0,14.7,11.39,13.495,62.1,1018.905,2,8.833333333,2,77.77777778,1,16.35933333
13/05/2025 11:00,0,0,0,19.675,0,15,11.215,13.355,58.15,1019.01,2,9.666666667,2,80,1,17.90266667
13/05/2025 12:00,0,0,0,20.24,0,15.14,10.97,13.15,55.4,1019.065,2,10.77777778,2,82.77777778,1,19.96044444
13/05/2025 13:00,0,0,0,20.645,0,15.045,10.41,12.675,52.1,1018.96,2,11.44444444,2,81.66666667,1,21.19511111
13/05/2025 14:00,0,0,0,20.8,0,14.93,9.985,12.315,50.55,1018.87,2,11.66666667,2,87.22222222,1,21.60666667
13/05/2025 15:00,0,0,0,20.63,0,14.5,9.1,11.66,48.35,1018.865,2,11.61111111,2,85,1,21.50377778
13/05/2025 16:00,0,0,0,20.19,0,14.22,8.87,11.5,49.3,1018.91,2,11.33333333,2,85,1,20.98933333
13/05/2025 17:00,0,0,0,19.865,0,13.825,8.25,11.025,48.15,1018.86,2,11.27777778,2,92.22222222,1,20.88644444
13/05/2025 18:00,0,0,0,19.325,0,13.47,7.915,10.78,48.45,1018.805,2,10.05555556,2,93.88888889,1,18.62288889
13/05/2025 19:00,0,0,0,18.21,0,12.965,7.91,10.765,51.8,1019.1,2,8.777777778,2,88.88888889,1,16.25644444
13/05/2025 20:00,0,0.02,0,16.45,0,12.13,7.88,10.705,57.3,1019.49,2,6.944444444,2,106.6666667,1,12.86111111
13/05/2025 21:00,0,0.1,0,14.73,0,11.285,7.775,10.63,63.25,1020.13,2,5.555555556,2,93.88888889,1,10.28888889
13/05/2025 22:00,0,0.04,0,13.215,0,10.59,7.83,10.675,70.1,1020.4,2,4.944444444,2,85.55555556,1,9.157111111
13/05/2025 23:00,0,0,0,12.265,0,10.01,7.585,10.495,73.55,1020.545,2,5.111111111,2,126.6666667,1,9.465777778
14/05/2025 00:00,0,0,0,11.635,0,9.57,7.34,10.32,75.35,1020.55,2,4.444444444,2,127.7777778,1,8.231111111
14/05/2025 01:00,0,0,0,11.19,0,9.34,7.335,10.305,77.35,1020.53,2,4.333333333,2,117.7777778,1,8.025333333
14/05/2025 02:00,0,0,0,10.81,0,9.18,7.405,10.345,79.55,1020.625,2,4.055555556,2,132.7777778,1,7.510888889
14/05/2025 03:00,0,0,0,10.62,0,9.095,7.44,10.385,80.7,1020.77,2,4.722222222,2,107.2222222,1,8.745555556
14/05/2025 04:00,0,0,0,10.14,0,8.805,7.34,10.32,82.8,1020.87,2,4.666666667,2,121.6666667,1,8.642666667
14/05/2025 05:00,0,0.005,0,10.09,0,8.805,7.375,10.345,83.3,1021.13,2,5.111111111,2,88.33333333,1,9.465777778
14/05/2025 06:00,0,0,0,11.43,0,9.8,8.1,10.84,80.2,1021.47,2,5.5,2,123.3333333,1,10.186
14/05/2025 07:00,0,0,0,13.23,0,11.01,8.82,11.365,74.65,1021.835,2,5.833333333,2,91.11111111,1,10.80333333
14/05/2025 08:00,0,0,0,14.87,0,12,9.28,11.745,69.15,1022.2,2,7.166666667,2,104.4444444,1,13.27266667
14/05/2025 09:00,0,0,0,16.24,0,12.61,9.23,11.73,63.25,1022.48,2,7.722222222,2,94.44444444,1,14.30155556
14/05/2025 10:00,0,0,0,17.275,0,13.12,9.34,11.815,59.9,1022.56,2,8.611111111,2,99.44444444,1,15.94777778
14/05/2025 11:00,0,0,0,18.075,0,13.455,9.265,11.76,57.05,1022.68,2,9.277777778,2,102.7777778,1,17.18244444
14/05/2025 12:00,0,0,0,18.595,0,13.83,9.63,12.055,56.7,1022.76,2,9.666666667,2,101.6666667,1,17.90266667
14/05/2025 13:00,0,0,0,18.795,0,13.815,9.38,11.88,55.3,1022.82,2,9.5,2,115.5555556,1,17.594
14/05/2025 14:00,0,0,0,19.215,0,13.91,9.21,11.72,53.1,1022.89,2,9.111111111,2,102.7777778,1,16.87377778
14/05/2025 15:00,0,0,0,18.955,0,13.65,8.775,11.4,52.55,1022.855,2,9,2,116.6666667,1,16.668
14/05/2025 16:00,0,0.13,0,18.77,0,13.49,8.61,11.29,52.65,1022.865,2,9,2,124.4444444,1,16.668
14/05/2025 17:00,0,0.19,0,18.43,0,13.4,8.74,11.37,54.2,1023.03,2,8.611111111,2,112.7777778,1,15.94777778
14/05/2025 18:00,0,0.04,0,17.73,0,12.84,8.13,10.965,54.5,1023.21,2,8.277777778,2,97.22222222,1,15.33044444
14/05/2025 19:00,0,0,0,16.74,0,12.275,7.87,10.775,56.65,1023.6,2,7.222222222,2,113.8888889,1,13.37555556
14/05/2025 20:00,0,0,0,15.035,0,11.51,7.98,10.785,63,1024.095,2,6.111111111,2,105.5555556,1,11.31777778
14/05/2025 21:00,0,0,0,13.07,0,10.45,7.735,10.595,70.25,1024.715,2,5.222222222,2,125.5555556,1,9.671555556
14/05/2025 22:00,0,0,0,11.685,0,9.63,7.46,10.41,75.6,1025.155,2,4.444444444,2,112.7777778,1,8.231111111
14/05/2025 23:00,0,0,0,10.52,0,8.85,7.025,10.09,79.15,1025.395,2,4.444444444,2,100,1,8.231111111
15/05/2025 00:00,0,0,0,9.73,0,8.37,6.87,9.98,82.4,1025.615,2,4.166666667,2,148.3333333,1,7.716666667
15/05/2025 01:00,0,0,0,9.1,0,7.88,6.485,9.74,83.8,1025.755,2,4.277777778,2,120,1,7.922444444
15/05/2025 02:00,0,0.005,0,8.605,0,7.53,6.33,9.605,85.65,1025.78,2,4,2,143.8888889,1,7.408
15/05/2025 03:00,0,0,0,8.12,0,7.17,6.045,9.45,87,1025.93,2,4.333333333,2,130,1,8.025333333
15/05/2025 04:00,0,0,0,7.82,0,6.965,5.97,9.4,88.2,1026.14,2,4.277777778,2,108.8888889,1,7.922444444
15/05/2025 05:00,0,0,0,7.675,0,6.87,5.915,9.35,88.65,1026.475,2,3.888888889,2,128.3333333,1,7.202222222
15/05/2025 06:00,0,0,0,9.33,0,8.245,7.06,10.085,85.85,1026.88,2,4,2,130.5555556,1,7.408
15/05/2025 07:00,0,0,0,11.995,0,10.195,8.345,11.015,78.4,1027.175,2,4.166666667,2,133.3333333,1,7.716666667
15/05/2025 08:00,0,0,0,14.185,0,11.415,8.69,11.285,69.55,1027.445,2,5.111111111,2,107.2222222,1,9.465777778
15/05/2025 09:00,0,0,0,15.995,0,12.425,9.055,11.605,63.25,1027.655,2,5.388888889,2,119.4444444,1,9.980222222
15/05/2025 10:00,0,0,0,17.23,0,12.955,9.005,11.585,58.25,1027.64,2,5.722222222,2,119.4444444,1,10.59755556
15/05/2025 11:00,0,0,0,18.165,0,13.53,9.31,11.84,56.25,1027.79,2,6.444444444,2,130,1,11.93511111
15/05/2025 12:00,0,0,0,18.81,0,13.575,8.745,11.44,52.5,1027.855,2,6.555555556,2,127.7777778,1,12.14088889
15/05/2025 13:00,0,0,0,19.28,0,13.71,8.475,11.285,50.7,1027.75,2,6.611111111,2,130.5555556,1,12.24377778
15/05/2025 14:00,0,0,0,19.49,0,13.795,8.47,11.275,50.35,1027.705,2,6.611111111,2,135.5555556,1,12.24377778
15/05/2025 15:00,0,0,0,19.63,0,13.94,8.685,11.435,50.8,1027.66,2,7.055555556,2,120,1,13.06688889
15/05/2025 16:00,0,0,0,19.535,0,13.59,7.91,10.9,48.8,1027.525,2,6.888888889,2,112.7777778,1,12.75822222
15/05/2025 17:00,0,0,0,19.345,0,13.43,7.765,10.745,48.6,1027.375,2,6.555555556,2,119.4444444,1,12.14088889
15/05/2025 18:00,0,0,0,18.685,0,13.32,8.25,11.07,51.7,1027.435,2,6.333333333,2,118.8888889,1,11.72933333
15/05/2025 19:00,0,0,0,17.495,0,12.625,7.84,10.75,53.85,1027.57,2,6.277777778,2,118.3333333,1,11.62644444
15/05/2025 20:00,0,0,0,15.63,0,11.585,7.47,10.45,58.8,1027.89,2,5.111111111,2,99.44444444,1,9.465777778
15/05/2025 21:00,0,0,0,13.305,0,10.285,7.065,10.14,66.25,1028.39,2,4.277777778,2,115,1,7.922444444
15/05/2025 22:00,0,0,0,11.82,0,9.535,7.04,10.07,72.55,1028.55,2,4.388888889,2,89.44444444,1,8.128222222
15/05/2025 23:00,0,0,0,10.96,0,9.025,6.91,9.99,76.1,1028.605,2,3.944444444,2,124.4444444,1,7.305111111
16/05/2025 00:00,0,0,0,9.93,0,8.395,6.69,9.855,80.4,1028.68,2,3.555555556,2,160,0,6.584888889
16/05/2025 01:00,0,0,0,9.205,0,7.805,6.22,9.54,82.1,1028.65,2,3.333333333,2,115,0,6.173333333
16/05/2025 02:00,0,0,0,8.84,0,7.64,6.29,9.585,84.3,1028.735,2,4.055555556,2,117.2222222,0,7.510888889
16/05/2025 03:00,0,0,0,8.34,0,7.11,5.65,9.185,83.75,1028.72,2,3.833333333,2,122.7777778,0,7.099333333
16/05/2025 04:00,0,0,0,8.16,0,7.07,5.8,9.275,85.55,1028.68,2,3.944444444,2,111.1111111,0,7.305111111
16/05/2025 05:00,0,0,0,7.91,0,6.945,5.785,9.245,86.75,1028.755,2,4.111111111,2,108.3333333,0,7.613777778
16/05/2025 06:00,0,0,0,9.6,0,8.47,7.235,10.245,85.35,1028.825,2,3.888888889,2,100.5555556,0,7.202222222
16/05/2025 07:00,0,0,0,11.86,0,10.13,8.375,11.025,79.4,1028.945,2,4.5,2,136.6666667,0,8.334
16/05/2025 08:00,0,0,0,13.82,0,11.325,8.905,11.42,72.15,1028.965,2,5.555555556,2,63.88888889,0,10.28888889
16/05/2025 09:00,0,0,0,15.475,0,12.31,9.385,11.815,66.9,1028.875,2,5.944444444,2,111.1111111,0,11.00911111
16/05/2025 10:00,0,0,0,16.61,0,12.84,9.375,11.825,62.4,1028.755,2,6.888888889,2,115.5555556,0,12.75822222
16/05/2025 11:00,0,0,0,17.615,0,13.305,9.37,11.815,58.85,1028.815,2,7.444444444,2,95.55555556,0,13.78711111
16/05/2025 12:00,0,0,0,18.315,0,13.45,9.065,11.57,55.35,1028.65,2,7.833333333,2,97.22222222,0,14.50733333
16/05/2025 13:00,0,0,0,18.87,0,13.5,8.565,11.235,52.2,1028.495,2,8.222222222,2,100,0,15.22755556
16/05/2025 14:00,0,0,0,19.445,0,13.58,8.035,10.89,49.1,1028.24,2,7.888888889,2,99.44444444,0,14.61022222
16/05/2025 15:00,0,0,0,19.51,0,13.715,8.315,11.11,49.9,1027.97,2,7.555555556,2,102.7777778,0,13.99288889
16/05/2025 16:00,0,0,0,19.525,0,13.505,7.73,10.71,48.4,1027.595,2,7.333333333,2,111.1111111,0,13.58133333
16/05/2025 17:00,0,0,0,19.35,0,13.135,6.845,10.19,46.6,1027.32,2,7.222222222,2,106.6666667,0,13.37555556
16/05/2025 18:00,0,0,0,18.755,0,12.67,6.24,9.82,46.65,1027.205,2,6.888888889,2,109.4444444,0,12.75822222
16/05/2025 19:00,0,0,0,17.845,0,12.135,6.05,9.655,47.9,1027.07,2,5.888888889,2,108.3333333,0,10.90622222
16/05/2025 20:00,0,0,0,15.885,0,11.1,5.755,9.425,52.15,1027.17,2,4.611111111,2,89.44444444,0,8.539777778
16/05/2025 21:00,0,0,0,12.975,0,9.78,6.195,9.62,64.2,1027.385,2,3.888888889,2,93.88888889,0,7.202222222
16/05/2025 22:00,0,0,0,11.205,0,8.735,5.85,9.395,70.3,1027.395,2,4.277777778,2,101.1111111,0,7.922444444
16/05/2025 23:00,0,0,0,10.065,0,8.005,5.485,9.16,74,1027.415,2,3.833333333,2,97.22222222,0,7.099333333
17/05/2025 00:00,0,0,0,9.11,0,7.27,4.92,8.815,76.1,1027.25,2,3.611111111,2,110,0,6.687777778
17/05/2025 01:00,0,0,0,8.43,0,6.74,4.57,8.58,77.65,1027.015,2,3.333333333,2,125.5555556,0,6.173333333
17/05/2025 02:00,0,0,0,7.485,0,6.065,4.235,8.375,80.65,1026.705,2,3.111111111,2,143.3333333,0,5.761777778
17/05/2025 03:00,0,0.005,0,6.955,0,5.75,4.15,8.305,82.65,1026.42,2,3.166666667,2,117.7777778,0,5.864666667
17/05/2025 04:00,0,0,0,6.52,0,5.42,3.995,8.205,84.25,1026.25,2,3.166666667,2,158.8888889,0,5.864666667
17/05/2025 05:00,0,0.005,0,6.4,0,5.395,4.075,8.245,85.45,1026.115,2,3.055555556,2,125,0,5.658888889
17/05/2025 06:00,0,0.005,0,8.87,0,7.52,5.91,9.35,82.05,1026.105,2,3.611111111,2,140.5555556,0,6.687777778
17/05/2025 07:00,0,0,0,12.315,0,9.85,7.19,10.22,71.7,1026.04,2,3.5,2,125,0,6.482
17/05/2025 08:00,0,0,0,14.99,0,11.36,7.67,10.555,62.15,1025.875,2,3.888888889,2,135.5555556,0,7.202222222
17/05/2025 09:00,0,0,0,17.11,0,11.97,6.73,9.91,51.1,1025.65,2,4.555555556,2,101.6666667,0,8.436888889
17/05/2025 10:00,0,0,0,18.65,0,12.585,6.505,9.73,45.7,1025.355,2,5.222222222,2,98.88888889,0,9.671555556
17/05/2025 11:00,0,0,0,19.34,0,13.085,6.98,10.06,45.6,1025.005,2,6.444444444,2,87.77777778,0,11.93511111
17/05/2025 12:00,0,0,0,19.69,0,13.16,6.72,9.91,44.2,1024.565,2,7.555555556,2,92.22222222,0,13.99288889
17/05/2025 13:00,0,0,0,19.915,0,13.61,7.7,10.58,46.5,1024.245,2,8.611111111,2,85.55555556,0,15.94777778
17/05/2025 14:00,0,0,0,19.945,0,13.685,7.8,10.67,47,1023.945,2,9.055555556,2,102.2222222,0,16.77088889
17/05/2025 15:00,0,0,0,19.81,0,13.62,7.77,10.675,47.55,1023.64,2,9.055555556,2,98.33333333,0,16.77088889
17/05/2025 16:00,0,0,0,19.66,0,13.695,8.17,10.93,48.8,1023.355,2,8.944444444,2,105.5555556,0,16.56511111
17/05/2025 17:00,0,0,0,19.355,0,13.425,7.87,10.675,48.3,1023.025,2,8.555555556,2,118.3333333,0,15.84488889
17/05/2025 18:00,0,0,0,18.545,0,13.06,7.82,10.705,51.1,1022.795,2,8.111111111,2,102.2222222,0,15.02177778
17/05/2025 19:00,0,0,0,17.39,0,12.515,7.795,10.65,54.3,1022.76,2,7.444444444,2,97.77777778,0,13.78711111
17/05/2025 20:00,0,0,0,15.725,0,11.775,7.855,10.69,60.3,1023.045,2,5.444444444,2,97.77777778,0,10.08311111
17/05/2025 21:00,0,0,0,13.47,0,10.635,7.685,10.545,68.35,1023.41,2,4.222222222,2,103.8888889,0,7.819555556
17/05/2025 22:00,0,0,0,11.89,0,9.635,7.22,10.2,73.5,1023.59,2,3.944444444,2,108.3333333,0,7.305111111
17/05/2025 23:00,0,0,0,10.91,0,8.995,6.865,9.985,76.8,1023.665,2,3.888888889,2,92.22222222,0,7.202222222
18/05/2025 00:00,0,0,0,9.845,0,8.265,6.505,9.73,80.6,1023.68,2,3.444444444,2,108.3333333,1,6.379111111
18/05/2025 01:00,0,0,0,8.925,0,7.69,6.285,9.58,84.15,1023.52,2,3.333333333,2,102.2222222,1,6.173333333
18/05/2025 02:00,0,0,0,8.39,0,7.25,5.96,9.355,85.15,1023.225,2,3.722222222,2,130,1,6.893555556
18/05/2025 03:00,0,0,0,8.125,0,7.12,5.965,9.38,86.8,1023.03,2,3.777777778,2,133.8888889,1,6.996444444
18/05/2025 04:00,0,0,0,7.555,0,6.675,5.65,9.175,88,1022.865,2,3.944444444,2,116.1111111,1,7.305111111
18/05/2025 05:00,0,0,0,7.25,0,6.445,5.52,9.11,88.95,1022.895,2,3.333333333,2,105.5555556,1,6.173333333
18/05/2025 06:00,0,0,0,9.455,0,8.37,7.18,10.175,85.9,1022.87,2,2.722222222,2,134.4444444,1,5.041555556
18/05/2025 07:00,0,0,0,12.675,0,10.69,8.72,11.285,77.25,1022.775,2,3.666666667,2,117.7777778,1,6.790666667
18/05/2025 08:00,0,0,0,15.4,0,12.045,8.83,11.385,65.35,1022.73,2,5.666666667,2,107.2222222,1,10.49466667
18/05/2025 09:00,0,0,0,17.26,0,12.94,8.91,11.455,58.25,1022.56,2,6.5,2,107.7777778,1,12.038
18/05/2025 10:00,0,0,0,18.535,0,13.495,8.92,11.465,53.85,1022.34,2,6.777777778,2,115,1,12.55244444
18/05/2025 11:00,0,0,0,19.27,0,13.725,8.665,11.27,51.05,1021.98,2,6.888888889,2,94.44444444,1,12.75822222
18/05/2025 12:00,0,0,0,19.46,0,13.67,8.27,11.05,49.9,1021.795,2,7.944444444,2,101.1111111,1,14.71311111
18/05/2025 13:00,0,0,0,19.6,0,13.625,7.98,10.835,48.75,1021.405,2,8.888888889,2,86.11111111,1,16.46222222
18/05/2025 14:00,0,0,0,19.89,0,13.82,8.14,10.955,48.3,1021.05,2,8.722222222,2,93.33333333,1,16.15355556
18/05/2025 15:00,0,0,0,19.82,0,13.625,7.69,10.64,47.5,1020.82,2,9,2,93.33333333,1,16.668
18/05/2025 16:00,0,0,0,19.685,0,13.67,7.955,10.835,48.3,1020.435,2,9.055555556,2,113.3333333,1,16.77088889
18/05/2025 17:00,0,0,0,19.435,0,13.2,6.995,10.21,46.5,1020.16,2,9.111111111,2,111.6666667,1,16.87377778
18/05/2025 18:00,0,0,0,18.72,0,12.905,7.1,10.26,48.6,1019.965,2,8.888888889,2,116.1111111,1,16.46222222
18/05/2025 19:00,0,0,0,17.775,0,12.385,6.94,10.08,50.4,1019.92,2,8.055555556,2,115.5555556,1,14.91888889
18/05/2025 20:00,0,0,0,15.94,0,11.595,7.12,10.17,56.7,1020.075,2,6.333333333,2,111.1111111,1,11.72933333
18/05/2025 21:00,0,0,0,13.66,0,10.465,7.03,10.105,65.05,1020.405,2,4.833333333,2,88.88888889,1,8.951333333
18/05/2025 22:00,0,0,0,12.01,0,9.565,6.87,9.98,71.75,1020.45,2,4.111111111,2,105,1,7.613777778
18/05/2025 23:00,0,0,0,11.1,0,8.96,6.55,9.79,74.35,1020.475,2,3.944444444,2,131.6666667,1,7.305111111
19/05/2025 00:00,0,0,0,10.05,0,8.4,6.505,9.735,78.95,1020.42,2,3.611111111,2,149.4444444,1,6.687777778
19/05/2025 01:00,0,0,0,9.265,0,7.975,6.49,9.73,82.95,1020.205,2,3.944444444,2,94.44444444,1,7.305111111
19/05/2025 02:00,0,0,0,8.65,0,7.565,6.33,9.635,85.45,1020.105,2,4.166666667,2,98.33333333,1,7.716666667
19/05/2025 03:00,0,0,0,8.095,0,7.14,6.02,9.425,86.5,1020.08,2,4.611111111,2,117.7777778,1,8.539777778
19/05/2025 04:00,0,0,0,7.955,0,7.11,6.12,9.485,88.1,1020.09,2,4.888888889,2,112.2222222,1,9.054222222
19/05/2025 05:00,0,0.005,0,8.28,0,7.36,6.315,9.62,87.4,1020.275,2,5.111111111,2,100,1,9.465777778
19/05/2025 06:00,0,0,0,9.8,0,8.635,7.345,10.275,84.7,1020.58,2,5.222222222,2,105.5555556,1,9.671555556
19/05/2025 07:00,0,0,0,11.925,0,10.11,8.28,10.955,78.15,1020.76,2,5.833333333,2,86.11111111,1,10.80333333
19/05/2025 08:00,0,0,0,13.63,0,11.1,8.615,11.225,71.55,1021.095,2,7.444444444,2,112.7777778,1,13.78711111
19/05/2025 09:00,0,0,0,14.925,0,11.89,8.995,11.53,67.55,1021.355,2,8.222222222,2,101.6666667,1,15.22755556
19/05/2025 10:00,0,0,0,15.61,0,12.225,9.065,11.57,65,1021.28,2,8.888888889,2,106.1111111,1,16.46222222
19/05/2025 11:00,0,0,0,16.27,0,12.475,8.935,11.51,61.9,1021.265,2,9.666666667,2,108.3333333,1,17.90266667
19/05/2025 12:00,0,0.03,0,16.585,0,12.555,8.765,11.395,60.4,1021.145,2,9.388888889,2,107.7777778,1,17.38822222
19/05/2025 13:00,0,0.005,0,16.715,0,12.74,9.045,11.605,61.2,1021.065,2,9.111111111,2,106.1111111,1,16.87377778
19/05/2025 14:00,0,0,0,16.88,0,12.695,8.725,11.375,58.85,1021.02,2,9.055555556,2,110.5555556,1,16.77088889
19/05/2025 15:00,0,0,0,16.585,0,12.465,8.535,11.23,59.3,1021.015,2,8.944444444,2,111.1111111,1,16.56511111
19/05/2025 16:00,0,0,0,16.155,0,12.27,8.5,11.22,60.75,1020.995,2,8.833333333,2,118.3333333,1,16.35933333
19/05/2025 17:00,0,0,0,15.87,0,12.035,8.22,11.025,60.8,1021.075,2,8.722222222,2,115.5555556,1,16.15355556
19/05/2025 18:00,0,0.385,0,15.155,0,11.6,8.015,10.855,62.95,1021.21,2,8.388888889,2,104.4444444,1,15.53622222
19/05/2025 19:00,0,0.09,0,14.49,0,11.24,7.89,10.795,65.15,1021.4,2,7.166666667,2,108.3333333,1,13.27266667
19/05/2025 20:00,0,0,0,13.2,0,10.58,7.795,10.7,69.95,1021.685,2,5.777777778,2,108.8888889,1,10.70044444
19/05/2025 21:00,0,0,0,11.8,0,9.79,7.635,10.57,75.75,1022.08,2,4.5,2,103.3333333,1,8.334
19/05/2025 22:00,0,0,0,10.855,0,9.125,7.22,10.29,78.8,1022.19,2,4.388888889,2,98.33333333,1,8.128222222
19/05/2025 23:00,0,0,0,9.81,0,8.415,6.865,10.05,82.25,1022.125,2,4.722222222,2,106.1111111,1,8.745555556
20/05/2025 00:00,0,0,0,9.31,0,8.075,6.665,9.94,83.75,1022.155,2,4.444444444,2,131.1111111,1,8.231111111
20/05/2025 01:00,0,0,0,8.705,0,7.63,6.415,9.78,85.75,1022.165,2,4.222222222,2,111.1111111,1,7.819555556
20/05/2025 02:00,0,0,0,8.285,0,7.335,6.25,9.68,87.05,1022.065,2,4.444444444,2,134.4444444,1,8.231111111
20/05/2025 03:00,0,0,0,8.285,0,7.375,6.355,9.755,87.85,1022.025,2,4.333333333,2,143.8888889,1,8.025333333
20/05/2025 04:00,0,0,0,7.715,0,6.965,6.115,9.61,89.45,1022.025,2,4.055555556,2,104.4444444,1,7.510888889
20/05/2025 05:00,0,0,0,7.79,0,7.065,6.265,9.695,89.85,1022.215,2,4.222222222,2,129.4444444,1,7.819555556
20/05/2025 06:00,0,0,0,9.06,0,8.23,7.34,10.35,88.9,1022.46,2,3.611111111,2,132.7777778,1,6.687777778
20/05/2025 07:00,0,0,0,11.505,0,9.975,8.405,11.085,81.25,1022.555,2,3.833333333,2,110.5555556,1,7.099333333
20/05/2025 08:00,0,0,0,13.23,0,11.005,8.77,11.38,74.45,1022.56,2,5.055555556,2,123.8888889,1,9.362888889
20/05/2025 09:00,0,0,0,13.98,0,11.38,8.85,11.4,71.2,1022.495,2,5.722222222,2,115,1,10.59755556
20/05/2025 10:00,0,0,0,15.115,0,12.085,9.185,11.68,67.95,1022.515,2,5.5,2,130,1,10.186
20/05/2025 11:00,0,0,0,15.62,0,12.3,9.155,11.665,65.75,1022.24,2,5.444444444,2,128.3333333,1,10.08311111
20/05/2025 12:00,0,0.01,0,16.11,0,12.505,9.125,11.64,63.9,1021.98,2,5.666666667,2,175,1,10.49466667
20/05/2025 13:00,0,0.085,0,16.46,0,12.67,9.095,11.64,62.8,1021.665,2,5.833333333,2,173.8888889,1,10.80333333
20/05/2025 14:00,0,0.095,0,16.585,0,12.62,8.845,11.465,61.7,1021.435,2,6.277777778,2,188.8888889,1,11.62644444
20/05/2025 15:00,0,0.13,0,16.335,0,12.38,8.54,11.215,61.5,1021.39,2,6.388888889,2,192.7777778,1,11.83222222
20/05/2025 16:00,0,0.065,0,15.835,0,12.365,8.97,11.575,65.9,1021.305,2,7.111111111,2,202.7777778,1,13.16977778
20/05/2025 17:00,0,0.485,0,15.24,0,12.075,9.06,11.59,68.45,1021.285,2,6.944444444,2,185,1,12.86111111
20/05/2025 18:00,0,0.275,0,14.53,0,11.85,9.34,11.76,71.55,1021.175,2,6.611111111,2,176.6666667,1,12.24377778
20/05/2025 19:00,0,0.28,0,13.72,0,11.445,9.29,11.73,74.95,1021.105,2,5.888888889,2,193.3333333,1,10.90622222
20/05/2025 20:00,0,0.05,0,12.825,0,10.915,9.05,11.525,77.95,1021.055,2,4.888888889,2,178.3333333,1,9.054222222
20/05/2025 21:00,0,0.19,0,11.825,0,10.42,9.045,11.52,82.95,1021.185,2,4.722222222,2,204.4444444,1,8.745555556
20/05/2025 22:00,0,0.035,0,10.88,0,9.805,8.705,11.27,86.3,1021.22,2,3.777777778,2,203.3333333,1,6.996444444
20/05/2025 23:00,0,0.03,0,10.185,0,9.44,8.695,11.275,90.2,1021.025,2,3.388888889,2,195.5555556,1,6.276222222
21/05/2025 00:00,0,0.06,0,9.42,0,8.79,8.13,10.86,91.5,1020.825,2,3.444444444,2,181.1111111,1,6.379111111
21/05/2025 01:00,0,0.025,0,8.925,0,8.43,7.94,10.755,93.25,1020.675,2,3.277777778,2,226.6666667,1,6.070444444
21/05/2025 02:00,0,0.07,0,8.5,0,8.085,7.62,10.525,93.8,1020.565,2,3.444444444,2,212.2222222,1,6.379111111
21/05/2025 03:00,0,0.01,0,8.205,0,7.86,7.5,10.45,94.95,1020.47,2,3.5,2,193.8888889,1,6.482
21/05/2025 04:00,0,0.01,0,8.045,0,7.76,7.44,10.395,95.65,1020.335,2,3.5,2,191.6666667,1,6.482
21/05/2025 05:00,0,0.005,0,7.885,0,7.605,7.285,10.315,95.6,1020.575,2,3.777777778,2,229.4444444,1,6.996444444
21/05/2025 06:00,0,0.005,0,9.25,0,8.87,8.485,11.14,94.85,1020.98,2,3.722222222,2,246.6666667,1,6.893555556
21/05/2025 07:00,0,0.005,0,11.29,0,10.61,9.9,12.24,91,1021.235,2,4.388888889,2,217.2222222,1,8.128222222
21/05/2025 08:00,0,0,0,12.92,0,11.43,10.07,12.355,83.1,1021.425,2,5.444444444,2,306.6666667,1,10.08311111
21/05/2025 09:00,0,0,0,14.27,0,12.055,10.025,12.315,75.9,1021.455,2,5.888888889,2,313.3333333,1,10.90622222
21/05/2025 10:00,0,0,0,15.78,0,12.77,10.045,12.355,69.25,1021.48,2,6,2,315.5555556,1,11.112
21/05/2025 11:00,0,0,0,17.045,0,13.25,9.86,12.23,63.05,1021.39,2,6.666666667,2,306.1111111,1,12.34666667
21/05/2025 12:00,0,0,0,17.925,0,13.495,9.505,11.935,58.25,1021.32,2,7.333333333,2,306.1111111,1,13.58133333
21/05/2025 13:00,0,0,0,18.69,0,13.705,9.195,11.695,54.5,1021.215,2,7.555555556,2,283.3333333,1,13.99288889
21/05/2025 14:00,0,0,0,19.225,0,13.835,8.94,11.53,52.2,1021.07,2,8.166666667,2,305,1,15.12466667
21/05/2025 15:00,0,0,0,19.425,0,13.96,8.99,11.58,52.05,1020.935,2,8.055555556,2,295,1,14.91888889
21/05/2025 16:00,0,0,0,19.26,0,13.81,8.79,11.455,52.1,1020.82,2,8.611111111,2,286.6666667,1,15.94777778
21/05/2025 17:00,0,0,0,18.79,0,13.485,8.465,11.225,52.3,1020.715,2,8.944444444,2,301.6666667,1,16.56511111
21/05/2025 18:00,0,0,0,18.075,0,13.015,8.15,10.96,53.25,1020.75,2,9,2,302.2222222,1,16.668
21/05/2025 19:00,0,0,0,17.19,0,12.72,8.425,11.155,57.2,1020.925,2,8.777777778,2,305,1,16.25644444
21/05/2025 20:00,0,0,0,15.44,0,11.89,8.37,11.075,63.35,1021.245,2,7.777777778,2,309.4444444,1,14.40444444
21/05/2025 21:00,0,0,0,13.565,0,10.815,8,10.795,69.65,1021.795,2,6.611111111,2,321.6666667,1,12.24377778
21/05/2025 22:00,0,0,0,12.4,0,10.155,7.785,10.635,73.95,1021.845,2,5.944444444,2,305,1,11.00911111
21/05/2025 23:00,0,0,0,11.065,0,9.35,7.515,10.435,79.15,1021.715,2,5.444444444,2,303.8888889,1,10.08311111
22/05/2025 00:00,0,0,0,10.095,0,8.775,7.295,10.31,83.3,1021.7,2,4.833333333,2,276.1111111,1,8.951333333
22/05/2025 01:00,0,0,0,9.575,0,8.445,7.15,10.2,85.3,1021.6,2,5.333333333,2,268.8888889,1,9.877333333
22/05/2025 02:00,0,0,0,8.715,0,7.82,6.805,9.96,88.15,1021.515,2,4.666666667,2,288.8888889,1,8.642666667
22/05/2025 03:00,0,0,0,8.19,0,7.455,6.64,9.84,90.15,1021.41,2,4.444444444,2,286.6666667,1,8.231111111
22/05/2025 04:00,0,0,0,7.555,0,7.005,6.4,9.695,92.3,1021.51,2,3.833333333,2,246.6666667,1,7.099333333
22/05/2025 05:00,0,0,0,7.5,0,7.01,6.45,9.755,92.9,1021.795,2,3.666666667,2,272.7777778,1,6.790666667
22/05/2025 06:00,0,0,0,8.935,0,8.34,7.685,10.535,91.85,1021.94,2,3.555555556,2,202.2222222,1,6.584888889
22/05/2025 07:00,0,0,0,10.84,0,9.835,8.815,11.36,87.2,1021.995,2,4.277777778,2,222.2222222,1,7.922444444
22/05/2025 08:00,0,0.005,0,12.765,0,10.775,8.79,11.355,76.7,1022.005,2,4.888888889,2,285,1,9.054222222
22/05/2025 09:00,0,0,0,14.09,0,11.36,8.68,11.27,69.7,1021.98,2,5.388888889,2,245.5555556,1,9.980222222
22/05/2025 10:00,0,0,0,15.195,0,11.665,8.225,10.94,63.05,1021.865,2,5.444444444,2,290,1,10.08311111
22/05/2025 11:00,0,0,0,16.36,0,11.96,7.585,10.48,56.15,1021.72,2,5.611111111,2,298.8888889,1,10.39177778
22/05/2025 12:00,0,0,0,16.81,0,12.45,8.245,10.975,57.45,1021.685,2,6.555555556,2,277.2222222,1,12.14088889
22/05/2025 13:00,0,0,0,17.29,0,12.8,8.52,11.215,57.1,1021.52,2,7.666666667,2,272.7777778,1,14.19866667
22/05/2025 14:00,0,0,0,17.645,0,12.895,8.375,11.09,55.1,1021.305,2,7.833333333,2,262.2222222,1,14.50733333
22/05/2025 15:00,0,0,0,17.76,0,12.85,8.12,10.925,54.3,1021.275,2,7.722222222,2,257.2222222,1,14.30155556
22/05/2025 16:00,0,0,0,17.86,0,12.875,8.055,10.885,53.8,1021.025,2,7.722222222,2,263.8888889,1,14.30155556
22/05/2025 17:00,0,0,0,17.585,0,12.81,8.185,11.015,55.6,1020.895,2,7.611111111,2,240,1,14.09577778
22/05/2025 18:00,0,0,0,17.055,0,12.525,8.12,10.95,56.95,1020.855,2,7,2,226.6666667,1,12.964
22/05/2025 19:00,0,0,0,15.99,0,12.055,8.235,10.97,60.65,1021.17,2,7.444444444,2,227.2222222,1,13.78711111
22/05/2025 20:00,0,0,0,14.29,0,11.26,8.265,10.98,67.2,1021.4,2,7.111111111,2,221.6666667,1,13.16977778
22/05/2025 21:00,0,0,0,12.315,0,10.16,7.975,10.76,74.65,1021.725,2,5.611111111,2,241.1111111,1,10.39177778
22/05/2025 22:00,0,0,0,10.83,0,9.315,7.7,10.57,80.75,1021.805,2,4.722222222,2,226.1111111,1,8.745555556
22/05/2025 23:00,0,0,0,9.66,0,8.505,7.24,10.275,84.45,1021.79,2,3.888888889,2,231.1111111,1,7.202222222
23/05/2025 00:00,0,0,0,8.8,0,7.925,6.95,10.07,87.9,1021.71,2,3.222222222,2,202.2222222,0,5.967555556
23/05/2025 01:00,0,0,0,8.07,0,7.36,6.535,9.805,89.7,1021.425,2,3.222222222,2,227.7777778,0,5.967555556
23/05/2025 02:00,0,0,0,7.605,0,7.005,6.305,9.665,91.15,1021.045,2,3,2,205.5555556,0,5.556
23/05/2025 03:00,0,0,0,7.23,0,6.68,6.075,9.535,92.2,1020.77,2,2.777777778,2,208.3333333,0,5.144444444
23/05/2025 04:00,0,0,0,6.93,0,6.455,5.915,9.455,93.15,1020.405,2,2.944444444,2,171.6666667,0,5.453111111
23/05/2025 05:00,0,0,0,7.33,0,6.88,6.365,9.735,93.35,1020.155,2,3.055555556,2,181.1111111,0,5.658888889
23/05/2025 06:00,0,0,0,9.03,0,8.505,8,10.825,93.25,1020.05,2,2.888888889,2,178.3333333,0,5.350222222
23/05/2025 07:00,0,0,0,10.84,0,10.075,9.36,11.82,90.5,1020.06,2,3.277777778,2,193.8888889,0,6.070444444
23/05/2025 08:00,0,0.005,0,12.335,0,11.17,10.075,12.41,86,1019.76,2,3.944444444,2,198.3333333,0,7.305111111
23/05/2025 09:00,0,0.035,0,13.805,0,11.965,10.27,12.605,79.3,1019.38,2,4.611111111,2,202.2222222,0,8.539777778
23/05/2025 10:00,0,0.095,0,14.805,0,12.625,10.63,12.925,76.5,1019.065,2,5.888888889,2,213.8888889,0,10.90622222
23/05/2025 11:00,0,0.16,0,15.195,0,13.195,11.405,13.595,78.6,1018.67,2,6.222222222,2,207.7777778,0,11.52355556
23/05/2025 12:00,0,0.415,0,15.315,0,13.635,12.21,14.34,82.45,1018.19,2,6.444444444,2,207.7777778,0,11.93511111
23/05/2025 13:00,0,0.445,0,15.5,0,14.17,13.06,15.115,85.65,1017.76,2,6.833333333,2,211.6666667,0,12.65533333
23/05/2025 14:00,0,0.535,0,15.595,0,14.56,13.72,15.745,88.7,1017.235,2,7.944444444,2,214.4444444,0,14.71311111
23/05/2025 15:00,0,0.555,0,15.455,0,14.655,14.04,16.06,91.05,1016.695,2,8.888888889,2,220.5555556,0,16.46222222
23/05/2025 16:00,0,0.345,0,15.47,0,14.81,14.31,16.325,92.45,1016.2,2,8.611111111,2,214.4444444,0,15.94777778
23/05/2025 17:00,0,0.175,0,15.66,0,15,14.505,16.53,92.55,1015.73,2,9,2,222.7777778,0,16.668
23/05/2025 18:00,0,0.115,0,15.67,0,14.975,14.455,16.45,92.25,1015.35,2,9.944444444,2,225.5555556,0,18.41711111
23/05/2025 19:00,0,0.11,0,15.52,0,14.775,14.22,16.22,91.85,1014.97,2,10.05555556,2,230.5555556,0,18.62288889
23/05/2025 20:00,0,0.075,0,15.32,0,14.635,14.12,16.12,92.25,1014.645,2,9.666666667,2,235,0,17.90266667
23/05/2025 21:00,0,0.135,0,15.045,0,14.43,13.945,15.945,92.85,1014.485,2,9.388888889,2,232.7777778,0,17.38822222
23/05/2025 22:00,0,0.05,0,14.98,0,14.38,13.895,15.885,92.95,1014.05,2,9.5,2,233.8888889,0,17.594
23/05/2025 23:00,0,0.065,0,14.775,0,14.235,13.8,15.765,93.4,1013.59,2,9.944444444,2,238.8888889,0,18.41711111
24/05/2025 00:00,0,0.005,0,14.81,0,14.25,13.8,15.77,93.35,1013,2,9.888888889,2,235,0,18.31422222
24/05/2025 01:00,0,0.01,0,14.785,0,14.215,13.755,15.745,93.1,1012.385,2,10.22222222,2,234.4444444,0,18.93155556
24/05/2025 02:00,0,0,0,14.855,0,14.27,13.795,15.78,93,1011.9,2,10.44444444,2,232.7777778,0,19.34311111
24/05/2025 03:00,0,0.04,0,14.81,0,14.225,13.75,15.725,92.9,1011.2,2,10.38888889,2,226.1111111,0,19.24022222
24/05/2025 04:00,0,0.07,0,14.79,0,14.165,13.695,15.675,92.85,1010.595,2,10.5,2,229.4444444,0,19.446
24/05/2025 05:00,0,0.125,0,14.765,0,14.185,13.7,15.68,92.9,1009.99,2,10.33333333,2,226.1111111,0,19.13733333
24/05/2025 06:00,0,0.075,0,14.915,0,14.275,13.775,15.77,92.55,1009.475,2,10.38888889,2,225,0,19.24022222
24/05/2025 07:00,0,0.065,0,15.17,0,14.475,13.94,15.93,92.1,1009.125,2,10.88888889,2,224.4444444,0,20.16622222
24/05/2025 08:00,0,0.075,0,15.455,0,14.675,14.075,16.07,91.15,1008.85,2,11.16666667,2,225,0,20.68066667
24/05/2025 09:00,0,0.105,0,15.915,0,14.975,14.28,16.275,89.9,1008.455,2,11.27777778,2,221.6666667,0,20.88644444
24/05/2025 10:00,0,0.095,0,16.195,0,15.175,14.39,16.4,88.9,1007.915,2,11.77777778,2,222.7777778,0,21.81244444
24/05/2025 11:00,0,0.115,0,16.22,0,15.215,14.46,16.48,89.35,1007.325,2,12.44444444,2,226.6666667,0,23.04711111
24/05/2025 12:00,0,0.155,0,16.39,0,15.29,14.485,16.51,88.3,1006.725,2,12.94444444,2,223.8888889,0,23.97311111
24/05/2025 13:00,0,0.34,0,16.38,0,15.45,14.775,16.805,89.9,1006.16,2,13.11111111,2,223.8888889,0,24.28177778
24/05/2025 14:00,0,0.425,0,16.345,0,15.385,14.66,16.685,89.6,1005.265,2,13.61111111,2,219.4444444,0,25.20777778
24/05/2025 15:00,0,0.815,0,15.98,0,15.255,14.72,16.75,91.8,1004.275,2,13.05555556,2,217.2222222,0,24.17888889
24/05/2025 16:00,0,0.86,0,15.8,0,15.14,14.635,16.67,92.45,1003.315,2,13.22222222,2,213.8888889,0,24.48755556
24/05/2025 17:00,0,0.575,0,15.715,0,14.95,14.38,16.39,91.6,1002.455,2,13,2,212.7777778,0,24.076
24/05/2025 18:00,0,0.48,0,15.645,0,14.665,13.905,15.905,89.1,1001.66,2,13.44444444,2,217.2222222,0,24.89911111
24/05/2025 19:00,0,1.1,0,14.865,0,13.805,12.945,14.945,88.1,1001.26,2,14.11111111,2,221.1111111,0,26.13377778
24/05/2025 20:00,0,0.57,0,14.29,0,13.23,12.34,14.37,87.85,1001.23,2,13.38888889,2,231.6666667,0,24.79622222
24/05/2025 21:00,0,0.48,0,13.53,0,12.55,11.675,13.74,88.15,1001.535,2,13.77777778,2,245.5555556,0,25.51644444
24/05/2025 22:00,0,0.15,0,13.035,0,12.075,11.21,13.33,88.35,1002.04,2,14.16666667,2,250.5555556,0,26.23666667
24/05/2025 23:00,0,0.145,0,12.62,0,11.64,10.74,12.92,87.95,1002.85,2,14.88888889,2,262.2222222,0,27.57422222
25/05/2025 00:00,0,0.105,0,12.335,0,11.045,9.81,12.15,84.4,1003.69,2,14.94444444,2,274.4444444,1,27.67711111
25/05/2025 01:00,0,0.115,0,11.685,0,10.32,8.925,11.46,83.15,1004.59,2,15.05555556,2,277.2222222,1,27.88288889
25/05/2025 02:00,0,0.075,0,11.095,0,9.81,8.49,11.105,83.9,1005.395,2,13.88888889,2,277.2222222,1,25.72222222
25/05/2025 03:00,0,0.11,0,10.625,0,9.27,7.835,10.61,82.65,1005.835,2,13.55555556,2,270.5555556,1,25.10488889
25/05/2025 04:00,0,0.03,0,10.375,0,8.94,7.345,10.265,81.4,1006.17,2,13.33333333,2,268.3333333,1,24.69333333
25/05/2025 05:00,0,0.04,0,10.225,0,8.765,7.14,10.13,80.8,1006.665,2,13.44444444,2,266.1111111,1,24.89911111
25/05/2025 06:00,0,0.01,0,10.625,0,8.975,7.175,10.145,78.95,1007.1,2,12.88888889,2,262.2222222,1,23.87022222
25/05/2025 07:00,0,0.06,0,11.46,0,9.3,6.95,9.99,73.35,1007.635,2,13.38888889,2,263.3333333,1,24.79622222
25/05/2025 08:00,0,0.115,0,11.715,0,9.58,7.27,10.21,73.95,1008.025,2,14.05555556,2,263.3333333,1,26.03088889
25/05/2025 09:00,0,0.05,0,12.44,0,9.81,6.99,10.015,69.15,1008.165,2,14.88888889,2,262.2222222,1,27.57422222
25/05/2025 10:00,0,0.085,0,12.435,0,9.845,7.095,10.085,69.7,1008.19,2,15.44444444,2,258.3333333,1,28.60311111
25/05/2025 11:00,0,0.15,0,12.925,0,10.17,7.27,10.225,68.55,1008.315,2,16.05555556,2,257.7777778,1,29.73488889
25/05/2025 12:00,0,0.17,0,13.245,0,10.49,7.655,10.485,68.7,1008.4,2,16.05555556,2,255.5555556,1,29.73488889
25/05/2025 13:00,0,0.18,0,13.255,0,10.39,7.43,10.31,67.7,1008.575,2,16.38888889,2,258.8888889,1,30.35222222
25/05/2025 14:00,0,0.25,0,13.75,0,10.75,7.65,10.495,66.65,1008.69,2,16.61111111,2,257.2222222,1,30.76377778
25/05/2025 15:00,0,0.195,0,13.445,0,10.545,7.52,10.41,67.35,1008.86,2,17.16666667,2,258.3333333,1,31.79266667
25/05/2025 16:00,0,0.205,0,12.88,0,10.2,7.44,10.34,69.4,1009.02,2,17.16666667,2,260.5555556,1,31.79266667
25/05/2025 17:00,0,0.145,0,12.965,0,10.04,6.92,9.98,66.55,1009.16,2,16,2,261.1111111,1,29.632
25/05/2025 18:00,0,0.155,0,12.185,0,9.505,6.54,9.72,68.45,1009.52,2,16.16666667,2,262.7777778,1,29.94066667
25/05/2025 19:00,0,0.22,0,11.345,0,9.14,6.705,9.84,72.85,1009.86,2,14.55555556,2,258.8888889,1,26.95688889
25/05/2025 20:00,0,0.07,0,10.89,0,8.77,6.38,9.62,73.4,1010.11,2,13.44444444,2,258.8888889,1,24.89911111
25/05/2025 21:00,0,0.05,0,10.09,0,8.42,6.565,9.73,78.45,1010.69,2,11.88888889,2,253.8888889,1,22.01822222
25/05/2025 22:00,0,0.1,0,9.785,0,8.19,6.37,9.6,78.95,1011.085,2,11.77777778,2,248.3333333,1,21.81244444
25/05/2025 23:00,0,0.12,0,9.375,0,8,6.42,9.65,81.5,1011.135,2,11.05555556,2,243.8888889,1,20.47488889
26/05/2025 00:00,0,0.04,0,9.49,0,8.065,6.425,9.645,80.95,1011.145,2,11.33333333,2,240.5555556,1,20.98933333
26/05/2025 01:00,0,0.06,0,9.29,0,7.955,6.425,9.645,82.1,1011.08,2,10.77777778,2,235.5555556,1,19.96044444
26/05/2025 02:00,0,0.155,0,9.16,0,7.88,6.39,9.625,82.7,1010.955,2,10.77777778,2,237.2222222,1,19.96044444
26/05/2025 03:00,0,0.095,0,9.285,0,8.055,6.695,9.825,83.6,1010.795,2,10.72222222,2,239.4444444,1,19.85755556
26/05/2025 04:00,0,0.175,0,9.145,0,8.1,6.915,9.96,85.4,1010.75,2,10.16666667,2,235.5555556,1,18.82866667
26/05/2025 05:00,0,0.065,0,9.595,0,8.38,7.055,10.075,83.95,1010.635,2,9.611111111,2,232.7777778,1,17.79977778
26/05/2025 06:00,0,0.165,0,10.16,0,8.88,7.48,10.375,83.15,1010.55,2,10.61111111,2,226.6666667,1,19.65177778
26/05/2025 07:00,0,0.295,0,10.57,0,9.345,8.045,10.78,83.9,1010.425,2,10.38888889,2,223.3333333,1,19.24022222
26/05/2025 08:00,0,0.245,0,11.05,0,9.78,8.48,11.11,84,1010.215,2,10.77777778,2,219.4444444,1,19.96044444
26/05/2025 09:00,0,0.41,0,11.37,0,10.195,8.99,11.48,84.95,1009.805,2,11.22222222,2,220,1,20.78355556
26/05/2025 10:00,0,0.46,0,11.63,0,10.565,9.515,11.905,86.35,1009.295,2,11.94444444,2,216.1111111,1,22.12111111
26/05/2025 11:00,0,0.61,0,11.81,0,10.765,9.725,12.065,86.8,1008.83,2,12.66666667,2,217.2222222,1,23.45866667
26/05/2025 12:00,0,0.575,0,12.35,0,11.27,10.285,12.505,86.9,1008.015,2,12.94444444,2,215.5555556,1,23.97311111
26/05/2025 13:00,0,0.425,0,12.715,0,11.625,10.635,12.835,86.95,1007.25,2,13.72222222,2,216.6666667,1,25.41355556
26/05/2025 14:00,0,0.685,0,12.89,0,12.01,11.205,13.31,89.15,1006.33,2,13.44444444,2,217.7777778,1,24.89911111
26/05/2025 15:00,0,0.735,0,12.905,0,12.19,11.555,13.65,91.25,1005.195,2,13.77777778,2,213.3333333,1,25.51644444
26/05/2025 16:00,0,0.76,0,13.105,0,12.5,11.995,14.04,92.55,1004.18,2,14.11111111,2,221.1111111,1,26.13377778
26/05/2025 17:00,0,1.05,0,13.175,0,12.645,12.16,14.19,93.2,1003.615,2,13.72222222,2,228.8888889,1,25.41355556
26/05/2025 18:00,0,0.585,0,13.34,0,12.57,11.895,13.97,90.7,1003.825,2,14,2,242.7777778,1,25.928
26/05/2025 19:00,0,0.48,0,13.21,0,12.15,11.17,13.33,87.15,1004.61,2,13.38888889,2,255,1,24.79622222
26/05/2025 20:00,0,0.025,0,12.685,0,11.5,10.415,12.655,85.85,1005.535,2,13.5,2,272.2222222,1,25.002
26/05/2025 21:00,0,0.165,0,11.935,0,10.795,9.705,12.065,86.05,1006.61,2,11.44444444,2,269.4444444,1,21.19511111
26/05/2025 22:00,0,0.065,0,11.355,0,10.29,9.245,11.7,86.45,1007.46,2,10.16666667,2,265.5555556,1,18.82866667
26/05/2025 23:00,0,0.01,0,10.975,0,9.995,9.02,11.515,87.4,1007.715,2,9.888888889,2,262.2222222,1,18.31422222
27/05/2025 00:00,0,0.06,0,10.775,0,9.795,8.785,11.33,87.3,1008.1,2,9.555555556,2,259.4444444,1,17.69688889
27/05/2025 01:00,0,0.085,0,10.375,0,9.505,8.585,11.18,88.4,1008.305,2,8.5,2,250,1,15.742
27/05/2025 02:00,0,0.06,0,10.25,0,9.39,8.495,11.12,88.55,1008.37,2,8.166666667,2,238.8888889,1,15.12466667
27/05/2025 03:00,0,0.055,0,10.325,0,9.465,8.57,11.18,88.85,1008.165,2,7.444444444,2,233.3333333,1,13.78711111
27/05/2025 04:00,0,0.38,0,10.225,0,9.415,8.565,11.17,89.3,1007.875,2,6.777777778,2,225.5555556,1,12.55244444
27/05/2025 05:00,0,0.355,0,10.17,0,9.445,8.655,11.245,90.2,1007.395,2,6.277777778,2,217.7777778,1,11.62644444
27/05/2025 06:00,0,0.69,0,10.595,0,9.835,9.045,11.56,89.95,1006.865,2,6.777777778,2,200.5555556,1,12.55244444
27/05/2025 07:00,0,1.05,0,10.81,0,10.105,9.38,11.845,90.75,1006.735,2,7.888888889,2,208.3333333,1,14.61022222
27/05/2025 08:00,0,0.985,0,10.97,0,10.36,9.75,12.145,92.05,1006.395,2,7.888888889,2,194.4444444,1,14.61022222
27/05/2025 09:00,0,0.905,0,11.15,0,10.515,9.89,12.255,91.65,1006.155,2,8.333333333,2,195.5555556,1,15.43333333
27/05/2025 10:00,0,0.63,0,11.675,0,10.88,10.12,12.46,90,1005.955,2,7.777777778,2,192.2222222,1,14.40444444
27/05/2025 11:00,0,0.565,0,12.33,0,11.39,10.49,12.795,88.3,1005.69,2,7.833333333,2,222.2222222,1,14.50733333
27/05/2025 12:00,0,0.28,0,12.885,0,11.855,10.91,13.13,87.6,1005.665,2,7.944444444,2,230.5555556,1,14.71311111
27/05/2025 13:00,0,0.175,0,13.5,0,12.205,10.995,13.25,84.75,1005.875,2,8,2,229.4444444,1,14.816
27/05/2025 14:00,0,0.035,0,14.155,0,12.475,10.975,13.19,81.1,1006.135,2,8.777777778,2,266.6666667,1,16.25644444
27/05/2025 15:00,0,0.02,0,14.385,0,12.615,11.025,13.235,79.95,1006.41,2,8.722222222,2,257.2222222,1,16.15355556
27/05/2025 16:00,0,0.01,0,14.415,0,12.44,10.685,12.94,78.05,1006.635,2,8.722222222,2,260.5555556,1,16.15355556
27/05/2025 17:00,0,0.03,0,14.005,0,12.19,10.525,12.795,79.3,1007.03,2,7.722222222,2,271.1111111,1,14.30155556
27/05/2025 18:00,0,0.045,0,13.495,0,11.93,10.49,12.765,81.8,1007.32,2,7.222222222,2,233.8888889,1,13.37555556
27/05/2025 19:00,0,0.095,0,12.87,0,11.61,10.405,12.695,84.9,1007.765,2,6.777777778,2,230.5555556,1,12.55244444
27/05/2025 20:00,0,0.165,0,12.34,0,11.275,10.26,12.56,87.1,1007.98,2,6.944444444,2,255.5555556,1,12.86111111
27/05/2025 21:00,0,0.25,0,11.93,0,10.975,10.045,12.35,88.05,1008.465,2,6.888888889,2.277777778,235.8823529,1,12.75822222
27/05/2025 22:00,0,0.165,0,11.555,0,10.71,9.905,12.24,89.5,1008.85,2,7.166666667,2,221.6666667,1,13.27266667
27/05/2025 23:00,0,0.13,0,11.36,0,10.61,9.84,12.18,90.25,1009.165,2,6.944444444,2,258.8888889,1,12.86111111
28/05/2025 00:00,0,0.075,0,11.185,0,10.43,9.685,12.05,90.3,1009.565,2,6.833333333,2,270.5555556,1,12.65533333
28/05/2025 01:00,0,0.175,0,11,0,10.29,9.585,11.98,90.65,1009.92,2,7.055555556,2,274.4444444,1,13.06688889
28/05/2025 02:00,0,0.03,0,10.785,0,10.115,9.435,11.85,91.05,1010.515,2,7.055555556,2,277.7777778,1,13.06688889
28/05/2025 03:00,0,0.095,0,10.56,0,9.9,9.24,11.69,91.3,1011.15,2,7.055555556,2,263.3333333,1,13.06688889
28/05/2025 04:00,0,0.035,0,10.315,0,9.69,9.065,11.555,91.65,1011.92,2,7,2,262.2222222,1,12.964
28/05/2025 05:00,0,0.015,0,10.36,0,9.74,9.115,11.59,91.75,1012.76,2,6.277777778,2,258.3333333,1,11.62644444
28/05/2025 06:00,0,0.05,0,11.08,0,10.375,9.68,12.02,90.8,1013.74,2,6.055555556,2,247.7777778,1,11.21488889
28/05/2025 07:00,0,0.16,0,12.005,0,10.985,10.02,12.315,87.5,1014.605,2,6.166666667,2,253.8888889,1,11.42066667
28/05/2025 08:00,0,0.095,0,12.825,0,11.495,10.24,12.48,83.85,1015.275,2,6.444444444,2,246.1111111,1,11.93511111
28/05/2025 09:00,0,0.05,0,13.74,0,11.84,10.075,12.36,78.2,1015.835,2,7.166666667,2,244.4444444,1,13.27266667
28/05/2025 10:00,0,0.025,0,14.62,0,12.4,10.415,12.64,75.8,1016.285,2,7.722222222,2,242.7777778,1,14.30155556
28/05/2025 11:00,0,0.01,0,15.11,0,12.61,10.37,12.615,73.1,1016.66,2,8.833333333,2,237.2222222,1,16.35933333
28/05/2025 12:00,0,0.005,0,15.705,0,13.025,10.665,12.855,71.85,1016.875,2,9.166666667,2,228.8888889,1,16.97666667
28/05/2025 13:00,0,0.01,0,15.985,0,13.145,10.655,12.84,70.55,1016.865,2,9.833333333,2,232.2222222,1,18.21133333
28/05/2025 14:00,0,0,0,16.415,0,13.365,10.7,12.88,68.65,1016.855,2,10.27777778,2,236.6666667,1,19.03444444
28/05/2025 15:00,0,0,0,16.69,0,13.335,10.375,12.61,66.25,1016.785,2,10.16666667,2,238.3333333,1,18.82866667
28/05/2025 16:00,0,0,0,16.095,0,13.135,10.55,12.75,69.7,1016.73,2,10.16666667,2,233.8888889,1,18.82866667
28/05/2025 17:00,0,0.035,0,15.235,0,12.76,10.545,12.765,73.65,1016.51,2,9.388888889,2,236.6666667,1,17.38822222
28/05/2025 18:00,0,0.225,0,14.445,0,12.545,10.85,13.03,79.15,1016.145,2,8.055555556,2,203.3333333,1,14.91888889
28/05/2025 19:00,0,0.6,0,13.62,0,12.155,10.82,13.005,83.25,1015.31,2,7.555555556,2,189.4444444,1,13.99288889
28/05/2025 20:00,0,0.895,0,13.01,0,12.12,11.285,13.425,89.25,1014.45,2,8.111111111,2,176.6666667,1,15.02177778
28/05/2025 21:00,0,1.28,0,12.6,0,12.04,11.52,13.63,92.8,1013.61,2,9,2,167.2222222,1,16.668
28/05/2025 22:00,0,1.795,0,12.45,0,12,11.61,13.715,94.2,1012.63,2,9.944444444,2,162.7777778,1,18.41711111
28/05/2025 23:00,0,1.6,0,12.605,0,12.21,11.84,13.92,94.75,1011.63,2,11.61111111,2,175,1,21.50377778
29/05/2025 00:00,0,0.865,0,13.305,0,12.92,12.59,14.635,95.1,1010.56,2,12.77777778,2,192.7777778,1,23.66444444
29/05/2025 01:00,0,0.47,0,13.81,0,13.42,13.085,15.1,95.05,1009.97,2,13.38888889,2,205,1,24.79622222
29/05/2025 02:00,0,0.565,0,14.24,0,13.86,13.555,15.545,95.25,1009.62,2,13.27777778,2,207.2222222,1,24.59044444
29/05/2025 03:00,0,0.555,0,14.61,0,14.185,13.86,15.845,94.85,1009.475,2,13.88888889,2,215,1,25.72222222
29/05/2025 04:00,0,0.325,0,14.715,0,14.295,13.955,15.945,94.8,1009.41,2,14.72222222,2,221.1111111,1,27.26555556
29/05/2025 05:00,0,0.375,0,14.845,0,14.385,14.035,16.02,94.5,1009.43,2,15,2,223.3333333,1,27.78
29/05/2025 06:00,0,0.23,0,14.965,0,14.49,14.125,16.115,94.55,1009.64,2,15.11111111,2,222.2222222,1,27.98577778
29/05/2025 07:00,0,0.18,0,15.17,0,14.62,14.215,16.2,93.75,1009.81,2,15.38888889,2,221.6666667,1,28.50022222
29/05/2025 08:00,0,0.24,0,15.45,0,14.805,14.33,16.335,92.75,1010.065,2,15.5,2,221.1111111,1,28.706
29/05/2025 09:00,0,0.255,0,15.645,0,14.93,14.395,16.42,92.05,1010.265,2,15.27777778,2,221.6666667,1,28.29444444
29/05/2025 10:00,0,0.155,0,15.895,0,15.08,14.5,16.53,91.2,1010.545,2,15.38888889,2,223.3333333,1,28.50022222
29/05/2025 11:00,0,0.1,0,16.2,0,15.315,14.675,16.71,90.5,1010.935,2,15.33333333,2,225,1,28.39733333
29/05/2025 12:00,0,0.055,0,16.47,0,15.41,14.665,16.705,88.75,1011.18,2,15.16666667,2,226.1111111,1,28.08866667
29/05/2025 13:00,0,0.095,0,16.53,0,15.44,14.65,16.69,88.4,1011.375,2,14.77777778,2,225,1,27.36844444
29/05/2025 14:00,0,0.11,0,16.8,0,15.585,14.695,16.735,87.3,1011.42,2,14.66666667,2,226.1111111,1,27.16266667
29/05/2025 15:00,0,0.15,0,16.615,0,15.385,14.475,16.515,86.8,1011.52,2,14.27777778,2,230.5555556,1,26.44244444
29/05/2025 16:00,0,0.02,0,16.595,0,15.185,14.125,16.15,85.25,1011.5,2,14.44444444,2,226.6666667,1,26.75111111
29/05/2025 17:00,0,0.03,0,16.295,0,14.94,13.915,15.92,85.75,1011.44,2,13.77777778,2,227.2222222,1,25.51644444
29/05/2025 18:00,0,0.12,0,15.88,0,14.705,13.795,15.795,87.3,1011.45,2,12.77777778,2,222.2222222,1,23.66444444
29/05/2025 19:00,0,0.075,0,15.55,0,14.42,13.54,15.565,87.6,1011.59,2,12.05555556,2,221.6666667,1,22.32688889
29/05/2025 20:00,0,0.235,0,15.095,0,14.13,13.33,15.355,89.15,1011.735,2,11.5,2,222.2222222,1,21.298
29/05/2025 21:00,0,0.055,0,14.735,0,13.775,13.015,15.035,89.2,1012.045,2,10.94444444,2,218.8888889,1,20.26911111
29/05/2025 22:00,0,0.01,0,14.54,0,13.615,12.85,14.865,89.3,1012.28,2,10.61111111,2,220.5555556,1,19.65177778
29/05/2025 23:00,0,0.095,0,14.335,0,13.42,12.655,14.69,89.45,1012.445,2,11.05555556,2,221.6666667,1,20.47488889
30/05/2025 00:00,0,0.04,0,14.095,0,13.2,12.445,14.48,89.55,1012.57,2,11.27777778,2,221.1111111,0,20.88644444
30/05/2025 01:00,0,0.08,0,13.885,0,13.055,12.315,14.34,89.9,1012.64,2,10.5,2,222.7777778,0,19.446
30/05/2025 02:00,0,0.065,0,13.62,0,12.78,12.05,14.085,89.9,1012.82,2,9.666666667,2,222.7777778,0,17.90266667
30/05/2025 03:00,0,0.035,0,13.48,0,12.735,12.065,14.105,90.9,1013.17,2,9.333333333,2,226.6666667,0,17.28533333
30/05/2025 04:00,0,0.055,0,13.225,0,12.535,11.915,13.955,91.45,1013.44,2,8.166666667,2,228.3333333,0,15.12466667
30/05/2025 05:00,0,0.04,0,13.155,0,12.405,11.76,13.81,90.95,1013.755,2,8.166666667,2,228.3333333,0,15.12466667
30/05/2025 06:00,0,0.05,0,13.47,0,12.575,11.805,13.855,89.55,1014.07,2,8,2,230,0,14.816
30/05/2025 07:00,0,0.03,0,14.025,0,12.93,11.97,14.025,87.2,1014.57,2,7.944444444,2,232.7777778,0,14.71311111
30/05/2025 08:00,0,0.005,0,14.8,0,13.29,11.97,14.03,83,1014.94,2,8.833333333,2,231.6666667,0,16.35933333
30/05/2025 09:00,0,0.02,0,15.33,0,13.55,12.06,14.105,80.6,1015.15,2,9.222222222,2,233.3333333,0,17.07955556
30/05/2025 10:00,0,0.005,0,15.8,0,13.78,12.115,14.16,78.75,1015.285,2,9.055555556,2,233.3333333,0,16.77088889
30/05/2025 11:00,0,0,0,16.54,0,14.16,12.25,14.29,76.1,1015.45,2,9.333333333,2,231.1111111,0,17.28533333
30/05/2025 12:00,0,0.1,0,17.035,0,14.39,12.235,14.3,73.75,1015.555,2,9.611111111,2,233.3333333,0,17.79977778
30/05/2025 13:00,0,0.015,0,17.625,0,14.7,12.335,14.38,71.6,1015.555,2,9.944444444,2,233.3333333,0,18.41711111
30/05/2025 14:00,0,0.015,0,18,0,14.8,12.25,14.28,69.8,1015.53,2,10.22222222,2,232.7777778,0,18.93155556
30/05/2025 15:00,0,0,0,18.035,0,14.705,12.035,14.095,68.85,1015.485,2,10.66666667,2,231.1111111,0,19.75466667
30/05/2025 16:00,0,0,0,17.82,0,14.54,11.865,13.925,68.7,1015.375,2,10.55555556,2,230.5555556,0,19.54888889
30/05/2025 17:00,0,0,0,17.455,0,14.42,11.94,14.015,70.7,1015.21,2,9.833333333,2,227.7777778,0,18.21133333
30/05/2025 18:00,0,0,0,16.81,0,14.035,11.725,13.81,72.75,1014.98,2,9.5,2,225,0,17.594
30/05/2025 19:00,0,0,0,16.005,0,13.745,11.865,13.925,76.8,1014.9,2,7.944444444,2,227.7777778,0,14.71311111
30/05/2025 20:00,0,0.005,0,15.115,0,13.435,12.015,14.06,81.7,1014.79,2,6.833333333,2,214.4444444,0,12.65533333
30/05/2025 21:00,0,0,0,14.42,0,13.065,11.925,13.985,84.8,1014.62,2,6.333333333,2,200.5555556,0,11.72933333
30/05/2025 22:00,0,0,0,14.005,0,12.9,11.94,14.015,87.35,1014.39,2,6.444444444,2,187.2222222,0,11.93511111
30/05/2025 23:00,0,0,0,13.795,0,12.81,11.925,14,88.25,1013.95,2,6.722222222,2,178.8888889,0,12.44955556
31/05/2025 00:00,0,0,0,13.705,0,12.775,11.95,14.015,88.8,1013.605,2,7.5,2,180.5555556,0,13.89
31/05/2025 01:00,0,0.03,0,13.48,0,12.63,11.875,13.945,89.75,1013.09,2,7.666666667,2,175.5555556,0,14.19866667
31/05/2025 02:00,0,0.01,0,13.56,0,12.63,11.8,13.875,88.85,1012.56,2,8.722222222,2,178.8888889,0,16.15355556
31/05/2025 03:00,0,0,0,13.585,0,12.59,11.715,13.785,88.25,1012.01,2,9.777777778,2,183.3333333,0,18.10844444
31/05/2025 04:00,0,0.03,0,13.56,0,12.555,11.695,13.76,88.45,1011.375,2,10.5,2,187.2222222,0,19.446
31/05/2025 05:00,0,0.13,0,13.53,0,12.585,11.73,13.805,88.65,1010.93,2,11.11111111,2,190,0,20.57777778
31/05/2025 06:00,0,0.12,0,13.735,0,12.745,11.89,13.945,88.4,1010.555,2,11.38888889,2,191.1111111,0,21.09222222
31/05/2025 07:00,0,0.21,0,14.1,0,12.87,11.815,13.875,85.75,1010.355,2,12,2,195,0,22.224
31/05/2025 08:00,0,0.23,0,14.535,0,13,11.655,13.715,82.85,1010.23,2,13,2,197.7777778,0,24.076
31/05/2025 09:00,0,0.105,0,14.9,0,13.065,11.485,13.58,80.1,1010.165,2,13.44444444,2,202.2222222,0,24.89911111
31/05/2025 10:00,0,0.215,0,15.02,0,13.16,11.56,13.65,79.95,1010.22,2,13.55555556,2,210.5555556,0,25.10488889
31/05/2025 11:00,0,0.1,0,15.475,0,13.055,10.895,13.06,74.25,1010.2,2,13.66666667,2,217.2222222,0,25.31066667
31/05/2025 12:00,0,0.26,0,14.97,0,12.745,10.765,13,76.15,1010.285,2,13.61111111,2,221.1111111,0,25.20777778
31/05/2025 13:00,0,0.09,0,15.595,0,12.62,9.895,12.25,69.1,1010.21,2,14.16666667,2,229.4444444,0,26.23666667
31/05/2025 14:00,0,0.065,0,15.89,0,12.57,9.5,11.915,65.8,1010.135,2,15,2,230,0,27.78
31/05/2025 15:00,0,0.125,0,15.38,0,12.12,8.995,11.545,65.8,1010.45,2,15.22222222,2,237.7777778,0,28.19155556
31/05/2025 16:00,0,0.005,0,15.275,0,11.67,8.09,10.855,62.35,1010.505,2,15.5,2,242.7777778,0,28.706
31/05/2025 17:00,0,0.01,0,15.035,0,11.325,7.58,10.465,60.9,1010.455,2,15.27777778,2,240,0,28.29444444
31/05/2025 18:00,0,0.09,0,14.405,0,11.08,7.67,10.545,63.95,1010.43,2,14.11111111,2,238.3333333,0,26.13377778
31/05/2025 19:00,0,0,0,13.725,0,10.46,6.97,10.04,63.75,1010.445,2,13.88888889,2,235,0,25.72222222
31/05/2025 20:00,0,0,0,12.715,0,10.015,7.115,10.13,68.5,1010.605,2,12.72222222,2,230.5555556,0,23.56155556
31/05/2025 21:00,0,0.05,0,11.785,0,9.725,7.51,10.415,74.95,1010.66,2,11.94444444,2,225.5555556,0,22.12111111
31/05/2025 22:00,0,0.15,0,11.175,0,9.505,7.685,10.535,78.95,1010.395,2,11,2,220.5555556,0,20.372
31/05/2025 23:00,0,0.095,0,11.02,0,9.575,8.055,10.81,81.65,1009.945,2,11.11111111,2,213.8888889,0,20.57777778
01/06/2025 00:00,0,0.22,0,10.71,0,9.585,8.375,11.045,85.15,1009.53,2,11.33333333,2,212.7777778,1,20.98933333
01/06/2025 01:00,0,0.37,0,10.66,0,9.585,8.43,11.075,85.65,1008.96,2,11.27777778,2,212.7777778,1,20.88644444
01/06/2025 02:00,0,0.07,0,10.92,0,9.795,8.615,11.225,85.3,1008.395,2,11.11111111,2,209.4444444,1,20.57777778
01/06/2025 03:00,0,0.265,0,10.975,0,9.95,8.915,11.43,86.8,1007.935,2,11.38888889,2,210.5555556,1,21.09222222
01/06/2025 04:00,0,0.51,0,11.005,0,10.07,9.12,11.595,87.95,1007.62,2,10.44444444,2,212.2222222,1,19.34311111
01/06/2025 05:00,0,0.435,0,11.08,0,10.2,9.3,11.735,88.45,1007.56,2,10.38888889,2,215.5555556,1,19.24022222
01/06/2025 06:00,0,0.255,0,11.42,0,10.475,9.575,11.945,88.05,1007.935,2,10.72222222,2,231.6666667,1,19.85755556
01/06/2025 07:00,0,0.075,0,12.305,0,11.05,9.82,12.17,84.85,1008.37,2,11.27777778,2,241.1111111,1,20.88644444
01/06/2025 08:00,0,0.02,0,13.06,0,11.39,9.76,12.12,80.3,1009.16,2,12.27777778,2,260,1,22.73844444
01/06/2025 09:00,0,0.11,0,13.445,0,11.615,9.865,12.205,78.65,1009.66,2,12.77777778,2,270,1,23.66444444
01/06/2025 10:00,0,0.16,0,14.355,0,11.975,9.77,12.13,73.8,1010.25,2,13.16666667,2,287.2222222,1,24.38466667
01/06/2025 11:00,0,0.06,0,14.625,0,11.835,9.205,11.675,70,1011.04,2,13.83333333,2,290.5555556,1,25.61933333
01/06/2025 12:00,0,0.04,0,15.16,0,11.97,8.92,11.45,66.3,1011.75,2,14.11111111,2,291.6666667,1,26.13377778
01/06/2025 13:00,0,0.07,0,15.505,0,11.995,8.62,11.22,63.4,1012.5,2,14.77777778,2,298.3333333,1,27.36844444
01/06/2025 14:00,0,0.02,0,15.545,0,11.88,8.28,10.98,62.1,1013.14,2,15.27777778,2,300.5555556,1,28.29444444
01/06/2025 15:00,0,0,0,15.595,0,11.555,7.505,10.4,58.55,1013.825,2,15.27777778,2,305.5555556,1,28.29444444
01/06/2025 16:00,0,0.03,0,15.475,0,11.365,7.16,10.15,57.85,1014.445,2,15.16666667,2,305.5555556,1,28.08866667
01/06/2025 17:00,0,0.015,0,14.9,0,10.93,6.785,9.895,58.45,1015.02,2,15.05555556,2,310,1,27.88288889
01/06/2025 18:00,0,0.005,0,14.48,0,10.675,6.635,9.795,59.3,1015.69,2,14,2,312.7777778,1,25.928
01/06/2025 19:00,0,0.01,0,13.635,0,10.205,6.495,9.7,61.95,1016.405,2,13.05555556,2,311.1111111,1,24.17888889
01/06/2025 20:00,0,0.02,0,12.415,0,9.73,6.815,9.895,68.45,1017.115,2,11.38888889,2,308.3333333,1,21.09222222
01/06/2025 21:00,0,0,0,11.25,0,9.12,6.73,9.85,73.45,1017.92,2,9.388888889,2,305.5555556,1,17.38822222
01/06/2025 22:00,0,0,0,10.33,0,8.61,6.7,9.825,77.95,1018.585,2,7.666666667,2,300.5555556,1,14.19866667
01/06/2025 23:00,0,0.005,0,9.715,0,8.28,6.68,9.82,81.15,1018.95,2,6.833333333,2,278.3333333,1,12.65533333
02/06/2025 00:00,0,0.03,0,9.19,0,7.935,6.51,9.69,83.15,1019.13,2,6.222222222,2,275.5555556,1,11.52355556
02/06/2025 01:00,0,0,0,8.83,0,7.72,6.465,9.67,84.9,1019,2,5.611111111,2,262.7777778,1,10.39177778
02/06/2025 02:00,0,0,0,8.33,0,7.345,6.21,9.505,86.45,1018.875,2,5.944444444,2,262.2222222,1,11.00911111
02/06/2025 03:00,0,0.01,0,7.98,0,7.095,6.08,9.43,87.6,1018.895,2,5.555555556,2,248.3333333,1,10.28888889
02/06/2025 04:00,0,0,0,7.43,0,6.735,5.915,9.345,89.85,1018.84,2,5.166666667,2,248.8888889,1,9.568666667
02/06/2025 05:00,0,0,0,7.655,0,6.97,6.21,9.515,90.55,1018.71,2,4.888888889,2,236.6666667,1,9.054222222
02/06/2025 06:00,0,0,0,9.165,0,8.29,7.29,10.245,87.95,1018.4,2,4.888888889,2,217.7777778,1,9.054222222
02/06/2025 07:00,0,0,0,10.91,0,9.53,8.08,10.795,82.6,1018.15,2,5.833333333,2,204.4444444,1,10.80333333
02/06/2025 08:00,0,0.005,0,12.625,0,10.54,8.43,11.055,75.4,1017.605,2,7.944444444,2,204.4444444,1,14.71311111
02/06/2025 09:00,0,0.005,0,13.525,0,10.73,7.87,10.67,68.45,1016.69,2,9.722222222,2,206.1111111,1,18.00555556
02/06/2025 10:00,0,0,0,14.25,0,11.065,7.805,10.615,64.9,1015.62,2,11.66666667,2,205,1,21.60666667
02/06/2025 11:00,0,0,0,14.355,0,11.01,7.575,10.445,63.55,1014.6,2,13.38888889,2,201.1111111,1,24.79622222
02/06/2025 12:00,0,0,0,14.985,0,11.335,7.59,10.485,61.25,1013.28,2,14.61111111,2,198.3333333,1,27.05977778
02/06/2025 13:00,0,0,0,15.245,0,11.42,7.54,10.445,60.05,1011.825,2,15.88888889,2,200.5555556,1,29.42622222
02/06/2025 14:00,0,0,0,15.345,0,11.425,7.4,10.355,59.35,1010.11,2,17.22222222,2,195.5555556,1,31.89555556
02/06/2025 15:00,0,0.085,0,14.765,0,11.205,7.565,10.46,62.5,1008.38,2,18.83333333,2,198.3333333,1,34.87933333
02/06/2025 16:00,0,0.645,0,14.1,0,11.165,8.14,10.905,68.15,1006.71,2,19.33333333,2,192.2222222,1,35.80533333
02/06/2025 17:00,0,1.01,0,13.365,0,11.085,8.755,11.375,74.65,1004.85,2,19.61111111,2,190.5555556,1,36.31977778
02/06/2025 18:00,0,1.205,0,12.795,0,11.2,9.6,12.035,81.25,1003.265,2,19.16666667,2,190,1,35.49666667
02/06/2025 19:00,0,1.35,0,12.2,0,11.195,10.22,12.525,87.75,1002.075,2,18.44444444,2,195,1,34.15911111
02/06/2025 20:00,0,1.3,0,12.045,0,11.34,10.655,12.88,91,1000.915,2,17.61111111,2,199.4444444,1,32.61577778
02/06/2025 21:00,0,1.34,0,12.12,0,11.525,10.985,13.14,92.6,1000.24,2,16.72222222,2,209.4444444,1,30.96955556
02/06/2025 22:00,0,1.325,0,12.14,0,11.515,10.93,13.115,92,999.655,2,14.77777778,2,220,1,27.36844444
02/06/2025 23:00,0,1.385,0,11.91,0,11.17,10.43,12.705,90.55,999.195,2,14.44444444,2,233.3333333,1,26.75111111
03/06/2025 00:00,0,0.87,0,11.585,0,10.755,9.905,12.285,89.2,998.94,2,12.88888889,2,242.7777778,1,23.87022222
03/06/2025 01:00,0,0.35,0,11.125,0,10.26,9.35,11.845,88.5,998.665,2,11.33333333,2,245.5555556,1,20.98933333
03/06/2025 02:00,0,0.345,0,10.745,0,9.82,8.865,11.45,87.9,998.635,2,11.22222222,2,247.7777778,1,20.78355556
03/06/2025 03:00,0,0.075,0,10.285,0,9.255,8.185,10.88,86.5,998.695,2,11.77777778,2,252.7777778,1,21.81244444
03/06/2025 04:00,0,0.05,0,10.075,0,9.005,7.84,10.63,85.75,998.855,2,11.61111111,2,251.1111111,1,21.50377778
03/06/2025 05:00,0,0.155,0,9.86,0,8.88,7.835,10.62,86.95,998.92,2,11.44444444,2,247.2222222,1,21.19511111
03/06/2025 06:00,0,0.19,0,10.165,0,9.03,7.81,10.58,85,999.165,2,12.33333333,2,252.7777778,1,22.84133333
03/06/2025 07:00,0,0.06,0,11.04,0,9.605,8.095,10.805,81.75,999.555,2,12.72222222,2,250.5555556,1,23.56155556
03/06/2025 08:00,0,0.05,0,11.595,0,9.785,7.87,10.655,77.7,1000.04,2,13.55555556,2,256.6666667,1,25.10488889
03/06/2025 09:00,0,0.255,0,11.855,0,9.875,7.795,10.6,75.95,1000.35,2,13.66666667,2,265,1,25.31066667
03/06/2025 10:00,0,0.205,0,12.315,0,10.09,7.765,10.575,73.55,1000.75,2,13.83333333,2,265,1,25.61933333
03/06/2025 11:00,0,0.26,0,12.74,0,10.165,7.45,10.365,70.1,1001.185,2,14.27777778,2,268.8888889,1,26.44244444
03/06/2025 12:00,0,0.08,0,13.175,0,10.195,7.015,10.085,65.95,1001.61,2,14.55555556,2,270.5555556,1,26.95688889
03/06/2025 13:00,0,0.05,0,13.385,0,10.26,6.915,9.99,64.7,1001.81,2,14.55555556,2,272.7777778,1,26.95688889
03/06/2025 14:00,0,0.105,0,13.115,0,10.135,6.925,10.005,66.4,1002.13,2,14.38888889,2,272.2222222,1,26.64822222
03/06/2025 15:00,0,0.12,0,13.035,0,10.07,6.885,9.98,66.3,1002.325,2,14.22222222,2,268.3333333,1,26.33955556
03/06/2025 16:00,0,0.035,0,12.8,0,9.7,6.29,9.56,64.55,1002.565,2,14.33333333,2,271.6666667,1,26.54533333
03/06/2025 17:00,0,0.075,0,12.585,0,9.53,6.165,9.47,64.9,1002.735,2,13.61111111,2,272.2222222,1,25.20777778
03/06/2025 18:00,0,0.07,0,12.16,0,9.305,6.105,9.44,66.25,1002.835,2,13,2,270,1,24.076
03/06/2025 19:00,0,0.025,0,11.585,0,8.93,5.905,9.305,68.05,1002.89,2,11.72222222,2,269.4444444,1,21.70955556
03/06/2025 20:00,0,0.03,0,10.835,0,8.465,5.705,9.165,70.15,1003.02,2,10.88888889,2,262.2222222,1,20.16622222
03/06/2025 21:00,0,0.11,0,9.83,0,7.915,5.65,9.135,75,1003.28,2,10.66666667,2,258.8888889,1,19.75466667
03/06/2025 22:00,0,0.065,0,9.495,0,7.835,5.865,9.285,77.85,1003.325,2,9.444444444,2,252.2222222,1,17.49111111
03/06/2025 23:00,0,0.045,0,9.255,0,7.635,5.715,9.18,78.4,1003.225,2,9.555555556,2,250.5555556,1,17.69688889
04/06/2025 00:00,0,0.015,0,8.74,0,7.27,5.52,9.055,80.05,1003.04,2,9,2,243.8888889,1,16.668
04/06/2025 01:00,0,0.045,0,8.325,0,6.97,5.325,8.95,81.3,1002.825,2,9.722222222,2,245,1,18.00555556
04/06/2025 02:00,0,0.11,0,8.27,0,6.935,5.32,8.935,81.6,1002.63,2,10.05555556,2,236.1111111,1,18.62288889
04/06/2025 03:00,0,0.055,0,8.015,0,6.75,5.195,8.86,82.35,1002.535,2,9.611111111,2,231.1111111,1,17.79977778
04/06/2025 04:00,0,0.11,0,7.89,0,6.72,5.275,8.915,83.6,1002.42,2,9,2,233.8888889,1,16.668
04/06/2025 05:00,0,0.085,0,8.02,0,6.8,5.275,8.92,82.9,1002.61,2,9.222222222,2,235,1,17.07955556
04/06/2025 06:00,0,0.12,0,8.8,0,7.39,5.68,9.17,80.9,1002.48,2,8.722222222,2,231.6666667,1,16.15355556
04/06/2025 07:00,0,0.09,0,10.18,0,8.345,6.24,9.54,76.65,1002.54,2,9.333333333,2,232.2222222,1,17.28533333
04/06/2025 08:00,0,0.1,0,11.48,0,9.2,6.655,9.815,72.25,1002.45,2,9.888888889,2,229.4444444,1,18.31422222
04/06/2025 09:00,0,0.53,0,12.205,0,9.38,6.19,9.52,66.85,1002.31,2,11.83333333,2,241.1111111,1,21.91533333
04/06/2025 10:00,0,0.3,0,12.745,0,9.75,6.43,9.705,66,1002.175,2,12.66666667,2,240.5555556,1,23.45866667
04/06/2025 11:00,0,0.03,0,13.205,0,9.96,6.35,9.665,64.05,1002.135,2,12.77777778,2,236.6666667,1,23.66444444
04/06/2025 12:00,0,0.21,0,13.2,0,10.31,7.17,10.22,67.55,1002.105,2,12.5,2,237.7777778,1,23.15
04/06/2025 13:00,0,0.11,0,13.425,0,10.68,7.83,10.675,69.05,1002.035,2,12.83333333,2,236.6666667,1,23.76733333
04/06/2025 14:00,0,0.065,0,13.58,0,10.94,8.24,10.985,70.4,1001.85,2,13.05555556,2,241.1111111,1,24.17888889
04/06/2025 15:00,0,0.155,0,13.68,0,11.085,8.48,11.145,71.05,1001.48,2,12.83333333,2,243.8888889,1,23.76733333
04/06/2025 16:00,0,0.265,0,13.28,0,10.935,8.515,11.225,73.35,1001.17,2,12.05555556,2,248.8888889,1,22.32688889
04/06/2025 17:00,0,0.205,0,13.45,0,11.005,8.43,11.175,72.25,1001.04,2,11.44444444,2,250.5555556,1,21.19511111
04/06/2025 18:00,0,0.165,0,12.98,0,10.585,8.03,10.875,72.55,1000.85,2,10.72222222,2,258.3333333,1,19.85755556
04/06/2025 19:00,0,0.1,0,12.735,0,10.44,8,10.84,73.3,1000.89,2,10.16666667,2,255,1,18.82866667
04/06/2025 20:00,0,0.07,0,11.925,0,10.01,7.92,10.765,76.6,1000.835,2,8.777777778,2,256.1111111,1,16.25644444
04/06/2025 21:00,0,0,0,11.21,0,9.635,7.905,10.735,79.85,1000.85,2,7.111111111,2,247.2222222,1,13.16977778
04/06/2025 22:00,0,0.015,0,10.835,0,9.49,8.02,10.815,82.55,1000.67,2,6.222222222,2,226.1111111,1,11.52355556
04/06/2025 23:00,0,0.15,0,10.59,0,9.555,8.45,11.125,86.4,1000.21,2,6.166666667,2,216.1111111,1,11.42066667
05/06/2025 00:00,0,0.265,0,10.49,0,9.64,8.705,11.33,88.7,999.76,2,6.222222222,2,212.7777778,1,11.52355556
05/06/2025 01:00,0,0.61,0,10.485,0,9.71,8.915,11.465,89.85,999.225,2,6.222222222,2,206.6666667,1,11.52355556
05/06/2025 02:00,0,1.105,0,10.34,0,9.71,9.02,11.555,91.25,998.73,2,6.388888889,2,203.3333333,1,11.83222222
05/06/2025 03:00,0,1.25,0,10.295,0,9.785,9.23,11.69,92.8,998.16,2,5.833333333,2,210.5555556,1,10.80333333
05/06/2025 04:00,0,0.855,0,10.23,0,9.785,9.315,11.76,93.7,997.915,2,5.833333333,2,210.5555556,1,10.80333333
05/06/2025 05:00,0,0.435,0,10.31,0,9.825,9.355,11.775,93.4,997.865,2,6.444444444,2,225.5555556,1,11.93511111
05/06/2025 06:00,0,0.12,0,10.62,0,10.105,9.595,11.965,92.95,998.085,2,6.444444444,2,210.5555556,1,11.93511111
05/06/2025 07:00,0,0.08,0,11.23,0,10.48,9.745,12.105,90.3,998.3,2,7,2,260.5555556,1,12.964
05/06/2025 08:00,0,0.05,0,11.795,0,10.575,9.385,11.805,84.95,998.55,2,7.888888889,2,265.5555556,1,14.61022222
05/06/2025 09:00,0,0.195,0,12.51,0,10.81,9.165,11.635,79.95,998.945,2,8.388888889,2,276.1111111,1,15.53622222
05/06/2025 10:00,0,0.25,0,13,0,11.125,9.29,11.76,78.25,999.315,2,9.222222222,2,278.3333333,1,17.07955556
05/06/2025 11:00,0,0.04,0,13.63,0,11.24,8.87,11.425,72.65,999.63,2,9.444444444,2,282.2222222,1,17.49111111
05/06/2025 12:00,0,0.02,0,13.83,0,11.125,8.435,11.105,69.8,999.865,2,9.944444444,2,278.8888889,1,18.41711111
05/06/2025 13:00,0,0.05,0,14.035,0,11.245,8.45,11.13,68.95,1000.065,2,9.555555556,2,280,1,17.69688889
05/06/2025 14:00,0,0.065,0,14.275,0,11.23,8.175,10.925,66.65,1000.22,2,9.944444444,2,273.8888889,1,18.41711111
05/06/2025 15:00,0,0.03,0,14.225,0,10.995,7.68,10.56,64.85,1000.4,2,9.722222222,2,272.2222222,1,18.00555556
05/06/2025 16:00,0,0.03,0,14.265,0,10.93,7.465,10.415,63.65,1000.45,2,9.666666667,2,272.2222222,1,17.90266667
05/06/2025 17:00,0,0.025,0,13.505,0,10.61,7.585,10.495,67.45,1000.695,2,9.833333333,2,275.5555556,1,18.21133333
05/06/2025 18:00,0,0.085,0,12.965,0,10.32,7.505,10.45,69.5,1000.985,2,9.111111111,2,264.4444444,1,16.87377778
05/06/2025 19:00,0,0.07,0,12.225,0,9.955,7.47,10.435,72.8,1001.075,2,8.777777778,2,272.7777778,1,16.25644444
05/06/2025 20:00,0,0.02,0,11.645,0,9.605,7.365,10.335,74.85,1001.42,2,7.777777778,2,272.2222222,1,14.40444444
05/06/2025 21:00,0,0.09,0,10.83,0,9.115,7.195,10.23,78.1,1001.97,2,8.111111111,2,268.3333333,1,15.02177778
05/06/2025 22:00,0,0.085,0,10.32,0,8.82,7.14,10.15,80.55,1002.32,2,7.5,2,271.6666667,1,13.89
05/06/2025 23:00,0,0.095,0,9.765,0,8.515,7.11,10.135,83.35,1002.57,2,7.055555556,2,267.2222222,1,13.06688889
06/06/2025 00:00,0,0.19,0,9.215,0,8.095,6.81,9.925,84.6,1002.68,2,6.777777778,2,258.8888889,0,12.55244444
06/06/2025 01:00,0,0.165,0,8.74,0,7.78,6.695,9.825,86.75,1002.83,2,7.333333333,2,251.6666667,0,13.58133333
06/06/2025 02:00,0,0.04,0,8.47,0,7.54,6.465,9.66,87.1,1003.055,2,6.722222222,2,246.1111111,0,12.44955556
06/06/2025 03:00,0,0.005,0,8.28,0,7.34,6.255,9.53,87.15,1003.255,2,6.944444444,2,252.7777778,0,12.86111111
06/06/2025 04:00,0,0.05,0,8.09,0,7.24,6.23,9.52,87.95,1003.405,2,6.888888889,2,246.6666667,0,12.75822222
06/06/2025 05:00,0,0.01,0,8.18,0,7.39,6.475,9.67,88.85,1003.76,2,6.777777778,2,232.2222222,0,12.55244444
06/06/2025 06:00,0,0.005,0,9.305,0,8.335,7.26,10.205,86.95,1004.055,2,6.222222222,2,235.5555556,0,11.52355556
06/06/2025 07:00,0,0.02,0,10.75,0,9.305,7.785,10.565,81.65,1004.495,2,7.166666667,2,258.3333333,0,13.27266667
06/06/2025 08:00,0,0.04,0,11.895,0,9.93,7.89,10.655,76.2,1005.055,2,8.333333333,2,261.1111111,0,15.43333333
06/06/2025 09:00,0,0.075,0,12.705,0,10.235,7.67,10.505,71.25,1005.365,2,8.833333333,2,260,0,16.35933333
06/06/2025 10:00,0,0.11,0,13.15,0,10.45,7.65,10.49,69,1005.52,2,8.944444444,2,266.1111111,0,16.56511111
06/06/2025 11:00,0,0.055,0,13.495,0,10.675,7.745,10.58,68.15,1005.585,2,9.222222222,2,253.8888889,0,17.07955556
06/06/2025 12:00,0,0.055,0,14.025,0,10.95,7.775,10.585,65.85,1005.735,2,9.166666667,2,246.1111111,0,16.97666667
06/06/2025 13:00,0,0.075,0,14.015,0,11.025,8.07,10.79,67.25,1005.67,2,9.555555556,2,256.6666667,0,17.69688889
06/06/2025 14:00,0,0.375,0,13.665,0,10.835,7.975,10.735,68.55,1005.64,2,9.111111111,2,256.6666667,0,16.87377778
06/06/2025 15:00,0,0.08,0,13.46,0,10.885,8.28,10.94,70.65,1005.615,2,9.166666667,2,251.6666667,0,16.97666667
06/06/2025 16:00,0,0.56,0,13.07,0,10.855,8.645,11.23,74.5,1005.48,2,9.277777778,2,249.4444444,0,17.18244444
06/06/2025 17:00,0,0.475,0,12.61,0,10.46,8.295,10.955,74.85,1005.295,2,8.777777778,2,240.5555556,0,16.25644444
06/06/2025 18:00,0,0.855,0,11.84,0,10.12,8.385,11.005,79.3,1005.165,2,7.666666667,2,223.3333333,0,14.19866667
06/06/2025 19:00,0,0.2,0,11.775,0,9.98,8.115,10.825,78.35,1005.035,2,6.666666667,2,224.4444444,0,12.34666667
06/06/2025 20:00,0,0.085,0,11.115,0,9.705,8.22,10.9,82.15,1004.905,2,6.5,2,222.2222222,0,12.038
06/06/2025 21:00,0,0.22,0,10.485,0,9.31,8.015,10.745,84.45,1004.955,2,5.888888889,2,220.5555556,0,10.90622222
06/06/2025 22:00,0,0.14,0,10.095,0,9.13,8.1,10.805,87.05,1005,2,5.333333333,2,219.4444444,0,9.877333333
06/06/2025 23:00,0,0.2,0,9.875,0,9.005,8.09,10.81,88.45,1004.87,2,4.888888889,2,217.2222222,0,9.054222222
07/06/2025 00:00,0,0.39,0,9.67,0,8.96,8.165,10.87,89.95,1004.63,2,5.055555556,2,223.3333333,0,9.362888889
07/06/2025 01:00,0,0.37,0,9.53,0,8.915,8.24,10.915,91.3,1004.325,2,4.944444444,2,224.4444444,0,9.157111111
07/06/2025 02:00,0,0.435,0,9.435,0,8.92,8.35,10.985,92.45,1004.04,2,4.722222222,2,229.4444444,0,8.745555556
07/06/2025 03:00,0,0.305,0,9.31,0,8.835,8.325,10.98,93.2,1003.885,2,4.5,2,212.7777778,0,8.334
07/06/2025 04:00,0,0.26,0,9.29,0,8.835,8.35,10.985,93.4,1003.765,2,4.388888889,2,214.4444444,0,8.128222222
07/06/2025 05:00,0,0.21,0,9.335,0,8.88,8.35,11.01,93.25,1003.75,2,4.166666667,2,211.1111111,0,7.716666667
07/06/2025 06:00,0,0.09,0,9.655,0,9.135,8.56,11.16,92.6,1004.015,2,4.111111111,2,216.6666667,0,7.613777778
07/06/2025 07:00,0,0.15,0,10.16,0,9.415,8.655,11.245,90,1004.46,2,4.888888889,2,266.1111111,0,9.054222222
07/06/2025 08:00,0,0.03,0,10.85,0,9.78,8.68,11.245,86.15,1004.92,2,6.277777778,2,295.5555556,0,11.62644444
07/06/2025 09:00,0,0.025,0,11.61,0,9.985,8.295,10.985,79.8,1005.23,2,7.166666667,2,297.2222222,0,13.27266667
07/06/2025 10:00,0,0.045,0,12.25,0,10.18,8.055,10.79,75.15,1005.66,2,8.166666667,2,300.5555556,0,15.12466667
07/06/2025 11:00,0,0.11,0,12.25,0,10.055,7.785,10.585,74,1006.315,2,9.111111111,2,311.1111111,0,16.87377778
07/06/2025 12:00,0,0.11,0,12.965,0,10.385,7.71,10.525,70.15,1006.74,2,9.611111111,2,311.6666667,0,17.79977778
07/06/2025 13:00,0,0.075,0,13.135,0,10.27,7.235,10.21,67.35,1007.27,2,10.66666667,2,316.1111111,0,19.75466667
07/06/2025 14:00,0,0.28,0,13.265,0,10.4,7.395,10.32,67.65,1007.96,2,11,2,316.6666667,0,20.372
07/06/2025 15:00,0,0.125,0,13.545,0,10.265,6.745,9.89,63.35,1008.665,2,11.38888889,2,312.2222222,0,21.09222222
07/06/2025 16:00,0,0.05,0,13.09,0,9.82,6.235,9.54,63,1009.31,2,11.55555556,2,318.3333333,0,21.40088889
07/06/2025 17:00,0,0.01,0,12.87,0,9.45,5.605,9.135,60.9,1009.945,2,11.72222222,2,314.4444444,0,21.70955556
07/06/2025 18:00,0,0.005,0,12.665,0,9.2,5.195,8.855,60.15,1010.555,2,11.33333333,2,311.6666667,0,20.98933333
07/06/2025 19:00,0,0.05,0,11.965,0,8.885,5.29,8.935,63.5,1011.28,2,10.27777778,2,308.3333333,0,19.03444444
07/06/2025 20:00,0,0,0,11.015,0,8.395,5.27,8.91,67.25,1011.995,2,8.777777778,2,302.2222222,0,16.25644444
07/06/2025 21:00,0,0,0,9.99,0,7.795,5.145,8.835,71.6,1012.97,2,7.611111111,2,292.2222222,0,14.09577778
07/06/2025 22:00,0,0,0,9.025,0,7.345,5.325,8.95,77.3,1013.56,2,7,2,278.3333333,0,12.964
07/06/2025 23:00,0,0.02,0,8.6,0,7.17,5.455,9.055,80.55,1013.99,2,6.388888889,2,260,0,11.83222222
08/06/2025 00:00,0,0.09,0,8.24,0,7.1,5.73,9.25,84,1014.2,2,6.277777778,2,255,1,11.62644444
08/06/2025 01:00,0,0.085,0,8.015,0,7.075,5.95,9.395,86.65,1014.355,2,6.277777778,2,224.4444444,1,11.62644444
08/06/2025 02:00,0,0.07,0,8.1,0,7.18,6.125,9.505,87.1,1014.44,2,6.055555556,2,233.8888889,1,11.21488889
08/06/2025 03:00,0,0.095,0,8.345,0,7.47,6.475,9.765,87.8,1014.37,2,6.277777778,2,227.2222222,1,11.62644444
08/06/2025 04:00,0,0.085,0,8.795,0,7.91,6.915,10.03,87.7,1014.54,2,7.111111111,2,228.8888889,1,13.16977778
08/06/2025 05:00,0,0.03,0,9.375,0,8.46,7.48,10.395,87.65,1014.935,2,7.444444444,2,216.6666667,1,13.78711111
08/06/2025 06:00,0,0.11,0,10.07,0,9.13,8.135,10.86,87.65,1015.26,2,7.666666667,2,231.6666667,1,14.19866667
08/06/2025 07:00,0,0.06,0,11.005,0,9.94,8.83,11.37,86.3,1015.65,2,7.055555556,2,231.6666667,1,13.06688889
08/06/2025 08:00,0,0.13,0,11.87,0,10.585,9.32,11.74,84.15,1015.92,2,8.111111111,2,239.4444444,1,15.02177778
08/06/2025 09:00,0,0.015,0,12.845,0,11.07,9.355,11.77,79,1016.26,2,9,2,261.6666667,1,16.668
08/06/2025 10:00,0,0.03,0,13.02,0,11.07,9.195,11.625,77.1,1016.675,2,9.777777778,2,260,1,18.10844444
08/06/2025 11:00,0,0.02,0,13.46,0,11.32,9.275,11.7,75.5,1016.985,2,9.888888889,2,258.3333333,1,18.31422222
08/06/2025 12:00,0,0.08,0,13.165,0,11.24,9.39,11.805,77.55,1017.35,2,10,2,258.8888889,1,18.52
08/06/2025 13:00,0,0.01,0,13.445,0,11.255,9.105,11.575,74.65,1017.66,2,10.44444444,2,255.5555556,1,19.34311111
08/06/2025 14:00,0,0.005,0,13.59,0,11.345,9.21,11.65,74.55,1017.845,2,10.27777778,2,259.4444444,1,19.03444444
08/06/2025 15:00,0,0.015,0,13.495,0,11.36,9.315,11.73,75.65,1018.09,2,9.611111111,2,259.4444444,1,17.79977778
08/06/2025 16:00,0,0.005,0,13.36,0,11.22,9.145,11.615,75.4,1018.305,2,9.555555556,2,257.2222222,1,17.69688889
08/06/2025 17:00,0,0.02,0,13.125,0,11.165,9.27,11.71,77.25,1018.38,2,9.222222222,2,259.4444444,1,17.07955556
08/06/2025 18:00,0,0,0,13.02,0,11.015,9.07,11.55,76.6,1018.49,2,8.722222222,2,263.3333333,1,16.15355556
08/06/2025 19:00,0,0.02,0,12.615,0,10.845,9.075,11.56,78.7,1018.735,2,8.277777778,2,258.8888889,1,15.33044444
08/06/2025 20:00,0,0.025,0,12.225,0,10.755,9.34,11.75,82.1,1019.1,2,7.111111111,2,257.2222222,1,13.16977778
08/06/2025 21:00,0,0.005,0,11.825,0,10.5,9.185,11.625,83.6,1019.44,2,6.5,2,252.7777778,1,12.038
08/06/2025 22:00,0,0.005,0,11.57,0,10.37,9.165,11.615,84.9,1019.75,2,5.944444444,2,244.4444444,1,11.00911111
08/06/2025 23:00,0,0.045,0,11.475,0,10.38,9.29,11.73,86.1,1019.93,2,6.166666667,2,248.3333333,1,11.42066667
09/06/2025 00:00,0,0.02,0,11.345,0,10.325,9.325,11.75,87,1019.975,2,6.166666667,2,249.4444444,1,11.42066667
09/06/2025 01:00,0,0.005,0,11.26,0,10.305,9.345,11.76,87.6,1019.86,2,6.222222222,2,240,1,11.52355556
09/06/2025 02:00,0,0.015,0,11.27,0,10.32,9.395,11.795,87.85,1019.725,2,5.944444444,2,229.4444444,1,11.00911111
09/06/2025 03:00,0,0,0,11.17,0,10.29,9.4,11.805,88.4,1019.46,2,5.611111111,2,228.8888889,1,10.39177778
09/06/2025 04:00,0,0.005,0,11.005,0,10.18,9.345,11.78,89.25,1019.21,2,5.111111111,2,219.4444444,1,9.465777778
09/06/2025 05:00,0,0,0,11.005,0,10.245,9.505,11.9,90.05,1019.14,2,5.222222222,2,205,1,9.671555556
09/06/2025 06:00,0,0.005,0,11.595,0,10.69,9.8,12.14,88.5,1019.19,2,5.888888889,2,203.8888889,1,10.90622222
09/06/2025 07:00,0,0.015,0,12.155,0,11.135,10.15,12.4,87.15,1019.155,2,6.555555556,2,209.4444444,1,12.14088889
09/06/2025 08:00,0,0.035,0,12.705,0,11.335,10.05,12.34,83.7,1018.915,2,7.666666667,2,207.2222222,1,14.19866667
09/06/2025 09:00,0,0.05,0,13.08,0,11.565,10.125,12.395,82.05,1018.51,2,8.611111111,2,206.6666667,1,15.94777778
09/06/2025 10:00,0,0.035,0,13.255,0,11.71,10.26,12.515,81.85,1018.155,2,9.5,2,208.8888889,1,17.594
09/06/2025 11:00,0,0.06,0,13.325,0,11.96,10.73,12.92,84.05,1017.585,2,10.38888889,2,205,1,19.24022222
09/06/2025 12:00,0,0.09,0,13.515,0,12.165,10.95,13.105,84.3,1016.885,2,11.22222222,2,205,1,20.78355556
09/06/2025 13:00,0,0.245,0,13.565,0,12.355,11.295,13.41,85.8,1016.21,2,12,2,204.4444444,1,22.224
09/06/2025 14:00,0,0.42,0,13.68,0,12.655,11.76,13.83,88,1015.48,2,12.27777778,2,205.5555556,1,22.73844444
09/06/2025 15:00,0,0.805,0,13.875,0,12.995,12.26,14.285,89.85,1014.58,2,12.83333333,2,207.2222222,1,23.76733333
09/06/2025 16:00,0,0.68,0,14.14,0,13.36,12.725,14.735,91,1013.735,2,13.33333333,2,213.8888889,1,24.69333333
09/06/2025 17:00,0,0.835,0,14.31,0,13.605,13.02,14.995,91.7,1013.185,2,13.77777778,2,218.8888889,1,25.51644444
09/06/2025 18:00,0,0.605,0,14.42,0,13.8,13.28,15.275,92.7,1012.86,2,13.44444444,2,226.1111111,1,24.89911111
09/06/2025 19:00,0,0.385,0,14.335,0,13.76,13.3,15.285,93.15,1012.66,2,13.55555556,2,231.6666667,1,25.10488889
09/06/2025 20:00,0,0.25,0,14.105,0,13.63,13.255,15.235,94.45,1012.575,2,12.5,2,236.1111111,1,23.15
09/06/2025 21:00,0,0.15,0,13.77,0,13.38,13.055,15.04,95.05,1012.855,2,12.38888889,2,247.2222222,1,22.94422222
09/06/2025 22:00,0,0.1,0,13.51,0,13.1,12.76,14.775,94.95,1013.305,2,11.33333333,2,256.6666667,1,20.98933333
09/06/2025 23:00,0,0.025,0,13.27,0,12.795,12.36,14.405,93.95,1013.7,2,10.72222222,2,268.3333333,1,19.85755556
10/06/2025 00:00,0,0.05,0,12.97,0,12.425,11.935,14.045,93.25,1014.085,2,9.611111111,2,275,1,17.79977778
10/06/2025 01:00,0,0.11,0,12.605,0,12.045,11.51,13.635,92.7,1014.435,2,9.166666667,2,283.3333333,1,16.97666667
10/06/2025 02:00,0,0.095,0,12.1,0,11.525,11,13.185,92.5,1014.905,2,8.277777778,2,286.1111111,1,15.33044444
10/06/2025 03:00,0,0.08,0,11.7,0,11.095,10.535,12.785,92.05,1015.18,2,7.222222222,2,289.4444444,1,13.37555556
10/06/2025 04:00,0,0.065,0,11.235,0,10.62,10.015,12.355,91.75,1015.54,2,6.555555556,2,293.8888889,1,12.14088889
10/06/2025 05:00,0,0.005,0,11.195,0,10.545,9.89,12.245,91.5,1016.16,2,5.944444444,2,297.7777778,1,11.00911111
10/06/2025 06:00,0,0.005,0,11.69,0,10.9,10.14,12.42,89.9,1016.87,2,5.444444444,2,301.1111111,1,10.08311111
10/06/2025 07:00,0,0.015,0,12.5,0,11.245,10.035,12.355,84.8,1017.425,2,5.722222222,2,305.5555556,1,10.59755556
10/06/2025 08:00,0,0,0,13.33,0,11.355,9.415,11.865,77.15,1017.855,2,6.333333333,2,314.4444444,1,11.72933333
10/06/2025 09:00,0,0,0,13.99,0,11.67,9.435,11.875,73.9,1018.365,2,6.055555556,2,301.1111111,1,11.21488889
10/06/2025 10:00,0,0.005,0,14.67,0,11.875,9.175,11.675,69.5,1018.775,2,5.388888889,2,301.6666667,1,9.980222222
10/06/2025 11:00,0,0.005,0,15.155,0,12.09,9.15,11.66,67.4,1018.965,2,4.888888889,2,277.7777778,1,9.054222222
10/06/2025 12:00,0,0,0,15.675,0,12.3,9.085,11.62,65,1018.955,2,4.722222222,2,257.2222222,1,8.745555556
10/06/2025 13:00,0,0,0,16.155,0,12.71,9.485,11.93,64.8,1018.91,2,5,2,238.3333333,1,9.26
10/06/2025 14:00,0,0,0,16.545,0,12.915,9.575,11.99,63.85,1018.84,2,5.5,2,218.3333333,1,10.186
10/06/2025 15:00,0,0,0,16.93,0,13.165,9.76,12.15,63.05,1018.71,2,5.833333333,2,225,1,10.80333333
10/06/2025 16:00,0,0.005,0,16.85,0,13.205,9.91,12.275,64.1,1018.555,2,6.277777778,2,225,1,11.62644444
10/06/2025 17:00,0,0,0,16.695,0,13.22,10.075,12.415,65.55,1018.26,2,6.666666667,2,208.3333333,1,12.34666667
10/06/2025 18:00,0,0,0,16.32,0,13.08,10.2,12.475,67.4,1018.185,2,6.388888889,2,197.2222222,1,11.83222222
10/06/2025 19:00,0,0,0,15.69,0,12.91,10.45,12.685,71.5,1018.22,2,6.277777778,2,198.8888889,1,11.62644444
10/06/2025 20:00,0,0,0,14.76,0,12.63,10.71,12.91,76.9,1018.22,2,5.777777778,2,194.4444444,1,10.70044444
10/06/2025 21:00,0,0,0,13.785,0,12.21,10.79,12.98,82.05,1018.285,2,5.555555556,2,181.6666667,1,10.28888889
10/06/2025 22:00,0,0,0,12.91,0,11.765,10.705,12.91,86.35,1018.22,2,5.888888889,2,180,1,10.90622222
10/06/2025 23:00,0,0.005,0,12.52,0,11.66,10.875,13.07,89.5,1018.13,2,5.388888889,2,159.4444444,1,9.980222222
11/06/2025 00:00,0,0.025,0,12.43,0,11.715,11.045,13.2,91.1,1018.075,2,5.777777778,2,171.1111111,1,10.70044444
11/06/2025 01:00,0,0.02,0,12.535,0,11.86,11.205,13.355,91.25,1017.66,2,5.722222222,2,167.2222222,1,10.59755556
11/06/2025 02:00,0,0.015,0,12.68,0,12.015,11.44,13.55,92.05,1017.3,2,5.722222222,2,170.5555556,1,10.59755556
11/06/2025 03:00,0,0.02,0,12.64,0,12.035,11.49,13.6,92.45,1016.76,2,5.666666667,2,156.6666667,1,10.49466667
11/06/2025 04:00,0,0.025,0,12.68,0,12.1,11.6,13.685,92.75,1016.365,2,5.555555556,2,154.4444444,1,10.28888889
11/06/2025 05:00,0,0.035,0,12.87,0,12.305,11.78,13.835,92.9,1016.315,2,5.944444444,2,159.4444444,1,11.00911111
11/06/2025 06:00,0,0.01,0,13.295,0,12.615,12.035,14.075,91.95,1016.275,2,6.277777778,2,158.8888889,1,11.62644444
11/06/2025 07:00,0,0.005,0,13.935,0,12.98,12.17,14.2,88.95,1016.105,2,6.722222222,2,161.6666667,1,12.44955556
11/06/2025 08:00,0,0,0,14.47,0,13.21,12.17,14.195,85.9,1016.025,2,7.5,2,160.5555556,1,13.89
11/06/2025 09:00,0,0.005,0,15.135,0,13.65,12.415,14.435,83.85,1015.655,2,7.944444444,2,157.7777778,1,14.71311111
11/06/2025 10:00,0,0,0,15.885,0,14.015,12.535,14.535,80.65,1015.395,2,8.277777778,2,154.4444444,1,15.33044444
11/06/2025 11:00,0,0,0,16.65,0,14.47,12.77,14.765,77.9,1015.04,2,9,2,157.2222222,1,16.668
11/06/2025 12:00,0,0,0,17.15,0,14.84,13.065,15.04,76.8,1014.785,2,9.055555556,2,152.2222222,1,16.77088889
11/06/2025 13:00,0,0.005,0,17.87,0,15.28,13.365,15.335,75.1,1014.125,2,9.722222222,2,148.8888889,1,18.00555556
11/06/2025 14:00,0,0,0,18.215,0,15.48,13.45,15.42,74,1013.435,2,10.22222222,2,141.6666667,1,18.93155556
11/06/2025 15:00,0,0.01,0,18.265,0,15.46,13.37,15.365,73.45,1013.1,2,9.611111111,2,147.2222222,1,17.79977778
11/06/2025 16:00,0,0.015,0,18.1,0,15.465,13.495,15.48,74.8,1012.56,2,9.444444444,2,145.5555556,1,17.49111111
11/06/2025 17:00,0,0,0,17.79,0,15.23,13.315,15.315,75.3,1012.2,2,9.222222222,2,148.3333333,1,17.07955556
11/06/2025 18:00,0,0,0,17.405,0,15.07,13.285,15.28,76.75,1011.86,2,8.277777778,2,147.7777778,1,15.33044444
11/06/2025 19:00,0,0.02,0,16.79,0,14.72,13.11,15.105,78.85,1011.55,2,7.777777778,2,130,1,14.40444444
11/06/2025 20:00,0,0.03,0,16.17,0,14.445,13.13,15.115,82.05,1011.475,2,8.555555556,2,121.1111111,1,15.84488889
11/06/2025 21:00,0,0.08,0,15.48,0,14.12,13.01,15,85.1,1011.505,2,7.833333333,2,118.8888889,1,14.50733333
11/06/2025 22:00,0,0.26,0,15.015,0,13.9,13.005,14.99,87.45,1011.23,2,8.166666667,2,111.6666667,1,15.12466667
11/06/2025 23:00,0,0.29,0,14.79,0,13.77,12.945,14.92,88.6,1010.845,2,8.055555556,2,116.1111111,1,14.91888889
12/06/2025 00:00,0,0.435,0,14.69,0,13.745,12.975,14.965,89.25,1010.15,2,7.777777778,2,113.8888889,1,14.40444444
12/06/2025 01:00,0,0.635,0,14.55,0,13.725,13.065,15.055,90.55,1009.75,2,7.888888889,2,116.1111111,1,14.61022222
12/06/2025 02:00,0,0.51,0,14.63,0,13.81,13.14,15.13,90.7,1009.395,2,7.944444444,2,115.5555556,1,14.71311111
12/06/2025 03:00,0,0.28,0,14.545,0,13.84,13.28,15.265,91.75,1008.58,2,7.666666667,2,107.7777778,1,14.19866667
12/06/2025 04:00,0,0.44,0,14.45,0,13.825,13.3,15.28,92.4,1007.895,2,6.944444444,2,104.4444444,1,12.86111111
12/06/2025 05:00,0,0.435,0,14.51,0,13.89,13.385,15.385,92.55,1007.625,2,6.944444444,2,103.8888889,1,12.86111111
12/06/2025 06:00,0,0.64,0,14.6,0,14.065,13.63,15.615,93.55,1007.335,2,7.277777778,2,101.6666667,1,13.47844444
12/06/2025 07:00,0,0.935,0,14.795,0,14.305,13.885,15.885,93.85,1006.79,2,7.722222222,2,103.3333333,1,14.30155556
12/06/2025 08:00,0,0.745,0,15.04,0,14.53,14.13,16.14,93.95,1006.595,2,8.277777778,2,100.5555556,1,15.33044444
12/06/2025 09:00,0,0.515,0,15.35,0,14.85,14.49,16.5,94.25,1006.345,2,8.222222222,2,109.4444444,1,15.22755556
12/06/2025 10:00,0,0.535,0,15.64,0,15.135,14.76,16.795,94.2,1005.98,2,8.166666667,2,123.3333333,1,15.12466667
12/06/2025 11:00,0,0.745,0,15.945,0,15.335,14.885,16.95,93.15,1005.52,2,8,2,122.2222222,1,14.816
12/06/2025 12:00,0,0.76,0,15.97,0,15.3,14.79,16.84,92.4,1005.245,2,8.222222222,2,121.1111111,1,15.22755556
12/06/2025 13:00,0,0.915,0,15.85,0,15.195,14.725,16.765,92.65,1005.015,2,8.111111111,2,122.7777778,1,15.02177778
12/06/2025 14:00,0,0.76,0,16.01,0,15.34,14.855,16.925,92.6,1004.79,2,7.611111111,2,124.4444444,1,14.09577778
12/06/2025 15:00,0,0.535,0,15.995,0,15.33,14.845,16.9,92.65,1004.605,2,7.333333333,2,129.4444444,1,13.58133333
12/06/2025 16:00,0,0.81,0,15.98,0,15.31,14.825,16.88,92.75,1004.365,2,7.111111111,2,135,1,13.16977778
12/06/2025 17:00,0,0.71,0,15.905,0,15.265,14.795,16.85,92.95,1004.245,2,6,2,135.5555556,1,11.112
12/06/2025 18:00,0,0.375,0,15.79,0,15.245,14.84,16.89,93.75,1004.3,2,6.277777778,2,148.8888889,1,11.62644444
12/06/2025 19:00,0,0.385,0,15.53,0,15.095,14.735,16.78,94.75,1004.645,2,6.5,2,156.1111111,1,12.038
12/06/2025 20:00,0,0.41,0,15.455,0,15.04,14.725,16.77,95.25,1005.05,2,6.444444444,2,159.4444444,1,11.93511111
12/06/2025 21:00,0,0.185,0,15.255,0,14.85,14.565,16.58,95.05,1005.525,2,6.555555556,2,161.1111111,1,12.14088889
12/06/2025 22:00,0,0.34,0,15.28,0,14.855,14.53,16.55,94.95,1005.815,2,6.944444444,2,162.7777778,1,12.86111111
12/06/2025 23:00,0,0.645,0,15.055,0,14.6,14.26,16.275,94.7,1006.085,2,7.333333333,2,156.1111111,1,13.58133333
13/06/2025 00:00,0,0.555,0,14.89,0,14.43,14.085,16.08,94.55,1006.3,2,8,2,161.1111111,0,14.816
13/06/2025 01:00,0,0.17,0,14.84,0,14.395,14.035,16.04,94.55,1006.485,2,8,2,158.3333333,0,14.816
13/06/2025 02:00,0,0.205,0,14.725,0,14.205,13.805,15.81,94,1006.66,2,7.777777778,2,154.4444444,0,14.40444444
13/06/2025 03:00,0,0.095,0,14.775,0,14.23,13.785,15.8,93.5,1006.96,2,7.444444444,2,151.1111111,0,13.78711111
13/06/2025 04:00,0,0.285,0,14.595,0,14.03,13.58,15.575,93.35,1007.27,2,7.666666667,2,160,0,14.19866667
13/06/2025 05:00,0,0.24,0,14.325,0,13.8,13.365,15.38,93.5,1007.96,2,8.055555556,2,168.8888889,0,14.91888889
13/06/2025 06:00,0,0.325,0,14.355,0,13.74,13.265,15.285,92.75,1008.9,2,8.111111111,2,183.8888889,0,15.02177778
13/06/2025 07:00,0,0.305,0,14.585,0,13.75,13.07,15.1,90.4,1009.905,2,9.222222222,2,190,0,17.07955556
13/06/2025 08:00,0,0.055,0,15.055,0,13.825,12.82,14.855,86.25,1011.01,2,10.05555556,2,204.4444444,0,18.62288889
13/06/2025 09:00,0,0.165,0,15.53,0,13.81,12.42,14.455,81.5,1011.96,2,10.72222222,2,207.7777778,0,19.85755556
13/06/2025 10:00,0,0,0,16.385,0,14.04,12.105,14.145,75.6,1012.665,2,11.11111111,2,206.6666667,0,20.57777778
13/06/2025 11:00,0,0.035,0,16.81,0,14.075,11.81,13.885,72.4,1013.325,2,10.94444444,2,205.5555556,0,20.26911111
13/06/2025 12:00,0,0.005,0,17.65,0,14.42,11.76,13.865,68.5,1013.83,2,10.94444444,2,201.1111111,0,20.26911111
13/06/2025 13:00,0,0,0,17.94,0,14.435,11.545,13.655,66.65,1014.27,2,11.44444444,2,191.1111111,0,21.19511111
13/06/2025 14:00,0,0,0,18.09,0,14.535,11.58,13.72,66.35,1014.52,2,10.33333333,2,191.1111111,0,19.13733333
13/06/2025 15:00,0,0.02,0,17.995,0,14.425,11.435,13.58,66.2,1014.655,2,9.722222222,2,190,0,18.00555556
13/06/2025 16:00,0,0.145,0,17.7,0,14.33,11.495,13.61,67.6,1014.74,2,8.777777778,2,189.4444444,0,16.25644444
13/06/2025 17:00,0,0.1,0,17.545,0,14.245,11.51,13.615,68.25,1014.755,2,8.555555556,2,188.3333333,0,15.84488889
13/06/2025 18:00,0,0.035,0,17.13,0,14.135,11.66,13.725,70.45,1014.815,2,7.166666667,2,159.4444444,0,13.27266667
13/06/2025 19:00,0,0.01,0,16.415,0,13.9,11.805,13.86,74.3,1014.87,2,6.166666667,2,157.2222222,0,11.42066667
13/06/2025 20:00,0,0.09,0,15.66,0,13.61,11.925,13.975,78.4,1015.105,2,5.722222222,2,153.8888889,0,10.59755556
13/06/2025 21:00,0,0.13,0,14.74,0,13.295,12.09,14.12,84.1,1015.34,2,4.611111111,2,161.1111111,0,8.539777778
13/06/2025 22:00,0,0.19,0,14.015,0,12.93,12.015,14.04,87.6,1015.275,2,4,2,152.2222222,0,7.408
13/06/2025 23:00,0,0.24,0,13.475,0,12.655,11.95,13.97,90.15,1014.91,2,3.666666667,2,121.1111111,0,6.790666667
14/06/2025 00:00,0,0.295,0,13.045,0,12.365,11.76,13.825,91.65,1014.51,2,3.666666667,2,121.1111111,0,6.790666667
14/06/2025 01:00,0,0.135,0,12.855,0,12.245,11.695,13.78,92.55,1014.07,2,3.277777778,2,100.5555556,0,6.070444444
14/06/2025 02:00,0,0.165,0,12.655,0,12.16,11.715,13.785,93.65,1013.7,2,2.888888889,2,101.6666667,0,5.350222222
14/06/2025 03:00,0,0.345,0,12.5,0,12.125,11.775,13.86,94.95,1013.375,2,2.944444444,2,131.6666667,0,5.453111111
14/06/2025 04:00,0,0.405,0,12.21,0,11.875,11.595,13.685,95.6,1013.14,2,2.777777778,2,139.4444444,0,5.144444444
14/06/2025 05:00,0,0.28,0,12.345,0,12.045,11.775,13.84,96.05,1013.02,2,2.888888889,2,162.2222222,0,5.350222222
14/06/2025 06:00,0,0.385,0,12.8,0,12.475,12.175,14.205,95.75,1012.965,2,3.055555556,2,173.3333333,0,5.658888889
14/06/2025 07:00,0,0.225,0,13.345,0,12.88,12.475,14.48,94.1,1012.935,2,3.666666667,2,274.4444444,0,6.790666667
14/06/2025 08:00,0,0.15,0,14.095,0,13.36,12.735,14.73,91.4,1013.015,2,4.277777778,2,236.1111111,0,7.922444444
14/06/2025 09:00,0,0.27,0,14.59,0,13.635,12.855,14.83,89.15,1013.19,2,5,2,274.4444444,0,9.26
14/06/2025 10:00,0,0.25,0,15.08,0,13.87,12.895,14.87,86.45,1013.28,2,5.833333333,2,276.1111111,0,10.80333333
14/06/2025 11:00,0,0.57,0,15.49,0,14.03,12.86,14.85,84.2,1013.46,2,6.944444444,2,279.4444444,0,12.86111111
14/06/2025 12:00,0,0.505,0,15.475,0,14.04,12.88,14.88,84.3,1013.675,2,6.888888889,2,257.7777778,0,12.75822222
14/06/2025 13:00,0,0.805,0,15.53,0,13.955,12.69,14.695,83.25,1013.92,2,7.111111111,2,262.2222222,0,13.16977778
14/06/2025 14:00,0,0.465,0,16.145,0,14.325,12.87,14.865,80.85,1014.13,2,6.944444444,2,242.7777778,0,12.86111111
14/06/2025 15:00,0,1.015,0,16.06,0,14.135,12.58,14.61,79.95,1014.54,2,7.833333333,2,274.4444444,0,14.50733333
14/06/2025 16:00,0,0.695,0,16.005,0,14.045,12.425,14.44,79.5,1014.895,2,8.888888889,2,260,0,16.46222222
14/06/2025 17:00,0,0.555,0,15.82,0,13.83,12.18,14.23,79.1,1015.16,2,8.944444444,2,272.7777778,0,16.56511111
14/06/2025 18:00,0,0.065,0,15.795,0,13.745,12.02,14.115,78.25,1015.69,2,8.611111111,2,272.7777778,0,15.94777778
14/06/2025 19:00,0,0.01,0,15.105,0,13.145,11.45,13.58,78.7,1016.385,2,8.611111111,2,271.1111111,0,15.94777778
14/06/2025 20:00,0,0.05,0,14.27,0,12.685,11.295,13.42,82.15,1017.075,2,7.833333333,2,268.3333333,0,14.50733333
14/06/2025 21:00,0,0.005,0,13.405,0,12.175,11.06,13.225,85.3,1017.745,2,6.777777778,2,262.2222222,0,12.55244444
14/06/2025 22:00,0,0,0,12.715,0,11.725,10.8,12.97,87.7,1018.09,2,6.555555556,2,248.3333333,0,12.14088889
14/06/2025 23:00,0,0,0,12.1,0,11.265,10.505,12.71,89.6,1018.205,2,6.5,2,233.3333333,0,12.038
15/06/2025 00:00,0,0.05,0,11.805,0,11.13,10.5,12.73,91.25,1018.225,2,6.611111111,2,232.2222222,1,12.24377778
15/06/2025 01:00,0,0.03,0,11.645,0,11.025,10.44,12.69,91.75,1018.255,2,6.666666667,2,217.7777778,1,12.34666667
15/06/2025 02:00,0,0.03,0,11.655,0,11.15,10.675,12.905,93.25,1018.31,2,6.333333333,2,217.2222222,1,11.72933333
15/06/2025 03:00,0,0.04,0,11.845,0,11.38,10.945,13.145,93.85,1018.265,2,6.944444444,2,221.1111111,1,12.86111111
15/06/2025 04:00,0,0.085,0,12.07,0,11.645,11.26,13.415,94.4,1018.59,2,7.611111111,2,225,1,14.09577778
15/06/2025 05:00,0,0.075,0,12.42,0,12,11.615,13.705,94.5,1019.11,2,8.166666667,2,230.5555556,1,15.12466667
15/06/2025 06:00,0,0.155,0,12.77,0,12.39,12.04,14.08,95,1019.495,2,7.777777778,2,237.7777778,1,14.40444444
15/06/2025 07:00,0,0.075,0,13.18,0,12.71,12.31,14.34,94.15,1019.91,2,7.5,2,242.7777778,1,13.89
15/06/2025 08:00,0,0.045,0,13.625,0,13.08,12.61,14.605,93.2,1020.65,2,8.277777778,2,248.3333333,1,15.33044444
15/06/2025 09:00,0,0.025,0,14.135,0,13.385,12.77,14.77,91.25,1021.355,2,8.388888889,2,250,1,15.53622222
15/06/2025 10:00,0,0.04,0,14.945,0,13.825,12.935,14.93,87.45,1021.855,2,9.222222222,2,267.7777778,1,17.07955556
15/06/2025 11:00,0,0.01,0,15.39,0,13.94,12.785,14.78,84.2,1022.435,2,10.11111111,2,268.8888889,1,18.72577778
15/06/2025 12:00,0,0.01,0,15.8,0,14.055,12.685,14.68,81.75,1022.885,2,10.27777778,2,270,1,19.03444444
15/06/2025 13:00,0,0.005,0,16.07,0,14.16,12.66,14.675,80.1,1023.045,2,9.555555556,2,266.6666667,1,17.69688889
15/06/2025 14:00,0,0,0,16.62,0,14.535,12.9,14.885,78.5,1023.155,2,9.833333333,2,267.2222222,1,18.21133333
15/06/2025 15:00,0,0.005,0,17.325,0,14.84,12.9,14.89,75.05,1023.455,2,9.611111111,2,257.7777778,1,17.79977778
15/06/2025 16:00,0,0,0,17.325,0,14.755,12.745,14.75,74.35,1023.62,2,9.944444444,2,257.7777778,1,18.41711111
15/06/2025 17:00,0,0,0,17.255,0,14.64,12.575,14.57,74,1023.77,2,9.333333333,2,256.6666667,1,17.28533333
15/06/2025 18:00,0,0,0,17.225,0,14.595,12.53,14.525,73.85,1024.165,2,9.222222222,2,247.2222222,1,17.07955556
15/06/2025 19:00,0,0,0,16.795,0,14.37,12.425,14.425,75.25,1024.545,2,8.777777778,2,245,1,16.25644444
15/06/2025 20:00,0,0,0,15.575,0,13.625,12,14.05,79.15,1024.895,2,8,2,242.7777778,1,14.816
15/06/2025 21:00,0,0,0,14.315,0,12.89,11.645,13.725,83.65,1025.31,2,7.222222222,2,231.6666667,1,13.37555556
15/06/2025 22:00,0,0,0,13.455,0,12.37,11.39,13.51,86.95,1025.615,2,6.5,2,217.2222222,1,12.038
15/06/2025 23:00,0,0,0,12.915,0,12.03,11.26,13.4,89.4,1025.92,2,6.444444444,2,204.4444444,1,11.93511111
16/06/2025 00:00,0,0,0,12.565,0,11.82,11.155,13.3,90.8,1026.095,2,6.555555556,2,220,1,12.14088889
16/06/2025 01:00,0,0,0,12.435,0,11.68,11.015,13.18,90.75,1025.95,2,6.833333333,2,216.1111111,1,12.65533333
16/06/2025 02:00,0,0,0,12.35,0,11.665,11.03,13.2,91.45,1025.64,2,6.722222222,2,188.8888889,1,12.44955556
16/06/2025 03:00,0,0,0,12.215,0,11.555,10.94,13.15,91.75,1025.385,2,7.166666667,2,198.8888889,1,13.27266667
16/06/2025 04:00,0,0,0,12.13,0,11.495,10.925,13.13,92.15,1025.29,2,7.222222222,2,198.8888889,1,13.37555556
16/06/2025 05:00,0,0.005,0,12.32,0,11.635,11.04,13.21,91.55,1025.525,2,7.111111111,2,196.6666667,1,13.16977778
16/06/2025 06:00,0,0,0,13.22,0,12.385,11.635,13.735,89.85,1025.595,2,7.166666667,2,200.5555556,1,13.27266667
16/06/2025 07:00,0,0,0,14.215,0,13.055,12.075,14.115,86.7,1025.675,2,8.611111111,2,199.4444444,1,15.94777778
16/06/2025 08:00,0,0,0,15.21,0,13.6,12.27,14.28,82.25,1025.485,2,9.833333333,2,204.4444444,1,18.21133333
16/06/2025 09:00,0,0,0,16.09,0,13.965,12.19,14.235,77.5,1025.425,2,10.66666667,2,209.4444444,1,19.75466667
16/06/2025 10:00,0,0,0,16.91,0,14.285,12.135,14.165,73.3,1025.36,2,11.5,2,214.4444444,1,21.298
16/06/2025 11:00,0,0,0,17.51,0,14.645,12.35,14.365,71.7,1025.165,2,12,2,212.7777778,1,22.224
16/06/2025 12:00,0,0,0,18.05,0,14.755,12.145,14.185,68.7,1024.815,2,12.16666667,2,217.2222222,1,22.53266667
16/06/2025 13:00,0,0,0,18.555,0,15.11,12.375,14.4,67.8,1024.485,2,12.72222222,2,212.2222222,1,23.56155556
16/06/2025 14:00,0,0,0,18.695,0,15.265,12.6,14.62,68.2,1024.13,2,12.83333333,2,215.5555556,1,23.76733333
16/06/2025 15:00,0,0,0,18.495,0,15.255,12.74,14.745,69.45,1023.82,2,12.72222222,2,210,1,23.56155556
16/06/2025 16:00,0,0,0,18.195,0,15.11,12.715,14.715,70.65,1023.425,2,12.83333333,2,211.6666667,1,23.76733333
16/06/2025 17:00,0,0,0,17.815,0,15.065,12.935,14.92,73.45,1023.265,2,12.44444444,2,212.2222222,1,23.04711111
16/06/2025 18:00,0,0,0,17.36,0,14.89,12.97,14.96,75.55,1023.085,2,12,2,213.8888889,1,22.224
16/06/2025 19:00,0,0,0,16.87,0,14.595,12.805,14.82,77,1022.8,2,11.61111111,2,211.1111111,1,21.50377778
16/06/2025 20:00,0,0.065,0,16.105,0,14.195,12.66,14.66,80.05,1022.58,2,11.83333333,2,207.7777778,1,21.91533333
16/06/2025 21:00,0,0.11,0,15.455,0,13.895,12.615,14.625,83.2,1022.585,2,11.27777778,2,206.1111111,1,20.88644444
16/06/2025 22:00,0,0.1,0,15.075,0,13.72,12.625,14.63,85,1022.45,2,11.61111111,2,201.1111111,1,21.50377778
16/06/2025 23:00,0,0.065,0,14.79,0,13.615,12.615,14.635,86.6,1022.305,2,11.61111111,2,200.5555556,1,21.50377778
17/06/2025 00:00,0,0.125,0,14.7,0,13.64,12.77,14.785,88,1022.13,2,11.83333333,2,204.4444444,1,21.91533333
17/06/2025 01:00,0,0.09,0,14.555,0,13.62,12.81,14.835,89.25,1021.82,2,11.61111111,2,206.1111111,1,21.50377778
17/06/2025 02:00,0,0.15,0,14.515,0,13.625,12.89,14.895,89.7,1021.645,2,11,2,202.7777778,1,20.372
17/06/2025 03:00,0,0.175,0,14.43,0,13.58,12.88,14.9,90.3,1021.355,2,10.22222222,2,210.5555556,1,18.93155556
17/06/2025 04:00,0,0.07,0,14.32,0,13.625,13.035,15.035,91.7,1021.445,2,9.944444444,2,214.4444444,1,18.41711111
17/06/2025 05:00,0,0.105,0,14.24,0,13.61,13.075,15.07,92.35,1021.535,2,9.444444444,2,219.4444444,1,17.49111111
17/06/2025 06:00,0,0.15,0,14.445,0,13.805,13.285,15.28,92.5,1021.885,2,8.833333333,2,220.5555556,1,16.35933333
17/06/2025 07:00,0,0.065,0,14.75,0,14.065,13.515,15.51,91.9,1022.4,2,8.722222222,2,227.7777778,1,16.15355556
17/06/2025 08:00,0,0.06,0,15.29,0,14.41,13.715,15.73,90.05,1022.62,2,8.666666667,2,231.1111111,1,16.05066667
17/06/2025 09:00,0,0.015,0,15.695,0,14.61,13.77,15.785,88.2,1022.885,2,9.166666667,2,242.2222222,1,16.97666667
17/06/2025 10:00,0,0.005,0,16.56,0,14.95,13.73,15.74,83.35,1023.08,2,9.055555556,2,239.4444444,1,16.77088889
17/06/2025 11:00,0,0.02,0,16.97,0,15.11,13.695,15.745,80.9,1023.26,2,8.944444444,2,250,1,16.56511111
17/06/2025 12:00,0,0.045,0,17.49,0,15.12,13.335,15.375,76.75,1023.57,2,9.444444444,2,255.5555556,1,17.49111111
17/06/2025 13:00,0,0.05,0,17.95,0,15.275,13.225,15.275,74.15,1023.8,2,10,2,255.5555556,1,18.52
17/06/2025 14:00,0,0,0,18.15,0,15.285,13.085,15.15,72.5,1024.01,2,10.55555556,2,262.7777778,1,19.54888889
17/06/2025 15:00,0,0,0,18.365,0,15.175,12.71,14.755,69.65,1024.125,2,10.38888889,2,263.8888889,1,19.24022222
17/06/2025 16:00,0,0,0,18.13,0,14.82,12.21,14.3,68.5,1024.185,2,11,2,261.1111111,1,20.372
17/06/2025 17:00,0,0,0,17.74,0,14.435,11.74,13.845,68,1024.21,2,10.27777778,2,266.6666667,1,19.03444444
17/06/2025 18:00,0,0,0,17.415,0,14.07,11.295,13.45,67.45,1024.365,2,9.555555556,2,274.4444444,1,17.69688889
17/06/2025 19:00,0,0,0,16.43,0,13.485,10.985,13.165,70.1,1024.495,2,8.944444444,2,276.6666667,1,16.56511111
17/06/2025 20:00,0,0,0,15.325,0,12.925,10.82,13.015,74.2,1024.795,2,8.5,2,275.5555556,1,15.742
17/06/2025 21:00,0,0,0,13.935,0,12.145,10.51,12.74,79.55,1025.38,2,6.777777778,2,277.7777778,1,12.55244444
17/06/2025 22:00,0,0,0,13.305,0,11.77,10.355,12.6,82.05,1025.7,2,6,2,265.5555556,1,11.112
17/06/2025 23:00,0,0,0,12.9,0,11.485,10.165,12.435,83.25,1025.805,2,6.111111111,2,262.7777778,1,11.31777778
18/06/2025 00:00,0,0,0,12.445,0,11.24,10.105,12.385,85.3,1025.71,2,5.166666667,2,258.8888889,1,9.568666667
18/06/2025 01:00,0,0,0,12.25,0,11.09,9.995,12.28,85.7,1025.535,2,5.055555556,2,249.4444444,1,9.362888889
18/06/2025 02:00,0,0,0,11.99,0,10.915,9.895,12.215,86.75,1025.33,2,4.888888889,2,236.1111111,1,9.054222222
18/06/2025 03:00,0,0.005,0,11.55,0,10.645,9.76,12.105,88.6,1025.175,2,4.333333333,2,235,1,8.025333333
18/06/2025 04:00,0,0,0,11.41,0,10.6,9.81,12.14,89.75,1025,2,4.055555556,2,220.5555556,1,7.510888889
18/06/2025 05:00,0,0.005,0,11.58,0,10.765,10.01,12.295,89.9,1025.045,2,3.611111111,2,204.4444444,1,6.687777778
18/06/2025 06:00,0,0,0,12.285,0,11.25,10.28,12.54,87.5,1025.205,2,3.777777778,2,182.7777778,1,6.996444444
18/06/2025 07:00,0,0,0,13.285,0,11.94,10.71,12.895,84.15,1025.465,2,4.166666667,2,197.2222222,1,7.716666667
18/06/2025 08:00,0,0,0,14.405,0,12.645,11.055,13.2,80.15,1025.525,2,4.555555556,2,190,1,8.436888889
18/06/2025 09:00,0,0,0,15.215,0,12.96,11,13.15,75.75,1025.47,2,5.388888889,2,190,1,9.980222222
18/06/2025 10:00,0,0.01,0,16.115,0,13.465,11.205,13.33,72.55,1025.27,2,5.611111111,2,188.3333333,1,10.39177778
18/06/2025 11:00,0,0.1,0,16.81,0,13.72,11.075,13.23,69.15,1025.185,2,6.277777778,2,192.2222222,1,11.62644444
18/06/2025 12:00,0,0.005,0,17.59,0,14.08,11.135,13.285,66.2,1024.985,2,6.722222222,2,190.5555556,1,12.44955556
18/06/2025 13:00,0,0,0,18.27,0,14.48,11.365,13.49,64.5,1024.77,2,7.111111111,2,187.7777778,1,13.16977778
18/06/2025 14:00,0,0.02,0,18.57,0,14.735,11.61,13.715,64.65,1024.62,2,7.555555556,2,199.4444444,1,13.99288889
18/06/2025 15:00,0,0.01,0,19.015,0,14.98,11.71,13.82,63.55,1024.46,2,7.722222222,2,217.7777778,1,14.30155556
18/06/2025 16:00,0,0.005,0,19.005,0,15.025,11.83,13.905,64,1024.185,2,7.222222222,2,205.5555556,1,13.37555556
18/06/2025 17:00,0,0,0,18.91,0,15.09,12.055,14.115,65.25,1023.89,2,7,2,208.8888889,1,12.964
18/06/2025 18:00,0,0.005,0,18.59,0,15.01,12.175,14.225,67.1,1023.85,2,6.5,2,212.7777778,1,12.038
18/06/2025 19:00,0,0,0,17.63,0,14.675,12.32,14.35,71.6,1023.92,2,6.444444444,2,195.5555556,1,11.93511111
18/06/2025 20:00,0,0,0,16.65,0,14.32,12.44,14.455,76.6,1023.995,2,5.611111111,2,178.8888889,1,10.39177778
18/06/2025 21:00,0,0,0,15.06,0,13.625,12.44,14.455,84.15,1024.225,2,4.5,2,177.7777778,1,8.334
18/06/2025 22:00,0,0,0,14.015,0,13,12.15,14.185,88.3,1024.47,2,4.222222222,2,162.2222222,1,7.819555556
18/06/2025 23:00,0,0,0,13.335,0,12.595,11.95,14,90.95,1024.48,2,4,2,154.4444444,1,7.408
19/06/2025 00:00,0,0,0,12.65,0,12.065,11.53,13.63,92.65,1024.375,2,3.944444444,2,151.6666667,1,7.305111111
19/06/2025 01:00,0,0,0,12.255,0,11.74,11.295,13.445,93.5,1024.245,2,4.111111111,2,147.7777778,1,7.613777778
19/06/2025 02:00,0,0,0,11.825,0,11.415,11.035,13.22,94.65,1024.12,2,3.944444444,2,99.44444444,1,7.305111111
19/06/2025 03:00,0,0,0,11.555,0,11.195,10.87,13.06,95.2,1023.885,2,3.777777778,2,115.5555556,1,6.996444444
19/06/2025 04:00,0,0.005,0,11.365,0,11.055,10.75,13.015,95.65,1023.655,2,3.944444444,2,112.7777778,1,7.305111111
19/06/2025 05:00,0,0.005,0,11.965,0,11.675,11.44,13.56,96.2,1023.56,2,4.277777778,2,130,1,7.922444444
19/06/2025 06:00,0,0,0,12.87,0,12.515,12.195,14.235,95.4,1023.42,2,4.388888889,2,113.3333333,1,8.128222222
19/06/2025 07:00,0,0,0,14.18,0,13.49,12.93,14.92,92,1023.365,2,5.388888889,2,112.2222222,1,9.980222222
19/06/2025 08:00,0,0,0,15.835,0,14.365,13.19,15.185,84.2,1023.365,2,6.111111111,2,100.5555556,1,11.31777778
19/06/2025 09:00,0,0,0,17.58,0,15.2,13.35,15.345,76.4,1023.185,2,6.833333333,2,113.3333333,1,12.65533333
19/06/2025 10:00,0,0,0,19.215,0,15.92,13.47,15.455,69.55,1022.905,2,7.944444444,2,116.1111111,1,14.71311111
19/06/2025 11:00,0,0,0,20.565,0,16.41,13.335,15.345,63.7,1022.62,2,8.277777778,2,118.3333333,1,15.33044444
19/06/2025 12:00,0,0,0,21.85,0,16.985,13.43,15.47,59.75,1022.3,2,8.944444444,2,118.8888889,1,16.56511111
19/06/2025 13:00,0,0,0,22.5,0,17.285,13.52,15.55,57.95,1021.88,2,8.944444444,2,141.1111111,1,16.56511111
19/06/2025 14:00,0,0,0,22.82,0,17.535,13.8,15.845,57.65,1021.54,2,9.055555556,2,147.7777778,1,16.77088889
19/06/2025 15:00,0,0,0,23.03,0,17.745,14.105,16.125,57.55,1021.11,2,8.666666667,2,157.2222222,1,16.05066667
19/06/2025 16:00,0,0,0,23.22,0,17.765,13.99,15.995,56.3,1020.625,2,8.166666667,2,155.5555556,1,15.12466667
19/06/2025 17:00,0,0,0,23,0,17.785,14.17,16.2,57.85,1020.34,2,8.277777778,2,153.3333333,1,15.33044444
19/06/2025 18:00,0,0.01,0,22.71,0,17.715,14.28,16.3,59.25,1020.31,2,7.722222222,2,148.3333333,1,14.30155556
19/06/2025 19:00,0,0,0,21.96,0,17.335,14.105,16.145,61.2,1020.4,2,7.222222222,2,146.1111111,1,13.37555556
19/06/2025 20:00,0,0,0,20.53,0,16.68,13.865,15.925,65.7,1020.325,2,6.055555556,2,140,1,11.21488889
19/06/2025 21:00,0,0,0,18.54,0,15.525,13.105,15.275,71.35,1020.56,2,5.777777778,2,113.8888889,1,10.70044444
19/06/2025 22:00,0,0,0,17.35,0,14.815,12.74,14.885,74.8,1020.655,2,5.722222222,2,118.8888889,1,10.59755556
19/06/2025 23:00,0,0,0,16.615,0,14.48,12.755,14.825,77.85,1020.66,2,5.777777778,2,100,1,10.70044444
20/06/2025 00:00,0,0,0,16.43,0,14.32,12.59,14.66,78.1,1020.365,2,6.222222222,2,117.7777778,0,11.52355556
20/06/2025 01:00,0,0,0,16.28,0,14.195,12.505,14.56,78.25,1020.14,2,5.833333333,2,113.8888889,0,10.80333333
20/06/2025 02:00,0,0.045,0,16.16,0,14.265,12.74,14.775,80.05,1019.825,2,6.111111111,2,108.8888889,0,11.31777778
20/06/2025 03:00,0,0.04,0,15.945,0,14.275,12.945,14.98,82.35,1019.41,2,5.388888889,2,107.2222222,0,9.980222222
20/06/2025 04:00,0,0.01,0,15.74,0,14.18,12.92,14.935,83.15,1019.085,2,5.722222222,2,104.4444444,0,10.59755556
20/06/2025 05:00,0,0,0,15.795,0,14.32,13.145,15.16,84.05,1018.93,2,5.222222222,2,126.1111111,0,9.671555556
20/06/2025 06:00,0,0.005,0,16.895,0,15.045,13.635,15.65,81.05,1018.865,2,5.833333333,2,114.4444444,0,10.80333333
20/06/2025 07:00,0,0,0,18.3,0,15.965,14.24,16.26,77.1,1018.955,2,5.444444444,2,98.88888889,0,10.08311111
20/06/2025 08:00,0,0.005,0,19.49,0,16.695,14.735,16.78,74,1018.96,2,6.166666667,2,111.1111111,0,11.42066667
20/06/2025 09:00,0,0.03,0,20.65,0,17.36,15.125,17.22,70.95,1018.805,2,6.944444444,2,112.2222222,0,12.86111111
20/06/2025 10:00,0,0,0,21.895,0,18.09,15.595,17.735,67.75,1018.545,2,7.333333333,2,112.7777778,0,13.58133333
20/06/2025 11:00,0,0,0,23.06,0,18.845,16.165,18.415,65.6,1018.255,2,7.888888889,2,123.8888889,0,14.61022222
20/06/2025 12:00,0,0,0,23.385,0,19.155,16.56,18.87,66,1017.97,2,8.444444444,2,133.8888889,0,15.63911111
20/06/2025 13:00,0,0,0,23.92,0,19.415,16.695,19.075,64.5,1017.525,2,8.611111111,2,138.3333333,0,15.94777778
20/06/2025 14:00,0,0,0,23.91,0,19.255,16.395,18.72,63.7,1017.155,2,9.222222222,2,148.3333333,0,17.07955556
20/06/2025 15:00,0,0,0,24.17,0,19.37,16.445,18.79,62.6,1016.71,2,9.777777778,2,155.5555556,0,18.10844444
20/06/2025 16:00,0,0,0,23.33,0,19.025,16.37,18.685,65.4,1016.395,2,10.22222222,2,165,0,18.93155556
20/06/2025 17:00,0,0,0,22.85,0,18.73,16.165,18.45,66.35,1016.215,2,9.833333333,2,172.7777778,0,18.21133333
20/06/2025 18:00,0,0,0,22.18,0,18.375,15.985,18.225,68.1,1016.1,2,9.222222222,2,174.4444444,0,17.07955556
20/06/2025 19:00,0,0,0,20.745,0,17.545,15.445,17.605,71.75,1016.15,2,8.611111111,2,173.8888889,0,15.94777778
20/06/2025 20:00,0,0,0,19.505,0,16.885,15.095,17.215,75.5,1016.31,2,7.444444444,2,181.6666667,0,13.78711111
20/06/2025 21:00,0,0,0,18.345,0,16.265,14.8,16.885,79.65,1016.46,2,6.166666667,2,183.8888889,0,11.42066667
20/06/2025 22:00,0,0,0,17.41,0,15.67,14.395,16.44,82.4,1016.435,2,5.333333333,2,200,0,9.877333333
20/06/2025 23:00,0,0,0,16.575,0,15.175,14.1,16.14,85.05,1016.295,2,4.611111111,2,183.8888889,0,8.539777778
21/06/2025 00:00,0,0,0,16.16,0,14.89,13.92,15.945,86.45,1016.07,2,4.333333333,2,188.8888889,0,8.025333333
21/06/2025 01:00,0,0,0,15.56,0,14.555,13.775,15.8,88.85,1015.66,2,3.611111111,2,187.7777778,0,6.687777778
21/06/2025 02:00,0,0,0,15.425,0,14.53,13.865,15.86,90.2,1015.18,2,3.166666667,2,187.2222222,0,5.864666667
21/06/2025 03:00,0,0,0,15.335,0,14.515,13.87,15.88,90.55,1014.895,2,3.5,2,178.8888889,0,6.482
21/06/2025 04:00,0,0,0,15,0,14.315,13.76,15.76,92,1014.77,2,3.833333333,2,185,0,7.099333333
21/06/2025 05:00,0,0,0,14.9,0,14.255,13.74,15.73,92.4,1014.515,2,3.444444444,2,171.6666667,0,6.379111111
21/06/2025 06:00,0,0,0,15.39,0,14.495,13.815,15.81,90.05,1014.33,2,3.333333333,2,191.6666667,0,6.173333333
21/06/2025 07:00,0,0,0,16.405,0,15.02,13.97,15.965,85.3,1014.32,2,4.333333333,2,190,0,8.025333333
21/06/2025 08:00,0,0,0,17.3,0,15.44,14.09,16.075,81.05,1014.4,2,4.611111111,2,195.5555556,0,8.539777778
21/06/2025 09:00,0,0.03,0,18.11,0,15.87,14.235,16.25,78,1014.15,2,4.888888889,2,224.4444444,0,9.054222222
21/06/2025 10:00,0,0,0,18.985,0,16.22,14.215,16.23,73.95,1013.835,2,6,2,202.2222222,0,11.112
21/06/2025 11:00,0,0.005,0,19.45,0,16.27,13.94,15.945,70.6,1013.57,2,6.277777778,2,203.8888889,0,11.62644444
21/06/2025 12:00,0,0.02,0,19.87,0,16.59,14.23,16.27,70.5,1013.525,2,7.444444444,2,215,0,13.78711111
21/06/2025 13:00,0,0,0,20.405,0,16.975,14.57,16.63,69.7,1012.995,2,7.944444444,2,194.4444444,0,14.71311111
21/06/2025 14:00,0,0.045,0,20.475,0,17.06,14.71,16.74,69.9,1012.48,2,8.333333333,2,198.8888889,0,15.43333333
21/06/2025 15:00,0,0,0,20.355,0,17.04,14.735,16.8,70.75,1012.005,2,8.166666667,2,204.4444444,0,15.12466667
21/06/2025 16:00,0,0,0,20.435,0,17.1,14.785,16.87,70.8,1011.57,2,8.611111111,2,212.7777778,0,15.94777778
21/06/2025 17:00,0,0,0,19.85,0,16.735,14.545,16.58,72.3,1011.295,2,9.111111111,2,217.2222222,0,16.87377778
21/06/2025 18:00,0,0,0,19.36,0,16.585,14.635,16.66,74.75,1011.15,2,8.666666667,2,212.2222222,0,16.05066667
21/06/2025 19:00,0,0.045,0,18.42,0,16.17,14.565,16.6,78.8,1011.03,2,8.277777778,2,217.2222222,0,15.33044444
21/06/2025 20:00,0,0.185,0,17.355,0,15.695,14.475,16.515,83.25,1010.85,2,8.055555556,2,215,0,14.91888889
21/06/2025 21:00,0,0.205,0,16.525,0,15.37,14.51,16.53,87.6,1010.785,2,7.777777778,2,206.1111111,0,14.40444444
21/06/2025 22:00,0,0.065,0,15.895,0,14.895,14.14,16.135,89.05,1010.565,2,7.166666667,2,212.7777778,0,13.27266667
21/06/2025 23:00,0,0.175,0,15.555,0,14.705,14.05,16.055,90.5,1010.235,2,7.5,2,206.1111111,0,13.89
22/06/2025 00:00,0,0.19,0,15.4,0,14.61,13.965,15.955,90.75,1009.96,2,8.388888889,2,207.7777778,1,15.53622222
22/06/2025 01:00,0,0.045,0,15.175,0,14.38,13.755,15.74,90.95,1009.6,2,8.277777778,2,211.6666667,1,15.33044444
22/06/2025 02:00,0,0.23,0,14.905,0,14.05,13.375,15.36,90.1,1009.06,2,8.611111111,2,201.6666667,1,15.94777778
22/06/2025 03:00,0,0.14,0,14.74,0,13.875,13.17,15.15,89.9,1008.495,2,9.166666667,2,213.3333333,1,16.97666667
22/06/2025 04:00,0,0.225,0,14.355,0,13.565,12.92,14.905,90.75,1008.05,2,9.722222222,2,216.6666667,1,18.00555556
22/06/2025 05:00,0,0.165,0,14.145,0,13.24,12.495,14.51,89.6,1007.95,2,9.888888889,2,220,1,18.31422222
22/06/2025 06:00,0,0.34,0,14.15,0,13.205,12.415,14.43,88.95,1008.03,2,10.5,2,221.6666667,1,19.446
22/06/2025 07:00,0,0.315,0,14.125,0,13.16,12.35,14.36,88.75,1008.165,2,10.66666667,2,228.8888889,1,19.75466667
22/06/2025 08:00,0,0.4,0,14.3,0,13.225,12.295,14.325,87.8,1008.35,2,11.16666667,2,232.2222222,1,20.68066667
22/06/2025 09:00,0,0.485,0,14.64,0,13.355,12.27,14.29,85.45,1008.29,2,10.77777778,2,236.6666667,1,19.96044444
22/06/2025 10:00,0,0.33,0,15.075,0,13.565,12.295,14.335,83.2,1008.305,2,11.5,2,232.7777778,1,21.298
22/06/2025 11:00,0,0.19,0,15.465,0,13.665,12.15,14.21,80.55,1008.345,2,11.94444444,2,239.4444444,1,22.12111111
22/06/2025 12:00,0,0.215,0,15.96,0,13.945,12.255,14.31,78.65,1008.41,2,12.33333333,2,241.1111111,1,22.84133333
22/06/2025 13:00,0,0.085,0,16.09,0,13.965,12.195,14.265,77.7,1008.18,2,12.27777778,2,242.7777778,1,22.73844444
22/06/2025 14:00,0,0.215,0,16.275,0,14.19,12.47,14.54,78.2,1007.87,2,12.72222222,2,248.3333333,1,23.56155556
22/06/2025 15:00,0,0.16,0,16.465,0,14.07,12.02,14.185,75.1,1007.76,2,12.66666667,2,260,1,23.45866667
22/06/2025 16:00,0,0.155,0,16.41,0,13.7,11.345,13.565,71.9,1007.77,2,13,2,260,1,24.076
22/06/2025 17:00,0,0.125,0,16.14,0,13.125,10.42,12.755,68.75,1007.815,2,13.77777778,2,262.2222222,1,25.51644444
22/06/2025 18:00,0,0.08,0,15.49,0,12.435,9.55,12.02,67.8,1007.985,2,13.83333333,2,266.6666667,1,25.61933333
22/06/2025 19:00,0,0.06,0,14.485,0,11.815,9.295,11.785,71,1008.495,2,13.72222222,2,270.5555556,1,25.41355556
22/06/2025 20:00,0,0.13,0,13.56,0,11.115,8.72,11.3,72.7,1008.91,2,13.11111111,2,268.8888889,1,24.28177778
22/06/2025 21:00,0,0.07,0,12.81,0,10.8,8.78,11.335,76.5,1009.485,2,12.66666667,2,269.4444444,1,23.45866667
22/06/2025 22:00,0,0.03,0,12.425,0,10.545,8.65,11.225,77.7,1009.93,2,12.44444444,2,265,1,23.04711111
22/06/2025 23:00,0,0.1,0,12.17,0,10.415,8.615,11.215,78.75,1010.205,2,11.94444444,2,262.7777778,1,22.12111111
23/06/2025 00:00,0,0.08,0,11.945,0,10.43,8.915,11.43,81.55,1010.46,2,12.11111111,2,259.4444444,1,22.42977778
23/06/2025 01:00,0,0.05,0,11.925,0,10.455,9.005,11.49,82.15,1010.63,2,12.33333333,2,261.1111111,1,22.84133333
23/06/2025 02:00,0,0.035,0,12.04,0,10.54,9.05,11.525,81.55,1010.9,2,12.22222222,2,260.5555556,1,22.63555556
23/06/2025 03:00,0,0.025,0,12.005,0,10.525,9.07,11.535,82.1,1011.145,2,11.83333333,2,261.1111111,1,21.91533333
23/06/2025 04:00,0,0.04,0,11.95,0,10.455,8.985,11.47,81.85,1011.27,2,11.66666667,2,262.7777778,1,21.60666667
23/06/2025 05:00,0,0.045,0,12.1,0,10.515,8.935,11.43,80.85,1011.77,2,11.27777778,2,261.6666667,1,20.88644444
23/06/2025 06:00,0,0.005,0,12.67,0,10.82,8.985,11.48,78.05,1012.375,2,10.66666667,2,264.4444444,1,19.75466667
23/06/2025 07:00,0,0.01,0,13.33,0,11.19,9.11,11.575,75.1,1012.995,2,10.88888889,2,263.3333333,1,20.16622222
23/06/2025 08:00,0,0.005,0,13.91,0,11.43,9.005,11.505,71.85,1013.5,2,11.83333333,2,266.6666667,1,21.91533333
23/06/2025 09:00,0,0.005,0,14.375,0,11.585,8.93,11.435,69.45,1013.855,2,12.33333333,2,267.7777778,1,22.84133333
23/06/2025 10:00,0,0.005,0,14.99,0,11.865,8.875,11.39,66.35,1014.1,2,12.77777778,2,264.4444444,1,23.66444444
23/06/2025 11:00,0,0,0,15.27,0,12.175,9.285,11.735,67.45,1014.28,2,12.5,2,260.5555556,1,23.15
23/06/2025 12:00,0,0.005,0,15.855,0,12.535,9.455,11.845,65.6,1014.335,2,12.83333333,2,253.3333333,1,23.76733333
23/06/2025 13:00,0,0.01,0,16.205,0,12.91,9.945,12.255,66.6,1014.205,2,13.05555556,2,249.4444444,1,24.17888889
23/06/2025 14:00,0,0,0,16.43,0,13.09,10.1,12.405,66.45,1013.865,2,13.05555556,2,245,1,24.17888889
23/06/2025 15:00,0,0,0,16.22,0,13.27,10.695,12.905,70.1,1013.58,2,13.22222222,2,240,1,24.48755556
23/06/2025 16:00,0,0.005,0,15.885,0,13.455,11.345,13.475,74.7,1013.28,2,13.27777778,2,236.6666667,1,24.59044444
23/06/2025 17:00,0,0.04,0,15.685,0,13.675,11.965,14.045,78.85,1012.855,2,12.44444444,2,231.1111111,1,23.04711111
23/06/2025 18:00,0,0.085,0,15.475,0,13.875,12.57,14.595,83.05,1012.495,2,11.94444444,2,227.7777778,1,22.12111111
23/06/2025 19:00,0,0.15,0,15.16,0,14.04,13.12,15.14,87.6,1012.22,2,11.16666667,2,225,1,20.68066667
23/06/2025 20:00,0,0.265,0,15.165,0,14.205,13.42,15.43,89.2,1011.815,2,10.22222222,2,227.7777778,1,18.93155556
23/06/2025 21:00,0,0.345,0,15.075,0,14.325,13.73,15.72,91.5,1011.44,2,10.22222222,2,223.8888889,1,18.93155556
23/06/2025 22:00,0,0.595,0,14.93,0,14.35,13.885,15.88,93.15,1010.96,2,10.05555556,2,224.4444444,1,18.62288889
23/06/2025 23:00,0,0.42,0,14.81,0,14.25,13.81,15.82,93.45,1010.335,2,9.5,2,218.8888889,1,17.594
24/06/2025 00:00,0,0.22,0,14.8,0,14.33,13.97,15.965,94.45,1009.755,2,9.5,2,222.2222222,1,17.594
24/06/2025 01:00,0,0.47,0,14.905,0,14.475,14.135,16.14,94.95,1009.225,2,9.722222222,2,221.6666667,1,18.00555556
24/06/2025 02:00,0,0.605,0,14.985,0,14.575,14.255,16.255,95.1,1008.64,2,10.66666667,2,225.5555556,1,19.75466667
24/06/2025 03:00,0,0.625,0,15.04,0,14.655,14.375,16.37,95.35,1008.29,2,10.61111111,2,231.1111111,1,19.65177778
24/06/2025 04:00,0,0.34,0,15.055,0,14.625,14.3,16.305,94.95,1008.01,2,10.77777778,2,237.2222222,1,19.96044444
24/06/2025 05:00,0,0.175,0,15.02,0,14.62,14.29,16.305,95.05,1007.865,2,11.05555556,2,241.6666667,1,20.47488889
24/06/2025 06:00,0,0.2,0,15.12,0,14.66,14.31,16.315,94.6,1007.79,2,10.55555556,2,242.2222222,1,19.54888889
24/06/2025 07:00,0,0.13,0,15.34,0,14.81,14.405,16.425,93.85,1007.74,2,11.11111111,2,243.3333333,1,20.57777778
24/06/2025 08:00,0,0.125,0,15.855,0,15.115,14.565,16.595,91.8,1007.805,2,11.38888889,2,241.1111111,1,21.09222222
24/06/2025 09:00,0,0.08,0,16.205,0,15.305,14.655,16.705,90.55,1007.87,2,11.44444444,2,244.4444444,1,21.19511111
24/06/2025 10:00,0,0.225,0,16.56,0,15.545,14.805,16.88,89.2,1007.96,2,11.94444444,2,237.2222222,1,22.12111111
24/06/2025 11:00,0,0.165,0,16.94,0,15.685,14.755,16.855,86.75,1008.23,2,12.44444444,2,243.3333333,1,23.04711111
24/06/2025 12:00,0,0.135,0,17.39,0,15.86,14.745,16.835,84.45,1008.29,2,12.83333333,2,238.3333333,1,23.76733333
24/06/2025 13:00,0,0.06,0,17.585,0,15.835,14.555,16.65,82.55,1008.25,2,12.5,2,242.7777778,1,23.15
24/06/2025 14:00,0,0.04,0,17.755,0,15.77,14.31,16.41,80.7,1008.145,2,12.38888889,2,245,1,22.94422222
24/06/2025 15:00,0,0.035,0,17.865,0,15.7,14.12,16.18,78.75,1008.11,2,12.22222222,2,244.4444444,1,22.63555556
24/06/2025 16:00,0,0.015,0,17.715,0,15.455,13.755,15.83,77.85,1008.19,2,11.38888889,2,248.3333333,1,21.09222222
24/06/2025 17:00,0,0.04,0,17.025,0,14.985,13.405,15.49,79.45,1008.13,2,10.44444444,2,251.1111111,1,19.34311111
24/06/2025 18:00,0,0.02,0,16.43,0,14.585,13.1,15.16,80.85,1008.315,2,10.33333333,2,253.3333333,1,19.13733333
24/06/2025 19:00,0,0.005,0,15.81,0,14.255,13.005,15.045,83.35,1008.605,2,9.444444444,2,250.5555556,1,17.49111111
24/06/2025 20:00,0,0.12,0,15.175,0,13.815,12.67,14.735,84.95,1008.865,2,8.611111111,2,252.2222222,1,15.94777778
24/06/2025 21:00,0,0.035,0,14.635,0,13.405,12.39,14.445,86.4,1009.115,2,7.611111111,2,254.4444444,1,14.09577778
24/06/2025 22:00,0,0.025,0,14.18,0,13.19,12.365,14.38,88.55,1009.285,2,6.555555556,2,249.4444444,1,12.14088889
24/06/2025 23:00,0,0.015,0,13.81,0,12.87,12.08,14.12,89,1009.24,2,6,2,238.8888889,1,11.112
25/06/2025 00:00,0,0.045,0,13.485,0,12.645,11.915,13.965,89.85,1009.32,2,5.777777778,2,252.2222222,1,10.70044444
25/06/2025 01:00,0,0.035,0,13.365,0,12.535,11.81,13.875,90.05,1009.41,2,5.166666667,2,235,1,9.568666667
25/06/2025 02:00,0,0.04,0,13.29,0,12.445,11.705,13.77,90.05,1009.64,2,4.666666667,2,227.2222222,1,8.642666667
25/06/2025 03:00,0,0.06,0,13.185,0,12.42,11.715,13.79,90.65,1009.49,2,4.888888889,2,223.3333333,1,9.054222222
25/06/2025 04:00,0,0.07,0,13.04,0,12.295,11.645,13.73,90.9,1009.19,2,4.333333333,2,220.5555556,1,8.025333333
25/06/2025 05:00,0,0.075,0,13.07,0,12.315,11.635,13.71,90.8,1009.05,2,4.222222222,2,201.6666667,1,7.819555556
25/06/2025 06:00,0,0.01,0,13.45,0,12.565,11.78,13.84,89.25,1009.2,2,4.444444444,2,206.1111111,1,8.231111111
25/06/2025 07:00,0,0.02,0,14.06,0,12.87,11.84,13.905,86.35,1009.24,2,4.888888889,2,193.3333333,1,9.054222222
25/06/2025 08:00,0,0.005,0,14.685,0,13.18,11.905,13.965,83.2,1009.205,2,5.5,2,190,1,10.186
25/06/2025 09:00,0,0,0,15.15,0,13.43,11.98,14.035,81.05,1008.82,2,6.5,2,189.4444444,1,12.038
25/06/2025 10:00,0,0.01,0,15.405,0,13.53,11.93,13.995,79.45,1008.555,2,7.222222222,2,181.6666667,1,13.37555556
25/06/2025 11:00,0,0.005,0,16.165,0,14.13,12.46,14.51,78.65,1008.5,2,7.722222222,2,181.6666667,1,14.30155556
25/06/2025 12:00,0,0.015,0,16.52,0,14.4,12.675,14.735,78,1008.13,2,8.833333333,2,184.4444444,1,16.35933333
25/06/2025 13:00,0,0.01,0,17.13,0,15.075,13.49,15.515,79.25,1007.575,2,9.388888889,2,190.5555556,1,17.38822222
25/06/2025 14:00,0,0,0,17.525,0,15.185,13.38,15.4,76.7,1007.005,2,9.722222222,2,198.3333333,1,18.00555556
25/06/2025 15:00,0,0.035,0,17.715,0,15.33,13.53,15.54,76.6,1006.775,2,9.722222222,2,203.3333333,1,18.00555556
25/06/2025 16:00,0,0.065,0,17.47,0,15.255,13.565,15.565,78.05,1006.53,2,10,2,208.8888889,1,18.52
25/06/2025 17:00,0,0.04,0,17.2,0,15.135,13.555,15.58,79.4,1006.315,2,9.277777778,2,208.3333333,1,17.18244444
25/06/2025 18:00,0,0.21,0,16.73,0,15.015,13.695,15.71,82.65,1006.1,2,8.777777778,2,205.5555556,1,16.25644444
25/06/2025 19:00,0,0.14,0,16.29,0,14.87,13.785,15.79,85.15,1005.84,2,8.833333333,2,202.7777778,1,16.35933333
25/06/2025 20:00,0,0.155,0,15.74,0,14.61,13.735,15.74,87.8,1005.5,2,8.277777778,2,203.3333333,1,15.33044444
25/06/2025 21:00,0,0.125,0,15.42,0,14.485,13.735,15.74,89.5,1005.335,2,7.277777778,2,206.1111111,1,13.47844444
25/06/2025 22:00,0,0.28,0,15.005,0,14.26,13.69,15.68,91.4,1005.08,2,7.777777778,2,210,1,14.40444444
25/06/2025 23:00,0,0.225,0,14.71,0,14.12,13.655,15.675,92.95,1004.645,2,7.666666667,2,212.7777778,1,14.19866667
26/06/2025 00:00,0,0.175,0,14.405,0,13.825,13.33,15.345,92.9,1004.54,2,8.055555556,2,215.5555556,1,14.91888889
26/06/2025 01:00,0,0.08,0,14.12,0,13.465,12.93,14.97,92.05,1004.56,2,8.111111111,2,218.8888889,1,15.02177778
26/06/2025 02:00,0,0.2,0,13.735,0,12.98,12.315,14.415,91,1004.775,2,8.555555556,2,237.2222222,1,15.84488889
26/06/2025 03:00,0,0.15,0,13.265,0,12.36,11.47,13.68,89,1004.955,2,9.222222222,2,246.1111111,1,17.07955556
26/06/2025 04:00,0,0.185,0,12.805,0,11.7,10.635,12.94,86.75,1005.35,2,9.666666667,2,260.5555556,1,17.90266667
26/06/2025 05:00,0,0.03,0,12.335,0,10.99,9.685,12.085,83.9,1006.02,2,9.5,2,267.2222222,1,17.594
26/06/2025 06:00,0,0.02,0,12.42,0,10.955,9.49,11.925,82.15,1006.67,2,8.611111111,2,258.8888889,1,15.94777778
26/06/2025 07:00,0,0.005,0,13.26,0,11.31,9.435,11.84,77.4,1007.17,2,9,2,250,1,16.668
26/06/2025 08:00,0,0.07,0,13.91,0,11.515,9.235,11.665,73.15,1007.74,2,10.94444444,2,246.6666667,1,20.26911111
26/06/2025 09:00,0,0.025,0,14.525,0,11.795,9.165,11.65,70.15,1008.285,2,12.11111111,2,247.2222222,1,22.42977778
26/06/2025 10:00,0,0.05,0,15.275,0,12.43,9.82,12.155,70.05,1008.8,2,12.72222222,2,243.8888889,1,23.56155556
26/06/2025 11:00,0,0.01,0,15.85,0,12.77,9.96,12.285,68.05,1009.295,2,13,2,239.4444444,1,24.076
26/06/2025 12:00,0,0.005,0,16.465,0,13.05,9.985,12.295,65.45,1009.81,2,13.38888889,2,236.1111111,1,24.79622222
26/06/2025 13:00,0,0.015,0,16.575,0,13.28,10.35,12.605,66.95,1010.205,2,13.22222222,2,233.3333333,1,24.48755556
26/06/2025 14:00,0,0.03,0,16.415,0,13.205,10.375,12.635,67.65,1010.61,2,13.5,2,233.8888889,1,25.002
26/06/2025 15:00,0,0.01,0,16.215,0,13.07,10.28,12.54,68.1,1010.845,2,13.22222222,2,231.6666667,1,24.48755556
26/06/2025 16:00,0,0.045,0,15.685,0,13.005,10.67,12.85,72.4,1011.045,2,12.55555556,2,227.2222222,1,23.25288889
26/06/2025 17:00,0,0.245,0,15.025,0,12.84,10.88,13.045,76.4,1011.18,2,12.38888889,2,218.8888889,1,22.94422222
26/06/2025 18:00,0,0.295,0,14.4,0,12.78,11.385,13.48,81.95,1011.265,2,10.83333333,2,216.6666667,1,20.06333333
26/06/2025 19:00,0,0.305,0,13.985,0,12.72,11.63,13.7,85.5,1011.325,2,11.22222222,2,208.8888889,1,20.78355556
26/06/2025 20:00,0,0.36,0,13.66,0,12.685,11.84,13.88,88.65,1011.295,2,11.38888889,2,201.1111111,1,21.09222222
26/06/2025 21:00,0,0.385,0,13.52,0,12.69,11.945,13.995,89.95,1011.4,2,11.44444444,2,190.5555556,1,21.19511111
26/06/2025 22:00,0,0.345,0,13.555,0,12.745,12.03,14.08,90.1,1011.24,2,11.38888889,2,191.1111111,1,21.09222222
26/06/2025 23:00,0,0.155,0,13.795,0,12.945,12.21,14.255,89.9,1010.885,2,11.94444444,2,188.3333333,1,22.12111111
27/06/2025 00:00,0,0.1,0,14.02,0,13.21,12.5,14.54,90.25,1010.7,2,12.11111111,2,190.5555556,0,22.42977778
27/06/2025 01:00,0,0.045,0,14.32,0,13.525,12.835,14.85,90.5,1010.495,2,12.61111111,2,193.8888889,0,23.35577778
27/06/2025 02:00,0,0.08,0,14.56,0,13.845,13.27,15.28,91.65,1010.23,2,12.11111111,2,192.2222222,0,22.42977778
27/06/2025 03:00,0,0.1,0,14.825,0,14.16,13.64,15.65,92.15,1009.84,2,12.61111111,2,191.6666667,0,23.35577778
27/06/2025 04:00,0,0.14,0,15.14,0,14.495,13.975,16,92.5,1009.845,2,12.38888889,2,194.4444444,0,22.94422222
27/06/2025 05:00,0,0.275,0,15.46,0,14.89,14.47,16.49,93.45,1009.88,2,12,2,196.1111111,0,22.224
27/06/2025 06:00,0,0.225,0,15.855,0,15.295,14.85,16.91,93.4,1010.025,2,11.94444444,2,196.6666667,0,22.12111111
27/06/2025 07:00,0,0.275,0,16.29,0,15.66,15.215,17.31,93.15,1010,2,12.22222222,2,196.6666667,0,22.63555556
27/06/2025 08:00,0,0.19,0,16.765,0,16.15,15.73,17.88,93.5,1010.05,2,12.61111111,2,197.2222222,0,23.35577778
27/06/2025 09:00,0,0.19,0,17.4,0,16.63,16.115,18.315,92.15,1009.98,2,13.44444444,2,198.3333333,0,24.89911111
27/06/2025 10:00,0,0.08,0,17.97,0,17.05,16.44,18.72,90.5,1010.025,2,13.72222222,2,199.4444444,0,25.41355556
27/06/2025 11:00,0,0.045,0,18.39,0,17.38,16.72,19.045,89.85,1010.155,2,13.94444444,2,200.5555556,0,25.82511111
27/06/2025 12:00,0,0.06,0,18.67,0,17.575,16.87,19.215,89.2,1010.2,2,14.33333333,2,201.1111111,0,26.54533333
27/06/2025 13:00,0,0.085,0,18.83,0,17.69,16.99,19.38,88.95,1010.3,2,14.55555556,2,203.3333333,0,26.95688889
27/06/2025 14:00,0,0.12,0,19.02,0,17.845,17.12,19.54,88.7,1010.475,2,15,2,206.6666667,0,27.78
27/06/2025 15:00,0,0.115,0,19.13,0,17.88,17.115,19.54,88.1,1010.71,2,15.27777778,2,207.2222222,0,28.29444444
27/06/2025 16:00,0,0.07,0,18.825,0,17.755,17.085,19.49,89.7,1010.905,2,14.83333333,2,211.1111111,0,27.47133333
27/06/2025 17:00,0,0.08,0,18.505,0,17.505,16.88,19.235,90.15,1011.26,2,14.11111111,2,215,0,26.13377778
27/06/2025 18:00,0,0.025,0,18.15,0,17.28,16.7,19.035,91.15,1011.695,2,13.83333333,2,216.1111111,0,25.61933333
27/06/2025 19:00,0,0.015,0,17.825,0,17.115,16.645,18.96,92.55,1012.27,2,12.66666667,2,216.1111111,0,23.45866667
27/06/2025 20:00,0,0.05,0,17.545,0,16.89,16.475,18.74,93,1012.675,2,12.22222222,2,216.6666667,0,22.63555556
27/06/2025 21:00,0,0.035,0,17.41,0,16.78,16.365,18.64,93.4,1013.265,2,11.44444444,2,217.2222222,0,21.19511111
27/06/2025 22:00,0,0.05,0,17.205,0,16.64,16.28,18.525,94.1,1013.68,2,11.72222222,2,214.4444444,0,21.70955556
27/06/2025 23:00,0,0.08,0,17.075,0,16.59,16.24,18.49,94.6,1013.875,2,10.94444444,2,212.2222222,0,20.26911111
28/06/2025 00:00,0,0.105,0,17.015,0,16.545,16.22,18.46,94.85,1014.205,2,11,2,211.6666667,0,20.372
28/06/2025 01:00,0,0.08,0,16.89,0,16.385,16.005,18.205,94.1,1014.595,2,10.94444444,2,216.1111111,0,20.26911111
28/06/2025 02:00,0,0.23,0,16.765,0,16.215,15.805,17.985,93.8,1014.815,2,11.05555556,2,215,0,20.47488889
28/06/2025 03:00,0,0.17,0,16.53,0,15.89,15.43,17.585,92.95,1015.175,2,11.38888889,2,220,0,21.09222222
28/06/2025 04:00,0,0.14,0,16.31,0,15.675,15.205,17.345,93.05,1015.475,2,10.94444444,2,223.8888889,0,20.26911111
28/06/2025 05:00,0,0.325,0,16.11,0,15.44,14.9,17.035,92.35,1015.905,2,10.66666667,2,225,0,19.75466667
28/06/2025 06:00,0,0.135,0,16.15,0,15.39,14.84,16.96,91.7,1016.33,2,9.944444444,2,226.6666667,0,18.41711111
28/06/2025 07:00,0,0.155,0,16.375,0,15.49,14.8,16.935,90.35,1016.905,2,10.44444444,2,226.1111111,0,19.34311111
28/06/2025 08:00,0,0.1,0,16.64,0,15.565,14.795,16.915,88.55,1017.405,2,10.55555556,2,231.1111111,0,19.54888889
28/06/2025 09:00,0,0.115,0,16.93,0,15.585,14.58,16.725,86.2,1018.005,2,10.55555556,2,235,0,19.54888889
28/06/2025 10:00,0,0.025,0,17.295,0,15.74,14.575,16.705,83.85,1018.4,2,10.83333333,2,232.7777778,0,20.06333333
28/06/2025 11:00,0,0.02,0,17.5,0,15.725,14.41,16.515,82.1,1019.03,2,11.16666667,2,233.8888889,0,20.68066667
28/06/2025 12:00,0,0.02,0,17.505,0,15.625,14.205,16.35,81.1,1019.285,2,11.33333333,2,234.4444444,0,20.98933333
28/06/2025 13:00,0,0.015,0,17.59,0,15.475,13.87,15.99,78.95,1019.69,2,11.55555556,2,233.3333333,0,21.40088889
28/06/2025 14:00,0,0.035,0,17.55,0,15.53,13.965,16.1,79.8,1020.145,2,11.33333333,2,235.5555556,0,20.98933333
28/06/2025 15:00,0,0.045,0,17.14,0,15.14,13.565,15.66,79.8,1020.68,2,10.55555556,2,236.6666667,0,19.54888889
28/06/2025 16:00,0,0.055,0,17.06,0,15.085,13.54,15.65,80.4,1020.965,2,9.833333333,2,247.7777778,0,18.21133333
28/06/2025 17:00,0,0.07,0,16.74,0,14.805,13.185,15.345,80.15,1021.165,2,9.611111111,2,251.1111111,0,17.79977778
28/06/2025 18:00,0,0.055,0,16.705,0,14.705,13.045,15.185,79.4,1021.55,2,9.5,2,255.5555556,0,17.594
28/06/2025 19:00,0,0.01,0,16.335,0,14.34,12.66,14.82,79.3,1021.99,2,8.333333333,2,255.5555556,0,15.43333333
28/06/2025 20:00,0,0,0,15.54,0,13.885,12.435,14.6,82,1022.31,2,7.111111111,2,237.2222222,0,13.16977778
28/06/2025 21:00,0,0,0,14.52,0,13.195,11.995,14.19,84.8,1022.89,2,6,2,263.3333333,0,11.112
28/06/2025 22:00,0,0.005,0,13.755,0,12.765,11.865,14.055,88.05,1023.245,2,5.111111111,2,237.2222222,0,9.465777778
28/06/2025 23:00,0,0,0,13.305,0,12.485,11.74,13.925,89.95,1023.355,2,4.222222222,2,245,0,7.819555556
29/06/2025 00:00,0,0,0,12.71,0,12.045,11.435,13.66,91.85,1023.46,2,3.388888889,2,213.3333333,1,6.276222222
29/06/2025 01:00,0,0.01,0,12.54,0,11.975,11.465,13.695,92.8,1023.355,2,3.222222222,2,186.6666667,1,5.967555556
29/06/2025 02:00,0,0.005,0,12.625,0,12.09,11.59,13.805,93.2,1023.365,2,3.055555556,2,171.6666667,1,5.658888889
29/06/2025 03:00,0,0,0,12.72,0,12.18,11.685,13.91,93.25,1023.38,2,3.111111111,2,157.7777778,1,5.761777778
29/06/2025 04:00,0,0.01,0,12.865,0,12.365,11.915,14.09,93.55,1023.15,2,2.944444444,2,167.2222222,1,5.453111111
29/06/2025 05:00,0,0.005,0,13.19,0,12.705,12.28,14.405,93.9,1023.005,2,4,2,145.5555556,1,7.408
29/06/2025 06:00,0,0.005,0,13.815,0,13.23,12.725,14.81,92.75,1022.995,2,4.555555556,2,146.1111111,1,8.436888889
29/06/2025 07:00,0,0.015,0,14.765,0,13.84,13.06,15.165,89.35,1022.885,2,5,2,137.2222222,1,9.26
29/06/2025 08:00,0,0.02,0,15.855,0,14.575,13.545,15.665,86.1,1022.74,2,6.388888889,2,148.3333333,1,11.83222222
29/06/2025 09:00,0,0.015,0,16.545,0,15.24,14.205,16.325,86.05,1022.55,2,7.111111111,2,153.8888889,1,13.16977778
29/06/2025 10:00,0,0.01,0,17.21,0,15.87,14.88,17.03,86.15,1022.325,2,7.555555556,2,160,1,13.99288889
29/06/2025 11:00,0,0.005,0,18.14,0,16.725,15.73,17.96,85.9,1022.19,2,8.222222222,2,168.8888889,1,15.22755556
29/06/2025 12:00,0,0,0,18.92,0,17.415,16.4,18.725,85.5,1021.935,2,8.722222222,2,174.4444444,1,16.15355556
29/06/2025 13:00,0,0.005,0,19.645,0,17.89,16.76,19.14,83.55,1021.715,2,9.666666667,2,178.8888889,1,17.90266667
29/06/2025 14:00,0,0.005,0,20.54,0,18.385,17.045,19.47,80.75,1021.35,2,9.611111111,2,181.6666667,1,17.79977778
29/06/2025 15:00,0,0,0,20.83,0,18.555,17.14,19.56,79.75,1020.93,2,9.888888889,2,192.7777778,1,18.31422222
29/06/2025 16:00,0,0,0,20.99,0,18.445,16.865,19.23,77.9,1020.29,2,10.16666667,2,199.4444444,1,18.82866667
29/06/2025 17:00,0,0,0,20.87,0,18.335,16.76,19.095,77.9,1019.83,2,11.05555556,2,199.4444444,1,20.47488889
29/06/2025 18:00,0,0,0,20.465,0,18.155,16.685,19.005,79.4,1019.325,2,10.5,2,195,1,19.446
29/06/2025 19:00,0,0,0,19.925,0,17.925,16.65,18.965,81.8,1018.915,2,9.444444444,2,195.5555556,1,17.49111111
29/06/2025 20:00,0,0,0,19.2,0,17.46,16.325,18.57,83.6,1018.72,2,9.055555556,2,183.8888889,1,16.77088889
29/06/2025 21:00,0,0.025,0,18.405,0,17.045,16.13,18.34,86.45,1018.835,2,9.222222222,2,187.2222222,1,17.07955556
29/06/2025 22:00,0,0.025,0,17.905,0,16.775,15.985,18.17,88.45,1018.935,2,9.222222222,2,184.4444444,1,17.07955556
29/06/2025 23:00,0,0.025,0,17.625,0,16.595,15.895,18.065,89.4,1018.815,2,8.777777778,2,187.2222222,1,16.25644444
30/06/2025 00:00,0,0.025,0,17.345,0,16.455,15.82,17.975,90.45,1018.605,2,10,2,190.5555556,1,18.52
30/06/2025 01:00,0,0.105,0,17.205,0,16.34,15.74,17.9,90.8,1018.15,2,9.666666667,2,188.8888889,1,17.90266667
30/06/2025 02:00,0,0.1,0,17.025,0,16.2,15.62,17.74,91.2,1017.61,2,9.611111111,2,191.6666667,1,17.79977778
30/06/2025 03:00,0,0.015,0,16.835,0,16.055,15.505,17.615,91.6,1016.955,2,8.611111111,2,186.1111111,1,15.94777778
30/06/2025 04:00,0,0.015,0,16.6,0,15.86,15.35,17.445,92.3,1016.425,2,8,2,180,1,14.816
30/06/2025 05:00,0,0.025,0,16.465,0,15.78,15.305,17.395,92.65,1016.185,2,7.444444444,2,180,1,13.78711111
30/06/2025 06:00,0,0.15,0,16.67,0,15.86,15.29,17.39,91.35,1015.93,2,7.722222222,2,183.3333333,1,14.30155556
30/06/2025 07:00,0,0.23,0,16.58,0,15.69,15.06,17.175,90.6,1016.03,2,7.777777778,2,192.7777778,1,14.40444444
30/06/2025 08:00,0,0.38,0,16.485,0,15.595,14.97,17.06,90.65,1015.945,2,8.055555556,2,203.8888889,1,14.91888889
30/06/2025 09:00,0,0.425,0,16.545,0,15.655,15.015,17.15,90.55,1015.605,2,7.722222222,2,205.5555556,1,14.30155556
30/06/2025 10:00,0,0.4,0,16.825,0,15.745,14.985,17.135,89.05,1015.325,2,7.888888889,2,186.1111111,1,14.61022222
30/06/2025 11:00,0,0.48,0,17.185,0,15.975,15.135,17.285,87.7,1015.035,2,7.277777778,2,172.2222222,1,13.47844444
30/06/2025 12:00,0,0.58,0,17.32,0,16.04,15.135,17.285,87.1,1014.77,2,6.944444444,2,184.4444444,1,12.86111111
30/06/2025 13:00,0,1.14,0,17.505,0,16.1,15.16,17.29,86.45,1014.265,2,7.555555556,2,190,1,13.99288889
30/06/2025 14:00,0,1.68,0,17.155,0,15.81,14.86,16.975,86.6,1013.765,2,8.166666667,2,188.3333333,1,15.12466667
30/06/2025 15:00,0,1.635,0,17.045,0,15.675,14.725,16.84,86.35,1013.325,2,8.166666667,2,227.7777778,1,15.12466667
30/06/2025 16:00,0,1.21,0,16.33,0,15.165,14.33,16.425,88.15,1013.36,2,8.833333333,2,207.2222222,1,16.35933333
30/06/2025 17:00,0,0.79,0,15.82,0,14.86,14.165,16.22,89.6,1013.03,2,7.555555556,2,231.1111111,1,13.99288889
30/06/2025 18:00,0,0.835,0,15.355,0,14.36,13.655,15.655,89.6,1013.28,2,7.222222222,2,214.4444444,1,13.37555556
30/06/2025 19:00,0,0.37,0,15.02,0,14.165,13.52,15.565,90.5,1013.795,2,6.666666667,2,216.6666667,1,12.34666667
30/06/2025 20:00,0,0.19,0,14.5,0,13.745,13.14,15.17,91.3,1014.505,2,6.944444444,2,264.4444444,1,12.86111111
30/06/2025 21:00,0,0.13,0,13.92,0,13.32,12.835,14.885,92.85,1015.165,2,6.111111111,2,288.8888889,1,11.31777778
30/06/2025 22:00,0,0.135,0,13.44,0,12.87,12.375,14.45,93.05,1015.79,2,6.277777778,2,309.4444444,1,11.62644444
30/06/2025 23:00,0,0.02,0,12.965,0,12.315,11.73,13.865,91.85,1016.335,2,6.333333333,2,305.5555556,1,11.72933333
01/07/2025 00:00,0,0,0,12.52,0,11.845,11.245,13.41,91.65,1016.775,2,5.944444444,2,306.6666667,1,11.00911111
01/07/2025 01:00,0,0,0,12.2,0,11.54,10.94,13.125,91.7,1017.085,2,5.5,2,270.5555556,1,10.186
01/07/2025 02:00,0,0,0,11.62,0,11.02,10.46,12.74,92.25,1017.35,2,5.333333333,2,309.4444444,1,9.877333333
01/07/2025 03:00,0,0.005,0,11.245,0,10.61,10.02,12.365,91.9,1017.565,2,4.944444444,2,295,1,9.157111111
01/07/2025 04:00,0,0.005,0,10.775,0,10.17,9.585,12.03,92.1,1017.87,2,4.611111111,2,295.5555556,1,8.539777778
01/07/2025 05:00,0,0.01,0,10.9,0,10.31,9.75,12.14,92.35,1018.085,2,4.555555556,2,283.3333333,1,8.436888889
01/07/2025 06:00,0,0,0,11.72,0,11.015,10.33,12.585,90.9,1018.305,2,4.833333333,2,283.8888889,1,8.951333333
01/07/2025 07:00,0,0,0,12.765,0,11.705,10.715,12.915,87.2,1018.635,2,5,2,270.5555556,1,9.26
01/07/2025 08:00,0,0.025,0,13.545,0,11.935,10.445,12.66,81.45,1019.04,2,5.277777778,2,215.5555556,1,9.774444444
01/07/2025 09:00,0,0,0,14.26,0,12.025,9.95,12.28,75.25,1019.115,2,5.388888889,2,191.1111111,1,9.980222222
01/07/2025 10:00,0,0.015,0,14.6,0,12.205,9.96,12.29,73.75,1019.15,2,5.333333333,2,256.6666667,1,9.877333333
01/07/2025 11:00,0,0.005,0,15.16,0,12.48,10.02,12.335,71.4,1019.305,2,5.833333333,2,253.8888889,1,10.80333333
01/07/2025 12:00,0,0,0,15.68,0,12.68,9.945,12.275,68.85,1019.35,2,6,2,269.4444444,1,11.112
01/07/2025 13:00,0,0.01,0,16.02,0,12.75,9.765,12.11,66.3,1019.32,2,6.111111111,2,219.4444444,1,11.31777778
01/07/2025 14:00,0,0.005,0,16.365,0,12.955,9.855,12.21,65.5,1019.29,2,6.277777778,2,250.5555556,1,11.62644444
01/07/2025 15:00,0,0.02,0,16.465,0,12.925,9.705,12.085,64.3,1019.115,2,6.722222222,2,218.3333333,1,12.44955556
01/07/2025 16:00,0,0.19,0,16.415,0,12.96,9.815,12.17,65.05,1019.045,2,6.611111111,2,197.7777778,1,12.24377778
01/07/2025 17:00,0,0,0,16.405,0,12.86,9.61,12.01,64.1,1018.895,2,6.611111111,2,228.3333333,1,12.24377778
01/07/2025 18:00,0,0,0,16.215,0,12.7,9.455,11.865,64.1,1018.995,2,6.277777778,2,247.2222222,1,11.62644444
01/07/2025 19:00,0,0.005,0,15.52,0,12.42,9.545,11.94,67.65,1019.115,2,6.222222222,2,286.6666667,1,11.52355556
01/07/2025 20:00,0,0,0,14.58,0,12,9.58,11.975,71.95,1019.235,2,5.833333333,2,298.3333333,1,10.80333333
01/07/2025 21:00,0,0,0,13.325,0,11.36,9.49,11.905,77.55,1019.77,2,5.333333333,2,310.5555556,1,9.877333333
01/07/2025 22:00,0,0,0,12.2,0,10.755,9.31,11.74,82.2,1020.155,2,4.722222222,2,294.4444444,1,8.745555556
01/07/2025 23:00,0,0,0,11.68,0,10.42,9.175,11.64,84.45,1020.285,2,4.277777778,2,276.6666667,1,7.922444444
02/07/2025 00:00,0,0,0,11.04,0,9.99,8.93,11.44,86.6,1020.425,2,4.055555556,2,231.1111111,1,7.510888889
02/07/2025 01:00,0,0.02,0,10.41,0,9.545,8.655,11.24,88.6,1020.61,2,3.666666667,2,225.5555556,1,6.790666667
02/07/2025 02:00,0,0.02,0,9.985,0,9.235,8.46,11.105,90.1,1020.615,2,3.555555556,2,223.3333333,1,6.584888889
02/07/2025 03:00,0,0.05,0,9.67,0,9,8.305,10.98,90.8,1020.565,2,3.555555556,2,227.2222222,1,6.584888889
02/07/2025 04:00,0,0.125,0,9.175,0,8.59,7.94,10.755,91.65,1020.63,2,3.555555556,2,257.2222222,1,6.584888889
02/07/2025 05:00,0,0.23,0,9.04,0,8.49,7.92,10.73,92.45,1020.81,2,3.5,2,249.4444444,1,6.482
02/07/2025 06:00,0,0.07,0,10.425,0,9.805,9.195,11.64,91.8,1020.945,2,3.277777778,2,215.5555556,1,6.070444444
02/07/2025 07:00,0,0.105,0,12.045,0,11.025,10.055,12.33,87.45,1021.245,2,4.111111111,2,237.2222222,1,7.613777778
02/07/2025 08:00,0,0.025,0,13.715,0,11.91,10.24,12.485,79.2,1021.635,2,4.888888889,2,263.3333333,1,9.054222222
02/07/2025 09:00,0,0.15,0,14.78,0,12.19,9.81,12.135,72,1021.84,2,6.611111111,2,265,1,12.24377778
02/07/2025 10:00,0,0.005,0,15.44,0,12.38,9.54,11.92,67.65,1021.95,2,7.833333333,2,275,1,14.50733333
02/07/2025 11:00,0,0.305,0,15.81,0,12.435,9.28,11.755,65.65,1022.15,2,8.388888889,2,281.6666667,1,15.53622222
02/07/2025 12:00,0,0.15,0,16,0,12.695,9.68,12.045,66.3,1022.335,2,8.611111111,2,272.7777778,1,15.94777778
02/07/2025 13:00,0,0.1,0,16.41,0,12.84,9.57,11.965,64.1,1022.61,2,9.333333333,2,280.5555556,1,17.28533333
02/07/2025 14:00,0,0.085,0,16.99,0,13.04,9.425,11.855,61.2,1022.72,2,9.777777778,2,281.6666667,1,18.10844444
02/07/2025 15:00,0,0.1,0,16.93,0,12.92,9.22,11.695,60.55,1022.985,2,10.33333333,2,277.7777778,1,19.13733333
02/07/2025 16:00,0,0.125,0,16.64,0,12.825,9.35,11.785,62.15,1023.25,2,10.33333333,2,281.6666667,1,19.13733333
02/07/2025 17:00,0,0.025,0,16.31,0,12.685,9.35,11.77,63.3,1023.51,2,10.16666667,2,279.4444444,1,18.82866667
02/07/2025 18:00,0,0.005,0,16.08,0,12.445,9.035,11.52,62.75,1023.85,2,9.722222222,2,282.2222222,1,18.00555556
02/07/2025 19:00,0,0,0,15.485,0,12.105,8.91,11.43,64.7,1024.315,2,9.444444444,2,283.8888889,1,17.49111111
02/07/2025 20:00,0,0,0,14.54,0,11.47,8.46,11.095,66.6,1024.835,2,8.611111111,2,285,1,15.94777778
02/07/2025 21:00,0,0.005,0,13.065,0,10.82,8.545,11.17,73.85,1025.53,2,7.222222222,2,279.4444444,1,13.37555556
02/07/2025 22:00,0,0,0,12.015,0,10.195,8.365,11.025,78.2,1025.98,2,6.111111111,2,275.5555556,1,11.31777778
02/07/2025 23:00,0,0.01,0,11.23,0,9.83,8.395,11.065,82.55,1026.075,2,5.833333333,2,253.3333333,1,10.80333333
03/07/2025 00:00,0,0.115,0,10.635,0,9.5,8.32,11.01,85.45,1026.415,2,6,2,242.2222222,1,11.112
03/07/2025 01:00,0,0.045,0,10.44,0,9.44,8.42,11.105,87.15,1026.535,2,5.722222222,2,220,1,10.59755556
03/07/2025 02:00,0,0.075,0,10.295,0,9.43,8.54,11.2,88.75,1026.595,2,5.388888889,2,228.8888889,1,9.980222222
03/07/2025 03:00,0,0.035,0,10.44,0,9.62,8.805,11.395,89.3,1026.45,2,5.833333333,2,215.5555556,1,10.80333333
03/07/2025 04:00,0,0.005,0,10.64,0,9.86,9.065,11.62,89.75,1026.435,2,5.944444444,2,206.1111111,1,11.00911111
03/07/2025 05:00,0,0.105,0,11.005,0,10.2,9.435,11.895,89.9,1026.555,2,6.444444444,2,208.3333333,1,11.93511111
03/07/2025 06:00,0,0.025,0,12.04,0,11.105,10.2,12.515,88.35,1026.785,2,6.833333333,2,195,1,12.65533333
03/07/2025 07:00,0,0.135,0,13.095,0,11.91,10.81,13.01,85.75,1027.025,2,7.777777778,2,206.1111111,1,14.40444444
03/07/2025 08:00,0,0.05,0,14.195,0,12.725,11.435,13.545,83.25,1027.155,2,8.555555556,2,206.1111111,1,15.84488889
03/07/2025 09:00,0,0.04,0,15.305,0,13.38,11.725,13.795,79.15,1027.16,2,10.16666667,2,220,1,18.82866667
03/07/2025 10:00,0,0.065,0,15.89,0,13.655,11.76,13.82,76.45,1027.345,2,11.33333333,2,232.2222222,1,20.98933333
03/07/2025 11:00,0,0.105,0,16.205,0,13.775,11.71,13.795,74.95,1027.45,2,12.22222222,2,238.3333333,1,22.63555556
03/07/2025 12:00,0,0.24,0,16.775,0,14.125,11.925,13.985,73.45,1027.425,2,12.55555556,2,233.3333333,1,23.25288889
03/07/2025 13:00,0,0.145,0,16.745,0,14.22,12.145,14.185,74.45,1027.365,2,13,2,237.2222222,1,24.076
03/07/2025 14:00,0,0.015,0,17.475,0,14.53,12.17,14.21,71.2,1027.23,2,13.44444444,2,238.8888889,1,24.89911111
03/07/2025 15:00,0,0.125,0,17.615,0,14.385,11.655,13.79,68.9,1027.155,2,13.5,2,247.2222222,1,25.002
03/07/2025 16:00,0,0.03,0,17.865,0,14.435,11.58,13.725,67.4,1027.06,2,13.61111111,2,247.2222222,1,25.20777778
03/07/2025 17:00,0,0.025,0,17.595,0,14.175,11.265,13.435,67.45,1027.075,2,13.44444444,2,246.1111111,1,24.89911111
03/07/2025 18:00,0,0,0,17.19,0,13.99,11.27,13.445,68.9,1027.18,2,12.77777778,2,246.6666667,1,23.66444444
03/07/2025 19:00,0,0,0,16.56,0,13.645,11.1,13.29,70.9,1027.275,2,11.83333333,2,246.6666667,1,21.91533333
03/07/2025 20:00,0,0.02,0,15.585,0,13.255,11.17,13.345,75.45,1027.35,2,10.38888889,2,243.3333333,1,19.24022222
03/07/2025 21:00,0,0,0,14.645,0,12.765,11.055,13.255,79.2,1027.545,2,9.277777778,2,242.2222222,1,17.18244444
03/07/2025 22:00,0,0,0,14.15,0,12.525,11.09,13.245,81.65,1027.545,2,9.444444444,2,234.4444444,1,17.49111111
03/07/2025 23:00,0,0,0,13.87,0,12.375,11.06,13.22,82.85,1027.205,2,9.277777778,2,230.5555556,1,17.18244444
04/07/2025 00:00,0,0,0,13.55,0,12.23,11.055,13.19,84.5,1026.83,2,9.333333333,2,220,0,17.28533333
04/07/2025 01:00,0,0,0,13.55,0,12.275,11.125,13.265,84.95,1026.27,2,9.611111111,2,218.8888889,0,17.79977778
04/07/2025 02:00,0,0,0,13.485,0,12.26,11.175,13.32,85.6,1025.65,2,9.444444444,2,217.7777778,0,17.49111111
04/07/2025 03:00,0,0,0,13.605,0,12.365,11.255,13.37,85.4,1025.175,2,10.22222222,2,215.5555556,0,18.93155556
04/07/2025 04:00,0,0,0,13.755,0,12.54,11.48,13.58,85.8,1024.585,2,11.11111111,2,214.4444444,0,20.57777778
04/07/2025 05:00,0,0.02,0,13.94,0,12.785,11.77,13.855,86.4,1024.15,2,11.77777778,2,213.3333333,0,21.81244444
04/07/2025 06:00,0,0.04,0,14.39,0,13.155,12.095,14.14,85.75,1023.735,2,12.16666667,2,213.8888889,0,22.53266667
04/07/2025 07:00,0,0.15,0,14.87,0,13.53,12.44,14.445,84.95,1023.2,2,13.5,2,213.3333333,0,25.002
04/07/2025 08:00,0,0.385,0,15.355,0,13.855,12.64,14.655,83.5,1022.7,2,15.05555556,2,216.6666667,0,27.88288889
04/07/2025 09:00,0,0.545,0,15.55,0,13.99,12.705,14.705,83.05,1022.045,2,16,2,218.8888889,0,29.632
04/07/2025 10:00,0,0.705,0,15.78,0,14.09,12.715,14.72,82.1,1021.305,2,17.05555556,2,220.5555556,0,31.58688889
04/07/2025 11:00,0,0.935,0,15.93,0,14.155,12.695,14.72,81.5,1020.735,2,17,2,220,0,31.484
04/07/2025 12:00,0,0.605,0,16.135,0,14.305,12.82,14.83,81.3,1020.11,2,17.27777778,2,219.4444444,0,31.99844444
04/07/2025 13:00,0,0.56,0,16.34,0,14.49,12.98,15.025,81.45,1019.475,2,17.22222222,2,221.6666667,0,31.89555556
04/07/2025 14:00,0,0.715,0,16.34,0,14.615,13.265,15.28,82.75,1018.855,2,17.33333333,2,222.7777778,0,32.10133333
04/07/2025 15:00,0,0.595,0,16.24,0,14.695,13.42,15.475,84.15,1018.245,2,16.94444444,2,225.5555556,0,31.38111111
04/07/2025 16:00,0,0.315,0,15.965,0,14.78,13.84,15.86,87.35,1017.52,2,16.38888889,2,226.1111111,0,30.35222222
04/07/2025 17:00,0,0.305,0,15.965,0,14.94,14.155,16.175,89.05,1016.935,2,16.05555556,2,227.7777778,0,29.73488889
04/07/2025 18:00,0,0.25,0,15.835,0,14.985,14.33,16.335,90.6,1016.44,2,15.77777778,2,231.1111111,0,29.22044444
04/07/2025 19:00,0,0.205,0,15.685,0,14.985,14.44,16.46,92.15,1016.2,2,15.27777778,2,235,0,28.29444444
04/07/2025 20:00,0,0.205,0,15.64,0,14.925,14.38,16.4,92,1015.91,2,15.05555556,2,238.3333333,0,27.88288889
04/07/2025 21:00,0,0.205,0,15.535,0,14.84,14.325,16.33,92.25,1015.88,2,14.38888889,2,243.3333333,0,26.64822222
04/07/2025 22:00,0,0.16,0,15.4,0,14.77,14.275,16.285,92.7,1015.85,2,13.5,2,242.2222222,0,25.002
04/07/2025 23:00,0,0.095,0,15.34,0,14.69,14.21,16.21,92.7,1015.655,2,12.88888889,2,242.2222222,0,23.87022222
05/07/2025 00:00,0,0.045,0,15.295,0,14.64,14.145,16.13,92.5,1015.405,2,12.27777778,2,242.2222222,0,22.73844444
05/07/2025 01:00,0,0.095,0,15.135,0,14.54,14.07,16.075,93.05,1014.87,2,12,2,243.8888889,0,22.224
05/07/2025 02:00,0,0.115,0,15.085,0,14.525,14.065,16.055,93.35,1014.325,2,11.27777778,2,238.3333333,0,20.88644444
05/07/2025 03:00,0,0.11,0,15.07,0,14.495,14.08,16.075,93.4,1013.71,2,10.55555556,2,235,0,19.54888889
05/07/2025 04:00,0,0.085,0,15.04,0,14.5,14.09,16.075,93.75,1013.22,2,10.27777778,2,220.5555556,0,19.03444444
05/07/2025 05:00,0,0.055,0,15.045,0,14.525,14.105,16.09,93.7,1012.89,2,9.666666667,2,220.5555556,0,17.90266667
05/07/2025 06:00,0,0.07,0,15.075,0,14.565,14.19,16.185,94.05,1012.675,2,9.222222222,2,232.2222222,0,17.07955556
05/07/2025 07:00,0,0.07,0,15.35,0,14.66,14.11,16.115,92.05,1012.39,2,9.777777778,2,245.5555556,0,18.10844444
05/07/2025 08:00,0,0.065,0,15.58,0,14.785,14.18,16.175,91.15,1012.25,2,10.66666667,2,247.7777778,0,19.75466667
05/07/2025 09:00,0,0.055,0,15.985,0,14.93,14.145,16.15,88.7,1012.11,2,11.16666667,2,250.5555556,0,20.68066667
05/07/2025 10:00,0,0.04,0,16.38,0,15.04,14.025,16.035,85.9,1011.905,2,12,2,252.7777778,0,22.224
05/07/2025 11:00,0,0.015,0,16.985,0,15.285,14.055,16.065,83.15,1011.585,2,11.77777778,2,254.4444444,0,21.81244444
05/07/2025 12:00,0,0.005,0,17.385,0,15.45,14.035,16.03,80.85,1011.45,2,12.44444444,2,255.5555556,0,23.04711111
05/07/2025 13:00,0,0.015,0,17.745,0,15.515,13.87,15.87,78.4,1011.25,2,12.16666667,2,261.1111111,0,22.53266667
05/07/2025 14:00,0,0.005,0,17.99,0,15.52,13.7,15.71,76.4,1011.085,2,12.11111111,2,260,0,22.42977778
05/07/2025 15:00,0,0,0,17.96,0,15.385,13.465,15.46,75.35,1010.895,2,11.83333333,2,257.2222222,0,21.91533333
05/07/2025 16:00,0,0.005,0,17.68,0,15.305,13.525,15.54,76.85,1010.625,2,11.38888889,2,255.5555556,0,21.09222222
05/07/2025 17:00,0,0,0,17.6,0,15.255,13.495,15.485,77.3,1010.175,2,11.11111111,2,255,0,20.57777778
05/07/2025 18:00,0,0.005,0,17.06,0,15.01,13.455,15.485,79.6,1009.825,2,11.22222222,2,247.2222222,0,20.78355556
05/07/2025 19:00,0,0.01,0,16.5,0,14.72,13.39,15.375,82.2,1009.51,2,10.33333333,2,245,0,19.13733333
05/07/2025 20:00,0,0.05,0,15.595,0,14.325,13.34,15.33,86.4,1009.07,2,9.388888889,2,242.2222222,0,17.38822222
05/07/2025 21:00,0,0.07,0,15.075,0,14.09,13.295,15.275,89,1009.015,2,8.5,2,242.7777778,0,15.742
05/07/2025 22:00,0,0.115,0,14.62,0,13.79,13.135,15.105,90.55,1008.8,2,8.666666667,2,250.5555556,0,16.05066667
05/07/2025 23:00,0,0.025,0,14.305,0,13.495,12.84,14.835,90.7,1008.575,2,8.944444444,2,254.4444444,0,16.56511111
06/07/2025 00:00,0,0.055,0,13.965,0,13.21,12.58,14.59,91.15,1008.42,2,8.555555556,2,267.2222222,1,15.84488889
06/07/2025 01:00,0,0.05,0,13.795,0,12.925,12.2,14.225,89.7,1008.31,2,9.444444444,2,282.7777778,1,17.49111111
06/07/2025 02:00,0,0.045,0,13.42,0,12.595,11.88,13.94,90.05,1008.375,2,10.27777778,2,287.7777778,1,19.03444444
06/07/2025 03:00,0,0.1,0,13.005,0,12.265,11.615,13.685,90.9,1008.455,2,9.611111111,2,291.6666667,1,17.79977778
06/07/2025 04:00,0,0.065,0,12.685,0,11.875,11.165,13.285,90.1,1008.65,2,10,2,297.2222222,1,18.52
06/07/2025 05:00,0,0.025,0,12.64,0,11.73,10.91,13.05,88.85,1009.035,2,9.444444444,2,295.5555556,1,17.49111111
06/07/2025 06:00,0,0.02,0,12.825,0,11.93,11.095,13.23,88.9,1009.44,2,9.555555556,2,298.8888889,1,17.69688889
06/07/2025 07:00,0,0.025,0,13.33,0,12.305,11.4,13.485,87.8,1009.835,2,9.277777778,2,298.8888889,1,17.18244444
06/07/2025 08:00,0,0.035,0,13.845,0,12.65,11.6,13.67,86.05,1010.235,2,9.611111111,2,300,1,17.79977778
06/07/2025 09:00,0,0.035,0,14.38,0,12.96,11.72,13.79,83.85,1010.595,2,10.11111111,2,303.8888889,1,18.72577778
06/07/2025 10:00,0,0.04,0,15.005,0,13.445,12.115,14.155,82.6,1010.93,2,10.44444444,2,307.2222222,1,19.34311111
06/07/2025 11:00,0,0.03,0,15.54,0,13.715,12.205,14.235,80.2,1011.37,2,10.88888889,2,310,1,20.16622222
06/07/2025 12:00,0,0.025,0,16.025,0,14.05,12.415,14.435,79.1,1011.88,2,11.44444444,2,311.1111111,1,21.19511111
06/07/2025 13:00,0,0.025,0,16.485,0,14.17,12.305,14.325,76.3,1012.24,2,12.44444444,2,312.2222222,1,23.04711111
06/07/2025 14:00,0,0.02,0,16.865,0,14.185,12,14.06,72.7,1012.435,2,12.83333333,2,318.3333333,1,23.76733333
06/07/2025 15:00,0,0,0,16.735,0,14.02,11.805,13.88,72.55,1012.69,2,12.44444444,2,320.5555556,1,23.04711111
06/07/2025 16:00,0,0.055,0,16.11,0,13.635,11.56,13.645,74.4,1012.99,2,12.16666667,2,320.5555556,1,22.53266667
06/07/2025 17:00,0,0.005,0,15.695,0,13.275,11.24,13.355,74.55,1013.295,2,11.72222222,2,323.8888889,1,21.70955556
06/07/2025 18:00,0,0,0,15.135,0,12.755,10.68,12.85,74.35,1013.715,2,12.61111111,2,323.8888889,1,23.35577778
06/07/2025 19:00,0,0,0,14.515,0,12.34,10.37,12.605,75.8,1014.255,2,11.94444444,2,324.4444444,1,22.12111111
06/07/2025 20:00,0,0,0,13.94,0,11.905,10,12.3,76.8,1014.755,2,11.66666667,2,324.4444444,1,21.60666667
06/07/2025 21:00,0,0.015,0,13.5,0,11.655,9.945,12.24,78.75,1015.5,2,10.44444444,2,321.1111111,1,19.34311111
06/07/2025 22:00,0,0,0,13.08,0,11.45,9.915,12.22,80.8,1015.895,2,9.888888889,2,321.6666667,1,18.31422222
06/07/2025 23:00,0,0,0,12.705,0,11.24,9.87,12.165,82.5,1016.32,2,9.277777778,2,322.7777778,1,17.18244444
07/07/2025 00:00,0,0,0,12.335,0,11.005,9.75,12.08,84,1016.795,2,9.055555556,2,319.4444444,1,16.77088889
07/07/2025 01:00,0,0,0,11.985,0,10.835,9.7,12.06,85.65,1017.145,2,8.555555556,2,318.8888889,1,15.84488889
07/07/2025 02:00,0,0,0,11.77,0,10.625,9.515,11.905,85.8,1017.405,2,8.611111111,2,315.5555556,1,15.94777778
07/07/2025 03:00,0,0,0,11.67,0,10.65,9.67,12.03,87.3,1017.74,2,8.666666667,2,310,1,16.05066667
07/07/2025 04:00,0,0,0,11.695,0,10.69,9.755,12.095,87.65,1018.105,2,8.333333333,2,313.3333333,1,15.43333333
07/07/2025 05:00,0,0.005,0,12.01,0,10.915,9.86,12.165,86.55,1018.45,2,7.888888889,2,313.8888889,1,14.61022222
07/07/2025 06:00,0,0,0,12.615,0,11.3,10.045,12.335,84.15,1018.815,2,8.277777778,2,320.5555556,1,15.33044444
07/07/2025 07:00,0,0,0,13.59,0,11.685,9.9,12.215,78.15,1019.27,2,8.888888889,2,321.1111111,1,16.46222222
07/07/2025 08:00,0,0,0,14.33,0,11.945,9.675,12.06,73.4,1019.53,2,9.777777778,2,323.3333333,1,18.10844444
07/07/2025 09:00,0,0,0,14.925,0,12.04,9.35,11.78,68.8,1019.915,2,10.66666667,2,308.3333333,1,19.75466667
07/07/2025 10:00,0,0,0,15.85,0,12.61,9.685,12.02,66.4,1020.125,2,10.5,2,323.3333333,1,19.446
07/07/2025 11:00,0,0,0,16.445,0,12.95,9.82,12.14,64.65,1020.235,2,10.72222222,2,309.4444444,1,19.85755556
07/07/2025 12:00,0,0,0,16.895,0,13.385,10.34,12.575,65.35,1020.41,2,10.94444444,2,307.7777778,1,20.26911111
07/07/2025 13:00,0,0,0,17.58,0,13.745,10.485,12.7,63.4,1020.45,2,11,2,304.4444444,1,20.372
07/07/2025 14:00,0,0,0,17.73,0,13.87,10.595,12.785,63.25,1020.34,2,11.22222222,2,292.7777778,1,20.78355556
07/07/2025 15:00,0,0,0,17.59,0,13.8,10.585,12.77,63.8,1020.395,2,11.88888889,2,295,1,22.01822222
07/07/2025 16:00,0,0,0,17.325,0,13.625,10.46,12.675,64.6,1020.29,2,12.16666667,2,295,1,22.53266667
07/07/2025 17:00,0,0.005,0,16.67,0,13.19,10.135,12.415,65.8,1020.16,2,12.38888889,2,293.3333333,1,22.94422222
07/07/2025 18:00,0,0,0,15.925,0,12.885,10.225,12.485,69.55,1020.07,2,11.94444444,2,294.4444444,1,22.12111111
07/07/2025 19:00,0,0.005,0,15.035,0,12.465,10.135,12.405,72.8,1020.215,2,11.27777778,2,293.8888889,1,20.88644444
07/07/2025 20:00,0,0.03,0,14.37,0,12.195,10.225,12.47,76.25,1020.35,2,10.27777778,2,293.8888889,1,19.03444444
07/07/2025 21:00,0,0.02,0,13.655,0,11.89,10.255,12.515,79.8,1020.445,2,9.222222222,2,293.8888889,1,17.07955556
07/07/2025 22:00,0,0.035,0,13.34,0,11.835,10.435,12.68,82.5,1020.52,2,8.166666667,2,289.4444444,1,15.12466667
07/07/2025 23:00,0,0.05,0,13.17,0,11.9,10.685,12.91,84.8,1020.5,2,7.111111111,2,282.2222222,1,13.16977778
08/07/2025 00:00,0,0.035,0,13.07,0,11.99,11,13.165,87.1,1020.305,2,6.222222222,2,272.7777778,1,11.52355556
08/07/2025 01:00,0,0.045,0,13.105,0,12.16,11.285,13.45,88.65,1020.125,2,6.111111111,2,271.1111111,1,11.31777778
08/07/2025 02:00,0,0.03,0,13.145,0,12.34,11.6,13.73,90.15,1019.945,2,5.888888889,2,258.8888889,1,10.90622222
08/07/2025 03:00,0,0.055,0,13.205,0,12.535,11.88,13.99,91.5,1019.8,2,5.166666667,2,262.7777778,1,9.568666667
08/07/2025 04:00,0,0.015,0,13.275,0,12.655,12.1,14.165,92.3,1019.505,2,4.388888889,2,256.1111111,1,8.128222222
08/07/2025 05:00,0,0.025,0,13.385,0,12.83,12.33,14.375,93,1019.47,2,3.888888889,2,239.4444444,1,7.202222222
08/07/2025 06:00,0,0.07,0,13.685,0,13.155,12.705,14.73,93.45,1019.485,2,4.222222222,2,236.6666667,1,7.819555556
08/07/2025 07:00,0,0.015,0,14.225,0,13.65,13.13,15.15,92.85,1019.6,2,5,2,242.2222222,1,9.26
08/07/2025 08:00,0,0.105,0,14.85,0,14.2,13.66,15.675,92.35,1019.8,2,4.611111111,2,234.4444444,1,8.539777778
08/07/2025 09:00,0,0.08,0,15.46,0,14.775,14.225,16.255,92.05,1019.97,2,5.444444444,2,241.6666667,1,10.08311111
08/07/2025 10:00,0,0.02,0,16.065,0,15.2,14.55,16.59,90.4,1020.17,2,6,2,233.3333333,1,11.112
08/07/2025 11:00,0,0.005,0,17.045,0,15.855,15,17.09,87.5,1020.25,2,6.666666667,2,249.4444444,1,12.34666667
08/07/2025 12:00,0,0.005,0,17.57,0,16.175,15.19,17.295,85.9,1020.275,2,7.777777778,2,254.4444444,1,14.40444444
08/07/2025 13:00,0,0.005,0,18.225,0,16.505,15.32,17.425,83.15,1020.285,2,8.166666667,2,256.6666667,1,15.12466667
08/07/2025 14:00,0,0,0,19,0,16.77,15.265,17.355,79.45,1020.185,2,8.611111111,2,259.4444444,1,15.94777778
08/07/2025 15:00,0,0.005,0,19.185,0,16.815,15.2,17.305,78.5,1020.235,2,8.833333333,2,269.4444444,1,16.35933333
08/07/2025 16:00,0,0,0,19.285,0,16.665,14.865,16.95,76.65,1020.17,2,9.055555556,2,272.2222222,1,16.77088889
08/07/2025 17:00,0,0,0,18.99,0,16.3,14.35,16.425,75.85,1020.235,2,9.444444444,2,266.6666667,1,17.49111111
08/07/2025 18:00,0,0.005,0,18.66,0,16.14,14.35,16.415,77,1020.25,2,9.333333333,2,255.5555556,1,17.28533333
08/07/2025 19:00,0,0,0,17.985,0,15.83,14.275,16.335,79.25,1020.385,2,8.777777778,2,258.3333333,1,16.25644444
08/07/2025 20:00,0,0.025,0,16.85,0,15.18,13.935,15.995,83,1020.71,2,8.833333333,2,267.2222222,1,16.35933333
08/07/2025 21:00,0,0.08,0,15.615,0,14.405,13.475,15.525,87.05,1021.24,2,7.944444444,2,274.4444444,1,14.71311111
08/07/2025 22:00,0,0.07,0,14.895,0,13.86,13.015,15.06,88.45,1021.625,2,7.277777778,2,271.6666667,1,13.47844444
08/07/2025 23:00,0,0.03,0,14.43,0,13.54,12.8,14.845,89.75,1021.695,2,6.944444444,2,264.4444444,1,12.86111111
09/07/2025 00:00,0,0.015,0,13.92,0,13.145,12.495,14.53,90.75,1021.8,2,6.611111111,2,262.7777778,1,12.24377778
09/07/2025 01:00,0,0.015,0,13.59,0,12.945,12.365,14.42,92.05,1021.84,2,6.333333333,2,267.7777778,1,11.72933333
09/07/2025 02:00,0,0.03,0,13.45,0,12.79,12.21,14.255,91.95,1021.745,2,6.222222222,2,272.2222222,1,11.52355556
09/07/2025 03:00,0,0.01,0,13.41,0,12.785,12.205,14.275,92.2,1021.64,2,6.222222222,2,267.7777778,1,11.52355556
09/07/2025 04:00,0,0.015,0,13.32,0,12.725,12.195,14.235,92.8,1021.61,2,6,2,253.8888889,1,11.112
09/07/2025 05:00,0,0.015,0,13.375,0,12.8,12.31,14.32,92.9,1021.775,2,5.5,2,253.8888889,1,10.186
09/07/2025 06:00,0,0.015,0,13.7,0,13.1,12.58,14.595,92.65,1022.125,2,5.944444444,2,247.7777778,1,11.00911111
09/07/2025 07:00,0,0.005,0,14.38,0,13.495,12.73,14.745,89.65,1022.275,2,6,2,253.8888889,1,11.112
09/07/2025 08:00,0,0.01,0,15.155,0,13.955,12.97,14.975,86.7,1022.445,2,6.166666667,2,277.2222222,1,11.42066667
09/07/2025 09:00,0,0.005,0,16.025,0,14.495,13.275,15.27,83.75,1022.6,2,6.388888889,2,257.7777778,1,11.83222222
09/07/2025 10:00,0,0,0,16.9,0,14.98,13.5,15.515,80.5,1022.615,2,6.555555556,2,221.1111111,1,12.14088889
09/07/2025 11:00,0,0.005,0,17.625,0,15.34,13.59,15.595,77.5,1022.76,2,6.666666667,2,237.2222222,1,12.34666667
09/07/2025 12:00,0,0,0,18.32,0,15.68,13.7,15.7,74.85,1022.735,2,7.444444444,2,248.3333333,1,13.78711111
09/07/2025 13:00,0,0,0,18.905,0,15.935,13.75,15.74,72.5,1022.76,2,8.166666667,2,241.1111111,1,15.12466667
09/07/2025 14:00,0,0,0,19.365,0,16.09,13.685,15.705,70.55,1022.74,2,8.388888889,2,245.5555556,1,15.53622222
09/07/2025 15:00,0,0,0,19.645,0,16.16,13.58,15.595,69.2,1022.7,2,8.166666667,2,239.4444444,1,15.12466667
09/07/2025 16:00,0,0,0,19.48,0,16.13,13.68,15.695,70.1,1022.61,2,8.222222222,2,240.5555556,1,15.22755556
09/07/2025 17:00,0,0,0,19.485,0,16.31,14.03,16.025,71.4,1022.53,2,8.055555556,2,243.8888889,1,14.91888889
09/07/2025 18:00,0,0,0,19.095,0,16.16,14.055,16.055,72.95,1022.6,2,8.111111111,2,250,1,15.02177778
09/07/2025 19:00,0,0,0,18.46,0,15.92,14.09,16.09,75.95,1022.715,2,7.777777778,2,254.4444444,1,14.40444444
09/07/2025 20:00,0,0,0,17.51,0,15.51,14.05,16.055,80.4,1022.96,2,6.444444444,2,250.5555556,1,11.93511111
09/07/2025 21:00,0,0,0,16.09,0,14.785,13.8,15.8,86.15,1023.27,2,5.333333333,2,258.3333333,1,9.877333333
09/07/2025 22:00,0,0,0,15.01,0,14.07,13.335,15.325,89.45,1023.535,2,4.555555556,2,242.2222222,1,8.436888889
09/07/2025 23:00,0,0,0,14.555,0,13.85,13.28,15.28,91.85,1023.72,2,4.111111111,2,223.8888889,1,7.613777778
10/07/2025 00:00,0,0,0,14.29,0,13.7,13.23,15.21,93.05,1023.745,2,4.222222222,2,226.6666667,1,7.819555556
10/07/2025 01:00,0,0,0,14.115,0,13.585,13.15,15.155,93.5,1023.605,2,4.111111111,2,225,1,7.613777778
10/07/2025 02:00,0,0,0,13.99,0,13.515,13.105,15.105,94.1,1023.37,2,4.111111111,2,193.3333333,1,7.613777778
10/07/2025 03:00,0,0,0,13.85,0,13.43,13.07,15.085,94.8,1023.21,2,5,2,188.3333333,1,9.26
10/07/2025 04:00,0,0,0,13.715,0,13.315,13.005,15,94.9,1023.03,2,4.944444444,2,208.8888889,1,9.157111111
10/07/2025 05:00,0,0,0,13.715,0,13.33,12.995,15.005,94.95,1023.06,2,4.777777778,2,205,1,8.848444444
10/07/2025 06:00,0,0,0,14.295,0,13.8,13.385,15.39,93.95,1023.2,2,5.055555556,2,213.8888889,1,9.362888889
10/07/2025 07:00,0,0,0,15.11,0,14.37,13.81,15.815,91.9,1023.455,2,5,2,211.1111111,1,9.26
10/07/2025 08:00,0,0,0,16.475,0,15.22,14.295,16.295,86.75,1023.6,2,5.111111111,2,181.6666667,1,9.465777778
10/07/2025 09:00,0,0,0,18.13,0,16.105,14.67,16.695,80.05,1023.615,2,5.388888889,2,203.3333333,1,9.980222222
10/07/2025 10:00,0,0,0,19.665,0,16.82,14.81,16.87,73.4,1023.435,2,5.888888889,2,195,1,10.90622222
10/07/2025 11:00,0,0,0,20.54,0,17.025,14.56,16.6,68.6,1023.265,2,6.777777778,2,206.1111111,1,12.55244444
10/07/2025 12:00,0,0,0,21.27,0,17.27,14.485,16.535,65.5,1023.13,2,7.277777778,2,207.2222222,1,13.47844444
10/07/2025 13:00,0,0,0,21.77,0,17.435,14.41,16.445,63.45,1022.97,2,7.388888889,2,186.6666667,1,13.68422222
10/07/2025 14:00,0,0,0,22.245,0,17.67,14.55,16.6,62.25,1022.73,2,7.277777778,2,211.1111111,1,13.47844444
10/07/2025 15:00,0,0,0,22.175,0,17.555,14.36,16.37,61.8,1022.36,2,7.166666667,2,215,1,13.27266667
10/07/2025 16:00,0,0,0,21.965,0,17.445,14.305,16.355,62.7,1022,2,7.333333333,2,202.7777778,1,13.58133333
10/07/2025 17:00,0,0,0,21.93,0,17.475,14.425,16.45,63.2,1021.61,2,7.055555556,2,201.6666667,1,13.06688889
10/07/2025 18:00,0,0,0,21.265,0,17.04,14.03,16.065,64.5,1021.385,2,7,2,210.5555556,1,12.964
10/07/2025 19:00,0,0,0,20.52,0,16.785,14.075,16.115,67.45,1021.355,2,6.333333333,2,218.3333333,1,11.72933333
10/07/2025 20:00,0,0,0,19.145,0,16.365,14.335,16.4,74.2,1021.385,2,4.722222222,2,218.8888889,1,8.745555556
10/07/2025 21:00,0,0,0,17.09,0,15.185,13.71,15.745,80.7,1021.445,2,4.166666667,2,205.5555556,1,7.716666667
10/07/2025 22:00,0,0,0,15.85,0,14.55,13.515,15.515,85.95,1021.505,2,3.944444444,2,166.1111111,1,7.305111111
10/07/2025 23:00,0,0,0,15.1,0,14.09,13.275,15.275,88.65,1021.435,2,3.555555556,2,195.5555556,1,6.584888889
11/07/2025 00:00,0,0,0,14.53,0,13.735,13.11,15.12,90.85,1021.28,2,3.166666667,2,188.8888889,0,5.864666667
11/07/2025 01:00,0,0,0,14.13,0,13.475,12.965,14.965,92.35,1021.115,2,3.222222222,2,177.7777778,0,5.967555556
11/07/2025 02:00,0,0,0,13.675,0,13.14,12.695,14.735,93.45,1020.875,2,2.722222222,2,176.1111111,0,5.041555556
11/07/2025 03:00,0,0,0,13.22,0,12.76,12.385,14.44,94.4,1020.565,2,2.722222222,2,171.6666667,0,5.041555556
11/07/2025 04:00,0,0,0,12.97,0,12.5,12.085,14.185,94.2,1020.24,2,3.333333333,2,167.2222222,0,6.173333333
11/07/2025 05:00,0,0.005,0,13.015,0,12.555,12.175,14.255,94.35,1020.18,2,3.5,2,162.7777778,0,6.482
11/07/2025 06:00,0,0.005,0,14.415,0,13.78,13.265,15.28,92.65,1020.255,2,3.611111111,2,158.3333333,0,6.687777778
11/07/2025 07:00,0,0,0,15.975,0,15.015,14.27,16.29,89.4,1020.215,2,3.777777778,2,167.7777778,0,6.996444444
11/07/2025 08:00,0,0,0,17.665,0,15.835,14.51,16.52,81.5,1020.085,2,4.611111111,2,166.6666667,0,8.539777778
11/07/2025 09:00,0,0,0,19.19,0,16.535,14.64,16.675,74.75,1019.835,2,5.611111111,2,153.3333333,0,10.39177778
11/07/2025 10:00,0,0,0,20.425,0,16.81,14.215,16.265,68.2,1019.59,2,6.777777778,2,162.7777778,0,12.55244444
11/07/2025 11:00,0,0,0,21.67,0,17.39,14.42,16.475,64.2,1019.39,2,7.666666667,2,165,0,14.19866667
11/07/2025 12:00,0,0,0,22.53,0,17.585,14.09,16.135,60,1019.24,2,8.388888889,2,167.2222222,0,15.53622222
11/07/2025 13:00,0,0,0,23.125,0,17.685,13.78,15.935,57.5,1018.885,2,8.833333333,2,170,0,16.35933333
11/07/2025 14:00,0,0,0,23.745,0,18.005,14.01,16.09,56,1018.68,2,9,2,175,0,16.668
11/07/2025 15:00,0,0,0,24.16,0,18.22,14.13,16.215,55,1018.42,2,9.277777778,2,190,0,17.18244444
11/07/2025 16:00,0,0,0,24.195,0,18.225,14.09,16.16,54.9,1018.035,2,9.111111111,2,195.5555556,0,16.87377778
11/07/2025 17:00,0,0,0,23.975,0,18.17,14.12,16.225,56.05,1017.645,2,8.388888889,2,199.4444444,0,15.53622222
11/07/2025 18:00,0,0,0,23.315,0,17.88,14.075,16.185,58.05,1017.495,2,7.611111111,2,201.1111111,0,14.09577778
11/07/2025 19:00,0,0,0,22.49,0,17.57,14.145,16.22,60.85,1017.365,2,7.111111111,2,200.5555556,0,13.16977778
11/07/2025 20:00,0,0,0,21.045,0,16.94,13.995,16.045,65.35,1017.34,2,5.777777778,2,195.5555556,0,10.70044444
11/07/2025 21:00,0,0,0,18.91,0,16.245,14.3,16.38,75.15,1017.545,2,4.666666667,2,150,0,8.642666667
11/07/2025 22:00,0,0,0,17.45,0,15.47,13.99,16.015,80.3,1017.475,2,4.611111111,2,146.1111111,0,8.539777778
11/07/2025 23:00,0,0,0,16.55,0,14.905,13.625,15.64,83.05,1017.385,2,4.111111111,2,146.1111111,0,7.613777778
12/07/2025 00:00,0,0,0,15.68,0,14.39,13.365,15.36,86.1,1017.2,2,3.666666667,2,132.7777778,0,6.790666667
12/07/2025 01:00,0,0,0,15.29,0,13.95,12.885,14.9,85.8,1016.96,2,4,2,128.3333333,0,7.408
12/07/2025 02:00,0,0,0,15.235,0,13.965,12.94,14.97,86.25,1016.63,2,3.833333333,2,116.1111111,0,7.099333333
12/07/2025 03:00,0,0,0,14.79,0,13.715,12.85,14.895,88.25,1016.345,2,4.166666667,2,108.3333333,0,7.716666667
12/07/2025 04:00,0,0.005,0,14.96,0,13.78,12.85,14.9,87.35,1016.04,2,4.944444444,2,140,0,9.157111111
12/07/2025 05:00,0,0.005,0,15.355,0,14.015,12.94,14.975,85.65,1015.805,2,4.777777778,2,140.5555556,0,8.848444444
12/07/2025 06:00,0,0,0,17.135,0,15.25,13.81,15.815,80.8,1015.67,2,4.888888889,2,121.6666667,0,9.054222222
12/07/2025 07:00,0,0.005,0,19.22,0,16.285,14.155,16.175,72.35,1015.39,2,5.388888889,2,110.5555556,0,9.980222222
12/07/2025 08:00,0,0,0,21.155,0,17.19,14.385,16.43,65.45,1015.2,2,6.722222222,2,116.6666667,0,12.44955556
12/07/2025 09:00,0,0,0,23.03,0,18.095,14.755,16.83,59.6,1014.83,2,7.611111111,2,117.7777778,0,14.09577778
12/07/2025 10:00,0,0,0,24.315,0,18.67,14.93,17.03,56.15,1014.595,2,9.222222222,2,126.6666667,0,17.07955556
12/07/2025 11:00,0,0,0,25.415,0,19.28,15.32,17.45,53.75,1014.405,2,9.888888889,2,137.7777778,0,18.31422222
12/07/2025 12:00,0,0,0,26.03,0,19.5,15.35,17.465,52.05,1014.01,2,10.27777778,2,137.7777778,0,19.03444444
12/07/2025 13:00,0,0,0,26.35,0,19.465,15.03,17.155,50.55,1013.655,2,10.55555556,2,145,0,19.54888889
12/07/2025 14:00,0,0,0,26.74,0,19.675,15.165,17.295,49.75,1013.305,2,10.33333333,2,142.7777778,0,19.13733333
12/07/2025 15:00,0,0,0,26.905,0,19.59,14.84,16.965,48.45,1013.05,2,9.833333333,2,145,0,18.21133333
12/07/2025 16:00,0,0,0,26.85,0,19.54,14.745,16.925,48.5,1012.865,2,9.444444444,2,140,0,17.49111111
12/07/2025 17:00,0,0,0,26.13,0,19.385,14.99,17.155,51.7,1012.6,2,8.833333333,2,143.8888889,0,16.35933333
12/07/2025 18:00,0,0,0,25.765,0,19.245,14.94,17.09,52.55,1012.49,2,8,2,146.6666667,0,14.816
12/07/2025 19:00,0,0,0,24.28,0,18.65,14.885,17.055,57,1012.535,2,6.777777778,2,145.5555556,0,12.55244444
12/07/2025 20:00,0,0,0,22.65,0,18.05,14.89,17.045,62.45,1012.665,2,6.111111111,2,135.5555556,0,11.31777778
12/07/2025 21:00,0,0,0,20.75,0,17.355,14.995,17.11,69.9,1012.875,2,5.388888889,2,117.7777778,0,9.980222222
12/07/2025 22:00,0,0,0,19.405,0,16.82,15.01,17.105,75.85,1012.935,2,5.444444444,2,110,0,10.08311111
12/07/2025 23:00,0,0,0,18.815,0,16.53,14.895,16.99,78.05,1012.87,2,5.722222222,2,110,0,10.59755556
13/07/2025 00:00,0,0,0,18.07,0,16.05,14.57,16.645,80.05,1012.795,2,5.5,2,138.3333333,1,10.186
13/07/2025 01:00,0,0,0,17.405,0,15.675,14.425,16.47,82.7,1012.745,2,4.944444444,2,115,1,9.157111111
13/07/2025 02:00,0,0,0,16.785,0,15.425,14.4,16.465,85.65,1012.41,2,4.888888889,2,123.8888889,1,9.054222222
13/07/2025 03:00,0,0,0,16.53,0,15.285,14.35,16.405,86.65,1012.08,2,5.5,2,131.1111111,1,10.186
13/07/2025 04:00,0,0,0,16.48,0,15.135,14.145,16.175,85.95,1011.82,2,5.666666667,2,113.8888889,1,10.49466667
13/07/2025 05:00,0,0,0,16.615,0,15.25,14.225,16.28,85.75,1011.725,2,6.166666667,2,137.7777778,1,11.42066667
13/07/2025 06:00,0,0,0,18.16,0,16.3,14.975,17.05,81.6,1011.4,2,5.666666667,2,127.2222222,1,10.49466667
13/07/2025 07:00,0,0,0,19.84,0,17.13,15.265,17.38,74.75,1011.265,2,6.277777778,2,108.8888889,1,11.62644444
13/07/2025 08:00,0,0,0,21.17,0,17.83,15.6,17.735,70.3,1011.16,2,6.722222222,2,103.3333333,1,12.44955556
13/07/2025 09:00,0,0,0,22.28,0,18.38,15.845,18.03,66.75,1010.77,2,7.666666667,2,103.8888889,1,14.19866667
13/07/2025 10:00,0,0,0,23.11,0,18.625,15.735,17.905,63.4,1010.395,2,8.222222222,2,103.3333333,1,15.22755556
13/07/2025 11:00,0,0,0,23.795,0,18.91,15.785,17.98,61.1,1010.015,2,9.277777778,2,105,1,17.18244444
13/07/2025 12:00,0,0,0,24.405,0,19.04,15.595,17.77,58.4,1009.705,2,10.11111111,2,116.6666667,1,18.72577778
13/07/2025 13:00,0,0.025,0,24.44,0,19.105,15.675,17.885,58.7,1009.255,2,10.83333333,2,121.6666667,1,20.06333333
13/07/2025 14:00,0,0.07,0,24.34,0,19.145,15.83,18.045,59.8,1008.94,2,10.61111111,2,123.3333333,1,19.65177778
13/07/2025 15:00,0,0.1,0,23.92,0,18.935,15.73,17.935,61.2,1008.43,2,10.72222222,2,135.5555556,1,19.85755556
13/07/2025 16:00,0,0.23,0,23.38,0,18.42,15.115,17.305,61.2,1007.9,2,11.55555556,2,137.2222222,1,21.40088889
13/07/2025 17:00,0,0.77,0,22,0,17.885,15.07,17.225,66.65,1007.595,2,11.77777778,2,141.6666667,1,21.81244444
13/07/2025 18:00,0,0.38,0,21.04,0,17.15,14.355,16.495,67.7,1007.48,2,11,2,168.3333333,1,20.372
13/07/2025 19:00,0,0.035,0,20.365,0,16.935,14.51,16.6,70.15,1007.55,2,8.666666667,2,168.3333333,1,16.05066667
13/07/2025 20:00,0,0.12,0,19.37,0,16.51,14.425,16.52,73.95,1007.76,2,7.055555556,2,159.4444444,1,13.06688889
13/07/2025 21:00,0,0.085,0,18.345,0,16.085,14.41,16.48,78.4,1007.825,2,6.444444444,2,158.3333333,1,11.93511111
13/07/2025 22:00,0,0.42,0,17.45,0,15.75,14.495,16.58,83.2,1007.53,2,6.166666667,2,144.4444444,1,11.42066667
13/07/2025 23:00,0,0.495,0,16.855,0,15.505,14.49,16.545,85.85,1007.245,2,6.388888889,2,140.5555556,1,11.83222222
14/07/2025 00:00,0,1.57,0,16.425,0,15.345,14.535,16.595,88.55,1006.67,2,6.277777778,2,161.6666667,1,11.62644444
14/07/2025 01:00,0,0.74,0,15.95,0,14.96,14.19,16.21,89,1006.125,2,6.722222222,2,163.8888889,1,12.44955556
14/07/2025 02:00,0,0.425,0,15.545,0,14.745,14.13,16.14,90.95,1005.545,2,6.944444444,2,164.4444444,1,12.86111111
14/07/2025 03:00,0,0.26,0,15.33,0,14.49,13.815,15.84,90.5,1005.105,2,7.888888889,2,166.1111111,1,14.61022222
14/07/2025 04:00,0,0.11,0,15.08,0,14.16,13.42,15.42,89.55,1004.825,2,7.833333333,2,165.5555556,1,14.50733333
14/07/2025 05:00,0,0.07,0,14.725,0,13.76,12.995,15.01,89.05,1004.595,2,8.166666667,2,170.5555556,1,15.12466667
14/07/2025 06:00,0,0.305,0,14.755,0,13.63,12.715,14.75,87.55,1004.355,2,8,2,171.1111111,1,14.816
14/07/2025 07:00,0,0.65,0,14.86,0,13.52,12.405,14.47,85.05,1004.34,2,9.277777778,2,175,1,17.18244444
14/07/2025 08:00,0,0.385,0,15.08,0,13.34,11.845,13.96,81,1004.555,2,11,2,194.4444444,1,20.372
14/07/2025 09:00,0,0.27,0,15.515,0,13.185,11.16,13.335,75.5,1004.745,2,11,2,196.1111111,1,20.372
14/07/2025 10:00,0,0.41,0,15.325,0,13,10.96,13.16,75.8,1004.955,2,12.27777778,2,197.7777778,1,22.73844444
14/07/2025 11:00,0,0.32,0,15.595,0,13.11,10.95,13.125,74,1005.295,2,12.44444444,2,205.5555556,1,23.04711111
14/07/2025 12:00,0,0.47,0,15.15,0,12.7,10.46,12.735,74.1,1005.645,2,13.05555556,2,206.1111111,1,24.17888889
14/07/2025 13:00,0,0.495,0,15.485,0,12.87,10.505,12.775,72.8,1006.03,2,13.55555556,2,200.5555556,1,25.10488889
14/07/2025 14:00,0,0.55,0,15.91,0,13.185,10.825,13.035,72.05,1006.18,2,13,2,210.5555556,1,24.076
14/07/2025 15:00,0,0.455,0,15.595,0,13.095,10.93,13.115,74.05,1006.25,2,12.94444444,2,212.2222222,1,23.97311111
14/07/2025 16:00,0,0.31,0,15.885,0,13.275,10.99,13.15,72.9,1006.28,2,13.66666667,2,208.3333333,1,25.31066667
14/07/2025 17:00,0,0.325,0,15.74,0,13.385,11.38,13.515,75.35,1006.245,2,12.77777778,2,203.3333333,1,23.66444444
14/07/2025 18:00,0,0.23,0,15.53,0,13.33,11.435,13.555,76.55,1006.275,2,12.5,2,203.3333333,1,23.15
14/07/2025 19:00,0,0.245,0,15,0,13.06,11.35,13.465,78.8,1006.31,2,12.27777778,2,195.5555556,1,22.73844444
14/07/2025 20:00,0,0.25,0,14.48,0,12.84,11.4,13.52,81.75,1006.315,2,12.05555556,2,192.7777778,1,22.32688889
14/07/2025 21:00,0,0.87,0,14.135,0,12.795,11.61,13.7,84.7,1006.29,2,11.44444444,2,187.2222222,1,21.19511111
14/07/2025 22:00,0,0.39,0,13.995,0,12.77,11.695,13.79,85.9,1006.055,2,11.94444444,2,181.6666667,1,22.12111111
14/07/2025 23:00,0,1.02,0,13.76,0,12.865,12.09,14.13,89.35,1005.815,2,12.5,2,180,1,23.15
15/07/2025 00:00,0,0.87,0,13.955,0,13.075,12.31,14.355,89.55,1005.48,2,12.61111111,2,195.5555556,1,23.35577778
15/07/2025 01:00,0,1,0,13.8,0,13.01,12.375,14.385,90.9,1005.47,2,12.55555556,2,200.5555556,1,23.25288889
15/07/2025 02:00,0,1.395,0,13.87,0,13.115,12.49,14.505,91,1005.285,2,11.77777778,2,202.2222222,1,21.81244444
15/07/2025 03:00,0,0.855,0,13.895,0,13.155,12.505,14.52,91,1004.995,2,10.83333333,2,209.4444444,1,20.06333333
15/07/2025 04:00,0,0.375,0,13.835,0,13.14,12.57,14.565,91.9,1004.64,2,11.16666667,2,214.4444444,1,20.68066667
15/07/2025 05:00,0,0.755,0,13.805,0,13.195,12.705,14.7,92.75,1004.575,2,10.83333333,2,211.6666667,1,20.06333333
15/07/2025 06:00,0,1.34,0,13.95,0,13.31,12.785,14.775,92.25,1004.455,2,10.55555556,2,209.4444444,1,19.54888889
15/07/2025 07:00,0,1.13,0,14.1,0,13.5,13,14.98,92.8,1004.67,2,11.05555556,2,218.3333333,1,20.47488889
15/07/2025 08:00,0,1.51,0,14.26,0,13.55,12.96,14.955,91.55,1004.98,2,11.55555556,2,231.1111111,1,21.40088889
15/07/2025 09:00,0,0.39,0,15.125,0,14.155,13.365,15.36,88.9,1005.465,2,12.22222222,2,236.1111111,1,22.63555556
15/07/2025 10:00,0,0.245,0,16.07,0,14.545,13.36,15.34,83.65,1005.98,2,13.38888889,2,250,1,24.79622222
15/07/2025 11:00,0,0.09,0,16.4,0,14.62,13.23,15.215,81.25,1006.57,2,14.5,2,251.1111111,1,26.854
15/07/2025 12:00,0,0.51,0,16.735,0,14.925,13.545,15.55,81.15,1007.245,2,14.33333333,2,252.7777778,1,26.54533333
15/07/2025 13:00,0,0.235,0,16.95,0,14.925,13.35,15.35,79.05,1007.795,2,14.38888889,2,256.6666667,1,26.64822222
15/07/2025 14:00,0,0.29,0,17.48,0,15.16,13.38,15.375,76.8,1008.335,2,13.88888889,2,260.5555556,1,25.72222222
15/07/2025 15:00,0,0.19,0,17.71,0,15.06,13.01,15,73.8,1008.965,2,13.88888889,2,285.5555556,1,25.72222222
15/07/2025 16:00,0,0.08,0,17.79,0,15.11,13.05,15.045,73.8,1009.745,2,14,2,287.7777778,1,25.928
15/07/2025 17:00,0,0.05,0,17.635,0,14.955,12.86,14.865,73.55,1010.41,2,13,2,285.5555556,1,24.076
15/07/2025 18:00,0,0.025,0,17.41,0,14.76,12.725,14.705,73.75,1011.35,2,11.44444444,2,282.7777778,1,21.19511111
15/07/2025 19:00,0,0,0,17.015,0,14.4,12.32,14.315,73.65,1012.095,2,10.88888889,2,284.4444444,1,20.16622222
15/07/2025 20:00,0,0,0,15.915,0,13.9,12.24,14.26,78.45,1012.855,2,8.666666667,2,285,1,16.05066667
15/07/2025 21:00,0,0,0,14.75,0,13.25,11.985,14.035,83.25,1013.725,2,6.611111111,2,263.8888889,1,12.24377778
15/07/2025 22:00,0,0,0,13.965,0,12.825,11.82,13.9,86.7,1014.285,2,5.277777778,2,261.1111111,1,9.774444444
15/07/2025 23:00,0,0,0,13.165,0,12.295,11.54,13.63,89.55,1014.685,2,4.277777778,2,270,1,7.922444444
16/07/2025 00:00,0,0,0,12.44,0,11.77,11.16,13.29,91.45,1014.94,2,3.333333333,2,235.5555556,1,6.173333333
16/07/2025 01:00,0,0,0,12.075,0,11.535,11.03,13.18,93,1015.1,2,3.166666667,2,236.6666667,1,5.864666667
16/07/2025 02:00,0,0,0,11.65,0,11.195,10.79,12.97,94.05,1015.28,2,3.111111111,2,199.4444444,1,5.761777778
16/07/2025 03:00,0,0,0,11.145,0,10.76,10.405,12.68,94.8,1015.47,2,2.777777778,2,197.2222222,1,5.144444444
16/07/2025 04:00,0,0.01,0,10.83,0,10.505,10.205,12.515,95.5,1015.565,2,2.833333333,2,182.2222222,1,5.247333333
16/07/2025 05:00,0,0.065,0,10.805,0,10.52,10.265,12.585,96.3,1015.62,2,2.833333333,2,151.1111111,1,5.247333333
16/07/2025 06:00,0,0.01,0,11.955,0,11.66,11.405,13.545,96.15,1015.785,2,2.833333333,2,156.1111111,1,5.247333333
16/07/2025 07:00,0,0.01,0,13.59,0,13.05,12.6,14.61,93.45,1015.98,2,3.111111111,2,151.6666667,1,5.761777778
16/07/2025 08:00,0,0.04,0,15.115,0,13.995,13.085,15.065,87.65,1016.2,2,3.833333333,2,142.7777778,1,7.099333333
16/07/2025 09:00,0,0.095,0,16.35,0,14.32,12.695,14.705,79.05,1016.155,2,4.611111111,2,115,1,8.539777778
16/07/2025 10:00,0,0.11,0,17.25,0,14.685,12.645,14.67,74.65,1016.075,2,5.5,2,133.8888889,1,10.186
16/07/2025 11:00,0,0.315,0,17.855,0,15.05,12.79,14.845,73,1016.08,2,6.166666667,2,138.8888889,1,11.42066667
16/07/2025 12:00,0,0.595,0,18.18,0,15.235,12.875,14.95,72.15,1016.09,2,6.722222222,2,121.6666667,1,12.44955556
16/07/2025 13:00,0,0.345,0,18.45,0,15.405,13.025,15.12,71.9,1015.835,2,7.111111111,2,123.3333333,1,13.16977778
16/07/2025 14:00,0,0.125,0,18.735,0,15.71,13.365,15.45,72.3,1015.675,2,8.111111111,2,128.3333333,1,15.02177778
16/07/2025 15:00,0,0.105,0,18.715,0,15.795,13.565,15.665,73.2,1015.425,2,8.333333333,2,131.6666667,1,15.43333333
16/07/2025 16:00,0,0.185,0,18.55,0,15.715,13.515,15.605,73.4,1015.25,2,8.388888889,2,132.7777778,1,15.53622222
16/07/2025 17:00,0,0.095,0,18.19,0,15.68,13.77,15.805,76.15,1015.165,2,8.388888889,2,140.5555556,1,15.53622222
16/07/2025 18:00,0,0.01,0,17.965,0,15.675,13.94,15.995,77.9,1015.07,2,7.611111111,2,137.2222222,1,14.09577778
16/07/2025 19:00,0,0.015,0,17.54,0,15.555,14.04,16.11,80.35,1015.025,2,7.611111111,2,133.3333333,1,14.09577778
16/07/2025 20:00,0,0.03,0,17.08,0,15.395,14.075,16.135,82.65,1015.1,2,6.722222222,2,149.4444444,1,12.44955556
16/07/2025 21:00,0,0.065,0,16.56,0,15.265,14.27,16.34,86.3,1015.265,2,5.388888889,2,152.7777778,1,9.980222222
16/07/2025 22:00,0,0.11,0,16.27,0,15.19,14.32,16.395,88.2,1015.205,2,5.611111111,2,135,1,10.39177778
16/07/2025 23:00,0,0.14,0,16.075,0,15.095,14.335,16.415,89.4,1015.075,2,6.111111111,2,134.4444444,1,11.31777778
17/07/2025 00:00,0,1.145,0,15.92,0,15.095,14.43,16.51,90.65,1014.905,2,5.944444444,2,132.2222222,1,11.00911111
17/07/2025 01:00,0,0.825,0,15.73,0,15.055,14.505,16.585,92.1,1014.565,2,6.222222222,2,135.5555556,1,11.52355556
17/07/2025 02:00,0,0.46,0,15.63,0,15.04,14.57,16.66,93.15,1014.185,2,6.277777778,2,131.6666667,1,11.62644444
17/07/2025 03:00,0,0.915,0,15.535,0,15.025,14.62,16.715,94.05,1013.73,2,6.055555556,2,150,1,11.21488889
17/07/2025 04:00,0,0.31,0,15.475,0,15.015,14.64,16.74,94.45,1013.175,2,6.5,2,130.5555556,1,12.038
17/07/2025 05:00,0,0.68,0,15.495,0,15.05,14.705,16.795,94.7,1012.885,2,6.777777778,2,142.7777778,1,12.55244444
17/07/2025 06:00,0,0.53,0,15.82,0,15.335,14.95,17.055,94.3,1012.685,2,6.944444444,2,143.3333333,1,12.86111111
17/07/2025 07:00,0,1.7,0,16.3,0,15.74,15.33,17.465,93.7,1012.785,2,7.944444444,2,153.3333333,1,14.71311111
17/07/2025 08:00,0,0.925,0,16.815,0,16.195,15.73,17.92,93.2,1012.69,2,8.277777778,2,153.8888889,1,15.33044444
17/07/2025 09:00,0,1.275,0,17.265,0,16.67,16.265,18.505,93.7,1012.41,2,8.944444444,2,158.8888889,1,16.56511111
17/07/2025 10:00,0,0.47,0,17.865,0,17.19,16.715,19.06,92.8,1012.09,2,9.5,2,162.2222222,1,17.594
17/07/2025 11:00,0,0.16,0,18.35,0,17.465,16.88,19.245,90.9,1011.64,2,10.22222222,2,168.8888889,1,18.93155556
17/07/2025 12:00,0,0.345,0,19.025,0,17.67,16.81,19.165,87.1,1011.315,2,10.83333333,2,181.6666667,1,20.06333333
17/07/2025 13:00,0,0.41,0,19.13,0,17.6,16.625,18.93,85.55,1011.125,2,11.5,2,186.6666667,1,21.298
17/07/2025 14:00,0,0.32,0,19.18,0,17.545,16.49,18.79,84.45,1010.965,2,11.83333333,2,188.8888889,1,21.91533333
17/07/2025 15:00,0,0.65,0,18.98,0,17.24,16.09,18.33,83.35,1010.665,2,11.5,2,195.5555556,1,21.298
17/07/2025 16:00,0,0.1,0,18.67,0,17.025,15.89,18.12,83.75,1010.35,2,11.44444444,2,186.1111111,1,21.19511111
17/07/2025 17:00,0,1.725,0,18.265,0,16.745,15.69,17.88,84.8,1010.24,2,11.61111111,2,194.4444444,1,21.50377778
17/07/2025 18:00,0,0.385,0,17.825,0,16.38,15.355,17.505,85.35,1010.19,2,10.77777778,2,205.5555556,1,19.96044444
17/07/2025 19:00,0,0.28,0,17.18,0,15.765,14.73,16.8,85.45,1010.3,2,9.666666667,2,215,1,17.90266667
17/07/2025 20:00,0,0.305,0,16.71,0,15.5,14.595,16.675,87.3,1010.29,2,9.111111111,2,210.5555556,1,16.87377778
17/07/2025 21:00,0,0.04,0,16.23,0,15.225,14.44,16.505,89.05,1010.43,2,8,2,205,1,14.816
17/07/2025 22:00,0,0.075,0,15.66,0,14.865,14.26,16.28,91.15,1010.565,2,7.277777778,2,195,1,13.47844444
17/07/2025 23:00,0,0.09,0,15.395,0,14.68,14.135,16.15,91.75,1010.505,2,7.222222222,2,199.4444444,1,13.37555556
18/07/2025 00:00,0,0.01,0,15.255,0,14.61,14.11,16.135,92.45,1010.415,2,6.833333333,2,195,0,12.65533333
18/07/2025 01:00,0,0.025,0,15.105,0,14.51,14.035,16.025,93,1010.28,2,7.166666667,2,197.2222222,0,13.27266667
18/07/2025 02:00,0,0.065,0,15.035,0,14.46,14.01,16.02,93.3,1010.21,2,7.555555556,2,202.7777778,0,13.99288889
18/07/2025 03:00,0,0.075,0,15.02,0,14.49,14.065,16.075,93.6,1010.05,2,7.111111111,2,200.5555556,0,13.16977778
18/07/2025 04:00,0,0.08,0,15.015,0,14.525,14.14,16.14,94.15,1009.95,2,7.166666667,2,201.1111111,0,13.27266667
18/07/2025 05:00,0,0.04,0,15.11,0,14.595,14.205,16.21,93.85,1009.985,2,6.888888889,2,203.3333333,0,12.75822222
18/07/2025 06:00,0,0.015,0,15.35,0,14.77,14.335,16.345,93.3,1010.145,2,6.555555556,2,205,0,12.14088889
18/07/2025 07:00,0,0.055,0,15.69,0,15.055,14.595,16.61,92.8,1010.52,2,7.333333333,2,212.2222222,0,13.58133333
18/07/2025 08:00,0,0.03,0,16.14,0,15.335,14.735,16.78,91.1,1010.71,2,7.333333333,2,214.4444444,0,13.58133333
18/07/2025 09:00,0,0.02,0,16.65,0,15.535,14.7,16.755,87.9,1010.8,2,8.111111111,2,224.4444444,0,15.02177778
18/07/2025 10:00,0,0.03,0,17.3,0,15.805,14.735,16.785,84.65,1010.805,2,8.277777778,2,231.1111111,0,15.33044444
18/07/2025 11:00,0,0.105,0,17.76,0,15.975,14.715,16.75,82.15,1010.79,2,8.111111111,2,233.8888889,0,15.02177778
18/07/2025 12:00,0,0.335,0,17.99,0,16.095,14.745,16.79,81.25,1010.715,2,7.833333333,2,237.7777778,0,14.50733333
18/07/2025 13:00,0,0.35,0,18.055,0,16.095,14.69,16.735,80.7,1010.73,2,7.833333333,2,236.1111111,0,14.50733333
18/07/2025 14:00,0,0.16,0,17.9,0,15.975,14.58,16.625,81.15,1010.535,2,7.888888889,2,235,0,14.61022222
18/07/2025 15:00,0,0.145,0,17.995,0,15.91,14.38,16.425,79.6,1010.435,2,7.666666667,2,223.8888889,0,14.19866667
18/07/2025 16:00,0,0.24,0,17.835,0,15.865,14.44,16.47,80.4,1010.17,2,7.277777778,2,229.4444444,0,13.47844444
18/07/2025 17:00,0,0.115,0,17.74,0,15.7,14.2,16.215,79.55,1009.81,2,6.888888889,2,233.3333333,0,12.75822222
18/07/2025 18:00,0,0.065,0,17.245,0,15.325,13.9,15.91,80.5,1009.585,2,6.611111111,2,230.5555556,0,12.24377778
18/07/2025 19:00,0,0.035,0,16.8,0,15.12,13.825,15.835,82.4,1009.455,2,6.333333333,2,228.3333333,0,11.72933333
18/07/2025 20:00,0,0.055,0,15.935,0,14.57,13.505,15.5,85.15,1009.405,2,5.722222222,2,232.7777778,0,10.59755556
18/07/2025 21:00,0,0.175,0,15.165,0,14.19,13.435,15.43,89.05,1009.415,2,4.444444444,2,240.5555556,0,8.231111111
18/07/2025 22:00,0,0.205,0,14.65,0,13.915,13.335,15.36,91.5,1009.245,2,3.333333333,2,204.4444444,0,6.173333333
18/07/2025 23:00,0,0.2,0,14.32,0,13.72,13.21,15.21,92.7,1008.895,2,2.833333333,2,210.5555556,0,5.247333333
19/07/2025 00:00,0,0.07,0,13.965,0,13.455,13.015,15.015,93.5,1008.36,2,2.833333333,2,211.6666667,0,5.247333333
19/07/2025 01:00,0,0.02,0,13.77,0,13.26,12.84,14.83,93.75,1007.68,2,2.555555556,2,154.4444444,0,4.732888889
19/07/2025 02:00,0,0.005,0,13.75,0,13.205,12.75,14.755,93.45,1007.035,2,2.722222222,2,191.6666667,0,5.041555556
19/07/2025 03:00,0,0.015,0,13.645,0,13.15,12.745,14.73,93.95,1006.495,2,2.944444444,2,150,0,5.453111111
19/07/2025 04:00,0,0.02,0,13.745,0,13.22,12.815,14.8,93.9,1006.055,2,3.333333333,2,137.2222222,0,6.173333333
19/07/2025 05:00,0,0.08,0,13.73,0,13.3,12.94,14.925,94.6,1005.515,2,3.555555556,2,126.1111111,0,6.584888889
19/07/2025 06:00,0,0.125,0,14.06,0,13.56,13.165,15.155,93.95,1005.065,2,4.111111111,2,116.6666667,0,7.613777778
19/07/2025 07:00,0,0.09,0,14.62,0,14,13.5,15.5,92.65,1004.67,2,4.888888889,2,98.88888889,0,9.054222222
19/07/2025 08:00,0,0.01,0,15.25,0,14.365,13.665,15.655,89.95,1004.215,2,5.888888889,2,109.4444444,0,10.90622222
19/07/2025 09:00,0,0,0,15.98,0,14.68,13.66,15.655,85.8,1003.72,2,6.444444444,2,119.4444444,0,11.93511111
19/07/2025 10:00,0,0.175,0,16.79,0,15.02,13.64,15.64,81.45,1003.215,2,6.888888889,2,117.7777778,0,12.75822222
19/07/2025 11:00,0,0.115,0,17.29,0,15.165,13.555,15.54,78.55,1002.705,2,7.777777778,2,126.6666667,0,14.40444444
19/07/2025 12:00,0,0.035,0,17.565,0,15.305,13.605,15.6,77.45,1002.165,2,8.222222222,2,126.6666667,0,15.22755556
19/07/2025 13:00,0,0.34,0,17.92,0,15.495,13.65,15.65,76.15,1001.615,2,8.388888889,2,115,0,15.53622222
19/07/2025 14:00,0,0.365,0,17.87,0,15.38,13.515,15.505,75.85,1001.29,2,8.611111111,2,120.5555556,0,15.94777778
19/07/2025 15:00,0,0.34,0,17.965,0,15.67,13.96,15.95,77.45,1000.865,2,8.111111111,2,115,0,15.02177778
19/07/2025 16:00,0,0.39,0,17.74,0,15.515,13.88,15.89,78.4,1000.38,2,8.277777778,2,118.8888889,0,15.33044444
19/07/2025 17:00,0,0.175,0,17.59,0,15.49,13.93,15.925,79.2,999.795,2,8.166666667,2,118.8888889,0,15.12466667
19/07/2025 18:00,0,0.23,0,17.505,0,15.495,13.995,15.98,79.9,999.325,2,7.833333333,2,120,0,14.50733333
19/07/2025 19:00,0,0.145,0,17.045,0,15.305,14.015,16,82.15,999.165,2,8.055555556,2,115.5555556,0,14.91888889
19/07/2025 20:00,0,0.255,0,16.36,0,14.9,13.75,15.755,84.3,998.985,2,8.166666667,2,108.8888889,0,15.12466667
19/07/2025 21:00,0,0.57,0,15.75,0,14.56,13.65,15.65,86.9,998.86,2,7.277777778,2,104.4444444,0,13.47844444
19/07/2025 22:00,0,0.32,0,15.335,0,14.4,13.675,15.655,89.6,998.715,2,6.944444444,2,100.5555556,0,12.86111111
19/07/2025 23:00,0,0.3,0,14.95,0,14.155,13.525,15.52,90.75,998.475,2,6.555555556,2,102.7777778,0,12.14088889
20/07/2025 00:00,0,0.31,0,14.855,0,14.175,13.635,15.635,92.1,998.1,2,6.333333333,2,88.33333333,1,11.72933333
20/07/2025 01:00,0,0.35,0,14.73,0,14.1,13.63,15.62,92.95,997.81,2,5.944444444,2,86.11111111,1,11.00911111
20/07/2025 02:00,0,0.41,0,14.615,0,14.04,13.58,15.575,93.35,997.53,2,5.888888889,2,81.66666667,1,10.90622222
20/07/2025 03:00,0,0.59,0,14.59,0,14.105,13.735,15.735,94.3,997.245,2,6,2,108.3333333,1,11.112
20/07/2025 04:00,0,0.47,0,14.575,0,14.115,13.745,15.74,94.25,996.975,2,5.722222222,2,79.44444444,1,10.59755556
20/07/2025 05:00,0,0.395,0,14.75,0,14.23,13.805,15.8,93.65,996.77,2,6,2,73.33333333,1,11.112
20/07/2025 06:00,0,0.39,0,15.1,0,14.53,14.08,16.1,93.3,996.655,2,6.666666667,2,66.11111111,1,12.34666667
20/07/2025 07:00,0,0.25,0,15.515,0,14.885,14.39,16.415,92.75,996.785,2,6.888888889,2,71.11111111,1,12.75822222
20/07/2025 08:00,0,0.18,0,16.255,0,15.36,14.7,16.715,90.25,996.8,2,7.222222222,2,123.3333333,1,13.37555556
20/07/2025 09:00,0,0.11,0,17.005,0,15.82,14.96,17.02,87.7,996.75,2,8.222222222,2,103.3333333,1,15.22755556
20/07/2025 10:00,0,0.065,0,17.855,0,16.26,15.15,17.22,84.05,996.715,2,9.333333333,2,104.4444444,1,17.28533333
20/07/2025 11:00,0,0.055,0,18.495,0,16.595,15.28,17.365,81.4,996.82,2,9.611111111,2,103.8888889,1,17.79977778
20/07/2025 12:00,0,0.01,0,18.78,0,16.715,15.305,17.385,80.1,996.865,2,10,2,105.5555556,1,18.52
20/07/2025 13:00,0,0.095,0,18.855,0,16.845,15.475,17.58,80.55,997.075,2,9.777777778,2,106.1111111,1,18.10844444
20/07/2025 14:00,0,0.095,0,19.235,0,17,15.49,17.63,78.75,997.19,2,9.555555556,2,149.4444444,1,17.69688889
20/07/2025 15:00,0,0.07,0,19.145,0,16.905,15.355,17.465,78.55,997.35,2,9.444444444,2,170.5555556,1,17.49111111
20/07/2025 16:00,0,0.065,0,19.07,0,16.815,15.24,17.335,78.3,997.59,2,9.333333333,2,153.8888889,1,17.28533333
20/07/2025 17:00,0,0.195,0,18.66,0,16.605,15.17,17.26,80.05,997.92,2,9.277777778,2,188.8888889,1,17.18244444
20/07/2025 18:00,0,0.15,0,17.965,0,16.245,15.015,17.1,82.75,998.38,2,8.5,2,203.8888889,1,15.742
20/07/2025 19:00,0,0.48,0,17.47,0,16.06,15.045,17.12,85.35,998.805,2,7.5,2,226.6666667,1,13.89
20/07/2025 20:00,0,0.14,0,16.945,0,15.79,14.965,17.045,87.9,999.28,2,7,2,253.3333333,1,12.964
20/07/2025 21:00,0,0.165,0,16.245,0,15.43,14.83,16.91,91.15,999.72,2,6.444444444,2,243.8888889,1,11.93511111
20/07/2025 22:00,0,0.345,0,15.905,0,15.25,14.74,16.8,92.65,999.945,2,6.277777778,2,265.5555556,1,11.62644444
20/07/2025 23:00,0,0.34,0,15.755,0,15.205,14.79,16.845,93.7,1000.035,2,6.888888889,2,281.6666667,1,12.75822222
21/07/2025 00:00,0,0.41,0,15.565,0,15.005,14.585,16.63,93.65,1000.1,2,7.666666667,2,312.7777778,1,14.19866667
21/07/2025 01:00,0,0.66,0,15.34,0,14.835,14.445,16.46,94.05,1000.19,2,8,2,290.5555556,1,14.816
21/07/2025 02:00,0,0.77,0,15.18,0,14.705,14.315,16.32,94.15,1000.155,2,8.555555556,2,301.1111111,1,15.84488889
21/07/2025 03:00,0,0.595,0,14.995,0,14.55,14.205,16.205,94.55,1000.255,2,9.277777778,2,303.3333333,1,17.18244444
21/07/2025 04:00,0,0.92,0,14.88,0,14.39,14,15.995,94.1,1000.23,2,9.833333333,2,301.6666667,1,18.21133333
21/07/2025 05:00,0,1.23,0,14.86,0,14.35,13.97,15.965,94.05,1000.32,2,10.27777778,2,302.2222222,1,19.03444444
21/07/2025 06:00,0,0.905,0,15.025,0,14.43,14,15.99,93.3,1000.625,2,10.44444444,2,306.6666667,1,19.34311111
21/07/2025 07:00,0,0.84,0,15.21,0,14.545,14.04,16.03,92.4,1001.11,2,10.66666667,2,307.2222222,1,19.75466667
21/07/2025 08:00,0,0.605,0,15.46,0,14.705,14.12,16.115,91.5,1001.64,2,10.38888889,2,308.3333333,1,19.24022222
21/07/2025 09:00,0,0.36,0,15.72,0,14.88,14.23,16.245,90.6,1002.08,2,10.61111111,2,305.5555556,1,19.65177778
21/07/2025 10:00,0,0.27,0,16.05,0,15.055,14.29,16.3,89.2,1002.4,2,11.44444444,2,307.7777778,1,21.19511111
21/07/2025 11:00,0,0.17,0,16.37,0,15.265,14.43,16.455,88.1,1002.895,2,11.72222222,2,304.4444444,1,21.70955556
21/07/2025 12:00,0,0.155,0,16.685,0,15.38,14.405,16.43,86.3,1003.39,2,11.33333333,2,306.6666667,1,20.98933333
21/07/2025 13:00,0,0.08,0,16.865,0,15.48,14.46,16.485,85.65,1003.865,2,11.72222222,2,303.8888889,1,21.70955556
21/07/2025 14:00,0,0.07,0,17.01,0,15.58,14.515,16.53,85.05,1004.28,2,11.72222222,2,302.2222222,1,21.70955556
21/07/2025 15:00,0,0.015,0,17.135,0,15.58,14.42,16.445,84.05,1004.655,2,11.77777778,2,300,1,21.81244444
21/07/2025 16:00,0,0.035,0,17.135,0,15.52,14.345,16.36,83.55,1005.055,2,11.77777778,2,302.2222222,1,21.81244444
21/07/2025 17:00,0,0.045,0,16.875,0,15.305,14.15,16.155,83.75,1005.565,2,11.61111111,2,296.6666667,1,21.50377778
21/07/2025 18:00,0,0.03,0,16.455,0,15.005,13.9,15.915,84.65,1006.035,2,11.38888889,2,298.3333333,1,21.09222222
21/07/2025 19:00,0,0.055,0,15.935,0,14.635,13.625,15.625,86.05,1006.57,2,10.94444444,2,297.7777778,1,20.26911111
21/07/2025 20:00,0,0.025,0,15.575,0,14.34,13.37,15.355,86.35,1007.28,2,10.05555556,2,295.5555556,1,18.62288889
21/07/2025 21:00,0,0.025,0,15.185,0,14.095,13.245,15.225,87.85,1008.06,2,8.888888889,2,296.6666667,1,16.46222222
21/07/2025 22:00,0,0.015,0,14.805,0,13.82,13.035,15.025,88.9,1008.52,2,7.777777778,2,276.1111111,1,14.40444444
21/07/2025 23:00,0,0.035,0,14.545,0,13.67,12.95,14.94,89.8,1008.88,2,7.777777778,2,282.7777778,1,14.40444444
22/07/2025 00:00,0,0.005,0,14.3,0,13.42,12.68,14.68,89.7,1009.08,2,7.833333333,2,281.1111111,1,14.50733333
22/07/2025 01:00,0,0.015,0,14.075,0,13.23,12.5,14.495,89.95,1009.2,2,7.888888889,2,280,1,14.61022222
22/07/2025 02:00,0,0.03,0,13.84,0,13.01,12.305,14.31,90.2,1009.405,2,7.777777778,2,277.2222222,1,14.40444444
22/07/2025 03:00,0,0.02,0,13.73,0,12.9,12.205,14.23,90.25,1009.51,2,6.611111111,2,267.7777778,1,12.24377778
22/07/2025 04:00,0,0.035,0,13.625,0,12.885,12.27,14.29,91.25,1009.675,2,6.055555556,2,265.5555556,1,11.21488889
22/07/2025 05:00,0,0.01,0,13.685,0,12.86,12.17,14.18,90.2,1010.01,2,6.222222222,2,270,1,11.52355556
22/07/2025 06:00,0,0.11,0,13.91,0,13.125,12.44,14.44,90.55,1010.445,2,6.055555556,2,265,1,11.21488889
22/07/2025 07:00,0,0,0,14.425,0,13.505,12.745,14.735,89.35,1010.915,2,5.944444444,2,266.1111111,1,11.00911111
22/07/2025 08:00,0,0.03,0,15.08,0,13.905,12.96,14.945,86.75,1011.305,2,6.166666667,2,273.8888889,1,11.42066667
22/07/2025 09:00,0,0.015,0,15.64,0,14.07,12.8,14.795,82.7,1011.59,2,6.166666667,2,265.5555556,1,11.42066667
22/07/2025 10:00,0,0.01,0,16.21,0,14.37,12.935,14.905,80.65,1011.735,2,6,2,263.3333333,1,11.112
22/07/2025 11:00,0,0.02,0,16.735,0,14.59,12.905,14.895,77.9,1012.025,2,6.222222222,2,272.7777778,1,11.52355556
22/07/2025 12:00,0,0,0,16.855,0,14.84,13.25,15.23,78.95,1012.285,2,6.611111111,2,263.8888889,1,12.24377778
22/07/2025 13:00,0,0.01,0,17.29,0,15.055,13.355,15.325,77.35,1012.445,2,6.5,2,272.2222222,1,12.038
22/07/2025 14:00,0,0.06,0,17.36,0,15.05,13.275,15.27,76.7,1012.69,2,6.888888889,2,265.5555556,1,12.75822222
22/07/2025 15:00,0,0.55,0,17.285,0,15.105,13.44,15.435,77.95,1012.945,2,7.333333333,2,268.8888889,1,13.58133333
22/07/2025 16:00,0,0.35,0,17.37,0,15.135,13.415,15.41,77.55,1013.185,2,7.166666667,2,280,1,13.27266667
22/07/2025 17:00,0,0.12,0,17.03,0,15.13,13.68,15.69,80.45,1013.405,2,7.388888889,2,285.5555556,1,13.68422222
22/07/2025 18:00,0,0.155,0,16.645,0,14.825,13.425,15.42,81.1,1013.605,2,7,2,291.1111111,1,12.964
22/07/2025 19:00,0,0.105,0,16.31,0,14.645,13.31,15.315,82.4,1013.95,2,6.333333333,2,278.8888889,1,11.72933333
22/07/2025 20:00,0,0.155,0,15.73,0,14.275,13.105,15.095,84.1,1014.445,2,5.5,2,296.6666667,1,10.186
22/07/2025 21:00,0,0.2,0,15.105,0,13.96,13.03,15.025,87.05,1014.99,2,5.277777778,2,321.6666667,1,9.774444444
22/07/2025 22:00,0,0.09,0,14.645,0,13.67,12.86,14.855,88.9,1015.465,2,4.888888889,2,312.7777778,1,9.054222222
22/07/2025 23:00,0,0.015,0,14.49,0,13.565,12.815,14.8,89.25,1015.795,2,4.944444444,2,291.6666667,1,9.157111111
23/07/2025 00:00,0,0.015,0,14.245,0,13.46,12.8,14.8,90.6,1016.105,2,4.944444444,2,304.4444444,1,9.157111111
23/07/2025 01:00,0,0.005,0,14.025,0,13.275,12.64,14.64,91,1016.26,2,5,2,297.7777778,1,9.26
23/07/2025 02:00,0,0.025,0,13.795,0,13.13,12.565,14.575,92,1016.29,2,5.055555556,2,315,1,9.362888889
23/07/2025 03:00,0,0.005,0,13.775,0,13.12,12.575,14.58,92.15,1016.465,2,5.611111111,2,310,1,10.39177778
23/07/2025 04:00,0,0.11,0,13.885,0,13.185,12.61,14.6,91.55,1016.745,2,5.888888889,2,307.2222222,1,10.90622222
23/07/2025 05:00,0,0.005,0,13.96,0,13.215,12.6,14.59,91.2,1017.095,2,5.5,2,287.2222222,1,10.186
23/07/2025 06:00,0,0,0,14.305,0,13.5,12.83,14.82,90.6,1017.485,2,5.944444444,2,308.8888889,1,11.00911111
23/07/2025 07:00,0,0.015,0,14.755,0,13.775,12.97,14.955,88.7,1017.855,2,6.277777778,2,294.4444444,1,11.62644444
23/07/2025 08:00,0,0.005,0,15.325,0,14.025,12.99,14.97,85.6,1018.295,2,6.833333333,2,316.6666667,1,12.65533333
23/07/2025 09:00,0,0.015,0,15.935,0,14.325,13.045,15.035,82.75,1018.67,2,7.555555556,2,316.1111111,1,13.99288889
23/07/2025 10:00,0,0,0,16.64,0,14.55,12.885,14.85,78.2,1018.93,2,7.777777778,2,315.5555556,1,14.40444444
23/07/2025 11:00,0,0.015,0,17.02,0,14.745,12.945,14.955,76.75,1019.07,2,7.833333333,2,318.3333333,1,14.50733333
23/07/2025 12:00,0,0.04,0,17.235,0,14.745,12.795,14.79,74.9,1019.185,2,7.833333333,2,318.8888889,1,14.50733333
23/07/2025 13:00,0,0,0,17.54,0,14.83,12.73,14.72,73.2,1019.31,2,8.222222222,2,322.2222222,1,15.22755556
23/07/2025 14:00,0,0.045,0,17.36,0,14.84,12.9,14.87,74.75,1019.53,2,8.555555556,2,302.2222222,1,15.84488889
23/07/2025 15:00,0,0.02,0,17.49,0,15.03,13.13,15.115,75.45,1019.63,2,8.555555556,2,312.7777778,1,15.84488889
23/07/2025 16:00,0,0.01,0,17.645,0,15.03,12.99,14.98,74,1019.745,2,8.388888889,2,328.3333333,1,15.53622222
23/07/2025 17:00,0,0.005,0,17.495,0,14.86,12.81,14.815,73.7,1019.805,2,8.388888889,2,325.5555556,1,15.53622222
23/07/2025 18:00,0,0.005,0,17.01,0,14.625,12.725,14.725,75.6,1019.97,2,8.777777778,2,324.4444444,1,16.25644444
23/07/2025 19:00,0,0.01,0,16.475,0,14.375,12.715,14.705,78.15,1020.28,2,8.222222222,2,325,1,15.22755556
23/07/2025 20:00,0,0,0,15.95,0,13.99,12.41,14.43,79.2,1020.515,2,6.944444444,2,292.7777778,1,12.86111111
23/07/2025 21:00,0,0.055,0,15.12,0,13.635,12.4,14.415,83.3,1021.015,2,6.055555556,2,315.5555556,1,11.21488889
23/07/2025 22:00,0,0,0,14.455,0,13.145,12.04,14.095,85.2,1021.425,2,5.666666667,2,291.6666667,1,10.49466667
23/07/2025 23:00,0,0,0,13.8,0,12.69,11.735,13.8,86.95,1021.675,2,5.5,2,310.5555556,1,10.186
24/07/2025 00:00,0,0,0,13.11,0,12.105,11.225,13.345,88.05,1021.72,2,5.055555556,2,307.7777778,1,9.362888889
24/07/2025 01:00,0,0,0,12.57,0,11.74,10.98,13.165,89.9,1021.865,2,4.388888889,2,305.5555556,1,8.128222222
24/07/2025 02:00,0,0,0,12.27,0,11.495,10.85,13.045,90.9,1021.945,2,4.222222222,2,274.4444444,1,7.819555556
24/07/2025 03:00,0,0,0,11.875,0,11.19,10.58,12.815,91.65,1021.965,2,4,2,262.2222222,1,7.408
24/07/2025 04:00,0,0,0,11.595,0,10.965,10.395,12.675,92.25,1021.975,2,3.888888889,2,234.4444444,1,7.202222222
24/07/2025 05:00,0,0,0,11.54,0,10.945,10.395,12.67,92.65,1021.96,2,3.833333333,2,238.3333333,1,7.099333333
24/07/2025 06:00,0,0,0,12.165,0,11.585,11.05,13.205,92.65,1021.93,2,3.166666667,2,233.3333333,1,5.864666667
24/07/2025 07:00,0,0.005,0,13.36,0,12.505,11.75,13.805,89.85,1022.015,2,2.722222222,2,172.7777778,1,5.041555556
24/07/2025 08:00,0,0,0,14.58,0,13.285,12.19,14.225,85.55,1022.09,2,3.111111111,2,200.5555556,1,5.761777778
24/07/2025 09:00,0,0,0,15.995,0,13.735,11.85,13.93,76.25,1022.165,2,3.611111111,2,243.3333333,1,6.687777778
24/07/2025 10:00,0,0,0,16.785,0,13.945,11.585,13.665,71,1022.065,2,4.555555556,2,257.7777778,1,8.436888889
24/07/2025 11:00,0,0,0,17.3,0,14.22,11.68,13.765,69.3,1022.01,2,5.388888889,2,258.3333333,1,9.980222222
24/07/2025 12:00,0,0,0,18.065,0,14.655,11.935,13.98,67.1,1021.965,2,6,2,251.6666667,1,11.112
24/07/2025 13:00,0,0,0,18.63,0,15.025,12.16,14.195,65.8,1021.76,2,6.222222222,2,251.1111111,1,11.52355556
24/07/2025 14:00,0,0,0,18.915,0,15.24,12.345,14.375,65.55,1021.525,2,6.5,2,242.7777778,1,12.038
24/07/2025 15:00,0,0,0,19.125,0,15.42,12.53,14.54,65.75,1021.365,2,6.666666667,2,241.6666667,1,12.34666667
24/07/2025 16:00,0,0,0,19.075,0,15.44,12.64,14.635,66.15,1021.02,2,7,2,228.3333333,1,12.964
24/07/2025 17:00,0,0,0,18.845,0,15.385,12.715,14.725,67.5,1020.685,2,7.444444444,2,225.5555556,1,13.78711111
24/07/2025 18:00,0,0,0,18.425,0,15.26,12.84,14.835,70,1020.375,2,6.888888889,2,225,1,12.75822222
24/07/2025 19:00,0,0.01,0,17.875,0,15.21,13.165,15.16,74,1020.32,2,6.277777778,2,212.2222222,1,11.62644444
24/07/2025 20:00,0,0.005,0,16.95,0,14.985,13.445,15.47,79.8,1020.11,2,6,2,214.4444444,1,11.112
24/07/2025 21:00,0,0.005,0,16.3,0,14.725,13.5,15.52,83.45,1020.16,2,5.555555556,2,200.5555556,1,10.28888889
24/07/2025 22:00,0,0.02,0,15.995,0,14.635,13.565,15.58,85.45,1020.1,2,5.388888889,2,209.4444444,1,9.980222222
24/07/2025 23:00,0,0.03,0,15.705,0,14.555,13.63,15.645,87.25,1019.905,2,5.444444444,2,203.3333333,1,10.08311111
25/07/2025 00:00,0,0.01,0,15.55,0,14.605,13.85,15.875,89.45,1019.67,2,4.944444444,2,203.8888889,0,9.157111111
25/07/2025 01:00,0,0.025,0,15.525,0,14.675,14,16.03,90.6,1019.42,2,4.611111111,2,217.2222222,0,8.539777778
25/07/2025 02:00,0,0.015,0,15.555,0,14.745,14.12,16.145,90.85,1019.06,2,5.055555556,2,207.2222222,0,9.362888889
25/07/2025 03:00,0,0.03,0,15.435,0,14.735,14.185,16.21,91.9,1018.73,2,5.277777778,2,221.1111111,0,9.774444444
25/07/2025 04:00,0,0.055,0,15.24,0,14.63,14.185,16.185,92.95,1018.495,2,5.666666667,2,231.6666667,0,10.49466667
25/07/2025 05:00,0,0.03,0,15.2,0,14.59,14.115,16.145,93,1018.375,2,5.611111111,2,232.2222222,0,10.39177778
25/07/2025 06:00,0,0.07,0,15.205,0,14.535,14.015,16.03,92.45,1018.395,2,6.5,2,239.4444444,0,12.038
25/07/2025 07:00,0,0.09,0,15.545,0,14.72,14.08,16.11,90.9,1018.6,2,6.111111111,2,245,0,11.31777778
25/07/2025 08:00,0,0.025,0,15.87,0,14.835,14.04,16.09,88.55,1018.755,2,6.833333333,2,257.2222222,0,12.65533333
25/07/2025 09:00,0,0.02,0,16.27,0,14.935,13.91,15.95,85.7,1018.675,2,7.111111111,2,265.5555556,0,13.16977778
25/07/2025 10:00,0,0.005,0,16.895,0,15.15,13.825,15.86,81.7,1018.54,2,7.277777778,2,260.5555556,0,13.47844444
25/07/2025 11:00,0,0.02,0,17.35,0,15.38,13.9,15.935,79.9,1018.595,2,7.777777778,2,259.4444444,0,14.40444444
25/07/2025 12:00,0,0.015,0,17.605,0,15.47,13.895,15.925,78.7,1018.575,2,8.722222222,2,253.8888889,0,16.15355556
25/07/2025 13:00,0,0,0,18.285,0,15.725,13.82,15.835,74.75,1018.555,2,8.833333333,2,251.1111111,0,16.35933333
25/07/2025 14:00,0,0,0,18.645,0,15.79,13.66,15.675,72.4,1018.535,2,9.333333333,2,252.7777778,0,17.28533333
25/07/2025 15:00,0,0,0,18.405,0,15.77,13.8,15.805,74.3,1018.595,2,9.444444444,2,256.6666667,0,17.49111111
25/07/2025 16:00,0,0,0,18.295,0,15.77,13.855,15.88,75.25,1018.31,2,8.833333333,2,255,0,16.35933333
25/07/2025 17:00,0,0,0,18.385,0,15.715,13.715,15.72,74,1018.135,2,8.944444444,2,266.1111111,0,16.56511111
25/07/2025 18:00,0,0,0,17.99,0,15.325,13.28,15.295,73.85,1018.145,2,8.944444444,2,265,0,16.56511111
25/07/2025 19:00,0,0,0,17.345,0,14.955,13.09,15.09,76,1018.36,2,7.944444444,2,267.7777778,0,14.71311111
25/07/2025 20:00,0,0.015,0,16.5,0,14.515,12.91,14.91,79.2,1018.405,2,7,2,270,0,12.964
25/07/2025 21:00,0,0.005,0,15.75,0,14.175,12.93,14.925,83.15,1018.705,2,6.666666667,2,268.8888889,0,12.34666667
25/07/2025 22:00,0,0.02,0,15.17,0,13.8,12.69,14.675,84.85,1018.735,2,6.111111111,2,266.1111111,0,11.31777778
25/07/2025 23:00,0,0,0,15.03,0,13.695,12.615,14.615,85.15,1018.695,2,5.333333333,2,263.8888889,0,9.877333333
26/07/2025 00:00,0,0.01,0,14.645,0,13.44,12.445,14.47,86.55,1018.64,2,5.888888889,2,260,0,10.90622222
26/07/2025 01:00,0,0.025,0,14.325,0,13.26,12.38,14.385,87.95,1018.46,2,6.111111111,2,257.7777778,0,11.31777778
26/07/2025 02:00,0,0.045,0,14.055,0,13.055,12.21,14.24,88.25,1018.295,2,6.222222222,2,265.5555556,0,11.52355556
26/07/2025 03:00,0,0.03,0,13.925,0,12.915,12.065,14.1,88.3,1018.215,2,6.111111111,2,264.4444444,0,11.31777778
26/07/2025 04:00,0,0.02,0,13.805,0,12.75,11.85,13.91,87.7,1018.1,2,6.611111111,2,265,0,12.24377778
26/07/2025 05:00,0,0.015,0,13.76,0,12.75,11.88,13.93,88.15,1018.265,2,7.055555556,2,272.2222222,0,13.06688889
26/07/2025 06:00,0,0.045,0,13.92,0,12.87,11.95,13.995,87.55,1018.555,2,7.055555556,2,268.3333333,0,13.06688889
26/07/2025 07:00,0,0.01,0,14.49,0,13.18,12.09,14.1,85.3,1018.715,2,7.388888889,2,270,0,13.68422222
26/07/2025 08:00,0,0,0,15.35,0,13.555,12.045,14.07,80.3,1019.015,2,8.5,2,272.7777778,0,15.742
26/07/2025 09:00,0,0.005,0,16.125,0,13.965,12.23,14.23,77.3,1019.255,2,9.444444444,2,276.6666667,0,17.49111111
26/07/2025 10:00,0,0.005,0,16.88,0,14.25,12.125,14.17,73.3,1019.35,2,9.833333333,2,277.7777778,0,18.21133333
26/07/2025 11:00,0,0,0,17.515,0,14.59,12.235,14.27,70.9,1019.405,2,10.33333333,2,277.2222222,0,19.13733333
26/07/2025 12:00,0,0,0,18.23,0,14.955,12.385,14.395,68.45,1019.485,2,10.27777778,2,273.8888889,0,19.03444444
26/07/2025 13:00,0,0,0,18.8,0,15.16,12.3,14.335,65.9,1019.35,2,10.77777778,2,271.1111111,0,19.96044444
26/07/2025 14:00,0,0,0,19.08,0,15.21,12.15,14.185,64.2,1019.32,2,11.33333333,2,273.8888889,0,20.98933333
26/07/2025 15:00,0,0,0,18.92,0,15.085,12.03,14.08,64.4,1019.325,2,11.16666667,2,274.4444444,0,20.68066667
26/07/2025 16:00,0,0,0,18.605,0,14.905,11.935,13.995,65.45,1019.285,2,10.94444444,2,275.5555556,0,20.26911111
26/07/2025 17:00,0,0,0,17.94,0,14.68,12.025,14.09,68.6,1019.3,2,10.61111111,2,272.2222222,0,19.65177778
26/07/2025 18:00,0,0,0,17.29,0,14.425,12.1,14.155,71.6,1019.49,2,10,2,270.5555556,0,18.52
26/07/2025 19:00,0,0,0,16.59,0,14.145,12.16,14.185,75.1,1019.745,2,9,2,269.4444444,0,16.668
26/07/2025 20:00,0,0,0,15.855,0,13.77,12.03,14.055,77.75,1019.845,2,8.166666667,2,267.2222222,0,15.12466667
26/07/2025 21:00,0,0.01,0,15.3,0,13.55,12.095,14.125,80.95,1020,2,7.222222222,2,265.5555556,0,13.37555556
26/07/2025 22:00,0,0.025,0,14.855,0,13.4,12.175,14.185,83.7,1019.91,2,6.388888889,2,260.5555556,0,11.83222222
26/07/2025 23:00,0,0.035,0,14.455,0,13.21,12.17,14.2,85.75,1019.67,2,5.833333333,2,261.6666667,0,10.80333333
27/07/2025 00:00,0,0.02,0,14.2,0,13.06,12.105,14.12,86.8,1019.605,2,4.777777778,2,248.8888889,1,8.848444444
27/07/2025 01:00,0,0.035,0,14.005,0,12.99,12.125,14.155,88.05,1019.315,2,4.777777778,2,243.8888889,1,8.848444444
27/07/2025 02:00,0,0.01,0,13.925,0,13,12.225,14.24,89.25,1018.965,2,4.555555556,2,236.1111111,1,8.436888889
27/07/2025 03:00,0,0.015,0,13.725,0,12.875,12.18,14.21,90.15,1018.665,2,4.166666667,2,228.3333333,1,7.716666667
27/07/2025 04:00,0,0.02,0,13.68,0,12.88,12.19,14.205,90.45,1018.48,2,4.555555556,2,237.2222222,1,8.436888889
27/07/2025 05:00,0,0.02,0,13.53,0,12.75,12.075,14.105,90.55,1018.51,2,4.611111111,2,218.3333333,1,8.539777778
27/07/2025 06:00,0,0.02,0,13.725,0,12.875,12.165,14.18,90.05,1018.645,2,4.777777778,2,228.8888889,1,8.848444444
27/07/2025 07:00,0,0.08,0,14.28,0,13.23,12.35,14.355,87.95,1018.85,2,4.944444444,2,230,1,9.157111111
27/07/2025 08:00,0,0.025,0,15.185,0,13.65,12.4,14.405,83.2,1019.005,2,5.833333333,2,253.8888889,1,10.80333333
27/07/2025 09:00,0,0.015,0,15.93,0,13.915,12.245,14.275,78.5,1019.015,2,6.722222222,2,268.3333333,1,12.44955556
27/07/2025 10:00,0,0.005,0,16.675,0,14.105,12.01,14.055,73.8,1019.01,2,7.611111111,2,270.5555556,1,14.09577778
27/07/2025 11:00,0,0,0,17.135,0,14.435,12.23,14.265,72.6,1019.115,2,7.777777778,2,264.4444444,1,14.40444444
27/07/2025 12:00,0,0.025,0,17.39,0,14.46,12.07,14.12,71.05,1019.22,2,8.111111111,2,256.6666667,1,15.02177778
27/07/2025 13:00,0,0.04,0,17.61,0,14.75,12.425,14.46,71.7,1019.225,2,8.555555556,2,260.5555556,1,15.84488889
27/07/2025 14:00,0,0.015,0,17.745,0,14.755,12.38,14.405,70.8,1019.285,2,9.388888889,2,267.2222222,1,17.38822222
27/07/2025 15:00,0,0,0,17.765,0,14.76,12.38,14.405,70.55,1019.365,2,9.5,2,272.7777778,1,17.594
27/07/2025 16:00,0,0,0,17.51,0,14.645,12.35,14.38,71.85,1019.5,2,9.277777778,2,266.1111111,1,17.18244444
27/07/2025 17:00,0,0.05,0,17.055,0,14.66,12.78,14.78,76,1019.605,2,9.166666667,2,267.2222222,1,16.97666667
27/07/2025 18:00,0,0.03,0,16.73,0,14.59,12.91,14.905,78.15,1019.675,2,8.833333333,2,266.6666667,1,16.35933333
27/07/2025 19:00,0,0.05,0,16.175,0,14.465,13.11,15.105,82,1019.93,2,8.166666667,2,264.4444444,1,15.12466667
27/07/2025 20:00,0,0.09,0,15.69,0,14.29,13.17,15.16,84.95,1020.24,2,7.055555556,2,268.8888889,1,13.06688889
27/07/2025 21:00,0,0.015,0,15.355,0,14.175,13.24,15.235,87.05,1020.58,2,5.722222222,2,263.3333333,1,10.59755556
27/07/2025 22:00,0,0.055,0,15.175,0,14.15,13.31,15.3,88.45,1020.98,2,5.333333333,2,243.3333333,1,9.877333333
27/07/2025 23:00,0,0.02,0,15.015,0,14.085,13.36,15.345,89.45,1021.04,2,5.555555556,2,247.2222222,1,10.28888889
28/07/2025 00:00,0,0.025,0,14.875,0,13.995,13.305,15.285,89.95,1021,2,5.388888889,2,262.2222222,1,9.980222222
28/07/2025 01:00,0,0.015,0,14.74,0,13.905,13.22,15.21,90.25,1020.99,2,5.666666667,2,271.1111111,1,10.49466667
28/07/2025 02:00,0,0.015,0,14.74,0,13.87,13.175,15.17,90.1,1021.05,2,5.555555556,2,267.2222222,1,10.28888889
28/07/2025 03:00,0,0.015,0,14.585,0,13.75,13.05,15.04,90.05,1021.055,2,6,2,268.8888889,1,11.112
28/07/2025 04:00,0,0.055,0,14.51,0,13.685,12.975,14.975,90.4,1021.065,2,5.888888889,2,285,1,10.90622222
28/07/2025 05:00,0,0.07,0,14.35,0,13.53,12.82,14.83,90.4,1021.315,2,5.555555556,2,283.3333333,1,10.28888889
28/07/2025 06:00,0,0.015,0,14.57,0,13.675,12.925,14.935,89.65,1021.615,2,5.388888889,2,269.4444444,1,9.980222222
28/07/2025 07:00,0,0.005,0,14.94,0,13.975,13.185,15.195,89.05,1021.97,2,5.611111111,2,283.3333333,1,10.39177778
28/07/2025 08:00,0,0.03,0,15.445,0,14.14,13.085,15.105,85.55,1022.23,2,5.888888889,2,283.8888889,1,10.90622222
28/07/2025 09:00,0,0.01,0,16.195,0,14.455,13.06,15.07,81.4,1022.455,2,6.333333333,2,286.6666667,1,11.72933333
28/07/2025 10:00,0,0.005,0,16.725,0,14.71,13.095,15.115,79,1022.555,2,6.5,2,281.1111111,1,12.038
28/07/2025 11:00,0,0.005,0,17.31,0,14.99,13.17,15.165,76.5,1022.63,2,6.611111111,2,272.7777778,1,12.24377778
28/07/2025 12:00,0,0.005,0,18.02,0,15.38,13.365,15.36,74.2,1022.58,2,6.944444444,2,270.5555556,1,12.86111111
28/07/2025 13:00,0,0,0,18.035,0,15.435,13.445,15.445,74.6,1022.385,2,7,2,266.6666667,1,12.964
28/07/2025 14:00,0,0.01,0,18.32,0,15.645,13.65,15.65,74.4,1022.17,2,7.111111111,2,257.7777778,1,13.16977778
28/07/2025 15:00,0,0.02,0,18.495,0,15.795,13.77,15.785,74.4,1021.915,2,7.388888889,2,262.7777778,1,13.68422222
28/07/2025 16:00,0,0.015,0,18.625,0,15.885,13.845,15.88,74.3,1021.69,2,7.555555556,2,257.2222222,1,13.99288889
28/07/2025 17:00,0,0.035,0,18.355,0,15.945,14.125,16.18,76.9,1021.495,2,7.5,2,255.5555556,1,13.89
28/07/2025 18:00,0,0.135,0,17.805,0,15.815,14.305,16.35,80.35,1021.335,2,7.444444444,2,248.3333333,1,13.78711111
28/07/2025 19:00,0,0.32,0,17.27,0,15.79,14.705,16.76,85.05,1021.175,2,7,2,247.7777778,1,12.964
28/07/2025 20:00,0,0.23,0,16.745,0,15.73,14.97,17.05,89.2,1021.095,2,6.555555556,2,244.4444444,1,12.14088889
28/07/2025 21:00,0,0.39,0,16.44,0,15.715,15.18,17.285,92.1,1021.065,2,6.222222222,2,237.2222222,1,11.52355556
28/07/2025 22:00,0,0.225,0,16.285,0,15.7,15.285,17.375,93.5,1020.92,2,6.166666667,2,232.7777778,1,11.42066667
28/07/2025 23:00,0,0.16,0,16.18,0,15.725,15.395,17.5,94.75,1020.75,2,7.111111111,2,237.2222222,1,13.16977778
29/07/2025 00:00,0,0.12,0,16.07,0,15.695,15.415,17.515,95.5,1020.585,2,7.833333333,2,243.8888889,1,14.50733333
29/07/2025 01:00,0,0.1,0,15.975,0,15.575,15.305,17.395,95.35,1020.4,2,8.222222222,2,254.4444444,1,15.22755556
29/07/2025 02:00,0,0.1,0,15.9,0,15.535,15.275,17.355,95.7,1020.135,2,8.611111111,2,258.8888889,1,15.94777778
29/07/2025 03:00,0,0.08,0,15.755,0,15.39,15.135,17.205,95.85,1019.91,2,8.833333333,2,272.2222222,1,16.35933333
29/07/2025 04:00,0,0.075,0,15.62,0,15.185,14.855,16.915,94.9,1020.035,2,8.277777778,2,279.4444444,1,15.33044444
29/07/2025 05:00,0,0.05,0,15.56,0,15.105,14.785,16.825,94.95,1020.25,2,8.055555556,2,274.4444444,1,14.91888889
29/07/2025 06:00,0,0.025,0,15.61,0,15.165,14.83,16.87,94.75,1020.565,2,8.222222222,2,281.1111111,1,15.22755556
29/07/2025 07:00,0,0.025,0,15.955,0,15.38,14.95,17,93.55,1020.76,2,8.166666667,2,281.1111111,1,15.12466667
29/07/2025 08:00,0,0.035,0,16.465,0,15.725,15.19,17.28,91.95,1021.005,2,8.5,2,287.7777778,1,15.742
29/07/2025 09:00,0,0.02,0,17.05,0,15.935,15.15,17.23,88.45,1021.18,2,8.666666667,2,297.2222222,1,16.05066667
29/07/2025 10:00,0,0,0,17.7,0,16.32,15.36,17.46,86.3,1021.21,2,8.333333333,2,294.4444444,1,15.43333333
29/07/2025 11:00,0,0,0,18.39,0,16.72,15.595,17.735,83.6,1021.29,2,9.166666667,2,294.4444444,1,16.97666667
29/07/2025 12:00,0,0,0,18.87,0,16.855,15.47,17.585,80.45,1021.36,2,9.555555556,2,288.8888889,1,17.69688889
29/07/2025 13:00,0,0,0,19.29,0,17.055,15.54,17.66,79,1021.415,2,9.555555556,2,290,1,17.69688889
29/07/2025 14:00,0,0,0,19.615,0,17.155,15.525,17.66,77.15,1021.485,2,9.777777778,2,295,1,18.10844444
29/07/2025 15:00,0,0,0,19.445,0,17.02,15.385,17.475,77.05,1021.525,2,9.611111111,2,295,1,17.79977778
29/07/2025 16:00,0,0,0,19.285,0,16.86,15.21,17.295,77.35,1021.505,2,9.222222222,2,295.5555556,1,17.07955556
29/07/2025 17:00,0,0.005,0,18.995,0,16.775,15.25,17.32,79,1021.35,2,8.555555556,2,297.7777778,1,15.84488889
29/07/2025 18:00,0,0.055,0,18.37,0,16.3,14.835,16.895,80.15,1021.505,2,8.333333333,2,298.8888889,1,15.43333333
29/07/2025 19:00,0,0.08,0,17.54,0,15.8,14.53,16.565,82.7,1021.72,2,8.166666667,2,290.5555556,1,15.12466667
29/07/2025 20:00,0,0.03,0,16.895,0,15.525,14.53,16.56,85.65,1022,2,7.388888889,2,288.3333333,1,13.68422222
29/07/2025 21:00,0,0.03,0,16.295,0,15.265,14.495,16.515,88.95,1022.22,2,6.777777778,2,283.8888889,1,12.55244444
29/07/2025 22:00,0,0.04,0,15.785,0,14.955,14.355,16.365,90.9,1022.22,2,6.833333333,2,283.3333333,1,12.65533333
29/07/2025 23:00,0,0.03,0,15.48,0,14.725,14.135,16.155,91.55,1022.055,2,6.555555556,2,286.1111111,1,12.14088889
30/07/2025 00:00,0,0.065,0,15.14,0,14.475,13.965,15.96,92.4,1021.89,2,6.722222222,2,285.5555556,1,12.44955556
30/07/2025 01:00,0,0.02,0,14.915,0,14.335,13.885,15.88,93.05,1021.65,2,5.777777778,2,275.5555556,1,10.70044444
30/07/2025 02:00,0,0.04,0,14.855,0,14.315,13.905,15.91,93.75,1021.5,2,5.166666667,2,266.6666667,1,9.568666667
30/07/2025 03:00,0,0.01,0,14.78,0,14.315,13.945,15.96,94.55,1021.2,2,5,2,265,1,9.26
30/07/2025 04:00,0,0.03,0,14.76,0,14.28,13.875,15.895,94,1020.985,2,5.111111111,2,255,1,9.465777778
30/07/2025 05:00,0,0.025,0,14.82,0,14.32,13.91,15.94,94,1020.97,2,5.444444444,2,250,1,10.08311111
30/07/2025 06:00,0,0.055,0,15.14,0,14.575,14.105,16.14,93.25,1021.035,2,5.888888889,2,252.7777778,1,10.90622222
30/07/2025 07:00,0,0.025,0,15.46,0,14.85,14.375,16.42,92.85,1021.15,2,6.222222222,2,247.7777778,1,11.52355556
30/07/2025 08:00,0,0.005,0,16.09,0,15.375,14.82,16.905,91.95,1021.13,2,6.055555556,2,249.4444444,1,11.21488889
30/07/2025 09:00,0,0.02,0,16.67,0,15.86,15.255,17.37,91.05,1021.015,2,6.388888889,2,247.7777778,1,11.83222222
30/07/2025 10:00,0,0.045,0,17.38,0,16.44,15.78,17.955,90.1,1020.86,2,6.777777778,2,245.5555556,1,12.55244444
30/07/2025 11:00,0,0.06,0,17.985,0,16.93,16.215,18.435,89.3,1020.655,2,7.5,2,246.1111111,1,13.89
30/07/2025 12:00,0,0.04,0,18.48,0,17.245,16.44,18.715,87.95,1020.44,2,7.833333333,2,240.5555556,1,14.50733333
30/07/2025 13:00,0,0.025,0,18.87,0,17.47,16.56,18.875,86.5,1020.285,2,8.388888889,2,238.8888889,1,15.53622222
30/07/2025 14:00,0,0.08,0,19.21,0,17.65,16.69,19.025,85.6,1020.25,2,8.722222222,2,243.3333333,1,16.15355556
30/07/2025 15:00,0,0.105,0,19.18,0,17.73,16.8,19.165,86.35,1019.985,2,9.055555556,2,254.4444444,1,16.77088889
30/07/2025 16:00,0,0.22,0,19.225,0,17.705,16.745,19.125,85.9,1019.755,2,8.666666667,2,256.1111111,1,16.05066667
30/07/2025 17:00,0,0.045,0,19.155,0,17.725,16.825,19.21,86.55,1019.62,2,8.777777778,2,256.1111111,1,16.25644444
30/07/2025 18:00,0,0.01,0,18.69,0,17.415,16.57,18.89,87.45,1019.585,2,8.555555556,2,261.6666667,1,15.84488889
30/07/2025 19:00,0,0.08,0,18.14,0,17.11,16.42,18.71,89.6,1019.685,2,7.277777778,2,265,1,13.47844444
30/07/2025 20:00,0,0.005,0,17.5,0,16.64,16.045,18.285,91.05,1019.695,2,6.833333333,2,260,1,12.65533333
30/07/2025 21:00,0,0.055,0,17.01,0,16.335,15.865,18.055,92.75,1019.72,2,6.333333333,2,263.8888889,1,11.72933333
30/07/2025 22:00,0,0.05,0,16.675,0,16.125,15.73,17.89,93.75,1019.56,2,5.833333333,2,263.3333333,1,10.80333333
30/07/2025 23:00,0,0.035,0,16.425,0,15.89,15.495,17.62,93.95,1019.465,2,5.555555556,2,276.6666667,1,10.28888889
31/07/2025 00:00,0,0.045,0,16.32,0,15.79,15.4,17.535,94.1,1019.175,2,5.166666667,2,253.3333333,1,9.568666667
31/07/2025 01:00,0,0.085,0,16.125,0,15.615,15.245,17.37,94.2,1018.9,2,4.888888889,2,257.2222222,1,9.054222222
31/07/2025 02:00,0,0.115,0,15.96,0,15.46,15.07,17.16,94.2,1018.67,2,4.777777778,2,271.6666667,1,8.848444444
31/07/2025 03:00,0,0.195,0,15.825,0,15.38,15.05,17.145,94.8,1018.5,2,4.333333333,2,260,1,8.025333333
31/07/2025 04:00,0,0.34,0,15.635,0,15.215,14.915,16.995,95.3,1018.475,2,3.888888889,2,264.4444444,1,7.202222222
31/07/2025 05:00,0,0.175,0,15.55,0,15.195,14.915,17,95.7,1018.54,2,3.944444444,2,250.5555556,1,7.305111111
31/07/2025 06:00,0,0.475,0,15.545,0,15.2,14.915,17.005,95.65,1018.74,2,4.444444444,2,238.3333333,1,8.231111111
31/07/2025 07:00,0,0.275,0,15.915,0,15.395,14.995,17.085,94,1018.93,2,4.666666667,2,270,1,8.642666667
31/07/2025 08:00,0,0.075,0,16.36,0,15.535,14.94,17.005,91,1019.21,2,5.055555556,2,245,1,9.362888889
31/07/2025 09:00,0,0.105,0,16.875,0,15.7,14.83,16.925,87.5,1019.495,2,6.222222222,2,301.1111111,1,11.52355556
31/07/2025 10:00,0,0.045,0,17.475,0,15.82,14.61,16.67,83.15,1019.67,2,7.444444444,2,295,1,13.78711111
31/07/2025 11:00,0,0.05,0,17.81,0,15.81,14.36,16.415,80.2,1019.815,2,8.888888889,2,317.7777778,1,16.46222222
31/07/2025 12:00,0,0.12,0,18.13,0,15.825,14.11,16.155,77.2,1019.975,2,9.611111111,2,316.6666667,1,17.79977778
31/07/2025 13:00,0,0.01,0,18.815,0,15.83,13.63,15.665,71.85,1020.025,2,10.05555556,2,313.8888889,1,18.62288889
31/07/2025 14:00,0,0.125,0,18.6,0,15.525,13.17,15.24,70.65,1020.24,2,10.61111111,2,320.5555556,1,19.65177778
31/07/2025 15:00,0,0.135,0,18.46,0,15.335,12.915,15.015,70.15,1020.36,2,10.5,2,316.1111111,1,19.446
31/07/2025 16:00,0,0,0,18.025,0,14.755,12.105,14.245,68.1,1020.575,2,10.83333333,2,320,1,20.06333333
31/07/2025 17:00,0,0,0,17.58,0,14.285,11.5,13.725,67.3,1020.975,2,11.33333333,2,317.2222222,1,20.98933333
31/07/2025 18:00,0,0,0,16.905,0,13.775,11.075,13.295,68.2,1021.33,2,11,2,323.3333333,1,20.372
31/07/2025 19:00,0,0,0,15.975,0,13.12,10.57,12.88,70.15,1021.64,2,10.77777778,2,320.5555556,1,19.96044444
31/07/2025 20:00,0,0,0,15.115,0,12.565,10.255,12.555,72.5,1022.01,2,9.5,2,321.6666667,1,17.594
31/07/2025 21:00,0,0,0,14.235,0,12.06,10.08,12.375,75.65,1022.395,2,8.5,2,306.6666667,1,15.742
31/07/2025 22:00,0,0,0,13.89,0,11.77,9.79,12.13,75.95,1022.59,2,8.055555556,2,322.2222222,1,14.91888889
31/07/2025 23:00,0,0,0,13.595,0,11.61,9.75,12.09,77.25,1022.79,2,7.944444444,2,300,1,14.71311111
01/08/2025 00:00,0,0,0,13.295,0,11.44,9.685,12.04,78.55,1022.735,2,7.611111111,2,296.1111111,0,14.09577778
01/08/2025 01:00,0,0,0,13.18,0,11.365,9.62,11.99,78.7,1022.585,2,6.944444444,2,276.1111111,0,12.86111111
01/08/2025 02:00,0,0.005,0,13.015,0,11.37,9.815,12.15,80.75,1022.575,2,6.944444444,2,277.2222222,0,12.86111111
01/08/2025 03:00,0,0.015,0,12.845,0,11.335,9.885,12.205,82,1022.525,2,5.888888889,2,311.6666667,0,10.90622222
01/08/2025 04:00,0,0,0,12.865,0,11.39,10.045,12.335,82.85,1022.46,2,5.888888889,2,308.3333333,0,10.90622222
01/08/2025 05:00,0,0.005,0,12.86,0,11.37,9.955,12.245,82.35,1022.46,2,6,2,307.2222222,0,11.112
01/08/2025 06:00,0,0,0,13.08,0,11.61,10.235,12.48,82.65,1022.585,2,6.111111111,2,306.6666667,0,11.31777778
01/08/2025 07:00,0,0,0,13.775,0,12.03,10.44,12.645,80.1,1022.725,2,6.111111111,2,288.3333333,0,11.31777778
01/08/2025 08:00,0,0,0,14.435,0,12.39,10.575,12.77,77.3,1022.9,2,6.444444444,2,310,0,11.93511111
01/08/2025 09:00,0,0.01,0,15.105,0,12.69,10.55,12.75,74,1022.93,2,7.5,2,315.5555556,0,13.89
01/08/2025 10:00,0,0.005,0,15.68,0,12.77,10.17,12.45,69.35,1022.9,2,7.888888889,2,316.1111111,0,14.61022222
01/08/2025 11:00,0,0,0,16.23,0,12.965,10.03,12.325,66.3,1022.87,2,8.166666667,2,318.8888889,0,15.12466667
01/08/2025 12:00,0,0,0,16.42,0,13.115,10.2,12.455,66.6,1022.855,2,8.388888889,2,325.5555556,0,15.53622222
01/08/2025 13:00,0,0,0,16.895,0,13.29,10.12,12.38,64.15,1022.765,2,7.888888889,2,307.7777778,0,14.61022222
01/08/2025 14:00,0,0,0,17.53,0,13.58,10.11,12.395,61.6,1022.625,2,7.777777778,2,310,0,14.40444444
01/08/2025 15:00,0,0.005,0,17.395,0,13.525,10.13,12.4,62.25,1022.475,2,8.166666667,2,303.3333333,0,15.12466667
01/08/2025 16:00,0,0,0,17.205,0,13.57,10.425,12.655,64.2,1022.215,2,8.611111111,2,299.4444444,0,15.94777778
01/08/2025 17:00,0,0,0,17.045,0,13.49,10.4,12.65,64.65,1022.025,2,8.333333333,2,308.8888889,0,15.43333333
01/08/2025 18:00,0,0,0,16.56,0,13.2,10.235,12.485,65.9,1021.885,2,7.722222222,2,308.8888889,0,14.30155556
01/08/2025 19:00,0,0,0,16.035,0,12.975,10.22,12.485,68.05,1021.97,2,6.611111111,2,297.2222222,0,12.24377778
01/08/2025 20:00,0,0,0,15.065,0,12.515,10.21,12.48,72.45,1022.325,2,6.222222222,2,301.1111111,0,11.52355556
01/08/2025 21:00,0,0,0,14.135,0,12.035,10.095,12.375,76.25,1022.61,2,5.166666667,2,283.3333333,0,9.568666667
01/08/2025 22:00,0,0,0,13.58,0,11.795,10.15,12.415,79.5,1022.645,2,4.222222222,2,282.2222222,0,7.819555556
01/08/2025 23:00,0,0,0,13.105,0,11.54,10.075,12.365,81.55,1022.42,2,3.944444444,2,273.8888889,0,7.305111111
02/08/2025 00:00,0,0,0,12.765,0,11.325,9.965,12.275,82.7,1022.145,2,3.666666667,2,266.6666667,0,6.790666667
02/08/2025 01:00,0,0,0,12.645,0,11.21,9.86,12.175,82.8,1022.005,2,3.888888889,2,270,0,7.202222222
02/08/2025 02:00,0,0,0,12.705,0,11.345,10.085,12.345,83.8,1021.57,2,4.055555556,2,247.7777778,0,7.510888889
02/08/2025 03:00,0,0,0,12.56,0,11.285,10.075,12.35,84.7,1021.26,2,4.222222222,2,230,0,7.819555556
02/08/2025 04:00,0,0,0,12.45,0,11.26,10.16,12.43,85.6,1020.995,2,4.166666667,2,243.8888889,0,7.716666667
02/08/2025 05:00,0,0,0,12.375,0,11.29,10.285,12.555,86.85,1020.635,2,4.333333333,2,207.7777778,0,8.025333333
02/08/2025 06:00,0,0,0,12.75,0,11.64,10.63,12.825,86.65,1020.455,2,4.055555556,2,211.6666667,0,7.510888889
02/08/2025 07:00,0,0,0,13.77,0,12.325,11.02,13.175,83.2,1020.395,2,4.277777778,2,198.3333333,0,7.922444444
02/08/2025 08:00,0,0,0,14.905,0,12.975,11.3,13.43,78.8,1020.235,2,5.5,2,234.4444444,0,10.186
02/08/2025 09:00,0,0,0,15.885,0,13.665,11.74,13.845,76.3,1020.115,2,6.833333333,2,232.2222222,0,12.65533333
02/08/2025 10:00,0,0,0,16.51,0,14.105,12.115,14.205,75.25,1019.945,2,7.333333333,2,226.1111111,0,13.58133333
02/08/2025 11:00,0,0,0,16.915,0,14.65,12.83,14.885,76.75,1019.72,2,8.111111111,2,216.6666667,0,15.02177778
02/08/2025 12:00,0,0,0,17.415,0,15.17,13.405,15.45,77.35,1019.44,2,8.555555556,2,211.6666667,0,15.84488889
02/08/2025 13:00,0,0,0,18.03,0,15.705,13.955,16.015,77.2,1019.175,2,9.055555556,2,216.6666667,0,16.77088889
02/08/2025 14:00,0,0,0,18.5,0,16.15,14.43,16.5,77.4,1018.88,2,9.444444444,2,212.7777778,0,17.49111111
02/08/2025 15:00,0,0.035,0,18.645,0,16.47,14.89,16.985,78.85,1018.645,2,9.5,2,212.2222222,0,17.594
02/08/2025 16:00,0,0.05,0,18.73,0,16.645,15.18,17.3,80.1,1018.295,2,8.944444444,2,210.5555556,0,16.56511111
02/08/2025 17:00,0,0.065,0,18.57,0,16.765,15.5,17.65,82.6,1017.755,2,9.222222222,2,212.2222222,0,17.07955556
02/08/2025 18:00,0,0.44,0,18.325,0,16.79,15.735,17.895,85.05,1017.315,2,9.333333333,2,210.5555556,0,17.28533333
02/08/2025 19:00,0,0.32,0,18,0,16.78,15.93,18.115,87.7,1017.11,2,8.555555556,2,209.4444444,0,15.84488889
02/08/2025 20:00,0,0.705,0,17.68,0,16.72,16.06,18.26,90.25,1016.99,2,8.333333333,2,207.2222222,0,15.43333333
02/08/2025 21:00,0,0.32,0,17.55,0,16.75,16.22,18.455,91.75,1017.035,2,8.666666667,2,207.2222222,0,16.05066667
02/08/2025 22:00,0,0.655,0,17.455,0,16.825,16.41,18.67,93.35,1016.76,2,8.611111111,2,211.6666667,0,15.94777778
02/08/2025 23:00,0,0.255,0,17.385,0,16.87,16.53,18.805,94.6,1016.445,2,9,2,211.6666667,0,16.668
03/08/2025 00:00,0,0.245,0,17.285,0,16.895,16.62,18.915,95.65,1016.25,2,9,2,217.7777778,1,16.668
03/08/2025 01:00,0,0.27,0,17.115,0,16.775,16.535,18.82,96.15,1016.065,2,9.277777778,2,228.8888889,1,17.18244444
03/08/2025 02:00,0,0.365,0,16.95,0,16.575,16.31,18.56,95.5,1016.135,2,9.888888889,2,235.5555556,1,18.31422222
03/08/2025 03:00,0,0.165,0,16.61,0,16.21,15.915,18.125,95.4,1016.27,2,10.11111111,2,248.3333333,1,18.72577778
03/08/2025 04:00,0,0.055,0,16.29,0,15.87,15.59,17.75,95.4,1016.33,2,9.388888889,2,258.3333333,1,17.38822222
03/08/2025 05:00,0,0.075,0,16.015,0,15.555,15.2,17.34,94.7,1016.73,2,8.333333333,2,269.4444444,1,15.43333333
03/08/2025 06:00,0,0.05,0,15.795,0,15.165,14.695,16.795,92.85,1017.15,2,8.333333333,2,275.5555556,1,15.43333333
03/08/2025 07:00,0,0.015,0,15.955,0,15.105,14.47,16.53,90.8,1017.455,2,7.444444444,2,272.2222222,1,13.78711111
03/08/2025 08:00,0,0.005,0,16.325,0,15.035,14.025,16.08,86.05,1017.815,2,7.611111111,2,277.2222222,1,14.09577778
03/08/2025 09:00,0,0.01,0,16.92,0,15.07,13.64,15.66,80.7,1018.33,2,8.944444444,2,280,1,16.56511111
03/08/2025 10:00,0,0,0,17.735,0,15.03,12.915,14.955,73,1018.695,2,9.444444444,2,285,1,17.49111111
03/08/2025 11:00,0,0,0,18.385,0,15,12.325,14.395,67.7,1018.84,2,9.444444444,2,277.2222222,1,17.49111111
03/08/2025 12:00,0,0,0,18.71,0,14.96,11.97,14.05,65,1019.025,2,9.611111111,2,272.7777778,1,17.79977778
03/08/2025 13:00,0,0,0,18.74,0,14.92,11.855,13.955,64.6,1019.145,2,9.277777778,2,271.6666667,1,17.18244444
03/08/2025 14:00,0,0,0,18.57,0,14.825,11.81,13.92,64.85,1019.235,2,9.277777778,2,261.6666667,1,17.18244444
03/08/2025 15:00,0,0,0,17.98,0,14.54,11.735,13.86,67,1019.255,2,8.722222222,2,259.4444444,1,16.15355556
03/08/2025 16:00,0,0,0,17.585,0,14.425,11.84,13.96,68.95,1018.985,2,7.888888889,2,256.1111111,1,14.61022222
03/08/2025 17:00,0,0.02,0,17.14,0,14.495,12.365,14.425,73.45,1018.655,2,7,2,247.7777778,1,12.964
03/08/2025 18:00,0,0.095,0,16.545,0,14.415,12.705,14.75,77.95,1018.13,2,6.777777778,2,236.1111111,1,12.55244444
03/08/2025 19:00,0,0.205,0,15.78,0,14.165,12.89,14.94,82.8,1017.845,2,6.555555556,2,221.6666667,1,12.14088889
03/08/2025 20:00,0,0.37,0,15.145,0,13.865,12.825,14.86,85.8,1017.18,2,6,2,198.8888889,1,11.112
03/08/2025 21:00,0,0.27,0,14.785,0,13.835,13.06,15.11,89.1,1016.335,2,6.888888889,2,178.3333333,1,12.75822222
03/08/2025 22:00,0,0.205,0,14.535,0,13.655,12.925,14.985,89.75,1015.16,2,7.888888889,2,170.5555556,1,14.61022222
03/08/2025 23:00,0,0.19,0,14.7,0,14.035,13.49,15.585,91.95,1013.675,2,9.333333333,2,165,1,17.28533333
04/08/2025 00:00,0,0.27,0,15.065,0,14.425,13.895,16.025,92.45,1011.945,2,11.44444444,2,168.8888889,1,21.19511111
04/08/2025 01:00,0,0.575,0,15.79,0,15.19,14.73,16.885,93.15,1010.27,2,12.94444444,2,177.2222222,1,23.97311111
04/08/2025 02:00,0,0.625,0,16.49,0,15.94,15.53,17.715,93.65,1008.42,2,15,2,188.3333333,1,27.78
04/08/2025 03:00,0,0.79,0,17.075,0,16.475,16.05,18.275,93.35,1006.715,2,16.5,2,195.5555556,1,30.558
04/08/2025 04:00,0,0.975,0,17.45,0,16.835,16.415,18.685,93.4,1005.045,2,18.16666667,2,200.5555556,1,33.64466667
04/08/2025 05:00,0,0.92,0,17.495,0,16.895,16.47,18.755,93.45,1003.98,2,19.11111111,2,204.4444444,1,35.39377778
04/08/2025 06:00,0,0.54,0,17.02,0,16.26,15.705,17.935,91.75,1004.105,2,19.66666667,2,220.5555556,1,36.42266667
04/08/2025 07:00,0,0.34,0,16.415,0,15.405,14.615,16.77,88.85,1005.185,2,20.72222222,2,240.5555556,1,38.37755556
04/08/2025 08:00,0,0.19,0,15.92,0,14.525,13.37,15.48,84.5,1006.985,2,19.61111111,2,261.6666667,1,36.31977778
04/08/2025 09:00,0,0.055,0,15.83,0,13.825,12.16,14.23,78.5,1008.77,2,19.44444444,2,277.2222222,1,36.01111111
04/08/2025 10:00,0,0.04,0,16.13,0,13.53,11.305,13.435,72.85,1010.285,2,19,2,281.6666667,1,35.188
04/08/2025 11:00,0,0.02,0,16.645,0,13.46,10.715,12.895,67.8,1011.48,2,18.83333333,2,282.7777778,1,34.87933333
04/08/2025 12:00,0,0.03,0,16.885,0,13.25,10.035,12.315,63.85,1012.47,2,19.16666667,2,283.3333333,1,35.49666667
04/08/2025 13:00,0,0.06,0,17.18,0,13.4,10.08,12.35,62.85,1013.485,2,18.66666667,2,283.3333333,1,34.57066667
04/08/2025 14:00,0,0.02,0,17.655,0,13.375,9.505,11.9,58.85,1014.295,2,18.72222222,2,283.8888889,1,34.67355556
04/08/2025 15:00,0,0.04,0,17.26,0,13.045,9.185,11.66,59.15,1014.965,2,18.22222222,2,280.5555556,1,33.74755556
04/08/2025 16:00,0,0.005,0,17.255,0,13.035,9.18,11.65,59,1015.45,2,17.38888889,2,279.4444444,1,32.20422222
04/08/2025 17:00,0,0.04,0,16.695,0,12.94,9.485,11.885,62.6,1015.98,2,16.77777778,2,277.7777778,1,31.07244444
04/08/2025 18:00,0,0.03,0,15.835,0,12.39,9.15,11.64,64.7,1016.47,2,17.11111111,2,277.2222222,1,31.68977778
04/08/2025 19:00,0,0.04,0,14.945,0,12.025,9.23,11.695,68.9,1016.98,2,15.77777778,2,273.3333333,1,29.22044444
04/08/2025 20:00,0,0.07,0,14.05,0,11.69,9.445,11.85,73.75,1017.66,2,14.22222222,2,270,1,26.33955556
04/08/2025 21:00,0,0.03,0,13.61,0,11.58,9.66,12.02,76.8,1018.17,2,13.33333333,2,266.6666667,1,24.69333333
04/08/2025 22:00,0,0.09,0,13.12,0,11.375,9.74,12.09,79.7,1018.44,2,13.27777778,2,263.3333333,1,24.59044444
04/08/2025 23:00,0,0.15,0,12.845,0,11.26,9.74,12.075,81.2,1018.675,2,13.44444444,2,260.5555556,1,24.89911111
05/08/2025 00:00,0,0.09,0,12.9,0,11.235,9.645,11.995,80.4,1018.76,2,13.77777778,2,266.1111111,1,25.51644444
05/08/2025 01:00,0,0.01,0,12.87,0,11.245,9.695,12.04,80.7,1018.965,2,13.55555556,2,266.6666667,1,25.10488889
05/08/2025 02:00,0,0.045,0,12.83,0,11.145,9.545,11.92,80.4,1019.275,2,13.33333333,2,268.3333333,1,24.69333333
05/08/2025 03:00,0,0.025,0,12.825,0,11.175,9.595,11.96,80.55,1019.705,2,13.11111111,2,270,1,24.28177778
05/08/2025 04:00,0,0.24,0,12.75,0,11.12,9.565,11.945,80.65,1020.17,2,13.05555556,2,269.4444444,1,24.17888889
05/08/2025 05:00,0,0.035,0,12.705,0,11.135,9.63,11.98,81.25,1020.855,2,12.83333333,2,271.6666667,1,23.76733333
05/08/2025 06:00,0,0.055,0,13,0,11.33,9.765,12.105,80.5,1021.585,2,12.38888889,2,270.5555556,1,22.94422222
05/08/2025 07:00,0,0,0,13.59,0,11.65,9.845,12.16,77.75,1022.495,2,12.55555556,2,275.5555556,1,23.25288889
05/08/2025 08:00,0,0.025,0,14.51,0,12.1,9.87,12.195,73.5,1023.2,2,12.72222222,2,278.8888889,1,23.56155556
05/08/2025 09:00,0,0.075,0,15.005,0,12.21,9.58,11.96,69.9,1023.885,2,13.83333333,2,282.7777778,1,25.61933333
05/08/2025 10:00,0,0.07,0,15.545,0,12.485,9.665,12.035,68.05,1024.5,2,14,2,286.1111111,1,25.928
05/08/2025 11:00,0,0.005,0,16.33,0,12.845,9.655,12.035,64.5,1025.105,2,13.83333333,2,286.6666667,1,25.61933333
05/08/2025 12:00,0,0,0,16.72,0,13.09,9.845,12.19,63.75,1025.485,2,14.11111111,2,287.2222222,1,26.13377778
05/08/2025 13:00,0,0.005,0,17.29,0,13.27,9.675,12.035,60.75,1025.705,2,14.05555556,2,284.4444444,1,26.03088889
05/08/2025 14:00,0,0,0,17.465,0,13.4,9.78,12.125,60.5,1026.045,2,14,2,285,1,25.928
05/08/2025 15:00,0,0,0,17.645,0,13.455,9.725,12.07,59.65,1026.29,2,13.27777778,2,283.3333333,1,24.59044444
05/08/2025 16:00,0,0,0,17.335,0,13.43,9.955,12.27,61.9,1026.33,2,12.66666667,2,282.2222222,1,23.45866667
05/08/2025 17:00,0,0,0,17.11,0,13.355,9.995,12.32,63.05,1026.49,2,12.33333333,2,281.6666667,1,22.84133333
05/08/2025 18:00,0,0,0,16.405,0,13.105,10.13,12.42,66.65,1026.68,2,11.94444444,2,275,1,22.12111111
05/08/2025 19:00,0,0,0,15.59,0,12.78,10.245,12.515,70.5,1026.825,2,11,2,275.5555556,1,20.372
05/08/2025 20:00,0,0,0,14.775,0,12.46,10.35,12.605,74.45,1026.895,2,9.833333333,2,273.3333333,1,18.21133333
05/08/2025 21:00,0,0,0,14.09,0,12.125,10.29,12.555,77.4,1027.05,2,8.222222222,2,271.1111111,1,15.22755556
05/08/2025 22:00,0,0,0,13.605,0,12.01,10.56,12.765,81.4,1027.05,2,7.555555556,2,269.4444444,1,13.99288889
05/08/2025 23:00,0,0,0,13.13,0,11.82,10.6,12.8,84.4,1026.74,2,6.611111111,2,257.7777778,1,12.24377778
06/08/2025 00:00,0,0,0,12.915,0,11.805,10.805,12.98,86.7,1026.31,2,6.277777778,2,233.8888889,1,11.62644444
06/08/2025 01:00,0,0,0,12.49,0,11.54,10.685,12.88,88.5,1026.025,2,6.277777778,2,220.5555556,1,11.62644444
06/08/2025 02:00,0,0,0,12.19,0,11.37,10.61,12.805,89.9,1025.605,2,6.333333333,2,222.2222222,1,11.72933333
06/08/2025 03:00,0,0,0,11.82,0,11.12,10.5,12.72,91.35,1025.155,2,6.111111111,2,219.4444444,1,11.31777778
06/08/2025 04:00,0,0,0,11.725,0,11.1,10.51,12.745,92.05,1024.625,2,5.277777778,2,206.1111111,1,9.774444444
06/08/2025 05:00,0,0,0,11.52,0,10.9,10.325,12.575,92.25,1024.385,2,4.944444444,2,178.8888889,1,9.157111111
06/08/2025 06:00,0,0,0,11.73,0,11.16,10.6,12.815,92.45,1024.245,2,4.333333333,2,188.8888889,1,8.025333333
06/08/2025 07:00,0,0,0,13.065,0,12.215,11.485,13.565,89.9,1023.935,2,4.611111111,2,187.7777778,1,8.539777778
06/08/2025 08:00,0,0,0,14.43,0,13.135,12.03,14.045,85.3,1023.485,2,5,2,198.3333333,1,9.26
06/08/2025 09:00,0,0,0,15.41,0,13.605,12.095,14.125,80.25,1022.935,2,6.444444444,2,192.7777778,1,11.93511111
06/08/2025 10:00,0,0,0,16.03,0,13.89,12.15,14.17,77.5,1022.19,2,7.666666667,2,195,1,14.19866667
06/08/2025 11:00,0,0,0,16.375,0,13.99,12.02,14.055,75.15,1021.665,2,8.666666667,2,188.3333333,1,16.05066667
06/08/2025 12:00,0,0,0,16.705,0,14.075,11.91,13.95,73.1,1021.105,2,9.722222222,2,194.4444444,1,18.00555556
06/08/2025 13:00,0,0.04,0,16.975,0,14.19,11.9,13.945,72,1020.37,2,10.05555556,2,198.8888889,1,18.62288889
06/08/2025 14:00,0,0,0,17.325,0,14.325,11.86,13.915,70.05,1019.49,2,10.94444444,2,200,1,20.26911111
06/08/2025 15:00,0,0,0,17.2,0,14.22,11.765,13.83,70.1,1018.425,2,11.27777778,2,199.4444444,1,20.88644444
06/08/2025 16:00,0,0,0,17.32,0,14.19,11.59,13.65,68.85,1016.975,2,11.66666667,2,192.7777778,1,21.60666667
06/08/2025 17:00,0,0.005,0,17.085,0,14.025,11.435,13.54,69.2,1015.62,2,12.05555556,2,188.3333333,1,22.32688889
06/08/2025 18:00,0,0.03,0,16.495,0,13.775,11.465,13.56,72.2,1014.435,2,13.11111111,2,185,1,24.28177778
06/08/2025 19:00,0,0.21,0,15.94,0,13.61,11.61,13.705,75.6,1013.365,2,13.55555556,2,181.1111111,1,25.10488889
06/08/2025 20:00,0,0.36,0,15.365,0,13.5,11.93,14.01,80.1,1012.5,2,13.44444444,2,181.6666667,1,24.89911111
06/08/2025 21:00,0,0.42,0,15.06,0,13.59,12.36,14.405,83.85,1011.72,2,13.61111111,2,181.6666667,1,25.20777778
06/08/2025 22:00,0,0.375,0,14.835,0,13.765,12.875,14.915,87.85,1010.855,2,14.22222222,2,183.3333333,1,26.33955556
06/08/2025 23:00,0,0.185,0,14.83,0,14.025,13.355,15.375,90.6,1010.04,2,14.5,2,190,1,26.854
07/08/2025 00:00,0,0.19,0,14.835,0,14.125,13.575,15.555,91.85,1009.45,2,13.88888889,2,196.6666667,1,25.72222222
07/08/2025 01:00,0,0.185,0,15.04,0,14.385,13.865,15.86,92.35,1009.015,2,12.44444444,2,207.7777778,1,23.04711111
07/08/2025 02:00,0,0.14,0,15.045,0,14.495,14.045,16.065,93.5,1008.835,2,11.27777778,2,222.7777778,1,20.88644444
07/08/2025 03:00,0,0.145,0,14.92,0,14.405,13.995,16.02,93.85,1008.735,2,10.77777778,2,231.1111111,1,19.96044444
07/08/2025 04:00,0,0.16,0,14.8,0,14.235,13.785,15.805,93.35,1008.775,2,9.333333333,2,237.7777778,1,17.28533333
07/08/2025 05:00,0,0.09,0,14.65,0,14.04,13.575,15.585,93.05,1008.91,2,8.166666667,2,239.4444444,1,15.12466667
07/08/2025 06:00,0,0.015,0,14.515,0,13.805,13.22,15.225,91.75,1009.18,2,7.944444444,2,238.8888889,1,14.71311111
07/08/2025 07:00,0,0.025,0,14.845,0,13.985,13.29,15.29,90.05,1009.435,2,7.555555556,2,238.8888889,1,13.99288889
07/08/2025 08:00,0,0.015,0,15.425,0,14.155,13.13,15.15,85.8,1009.64,2,8.444444444,2,240.5555556,1,15.63911111
07/08/2025 09:00,0,0.04,0,16.075,0,14.32,12.93,14.92,81.25,1009.765,2,9.444444444,2,243.3333333,1,17.49111111
07/08/2025 10:00,0,0.085,0,16.735,0,14.285,12.315,14.345,75.1,1010.01,2,10.33333333,2,250,1,19.13733333
07/08/2025 11:00,0,0.005,0,16.885,0,14.01,11.61,13.71,71.05,1010.29,2,11.22222222,2,252.7777778,1,20.78355556
07/08/2025 12:00,0,0,0,17.13,0,14.065,11.51,13.61,69.7,1010.55,2,11.66666667,2,260,1,21.60666667
07/08/2025 13:00,0,0.01,0,17.39,0,14.21,11.55,13.67,68.85,1010.72,2,11.77777778,2,255,1,21.81244444
07/08/2025 14:00,0,0.025,0,17.46,0,14.22,11.55,13.645,68.2,1011.055,2,12,2,258.8888889,1,22.224
07/08/2025 15:00,0,0.025,0,17.17,0,14.005,11.375,13.49,68.8,1011.275,2,12.27777778,2,252.7777778,1,22.73844444
07/08/2025 16:00,0,0.02,0,16.98,0,13.685,10.88,13.06,67.25,1011.555,2,12,2,256.6666667,1,22.224
07/08/2025 17:00,0,0.005,0,16.585,0,13.415,10.655,12.86,67.9,1011.845,2,12.44444444,2,258.3333333,1,23.04711111
07/08/2025 18:00,0,0.01,0,16.045,0,13.085,10.475,12.715,69.4,1012.14,2,11.38888889,2,263.3333333,1,21.09222222
07/08/2025 19:00,0,0,0,15.165,0,12.615,10.35,12.57,72.75,1012.445,2,10.66666667,2,256.6666667,1,19.75466667
07/08/2025 20:00,0,0.015,0,14.365,0,12.05,9.92,12.24,74.5,1012.87,2,9.555555556,2,257.2222222,1,17.69688889
07/08/2025 21:00,0,0,0,13.75,0,11.81,10.02,12.325,77.95,1013.33,2,8.5,2,246.6666667,1,15.742
07/08/2025 22:00,0,0,0,13.66,0,11.695,9.88,12.215,77.45,1013.605,2,8.444444444,2,243.3333333,1,15.63911111
07/08/2025 23:00,0,0,0,13.24,0,11.59,10.055,12.345,80.75,1013.85,2,8.722222222,2,237.2222222,1,16.15355556
08/08/2025 00:00,0,0.015,0,13.35,0,11.825,10.45,12.68,82.4,1014.055,2,8.388888889,2,232.2222222,0,15.53622222
08/08/2025 01:00,0,0.02,0,13.3,0,11.78,10.36,12.62,82.25,1014.17,2,8.944444444,2,222.2222222,0,16.56511111
08/08/2025 02:00,0,0.025,0,13.285,0,11.95,10.755,12.935,84.25,1014.135,2,9.055555556,2,221.1111111,0,16.77088889
08/08/2025 03:00,0,0.115,0,13.22,0,11.975,10.86,13.005,85.2,1014.13,2,9.222222222,2,222.2222222,0,17.07955556
08/08/2025 04:00,0,0.06,0,13.26,0,11.98,10.825,12.995,84.95,1014.18,2,9.611111111,2,216.1111111,0,17.79977778
08/08/2025 05:00,0,0.105,0,13.34,0,11.96,10.735,12.905,84.2,1014.42,2,9.5,2,218.3333333,0,17.594
08/08/2025 06:00,0,0.025,0,13.71,0,12.29,11.02,13.155,83.5,1014.875,2,9.722222222,2,218.8888889,0,18.00555556
08/08/2025 07:00,0,0.015,0,14.38,0,12.68,11.2,13.325,81.05,1015.245,2,9.944444444,2,219.4444444,0,18.41711111
08/08/2025 08:00,0,0.015,0,15.115,0,13.165,11.51,13.585,78.75,1015.59,2,10.27777778,2,220.5555556,0,19.03444444
08/08/2025 09:00,0,0.04,0,15.835,0,13.515,11.56,13.625,75.35,1015.8,2,11.33333333,2,222.7777778,0,20.98933333
08/08/2025 10:00,0,0.015,0,16.52,0,13.745,11.42,13.505,71.55,1015.97,2,12.66666667,2,225.5555556,0,23.45866667
08/08/2025 11:00,0,0,0,17.37,0,14.14,11.445,13.56,68.25,1016.115,2,13.22222222,2,227.2222222,0,24.48755556
08/08/2025 12:00,0,0,0,17.725,0,14.385,11.64,13.71,67.4,1016.14,2,14.05555556,2,228.3333333,0,26.03088889
08/08/2025 13:00,0,0,0,18.365,0,14.63,11.61,13.67,64.6,1016.025,2,13.83333333,2,228.8888889,0,25.61933333
08/08/2025 14:00,0,0,0,18.505,0,14.73,11.64,13.72,64.2,1015.91,2,15.33333333,2,227.7777778,0,28.39733333
08/08/2025 15:00,0,0,0,18.585,0,14.65,11.4,13.53,63.15,1015.715,2,14.83333333,2,227.7777778,0,27.47133333
08/08/2025 16:00,0,0,0,18.56,0,14.615,11.375,13.48,63.05,1015.48,2,15.16666667,2,227.7777778,0,28.08866667
08/08/2025 17:00,0,0,0,18.28,0,14.43,11.23,13.365,63.65,1015.3,2,15,2,227.7777778,0,27.78
08/08/2025 18:00,0,0,0,17.64,0,14.12,11.15,13.3,65.95,1015.28,2,14.33333333,2,230.5555556,0,26.54533333
08/08/2025 19:00,0,0,0,16.775,0,13.705,11.07,13.235,69.2,1015.31,2,13.88888889,2,227.7777778,0,25.72222222
08/08/2025 20:00,0,0,0,15.68,0,13.205,11.015,13.185,73.65,1015.305,2,12.72222222,2,227.2222222,0,23.56155556
08/08/2025 21:00,0,0,0,14.995,0,12.93,11.105,13.255,77.35,1015.435,2,11.55555556,2,220.5555556,0,21.40088889
08/08/2025 22:00,0,0,0,14.445,0,12.64,11.05,13.225,79.85,1015.215,2,11.44444444,2,218.3333333,0,21.19511111
08/08/2025 23:00,0,0,0,14.21,0,12.605,11.19,13.32,81.65,1014.955,2,11.44444444,2,213.8888889,0,21.19511111
09/08/2025 00:00,0,0.065,0,14.115,0,12.65,11.355,13.47,83.2,1014.74,2,11.55555556,2,212.2222222,0,21.40088889
09/08/2025 01:00,0,0.015,0,14.035,0,12.645,11.425,13.535,84.15,1014.26,2,11.66666667,2,215.5555556,0,21.60666667
09/08/2025 02:00,0,0,0,14.105,0,12.74,11.55,13.645,84.2,1014.005,2,12.33333333,2,218.8888889,0,22.84133333
09/08/2025 03:00,0,0.235,0,14.135,0,12.835,11.73,13.82,85.1,1014.025,2,12.27777778,2,218.8888889,0,22.73844444
09/08/2025 04:00,0,0.43,0,14.055,0,12.84,11.805,13.87,86.15,1013.975,2,11.88888889,2,221.1111111,0,22.01822222
09/08/2025 05:00,0,0.57,0,13.88,0,12.735,11.725,13.815,86.7,1014.36,2,12.16666667,2,228.3333333,0,22.53266667
09/08/2025 06:00,0,0.265,0,13.86,0,12.585,11.445,13.57,85.1,1014.74,2,11.66666667,2,232.7777778,0,21.60666667
09/08/2025 07:00,0,0.22,0,14.25,0,12.835,11.61,13.715,84.05,1015.39,2,11.33333333,2,232.7777778,0,20.98933333
09/08/2025 08:00,0,0.025,0,15.075,0,13.285,11.79,13.865,80.5,1015.9,2,11,2,241.6666667,0,20.372
09/08/2025 09:00,0,0.04,0,15.99,0,13.61,11.58,13.695,74.9,1016.34,2,12,2,250,0,22.224
09/08/2025 10:00,0,0.13,0,16.52,0,13.86,11.615,13.73,72.8,1016.935,2,12.72222222,2,253.8888889,0,23.56155556
09/08/2025 11:00,0,0,0,17,0,14.03,11.555,13.68,70.2,1017.64,2,13,2,251.1111111,0,24.076
09/08/2025 12:00,0,0.005,0,17.605,0,14.135,11.2,13.385,66.25,1018.335,2,13.27777778,2,252.7777778,0,24.59044444
09/08/2025 13:00,0,0.045,0,17.935,0,14.27,11.205,13.375,65,1019.095,2,12.88888889,2,256.1111111,0,23.87022222
09/08/2025 14:00,0,0,0,18.435,0,14.42,11.01,13.235,62.45,1019.67,2,12.77777778,2,260,0,23.66444444
09/08/2025 15:00,0,0,0,18.355,0,14.285,10.815,13.09,62.2,1020.25,2,12.38888889,2,259.4444444,0,22.94422222
09/08/2025 16:00,0,0.005,0,18.17,0,14.215,10.805,13.055,62.7,1020.85,2,11.66666667,2,256.6666667,0,21.60666667
09/08/2025 17:00,0,0,0,17.69,0,13.975,10.79,13.045,64.35,1021.355,2,11.22222222,2,255.5555556,0,20.78355556
09/08/2025 18:00,0,0,0,16.94,0,13.755,11,13.205,68.15,1021.95,2,10.33333333,2,253.8888889,0,19.13733333
09/08/2025 19:00,0,0,0,16.11,0,13.315,10.86,13.095,71.05,1022.685,2,8.944444444,2,258.3333333,0,16.56511111
09/08/2025 20:00,0,0,0,14.975,0,12.76,10.745,13,75.75,1023.26,2,6.944444444,2,253.8888889,0,12.86111111
09/08/2025 21:00,0,0,0,13.98,0,12.205,10.595,12.84,79.7,1023.83,2,5.611111111,2,246.1111111,0,10.39177778
09/08/2025 22:00,0,0,0,13.185,0,11.775,10.485,12.755,83.2,1024.325,2,4.5,2,235,0,8.334
09/08/2025 23:00,0,0,0,12.62,0,11.42,10.29,12.61,85.3,1024.67,2,4.388888889,2,235,0,8.128222222
10/08/2025 00:00,0,0,0,12.28,0,11.24,10.27,12.61,87.35,1024.815,2,4.166666667,2,211.1111111,1,7.716666667
10/08/2025 01:00,0,0,0,11.765,0,10.86,9.995,12.37,88.65,1024.925,2,4.055555556,2,200.5555556,1,7.510888889
10/08/2025 02:00,0,0.005,0,11.565,0,10.84,10.145,12.52,90.7,1024.93,2,3.555555556,2,176.6666667,1,6.584888889
10/08/2025 03:00,0,0.015,0,11.305,0,10.66,10.03,12.455,91.5,1024.865,2,3.722222222,2,164.4444444,1,6.893555556
10/08/2025 04:00,0,0.035,0,11.32,0,10.725,10.135,12.555,92.15,1024.96,2,3.833333333,2,151.6666667,1,7.099333333
10/08/2025 05:00,0,0.015,0,11.775,0,11.21,10.675,13.03,92.8,1024.93,2,4.166666667,2,150,1,7.716666667
10/08/2025 06:00,0,0.03,0,12.605,0,11.955,11.365,13.615,91.9,1025.035,2,5.222222222,2,145.5555556,1,9.671555556
10/08/2025 07:00,0,0.03,0,13.59,0,12.78,12.055,14.21,90.15,1025.07,2,5.666666667,2,146.1111111,1,10.49466667
10/08/2025 08:00,0,0.02,0,14.725,0,13.685,12.765,14.89,87.8,1025.12,2,6.388888889,2,152.2222222,1,11.83222222
10/08/2025 09:00,0,0.005,0,15.685,0,14.42,13.365,15.465,86.1,1024.915,2,6.888888889,2,151.1111111,1,12.75822222
10/08/2025 10:00,0,0.01,0,16.605,0,15.23,14.15,16.245,85.35,1024.735,2,7.888888889,2,160.5555556,1,14.61022222
10/08/2025 11:00,0,0.005,0,17.13,0,15.81,14.835,16.96,86.25,1024.555,2,8.222222222,2,162.2222222,1,15.22755556
10/08/2025 12:00,0,0.02,0,18.035,0,16.515,15.43,17.61,84.6,1024.33,2,8.222222222,2,180.5555556,1,15.22755556
10/08/2025 13:00,0,0.01,0,18.855,0,17.215,16.09,18.355,84.1,1024.005,2,8.555555556,2,183.8888889,1,15.84488889
10/08/2025 14:00,0,0.01,0,19.255,0,17.54,16.39,18.705,83.9,1023.855,2,8.833333333,2,192.7777778,1,16.35933333
10/08/2025 15:00,0,0.035,0,19.52,0,17.65,16.45,18.725,83.05,1023.55,2,8.777777778,2,197.7777778,1,16.25644444
10/08/2025 16:00,0,0.055,0,19.42,0,17.645,16.495,18.765,83.65,1023.23,2,8.666666667,2,211.6666667,1,16.05066667
10/08/2025 17:00,0,0.155,0,19,0,17.415,16.375,18.645,85.15,1023.11,2,8.222222222,2,210.5555556,1,15.22755556
10/08/2025 18:00,0,0.21,0,18.49,0,17.28,16.49,18.77,88.25,1023.11,2,7.888888889,2,218.8888889,1,14.61022222
10/08/2025 19:00,0,0.38,0,18.015,0,16.95,16.235,18.48,89.35,1023.255,2,7.611111111,2,218.3333333,1,14.09577778
10/08/2025 20:00,0,0.36,0,17.29,0,16.46,15.885,18.09,91.35,1023.51,2,6.388888889,2,218.3333333,1,11.83222222
10/08/2025 21:00,0,0.325,0,16.945,0,16.39,16,18.215,93.85,1023.85,2,5.277777778,2,213.3333333,1,9.774444444
10/08/2025 22:00,0,0.135,0,16.665,0,16.195,15.875,18.055,94.6,1023.785,2,5.111111111,2,200.5555556,1,9.465777778
10/08/2025 23:00,0,0.125,0,16.445,0,16.02,15.715,17.895,95,1023.68,2,4.888888889,2,195,1,9.054222222
11/08/2025 00:00,0,0.13,0,16.38,0,15.98,15.71,17.865,95.2,1023.48,2,4.5,2,185.5555556,1,8.334
11/08/2025 01:00,0,0.085,0,16.355,0,15.995,15.75,17.9,95.8,1023.15,2,4.444444444,2,180.5555556,1,8.231111111
11/08/2025 02:00,0,0.035,0,16.29,0,15.995,15.765,17.92,96.25,1022.78,2,3.944444444,2,183.8888889,1,7.305111111
11/08/2025 03:00,0,0,0,16.15,0,15.855,15.645,17.77,96.3,1022.39,2,3.777777778,2,176.1111111,1,6.996444444
11/08/2025 04:00,0,0.03,0,16.13,0,15.825,15.625,17.765,96.45,1021.99,2,3.611111111,2,163.3333333,1,6.687777778
11/08/2025 05:00,0,0.07,0,16.03,0,15.73,15.525,17.635,96.3,1021.655,2,3.944444444,2,145.5555556,1,7.305111111
11/08/2025 06:00,0,0.095,0,16.2,0,15.89,15.69,17.83,96.3,1021.58,2,3.555555556,2,138.3333333,1,6.584888889
11/08/2025 07:00,0,0.015,0,16.67,0,16.33,16.1,18.3,95.95,1021.685,2,3.944444444,2,141.6666667,1,7.305111111
11/08/2025 08:00,0,0.02,0,17.48,0,16.78,16.29,18.565,92.75,1021.725,2,4.277777778,2,139.4444444,1,7.922444444
11/08/2025 09:00,0,0,0,18.435,0,17.34,16.62,18.955,89.05,1021.49,2,4.666666667,2,136.1111111,1,8.642666667
11/08/2025 10:00,0,0.01,0,19.33,0,17.54,16.345,18.635,82.95,1021.255,2,5.333333333,2,144.4444444,1,9.877333333
11/08/2025 11:00,0,0.035,0,20.235,0,17.815,16.24,18.52,78,1020.825,2,5.888888889,2,136.1111111,1,10.90622222
11/08/2025 12:00,0,0.12,0,20.82,0,17.845,15.875,18.095,73.65,1020.34,2,6.388888889,2,155,1,11.83222222
11/08/2025 13:00,0,0.015,0,21.71,0,18.225,15.95,18.165,69.75,1019.935,2,6.111111111,2,127.7777778,1,11.31777778
11/08/2025 14:00,0,0.015,0,21.655,0,17.975,15.54,17.705,68.3,1019.325,2,6.222222222,2,143.8888889,1,11.52355556
11/08/2025 15:00,0,0.04,0,22.08,0,18.11,15.42,17.62,66.25,1018.645,2,6.166666667,2,145.5555556,1,11.42066667
11/08/2025 16:00,0,0,0,22.25,0,18.02,15.15,17.34,64.45,1018.01,2,6.555555556,2,135,1,12.14088889
11/08/2025 17:00,0,0,0,22.175,0,17.905,14.96,17.155,64.05,1017.55,2,6.833333333,2,142.2222222,1,12.65533333
11/08/2025 18:00,0,0,0,21.545,0,17.65,14.985,17.12,66.2,1017.145,2,6.277777778,2,133.8888889,1,11.62644444
11/08/2025 19:00,0,0,0,20.335,0,17.095,14.83,16.94,70.5,1017.02,2,5.388888889,2,123.3333333,1,9.980222222
11/08/2025 20:00,0,0,0,18.44,0,16.31,14.77,16.845,78.9,1017.01,2,4.5,2,119.4444444,1,8.334
11/08/2025 21:00,0,0,0,17.215,0,15.59,14.365,16.435,83.2,1017.06,2,4.333333333,2,113.3333333,1,8.025333333
11/08/2025 22:00,0,0,0,16.485,0,15.125,14.1,16.13,85.45,1016.935,2,4.777777778,2,98.88888889,1,8.848444444
11/08/2025 23:00,0,0,0,15.79,0,14.615,13.69,15.72,87.15,1016.925,2,4.555555556,2,131.6666667,1,8.436888889
12/08/2025 00:00,0,0,0,15.41,0,14.42,13.645,15.665,89.1,1016.6,2,4.666666667,2,123.8888889,1,8.642666667
12/08/2025 01:00,0,0,0,15.065,0,14.12,13.395,15.41,89.65,1016.22,2,4.333333333,2,140.5555556,1,8.025333333
12/08/2025 02:00,0,0,0,14.62,0,13.78,13.135,15.155,90.4,1015.75,2,4.555555556,2,129.4444444,1,8.436888889
12/08/2025 03:00,0,0,0,14.24,0,13.485,12.88,14.91,91.3,1015.205,2,4,2,109.4444444,1,7.408
12/08/2025 04:00,0,0,0,14.11,0,13.39,12.795,14.82,91.5,1014.735,2,3.944444444,2,103.3333333,1,7.305111111
12/08/2025 05:00,0,0,0,13.875,0,13.18,12.61,14.64,91.9,1014.545,2,4.055555556,2,100,1,7.510888889
12/08/2025 06:00,0,0.005,0,14.24,0,13.535,12.98,14.995,92.1,1014.485,2,4.111111111,2,117.2222222,1,7.613777778
12/08/2025 07:00,0,0,0,15.795,0,14.8,14.055,16.065,89.5,1014.37,2,4.055555556,2,118.3333333,1,7.510888889
12/08/2025 08:00,0,0,0,17.65,0,15.86,14.575,16.6,82.1,1014.25,2,4.111111111,2,112.2222222,1,7.613777778
12/08/2025 09:00,0,0,0,19.515,0,16.97,15.225,17.325,76.05,1014.18,2,4.5,2,133.8888889,1,8.334
12/08/2025 10:00,0,0,0,21.405,0,17.83,15.45,17.565,68.5,1014.04,2,5.388888889,2,113.3333333,1,9.980222222
12/08/2025 11:00,0,0,0,22.745,0,18.21,15.21,17.32,62.45,1013.78,2,5.111111111,2,110.5555556,1,9.465777778
12/08/2025 12:00,0,0,0,23.735,0,18.365,14.8,16.845,57.25,1013.4,2,5.666666667,2,125,1,10.49466667
12/08/2025 13:00,0,0,0,24.14,0,18.535,14.8,16.865,56.5,1013.025,2,5.944444444,2,148.8888889,1,11.00911111
12/08/2025 14:00,0,0,0,24.35,0,18.75,15.075,17.18,56.95,1012.775,2,6,2,155,1,11.112
12/08/2025 15:00,0,0,0,24.38,0,18.79,15.11,17.22,57.25,1012.41,2,6.111111111,2,153.8888889,1,11.31777778
12/08/2025 16:00,0,0,0,24.1,0,18.695,15.195,17.295,58.4,1012,2,5.666666667,2,158.8888889,1,10.49466667
12/08/2025 17:00,0,0,0,23.79,0,18.555,15.095,17.225,59.55,1011.74,2,5.222222222,2,168.3333333,1,9.671555556
12/08/2025 18:00,0,0,0,22.605,0,18.48,15.815,18.04,66.3,1011.59,2,5.333333333,2,163.8888889,1,9.877333333
12/08/2025 19:00,0,0,0,21.375,0,18.145,16.05,18.28,72.1,1011.555,2,4.611111111,2,159.4444444,1,8.539777778
12/08/2025 20:00,0,0,0,19.57,0,17.31,15.825,18.005,79.05,1011.695,2,3.833333333,2,176.6666667,1,7.099333333
12/08/2025 21:00,0,0,0,18.12,0,16.465,15.3,17.415,83.5,1011.88,2,3.666666667,2,156.6666667,1,6.790666667
12/08/2025 22:00,0,0,0,17.25,0,15.935,14.995,17.075,86.4,1011.78,2,3.666666667,2,156.1111111,1,6.790666667
12/08/2025 23:00,0,0,0,16.565,0,15.485,14.705,16.755,88.75,1011.495,2,3.444444444,2,132.2222222,1,6.379111111
13/08/2025 00:00,0,0,0,15.95,0,15.12,14.49,16.53,90.8,1011.41,2,3.333333333,2,143.3333333,1,6.173333333
13/08/2025 01:00,0,0,0,15.545,0,14.905,14.4,16.415,92.6,1011.38,2,3.666666667,2,147.2222222,1,6.790666667
13/08/2025 02:00,0,0,0,15.14,0,14.615,14.225,16.265,93.95,1011.32,2,3.222222222,2,167.2222222,1,5.967555556
13/08/2025 03:00,0,0,0,14.9,0,14.39,13.995,16.035,94.15,1010.955,2,3.055555556,2,154.4444444,1,5.658888889
13/08/2025 04:00,0,0,0,14.695,0,14.255,13.925,15.955,94.8,1010.805,2,3.055555556,2,139.4444444,1,5.658888889
13/08/2025 05:00,0,0.005,0,14.65,0,14.225,13.895,15.95,94.9,1010.89,2,3.5,2,189.4444444,1,6.482
13/08/2025 06:00,0,0.02,0,14.84,0,14.395,14.065,16.135,94.75,1011.15,2,4.111111111,2,185,1,7.613777778
13/08/2025 07:00,0,0,0,15.97,0,15.46,15.085,17.165,94.15,1011.32,2,4.277777778,2,186.6666667,1,7.922444444
13/08/2025 08:00,0,0.2,0,17.395,0,16.38,15.695,17.835,89.5,1011.38,2,4.111111111,2,179.4444444,1,7.613777778
13/08/2025 09:00,0,0,0,18.625,0,17.08,16.055,18.255,84.8,1011.415,2,4.833333333,2,198.8888889,1,8.951333333
13/08/2025 10:00,0,0.005,0,19.475,0,17.53,16.27,18.51,81.45,1011.425,2,5.5,2,180,1,10.186
13/08/2025 11:00,0,0,0,20.41,0,17.955,16.36,18.615,77.7,1011.4,2,5.833333333,2,190.5555556,1,10.80333333
13/08/2025 12:00,0,0.06,0,21.14,0,18.21,16.325,18.59,74.3,1011.37,2,6.777777778,2,198.3333333,1,12.55244444
13/08/2025 13:00,0,0.055,0,21.58,0,18.345,16.275,18.55,72.3,1011.3,2,7.111111111,2,200,1,13.16977778
13/08/2025 14:00,0,0.005,0,21.77,0,18.485,16.395,18.66,72.1,1011.285,2,7.333333333,2,193.3333333,1,13.58133333
13/08/2025 15:00,0,0.08,0,21.805,0,18.39,16.19,18.43,71.25,1011.275,2,6.833333333,2,206.1111111,1,12.65533333
13/08/2025 16:00,0,0.1,0,21.685,0,18.37,16.245,18.485,72.05,1011.175,2,7.222222222,2,218.8888889,1,13.37555556
13/08/2025 17:00,0,0.02,0,21.375,0,18.12,15.965,18.17,72.25,1011.075,2,6.888888889,2,230,1,12.75822222
13/08/2025 18:00,0,0.22,0,20.685,0,17.78,15.85,18.06,74.75,1011.195,2,6.5,2,223.3333333,1,12.038
13/08/2025 19:00,0,0,0,19.875,0,17.465,15.865,18.06,78.35,1011.35,2,5.388888889,2,208.3333333,1,9.980222222
13/08/2025 20:00,0,0,0,18.31,0,16.865,15.87,18.065,85.7,1011.765,2,4.888888889,2,184.4444444,1,9.054222222
13/08/2025 21:00,0,0.58,0,17.515,0,16.575,15.92,18.13,90.15,1012.18,2,4.666666667,2,190,1,8.642666667
13/08/2025 22:00,0,0.005,0,17.15,0,16.34,15.76,17.955,91.35,1012.415,2,3.944444444,2,216.6666667,1,7.305111111
13/08/2025 23:00,0,0.025,0,16.775,0,16.09,15.605,17.77,92.45,1012.585,2,3.833333333,2,204.4444444,1,7.099333333
14/08/2025 00:00,0,0.045,0,16.505,0,15.96,15.57,17.715,93.9,1012.73,2,3.777777778,2,177.2222222,1,6.996444444
14/08/2025 01:00,0,0.005,0,16.26,0,15.77,15.41,17.545,94.3,1012.83,2,3.722222222,2,162.7777778,1,6.893555556
14/08/2025 02:00,0,0.1,0,16.075,0,15.63,15.31,17.44,94.8,1012.97,2,3.555555556,2,172.7777778,1,6.584888889
14/08/2025 03:00,0,0.025,0,15.895,0,15.53,15.245,17.375,95.55,1013.055,2,3.5,2,200.5555556,1,6.482
14/08/2025 04:00,0,0,0,15.84,0,15.46,15.175,17.285,95.4,1013.23,2,3.166666667,2,213.8888889,1,5.864666667
14/08/2025 05:00,0,0.01,0,15.65,0,15.29,15.005,17.125,95.6,1013.59,2,3.444444444,2,238.8888889,1,6.379111111
14/08/2025 06:00,0,0.015,0,15.855,0,15.515,15.28,17.395,95.95,1014.215,2,3.5,2,230.5555556,1,6.482
14/08/2025 07:00,0,0.04,0,16.425,0,15.995,15.685,17.85,95,1014.82,2,3.555555556,2,241.1111111,1,6.584888889
14/08/2025 08:00,0,0.03,0,17.16,0,16.48,15.995,18.215,92.6,1015.365,2,4.055555556,2,248.3333333,1,7.510888889
14/08/2025 09:00,0,0.07,0,17.9,0,16.845,16.13,18.345,88.95,1015.98,2,4.611111111,2,251.1111111,1,8.539777778
14/08/2025 10:00,0,0.015,0,18.775,0,17.185,16.15,18.37,84.5,1016.54,2,4.722222222,2,256.6666667,1,8.745555556
14/08/2025 11:00,0,0.005,0,19.775,0,17.515,16.03,18.23,78.85,1017.07,2,4.888888889,2,261.1111111,1,9.054222222
14/08/2025 12:00,0,0.005,0,20.215,0,17.75,16.14,18.355,77.2,1017.425,2,5.944444444,2,253.8888889,1,11.00911111
14/08/2025 13:00,0,0.01,0,20.83,0,17.89,15.93,18.125,73.55,1017.865,2,6.611111111,2,252.7777778,1,12.24377778
14/08/2025 14:00,0,0.005,0,21.15,0,17.93,15.815,17.98,71.85,1018.355,2,7.111111111,2,253.8888889,1,13.16977778
14/08/2025 15:00,0,0,0,21.375,0,18.07,15.935,18.125,71.15,1018.715,2,6.944444444,2,252.2222222,1,12.86111111
14/08/2025 16:00,0,0.01,0,21.175,0,17.955,15.855,18.03,71.8,1019.095,2,6.833333333,2,251.1111111,1,12.65533333
14/08/2025 17:00,0,0,0,20.62,0,17.72,15.815,17.98,74.05,1019.615,2,6.722222222,2,252.2222222,1,12.44955556
14/08/2025 18:00,0,0.035,0,20.115,0,17.39,15.57,17.715,75.15,1020.255,2,6.111111111,2,255.5555556,1,11.31777778
14/08/2025 19:00,0,0,0,19.215,0,16.975,15.435,17.565,78.65,1021.02,2,5.055555556,2,261.1111111,1,9.362888889
14/08/2025 20:00,0,0,0,17.945,0,16.3,15.13,17.225,83.45,1021.805,2,3.555555556,2,265,1,6.584888889
14/08/2025 21:00,0,0,0,16.595,0,15.535,14.76,16.82,88.5,1022.77,2,2.5,2,261.1111111,1,4.63
14/08/2025 22:00,0,0,0,15.845,0,15.06,14.485,16.54,91.3,1023.435,2,2.722222222,2,226.6666667,1,5.041555556
14/08/2025 23:00,0,0,0,15.215,0,14.555,14.06,16.095,92.7,1024.01,2,2.388888889,2,218.3333333,1,4.424222222
15/08/2025 00:00,0,0,0,14.725,0,14.245,13.855,15.875,94.1,1024.425,2,2.666666667,2,232.7777778,0,4.938666667
15/08/2025 01:00,0,0,0,14.28,0,13.845,13.505,15.535,94.85,1024.765,2,2.666666667,2,226.6666667,0,4.938666667
15/08/2025 02:00,0,0,0,14.17,0,13.8,13.515,15.545,95.6,1025.115,2,2.777777778,2,167.2222222,0,5.144444444
15/08/2025 03:00,0,0,0,14.08,0,13.72,13.445,15.47,95.6,1025.5,2,2.777777778,2,183.3333333,0,5.144444444
15/08/2025 04:00,0,0,0,13.855,0,13.54,13.27,15.32,95.85,1025.885,2,2.833333333,2,181.1111111,0,5.247333333
15/08/2025 05:00,0,0.005,0,13.61,0,13.255,12.955,15.045,95.65,1026.285,2,2.833333333,2,178.3333333,0,5.247333333
15/08/2025 06:00,0,0,0,13.775,0,13.435,13.19,15.255,95.95,1026.585,2,3,2,197.2222222,0,5.556
15/08/2025 07:00,0,0,0,14.91,0,14.53,14.235,16.265,95.3,1027.035,2,3.666666667,2,170,0,6.790666667
15/08/2025 08:00,0,0,0,16.395,0,15.665,15.15,17.24,92,1027.46,2,3.666666667,2,153.8888889,0,6.790666667
15/08/2025 09:00,0,0,0,18.015,0,16.435,15.365,17.47,84.65,1027.905,2,3.611111111,2,130.5555556,0,6.687777778
15/08/2025 10:00,0,0.005,0,19.695,0,17.035,15.215,17.3,75.5,1028.145,2,4.222222222,2,153.8888889,0,7.819555556
15/08/2025 11:00,0,0,0,20.74,0,17.55,15.4,17.52,71.45,1028.39,2,4.833333333,2,144.4444444,0,8.951333333
15/08/2025 12:00,0,0,0,21.415,0,17.72,15.23,17.34,67.75,1028.465,2,5.722222222,2,150,0,10.59755556
15/08/2025 13:00,0,0,0,21.805,0,17.795,15.105,17.2,65.7,1028.455,2,6.277777778,2,121.1111111,0,11.62644444
15/08/2025 14:00,0,0,0,22.1,0,17.795,14.885,16.955,63.9,1028.27,2,6.611111111,2,136.6666667,0,12.24377778
15/08/2025 15:00,0,0,0,22.2,0,17.865,14.925,17.02,63.75,1028.13,2,7.222222222,2,107.7777778,0,13.37555556
15/08/2025 16:00,0,0,0,22.11,0,17.755,14.815,16.87,63.5,1027.805,2,7.111111111,2,65,0,13.16977778
15/08/2025 17:00,0,0,0,21.995,0,17.52,14.435,16.485,62.5,1027.61,2,7.166666667,2,65,0,13.27266667
15/08/2025 18:00,0,0,0,21.01,0,17.135,14.41,16.46,65.95,1027.595,2,7.111111111,2,69.44444444,0,13.16977778
15/08/2025 19:00,0,0,0,19.805,0,16.645,14.405,16.46,71.15,1027.67,2,6.5,2,94.44444444,0,12.038
15/08/2025 20:00,0,0,0,18.035,0,15.795,14.17,16.175,77.95,1028.065,2,5.722222222,2,96.11111111,0,10.59755556
15/08/2025 21:00,0,0,0,16.605,0,14.995,13.77,15.77,83,1028.405,2,4.833333333,2,86.11111111,0,8.951333333
15/08/2025 22:00,0,0,0,15.6,0,14.305,13.295,15.27,85.95,1028.505,2,4.722222222,2,92.22222222,0,8.745555556
15/08/2025 23:00,0,0,0,15.095,0,13.97,13.075,15.075,87.6,1028.39,2,5.111111111,2,53.33333333,0,9.465777778
16/08/2025 00:00,0,0,0,14.325,0,13.45,12.73,14.755,90,1028.295,2,5.222222222,2,63.33333333,0,9.671555556
16/08/2025 01:00,0,0,0,13.99,0,13.195,12.545,14.56,90.7,1028.105,2,5,2,108.3333333,0,9.26
16/08/2025 02:00,0,0,0,13.875,0,13.08,12.435,14.46,91,1027.865,2,5.277777778,2,93.33333333,0,9.774444444
16/08/2025 03:00,0,0,0,13.58,0,12.85,12.27,14.31,91.8,1027.69,2,5.555555556,2,90.55555556,0,10.28888889
16/08/2025 04:00,0,0,0,13.655,0,13.03,12.515,14.55,92.75,1027.46,2,5.944444444,2,101.1111111,0,11.00911111
16/08/2025 05:00,0,0,0,13.6,0,13.02,12.545,14.57,93.3,1027.305,2,6.611111111,2,87.22222222,0,12.24377778
16/08/2025 06:00,0,0.01,0,13.82,0,13.19,12.675,14.7,92.55,1027.215,2,6.555555556,2,60,0,12.14088889
16/08/2025 07:00,0,0,0,14.8,0,13.945,13.255,15.24,90.45,1027.31,2,7.166666667,2,66.11111111,0,13.27266667
16/08/2025 08:00,0,0,0,15.88,0,14.7,13.82,15.805,87.65,1027.39,2,8.111111111,2,72.22222222,0,15.02177778
16/08/2025 09:00,0,0,0,17.1,0,15.39,14.095,16.115,82.55,1027.045,2,8.5,2,88.88888889,0,15.742
16/08/2025 10:00,0,0,0,18.345,0,16.08,14.45,16.465,78.1,1026.895,2,9.444444444,2,87.22222222,0,17.49111111
16/08/2025 11:00,0,0,0,19.12,0,16.515,14.705,16.745,75.5,1026.62,2,10.38888889,2,74.44444444,0,19.24022222
16/08/2025 12:00,0,0,0,19.87,0,16.98,15.02,17.075,73.5,1026.33,2,10.72222222,2,75,0,19.85755556
16/08/2025 13:00,0,0,0,20.7,0,17.33,15.055,17.12,70.15,1025.9,2,10.83333333,2,82.22222222,0,20.06333333
16/08/2025 14:00,0,0,0,21.035,0,17.565,15.235,17.33,69.45,1025.525,2,10.72222222,2,87.22222222,0,19.85755556
16/08/2025 15:00,0,0,0,21.19,0,17.64,15.25,17.355,68.9,1025.07,2,10.33333333,2,85.55555556,0,19.13733333
16/08/2025 16:00,0,0.09,0,20.9,0,17.56,15.3,17.405,70.2,1024.64,2,10.11111111,2,83.33333333,0,18.72577778
16/08/2025 17:00,0,0.01,0,20.7,0,17.555,15.45,17.555,71.85,1024.44,2,9.888888889,2,90.55555556,0,18.31422222
16/08/2025 18:00,0,0.01,0,20.015,0,17.285,15.445,17.57,74.85,1024.43,2,9.388888889,2,90,0,17.38822222
16/08/2025 19:00,0,0.025,0,19.17,0,16.835,15.245,17.325,77.85,1024.375,2,8.611111111,2,87.22222222,0,15.94777778
16/08/2025 20:00,0,0,0,18.215,0,16.365,15.06,17.13,81.7,1024.59,2,8,2,86.11111111,0,14.816
16/08/2025 21:00,0,0.005,0,17.64,0,16.005,14.845,16.915,83.5,1024.705,2,7.444444444,2,81.11111111,0,13.78711111
16/08/2025 22:00,0,0,0,17.085,0,15.725,14.77,16.825,86.25,1024.625,2,6.666666667,2,78.88888889,0,12.34666667
16/08/2025 23:00,0,0,0,16.705,0,15.49,14.605,16.665,87.25,1024.585,2,6.722222222,2,86.11111111,0,12.44955556
17/08/2025 00:00,0,0,0,16.245,0,15.185,14.42,16.47,88.7,1024.535,2,6.444444444,2,95,1,11.93511111
17/08/2025 01:00,0,0.005,0,15.8,0,14.86,14.18,16.215,90,1024.25,2,5.944444444,2,85,1,11.00911111
17/08/2025 02:00,0,0,0,15.695,0,14.755,14.055,16.08,89.8,1023.83,2,6.055555556,2,107.7777778,1,11.21488889
17/08/2025 03:00,0,0,0,15.59,0,14.695,14.005,16.05,90.1,1023.515,2,6.555555556,2,123.8888889,1,12.14088889
17/08/2025 04:00,0,0,0,15.505,0,14.635,13.975,16.01,90.2,1023.32,2,6.277777778,2,107.7777778,1,11.62644444
17/08/2025 05:00,0,0,0,15.105,0,14.325,13.72,15.73,91.15,1023.205,2,6.333333333,2,108.3333333,1,11.72933333
17/08/2025 06:00,0,0,0,15.15,0,14.325,13.7,15.705,90.9,1023.185,2,5.833333333,2,107.7777778,1,10.80333333
17/08/2025 07:00,0,0,0,16.135,0,15.04,14.265,16.265,88.3,1023.225,2,6.611111111,2,84.44444444,1,12.24377778
17/08/2025 08:00,0,0,0,17.23,0,15.7,14.585,16.605,84.1,1023.15,2,7.277777778,2,91.11111111,1,13.47844444
17/08/2025 09:00,0,0,0,18.2,0,16.045,14.485,16.535,78.7,1023.005,2,8.222222222,2,95,1,15.22755556
17/08/2025 10:00,0,0,0,18.81,0,16.16,14.235,16.275,74.45,1022.85,2,9.5,2,97.22222222,1,17.594
17/08/2025 11:00,0,0,0,19.535,0,16.3,13.905,15.96,69.95,1022.665,2,10.44444444,2,97.77777778,1,19.34311111
17/08/2025 12:00,0,0,0,20.07,0,16.415,13.725,15.76,66.95,1022.435,2,11.05555556,2,101.1111111,1,20.47488889
17/08/2025 13:00,0,0,0,20.58,0,16.575,13.625,15.67,64.75,1022.22,2,10.88888889,2,102.2222222,1,20.16622222
17/08/2025 14:00,0,0,0,20.925,0,16.5,13.16,15.265,61.95,1021.795,2,10.66666667,2,100.5555556,1,19.75466667
17/08/2025 15:00,0,0,0,21.075,0,16.415,12.83,14.985,60.3,1021.44,2,10.5,2,95,1,19.446
17/08/2025 16:00,0,0.005,0,20.92,0,16.125,12.36,14.565,59.05,1021.025,2,10.16666667,2,97.77777778,1,18.82866667
17/08/2025 17:00,0,0.005,0,20.52,0,16.225,12.94,15.045,62.45,1020.69,2,10.05555556,2,98.33333333,1,18.62288889
17/08/2025 18:00,0,0,0,19.825,0,15.845,12.735,14.855,64.3,1020.595,2,9.5,2,97.22222222,1,17.594
17/08/2025 19:00,0,0.005,0,18.725,0,15.425,12.845,14.92,68.75,1020.63,2,8.111111111,2,91.11111111,1,15.02177778
17/08/2025 20:00,0,0.005,0,17.495,0,14.745,12.545,14.61,72.8,1020.815,2,6.722222222,2,89.44444444,1,12.44955556
17/08/2025 21:00,0,0.005,0,16.35,0,14.2,12.43,14.52,77.55,1021.045,2,6.055555556,2,83.88888889,1,11.21488889
17/08/2025 22:00,0,0,0,15.53,0,13.79,12.345,14.435,81.3,1021,2,5.611111111,2,95.55555556,1,10.39177778
17/08/2025 23:00,0,0.025,0,14.93,0,13.41,12.125,14.235,83.3,1021.005,2,5.555555556,2,134.4444444,1,10.28888889
18/08/2025 00:00,0,0.015,0,14.545,0,13.165,12.005,14.14,84.8,1020.86,2,5.444444444,2,122.7777778,1,10.08311111
18/08/2025 01:00,0,0.005,0,14.075,0,12.9,11.92,14.09,86.95,1020.665,2,5.277777778,2,140.5555556,1,9.774444444
18/08/2025 02:00,0,0,0,13.67,0,12.665,11.815,13.99,88.45,1020.38,2,5.055555556,2,116.6666667,1,9.362888889
18/08/2025 03:00,0,0,0,13.495,0,12.62,11.885,14.015,89.75,1020.11,2,4.944444444,2,98.88888889,1,9.157111111
18/08/2025 04:00,0,0,0,13.49,0,12.675,11.995,14.115,90.45,1019.88,2,5.055555556,2,113.8888889,1,9.362888889
18/08/2025 05:00,0,0,0,13.67,0,12.875,12.175,14.295,90.6,1019.785,2,4.833333333,2,124.4444444,1,8.951333333
18/08/2025 06:00,0,0.025,0,14.05,0,13.31,12.675,14.785,91.35,1019.975,2,5.833333333,2,140,1,10.80333333
18/08/2025 07:00,0,0,0,15.46,0,14.515,13.81,15.81,89.75,1020.275,2,5.666666667,2,109.4444444,1,10.49466667
18/08/2025 08:00,0,0,0,16.965,0,15.585,14.57,16.61,85.7,1020.4,2,6.5,2,80.55555556,1,12.038
18/08/2025 09:00,0,0,0,18.065,0,16.19,14.835,16.91,81.25,1020.395,2,7.5,2,88.88888889,1,13.89
18/08/2025 10:00,0,0.01,0,18.595,0,16.535,15.08,17.145,79.8,1020.505,2,7.833333333,2,92.22222222,1,14.50733333
18/08/2025 11:00,0,0,0,19.19,0,16.865,15.26,17.355,77.75,1020.395,2,7.944444444,2,90.55555556,1,14.71311111
18/08/2025 12:00,0,0,0,19.335,0,16.97,15.36,17.46,77.55,1020.165,2,8.5,2,89.44444444,1,15.742
18/08/2025 13:00,0,0.02,0,19.565,0,17.12,15.465,17.595,77.15,1020.255,2,8.055555556,2,87.77777778,1,14.91888889
18/08/2025 14:00,0,0.035,0,19.375,0,17.035,15.445,17.58,77.85,1020.36,2,7.666666667,2,96.66666667,1,14.19866667
18/08/2025 15:00,0,0.01,0,19.385,0,16.935,15.25,17.355,76.65,1020,2,7.722222222,2,107.2222222,1,14.30155556
18/08/2025 16:00,0,0.03,0,19.125,0,16.835,15.26,17.365,78,1019.775,2,7.444444444,2,115.5555556,1,13.78711111
18/08/2025 17:00,0,0.02,0,18.925,0,16.725,15.195,17.29,78.8,1019.76,2,7.333333333,2,106.1111111,1,13.58133333
18/08/2025 18:00,0,0.035,0,18.54,0,16.58,15.18,17.3,80.45,1019.785,2,6.722222222,2,93.88888889,1,12.44955556
18/08/2025 19:00,0,0.02,0,17.88,0,16.215,15.005,17.1,83.05,1019.845,2,5.666666667,2,93.88888889,1,10.49466667
18/08/2025 20:00,0,0.01,0,17.2,0,15.84,14.835,16.905,85.7,1019.97,2,5,2,67.22222222,1,9.26
18/08/2025 21:00,0,0.01,0,16.495,0,15.325,14.465,16.49,87.4,1019.975,2,4.666666667,2,76.11111111,1,8.642666667
18/08/2025 22:00,0,0.015,0,16.245,0,15.15,14.35,16.375,88.2,1019.815,2,5,2,82.77777778,1,9.26
18/08/2025 23:00,0,0.02,0,15.905,0,14.955,14.22,16.225,89.25,1019.625,2,4.5,2,107.7777778,1,8.334
19/08/2025 00:00,0,0,0,15.575,0,14.695,14.025,16.035,90.2,1019.515,2,4.777777778,2,104.4444444,1,8.848444444
19/08/2025 01:00,0,0.025,0,15.425,0,14.625,14.04,16.045,91.1,1019.3,2,4.555555556,2,89.44444444,1,8.436888889
19/08/2025 02:00,0,0,0,15.415,0,14.63,14.035,16.02,91,1019.175,2,4.666666667,2,101.6666667,1,8.642666667
19/08/2025 03:00,0,0,0,15.335,0,14.545,13.925,15.915,91.05,1018.945,2,4.777777778,2,93.88888889,1,8.848444444
19/08/2025 04:00,0,0.005,0,15.33,0,14.565,13.99,15.99,91.55,1018.8,2,4.833333333,2,100.5555556,1,8.951333333
19/08/2025 05:00,0,0,0,15.32,0,14.57,14,15.995,91.6,1018.605,2,4.666666667,2,85.55555556,1,8.642666667
19/08/2025 06:00,0,0.02,0,15.42,0,14.705,14.16,16.155,91.75,1018.67,2,4.333333333,2,100.5555556,1,8.025333333
19/08/2025 07:00,0,0,0,15.975,0,15.115,14.47,16.495,90.55,1018.805,2,5.222222222,2,85,1,9.671555556
19/08/2025 08:00,0,0.005,0,16.72,0,15.485,14.57,16.595,86.8,1018.845,2,6.111111111,2,82.77777778,1,11.31777778
19/08/2025 09:00,0,0,0,17.695,0,15.875,14.54,16.58,81.3,1018.905,2,7.111111111,2,77.22222222,1,13.16977778
19/08/2025 10:00,0,0,0,18.265,0,15.855,14.085,16.115,76.3,1019.085,2,7.666666667,2,68.88888889,1,14.19866667
19/08/2025 11:00,0,0,0,18.5,0,15.865,13.91,15.92,74.25,1019.215,2,8.055555556,2,72.22222222,1,14.91888889
19/08/2025 12:00,0,0,0,18.735,0,15.895,13.8,15.835,72.75,1019.11,2,7.944444444,2,81.66666667,1,14.71311111
19/08/2025 13:00,0,0,0,18.82,0,15.885,13.735,15.74,72.15,1019.085,2,8.055555556,2,92.22222222,1,14.91888889
19/08/2025 14:00,0,0,0,19.105,0,15.97,13.645,15.655,70.3,1019.095,2,7.888888889,2,98.88888889,1,14.61022222
19/08/2025 15:00,0,0,0,18.975,0,15.895,13.595,15.61,70.65,1018.97,2,7.944444444,2,83.88888889,1,14.71311111
19/08/2025 16:00,0,0,0,18.725,0,15.75,13.535,15.555,71.45,1018.955,2,8.222222222,2,77.77777778,1,15.22755556
19/08/2025 17:00,0,0,0,18.33,0,15.53,13.41,15.435,72.7,1019.05,2,8,2,77.22222222,1,14.816
19/08/2025 18:00,0,0,0,17.92,0,15.33,13.34,15.375,74.4,1019.135,2,7.055555556,2,75,1,13.06688889
19/08/2025 19:00,0,0,0,17.135,0,14.87,13.105,15.14,77,1019.32,2,6.444444444,2,79.44444444,1,11.93511111
19/08/2025 20:00,0,0,0,16.345,0,14.52,13.075,15.09,80.75,1019.765,2,5.388888889,2,71.66666667,1,9.980222222
19/08/2025 21:00,0,0,0,15.74,0,14.25,13.045,15.065,83.7,1020.02,2,4.611111111,2,75.55555556,1,8.539777778
19/08/2025 22:00,0,0,0,15.47,0,14.075,12.965,14.97,84.8,1020.105,2,4.555555556,2,85,1,8.436888889
19/08/2025 23:00,0,0,0,15.21,0,13.87,12.795,14.805,85.25,1020.27,2,4.722222222,2,94.44444444,1,8.745555556
20/08/2025 00:00,0,0,0,14.98,0,13.79,12.805,14.825,86.45,1020.41,2,4.222222222,2,73.33333333,1,7.819555556
20/08/2025 01:00,0,0,0,14.84,0,13.655,12.67,14.67,86.5,1020.425,2,4.166666667,2,125,1,7.716666667
20/08/2025 02:00,0,0,0,14.8,0,13.615,12.635,14.645,86.6,1020.33,2,4.722222222,2,81.66666667,1,8.745555556
20/08/2025 03:00,0,0,0,14.61,0,13.435,12.47,14.5,86.8,1020.405,2,4.888888889,2,61.11111111,1,9.054222222
20/08/2025 04:00,0,0,0,14.625,0,13.43,12.42,14.45,86.25,1020.375,2,4.444444444,2,88.33333333,1,8.231111111
20/08/2025 05:00,0,0,0,14.495,0,13.35,12.405,14.41,87,1020.385,2,4.555555556,2,78.88888889,1,8.436888889
20/08/2025 06:00,0,0,0,14.475,0,13.28,12.27,14.29,86.25,1020.63,2,4.666666667,2,77.22222222,1,8.642666667
20/08/2025 07:00,0,0,0,14.81,0,13.51,12.415,14.415,85.15,1020.975,2,4.611111111,2,85,1,8.539777778
20/08/2025 08:00,0,0,0,15.475,0,13.785,12.385,14.42,81.7,1021.185,2,5.666666667,2,87.22222222,1,10.49466667
20/08/2025 09:00,0,0,0,16.155,0,13.975,12.2,14.225,77.15,1021.255,2,6.611111111,2,61.11111111,1,12.24377778
20/08/2025 10:00,0,0,0,16.655,0,14.135,12.07,14.125,74.1,1021.405,2,7.222222222,2,83.88888889,1,13.37555556
20/08/2025 11:00,0,0,0,16.96,0,14.155,11.835,13.91,71.4,1021.39,2,7.055555556,2,82.22222222,1,13.06688889
20/08/2025 12:00,0,0,0,17.135,0,14.24,11.855,13.945,70.85,1021.44,2,7.333333333,2,84.44444444,1,13.58133333
20/08/2025 13:00,0,0,0,17.32,0,14.27,11.77,13.85,69.9,1021.36,2,7.5,2,81.11111111,1,13.89
20/08/2025 14:00,0,0,0,17.47,0,14.42,11.94,14.01,69.75,1021.3,2,7.166666667,2,86.66666667,1,13.27266667
20/08/2025 15:00,0,0,0,17.465,0,14.31,11.73,13.825,68.75,1021.095,2,7.166666667,2,84.44444444,1,13.27266667
20/08/2025 16:00,0,0,0,17.315,0,14.28,11.77,13.865,69.55,1020.83,2,6.666666667,2,86.11111111,1,12.34666667
20/08/2025 17:00,0,0,0,17.145,0,14.095,11.565,13.675,69.4,1020.675,2,6.111111111,2,91.11111111,1,11.31777778
20/08/2025 18:00,0,0,0,16.73,0,13.795,11.335,13.495,70.15,1020.63,2,5.555555556,2,95,1,10.28888889
20/08/2025 19:00,0,0,0,16.145,0,13.555,11.36,13.505,73,1020.865,2,4.611111111,2,85,1,8.539777778
20/08/2025 20:00,0,0,0,15.46,0,13.29,11.425,13.57,76.65,1021.185,2,3.555555556,2,95.55555556,1,6.584888889
20/08/2025 21:00,0,0,0,14.715,0,12.935,11.39,13.53,80.35,1021.435,2,2.944444444,2,100,1,5.453111111
20/08/2025 22:00,0,0,0,14.06,0,12.535,11.185,13.37,82.5,1021.45,2,2.777777778,2,136.1111111,1,5.144444444
20/08/2025 23:00,0,0,0,13.53,0,12.185,10.985,13.19,84.55,1021.425,2,2.833333333,2,132.2222222,1,5.247333333
21/08/2025 00:00,0,0,0,13.295,0,12.03,10.885,13.09,85.15,1021.29,2,2.722222222,2,154.4444444,1,5.041555556
21/08/2025 01:00,0,0,0,13.185,0,11.96,10.865,13.095,85.85,1021.215,2,2.555555556,2,127.2222222,1,4.732888889
21/08/2025 02:00,0,0,0,12.975,0,11.855,10.83,13.06,86.7,1020.955,2,3.055555556,2,128.3333333,1,5.658888889
21/08/2025 03:00,0,0,0,12.825,0,11.67,10.54,12.795,86,1020.7,2,2.833333333,2,121.6666667,1,5.247333333
21/08/2025 04:00,0,0,0,12.59,0,11.5,10.48,12.745,86.9,1020.66,2,2.555555556,2,143.3333333,1,4.732888889
21/08/2025 05:00,0,0,0,12.545,0,11.555,10.605,12.84,87.85,1020.715,2,2.388888889,2,162.2222222,1,4.424222222
21/08/2025 06:00,0,0,0,12.52,0,11.455,10.465,12.715,87.3,1020.91,2,2.888888889,2,124.4444444,1,5.350222222
21/08/2025 07:00,0,0,0,13.3,0,12.05,10.895,13.11,85.45,1021.135,2,2.555555556,2,183.3333333,1,4.732888889
21/08/2025 08:00,0,0,0,14.805,0,12.92,11.22,13.42,78.95,1021.29,2,3.111111111,2,208.8888889,1,5.761777778
21/08/2025 09:00,0,0,0,16.055,0,13.26,10.76,13.05,70.9,1021.48,2,3.666666667,2,202.2222222,1,6.790666667
21/08/2025 10:00,0,0,0,17.035,0,13.645,10.615,12.95,65.8,1021.705,2,3.777777778,2,205,1,6.996444444
21/08/2025 11:00,0,0,0,17.42,0,13.67,10.34,12.665,63.35,1021.75,2,4.388888889,2,165.5555556,1,8.128222222
21/08/2025 12:00,0,0,0,17.86,0,13.825,10.285,12.615,61.2,1021.835,2,4.388888889,2,166.6666667,1,8.128222222
21/08/2025 13:00,0,0,0,18.34,0,14.065,10.36,12.65,59.55,1021.86,2,4.666666667,2,189.4444444,1,8.642666667
21/08/2025 14:00,0,0,0,18.505,0,14.2,10.475,12.735,59.65,1021.99,2,4.555555556,2,167.2222222,1,8.436888889
21/08/2025 15:00,0,0,0,18.66,0,14.28,10.495,12.81,59.5,1021.75,2,4.277777778,2,186.6666667,1,7.922444444
21/08/2025 16:00,0,0,0,18.74,0,14.285,10.435,12.74,58.65,1021.63,2,4.166666667,2,213.3333333,1,7.716666667
21/08/2025 17:00,0,0,0,18.39,0,14.245,10.68,12.92,61,1021.57,2,4,2,220.5555556,1,7.408
21/08/2025 18:00,0,0,0,17.975,0,14.25,11.07,13.31,64.45,1021.745,2,4.055555556,2,230,1,7.510888889
21/08/2025 19:00,0,0,0,16.985,0,13.92,11.285,13.455,69.1,1022.05,2,3.722222222,2,218.8888889,1,6.893555556
21/08/2025 20:00,0,0,0,15.6,0,13.27,11.245,13.42,74.95,1022.425,2,3.777777778,2,202.7777778,1,6.996444444
21/08/2025 21:00,0,0,0,14.455,0,12.645,11,13.215,79.4,1022.765,2,3.055555556,2,213.3333333,1,5.658888889
21/08/2025 22:00,0,0,0,13.84,0,12.355,11.04,13.26,83.2,1022.85,2,2.777777778,2,217.7777778,1,5.144444444
21/08/2025 23:00,0,0,0,13.365,0,12.1,10.945,13.2,85,1022.88,2,2.611111111,2,176.1111111,1,4.835777778
22/08/2025 00:00,0,0,0,13.13,0,11.975,10.93,13.145,86.2,1022.79,2,2.5,2,181.1111111,0,4.63
22/08/2025 01:00,0,0,0,12.71,0,11.635,10.655,12.93,87.1,1022.625,2,2.611111111,2,165.5555556,0,4.835777778
22/08/2025 02:00,0,0,0,12.54,0,11.57,10.68,12.935,88.35,1022.41,2,2.555555556,2,204.4444444,0,4.732888889
22/08/2025 03:00,0,0,0,12.15,0,11.33,10.575,12.88,89.9,1022.175,2,2.777777778,2,205,0,5.144444444
22/08/2025 04:00,0,0.005,0,11.905,0,11.175,10.505,12.83,90.9,1021.955,2,2.666666667,2,174.4444444,0,4.938666667
22/08/2025 05:00,0,0,0,11.895,0,11.22,10.585,12.9,91.45,1021.805,2,2.611111111,2,164.4444444,0,4.835777778
22/08/2025 06:00,0,0,0,12.12,0,11.455,10.88,13.12,91.8,1021.83,2,2.555555556,2,158.3333333,0,4.732888889
22/08/2025 07:00,0,0,0,13.425,0,12.58,11.855,13.97,90.05,1022,2,2,2,151.1111111,0,3.704
22/08/2025 08:00,0,0,0,14.92,0,13.665,12.62,14.675,86.05,1022.215,2,2.5,2,153.3333333,0,4.63
22/08/2025 09:00,0,0,0,16.475,0,14.635,13.17,15.21,80.75,1022.245,2,2.777777778,2,175.5555556,0,5.144444444
22/08/2025 10:00,0,0,0,17.785,0,15.16,13.11,15.16,74.15,1022.195,2,3.555555556,2,192.2222222,0,6.584888889
22/08/2025 11:00,0,0,0,18.565,0,15.445,12.98,15.055,70.2,1022.085,2,4.444444444,2,221.1111111,0,8.231111111
22/08/2025 12:00,0,0,0,19.06,0,15.655,13.015,15.1,68.2,1021.935,2,5.444444444,2,225,0,10.08311111
22/08/2025 13:00,0,0.02,0,19.315,0,15.865,13.19,15.29,68.15,1021.82,2,5.833333333,2,221.6666667,0,10.80333333
22/08/2025 14:00,0,0.035,0,19.675,0,16.085,13.335,15.47,67.35,1021.7,2,6.277777778,2,230.5555556,0,11.62644444
22/08/2025 15:00,0,0,0,19.405,0,16.255,13.865,15.995,70.75,1021.41,2,6.333333333,2,230.5555556,0,11.72933333
22/08/2025 16:00,0,0.005,0,19.145,0,16.275,14.11,16.235,73.15,1021.035,2,6,2,239.4444444,0,11.112
22/08/2025 17:00,0,0.025,0,18.845,0,16.235,14.28,16.405,75.45,1020.835,2,5.555555556,2,238.3333333,0,10.28888889
22/08/2025 18:00,0,0.035,0,18.515,0,16.285,14.645,16.755,78.55,1020.755,2,5.166666667,2,209.4444444,0,9.568666667
22/08/2025 19:00,0,0.05,0,18.105,0,16.21,14.81,16.915,81.3,1020.63,2,4.777777778,2,228.3333333,0,8.848444444
22/08/2025 20:00,0,0.06,0,17.65,0,16.065,14.905,17.02,84.05,1020.78,2,4.555555556,2,210,0,8.436888889
22/08/2025 21:00,0,0.06,0,17.26,0,16.01,15.085,17.21,87.1,1020.885,2,4.722222222,2,205.5555556,0,8.745555556
22/08/2025 22:00,0,0.08,0,16.935,0,15.955,15.215,17.35,89.55,1020.685,2,4.388888889,2,203.8888889,0,8.128222222
22/08/2025 23:00,0,0.115,0,16.75,0,15.89,15.255,17.385,90.65,1020.645,2,4.111111111,2,193.8888889,0,7.613777778
23/08/2025 00:00,0,0.19,0,16.735,0,15.965,15.395,17.545,91.55,1020.52,2,3.833333333,2,204.4444444,0,7.099333333
23/08/2025 01:00,0,0.165,0,16.545,0,15.905,15.425,17.555,92.9,1020.215,2,3.388888889,2,197.2222222,0,6.276222222
23/08/2025 02:00,0,0.115,0,16.385,0,15.875,15.5,17.64,94.25,1019.965,2,3.277777778,2,193.3333333,0,6.070444444
23/08/2025 03:00,0,0.15,0,16.39,0,15.955,15.615,17.785,94.8,1019.745,2,3.444444444,2,181.6666667,0,6.379111111
23/08/2025 04:00,0,0.035,0,16.355,0,15.925,15.645,17.805,95.2,1019.365,2,3.388888889,2,190,0,6.276222222
23/08/2025 05:00,0,0.15,0,16.33,0,15.95,15.64,17.795,95.35,1019.02,2,3.833333333,2,204.4444444,0,7.099333333
23/08/2025 06:00,0,0.22,0,16.36,0,15.965,15.675,17.845,95.55,1019.14,2,3.888888889,2,183.3333333,0,7.202222222
23/08/2025 07:00,0,0.195,0,16.685,0,16.265,15.97,18.165,95.2,1019.39,2,4.055555556,2,194.4444444,0,7.510888889
23/08/2025 08:00,0,0.225,0,17.25,0,16.67,16.26,18.51,93.65,1019.43,2,4.222222222,2,187.2222222,0,7.819555556
23/08/2025 09:00,0,0.08,0,18.005,0,17.11,16.495,18.775,90.65,1019.63,2,4.611111111,2,191.1111111,0,8.539777778
23/08/2025 10:00,0,0.09,0,18.865,0,17.48,16.56,18.89,86.6,1019.67,2,4.833333333,2,196.6666667,0,8.951333333
23/08/2025 11:00,0,0.085,0,19.185,0,17.51,16.385,18.68,84.15,1019.605,2,6.111111111,2,210.5555556,0,11.31777778
23/08/2025 12:00,0,0.075,0,19.66,0,17.645,16.285,18.565,80.9,1019.39,2,6.111111111,2,221.1111111,0,11.31777778
23/08/2025 13:00,0,0.085,0,20.055,0,17.78,16.265,18.535,78.95,1019.175,2,6.388888889,2,208.8888889,0,11.83222222
23/08/2025 14:00,0,0.065,0,20.455,0,17.895,16.195,18.465,76.5,1019.06,2,6.444444444,2,205,0,11.93511111
23/08/2025 15:00,0,0.07,0,20.405,0,17.885,16.19,18.475,76.8,1018.68,2,6.444444444,2,213.3333333,0,11.93511111
23/08/2025 16:00,0,0.06,0,20.345,0,17.825,16.155,18.41,77,1018.325,2,6.111111111,2,203.3333333,0,11.31777778
23/08/2025 17:00,0,0.025,0,19.81,0,17.63,16.165,18.435,79.4,1018.155,2,5.5,2,227.2222222,0,10.186
23/08/2025 18:00,0,0.01,0,19.38,0,17.33,15.945,18.19,80.5,1017.99,2,5.166666667,2,208.3333333,0,9.568666667
23/08/2025 19:00,0,0.095,0,18.6,0,17.125,16.11,18.39,85.35,1017.9,2,3.944444444,2,183.8888889,0,7.305111111
23/08/2025 20:00,0,0.07,0,17.845,0,16.665,15.81,18.04,87.75,1018.08,2,3.333333333,2,185.5555556,0,6.173333333
23/08/2025 21:00,0,0.005,0,17.31,0,16.265,15.52,17.67,89,1018.15,2,3.5,2,150.5555556,0,6.482
23/08/2025 22:00,0,0.005,0,16.92,0,16,15.34,17.48,90.25,1018.03,2,4.055555556,2,146.1111111,0,7.510888889
23/08/2025 23:00,0,0,0,16.695,0,15.905,15.335,17.47,91.55,1017.865,2,4.166666667,2,140,0,7.716666667
24/08/2025 00:00,0,0,0,16.44,0,15.705,15.155,17.26,91.85,1017.675,2,4.222222222,2,133.8888889,1,7.819555556
24/08/2025 01:00,0,0,0,15.96,0,15.25,14.725,16.79,92.2,1017.435,2,4.555555556,2,152.2222222,1,8.436888889
24/08/2025 02:00,0,0,0,15.645,0,14.96,14.44,16.48,92.15,1017.095,2,4.666666667,2,144.4444444,1,8.642666667
24/08/2025 03:00,0,0,0,15.595,0,14.94,14.435,16.475,92.6,1016.865,2,5.166666667,2,138.3333333,1,9.568666667
24/08/2025 04:00,0,0,0,15.405,0,14.705,14.185,16.2,92.25,1016.61,2,5.444444444,2,147.2222222,1,10.08311111
24/08/2025 05:00,0,0.005,0,15.22,0,14.485,13.93,15.945,91.8,1016.485,2,5.222222222,2,141.6666667,1,9.671555556
24/08/2025 06:00,0,0,0,15.275,0,14.525,13.975,15.97,91.65,1016.675,2,5.388888889,2,135.5555556,1,9.980222222
24/08/2025 07:00,0,0.005,0,15.86,0,14.99,14.33,16.355,90.3,1016.845,2,5.222222222,2,144.4444444,1,9.671555556
24/08/2025 08:00,0,0,0,16.855,0,15.605,14.67,16.71,86.65,1016.89,2,6.055555556,2,145.5555556,1,11.21488889
24/08/2025 09:00,0,0.005,0,18.21,0,16.265,14.86,16.915,80.5,1016.92,2,7.111111111,2,152.7777778,1,13.16977778
24/08/2025 10:00,0,0,0,19.19,0,16.43,14.475,16.485,73.9,1016.915,2,8.277777778,2,163.8888889,1,15.33044444
24/08/2025 11:00,0,0,0,19.6,0,16.425,14.115,16.13,70.35,1016.69,2,9.333333333,2,161.6666667,1,17.28533333
24/08/2025 12:00,0,0,0,20.525,0,16.86,14.235,16.28,67.05,1016.415,2,9.388888889,2,165.5555556,1,17.38822222
24/08/2025 13:00,0,0,0,20.735,0,16.9,14.16,16.17,65.85,1016.13,2,9.666666667,2,162.2222222,1,17.90266667
24/08/2025 14:00,0,0,0,20.905,0,16.86,13.955,15.97,64.25,1015.815,2,9.722222222,2,165.5555556,1,18.00555556
24/08/2025 15:00,0,0,0,21.13,0,16.945,13.975,15.985,63.45,1015.3,2,9.444444444,2,170.5555556,1,17.49111111
24/08/2025 16:00,0,0,0,20.925,0,16.92,14.03,16.065,64.55,1014.865,2,9.944444444,2,168.8888889,1,18.41711111
24/08/2025 17:00,0,0,0,20.65,0,16.76,13.96,15.98,65.45,1014.52,2,9.333333333,2,167.2222222,1,17.28533333
24/08/2025 18:00,0,0,0,19.74,0,16.595,14.305,16.345,70.75,1014.195,2,8.444444444,2,166.6666667,1,15.63911111
24/08/2025 19:00,0,0,0,18.925,0,16.195,14.23,16.265,74,1014.115,2,7.277777778,2,161.6666667,1,13.47844444
24/08/2025 20:00,0,0,0,17.825,0,15.73,14.175,16.205,79.1,1014.115,2,6.888888889,2,154.4444444,1,12.75822222
24/08/2025 21:00,0,0.005,0,16.99,0,15.375,14.15,16.185,83.2,1013.86,2,6.777777778,2,149.4444444,1,12.55244444
24/08/2025 22:00,0,0.005,0,16.49,0,15.08,14.005,16.04,85.1,1013.52,2,6.944444444,2,145.5555556,1,12.86111111
24/08/2025 23:00,0,0.015,0,16.39,0,15.075,14.075,16.12,86,1013.27,2,7.944444444,2,148.8888889,1,14.71311111
25/08/2025 00:00,0,0.005,0,16.24,0,15.075,14.175,16.245,87.3,1012.91,2,8.222222222,2,147.7777778,1,15.22755556
25/08/2025 01:00,0,0,0,16.125,0,15.075,14.305,16.36,88.65,1012.375,2,8.611111111,2,148.8888889,1,15.94777778
25/08/2025 02:00,0,0,0,16.145,0,15.12,14.34,16.42,88.75,1011.735,2,9.166666667,2,148.3333333,1,16.97666667
25/08/2025 03:00,0,0.005,0,16.135,0,15.175,14.44,16.525,89.4,1011.05,2,9.444444444,2,150.5555556,1,17.49111111
25/08/2025 04:00,0,0.005,0,16.26,0,15.295,14.58,16.655,89.6,1010.55,2,9.888888889,2,149.4444444,1,18.31422222
25/08/2025 05:00,0,0,0,16.55,0,15.49,14.7,16.78,88.4,1009.975,2,10.72222222,2,152.2222222,1,19.85755556
25/08/2025 06:00,0,0.005,0,16.805,0,15.65,14.815,16.905,87.8,1009.51,2,10.83333333,2,153.3333333,1,20.06333333
25/08/2025 07:00,0,0,0,17.47,0,16.055,15.035,17.12,85.5,1008.875,2,11.27777778,2,152.2222222,1,20.88644444
25/08/2025 08:00,0,0,0,18.3,0,16.55,15.33,17.46,82.55,1008.525,2,12.55555556,2,157.2222222,1,23.25288889
25/08/2025 09:00,0,0.005,0,19.27,0,16.99,15.425,17.565,78.3,1007.82,2,13.27777778,2,160,1,24.59044444
25/08/2025 10:00,0,0.26,0,19.965,0,17.32,15.505,17.65,75.6,1007.36,2,14,2,162.2222222,1,25.928
25/08/2025 11:00,0,0.435,0,20.565,0,17.485,15.4,17.53,72.65,1006.725,2,14.55555556,2,167.2222222,1,26.95688889
25/08/2025 12:00,0,0.4,0,20.48,0,17.38,15.27,17.395,72.7,1006.215,2,15.22222222,2,174.4444444,1,28.19155556
25/08/2025 13:00,0,0.46,0,20.105,0,17.3,15.38,17.51,75.3,1005.8,2,15.11111111,2,174.4444444,1,27.98577778
25/08/2025 14:00,0,0.36,0,19.685,0,17.12,15.32,17.455,76.95,1005.37,2,14.22222222,2,173.8888889,1,26.33955556
25/08/2025 15:00,0,0.46,0,19.535,0,17.105,15.435,17.58,78.05,1004.81,2,14.11111111,2,176.6666667,1,26.13377778
25/08/2025 16:00,0,0.325,0,19.3,0,17.025,15.455,17.585,78.75,1004.4,2,13.55555556,2,183.3333333,1,25.10488889
25/08/2025 17:00,0,0.155,0,18.885,0,16.745,15.255,17.375,79.65,1004.08,2,12.66666667,2,187.7777778,1,23.45866667
25/08/2025 18:00,0,0.13,0,18.365,0,16.425,15.05,17.145,81.05,1003.865,2,12.5,2,190,1,23.15
25/08/2025 19:00,0,0.135,0,17.61,0,16.015,14.86,16.935,83.95,1003.73,2,11.83333333,2,196.1111111,1,21.91533333
25/08/2025 20:00,0,0.095,0,16.69,0,15.3,14.255,16.29,85.3,1003.755,2,10.83333333,2,190.5555556,1,20.06333333
25/08/2025 21:00,0,0.045,0,16.395,0,15.08,14.055,16.095,85.9,1003.66,2,10.05555556,2,188.3333333,1,18.62288889
25/08/2025 22:00,0,0.025,0,16.125,0,14.845,13.86,15.86,86.35,1003.27,2,10.38888889,2,190.5555556,1,19.24022222
25/08/2025 23:00,0,0.085,0,15.89,0,14.625,13.665,15.655,86.4,1003.02,2,10.11111111,2,195.5555556,1,18.72577778
26/08/2025 00:00,0,0.08,0,15.55,0,14.455,13.56,15.57,87.6,1002.675,2,10.61111111,2,195,1,19.65177778
26/08/2025 01:00,0,0.025,0,15.34,0,14.21,13.315,15.29,87.35,1002.235,2,11.33333333,2,195,1,20.98933333
26/08/2025 02:00,0,0.03,0,15.15,0,14.01,13.105,15.09,87.15,1001.86,2,10.72222222,2,192.7777778,1,19.85755556
26/08/2025 03:00,0,0.15,0,15,0,13.83,12.86,14.855,86.85,1001.455,2,10,2,197.2222222,1,18.52
26/08/2025 04:00,0,0.045,0,14.765,0,13.59,12.63,14.62,86.8,1001.21,2,10.72222222,2,202.7777778,1,19.85755556
26/08/2025 05:00,0,0.05,0,14.485,0,13.39,12.48,14.485,87.55,1001.01,2,10.22222222,2,202.7777778,1,18.93155556
26/08/2025 06:00,0,0.005,0,14.58,0,13.36,12.36,14.36,86.25,1001.145,2,9.722222222,2,203.3333333,1,18.00555556
26/08/2025 07:00,0,0.09,0,14.81,0,13.47,12.375,14.375,85.1,1001.18,2,10.27777778,2,205,1,19.03444444
26/08/2025 08:00,0,0.045,0,15.355,0,13.79,12.5,14.5,82.8,1001.235,2,11.05555556,2,203.8888889,1,20.47488889
26/08/2025 09:00,0,0.09,0,16.135,0,14.11,12.44,14.465,78.6,1001.155,2,12.38888889,2,213.3333333,1,22.94422222
26/08/2025 10:00,0,0.18,0,16.55,0,14.065,12.005,14.07,75.05,1001.22,2,13.11111111,2,213.8888889,1,24.28177778
26/08/2025 11:00,0,0.175,0,16.9,0,14.365,12.33,14.36,74.55,1001.345,2,13,2,220,1,24.076
26/08/2025 12:00,0,0.145,0,17.09,0,14.375,12.135,14.18,72.95,1001.435,2,13.44444444,2,218.8888889,1,24.89911111
26/08/2025 13:00,0,0.135,0,17.385,0,14.64,12.44,14.465,73.15,1001.45,2,13.33333333,2,224.4444444,1,24.69333333
26/08/2025 14:00,0,0.42,0,16.97,0,14.435,12.385,14.405,74.65,1001.56,2,13.27777778,2,228.8888889,1,24.59044444
26/08/2025 15:00,0,0.445,0,16.69,0,14.345,12.485,14.5,76.2,1001.605,2,12.66666667,2,223.8888889,1,23.45866667
26/08/2025 16:00,0,0.195,0,17,0,14.435,12.335,14.375,74.1,1001.485,2,12,2,227.2222222,1,22.224
26/08/2025 17:00,0,0.01,0,16.855,0,14.13,11.88,13.945,72.4,1001.335,2,11.38888889,2,223.3333333,1,21.09222222
26/08/2025 18:00,0,0.155,0,16.17,0,13.81,11.86,13.91,75.55,1001.195,2,10.27777778,2,216.1111111,1,19.03444444
26/08/2025 19:00,0,0.115,0,15.39,0,13.38,11.69,13.755,78.35,1001.07,2,8.888888889,2,203.8888889,1,16.46222222
26/08/2025 20:00,0,0.035,0,14.825,0,13.075,11.57,13.64,80.55,1000.905,2,7.944444444,2,191.1111111,1,14.71311111
26/08/2025 21:00,0,0.06,0,14.36,0,12.95,11.77,13.825,84.3,1000.455,2,8,2,180.5555556,1,14.816
26/08/2025 22:00,0,0.085,0,14.065,0,12.795,11.705,13.77,85.3,999.74,2,8.388888889,2,167.7777778,1,15.53622222
26/08/2025 23:00,0,0.12,0,13.97,0,12.745,11.685,13.785,85.85,999.01,2,9.333333333,2,161.1111111,1,17.28533333
27/08/2025 00:00,0,0.15,0,13.785,0,12.62,11.62,13.73,86.4,998.16,2,9.722222222,2,152.7777778,1,18.00555556
27/08/2025 01:00,0,0.62,0,13.94,0,12.805,11.805,13.915,86.75,997.27,2,10.61111111,2,153.3333333,1,19.65177778
27/08/2025 02:00,0,0.65,0,14.005,0,12.905,11.96,14.04,87.35,996.435,2,11.77777778,2,158.3333333,1,21.81244444
27/08/2025 03:00,0,1.02,0,14.205,0,13.16,12.26,14.315,87.8,995.77,2,11.61111111,2,168.3333333,1,21.50377778
27/08/2025 04:00,0,0.575,0,14.19,0,13.12,12.225,14.235,87.65,995.35,2,11.5,2,186.6666667,1,21.298
27/08/2025 05:00,0,0.83,0,13.88,0,12.87,11.99,14.055,88.15,995.28,2,11,2,202.7777778,1,20.372
27/08/2025 06:00,0,1.31,0,13.545,0,12.705,11.955,14.02,89.8,995.39,2,9.555555556,2,213.8888889,1,17.69688889
27/08/2025 07:00,0,1.155,0,13.435,0,12.565,11.785,13.86,89.5,995.76,2,8.388888889,2,223.3333333,1,15.53622222
27/08/2025 08:00,0,0.42,0,13.715,0,12.68,11.805,13.85,88.1,996.2,2,8.833333333,2,230,1,16.35933333
27/08/2025 09:00,0,0.055,0,14.945,0,13.27,11.855,13.9,81.5,996.545,2,9.833333333,2,223.8888889,1,18.21133333
27/08/2025 10:00,0,0.29,0,15.68,0,13.56,11.79,13.85,77.35,996.675,2,11.27777778,2,225,1,20.88644444
27/08/2025 11:00,0,0.245,0,16.035,0,13.79,11.925,13.98,76.85,996.855,2,12.05555556,2,225,1,22.32688889
27/08/2025 12:00,0,0.245,0,16.455,0,14.025,12,14.06,75.1,996.825,2,11.83333333,2,215,1,21.91533333
27/08/2025 13:00,0,0.305,0,16.52,0,14.165,12.24,14.28,76.15,996.845,2,13.05555556,2,218.3333333,1,24.17888889
27/08/2025 14:00,0,0.45,0,16.355,0,14.245,12.535,14.55,78.6,996.93,2,13.11111111,2,217.7777778,1,24.28177778
27/08/2025 15:00,0,0.545,0,16.09,0.2,14.26315789,12.74210526,14.76315789,80.63157895,996.885,2,13.38888889,2,217.2222222,1,24.79622222
27/08/2025 16:00,0,0.34,0,16.135,0.2,14.33684211,12.86315789,14.86315789,80.84210526,996.945,2,12.94444444,2,220.5555556,1,23.97311111
27/08/2025 17:00,0,0.48,0,15.71,0.2,14.16842105,12.93157895,14.92105263,83.26315789,997.165,2,12.38888889,2,226.1111111,1,22.94422222
27/08/2025 18:00,0,0.155,0,15.26,0.2,13.87894737,12.74210526,14.72105263,84.47368421,997.42,2,11.61111111,2,225.5555556,1,21.50377778
27/08/2025 19:00,0,0.09,0,14.855,0.2,13.52631579,12.38421053,14.38421053,84.63157895,997.66,2,10.88888889,2,222.2222222,1,20.16622222
27/08/2025 20:00,0,0.11,0,14.33,0.2,13.22105263,12.25263158,14.27368421,86.73684211,997.905,2,10.44444444,2,218.3333333,1,19.34311111
27/08/2025 21:00,0,0.09,0,14.12,0.2,13.15263158,12.33684211,14.34736842,88.42105263,997.905,2,10,2,211.1111111,1,18.52
27/08/2025 22:00,0,0.365,0,13.96,0.2,13.01578947,12.19473684,14.21052632,88.47368421,997.785,2,10.11111111,2,213.3333333,1,18.72577778
27/08/2025 23:00,0,0.085,0,13.85,0.2,12.91052632,12.10526316,14.14210526,88.84210526,997.49,2,10.27777778,2,209.4444444,1,19.03444444
28/08/2025 00:00,0,0.325,0,13.755,0.2,12.85789474,12.1,14.12105263,89.21052632,997.245,2,10.27777778,2,212.2222222,1,19.03444444
28/08/2025 01:00,0,0.43,0,13.795,0.2,12.9,12.11578947,14.15263158,89.15789474,996.875,2,10.11111111,2,211.1111111,1,18.72577778
28/08/2025 02:00,0,0.45,0,13.685,0.2,12.87368421,12.14210526,14.15789474,89.94736842,996.57,2,10.61111111,2,211.1111111,1,19.65177778
28/08/2025 03:00,0,0.83,0,13.61,0,12.625,11.675,13.845,88.1,996.225,2,10.55555556,2,215.5555556,1,19.54888889
28/08/2025 04:00,0,0.48,0,13.595,0.2,12.78947368,12.08421053,14.1,90,995.965,2,10.66666667,2,218.8888889,1,19.75466667
28/08/2025 05:00,0,0.425,0,13.4,0.2,12.72105263,12.08947368,14.11578947,91.15789474,995.72,2,10.77777778,2,224.4444444,1,19.96044444
28/08/2025 06:00,0,0.475,0,13.355,0.2,12.64736842,12.01052632,14.04210526,91.21052632,995.73,2,10.66666667,2,219.4444444,1,19.75466667
28/08/2025 07:00,0,0.365,0,13.425,0.2,12.63684211,11.9,13.93157895,90.10526316,995.735,2,10.61111111,2,224.4444444,1,19.65177778
28/08/2025 08:00,0,0.455,0,13.53,0.2,12.58947368,11.69473684,13.77368421,88.10526316,995.605,2,11.27777778,2,222.7777778,1,20.88644444
28/08/2025 09:00,0,0.265,0,13.755,0.2,12.71052632,11.72105263,13.78947368,86.94736842,995.27,2,11.55555556,2,225,1,21.40088889
28/08/2025 10:00,0,0.265,0,13.98,0.2,12.7,11.48947368,13.58947368,84.31578947,994.93,2,12.61111111,2,221.1111111,1,23.35577778
28/08/2025 11:00,0,0.235,0,14.475,0.2,12.85263158,11.36315789,13.48947368,81.31578947,994.585,2,13.55555556,2,223.3333333,1,25.10488889
28/08/2025 12:00,0,0.32,0,14.59,0.2,12.96315789,11.48421053,13.57368421,81.36842105,994.27,2,13.55555556,2,222.2222222,1,25.10488889
28/08/2025 13:00,0,0.16,0,15.11,0.2,13.14736842,11.37368421,13.50526316,78.42105263,994.005,2,13.66666667,2,222.2222222,1,25.31066667
28/08/2025 14:00,0,0.325,0,15.13,0,13.285,11.665,13.77,80.15,993.71,2,14.05555556,2,230,1,26.03088889
28/08/2025 15:00,0,0.33,0,15.22,0,13.43,11.895,13.97,80.7,993.35,2,13.5,2,232.7777778,1,25.002
28/08/2025 16:00,0,0.18,0,15.375,0,13.595,12.06,14.115,80.7,992.9,2,13.11111111,2,231.6666667,1,24.28177778
28/08/2025 17:00,0,0.16,0,15.235,0,13.52,12.05,14.115,81.6,992.705,2,12.61111111,2,237.2222222,1,23.35577778
28/08/2025 18:00,0,0.205,0,14.985,0,13.34,11.935,13.985,82,992.735,2,11.61111111,2,239.4444444,1,21.50377778
28/08/2025 19:00,0,0.22,0,14.485,0,13.095,11.895,13.94,84.25,992.63,2,10.88888889,2,243.3333333,1,20.16622222
28/08/2025 20:00,0,0.15,0,13.99,0,12.87,11.92,13.96,87.1,992.77,2,9.888888889,2,241.1111111,1,18.31422222
28/08/2025 21:00,0,0.13,0,13.68,0,12.7,11.83,13.875,88.4,992.685,2,9.5,2,241.6666667,1,17.594
28/08/2025 22:00,0,0.16,0,13.565,0,12.58,11.72,13.78,88.1,992.615,2,9.666666667,2,246.6666667,1,17.90266667
28/08/2025 23:00,0,0.05,0,13.42,0,12.47,11.63,13.705,88.7,992.5,2,9.388888889,2,245,1,17.38822222
29/08/2025 00:00,0,0.12,0,13.31,0,12.405,11.625,13.69,89.3,992.5,2,9.222222222,2,242.7777778,0,17.07955556
29/08/2025 01:00,0,0.04,0,13.245,0,12.36,11.585,13.65,89.35,992.49,2,9.611111111,2,241.1111111,0,17.79977778
29/08/2025 02:00,0,0.045,0,13.16,0,12.285,11.505,13.59,89.55,992.495,2,9.388888889,2,241.6666667,0,17.38822222
29/08/2025 03:00,0,0.115,0,13.23,0,12.3,11.5,13.58,89.05,992.63,2,9.5,2,242.7777778,0,17.594
29/08/2025 04:00,0,0.18,0,13.045,0,12.16,11.385,13.485,89.5,992.83,2,9.444444444,2,242.7777778,0,17.49111111
29/08/2025 05:00,0,0.13,0,12.955,0,12.11,11.335,13.435,89.75,993.065,2,9.555555556,2,251.1111111,0,17.69688889
29/08/2025 06:00,0,0.09,0,13.145,0,12.24,11.44,13.54,89.15,993.5,2,9.722222222,2,250.5555556,0,18.00555556
29/08/2025 07:00,0,0.055,0,13.685,0,12.65,11.765,13.83,87.95,993.89,2,10.61111111,2,253.3333333,0,19.65177778
29/08/2025 08:00,0,0.085,0,14.47,0,13.22,12.165,14.18,85.7,994.205,2,10.88888889,2,261.6666667,0,20.16622222
29/08/2025 09:00,0,0.055,0,15.425,0,13.7,12.285,14.3,81.35,994.615,2,12.33333333,2,269.4444444,0,22.84133333
29/08/2025 10:00,0,0.15,0,16.18,0,14.005,12.215,14.25,77.2,995.07,2,13.27777778,2,271.1111111,0,24.59044444
29/08/2025 11:00,0,0.1,0,16.65,0,14.305,12.415,14.44,76.05,995.605,2,13.61111111,2,272.2222222,0,25.20777778
29/08/2025 12:00,0,0.055,0,16.965,0,14.445,12.44,14.455,74.8,996.11,2,13.66666667,2,272.2222222,0,25.31066667
29/08/2025 13:00,0,0.305,0,16.975,0,14.61,12.71,14.73,76.25,996.545,2,13.61111111,2,271.1111111,0,25.20777778
29/08/2025 14:00,0,0.04,0,17.26,0,14.6,12.465,14.495,73.7,997.125,2,13.61111111,2,274.4444444,0,25.20777778
29/08/2025 15:00,0,0.035,0,17.325,0,14.62,12.455,14.47,73.3,997.46,2,13.44444444,2,277.7777778,0,24.89911111
29/08/2025 16:00,0,0.085,0,17.2,0,14.525,12.39,14.415,73.6,997.78,2,12.77777778,2,275.5555556,0,23.66444444
29/08/2025 17:00,0,0.29,0,16.71,0,14.24,12.235,14.26,75.05,998.13,2,11.94444444,2,275,0,22.12111111
29/08/2025 18:00,0,0.135,0,16.16,0,14.005,12.26,14.29,77.7,998.595,2,10.88888889,2,274.4444444,0,20.16622222
29/08/2025 19:00,0,0.065,0,15.215,0,13.585,12.24,14.27,82.45,999.21,2,9.722222222,2,271.1111111,0,18.00555556
29/08/2025 20:00,0,0.03,0,14.53,0,13.16,12.01,14.055,84.6,999.645,2,8.388888889,2,270,0,15.53622222
29/08/2025 21:00,0,0.005,0,14.095,0,12.905,11.885,13.935,86.15,999.955,2,7.555555556,2,261.1111111,0,13.99288889
29/08/2025 22:00,0,0,0,13.75,0,12.79,11.955,14,88.6,1000.15,2,6.611111111,2,246.6666667,0,12.24377778
29/08/2025 23:00,0,0.005,0,13.485,0,12.55,11.75,13.805,88.95,1000.005,2,6.111111111,2,240,0,11.31777778
30/08/2025 00:00,0,0.03,0,13.115,0,12.325,11.65,13.715,90.4,999.865,2,5.888888889,2,223.3333333,0,10.90622222
30/08/2025 01:00,0,0.095,0,12.81,0,12.135,11.535,13.62,91.7,999.54,2,5.277777778,2,204.4444444,0,9.774444444
30/08/2025 02:00,0,0.045,0,12.44,0,11.87,11.36,13.475,92.85,999,2,5.388888889,2,190.5555556,0,9.980222222
30/08/2025 03:00,0,0.01,0,12.37,0,11.81,11.315,13.435,93,998.38,2,5.555555556,2,178.3333333,0,10.28888889
30/08/2025 04:00,0,0.07,0,12.485,0,11.98,11.51,13.61,93.45,997.59,2,6.388888889,2,167.7777778,0,11.83222222
30/08/2025 05:00,0,0.375,0,12.695,0,12.225,11.83,13.92,94.2,996.55,2,7.5,2,156.6666667,0,13.89
30/08/2025 06:00,0,0.8,0,12.885,0,12.465,12.09,14.17,94.5,995.5,2,8.444444444,2,147.7777778,0,15.63911111
30/08/2025 07:00,0,0.93,0,13.31,0,12.905,12.555,14.615,94.75,994.275,2,9.722222222,2,141.1111111,0,18.00555556
30/08/2025 08:00,0,1.19,0,13.765,0,13.275,12.875,14.93,93.95,992.86,2,11.33333333,2,140,0,20.98933333
30/08/2025 09:00,0,1.205,0,14.295,0,13.78,13.345,15.41,93.55,991.41,2,13.33333333,2,140,0,24.69333333
30/08/2025 10:00,0,1.05,0,14.87,0,14.36,13.965,16.03,94.1,989.7,2,15,2,143.8888889,0,27.78
30/08/2025 11:00,0,1.085,0,15.57,0,15.005,14.545,16.635,93.35,988.1,2,15.72222222,2,148.3333333,0,29.11755556
30/08/2025 12:00,0,1.185,0,16.46,0,15.735,15.225,17.35,92.2,986.875,2,16.33333333,2,164.4444444,0,30.24933333
30/08/2025 13:00,0,0.685,0,17.06,0,16.01,15.245,17.395,88.9,986.595,2,17.94444444,2,186.1111111,0,33.23311111
30/08/2025 14:00,0,0.26,0,17.57,0,15.895,14.675,16.81,83.25,986.775,2,18.11111111,2,202.7777778,0,33.54177778
30/08/2025 15:00,0,0.115,0,17.38,0,15.265,13.67,15.695,78.75,987.13,2,18.33333333,2,220,0,33.95333333
30/08/2025 16:00,0,0.24,0,16.765,0,14.525,12.735,14.77,77.05,987.65,2,18.16666667,2,227.7777778,0,33.64466667
30/08/2025 17:00,0,0.085,0,16.185,0,13.855,11.93,13.975,75.75,988.3,2,18.16666667,2,227.7777778,0,33.64466667
30/08/2025 18:00,0,0.135,0,15.38,0,13.19,11.285,13.395,76.3,988.935,2,17.83333333,2,228.3333333,0,33.02733333
30/08/2025 19:00,0,0.135,0,14.32,0,12.455,10.8,12.945,79.15,989.37,2,16.72222222,2,222.7777778,0,30.96955556
30/08/2025 20:00,0,0.065,0,13.785,0,12.16,10.69,12.87,81.35,989.895,2,15.11111111,2,216.6666667,0,27.98577778
30/08/2025 21:00,0,0.095,0,13.49,0,11.96,10.545,12.755,82.1,990.125,2,14.72222222,2,206.1111111,0,27.26555556
30/08/2025 22:00,0,0.085,0,13.33,0,11.86,10.485,12.71,82.6,990.185,2,14.88888889,2,203.8888889,0,27.57422222
30/08/2025 23:00,0,0.105,0,13.395,0,11.845,10.44,12.665,81.8,990.175,2,15.33333333,2,202.7777778,0,28.39733333
31/08/2025 00:00,0,0.145,0,13.28,0,11.825,10.475,12.7,82.75,990.015,2,15.83333333,2,200.5555556,1,29.32333333
31/08/2025 01:00,0,0.4,0,13.275,0,11.855,10.51,12.73,83.1,989.7,2,16.5,2,199.4444444,1,30.558
31/08/2025 02:00,0,0.33,0,13.215,0,11.775,10.455,12.675,83.05,989.325,2,16.72222222,2,196.6666667,1,30.96955556
31/08/2025 03:00,0,0.205,0,13.295,0,11.77,10.37,12.62,82.25,989.035,2,17.16666667,2,194.4444444,1,31.79266667
31/08/2025 04:00,0,0.125,0,13.14,0,11.725,10.415,12.66,83.2,988.71,2,17.66666667,2,193.8888889,1,32.71866667
31/08/2025 05:00,0,0.25,0,13.145,0,11.72,10.38,12.64,83.1,988.43,2,17.5,2,193.3333333,1,32.41
31/08/2025 06:00,0,0.24,0,13.15,0,11.795,10.505,12.75,83.7,988.335,2,17.66666667,2,194.4444444,1,32.71866667
31/08/2025 07:00,0,0.185,0,13.695,0,12.105,10.64,12.85,81.65,988.365,2,17.61111111,2,192.7777778,1,32.61577778
31/08/2025 08:00,0,0.13,0,14.395,0,12.555,10.9,13.085,79.45,988.51,2,18.5,2,195,1,34.262
31/08/2025 09:00,0,0.175,0,14.945,0,12.935,11.17,13.32,78.1,988.44,2,19.33333333,2,193.8888889,1,35.80533333
31/08/2025 10:00,0,0.32,0,15.43,0,13.31,11.48,13.585,77.55,988.455,2,19.27777778,2,195.5555556,1,35.70244444
31/08/2025 11:00,0,0.27,0,15.835,0,13.655,11.79,13.88,77.3,988.475,2,18.88888889,2,196.1111111,1,34.98222222
31/08/2025 12:00,0,0.45,0,15.925,0,13.835,12.095,14.145,78.2,988.605,2,18.33333333,2,200.5555556,1,33.95333333
31/08/2025 13:00,0,0.72,0,15.83,0,13.855,12.195,14.24,79.3,988.81,2,17.77777778,2,200,1,32.92444444
31/08/2025 14:00,0,0.225,0,16.05,0,13.985,12.285,14.315,78.65,988.875,2,16.72222222,2,201.1111111,1,30.96955556
31/08/2025 15:00,0,0.565,0,15.52,0,13.915,12.6,14.62,82.8,988.975,2,15.5,2,205,1,28.706
31/08/2025 16:00,0,0.35,0,15.58,0,13.98,12.65,14.655,82.8,989.15,2,14.83333333,2,206.6666667,1,27.47133333
31/08/2025 17:00,0,0.325,0,15.365,0,13.855,12.62,14.64,83.5,989.265,2,14.72222222,2,207.7777778,1,27.26555556
31/08/2025 18:00,0,0.62,0,14.91,0,13.675,12.65,14.66,86.3,989.6,2,13.5,2,212.2222222,1,25.002
31/08/2025 19:00,0,0.295,0,14.56,0,13.44,12.51,14.515,87.25,989.92,2,12.44444444,2,215,1,23.04711111
31/08/2025 20:00,0,0.43,0,14.105,0,13.22,12.475,14.485,89.55,990.485,2,11.22222222,2,216.6666667,1,20.78355556
31/08/2025 21:00,0,0.32,0,13.875,0,13.02,12.315,14.325,89.95,990.885,2,10.5,2,216.1111111,1,19.446
31/08/2025 22:00,0,0.54,0,13.725,0,12.975,12.335,14.36,91.05,991.14,2,10.27777778,2,222.2222222,1,19.03444444
31/08/2025 23:00,0,0.19,0,13.54,0,12.88,12.315,14.34,92,991.395,2,10.83333333,2,221.1111111,1,20.06333333
01/09/2025 00:00,0,0.365,0,13.485,0,12.83,12.285,14.3,92.05,991.625,2,10.5,2,222.7777778,1,19.446
01/09/2025 01:00,0,0.285,0,13.515,0,12.815,12.22,14.24,91.65,991.895,2,10.66666667,2,231.6666667,1,19.75466667
01/09/2025 02:00,0,0.14,0,13.585,0,12.815,12.17,14.19,90.85,992.14,2,11.27777778,2,236.6666667,1,20.88644444
01/09/2025 03:00,0,0.275,0,13.53,0,12.81,12.205,14.22,91.45,992.455,2,10.5,2,240,1,19.446
01/09/2025 04:00,0,0.28,0,13.475,0,12.76,12.145,14.17,91.3,992.845,2,11.33333333,2,243.3333333,1,20.98933333
01/09/2025 05:00,0,0.125,0,13.415,0,12.6,11.9,13.945,90.15,993.095,2,11.72222222,2,245,1,21.70955556
01/09/2025 06:00,0,0.195,0,13.33,0,12.53,11.825,13.87,90.35,993.52,2,12,2,245.5555556,1,22.224
01/09/2025 07:00,0,0.405,0,13.515,0,12.69,11.98,14.01,90.25,994.1,2,11.83333333,2,243.3333333,1,21.91533333
01/09/2025 08:00,0,0.335,0,14.18,0,13.095,12.19,14.205,87.6,994.595,2,12.38888889,2,246.1111111,1,22.94422222
01/09/2025 09:00,0,0.285,0,14.705,0,13.33,12.155,14.185,84.45,995.03,2,13.61111111,2,248.3333333,1,25.20777778
01/09/2025 10:00,0,0.34,0,15.01,0,13.525,12.28,14.29,83.65,995.605,2,14,2,251.6666667,1,25.928
01/09/2025 11:00,0,0.26,0,15.415,0,13.77,12.39,14.42,82.2,996.035,2,14.5,2,248.3333333,1,26.854
01/09/2025 12:00,0,0.23,0,15.73,0,13.915,12.425,14.455,80.8,996.46,2,15.05555556,2,252.7777778,1,27.88288889
01/09/2025 13:00,0,0.41,0,15.79,0,13.965,12.47,14.485,80.85,996.835,2,15,2,252.7777778,1,27.78
01/09/2025 14:00,0,0.39,0,15.555,0,13.805,12.375,14.385,81.2,997.27,2,14.22222222,2,251.1111111,1,26.33955556
01/09/2025 15:00,0,0.125,0,15.47,0,13.57,12.005,14.025,79.6,997.535,2,13.77777778,2,251.6666667,1,25.51644444
01/09/2025 16:00,0,0.205,0,15.45,0,13.44,11.75,13.81,78.7,997.815,2,13.88888889,2,252.2222222,1,25.72222222
01/09/2025 17:00,0,0.455,0,15.06,0,13.18,11.57,13.665,79.65,998.115,2,13.05555556,2,251.6666667,1,24.17888889
01/09/2025 18:00,0,0.115,0,14.695,0,12.93,11.39,13.49,80.4,998.415,2,11.72222222,2,249.4444444,1,21.70955556
01/09/2025 19:00,0,0.02,0,13.985,0,12.48,11.175,13.27,82.75,998.635,2,9.888888889,2,241.1111111,1,18.31422222
01/09/2025 20:00,0,0.165,0,13.22,0,12,10.92,13.06,85.65,999,2,8.888888889,2,236.1111111,1,16.46222222
01/09/2025 21:00,0,0.06,0,12.67,0,11.695,10.77,12.94,87.9,999.095,2,7.555555556,2,226.1111111,1,13.99288889
01/09/2025 22:00,0,0.035,0,12.405,0,11.52,10.7,12.86,88.95,999.085,2,7.111111111,2,216.1111111,1,13.16977778
01/09/2025 23:00,0,0.115,0,12.29,0,11.48,10.725,12.895,89.9,999.13,2,6.833333333,2,213.8888889,1,12.65533333
02/09/2025 00:00,0,0.035,0,11.995,0,11.205,10.465,12.67,90.1,999.115,2,6.944444444,2,194.4444444,1,12.86111111
02/09/2025 01:00,0,0.04,0,11.68,0,10.995,10.32,12.56,91.1,998.945,2,6.277777778,2,193.3333333,1,11.62644444
02/09/2025 02:00,0,0.095,0,11.4,0,10.7,10.02,12.31,91.2,998.805,2,5.388888889,2,197.2222222,1,9.980222222
02/09/2025 03:00,0,0.005,0,11.145,0,10.505,9.91,12.21,92.15,998.7,2,5,2,193.3333333,1,9.26
02/09/2025 04:00,0,0.01,0,10.98,0,10.365,9.775,12.115,92.15,998.605,2,5.277777778,2,191.6666667,1,9.774444444
02/09/2025 05:00,0,0.02,0,10.935,0,10.365,9.81,12.16,92.5,998.705,2,5.222222222,2,190,1,9.671555556
02/09/2025 06:00,0,0.015,0,10.88,0,10.375,9.895,12.235,93.4,998.775,2,4.944444444,2,203.3333333,1,9.157111111
02/09/2025 07:00,0,0.11,0,11.415,0,10.855,10.33,12.57,92.65,998.765,2,4.722222222,2,180.5555556,1,8.745555556
02/09/2025 08:00,0,0.14,0,12.525,0,11.705,10.97,13.1,89.95,998.81,2,5.111111111,2,201.6666667,1,9.465777778
02/09/2025 09:00,0,0.08,0,13.925,0,12.495,11.225,13.335,83.6,998.98,2,5.666666667,2,197.2222222,1,10.49466667
02/09/2025 10:00,0,0,0,15.165,0,13.075,11.265,13.385,77.3,998.955,2,6.333333333,2,196.1111111,1,11.72933333
02/09/2025 11:00,0,0.015,0,16,0,13.23,10.815,12.99,71.2,998.88,2,6.888888889,2,192.7777778,1,12.75822222
02/09/2025 12:00,0,0,0,16.28,0,13.275,10.67,12.87,69.5,998.5,2,7.055555556,2,196.1111111,1,13.06688889
02/09/2025 13:00,0,0.135,0,16.08,0,13.26,10.78,13,71.4,998.41,2,6.944444444,2,207.7777778,1,12.86111111
02/09/2025 14:00,0,0.14,0,15.905,0,13.26,10.94,13.13,72.75,998.26,2,6.777777778,2,208.8888889,1,12.55244444
02/09/2025 15:00,0,0.095,0,15.66,0,13.275,11.175,13.32,74.95,997.94,2,6.722222222,2,211.1111111,1,12.44955556
02/09/2025 16:00,0,0.165,0,15.42,0,13.27,11.375,13.505,77.1,997.495,2,6.222222222,2,203.3333333,1,11.52355556
02/09/2025 17:00,0,0.075,0,15.075,0,13.21,11.6,13.7,80.05,997.015,2,5.333333333,2,200.5555556,1,9.877333333
02/09/2025 18:00,0,0.13,0,14.65,0,13.045,11.67,13.76,82.4,996.55,2,4.944444444,2,186.6666667,1,9.157111111
02/09/2025 19:00,0,0.155,0,14.01,0,12.775,11.675,13.77,85.95,996.21,2,4.833333333,2,158.8888889,1,8.951333333
02/09/2025 20:00,0,0.115,0,13.605,0,12.65,11.78,13.87,88.75,996.015,2,4.555555556,2,136.6666667,1,8.436888889
02/09/2025 21:00,0,0.17,0,13.525,0,12.655,11.92,13.98,89.8,995.415,2,4.833333333,2,134.4444444,1,8.951333333
02/09/2025 22:00,0,0.47,0,13.39,0,12.655,12.01,14.05,91.1,994.68,2,5.277777778,2,133.8888889,1,9.774444444
02/09/2025 23:00,0,0.685,0,13.235,0,12.61,12.05,14.105,92.25,993.995,2,5.5,2,137.2222222,1,10.186
03/09/2025 00:00,0,0.58,0,13.255,0,12.695,12.165,14.225,92.85,993.26,2,5.722222222,2,130,1,10.59755556
03/09/2025 01:00,0,0.68,0,13.155,0,12.695,12.275,14.31,93.95,992.54,2,5.888888889,2,137.7777778,1,10.90622222
03/09/2025 02:00,0,0.85,0,13.06,0,12.685,12.35,14.38,94.95,991.695,2,5.388888889,2,141.1111111,1,9.980222222
03/09/2025 03:00,0,1.265,0,13.005,0,12.675,12.385,14.41,95.55,991.005,2,5.277777778,2,165.5555556,1,9.774444444
03/09/2025 04:00,0,1.33,0,13.13,0,12.85,12.625,14.62,96.2,990.405,2,5.222222222,2,187.2222222,1,9.671555556
03/09/2025 05:00,0,1.69,0,13.075,0,12.825,12.58,14.59,96.45,990.05,2,5.944444444,2,192.7777778,1,11.00911111
03/09/2025 06:00,0,1.545,0,13.02,0,12.75,12.505,14.5,96.3,990.015,2,5.888888889,2,181.6666667,1,10.90622222
03/09/2025 07:00,0,0.72,0,13.165,0,12.85,12.585,14.58,95.85,990.11,2,5.888888889,2,222.7777778,1,10.90622222
03/09/2025 08:00,0,0.385,0,13.535,0,13.085,12.705,14.705,94.4,990.455,2,6.777777778,2,233.8888889,1,12.55244444
03/09/2025 09:00,0,0.385,0,14.175,0,13.495,12.9,14.905,91.9,990.885,2,7.611111111,2,260,1,14.09577778
03/09/2025 10:00,0,0.16,0,14.705,0,13.62,12.71,14.72,87.8,991.52,2,9.222222222,2,273.3333333,1,17.07955556
03/09/2025 11:00,0,0.135,0,15.185,0,13.78,12.595,14.615,84.35,992.115,2,9.666666667,2,281.6666667,1,17.90266667
03/09/2025 12:00,0,0.41,0,15.565,0,13.77,12.29,14.35,81.15,992.62,2,11.05555556,2,299.4444444,1,20.47488889
03/09/2025 13:00,0,0.34,0,15.965,0,13.83,12.06,14.13,77.7,993.255,2,11,2,283.8888889,1,20.372
03/09/2025 14:00,0,0.025,0,16.41,0,14.01,12.02,14.08,75.2,993.915,2,11.22222222,2,278.8888889,1,20.78355556
03/09/2025 15:00,0,0.01,0,16.315,0,13.765,11.59,13.69,73.5,994.46,2,11.22222222,2,283.8888889,1,20.78355556
03/09/2025 16:00,0,0.035,0,15.905,0,13.445,11.31,13.43,74.3,995.23,2,11.33333333,2,281.1111111,1,20.98933333
03/09/2025 17:00,0,0.075,0,15.455,0,13.18,11.195,13.325,75.8,995.915,2,10.05555556,2,277.7777778,1,18.62288889
03/09/2025 18:00,0,0.025,0,14.785,0,12.72,10.895,13.05,77.25,996.745,2,8.833333333,2,278.3333333,1,16.35933333
03/09/2025 19:00,0,0,0,13.885,0,12.25,10.795,12.94,81.35,997.385,2,7,2,276.1111111,1,12.964
03/09/2025 20:00,0,0.04,0,12.87,0,11.75,10.735,12.905,86.55,998.095,2,5.555555556,2,268.8888889,1,10.28888889
03/09/2025 21:00,0,0.015,0,12.255,0,11.37,10.56,12.755,89.1,998.67,2,5,2,262.2222222,1,9.26
03/09/2025 22:00,0,0.02,0,11.935,0,11.125,10.38,12.6,89.95,998.995,2,4.555555556,2,234.4444444,1,8.436888889
03/09/2025 23:00,0,0,0,11.62,0,10.92,10.27,12.54,91.2,999.415,2,4.944444444,2,230,1,9.157111111
04/09/2025 00:00,0,0.03,0,11.47,0,10.825,10.25,12.515,92.05,999.695,2,5.277777778,2,232.7777778,1,9.774444444
04/09/2025 01:00,0,0.02,0,11.195,0,10.575,10.005,12.315,92.25,999.855,2,5.444444444,2,236.1111111,1,10.08311111
04/09/2025 02:00,0,0.03,0,10.905,0,10.35,9.83,12.185,93,999.995,2,6.166666667,2,227.2222222,1,11.42066667
04/09/2025 03:00,0,0.055,0,10.76,0,10.22,9.695,12.095,93,1000.275,2,6.166666667,2,223.3333333,1,11.42066667
04/09/2025 04:00,0,0.17,0,10.57,0,10.105,9.65,12.04,93.75,1000.515,2,5.944444444,2,223.8888889,1,11.00911111
04/09/2025 05:00,0,0.1,0,10.675,0,10.195,9.73,12.11,93.7,1000.895,2,5.944444444,2,226.1111111,1,11.00911111
04/09/2025 06:00,0,0.175,0,10.785,0,10.29,9.825,12.16,93.7,1001.595,2,6.111111111,2,231.1111111,1,11.31777778
04/09/2025 07:00,0,0.095,0,11.47,0,10.97,10.515,12.725,93.55,1002.31,2,6.277777778,2,238.8888889,1,11.62644444
04/09/2025 08:00,0,0.05,0,12.76,0,12.005,11.355,13.445,91,1003.07,2,6.666666667,2,250.5555556,1,12.34666667
04/09/2025 09:00,0,0.04,0,14.045,0,12.865,11.89,13.92,86.65,1003.965,2,8.111111111,2,261.1111111,1,15.02177778
04/09/2025 10:00,0,0.065,0,14.915,0,13.185,11.715,13.755,80.85,1004.63,2,9.111111111,2,271.1111111,1,16.87377778
04/09/2025 11:00,0,0.105,0,15.73,0,13.525,11.675,13.735,76.8,1005.195,2,9.5,2,271.6666667,1,17.594
04/09/2025 12:00,0,0.09,0,16.205,0,13.745,11.685,13.735,74.3,1005.755,2,9.777777778,2,273.8888889,1,18.10844444
04/09/2025 13:00,0,0.125,0,16.57,0,13.97,11.84,13.885,73.4,1006.425,2,11,2,275.5555556,1,20.372
04/09/2025 14:00,0,0.245,0,16.765,0,14.065,11.82,13.87,72.3,1007.03,2,11.05555556,2,279.4444444,1,20.47488889
04/09/2025 15:00,0,0.325,0,16.51,0,13.805,11.535,13.615,72.35,1007.705,2,11.05555556,2,280.5555556,1,20.47488889
04/09/2025 16:00,0,0.105,0,16.49,0,13.76,11.465,13.55,72.1,1008.555,2,11.5,2,278.8888889,1,21.298
04/09/2025 17:00,0,0.06,0,16.325,0,13.625,11.315,13.405,71.9,1009.215,2,10.72222222,2,279.4444444,1,19.85755556
04/09/2025 18:00,0,0.02,0,15.32,0,13.025,11.015,13.125,75.1,1010.035,2,10.77777778,2,273.3333333,1,19.96044444
04/09/2025 19:00,0,0.015,0,14.255,0,12.46,10.86,13.015,79.8,1010.77,2,9.166666667,2,268.8888889,1,16.97666667
04/09/2025 20:00,0,0.02,0,13.565,0,12.12,10.825,12.98,83.25,1011.62,2,8.055555556,2,261.1111111,1,14.91888889
04/09/2025 21:00,0,0.085,0,13.125,0,11.985,10.94,13.085,86.3,1012.235,2,7.222222222,2,253.3333333,1,13.37555556
04/09/2025 22:00,0,0.04,0,12.75,0,11.79,10.94,13.09,88.5,1012.585,2,6.722222222,2,237.2222222,1,12.44955556
04/09/2025 23:00,0,0.045,0,12.585,0,11.67,10.83,12.99,88.85,1013.035,2,6.666666667,2,227.2222222,1,12.34666667
05/09/2025 00:00,0,0.075,0,12.445,0,11.605,10.86,13.005,89.75,1013.645,2,6.611111111,2,224.4444444,1,12.24377778
05/09/2025 01:00,0,0.05,0,12.28,0,11.405,10.595,12.8,89.2,1014.125,2,7.5,2,221.6666667,1,13.89
05/09/2025 02:00,0,0.075,0,12.27,0,11.375,10.545,12.755,89.1,1014.315,2,7.944444444,2,243.3333333,1,14.71311111
05/09/2025 03:00,0,0.05,0,12.11,0,11.26,10.485,12.695,89.55,1014.545,2,6.833333333,2,230,1,12.65533333
05/09/2025 04:00,0,0.01,0,11.81,0,10.925,10.105,12.39,89.2,1014.675,2,6.555555556,2,222.2222222,1,12.14088889
05/09/2025 05:00,0,0.005,0,11.49,0,10.63,9.84,12.155,89.5,1015.08,2,6.333333333,2,217.2222222,1,11.72933333
05/09/2025 06:00,0,0.035,0,11.425,0,10.675,9.955,12.26,90.45,1015.82,2,6.333333333,2,212.7777778,1,11.72933333
05/09/2025 07:00,0,0.015,0,12.04,0,11.175,10.39,12.63,89.5,1016.36,2,6.444444444,2,213.3333333,1,11.93511111
05/09/2025 08:00,0,0.01,0,13.115,0,11.94,10.865,13.015,86.05,1016.8,2,6.388888889,2,215,1,11.83222222
05/09/2025 09:00,0,0.035,0,14.165,0,12.56,11.18,13.29,81.85,1017.145,2,7.166666667,2,210.5555556,1,13.27266667
05/09/2025 10:00,0,0.005,0,15.055,0,12.85,10.905,13.07,75.95,1017.185,2,7.611111111,2,207.2222222,1,14.09577778
05/09/2025 11:00,0,0.005,0,15.415,0,12.92,10.71,12.89,73.4,1017.255,2,8.444444444,2,216.1111111,1,15.63911111
05/09/2025 12:00,0,0,0,15.81,0,13.185,10.935,13.075,72.55,1017.395,2,8.555555556,2,211.6666667,1,15.84488889
05/09/2025 13:00,0,0,0,16.1,0,13.315,10.92,13.06,71,1017.63,2,8.277777778,2,207.2222222,1,15.33044444
05/09/2025 14:00,0,0,0,16.175,0,13.33,10.875,13.03,70.35,1017.485,2,8.777777778,2,208.3333333,1,16.25644444
05/09/2025 15:00,0,0.005,0,16.18,0,13.345,10.885,13.05,70.8,1017.26,2,8.888888889,2,202.2222222,1,16.46222222
05/09/2025 16:00,0,0,0,16.2,0,13.385,10.96,13.11,70.85,1017.06,2,8.611111111,2,198.8888889,1,15.94777778
05/09/2025 17:00,0,0,0,15.945,0,13.4,11.205,13.315,73.3,1016.695,2,8.5,2,191.1111111,1,15.742
05/09/2025 18:00,0,0,0,15.535,0,13.265,11.335,13.435,75.9,1016.455,2,7.388888889,2,190.5555556,1,13.68422222
05/09/2025 19:00,0,0,0,14.775,0,12.925,11.28,13.38,79.15,1016.47,2,6.777777778,2,168.3333333,1,12.55244444
05/09/2025 20:00,0,0,0,14.22,0,12.67,11.315,13.42,82.4,1016.395,2,6.833333333,2,156.6666667,1,12.65533333
05/09/2025 21:00,0,0,0,13.985,0,12.65,11.495,13.585,84.7,1016.07,2,6.333333333,2,148.8888889,1,11.72933333
05/09/2025 22:00,0,0.025,0,13.69,0,12.615,11.68,13.745,87.25,1015.84,2,7.277777778,2,150.5555556,1,13.47844444
05/09/2025 23:00,0,0.005,0,13.88,0,12.73,11.725,13.795,86.55,1015.37,2,7.555555556,2,147.7777778,1,13.99288889
06/09/2025 00:00,0,0.015,0,13.85,0,12.745,11.77,13.825,86.9,1014.865,2,8.055555556,2,145,1,14.91888889
06/09/2025 01:00,0,0.08,0,13.87,0,12.925,12.105,14.145,88.7,1014.275,2,8.222222222,2,145.5555556,1,15.22755556
06/09/2025 02:00,0,0.025,0,14.055,0,13.075,12.25,14.285,88.45,1013.61,2,8.444444444,2,140.5555556,1,15.63911111
06/09/2025 03:00,0,0.09,0,14.125,0,13.24,12.475,14.49,89.45,1012.685,2,8.222222222,2,137.2222222,1,15.22755556
06/09/2025 04:00,0,0.07,0,14.375,0,13.305,12.455,14.45,87.85,1012.09,2,9,2,140.5555556,1,16.668
06/09/2025 05:00,0,0.24,0,14.32,0,13.41,12.655,14.67,89.45,1011.66,2,9.166666667,2,141.1111111,1,16.97666667
06/09/2025 06:00,0,0.29,0,14.305,0,13.46,12.77,14.78,90.35,1011.115,2,8.944444444,2,134.4444444,1,16.56511111
06/09/2025 07:00,0,0.075,0,14.56,0,13.655,12.915,14.9,89.8,1010.885,2,9.166666667,2,128.3333333,1,16.97666667
06/09/2025 08:00,0,0.01,0,15.01,0,13.895,13.015,14.99,87.65,1010.535,2,10.55555556,2,134.4444444,1,19.54888889
06/09/2025 09:00,0,0.025,0,15.46,0,14.185,13.18,15.17,86.1,1009.985,2,11.38888889,2,135,1,21.09222222
06/09/2025 10:00,0,0.035,0,15.94,0,14.51,13.385,15.37,84.5,1009.325,2,11.44444444,2,133.8888889,1,21.19511111
06/09/2025 11:00,0,0.115,0,16.255,0,14.63,13.35,15.345,82.75,1008.58,2,13.11111111,2,136.1111111,1,24.28177778
06/09/2025 12:00,0,0.045,0,16.78,0,14.785,13.245,15.235,79.45,1007.675,2,13.5,2,138.8888889,1,25.002
06/09/2025 13:00,0,0.095,0,17.11,0,14.89,13.13,15.145,77.4,1006.69,2,14.05555556,2,140,1,26.03088889
06/09/2025 14:00,0,0.135,0,17.19,0,14.95,13.185,15.18,77.25,1005.55,2,13.61111111,2,137.2222222,1,25.20777778
06/09/2025 15:00,0,0.16,0,17.295,0,14.96,13.14,15.145,76.4,1004.26,2,14.72222222,2,135,1,27.26555556
06/09/2025 16:00,0,0.315,0,17.14,0,14.9,13.165,15.18,77.5,1003.275,2,15.05555556,2,132.2222222,1,27.88288889
06/09/2025 17:00,0,0.32,0,16.92,0,14.86,13.22,15.24,78.85,1002.3,2,15.16666667,2,133.8888889,1,28.08866667
06/09/2025 18:00,0,0.455,0,16.655,0,14.74,13.21,15.235,80.05,1001.645,2,15.94444444,2,131.6666667,1,29.52911111
06/09/2025 19:00,0,0.47,0,16.63,0,14.595,12.975,15.01,79.15,1000.9,2,15.83333333,2,131.6666667,1,29.32333333
06/09/2025 20:00,0,0.575,0,16.63,0,14.675,13.11,15.15,79.55,1000.22,2,16.55555556,2,131.1111111,1,30.66088889
06/09/2025 21:00,0,0.58,0,16.68,0,14.905,13.49,15.535,81.55,999.73,2,16.5,2,135,1,30.558
06/09/2025 22:00,0,0.32,0,16.83,0,15.125,13.775,15.83,82.35,998.925,2,16.55555556,2,136.6666667,1,30.66088889
06/09/2025 23:00,0,0.28,0,16.895,0,15.31,14.095,16.155,83.7,997.885,2,16.22222222,2,136.6666667,1,30.04355556
07/09/2025 00:00,0,0.195,0,17.065,0,15.56,14.415,16.505,84.5,997.22,2,16.38888889,2,139.4444444,1,30.35222222
07/09/2025 01:00,0,0.3,0,17.025,0,15.69,14.655,16.72,85.8,996.63,2,16.22222222,2,142.7777778,1,30.04355556
07/09/2025 02:00,0,0.29,0,16.915,0,15.64,14.705,16.745,86.55,996.11,2,15.38888889,2,144.4444444,1,28.50022222
07/09/2025 03:00,0,0.325,0,16.81,0,15.53,14.57,16.64,86.7,995.455,2,14.83333333,2,149.4444444,1,27.47133333
07/09/2025 04:00,0,0.16,0,16.57,0,15.29,14.3,16.375,86.7,995.195,2,14.72222222,2,158.3333333,1,27.26555556
07/09/2025 05:00,0,0.195,0,16.415,0,15.315,14.505,16.565,88.25,995.06,2,14,2,165.5555556,1,25.928
07/09/2025 06:00,0,0.275,0,16.06,0,15.095,14.37,16.42,89.6,995.525,2,12.55555556,2,170,1,23.25288889
07/09/2025 07:00,0,0.145,0,15.72,0,14.85,14.185,16.235,90.3,996.145,2,12.27777778,2,191.1111111,1,22.73844444
07/09/2025 08:00,0,0.115,0,15.595,0,14.76,14.11,16.165,90.6,996.815,2,11.77777778,2,199.4444444,1,21.81244444
07/09/2025 09:00,0,0.18,0,15.745,0,14.67,13.83,15.9,88.15,997.4,2,11.72222222,2,213.3333333,1,21.70955556
07/09/2025 10:00,0,0.22,0,15.56,0,14.28,13.215,15.275,85.8,998.14,2,11.61111111,2,237.7777778,1,21.50377778
07/09/2025 11:00,0,0.145,0,15.78,0,14.145,12.8,14.845,82.3,998.795,2,11.22222222,2,242.2222222,1,20.78355556
07/09/2025 12:00,0,0.285,0,15.77,0,13.91,12.365,14.42,80.25,999.68,2,11.55555556,2,258.8888889,1,21.40088889
07/09/2025 13:00,0,0.065,0,16.035,0,13.88,12.09,14.16,77.35,1000.415,2,11.33333333,2,255.5555556,1,20.98933333
07/09/2025 14:00,0,0.075,0,15.97,0,13.545,11.485,13.6,74.5,1001.085,2,11.66666667,2,254.4444444,1,21.60666667
07/09/2025 15:00,0,0.02,0,16.095,0,13.405,11.06,13.225,71.9,1001.78,2,12.33333333,2,256.6666667,1,22.84133333
07/09/2025 16:00,0,0.05,0,15.91,0,13.11,10.605,12.825,70.6,1002.525,2,11.5,2,255.5555556,1,21.298
07/09/2025 17:00,0,0.02,0,15,0,12.54,10.285,12.545,73.05,1003.325,2,10.72222222,2,257.2222222,1,19.85755556
07/09/2025 18:00,0,0.025,0,14.475,0,12.06,9.825,12.14,73.4,1004.3,2,10.11111111,2,253.3333333,1,18.72577778
07/09/2025 19:00,0,0.065,0,13.51,0,11.56,9.71,12.055,77.65,1005.295,2,8.666666667,2,246.1111111,1,16.05066667
07/09/2025 20:00,0,0.02,0,12.885,0,11.21,9.595,11.96,80.15,1006.19,2,7.111111111,2,235.5555556,1,13.16977778
07/09/2025 21:00,0,0.01,0,12.395,0,10.91,9.455,11.855,81.95,1006.985,2,7.5,2,236.1111111,1,13.89
07/09/2025 22:00,0,0.015,0,12.095,0,10.675,9.28,11.71,82.65,1007.47,2,6.833333333,2,242.7777778,1,12.65533333
07/09/2025 23:00,0,0.025,0,11.685,0,10.35,9.075,11.54,83.75,1008.005,2,6.666666667,2,219.4444444,1,12.34666667
08/09/2025 00:00,0,0.005,0,11.34,0,10.02,8.675,11.24,83.55,1008.47,2,6.888888889,2,216.6666667,1,12.75822222
08/09/2025 01:00,0,0,0,10.9,0,9.73,8.53,11.125,85.1,1008.905,2,6.944444444,2,206.6666667,1,12.86111111
08/09/2025 02:00,0,0.015,0,10.45,0,9.415,8.38,11,87,1009.15,2,6.833333333,2,203.8888889,1,12.65533333
08/09/2025 03:00,0,0.04,0,10.1,0,9.125,8.105,10.82,87.4,1009.23,2,6.555555556,2,202.7777778,1,12.14088889
08/09/2025 04:00,0,0.035,0,9.755,0,8.825,7.825,10.625,87.8,1009.375,2,6.611111111,2,203.3333333,1,12.24377778
08/09/2025 05:00,0,0.04,0,9.58,0,8.715,7.785,10.605,88.45,1009.68,2,6.388888889,2,195,1,11.83222222
08/09/2025 06:00,0,0.06,0,9.645,0,8.785,7.86,10.64,88.45,1010.105,2,6.888888889,2,192.7777778,1,12.75822222
08/09/2025 07:00,0,0.055,0,10.295,0,9.325,8.28,10.945,87.15,1010.505,2,7.055555556,2,192.2222222,1,13.06688889
08/09/2025 08:00,0,0.025,0,11.92,0,10.375,8.815,11.36,81.2,1010.9,2,7.666666667,2,200,1,14.19866667
08/09/2025 09:00,0,0.085,0,13.09,0,11.215,9.405,11.805,78.15,1011.125,2,8.444444444,2,206.6666667,1,15.63911111
08/09/2025 10:00,0,0.39,0,14.27,0,11.805,9.49,11.88,72.7,1011.235,2,9.222222222,2,213.3333333,1,17.07955556
08/09/2025 11:00,0,0.09,0,14.815,0,11.83,8.98,11.48,67.85,1011.275,2,10.44444444,2,215.5555556,1,19.34311111
08/09/2025 12:00,0,0.11,0,15.175,0,12.07,9.155,11.63,67.45,1011.18,2,10.77777778,2,218.8888889,1,19.96044444
08/09/2025 13:00,0,0.335,0,15.1,0,11.975,8.99,11.495,67.25,1011.19,2,11.05555556,2,219.4444444,1,20.47488889
08/09/2025 14:00,0,0.19,0,15.47,0,12.21,9.125,11.63,66.25,1011.145,2,10.83333333,2,215.5555556,1,20.06333333
08/09/2025 15:00,0,0.205,0,15.58,0,12.23,9.095,11.575,65.55,1010.955,2,10.66666667,2,218.3333333,1,19.75466667
08/09/2025 16:00,0,0.06,0,15.64,0,12.265,9.03,11.57,65,1010.76,2,10.38888889,2,214.4444444,1,19.24022222
08/09/2025 17:00,0,0.16,0,14.7,0,12,9.455,11.865,70.9,1010.61,2,10.05555556,2,213.3333333,1,18.62288889
08/09/2025 18:00,0,0.015,0,14.18,0,11.725,9.375,11.79,72.55,1010.485,2,8.888888889,2,191.6666667,1,16.46222222
08/09/2025 19:00,0,0.01,0,13.145,0,11.32,9.57,11.93,78.65,1010.415,2,8,2,183.3333333,1,14.816
08/09/2025 20:00,0,0.075,0,12.67,0,10.96,9.345,11.775,80,1010.37,2,8.388888889,2,170,1,15.53622222
08/09/2025 21:00,0,0.105,0,12.385,0,10.91,9.48,11.86,82.15,1009.855,2,8.888888889,2,163.3333333,1,16.46222222
08/09/2025 22:00,0,0.225,0,12.07,0,10.76,9.485,11.89,83.95,1009.255,2,9.166666667,2,160,1,16.97666667
08/09/2025 23:00,0,0.56,0,11.895,0,10.715,9.58,11.96,85.4,1008.595,2,10,2,157.2222222,1,18.52
09/09/2025 00:00,0,0.395,0,11.795,0,10.685,9.62,11.98,86.1,1007.945,2,10.66666667,2,154.4444444,1,19.75466667
09/09/2025 01:00,0,0.535,0,11.825,0,10.79,9.78,12.13,86.95,1007.375,2,10.88888889,2,151.6666667,1,20.16622222
09/09/2025 02:00,0,0.66,0,11.865,0,10.96,10.075,12.38,88.5,1006.74,2,11.33333333,2,146.1111111,1,20.98933333
09/09/2025 03:00,0,0.32,0,12.07,0,11.155,10.3,12.575,88.65,1006.09,2,11.38888889,2,151.1111111,1,21.09222222
09/09/2025 04:00,0,0.29,0,12.275,0,11.395,10.565,12.8,89.05,1005.51,2,11.61111111,2,146.6666667,1,21.50377778
09/09/2025 05:00,0,0.19,0,12.385,0,11.485,10.645,12.865,88.85,1005.03,2,11.38888889,2,150.5555556,1,21.09222222
09/09/2025 06:00,0,0.085,0,12.49,0,11.66,10.885,13.08,89.65,1004.93,2,11.27777778,2,145.5555556,1,20.88644444
09/09/2025 07:00,0,0.065,0,12.84,0,12.02,11.24,13.4,89.75,1005.075,2,10.55555556,2,147.2222222,1,19.54888889
09/09/2025 08:00,0,0.05,0,13.415,0,12.54,11.765,13.855,89.4,1005.195,2,9.555555556,2,150.5555556,1,17.69688889
09/09/2025 09:00,0,0.085,0,14.095,0,13.115,12.295,14.33,88.8,1005.265,2,9.388888889,2,153.8888889,1,17.38822222
09/09/2025 10:00,0,0.105,0,15.135,0,13.84,12.785,14.8,85.65,1005.265,2,9.333333333,2,164.4444444,1,17.28533333
09/09/2025 11:00,0,0.105,0,16.115,0,14.48,13.195,15.185,82.5,1005.135,2,9.833333333,2,163.8888889,1,18.21133333
09/09/2025 12:00,0,0.07,0,16.645,0,14.95,13.625,15.62,82.1,1004.985,2,10,2,163.3333333,1,18.52
09/09/2025 13:00,0,0.06,0,17.5,0,15.39,13.775,15.795,78.85,1004.75,2,9.666666667,2,170,1,17.90266667
09/09/2025 14:00,0,0.04,0,17.785,0,15.445,13.675,15.665,76.8,1004.535,2,10.22222222,2,178.8888889,1,18.93155556
09/09/2025 15:00,0,0.16,0,17.86,0,15.555,13.82,15.8,77.1,1004.165,2,9.833333333,2,177.2222222,1,18.21133333
09/09/2025 16:00,0,0.045,0,17.86,0,15.335,13.385,15.39,75.15,1003.575,2,9.944444444,2,170,1,18.41711111
09/09/2025 17:00,0,0.05,0,17.03,0,15.105,13.64,15.62,80.45,1003.165,2,9.722222222,2,167.2222222,1,18.00555556
09/09/2025 18:00,0,0.03,0,16.125,0,14.6,13.43,15.425,83.8,1002.825,2,9.222222222,2,172.7777778,1,17.07955556
09/09/2025 19:00,0,0.02,0,15.11,0,14.015,13.13,15.12,87.7,1002.59,2,8.444444444,2,176.1111111,1,15.63911111
09/09/2025 20:00,0,0.04,0,14.555,0,13.665,12.96,14.945,89.95,1002.22,2,8.222222222,2,156.1111111,1,15.22755556
09/09/2025 21:00,0,0.035,0,14.305,0,13.445,12.725,14.72,90,1001.59,2,8.888888889,2,163.8888889,1,16.46222222
09/09/2025 22:00,0,0.095,0,14.09,0,13.375,12.76,14.755,91.2,1001.01,2,8.666666667,2,162.7777778,1,16.05066667
09/09/2025 23:00,0,0.025,0,13.83,0,13.1,12.495,14.5,91.3,1000.555,2,7.777777778,2,167.7777778,1,14.40444444
10/09/2025 00:00,0,0.015,0,13.475,0,12.795,12.24,14.265,91.95,999.87,2,7.333333333,2,174.4444444,1,13.58133333
10/09/2025 01:00,0,0.085,0,13.215,0,12.62,12.105,14.135,92.7,999.195,2,6.666666667,2,169.4444444,1,12.34666667
10/09/2025 02:00,0,0.38,0,13.095,0,12.51,12.01,14.03,92.8,998.475,2,6.777777778,2,174.4444444,1,12.55244444
10/09/2025 03:00,0,0.3,0,13.05,0,12.52,12.055,14.09,93.25,997.53,2,6.777777778,2,172.7777778,1,12.55244444
10/09/2025 04:00,0,0.3,0,13.08,0,12.565,12.11,14.13,93.4,996.575,2,7.111111111,2,171.1111111,1,13.16977778
10/09/2025 05:00,0,0.39,0,13.07,0,12.59,12.165,14.195,93.95,995.84,2,7.333333333,2,160,1,13.58133333
10/09/2025 06:00,0,0.215,0,13.125,0,12.61,12.19,14.205,93.8,995.315,2,8.333333333,2,166.1111111,1,15.43333333
10/09/2025 07:00,0,0.295,0,13.22,0,12.72,12.315,14.33,94.05,995.055,2,8.5,2,172.2222222,1,15.742
10/09/2025 08:00,0,0.365,0,13.605,0,13.045,12.57,14.58,93.15,994.66,2,8.555555556,2,173.8888889,1,15.84488889
10/09/2025 09:00,0,0.35,0,13.8,0,13.11,12.515,14.52,91.5,994.255,2,10.16666667,2,190.5555556,1,18.82866667
10/09/2025 10:00,0,0.295,0,14.53,0,13.62,12.865,14.865,89.55,993.825,2,11.22222222,2,201.1111111,1,20.78355556
10/09/2025 11:00,0,0.415,0,14.99,0,13.9,13.03,15.025,87.9,993.345,2,12.33333333,2,210,1,22.84133333
10/09/2025 12:00,0,0.54,0,15.51,0,14.045,12.87,14.88,84.15,993.105,2,13.77777778,2,226.6666667,1,25.51644444
10/09/2025 13:00,0,0.405,0,15.45,0,13.59,12.035,14.08,79.85,993.165,2,15.55555556,2,241.1111111,1,28.80888889
10/09/2025 14:00,0,0.625,0,15.135,0,13.335,11.825,13.89,80.45,993.505,2,16.61111111,2,251.1111111,1,30.76377778
10/09/2025 15:00,0,0.095,0,15.515,0,13.16,11.125,13.27,74.9,993.835,2,17.77777778,2,258.8888889,1,32.92444444
10/09/2025 16:00,0,0.165,0,15.205,0,12.6,10.24,12.505,72.25,994.255,2,17.77777778,2,263.8888889,1,32.92444444
10/09/2025 17:00,0,0.025,0,14.79,0,12.135,9.66,12.005,71.2,994.59,2,16.88888889,2,261.6666667,1,31.27822222
10/09/2025 18:00,0,0.06,0,13.87,0,11.535,9.325,11.745,73.8,995.14,2,15.61111111,2,260.5555556,1,28.91177778
10/09/2025 19:00,0,0.125,0,12.9,0,11.005,9.18,11.62,77.85,995.65,2,13.77777778,2,256.1111111,1,25.51644444
10/09/2025 20:00,0,0.045,0,12.455,0,10.875,9.315,11.74,80.85,996.015,2,12.33333333,2,251.1111111,1,22.84133333
10/09/2025 21:00,0,0.5,0,12.015,0,10.58,9.17,11.625,82.55,996.01,2,11.88888889,2,241.6666667,1,22.01822222
10/09/2025 22:00,0,0.2,0,11.78,0,10.49,9.26,11.675,84.25,995.97,2,11.83333333,2,235,1,21.91533333
10/09/2025 23:00,0,0.13,0,11.655,0,10.43,9.225,11.665,84.85,995.86,2,11.55555556,2,233.3333333,1,21.40088889
11/09/2025 00:00,0,0.135,0,11.6,0,10.405,9.225,11.67,85.05,995.655,2,12.38888889,2,230.5555556,1,22.94422222
11/09/2025 01:00,0,0.425,0,11.44,0,10.325,9.235,11.675,85.95,995.545,2,12.5,2,232.7777778,1,23.15
11/09/2025 02:00,0,0.29,0,11.33,0,10.305,9.3,11.73,87.1,995.24,2,12.22222222,2,234.4444444,1,22.63555556
11/09/2025 03:00,0,0.305,0,11.16,0,10.135,9.105,11.57,87,995.1,2,11.72222222,2,237.2222222,1,21.70955556
11/09/2025 04:00,0,0.405,0,10.83,0,9.94,9.035,11.515,88.3,995.15,2,11.16666667,2,228.3333333,1,20.68066667
11/09/2025 05:00,0,0.205,0,10.76,0,9.76,8.77,11.3,87.35,995.195,2,11.83333333,2,232.2222222,1,21.91533333
11/09/2025 06:00,0,0.165,0,10.68,0,9.715,8.745,11.3,87.7,995.56,2,11.66666667,2,233.8888889,1,21.60666667
11/09/2025 07:00,0,0.235,0,10.955,0,9.845,8.72,11.27,85.95,996.11,2,11.77777778,2,236.1111111,1,21.81244444
11/09/2025 08:00,0,0.17,0,11.44,0,10.06,8.665,11.24,82.95,996.4,2,12.77777778,2,241.1111111,1,23.66444444
11/09/2025 09:00,0,0.235,0,12.31,0,10.53,8.735,11.295,78.8,996.65,2,13.5,2,241.6666667,1,25.002
11/09/2025 10:00,0,0.14,0,12.675,0,10.665,8.66,11.25,76.5,996.985,2,14.44444444,2,245,1,26.75111111
11/09/2025 11:00,0,0.585,0,12.815,0,10.69,8.55,11.155,75.15,997.155,2,14.16666667,2,245.5555556,1,26.23666667
11/09/2025 12:00,0,0.475,0,13.315,0,10.975,8.63,11.235,73.45,997.2,2,13.94444444,2,246.6666667,1,25.82511111
11/09/2025 13:00,0,0.485,0,13.455,0,11.035,8.61,11.205,72.5,997.4,2,15.5,2,247.2222222,1,28.706
11/09/2025 14:00,0,0.225,0,12.99,0,10.77,8.58,11.175,74.55,997.785,2,15.72222222,2,248.3333333,1,29.11755556
11/09/2025 15:00,0,0.165,0,13.47,0,11.01,8.56,11.17,72.2,998.06,2,15.38888889,2,251.1111111,1,28.50022222
11/09/2025 16:00,0,0.09,0,13.235,0,10.985,8.765,11.305,74.2,998.35,2,14.94444444,2,254.4444444,1,27.67711111
11/09/2025 17:00,0,0.37,0,12.73,0,10.805,8.91,11.44,77.35,998.76,2,14.05555556,2,252.2222222,1,26.03088889
11/09/2025 18:00,0,0.11,0,12.27,0,10.645,9.05,11.53,80.4,999.31,2,13.5,2,256.6666667,1,25.002
11/09/2025 19:00,0,0.19,0,11.635,0,10.295,8.96,11.45,83.5,999.745,2,12.5,2,253.8888889,1,23.15
11/09/2025 20:00,0,0.165,0,11.115,0,9.985,8.83,11.36,85.4,1000.46,2,12.38888889,2,252.2222222,1,22.94422222
11/09/2025 21:00,0,0.335,0,10.975,0,9.845,8.715,11.26,85.6,1000.855,2,12,2,250.5555556,1,22.224
11/09/2025 22:00,0,0.285,0,10.785,0,9.755,8.705,11.255,86.7,1001.3,2,12.16666667,2,250.5555556,1,22.53266667
11/09/2025 23:00,0,0.31,0,10.565,0,9.435,8.265,10.91,85.55,1001.605,2,11.77777778,2,246.6666667,1,21.81244444
12/09/2025 00:00,0,0.125,0,10.555,0,9.43,8.28,10.935,85.65,1001.76,2,11.38888889,2,241.1111111,1,21.09222222
12/09/2025 01:00,0,0.28,0,10.12,0,9.045,7.925,10.675,86.1,1001.885,2,11.66666667,2,237.7777778,1,21.60666667
12/09/2025 02:00,0,0.125,0,10.355,0,9.25,8.095,10.815,85.75,1002.015,2,11.5,2,235.5555556,1,21.298
12/09/2025 03:00,0,0.295,0,10.225,0,9.22,8.18,10.855,86.75,1002.215,2,11.94444444,2,236.1111111,1,22.12111111
12/09/2025 04:00,0,0.21,0,10.115,0,9.115,8.075,10.785,86.95,1002.48,2,11.38888889,2,232.2222222,1,21.09222222
12/09/2025 05:00,0,0.295,0,10.035,0,9.085,8.08,10.8,87.45,1002.675,2,11.16666667,2,237.2222222,1,20.68066667
12/09/2025 06:00,0,0.175,0,9.91,0,8.995,8.035,10.775,87.95,1002.985,2,10.66666667,2,237.2222222,1,19.75466667
12/09/2025 07:00,0,0.125,0,10.295,0,9.315,8.295,10.96,87.25,1003.5,2,10.27777778,2,236.6666667,1,19.03444444
12/09/2025 08:00,0,0.145,0,11.505,0,10.185,8.85,11.375,83.6,1003.925,2,10.5,2,226.1111111,1,19.446
12/09/2025 09:00,0,0.08,0,12.815,0,10.99,9.205,11.635,78.45,1004.245,2,10.94444444,2,237.2222222,1,20.26911111
12/09/2025 10:00,0,0.14,0,13.635,0,11.47,9.39,11.78,75.2,1004.41,2,12.05555556,2,241.1111111,1,22.32688889
12/09/2025 11:00,0,0.195,0,13.74,0,11.445,9.205,11.665,73.95,1004.455,2,12.72222222,2,240.5555556,1,23.56155556
12/09/2025 12:00,0,0.49,0,13.75,0,11.57,9.5,11.9,75.5,1004.49,2,12.83333333,2,235,1,23.76733333
12/09/2025 13:00,0,0.27,0,13.995,0,11.675,9.46,11.86,74.15,1004.565,2,12.83333333,2,230,1,23.76733333
12/09/2025 14:00,0,0.425,0,13.695,0,11.51,9.44,11.855,75.5,1004.285,2,13.16666667,2,225,1,24.38466667
12/09/2025 15:00,0,0.37,0,13.28,0,11.35,9.52,11.9,78.15,1003.825,2,13.72222222,2,223.8888889,1,25.41355556
12/09/2025 16:00,0,0.355,0,13.025,0,11.23,9.515,11.9,79.2,1003.19,2,13.61111111,2,220.5555556,1,25.20777778
12/09/2025 17:00,0,0.925,0,12.55,0,10.92,9.32,11.745,80.6,1002.665,2,13.05555556,2,211.6666667,1,24.17888889
12/09/2025 18:00,0,0.39,0,11.89,0,10.57,9.255,11.685,83.6,1002.175,2,12.44444444,2,207.7777778,1,23.04711111
12/09/2025 19:00,0,0.71,0,11.255,0,10.09,8.89,11.41,85.15,1001.9,2,11.38888889,2,209.4444444,1,21.09222222
12/09/2025 20:00,0,0.715,0,10.925,0,9.75,8.52,11.115,84.75,1001.785,2,10.27777778,2,212.2222222,1,19.03444444
12/09/2025 21:00,0,0.465,0,10.37,0,9.315,8.225,10.905,86.4,1001.51,2,10.22222222,2,211.6666667,1,18.93155556
12/09/2025 22:00,0,0.1,0,10.07,0,9.055,7.98,10.725,86.7,1001.19,2,10.27777778,2,217.7777778,1,19.03444444
12/09/2025 23:00,0,0.235,0,9.6,0,8.725,7.785,10.59,88.15,1000.98,2,9.777777778,2,212.7777778,1,18.10844444
13/09/2025 00:00,0,0.365,0,9.365,0,8.445,7.47,10.36,87.7,1000.795,2,10,2,213.3333333,1,18.52
13/09/2025 01:00,0,0.385,0,9.36,0,8.455,7.47,10.355,87.85,1000.58,2,10.38888889,2,214.4444444,1,19.24022222
13/09/2025 02:00,0,0.4,0,9.35,0,8.455,7.49,10.385,87.9,1000.235,2,10.27777778,2,209.4444444,1,19.03444444
13/09/2025 03:00,0,0.48,0,9.455,0,8.57,7.61,10.465,87.95,1000.05,2,10.5,2,206.6666667,1,19.446
13/09/2025 04:00,0,0.24,0,9.765,0,8.77,7.685,10.51,86.8,999.79,2,10.94444444,2,215,1,20.26911111
13/09/2025 05:00,0,0.325,0,9.93,0,8.95,7.915,10.675,87.05,999.72,2,11.11111111,2,219.4444444,1,20.57777778
13/09/2025 06:00,0,0.505,0,10.02,0,9.015,7.94,10.695,86.75,999.92,2,11.5,2,221.6666667,1,21.298
13/09/2025 07:00,0,0.4,0,10.19,0,9.15,8.07,10.79,86.45,1000.425,2,11.16666667,2,223.8888889,1,20.68066667
13/09/2025 08:00,0,0.37,0,10.955,0,9.83,8.7,11.255,85.75,1000.8,2,11.16666667,2,232.2222222,1,20.68066667
13/09/2025 09:00,0,0.205,0,11.965,0,10.6,9.255,11.685,83.15,1001.26,2,11.55555556,2,235.5555556,1,21.40088889
13/09/2025 10:00,0,0.395,0,12.87,0,11.155,9.51,11.88,79.85,1001.75,2,12.33333333,2,240.5555556,1,22.84133333
13/09/2025 11:00,0,0.26,0,13.54,0,11.51,9.56,11.945,76.75,1002.135,2,12.83333333,2,246.1111111,1,23.76733333
13/09/2025 12:00,0,0.22,0,14.49,0,12.025,9.75,12.09,73,1002.585,2,13.05555556,2,251.6666667,1,24.17888889
13/09/2025 13:00,0,0.3,0,13.965,0,11.725,9.64,11.995,75.1,1003.165,2,13.44444444,2,251.1111111,1,24.89911111
13/09/2025 14:00,0,0.14,0,14.98,0,12.325,9.895,12.22,71.6,1003.59,2,12.66666667,2,253.8888889,1,23.45866667
13/09/2025 15:00,0,0.155,0,14.51,0,12.18,10.03,12.325,74.35,1003.99,2,13.38888889,2,257.7777778,1,24.79622222
13/09/2025 16:00,0,0.255,0,14.255,0,12.005,9.91,12.23,75.05,1004.5,2,11.88888889,2,259.4444444,1,22.01822222
13/09/2025 17:00,0,0.05,0,14.17,0,11.89,9.76,12.09,74.65,1005.12,2,11.11111111,2,261.1111111,1,20.57777778
13/09/2025 18:00,0,0.3,0,13.445,0,11.565,9.765,12.11,78.3,1005.86,2,9.666666667,2,257.2222222,1,17.90266667
13/09/2025 19:00,0,0.075,0,12.255,0,10.86,9.5,11.89,82.95,1006.7,2,8.055555556,2,253.3333333,1,14.91888889
13/09/2025 20:00,0,0.04,0,11.655,0,10.51,9.39,11.8,85.75,1007.345,2,7.055555556,2,237.7777778,1,13.06688889
13/09/2025 21:00,0,0.2,0,10.965,0,9.98,8.99,11.5,87.6,1007.505,2,6.111111111,2,231.1111111,1,11.31777778
13/09/2025 22:00,0,0.02,0,10.62,0,9.83,9.025,11.515,89.7,1007.98,2,5.888888889,2,205,1,10.90622222
13/09/2025 23:00,0,0.015,0,10.11,0,9.355,8.595,11.18,90.1,1008.09,2,5.833333333,2,196.6666667,1,10.80333333
14/09/2025 00:00,0,0.01,0,9.97,0,9.24,8.475,11.095,90.25,1007.72,2,5.277777778,2,180,1,9.774444444
14/09/2025 01:00,0,0.005,0,9.745,0,8.95,8.12,10.82,89.45,1007.37,2,5.277777778,2,177.7777778,1,9.774444444
14/09/2025 02:00,0,0.025,0,9.815,0,8.985,8.14,10.855,89.5,1007.355,2,5.555555556,2,169.4444444,1,10.28888889
14/09/2025 03:00,0,0.005,0,9.875,0,9.01,8.16,10.85,89.1,1006.71,2,6.5,2,167.2222222,1,12.038
14/09/2025 04:00,0,0.01,0,9.96,0,9.155,8.32,10.995,89.7,1005.725,2,7,2,152.7777778,1,12.964
14/09/2025 05:00,0,0.025,0,10.095,0,9.325,8.575,11.19,90.15,1004.535,2,7.5,2,143.3333333,1,13.89
14/09/2025 06:00,0,0.255,0,10.46,0,9.68,8.875,11.465,89.55,1003.36,2,9,2,140,1,16.668
14/09/2025 07:00,0,0.95,0,10.825,0,10,9.165,11.69,89.1,1002.135,2,10.05555556,2,135,1,18.62288889
14/09/2025 08:00,0,0.43,0,11.525,0,10.695,9.875,12.325,89.45,1000.485,2,11.22222222,2,135,1,20.78355556
14/09/2025 09:00,0,0.62,0,12.045,0,11.35,10.655,12.965,90.85,998.74,2,12.33333333,2,137.7777778,1,22.84133333
14/09/2025 10:00,0,0.815,0,12.92,0,12.305,11.75,13.905,92.2,996.88,2,14,2,145,1,25.928
14/09/2025 11:00,0,0.48,0,14.045,0,13.315,12.685,14.78,91.2,994.955,2,14.77777778,2,150,1,27.36844444
14/09/2025 12:00,0,0.555,0,14.945,0,14.07,13.375,15.4,90.15,993.725,2,15.61111111,2,163.3333333,1,28.91177778
14/09/2025 13:00,0,0.48,0,15.635,0,14.405,13.46,15.485,86.75,992.7,2,15.94444444,2,177.2222222,1,29.52911111
14/09/2025 14:00,0,0.32,0,16.285,0,14.655,13.375,15.39,83,991.69,2,15.05555556,2,192.7777778,1,27.88288889
14/09/2025 15:00,0,0.425,0,16.51,0,14.53,12.985,14.98,79.8,990.805,2,15.55555556,2,207.2222222,1,28.80888889
14/09/2025 16:00,0,0.345,0,15.865,0,14.09,12.635,14.65,80.85,990.45,2,16.38888889,2,213.3333333,1,30.35222222
14/09/2025 17:00,0,0.19,0,15.215,0,13.44,11.96,14.005,80.75,990.105,2,16.33333333,2,217.7777778,1,30.24933333
14/09/2025 18:00,0,0.185,0,14.39,0,12.93,11.67,13.735,83.4,989.96,2,15.44444444,2,216.1111111,1,28.60311111
14/09/2025 19:00,0,0.255,0,13.7,0,12.395,11.215,13.315,84.75,989.82,2,14.72222222,2,216.6666667,1,27.26555556
14/09/2025 20:00,0,0.27,0,13.415,0,12.295,11.295,13.405,86.8,989.815,2,14.33333333,2,215.5555556,1,26.54533333
14/09/2025 21:00,0,0.505,0,13.22,0,12.235,11.355,13.455,88.35,989.72,2,14.61111111,2,219.4444444,1,27.05977778
14/09/2025 22:00,0,0.265,0,13.175,0,12.195,11.305,13.4,88.2,989.94,2,14.72222222,2,226.1111111,1,27.26555556
14/09/2025 23:00,0,0.395,0,12.97,0,12.045,11.21,13.32,88.85,990.355,2,15.94444444,2,232.7777778,1,29.52911111
15/09/2025 00:00,0,0.4,0,12.99,0,12.095,11.31,13.42,89.25,990.88,2,16.77777778,2,237.7777778,1,31.07244444
15/09/2025 01:00,0,0.345,0,13.035,0,12.09,11.24,13.34,88.45,991.615,2,17.33333333,2,248.3333333,1,32.10133333
15/09/2025 02:00,0,0.675,0,13.035,0,12.02,11.11,13.245,87.75,992.245,2,18.05555556,2,248.8888889,1,33.43888889
15/09/2025 03:00,0,0.665,0,12.83,0,11.8,10.84,13.005,87.45,992.94,2,18.94444444,2,250.5555556,1,35.08511111
15/09/2025 04:00,0,1.055,0,12.745,0,11.685,10.695,12.875,87.1,993.705,2,18.94444444,2,254.4444444,1,35.08511111
15/09/2025 05:00,0,0.635,0,12.7,0,11.54,10.435,12.65,86,994.58,2,18.66666667,2,258.3333333,1,34.57066667
15/09/2025 06:00,0,0.545,0,12.58,0,11.405,10.28,12.52,85.65,995.53,2,18.72222222,2,258.3333333,1,34.67355556
15/09/2025 07:00,0,0.095,0,12.735,0,11.465,10.29,12.53,84.7,996.65,2,18.16666667,2,260,1,33.64466667
15/09/2025 08:00,0,0.115,0,13.07,0,11.665,10.355,12.58,83.25,997.605,2,18.16666667,2,260.5555556,1,33.64466667
15/09/2025 09:00,0,0.24,0,13.31,0,11.915,10.63,12.845,83.6,998.65,2,19,2,266.1111111,1,35.188
15/09/2025 10:00,0,0.135,0,13.945,0,12.265,10.775,12.95,81,999.655,2,19.66666667,2,270.5555556,1,36.42266667
15/09/2025 11:00,0,0.165,0,14.23,0,12.425,10.8,12.97,79.85,1000.79,2,20,2,271.1111111,1,37.04
15/09/2025 12:00,0,0.125,0,14.63,0,12.735,11.06,13.19,79.05,1002.05,2,20.61111111,2,273.3333333,1,38.17177778
15/09/2025 13:00,0,0.12,0,14.735,0,12.76,11.015,13.155,78.35,1003.14,2,20.44444444,2,276.6666667,1,37.86311111
15/09/2025 14:00,0,0.09,0,14.975,0,12.725,10.735,12.905,75.7,1004.095,2,21,2,276.1111111,1,38.892
15/09/2025 15:00,0,0.025,0,14.91,0,12.575,10.485,12.695,74.55,1005.16,2,20.83333333,2,276.6666667,1,38.58333333
15/09/2025 16:00,0,0.05,0,14.55,0,12.33,10.285,12.525,75.55,1006.11,2,20.22222222,2,276.1111111,1,37.45155556
15/09/2025 17:00,0,0.065,0,14.07,0,12.11,10.35,12.56,78.05,1006.97,2,19.33333333,2,277.2222222,1,35.80533333
15/09/2025 18:00,0,0.015,0,13.595,0,11.575,9.665,12,76.85,1007.86,2,17.94444444,2,275.5555556,1,33.23311111
15/09/2025 19:00,0,0.025,0,12.945,0,11.26,9.64,12.005,80.05,1008.945,2,16.05555556,2,271.6666667,1,29.73488889
15/09/2025 20:00,0,0.01,0,12.565,0,11.04,9.56,11.945,81.8,1010.185,2,15.38888889,2,268.8888889,1,28.50022222
15/09/2025 21:00,0,0.185,0,12.29,0,10.95,9.63,11.995,83.45,1010.995,2,15.22222222,2,269.4444444,1,28.19155556
15/09/2025 22:00,0,0.125,0,12.14,0,10.83,9.565,11.945,84,1011.555,2,14.05555556,2,267.7777778,1,26.03088889
15/09/2025 23:00,0,0.045,0,12.005,0,10.75,9.555,11.925,84.75,1012.275,2,13.27777778,2,268.8888889,1,24.59044444
16/09/2025 00:00,0,0.035,0,11.92,0,10.68,9.47,11.865,84.75,1012.705,2,12.38888889,2,266.6666667,1,22.94422222
16/09/2025 01:00,0,0.095,0,11.775,0,10.67,9.6,11.975,86.25,1013.23,2,12.27777778,2,265,1,22.73844444
16/09/2025 02:00,0,0.08,0,11.665,0,10.585,9.55,11.92,86.5,1013.77,2,11.44444444,2,264.4444444,1,21.19511111
16/09/2025 03:00,0,0.03,0,11.525,0,10.505,9.5,11.885,87.25,1014.29,2,10.77777778,2,262.7777778,1,19.96044444
16/09/2025 04:00,0,0.02,0,11.285,0,10.295,9.325,11.745,87.4,1014.73,2,10,2,262.2222222,1,18.52
16/09/2025 05:00,0,0.025,0,11.16,0,10.22,9.295,11.715,88,1015.12,2,9.444444444,2,261.1111111,1,17.49111111
16/09/2025 06:00,0,0.015,0,10.985,0,10.095,9.215,11.66,88.45,1015.38,2,9.111111111,2,259.4444444,1,16.87377778
16/09/2025 07:00,0,0.02,0,11.21,0,10.25,9.32,11.73,87.9,1015.915,2,7.611111111,2,245,1,14.09577778
16/09/2025 08:00,0,0,0,12.39,0,11.12,9.92,12.22,84.6,1016.31,2,7.5,2,238.3333333,1,13.89
16/09/2025 09:00,0,0.03,0,13.325,0,11.665,10.145,12.41,80.75,1016.9,2,8.722222222,2,250.5555556,1,16.15355556
16/09/2025 10:00,0,0.015,0,14.21,0,12.075,10.14,12.39,76.15,1017.045,2,8.611111111,2,255.5555556,1,15.94777778
16/09/2025 11:00,0,0,0,14.79,0,12.265,9.945,12.24,72.35,1016.86,2,8.611111111,2,250,1,15.94777778
16/09/2025 12:00,0,0.015,0,15.06,0,12.4,9.97,12.265,71.3,1017.115,2,8.722222222,2,242.7777778,1,16.15355556
16/09/2025 13:00,0,0.005,0,15.05,0,12.455,10.095,12.38,72.15,1017.11,2,8.944444444,2,238.8888889,1,16.56511111
16/09/2025 14:00,0,0.075,0,14.84,0,12.365,10.09,12.37,73.35,1017.065,2,9.166666667,2,231.1111111,1,16.97666667
16/09/2025 15:00,0,0.03,0,14.6,0,12.295,10.16,12.445,74.6,1016.41,2,8.611111111,2,222.7777778,1,15.94777778
16/09/2025 16:00,0,0.095,0,14.16,0,12.125,10.27,12.515,77.3,1015.67,2,7.833333333,2,213.3333333,1,14.50733333
16/09/2025 17:00,0,0.28,0,13.61,0,12.025,10.57,12.775,81.6,1015.31,2,7.388888889,2,201.6666667,1,13.68422222
16/09/2025 18:00,0,0.39,0,13.085,0,11.845,10.73,12.925,85.4,1014.75,2,7.277777778,2,181.1111111,1,13.47844444
16/09/2025 19:00,0,0.745,0,12.44,0,11.585,10.8,12.98,89.5,1014.01,2,7.888888889,2,170,1,14.61022222
16/09/2025 20:00,0,1.025,0,12.28,0,11.6,10.985,13.13,91.4,1013.055,2,8.277777778,2,146.1111111,1,15.33044444
16/09/2025 21:00,0,1.66,0,12.125,0,11.615,11.155,13.285,93.55,1011.7,2,10.27777778,2,143.8888889,1,19.03444444
16/09/2025 22:00,0,2.325,0,12.185,0,11.74,11.325,13.475,94.25,1009.87,2,12.16666667,2,138.3333333,1,22.53266667
16/09/2025 23:00,0,2.185,0,12.335,0,11.935,11.56,13.705,94.85,1007.98,2,13.77777778,2,137.2222222,1,25.51644444
17/09/2025 00:00,0,2.57,0,12.65,0,12.295,11.98,14.09,95.35,1006.075,2,15.44444444,2,141.1111111,1,28.60311111
17/09/2025 01:00,0,2.88,0,13.23,0,12.905,12.6,14.7,95.65,1004.805,2,14.83333333,2,147.2222222,1,27.47133333
17/09/2025 02:00,0,1.975,0,13.86,0,13.54,13.255,15.34,95.8,1003.58,2,15.05555556,2,160.5555556,1,27.88288889
17/09/2025 03:00,0,0.9,0,14.75,0,14.43,14.18,16.255,95.95,1002.78,2,14.61111111,2,179.4444444,1,27.05977778
17/09/2025 04:00,0,0.41,0,15.215,0,14.86,14.575,16.655,95.6,1002.38,2,15.22222222,2,188.8888889,1,28.19155556
17/09/2025 05:00,0,0.205,0,15.58,0,15.07,14.685,16.765,94,1002.5,2,14.61111111,2,196.6666667,1,27.05977778
17/09/2025 06:00,0,0.13,0,15.745,0,15.05,14.52,16.565,92.1,1002.885,2,14.5,2,205.5555556,1,26.854
17/09/2025 07:00,0,0.01,0,15.74,0,14.77,14.045,16.09,89.35,1003.54,2,13.88888889,2,216.1111111,1,25.72222222
17/09/2025 08:00,0,0.02,0,15.905,0,14.62,13.61,15.655,86,1004.255,2,13.66666667,2,218.8888889,1,25.31066667
17/09/2025 09:00,0,0.025,0,16.15,0,14.465,13.105,15.17,82,1004.965,2,13.94444444,2,224.4444444,1,25.82511111
17/09/2025 10:00,0,0.01,0,16.195,0,14.18,12.535,14.595,78.55,1005.755,2,14.77777778,2,226.6666667,1,27.36844444
17/09/2025 11:00,0,0,0,16.35,0,14.01,12.105,14.155,75.75,1006.31,2,15.44444444,2,226.1111111,1,28.60311111
17/09/2025 12:00,0,0.005,0,16.465,0,13.9,11.79,13.865,73.7,1006.845,2,15.61111111,2,230.5555556,1,28.91177778
17/09/2025 13:00,0,0,0,16.735,0,13.81,11.39,13.495,70.6,1007.205,2,15.83333333,2,230,1,29.32333333
17/09/2025 14:00,0,0,0,16.795,0,13.765,11.205,13.34,69.35,1007.535,2,15.83333333,2,227.2222222,1,29.32333333
17/09/2025 15:00,0,0,0,16.575,0,13.505,10.875,13.045,68.8,1007.915,2,16.11111111,2,232.2222222,1,29.83777778
17/09/2025 16:00,0,0,0,16.13,0,13.225,10.69,12.895,70.1,1008.08,2,15.66666667,2,229.4444444,1,29.01466667
17/09/2025 17:00,0,0.005,0,15.54,0,12.83,10.41,12.645,71.25,1008.48,2,15.33333333,2,231.1111111,1,28.39733333
17/09/2025 18:00,0,0,0,14.685,0,12.365,10.245,12.525,74.4,1008.91,2,14.11111111,2,232.2222222,1,26.13377778
17/09/2025 19:00,0,0,0,13.93,0,11.905,10.015,12.32,76.9,1009.355,2,12.66666667,2,229.4444444,1,23.45866667
17/09/2025 20:00,0,0,0,13.54,0,11.755,10.12,12.38,79.4,1010.025,2,12.61111111,2,225.5555556,1,23.35577778
17/09/2025 21:00,0,0.005,0,13.22,0,11.51,9.86,12.185,79.75,1010.43,2,11.94444444,2,221.1111111,1,22.12111111
17/09/2025 22:00,0,0,0,13.015,0,11.415,9.9,12.205,81.05,1010.74,2,11.16666667,2,222.7777778,1,20.68066667
17/09/2025 23:00,0,0,0,12.855,0,11.34,9.905,12.23,82.1,1011.175,2,10.66666667,2,215,1,19.75466667
18/09/2025 00:00,0,0,0,12.725,0,11.27,9.89,12.205,82.7,1011.175,2,10.38888889,2,213.8888889,1,19.24022222
18/09/2025 01:00,0,0,0,12.495,0,11.15,9.87,12.185,83.8,1011.16,2,10.22222222,2,211.6666667,1,18.93155556
18/09/2025 02:00,0,0,0,12.42,0,11.205,10.045,12.35,85.35,1011.065,2,10,2,208.3333333,1,18.52
18/09/2025 03:00,0,0.035,0,12.27,0,11.19,10.13,12.43,86.55,1010.82,2,9,2,200,1,16.668
18/09/2025 04:00,0,0.08,0,12.085,0,11.095,10.155,12.46,87.9,1010.675,2,8.277777778,2,202.7777778,1,15.33044444
18/09/2025 05:00,0,0.07,0,11.835,0,10.985,10.19,12.47,89.5,1010.53,2,6.888888889,2,190.5555556,1,12.75822222
18/09/2025 06:00,0,0.12,0,11.795,0,11.01,10.26,12.58,90.2,1010.705,2,6.833333333,2,193.3333333,1,12.65533333
18/09/2025 07:00,0,0.235,0,12.175,0,11.415,10.7,12.965,90.55,1010.975,2,7,2,187.7777778,1,12.964
18/09/2025 08:00,0,0.2,0,13.1,0,12.265,11.475,13.66,89.85,1011.11,2,6.777777778,2,176.6666667,1,12.55244444
18/09/2025 09:00,0,0.075,0,13.755,0,12.875,12.08,14.23,89.55,1011.195,2,8,2,175,1,14.816
18/09/2025 10:00,0,0.105,0,14.275,0,13.43,12.675,14.795,90.05,1011.13,2,8.888888889,2,167.2222222,1,16.46222222
18/09/2025 11:00,0,0.1,0,14.895,0,13.945,13.185,15.285,89.45,1010.965,2,9.444444444,2,167.2222222,1,17.49111111
18/09/2025 12:00,0,0.385,0,15.39,0,14.52,13.86,15.955,90.55,1010.54,2,10.38888889,2,165.5555556,1,19.24022222
18/09/2025 13:00,0,0.445,0,15.885,0,15.125,14.55,16.66,91.75,1009.98,2,10.77777778,2,165.5555556,1,19.96044444
18/09/2025 14:00,0,0.635,0,16.655,0,15.93,15.4,17.58,92,1009.305,2,11.66666667,2,168.3333333,1,21.60666667
18/09/2025 15:00,0,0.44,0,16.99,0,16.265,15.755,17.965,92.25,1009.02,2,13.05555556,2,178.8888889,1,24.17888889
18/09/2025 16:00,0,0.285,0,17.38,0,16.6,16.065,18.285,91.7,1008.67,2,14.27777778,2,185,1,26.44244444
18/09/2025 17:00,0,0.155,0,17.255,0,16.48,15.945,18.155,91.85,1008.63,2,14.22222222,2,195,1,26.33955556
18/09/2025 18:00,0,0.195,0,17.055,0,16.31,15.8,17.97,92,1008.795,2,13.77777778,2,195.5555556,1,25.51644444
18/09/2025 19:00,0,0.06,0,16.955,0,16.225,15.705,17.86,92.1,1009.025,2,13.11111111,2,198.3333333,1,24.28177778
18/09/2025 20:00,0,0.11,0,16.77,0,16.055,15.545,17.68,92.25,1009.5,2,13.33333333,2,198.8888889,1,24.69333333
18/09/2025 21:00,0,0.135,0,16.595,0,15.79,15.235,17.335,91.3,1009.875,2,13.38888889,2,201.1111111,1,24.79622222
18/09/2025 22:00,0,0.1,0,16.26,0,15.365,14.725,16.785,90.5,1010.25,2,13.05555556,2,202.7777778,1,24.17888889
18/09/2025 23:00,0,0.26,0,15.76,0,14.92,14.27,16.315,90.55,1010.6,2,12.05555556,2,207.2222222,1,22.32688889
19/09/2025 00:00,0,0.11,0,15.42,0,14.585,13.925,15.96,90.55,1010.9,2,10.94444444,2,206.6666667,1,20.26911111
19/09/2025 01:00,0,0.18,0,15.005,0,14.2,13.56,15.58,90.7,1011.12,2,9.944444444,2,204.4444444,1,18.41711111
19/09/2025 02:00,0,0.25,0,14.655,0,13.895,13.27,15.305,91.15,1011.06,2,9.277777778,2,207.7777778,1,17.18244444
19/09/2025 03:00,0,0.43,0,14.285,0,13.6,13.045,15.07,91.95,1010.745,2,7.833333333,2,199.4444444,1,14.50733333
19/09/2025 04:00,0,0.485,0,13.99,0,13.335,12.81,14.835,92.25,1010.6,2,7.333333333,2,201.6666667,1,13.58133333
19/09/2025 05:00,0,0.84,0,13.795,0,13.2,12.685,14.735,92.9,1010.49,2,6.611111111,2,202.2222222,1,12.24377778
19/09/2025 06:00,0,0.34,0,13.555,0,12.94,12.405,14.47,92.5,1010.595,2,6.222222222,2,203.3333333,1,11.52355556
19/09/2025 07:00,0,0.155,0,13.495,0,12.87,12.32,14.385,92.4,1011.11,2,6.222222222,2,212.2222222,1,11.52355556
19/09/2025 08:00,0,0.06,0,13.675,0,12.98,12.36,14.415,91.45,1011.15,2,6.222222222,2,209.4444444,1,11.52355556
19/09/2025 09:00,0,0.015,0,14.2,0,13.21,12.335,14.4,88.3,1011.42,2,6.555555556,2,195.5555556,1,12.14088889
19/09/2025 10:00,0,0.09,0,14.72,0,13.395,12.255,14.325,85.15,1011.755,2,7.055555556,2,198.8888889,1,13.06688889
19/09/2025 11:00,0,0.055,0,15.095,0,13.445,12.035,14.12,81.95,1011.915,2,7.666666667,2,207.7777778,1,14.19866667
19/09/2025 12:00,0,0.075,0,15.395,0,13.44,11.75,13.87,78.85,1012.01,2,7.944444444,2,208.3333333,1,14.71311111
19/09/2025 13:00,0,0.115,0,15.665,0,13.51,11.63,13.785,77.2,1011.735,2,7.611111111,2,209.4444444,1,14.09577778
19/09/2025 14:00,0,0.09,0,15.6,0,13.49,11.645,13.795,77.65,1011.61,2,7.222222222,2,212.7777778,1,13.37555556
19/09/2025 15:00,0,0.175,0,15.335,0,13.325,11.545,13.69,78.25,1011.61,2,6.944444444,2,232.2222222,1,12.86111111
19/09/2025 16:00,0,0.265,0,14.985,0,13.115,11.44,13.61,79.55,1011.425,2,6.5,2,237.2222222,1,12.038
19/09/2025 17:00,0,0.165,0,14.505,0,12.83,11.32,13.505,81.25,1011.23,2,5.722222222,2,247.7777778,1,10.59755556
19/09/2025 18:00,0,0.24,0,13.95,0,12.635,11.43,13.59,84.7,1011.205,2,4.555555556,2,238.8888889,1,8.436888889
19/09/2025 19:00,0,0.31,0,13.285,0,12.21,11.21,13.39,87.05,1011.475,2,4.388888889,2,212.7777778,1,8.128222222
19/09/2025 20:00,0,0.095,0,12.755,0,11.85,10.98,13.205,88.8,1011.71,2,3.777777778,2,223.3333333,1,6.996444444
19/09/2025 21:00,0,0.23,0,12.36,0,11.61,10.88,13.11,90.5,1011.64,2,3.388888889,2,205,1,6.276222222
19/09/2025 22:00,0,0.21,0,11.93,0,11.27,10.615,12.865,91.5,1011.735,2,3.388888889,2,227.2222222,1,6.276222222
19/09/2025 23:00,0,0.235,0,11.62,0,11.01,10.42,12.685,92.2,1011.535,2,3.444444444,2,217.2222222,1,6.379111111
20/09/2025 00:00,0,0.06,0,11.135,0,10.585,10.04,12.385,92.75,1011.265,2,3.388888889,2.277777778,220,1,6.276222222
20/09/2025 01:00,0,0.07,0,10.88,0,10.365,9.845,12.235,92.95,1011.055,2,3.722222222,2,223.8888889,1,6.893555556
20/09/2025 02:00,0,0.015,0,10.525,0,10.04,9.55,12,93.35,1010.98,2,3.888888889,2,187.7777778,1,7.202222222
20/09/2025 03:00,0,0.075,0,10.13,0,9.7,9.265,11.8,94.1,1010.655,2,3.666666667,2,227.7777778,1,6.790666667
20/09/2025 04:00,0,0.08,0,9.76,0,9.385,8.985,11.585,94.55,1010.385,2,3.722222222,2,199.4444444,1,6.893555556
20/09/2025 05:00,0,0.46,0,9.23,0,8.885,8.51,11.235,94.85,1010.12,2,3.888888889,2,171.1111111,1,7.202222222
20/09/2025 06:00,0,0.06,0,8.97,0,8.61,8.235,11,94.95,1010.095,2,3.777777778,2,228.8888889,1,6.996444444
20/09/2025 07:00,0,0.015,0,8.915,0,8.58,8.24,10.985,95.15,1010.11,2,3.888888889,2,223.3333333,1,7.202222222
20/09/2025 08:00,0,0.11,0,10.085,0,9.72,9.33,11.78,94.7,1010.22,2,4.611111111,2,226.1111111,1,8.539777778
20/09/2025 09:00,0,0.02,0,11.39,0,10.715,10.05,12.345,91.25,1010.47,2,5.611111111,2,200,1,10.39177778
20/09/2025 10:00,0,0.02,0,12.36,0,11.325,10.325,12.57,87.35,1010.505,2,6.555555556,2,242.7777778,1,12.14088889
20/09/2025 11:00,0,0.075,0,13.04,0,11.53,10.12,12.395,82.35,1010.555,2,7.444444444,2,268.3333333,1,13.78711111
20/09/2025 12:00,0,0.045,0,13.295,0,11.585,9.94,12.265,80.05,1010.545,2,8.444444444,2,210.5555556,1,15.63911111
20/09/2025 13:00,0,0.155,0,13.295,0,11.39,9.575,11.955,78.2,1010.51,2,9.5,2,207.2222222,1,17.594
20/09/2025 14:00,0,0.34,0,13.215,0,11.315,9.465,11.9,78.2,1010.61,2,10,2,265.5555556,1,18.52
20/09/2025 15:00,0,0.17,0,12.715,0,10.845,8.975,11.505,78.3,1010.765,2,10.66666667,2,285.5555556,1,19.75466667
20/09/2025 16:00,0,0.085,0,12.39,0,10.55,8.66,11.255,77.95,1011.115,2,10.55555556,2,271.6666667,1,19.54888889
20/09/2025 17:00,0,0.2,0,12.105,0,10.09,7.97,10.745,76,1011.685,2,11.27777778,2,272.2222222,1,20.88644444
20/09/2025 18:00,0,0.08,0,11.46,0,9.595,7.58,10.475,77.1,1012.69,2,11.72222222,2,280,1,21.70955556
20/09/2025 19:00,0,0.3,0,10.68,0,9.13,7.41,10.34,79.9,1013.845,2,12.05555556,2,280,1,22.32688889
20/09/2025 20:00,0,0.09,0,10.245,0,8.69,6.935,9.99,79.55,1014.895,2,12.22222222,2,241.1111111,1,22.63555556
20/09/2025 21:00,0,0.1,0,9.875,0,8.355,6.645,9.785,80.1,1015.755,2,11.5,2,222.7777778,1,21.298
20/09/2025 22:00,0,0.155,0,9.685,0,8.21,6.515,9.715,80.7,1016.59,2,11,2,241.6666667,1,20.372
20/09/2025 23:00,0,0.115,0,9.38,0,8.015,6.415,9.645,81.6,1017.31,2,11,2,282.7777778,1,20.372
21/09/2025 00:00,0,0.02,0,9.03,0,7.675,6.06,9.405,81.4,1017.985,2,10.61111111,2,281.6666667,1,19.65177778
21/09/2025 01:00,0,0.06,0,8.565,0,7.27,5.71,9.185,82.05,1018.67,2,10.27777778,2,301.6666667,1,19.03444444
21/09/2025 02:00,0,0.01,0,8.15,0,6.86,5.275,8.905,81.9,1019.275,2,9.666666667,2,281.6666667,1,17.90266667
21/09/2025 03:00,0,0,0,7.865,0,6.59,4.98,8.73,81.95,1019.735,2,9.888888889,2,281.1111111,1,18.31422222
21/09/2025 04:00,0,0.035,0,7.565,0,6.365,4.825,8.63,82.65,1020.39,2,9.722222222,2,300,1,18.00555556
21/09/2025 05:00,0,0.075,0,7.065,0,5.93,4.48,8.42,83.55,1021.14,2,8.666666667,2,262.2222222,1,16.05066667
21/09/2025 06:00,0,0.01,0,6.755,0,5.675,4.265,8.305,84.2,1022.055,2,8.388888889,2,279.4444444,1,15.53622222
21/09/2025 07:00,0,0.06,0,7.09,0,5.945,4.48,8.44,83.55,1023.065,2,8.388888889,2,298.3333333,1,15.53622222
21/09/2025 08:00,0,0.05,0,8.415,0,6.98,5.2,8.84,79.95,1023.93,2,8,2,296.1111111,1,14.816
21/09/2025 09:00,0,0.01,0,9.99,0,7.92,5.5,9.04,73.35,1024.655,2,9,2,307.2222222,1,16.668
21/09/2025 10:00,0,0.055,0,10.915,0,8.495,5.675,9.15,69.9,1025.05,2,10.11111111,2,324.4444444,1,18.72577778
21/09/2025 11:00,0,0.035,0,11.795,0,8.855,5.455,9.01,65,1025.33,2,11.05555556,2,310.5555556,1,20.47488889
21/09/2025 12:00,0,0.03,0,12.415,0,9.02,5.065,8.78,60.65,1025.59,2,11.38888889,2,271.6666667,1,21.09222222
21/09/2025 13:00,0,0.025,0,12.975,0,9.315,5.125,8.805,58.5,1025.89,2,11.38888889,2,289.4444444,1,21.09222222
21/09/2025 14:00,0,0.06,0,12.72,0,9.245,5.23,8.89,60.35,1026.19,2,11,2,326.6666667,1,20.372
21/09/2025 15:00,0,0.055,0,12.565,0,9.04,4.955,8.72,59.6,1026.395,2,10.83333333,2,305.5555556,1,20.06333333
21/09/2025 16:00,0,0.025,0,12.105,0,8.93,5.18,8.86,62.6,1026.79,2,10.72222222,2,309.4444444,1,19.85755556
21/09/2025 17:00,0,0.005,0,11.75,0,8.75,5.26,8.895,64.15,1027.285,2,10.05555556,2,323.3333333,1,18.62288889
21/09/2025 18:00,0,0.01,0,10.7,0,8.315,5.515,9.05,69.9,1027.945,2,9.166666667,2,303.3333333,1,16.97666667
21/09/2025 19:00,0,0.005,0,9.43,0,7.525,5.25,8.885,74.95,1028.64,2,7.277777778,2,287.7777778,1,13.47844444
21/09/2025 20:00,0,0,0,8.54,0,7,5.125,8.81,79.15,1029.36,2,6.333333333,2,316.1111111,1,11.72933333
21/09/2025 21:00,0,0,0,7.715,0,6.46,4.895,8.67,82.25,1029.86,2,5.444444444,2,292.7777778,1,10.08311111
21/09/2025 22:00,0,0,0,7.295,0,6.215,4.865,8.645,84.75,1030.205,2,5.111111111,2,305.5555556,1,9.465777778
21/09/2025 23:00,0,0,0,6.545,0,5.615,4.425,8.385,86.45,1030.325,2,4.833333333,2,240,1,8.951333333
22/09/2025 00:00,0,0,0,5.885,0,5.07,4,8.16,87.85,1030.255,2,4.166666667,2,282.7777778,1,7.716666667
22/09/2025 01:00,0,0,0,5.5,0,4.75,3.73,7.995,88.6,1030.3,2,4.611111111,2,266.6666667,1,8.539777778
22/09/2025 02:00,0,0,0,4.97,0,4.315,3.405,7.83,89.75,1030.4,2,4.388888889,2,261.6666667,1,8.128222222
22/09/2025 03:00,0,0,0,4.855,0,4.245,3.385,7.82,90.4,1030.49,2,4.555555556,2,240,1,8.436888889
22/09/2025 04:00,0,0.01,0,4.505,0,3.905,3.08,7.66,90.65,1030.61,2,4.111111111,2,273.3333333,1,7.613777778
22/09/2025 05:00,0,0.005,0,4.43,0,3.84,3.04,7.64,90.95,1030.79,2,4.333333333,2,246.6666667,1,8.025333333
22/09/2025 06:00,0,0,0,4.2,0,3.65,2.885,7.57,91.3,1031.07,2,4,2,236.6666667,1,7.408
22/09/2025 07:00,0,0.005,0,4.495,0,4.02,3.375,7.825,92.35,1031.38,2,3.888888889,2,227.2222222,1,7.202222222
22/09/2025 08:00,0,0.005,0,6.66,0,5.935,5.04,8.76,89.6,1031.825,2,3.611111111,2,226.1111111,1,6.687777778
22/09/2025 09:00,0,0,0,9.15,0,7.81,6.265,9.535,82.2,1032.13,2,3.944444444,2,220,1,7.305111111
22/09/2025 10:00,0,0,0,11.14,0,8.835,6.24,9.54,71.6,1032.15,2,4.277777778,2,250,1,7.922444444
22/09/2025 11:00,0,0,0,12.515,0,9.255,5.54,9.085,62.35,1032.145,2,4.722222222,2,253.8888889,1,8.745555556
22/09/2025 12:00,0,0,0,13.11,0,9.375,5.045,8.775,57.7,1031.915,2,4.777777778,2,196.6666667,1,8.848444444
22/09/2025 13:00,0,0,0,13.725,0,9.445,4.47,8.41,53.25,1031.71,2,4.777777778,2,176.6666667,1,8.848444444
22/09/2025 14:00,0,0,0,13.61,0,9.6,5.015,8.74,55.7,1031.55,2,4.888888889,2,242.7777778,1,9.054222222
22/09/2025 15:00,0,0,0,13.545,0,9.475,4.77,8.605,55.15,1031.215,2,5.111111111,2,254.4444444,1,9.465777778
22/09/2025 16:00,0,0,0,13.29,0,9.585,5.455,9.01,58.7,1030.85,2,4.944444444,2,228.3333333,1,9.157111111
22/09/2025 17:00,0,0,0,12.815,0,9.325,5.305,8.935,60,1030.745,2,4.055555556,2,264.4444444,1,7.510888889
22/09/2025 18:00,0,0,0,11.925,0,9,5.625,9.135,65.1,1030.715,2,3.666666667,2,233.3333333,1,6.790666667
22/09/2025 19:00,0,0,0,10.025,0,8.105,5.855,9.285,75.2,1030.975,2,2.5,2,190,1,4.63
22/09/2025 20:00,0,0,0,8.775,0,7.345,5.64,9.13,80.65,1031.275,2,2.277777778,2,177.2222222,1,4.218444444
22/09/2025 21:00,0,0,0,7.99,0,6.895,5.575,9.105,84.75,1031.345,2,2.5,2,133.8888889,1,4.63
22/09/2025 22:00,0,0,0,7.39,0,6.48,5.37,8.99,87.05,1031.325,2,2.777777778,2,159.4444444,1,5.144444444
22/09/2025 23:00,0,0,0,6.965,0,6.19,5.24,8.91,88.65,1031.14,2,2.722222222,2,129.4444444,1,5.041555556
23/09/2025 00:00,0,0,0,6.61,0,5.95,5.14,8.85,90.2,1030.885,2,3,2,151.1111111,1,5.556
23/09/2025 01:00,0,0,0,6.245,0,5.625,4.865,8.7,90.55,1030.825,2,3.055555556,2,161.6666667,1,5.658888889
23/09/2025 02:00,0,0,0,5.905,0,5.32,4.59,8.525,90.95,1030.615,2,3.222222222,2,164.4444444,1,5.967555556
23/09/2025 03:00,0,0,0,5.37,0,4.81,4.115,8.25,91.3,1030.555,2,3.333333333,2,171.1111111,1,6.173333333
23/09/2025 04:00,0,0,0,4.88,0,4.4,3.72,8.045,92,1030.43,2,3.111111111,2,162.7777778,1,5.761777778
23/09/2025 05:00,0,0,0,4.71,0,4.24,3.61,7.965,92.35,1030.29,2,3.166666667,2,165.5555556,1,5.864666667
23/09/2025 06:00,0,0,0,4.435,0,3.955,3.345,7.855,92.65,1030.425,2,3.166666667,2,156.1111111,1,5.864666667
23/09/2025 07:00,0,0.005,0,4.52,0,4.03,3.39,7.83,92.2,1030.5,2,3.5,2,161.1111111,1,6.482
23/09/2025 08:00,0,0.005,0,7.025,0,6.39,5.61,9.13,90.7,1030.755,2,3.166666667,2,150,1,5.864666667
23/09/2025 09:00,0,0,0,10.235,0,8.625,6.835,9.935,79.65,1030.87,2,3.444444444,2,180,1,6.379111111
23/09/2025 10:00,0,0,0,12.635,0,9.82,6.755,9.9,67.25,1030.67,2,4.5,2,159.4444444,1,8.334
23/09/2025 11:00,0,0,0,13.95,0,10.43,6.65,9.835,61.1,1030.445,2,6,2,162.2222222,1,11.112
23/09/2025 12:00,0,0,0,14.445,0,10.645,6.61,9.8,59.05,1030.015,2,6.5,2,147.2222222,1,12.038
23/09/2025 13:00,0,0,0,14.995,0,11.01,6.84,9.955,58,1029.575,2,6.611111111,2,157.7777778,1,12.24377778
23/09/2025 14:00,0,0,0,15.14,0,10.985,6.665,9.84,56.75,1029.245,2,7.111111111,2,148.8888889,1,13.16977778
23/09/2025 15:00,0,0,0,15.145,0,10.995,6.625,9.795,56.75,1028.945,2,7.277777778,2,151.6666667,1,13.47844444
23/09/2025 16:00,0,0,0,14.755,0,10.81,6.665,9.815,58.15,1028.63,2,7.388888889,2,156.1111111,1,13.68422222
23/09/2025 17:00,0,0,0,14.065,0,10.52,6.755,9.87,61.25,1028.63,2,6.5,2,157.2222222,1,12.038
23/09/2025 18:00,0,0,0,12.305,0,9.83,7.2,10.165,70.55,1028.65,2,5.055555556,2,155,1,9.362888889
23/09/2025 19:00,0,0,0,10.265,0,8.68,6.91,9.99,79.45,1028.815,2,4.388888889,2,135,1,8.128222222
23/09/2025 20:00,0,0,0,9.49,0,8.21,6.8,9.925,83,1028.835,2,4.611111111,2,148.3333333,1,8.539777778
23/09/2025 21:00,0,0,0,8.82,0,7.675,6.415,9.655,84.85,1028.925,2,5.055555556,2,143.3333333,1,9.362888889
23/09/2025 22:00,0,0,0,8.345,0,7.285,6.105,9.465,85.75,1029.005,2,5,2,155,1,9.26
23/09/2025 23:00,0,0,0,8.17,0,7.205,6.09,9.455,86.65,1029.13,2,4.722222222,2,152.7777778,1,8.745555556
24/09/2025 00:00,0,0,0,7.985,0,7.085,6.055,9.43,87.7,1029.07,2,4.5,2,141.1111111,1,8.334
24/09/2025 01:00,0,0,0,7.79,0,6.97,6.055,9.43,88.85,1028.94,2,4.833333333,2,140,1,8.951333333
24/09/2025 02:00,0,0,0,7.375,0,6.66,5.84,9.335,90.05,1028.56,2,4.444444444,2,141.1111111,1,8.231111111
24/09/2025 03:00,0,0,0,7.03,0,6.38,5.65,9.19,90.7,1028.315,2,4.388888889,2,155,1,8.128222222
24/09/2025 04:00,0,0,0,6.865,0,6.245,5.53,9.12,91.3,1027.935,2,4.666666667,2,162.2222222,1,8.642666667
24/09/2025 05:00,0,0,0,6.575,0,6.015,5.385,9.055,91.95,1027.745,2,4.666666667,2,158.3333333,1,8.642666667
24/09/2025 06:00,0,0,0,6.64,0,6.105,5.505,9.13,92.35,1027.75,2,4.777777778,2,175.5555556,1,8.848444444
24/09/2025 07:00,0,0,0,7.295,0,6.69,6.01,9.435,91.55,1027.885,2,4.722222222,2,166.6666667,1,8.745555556
24/09/2025 08:00,0,0,0,9.205,0,8.42,7.55,10.435,89.35,1028.1,2,5.277777778,2,175.5555556,1,9.774444444
24/09/2025 09:00,0,0,0,11.26,0,9.935,8.63,11.205,83.95,1028.125,2,5.777777778,2,138.3333333,1,10.70044444
24/09/2025 10:00,0,0,0,13.23,0,11.195,9.24,11.675,76.55,1027.905,2,6.666666667,2,159.4444444,1,12.34666667
24/09/2025 11:00,0,0,0,14.485,0,11.79,9.23,11.67,70.4,1027.64,2,8.111111111,2,152.7777778,1,15.02177778
24/09/2025 12:00,0,0,0,15.02,0,11.93,8.98,11.485,66.85,1027.315,2,8.555555556,2,160.5555556,1,15.84488889
24/09/2025 13:00,0,0,0,15.375,0,12.05,8.885,11.41,64.8,1026.845,2,8.555555556,2,162.7777778,1,15.84488889
24/09/2025 14:00,0,0,0,15.535,0,12.075,8.755,11.305,63.55,1026.66,2,8.833333333,2,162.7777778,1,16.35933333
24/09/2025 15:00,0,0,0,15.57,0,12.085,8.76,11.32,63.6,1026.375,2,8.944444444,2,172.2222222,1,16.56511111
24/09/2025 16:00,0,0,0,15.215,0,11.84,8.59,11.18,64.45,1026.095,2,8.277777778,2,173.3333333,1,15.33044444
24/09/2025 17:00,0,0,0,14.595,0,11.54,8.56,11.17,67,1025.995,2,7.611111111,2,174.4444444,1,14.09577778
24/09/2025 18:00,0,0,0,13.47,0,11.115,8.8,11.34,73.05,1026.065,2,6.055555556,2,162.7777778,1,11.21488889
24/09/2025 19:00,0,0,0,12.175,0,10.395,8.585,11.2,78.25,1026.235,2,5.5,2,152.7777778,1,10.186
24/09/2025 20:00,0,0,0,11.35,0,9.94,8.495,11.125,82.25,1026.235,2,5.444444444,2,146.1111111,1,10.08311111
24/09/2025 21:00,0,0,0,10.755,0,9.535,8.305,10.97,84.65,1026.455,2,5.222222222,2,142.2222222,1,9.671555556
24/09/2025 22:00,0,0,0,10.43,0,9.38,8.315,10.99,86.45,1026.515,2,5.666666667,2,141.1111111,1,10.49466667
24/09/2025 23:00,0,0,0,10.155,0,9.19,8.195,10.9,87.4,1026.615,2,5.944444444,2,138.8888889,1,11.00911111
25/09/2025 00:00,0,0,0,9.835,0,8.985,8.1,10.835,88.8,1026.54,2,5.833333333,2,140.5555556,1,10.80333333
25/09/2025 01:00,0,0,0,9.63,0,8.815,7.975,10.75,89.2,1026.32,2,5.666666667,2,131.1111111,1,10.49466667
25/09/2025 02:00,0,0,0,9.38,0,8.565,7.705,10.575,89.4,1026.2,2,5.555555556,2,125,1,10.28888889
25/09/2025 03:00,0,0,0,9.035,0,8.245,7.42,10.37,89.8,1026.165,2,5.555555556,2,131.1111111,1,10.28888889
25/09/2025 04:00,0,0.01,0,8.605,0,7.91,7.165,10.225,90.75,1025.925,2,5.5,2,147.2222222,1,10.186
25/09/2025 05:00,0,0,0,8.29,0,7.68,7.015,10.12,91.6,1025.995,2,5.222222222,2,118.3333333,1,9.671555556
25/09/2025 06:00,0,0.005,0,8.235,0,7.65,7.03,10.13,92.15,1026.155,2,5.5,2,128.3333333,1,10.186
25/09/2025 07:00,0,0.005,0,8.44,0,7.87,7.27,10.275,92.3,1026.305,2,5.444444444,2,160,1,10.08311111
25/09/2025 08:00,0,0,0,10.5,0,9.575,8.685,11.255,88.5,1026.405,2,5.944444444,2,158.3333333,1,11.00911111
25/09/2025 09:00,0,0.005,0,12.875,0,11.28,9.785,12.115,81.25,1026.155,2,6.722222222,2,145.5555556,1,12.44955556
25/09/2025 10:00,0,0,0,14.465,0,12.185,10.07,12.355,74.8,1025.845,2,7.888888889,2,139.4444444,1,14.61022222
25/09/2025 11:00,0,0,0,15.56,0,12.535,9.78,12.12,68.1,1025.45,2,9.5,2,142.2222222,1,17.594
25/09/2025 12:00,0,0,0,16.035,0,12.515,9.215,11.705,63.95,1025.045,2,10.55555556,2,148.3333333,1,19.54888889
25/09/2025 13:00,0,0,0,16.415,0,12.635,9.09,11.59,61.6,1024.635,2,11,2,149.4444444,1,20.372
25/09/2025 14:00,0,0,0,16.34,0,12.46,8.74,11.365,60.65,1024.435,2,10.88888889,2,150.5555556,1,20.16622222
25/09/2025 15:00,0,0,0,16.325,0,12.53,8.94,11.5,61.5,1024.065,2,10.27777778,2,158.3333333,1,19.03444444
25/09/2025 16:00,0,0,0,15.8,0,12.26,8.905,11.465,63.4,1023.7,2,10.11111111,2,154.4444444,1,18.72577778
25/09/2025 17:00,0,0,0,14.975,0,11.805,8.69,11.33,65.95,1023.555,2,9.222222222,2,153.3333333,1,17.07955556
25/09/2025 18:00,0,0,0,13.72,0,11.175,8.59,11.25,70.95,1023.675,2,7.833333333,2,149.4444444,1,14.50733333
25/09/2025 19:00,0,0,0,12.505,0,10.485,8.41,11.11,75.95,1023.675,2,7.666666667,2,137.2222222,1,14.19866667
25/09/2025 20:00,0,0,0,11.635,0,9.965,8.25,10.98,79.4,1023.585,2,7.888888889,2,140.5555556,1,14.61022222
25/09/2025 21:00,0,0,0,11.18,0,9.7,8.19,10.96,81.6,1023.43,2,8.611111111,2,136.6666667,1,15.94777778
25/09/2025 22:00,0,0,0,10.61,0,9.335,8,10.82,83.7,1023.175,2,8.611111111,2,145,1,15.94777778
25/09/2025 23:00,0,0,0,10.175,0,8.985,7.73,10.59,84.6,1022.81,2,8.888888889,2,140,1,16.46222222
26/09/2025 00:00,0,0,0,9.69,0,8.595,7.435,10.4,85.7,1022.61,2,8.777777778,2,131.1111111,1,16.25644444
26/09/2025 01:00,0,0,0,9.39,0,8.345,7.24,10.265,86.4,1022.215,2,8.277777778,2,129.4444444,1,15.33044444
26/09/2025 02:00,0,0,0,9.005,0,8.04,6.985,10.095,86.95,1021.615,2,8.111111111,2,135.5555556,1,15.02177778
26/09/2025 03:00,0,0,0,8.985,0,8.07,7.045,10.13,87.6,1021.095,2,7.777777778,2,138.8888889,1,14.40444444
26/09/2025 04:00,0,0,0,8.87,0,7.91,6.845,10,87.15,1020.61,2,8.444444444,2,135,1,15.63911111
26/09/2025 05:00,0,0.01,0,8.66,0,7.74,6.73,9.93,87.7,1020.2,2,8.111111111,2,133.3333333,1,15.02177778
26/09/2025 06:00,0,0,0,8.69,0,7.76,6.76,9.96,87.65,1020.125,2,8.111111111,2,130,1,15.02177778
26/09/2025 07:00,0,0,0,9.125,0,8.18,7.155,10.22,87.5,1020.03,2,8,2,132.7777778,1,14.816
26/09/2025 08:00,0,0,0,11.06,0,9.77,8.425,11.09,83.8,1019.855,2,7.777777778,2,142.2222222,1,14.40444444
26/09/2025 09:00,0,0,0,12.97,0,11.085,9.265,11.715,77.9,1019.665,2,9.5,2,138.3333333,1,17.594
26/09/2025 10:00,0,0,0,14.215,0,11.695,9.28,11.725,71.8,1019.37,2,11.33333333,2,148.8888889,1,20.98933333
26/09/2025 11:00,0,0,0,14.955,0,11.98,9.19,11.645,68.15,1018.955,2,12.88888889,2,155.5555556,1,23.87022222
26/09/2025 12:00,0,0,0,15.465,0,12.18,9.1,11.565,65.5,1018.47,2,13.05555556,2,160,1,24.17888889
26/09/2025 13:00,0,0,0,15.745,0,12.21,8.865,11.4,63.6,1017.715,2,12.72222222,2,161.6666667,1,23.56155556
26/09/2025 14:00,0,0,0,15.835,0,12.27,8.88,11.415,63.35,1016.905,2,12.66666667,2,163.3333333,1,23.45866667
26/09/2025 15:00,0,0,0,15.45,0,12.15,9.01,11.515,65.45,1016.33,2,12.66666667,2,163.3333333,1,23.45866667
26/09/2025 16:00,0,0,0,15,0,11.92,8.995,11.515,67.25,1015.81,2,12.5,2,160.5555556,1,23.15
26/09/2025 17:00,0,0,0,14.31,0,11.55,8.86,11.415,69.7,1015.22,2,11.83333333,2,156.6666667,1,21.91533333
26/09/2025 18:00,0,0,0,13.65,0,11.25,8.87,11.41,72.55,1014.86,2,11.66666667,2,152.2222222,1,21.60666667
26/09/2025 19:00,0,0,0,13.225,0,11.085,8.985,11.5,75.1,1014.59,2,11.61111111,2,148.3333333,1,21.50377778
26/09/2025 20:00,0,0,0,12.995,0,11.04,9.115,11.61,77,1014.23,2,11.83333333,2,145,1,21.91533333
26/09/2025 21:00,0,0,0,12.835,0,11.01,9.24,11.69,78.15,1013.685,2,12.38888889,2,146.1111111,1,22.94422222
26/09/2025 22:00,0,0.045,0,12.765,0,11.07,9.43,11.86,80,1012.85,2,13,2,148.8888889,1,24.076
26/09/2025 23:00,0,0.41,0,12.935,0,11.22,9.575,11.975,79.75,1012.13,2,13.66666667,2,148.3333333,1,25.31066667
27/09/2025 00:00,0,0.36,0,12.95,0,11.365,9.83,12.185,81.05,1011.51,2,14.27777778,2,151.6666667,1,26.44244444
27/09/2025 01:00,0,0.405,0,12.88,0,11.455,10.105,12.42,83.25,1010.965,2,13.61111111,2,155,1,25.20777778
27/09/2025 02:00,0,0.315,0,12.865,0,11.49,10.185,12.49,83.8,1010.48,2,13.05555556,2,162.2222222,1,24.17888889
27/09/2025 03:00,0,0.565,0,12.58,0,11.415,10.315,12.575,86,1010.235,2,12.61111111,2,186.1111111,1,23.35577778
27/09/2025 04:00,0,0.595,0,12.415,0,11.365,10.34,12.6,86.9,1009.955,2,11.66666667,2,197.7777778,1,21.60666667
27/09/2025 05:00,0,0.88,0,12.165,0,11.15,10.18,12.45,87.55,1010.255,2,10.16666667,2,202.7777778,1,18.82866667
27/09/2025 06:00,0,0.685,0,11.905,0,10.995,10.13,12.42,88.85,1010.63,2,8.611111111,2,216.6666667,1,15.94777778
27/09/2025 07:00,0,0.49,0,11.73,0,10.895,10.09,12.395,89.65,1011.105,2,8.055555556,2,231.1111111,1,14.91888889
27/09/2025 08:00,0,0.365,0,11.94,0,11.07,10.24,12.5,89,1011.495,2,8.333333333,2,241.1111111,1,15.43333333
27/09/2025 09:00,0,0.42,0,12.375,0,11.365,10.405,12.64,87.6,1011.855,2,6.5,2,256.6666667,1,12.038
27/09/2025 10:00,0,0.43,0,12.9,0,11.48,10.13,12.42,83.2,1012.18,2,7.055555556,2,268.3333333,1,13.06688889
27/09/2025 11:00,0,0.32,0,13.215,0,11.43,9.73,12.08,79.35,1012.49,2,7.166666667,2,276.6666667,1,13.27266667
27/09/2025 12:00,0,0.17,0,13.475,0,11.5,9.595,11.97,77.45,1012.87,2,7.722222222,2,281.1111111,1,14.30155556
27/09/2025 13:00,0,0.01,0,14.13,0,11.705,9.4,11.81,73.15,1013.08,2,7.611111111,2,273.8888889,1,14.09577778
27/09/2025 14:00,0,0,0,14.355,0,11.54,8.805,11.34,69.1,1013.12,2,8.5,2,272.7777778,1,15.742
27/09/2025 15:00,0,0,0,14.785,0,11.675,8.665,11.24,66.5,1013.205,2,8.666666667,2,275.5555556,1,16.05066667
27/09/2025 16:00,0,0,0,14.3,0,11.305,8.365,11,67.15,1013.5,2,8.5,2,275,1,15.742
27/09/2025 17:00,0,0.01,0,13.78,0,11.01,8.275,10.94,68.95,1014.065,2,8,2,277.2222222,1,14.816
27/09/2025 18:00,0,0,0,12.155,0,10.07,7.915,10.69,75.15,1014.675,2,6.777777778,2,275,1,12.55244444
27/09/2025 19:00,0,0,0,10.46,0,9.055,7.555,10.395,81.95,1015.495,2,5.555555556,2,275,1,10.28888889
27/09/2025 20:00,0,0.015,0,9.69,0,8.505,7.205,10.16,84.6,1015.97,2,4.722222222,2,270.5555556,1,8.745555556
27/09/2025 21:00,0,0.105,0,9.03,0,8.11,7.1,10.11,87.55,1016.29,2,4,2,230,1,7.408
27/09/2025 22:00,0,0.205,0,9.085,0,8.215,7.28,10.23,88.35,1016.655,2,4.222222222,2,202.2222222,1,7.819555556
27/09/2025 23:00,0,0.285,0,8.85,0,8.23,7.545,10.45,91.3,1016.855,2,4.055555556,2,188.8888889,1,7.510888889
28/09/2025 00:00,0,0.29,0,8.7,0,8.065,7.38,10.32,91.2,1016.915,2,4.277777778,2,189.4444444,1,7.922444444
28/09/2025 01:00,0,0.705,0,8.705,0,8.1,7.455,10.38,91.55,1017.035,2,4.555555556,2,172.2222222,1,8.436888889
28/09/2025 02:00,0,0.655,0,8.82,0,8.25,7.65,10.52,92,1017.055,2,5.055555556,2,171.6666667,1,9.362888889
28/09/2025 03:00,0,0.23,0,8.725,0,8.24,7.72,10.585,93.2,1017.465,2,4.722222222,2,171.6666667,1,8.745555556
28/09/2025 04:00,0,0.24,0,8.925,0,8.43,7.935,10.715,93.05,1017.69,2,4.666666667,2,179.4444444,1,8.642666667
28/09/2025 05:00,0,0.035,0,8.845,0,8.35,7.795,10.63,93,1018.005,2,4.444444444,2,174.4444444,1,8.231111111
28/09/2025 06:00,0,0.01,0,8.55,0,8.105,7.625,10.51,93.7,1018.48,2,4.277777778,2,158.8888889,1,7.922444444
28/09/2025 07:00,0,0.01,0,8.555,0,8.16,7.745,10.595,94.45,1019.035,2,4.055555556,2,185.5555556,1,7.510888889
28/09/2025 08:00,0,0.025,0,9.67,0,9.215,8.74,11.315,93.6,1019.735,2,4.055555556,2,177.7777778,1,7.510888889
28/09/2025 09:00,0,0,0,11.125,0,10.28,9.465,11.865,89.3,1020.33,2,3.777777778,2,225.5555556,1,6.996444444
28/09/2025 10:00,0,0,0,12.475,0,11.08,9.785,12.13,83.45,1020.88,2,4,2,212.7777778,1,7.408
28/09/2025 11:00,0,0,0,13.52,0,11.655,9.89,12.21,78.5,1021.27,2,4.555555556,2,227.7777778,1,8.436888889
28/09/2025 12:00,0,0,0,14.085,0,11.775,9.62,11.995,74.4,1021.545,2,5,2,237.7777778,1,9.26
28/09/2025 13:00,0,0,0,14.55,0,11.93,9.485,11.895,71.45,1021.56,2,5.222222222,2,267.2222222,1,9.671555556
28/09/2025 14:00,0,0,0,14.91,0,12.165,9.615,12.005,70.4,1021.585,2,6.055555556,2,267.2222222,1,11.21488889
28/09/2025 15:00,0,0,0,15.005,0,12.185,9.58,11.97,69.85,1021.73,2,6.444444444,2,271.1111111,1,11.93511111
28/09/2025 16:00,0,0,0,15.025,0,12.1,9.345,11.775,68.6,1022.01,2,5.944444444,2,255.5555556,1,11.00911111
28/09/2025 17:00,0,0,0,14.35,0,11.85,9.485,11.885,72.15,1022.32,2,5,2,253.8888889,1,9.26
28/09/2025 18:00,0,0,0,12.62,0,10.855,9.115,11.6,79.05,1022.94,2,4.055555556,2,262.2222222,1,7.510888889
28/09/2025 19:00,0,0,0,10.66,0,9.625,8.555,11.195,86.65,1023.53,2,3,2,231.1111111,1,5.556
28/09/2025 20:00,0,0,0,9.65,0,8.86,8.02,10.805,89.3,1023.985,2,3.166666667,2,206.1111111,1,5.864666667
28/09/2025 21:00,0,0,0,8.945,0,8.26,7.525,10.465,90.7,1024.285,2,3.166666667,2,218.8888889,1,5.864666667
28/09/2025 22:00,0,0.005,0,8.315,0,7.74,7.14,10.22,92.05,1024.415,2,3.166666667,2,189.4444444,1,5.864666667
28/09/2025 23:00,0,0,0,8.175,0,7.595,6.955,10.085,92,1024.42,2,3.666666667,2,160,1,6.790666667
29/09/2025 00:00,0,0,0,8.16,0,7.67,7.13,10.2,93.1,1024.395,2,4.055555556,2,168.8888889,1,7.510888889
29/09/2025 01:00,0,0,0,8.49,0,7.99,7.465,10.42,93.15,1024.31,2,4.5,2,175.5555556,1,8.334
29/09/2025 02:00,0,0.005,0,8.455,0,7.985,7.485,10.455,93.25,1023.885,2,4.611111111,2,174.4444444,1,8.539777778
29/09/2025 03:00,0,0.015,0,8.735,0,8.31,7.855,10.715,94.05,1023.535,2,4.277777778,2,171.1111111,1,7.922444444
29/09/2025 04:00,0,0.01,0,9.145,0,8.68,8.205,10.97,93.65,1023.355,2,4.388888889,2,168.3333333,1,8.128222222
29/09/2025 05:00,0,0.005,0,9.46,0,9.04,8.61,11.255,94.05,1023.235,2,4.444444444,2,170.5555556,1,8.231111111
29/09/2025 06:00,0,0.02,0,9.615,0,9.19,8.755,11.355,94.2,1023.295,2,4.555555556,2,162.2222222,1,8.436888889
29/09/2025 07:00,0,0.015,0,9.95,0,9.485,9.04,11.565,93.8,1023.41,2,4.944444444,2,163.8888889,1,9.157111111
29/09/2025 08:00,0,0.015,0,10.8,0,10.25,9.72,12.115,92.75,1023.44,2,5.444444444,2,170.5555556,1,10.08311111
29/09/2025 09:00,0,0,0,11.81,0,11.09,10.41,12.675,90.85,1023.405,2,6.277777778,2,173.3333333,1,11.62644444
29/09/2025 10:00,0,0,0,12.85,0,11.815,10.865,13.06,87.4,1023.205,2,7.333333333,2,166.6666667,1,13.58133333
29/09/2025 11:00,0,0,0,13.7,0,12.325,11.09,13.255,83.8,1023.04,2,8.277777778,2,173.3333333,1,15.33044444
29/09/2025 12:00,0,0.005,0,14.34,0,12.73,11.305,13.45,81.75,1022.725,2,9.277777778,2,178.8888889,1,17.18244444
29/09/2025 13:00,0,0.04,0,14.95,0,13.06,11.435,13.545,79.3,1022.24,2,9.888888889,2,188.3333333,1,18.31422222
29/09/2025 14:00,0,0.02,0,15.315,0,13.26,11.52,13.62,77.9,1021.945,2,10.11111111,2,189.4444444,1,18.72577778
29/09/2025 15:00,0,0,0,15.425,0,13.335,11.54,13.635,77.35,1021.7,2,10.61111111,2,188.8888889,1,19.65177778
29/09/2025 16:00,0,0.015,0,15.145,0,13.265,11.68,13.77,79.65,1021.51,2,10.22222222,2,188.8888889,1,18.93155556
29/09/2025 17:00,0,0.005,0,14.815,0,13.05,11.5,13.61,80.3,1021.425,2,9.777777778,2,187.7777778,1,18.10844444
29/09/2025 18:00,0,0.035,0,14.335,0,12.82,11.505,13.605,82.9,1021.39,2,9.111111111,2,188.3333333,1,16.87377778
29/09/2025 19:00,0,0.02,0,13.905,0,12.66,11.55,13.635,85.3,1021.36,2,8.777777778,2,179.4444444,1,16.25644444
29/09/2025 20:00,0,0.04,0,13.66,0,12.535,11.555,13.64,86.65,1021.255,2,9.222222222,2,181.1111111,1,17.07955556
29/09/2025 21:00,0,0.075,0,13.55,0,12.535,11.63,13.715,87.95,1021.26,2,9.555555556,2,185,1,17.69688889
29/09/2025 22:00,0,0.14,0,13.485,0,12.49,11.6,13.7,88.1,1021.085,2,9.5,2,180.5555556,1,17.594
29/09/2025 23:00,0,0.475,0,13.42,0,12.53,11.76,13.84,89.55,1020.89,2,9.055555556,2,177.7777778,1,16.77088889
30/09/2025 00:00,0,0.295,0,13.39,0,12.575,11.84,13.92,90.05,1020.57,2,9.277777778,2,180,1,17.18244444
30/09/2025 01:00,0,0.2,0,13.3,0,12.565,11.9,13.99,91.1,1020.425,2,9.166666667,2,180.5555556,1,16.97666667
30/09/2025 02:00,0,0.115,0,13.37,0,12.675,12.075,14.15,91.5,1020.15,2,8.666666667,2,180.5555556,1,16.05066667
30/09/2025 03:00,0,0.135,0,13.375,0,12.76,12.215,14.275,92.4,1019.9,2,9.111111111,2,183.3333333,1,16.87377778
30/09/2025 04:00,0,0.21,0,13.4,0,12.835,12.34,14.375,93.05,1019.8,2,9,2,182.7777778,1,16.668
30/09/2025 05:00,0,0.16,0,13.495,0,12.935,12.445,14.48,93.15,1019.825,2,8.555555556,2,183.3333333,1,15.84488889
30/09/2025 06:00,0,0.14,0,13.525,0,12.995,12.53,14.56,93.35,1019.98,2,8.555555556,2,184.4444444,1,15.84488889
30/09/2025 07:00,0,0.17,0,13.61,0,13.14,12.735,14.745,94.1,1020.26,2,8.388888889,2,180,1,15.53622222
30/09/2025 08:00,0,0.13,0,13.985,0,13.425,12.955,14.955,93.25,1020.325,2,8.722222222,2,177.2222222,1,16.15355556
30/09/2025 09:00,0,0.06,0,14.575,0,13.93,13.375,15.365,92.15,1020.35,2,9.333333333,2,177.2222222,1,17.28533333
30/09/2025 10:00,0,0.06,0,15.13,0,14.29,13.65,15.635,90.6,1020.345,2,10.38888889,2,178.8888889,1,19.24022222
30/09/2025 11:00,0,0.12,0,15.51,0,14.54,13.79,15.78,89.2,1020.34,2,11,2,180,1,20.372
30/09/2025 12:00,0,0.22,0,15.805,0,14.785,13.99,15.995,88.8,1020.45,2,11.05555556,2,181.6666667,1,20.47488889
30/09/2025 13:00,0,0.105,0,16.055,0,14.945,14.09,16.095,88.1,1020.355,2,10.83333333,2,182.2222222,1,20.06333333
30/09/2025 14:00,0,0.305,0,15.92,0,14.98,14.235,16.255,89.7,1020.215,2,11.72222222,2,181.6666667,1,21.70955556
30/09/2025 15:00,0,0.2,0,15.775,0,14.95,14.315,16.33,90.85,1019.9,2,11.66666667,2,183.8888889,1,21.60666667
30/09/2025 16:00,0,0.145,0,15.58,0,14.855,14.29,16.3,91.85,1019.68,2,11.33333333,2,182.2222222,1,20.98933333
30/09/2025 17:00,0,0.51,0,15.28,0,14.69,14.24,16.265,93.35,1019.755,2,11.22222222,2,185,1,20.78355556
30/09/2025 18:00,0,0.77,0,15.045,0,14.555,14.17,16.18,94.2,1019.77,2,10.77777778,2,183.8888889,1,19.96044444
30/09/2025 19:00,0,0.905,0,14.965,0,14.515,14.16,16.155,94.55,1019.965,2,11.38888889,2,185.5555556,1,21.09222222
30/09/2025 20:00,0,1.01,0,14.92,0,14.49,14.16,16.16,94.8,1020.045,2,11.61111111,2,186.6666667,1,21.50377778
30/09/2025 21:00,0,0.805,0,14.945,0,14.54,14.195,16.195,94.9,1020.03,2,11.27777778,2,188.3333333,1,20.88644444
30/09/2025 22:00,0,0.585,0,14.925,0,14.485,14.13,16.125,94.55,1019.945,2,11.22222222,2,188.8888889,1,20.78355556
30/09/2025 23:00,0,0.6,0,14.905,0,14.435,14.06,16.045,94.4,1019.85,2,11.88888889,2,190,1,22.01822222
01/10/2025 00:00,0,0.435,0,14.88,0,14.365,13.965,15.945,93.9,1019.63,2,11.5,2,189.4444444,1,21.298
01/10/2025 01:00,0,0.66,0,14.825,0,14.31,13.89,15.875,93.75,1019.55,2,11.16666667,2,185,1,20.68066667
01/10/2025 02:00,0,0.615,0,14.795,0,14.26,13.83,15.83,93.65,1019.34,2,11.61111111,2,190.5555556,1,21.50377778
01/10/2025 03:00,0,0.165,0,14.8,0,14.21,13.72,15.705,93.05,1019.09,2,12.27777778,2,191.1111111,1,22.73844444
01/10/2025 04:00,0,0.12,0,14.77,0,14.135,13.625,15.605,92.5,1018.985,2,12,2,186.6666667,1,22.224
01/10/2025 05:00,0,0.09,0,14.755,0,14.085,13.555,15.545,92.15,1019.005,2,12.27777778,2,188.3333333,1,22.73844444
01/10/2025 06:00,0,0.235,0,14.73,0,13.98,13.405,15.395,91.45,1019.355,2,12.5,2,192.7777778,1,23.15
01/10/2025 07:00,0,0.13,0,14.72,0,14,13.45,15.435,91.7,1019.465,2,12.38888889,2,192.2222222,1,22.94422222
01/10/2025 08:00,0,0.105,0,14.975,0,14.225,13.63,15.61,91.25,1019.53,2,12,2,192.7777778,1,22.224
01/10/2025 09:00,0,0.045,0,15.315,0,14.515,13.885,15.89,90.75,1019.69,2,11.94444444,2,193.8888889,1,22.12111111
01/10/2025 10:00,0,0.045,0,15.755,0,14.88,14.23,16.25,90.45,1019.865,2,12,2,193.3333333,1,22.224
01/10/2025 11:00,0,0.025,0,16.085,0,15.205,14.53,16.55,90.15,1019.935,2,12.27777778,2,193.3333333,1,22.73844444
01/10/2025 12:00,0,0.025,0,16.47,0,15.445,14.69,16.725,89,1019.96,2,12.44444444,2,195.5555556,1,23.04711111
01/10/2025 13:00,0,0.06,0,16.82,0,15.675,14.825,16.865,87.85,1019.825,2,12.44444444,2,194.4444444,1,23.04711111
01/10/2025 14:00,0,0.07,0,17.035,0,15.77,14.855,16.915,86.85,1019.745,2,13.11111111,2,196.1111111,1,24.28177778
01/10/2025 15:00,0,0.05,0,16.975,0,15.66,14.685,16.73,86.25,1019.445,2,12.94444444,2,196.6666667,1,23.97311111
01/10/2025 16:00,0,0.045,0,16.795,0,15.42,14.415,16.435,85.8,1019.265,2,12.83333333,2,197.7777778,1,23.76733333
01/10/2025 17:00,0,0.035,0,16.425,0,15.07,14.06,16.045,85.7,1019.245,2,12.16666667,2,198.3333333,1,22.53266667
01/10/2025 18:00,0,0.005,0,15.96,0,14.675,13.68,15.655,86,1019.375,2,11.61111111,2,193.3333333,1,21.50377778
01/10/2025 19:00,0,0.055,0,15.495,0,14.33,13.42,15.4,87.1,1019.38,2,11.61111111,2,191.6666667,1,21.50377778
01/10/2025 20:00,0,0.175,0,15.265,0,14.105,13.165,15.155,87.15,1019.23,2,11.72222222,2,187.2222222,1,21.70955556
01/10/2025 21:00,0,0.445,0,15.005,0,13.995,13.175,15.17,88.65,1019.02,2,12.16666667,2,185,1,22.53266667
01/10/2025 22:00,0,0.46,0,14.86,0,13.9,13.14,15.14,89.5,1018.755,2,12.05555556,2,185,1,22.32688889
01/10/2025 23:00,0,0.475,0,14.71,0,13.885,13.205,15.2,90.35,1018.46,2,11.83333333,2,186.6666667,1,21.91533333
02/10/2025 00:00,0,0.29,0,14.645,0,13.865,13.22,15.21,90.9,1018.145,2,11.38888889,2,185.5555556,1,21.09222222
02/10/2025 01:00,0,0.24,0,14.695,0,13.925,13.295,15.295,91.1,1018.005,2,10.94444444,2,188.3333333,1,20.26911111
02/10/2025 02:00,0,0.235,0,14.66,0,13.955,13.38,15.375,91.85,1017.495,2,10.27777778,2,186.6666667,1,19.03444444
02/10/2025 03:00,0,0.2,0,14.695,0,14.005,13.44,15.42,91.8,1017.095,2,10.16666667,2,183.3333333,1,18.82866667
02/10/2025 04:00,0,0.135,0,14.775,0,14.09,13.54,15.53,92,1016.525,2,9.5,2,183.8888889,1,17.594
02/10/2025 05:00,0,0.44,0,14.77,0,14.12,13.595,15.57,92.3,1015.755,2,9.277777778,2,172.7777778,1,17.18244444
02/10/2025 06:00,0,0.35,0,14.805,0,14.18,13.645,15.635,92.55,1015.245,2,9.833333333,2,171.6666667,1,18.21133333
02/10/2025 07:00,0,1.875,0,14.745,0,14.195,13.75,15.735,93.4,1014.82,2,10.16666667,2,172.7777778,1,18.82866667
02/10/2025 08:00,0,2.295,0,14.825,0,14.25,13.8,15.8,93.4,1014.405,2,11.11111111,2,170,1,20.57777778
02/10/2025 09:00,0,2.18,0,14.97,0,14.36,13.87,15.865,92.9,1013.705,2,11.27777778,2,170,1,20.88644444
02/10/2025 10:00,0,1.81,0,14.98,0,14.41,13.955,15.95,93.25,1012.61,2,12.16666667,2,167.7777778,1,22.53266667
02/10/2025 11:00,0,1.59,0,15.145,0,14.48,13.955,15.95,92.35,1011.445,2,12.77777778,2,167.2222222,1,23.66444444
02/10/2025 12:00,0,1.35,0,15.295,0,14.59,14.03,16.02,92,1010.265,2,14,2,166.1111111,1,25.928
02/10/2025 13:00,0,1.88,0,15.315,0,14.63,14.095,16.105,92.25,1008.75,2,14.88888889,2,168.3333333,1,27.57422222
02/10/2025 14:00,0,1.605,0,15.165,0,14.585,14.13,16.135,93.2,1007.715,2,14.66666667,2,171.6666667,1,27.16266667
02/10/2025 15:00,0,1.82,0,15.19,0,14.655,14.225,16.24,93.7,1006.415,2,13.94444444,2,175,1,25.82511111
02/10/2025 16:00,0,1.54,0,15.205,0,14.755,14.39,16.42,94.6,1005.23,2,13.83333333,2,186.6666667,1,25.61933333
02/10/2025 17:00,0,1.07,0,15.295,0,14.82,14.45,16.475,94.6,1004.56,2,13.66666667,2,192.7777778,1,25.31066667
02/10/2025 18:00,0,1.87,0,15.34,0,14.91,14.595,16.62,95.1,1004.285,2,13.66666667,2,196.1111111,1,25.31066667
02/10/2025 19:00,0,2.27,0,15.245,0,14.835,14.52,16.54,95,1004.14,2,13.38888889,2,205,1,24.79622222
02/10/2025 20:00,0,1.13,0,15.055,0,14.565,14.21,16.2,94.25,1004.135,2,12.66666667,2,218.8888889,1,23.45866667
02/10/2025 21:00,0,0.61,0,14.69,0,14.145,13.71,15.705,93.6,1004.2,2,11.66666667,2,222.2222222,1,21.60666667
02/10/2025 22:00,0,0.13,0,14.25,0,13.56,13.005,15.01,91.9,1004.305,2,10.83333333,2,227.2222222,1,20.06333333
02/10/2025 23:00,0,0.115,0,13.9,0,13.195,12.6,14.61,91.5,1004.725,2,10.33333333,2,235,1,19.13733333
03/10/2025 00:00,0,0.165,0,13.455,0,12.69,12.03,14.075,90.85,1004.93,2,10.11111111,2,238.3333333,1,18.72577778
03/10/2025 01:00,0,0.17,0,12.96,0,12.18,11.46,13.56,90.2,1005.43,2,9.444444444,2,236.6666667,1,17.49111111
03/10/2025 02:00,0,0.045,0,12.535,0,11.8,11.13,13.27,90.85,1005.39,2,8.277777778,2,238.8888889,1,15.33044444
03/10/2025 03:00,0,0.04,0,12.38,0,11.615,10.92,13.075,90.5,1005.14,2,8.111111111,2,228.8888889,1,15.02177778
03/10/2025 04:00,0,0.05,0,12.085,0,11.295,10.55,12.75,90,1004.38,2,8.222222222,2,209.4444444,1,15.22755556
03/10/2025 05:00,0,0.165,0,11.935,0,11.205,10.52,12.715,90.65,1003.44,2,8.166666667,2,200.5555556,1,15.12466667
03/10/2025 06:00,0,0.43,0,11.825,0,11.115,10.46,12.675,91.15,1002.4,2,8.833333333,2,190.5555556,1,16.35933333
03/10/2025 07:00,0,1.205,0,11.59,0,10.9,10.23,12.495,91.2,1000.975,2,9.666666667,2,177.7777778,1,17.90266667
03/10/2025 08:00,0,2.51,0,11.555,0,11.075,10.61,12.845,93.75,998.665,2,11.38888889,2,159.4444444,1,21.09222222
03/10/2025 09:00,0,3.435,0,11.83,0,11.445,11.095,13.3,94.75,995.565,2,14,2,151.6666667,1,25.928
03/10/2025 10:00,0,3.69,0,12.775,0,12.42,12.125,14.28,95.45,992.19,2,17.44444444,2,157.2222222,1,32.30711111
03/10/2025 11:00,0,2.785,0,14.585,0,14.16,13.81,15.92,94.6,988.93,2,21.22222222,2,173.8888889,1,39.30355556
03/10/2025 12:00,0,1.53,0,15.975,0,15.47,15.085,17.23,94.2,986.135,2,24.94444444,2,188.3333333,1,46.19711111
03/10/2025 13:00,0,0.57,0,17.02,0,16.255,15.715,17.89,91.75,983.94,2,26.61111111,2,196.1111111,1,49.28377778
03/10/2025 14:00,0,0.33,0,17.08,0,15.79,14.83,16.975,86.55,983.38,2,27.61111111,2,211.1111111,1,51.13577778
03/10/2025 15:00,0,0.165,0,16.065,0,14.15,12.555,14.72,79.55,984.57,2,28.05555556,2,230.5555556,1,51.95888889
03/10/2025 16:00,0,0.19,0,14.26,0,12.31,10.565,12.815,78.2,986.145,2,27.77777778,2,245,1,51.44444444
03/10/2025 17:00,0,0.075,0,13.205,0,11.115,9.105,11.585,75.85,987.565,2,25,2,250.5555556,1,46.3
03/10/2025 18:00,0,0.11,0,12.32,0,10.425,8.54,11.16,77.55,988.89,2,23.38888889,2,253.3333333,1,43.31622222
03/10/2025 19:00,0,0.065,0,11.89,0,9.965,7.97,10.74,76.5,990,2,21.94444444,2,253.3333333,1,40.64111111
03/10/2025 20:00,0,0.135,0,11.555,0,9.74,7.835,10.635,77.55,990.705,2,20.88888889,2,250,1,38.68622222
03/10/2025 21:00,0,0.15,0,11.325,0,9.625,7.835,10.615,78.85,990.82,2,20.44444444,2,248.3333333,1,37.86311111
03/10/2025 22:00,0,0.185,0,11.06,0,9.275,7.32,10.26,77.5,991.075,2,20.33333333,2,246.6666667,1,37.65733333
03/10/2025 23:00,0,0.275,0,10.385,0,8.715,6.9,9.95,78.65,991.48,2,21.05555556,2,250,1,38.99488889
04/10/2025 00:00,0,0.18,0,10.06,0,8.48,6.68,9.815,79.35,992.02,2,21.61111111,2,254.4444444,1,40.02377778
04/10/2025 01:00,0,0.36,0,9.845,0,8.265,6.455,9.665,79.25,992.63,2,22.05555556,2,258.3333333,1,40.84688889
04/10/2025 02:00,0,0.285,0,9.56,0,7.975,6.085,9.42,78.7,993.125,2,22.05555556,2,261.6666667,1,40.84688889
04/10/2025 03:00,0,0.64,0,9.325,0,7.835,6.035,9.405,79.95,993.715,2,23.05555556,2,261.1111111,1,42.69888889
04/10/2025 04:00,0,0.605,0,9.14,0,7.615,5.755,9.22,79.3,994.1,2,23.22222222,2,264.4444444,1,43.00755556
04/10/2025 05:00,0,0.66,0,9.17,0,7.615,5.725,9.215,78.8,994.825,2,22,2,265,1,40.744
04/10/2025 06:00,0,0.815,0,9.365,0,7.695,5.7,9.19,77.75,995.6,2,22.22222222,2,266.6666667,1,41.15555556
04/10/2025 07:00,0,1.105,0,9.52,0,7.94,6.055,9.44,79.05,996.515,2,22.33333333,2,267.7777778,1,41.36133333
04/10/2025 08:00,0,1.23,0,9.88,0,8.315,6.525,9.74,79.55,997.745,2,22.22222222,2,273.8888889,1,41.15555556
04/10/2025 09:00,0,0.925,0,10.495,0,8.715,6.725,9.855,77.7,999.22,2,21.38888889,2,276.1111111,1,39.61222222
04/10/2025 10:00,0,0.555,0,11.135,0,9.375,7.48,10.38,78.3,1000.635,2,21.05555556,2,278.3333333,1,38.99488889
04/10/2025 11:00,0,0.38,0,11.775,0,9.77,7.625,10.505,75.9,1001.975,2,20.83333333,2,282.2222222,1,38.58333333
04/10/2025 12:00,0,0.14,0,12.485,0,10.2,7.805,10.625,73.3,1003.24,2,20.27777778,2,282.2222222,1,37.55444444
04/10/2025 13:00,0,0.135,0,12.78,0,10.36,7.83,10.63,71.8,1004.31,2,20.38888889,2,283.8888889,1,37.76022222
04/10/2025 14:00,0,0.15,0,13.305,0,10.66,7.94,10.71,69.75,1005.455,2,20.61111111,2,285,1,38.17177778
04/10/2025 15:00,0,0.3,0,12.925,0,10.57,8.125,10.845,72.6,1006.495,2,19.83333333,2,285.5555556,1,36.73133333
04/10/2025 16:00,0,0.33,0,12.75,0,10.285,7.745,10.575,71.65,1007.42,2,19.66666667,2,284.4444444,1,36.42266667
04/10/2025 17:00,0,0.03,0,12.48,0,10.06,7.51,10.375,71.45,1008.48,2,19.38888889,2,285,1,35.90822222
04/10/2025 18:00,0,0.215,0,11.67,0,9.745,7.72,10.53,76.4,1009.605,2,18.05555556,2,285.5555556,1,33.43888889
04/10/2025 19:00,0,0.03,0,11.585,0,9.71,7.695,10.505,76.7,1010.685,2,17.27777778,2,285,1,31.99844444
04/10/2025 20:00,0,0.01,0,11.585,0,9.59,7.46,10.36,75.55,1011.62,2,17.27777778,2,282.7777778,1,31.99844444
04/10/2025 21:00,0,0.005,0,11.525,0,9.555,7.47,10.345,75.8,1012.38,2,16.77777778,2,282.7777778,1,31.07244444
04/10/2025 22:00,0,0,0,11.34,0,9.485,7.505,10.375,77,1013.24,2,16.5,2,281.6666667,1,30.558
04/10/2025 23:00,0,0.005,0,11.2,0,9.32,7.295,10.235,76.9,1014.01,2,15.44444444,2,278.3333333,1,28.60311111
05/10/2025 00:00,0,0.01,0,11.105,0,9.325,7.39,10.315,77.75,1014.525,2,14.22222222,2,275.5555556,1,26.33955556
05/10/2025 01:00,0,0.05,0,10.995,0,9.33,7.515,10.41,79.05,1015.175,2,14.11111111,2,276.6666667,1,26.13377778
05/10/2025 02:00,0,0.005,0,11.03,0,9.34,7.515,10.395,78.8,1015.58,2,15.33333333,2,278.8888889,1,28.39733333
05/10/2025 03:00,0,0.02,0,10.96,0,9.345,7.595,10.455,79.6,1015.745,2,15.11111111,2,281.1111111,1,27.98577778
05/10/2025 04:00,0,0.035,0,10.865,0,9.235,7.48,10.37,79.5,1016.105,2,14,2,280.5555556,1,25.928
05/10/2025 05:00,0,0.055,0,10.79,0,9.185,7.455,10.35,79.75,1016.555,2,13.22222222,2,278.3333333,1,24.48755556
05/10/2025 06:00,0,0.035,0,10.735,0,9.24,7.63,10.47,80.8,1017.06,2,12.66666667,2,276.1111111,1,23.45866667
05/10/2025 07:00,0,0.015,0,10.54,0,9.025,7.35,10.275,80.3,1017.76,2,12.22222222,2,272.2222222,1,22.63555556
05/10/2025 08:00,0,0.005,0,11.125,0,9.44,7.62,10.47,78.5,1018.55,2,11.38888889,2,273.8888889,1,21.09222222
05/10/2025 09:00,0,0,0,11.92,0,10.04,8.105,10.81,77.1,1019.06,2,11.88888889,2,272.2222222,1,22.01822222
05/10/2025 10:00,0,0,0,12.795,0,10.685,8.54,11.155,74.9,1019.34,2,12.05555556,2,272.7777778,1,22.32688889
05/10/2025 11:00,0,0,0,13.365,0,11.15,8.99,11.495,74.55,1019.565,2,12.44444444,2,269.4444444,1,23.04711111
05/10/2025 12:00,0,0,0,13.885,0,11.51,9.235,11.69,73.35,1019.78,2,12.66666667,2,268.8888889,1,23.45866667
05/10/2025 13:00,0,0.005,0,13.74,0,11.56,9.475,11.86,75.3,1019.98,2,12.88888889,2,266.1111111,1,23.87022222
05/10/2025 14:00,0,0,0,13.91,0,11.6,9.42,11.815,74,1020.075,2,12.83333333,2,260,1,23.76733333
05/10/2025 15:00,0,0.005,0,13.595,0,11.47,9.44,11.83,75.7,1020.34,2,12.27777778,2,260.5555556,1,22.73844444
05/10/2025 16:00,0,0.01,0,13.25,0,11.46,9.74,12.07,79.05,1020.545,2,11.55555556,2,255,1,21.40088889
05/10/2025 17:00,0,0.01,0,12.885,0,11.26,9.69,12.045,80.65,1020.57,2,11.05555556,2,252.7777778,1,20.47488889
05/10/2025 18:00,0,0,0,12.595,0,11.165,9.77,12.11,82.75,1020.76,2,9.777777778,2,245.5555556,1,18.10844444
05/10/2025 19:00,0,0,0,12.44,0,11.13,9.85,12.185,83.9,1020.975,2,9.722222222,2,236.6666667,1,18.00555556
05/10/2025 20:00,0,0.02,0,12.345,0,11.12,9.975,12.275,85.05,1021.205,2,9.888888889,2,233.3333333,1,18.31422222
05/10/2025 21:00,0,0.015,0,12.455,0,11.215,10.03,12.34,84.85,1021.125,2,10.05555556,2,228.8888889,1,18.62288889
05/10/2025 22:00,0,0.04,0,12.605,0,11.38,10.25,12.505,85.15,1021.09,2,10.66666667,2,230.5555556,1,19.75466667
05/10/2025 23:00,0,0.025,0,12.735,0,11.59,10.485,12.71,85.75,1021.135,2,10.83333333,2,228.8888889,1,20.06333333
06/10/2025 00:00,0,0.02,0,12.79,0,11.74,10.745,12.94,87,1021.075,2,10.88888889,2,222.7777778,1,20.16622222
06/10/2025 01:00,0,0.035,0,12.895,0,11.885,10.97,13.14,87.8,1021.11,2,10.77777778,2,220,1,19.96044444
06/10/2025 02:00,0,0.065,0,12.92,0,11.975,11.125,13.275,88.4,1021.015,2,10.33333333,2,217.2222222,1,19.13733333
06/10/2025 03:00,0,0.08,0,12.95,0,12.06,11.25,13.38,89.05,1020.725,2,9.944444444,2,216.1111111,1,18.41711111
06/10/2025 04:00,0,0.05,0,12.98,0,12.13,11.36,13.5,89.6,1020.6,2,9.555555556,2,211.6666667,1,17.69688889
06/10/2025 05:00,0,0.03,0,12.985,0,12.165,11.44,13.57,89.9,1020.365,2,9.611111111,2,211.1111111,1,17.79977778
06/10/2025 06:00,0,0.015,0,13.025,0,12.185,11.425,13.555,89.75,1020.445,2,9.611111111,2,211.1111111,1,17.79977778
06/10/2025 07:00,0,0.045,0,12.965,0,12.14,11.405,13.545,89.95,1020.575,2,9.666666667,2,204.4444444,1,17.90266667
06/10/2025 08:00,0,0.015,0,13.5,0,12.47,11.575,13.68,87.85,1020.725,2,10.38888889,2,207.7777778,1,19.24022222
06/10/2025 09:00,0,0,0,14.2,0,12.815,11.595,13.7,84.1,1020.85,2,10.61111111,2,209.4444444,1,19.65177778
06/10/2025 10:00,0,0,0,14.935,0,13.11,11.53,13.635,80.05,1021.02,2,12.27777778,2,210,1,22.73844444
06/10/2025 11:00,0,0,0,15.3,0,13.14,11.255,13.41,76.95,1021.12,2,12.11111111,2,206.6666667,1,22.42977778
06/10/2025 12:00,0,0,0,15.705,0,13.235,11.09,13.235,74.3,1020.95,2,12.44444444,2,207.2222222,1,23.04711111
06/10/2025 13:00,0,0,0,15.76,0,12.96,10.425,12.68,71.05,1020.645,2,12.77777778,2,207.2222222,1,23.66444444
06/10/2025 14:00,0,0.01,0,15.575,0,12.945,10.57,12.81,72.5,1020.23,2,12.72222222,2,207.2222222,1,23.56155556
06/10/2025 15:00,0,0.02,0,15.365,0,12.935,10.755,12.95,74.1,1019.8,2,13.22222222,2,206.1111111,1,24.48755556
06/10/2025 16:00,0,0.01,0,14.925,0,12.745,10.815,12.99,76.3,1019.385,2,13.38888889,2,206.6666667,1,24.79622222
06/10/2025 17:00,0,0.015,0,14.55,0,12.575,10.82,12.975,77.95,1019.015,2,13.5,2,204.4444444,1,25.002
06/10/2025 18:00,0,0.025,0,14.145,0,12.305,10.635,12.825,79.1,1018.885,2,13.05555556,2,203.8888889,1,24.17888889
06/10/2025 19:00,0,0,0,13.94,0,12.16,10.54,12.745,79.6,1018.975,2,13.16666667,2,202.2222222,1,24.38466667
06/10/2025 20:00,0,0,0,13.81,0,12.085,10.515,12.72,80.05,1018.915,2,13,2,199.4444444,1,24.076
06/10/2025 21:00,0,0,0,13.645,0,12.035,10.565,12.76,81.3,1018.9,2,13.05555556,2,201.1111111,1,24.17888889
06/10/2025 22:00,0,0.045,0,13.51,0,11.95,10.53,12.74,81.9,1018.795,2,12.94444444,2,199.4444444,1,23.97311111
06/10/2025 23:00,0,0.03,0,13.315,0,11.875,10.555,12.765,83,1018.645,2,13,2,200,1,24.076
07/10/2025 00:00,0,0.085,0,13.165,0,11.86,10.665,12.87,84.65,1018.615,2,13.22222222,2,201.1111111,1,24.48755556
07/10/2025 01:00,0,0.035,0,13.07,0,11.905,10.805,13.015,85.85,1018.455,2,12.38888889,2,200,1,22.94422222
07/10/2025 02:00,0,0.05,0,13.205,0,12.1,11.095,13.25,86.85,1018.395,2,12.33333333,2,201.6666667,1,22.84133333
07/10/2025 03:00,0,0.09,0,13.15,0,12.24,11.385,13.53,88.95,1018.2,2,11.94444444,2,201.6666667,1,22.12111111
07/10/2025 04:00,0,0.095,0,13.145,0,12.33,11.595,13.7,90.1,1018.31,2,11.11111111,2,200,1,20.57777778
07/10/2025 05:00,0,0.095,0,13.175,0,12.44,11.77,13.845,90.95,1018.355,2,10.38888889,2,206.6666667,1,19.24022222
07/10/2025 06:00,0,0.12,0,13.085,0,12.41,11.795,13.865,91.5,1018.6,2,9.222222222,2,208.8888889,1,17.07955556
07/10/2025 07:00,0,0.12,0,12.975,0,12.35,11.78,13.86,92.2,1018.985,2,8.333333333,2,227.7777778,1,15.43333333
07/10/2025 08:00,0,0.14,0,12.99,0,12.37,11.82,13.9,92.35,1019.44,2,8.055555556,2,231.6666667,1,14.91888889
07/10/2025 09:00,0,0.135,0,13.25,0,12.48,11.775,13.85,90.6,1019.965,2,8.277777778,2,235.5555556,1,15.33044444
07/10/2025 10:00,0,0.125,0,13.655,0,12.65,11.74,13.865,88.15,1020.315,2,8.722222222,2,244.4444444,1,16.15355556
07/10/2025 11:00,0,0.08,0,14.09,0,12.92,11.865,14.01,86.55,1020.595,2,8.888888889,2,247.2222222,1,16.46222222
07/10/2025 12:00,0,0.12,0,14.195,0,12.81,11.535,13.745,84.25,1020.96,2,8.777777778,2,266.1111111,1,16.25644444
07/10/2025 13:00,0,0.03,0,14.325,0,12.74,11.205,13.515,82.25,1021.04,2,9,2,267.2222222,1,16.668
07/10/2025 14:00,0,0.105,0,14.275,0,12.6,10.965,13.315,80.9,1021.06,2,9.166666667,2,262.7777778,1,16.97666667
07/10/2025 15:00,0,0.045,0,14.06,0,12.39,10.715,13.13,80.9,1021.045,2,9.055555556,2,270.5555556,1,16.77088889
07/10/2025 16:00,0,0.025,0,13.67,0,11.905,10.085,12.625,79.65,1021.31,2,8.833333333,2,275.5555556,1,16.35933333
07/10/2025 17:00,0,0.065,0,13.08,0,11.47,9.78,12.345,80.75,1021.71,2,7.722222222,2,281.1111111,1,14.30155556
07/10/2025 18:00,0,0.02,0,12.37,0,10.98,9.465,12.055,82.8,1022.365,2,6.611111111,2,288.8888889,1,12.24377778
07/10/2025 19:00,0,0.015,0,11.675,0,10.28,8.77,11.475,82.7,1022.93,2,6.5,2,288.3333333,1,12.038
07/10/2025 20:00,0,0,0,11.44,0,9.98,8.39,11.16,81.8,1023.34,2,6.388888889,2,270,1,11.83222222
07/10/2025 21:00,0,0,0,11.3,0,9.83,8.225,11.015,81.5,1023.595,2,6.222222222,2,291.6666667,1,11.52355556
07/10/2025 22:00,0,0,0,11,0,9.42,7.7,10.59,80.05,1023.815,2,6.166666667,2,282.7777778,1,11.42066667
07/10/2025 23:00,0,0.01,0,10.645,0,9.11,7.415,10.365,80.55,1024.035,2,6.222222222,2,277.7777778,1,11.52355556
08/10/2025 00:00,0,0,0,10.375,0,8.84,7.145,10.175,80.4,1024.255,2,6.333333333,2,252.2222222,1,11.72933333
08/10/2025 01:00,0,0.005,0,10.26,0,8.755,7.06,10.12,80.7,1024.47,2,6,2,272.7777778,1,11.112
08/10/2025 02:00,0,0,0,10.22,0,8.585,6.755,9.865,79.05,1024.36,2,6.555555556,2,265.5555556,1,12.14088889
08/10/2025 03:00,0,0,0,10.205,0,8.6,6.835,9.925,79.5,1024.115,2,6.722222222,2,257.2222222,1,12.44955556
08/10/2025 04:00,0,0.005,0,10.13,0,8.555,6.81,9.905,79.65,1024.095,2,6.388888889,2,261.6666667,1,11.83222222
08/10/2025 05:00,0,0,0,9.965,0,8.445,6.745,9.87,80.25,1024.24,2,6.222222222,2,252.2222222,1,11.52355556
08/10/2025 06:00,0,0,0,9.92,0,8.445,6.785,9.88,80.75,1024.505,2,6.222222222,2,235.5555556,1,11.52355556
08/10/2025 07:00,0,0,0,9.865,0,8.425,6.81,9.9,81.05,1024.69,2,6.277777778,2,217.2222222,1,11.62644444
08/10/2025 08:00,0,0,0,10.275,0,8.83,7.25,10.205,81.3,1024.975,2,6.222222222,2,218.8888889,1,11.52355556
08/10/2025 09:00,0,0,0,11.455,0,9.615,7.675,10.495,77.3,1025.26,2,7.166666667,2,235.5555556,1,13.27266667
08/10/2025 10:00,0,0.005,0,12.31,0,10.1,7.815,10.61,73.7,1025.405,2,8.166666667,2,262.7777778,1,15.12466667
08/10/2025 11:00,0,0,0,13.005,0,10.59,8.095,10.81,71.6,1025.44,2,9.277777778,2,266.1111111,1,17.18244444
08/10/2025 12:00,0,0,0,13.345,0,10.715,8.05,10.78,69.9,1025.535,2,9.888888889,2,266.1111111,1,18.31422222
08/10/2025 13:00,0,0,0,13.605,0,10.925,8.235,10.905,69.8,1025.385,2,9.944444444,2,270,1,18.41711111
08/10/2025 14:00,0,0,0,13.61,0,10.975,8.335,10.995,70.25,1025.39,2,10.38888889,2,267.7777778,1,19.24022222
08/10/2025 15:00,0,0,0,13.465,0,10.87,8.275,10.935,70.65,1025.435,2,10.94444444,2,267.2222222,1,20.26911111
08/10/2025 16:00,0,0.005,0,13.025,0,10.655,8.28,10.935,72.55,1025.635,2,10.88888889,2,270,1,20.16622222
08/10/2025 17:00,0,0,0,12.555,0,10.44,8.29,10.955,74.8,1025.97,2,10.05555556,2,271.1111111,1,18.62288889
08/10/2025 18:00,0,0,0,12.07,0,10.115,8.11,10.82,76.35,1026.33,2,9.444444444,2,268.3333333,1,17.49111111
08/10/2025 19:00,0,0,0,11.79,0,10.01,8.17,10.865,78.15,1026.56,2,8.944444444,2,267.2222222,1,16.56511111
08/10/2025 20:00,0,0,0,11.655,0,9.91,8.095,10.795,78.4,1026.775,2,8.444444444,2,267.7777778,1,15.63911111
08/10/2025 21:00,0,0,0,11.445,0,9.86,8.205,10.89,80.1,1026.92,2,7.444444444,2,262.7777778,1,13.78711111
08/10/2025 22:00,0,0,0,11.34,0,9.805,8.22,10.905,80.85,1027.1,2,7.555555556,2,259.4444444,1,13.99288889
08/10/2025 23:00,0,0,0,11.165,0,9.805,8.405,11.045,82.9,1027.15,2,7.555555556,2,263.3333333,1,13.99288889
09/10/2025 00:00,0,0,0,11.015,0,9.8,8.545,11.165,84.45,1027.225,2,7.222222222,2,242.2222222,1,13.37555556
09/10/2025 01:00,0,0.01,0,11.155,0,9.96,8.715,11.3,84.6,1027.335,2,7.666666667,2,259.4444444,1,14.19866667
09/10/2025 02:00,0,0.01,0,11.195,0,10.015,8.82,11.38,85.2,1027.355,2,7.888888889,2,261.1111111,1,14.61022222
09/10/2025 03:00,0,0.005,0,11.295,0,10.1,8.895,11.42,84.9,1027.08,2,8.055555556,2,260,1,14.91888889
09/10/2025 04:00,0,0.025,0,11.25,0,10.13,8.975,11.49,85.6,1027.105,2,8.111111111,2,261.1111111,1,15.02177778
09/10/2025 05:00,0,0.03,0,11.27,0,10.23,9.155,11.645,86.65,1027.38,2,8.166666667,2,263.3333333,1,15.12466667
09/10/2025 06:00,0,0.04,0,11.195,0,10.235,9.295,11.755,87.8,1027.895,2,7.722222222,2,252.2222222,1,14.30155556
09/10/2025 07:00,0,0.02,0,11.18,0,10.265,9.33,11.8,88.15,1028.37,2,7.444444444,2,257.2222222,1,13.78711111
09/10/2025 08:00,0,0.01,0,11.505,0,10.565,9.64,12.03,87.95,1028.73,2,7.277777778,2,254.4444444,1,13.47844444
09/10/2025 09:00,0,0,0,12.015,0,10.9,9.825,12.175,86.15,1029.145,2,7.666666667,2,251.6666667,1,14.19866667
09/10/2025 10:00,0,0.005,0,12.655,0,11.33,10.05,12.36,84,1029.515,2,8.111111111,2,260,1,15.02177778
09/10/2025 11:00,0,0.005,0,13.145,0,11.625,10.19,12.485,82.25,1029.84,2,8.666666667,2,257.7777778,1,16.05066667
09/10/2025 12:00,0,0,0,13.46,0,11.795,10.25,12.53,80.8,1030.12,2,8.777777778,2,272.2222222,1,16.25644444
09/10/2025 13:00,0,0.025,0,13.855,0,12.045,10.385,12.635,79.4,1030.285,2,8.777777778,2,272.7777778,1,16.25644444
09/10/2025 14:00,0,0.005,0,13.805,0,12.01,10.38,12.605,79.55,1030.455,2,8.833333333,2,275.5555556,1,16.35933333
09/10/2025 15:00,0,0.015,0,13.755,0,11.93,10.24,12.505,79.2,1030.51,2,8.944444444,2,275.5555556,1,16.56511111
09/10/2025 16:00,0,0.015,0,13.47,0,11.715,10.075,12.385,79.75,1030.66,2,8.277777778,2,280,1,15.33044444
09/10/2025 17:00,0,0.015,0,13.015,0,11.37,9.78,12.14,80.6,1031.03,2,7.944444444,2,279.4444444,1,14.71311111
09/10/2025 18:00,0,0.01,0,12.445,0,10.97,9.51,11.93,82,1031.465,2,6.944444444,2,279.4444444,1,12.86111111
09/10/2025 19:00,0,0,0,12.14,0,10.77,9.4,11.835,83.05,1032.005,2,5.777777778,2,265,1,10.70044444
09/10/2025 20:00,0,0,0,11.84,0,10.505,9.14,11.635,83.2,1032.49,2,5.777777778,2,272.2222222,1,10.70044444
09/10/2025 21:00,0,0,0,11.695,0,10.345,8.985,11.52,83.15,1032.955,2,5.944444444,2,270.5555556,1,11.00911111
09/10/2025 22:00,0,0,0,11.51,0,10.175,8.785,11.345,83,1033.265,2,6,2,270.5555556,1,11.112
09/10/2025 23:00,0,0,0,11.36,0,9.965,8.5,11.11,82.2,1033.28,2,6.055555556,2,242.2222222,1,11.21488889
10/10/2025 00:00,0,0,0,11.175,0,9.75,8.26,10.94,81.9,1033.145,2,5.833333333,2,249.4444444,1,10.80333333
10/10/2025 01:00,0,0,0,10.89,0,9.51,8.06,10.795,82.45,1033.355,2,5.388888889,2,243.3333333,1,9.980222222
10/10/2025 02:00,0,0,0,10.725,0,9.365,7.895,10.66,82.25,1033.425,2,5.444444444,2,246.1111111,1,10.08311111
10/10/2025 03:00,0,0.005,0,10.535,0,9.16,7.655,10.5,81.95,1033.445,2,5.722222222,2,246.1111111,1,10.59755556
10/10/2025 04:00,0,0,0,10.51,0,9.04,7.435,10.345,81.05,1033.65,2,5.833333333,2,253.3333333,1,10.80333333
10/10/2025 05:00,0,0.005,0,10.5,0,8.965,7.28,10.245,80.05,1034.03,2,5.722222222,2,259.4444444,1,10.59755556
10/10/2025 06:00,0,0.005,0,10.325,0,8.805,7.125,10.13,80.25,1034.355,2,5.388888889,2,261.1111111,1,9.980222222
10/10/2025 07:00,0,0,0,10.29,0,8.805,7.155,10.125,80.55,1034.685,2,5.444444444,2,260.5555556,1,10.08311111
10/10/2025 08:00,0,0,0,10.495,0,8.89,7.14,10.13,79.35,1034.95,2,5.166666667,2,246.6666667,1,9.568666667
10/10/2025 09:00,0,0,0,10.87,0,9.085,7.145,10.13,77.55,1035.2,2,5.055555556,2,249.4444444,1,9.362888889
10/10/2025 10:00,0,0,0,11.16,0,9.235,7.135,10.125,75.8,1035.415,2,5.166666667,2,250,1,9.568666667
10/10/2025 11:00,0,0,0,11.525,0,9.455,7.215,10.18,74.4,1035.5,2,5.5,2,251.1111111,1,10.186
10/10/2025 12:00,0,0,0,11.815,0,9.655,7.315,10.255,73.5,1035.535,2,5.333333333,2,257.7777778,1,9.877333333
10/10/2025 13:00,0,0,0,12.085,0,9.86,7.505,10.37,73.2,1035.325,2,5.388888889,2,260.5555556,1,9.980222222
10/10/2025 14:00,0,0,0,12.2,0,9.92,7.535,10.38,72.65,1035.255,2,5.555555556,2,265,1,10.28888889
10/10/2025 15:00,0,0,0,12.23,0,10.015,7.725,10.54,73.55,1035.075,2,5.333333333,2,262.2222222,1,9.877333333
10/10/2025 16:00,0,0,0,12.05,0,9.92,7.7,10.51,74.4,1035.04,2,4.888888889,2,233.8888889,1,9.054222222
10/10/2025 17:00,0,0,0,11.67,0,9.74,7.71,10.52,76.25,1035,2,4.5,2,232.7777778,1,8.334
10/10/2025 18:00,0,0,0,11.255,0,9.55,7.735,10.54,78.5,1035.07,2,4.111111111,2,227.2222222,1,7.613777778
10/10/2025 19:00,0,0,0,10.99,0,9.44,7.795,10.585,80.35,1035.25,2,4.055555556,2,221.1111111,1,7.510888889
10/10/2025 20:00,0,0,0,10.815,0,9.295,7.655,10.505,80.55,1035.465,2,3.777777778,2,229.4444444,1,6.996444444
10/10/2025 21:00,0,0,0,10.675,0,9.215,7.645,10.48,81.25,1035.615,2,3.722222222,2,227.2222222,1,6.893555556
10/10/2025 22:00,0,0,0,10.68,0,9.14,7.455,10.35,80.2,1035.61,2,3.888888889,2,236.1111111,1,7.202222222
10/10/2025 23:00,0,0,0,10.575,0,9.07,7.465,10.35,80.65,1035.51,2,3.722222222,2,214.4444444,1,6.893555556
11/10/2025 00:00,0,0,0,10.52,0,9.025,7.425,10.33,81,1035.375,2,3.833333333,2,214.4444444,1,7.099333333
11/10/2025 01:00,0,0,0,10.35,0,8.89,7.275,10.22,80.9,1035.335,2,4.055555556,2,203.3333333,1,7.510888889
11/10/2025 02:00,0,0,0,10.24,0,8.695,6.99,10.035,79.7,1035.39,2,4.111111111,2,227.2222222,1,7.613777778
11/10/2025 03:00,0,0,0,10.135,0,8.64,7.01,10.045,80.7,1035.29,2,4.111111111,2,205.5555556,1,7.613777778
11/10/2025 04:00,0,0,0,10.065,0,8.595,6.95,10.015,80.45,1035.29,2,4,2,192.2222222,1,7.408
11/10/2025 05:00,0,0,0,9.955,0,8.565,7,10.04,81.5,1035.34,2,3.5,2,186.6666667,1,6.482
11/10/2025 06:00,0,0,0,9.875,0,8.445,6.835,9.935,81,1035.49,2,3.777777778,2,183.3333333,1,6.996444444
11/10/2025 07:00,0,0,0,9.77,0,8.37,6.8,9.89,81.3,1035.49,2,3.611111111,2,178.3333333,1,6.687777778
11/10/2025 08:00,0,0,0,9.9,0,8.465,6.83,9.925,80.85,1035.78,2,3.944444444,2,175,1,7.305111111
11/10/2025 09:00,0,0,0,10.255,0,8.635,6.82,9.92,78.9,1036.015,2,3.888888889,2,183.3333333,1,7.202222222
11/10/2025 10:00,0,0,0,10.665,0,8.84,6.795,9.895,76.5,1036.1,2,4,2,186.6666667,1,7.408
11/10/2025 11:00,0,0,0,11.09,0,9.09,6.91,9.965,75,1036.075,2,3.833333333,2,166.1111111,1,7.099333333
11/10/2025 12:00,0,0,0,11.365,0,9.24,6.96,10.005,73.85,1035.925,2,4,2,179.4444444,1,7.408
11/10/2025 13:00,0,0,0,11.59,0,9.385,6.98,10.025,73,1035.58,2,3.944444444,2,225,1,7.305111111
11/10/2025 14:00,0,0,0,11.65,0,9.44,7.03,10.06,72.9,1035.315,2,3.833333333,2,172.7777778,1,7.099333333
11/10/2025 15:00,0,0,0,11.66,0,9.505,7.205,10.165,73.65,1035.14,2,4.055555556,2,165.5555556,1,7.510888889
11/10/2025 16:00,0,0,0,11.455,0,9.345,7.055,10.07,74,1034.79,2,4.111111111,2,165,1,7.613777778
11/10/2025 17:00,0,0,0,11.1,0,9.145,7.015,10.03,75.45,1034.77,2,3.555555556,2,122.7777778,1,6.584888889
11/10/2025 18:00,0,0,0,10.62,0,8.855,6.905,9.96,77.35,1034.785,2,3.277777778,2,147.2222222,1,6.070444444
11/10/2025 19:00,0,0,0,10.28,0,8.645,6.81,9.905,78.65,1034.995,2,3.111111111,2,98.88888889,1,5.761777778
11/10/2025 20:00,0,0,0,10.085,0,8.51,6.755,9.855,79.4,1035.19,2,3.333333333,2,113.3333333,1,6.173333333
11/10/2025 21:00,0,0,0,9.86,0,8.31,6.565,9.74,79.55,1035.26,2,3.722222222,2,115,1,6.893555556
11/10/2025 22:00,0,0,0,9.765,0,8.285,6.65,9.785,80.55,1035.27,2,3.722222222,2,112.2222222,1,6.893555556
11/10/2025 23:00,0,0,0,9.73,0,8.275,6.635,9.78,80.75,1035.045,2,3.722222222,2,106.6666667,1,6.893555556
12/10/2025 00:00,0,0,0,9.68,0,8.235,6.595,9.755,80.75,1034.705,2,3.722222222,2,97.77777778,1,6.893555556
12/10/2025 01:00,0,0,0,9.545,0,8.155,6.545,9.725,81.15,1034.405,2,3.888888889,2,113.3333333,1,7.202222222
12/10/2025 02:00,0,0,0,9.405,0,8.03,6.45,9.66,81.25,1033.965,2,3.944444444,2,100,1,7.305111111
12/10/2025 03:00,0,0,0,9.305,0,7.94,6.36,9.61,81.45,1033.515,2,4,2,105.5555556,1,7.408
12/10/2025 04:00,0,0,0,9.05,0,7.785,6.305,9.565,82.6,1033.37,2,4.222222222,2,119.4444444,1,7.819555556
12/10/2025 05:00,0,0,0,8.925,0,7.685,6.265,9.525,83,1033.35,2,4.388888889,2,137.7777778,1,8.128222222
12/10/2025 06:00,0,0,0,8.78,0,7.6,6.19,9.485,83.45,1033.28,2,4.388888889,2,121.6666667,1,8.128222222
12/10/2025 07:00,0,0,0,8.715,0,7.555,6.215,9.52,83.95,1033.27,2,4.444444444,2,137.2222222,1,8.231111111
12/10/2025 08:00,0,0,0,8.95,0,7.73,6.295,9.575,83.15,1033.36,2,4.722222222,2,130,1,8.745555556
12/10/2025 09:00,0,0,0,9.315,0,8.01,6.53,9.73,82.3,1033.29,2,4.944444444,2,165,1,9.157111111
12/10/2025 10:00,0,0,0,9.97,0,8.48,6.83,9.94,80.6,1033.145,2,5,2,127.7777778,1,9.26
12/10/2025 11:00,0,0,0,10.53,0,8.9,7.12,10.135,79.1,1032.785,2,5.222222222,2,109.4444444,1,9.671555556
12/10/2025 12:00,0,0,0,11.045,0,9.275,7.37,10.32,77.8,1032.525,2,5.666666667,2,93.33333333,1,10.49466667
12/10/2025 13:00,0,0,0,11.46,0,9.6,7.635,10.495,77.1,1032.025,2,5.944444444,2,95,1,11.00911111
12/10/2025 14:00,0,0,0,11.63,0,9.73,7.73,10.56,76.65,1031.735,2,6.111111111,2,88.33333333,1,11.31777778
12/10/2025 15:00,0,0,0,11.725,0,9.825,7.845,10.63,76.7,1031.445,2,6,2,86.66666667,1,11.112
12/10/2025 16:00,0,0,0,11.7,0,9.84,7.935,10.705,77.2,1031.12,2,5.944444444,2,96.66666667,1,11.00911111
12/10/2025 17:00,0,0,0,11.41,0,9.695,7.9,10.68,78.8,1030.77,2,5.444444444,2,100.5555556,1,10.08311111
12/10/2025 18:00,0,0,0,10.95,0,9.445,7.85,10.645,80.85,1030.68,2,5.166666667,2,92.22222222,1,9.568666667
12/10/2025 19:00,0,0,0,10.555,0,9.21,7.765,10.575,82.5,1030.755,2,5.111111111,2,110,1,9.465777778
12/10/2025 20:00,0,0,0,10.525,0,9.26,7.91,10.695,83.6,1030.655,2,4.833333333,2,100,1,8.951333333
12/10/2025 21:00,0,0,0,10.44,0,9.225,7.915,10.685,84.1,1030.545,2,5.055555556,2,96.11111111,1,9.362888889
12/10/2025 22:00,0,0,0,10.315,0,9.12,7.86,10.665,84.6,1030.49,2,5.055555556,2,93.88888889,1,9.362888889
12/10/2025 23:00,0,0,0,10.25,0,9.065,7.82,10.63,84.7,1030.36,2,4.444444444,2,88.88888889,1,8.231111111
13/10/2025 00:00,0,0,0,10.235,0,9.11,7.895,10.69,85.2,1030.16,2,4.444444444,2,116.6666667,1,8.231111111
13/10/2025 01:00,0,0,0,10.35,0,9.235,8.055,10.8,85.25,1029.985,2,4.333333333,2,116.6666667,1,8.025333333
13/10/2025 02:00,0,0,0,10.405,0,9.305,8.14,10.86,85.5,1029.79,2,4.277777778,2,101.1111111,1,7.922444444
13/10/2025 03:00,0,0,0,10.415,0,9.32,8.16,10.87,85.75,1029.48,2,4.388888889,2,114.4444444,1,8.128222222
13/10/2025 04:00,0,0,0,10.425,0,9.335,8.2,10.905,85.6,1029.38,2,4.277777778,2,118.8888889,1,7.922444444
13/10/2025 05:00,0,0,0,10.44,0,9.395,8.3,10.975,86.15,1029.345,2,4.111111111,2,118.3333333,1,7.613777778
13/10/2025 06:00,0,0,0,10.255,0,9.275,8.245,10.92,87,1029.3,2,4.555555556,2,120.5555556,1,8.436888889
13/10/2025 07:00,0,0,0,10.175,0,9.22,8.195,10.89,87.1,1029.325,2,4.388888889,2,130,1,8.128222222
13/10/2025 08:00,0,0,0,10.45,0,9.465,8.43,11.065,87,1029.56,2,4.611111111,2,112.7777778,1,8.539777778
13/10/2025 09:00,0,0,0,10.98,0,9.81,8.595,11.2,85,1029.645,2,5.222222222,2,108.8888889,1,9.671555556
13/10/2025 10:00,0,0,0,11.635,0,10.28,8.92,11.465,83.2,1029.61,2,5.611111111,2,116.1111111,1,10.39177778
13/10/2025 11:00,0,0,0,12.14,0,10.615,9.11,11.61,81.5,1029.635,2,6,2,121.6666667,1,11.112
13/10/2025 12:00,0,0,0,12.605,0,10.95,9.32,11.775,80.15,1029.62,2,6.277777778,2,122.7777778,1,11.62644444
13/10/2025 13:00,0,0,0,12.805,0,11.19,9.63,12.015,81,1029.4,2,5.722222222,2,120,1,10.59755556
13/10/2025 14:00,0,0.005,0,12.96,0,11.38,9.875,12.22,81.4,1029.34,2,5.833333333,2,118.3333333,1,10.80333333
13/10/2025 15:00,0,0,0,12.96,0,11.44,10.01,12.325,82.05,1029.155,2,5.777777778,2,115,1,10.70044444
13/10/2025 16:00,0,0,0,12.785,0,11.46,10.195,12.485,83.95,1028.99,2,5.166666667,2,116.1111111,1,9.568666667
13/10/2025 17:00,0,0,0,12.54,0,11.39,10.32,12.57,86.1,1029.115,2,5.055555556,2,110,1,9.362888889
13/10/2025 18:00,0,0,0,12.31,0,11.325,10.395,12.625,87.85,1029.455,2,4.722222222,2,112.2222222,1,8.745555556
13/10/2025 19:00,0,0,0,12.035,0,11.21,10.435,12.675,89.65,1029.7,2,4.388888889,2,93.33333333,1,8.128222222
13/10/2025 20:00,0,0,0,12.02,0,11.265,10.56,12.8,90.5,1029.875,2,4.555555556,2,93.33333333,1,8.436888889
13/10/2025 21:00,0,0.015,0,11.97,0,11.35,10.755,12.94,92,1030.08,2,4.388888889,2,92.22222222,1,8.128222222
13/10/2025 22:00,0,0.01,0,11.915,0,11.335,10.78,12.965,92.55,1030.18,2,4.333333333,2,89.44444444,1,8.025333333
13/10/2025 23:00,0,0.005,0,11.97,0,11.38,10.815,13.005,92.35,1030.185,2,3.944444444,2,85.55555556,1,7.305111111
14/10/2025 00:00,0,0.01,0,12.025,0,11.445,10.9,13.07,92.5,1030.3,2,4.055555556,2,87.77777778,1,7.510888889
14/10/2025 01:00,0,0.015,0,12.1,0,11.505,10.965,13.105,92.55,1030.255,2,3.777777778,2,85,1,6.996444444
14/10/2025 02:00,0,0.01,0,12.045,0,11.49,10.965,13.12,92.85,1030.155,2,3.444444444,2,81.66666667,1,6.379111111
14/10/2025 03:00,0,0.005,0,11.97,0,11.425,10.925,13.085,93.05,1030.035,2,3.777777778,2,84.44444444,1,6.996444444
14/10/2025 04:00,0,0.01,0,11.885,0,11.405,10.97,13.13,93.85,1030.18,2,3.777777778,2,98.88888889,1,6.996444444
14/10/2025 05:00,0,0.045,0,11.805,0,11.36,10.945,13.09,94.2,1030.51,2,3.888888889,2,98.33333333,1,7.202222222
14/10/2025 06:00,0,0.05,0,11.74,0,11.305,10.91,13.035,94.25,1030.67,2,3.611111111,2,103.8888889,1,6.687777778
14/10/2025 07:00,0,0.025,0,11.68,0,11.275,10.89,13.035,94.55,1030.965,2,3.333333333,2,91.11111111,1,6.173333333
14/10/2025 08:00,0,0.035,0,11.785,0,11.4,11.025,13.16,94.8,1031.46,2,3.5,2,72.22222222,1,6.482
14/10/2025 09:00,0,0.055,0,12.155,0,11.635,11.175,13.29,93.5,1031.705,2,3.722222222,2,70.55555556,1,6.893555556
14/10/2025 10:00,0,0.01,0,12.635,0,11.92,11.27,13.38,91.2,1031.845,2,4.277777778,2,70.55555556,1,7.922444444
14/10/2025 11:00,0,0.01,0,13.12,0,12.03,11.065,13.21,87.2,1031.885,2,4.666666667,2,83.33333333,1,8.642666667
14/10/2025 12:00,0,0.005,0,13.34,0,12.085,10.95,13.125,85.3,1031.82,2,4.944444444,2,85,1,9.157111111
14/10/2025 13:00,0,0.005,0,13.48,0,12.125,10.905,13.055,84.1,1031.605,2,4.888888889,2,87.77777778,1,9.054222222
14/10/2025 14:00,0,0.005,0,13.52,0,12.17,10.985,13.14,84.3,1031.545,2,4.555555556,2,106.1111111,1,8.436888889
14/10/2025 15:00,0,0,0,13.5,0,12.18,10.995,13.13,84.6,1031.365,2,4.277777778,2,101.1111111,1,7.922444444
14/10/2025 16:00,0,0,0,13.26,0,12.105,11.08,13.225,86.25,1031.215,2,4.5,2,100,1,8.334
14/10/2025 17:00,0,0,0,12.905,0,11.935,11.055,13.195,88.25,1031.29,2,4.555555556,2,71.11111111,1,8.436888889
14/10/2025 18:00,0,0,0,12.57,0,11.68,10.865,13.025,88.95,1031.475,2,4.666666667,2,95,1,8.642666667
14/10/2025 19:00,0,0,0,12.33,0,11.51,10.735,12.915,89.85,1031.64,2,4.222222222,2,96.11111111,1,7.819555556
14/10/2025 20:00,0,0.005,0,12.165,0,11.37,10.62,12.8,90.05,1031.71,2,4.333333333,2,66.11111111,1,8.025333333
14/10/2025 21:00,0,0.01,0,12.01,0,11.255,10.56,12.755,90.45,1031.83,2,4.111111111,2,78.88888889,1,7.613777778
14/10/2025 22:00,0,0.015,0,11.875,0,11.12,10.41,12.625,90.55,1031.9,2,4,2,58.33333333,1,7.408
14/10/2025 23:00,0,0.005,0,11.8,0,10.995,10.225,12.48,89.85,1032.015,2,4,2,93.33333333,1,7.408
15/10/2025 00:00,0,0.01,0,11.675,0,10.85,10.065,12.345,89.65,1032.02,2,4.5,2,77.77777778,1,8.334
15/10/2025 01:00,0,0.005,0,11.555,0,10.765,9.995,12.285,89.9,1031.9,2,4.277777778,2,82.77777778,1,7.922444444
15/10/2025 02:00,0,0.01,0,11.455,0,10.665,9.935,12.235,90.15,1031.725,2,4.166666667,2,97.22222222,1,7.716666667
15/10/2025 03:00,0,0.03,0,11.31,0,10.53,9.785,12.11,90.15,1031.46,2,4.555555556,2,122.2222222,1,8.436888889
15/10/2025 04:00,0,0.02,0,11.2,0,10.385,9.59,11.955,89.7,1031.25,2,4.388888889,2,71.11111111,1,8.128222222
15/10/2025 05:00,0,0.02,0,11.085,0,10.33,9.585,11.955,90.25,1031.145,2,4.277777778,2,87.77777778,1,7.922444444
15/10/2025 06:00,0,0.01,0,10.995,0,10.275,9.55,11.945,90.7,1031.15,2,4.277777778,2,84.44444444,1,7.922444444
15/10/2025 07:00,0,0.005,0,10.885,0,10.2,9.52,11.91,91.1,1031.275,2,4.222222222,2,79.44444444,1,7.819555556
15/10/2025 08:00,0,0.01,0,10.94,0,10.16,9.4,11.8,90,1031.526316,2,4.277777778,2,78.33333333,1,7.922444444
15/10/2025 09:00,0,0.01,0,11.175,0,10.3,9.44,11.845,88.9,1031.6,2,4,2,113.3333333,1,7.408
15/10/2025 10:00,0,0.005,0,11.55,0,10.48,9.45,11.855,86.7,1031.563158,2,4.666666667,2,96.66666667,1,8.642666667
15/10/2025 11:00,0,0,0,11.87,0,10.665,9.475,11.89,85.2,1031.263158,2,4.555555556,2,96.11111111,1,8.436888889
15/10/2025 12:00,0,0.005,0,12.105,0,10.67,9.29,11.71,82.7,1031.068421,2,5.111111111,2,88.88888889,1,9.465777778
15/10/2025 13:00,0,0,0,12.13,0,10.7,9.28,11.705,82.5,1030.684211,2,5.666666667,2,87.22222222,1,10.49466667
15/10/2025 14:00,0,0,0,12.16,0,10.7,9.27,11.69,82.45,1030.315789,2,5.777777778,2,88.33333333,1,10.70044444
15/10/2025 15:00,0,0,0,12.06,0,10.575,9.125,11.56,81.95,1029.978947,2,6,2,89.44444444,1,11.112
15/10/2025 16:00,0,0,0,11.815,0,10.42,9.055,11.52,82.9,1029.684211,2,5.555555556,2,86.11111111,1,10.28888889
15/10/2025 17:00,0,0.005,0,11.56,0,10.295,9.02,11.505,84.2,1029.626316,2,5.222222222,2,95,1,9.671555556
15/10/2025 18:00,0,0,0,11.25,0,10.045,8.82,11.355,84.8,1029.784211,2,5.388888889,2,91.66666667,1,9.980222222
15/10/2025 19:00,0,0.005,0,11.025,0,9.835,8.615,11.175,84.8,1029.821053,2,5.666666667,2,101.6666667,1,10.49466667
15/10/2025 20:00,0,0.005,0,10.85,0,9.695,8.505,11.11,85.25,1029.894737,2,5.333333333,2,97.77777778,1,9.877333333
15/10/2025 21:00,0,0,0,10.71,0,9.58,8.37,11.005,85.25,1029.952632,2,5.222222222,2,96.66666667,1,9.671555556
15/10/2025 22:00,0,0.005,0,10.67,0,9.475,8.245,10.895,84.7,1029.994737,2,4.944444444,2,103.8888889,1,9.157111111
15/10/2025 23:00,0,0,0,10.59,0,9.45,8.245,10.925,85.2,1029.842105,2,4.722222222,2,112.7777778,1,8.745555556
16/10/2025 00:00,0,0.005,0,10.5,0,9.375,8.195,10.87,85.55,1029.61,2,4.611111111,2,104.4444444,1,8.539777778
16/10/2025 01:00,0,0,0,10.385,0,9.25,8.06,10.775,85.25,1029.289474,2,4.555555556,2,102.7777778,1,8.436888889
16/10/2025 02:00,0,0.005,0,10.28,0,9.245,8.145,10.83,86.3,1029.036842,2,4.166666667,2,99.44444444,1,7.716666667
16/10/2025 03:00,0,0,0,10.18,0,9.18,8.14,10.82,86.9,1028.521053,2,4.333333333,2,107.2222222,1,8.025333333
16/10/2025 04:00,0,0,0,10.09,0,9.14,8.11,10.81,87.3,1028.242105,2,4.333333333,2,111.6666667,1,8.025333333
16/10/2025 05:00,0,0,0,10.075,0,9.075,8.03,10.755,86.85,1028.184211,2,4.277777778,2,105.5555556,1,7.922444444
16/10/2025 06:00,0,0.005,0,10.09,0,9.08,8.015,10.74,86.55,1028.2,2,4.444444444,2,105,1,8.231111111
16/10/2025 07:00,0,0,0,10.1,0,9.045,7.93,10.695,86.2,1028.331579,2,4.333333333,2,108.3333333,1,8.025333333
16/10/2025 08:00,0,0,0,10.175,0,9.1,7.99,10.735,86.05,1028.531579,2,4.277777778,2,110,1,7.922444444
16/10/2025 09:00,0,0.005,0,10.45,0,9.29,8.08,10.79,85.15,1028.631579,2,4.222222222,2,107.7777778,1,7.819555556
16/10/2025 10:00,0,0,0,10.805,0,9.51,8.19,10.875,83.65,1028.678947,2,4.277777778,2,127.7777778,1,7.922444444
16/10/2025 11:00,0,0,0,11.14,0,9.675,8.15,10.865,81.75,1028.552632,2,5.055555556,2,104.4444444,1,9.362888889
16/10/2025 12:00,0,0,0,11.465,0,9.84,8.17,10.865,80.05,1028.395,2,5.611111111,2,108.3333333,1,10.39177778
16/10/2025 13:00,0,0,0,11.67,0,9.95,8.18,10.88,78.85,1028.015,2,5.833333333,2,111.1111111,1,10.80333333
16/10/2025 14:00,0,0,0,11.77,0,10.025,8.225,10.925,78.75,1027.645,2,5.777777778,2,122.7777778,1,10.70044444
16/10/2025 15:00,0,0.005,0,11.79,0,10.045,8.23,10.91,78.55,1027.325,2,5.611111111,2,121.1111111,1,10.39177778
16/10/2025 16:00,0,0,0,11.645,0,9.94,8.185,10.89,79.05,1027.015,2,5.777777778,2,105,1,10.70044444
16/10/2025 17:00,0,0,0,11.33,0,9.8,8.215,10.91,80.8,1026.81,2,5.5,2,106.1111111,1,10.186
16/10/2025 18:00,0,0,0,10.985,0,9.595,8.18,10.865,82.4,1026.835,2,5.277777778,2,97.77777778,1,9.774444444
16/10/2025 19:00,0,0,0,10.87,0,9.555,8.19,10.88,83.25,1027.005,2,5.333333333,2,92.22222222,1,9.877333333
16/10/2025 20:00,0,0,0,10.69,0,9.455,8.18,10.88,84.2,1027.07,2,5.111111111,2,93.33333333,1,9.465777778
16/10/2025 21:00,0,0,0,10.63,0,9.43,8.15,10.865,84.25,1027.055,2,5.277777778,2,95,1,9.774444444
16/10/2025 22:00,0,0,0,10.675,0,9.425,8.115,10.815,83.9,1027.015,2,5.777777778,2,96.66666667,1,10.70044444
16/10/2025 23:00,0,0,0,10.625,0,9.375,8.08,10.795,83.95,1026.74,2,5.555555556,2,101.6666667,1,10.28888889
17/10/2025 00:00,0,0,0,10.62,0,9.365,8.055,10.785,83.9,1026.36,2,5.5,2,105,1,10.186
17/10/2025 01:00,0,0,0,10.515,0,9.295,8.005,10.75,84.15,1026.065,2,5.277777778,2,106.6666667,1,9.774444444
17/10/2025 02:00,0,0,0,10.455,0,9.24,7.945,10.705,84.25,1025.705,2,5.722222222,2,107.7777778,1,10.59755556
17/10/2025 03:00,0,0,0,10.47,0,9.21,7.875,10.655,83.75,1025.08,2,5.944444444,2,103.3333333,1,11.00911111
17/10/2025 04:00,0,0,0,10.385,0,9.13,7.79,10.59,83.65,1024.65,2,6.333333333,2,110,1,11.72933333
17/10/2025 05:00,0,0,0,10.385,0,9.085,7.68,10.52,83.15,1024.455,2,6.444444444,2,107.2222222,1,11.93511111
17/10/2025 06:00,0,0,0,10.35,0,9.06,7.68,10.545,83.4,1024.45,2,6.055555556,2,118.3333333,1,11.21488889
17/10/2025 07:00,0,0,0,10.375,0,9.115,7.77,10.61,83.7,1024.64,2,6.055555556,2,122.7777778,1,11.21488889
17/10/2025 08:00,0,0,0,10.53,0,9.305,8.045,10.8,84.35,1024.7,2,5.833333333,2,125.5555556,1,10.80333333
17/10/2025 09:00,0,0,0,11.15,0,9.695,8.17,10.895,81.75,1024.715,2,6.444444444,2,130,1,11.93511111
17/10/2025 10:00,0,0,0,11.875,0,10.205,8.465,11.125,79.35,1024.37,2,6.888888889,2,121.1111111,1,12.75822222
17/10/2025 11:00,0,0,0,12.705,0,10.72,8.74,11.34,76.6,1024.19,2,7.444444444,2,117.2222222,1,13.78711111
17/10/2025 12:00,0,0,0,13.44,0,11.3,9.23,11.7,75.4,1023.835,2,8.333333333,2,121.1111111,1,15.43333333
17/10/2025 13:00,0,0,0,13.85,0,11.605,9.445,11.87,74.45,1023.13,2,9,2,118.3333333,1,16.668
17/10/2025 14:00,0,0,0,13.925,0,11.74,9.705,12.065,75.3,1022.635,2,9.555555556,2,117.2222222,1,17.69688889
17/10/2025 15:00,0,0,0,13.81,0,11.74,9.82,12.15,76.5,1022.305,2,9.5,2,121.6666667,1,17.594
17/10/2025 16:00,0,0,0,13.52,0,11.615,9.79,12.14,77.9,1021.92,2,8.888888889,2,118.8888889,1,16.46222222
17/10/2025 17:00,0,0,0,13.135,0,11.43,9.84,12.175,80.05,1021.81,2,8.388888889,2,117.7777778,1,15.53622222
17/10/2025 18:00,0,0,0,12.77,0,11.245,9.815,12.13,81.9,1021.895,2,8.111111111,2,116.6666667,1,15.02177778
17/10/2025 19:00,0,0,0,12.59,0,11.175,9.845,12.18,83.35,1021.825,2,8.111111111,2,118.3333333,1,15.02177778
17/10/2025 20:00,0,0,0,12.495,0,11.16,9.86,12.175,83.65,1021.53,2,8.555555556,2,115.5555556,1,15.84488889
17/10/2025 21:00,0,0,0,12.49,0,11.1,9.745,12.11,83.1,1021.275,2,8.666666667,2,120.5555556,1,16.05066667
17/10/2025 22:00,0,0,0,12.48,0,11.04,9.675,12.04,82.8,1021.025,2,9.5,2,121.6666667,1,17.594
17/10/2025 23:00,0,0,0,12.435,0,11.015,9.665,12.035,83,1020.635,2,9.222222222,2,126.6666667,1,17.07955556
18/10/2025 00:00,0,0,0,12.53,0,11.075,9.665,12.03,82.4,1020.05,2,9.833333333,2,123.3333333,1,18.21133333
18/10/2025 01:00,0,0,0,12.55,0,11.145,9.805,12.14,83.1,1019.695,2,9.666666667,2,122.7777778,1,17.90266667
18/10/2025 02:00,0,0,0,12.59,0,11.13,9.76,12.095,82.55,1019.075,2,9.277777778,2,122.7777778,1,17.18244444
18/10/2025 03:00,0,0,0,12.59,0,11.175,9.855,12.185,83.1,1018.45,2,9.111111111,2,126.6666667,1,16.87377778
18/10/2025 04:00,0,0,0,12.55,0,11.23,9.99,12.275,84,1017.915,2,9.333333333,2,126.6666667,1,17.28533333
18/10/2025 05:00,0,0.005,0,12.56,0,11.355,10.215,12.48,85.35,1017.4,2,9.277777778,2,124.4444444,1,17.18244444
18/10/2025 06:00,0,0.035,0,12.595,0,11.455,10.37,12.61,85.9,1016.695,2,9.5,2,124.4444444,1,17.594
18/10/2025 07:00,0,0.045,0,12.71,0,11.575,10.51,12.725,86.25,1016.225,2,10.11111111,2,126.1111111,1,18.72577778
18/10/2025 08:00,0,0.09,0,12.935,0,11.705,10.575,12.785,85.3,1015.955,2,10.61111111,2,127.2222222,1,19.65177778
18/10/2025 09:00,0,0.09,0,13.28,0,11.955,10.75,12.91,84.35,1015.635,2,11.16666667,2,126.6666667,1,20.68066667
18/10/2025 10:00,0,0.115,0,13.61,0,12.195,10.95,13.095,83.75,1015.055,2,11.44444444,2,132.2222222,1,21.19511111
18/10/2025 11:00,0,0.16,0,13.885,0,12.34,10.945,13.095,82.05,1014.29,2,12.61111111,2,133.3333333,1,23.35577778
18/10/2025 12:00,0,0.195,0,14.07,0,12.44,10.995,13.14,81.55,1013.5,2,13.44444444,2,133.8888889,1,24.89911111
18/10/2025 13:00,0,0.23,0,14.075,0,12.48,11.065,13.21,82.05,1012.375,2,13.5,2,137.2222222,1,25.002
18/10/2025 14:00,0,0.21,0,13.93,0,12.325,10.85,13.045,81.55,1011.325,2,13.61111111,2,139.4444444,1,25.20777778
18/10/2025 15:00,0,0.18,0,13.63,0,12.11,10.69,12.9,82.25,1010.335,2,13.61111111,2,139.4444444,1,25.20777778
18/10/2025 16:00,0,0.09,0,13.225,0,11.945,10.765,12.945,84.7,1009.26,2,14,2,135,1,25.928
18/10/2025 17:00,0,0.19,0,13.1,0,11.85,10.7,12.9,85.15,1008.335,2,14.22222222,2,136.1111111,1,26.33955556
18/10/2025 18:00,0,0.39,0,12.92,0,11.78,10.73,12.935,86.2,1007.445,2,14.94444444,2,133.8888889,1,27.67711111
18/10/2025 19:00,0,0.315,0,12.7,0,11.79,10.925,13.125,88.7,1006.465,2,15.5,2,135,1,28.706
18/10/2025 20:00,0,0.47,0,12.565,0,11.755,11.015,13.205,89.95,1005.33,2,15.88888889,2,135.5555556,1,29.42622222
18/10/2025 21:00,0,1.02,0,12.53,0,11.79,11.095,13.275,90.6,1004.18,2,16.27777778,2,134.4444444,1,30.14644444
18/10/2025 22:00,0,1.17,0,12.54,0,11.91,11.31,13.48,91.95,1002.975,2,17.22222222,2,134.4444444,1,31.89555556
18/10/2025 23:00,0,1.19,0,12.725,0,12.11,11.56,13.68,92.35,1001.82,2,16.61111111,2,134.4444444,1,30.76377778
19/10/2025 00:00,0,1.515,0,12.89,0,12.335,11.825,13.93,92.9,1000.51,2,16.72222222,2,135.5555556,1,30.96955556
19/10/2025 01:00,0,0.64,0,13.115,0,12.63,12.18,14.245,93.6,999.185,2,16.55555556,2,136.6666667,1,30.66088889
19/10/2025 02:00,0,1.33,0,13.28,0,12.755,12.29,14.35,93.55,997.86,2,16.22222222,2,142.7777778,1,30.04355556
19/10/2025 03:00,0,0.71,0,13.395,0,12.91,12.5,14.54,93.95,996.76,2,14.55555556,2,146.1111111,1,26.95688889
19/10/2025 04:00,0,0.865,0,13.525,0,13.055,12.655,14.69,94.15,995.67,2,13.77777778,2,146.6666667,1,25.51644444
19/10/2025 05:00,0,1.1,0,13.615,0,13.19,12.815,14.84,94.55,994.8210526,2,12.11111111,2,151.1111111,1,22.42977778
19/10/2025 06:00,0,1.155,0,13.59,0,13.2,12.855,14.85,94.95,994.1368421,2,10.5,2,160.5555556,1,19.446
19/10/2025 07:00,0,1.115,0,13.45,0,13.035,12.69,14.715,94.9,993.6842105,2,9.388888889,2,178.8888889,1,17.38822222
19/10/2025 08:00,0,1.12,0,13.325,0,12.945,12.61,14.63,94.95,993.3526316,2,8.944444444,2,173.3333333,1,16.56511111
19/10/2025 09:00,0,0.97,0,13.44,0,12.965,12.555,14.58,94,992.8473684,2,8.722222222,2,176.6666667,1,16.15355556
19/10/2025 10:00,0,0.935,0,14,0,13.26,12.62,14.655,91.25,992.3421053,2,8.277777778,2,172.7777778,1,15.33044444
19/10/2025 11:00,0,0.775,0,14.185,0,13.28,12.51,14.53,89.55,991.8,2,7.944444444,2,181.1111111,1,14.71311111
19/10/2025 12:00,0,0.245,0,14.855,0,13.59,12.545,14.56,85.9,991.2,2,8.111111111,2,193.8888889,1,15.02177778
19/10/2025 13:00,0,0.135,0,15.075,0,13.555,12.26,14.3,83.25,990.6052632,2,8.777777778,2,185.5555556,1,16.25644444
19/10/2025 14:00,0,0.01,0,15.19,0,13.475,12.015,14.055,81.3,990.0789474,2,8.944444444,2,203.8888889,1,16.56511111
19/10/2025 15:00,0,0.155,0,15.08,0,13.29,11.775,13.83,80.55,989.5631579,2,8.777777778,2,184.4444444,1,16.25644444
19/10/2025 16:00,0,0.07,0,14.605,0,13.06,11.72,13.79,82.65,989.0842105,2,8.277777778,2,194.4444444,1,15.33044444
19/10/2025 17:00,0,0.02,0,13.665,0,12.46,11.415,13.495,85.9,988.8,2,6.833333333,2,165.5555556,1,12.65533333
19/10/2025 18:00,0,0.135,0,12.59,0,11.765,11.01,13.155,89.8,988.6052632,2,6.777777778,2,154.4444444,1,12.55244444
19/10/2025 19:00,0,0.2,0,12.145,0,11.46,10.855,13.02,91.35,988.2315789,2,7.444444444,2,148.3333333,1,13.78711111
19/10/2025 20:00,0,0.185,0,11.91,0,11.23,10.625,12.83,91.55,987.7263158,2,7.444444444,2,128.3333333,1,13.78711111
19/10/2025 21:00,0,0.21,0,11.83,0,11.27,10.755,12.955,92.8,987.2842105,2,7.666666667,2,130.5555556,1,14.19866667
19/10/2025 22:00,0,0.305,0,11.75,0,11.235,10.735,12.94,93.2,986.8210526,2,7.666666667,2,122.2222222,1,14.19866667
19/10/2025 23:00,0,0.19,0,11.655,0,11.12,10.62,12.815,92.8,986.3157895,2,7.722222222,2,119.4444444,1,14.30155556
20/10/2025 00:00,0,0.075,0,11.56,0,11.065,10.605,12.795,93.55,985.8,2,7.111111111,2,101.1111111,1,13.16977778
20/10/2025 01:00,0,0.275,0,11.495,0,11.085,10.685,12.88,94.35,985.4157895,2,6.111111111,2,92.22222222,1,11.31777778
20/10/2025 02:00,0,0.16,0,11.48,0,11.08,10.685,12.895,94.55,985.2526316,2,6.277777778,2,112.2222222,1,11.62644444
20/10/2025 03:00,0,0.295,0,11.32,0,10.93,10.585,12.815,94.9,984.8368421,2,5.611111111,2,121.1111111,1,10.39177778
20/10/2025 04:00,0,0.33,0,11.32,0,10.975,10.645,12.855,95.1,984.8210526,2,5.833333333,2,120.5555556,1,10.80333333
20/10/2025 05:00,0,0.085,0,11.215,0,10.895,10.585,12.81,95.45,985.1894737,2,5.833333333,2,118.3333333,1,10.80333333
20/10/2025 06:00,0,0.15,0,11.185,0,10.82,10.49,12.73,95.3,985.6052632,2,6.277777778,2,160,1,11.62644444
20/10/2025 07:00,0,0.05,0,11.11,0,10.73,10.36,12.61,94.85,986.1263158,2,6.5,2,266.6666667,1,12.038
20/10/2025 08:00,0,0.09,0,11.36,0,11.015,10.685,12.87,95.2,986.7052632,2,7.055555556,2,262.7777778,1,13.06688889
20/10/2025 09:00,0,0.13,0,11.81,0,11.38,10.955,13.11,94.15,987.2526316,2,7.166666667,2,273.8888889,1,13.27266667
20/10/2025 10:00,0,0.38,0,12.505,0,11.785,11.1,13.235,90.9,987.8210526,2,7.722222222,2,302.2222222,1,14.30155556
20/10/2025 11:00,0,0.1,0,13.03,0,12.05,11.15,13.265,88.25,988.3894737,2,8.388888889,2,274.4444444,1,15.53622222
20/10/2025 12:00,0,0.08,0,13.5,0,12.285,11.2,13.32,85.7,988.7789474,2,8.444444444,2,297.2222222,1,15.63911111
20/10/2025 13:00,0,0.085,0,13.845,0,12.42,11.155,13.27,83.75,988.7842105,2,9.5,2,295,1,17.594
20/10/2025 14:00,0,0.04,0,13.745,0,12.36,11.125,13.255,84.15,988.8315789,2,10.11111111,2,292.2222222,1,18.72577778
20/10/2025 15:00,0,0.225,0,13.71,0,12.245,10.935,13.09,83,988.8789474,2,9.611111111,2,287.2222222,1,17.79977778
20/10/2025 16:00,0,0.05,0,13.35,0,12.075,10.925,13.075,84.9,989.0578947,2,8.722222222,2,279.4444444,1,16.15355556
20/10/2025 17:00,0,0.045,0,12.655,0,11.655,10.715,12.9,87.75,989.3315789,2,8,2,273.8888889,1,14.816
20/10/2025 18:00,0,0.095,0,12.265,0,11.465,10.745,12.915,90.1,989.5684211,2,7.166666667,2,265,1,13.27266667
20/10/2025 19:00,0,0.055,0,12,0,11.32,10.71,12.9,91.35,989.8789474,2,7.166666667,2,266.6666667,1,13.27266667
20/10/2025 20:00,0,0.06,0,11.81,0,11.17,10.565,12.775,91.8,990.0631579,2,7.611111111,2,260.5555556,1,14.09577778
20/10/2025 21:00,0,0.055,0,11.76,0,11.145,10.56,12.75,91.85,990.1526316,2,7.666666667,2,257.2222222,1,14.19866667
20/10/2025 22:00,0,0.055,0,11.695,0,11.115,10.565,12.77,92.4,990.1473684,2,8.055555556,2,256.1111111,1,14.91888889
20/10/2025 23:00,0,0.065,0,11.64,0,11.035,10.485,12.685,92.5,990.0368421,2,7.888888889,2,250,1,14.61022222
21/10/2025 00:00,0,0.095,0,11.56,0,10.99,10.475,12.665,92.65,989.82,2,8.055555556,2,254.4444444,1,14.91888889
21/10/2025 01:00,0,0.08,0,11.66,0,11.075,10.515,12.7,92.35,989.675,2,9,2,252.2222222,1,16.668
21/10/2025 02:00,0,0.06,0,11.57,0,10.93,10.325,12.56,91.7,989.47,2,9.833333333,2,256.6666667,1,18.21133333
21/10/2025 03:00,0,0.065,0,11.52,0,10.895,10.275,12.52,91.85,989.24,2,9.944444444,2,263.8888889,1,18.41711111
21/10/2025 04:00,0,0.175,0,11.48,0,10.825,10.22,12.465,91.75,989.185,2,10.16666667,2,263.8888889,1,18.82866667
21/10/2025 05:00,0,0.235,0,11.42,0,10.765,10.165,12.42,91.7,989.35,2,10.55555556,2,268.8888889,1,19.54888889
21/10/2025 06:00,0,0.16,0,11.465,0,10.75,10.04,12.33,90.7,989.455,2,11,2,271.6666667,1,20.372
21/10/2025 07:00,0,0.065,0,11.49,0,10.685,9.895,12.205,89.6,989.745,2,11.22222222,2,273.8888889,1,20.78355556
21/10/2025 08:00,0,0.2,0,11.445,0,10.625,9.805,12.135,89.35,990.305,2,11.83333333,2,278.3333333,1,21.91533333
21/10/2025 09:00,0,0.125,0,11.67,0,10.755,9.87,12.18,88.55,990.775,2,12.27777778,2,281.1111111,1,22.73844444
21/10/2025 10:00,0,0.075,0,12.07,0,10.895,9.78,12.13,85.65,991.255,2,12.27777778,2,288.3333333,1,22.73844444
21/10/2025 11:00,0,0.095,0,12.47,0,11.04,9.655,12,82.65,991.905,2,12.33333333,2,292.2222222,1,22.84133333
21/10/2025 12:00,0,0.1,0,12.845,0,11.055,9.34,11.75,79,992.25,2,12.55555556,2,291.6666667,1,23.25288889
21/10/2025 13:00,0,0.085,0,12.975,0,11.05,9.16,11.605,77.35,992.525,2,12.27777778,2,295.5555556,1,22.73844444
21/10/2025 14:00,0,0.07,0,12.92,0,10.845,8.78,11.32,75.55,992.82,2,12.11111111,2,293.8888889,1,22.42977778
21/10/2025 15:00,0,0.09,0,12.795,0,10.615,8.405,11.05,74.35,993.225,2,12.11111111,2,293.3333333,1,22.42977778
21/10/2025 16:00,0,0.005,0,12.32,0,10.315,8.265,10.94,76.15,993.545,2,11.55555556,2,290.5555556,1,21.40088889
21/10/2025 17:00,0,0.045,0,11.48,0,9.88,8.215,10.9,80.05,993.91,2,10.11111111,2,286.6666667,1,18.72577778
21/10/2025 18:00,0,0.015,0,10.825,0,9.365,7.81,10.605,81.4,994.355,2,9.111111111,2,284.4444444,1,16.87377778
21/10/2025 19:00,0,0.015,0,10.345,0,9.075,7.71,10.515,83.45,994.945,2,8.444444444,2,282.2222222,1,15.63911111
21/10/2025 20:00,0,0.025,0,9.995,0,8.875,7.69,10.505,85.35,995.35,2,8.055555556,2,277.2222222,1,14.91888889
21/10/2025 21:00,0,0.015,0,9.68,0,8.58,7.36,10.265,85.25,995.675,2,7.777777778,2,273.3333333,1,14.40444444
21/10/2025 22:00,0,0.005,0,9.38,0,8.41,7.33,10.25,86.75,995.96,2,7.222222222,2,269.4444444,1,13.37555556
21/10/2025 23:00,0,0.01,0,9.255,0,8.3,7.23,10.19,87.05,996.175,2,7.166666667,2,263.8888889,1,13.27266667
22/10/2025 00:00,0,0,0,8.965,0,8.025,7.015,10.035,87.6,996.355,2,7.055555556,2,266.1111111,1,13.06688889
22/10/2025 01:00,0,0.02,0,8.555,0,7.75,6.845,9.935,88.8,996.38,2,6.777777778,2,252.2222222,1,12.55244444
22/10/2025 02:00,0,0.04,0,8.075,0,7.325,6.475,9.685,89.45,996.29,2,6.055555556,2,238.3333333,1,11.21488889
22/10/2025 03:00,0,0.01,0,7.86,0,7.23,6.5,9.715,90.95,996.095,2,5.777777778,2,221.1111111,1,10.70044444
22/10/2025 04:00,0,0.03,0,7.305,0,6.705,6.005,9.39,91.15,995.875,2,5.611111111,2,205,1,10.39177778
22/10/2025 05:00,0,0.01,0,7.37,0,6.81,6.15,9.47,91.8,995.76,2,5.611111111,2,202.7777778,1,10.39177778
22/10/2025 06:00,0,0.025,0,6.885,0,6.405,5.86,9.275,93.15,995.54,2,5.555555556,2,203.3333333,1,10.28888889
22/10/2025 07:00,0,0.12,0,6.7,0,6.255,5.71,9.2,93.35,995.45,2,4.833333333,2,201.1111111,1,8.951333333
22/10/2025 08:00,0,0.07,0,7.115,0,6.71,6.24,9.535,94,995.545,2,4.888888889,2,198.3333333,1,9.054222222
22/10/2025 09:00,0,0.105,0,8.705,0,8.19,7.62,10.47,92.7,995.36,2,4.611111111,2,178.3333333,1,8.539777778
22/10/2025 10:00,0,0.085,0,10.2,0,9.205,8.16,10.84,86.95,995.01,2,5.055555556,2,171.1111111,1,9.362888889
22/10/2025 11:00,0,0.415,0,11.17,0,9.795,8.365,11.005,82.8,994.52,2,5.5,2,179.4444444,1,10.186
22/10/2025 12:00,0,0.075,0,11.615,0,9.88,8.09,10.795,78.9,993.84,2,6.055555556,2,191.6666667,1,11.21488889
22/10/2025 13:00,0,0.225,0,11.935,0,9.985,7.96,10.72,76.7,993.08,2,5.555555556,2,186.6666667,1,10.28888889
22/10/2025 14:00,0,0.24,0,11.735,0,9.785,7.705,10.555,76.6,992.2,2,5.555555556,2,175,1,10.28888889
22/10/2025 15:00,0,0.175,0,11.25,0,9.53,7.655,10.505,78.75,991.4,2,5,2,172.2222222,1,9.26
22/10/2025 16:00,0,0.495,0,10.42,0,9.085,7.615,10.49,83.1,990.72,2,4.333333333,2,156.6666667,1,8.025333333
22/10/2025 17:00,0,0.525,0,9.7,0,8.765,7.765,10.565,87.6,990.295,2,3.5,2,117.7777778,1,6.482
22/10/2025 18:00,0,0.74,0,8.91,0,8.275,7.51,10.41,90.7,989.97,2,3.777777778,2,141.6666667,1,6.996444444
22/10/2025 19:00,0,0.81,0,8.52,0,7.945,7.24,10.215,91.5,989.685,2,3.555555556,2,148.3333333,1,6.584888889
22/10/2025 20:00,0,0.745,0,8.255,0,7.685,7.02,10.055,91.7,989.39,2,4.555555556,2,151.6666667,1,8.436888889
22/10/2025 21:00,0,1.065,0,7.955,0,7.46,6.85,9.945,92.3,989.36,2,4.888888889,2,186.1111111,1,9.054222222
22/10/2025 22:00,0,0.685,0,7.895,0,7.38,6.75,9.865,92.2,989.315,2,4.722222222,2,227.2222222,1,8.745555556
22/10/2025 23:00,0,0.515,0,7.925,0,7.3,6.525,9.715,90.7,989.565,2,5.555555556,2,264.4444444,1,10.28888889
23/10/2025 00:00,0,0.715,0,7.78,0,7.23,6.59,9.76,91.95,989.91,2,6.722222222,2,322.2222222,1,12.44955556
23/10/2025 01:00,0,0.735,0,7.855,0,7.295,6.625,9.77,91.65,990.47,2,7.777777778,2,293.3333333,1,14.40444444
23/10/2025 02:00,0,0.465,0,8.01,0,7.3,6.46,9.67,89.9,991.05,2,8.833333333,2,331.1111111,1,16.35933333
23/10/2025 03:00,0,0.38,0,8.05,0,7.25,6.31,9.575,88.9,991.8,2,9.611111111,2,330,1,17.79977778
23/10/2025 04:00,0,0.51,0,7.875,0,7.055,6.06,9.405,88.35,992.77,2,10.83333333,2,320,1,20.06333333
23/10/2025 05:00,0,0.5,0,7.805,0,6.945,5.865,9.28,87.55,993.83,2,11.11111111,2,322.2222222,1,20.57777778
23/10/2025 06:00,0,0.71,0,7.645,0,6.57,5.175,8.85,84.5,994.785,2,11.55555556,2,314.4444444,1,21.40088889
23/10/2025 07:00,0,0.455,0,7.49,0,6.28,4.7,8.555,82.75,995.825,2,12.55555556,2,311.6666667,1,23.25288889
23/10/2025 08:00,0,0.445,0,7.205,0,6.005,4.43,8.415,82.85,996.915,2,11.94444444,2,305,1,22.12111111
23/10/2025 09:00,0,0.21,0,7.22,0,5.89,4.12,8.23,81.05,997.77,2,11.55555556,2,293.3333333,1,21.40088889
23/10/2025 10:00,0,0.04,0,8.035,0,6.45,4.405,8.385,77.85,998.31,2,11.94444444,2,290,1,22.12111111
23/10/2025 11:00,0,0.07,0,8.615,0,6.745,4.37,8.36,74.65,998.71,2,13.11111111,2,286.1111111,1,24.28177778
23/10/2025 12:00,0,0.03,0,9.155,0,7.045,4.405,8.375,72,998.885,2,13.83333333,2,282.7777778,1,25.61933333
23/10/2025 13:00,0,0.14,0,9.445,0,7.135,4.2,8.255,69.55,999.02,2,15.11111111,2,282.2222222,1,27.98577778
23/10/2025 14:00,0,0.17,0,9.2,0,6.98,4.13,8.2,70.55,999.305,2,15.5,2,284.4444444,1,28.706
23/10/2025 15:00,0,0.305,0,8.65,0,6.755,4.315,8.325,74.05,999.275,2,14.61111111,2,281.1111111,1,27.05977778
23/10/2025 16:00,0,0.15,0,8.575,0,6.63,4.145,8.22,73.55,999.465,2,14.27777778,2,276.1111111,1,26.44244444
23/10/2025 17:00,0,0.19,0,7.955,0,6.18,3.88,8.075,75.3,999.64,2,13.83333333,2,272.2222222,1,25.61933333
23/10/2025 18:00,0,0.205,0,7.46,0,5.985,4.055,8.17,78.8,999.795,2,12.83333333,2,265,1,23.76733333
23/10/2025 19:00,0,0.31,0,7.275,0,5.855,3.96,8.115,79.5,999.85,2,12.44444444,2,259.4444444,1,23.04711111
23/10/2025 20:00,0,0.115,0,7.04,0,5.73,3.97,8.12,80.65,999.55,2,12,2,248.8888889,1,22.224
23/10/2025 21:00,0,0.105,0,6.79,0,5.61,4.045,8.175,82.25,999.125,2,12.27777778,2,245,1,22.73844444
23/10/2025 22:00,0,0.09,0,7.07,0,5.85,4.255,8.3,81.95,998.805,2,12.61111111,2,242.7777778,1,23.35577778
23/10/2025 23:00,0,0.095,0,6.88,0,5.84,4.49,8.46,84.25,998.255,2,12.72222222,2,240,1,23.56155556
24/10/2025 00:00,0,0.095,0,6.995,0,5.955,4.65,8.565,84.8,997.715,2,12.5,2,238.3333333,1,23.15
24/10/2025 01:00,0,0.285,0,7.3,0,6.3,5.025,8.805,85.15,997.05,2,13,2,233.8888889,1,24.076
24/10/2025 02:00,0,0.16,0,7.57,0,6.56,5.31,8.965,85.35,996.495,2,13.27777778,2,233.8888889,1,24.59044444
24/10/2025 03:00,0,0.335,0,7.74,0,6.77,5.57,9.14,86.15,995.975,2,12.83333333,2,229.4444444,1,23.76733333
24/10/2025 04:00,0,0.255,0,8,0,7.045,5.88,9.32,86.5,995.53,2,13.27777778,2,231.6666667,1,24.59044444
24/10/2025 05:00,0,0.17,0,8.145,0,7.275,6.25,9.555,87.65,995.245,2,12.61111111,2,228.8888889,1,23.35577778
24/10/2025 06:00,0,0.22,0,8.32,0,7.485,6.495,9.715,88.1,994.95,2,11.72222222,2,223.3333333,1,21.70955556
24/10/2025 07:00,0,0.175,0,8.42,0,7.68,6.825,9.92,89.5,994.885,2,11.22222222,2,225.5555556,1,20.78355556
24/10/2025 08:00,0,0.175,0,8.815,0,8.095,7.275,10.24,89.8,995.15,2,11.77777778,2,200.5555556,1,21.81244444
24/10/2025 09:00,0,0.295,0,9.465,0,8.685,7.795,10.59,88.95,995.495,2,11.22222222,2,198.8888889,1,20.78355556
24/10/2025 10:00,0,0.29,0,10.06,0,9.085,8.075,10.795,87.4,996.05,2,11.66666667,2,190.5555556,1,21.60666667
24/10/2025 11:00,0,0.2,0,10.87,0,9.65,8.355,10.995,84.4,996.785,2,12.44444444,2,193.8888889,1,23.04711111
24/10/2025 12:00,0,0.14,0,11.025,0,9.6,8.095,10.805,82.05,997.475,2,12.77777778,2,199.4444444,1,23.66444444
24/10/2025 13:00,0,0.17,0,11.415,0,9.74,7.995,10.74,79.4,998.1,2,13.16666667,2,211.1111111,1,24.38466667
24/10/2025 14:00,0,0.16,0,11.45,0,9.73,7.95,10.695,78.85,998.825,2,13.61111111,2,298.3333333,1,25.20777778
24/10/2025 15:00,0,0.06,0,11.525,0,9.58,7.53,10.42,76.35,999.64,2,13.5,2,338.3333333,1,25.002
24/10/2025 16:00,0,0.065,0,10.925,0,9.26,7.45,10.365,78.9,1000.59,2,12.77777778,2,321.1111111,1,23.66444444
24/10/2025 17:00,0,0.08,0,10.34,0,8.93,7.41,10.315,81.65,1001.625,2,11.77777778,2,313.3333333,1,21.81244444
24/10/2025 18:00,0,0.135,0,9.87,0,8.645,7.305,10.25,83.8,1002.665,2,11.38888889,2,313.3333333,1,21.09222222
24/10/2025 19:00,0,0.04,0,9.76,0,8.56,7.255,10.2,84.2,1003.775,2,11.55555556,2,306.6666667,1,21.40088889
24/10/2025 20:00,0,0.015,0,9.89,0,8.665,7.28,10.225,83.45,1004.74,2,11.88888889,2,326.6666667,1,22.01822222
24/10/2025 21:00,0,0.01,0,9.775,0,8.515,7.15,10.12,83.3,1005.625,2,12.88888889,2,307.2222222,1,23.87022222
24/10/2025 22:00,0,0.01,0,9.605,0,8.28,6.775,9.88,82.25,1006.365,2,12.5,2,292.7777778,1,23.15
24/10/2025 23:00,0,0.03,0,9.295,0,7.99,6.505,9.69,82.4,1007.16,2,13.11111111,2,311.6666667,1,24.28177778
25/10/2025 00:00,0,0.015,0,9.03,0,7.62,5.91,9.315,80.65,1007.875,2,12.88888889,2,309.4444444,1,23.87022222
25/10/2025 01:00,0,0.02,0,8.685,0,7.275,5.555,9.08,80.5,1008.385,2,13.11111111,2,308.8888889,1,24.28177778
25/10/2025 02:00,0,0.035,0,8.52,0,7.09,5.32,8.915,80,1009.03,2,13.11111111,2,328.3333333,1,24.28177778
25/10/2025 03:00,0,0.035,0,8.26,0,6.74,4.84,8.65,78.75,1009.525,2,12.88888889,2,306.1111111,1,23.87022222
25/10/2025 04:00,0,0.06,0,7.76,0,6.325,4.505,8.425,79.75,1009.95,2,13.05555556,2,327.7777778,1,24.17888889
25/10/2025 05:00,0,0.04,0,7.6,0,6.025,3.965,8.125,77.65,1010.695,2,12.38888889,2,325.5555556,1,22.94422222
25/10/2025 06:00,0,0.03,0,7.39,0,5.85,3.79,8.04,77.8,1011.28,2,12.22222222,2,323.8888889,1,22.63555556
25/10/2025 07:00,0,0.05,0,7.09,0,5.585,3.58,7.905,78.2,1011.895,2,11.83333333,2,320.5555556,1,21.91533333
25/10/2025 08:00,0,0.075,0,7.09,0,5.6,3.615,7.93,78.4,1012.72,2,10.61111111,2,317.7777778,1,19.65177778
25/10/2025 09:00,0,0.035,0,7.99,0,6.205,3.845,8.06,74.8,1013.195,2,10.94444444,2,313.8888889,1,20.26911111
25/10/2025 10:00,0,0.025,0,9.17,0,6.995,4.21,8.275,70.8,1013.52,2,11.66666667,2,313.8888889,1,21.60666667
25/10/2025 11:00,0,0.015,0,9.935,0,7.565,4.65,8.53,69.2,1013.585,2,13.05555556,2,311.6666667,1,24.17888889
25/10/2025 12:00,0,0.09,0,10.25,0,7.895,5.025,8.765,69.9,1013.465,2,13.5,2,311.1111111,1,25.002
25/10/2025 13:00,0,0.085,0,10.405,0,8.115,5.355,8.985,71.1,1013.195,2,13.83333333,2,306.1111111,1,25.61933333
25/10/2025 14:00,0,0.085,0,10.375,0,8.345,6,9.375,74.1,1012.91,2,14.33333333,2,303.3333333,1,26.54533333
25/10/2025 15:00,0,0.175,0,10.175,0,8.36,6.255,9.545,76.45,1012.71,2,14.33333333,2,301.6666667,1,26.54533333
25/10/2025 16:00,0,0.12,0,9.72,0,8.025,6.005,9.375,77.6,1012.675,2,14,2,303.3333333,1,25.928
25/10/2025 17:00,0,0.125,0,9.2,0,7.75,6.025,9.385,80.25,1012.945,2,13.16666667,2,305,1,24.38466667
25/10/2025 18:00,0,0.07,0,8.91,0,7.465,5.725,9.205,80.35,1013.38,2,12.55555556,2,306.1111111,1,23.25288889
25/10/2025 19:00,0,0.03,0,8.615,0,7.31,5.73,9.185,81.7,1014.01,2,12.27777778,2,305.5555556,1,22.73844444
25/10/2025 20:00,0,0.045,0,8.34,0,7.075,5.535,9.055,82.25,1014.485,2,11.55555556,2,312.7777778,1,21.40088889
25/10/2025 21:00,0,0.05,0,8.245,0,6.94,5.33,8.96,81.9,1014.815,2,11.61111111,2,312.7777778,1,21.50377778
25/10/2025 22:00,0,0.025,0,7.785,0,6.56,5.01,8.765,82.4,1015.145,2,10.77777778,2,311.1111111,1,19.96044444
25/10/2025 23:00,0,0.01,0,7.485,0,6.265,4.705,8.58,82.45,1015.405,2,9.222222222,2,308.8888889,1,17.07955556
26/10/2025 00:00,0,0.005,0,7.32,0,6.035,4.375,8.38,81.7,1015.675,2,8.611111111,2,303.8888889,1,15.94777778
26/10/2025 01:00,0,0,0,7.255,0,5.985,4.36,8.37,81.95,1015.635,2,8.222222222,2,295,1,15.22755556
26/10/2025 02:00,0,0,0,7.09,0,5.955,4.49,8.455,83.4,1015.325,2,7.777777778,2,286.6666667,1,14.40444444
26/10/2025 03:00,0,0.005,0,7.05,0,5.935,4.535,8.485,83.95,1015.255,2,7.666666667,2,281.6666667,1,14.19866667
26/10/2025 04:00,0,0.005,0,7.155,0,6.08,4.665,8.585,84.15,1015.095,2,7.833333333,2,285,1,14.50733333
26/10/2025 05:00,0,0.005,0,7.01,0,6.105,4.955,8.765,86.8,1014.885,2,7.666666667,2,274.4444444,1,14.19866667
26/10/2025 06:00,0,0.05,0,7.28,0,6.385,5.26,8.965,86.95,1014.495,2,7.666666667,2,271.1111111,1,14.19866667
26/10/2025 07:00,0,0.1,0,7.67,0,6.845,5.84,9.315,88,1014.2,2,8.888888889,2,259.4444444,1,16.46222222
26/10/2025 08:00,0,0.18,0,8.025,0,7.41,6.695,9.88,90.85,1013.725,2,9.166666667,2,257.7777778,1,16.97666667
26/10/2025 09:00,0,0.25,0,8.73,0,8.135,7.49,10.415,91.55,1013.195,2,10.22222222,2,255.5555556,1,18.93155556
26/10/2025 10:00,0,0.27,0,9.525,0,8.93,8.305,10.995,91.85,1012.23,2,11.55555556,2,251.1111111,1,21.40088889
26/10/2025 11:00,0,0.405,0,10.22,0,9.65,9.06,11.57,92.2,1011.48,2,13.38888889,2,252.7777778,1,24.79622222
26/10/2025 12:00,0,0.455,0,10.855,0,10.285,9.72,12.075,92.45,1010.62,2,14.55555556,2,254.4444444,1,26.95688889
26/10/2025 13:00,0,0.285,0,11.455,0,10.81,10.215,12.48,91.85,1009.79,2,15.72222222,2,260,1,29.11755556
26/10/2025 14:00,0,0.285,0,11.795,0,11.115,10.465,12.68,91.15,1009.02,2,16.5,2,266.6666667,1,30.558
26/10/2025 15:00,0,0.08,0,12.02,0,11.12,10.225,12.49,88.6,1008.555,2,17,2,272.2222222,1,31.484
26/10/2025 16:00,0,0.1,0,12.005,0,10.895,9.81,12.16,86.3,1008.34,2,16.77777778,2,278.3333333,1,31.07244444
26/10/2025 17:00,0,0.14,0,11.78,0,10.55,9.28,11.74,84.4,1008.26,2,16.72222222,2,283.3333333,1,30.96955556
26/10/2025 18:00,0,0.04,0,11.48,0,10.12,8.695,11.295,82.8,1008.345,2,16,2,281.6666667,1,29.632
26/10/2025 19:00,0,0.03,0,11.32,0,9.875,8.325,11.04,81.65,1008.46,2,15.72222222,2,281.6666667,1,29.11755556
26/10/2025 20:00,0,0.005,0,11.215,0,9.745,8.145,10.885,81.05,1008.41,2,16.05555556,2,281.6666667,1,29.73488889
26/10/2025 21:00,0,0.025,0,11.215,0,9.635,7.96,10.755,80.1,1008.16,2,16.16666667,2,282.2222222,1,29.94066667
26/10/2025 22:00,0,0.025,0,11.095,0,9.53,7.84,10.685,80.15,1008.045,2,15.94444444,2,280.5555556,1,29.52911111
26/10/2025 23:00,0,0.005,0,11.06,0,9.455,7.69,10.565,79.5,1007.945,2,15.94444444,2,281.6666667,1,29.52911111
27/10/2025 00:00,0,0.01,0,11.025,0,9.33,7.45,10.4,78.35,1007.995,2,16.33333333,2,283.3333333,1,30.24933333
27/10/2025 01:00,0,0.03,0,10.86,0,9.175,7.31,10.31,78.5,1008.135,2,16.16666667,2,286.6666667,1,29.94066667
27/10/2025 02:00,0,0.03,0,10.795,0,9.035,7.055,10.135,77.5,1008.155,2,16,2,286.6666667,1,29.632
27/10/2025 03:00,0,0.02,0,10.485,0,8.92,7.155,10.195,79.6,1008.32,2,14.77777778,2,288.3333333,1,27.36844444
27/10/2025 04:00,0,0,0,10.315,0,8.78,7.055,10.125,79.95,1008.54,2,13.05555556,2,287.2222222,1,24.17888889
27/10/2025 05:00,0,0.02,0,10.06,0,8.71,7.2,10.22,82.1,1008.835,2,12.22222222,2,287.2222222,1,22.63555556
27/10/2025 06:00,0,0.015,0,10.06,0,8.655,7.06,10.135,81.55,1009.185,2,11.5,2,289.4444444,1,21.298
27/10/2025 07:00,0,0.005,0,9.91,0,8.62,7.17,10.225,82.9,1009.56,2,10.44444444,2,285,1,19.34311111
27/10/2025 08:00,0,0,0,9.87,0,8.66,7.285,10.295,83.85,1010.1,2,9.277777778,2,273.8888889,1,17.18244444
27/10/2025 09:00,0,0.015,0,10.555,0,9.3,7.915,10.73,83.6,1010.39,2,8.5,2,275,1,15.742
27/10/2025 10:00,0,0.07,0,10.99,0,9.765,8.47,11.14,84.35,1010.495,2,8.055555556,2,261.1111111,1,14.91888889
27/10/2025 11:00,0,0.145,0,11.31,0,10.16,8.97,11.53,85.3,1010.45,2,8.277777778,2,255,1,15.33044444
27/10/2025 12:00,0,0.335,0,11.39,0,10.39,9.39,11.835,87.3,1010.1,2,9,2,237.7777778,1,16.668
27/10/2025 13:00,0,0.33,0,11.655,0,10.865,10.06,12.4,89.75,1009.465,2,9.888888889,2,230,1,18.31422222
27/10/2025 14:00,0,0.31,0,11.76,0,10.965,10.22,12.55,90.15,1008.845,2,10.72222222,2,232.7777778,1,19.85755556
27/10/2025 15:00,0,0.265,0,11.69,0,11.045,10.445,12.715,91.8,1008.155,2,11.61111111,2,228.8888889,1,21.50377778
27/10/2025 16:00,0,0.295,0,12.01,0,11.375,10.805,12.985,92.15,1007.515,2,12.38888889,2,232.2222222,1,22.94422222
27/10/2025 17:00,0,0.36,0,12.22,0,11.545,10.905,13.06,91.3,1006.97,2,13.44444444,2,243.3333333,1,24.89911111
27/10/2025 18:00,0,0.33,0,12.065,0,11.4,10.785,12.965,91.55,1006.575,2,13.94444444,2,241.6666667,1,25.82511111
27/10/2025 19:00,0,0.405,0,12.04,0,11.26,10.525,12.735,90.1,1006.175,2,14.61111111,2,244.4444444,1,27.05977778
27/10/2025 20:00,0,0.205,0,11.775,0,10.73,9.7,12.075,86.75,1005.85,2,16.55555556,2,249.4444444,1,30.66088889
27/10/2025 21:00,0,0.31,0,11.405,0,10.36,9.325,11.765,86.75,1005.66,2,16.27777778,2,251.1111111,1,30.14644444
27/10/2025 22:00,0,0.16,0,11.3,0,10.125,8.93,11.475,85.1,1005.495,2,15.77777778,2,258.3333333,1,29.22044444
27/10/2025 23:00,0,0.155,0,11.015,0,9.735,8.39,11.05,83.6,1005.485,2,15.88888889,2,258.3333333,1,29.42622222
28/10/2025 00:00,0,0.08,0,10.705,0,9.31,7.77,10.58,81.75,1005.51,2,14.94444444,2,262.2222222,1,27.67711111
28/10/2025 01:00,0,0.08,0,10.59,0,9.135,7.55,10.41,81.15,1005.38,2,14.83333333,2,262.2222222,1,27.47133333
28/10/2025 02:00,0,0.04,0,10.535,0,8.975,7.29,10.225,80,1005.152632,2,14.77777778,2,260.5555556,1,27.36844444
28/10/2025 03:00,0,0.09,0,10.49,0,8.84,7.02,10.055,78.9,1004.926316,2,14.88888889,2,256.6666667,1,27.57422222
28/10/2025 04:00,0,0.11,0,10.24,0,8.645,6.85,9.94,79.4,1004.852632,2,14.77777778,2,258.8888889,1,27.36844444
28/10/2025 05:00,0,0.12,0,10.01,0,8.545,6.9,9.965,80.7,1004.752632,2,13.83333333,2,252.2222222,1,25.61933333
28/10/2025 06:00,0,0.05,0,10.065,0,8.555,6.885,9.95,80.25,1004.647368,2,13.94444444,2,252.7777778,1,25.82511111
28/10/2025 07:00,0,0.05,0,10.065,0,8.615,6.99,10.02,80.9,1004.552632,2,13.83333333,2,249.4444444,1,25.61933333
28/10/2025 08:00,0,0.005,0,10.03,0,8.6,7.02,10.05,81.25,1004.747368,2,13.11111111,2,248.3333333,1,24.28177778
28/10/2025 09:00,0,0.07,0,10.495,0,8.99,7.36,10.285,80.65,1004.747368,2,12.94444444,2,243.8888889,1,23.97311111
28/10/2025 10:00,0,0.07,0,11.155,0,9.45,7.6,10.455,78.5,1004.605263,2,13.61111111,2,243.3333333,1,25.20777778
28/10/2025 11:00,0,0.005,0,11.83,0,9.79,7.635,10.465,75.1,1004.342105,2,13.77777778,2,246.6666667,1,25.51644444
28/10/2025 12:00,0,0.02,0,12.17,0,10.01,7.745,10.555,74.05,1003.942105,2,13.55555556,2,242.7777778,1,25.10488889
28/10/2025 13:00,0,0.09,0,12.09,0,9.96,7.775,10.58,74.8,1003.310526,2,14.16666667,2,242.7777778,1,26.23666667
28/10/2025 14:00,0,0.175,0,12.065,0,9.95,7.735,10.56,74.95,1002.757895,2,13.72222222,2,243.8888889,1,25.41355556
28/10/2025 15:00,0,0.18,0,11.575,0,9.74,7.815,10.595,77.5,1002.16,2,12.83333333,2,241.1111111,1,23.76733333
28/10/2025 16:00,0,0.125,0,11.265,0,9.38,7.375,10.295,76.7,1001.725,2,12.27777778,2,236.6666667,1,22.73844444
28/10/2025 17:00,0,0.105,0,10.515,0,9.03,7.39,10.295,80.7,1001.3,2,11.44444444,2,227.2222222,1,21.19511111
28/10/2025 18:00,0,0.135,0,10.19,0,8.88,7.455,10.365,82.9,1000.845,2,11.27777778,2,223.8888889,1,20.88644444
28/10/2025 19:00,0,0.255,0,10.1,0,8.845,7.505,10.39,83.65,1000.535,2,11.38888889,2,227.2222222,1,21.09222222
28/10/2025 20:00,0,0.24,0,9.975,0,8.7,7.315,10.28,83.45,1000.17,2,11.55555556,2,230,1,21.40088889
28/10/2025 21:00,0,0.28,0,9.56,0,8.32,6.93,10,83.4,999.845,2,11.94444444,2,233.3333333,1,22.12111111
28/10/2025 22:00,0,0.255,0,9.095,0,8.03,6.815,9.945,85.6,999.715,2,12.11111111,2,233.3333333,1,22.42977778
28/10/2025 23:00,0,0.055,0,9.005,0,7.81,6.41,9.65,83.75,999.405,2,11,2,238.3333333,1,20.372
29/10/2025 00:00,0,0.04,0,8.655,0,7.475,6.065,9.445,83.7,999.015,2,10.88888889,2,242.7777778,1,20.16622222
29/10/2025 01:00,0,0.09,0,8.37,0,7.16,5.675,9.195,83.05,998.725,2,10.38888889,2,240.5555556,1,19.24022222
29/10/2025 02:00,0,0.03,0,8.085,0,6.865,5.365,8.99,82.95,998.31,2,10.11111111,2,238.8888889,1,18.72577778
29/10/2025 03:00,0,0.095,0,7.86,0,6.705,5.275,8.92,83.75,997.825,2,10.38888889,2,234.4444444,1,19.24022222
29/10/2025 04:00,0,0.23,0,7.775,0,6.665,5.32,8.93,84.45,997.47,2,10.83333333,2,237.2222222,1,20.06333333
29/10/2025 05:00,0,0.205,0,7.415,0,6.27,4.855,8.645,83.95,997.33,2,11.22222222,2,243.8888889,1,20.78355556
29/10/2025 06:00,0,0.03,0,7.29,0,6.12,4.64,8.515,83.3,997.12,2,10.16666667,2,243.8888889,1,18.82866667
29/10/2025 07:00,0,0.06,0,7,0,5.96,4.65,8.53,84.95,996.94,2,10.22222222,2,235.5555556,1,18.93155556
29/10/2025 08:00,0,0.05,0,7.155,0,6.065,4.655,8.54,84.15,997.06,2,10.72222222,2,226.1111111,1,19.85755556
29/10/2025 09:00,0,0.135,0,8.01,0,6.74,5.21,8.88,82.45,996.905,2,10.72222222,2,223.3333333,1,19.85755556
29/10/2025 10:00,0,0.25,0,9.35,0,7.705,5.765,9.205,77.85,996.575,2,11.61111111,2,234.4444444,1,21.50377778
29/10/2025 11:00,0,0.095,0,9.985,0,8.12,5.955,9.335,75.85,996.375,2,12.5,2,238.8888889,1,23.15
29/10/2025 12:00,0,0.205,0,10.405,0,8.38,6.035,9.375,74.4,996.38,2,13.38888889,2,247.7777778,1,24.79622222
29/10/2025 13:00,0,0.1,0,10.705,0,8.54,6.045,9.39,72.9,996.31,2,12.83333333,2,260,1,23.76733333
29/10/2025 14:00,0,0.115,0,10.81,0,8.645,6.15,9.47,72.8,996.435,2,12.11111111,2,268.3333333,1,22.42977778
29/10/2025 15:00,0,0.075,0,10.865,0,8.575,5.955,9.33,71.45,996.67,2,11.66666667,2,275,1,21.60666667
29/10/2025 16:00,0,0.15,0,10.06,0,8.275,6.235,9.515,77.05,997.235,2,10.55555556,2,278.8888889,1,19.54888889
29/10/2025 17:00,0,0.015,0,9.07,0,7.57,5.785,9.225,79.55,997.91,2,8.833333333,2,281.6666667,1,16.35933333
29/10/2025 18:00,0,0.04,0,8.54,0,7.31,5.835,9.27,82.85,998.805,2,7.944444444,2,278.8888889,1,14.71311111
29/10/2025 19:00,0,0.005,0,7.795,0,6.725,5.4,8.99,84.65,999.465,2,6.833333333,2,286.6666667,1,12.65533333
29/10/2025 20:00,0,0,0,7.095,0,6.185,5.075,8.8,86.75,999.695,2,5.833333333,2,268.8888889,1,10.80333333
29/10/2025 21:00,0,0.01,0,6.59,0,5.815,4.85,8.66,88.45,1000.295,2,5.166666667,2,238.8888889,1,9.568666667
29/10/2025 22:00,0,0.01,0,6.12,0,5.405,4.515,8.46,89.35,1000.955,2,4.833333333,2,230,1,8.951333333
29/10/2025 23:00,0,0,0,5.615,0,4.985,4.195,8.275,90.45,1001.22,2,4.666666667,2,208.3333333,1,8.642666667
30/10/2025 00:00,0,0.005,0,5.44,0,4.87,4.185,8.28,91.65,1001.26,2,4.055555556,2,185,1,7.510888889
30/10/2025 01:00,0,0.005,0,5.325,0,4.75,4.08,8.225,91.7,1001.335,2,4.055555556,2,172.2222222,1,7.510888889
30/10/2025 02:00,0,0,0,5.505,0,4.93,4.205,8.28,91.55,1001.13,2,4.555555556,2,178.3333333,1,8.436888889
30/10/2025 03:00,0,0,0,5.47,0,4.91,4.2,8.295,91.75,1000.54,2,5.055555556,2,147.2222222,1,9.362888889
30/10/2025 04:00,0,0.085,0,5.7,0,5.11,4.385,8.425,91.45,999.865,2,5.944444444,2,142.7777778,1,11.00911111
30/10/2025 05:00,0,0.215,0,6.05,0,5.51,4.845,8.68,92.1,999.34,2,7.5,2,125,1,13.89
30/10/2025 06:00,0,0.375,0,6.515,0,6.01,5.4,9.04,92.45,998.525,2,9.055555556,2,128.3333333,1,16.77088889
30/10/2025 07:00,0,0.385,0,7.17,0,6.64,5.99,9.435,91.95,997.345,2,10.77777778,2,124.4444444,1,19.96044444
30/10/2025 08:00,0,0.485,0,7.985,0,7.38,6.655,9.885,90.9,996.43,2,12.83333333,2,126.1111111,1,23.76733333
30/10/2025 09:00,0,0.89,0,8.8,0,8.13,7.38,10.405,90.35,995.07,2,14.38888889,2,128.8888889,1,26.64822222
30/10/2025 10:00,0,1.03,0,9.515,0,8.87,8.16,10.955,90.85,993.49,2,17.5,2,131.6666667,1,32.41
30/10/2025 11:00,0,0.77,0,10.255,0,9.56,8.82,11.46,90.55,992.015,2,19.33333333,2,137.2222222,1,35.80533333
30/10/2025 12:00,0,0.54,0,11.11,0,10.325,9.555,12.01,89.8,990.525,2,20.33333333,2,140.5555556,1,37.65733333
30/10/2025 13:00,0,0.475,0,11.91,0,11.125,10.365,12.65,89.95,988.935,2,20.83333333,2,141.6666667,1,38.58333333
30/10/2025 14:00,0,0.48,0,12.57,0,11.705,10.915,13.09,89.3,987.47,2,21.16666667,2,146.6666667,1,39.20066667
30/10/2025 15:00,0,0.575,0,12.95,0,12.065,11.26,13.375,89.05,985.98,2,20.88888889,2,146.1111111,1,38.68622222
30/10/2025 16:00,0,0.575,0,13.045,0,12.185,11.385,13.49,89.25,984.745,2,21.66666667,2,150,1,40.12666667
30/10/2025 17:00,0,0.915,0,13.03,0,12.24,11.555,13.64,90.25,983.96,2,22,2,153.3333333,1,40.744
30/10/2025 18:00,0,1.14,0,12.97,0,12.175,11.47,13.54,90.2,983.625,2,19.05555556,2,162.7777778,1,35.29088889
30/10/2025 19:00,0,1.715,0,13.005,0,12.095,11.27,13.38,88.85,983.77,2,18.77777778,2,168.3333333,1,34.77644444
30/10/2025 20:00,0,0.36,0,12.96,0,11.72,10.57,12.79,85.2,983.88,2,17.33333333,2,177.7777778,1,32.10133333
30/10/2025 21:00,0,0.085,0,12.82,0,11.415,10.09,12.375,83.3,984.22,2,17.05555556,2,181.1111111,1,31.58688889
30/10/2025 22:00,0,0.16,0,12.67,0,11.09,9.54,11.94,81.15,984.835,2,17.22222222,2,183.3333333,1,31.89555556
30/10/2025 23:00,0,0.145,0,12.355,0,10.78,9.245,11.69,80.95,985.295,2,18.16666667,2,185,1,33.64466667
31/10/2025 00:00,0,0.035,0,12.275,0,10.54,8.8,11.36,78.9,985.705,2,17.94444444,2,186.6666667,1,33.23311111
31/10/2025 01:00,0,0.045,0,12.015,0,10.31,8.56,11.17,78.9,986.125,2,17.55555556,2,185.5555556,1,32.51288889
31/10/2025 02:00,0,0.03,0,11.84,0,10.17,8.45,11.085,79.45,986.4,2,17.33333333,2,186.1111111,1,32.10133333
31/10/2025 03:00,0,0.145,0,11.755,0,10.13,8.46,11.115,79.9,986.445,2,16.44444444,2,183.3333333,1,30.45511111
31/10/2025 04:00,0,0.045,0,11.72,0,10.19,8.625,11.235,81.05,986.445,2,16.27777778,2,181.6666667,1,30.14644444
31/10/2025 05:00,0,0.11,0,11.755,0,10.255,8.72,11.33,81.4,986.41,2,16.22222222,2,178.8888889,1,30.04355556
31/10/2025 06:00,0,0.435,0,11.535,0,10.13,8.67,11.27,82.45,986.295,2,15.11111111,2,175,1,27.98577778
31/10/2025 07:00,0,0.465,0,11.545,0,10.295,9.025,11.53,84.1,986.09,2,14.27777778,2,170,1,26.44244444
31/10/2025 08:00,0,1.12,0,11.47,0,10.44,9.395,11.815,86.9,985.87,2,13.5,2,166.1111111,1,25.002
31/10/2025 09:00,0,0.6,0,11.585,0,10.5,9.445,11.855,86.5,985.535,2,13.44444444,2,167.2222222,1,24.89911111
31/10/2025 10:00,0,1.065,0,11.355,0,10.435,9.535,11.92,88.35,985.285,2,13.88888889,2,173.3333333,1,25.72222222
31/10/2025 11:00,0,0.85,0,11.77,0,10.67,9.555,11.94,86.1,985.24,2,12.88888889,2,181.1111111,1,23.87022222
31/10/2025 12:00,0,0.1,0,12.75,0,11.155,9.565,11.945,80.6,985.225,2,13.05555556,2,187.7777778,1,24.17888889
31/10/2025 13:00,0,0.01,0,13.33,0,11.255,9.23,11.69,75.85,985.22,2,13.77777778,2,198.3333333,1,25.51644444
31/10/2025 14:00,0,0.01,0,13.47,0,11.03,8.61,11.21,72.3,985.375,2,13.94444444,2,202.7777778,1,25.82511111
31/10/2025 15:00,0,0.015,0,13.05,0,10.655,8.24,10.905,72.25,985.445,2,13.77777778,2,202.7777778,1,25.51644444
31/10/2025 16:00,0,0.005,0,12.485,0,10.31,8.05,10.79,74.1,985.755,2,13,2,195,1,24.076
31/10/2025 17:00,0,0.07,0,11.585,0,9.83,7.95,10.725,78,985.67,2,11.77777778,2,182.7777778,1,21.81244444
31/10/2025 18:00,0,0.375,0,11.17,0,9.545,7.8,10.63,79.65,985.585,2,11.38888889,2,173.8888889,1,21.09222222
31/10/2025 19:00,0,0.2,0,10.93,0,9.54,8.055,10.815,82.2,985.45,2,11.05555556,2,161.1111111,1,20.47488889
31/10/2025 20:00,0,0.505,0,10.58,0,9.45,8.285,10.96,85.5,984.905,2,11.27777778,2,164.4444444,1,20.88644444
31/10/2025 21:00,0,1.35,0,10.235,0,9.345,8.41,11.06,88.25,984.18,2,9.5,2,170,1,17.594
31/10/2025 22:00,0,1.035,0,9.925,0,9.035,8.1,10.81,88.3,983.86,2,9.5,2,185,1,17.594
31/10/2025 23:00,0,0.655,0,9.535,0,8.775,7.93,10.68,89.55,983.67,2,8.888888889,2,189.4444444,1,16.46222222
01/11/2025 00:00,0,0.555,0,9.315,0,8.615,7.84,10.625,90.35,983.98,2,8.555555556,2,203.8888889,1,15.84488889
01/11/2025 01:00,0,0.62,0,9.01,0,8.365,7.63,10.47,90.7,984.55,2,8.944444444,2,215,1,16.56511111
01/11/2025 02:00,0,0.345,0,8.78,0,8.16,7.465,10.35,91.05,985.555,2,9.277777778,2,238.3333333,1,17.18244444
01/11/2025 03:00,0,0.28,0,8.93,0,8.21,7.415,10.325,90.05,986.61,2,10.77777778,2,246.6666667,1,19.96044444
01/11/2025 04:00,0,0.23,0,9.01,0,8.155,7.145,10.135,87.85,987.735,2,10.94444444,2,250.5555556,1,20.26911111
01/11/2025 05:00,0,0.32,0,8.795,0,7.725,6.44,9.665,85.25,989.115,2,11.77777778,2,262.2222222,1,21.81244444
01/11/2025 06:00,0,0.05,0,8.56,0,7.305,5.785,9.245,82.9,990.41,2,11.22222222,2,259.4444444,1,20.78355556
01/11/2025 07:00,0,0.07,0,7.95,0,6.78,5.33,8.965,83.6,991.68,2,10.77777778,2,242.7777778,1,19.96044444
01/11/2025 08:00,0,0.015,0,7.59,0,6.38,4.815,8.62,82.7,993.215,2,10.22222222,2,241.6666667,1,18.93155556
01/11/2025 09:00,0,0.06,0,8.18,0,6.715,4.865,8.66,79.7,994.38,2,10.5,2,227.2222222,1,19.446
01/11/2025 10:00,0,0.05,0,9.115,0,7.24,4.915,8.68,74.75,995.165,2,11,2,236.6666667,1,20.372
01/11/2025 11:00,0,0.03,0,9.945,0,7.68,4.9,8.69,70.45,996,2,11.88888889,2,236.1111111,1,22.01822222
01/11/2025 12:00,0,0.085,0,10.345,0,7.805,4.67,8.54,67.6,996.495,2,12.38888889,2,233.3333333,1,22.94422222
01/11/2025 13:00,0,0.08,0,10.315,0,7.745,4.61,8.505,67.5,996.64,2,13.16666667,2,228.8888889,1,24.38466667
01/11/2025 14:00,0,0.18,0,10.185,0,7.57,4.325,8.33,66.65,996.745,2,13.05555556,2,230.5555556,1,24.17888889
01/11/2025 15:00,0,0.16,0,9.77,0,7.385,4.375,8.365,68.95,996.83,2,13.16666667,2,222.2222222,1,24.38466667
01/11/2025 16:00,0,0.37,0,8.67,0,6.815,4.435,8.4,74.5,996.95,2,12.94444444,2,214.4444444,1,23.97311111
01/11/2025 17:00,0,0.345,0,7.785,0,6.345,4.495,8.44,79.65,997.03,2,10.5,2,206.1111111,1,19.446
01/11/2025 18:00,0,0.43,0,7.535,0,6.21,4.53,8.45,81.1,997.09,2,10.33333333,2,201.1111111,1,19.13733333
01/11/2025 19:00,0,0.505,0,7.19,0,6.045,4.56,8.49,83.2,997.11,2,9.833333333,2,199.4444444,1,18.21133333
01/11/2025 20:00,0,0.26,0,7.13,0,6.065,4.71,8.57,84.35,997.05,2,10.11111111,2,198.8888889,1,18.72577778
01/11/2025 21:00,0,0.28,0,7.055,0,5.985,4.575,8.485,83.9,997.14,2,10,2,204.4444444,1,18.52
01/11/2025 22:00,0,0.11,0,6.96,0,5.89,4.495,8.43,84.25,997.395,2,9.055555556,2,216.6666667,1,16.77088889
01/11/2025 23:00,0,0.035,0,6.72,0,5.73,4.415,8.38,85.15,997.595,2,8.833333333,2,219.4444444,1,16.35933333
02/11/2025 00:00,0,0.225,0,6.46,0,5.505,4.22,8.27,85.5,997.97,2,9.388888889,2,212.7777778,1,17.38822222
02/11/2025 01:00,0,0.005,0,6.005,0,5.055,3.78,8.015,85.65,998.435,2,9.333333333,2,215.5555556,1,17.28533333
02/11/2025 02:00,0,0.105,0,5.855,0,4.965,3.84,8.05,86.9,998.87,2,9.111111111,2,218.8888889,1,16.87377778
02/11/2025 03:00,0,0.02,0,5.88,0,4.875,3.585,7.92,85.4,999.14,2,9.388888889,2,220,1,17.38822222
02/11/2025 04:00,0,0.065,0,5.755,0,4.8,3.555,7.91,86.05,999.495,2,9.277777778,2,218.8888889,1,17.18244444
02/11/2025 05:00,0,0.01,0,5.875,0,4.9,3.635,7.965,85.65,1000.09,2,9.5,2,215,1,17.594
02/11/2025 06:00,0,0.05,0,5.945,0,4.985,3.695,7.99,85.6,1000.635,2,9.944444444,2,223.3333333,1,18.41711111
02/11/2025 07:00,0,0.03,0,5.805,0,4.88,3.665,7.98,86.3,1001.335,2,9.666666667,2,220.5555556,1,17.90266667
02/11/2025 08:00,0,0.11,0,6.155,0,5.14,3.825,8.05,85.1,1002.2,2,9.5,2,220,1,17.594
02/11/2025 09:00,0,0.015,0,7.2,0,6.05,4.585,8.49,83.45,1002.885,2,9.666666667,2,221.1111111,1,17.90266667
02/11/2025 10:00,0,0.035,0,8.63,0,7.165,5.395,8.97,79.95,1003.35,2,9.944444444,2,217.2222222,1,18.41711111
02/11/2025 11:00,0,0.05,0,9.96,0,8.075,5.86,9.275,75.45,1003.86,2,10.88888889,2,221.1111111,1,20.16622222
02/11/2025 12:00,0,0.02,0,10.83,0,8.735,6.35,9.595,73.45,1004.22,2,11.61111111,2,230,1,21.50377778
02/11/2025 13:00,0,0.045,0,11.165,0,8.955,6.48,9.705,72.65,1004.37,2,12.27777778,2,233.3333333,1,22.73844444
02/11/2025 14:00,0,0.025,0,11.155,0,9.16,6.94,10.045,75.05,1004.435,2,12.72222222,2,229.4444444,1,23.56155556
02/11/2025 15:00,0,0.015,0,11.225,0,9.43,7.46,10.41,77.65,1004.35,2,12.05555556,2,223.8888889,1,22.32688889
02/11/2025 16:00,0,0.025,0,11.075,0,9.565,7.935,10.76,80.85,1004.275,2,11.22222222,2,217.7777778,1,20.78355556
02/11/2025 17:00,0,0.07,0,10.915,0,9.74,8.515,11.19,84.9,1003.93,2,11.22222222,2,205.5555556,1,20.78355556
02/11/2025 18:00,0,0.155,0,10.96,0,10.065,9.125,11.66,88.2,1003.595,2,11.27777778,2,199.4444444,1,20.88644444
02/11/2025 19:00,0,0.25,0,11.3,0,10.5,9.68,12.105,89.45,1003.075,2,12.77777778,2,194.4444444,1,23.66444444
02/11/2025 20:00,0,0.455,0,11.515,0,10.87,10.215,12.525,91.4,1002.38,2,14.27777778,2,195.5555556,1,26.44244444
02/11/2025 21:00,0,0.73,0,11.835,0,11.295,10.81,13.01,93.05,1001.74,2,14.72222222,2,195.5555556,1,27.26555556
02/11/2025 22:00,0,0.735,0,12.25,0,11.77,11.325,13.455,93.8,1001.15,2,15.33333333,2,200.5555556,1,28.39733333
02/11/2025 23:00,0,0.61,0,12.64,0,12.16,11.74,13.795,93.85,1000.455,2,16.11111111,2,202.7777778,1,29.83777778
03/11/2025 00:00,0,0.91,0,12.93,0,12.385,11.895,13.95,93.1,999.85,2,16.38888889,2,203.8888889,1,30.35222222
03/11/2025 01:00,0,0.83,0,12.955,0,12.41,11.93,13.98,93.2,999.255,2,16.55555556,2,206.1111111,1,30.66088889
03/11/2025 02:00,0,1.015,0,12.92,0,12.44,12.045,14.08,94.15,998.77,2,16.61111111,2,206.1111111,1,30.76377778
03/11/2025 03:00,0,0.63,0,13.04,0,12.565,12.155,14.175,94,998.36,2,16.72222222,2,205.5555556,1,30.96955556
03/11/2025 04:00,0,0.385,0,13.175,0,12.71,12.315,14.315,94.05,998.095,2,16.77777778,2,208.8888889,1,31.07244444
03/11/2025 05:00,0,0.275,0,13.245,0,12.785,12.41,14.43,94.25,998.14,2,15.72222222,2,209.4444444,1,29.11755556
03/11/2025 06:00,0,0.175,0,13.42,0,12.95,12.53,14.525,94,998.195,2,15.77777778,2,212.2222222,1,29.22044444
03/11/2025 07:00,0,0.15,0,13.565,0,13.045,12.61,14.61,93.7,998.03,2,16.66666667,2,210.5555556,1,30.86666667
03/11/2025 08:00,0,0.155,0,13.575,0,13.075,12.67,14.665,93.85,998.235,2,16.16666667,2,206.6666667,1,29.94066667
03/11/2025 09:00,0,0.24,0,13.835,0,13.315,12.89,14.865,93.65,998.27,2,15.88888889,2,203.3333333,1,29.42622222
03/11/2025 10:00,0,0.33,0,14.03,0,13.48,12.99,14.975,93.2,997.96,2,16.61111111,2,200,1,30.76377778
03/11/2025 11:00,0,0.495,0,14.315,0,13.625,13.075,15.075,92,997.695,2,17.05555556,2,198.8888889,1,31.58688889
03/11/2025 12:00,0,0.415,0,14.47,0,13.715,13.075,15.065,91.1,997.26,2,17.72222222,2,198.3333333,1,32.82155556
03/11/2025 13:00,0,0.2,0,14.64,0,13.805,13.14,15.105,90.5,996.73,2,19,2,198.3333333,1,35.188
03/11/2025 14:00,0,0.365,0,14.54,0,13.73,13.075,15.06,90.8,996.365,2,19.55555556,2,204.4444444,1,36.21688889
03/11/2025 15:00,0,0.53,0,14.335,0,13.59,12.965,14.96,91.5,996.12,2,18.83333333,2,204.4444444,1,34.87933333
03/11/2025 16:00,0,0.395,0,14.15,0,13.435,12.845,14.83,91.45,996.1,2,18.27777778,2,202.2222222,1,33.85044444
03/11/2025 17:00,0,0.385,0,13.995,0,13.31,12.745,14.74,91.95,996.11,2,16.88888889,2,203.3333333,1,31.27822222
03/11/2025 18:00,0,0.65,0,13.905,0,13.225,12.66,14.65,91.8,996.28,2,16.94444444,2,205,1,31.38111111
03/11/2025 19:00,0,0.545,0,13.775,0,13.095,12.525,14.535,91.7,996.58,2,16.66666667,2,204.4444444,1,30.86666667
03/11/2025 20:00,0,0.415,0,13.76,0,13.025,12.39,14.405,90.95,997.025,2,16.33333333,2,208.8888889,1,30.24933333
03/11/2025 21:00,0,0.225,0,13.525,0,12.635,11.86,13.92,89.45,997.44,2,15.83333333,2,208.8888889,1,29.32333333
03/11/2025 22:00,0,0.22,0,13.285,0,12.4,11.605,13.685,89.2,998.055,2,14.77777778,2,211.1111111,1,27.36844444
03/11/2025 23:00,0,0.215,0,12.865,0,12.06,11.305,13.45,90,998.48,2,13.88888889,2,211.6666667,1,25.72222222
04/11/2025 00:00,0,0.17,0,12.545,0,11.74,10.965,13.14,89.95,998.9,2,12.38888889,2,206.6666667,1,22.94422222
04/11/2025 01:00,0,0.05,0,12.35,0,11.59,10.87,13.055,90.25,999.085,2,11.72222222,2,195.5555556,1,21.70955556
04/11/2025 02:00,0,0.215,0,12.215,0,11.5,10.81,13.005,90.65,999.08,2,11.05555556,2,193.8888889,1,20.47488889
04/11/2025 03:00,0,0.225,0,12.245,0,11.52,10.845,13.05,90.8,998.925,2,10.61111111,2,187.2222222,1,19.65177778
04/11/2025 04:00,0,0.31,0,12.335,0,11.625,10.96,13.14,91,998.41,2,10.33333333,2,183.3333333,1,19.13733333
04/11/2025 05:00,0,0.725,0,12.295,0,11.685,11.095,13.26,92,998.17,2,9.944444444,2,181.6666667,1,18.41711111
04/11/2025 06:00,0,0.67,0,12.14,0,11.585,11.05,13.24,92.7,998.13,2,9.055555556,2,185.5555556,1,16.77088889
04/11/2025 07:00,0,0.395,0,12.025,0,11.465,10.93,13.125,92.7,998.185,2,8.944444444,2,177.2222222,1,16.56511111
04/11/2025 08:00,0,0.225,0,12.08,0,11.57,11.07,13.25,93.25,998.555,2,8,2,173.8888889,1,14.816
04/11/2025 09:00,0,0.055,0,12.325,0,11.83,11.315,13.475,93.2,998.935,2,8.111111111,2,171.6666667,1,15.02177778
04/11/2025 10:00,0,0.035,0,12.945,0,12.29,11.695,13.8,91.9,999.13,2,8.722222222,2,178.8888889,1,16.15355556
04/11/2025 11:00,0,0.04,0,13.535,0,12.745,12.045,14.115,90.4,999.155,2,8.666666667,2,180,1,16.05066667
04/11/2025 12:00,0,0.045,0,13.955,0,13.03,12.24,14.285,89.15,999.065,2,8.833333333,2,185.5555556,1,16.35933333
04/11/2025 13:00,0,0.04,0,14.295,0,13.21,12.28,14.33,87.6,998.83,2,8.777777778,2,186.1111111,1,16.25644444
04/11/2025 14:00,0,0.045,0,14.375,0,13.245,12.27,14.33,87.15,998.45,2,7.888888889,2,186.1111111,1,14.61022222
04/11/2025 15:00,0,0.07,0,14.16,0,13.12,12.245,14.29,88.15,998.18,2,6.944444444,2,183.3333333,1,12.86111111
04/11/2025 16:00,0,0.07,0,13.82,0,12.965,12.21,14.265,89.8,998.26,2,5.888888889,2,183.3333333,1,10.90622222
04/11/2025 17:00,0,0.16,0,13.11,0,12.525,12,14.075,92.55,998.335,2,4.888888889,2,164.4444444,1,9.054222222
04/11/2025 18:00,0,0.275,0,12.485,0,12.05,11.65,13.785,94.3,998.5,2,4.5,2,132.7777778,1,8.334
04/11/2025 19:00,0,0.45,0,12.265,0,11.895,11.56,13.7,95.15,998.675,2,4.555555556,2,128.8888889,1,8.436888889
04/11/2025 20:00,0,0.275,0,12.23,0,11.89,11.565,13.72,95.3,998.695,2,4.611111111,2,140,1,8.539777778
04/11/2025 21:00,0,0.135,0,12.32,0,11.96,11.625,13.75,95.15,998.695,2,5.222222222,2,133.8888889,1,9.671555556
04/11/2025 22:00,0,0.065,0,12.26,0,11.92,11.61,13.735,95.5,998.54,2,5.277777778,2,111.1111111,1,9.774444444
04/11/2025 23:00,0,0.125,0,12.22,0,11.945,11.685,13.79,96.15,998.33,2,5.222222222,2,113.8888889,1,9.671555556
05/11/2025 00:00,0,0.21,0,12.32,0,12.065,11.825,13.935,96.35,998.025,2,5.666666667,2,111.6666667,1,10.49466667
05/11/2025 01:00,0,0.095,0,12.575,0,12.3,12.06,14.115,96.25,997.645,2,6.166666667,2,117.2222222,1,11.42066667
05/11/2025 02:00,0,0.595,0,12.745,0,12.475,12.265,14.3,96.55,997.115,2,6.333333333,2,108.8888889,1,11.72933333
05/11/2025 03:00,0,1.145,0,13,0,12.755,12.54,14.555,96.65,996.61,2,6.555555556,2,120.5555556,1,12.14088889
05/11/2025 04:00,0,0.46,0,13.08,0,12.86,12.67,14.665,96.8,996.035,2,6.611111111,2,124.4444444,1,12.24377778
05/11/2025 05:00,0,0.45,0,13.15,0,12.925,12.725,14.73,96.9,995.94,2,6.722222222,2,146.1111111,1,12.44955556
05/11/2025 06:00,0,0.385,0,13.135,0,12.925,12.75,14.73,97,996.015,2,6.5,2,130,1,12.038
05/11/2025 07:00,0,0.225,0,13.055,0,12.83,12.645,14.635,96.95,996.1,2,5.611111111,2,139.4444444,1,10.39177778
05/11/2025 08:00,0,0.23,0,13.025,0,12.82,12.645,14.63,97,996.57,2,4.777777778,2,142.2222222,1,8.848444444
05/11/2025 09:00,0,0.22,0,13.215,0,13.005,12.82,14.805,97.1,996.815,2,4.666666667,2,152.7777778,1,8.642666667
05/11/2025 10:00,0,0.14,0,13.485,0,13.24,13.03,15.015,96.75,997.05,2,4.444444444,2,163.8888889,1,8.231111111
05/11/2025 11:00,0,0.035,0,13.905,0,13.565,13.285,15.265,95.65,997.265,2,4.388888889,2,163.3333333,1,8.128222222
05/11/2025 12:00,0,0.01,0,14.24,0,13.795,13.425,15.41,94.45,997.165,2,4.388888889,2,158.8888889,1,8.128222222
05/11/2025 13:00,0,0,0,14.455,0,13.905,13.465,15.45,93.55,997.21,2,4.111111111,2,183.3333333,1,7.613777778
05/11/2025 14:00,0,0.01,0,14.54,0,13.925,13.435,15.425,92.7,997.15,2,3.833333333,2,178.8888889,1,7.099333333
05/11/2025 15:00,0,0,0,14.485,0,13.82,13.275,15.25,92.15,997.235,2,3.722222222,2,177.7777778,1,6.893555556
05/11/2025 16:00,0,0.025,0,14.14,0,13.585,13.135,15.14,93.35,997.465,2,3.555555556,2,171.6666667,1,6.584888889
05/11/2025 17:00,0,0.075,0,13.655,0,13.225,12.845,14.845,94.55,997.83,2,3.388888889,2,175,1,6.276222222
05/11/2025 18:00,0,0.02,0,13.37,0,13.025,12.735,14.735,95.4,998.17,2,3.5,2,150,1,6.482
05/11/2025 19:00,0,0.015,0,13.2,0,12.87,12.57,14.605,95.55,998.22,2,3.388888889,2,118.3333333,1,6.276222222
05/11/2025 20:00,0,0.085,0,13.025,0,12.75,12.505,14.52,96.25,998.145,2,3.833333333,2,102.2222222,1,7.099333333
05/11/2025 21:00,0,0.345,0,13.035,0,12.795,12.575,14.61,96.75,998.24,2,4.333333333,2,122.7777778,1,8.025333333
05/11/2025 22:00,0,0.46,0,13.1,0,12.83,12.605,14.625,96.55,998.41,2,4.055555556,2,138.8888889,1,7.510888889
05/11/2025 23:00,0,0.505,0,13.195,0,12.965,12.775,14.775,96.95,998.365,2,4.333333333,2,122.2222222,1,8.025333333
06/11/2025 00:00,0,0.54,0,13.32,0,13.085,12.895,14.89,97.05,998.39,2,4.833333333,2,117.7777778,1,8.951333333
06/11/2025 01:00,0,0.44,0,13.3,0,13.055,12.86,14.86,96.85,998.215,2,5.166666667,2,117.7777778,1,9.568666667
06/11/2025 02:00,0,0.44,0,13.34,0,13.125,12.935,14.92,97.2,997.99,2,5.111111111,2,110.5555556,1,9.465777778
06/11/2025 03:00,0,0.33,0,13.34,0,13.115,12.91,14.9,97,997.905,2,4.888888889,2,131.6666667,1,9.054222222
06/11/2025 04:00,0,0.21,0,13.43,0,13.165,12.965,14.945,96.8,997.885,2,5.166666667,2,134.4444444,1,9.568666667
06/11/2025 05:00,0,0.335,0,13.47,0,13.22,13,14.98,96.65,998.125,2,5.444444444,2,142.7777778,1,10.08311111
06/11/2025 06:00,0,0.18,0,13.41,0,13.15,12.94,14.925,96.8,998.425,2,5.277777778,2,143.8888889,1,9.774444444
06/11/2025 07:00,0,0.07,0,13.39,0,13.145,12.935,14.9,96.7,998.74,2,5.055555556,2,144.4444444,1,9.362888889
06/11/2025 08:00,0,0.105,0,13.39,0,13.135,12.9,14.89,96.45,999.405,2,4.944444444,2,158.8888889,1,9.157111111
06/11/2025 09:00,0,0.17,0,13.5,0,13.17,12.905,14.89,95.85,999.805,2,5.5,2,168.8888889,1,10.186
06/11/2025 10:00,0,0.065,0,13.81,0,13.355,12.975,14.96,94.4,1000.055,2,6.388888889,2,178.3333333,1,11.83222222
06/11/2025 11:00,0,0.025,0,14.405,0,13.7,13.14,15.13,92,1000.28,2,6.5,2,183.3333333,1,12.038
06/11/2025 12:00,0,0.015,0,14.605,0,13.68,12.925,14.91,89.7,1000.375,2,6.611111111,2,169.4444444,1,12.24377778
06/11/2025 13:00,0,0.05,0,14.675,0,13.58,12.655,14.655,87.75,1000.285,2,7.277777778,2,171.6666667,1,13.47844444
06/11/2025 14:00,0,0.085,0,14.575,0,13.38,12.39,14.41,86.85,1000.189474,2,7.5,2,184.4444444,1,13.89
06/11/2025 15:00,0,0.055,0,14.25,0,13.195,12.295,14.315,87.95,1000.121053,2,7.222222222,2,185.5555556,1,13.37555556
06/11/2025 16:00,0,0.08,0,13.765,0,12.82,11.995,14.045,88.9,1000.210526,2,6.611111111,2,185,1,12.24377778
06/11/2025 17:00,0,0.165,0,13.195,0,12.5,11.9,13.935,91.45,1000.321053,2,5.888888889,2,181.1111111,1,10.90622222
06/11/2025 18:00,0,0.115,0,12.84,0,12.195,11.635,13.7,92.2,1000.463158,2,5.222222222,2,176.1111111,1,9.671555556
06/11/2025 19:00,0,0.06,0,12.56,0,11.99,11.48,13.56,92.8,1000.526316,2,5.722222222,2,158.3333333,1,10.59755556
06/11/2025 20:00,0,0.035,0,12.47,0,11.89,11.36,13.44,92.65,1000.342105,2,5.722222222,2,152.7777778,1,10.59755556
06/11/2025 21:00,0,0.03,0,12.325,0,11.74,11.215,13.315,92.45,1000.163158,2,6.5,2,157.2222222,1,12.038
06/11/2025 22:00,0,0,0,12.205,0,11.65,11.12,13.245,92.75,999.9894737,2,7.333333333,2,154.4444444,1,13.58133333
06/11/2025 23:00,0,0.065,0,12.1,0,11.545,11.02,13.15,92.8,999.5526316,2,7.111111111,2,153.8888889,1,13.16977778
07/11/2025 00:00,0,0.04,0,12.04,0,11.46,10.91,13.055,92.45,999.2,2,7.722222222,2,153.3333333,1,14.30155556
07/11/2025 01:00,0,0.055,0,12.15,0,11.475,10.835,13,91.6,998.6526316,2,7.888888889,2,152.7777778,1,14.61022222
07/11/2025 02:00,0,0.135,0,12.04,0,11.375,10.745,12.925,91.55,998.1473684,2,8.722222222,2,154.4444444,1,16.15355556
07/11/2025 03:00,0,0.1,0,11.985,0,11.315,10.68,12.87,91.5,997.5947368,2,8.833333333,2,149.4444444,1,16.35933333
07/11/2025 04:00,0,0.19,0,11.795,0,11.12,10.475,12.69,91.4,997.1578947,2,8.833333333,2,147.7777778,1,16.35933333
07/11/2025 05:00,0,0.3,0,11.695,0,11.07,10.47,12.685,91.85,996.8315789,2,9.166666667,2,145.5555556,1,16.97666667
07/11/2025 06:00,0,0.41,0,11.71,0,11.105,10.55,12.755,92.2,996.5210526,2,8.944444444,2,135.5555556,1,16.56511111
07/11/2025 07:00,0,0.445,0,11.78,0,11.125,10.5,12.71,91.6,996.2789474,2,9.333333333,2,134.4444444,1,17.28533333
07/11/2025 08:00,0,0.465,0,11.745,0,11.06,10.4,12.64,91.3,996.2631579,2,9.5,2,132.7777778,1,17.594
07/11/2025 09:00,0,0.47,0,11.96,0,11.31,10.695,12.885,91.5,996.2578947,2,9.388888889,2,137.7777778,1,17.38822222
07/11/2025 10:00,0,0.44,0,12.05,0,11.41,10.83,13.005,91.95,996.3736842,2,9.611111111,2,143.3333333,1,17.79977778
07/11/2025 11:00,0,0.67,0,12.13,0,11.4,10.72,12.91,90.8,996.5789474,2,9.444444444,2,148.3333333,1,17.49111111
07/11/2025 12:00,0,0.35,0,12.19,0,11.465,10.8,12.96,90.85,996.6210526,2,9.5,2,158.3333333,1,17.594
07/11/2025 13:00,0,0.45,0,12.29,0,11.54,10.835,12.995,90.5,996.765,2,8.722222222,2,161.1111111,1,16.15355556
07/11/2025 14:00,0,0.275,0,12.165,0,11.4,10.695,12.895,90.5,997.06,2,8.888888889,2,162.7777778,1,16.46222222
07/11/2025 15:00,0,0.255,0,12.13,0,11.37,10.66,12.85,90.55,997.6,2,8.722222222,2,186.1111111,1,16.15355556
07/11/2025 16:00,0,0.18,0,11.805,0,11.12,10.465,12.68,91.25,998.245,2,8.333333333,2,196.6666667,1,15.43333333
07/11/2025 17:00,0,0.065,0,11.535,0,10.87,10.23,12.485,91.45,999.085,2,7.277777778,2,211.6666667,1,13.47844444
07/11/2025 18:00,0,0.125,0,11.315,0,10.72,10.125,12.385,92,1000.185,2,6.777777778,2,218.8888889,1,12.55244444
07/11/2025 19:00,0,0.095,0,11.14,0,10.51,9.895,12.195,91.75,1001.315,2,6.555555556,2,230.5555556,1,12.14088889
07/11/2025 20:00,0,0.165,0,10.85,0,10.225,9.6,11.96,91.75,1002.095,2,6.5,2,246.6666667,1,12.038
07/11/2025 21:00,0,0.105,0,10.44,0,9.85,9.25,11.695,91.9,1002.95,2,6.222222222,2,254.4444444,1,11.52355556
07/11/2025 22:00,0,0.04,0,10.15,0,9.565,8.95,11.47,91.85,1003.675,2,6,2,246.1111111,1,11.112
07/11/2025 23:00,0,0.02,0,9.765,0,9.215,8.64,11.235,92.35,1004.2,2,5.777777778,2,241.1111111,1,10.70044444
08/11/2025 00:00,0,0.04,0,9.255,0,8.77,8.255,10.955,93.2,1004.885,2,5.5,2,222.7777778,1,10.186
08/11/2025 01:00,0,0.025,0,8.74,0,8.29,7.81,10.63,93.4,1005.58,2,5.277777778,2,217.7777778,1,9.774444444
08/11/2025 02:00,0,0.01,0,8.48,0,8.05,7.59,10.48,93.75,1006.195,2,5.444444444,2,214.4444444,1,10.08311111
08/11/2025 03:00,0,0.02,0,8.265,0,7.82,7.36,10.335,93.75,1006.75,2,5.333333333,2,211.1111111,1,9.877333333
08/11/2025 04:00,0,0.045,0,8.125,0,7.695,7.22,10.25,93.85,1007.15,2,5.611111111,2,213.3333333,1,10.39177778
08/11/2025 05:00,0,0.035,0,7.875,0,7.505,7.07,10.135,94.3,1007.6,2,5.388888889,2,205.5555556,1,9.980222222
08/11/2025 06:00,0,0.04,0,7.505,0,7.125,6.7,9.885,94.45,1008.06,2,5.333333333,2,187.7777778,1,9.877333333
08/11/2025 07:00,0,0.04,0,7.445,0,7.11,6.73,9.915,94.9,1008.53,2,5.5,2,184.4444444,1,10.186
08/11/2025 08:00,0,0.03,0,7.875,0,7.5,7.085,10.125,94.5,1009.28,2,5.555555556,2,180.5555556,1,10.28888889
08/11/2025 09:00,0,0.04,0,8.645,0,8.265,7.865,10.66,94.55,1009.71,2,6.388888889,2,182.7777778,1,11.83222222
08/11/2025 10:00,0,0,0,9.945,0,9.38,8.82,11.36,92.45,1009.935,2,6.611111111,2,176.6666667,1,12.24377778
08/11/2025 11:00,0,0.095,0,10.965,0,10.08,9.215,11.67,88.6,1010.17,2,8.055555556,2,182.7777778,1,14.91888889
08/11/2025 12:00,0,0.195,0,11.595,0,10.52,9.46,11.865,86.35,1009.965,2,9.166666667,2,180,1,16.97666667
08/11/2025 13:00,0,0.135,0,11.835,0,10.59,9.365,11.775,84.55,1009.795,2,9.833333333,2,185,1,18.21133333
08/11/2025 14:00,0,0.165,0,11.83,0,10.575,9.35,11.76,84.55,1009.59,2,10.33333333,2,184.4444444,1,19.13733333
08/11/2025 15:00,0,0.33,0,11.58,0,10.5,9.43,11.84,86.45,1009.24,2,10.33333333,2,179.4444444,1,19.13733333
08/11/2025 16:00,0,0.565,0,11.295,0,10.385,9.49,11.9,88.4,1009.125,2,10.44444444,2,171.6666667,1,19.34311111
08/11/2025 17:00,0,0.355,0,11.22,0,10.46,9.71,12.08,90.05,1009.075,2,10.44444444,2,170,1,19.34311111
08/11/2025 18:00,0,0.28,0,11.34,0,10.58,9.815,12.175,90.15,1008.975,2,10.38888889,2,171.1111111,1,19.24022222
08/11/2025 19:00,0,0.165,0,11.475,0,10.725,9.99,12.3,90.4,1008.875,2,10.77777778,2,174.4444444,1,19.96044444
08/11/2025 20:00,0,0.2,0,11.585,0,10.85,10.145,12.435,90.6,1008.535,2,11.77777778,2,168.8888889,1,21.81244444
08/11/2025 21:00,0,0.075,0,11.69,0,10.955,10.255,12.535,90.55,1008.095,2,12.22222222,2,167.2222222,1,22.63555556
08/11/2025 22:00,0,0.38,0,11.82,0,11.125,10.445,12.685,90.85,1007.515,2,12.94444444,2,162.2222222,1,23.97311111
08/11/2025 23:00,0,0.675,0,12.06,0,11.35,10.67,12.87,90.85,1006.875,2,13.61111111,2,160.5555556,1,25.20777778
09/11/2025 00:00,0,0.465,0,12.225,0,11.535,10.885,13.055,91.2,1006.2,2,13.94444444,2,160,1,25.82511111
09/11/2025 01:00,0,0.89,0,12.32,0,11.645,11.03,13.17,91.5,1005.56,2,13.61111111,2,161.1111111,1,25.20777778
09/11/2025 02:00,0,0.895,0,12.42,0,11.74,11.13,13.26,91.5,1005.065,2,12.83333333,2,171.1111111,1,23.76733333
09/11/2025 03:00,0,0.435,0,12.305,0,11.71,11.16,13.285,92.25,1004.79,2,12.44444444,2,182.2222222,1,23.04711111
09/11/2025 04:00,0,0.47,0,11.955,0,11.32,10.735,12.93,91.95,1004.65,2,11.05555556,2,189.4444444,1,20.47488889
09/11/2025 05:00,0,0.435,0,11.54,0,10.88,10.23,12.5,91.35,1004.725,2,10.05555556,2,183.8888889,1,18.62288889
09/11/2025 06:00,0,0.175,0,11.14,0,10.49,9.82,12.17,91.3,1005.055,2,8.944444444,2,203.8888889,1,16.56511111
09/11/2025 07:00,0,0.13,0,10.625,0,9.97,9.3,11.775,91.45,1005.345,2,8.055555556,2,194.4444444,1,14.91888889
09/11/2025 08:00,0,0.03,0,10.13,0,9.51,8.835,11.395,91.55,1005.98,2,7.388888889,2,197.7777778,1,13.68422222
09/11/2025 09:00,0,0.015,0,10.245,0,9.59,8.9,11.435,91.15,1006.4,2,7.388888889,2,200.5555556,1,13.68422222
09/11/2025 10:00,0,0,0,11.26,0,10.26,9.24,11.705,87.15,1006.69,2,6.833333333,2,192.2222222,1,12.65533333
09/11/2025 11:00,0,0,0,12.2,0,10.695,9.2,11.65,81.5,1006.83,2,7.111111111,2,204.4444444,1,13.16977778
09/11/2025 12:00,0,0.005,0,12.805,0,10.755,8.715,11.295,75.95,1006.53,2,7.611111111,2,210.5555556,1,14.09577778
09/11/2025 13:00,0,0,0,12.93,0,10.685,8.425,11.07,73.8,1006.34,2,7.722222222,2,213.8888889,1,14.30155556
09/11/2025 14:00,0,0,0,12.87,0,10.53,8.145,10.865,72.75,1006.015,2,6.555555556,2,211.1111111,1,12.14088889
09/11/2025 15:00,0,0.005,0,12.51,0,10.335,8.075,10.815,74.15,1005.61,2,5.222222222,2,215.5555556,1,9.671555556
09/11/2025 16:00,0,0.015,0,11.725,0,10.025,8.235,10.95,79.1,1005.295,2,3.722222222,2,171.1111111,1,6.893555556
09/11/2025 17:00,0,0.215,0,10.08,0,9.04,7.91,10.715,86.15,1005.13,2,3.333333333,2,144.4444444,1,6.173333333
09/11/2025 18:00,0,0.29,0,9.175,0,8.405,7.5,10.43,89.15,1004.805,2,3.5,2,122.7777778,1,6.482
09/11/2025 19:00,0,0.42,0,8.75,0,8.145,7.45,10.4,91.45,1004.52,2,4.166666667,2,108.8888889,1,7.716666667
09/11/2025 20:00,0,0.405,0,8.545,0,7.99,7.36,10.335,91.9,1003.965,2,4.666666667,2,144.4444444,1,8.642666667
09/11/2025 21:00,0,0.255,0,8.535,0,8.02,7.44,10.39,92.5,1003.375,2,4.222222222,2,120.5555556,1,7.819555556
09/11/2025 22:00,0,0.475,0,8.59,0,8.065,7.465,10.42,92.3,1002.77,2,4.611111111,2,131.6666667,1,8.539777778
09/11/2025 23:00,0,0.91,0,8.475,0,7.975,7.415,10.355,92.8,1002.085,2,4.611111111,2,119.4444444,1,8.539777778
10/11/2025 00:00,0,1.125,0,8.435,0,7.98,7.44,10.37,93.15,1001.37,2,4.388888889,2,177.2222222,1,8.128222222
10/11/2025 01:00,0,1.1,0,8.515,0,8.065,7.55,10.45,93.3,1000.66,2,5,2,158.8888889,1,9.26
10/11/2025 02:00,0,0.765,0,8.21,0,7.75,7.22,10.205,93.1,1000.05,2,5.055555556,2,168.3333333,1,9.362888889
10/11/2025 03:00,0,0.405,0,8.095,0,7.6,7.025,10.05,92.9,999.585,2,5.611111111,2,162.7777778,1,10.39177778
10/11/2025 04:00,0,0.31,0,7.945,0,7.39,6.74,9.87,91.8,999.17,2,6.222222222,2,191.1111111,1,11.52355556
10/11/2025 05:00,0,0.305,0,7.67,0,7.18,6.585,9.75,92.5,999.06,2,5.611111111,2,185.5555556,1,10.39177778
10/11/2025 06:00,0,0.2,0,7.315,0,6.85,6.295,9.57,92.85,998.98,2,5.777777778,2,205.5555556,1,10.70044444
10/11/2025 07:00,0,0.16,0,7.035,0,6.605,6.105,9.435,93.45,998.845,2,5.888888889,2,196.6666667,1,10.90622222
10/11/2025 08:00,0,0.085,0,6.75,0,6.35,5.885,9.31,93.9,999.02,2,5.388888889,2,190,1,9.980222222
10/11/2025 09:00,0,0.185,0,7.015,0,6.56,6,9.365,93,999.07,2,5.388888889,2,181.6666667,1,9.980222222
10/11/2025 10:00,0,0.17,0,7.84,0,7.295,6.66,9.81,92.05,998.985,2,5.555555556,2,161.6666667,1,10.28888889
10/11/2025 11:00,0,0.09,0,9.045,0,8.18,7.235,10.215,88.05,998.795,2,5.222222222,2,201.1111111,1,9.671555556
10/11/2025 12:00,0,0.17,0,9.725,0,8.565,7.26,10.23,84.45,998.595,2,5.777777778,2,183.8888889,1,10.70044444
10/11/2025 13:00,0,0.15,0,10.215,0,8.825,7.285,10.235,81.75,998.325,2,6.222222222,2,190,1,11.52355556
10/11/2025 14:00,0,0.095,0,10.8,0,9.165,7.375,10.295,78.95,998.195,2,6.722222222,2,204.4444444,1,12.44955556
10/11/2025 15:00,0,0.06,0,10.475,0,8.95,7.26,10.21,80.3,998.15,2,6.833333333,2,203.3333333,1,12.65533333
10/11/2025 16:00,0,0.195,0,9.955,0,8.685,7.26,10.21,83.15,998.335,2,5.833333333,2,198.8888889,1,10.80333333
10/11/2025 17:00,0,0.115,0,8.81,0,7.92,6.91,9.965,87.5,998.77,2,4.611111111,2,192.2222222,1,8.539777778
10/11/2025 18:00,0,0.035,0,8.05,0,7.395,6.645,9.805,90.5,999.14,2,5.277777778,2,176.1111111,1,9.774444444
10/11/2025 19:00,0,0,0,7.48,0,6.865,6.145,9.485,91.05,999.145,2,4.944444444,2,161.6666667,1,9.157111111
10/11/2025 20:00,0,0.01,0,7.28,0,6.68,5.975,9.38,91.3,998.975,2,5.277777778,2,160.5555556,1,9.774444444
10/11/2025 21:00,0,0.005,0,7.015,0,6.445,5.785,9.27,91.65,998.975,2,5.722222222,2,153.8888889,1,10.59755556
10/11/2025 22:00,0,0.03,0,6.955,0,6.445,5.845,9.33,92.45,998.845,2,6.611111111,2,144.4444444,1,12.24377778
10/11/2025 23:00,0,0.24,0,6.905,0,6.425,5.875,9.36,93,998.445,2,7.111111111,2,143.3333333,1,13.16977778
11/11/2025 00:00,0,0.535,0,7.125,0,6.67,6.15,9.52,93.4,997.635,2,7.722222222,2,132.7777778,1,14.30155556
11/11/2025 01:00,0,0.84,0,7.735,0,7.27,6.74,9.945,93.1,996.535,2,8.944444444,2,135.5555556,1,16.56511111
11/11/2025 02:00,0,1.285,0,8.245,0,7.8,7.31,10.375,93.6,995.51,2,10.27777778,2,136.1111111,1,19.03444444
11/11/2025 03:00,0,1.77,0,8.86,0,8.455,8.01,10.875,94.1,994.19,2,11.22222222,2,122.2222222,1,20.78355556
11/11/2025 04:00,0,1.995,0,9.26,0,8.885,8.47,11.21,94.35,992.655,2,13.16666667,2,126.1111111,1,24.38466667
11/11/2025 05:00,0,2.215,0,9.71,0,9.32,8.88,11.53,94.2,991.595,2,13.61111111,2,122.7777778,1,25.20777778
11/11/2025 06:00,0,1.625,0,10.28,0,9.87,9.455,11.965,94.15,990.53,2,13.38888889,2,125,1,24.79622222
11/11/2025 07:00,0,1.375,0,10.84,0,10.405,10.005,12.395,94.2,989.775,2,12.55555556,2,126.1111111,1,23.25288889
11/11/2025 08:00,0,0.94,0,11.425,0,10.965,10.525,12.825,93.8,989.7,2,11.44444444,2,136.6666667,1,21.19511111
11/11/2025 09:00,0,0.78,0,11.87,0,11.405,10.955,13.15,93.9,989.29,2,10.83333333,2,139.4444444,1,20.06333333
11/11/2025 10:00,0,1.105,0,12.225,0,11.755,11.32,13.46,93.9,988.9,2,12.72222222,2,142.2222222,1,23.56155556
11/11/2025 11:00,0,1.355,0,12.54,0,12.07,11.67,13.765,94.05,988.29,2,12.94444444,2,141.6666667,1,23.97311111
11/11/2025 12:00,0,1.56,0,12.695,0,12.17,11.71,13.775,93.35,987.31,2,12.55555556,2,142.7777778,1,23.25288889
11/11/2025 13:00,0,1.125,0,12.855,0,12.23,11.675,13.75,92.3,986.44,2,11.77777778,2,147.2222222,1,21.81244444
11/11/2025 14:00,0,1.095,0,12.895,0,12.23,11.655,13.72,91.9,986.115,2,12.27777778,2,161.1111111,1,22.73844444
11/11/2025 15:00,0,0.965,0,12.935,0,12.05,11.26,13.365,89.3,986.44,2,12.16666667,2,189.4444444,1,22.53266667
11/11/2025 16:00,0,0.485,0,12.515,0,11.57,10.71,12.89,88.55,987.18,2,11.83333333,2,200,1,21.91533333
11/11/2025 17:00,0,0.155,0,11.955,0,11.11,10.28,12.525,89.15,987.945,2,11.22222222,2,201.1111111,1,20.78355556
11/11/2025 18:00,0,0.08,0,11.61,0,10.77,9.985,12.305,89.4,988.825,2,10.55555556,2,203.3333333,1,19.54888889
11/11/2025 19:00,0,0.05,0,11.3,0,10.495,9.7,12.07,89.55,989.885,2,10.55555556,2,204.4444444,1,19.54888889
11/11/2025 20:00,0,0.03,0,10.975,0,10.25,9.515,11.915,90.3,990.79,2,10.44444444,2,203.8888889,1,19.34311111
11/11/2025 21:00,0,0.07,0,10.685,0,10.05,9.385,11.82,91.3,991.705,2,9.833333333,2,207.2222222,1,18.21133333
11/11/2025 22:00,0,0.01,0,10.595,0,9.94,9.28,11.745,91.25,992.475,2,9.277777778,2,199.4444444,1,17.18244444
11/11/2025 23:00,0,0.025,0,10.32,0,9.715,9.07,11.59,91.8,993,2,8.722222222,2,198.8888889,1,16.15355556
12/11/2025 00:00,0,0.015,0,10.085,0,9.495,8.895,11.44,92,993.59,2,8.611111111,2,196.6666667,1,15.94777778
12/11/2025 01:00,0,0.02,0,9.81,0,9.295,8.76,11.35,92.8,994.13,2,7.944444444,2,195,1,14.71311111
12/11/2025 02:00,0,0.025,0,9.665,0,9.195,8.705,11.325,93.4,994.595,2,7.166666667,2,201.1111111,1,13.27266667
12/11/2025 03:00,0,0.06,0,9.53,0,9.125,8.69,11.295,94.1,995.245,2,6.833333333,2,191.6666667,1,12.65533333
12/11/2025 04:00,0,0.04,0,9.015,0,8.68,8.33,11.03,95.15,995.49,2,5.833333333,2,188.8888889,1,10.80333333
12/11/2025 05:00,0,0.015,0,8.79,0,8.47,8.125,10.875,95.35,995.895,2,4.611111111,2,168.8888889,1,8.539777778
12/11/2025 06:00,0,0.015,0,8.395,0,8.065,7.72,10.605,95.25,996.535,2,4.666666667,2,171.6666667,1,8.642666667
12/11/2025 07:00,0,0.02,0,8.175,0,7.86,7.53,10.475,95.35,996.825,2,4.666666667,2,184.4444444,1,8.642666667
12/11/2025 08:00,0,0.025,0,7.84,0,7.57,7.285,10.295,96.05,997.54,2,4.055555556,2,161.1111111,1,7.510888889
12/11/2025 09:00,0,0.085,0,8.205,0,7.95,7.67,10.575,96.15,998.15,2,4.5,2,127.7777778,1,8.334
12/11/2025 10:00,0,0.04,0,8.88,0,8.585,8.27,10.975,95.75,998.28,2,4.111111111,2,175.5555556,1,7.613777778
12/11/2025 11:00,0,0.01,0,9.64,0,9.325,8.98,11.495,95.4,998.435,2,4.722222222,2,125.5555556,1,8.745555556
12/11/2025 12:00,0,0.095,0,10.185,0,9.745,9.29,11.75,94.1,998.255,2,5.166666667,2,103.3333333,1,9.568666667
12/11/2025 13:00,0,0.325,0,10.345,0,9.885,9.43,11.845,93.85,997.725,2,6.5,2,132.7777778,1,12.038
12/11/2025 14:00,0,0.29,0,10.435,0,10.015,9.6,11.975,94.1,997.595,2,7.222222222,2,101.6666667,1,13.37555556
12/11/2025 15:00,0,0.455,0,10.49,0,10.08,9.66,12.04,94.2,997.02,2,7.5,2,107.7777778,1,13.89
12/11/2025 16:00,0,0.91,0,10.32,0,9.87,9.385,11.865,93.75,996.415,2,8.555555556,2,74.44444444,1,15.84488889
12/11/2025 17:00,0,1.025,0,10.33,0,9.845,9.335,11.81,93.25,996.27,2,8.777777778,2,83.33333333,1,16.25644444
12/11/2025 18:00,0,0.985,0,10.33,0,9.79,9.195,11.72,92.6,996.17,2,9.555555556,2,80.55555556,1,17.69688889
12/11/2025 19:00,0,1.6,0,10.415,0,9.835,9.23,11.745,92.05,995.865,2,10.94444444,2,78.88888889,1,20.26911111
12/11/2025 20:00,0,1.585,0,10.48,0,9.835,9.17,11.705,91.3,995.66,2,10.94444444,2,81.11111111,1,20.26911111
12/11/2025 21:00,0,1.08,0,10.31,0,9.735,9.145,11.66,92.2,995.62,2,10.83333333,2,92.77777778,1,20.06333333
12/11/2025 22:00,0,1.085,0,10.1,0,9.605,9.1,11.625,93.1,995.425,2,10.22222222,2,107.2222222,1,18.93155556
12/11/2025 23:00,0,0.845,0,9.915,0,9.415,8.89,11.44,92.95,995.6,2,9,2,126.6666667,1,16.668
13/11/2025 00:00,0,1.015,0,9.86,0,9.42,8.925,11.485,93.6,995.885,2,8.388888889,2,112.2222222,1,15.53622222
13/11/2025 01:00,0,1.2,0,9.75,0,9.36,8.97,11.51,94.45,996.005,2,7.5,2,161.6666667,1,13.89
13/11/2025 02:00,0,0.63,0,9.61,0,9.225,8.82,11.38,94.5,996.245,2,7.222222222,2,164.4444444,1,13.37555556
13/11/2025 03:00,0,0.445,0,9.515,0,9.13,8.745,11.335,94.6,996.62,2,7.222222222,2,175,1,13.37555556
13/11/2025 04:00,0,0.34,0,9.56,0,9.165,8.745,11.345,94.45,997.095,2,7.277777778,2,198.3333333,1,13.47844444
13/11/2025 05:00,0,0.185,0,9.54,0,9.1,8.65,11.265,93.85,997.665,2,7.611111111,2,174.4444444,1,14.09577778
13/11/2025 06:00,0,0.13,0,9.34,0,8.91,8.465,11.13,94,998.34,2,7.333333333,2,188.3333333,1,13.58133333
13/11/2025 07:00,0,0.18,0,9.215,0,8.825,8.395,11.1,94.3,999.22,2,6.444444444,2,171.6666667,1,11.93511111
13/11/2025 08:00,0,0.08,0,9.33,0,8.865,8.39,11.085,93.35,1000.26,2,7.777777778,2,135.5555556,1,14.40444444
13/11/2025 09:00,0,0.105,0,9.535,0,9.015,8.465,11.155,92.8,1001.215,2,8.111111111,2,120.5555556,1,15.02177778
13/11/2025 10:00,0,0.15,0,9.86,0,9.255,8.605,11.275,91.7,1002.045,2,8.111111111,2,112.7777778,1,15.02177778
13/11/2025 11:00,0,0.09,0,10.41,0,9.69,8.93,11.55,90.2,1002.745,2,7.833333333,2,105,1,14.50733333
13/11/2025 12:00,0,0.05,0,10.67,0,9.815,8.96,11.58,88.9,1003.07,2,8.388888889,2,92.22222222,1,15.53622222
13/11/2025 13:00,0,0.035,0,11.005,0,9.96,8.935,11.56,86.95,1003.075,2,9.111111111,2,112.7777778,1,16.87377778
13/11/2025 14:00,0,0.09,0,11.02,0,10.04,9.085,11.67,87.65,1003.27,2,8.944444444,2,117.7777778,1,16.56511111
13/11/2025 15:00,0,0.075,0,10.615,0,9.845,9.045,11.66,89.9,1003.495,2,9,2,97.77777778,1,16.668
13/11/2025 16:00,0,0.1,0,10.185,0,9.555,8.885,11.52,91.25,1004.16,2,8.833333333,2,109.4444444,1,16.35933333
13/11/2025 17:00,0,0.12,0,9.84,0,9.33,8.75,11.43,92.55,1004.675,2,8.166666667,2,89.44444444,1,15.12466667
13/11/2025 18:00,0,0.235,0,9.605,0,9.185,8.67,11.36,93.6,1004.845,2,7.888888889,2,82.22222222,1,14.61022222
13/11/2025 19:00,0,0.045,0,9.575,0,9.105,8.545,11.26,93.05,1005.03,2,8.666666667,2,81.11111111,1,16.05066667
13/11/2025 20:00,0,0.16,0,9.535,0,9.05,8.49,11.23,92.9,1005.015,2,9.333333333,2,75.55555556,1,17.28533333
13/11/2025 21:00,0,0.055,0,9.66,0,9.08,8.435,11.2,92,1005.345,2,10.27777778,2,75.55555556,1,19.03444444
13/11/2025 22:00,0,0.12,0,9.565,0,8.95,8.245,11.04,91.25,1005.71,2,9.944444444,2,76.66666667,1,18.41711111
13/11/2025 23:00,0,0.1,0,9.355,0,8.695,7.955,10.835,90.95,1005.53,2,10.94444444,2,60.55555556,1,20.26911111
14/11/2025 00:00,0,0.16,0,9.285,0,8.615,7.825,10.74,90.4,1005.25,2,11.44444444,2,71.66666667,1,21.19511111
14/11/2025 01:00,0,0.21,0,9.16,0,8.47,7.655,10.62,90.05,1004.855,2,12.22222222,2,53.88888889,1,22.63555556
14/11/2025 02:00,0,0.125,0,9.085,0,8.4,7.57,10.585,90,1004.625,2,12.72222222,2,55,1,23.56155556
14/11/2025 03:00,0,0.29,0,9.03,0,8.35,7.555,10.54,90.3,1004.455,2,12.72222222,2,53.33333333,1,23.56155556
14/11/2025 04:00,0,0.315,0,8.925,0,8.24,7.41,10.45,89.95,1004.175,2,13.27777778,2,53.88888889,1,24.59044444
14/11/2025 05:00,0,0.095,0,8.855,0,8.075,7.22,10.295,89.3,1004.11,2,13.83333333,2,50,1,25.61933333
14/11/2025 06:00,0,0.09,0,8.715,0,7.905,6.945,10.085,88.35,1004.105,2,14.11111111,2,51.66666667,1,26.13377778
14/11/2025 07:00,0,0.135,0,8.55,0,7.695,6.665,9.91,87.7,1003.99,2,15.5,2,53.88888889,1,28.706
14/11/2025 08:00,0,0.215,0,8.435,0,7.54,6.47,9.76,87.15,1004.055,2,16.05555556,2,54.44444444,1,29.73488889
14/11/2025 09:00,0,0.34,0,8.45,0,7.52,6.41,9.715,86.75,1004.12,2,17.11111111,2,53.88888889,1,31.68977778
14/11/2025 10:00,0,0.405,0,8.515,0,7.555,6.38,9.69,86,1004.065,2,17.44444444,2,52.22222222,1,32.30711111
14/11/2025 11:00,0,0.33,0,8.66,0,7.6,6.31,9.645,84.8,1004.025,2,18.22222222,2,53.88888889,1,33.74755556
14/11/2025 12:00,0,0.4,0,8.72,0,7.545,6.09,9.49,83.45,1003.545,2,18.88888889,2,55.55555556,1,34.98222222
14/11/2025 13:00,0,0.36,0,8.75,0,7.5,5.94,9.395,82.5,1002.965,2,19.72222222,2,55,1,36.52555556
14/11/2025 14:00,0,0.37,0,8.655,0,7.335,5.67,9.225,81.4,1002.6,2,19.94444444,2,55,1,36.93711111
14/11/2025 15:00,0,0.425,0,8.555,0,7.175,5.42,9.065,80.4,1002.355,2,20.11111111,2,56.66666667,1,37.24577778
14/11/2025 16:00,0,0.535,0,8.41,0,6.995,5.2,8.935,80.25,1002.42,2,19.72222222,2,57.22222222,1,36.52555556
14/11/2025 17:00,0,0.625,0,8.265,0,6.805,4.93,8.745,79.35,1002.715,2,19.72222222,2,56.11111111,1,36.52555556
14/11/2025 18:00,0,0.55,0,8.13,0,6.725,4.89,8.73,79.85,1003.22,2,19.27777778,2,58.88888889,1,35.70244444
14/11/2025 19:00,0,0.475,0,8.055,0,6.64,4.755,8.66,79.65,1003.565,2,19.27777778,2,58.88888889,1,35.70244444
14/11/2025 20:00,0,0.5,0,8.04,0,6.635,4.805,8.69,79.95,1003.735,2,18.55555556,2,57.22222222,1,34.36488889
14/11/2025 21:00,0,0.335,0,8.08,0,6.65,4.785,8.68,79.55,1003.905,2,18.61111111,2,57.77777778,1,34.46777778
14/11/2025 22:00,0,0.405,0,8.08,0,6.73,4.965,8.78,80.7,1004.275,2,18.83333333,2,57.22222222,1,34.87933333
14/11/2025 23:00,0,0.38,0,8.025,0,6.75,5.13,8.875,81.75,1004.55,2,18.72222222,2,59.44444444,1,34.67355556
15/11/2025 00:00,0,0.42,0,7.995,0,6.845,5.315,8.99,82.95,1004.94,2,18.5,2,60.55555556,1,34.262
15/11/2025 01:00,0,0.34,0,8.065,0,6.95,5.53,9.13,83.85,1005.11,2,18.22222222,2,60,1,33.74755556
15/11/2025 02:00,0,0.345,0,8.13,0,7.075,5.7,9.24,84.6,1005.23,2,17.55555556,2,61.66666667,1,32.51288889
15/11/2025 03:00,0,0.26,0,8.2,0,7.18,5.865,9.37,85.2,1005.4,2,17.22222222,2,63.88888889,1,31.89555556
15/11/2025 04:00,0,0.325,0,8.305,0,7.27,5.975,9.44,85.25,1005.515,2,16.77777778,2,66.11111111,1,31.07244444
15/11/2025 05:00,0,0.14,0,8.43,0,7.46,6.24,9.605,86,1006.055,2,15.5,2,67.22222222,1,28.706
15/11/2025 06:00,0,0.145,0,8.575,0,7.61,6.39,9.735,86.35,1006.45,2,14.77777778,2,70,1,27.36844444
15/11/2025 07:00,0,0.13,0,8.685,0,7.805,6.745,9.96,87.55,1007.03,2,14.33333333,2,69.44444444,1,26.54533333
15/11/2025 08:00,0,0.09,0,8.84,0,7.98,6.94,10.095,87.85,1007.725,2,12.94444444,2,71.11111111,1,23.97311111
15/11/2025 09:00,0,0.1,0,9.105,0,8.3,7.33,10.395,88.7,1008.345,2,12.72222222,2,70.55555556,1,23.56155556
15/11/2025 10:00,0,0.105,0,9.535,0,8.715,7.765,10.72,88.55,1008.93,2,12.22222222,2,71.11111111,1,22.63555556
15/11/2025 11:00,0,0.145,0,9.96,0,9.105,8.12,10.975,88.4,1009.385,2,12.16666667,2,77.22222222,1,22.53266667
15/11/2025 12:00,0,0.075,0,10.245,0,9.415,8.47,11.225,88.6,1009.475,2,12,2,91.66666667,1,22.224
15/11/2025 13:00,0,0.14,0,10.485,0,9.64,8.715,11.425,88.8,1009.595,2,11.55555556,2,94.44444444,1,21.40088889
15/11/2025 14:00,0,0.11,0,10.56,0,9.755,8.875,11.52,89.2,1009.675,2,10.33333333,2,91.66666667,1,19.13733333
15/11/2025 15:00,0,0.1,0,10.65,0,9.84,8.975,11.585,89.4,1009.91,2,9.555555556,2,90,1,17.69688889
15/11/2025 16:00,0,0.1,0,10.63,0,9.85,9.01,11.59,89.65,1010.195,2,9.666666667,2,73.33333333,1,17.90266667
15/11/2025 17:00,0,0.025,0,10.525,0,9.775,8.975,11.555,90.15,1010.66,2,9.5,2,75,1,17.594
15/11/2025 18:00,0,0.055,0,10.37,0,9.66,8.925,11.495,90.55,1011.175,2,8.833333333,2,70.55555556,1,16.35933333
15/11/2025 19:00,0,0.045,0,10.175,0,9.555,8.875,11.465,91.5,1011.625,2,8.611111111,2,70,1,15.94777778
15/11/2025 20:00,0,0.035,0,10.14,0,9.505,8.85,11.415,91.35,1012.025,2,8.222222222,2,79.44444444,1,15.22755556
15/11/2025 21:00,0,0.055,0,9.94,0,9.355,8.755,11.34,92.15,1012.53,2,7.833333333,2,110,1,14.50733333
15/11/2025 22:00,0,0.03,0,9.865,0,9.265,8.62,11.22,91.55,1012.92,2,7.666666667,2,106.6666667,1,14.19866667
15/11/2025 23:00,0,0.055,0,9.86,0,9.245,8.585,11.185,91.4,1013.185,2,6.888888889,2,89.44444444,1,12.75822222
16/11/2025 00:00,0,0.06,0,9.745,0,9.1,8.435,11.075,91.35,1013.44,2,7.222222222,2,73.88888889,1,13.37555556
16/11/2025 01:00,0,0.015,0,9.565,0,8.975,8.325,11,91.8,1013.63,2,6.444444444,2,63.88888889,1,11.93511111
16/11/2025 02:00,0,0.02,0,9.5,0,8.9,8.26,10.95,91.8,1013.76,2,6.555555556,2,91.66666667,1,12.14088889
16/11/2025 03:00,0,0.02,0,9.345,0,8.755,8.115,10.835,91.75,1014.045,2,6.222222222,2,96.11111111,1,11.52355556
16/11/2025 04:00,0,0.03,0,9.21,0,8.605,7.935,10.705,91.4,1014.365,2,6.5,2,78.88888889,1,12.038
16/11/2025 05:00,0,0.015,0,9.175,0,8.485,7.735,10.565,90.4,1014.595,2,6.388888889,2,111.1111111,1,11.83222222
16/11/2025 06:00,0,0.005,0,9.075,0,8.4,7.605,10.465,90.3,1014.935,2,6.388888889,2,96.66666667,1,11.83222222
16/11/2025 07:00,0,0.025,0,8.925,0,8.21,7.39,10.33,89.95,1015.435,2,6.666666667,2,107.7777778,1,12.34666667
16/11/2025 08:00,0,0.03,0,8.84,0,8.065,7.14,10.175,88.9,1016.11,2,6.5,2,87.22222222,1,12.038
16/11/2025 09:00,0,0.025,0,8.82,0,7.865,6.735,9.885,86.6,1016.775,2,7.555555556,2,105,1,13.99288889
16/11/2025 10:00,0,0.005,0,9.065,0,7.935,6.585,9.8,84.35,1017.285,2,7.055555556,2,89.44444444,1,13.06688889
16/11/2025 11:00,0,0.005,0,9.3,0,8.01,6.445,9.715,82.2,1017.86,2,7.388888889,2,69.44444444,1,13.68422222
16/11/2025 12:00,0,0,0,9.635,0,7.865,5.71,9.25,76.5,1018.025,2,7.722222222,2,64.44444444,1,14.30155556
16/11/2025 13:00,0,0.005,0,9.595,0,7.575,5.055,8.845,73.05,1018.135,2,8.333333333,2,43.33333333,1,15.43333333
16/11/2025 14:00,0,0,0,9.325,0,7.205,4.495,8.495,71.45,1018.29,2,8.888888889,2,45,1,16.46222222
16/11/2025 15:00,0,0,0,8.99,0,6.84,4.04,8.23,70.9,1018.585,2,8.5,2,97.77777778,1,15.742
16/11/2025 16:00,0,0.005,0,8.485,0,6.485,3.855,8.11,72.35,1019.255,2,8.111111111,2,116.1111111,1,15.02177778
16/11/2025 17:00,0,0.01,0,7.87,0,6.185,3.92,8.135,75.7,1019.97,2,7.611111111,2,170,1,14.09577778
16/11/2025 18:00,0,0.015,0,7.34,0,5.795,3.715,8.015,77.55,1020.78,2,7.388888889,2,168.3333333,1,13.68422222
16/11/2025 19:00,0,0.02,0,6.89,0,5.4,3.36,7.81,78.1,1021.485,2,7.833333333,2,165,1,14.50733333
16/11/2025 20:00,0,0,0,6.135,0,4.82,2.975,7.575,80.05,1021.98,2,7.555555556,2,147.7777778,1,13.99288889
16/11/2025 21:00,0,0.005,0,5.65,0,4.45,2.755,7.48,81.7,1022.5,2,7.166666667,2,216.1111111,1,13.27266667
16/11/2025 22:00,0,0,0,5.165,0,4.16,2.71,7.455,84.5,1022.885,2,6.722222222,2,212.7777778,1,12.44955556
16/11/2025 23:00,0,0.02,0,4.89,0,3.955,2.62,7.415,85.5,1023.195,2,6.222222222,2,230,1,11.52355556
17/11/2025 00:00,0,0.005,0,4.825,0,4.035,2.87,7.555,87.35,1023.78,2,5.833333333,2,245,1,10.80333333
17/11/2025 01:00,0,0.02,0,4.91,0,4.15,3.025,7.64,87.8,1024.235,2,5.944444444,2,235,1,11.00911111
17/11/2025 02:00,0,0,0,4.655,0,3.92,2.875,7.545,88.35,1024.745,2,6.222222222,2,289.4444444,1,11.52355556
17/11/2025 03:00,0,0,0,4.42,0,3.77,2.83,7.525,89.5,1025.295,2,5.944444444,2,274.4444444,1,11.00911111
17/11/2025 04:00,0,0,0,4.335,0,3.68,2.705,7.455,89.25,1025.59,2,5.555555556,2,237.2222222,1,10.28888889
17/11/2025 05:00,0,0.01,0,4.005,0,3.37,2.445,7.325,89.45,1026.04,2,5.277777778,2,197.7777778,1,9.774444444
17/11/2025 06:00,0,0,0,3.44,0,2.895,2.07,7.13,90.4,1026.495,2,5.111111111,2,190.5555556,1,9.465777778
17/11/2025 07:00,0,0.01,0,3.24,0,2.655,1.765,6.985,90.15,1026.98,2,4.666666667,2,167.7777778,1,8.642666667
17/11/2025 08:00,0,0,0,3.015,0,2.435,1.545,6.88,90,1027.72,2,5.111111111,2,181.6666667,1,9.465777778
17/11/2025 09:00,0,0,0,3.345,0,2.715,1.77,6.97,89.5,1028.35,2,4.222222222,2,188.8888889,1,7.819555556
17/11/2025 10:00,0,0.01,0,4.71,0,3.905,2.76,7.46,87.2,1028.765,2,3.944444444,2,175.5555556,1,7.305111111
17/11/2025 11:00,0,0.005,0,6.425,0,5.06,3.215,7.715,80.15,1028.895,2,3.888888889,2,238.3333333,1,7.202222222
17/11/2025 12:00,0,0,0,7.5,0,5.62,3.02,7.605,73.5,1028.75,2,3.722222222,2,143.8888889,1,6.893555556
17/11/2025 13:00,0,0,0,8.215,0,5.9,2.73,7.465,68.45,1028.48,2,3.444444444,2,177.7777778,1,6.379111111
17/11/2025 14:00,0,0,0,8.26,0,5.82,2.38,7.305,66.4,1028.29,2,3.611111111,2,171.1111111,1,6.687777778
17/11/2025 15:00,0,0.04,0,7.895,0,5.69,2.62,7.395,69,1028.16,2,3.111111111,2,188.3333333,1,5.761777778
17/11/2025 16:00,0,0.01,0,7.19,0,5.305,2.675,7.425,72.65,1028.2,2,3.055555556,2,205.5555556,1,5.658888889
17/11/2025 17:00,0,0.015,0,5.825,0,4.445,2.485,7.31,78.85,1028.085,2,2.888888889,2,216.1111111,1,5.350222222
17/11/2025 18:00,0,0.005,0,5.02,0,3.915,2.29,7.225,82.35,1028.13,2,2.833333333,2,205,1,5.247333333
17/11/2025 19:00,0,0.025,0,4.865,0,3.905,2.51,7.36,84.65,1027.975,2,3.555555556,2,209.4444444,1,6.584888889
17/11/2025 20:00,0,0.095,0,4.955,0,4.055,2.72,7.47,85.1,1027.485,2,4.333333333,2,188.8888889,1,8.025333333
17/11/2025 21:00,0,0.03,0,4.985,0,4.045,2.69,7.475,84.9,1026.895,2,4.5,2,233.3333333,1,8.334
17/11/2025 22:00,0,0.09,0,4.91,0,4.065,2.8,7.505,85.9,1026.235,2,4.5,2,210.5555556,1,8.334
17/11/2025 23:00,0,0.105,0,4.865,0,4.005,2.785,7.52,86.1,1025.5,2,5.222222222,2,216.1111111,1,9.671555556
18/11/2025 00:00,0,0.16,0,4.74,0,4.01,2.92,7.615,87.6,1024.86,2,5.555555556,2,196.1111111,1,10.28888889
18/11/2025 01:00,0,0.025,0,4.855,0,4.17,3.175,7.765,88.75,1024.11,2,6.444444444,2,218.3333333,1,11.93511111
18/11/2025 02:00,0,0.185,0,5.055,0,4.42,3.545,7.955,89.75,1023.31,2,7,2,223.8888889,1,12.964
18/11/2025 03:00,0,0.14,0,5.26,0,4.575,3.595,7.98,89,1022.615,2,7.055555556,2,225.5555556,1,13.06688889
18/11/2025 04:00,0,0.105,0,5.54,0,4.78,3.76,8.06,88.4,1021.74,2,7.666666667,2,237.2222222,1,14.19866667
18/11/2025 05:00,0,0.15,0,5.76,0,5.08,4.17,8.3,89.5,1021.105,2,8.277777778,2,240,1,15.33044444
18/11/2025 06:00,0,0.105,0,5.775,0,5.205,4.445,8.455,90.95,1020.455,2,8.722222222,2,247.2222222,1,16.15355556
18/11/2025 07:00,0,0.08,0,5.995,0,5.335,4.455,8.45,89.8,1019.96,2,8.722222222,2,261.6666667,1,16.15355556
18/11/2025 08:00,0,0.075,0,6.2,0,5.525,4.65,8.55,89.8,1019.505,2,9.555555556,2,271.6666667,1,17.69688889
18/11/2025 09:00,0,0.09,0,6.585,0,5.88,5,8.75,89.6,1019.165,2,9.888888889,2,261.6666667,1,18.31422222
18/11/2025 10:00,0,0.12,0,7.35,0,6.565,5.63,9.135,88.7,1018.595,2,10.38888889,2,267.7777778,1,19.24022222
18/11/2025 11:00,0,0.105,0,8.25,0,7.14,5.785,9.215,84.2,1018.01,2,10.55555556,2,266.6666667,1,19.54888889
18/11/2025 12:00,0,0.12,0,8.805,0,7.48,5.935,9.325,81.9,1017.055,2,12.05555556,2,281.6666667,1,22.32688889
18/11/2025 13:00,0,0.08,0,9.13,0,7.575,5.71,9.175,78.85,1016.285,2,13,2,283.8888889,1,24.076
18/11/2025 14:00,0,0.18,0,9.02,0,7.345,5.315,8.93,77.35,1015.63,2,13.16666667,2,291.1111111,1,24.38466667
18/11/2025 15:00,0,0.135,0,8.575,0,7.075,5.235,8.88,79.25,1015.04,2,12.77777778,2,294.4444444,1,23.66444444
18/11/2025 16:00,0,0.11,0,8.105,0,6.71,4.955,8.705,80.25,1014.79,2,12.38888889,2,294.4444444,1,22.94422222
18/11/2025 17:00,0,0.075,0,7.43,0,6.205,4.645,8.51,82.25,1014.745,2,11.44444444,2,299.4444444,1,21.19511111
18/11/2025 18:00,0,0.07,0,7.15,0,5.905,4.275,8.315,81.85,1015.04,2,11.77777778,2,285.5555556,1,21.81244444
18/11/2025 19:00,0,0.025,0,6.945,0,5.62,3.875,8.08,80.7,1015.53,2,11.61111111,2,277.2222222,1,21.50377778
18/11/2025 20:00,0,0.015,0,6.565,0,5.195,3.335,7.78,79.75,1015.845,2,12,2,265.5555556,1,22.224
18/11/2025 21:00,0,0.025,0,6.1,0,4.82,3.045,7.62,80.45,1016.4,2,12.05555556,2,266.6666667,1,22.32688889
18/11/2025 22:00,0,0.115,0,5.545,0,4.34,2.595,7.405,81,1017.115,2,12.16666667,2,271.6666667,1,22.53266667
18/11/2025 23:00,0,0.125,0,5.2,0,3.94,2.085,7.12,80.05,1017.675,2,12.11111111,2,262.7777778,1,22.42977778
19/11/2025 00:00,0,0.095,0,4.725,0,3.505,1.625,6.895,80.2,1018.365,2,11.66666667,2,286.6666667,1,21.60666667
19/11/2025 01:00,0,0.045,0,4.5,0,3.185,1.11,6.655,78.4,1018.835,2,11.94444444,2,207.7777778,1,22.12111111
19/11/2025 02:00,0,0.06,0,3.945,0,2.72,0.785,6.49,79.6,1019.38,2,12.27777778,2,246.6666667,1,22.73844444
19/11/2025 03:00,0,0.085,0,3.49,0,2.325,0.36,6.305,79.65,1019.91,2,12.33333333,2,248.3333333,1,22.84133333
19/11/2025 04:00,0,0.09,0,3.11,0,1.935,-0.03,6.105,79.65,1020.4,2,11.83333333,2,265.5555556,1,21.91533333
19/11/2025 05:00,0,0.06,0,2.735,0,1.665,-0.145,6.055,81.15,1021.115,2,11.94444444,2,245.5555556,1,22.12111111
19/11/2025 06:00,0,0.015,0,2.555,0,1.435,-0.425,5.935,80.65,1021.415,2,11.5,2,262.7777778,1,21.298
19/11/2025 07:00,0,0.065,0,2.365,0,1.305,-0.49,5.905,81.45,1021.65,2,11.11111111,2,245.5555556,1,20.57777778
19/11/2025 08:00,0,0.075,0,2.18,0,1.18,-0.56,5.865,82.3,1022.35,2,10.38888889,2,297.7777778,1,19.24022222
19/11/2025 09:00,0,0.045,0,2.405,0,1.385,-0.325,5.97,82.3,1022.93,2,9.888888889,2,297.7777778,1,18.31422222
19/11/2025 10:00,0,0.035,0,3.33,0,2.15,0.215,6.21,80,1023.185,2,10,2,276.1111111,1,18.52
19/11/2025 11:00,0,0.09,0,4.18,0,2.735,0.41,6.31,76.35,1023.375,2,9.833333333,2,291.6666667,1,18.21133333
19/11/2025 12:00,0,0.095,0,4.675,0,3.095,0.595,6.385,74.8,1023.05,2,11.16666667,2,294.4444444,1,20.68066667
19/11/2025 13:00,0,0.065,0,4.965,0,3.255,0.51,6.36,72.6,1022.945,2,11.72222222,2,312.7777778,1,21.70955556
19/11/2025 14:00,0,0.055,0,5.025,0,3.28,0.445,6.335,72.25,1022.68,2,11.61111111,2,330.5555556,1,21.50377778
19/11/2025 15:00,0,0.1,0,4.745,0,3.12,0.51,6.355,73.8,1022.445,2,11.16666667,2,307.2222222,1,20.68066667
19/11/2025 16:00,0,0.19,0,3.935,0,2.56,0.325,6.265,77.25,1022.44,2,9.777777778,2,308.8888889,1,18.10844444
19/11/2025 17:00,0,0.06,0,3.255,0,2.135,0.305,6.26,80.85,1022.505,2,8.444444444,2,304.4444444,1,15.63911111
19/11/2025 18:00,0,0.04,0,2.835,0,1.9,0.34,6.275,83.55,1022.605,2,8.611111111,2,281.6666667,1,15.94777778
19/11/2025 19:00,0,0.08,0,2.65,0,1.8,0.41,6.325,85.15,1022.63,2,8.333333333,2,263.3333333,1,15.43333333
19/11/2025 20:00,0,0.135,0,2.205,0,1.505,0.34,6.275,87.2,1022.575,2,8.166666667,2,259.4444444,1,15.12466667
19/11/2025 21:00,0,0.095,0,2.04,0,1.4,0.385,6.295,88.55,1022.445,2,7.722222222,2,279.4444444,1,14.30155556
19/11/2025 22:00,0,0.19,0,1.855,0,1.265,0.285,6.255,89.1,1022.435,2,7.666666667,2,257.7777778,1,14.19866667
19/11/2025 23:00,0,0.04,0,1.585,0,0.98,0.015,6.115,89.15,1022.335,2,6.555555556,2,305.5555556,1,12.14088889
20/11/2025 00:00,0,0.075,0,1.58,0,0.98,-0.015,6.115,88.95,1022.255,2,7.166666667,2,288.3333333,1,13.27266667
20/11/2025 01:00,0,0.065,0,1.51,0,0.915,-0.095,6.095,89.15,1022.055,2,6.944444444,2,281.6666667,1,12.86111111
20/11/2025 02:00,0,0.07,0,1.345,0,0.77,-0.16,6.055,89.65,1021.95,2,7.555555556,2,308.3333333,1,13.99288889
20/11/2025 03:00,0,0.02,0,1.475,0,0.885,-0.1,6.08,89.35,1021.93,2,6.888888889,2,286.1111111,1,12.75822222
20/11/2025 04:00,0,0.08,0,1.205,0,0.65,-0.295,6.005,89.75,1021.675,2,7.222222222,2,289.4444444,1,13.37555556
20/11/2025 05:00,0,0.03,0,1.365,0,0.795,-0.155,6.065,89.7,1021.61,2,7.5,2,290.5555556,1,13.89
20/11/2025 06:00,0,0.065,0,1.25,0,0.66,-0.305,5.985,89.55,1021.79,2,6.833333333,2,284.4444444,1,12.65533333
20/11/2025 07:00,0,0.015,0,1.04,0,0.45,-0.545,5.89,89.45,1022.08,2,6.555555556,2,272.2222222,1,12.14088889
20/11/2025 08:00,0,0.035,0,0.995,0,0.425,-0.56,5.895,89.6,1022.57,2,6.166666667,2,255,1,11.42066667
20/11/2025 09:00,0,0.035,0,1.485,0,0.81,-0.345,5.985,88.15,1022.945,2,6.833333333,2,273.8888889,1,12.65533333
20/11/2025 10:00,0,0.07,0,2.555,0,1.77,0.515,6.35,86.4,1023.235,2,7.222222222,2,246.6666667,1,13.37555556
20/11/2025 11:00,0,0.03,0,3.77,0,2.665,0.935,6.55,81.95,1023.505,2,7.222222222,2,285.5555556,1,13.37555556
20/11/2025 12:00,0,0.03,0,4.605,0,3.225,1.06,6.61,77.9,1023.42,2,8.222222222,2,322.7777778,1,15.22755556
20/11/2025 13:00,0,0.01,0,5.145,0,3.555,1.095,6.635,75.1,1023.38,2,8.611111111,2,307.2222222,1,15.94777778
20/11/2025 14:00,0,0.005,0,5.575,0,3.75,0.88,6.525,71.5,1023.415,2,8.333333333,2,290.5555556,1,15.43333333
20/11/2025 15:00,0,0,0,5.36,0,3.565,0.675,6.455,71.8,1023.52,2,8.333333333,2,293.8888889,1,15.43333333
20/11/2025 16:00,0,0.01,0,4.615,0,3.1,0.675,6.435,75.5,1023.94,2,7.333333333,2,272.2222222,1,13.58133333
20/11/2025 17:00,0,0,0,3.24,0,2.115,0.28,6.23,80.75,1024.53,2,6.333333333,2,295,1,11.72933333
20/11/2025 18:00,0,0,0,2.76,0,1.82,0.255,6.245,83.5,1025.055,2,5.888888889,2,219.4444444,1,10.90622222
20/11/2025 19:00,0,0,0,2.285,0,1.42,-0.04,6.095,84.5,1025.705,2,5.722222222,2,276.1111111,1,10.59755556
20/11/2025 20:00,0,0.005,0,1.89,0,1.095,-0.265,6,85.7,1026.035,2,5.333333333,2,268.3333333,1,9.877333333
20/11/2025 21:00,0,0,0,1.59,0,0.9,-0.29,6,87.2,1026.36,2,4.944444444,2,272.7777778,1,9.157111111
20/11/2025 22:00,0,0,0,0.845,0,0.25,-0.84,5.76,88.4,1026.675,2,4.666666667,2,242.7777778,1,8.642666667
20/11/2025 23:00,0,0,0,0.345,0,-0.18,-1.11,5.67,89.9,1026.79,2,3.888888889,2,242.7777778,1,7.202222222
21/11/2025 00:00,0,0,0,-0.085,0,-0.565,-1.465,5.505,90.15,1027.05,2,4.111111111,2,206.6666667,1,7.613777778
21/11/2025 01:00,0,0,0,-0.27,0,-0.745,-1.6,5.46,90.6,1027.105,2,4.333333333,2,170,1,8.025333333
21/11/2025 02:00,0,0,0,-0.4,0,-0.84,-1.66,5.445,91.15,1027.075,2,3.833333333,2,201.6666667,1,7.099333333
21/11/2025 03:00,0,0,0,-0.595,0,-1.035,-1.855,5.385,91.05,1027.195,2,3.944444444,2,169.4444444,1,7.305111111
21/11/2025 04:00,0,0,0,-0.635,0,-1.055,-1.83,5.4,91.45,1027.015,2,4.111111111,2,165.5555556,1,7.613777778
21/11/2025 05:00,0,0,0,-0.385,0,-0.86,-1.705,5.445,90.8,1027.115,2,4,2,183.8888889,1,7.408
21/11/2025 06:00,0,0,0,-0.015,0,-0.58,-1.535,5.53,89.5,1027.01,2,4.388888889,2,176.6666667,1,8.128222222
21/11/2025 07:00,0,0,0,0.3,0,-0.29,-1.265,5.615,89.3,1026.9,2,4.888888889,2,170.5555556,1,9.054222222
21/11/2025 08:00,0,0.005,0,0.78,0,0.15,-0.915,5.785,88.65,1026.795,2,5.055555556,2,177.7777778,1,9.362888889
21/11/2025 09:00,0,0,0,1.505,0,0.86,-0.2,6.105,88.5,1026.62,2,5.333333333,2,170,1,9.877333333
21/11/2025 10:00,0,0,0,2.64,0,1.87,0.67,6.48,86.8,1026.245,2,6.111111111,2,170,1,11.31777778
21/11/2025 11:00,0,0.005,0,4.145,0,3.095,1.525,6.905,83.05,1026.035,2,7.333333333,2,182.7777778,1,13.58133333
21/11/2025 12:00,0,0,0,5.005,0,3.795,1.965,7.145,80.4,1025.335,2,8.333333333,2,175.5555556,1,15.43333333
21/11/2025 13:00,0,0,0,5.75,0,4.39,2.365,7.385,78.65,1024.44,2,9.555555556,2,179.4444444,1,17.69688889
21/11/2025 14:00,0,0.12,0,6.115,0,4.765,2.745,7.6,78.8,1023.525,2,10.11111111,2,180.5555556,1,18.72577778
21/11/2025 15:00,0,0.295,0,6.255,0,5.01,3.17,7.87,80.6,1022.64,2,10.5,2,178.3333333,1,19.446
21/11/2025 16:00,0,0.49,0,6.35,0,5.25,3.635,8.125,82.75,1021.93,2,10.88888889,2,177.2222222,1,20.16622222
21/11/2025 17:00,0,0.58,0,6.475,0,5.64,4.39,8.55,86.25,1021.105,2,11.88888889,2,182.2222222,1,22.01822222
21/11/2025 18:00,0,0.75,0,6.825,0,6.08,5.04,8.93,88.25,1020.11,2,12.44444444,2,181.1111111,1,23.04711111
21/11/2025 19:00,0,0.705,0,7.24,0,6.585,5.74,9.335,90,1019.34,2,12.38888889,2,192.7777778,1,22.94422222
21/11/2025 20:00,0,0.66,0,7.5,0,6.915,6.19,9.57,91.15,1018.545,2,12.83333333,2,205.5555556,1,23.76733333
21/11/2025 21:00,0,0.83,0,7.83,0,7.365,6.815,9.97,92.9,1017.93,2,12.11111111,2,207.7777778,1,22.42977778
21/11/2025 22:00,0,0.69,0,8.03,0,7.585,7.105,10.13,93.5,1017.365,2,11.22222222,2,216.1111111,1,20.78355556
21/11/2025 23:00,0,0.56,0,8.18,0,7.765,7.32,10.295,93.95,1016.645,2,9.944444444,2,226.1111111,1,18.41711111
22/11/2025 00:00,0,0.24,0,8.34,0,7.845,7.285,10.265,92.8,1016.475,2,9.555555556,2,235.5555556,1,17.69688889
22/11/2025 01:00,0,0.215,0,7.885,0,7.43,6.925,10.035,93.55,1016.19,2,8.333333333,2,245.5555556,1,15.43333333
22/11/2025 02:00,0,0.17,0,7.625,0,7.15,6.59,9.77,92.85,1015.89,2,7.166666667,2,255,1,13.27266667
22/11/2025 03:00,0,0.265,0,7.235,0,6.75,6.17,9.505,92.8,1015.73,2,6.666666667,2,259.4444444,1,12.34666667
22/11/2025 04:00,0,0.075,0,6.865,0,6.34,5.72,9.22,92.15,1015.17,2,6.111111111,2,246.6666667,1,11.31777778
22/11/2025 05:00,0,0.055,0,6.215,0,5.785,5.255,8.95,93.4,1014.815,2,5.666666667,2,247.7777778,1,10.49466667
22/11/2025 06:00,0,0.055,0,6.27,0,5.845,5.34,8.985,93.5,1014.475,2,5.833333333,2,233.8888889,1,10.80333333
22/11/2025 07:00,0,0.035,0,6.39,0,5.905,5.315,8.955,92.75,1014.245,2,5.944444444,2,240,1,11.00911111
22/11/2025 08:00,0,0.06,0,6.345,0,5.89,5.34,8.955,93.2,1014.13,2,5.611111111,2,237.2222222,1,10.39177778
22/11/2025 09:00,0,0.045,0,6.54,0,6.09,5.59,9.12,93.55,1013.945,2,5.111111111,2,236.1111111,1,9.465777778
22/11/2025 10:00,0,0.085,0,7.13,0,6.72,6.22,9.52,93.8,1013.555,2,5.277777778,2,231.1111111,1,9.774444444
22/11/2025 11:00,0,0.11,0,8.045,0,7.47,6.795,9.91,91.7,1013.265,2,4.944444444,2,202.7777778,1,9.157111111
22/11/2025 12:00,0,0.06,0,8.7,0,7.965,7.145,10.145,89.85,1012.43,2,5.888888889,2,216.6666667,1,10.90622222
22/11/2025 13:00,0,0.11,0,9.39,0,8.445,7.385,10.315,87.15,1011.635,2,6.5,2,238.3333333,1,12.038
22/11/2025 14:00,0,0.02,0,9.655,0,8.56,7.35,10.285,85.25,1010.89,2,6.944444444,2,222.7777778,1,12.86111111
22/11/2025 15:00,0,0.01,0,9.35,0,8.38,7.3,10.255,86.8,1010.085,2,6.444444444,2,222.7777778,1,11.93511111
22/11/2025 16:00,0,0.04,0,8.625,0,7.845,6.94,10.025,88.65,1009.38,2,5.333333333,2,213.8888889,1,9.877333333
22/11/2025 17:00,0,0.035,0,7.805,0,7.23,6.535,9.755,91.25,1008.705,2,5.611111111,2,195,1,10.39177778
22/11/2025 18:00,0,0.045,0,7.6,0,7.15,6.63,9.845,93.4,1007.82,2,6.055555556,2,176.6666667,1,11.21488889
22/11/2025 19:00,0,0.055,0,7.54,0,7.195,6.78,9.95,94.4,1006.73,2,6.611111111,2,171.6666667,1,12.24377778
22/11/2025 20:00,0,0.16,0,7.84,0,7.515,7.13,10.185,94.9,1005.255,2,8.111111111,2,158.8888889,1,15.02177778
22/11/2025 21:00,0,0.225,0,8.295,0,7.975,7.615,10.535,95.2,1003.32,2,9.666666667,2,160,1,17.90266667
22/11/2025 22:00,0,0.72,0,8.57,0,8.235,7.86,10.71,94.95,1001.44,2,11.5,2,164.4444444,1,21.298
22/11/2025 23:00,0,0.99,0,8.98,0,8.495,7.97,10.77,93.2,999.76,2,13,2,189.4444444,1,24.076
23/11/2025 00:00,0,1.11,0,9.2,0,8.555,7.845,10.645,91,998.805,2,14.27777778,2,208.8888889,1,26.44244444
23/11/2025 01:00,0,0.865,0,9.06,0,8.15,7.12,10.15,87.65,998.12,2,14.5,2,232.2222222,1,26.854
23/11/2025 02:00,0,0.34,0,8.49,0,7.435,6.16,9.5,85,997.825,2,15.33333333,2,252.2222222,1,28.39733333
23/11/2025 03:00,0,0.185,0,7.695,0,6.59,5.205,8.87,83.95,997.85,2,15.33333333,2,262.7777778,1,28.39733333
23/11/2025 04:00,0,0.31,0,7.335,0,6.14,4.61,8.51,82.65,997.6,2,15.55555556,2,262.2222222,1,28.80888889
23/11/2025 05:00,0,0.23,0,6.925,0,5.8,4.305,8.32,83.05,997.66,2,16.16666667,2,264.4444444,1,29.94066667
23/11/2025 06:00,0,0.24,0,7.065,0,5.695,3.895,8.08,80.05,997.64,2,15.72222222,2,266.6666667,1,29.11755556
23/11/2025 07:00,0,0.22,0,6.875,0,5.525,3.715,7.99,79.95,997.835,2,15.61111111,2,267.7777778,1,28.91177778
23/11/2025 08:00,0,0.185,0,6.805,0,5.5,3.77,8.01,80.7,997.895,2,15.27777778,2,264.4444444,1,28.29444444
23/11/2025 09:00,0,0.11,0,6.8,0,5.425,3.565,7.9,79.65,997.95,2,14.83333333,2,262.2222222,1,27.47133333
23/11/2025 10:00,0,0.11,0,7.405,0,5.745,3.535,7.865,76.15,997.855,2,15.72222222,2,264.4444444,1,29.11755556
23/11/2025 11:00,0,0.195,0,7.94,0,6.28,4.08,8.18,76.2,997.63,2,15.94444444,2,261.6666667,1,29.52911111
23/11/2025 12:00,0,0.02,0,8.615,0,6.585,3.965,8.125,72.15,996.71,2,16.94444444,2,261.6666667,1,31.38111111
23/11/2025 13:00,0,0.1,0,8.665,0,6.595,3.92,8.095,71.85,995.8,2,18.16666667,2,260.5555556,1,33.64466667
23/11/2025 14:00,0,0.35,0,8.765,0,6.715,4.05,8.185,72.1,995.11,2,18.55555556,2,258.8888889,1,34.36488889
23/11/2025 15:00,0,0.13,0,8.46,0,6.545,4.075,8.195,73.6,994.39,2,18.5,2,262.7777778,1,34.262
23/11/2025 16:00,0,0.185,0,7.83,0,6.11,3.83,8.065,75.6,994.06,2,17.94444444,2,261.6666667,1,33.23311111
23/11/2025 17:00,0,0.375,0,7.24,0,5.805,3.895,8.09,79.05,993.23,2,17.22222222,2,261.1111111,1,31.89555556
23/11/2025 18:00,0,0.53,0,7.125,0,5.905,4.315,8.35,82.1,992.535,2,16.94444444,2,261.6666667,1,31.38111111
23/11/2025 19:00,0,0.725,0,6.915,0,5.865,4.495,8.455,84.45,992.275,2,16.22222222,2,262.7777778,1,30.04355556
23/11/2025 20:00,0,0.725,0,7.03,0,6.06,4.775,8.62,85.45,991.94,2,15.77777778,2,262.2222222,1,29.22044444
23/11/2025 21:00,0,0.66,0,7.245,0,6.32,5.11,8.825,86.15,991.82,2,15.94444444,2,261.6666667,1,29.52911111
23/11/2025 22:00,0,0.495,0,7.375,0,6.365,5.05,8.785,85.2,991.815,2,15.77777778,2,266.6666667,1,29.22044444
23/11/2025 23:00,0,0.22,0,7.56,0,6.545,5.285,8.91,85.55,991.895,2,16.16666667,2,277.2222222,1,29.94066667
24/11/2025 00:00,0,0.25,0,7.575,0,6.6,5.415,8.97,86,992.465,2,15.77777778,2,281.6666667,1,29.22044444
24/11/2025 01:00,0,0.185,0,7.455,0,6.545,5.425,8.985,86.8,993.135,2,15.05555556,2,290,1,27.88288889
24/11/2025 02:00,0,0.2,0,7.385,0,6.505,5.415,8.995,87.1,993.74,2,13.44444444,2,298.3333333,1,24.89911111
24/11/2025 03:00,0,0.14,0,7.345,0,6.46,5.365,8.95,87,994.355,2,12.33333333,2,281.6666667,1,22.84133333
24/11/2025 04:00,0,0.12,0,7.315,0,6.425,5.31,8.93,86.95,995.015,2,12.44444444,2,267.2222222,1,23.04711111
24/11/2025 05:00,0,0.14,0,7.075,0,6.18,5.035,8.76,86.6,995.905,2,11.66666667,2,252.2222222,1,21.60666667
24/11/2025 06:00,0,0.13,0,7.115,0,6.18,5.025,8.76,86.3,996.925,2,11.27777778,2,272.7777778,1,20.88644444
24/11/2025 07:00,0,0.09,0,6.745,0,5.86,4.725,8.575,86.8,997.995,2,10.88888889,2,271.6666667,1,20.16622222
24/11/2025 08:00,0,0.085,0,6.565,0,5.65,4.48,8.43,86.2,999.3,2,10.27777778,2,274.4444444,1,19.03444444
24/11/2025 09:00,0,0.035,0,7.125,0,6.09,4.795,8.615,84.95,1000.655,2,9.722222222,2,272.7777778,1,18.00555556
24/11/2025 10:00,0,0.1,0,7.91,0,6.675,5.16,8.815,82.6,1001.84,2,10.38888889,2,277.7777778,1,19.24022222
24/11/2025 11:00,0,0.005,0,8.71,0,7.285,5.54,9.065,80,1003.1,2,10.66666667,2,281.6666667,1,19.75466667
24/11/2025 12:00,0,0.035,0,9.35,0,7.64,5.625,9.12,77.25,1003.89,2,11.27777778,2,301.1111111,1,20.88644444
24/11/2025 13:00,0,0.005,0,9.85,0,7.885,5.535,9.065,74,1004.775,2,11.66666667,2,285.5555556,1,21.60666667
24/11/2025 14:00,0,0.02,0,9.945,0,7.895,5.42,8.995,73.15,1005.825,2,12.33333333,2,268.8888889,1,22.84133333
24/11/2025 15:00,0,0.045,0,9.765,0,7.735,5.295,8.91,73.4,1006.99,2,11.94444444,2,303.8888889,1,22.12111111
24/11/2025 16:00,0,0,0,8.995,0,7.165,4.915,8.68,75.15,1008.33,2,11.22222222,2,301.6666667,1,20.78355556
24/11/2025 17:00,0,0.015,0,8.12,0,6.525,4.505,8.425,77.5,1009.375,2,9.777777778,2,297.7777778,1,18.10844444
24/11/2025 18:00,0,0,0,7.45,0,5.985,4.07,8.19,78.9,1010.575,2,9.166666667,2,280.5555556,1,16.97666667
24/11/2025 19:00,0,0,0,6.735,0,5.425,3.675,7.965,80.6,1011.825,2,8.444444444,2,291.6666667,1,15.63911111
24/11/2025 20:00,0,0,0,6.36,0,5.03,3.205,7.715,80.2,1012.82,2,8.611111111,2,297.7777778,1,15.94777778
24/11/2025 21:00,0,0.02,0,5.905,0,4.715,3.035,7.63,81.8,1013.75,2,8.277777778,2,303.8888889,1,15.33044444
24/11/2025 22:00,0,0.005,0,5.445,0,4.265,2.57,7.36,81.65,1014.56,2,7.5,2,306.6666667,1,13.89
24/11/2025 23:00,0,0.005,0,4.925,0,3.855,2.315,7.245,83.15,1015.165,2,7.055555556,2,283.3333333,1,13.06688889
25/11/2025 00:00,0,0,0,4.89,0,3.85,2.33,7.24,83.35,1015.715,2,6.611111111,2,287.7777778,1,12.24377778
25/11/2025 01:00,0,0,0,4.255,0,3.325,1.965,7.07,85.05,1016.135,2,6.333333333,2,291.1111111,1,11.72933333
25/11/2025 02:00,0,0,0,3.865,0,3.075,1.885,7.035,86.85,1016.555,2,5.777777778,2,285.5555556,1,10.70044444
25/11/2025 03:00,0,0.005,0,3.85,0,3.055,1.905,7.04,86.95,1017.25,2,5.111111111,2,287.2222222,1,9.465777778
25/11/2025 04:00,0,0.005,0,3.625,0,2.915,1.84,7.02,87.9,1017.775,2,4.777777778,2,258.3333333,1,8.848444444
25/11/2025 05:00,0,0.005,0,3.52,0,2.825,1.755,6.96,88,1018.25,2,4.722222222,2,280.5555556,1,8.745555556
25/11/2025 06:00,0,0.005,0,3.215,0,2.5,1.445,6.795,87.85,1018.65,2,4.444444444,2,265,1,8.231111111
25/11/2025 07:00,0,0,0,2.6,0,1.985,1.035,6.615,89.35,1019.07,2,4.166666667,2,247.7777778,1,7.716666667
25/11/2025 08:00,0,0.005,0,2.565,0,2.01,1.17,6.675,90.45,1019.655,2,4.111111111,2,232.7777778,1,7.613777778
25/11/2025 09:00,0,0,0,2.57,0,2.05,1.25,6.705,90.85,1020.145,2,4.277777778,2,201.6666667,1,7.922444444
25/11/2025 10:00,0,0,0,4.14,0,3.44,2.385,7.265,88.15,1020.625,2,3.722222222,2,203.8888889,1,6.893555556
25/11/2025 11:00,0,0.01,0,5.84,0,4.83,3.37,7.795,83.95,1020.9,2,3.388888889,2,203.8888889,1,6.276222222
25/11/2025 12:00,0,0,0,7.405,0,5.98,4.07,8.205,79.1,1020.765,2,3.666666667,2,193.3333333,1,6.790666667
25/11/2025 13:00,0,0.005,0,8.59,0,6.75,4.375,8.38,74.45,1020.73,2,4.055555556,2,220.5555556,1,7.510888889
25/11/2025 14:00,0,0,0,9.09,0,6.975,4.305,8.33,71.55,1020.635,2,4.5,2,238.3333333,1,8.334
25/11/2025 15:00,0,0,0,8.89,0,6.83,4.215,8.265,72.25,1020.55,2,4.333333333,2,233.8888889,1,8.025333333
25/11/2025 16:00,0,0.04,0,7.295,0,5.83,3.865,8.09,78.45,1020.71,2,4.333333333,2,222.7777778,1,8.025333333
25/11/2025 17:00,0,0.005,0,5.465,0,4.605,3.38,7.845,86.25,1020.74,2,4.277777778,2,188.3333333,1,7.922444444
25/11/2025 18:00,0,0.02,0,4.52,0,3.825,2.835,7.6,88.55,1020.88,2,4.833333333,2,171.6666667,1,8.951333333
25/11/2025 19:00,0,0.01,0,4.405,0,3.765,2.865,7.625,89.5,1021.075,2,5.333333333,2,171.6666667,1,9.877333333
25/11/2025 20:00,0,0.03,0,4.505,0,3.875,2.995,7.715,89.9,1020.815,2,5.722222222,2,170.5555556,1,10.59755556
25/11/2025 21:00,0,0.01,0,4.695,0,4.06,3.19,7.795,89.85,1020.39,2,6.166666667,2,162.7777778,1,11.42066667
25/11/2025 22:00,0,0,0,5.155,0,4.42,3.46,7.965,88.6,1020.005,2,6.944444444,2,163.8888889,1,12.86111111
25/11/2025 23:00,0,0.01,0,5.46,0,4.67,3.61,8.05,87.8,1019.49,2,8.055555556,2,162.7777778,1,14.91888889
26/11/2025 00:00,0,0.06,0,5.785,0,5.04,4.06,8.295,88.55,1019.05,2,8.388888889,2,161.1111111,1,15.53622222
26/11/2025 01:00,0,0.07,0,6.045,0,5.39,4.49,8.585,89.5,1018.335,2,9.055555556,2,174.4444444,1,16.77088889
26/11/2025 02:00,0,0.135,0,6.53,0,5.815,4.865,8.795,88.85,1017.43,2,9.277777778,2,162.7777778,1,17.18244444
26/11/2025 03:00,0,0.185,0,7.09,0,6.42,5.505,9.2,89.4,1016.84,2,10.22222222,2,161.1111111,1,18.93155556
26/11/2025 04:00,0,0.175,0,7.7,0,7.065,6.255,9.67,90.3,1016.195,2,10.33333333,2,157.2222222,1,19.13733333
26/11/2025 05:00,0,0.255,0,8.36,0,7.755,7.005,10.15,90.95,1015.44,2,11,2,167.7777778,1,20.372
26/11/2025 06:00,0,0.27,0,8.795,0,8.295,7.705,10.63,92.65,1014.86,2,11.05555556,2,168.8888889,1,20.47488889
26/11/2025 07:00,0,0.44,0,9.32,0,8.845,8.335,11.085,93.3,1014.45,2,10.5,2,176.1111111,1,19.446
26/11/2025 08:00,0,0.45,0,9.64,0,9.235,8.79,11.405,94.15,1014.21,2,10.83333333,2,181.6666667,1,20.06333333
26/11/2025 09:00,0,0.39,0,9.96,0,9.585,9.175,11.69,94.5,1013.985,2,10.55555556,2,188.8888889,1,19.54888889
26/11/2025 10:00,0,0.24,0,10.525,0,10.175,9.795,12.175,94.9,1013.715,2,10.33333333,2,191.1111111,1,19.13733333
26/11/2025 11:00,0,0.18,0,10.935,0,10.58,10.22,12.52,95,1013.48,2,9.888888889,2,202.2222222,1,18.31422222
26/11/2025 12:00,0,0.105,0,11.385,0,11.1,10.83,13.03,96.05,1012.905,2,10.22222222,2,205.5555556,1,18.93155556
26/11/2025 13:00,0,0.06,0,11.755,0,11.415,11.115,13.255,95.55,1012.485,2,10.05555556,2,212.7777778,1,18.62288889
26/11/2025 14:00,0,0.03,0,12.085,0,11.72,11.395,13.485,95.15,1012.155,2,10.66666667,2,220,1,19.75466667
26/11/2025 15:00,0,0.02,0,12.27,0,11.85,11.475,13.56,94.65,1011.64,2,11.11111111,2,220.5555556,1,20.57777778
26/11/2025 16:00,0,0.025,0,12.27,0,11.85,11.45,13.535,94.4,1011.44,2,11.61111111,2,223.8888889,1,21.50377778
26/11/2025 17:00,0,0.02,0,12.28,0,11.875,11.505,13.57,94.9,1011.255,2,11.11111111,2,221.6666667,1,20.57777778
26/11/2025 18:00,0,0.015,0,12.315,0,11.905,11.53,13.585,94.6,1011.055,2,11.33333333,2,218.3333333,1,20.98933333
26/11/2025 19:00,0,0.025,0,12.36,0,11.965,11.605,13.66,94.75,1010.685,2,11.88888889,2,215.5555556,1,22.01822222
26/11/2025 20:00,0,0.03,0,12.39,0,12.02,11.665,13.725,95.05,1010.105,2,12.33333333,2,214.4444444,1,22.84133333
26/11/2025 21:00,0,0.06,0,12.475,0,12.065,11.715,13.755,94.65,1009.735,2,12.44444444,2,212.7777778,1,23.04711111
26/11/2025 22:00,0,0.405,0,12.57,0,12.15,11.79,13.83,94.65,1009.48,2,12.77777778,2,214.4444444,1,23.66444444
26/11/2025 23:00,0,0.45,0,12.58,0,12.17,11.805,13.855,94.85,1009.04,2,12.83333333,2,213.3333333,1,23.76733333
27/11/2025 00:00,0,0.47,0,12.59,0,12.235,11.87,13.91,95.05,1008.645,2,12.5,2,212.2222222,1,23.15
27/11/2025 01:00,0,0.395,0,12.66,0,12.265,11.9,13.95,94.8,1008.115,2,12.55555556,2,213.8888889,1,23.25288889
27/11/2025 02:00,0,0.165,0,12.7,0,12.3,11.955,13.995,94.95,1007.47,2,12.61111111,2,206.1111111,1,23.35577778
27/11/2025 03:00,0,0.1,0,12.8,0,12.39,12.01,14.045,94.7,1006.795,2,12.66666667,2,198.8888889,1,23.45866667
27/11/2025 04:00,0,0.11,0,12.74,0,12.355,12.01,14.045,94.95,1005.94,2,12.83333333,2,199.4444444,1,23.76733333
27/11/2025 05:00,0,0.105,0,12.805,0,12.42,12.085,14.115,95.05,1005.05,2,13.77777778,2,198.8888889,1,25.51644444
27/11/2025 06:00,0,0.09,0,12.87,0,12.465,12.105,14.135,94.75,1004.355,2,14.33333333,2,200.5555556,1,26.54533333
27/11/2025 07:00,0,0.095,0,12.96,0,12.5,12.065,14.1,94,1003.755,2,14.77777778,2,202.2222222,1,27.36844444
27/11/2025 08:00,0,0.055,0,13.09,0,12.525,12.045,14.07,93.05,1003.2,2,14.77777778,2,201.1111111,1,27.36844444
27/11/2025 09:00,0,0.165,0,13.165,0,12.53,11.985,14.02,92.3,1002.57,2,15.38888889,2,204.4444444,1,28.50022222
27/11/2025 10:00,0,0.23,0,13.09,0,12.27,11.545,13.62,90.1,1002.185,2,16.88888889,2,208.3333333,1,31.27822222
27/11/2025 11:00,0,0.24,0,13.165,0,11.975,10.885,13.065,85.9,1001.995,2,16.88888889,2,210,1,31.27822222
27/11/2025 12:00,0,0.13,0,13.03,0,11.565,10.195,12.48,82.75,1001.855,2,18.22222222,2,216.1111111,1,33.74755556
27/11/2025 13:00,0,0.095,0,12.845,0,11.02,9.24,11.715,78.6,1001.905,2,18.05555556,2,227.2222222,1,33.43888889
27/11/2025 14:00,0,0.175,0,12.36,0,10.26,8.055,10.815,74.95,1001.925,2,18.83333333,2,231.6666667,1,34.87933333
27/11/2025 15:00,0,0.035,0,11.915,0,9.605,7.125,10.145,72.2,1001.88,2,18.77777778,2,232.7777778,1,34.77644444
27/11/2025 16:00,0,0.005,0,11.325,0,8.88,6.08,9.435,69.8,1002.16,2,18.5,2,231.6666667,1,34.262
27/11/2025 17:00,0,0,0,10.855,0,8.43,5.565,9.1,69.55,1002.475,2,18.72222222,2,228.3333333,1,34.67355556
27/11/2025 18:00,0,0.01,0,10.645,0,8.155,5.205,8.87,68.8,1002.81,2,18.88888889,2,228.8888889,1,34.98222222
27/11/2025 19:00,0,0.015,0,10.21,0,7.935,5.165,8.845,70.55,1003.215,2,18.88888889,2,227.2222222,1,34.98222222
27/11/2025 20:00,0,0.02,0,9.985,0,7.725,4.955,8.72,70.6,1003.35,2,19.11111111,2,224.4444444,1,35.39377778
27/11/2025 21:00,0,0.02,0,9.76,0,7.59,4.935,8.7,71.55,1003.355,2,19.05555556,2,226.6666667,1,35.29088889
27/11/2025 22:00,0,0.19,0,9.475,0,7.415,4.86,8.665,72.75,1003.42,2,19.22222222,2,224.4444444,1,35.59955556
27/11/2025 23:00,0,0.06,0,9.52,0,7.37,4.71,8.575,71.55,1003.35,2,19.66666667,2,226.1111111,1,36.42266667
28/11/2025 00:00,0,0.145,0,9.315,0,7.155,4.455,8.415,71.5,1003.295,2,19.38888889,2,226.6666667,1,35.90822222
28/11/2025 01:00,0,0.285,0,8.845,0,7.03,4.73,8.58,75,1002.83,2,18.66666667,2,225.5555556,1,34.57066667
28/11/2025 02:00,0,0.175,0,8.75,0,6.985,4.755,8.6,75.7,1002.585,2,18.22222222,2,222.2222222,1,33.74755556
28/11/2025 03:00,0,0.34,0,8.93,0,7.065,4.75,8.61,74.75,1002.63,2,18.83333333,2,225.5555556,1,34.87933333
28/11/2025 04:00,0,0.26,0,8.56,0,6.895,4.825,8.65,76.95,1002.185,2,18.05555556,2,228.3333333,1,33.43888889
28/11/2025 05:00,0,0.185,0,8.56,0,7,5.035,8.795,78.2,1001.705,2,16.44444444,2,225,1,30.45511111
28/11/2025 06:00,0,0.28,0,8.415,0,6.905,4.99,8.76,78.75,1001.06,2,16.77777778,2,225,1,31.07244444
28/11/2025 07:00,0,0.35,0,8.345,0,6.845,4.95,8.735,79,1000.485,2,17,2,217.2222222,1,31.484
28/11/2025 08:00,0,0.78,0,7.66,0,6.37,4.715,8.62,81.4,1000.495,2,17.55555556,2,223.3333333,1,32.51288889
28/11/2025 09:00,0,0.675,0,7.235,0,5.995,4.385,8.38,82.05,1000.685,2,17.27777778,2,234.4444444,1,31.99844444
28/11/2025 10:00,0,0.36,0,7.165,0,5.86,4.155,8.225,81.05,1000.925,2,16.16666667,2,234.4444444,1,29.94066667
28/11/2025 11:00,0,0.085,0,8.06,0,6.37,4.18,8.235,76.3,1001.275,2,16.11111111,2,235,1,29.83777778
28/11/2025 12:00,0,0.105,0,8.79,0,6.865,4.425,8.38,73.9,1001.18,2,17.38888889,2,238.3333333,1,32.20422222
28/11/2025 13:00,0,0.07,0,8.85,0,6.795,4.125,8.22,71.85,1001.315,2,17.55555556,2,241.6666667,1,32.51288889
28/11/2025 14:00,0,0.08,0,9.17,0,6.95,4.105,8.205,70.25,1001.195,2,17.55555556,2,240.5555556,1,32.51288889
28/11/2025 15:00,0,0.11,0,8.7,0,6.625,3.95,8.11,71.65,1001.18,2,16.94444444,2,238.8888889,1,31.38111111
28/11/2025 16:00,0,0.075,0,8.005,0,6.305,4.125,8.21,76.05,1001.4,2,15.61111111,2,233.8888889,1,28.91177778
28/11/2025 17:00,0,0.105,0,7.73,0,6.08,3.91,8.085,76.45,1001.47,2,14.16666667,2,232.2222222,1,26.23666667
28/11/2025 18:00,0,0.145,0,7.385,0,5.9,3.94,8.11,78.45,1001.66,2,12.72222222,2,228.8888889,1,23.56155556
28/11/2025 19:00,0,0.285,0,7.145,0,5.775,3.96,8.135,80.05,1001.765,2,12.05555556,2,222.2222222,1,22.32688889
28/11/2025 20:00,0,0.305,0,6.925,0,5.725,4.12,8.23,81.95,1001.725,2,10.77777778,2,226.6666667,1,19.96044444
28/11/2025 21:00,0,0.41,0,6.505,0,5.435,3.995,8.15,83.6,1001.46,2,9.444444444,2,224.4444444,1,17.49111111
28/11/2025 22:00,0,0.34,0,6.28,0,5.23,3.83,8.05,84.3,1001.255,2,8.111111111,2,233.8888889,1,15.02177778
28/11/2025 23:00,0,0.215,0,5.985,0,5.025,3.715,7.995,85.1,1000.995,2,7.888888889,2,236.1111111,1,14.61022222
29/11/2025 00:00,0,0.205,0,5.49,0,4.71,3.655,7.975,87.85,1000.89,2,7.277777778,2,236.6666667,1,13.47844444
29/11/2025 01:00,0,0.16,0,5.235,0,4.56,3.6,7.945,88.85,1000.645,2,6.888888889,2,242.2222222,1,12.75822222
29/11/2025 02:00,0,0.185,0,4.82,0,4.2,3.325,7.795,89.95,1000.51,2,5.944444444,2,193.8888889,1,11.00911111
29/11/2025 03:00,0,0.225,0,4.715,0,4.06,3.125,7.7,89.25,1000.52,2,6.777777778,2,218.3333333,1,12.55244444
29/11/2025 04:00,0,0.21,0,4.625,0,3.96,3.065,7.65,89.45,1000.53,2,6.777777778,2,225.5555556,1,12.55244444
29/11/2025 05:00,0,0.195,0,4.6,0,3.99,3.125,7.695,90.1,1000.87,2,6.444444444,2,240,1,11.93511111
29/11/2025 06:00,0,0.165,0,4.725,0,4.105,3.23,7.735,89.95,1001.39,2,7.111111111,2,223.3333333,1,13.16977778
29/11/2025 07:00,0,0.35,0,4.8,0,4.22,3.405,7.835,90.5,1001.88,2,7.055555556,2,255,1,13.06688889
29/11/2025 08:00,0,0.4,0,4.845,0,4.23,3.4,7.815,90.3,1002.52,2,7.555555556,2,222.2222222,1,13.99288889
29/11/2025 09:00,0,0.4,0,5.095,0,4.41,3.47,7.85,89.25,1003.355,2,7.722222222,2,253.3333333,1,14.30155556
29/11/2025 10:00,0,0.285,0,5.625,0,4.78,3.595,7.915,86.8,1004.27,2,8.722222222,2,291.6666667,1,16.15355556
29/11/2025 11:00,0,0.08,0,6.06,0,5.08,3.745,7.995,84.95,1005.135,2,9.5,2,253.8888889,1,17.594
29/11/2025 12:00,0,0.03,0,6.58,0,5.395,3.805,8.035,82.35,1005.585,2,10.27777778,2,280,1,19.03444444
29/11/2025 13:00,0,0.005,0,6.91,0,5.365,3.21,7.705,77.1,1006.175,2,9.888888889,2,282.2222222,1,18.31422222
29/11/2025 14:00,0,0.005,0,7.095,0,5.38,2.995,7.6,75,1006.74,2,10,2,315,1,18.52
29/11/2025 15:00,0,0,0,6.86,0,5.13,2.69,7.42,74.6,1007.435,2,10.27777778,2,331.1111111,1,19.03444444
29/11/2025 16:00,0,0,0,6.155,0,4.56,2.255,7.185,75.65,1008.48,2,9.111111111,2,310.5555556,1,16.87377778
29/11/2025 17:00,0,0,0,5.22,0,3.825,1.775,6.95,78.15,1009.445,2,7.777777778,2,305,1,14.40444444
29/11/2025 18:00,0,0.01,0,4.385,0,3.21,1.395,6.77,80.85,1010.26,2,6.777777778,2,295.5555556,1,12.55244444
29/11/2025 19:00,0,0,0,3.82,0,2.695,0.98,6.57,81.7,1011.105,2,5.944444444,2,285,1,11.00911111
29/11/2025 20:00,0,0,0,3.485,0,2.43,0.765,6.465,82.4,1011.68,2,5.555555556,2,270,1,10.28888889
29/11/2025 21:00,0,0.005,0,3.27,0,2.305,0.825,6.51,84,1011.955,2,5.444444444,2,261.6666667,1,10.08311111
29/11/2025 22:00,0,0.015,0,2.945,0,2.12,0.845,6.535,85.9,1012.24,2,5.222222222,2,266.6666667,1,9.671555556
29/11/2025 23:00,0,0.075,0,3.075,0,2.265,0.99,6.605,86.3,1012.44,2,5.555555556,2,259.4444444,1,10.28888889
30/11/2025 00:00,0,0.145,0,2.79,0,2.125,1.11,6.67,88.5,1012.8,2,5.333333333,2,260.5555556,1,9.877333333
30/11/2025 01:00,0,0.065,0,2.52,0,2,1.195,6.715,90.75,1012.635,2,3.833333333,2,212.2222222,1,7.099333333
30/11/2025 02:00,0,0.05,0,2.24,0,1.79,1.08,6.66,91.65,1012.63,2,3.833333333,2,240.5555556,1,7.099333333
30/11/2025 03:00,0,0,0,2.695,0,2.11,1.205,6.715,89.85,1013.12,2,4.388888889,2,236.6666667,1,8.128222222
30/11/2025 04:00,0,0.11,0,2.6,0,2.035,1.195,6.7,90.3,1013.12,2,4.333333333,2,230.5555556,1,8.025333333
30/11/2025 05:00,0,0.025,0,2.42,0,1.905,1.105,6.65,90.85,1013.065,2,3.444444444,2,203.8888889,1,6.379111111
30/11/2025 06:00,0,0.005,0,2.3,0,1.815,1.085,6.64,91.5,1012.875,2,3.777777778,2,203.3333333,1,6.996444444
30/11/2025 07:00,0,0.015,0,2.235,0,1.81,1.145,6.675,92.3,1012.885,2,3.888888889,2,193.3333333,1,7.202222222
30/11/2025 08:00,0,0.01,0,1.945,0,1.62,1.11,6.655,93.85,1012.88,2,3.944444444,2,186.6666667,1,7.305111111
30/11/2025 09:00,0,0.01,0,2.235,0,1.86,1.265,6.725,93.2,1012.47,2,4.166666667,2,171.6666667,1,7.716666667
30/11/2025 10:00,0,0,0,3.58,0,3.015,2.225,7.215,90.8,1012.005,2,5.166666667,2,185,1,9.568666667
30/11/2025 11:00,0,0.01,0,4.71,0,4.07,3.17,7.72,89.85,1011.595,2,6.444444444,2,178.3333333,1,11.93511111
30/11/2025 12:00,0,0.025,0,5.525,0,4.85,3.945,8.15,89.5,1010.415,2,7.944444444,2,172.7777778,1,14.71311111
30/11/2025 13:00,0,0.07,0,5.975,0,5.24,4.31,8.375,88.85,1009.12,2,9.944444444,2,172.7777778,1,18.41711111
30/11/2025 14:00,0,0.15,0,6.26,0,5.52,4.565,8.53,88.8,1007.495,2,10.88888889,2,165,1,20.16622222
30/11/2025 15:00,0,0.505,0,6.585,0,5.875,4.92,8.765,88.9,1005.68,2,12.05555556,2,159.4444444,1,22.32688889
30/11/2025 16:00,0,1.09,0,6.99,0,6.285,5.365,9.04,89.1,1004.37,2,13.66666667,2,166.1111111,1,25.31066667
30/11/2025 17:00,0,1.645,0,7.415,0,6.875,6.18,9.565,91.3,1002.755,2,14.66666667,2,167.7777778,1,27.16266667
30/11/2025 18:00,0,1.645,0,7.985,0,7.515,6.96,10.08,93,1001.425,2,15.22222222,2,168.8888889,1,28.19155556
30/11/2025 19:00,0,1.11,0,8.67,0,8.245,7.78,10.655,93.75,1000.035,2,15.38888889,2,174.4444444,1,28.50022222
30/11/2025 20:00,0,0.77,0,9.225,0,8.83,8.385,11.09,94.05,998.73,2,14.72222222,2,184.4444444,1,27.26555556
30/11/2025 21:00,0,0.715,0,9.675,0,9.255,8.805,11.395,93.95,997.61,2,13.94444444,2,190.5555556,1,25.82511111
30/11/2025 22:00,0,0.815,0,9.985,0,9.605,9.225,11.695,94.4,996.54,2,13.38888889,2,195,1,24.79622222
30/11/2025 23:00,0,0.8,0,10.16,0,9.79,9.43,11.86,94.9,995.49,2,12.11111111,2,199.4444444,1,22.42977778
01/12/2025 00:00,0,0.7,0,10.32,0,9.94,9.545,11.955,94.6,994.675,2,11.55555556,2,203.3333333,1,21.40088889
01/12/2025 01:00,0,1.025,0,10.4,0,10.055,9.715,12.095,95.1,994.1,2,10.88888889,2,211.1111111,1,20.16622222
01/12/2025 02:00,0,1.23,0,10.145,0,9.765,9.41,11.835,94.75,993.585,2,10.83333333,2,223.3333333,1,20.06333333
01/12/2025 03:00,0,0.785,0,9.755,0,9.345,8.92,11.435,94,993.17,2,9.277777778,2,221.1111111,1,17.18244444
01/12/2025 04:00,0,0.585,0,9.18,0,8.77,8.3,10.985,93.95,992.5,2,7.611111111,2,241.6666667,1,14.09577778
01/12/2025 05:00,0,0.765,0,8.725,0,8.295,7.795,10.605,93.7,992.005,2,6.277777778,2,225,1,11.62644444
01/12/2025 06:00,0,0.365,0,8.455,0,8.055,7.585,10.465,93.8,991.265,2,5.777777778,2,213.8888889,1,10.70044444
01/12/2025 07:00,0,0.265,0,8.135,0,7.72,7.23,10.21,93.6,990.75,2,5.166666667,2,178.8888889,1,9.568666667
01/12/2025 08:00,0,0.11,0,7.945,0,7.59,7.17,10.15,94.65,990.44,2,5,2,169.4444444,1,9.26
01/12/2025 09:00,0,0.14,0,7.925,0,7.565,7.165,10.14,94.55,989.875,2,4.611111111,2,159.4444444,1,8.539777778
01/12/2025 10:00,0,0.145,0,8.14,0,7.77,7.315,10.235,94.3,989.29,2,5.611111111,2,138.8888889,1,10.39177778
01/12/2025 11:00,0,0.465,0,8.465,0,8.035,7.52,10.39,93.5,988.64,2,5.5,2,146.1111111,1,10.186
01/12/2025 12:00,0,0.46,0,8.755,0,8.31,7.79,10.61,93.2,987.525,2,4.944444444,2,173.8888889,1,9.157111111
01/12/2025 13:00,0,0.49,0,8.7,0,8.185,7.57,10.445,92.25,986.8,2,5.833333333,2,186.1111111,1,10.80333333
01/12/2025 14:00,0,0.645,0,8.52,0,8.03,7.455,10.365,92.6,986.36,2,6.166666667,2,199.4444444,1,11.42066667
01/12/2025 15:00,0,0.95,0,8.15,0,7.595,6.955,10,91.9,986.19,2,7.722222222,2,218.3333333,1,14.30155556
01/12/2025 16:00,0,0.565,0,7.775,0,7.135,6.37,9.63,90.65,986.49,2,8,2,244.4444444,1,14.816
01/12/2025 17:00,0,0.335,0,7.34,0,6.63,5.735,9.21,89.4,987.005,2,8.277777778,2,251.1111111,1,15.33044444
01/12/2025 18:00,0,0.245,0,6.745,0,6.035,5.195,8.84,89.7,987.505,2,8.611111111,2,247.2222222,1,15.94777778
01/12/2025 19:00,0,0.075,0,6.4,0,5.645,4.67,8.54,88.6,988.235,2,8.944444444,2,233.8888889,1,16.56511111
01/12/2025 20:00,0,0.095,0,6.13,0,5.36,4.385,8.355,88.6,988.67,2,9.333333333,2,229.4444444,1,17.28533333
01/12/2025 21:00,0,0.025,0,5.89,0,5.15,4.21,8.255,88.95,988.945,2,9.777777778,2,220,1,18.10844444
01/12/2025 22:00,0,0.1,0,5.565,0,4.845,3.875,8.085,88.75,989.31,2,9.666666667,2,211.6666667,1,17.90266667
01/12/2025 23:00,0,0.06,0,5.75,0,4.975,3.955,8.12,88.15,989.625,2,9.722222222,2,206.6666667,1,18.00555556
02/12/2025 00:00,0,0.09,0,5.66,0,4.83,3.735,7.995,87.35,990.065,2,10,2,214.4444444,1,18.52
02/12/2025 01:00,0,0.11,0,5.855,0,4.975,3.8,8.03,86.65,990.235,2,10.38888889,2,210,1,19.24022222
02/12/2025 02:00,0,0.09,0,5.73,0,4.835,3.65,7.945,86.4,990.375,2,10.55555556,2,210.5555556,1,19.54888889
02/12/2025 03:00,0,0.175,0,5.705,0,4.75,3.455,7.84,85.65,990.715,2,10.5,2,206.6666667,1,19.446
02/12/2025 04:00,0,0.085,0,5.57,0,4.68,3.455,7.86,86.35,990.87,2,10.5,2,200,1,19.446
02/12/2025 05:00,0,0.095,0,5.64,0,4.635,3.255,7.745,84.7,991.135,2,10.72222222,2,200,1,19.85755556
02/12/2025 06:00,0,0.035,0,5.575,0,4.61,3.285,7.745,85.05,991.47,2,10.72222222,2,201.1111111,1,19.85755556
02/12/2025 07:00,0,0.04,0,5.495,0,4.545,3.205,7.7,85.1,992.045,2,10.05555556,2,195.5555556,1,18.62288889
02/12/2025 08:00,0,0.11,0,5.61,0,4.675,3.395,7.81,85.5,992.69,2,10.16666667,2,204.4444444,1,18.82866667
02/12/2025 09:00,0,0.1,0,5.52,0,4.625,3.375,7.8,85.8,993.3,2,10.05555556,2,201.1111111,1,18.62288889
02/12/2025 10:00,0,0.065,0,6.46,0,5.345,3.845,8.07,83.1,993.86,2,10.11111111,2,197.2222222,1,18.72577778
02/12/2025 11:00,0,0.055,0,7.45,0,6.075,4.285,8.32,80.05,994.36,2,10.83333333,2,198.8888889,1,20.06333333
02/12/2025 12:00,0,0.005,0,7.985,0,6.46,4.52,8.46,78.4,994.39,2,11,2,201.1111111,1,20.372
02/12/2025 13:00,0,0,0,8.435,0,6.77,4.625,8.505,76.45,994.58,2,10.38888889,2,206.1111111,1,19.24022222
02/12/2025 14:00,0,0.01,0,8.31,0,6.58,4.37,8.36,75.8,994.83,2,10.55555556,2,210,1,19.54888889
02/12/2025 15:00,0,0.05,0,8.01,0,6.395,4.345,8.34,77.4,995.27,2,9.944444444,2,204.4444444,1,18.41711111
02/12/2025 16:00,0,0.11,0,6.985,0,5.69,3.965,8.105,80.75,995.945,2,8.666666667,2,202.2222222,1,16.05066667
02/12/2025 17:00,0,0.11,0,6.19,0,5.165,3.82,8.045,84.65,996.62,2,7.5,2,185,1,13.89
02/12/2025 18:00,0,0.035,0,5.75,0,4.72,3.31,7.77,84.25,997.175,2,8,2,185.5555556,1,14.816
02/12/2025 19:00,0,0.085,0,5.365,0,4.465,3.22,7.715,85.85,997.69,2,8.277777778,2,180.5555556,1,15.33044444
02/12/2025 20:00,0,0.07,0,4.98,0,4.125,2.915,7.55,86.35,998.165,2,8.222222222,2,194.4444444,1,15.22755556
02/12/2025 21:00,0,0.025,0,5.14,0,4.29,3.105,7.665,86.5,998.515,2,7.944444444,2,187.2222222,1,14.71311111
02/12/2025 22:00,0,0.145,0,4.73,0,3.98,2.9,7.565,87.7,998.885,2,7.5,2,187.7777778,1,13.89
02/12/2025 23:00,0,0.17,0,4.875,0,4.115,3.01,7.64,87.35,999.195,2,7.888888889,2,195,1,14.61022222
03/12/2025 00:00,0,0.11,0,4.85,0,4.13,3.105,7.705,88.2,999.55,2,7.666666667,2,186.6666667,1,14.19866667
03/12/2025 01:00,0,0.08,0,4.955,0,4.235,3.235,7.79,88.35,999.675,2,7.5,2,193.8888889,1,13.89
03/12/2025 02:00,0,0.115,0,5.02,0,4.37,3.465,7.91,89.45,999.745,2,7.277777778,2,203.3333333,1,13.47844444
03/12/2025 03:00,0,0.175,0,5.195,0,4.52,3.635,8.005,89.4,999.975,2,8.166666667,2,211.1111111,1,15.12466667
03/12/2025 04:00,0,0.005,0,5.415,0,4.765,3.89,8.13,89.75,1000,2,7.944444444,2,212.2222222,1,14.71311111
03/12/2025 05:00,0,0.075,0,5.445,0,4.845,4.06,8.23,90.65,1000.25,2,7.722222222,2,208.8888889,1,14.30155556
03/12/2025 06:00,0,0.08,0,5.475,0,4.875,4.06,8.235,90.55,1000.6,2,7.611111111,2,203.8888889,1,14.09577778
03/12/2025 07:00,0,0.025,0,5.175,0,4.675,3.965,8.175,91.6,1000.74,2,6.944444444,2,196.6666667,1,12.86111111
03/12/2025 08:00,0,0.055,0,5.215,0,4.7,4.05,8.235,92,1001.025,2,6.666666667,2,202.2222222,1,12.34666667
03/12/2025 09:00,0,0.07,0,5.435,0,4.91,4.225,8.33,91.65,1001.065,2,7.5,2,192.7777778,1,13.89
03/12/2025 10:00,0,0.035,0,6.405,0,5.73,4.895,8.7,89.9,1000.965,2,7.666666667,2,196.6666667,1,14.19866667
03/12/2025 11:00,0,0.005,0,7.4,0,6.59,5.605,9.11,88.25,1000.665,2,8,2,193.3333333,1,14.816
03/12/2025 12:00,0,0.06,0,8.135,0,7.14,5.925,9.325,85.9,1000.105,2,8.611111111,2,196.6666667,1,15.94777778
03/12/2025 13:00,0,0.005,0,8.415,0,7.375,6.115,9.43,85.3,999.46,2,9.111111111,2,192.7777778,1,16.87377778
03/12/2025 14:00,0,0.095,0,8.385,0,7.34,6.115,9.44,85.3,998.64,2,9.611111111,2,184.4444444,1,17.79977778
03/12/2025 15:00,0,0.14,0,8.12,0,7.13,5.95,9.325,85.75,997.785,2,9.611111111,2,179.4444444,1,17.79977778
03/12/2025 16:00,0,0.42,0,7.97,0,7.025,5.9,9.295,86.5,997.15,2,10.44444444,2,173.3333333,1,19.34311111
03/12/2025 17:00,0,0.285,0,7.81,0,6.935,5.835,9.265,87,996.34,2,10.66666667,2,166.6666667,1,19.75466667
03/12/2025 18:00,0,0.605,0,7.715,0,6.85,5.795,9.23,87.4,995.525,2,11.72222222,2,161.1111111,1,21.70955556
03/12/2025 19:00,0,0.575,0,7.535,0,6.725,5.72,9.175,87.85,994.785,2,11.55555556,2,165.5555556,1,21.40088889
03/12/2025 20:00,0,0.56,0,7.61,0,6.68,5.555,9.085,86.65,994.23,2,11.22222222,2,176.6666667,1,20.78355556
03/12/2025 21:00,0,0.91,0,7.38,0,6.475,5.33,8.95,86.75,993.905,2,10.66666667,2,185.5555556,1,19.75466667
03/12/2025 22:00,0,0.885,0,7.09,0,6.22,5.085,8.785,87.2,993.555,2,9.888888889,2,212.7777778,1,18.31422222
03/12/2025 23:00,0,0.655,0,7.005,0,6.16,5.105,8.81,87.75,993.3,2,9.222222222,2,216.6666667,1,17.07955556
04/12/2025 00:00,0,0.66,0,6.675,0,5.82,4.685,8.55,87.05,992.95,2,9.555555556,2,230.5555556,1,17.69688889
04/12/2025 01:00,0,0.38,0,6.135,0,5.23,3.99,8.15,86.35,992.755,2,9.111111111,2,247.7777778,1,16.87377778
04/12/2025 02:00,0,0.19,0,5.555,0,4.775,3.67,7.975,87.55,992.79,2,8.888888889,2,252.2222222,1,16.46222222
04/12/2025 03:00,0,0.19,0,5.25,0,4.485,3.375,7.795,87.55,992.95,2,7.555555556,2,251.1111111,1,13.99288889
04/12/2025 04:00,0,0.115,0,4.97,0,4.215,3.155,7.68,88,992.855,2,7.5,2,250,1,13.89
04/12/2025 05:00,0,0.165,0,4.525,0,3.845,2.84,7.505,88.8,993.015,2,7.333333333,2,241.6666667,1,13.58133333
04/12/2025 06:00,0,0.105,0,4.195,0,3.52,2.545,7.365,88.85,993.345,2,6.611111111,2,236.1111111,1,12.24377778
04/12/2025 07:00,0,0.05,0,3.68,0,3.015,2.045,7.1,89.05,993.905,2,6.333333333,2,231.6666667,1,11.72933333
04/12/2025 08:00,0,0.125,0,3.05,0,2.47,1.6,6.895,89.9,994.495,2,5.944444444,2,215.5555556,1,11.00911111
04/12/2025 09:00,0,0.03,0,3.135,0,2.49,1.505,6.84,89.15,995,2,6.388888889,2,222.2222222,1,11.83222222
04/12/2025 10:00,0,0.035,0,4.035,0,3.225,2.015,7.085,86.9,995.39,2,6.833333333,2,216.6666667,1,12.65533333
04/12/2025 11:00,0,0.02,0,5.355,0,4.255,2.695,7.425,82.95,995.81,2,6.444444444,2,215.5555556,1,11.93511111
04/12/2025 12:00,0,0.02,0,6.55,0,5.135,3.19,7.685,78.9,995.87,2,7.111111111,2,215.5555556,1,13.16977778
04/12/2025 13:00,0,0.005,0,7.28,0,5.63,3.39,7.795,76,995.93,2,8.444444444,2,226.6666667,1,15.63911111
04/12/2025 14:00,0,0.01,0,7.335,0,5.665,3.42,7.8,75.9,995.895,2,9.222222222,2,231.1111111,1,17.07955556
04/12/2025 15:00,0,0.025,0,6.84,0,5.43,3.47,7.85,78.8,995.87,2,9.166666667,2,223.3333333,1,16.97666667
04/12/2025 16:00,0,0.105,0,5.735,0,4.71,3.27,7.74,83.7,996.115,2,8.166666667,2,207.2222222,1,15.12466667
04/12/2025 17:00,0,0.115,0,5.195,0,4.38,3.205,7.71,86.45,996.645,2,8.277777778,2,199.4444444,1,15.33044444
04/12/2025 18:00,0,0.285,0,5.265,0,4.52,3.485,7.91,87.95,996.9,2,7.777777778,2,193.8888889,1,14.40444444
04/12/2025 19:00,0,0.175,0,5.585,0,4.74,3.585,7.95,86.7,997.12,2,8.555555556,2,189.4444444,1,15.84488889
04/12/2025 20:00,0,0.145,0,5.595,0,4.795,3.705,8,87.45,997.485,2,8.777777778,2,184.4444444,1,16.25644444
04/12/2025 21:00,0,0.185,0,5.77,0,4.985,3.915,8.125,87.75,997.78,2,8.722222222,2,201.1111111,1,16.15355556
04/12/2025 22:00,0,0.385,0,5.885,0,5.13,4.105,8.245,88.2,997.875,2,8.777777778,2,200,1,16.25644444
04/12/2025 23:00,0,0.215,0,5.96,0,5.14,4.025,8.18,87.4,997.795,2,8.388888889,2,202.2222222,1,15.53622222
05/12/2025 00:00,0,0.08,0,5.875,0,5.05,3.94,8.13,87.4,997.81,2,8.277777778,2,201.1111111,1,15.33044444
05/12/2025 01:00,0,0.035,0,5.725,0,4.885,3.785,8.02,87.45,997.755,2,8.388888889,2,194.4444444,1,15.53622222
05/12/2025 02:00,0,0.025,0,5.775,0,4.915,3.735,7.99,86.85,997.38,2,8.611111111,2,192.2222222,1,15.94777778
05/12/2025 03:00,0,0.05,0,5.755,0,4.97,3.915,8.105,87.9,996.95,2,9.111111111,2,176.1111111,1,16.87377778
05/12/2025 04:00,0,0.215,0,5.795,0,5.055,4.08,8.205,88.5,996.245,2,9.5,2,165,1,17.594
05/12/2025 05:00,0,0.215,0,6,0,5.235,4.17,8.28,87.6,995.33,2,10.38888889,2,158.8888889,1,19.24022222
05/12/2025 06:00,0,0.375,0,6.155,0,5.415,4.44,8.46,88.55,994.145,2,11.33333333,2,148.3333333,1,20.98933333
05/12/2025 07:00,0,0.31,0,6.605,0,5.825,4.785,8.675,87.75,992.585,2,13.16666667,2,145,1,24.38466667
05/12/2025 08:00,0,0.595,0,6.965,0,6.2,5.21,8.935,88.3,990.625,2,15.16666667,2,142.2222222,1,28.08866667
05/12/2025 09:00,0,0.705,0,7.485,0,6.715,5.71,9.26,88.35,988.4,2,17.11111111,2,138.8888889,1,31.68977778
05/12/2025 10:00,0,1.145,0,7.985,0,7.29,6.435,9.73,89.5,986.265,2,19.11111111,2,141.1111111,1,35.39377778
05/12/2025 11:00,0,1.565,0,8.595,0,7.905,7.09,10.185,90.15,984.16,2,19.61111111,2,143.3333333,1,36.31977778
05/12/2025 12:00,0,1.58,0,9.16,0,8.48,7.71,10.6,90.35,981.995,2,20,2,145,1,37.04
05/12/2025 13:00,0,1.9,0,9.385,0,8.765,8.11,10.86,91.45,980.28,2,19,2,152.2222222,1,35.188
05/12/2025 14:00,0,1.205,0,9.835,0,9.16,8.445,11.105,90.95,978.93,2,17.94444444,2,152.7777778,1,33.23311111
05/12/2025 15:00,0,0.755,0,10.085,0,9.4,8.685,11.26,90.6,978.16,2,16.16666667,2,162.2222222,1,29.94066667
05/12/2025 16:00,0,0.53,0,10.11,0,9.465,8.775,11.32,91.1,977.86,2,14.05555556,2,176.6666667,1,26.03088889
05/12/2025 17:00,0,0.4,0,9.95,0,9.385,8.77,11.335,92.2,977.62,2,12.66666667,2,181.6666667,1,23.45866667
05/12/2025 18:00,0,0.305,0,10.12,0,9.435,8.725,11.29,90.75,977.75,2,12.33333333,2,188.8888889,1,22.84133333
05/12/2025 19:00,0,0.24,0,9.94,0,9.165,8.325,10.985,89.5,977.945,2,12.27777778,2,197.2222222,1,22.73844444
05/12/2025 20:00,0,0.395,0,9.785,0,9.025,8.2,10.88,89.55,978.28,2,12.33333333,2,203.3333333,1,22.84133333
05/12/2025 21:00,0,0.445,0,9.51,0,8.82,8.04,10.765,90.25,978.52,2,12,2,205.5555556,1,22.224
05/12/2025 22:00,0,0.31,0,9.32,0,8.625,7.845,10.63,90.05,978.675,2,11.88888889,2,206.1111111,1,22.01822222
05/12/2025 23:00,0,0.24,0,9.145,0,8.42,7.605,10.47,89.9,978.775,2,11.33333333,2,205,1,20.98933333
06/12/2025 00:00,0,0.255,0,8.9,0,8.28,7.57,10.445,91,979.21,2,10.66666667,2,202.7777778,1,19.75466667
06/12/2025 01:00,0,0.245,0,8.795,0,8.18,7.49,10.395,91.2,979.65,2,10.77777778,2,204.4444444,1,19.96044444
06/12/2025 02:00,0,0.135,0,8.605,0,8.03,7.365,10.315,91.55,980.15,2,10.44444444,2,206.6666667,1,19.34311111
06/12/2025 03:00,0,0.145,0,8.67,0,8.115,7.495,10.395,92,980.785,2,10.33333333,2,208.8888889,1,19.13733333
06/12/2025 04:00,0,0.24,0,8.615,0,8.155,7.65,10.5,93.35,981.52,2,10.05555556,2,214.4444444,1,18.62288889
06/12/2025 05:00,0,0.095,0,8.605,0,8.12,7.615,10.485,93.4,982.45,2,9.888888889,2,216.6666667,1,18.31422222
06/12/2025 06:00,0,0.32,0,8.96,0,8.46,7.925,10.695,92.8,983.485,2,10.55555556,2,226.1111111,1,19.54888889
06/12/2025 07:00,0,0.43,0,9.06,0,8.555,8.005,10.755,92.95,984.53,2,11.11111111,2,229.4444444,1,20.57777778
06/12/2025 08:00,0,0.195,0,9.325,0,8.78,8.195,10.89,92.4,985.54,2,11.33333333,2,230.5555556,1,20.98933333
06/12/2025 09:00,0,0.295,0,9.535,0,8.885,8.225,10.905,91.25,986.57,2,11.72222222,2,230,1,21.70955556
06/12/2025 10:00,0,0.24,0,10.025,0,9.3,8.54,11.15,90.4,987.71,2,12.38888889,2,232.2222222,1,22.94422222
06/12/2025 11:00,0,0.34,0,10.26,0,9.45,8.59,11.17,89.2,988.585,2,13.27777778,2,238.3333333,1,24.59044444
06/12/2025 12:00,0,0.19,0,10.565,0,9.58,8.575,11.17,87.3,989.01,2,13.88888889,2,236.1111111,1,25.72222222
06/12/2025 13:00,0,0.14,0,10.615,0,9.665,8.65,11.225,87.4,989.63,2,14.55555556,2,238.3333333,1,26.95688889
06/12/2025 14:00,0,0.275,0,10.605,0,9.615,8.575,11.17,87.15,990.34,2,14.33333333,2,240.5555556,1,26.54533333
06/12/2025 15:00,0,0.235,0,10.345,0,9.45,8.49,11.105,88.15,991.26,2,13.88888889,2,242.2222222,1,25.72222222
06/12/2025 16:00,0,0.23,0,10.22,0,9.31,8.35,11,87.95,992.325,2,13.22222222,2,242.2222222,1,24.48755556
06/12/2025 17:00,0,0.095,0,9.975,0,9.115,8.18,10.885,88.4,993.165,2,11.72222222,2,242.2222222,1,21.70955556
06/12/2025 18:00,0,0.075,0,9.725,0,8.98,8.14,10.85,89.6,993.91,2,11.16666667,2,240.5555556,1,20.68066667
06/12/2025 19:00,0,0.03,0,9.57,0,8.81,7.965,10.72,89.45,994.565,2,9.888888889,2,233.3333333,1,18.31422222
06/12/2025 20:00,0,0.05,0,9.295,0,8.52,7.645,10.49,89.25,995.195,2,8.888888889,2,225.5555556,1,16.46222222
06/12/2025 21:00,0,0.025,0,8.87,0,8.21,7.48,10.395,90.75,995.585,2,7.888888889,2,217.7777778,1,14.61022222
06/12/2025 22:00,0,0.005,0,8.63,0,8.03,7.325,10.285,91.2,995.82,2,7.555555556,2,196.6666667,1,13.99288889
06/12/2025 23:00,0,0.085,0,8.48,0,7.89,7.19,10.21,91.3,995.79,2,7,2,183.8888889,1,12.964
07/12/2025 00:00,0,0.055,0,8.19,0,7.635,7.005,10.1,92,995.51,2,6.833333333,2,162.7777778,1,12.65533333
07/12/2025 01:00,0,0.04,0,8.07,0,7.575,6.995,10.115,92.4,994.885,2,7.166666667,2,152.2222222,1,13.27266667
07/12/2025 02:00,0,0.055,0,8.12,0,7.65,7.085,10.185,92.8,994.33,2,6.944444444,2,141.6666667,1,12.86111111
07/12/2025 03:00,0,0.045,0,8.325,0,7.865,7.335,10.365,93.15,994.04,2,7.444444444,2,137.7777778,1,13.78711111
07/12/2025 04:00,0,0.065,0,8.615,0,8.2,7.7,10.63,93.75,993.425,2,8.111111111,2,140,1,15.02177778
07/12/2025 05:00,0,0.185,0,8.975,0,8.625,8.235,10.99,94.65,992.855,2,7.555555556,2,137.2222222,1,13.99288889
07/12/2025 06:00,0,0.355,0,9.245,0,8.975,8.67,11.295,95.8,992.07,2,7.833333333,2,140,1,14.50733333
07/12/2025 07:00,0,0.395,0,9.45,0,9.2,8.925,11.48,96.2,991.55,2,7.166666667,2,146.1111111,1,13.27266667
07/12/2025 08:00,0,0.575,0,9.625,0,9.36,9.085,11.575,95.9,991.19,2,6.222222222,2,160,1,11.52355556
07/12/2025 09:00,0,0.965,0,9.795,0,9.5,9.215,11.67,95.8,990.985,2,5.944444444,2,176.6666667,1,11.00911111
07/12/2025 10:00,0,1.04,0,9.85,0,9.575,9.3,11.74,96.05,990.9,2,6.277777778,2,191.6666667,1,11.62644444
07/12/2025 11:00,0,0.785,0,9.86,0,9.535,9.2,11.67,95.3,991.17,2,6.5,2,216.6666667,1,12.038
07/12/2025 12:00,0,0.94,0,9.895,0,9.555,9.19,11.665,95,991.255,2,7.388888889,2,242.2222222,1,13.68422222
07/12/2025 13:00,0,0.735,0,9.885,0,9.44,8.98,11.49,93.75,991.69,2,8.611111111,2,251.1111111,1,15.94777778
07/12/2025 14:00,0,0.515,0,9.845,0,9.195,8.505,11.125,91,992.42,2,9.388888889,2,254.4444444,1,17.38822222
07/12/2025 15:00,0,0.2,0,9.845,0,8.995,8.085,10.81,88.4,993.235,2,10.16666667,2,245.5555556,1,18.82866667
07/12/2025 16:00,0,0.04,0,9.475,0,8.765,7.96,10.71,89.9,994.19,2,9.222222222,2,237.7777778,1,17.07955556
07/12/2025 17:00,0,0,0,9.075,0,8.475,7.855,10.635,91.7,994.995,2,8.833333333,2,219.4444444,1,16.35933333
07/12/2025 18:00,0,0.005,0,9.13,0,8.535,7.89,10.685,91.6,995.6,2,8.833333333,2,209.4444444,1,16.35933333
07/12/2025 19:00,0,0.02,0,8.81,0,8.275,7.655,10.54,92,996.04,2,8.666666667,2,202.7777778,1,16.05066667
07/12/2025 20:00,0,0.03,0,8.945,0,8.355,7.71,10.575,91.6,995.975,2,9.055555556,2,194.4444444,1,16.77088889
07/12/2025 21:00,0,0.025,0,8.82,0,8.235,7.58,10.49,91.65,995.885,2,9.444444444,2,180,1,17.49111111
07/12/2025 22:00,0,0.15,0,8.84,0,8.235,7.55,10.465,91.35,995.455,2,9.944444444,2,177.2222222,1,18.41711111
07/12/2025 23:00,0,0.4,0,8.79,0,8.14,7.425,10.365,90.75,994.75,2,10.55555556,2,171.1111111,1,19.54888889
08/12/2025 00:00,0,0.34,0,9.12,0,8.49,7.795,10.615,91.15,994.115,2,11.5,2,168.8888889,1,21.298
08/12/2025 01:00,0,0.88,0,9.295,0,8.555,7.74,10.57,89.75,993.575,2,11.94444444,2,164.4444444,1,22.12111111
08/12/2025 02:00,0,0.445,0,9.57,0,8.51,7.37,10.295,85.9,993.175,2,13.44444444,2,177.2222222,1,24.89911111
08/12/2025 03:00,0,0.175,0,9.365,0,8.255,7,10.025,84.85,993.685,2,13.72222222,2,195,1,25.41355556
08/12/2025 04:00,0,0.105,0,8.975,0,7.77,6.375,9.61,83.4,994.195,2,13.83333333,2,207.7777778,1,25.61933333
08/12/2025 05:00,0,0.19,0,8.775,0,7.57,6.145,9.465,83.35,994.75,2,13.11111111,2,210.5555556,1,24.28177778
08/12/2025 06:00,0,0,0,8.545,0,7.39,6.03,9.385,83.85,995.25,2,12.44444444,2,210,1,23.04711111
08/12/2025 07:00,0,0.03,0,8.515,0,7.38,6.01,9.395,84.15,995.825,2,11.66666667,2,199.4444444,1,21.60666667
08/12/2025 08:00,0,0.17,0,8.4,0,7.39,6.195,9.535,85.75,996.515,2,11.5,2,192.2222222,1,21.298
08/12/2025 09:00,0,0.47,0,8.85,0,7.825,6.61,9.815,85.45,997.185,2,11.83333333,2,188.3333333,1,21.91533333
08/12/2025 10:00,0,0.06,0,9.415,0,8.285,6.99,10.07,84.55,997.71,2,11.66666667,2,191.1111111,1,21.60666667
08/12/2025 11:00,0,0.21,0,9.98,0,8.85,7.59,10.485,85,998.07,2,11.66666667,2,198.3333333,1,21.60666667
08/12/2025 12:00,0,0.285,0,10.57,0,9.36,8.09,10.83,84.4,997.93,2,12.27777778,2,195,1,22.73844444
08/12/2025 13:00,0,0.15,0,11.03,0,9.74,8.39,11.05,83.6,997.905,2,12.22222222,2,193.8888889,1,22.63555556
08/12/2025 14:00,0,0.13,0,11.115,0,9.87,8.57,11.2,84.05,998.015,2,11.72222222,2,193.8888889,1,21.70955556
08/12/2025 15:00,0,0.065,0,10.855,0,9.745,8.595,11.22,85.75,998.14,2,11.27777778,2,192.7777778,1,20.88644444
08/12/2025 16:00,0,0.015,0,10.52,0,9.55,8.53,11.16,87,998.355,2,9.611111111,2,187.7777778,1,17.79977778
08/12/2025 17:00,0,0.02,0,10.36,0,9.515,8.63,11.235,88.55,998.48,2,9,2,179.4444444,1,16.668
08/12/2025 18:00,0,0,0,10.255,0,9.475,8.64,11.265,89.4,998.535,2,9,2,174.4444444,1,16.668
08/12/2025 19:00,0,0.005,0,9.935,0,9.305,8.625,11.255,91.15,998.39,2,8.666666667,2,165,1,16.05066667
08/12/2025 20:00,0,0.115,0,9.915,0,9.365,8.785,11.375,92.35,997.86,2,8.277777778,2,155.5555556,1,15.33044444
08/12/2025 21:00,0,0.005,0,9.87,0,9.34,8.785,11.365,92.55,997.06,2,8.611111111,2,140,1,15.94777778
08/12/2025 22:00,0,0.04,0,10.08,0,9.475,8.83,11.385,91.65,996.06,2,9.333333333,2,131.1111111,1,17.28533333
08/12/2025 23:00,0,0.355,0,10.395,0,9.765,9.13,11.615,91.7,994.59,2,9.833333333,2,121.6666667,1,18.21133333
09/12/2025 00:00,0,0.565,0,10.705,0,10.18,9.64,12.025,92.65,992.73,2,11.44444444,2,117.2222222,1,21.19511111
09/12/2025 01:00,0,1.055,0,10.97,0,10.52,10.05,12.36,93.55,990.64,2,12.61111111,2,118.8888889,1,23.35577778
09/12/2025 02:00,0,1.9,0,11.12,0,10.74,10.365,12.64,94.85,988.515,2,13.61111111,2,120.5555556,1,25.20777778
09/12/2025 03:00,0,1.74,0,11.56,0,11.155,10.785,12.99,94.7,986.455,2,15.44444444,2,126.6666667,1,28.60311111
09/12/2025 04:00,0,1.1,0,12.005,0,11.63,11.285,13.43,95.05,984.595,2,15.83333333,2,132.7777778,1,29.32333333
09/12/2025 05:00,0,0.61,0,12.69,0,12.305,11.965,14.04,95,983.245,2,16.38888889,2,143.3333333,1,30.35222222
09/12/2025 06:00,0,0.38,0,13.315,0,12.85,12.455,14.49,94.5,982.115,2,17.11111111,2,154.4444444,1,31.68977778
09/12/2025 07:00,0,0.355,0,13.815,0,13.27,12.825,14.82,93.45,981.245,2,17.83333333,2,158.3333333,1,33.02733333
09/12/2025 08:00,0,0.515,0,14.135,0,13.52,13.005,14.995,92.7,980.36,2,18.16666667,2,157.7777778,1,33.64466667
09/12/2025 09:00,0,0.34,0,14.31,0,13.66,13.135,15.115,92.3,979.29,2,18.72222222,2,158.8888889,1,34.67355556
09/12/2025 10:00,0,0.14,0,14.49,0,13.735,13.115,15.085,90.95,977.72,2,19.44444444,2,158.3333333,1,36.01111111
09/12/2025 11:00,0,0.14,0,14.54,0,13.565,12.78,14.78,88.85,975.93,2,20.88888889,2,158.3333333,1,38.68622222
09/12/2025 12:00,0,0.12,0,14.345,0,13.185,12.2,14.21,86.7,973.76,2,22.33333333,2,161.1111111,1,41.36133333
09/12/2025 13:00,0,0.31,0,13.57,0,12.13,10.84,13.01,83.45,973.005,2,23.55555556,2,173.3333333,1,43.62488889
09/12/2025 14:00,0,0.32,0,12.575,0,11.41,10.315,12.56,85.9,973.725,2,23.94444444,2,182.7777778,1,44.34511111
09/12/2025 15:00,0,0.35,0,11.65,0,10.625,9.605,11.985,86.9,976.18,2,24.27777778,2,211.1111111,1,44.96244444
09/12/2025 16:00,0,0.565,0,10.93,0,9.64,8.27,10.955,83.7,980.315,2,24.55555556,2,225,1,45.47688889
09/12/2025 17:00,0,0.595,0,10.335,0,8.92,7.34,10.29,81.6,984.06,2,24.05555556,2,232.7777778,1,44.55088889
09/12/2025 18:00,0,0.355,0,10.115,0,8.54,6.75,9.865,79.1,987.045,2,22.33333333,2,236.6666667,1,41.36133333
09/12/2025 19:00,0,0.19,0,10.025,0,8.38,6.51,9.71,78.6,989.37,2,20.66666667,2,231.6666667,1,38.27466667
09/12/2025 20:00,0,0.095,0,9.83,0,8.135,6.19,9.495,77.65,991.25,2,19,2,227.2222222,1,35.188
09/12/2025 21:00,0,0.015,0,9.6,0,7.925,5.955,9.335,77.6,993.05,2,17.94444444,2,225.5555556,1,33.23311111
09/12/2025 22:00,0,0.065,0,9.425,0,7.86,6,9.385,78.7,994.37,2,16.27777778,2,221.1111111,1,30.14644444
09/12/2025 23:00,0,0.04,0,9.2,0,7.765,6.035,9.415,80.4,995.34,2,15.55555556,2,217.7777778,1,28.80888889
10/12/2025 00:00,0,0.07,0,9.12,0,7.83,6.34,9.595,82.45,996.21,2,14.33333333,2,212.2222222,1,26.54533333
10/12/2025 01:00,0,0.045,0,9.06,0,7.85,6.445,9.665,83.4,996.675,2,14.16666667,2,207.2222222,1,26.23666667
10/12/2025 02:00,0,0.055,0,9.175,0,7.92,6.485,9.695,83.05,997.155,2,14.5,2,203.8888889,1,26.854
10/12/2025 03:00,0,0.29,0,9.07,0,7.815,6.365,9.605,83.05,997.765,2,15.16666667,2,210.5555556,1,28.08866667
10/12/2025 04:00,0,0.365,0,9.16,0,7.91,6.445,9.665,82.9,998.36,2,15,2,215,1,27.78
10/12/2025 05:00,0,0.14,0,9.125,0,7.82,6.32,9.57,82.35,999.38,2,15.33333333,2,222.2222222,1,28.39733333
10/12/2025 06:00,0,0.04,0,9.205,0,7.845,6.295,9.56,81.85,1000.475,2,15.33333333,2,228.3333333,1,28.39733333
10/12/2025 07:00,0,0.1,0,9.185,0,7.885,6.39,9.625,82.4,1001.88,2,15.88888889,2,233.8888889,1,29.42622222
10/12/2025 08:00,0,0.12,0,9.255,0,7.945,6.4,9.635,82.2,1003.215,2,15.16666667,2,236.1111111,1,28.08866667
10/12/2025 09:00,0,0.095,0,9.455,0,8.045,6.44,9.63,81.2,1004.545,2,14.22222222,2,236.1111111,1,26.33955556
10/12/2025 10:00,0,0.015,0,9.88,0,8.325,6.555,9.725,79.35,1006.11,2,14.77777778,2,235.5555556,1,27.36844444
10/12/2025 11:00,0,0.025,0,10.255,0,8.465,6.405,9.62,76.7,1007.39,2,14.94444444,2,238.8888889,1,27.67711111
10/12/2025 12:00,0,0.005,0,10.765,0,8.645,6.235,9.515,73.15,1008.205,2,14.83333333,2,234.4444444,1,27.47133333
10/12/2025 13:00,0,0,0,10.74,0,8.67,6.3,9.56,73.55,1008.865,2,15.11111111,2,233.3333333,1,27.98577778
10/12/2025 14:00,0,0.005,0,10.765,0,8.76,6.51,9.7,74.5,1009.2,2,14.38888889,2,226.1111111,1,26.64822222
10/12/2025 15:00,0,0,0,10.705,0,8.78,6.64,9.79,75.6,1009.41,2,14.94444444,2,216.6666667,1,27.67711111
10/12/2025 16:00,0,0,0,10.485,0,8.705,6.7,9.82,77.05,1009.965,2,14.55555556,2,212.7777778,1,26.95688889
10/12/2025 17:00,0,0,0,10.285,0,8.575,6.655,9.795,77.85,1010.155,2,14.38888889,2,212.2222222,1,26.64822222
10/12/2025 18:00,0,0,0,10.115,0,8.525,6.74,9.855,79.15,1010.255,2,14.5,2,202.2222222,1,26.854
10/12/2025 19:00,0,0,0,10.06,0,8.54,6.81,9.91,79.75,1010.26,2,14.77777778,2,198.3333333,1,27.36844444
10/12/2025 20:00,0,0,0,10,0,8.405,6.645,9.8,79.3,1010.225,2,15.55555556,2,193.3333333,1,28.80888889
10/12/2025 21:00,0,0,0,9.97,0,8.4,6.63,9.785,79.4,1009.905,2,15.33333333,2,191.6666667,1,28.39733333
10/12/2025 22:00,0,0,0,9.89,0,8.3,6.51,9.7,79.1,1009.12,2,15.33333333,2,183.8888889,1,28.39733333
10/12/2025 23:00,0,0,0,9.95,0,8.325,6.455,9.66,78.55,1008.26,2,16.55555556,2,178.3333333,1,30.66088889
11/12/2025 00:00,0,0,0,10.055,0,8.4,6.495,9.7,78.2,1007.515,2,17,2,175.5555556,1,31.484
11/12/2025 01:00,0,0,0,10.38,0,8.56,6.505,9.705,76.4,1006.785,2,18.22222222,2,177.7777778,1,33.74755556
11/12/2025 02:00,0,0,0,10.625,0,8.725,6.58,9.77,75.65,1006.14,2,19.72222222,2,178.3333333,1,36.52555556
11/12/2025 03:00,0,0.005,0,10.785,0,8.845,6.665,9.815,75.45,1005.51,2,20.22222222,2,177.2222222,1,37.45155556
11/12/2025 04:00,0,0.12,0,10.7,0,8.905,6.905,9.995,77.05,1004.575,2,19.83333333,2,178.3333333,1,36.73133333
11/12/2025 05:00,0,0.215,0,10.84,0,9.045,7.045,10.095,77.15,1003.99,2,19.22222222,2,175,1,35.59955556
11/12/2025 06:00,0,0.36,0,10.935,0,9.25,7.405,10.34,78.7,1003.3,2,19.72222222,2,174.4444444,1,36.52555556
11/12/2025 07:00,0,0.475,0,10.885,0,9.25,7.46,10.37,79.25,1003.07,2,20,2,176.6666667,1,37.04
11/12/2025 08:00,0,0.38,0,10.725,0,9.225,7.6,10.455,81,1003.01,2,17.55555556,2,187.2222222,1,32.51288889
11/12/2025 09:00,0,0.565,0,10.44,0,9.17,7.8,10.59,83.75,1003.13,2,16.33333333,2,190.5555556,1,30.24933333
11/12/2025 10:00,0,0.415,0,10.275,0,9.23,8.095,10.81,86.4,1003.665,2,15.66666667,2,195,1,29.01466667
11/12/2025 11:00,0,0.48,0,9.945,0,8.965,7.915,10.695,87.15,1004.055,2,14.16666667,2,201.1111111,1,26.23666667
11/12/2025 12:00,0,0.42,0,9.355,0,8.425,7.415,10.325,87.55,1004.125,2,10.94444444,2,212.7777778,1,20.26911111
11/12/2025 13:00,0,0.525,0,9.095,0,8.3,7.395,10.34,89,1004.165,2,8.833333333,2,211.6666667,1,16.35933333
11/12/2025 14:00,0,0.77,0,8.7,0,7.87,6.845,9.975,88.2,1004.545,2,7.722222222,2,199.4444444,1,14.30155556
11/12/2025 15:00,0,0.54,0,8.365,0,7.415,6.245,9.555,86.5,1004.89,2,6.722222222,2,192.2222222,1,12.44955556
11/12/2025 16:00,0,0.335,0,7.995,0,7.045,5.83,9.28,86.25,1005.235,2,6.277777778,2,192.7777778,1,11.62644444
11/12/2025 17:00,0,0.255,0,7.475,0,6.595,5.49,9.045,87.35,1005.74,2,5.888888889,2,187.7777778,1,10.90622222
11/12/2025 18:00,0,0.12,0,7.375,0,6.47,5.325,8.945,86.85,1006.125,2,6.055555556,2,178.8888889,1,11.21488889
11/12/2025 19:00,0,0.1,0,7.07,0,6.26,5.22,8.875,87.9,1006.34,2,6.277777778,2,181.1111111,1,11.62644444
11/12/2025 20:00,0,0.155,0,6.825,0,5.955,4.87,8.66,87.55,1006.575,2,6.555555556,2,175,1,12.14088889
11/12/2025 21:00,0,0.07,0,6.35,0,5.58,4.605,8.49,88.45,1006.83,2,6.666666667,2,178.8888889,1,12.34666667
11/12/2025 22:00,0,0.02,0,5.96,0,5.22,4.25,8.285,88.7,1007.085,2,6.222222222,2,176.6666667,1,11.52355556
11/12/2025 23:00,0,0.02,0,5.545,0,4.875,4.01,8.155,89.55,1007.355,2,6.555555556,2,179.4444444,1,12.14088889
12/12/2025 00:00,0,0,0,5.305,0,4.53,3.535,7.915,88.35,1007.765,2,7.055555556,2,180.5555556,1,13.06688889
12/12/2025 01:00,0,0.005,0,5.335,0,4.495,3.38,7.825,87.45,1007.925,2,7.833333333,2,184.4444444,1,14.50733333
12/12/2025 02:00,0,0,0,5.165,0,4.315,3.195,7.7,87.35,1008.21,2,7.222222222,2,179.4444444,1,13.37555556
12/12/2025 03:00,0,0.055,0,5.075,0,4.265,3.18,7.705,87.8,1008.495,2,7.333333333,2,181.6666667,1,13.58133333
12/12/2025 04:00,0,0.015,0,4.835,0,4.125,3.17,7.72,88.95,1008.72,2,7.055555556,2,178.8888889,1,13.06688889
12/12/2025 05:00,0,0.015,0,5.03,0,4.32,3.39,7.83,89.05,1009.095,2,7.111111111,2,166.1111111,1,13.16977778
12/12/2025 06:00,0,0.005,0,4.835,0,4.11,3.16,7.705,89,1009.575,2,7.111111111,2,169.4444444,1,13.16977778
12/12/2025 07:00,0,0.02,0,4.95,0,4.265,3.37,7.83,89.3,1010.08,2,7.444444444,2,171.6666667,1,13.78711111
12/12/2025 08:00,0,0.04,0,5.255,0,4.495,3.49,7.91,88.45,1010.61,2,8.333333333,2,178.8888889,1,15.43333333
12/12/2025 09:00,0,0.065,0,5.445,0,4.71,3.745,8.035,88.65,1011.29,2,8.388888889,2,186.1111111,1,15.53622222
12/12/2025 10:00,0,0.03,0,6.465,0,5.565,4.415,8.415,86.7,1012.015,2,8.777777778,2,188.8888889,1,16.25644444
12/12/2025 11:00,0,0.14,0,7.6,0,6.49,5.115,8.815,84,1012.695,2,9.388888889,2,190,1,17.38822222
12/12/2025 12:00,0,0.025,0,8.72,0,7.21,5.375,8.975,79.3,1012.975,2,10.22222222,2,196.1111111,1,18.93155556
12/12/2025 13:00,0,0.03,0,9.03,0,7.43,5.5,9.04,78.3,1013.37,2,10.66666667,2,205,1,19.75466667
12/12/2025 14:00,0,0.015,0,9.2,0,7.625,5.79,9.22,78.95,1013.76,2,10.11111111,2,205,1,18.72577778
12/12/2025 15:00,0,0.015,0,9.05,0,7.535,5.715,9.18,79.3,1014.205,2,9.666666667,2,209.4444444,1,17.90266667
12/12/2025 16:00,0,0.015,0,8.085,0,6.8,5.255,8.875,82,1014.86,2,8.666666667,2,210.5555556,1,16.05066667
12/12/2025 17:00,0,0.04,0,7.455,0,6.3,4.835,8.635,83.15,1015.735,2,8.166666667,2,207.7777778,1,15.12466667
12/12/2025 18:00,0,0.03,0,6.98,0,5.955,4.655,8.53,85,1016.535,2,8.166666667,2,195,1,15.12466667
12/12/2025 19:00,0,0.035,0,6.635,0,5.685,4.475,8.425,86.05,1017.33,2,8.666666667,2,200,1,16.05066667
12/12/2025 20:00,0,0.06,0,6.47,0,5.56,4.37,8.375,86.4,1018.04,2,8.555555556,2,195.5555556,1,15.84488889
12/12/2025 21:00,0,0.125,0,6.365,0,5.43,4.215,8.285,86.1,1018.565,2,8.388888889,2,194.4444444,1,15.53622222
12/12/2025 22:00,0,0.09,0,6.3,0,5.44,4.36,8.375,87.3,1018.95,2,8.777777778,2,192.2222222,1,16.25644444
12/12/2025 23:00,0,0.025,0,6.205,0,5.33,4.185,8.285,86.8,1019.29,2,8.555555556,2,195.5555556,1,15.84488889
13/12/2025 00:00,0,0.08,0,6,0,5.165,4.085,8.205,87.45,1019.52,2,9,2,193.8888889,1,16.668
13/12/2025 01:00,0,0.07,0,6.23,0,5.325,4.16,8.265,86.5,1019.42,2,9.333333333,2,190.5555556,1,17.28533333
13/12/2025 02:00,0,0.035,0,6.22,0,5.33,4.145,8.26,86.45,1019.22,2,9.611111111,2,191.6666667,1,17.79977778
13/12/2025 03:00,0,0.04,0,6.58,0,5.61,4.36,8.395,85.8,1019.24,2,10.55555556,2,184.4444444,1,19.54888889
13/12/2025 04:00,0,0.005,0,6.83,0,5.75,4.395,8.38,84.4,1018.84,2,11.16666667,2,188.8888889,1,20.68066667
13/12/2025 05:00,0,0.005,0,7.13,0,6.02,4.62,8.515,84.15,1018.445,2,12.05555556,2,187.2222222,1,22.32688889
13/12/2025 06:00,0,0.015,0,7.355,0,6.17,4.765,8.605,83.6,1018.32,2,12.94444444,2,186.1111111,1,23.97311111
13/12/2025 07:00,0,0.01,0,7.64,0,6.475,5.08,8.805,83.7,1018.045,2,13.72222222,2,183.3333333,1,25.41355556
13/12/2025 08:00,0,0.055,0,8.16,0,6.98,5.545,9.09,83.25,1017.785,2,14.44444444,2,186.6666667,1,26.75111111
13/12/2025 09:00,0,0.01,0,8.645,0,7.38,5.88,9.31,82.5,1017.69,2,15.38888889,2,186.6666667,1,28.50022222
13/12/2025 10:00,0,0.055,0,9.165,0,7.895,6.405,9.65,82.5,1017.23,2,16.5,2,191.1111111,1,30.558
13/12/2025 11:00,0,0.15,0,9.705,0,8.4,6.9,9.99,82.3,1016.74,2,17.5,2,191.6666667,1,32.41
13/12/2025 12:00,0,0.25,0,9.9,0,8.63,7.225,10.205,83.2,1015.84,2,18.83333333,2,197.7777778,1,34.87933333
13/12/2025 13:00,0,0.265,0,10.085,0,8.92,7.63,10.475,84.4,1014.94,2,19.05555556,2,197.7777778,1,35.29088889
13/12/2025 14:00,0,0.25,0,10.295,0,9.2,8.02,10.76,85.55,1014.045,2,19.77777778,2,197.7777778,1,36.62844444
13/12/2025 15:00,0,0.105,0,10.535,0,9.4,8.225,10.915,85.3,1013.405,2,20.11111111,2,197.7777778,1,37.24577778
13/12/2025 16:00,0,0.1,0,10.755,0,9.645,8.48,11.12,85.5,1012.875,2,19.55555556,2,198.3333333,1,36.21688889
13/12/2025 17:00,0,0.105,0,10.93,0,9.845,8.71,11.285,85.7,1012.46,2,19.44444444,2,198.8888889,1,36.01111111
13/12/2025 18:00,0,0.09,0,11.075,0,10.065,9.035,11.545,86.95,1012.17,2,19.55555556,2,198.3333333,1,36.21688889
13/12/2025 19:00,0,0.11,0,11.265,0,10.285,9.29,11.735,87.35,1011.795,2,19.38888889,2,198.8888889,1,35.90822222
13/12/2025 20:00,0,0.28,0,11.35,0,10.435,9.525,11.93,88.3,1011.225,2,19.44444444,2,197.7777778,1,36.01111111
13/12/2025 21:00,0,0.43,0,11.365,0,10.55,9.735,12.095,89.4,1010.755,2,19.05555556,2,196.6666667,1,35.29088889
13/12/2025 22:00,0,0.655,0,11.435,0,10.72,10.02,12.32,90.75,1010.45,2,19,2,197.7777778,1,35.188
13/12/2025 23:00,0,0.72,0,11.475,0,10.86,10.24,12.49,91.8,1010.09,2,18.55555556,2,198.3333333,1,34.36488889
14/12/2025 00:00,0,0.59,0,11.51,0,10.96,10.405,12.63,92.65,1009.905,2,17.61111111,2,200.5555556,1,32.61577778
14/12/2025 01:00,0,0.745,0,11.44,0,11.01,10.605,12.805,94.15,1009.6,2,16.5,2,201.6666667,1,30.558
14/12/2025 02:00,0,0.69,0,11.45,0,11.06,10.68,12.855,94.55,1009.11,2,15.33333333,2,202.2222222,1,28.39733333
14/12/2025 03:00,0,0.53,0,11.48,0,11.09,10.73,12.905,94.75,1008.645,2,14.83333333,2,199.4444444,1,27.47133333
14/12/2025 04:00,0,0.63,0,11.505,0,11.125,10.755,12.93,94.9,1007.91,2,14.77777778,2,194.4444444,1,27.36844444
14/12/2025 05:00,0,0.43,0,11.53,0,11.14,10.765,12.945,94.9,1007.065,2,14.27777778,2,185,1,26.44244444
14/12/2025 06:00,0,0.43,0,11.58,0,11.14,10.735,12.905,94.25,1005.88,2,13.83333333,2,186.1111111,1,25.61933333
14/12/2025 07:00,0,0.425,0,11.71,0,11.21,10.73,12.905,93.4,1004.91,2,15.16666667,2,180,1,28.08866667
14/12/2025 08:00,0,1.025,0,11.79,0,11.245,10.715,12.89,92.8,1003.825,2,16,2,180.5555556,1,29.632
14/12/2025 09:00,0,0.67,0,11.865,0,11.31,10.79,12.965,92.95,1003.035,2,16.61111111,2,181.1111111,1,30.76377778
14/12/2025 10:00,0,0.83,0,11.985,0,11.475,10.985,13.13,93.35,1002.105,2,17.22222222,2,180,1,31.89555556
14/12/2025 11:00,0,0.455,0,12.385,0,11.79,11.25,13.365,92.65,1001.325,2,18.61111111,2,184.4444444,1,34.46777778
14/12/2025 12:00,0,0.46,0,12.63,0,11.99,11.435,13.52,92,1000.17,2,19.61111111,2,191.1111111,1,36.31977778
14/12/2025 13:00,0,0.385,0,12.82,0,12.185,11.61,13.68,92.1,999.21,2,19.55555556,2,192.7777778,1,36.21688889
14/12/2025 14:00,0,0.285,0,12.93,0,12.3,11.73,13.775,92.15,998.28,2,18.77777778,2,195,1,34.77644444
14/12/2025 15:00,0,0.49,0,12.78,0,12.18,11.635,13.72,92.55,997.415,2,18.55555556,2,197.7777778,1,34.36488889
14/12/2025 16:00,0,0.825,0,12.445,0,11.85,11.345,13.455,92.65,997.065,2,17.94444444,2,197.2222222,1,33.23311111
14/12/2025 17:00,0,0.855,0,11.79,0,11.25,10.76,12.96,93.15,997,2,16.61111111,2,205,1,30.76377778
14/12/2025 18:00,0,0.91,0,11.08,0,10.655,10.215,12.51,94.15,997.235,2,14.94444444,2,224.4444444,1,27.67711111
14/12/2025 19:00,0,0.675,0,10.28,0,9.825,9.39,11.835,93.9,997.87,2,13.11111111,2,238.8888889,1,24.28177778
14/12/2025 20:00,0,0.595,0,9.735,0,9.34,8.905,11.44,94.15,998.625,2,11.33333333,2,240.5555556,1,20.98933333
14/12/2025 21:00,0,0.45,0,9.155,0,8.725,8.25,10.93,93.75,999.43,2,9.611111111,2,247.7777778,1,17.79977778
14/12/2025 22:00,0,0.33,0,8.795,0,8.31,7.75,10.595,92.75,999.82,2,8.5,2,258.8888889,1,15.742
14/12/2025 23:00,0,0.36,0,8.43,0,7.89,7.255,10.23,92,1000.21,2,6.666666667,2,231.6666667,1,12.34666667
15/12/2025 00:00,0,0.125,0,8.075,0,7.485,6.76,9.91,91.35,1000.625,2,5.833333333,2,232.2222222,1,10.80333333
15/12/2025 01:00,0,0.025,0,7.775,0,7.13,6.38,9.655,91,1000.805,2,5.388888889,2,222.2222222,1,9.980222222
15/12/2025 02:00,0,0,0,7.335,0,6.69,5.845,9.3,90.25,1000.85,2,5.611111111,2,225.5555556,1,10.39177778
15/12/2025 03:00,0,0.005,0,7.03,0,6.435,5.68,9.195,91.05,1000.965,2,5.166666667,2,222.2222222,1,9.568666667
15/12/2025 04:00,0,0,0,6.655,0,6.09,5.375,8.995,91.7,1000.83,2,4.722222222,2,210.5555556,1,8.745555556
15/12/2025 05:00,0,0.005,0,6.26,0,5.785,5.17,8.865,92.45,1000.73,2,4.722222222,2,185,1,8.745555556
15/12/2025 06:00,0,0.02,0,5.895,0,5.435,4.84,8.655,93,1000.615,2,4.888888889,2,181.1111111,1,9.054222222
15/12/2025 07:00,0,0.02,0,5.79,0,5.365,4.795,8.63,93.15,1000.65,2,4.833333333,2,181.6666667,1,8.951333333
15/12/2025 08:00,0,0,0,5.775,0,5.34,4.77,8.6,93.1,1000.87,2,4.611111111,2,181.1111111,1,8.539777778
15/12/2025 09:00,0,0.02,0,5.77,0,5.31,4.7,8.555,92.65,1001.205,2,4.777777778,2,186.6666667,1,8.848444444
15/12/2025 10:00,0,0.005,0,5.77,0,5.31,4.68,8.55,92.65,1001.515,2,4.222222222,2,188.3333333,1,7.819555556
15/12/2025 11:00,0,0.005,0,6.44,0,5.895,5.205,8.86,91.8,1001.81,2,4.333333333,2,192.2222222,1,8.025333333
15/12/2025 12:00,0,0,0,7.325,0,6.56,5.62,9.135,89.2,1001.56,2,4,2,199.4444444,1,7.408
15/12/2025 13:00,0,0.05,0,7.905,0,6.985,5.855,9.265,86.9,1001.295,2,4.833333333,2,214.4444444,1,8.951333333
15/12/2025 14:00,0,0.025,0,8.14,0,7,5.575,9.09,83.95,1001.16,2,5.333333333,2,232.2222222,1,9.877333333
15/12/2025 15:00,0,0.01,0,7.965,0,6.71,5.175,8.835,82.35,1001.26,2,5.222222222,2,222.2222222,1,9.671555556
15/12/2025 16:00,0,0.03,0,6.53,0,5.63,4.445,8.405,86.4,1001.85,2,4.833333333,2,225.5555556,1,8.951333333
15/12/2025 17:00,0,0.015,0,5.675,0,4.945,3.95,8.12,88.7,1002.285,2,4.722222222,2,206.1111111,1,8.745555556
15/12/2025 18:00,0,0.03,0,4.905,0,4.32,3.54,7.885,90.55,1002.785,2,4.777777778,2,212.2222222,1,8.848444444
15/12/2025 19:00,0,0.04,0,4.36,0,3.83,3.07,7.645,91.25,1003.23,2,4.888888889,2,218.3333333,1,9.054222222
15/12/2025 20:00,0,0.035,0,3.97,0,3.455,2.725,7.45,91.6,1003.59,2,4.444444444,2,190,1,8.231111111
15/12/2025 21:00,0,0.015,0,3.47,0,3.01,2.35,7.265,92.15,1003.95,2,4,2,202.7777778,1,7.408
15/12/2025 22:00,0,0.005,0,3.035,0,2.61,1.975,7.075,92.75,1004.47,2,4,2,203.8888889,1,7.408
15/12/2025 23:00,0,0,0,2.795,0,2.36,1.71,6.945,92.7,1005.095,2,4.166666667,2,196.1111111,1,7.716666667
16/12/2025 00:00,0,0.01,0,2.635,0,2.21,1.595,6.895,93.15,1005.645,2,4.388888889,2,191.1111111,1,8.128222222
16/12/2025 01:00,0,0.015,0,2.3,0,1.9,1.315,6.755,93.25,1005.78,2,4.888888889,2,198.3333333,1,9.054222222
16/12/2025 02:00,0,0.14,0,2.24,0,1.89,1.37,6.78,93.85,1006.22,2,4.611111111,2,193.8888889,1,8.539777778
16/12/2025 03:00,0,0.13,0,1.965,0,1.635,1.1,6.65,93.9,1006.815,2,4.333333333,2,193.8888889,1,8.025333333
16/12/2025 04:00,0,0.01,0,2.055,0,1.72,1.24,6.72,94,1007.2,2,4.388888889,2,183.3333333,1,8.128222222
16/12/2025 05:00,0,0.02,0,1.8,0,1.455,0.9,6.58,93.55,1007.715,2,4.055555556,2,196.1111111,1,7.510888889
16/12/2025 06:00,0,0.04,0,1.885,0,1.49,0.895,6.575,93.15,1008.31,2,4.5,2,175.5555556,1,8.334
16/12/2025 07:00,0,0.015,0,1.885,0,1.455,0.78,6.52,92.3,1008.955,2,4.722222222,2,172.2222222,1,8.745555556
16/12/2025 08:00,0,0.005,0,1.555,0,1.135,0.48,6.38,92.7,1009.64,2,4.833333333,2,182.2222222,1,8.951333333
16/12/2025 09:00,0,0,0,1.83,0,1.375,0.69,6.47,92.15,1010.545,2,4.833333333,2,191.1111111,1,8.951333333
16/12/2025 10:00,0,0.015,0,2.8,0,2.275,1.505,6.85,91.2,1011.325,2,5.222222222,2,176.6666667,1,9.671555556
16/12/2025 11:00,0,0.025,0,4.24,0,3.51,2.48,7.325,88.75,1011.87,2,5.388888889,2,183.8888889,1,9.980222222
16/12/2025 12:00,0,0.01,0,5.835,0,4.815,3.435,7.845,84.8,1011.805,2,5.611111111,2,193.3333333,1,10.39177778
16/12/2025 13:00,0,0.065,0,6.865,0,5.65,4.065,8.175,82.25,1011.755,2,5.888888889,2,199.4444444,1,10.90622222
16/12/2025 14:00,0,0.055,0,7.4,0,5.96,4.105,8.195,79.4,1011.56,2,7.055555556,2,193.8888889,1,13.06688889
16/12/2025 15:00,0,0,0,7.285,0,5.885,4.02,8.16,79.65,1011.71,2,6.833333333,2,196.1111111,1,12.65533333
16/12/2025 16:00,0,0,0,5.96,0,4.9,3.47,7.84,83.9,1011.745,2,6.388888889,2,182.7777778,1,11.83222222
16/12/2025 17:00,0,0,0,4.94,0,4.125,2.995,7.595,87.2,1011.84,2,6.777777778,2,178.8888889,1,12.55244444
16/12/2025 18:00,0,0,0,4.765,0,3.985,2.935,7.56,87.9,1011.59,2,7.166666667,2,175,1,13.27266667
16/12/2025 19:00,0,0.03,0,4.895,0,4.125,3.085,7.65,88,1010.975,2,9,2,170,1,16.668
16/12/2025 20:00,0,0.05,0,4.93,0,4.18,3.155,7.69,88.25,1010.105,2,10.22222222,2,165,1,18.93155556
16/12/2025 21:00,0,0.01,0,5.445,0,4.5,3.23,7.735,85.5,1009.23,2,11.27777778,2,167.7777778,1,20.88644444
16/12/2025 22:00,0,0.005,0,6.04,0,5.025,3.64,7.965,84.55,1008.27,2,13.05555556,2,166.6666667,1,24.17888889
16/12/2025 23:00,0,0.185,0,6.8,0,5.695,4.26,8.31,83.5,1007.19,2,14.83333333,2,168.3333333,1,27.47133333
17/12/2025 00:00,0,0.305,0,7.275,0,6.1,4.625,8.515,83.2,1005.96,2,16.38888889,2,172.2222222,1,30.35222222
17/12/2025 01:00,0,0.745,0,7.64,0,6.55,5.17,8.855,84.2,1004.755,2,18.16666667,2,175,1,33.64466667
17/12/2025 02:00,0,1.135,0,7.785,0,6.88,5.735,9.23,86.7,1003.51,2,19.33333333,2,177.7777778,1,35.80533333
17/12/2025 03:00,0,0.86,0,8.115,0,7.305,6.325,9.615,88.15,1002.62,2,20.61111111,2,177.2222222,1,38.17177778
17/12/2025 04:00,0,0.51,0,8.43,0,7.7,6.86,9.99,89.4,1001.53,2,20.83333333,2,181.6666667,1,38.58333333
17/12/2025 05:00,0,0.49,0,8.825,0,8.155,7.36,10.36,90.25,1000.91,2,20,2,183.3333333,1,37.04
17/12/2025 06:00,0,0.485,0,9.435,0,8.83,8.15,10.92,91.25,1000.39,2,18.55555556,2,185.5555556,1,34.36488889
17/12/2025 07:00,0,0.325,0,9.87,0,9.32,8.71,11.325,92.15,1000.015,2,17.61111111,2,188.3333333,1,32.61577778
17/12/2025 08:00,0,0.205,0,10.325,0,9.77,9.18,11.68,92.3,999.78,2,16.55555556,2,190.5555556,1,30.66088889
17/12/2025 09:00,0,0.155,0,10.73,0,10.17,9.565,11.96,92.15,999.585,2,15.27777778,2,191.6666667,1,28.29444444
17/12/2025 10:00,0,0.2,0,11,0,10.405,9.8,12.15,92.05,999.55,2,14.05555556,2,194.4444444,1,26.03088889
17/12/2025 11:00,0,0.195,0,11.34,0,10.505,9.66,12.055,89.2,999.515,2,13.22222222,2,202.7777778,1,24.48755556
17/12/2025 12:00,0,0.07,0,11.51,0,10.53,9.51,11.92,87.45,999.095,2,13,2,203.8888889,1,24.076
17/12/2025 13:00,0,0.225,0,11.235,0,10.175,9.095,11.595,86.65,998.62,2,12.83333333,2,211.6666667,1,23.76733333
17/12/2025 14:00,0,0.19,0,10.91,0,9.935,8.92,11.465,87.3,997.79,2,11.16666667,2,203.3333333,1,20.68066667
17/12/2025 15:00,0,0.53,0,10.49,0,9.6,8.665,11.28,88.2,997.24,2,10.88888889,2,205,1,20.16622222
17/12/2025 16:00,0,0.295,0,10.175,0,9.285,8.335,11.035,88.1,997.095,2,11.27777778,2,208.8888889,1,20.88644444
17/12/2025 17:00,0,0.225,0,9.9,0,9.03,8.11,10.85,88.3,996.795,2,11.05555556,2,209.4444444,1,20.47488889
17/12/2025 18:00,0,0.215,0,9.745,0,8.845,7.88,10.67,88,996.66,2,10.66666667,2,206.6666667,1,19.75466667
17/12/2025 19:00,0,0.35,0,9.23,0,8.42,7.53,10.405,88.8,996.65,2,10.72222222,2,209.4444444,1,19.85755556
17/12/2025 20:00,0,0.375,0,9.055,0,8.175,7.175,10.16,87.6,996.785,2,10.61111111,2,208.8888889,1,19.65177778
17/12/2025 21:00,0,0.31,0,8.82,0,7.825,6.685,9.84,86.15,997.105,2,11.44444444,2,214.4444444,1,21.19511111
17/12/2025 22:00,0,0.095,0,8.58,0,7.43,6.04,9.4,83.85,997.595,2,12.22222222,2,216.1111111,1,22.63555556
17/12/2025 23:00,0,0.11,0,8.195,0,7.03,5.585,9.12,83.5,998.145,2,12.5,2,213.8888889,1,23.15
18/12/2025 00:00,0,0.17,0,7.74,0,6.58,5.12,8.82,83.4,998.56,2,11.94444444,2,216.1111111,1,22.12111111
18/12/2025 01:00,0,0.4,0,7.4,0,6.215,4.69,8.575,82.6,998.705,2,11.5,2,209.4444444,1,21.298
18/12/2025 02:00,0,0.05,0,7.115,0,5.995,4.565,8.485,83.6,998.82,2,10.88888889,2,210,1,20.16622222
18/12/2025 03:00,0,0.01,0,7.23,0,6.095,4.62,8.555,83.3,998.89,2,10.83333333,2,202.2222222,1,20.06333333
18/12/2025 04:00,0,0.04,0,7.245,0,6.16,4.735,8.62,83.8,998.615,2,9.888888889,2,194.4444444,1,18.31422222
18/12/2025 05:00,0,0.045,0,7.4,0,6.34,5,8.775,84.45,997.94,2,9.444444444,2,183.3333333,1,17.49111111
18/12/2025 06:00,0,0.02,0,7.305,0,6.38,5.19,8.905,86.15,997.065,2,9.555555556,2,168.8888889,1,17.69688889
18/12/2025 07:00,0,0.175,0,7.515,0,6.66,5.625,9.2,87.45,996.075,2,10.55555556,2,165,1,19.54888889
18/12/2025 08:00,0,0.39,0,7.89,0,7.025,5.985,9.44,87.45,995.56,2,11.27777778,2,166.1111111,1,20.88644444
18/12/2025 09:00,0,0.87,0,8.315,0,7.435,6.4,9.675,87.55,994.935,2,12.27777778,2,177.7777778,1,22.73844444
18/12/2025 10:00,0,0.53,0,8.515,0,7.615,6.575,9.775,87.3,993.855,2,12.88888889,2,168.8888889,1,23.87022222
18/12/2025 11:00,0,1.02,0,8.645,0,7.75,6.72,9.86,87.45,993.305,2,12.38888889,2,187.7777778,1,22.94422222
18/12/2025 12:00,0,0.96,0,8.4,0,7.575,6.61,9.785,88.1,992.415,2,12.61111111,2,195.5555556,1,23.35577778
18/12/2025 13:00,0,1.285,0,7.72,0,6.96,6,9.39,88.6,991.905,2,12,2,216.1111111,1,22.224
18/12/2025 14:00,0,0.81,0,7.425,0,6.63,5.65,9.155,88.4,991.73,2,10.5,2,227.7777778,1,19.446
18/12/2025 15:00,0,0.69,0,6.95,0,6.095,4.995,8.755,87.35,992.02,2,9.944444444,2,230.5555556,1,18.41711111
18/12/2025 16:00,0,0.61,0,6.345,0,5.395,4.095,8.215,85.8,992.735,2,9.944444444,2,235.5555556,1,18.41711111
18/12/2025 17:00,0,0.175,0,5.975,0,5.06,3.825,8.04,86.2,993.485,2,9.277777778,2,228.3333333,1,17.18244444
18/12/2025 18:00,0,0.075,0,5.655,0,4.8,3.66,7.955,86.95,994.12,2,10.44444444,2,212.7777778,1,19.34311111
18/12/2025 19:00,0,0.075,0,5.6,0,4.665,3.41,7.8,85.65,994.79,2,11.61111111,2,211.6666667,1,21.50377778
18/12/2025 20:00,0,0.085,0,5.685,0,4.74,3.44,7.825,85.3,995.425,2,12.44444444,2,207.2222222,1,23.04711111
18/12/2025 21:00,0,0.185,0,6.105,0,5.045,3.59,7.925,83.7,995.93,2,13.94444444,2,207.2222222,1,25.82511111
18/12/2025 22:00,0,0.18,0,6.31,0,5.22,3.75,8.03,83.2,996.405,2,14.83333333,2,208.8888889,1,27.47133333
18/12/2025 23:00,0,0.155,0,6.835,0,5.75,4.315,8.355,83.7,996.84,2,15.27777778,2,210.5555556,1,28.29444444
19/12/2025 00:00,0,0.19,0,7.235,0,6.1,4.635,8.54,83.25,997.4,2,16.16666667,2,211.1111111,1,29.94066667
19/12/2025 01:00,0,0.18,0,7.43,0,6.31,4.89,8.68,83.65,998.12,2,15.22222222,2,217.2222222,1,28.19155556
19/12/2025 02:00,0,0.185,0,7.73,0,6.55,5.05,8.775,82.95,999.005,2,15.94444444,2,223.3333333,1,29.52911111
19/12/2025 03:00,0,0.125,0,7.78,0,6.59,5.095,8.79,82.7,999.935,2,15.83333333,2,224.4444444,1,29.32333333
19/12/2025 04:00,0,0.2,0,7.825,0,6.62,5.13,8.805,82.8,1000.955,2,15.11111111,2,230,1,27.98577778
19/12/2025 05:00,0,0.255,0,7.7,0,6.575,5.165,8.825,83.5,1002,2,15.05555556,2,230,1,27.88288889
19/12/2025 06:00,0,0.16,0,7.605,0,6.455,4.995,8.73,83.3,1003.115,2,14.44444444,2,236.1111111,1,26.75111111
19/12/2025 07:00,0,0.055,0,7.49,0,6.365,4.935,8.675,83.5,1004.085,2,13.94444444,2,230,1,25.82511111
19/12/2025 08:00,0,0.185,0,7.365,0,6.23,4.77,8.59,83.35,1005.345,2,14.38888889,2,233.3333333,1,26.64822222
19/12/2025 09:00,0,0.09,0,7.24,0,6.13,4.695,8.535,83.65,1006.425,2,12.88888889,2,230.5555556,1,23.87022222
19/12/2025 10:00,0,0.04,0,7.41,0,6.255,4.775,8.605,83.2,1007.28,2,12.5,2,226.6666667,1,23.15
19/12/2025 11:00,0,0.09,0,8.21,0,6.755,4.95,8.69,79.7,1008.185,2,12.33333333,2,222.2222222,1,22.84133333
19/12/2025 12:00,0,0.01,0,8.73,0,7.075,5.03,8.765,77.3,1008.445,2,12.94444444,2,225.5555556,1,23.97311111
19/12/2025 13:00,0,0.015,0,9.055,0,7.295,5.165,8.835,76.3,1008.465,2,12.66666667,2,224.4444444,1,23.45866667
19/12/2025 14:00,0,0.04,0,8.995,0,7.34,5.31,8.93,77.4,1008.595,2,12.66666667,2,220.5555556,1,23.45866667
19/12/2025 15:00,0,0.07,0,8.74,0,7.175,5.255,8.895,78.35,1008.765,2,11.66666667,2,217.7777778,1,21.60666667
19/12/2025 16:00,0,0.03,0,8.135,0,6.825,5.185,8.855,81.3,1008.955,2,10.33333333,2,211.1111111,1,19.13733333
19/12/2025 17:00,0,0.005,0,7.67,0,6.595,5.245,8.9,84.35,1009.12,2,9.5,2,202.2222222,1,17.594
19/12/2025 18:00,0,0.04,0,7.51,0,6.52,5.275,8.93,85.45,1009.175,2,8.944444444,2,190.5555556,1,16.56511111
19/12/2025 19:00,0,0.02,0,7.28,0,6.41,5.315,8.94,86.95,1009.125,2,9.722222222,2,189.4444444,1,18.00555556
19/12/2025 20:00,0,0.04,0,7.295,0,6.425,5.35,8.965,87.15,1008.625,2,9.611111111,2,179.4444444,1,17.79977778
19/12/2025 21:00,0,0.04,0,7.125,0,6.34,5.36,8.975,88.25,1008.1,2,10.27777778,2,173.8888889,1,19.03444444
19/12/2025 22:00,0,0,0,7.065,0,6.27,5.285,8.92,88.25,1007.325,2,10.66666667,2,166.1111111,1,19.75466667
19/12/2025 23:00,0,0.025,0,7.135,0,6.305,5.29,8.935,87.75,1006.53,2,11.22222222,2,163.3333333,1,20.78355556
20/12/2025 00:00,0,0.075,0,7.15,0,6.355,5.345,8.965,87.95,1005.635,2,11.55555556,2,161.6666667,1,21.40088889
20/12/2025 01:00,0,0.015,0,7.43,0,6.53,5.425,9.01,86.8,1004.71,2,12.11111111,2,152.7777778,1,22.42977778
20/12/2025 02:00,0,0.02,0,7.67,0,6.7,5.525,9.08,85.9,1003.66,2,12.77777778,2,152.7777778,1,23.66444444
20/12/2025 03:00,0,0.005,0,7.835,0,6.845,5.64,9.14,85.65,1002.78,2,13.55555556,2,151.6666667,1,25.10488889
20/12/2025 04:00,0,0.03,0,8.035,0,6.985,5.745,9.2,85.05,1001.805,2,14.22222222,2,150,1,26.33955556
20/12/2025 05:00,0,0.02,0,8.255,0,7.1,5.75,9.2,83.9,1000.865,2,15.38888889,2,147.2222222,1,28.50022222
20/12/2025 06:00,0,0.02,0,8.52,0,7.295,5.845,9.26,83,1000.045,2,15.5,2,147.7777778,1,28.706
20/12/2025 07:00,0,0.035,0,8.63,0,7.34,5.8,9.24,82.15,999.125,2,15.88888889,2,143.3333333,1,29.42622222
20/12/2025 08:00,0,0.14,0,8.68,0,7.4,5.85,9.28,82.1,998.475,2,16.94444444,2,142.2222222,1,31.38111111
20/12/2025 09:00,0,0.09,0,8.785,0,7.415,5.75,9.21,80.95,998.285,2,16.16666667,2,141.1111111,1,29.94066667
20/12/2025 10:00,0,0.08,0,9.15,0,7.625,5.79,9.24,79.2,997.86,2,16.5,2,139.4444444,1,30.558
20/12/2025 11:00,0,0.075,0,9.415,0,7.84,5.97,9.345,78.8,997.635,2,17.44444444,2,138.3333333,1,32.30711111
20/12/2025 12:00,0,0.385,0,9.565,0,7.96,6.07,9.415,78.5,997.015,2,17.94444444,2,141.1111111,1,33.23311111
20/12/2025 13:00,0,0.15,0,9.435,0,7.97,6.245,9.525,80.2,996.555,2,17.16666667,2,147.2222222,1,31.79266667
20/12/2025 14:00,0,0.13,0,9.325,0,7.89,6.205,9.5,80.55,996.35,2,16.5,2,152.7777778,1,30.558
20/12/2025 15:00,0,0.095,0,9.135,0,7.81,6.25,9.52,81.85,996.34,2,14.88888889,2,155,1,27.57422222
20/12/2025 16:00,0,0.195,0,8.705,0,7.555,6.195,9.5,83.9,996.46,2,13.11111111,2,151.6666667,1,24.28177778
20/12/2025 17:00,0,0.11,0,8.44,0,7.38,6.11,9.44,84.75,996.635,2,12.61111111,2,148.3333333,1,23.35577778
20/12/2025 18:00,0,0.28,0,8.17,0,7.19,5.99,9.37,85.95,997.075,2,11.83333333,2,149.4444444,1,21.91533333
20/12/2025 19:00,0,0.5,0,7.85,0,6.98,5.92,9.31,87.3,997.48,2,10.61111111,2,167.2222222,1,19.65177778
20/12/2025 20:00,0,0.495,0,7.57,0,6.795,5.835,9.27,88.7,997.755,2,9.166666667,2,171.6666667,1,16.97666667
20/12/2025 21:00,0,0.66,0,7.27,0,6.615,5.79,9.235,89.8,998.075,2,9.277777778,2,158.3333333,1,17.18244444
20/12/2025 22:00,0,0.45,0,7.065,0,6.41,5.6,9.12,90.35,998.365,2,8.611111111,2,160,1,15.94777778
20/12/2025 23:00,0,0.36,0,6.905,0,6.335,5.61,9.115,91.2,998.625,2,7.555555556,2,130,1,13.99288889
21/12/2025 00:00,0,0.33,0,6.72,0,6.17,5.49,9.05,91.6,998.815,2,7.166666667,2,122.7777778,1,13.27266667
21/12/2025 01:00,0,0.27,0,6.64,0,6.16,5.535,9.085,92.3,999.045,2,6.388888889,2,128.8888889,1,11.83222222
21/12/2025 02:00,0,0.53,0,6.63,0,6.175,5.595,9.115,92.75,999.395,2,6,2,133.8888889,1,11.112
21/12/2025 03:00,0,0.255,0,6.57,0,6.035,5.37,8.97,91.65,1000.12,2,6.111111111,2,146.1111111,1,11.31777778
21/12/2025 04:00,0,0.13,0,6.295,0,5.77,5.09,8.81,91.75,1000.735,2,6.111111111,2,123.8888889,1,11.31777778
21/12/2025 05:00,0,0.245,0,5.995,0,5.525,4.895,8.685,92.4,1001.315,2,5.388888889,2,105.5555556,1,9.980222222
21/12/2025 06:00,0,0.16,0,5.6,0,5.22,4.68,8.555,93.2,1002.03,2,5.055555556,2,143.8888889,1,9.362888889
21/12/2025 07:00,0,0.085,0,5.365,0,4.96,4.405,8.405,93.3,1002.895,2,5.5,2,105,1,10.186
21/12/2025 08:00,0,0.1,0,4.9,0,4.52,3.98,8.165,93.4,1003.71,2,5.444444444,2,112.2222222,1,10.08311111
21/12/2025 09:00,0,0.025,0,4.435,0,4.07,3.56,7.91,93.8,1004.67,2,5.166666667,2,104.4444444,1,9.568666667
21/12/2025 10:00,0,0.01,0,4.845,0,4.435,3.9,8.1,93.2,1005.425,2,4.833333333,2,131.1111111,1,8.951333333
21/12/2025 11:00,0,0.055,0,5.775,0,5.295,4.665,8.55,92.4,1006,2,4.611111111,2,111.6666667,1,8.539777778
21/12/2025 12:00,0,0.01,0,6.71,0,6.095,5.315,8.93,90.45,1006.125,2,5.055555556,2,87.77777778,1,9.362888889
21/12/2025 13:00,0,0.005,0,7.395,0,6.59,5.58,9.09,88.1,1006.205,2,5.111111111,2,108.8888889,1,9.465777778
21/12/2025 14:00,0,0.06,0,7.66,0,6.745,5.665,9.145,87.05,1006.48,2,4.888888889,2,85,1,9.054222222
21/12/2025 15:00,0,0.125,0,7.38,0,6.595,5.635,9.13,88.5,1006.64,2,5.055555556,2,74.44444444,1,9.362888889
21/12/2025 16:00,0,0.11,0,6.685,0,6.06,5.3,8.93,90.5,1006.83,2,5.222222222,2,66.11111111,1,9.671555556
21/12/2025 17:00,0,0.07,0,6.28,0,5.72,5.025,8.765,91.25,1007.05,2,4.888888889,2,81.66666667,1,9.054222222
21/12/2025 18:00,0,0.035,0,5.885,0,5.435,4.805,8.65,92.4,1007.285,2,5,2,98.88888889,1,9.26
21/12/2025 19:00,0,0.04,0,5.76,0,5.355,4.825,8.665,93.35,1007.36,2,5.611111111,2,74.44444444,1,10.39177778
21/12/2025 20:00,0,0.045,0,6.09,0,5.695,5.195,8.915,93.65,1007.405,2,6.055555556,2,129.4444444,1,11.21488889
21/12/2025 21:00,0,0.02,0,6.38,0,5.98,5.49,9.08,93.7,1007.355,2,6.166666667,2,129.4444444,1,11.42066667
21/12/2025 22:00,0,0.07,0,6.675,0,6.26,5.755,9.245,93.55,1007.36,2,6.222222222,2,95,1,11.52355556
21/12/2025 23:00,0,0.065,0,6.95,0,6.52,6.02,9.415,93.35,1007.345,2,6.222222222,2,90,1,11.52355556
22/12/2025 00:00,0,0.05,0,7.165,0,6.765,6.245,9.565,93.55,1007.105,2,5.555555556,2,135,1,10.28888889
22/12/2025 01:00,0,0.01,0,7.36,0,6.925,6.425,9.67,93.4,1006.635,2,6,2,83.88888889,1,11.112
22/12/2025 02:00,0,0.015,0,7.57,0,7.135,6.595,9.775,93.15,1006.22,2,6.277777778,2,108.8888889,1,11.62644444
22/12/2025 03:00,0,0.035,0,7.675,0,7.225,6.72,9.86,93.35,1006,2,6.444444444,2,109.4444444,1,11.93511111
22/12/2025 04:00,0,0.065,0,7.64,0,7.28,6.835,9.935,94.3,1005.58,2,6.333333333,2,92.77777778,1,11.72933333
22/12/2025 05:00,0,0.045,0,7.775,0,7.435,7.04,10.075,94.75,1005.14,2,5.777777778,2,128.3333333,1,10.70044444
22/12/2025 06:00,0,0.025,0,7.76,0,7.43,7.045,10.075,94.7,1004.835,2,5.944444444,2,106.6666667,1,11.00911111
22/12/2025 07:00,0,0.03,0,7.885,0,7.58,7.185,10.185,95,1004.815,2,5.722222222,2,151.6666667,1,10.59755556
22/12/2025 08:00,0,0.06,0,8.02,0,7.71,7.355,10.3,95.2,1004.925,2,5.444444444,2,205.5555556,1,10.08311111
22/12/2025 09:00,0,0.055,0,8.13,0,7.83,7.485,10.4,95.25,1005.315,2,5.5,2,180.5555556,1,10.186
22/12/2025 10:00,0,0.135,0,8.315,0,8.035,7.705,10.535,95.55,1005.63,2,5.5,2,204.4444444,1,10.186
22/12/2025 11:00,0,0.23,0,8.63,0,8.345,8.025,10.77,95.5,1005.805,2,5.111111111,2,196.6666667,1,9.465777778
22/12/2025 12:00,0,0.1,0,9.12,0,8.705,8.255,10.915,93.9,1005.74,2,5.222222222,2,143.3333333,1,9.671555556
22/12/2025 13:00,0,0.095,0,9.44,0,8.975,8.46,11.09,93.25,1005.69,2,5.055555556,2,93.88888889,1,9.362888889
22/12/2025 14:00,0,0.06,0,9.68,0,9.13,8.54,11.14,92.25,1005.725,2,5.333333333,2,92.77777778,1,9.877333333
22/12/2025 15:00,0,0,0,9.635,0,9.055,8.415,11.055,91.8,1006.045,2,6.111111111,2,130,1,11.31777778
22/12/2025 16:00,0,0,0,9.4,0,8.8,8.165,10.86,91.75,1006.7,2,5.277777778,2,105.5555556,1,9.774444444
22/12/2025 17:00,0,0.005,0,8.88,0,8.365,7.77,10.58,92.4,1007.48,2,4.333333333,2,113.3333333,1,8.025333333
22/12/2025 18:00,0,0,0,8.58,0,8.1,7.555,10.415,92.85,1008.235,2,3.777777778,2,83.88888889,1,6.996444444
22/12/2025 19:00,0,0.05,0,8.28,0,7.845,7.325,10.27,93.35,1008.96,2,3.777777778,2,82.77777778,1,6.996444444
22/12/2025 20:00,0,0.01,0,8.26,0,7.81,7.275,10.23,93.3,1009.635,2,3.944444444,2,96.66666667,1,7.305111111
22/12/2025 21:00,0,0.01,0,8.205,0,7.755,7.25,10.205,93.45,1010.22,2,4.166666667,2,101.1111111,1,7.716666667
22/12/2025 22:00,0,0,0,8.45,0,7.995,7.475,10.37,93.35,1010.85,2,4.777777778,2,88.88888889,1,8.848444444
22/12/2025 23:00,0,0.005,0,8.18,0,7.78,7.295,10.23,93.65,1011.375,2,4.611111111,2,87.77777778,1,8.539777778
23/12/2025 00:00,0,0.01,0,8.12,0,7.695,7.225,10.175,93.65,1011.735,2,4.833333333,2,112.2222222,1,8.951333333
23/12/2025 01:00,0,0.005,0,7.96,0,7.52,7.04,10.055,93.9,1012.22,2,4.777777778,2,110,1,8.848444444
23/12/2025 02:00,0,0.005,0,8.01,0,7.555,7.04,10.06,93.45,1012.655,2,5,2,105,1,9.26
23/12/2025 03:00,0,0.035,0,8.005,0,7.555,7.03,10.06,93.35,1013.3,2,4.944444444,2,83.33333333,1,9.157111111
23/12/2025 04:00,0,0.015,0,7.93,0,7.49,6.995,10.03,93.5,1013.775,2,4.888888889,2,104.4444444,1,9.054222222
23/12/2025 05:00,0,0.015,0,7.97,0,7.52,7.02,10.04,93.3,1014.205,2,4.388888889,2,100.5555556,1,8.128222222
23/12/2025 06:00,0,0.025,0,8.195,0,7.765,7.26,10.205,93.65,1014.96,2,4.833333333,2,85.55555556,1,8.951333333
23/12/2025 07:00,0,0.02,0,8.26,0,7.865,7.415,10.305,94.15,1015.74,2,5.055555556,2,55.55555556,1,9.362888889
23/12/2025 08:00,0,0.01,0,8.42,0,8.015,7.535,10.39,93.75,1016.76,2,5.277777778,2,118.8888889,1,9.774444444
23/12/2025 09:00,0,0,0,8.495,0,8.075,7.59,10.43,93.65,1017.88,2,5.055555556,2,72.22222222,1,9.362888889
23/12/2025 10:00,0,0.04,0,8.735,0,8.255,7.715,10.52,92.95,1018.965,2,6,2,66.11111111,1,11.112
23/12/2025 11:00,0,0.02,0,9.005,0,8.465,7.89,10.655,92.35,1019.99,2,6.166666667,2,61.66666667,1,11.42066667
23/12/2025 12:00,0,0,0,9.29,0,8.65,7.945,10.7,91.2,1020.635,2,6.611111111,2,62.22222222,1,12.24377778
23/12/2025 13:00,0,0,0,9.455,0,8.72,7.915,10.69,89.85,1021.14,2,6.722222222,2,65.55555556,1,12.44955556
23/12/2025 14:00,0,0.005,0,9.46,0,8.675,7.805,10.595,89.15,1021.61,2,7.222222222,2,66.66666667,1,13.37555556
23/12/2025 15:00,0,0,0,9.37,0,8.54,7.62,10.455,88.55,1022.505,2,7.222222222,2,70,1,13.37555556
23/12/2025 16:00,0,0,0,9.16,0,8.305,7.38,10.28,88.35,1023.515,2,7.166666667,2,69.44444444,1,13.27266667
23/12/2025 17:00,0,0,0,8.89,0,8.075,7.135,10.125,88.5,1024.6,2,6.944444444,2,70.55555556,1,12.86111111
23/12/2025 18:00,0,0,0,8.84,0,7.99,7.01,10.05,88,1025.625,2,6.833333333,2,86.66666667,1,12.65533333
23/12/2025 19:00,0,0,0,8.625,0,7.765,6.76,9.875,87.65,1026.555,2,6.944444444,2,90.55555556,1,12.86111111
23/12/2025 20:00,0,0,0,8.45,0,7.615,6.615,9.76,87.85,1027.385,2,6.666666667,2,63.33333333,1,12.34666667
23/12/2025 21:00,0,0,0,8.415,0,7.5,6.425,9.645,87.2,1028.15,2,6.722222222,2,87.22222222,1,12.44955556
23/12/2025 22:00,0,0,0,8.26,0,7.37,6.285,9.545,87,1028.735,2,6.5,2,66.11111111,1,12.038
23/12/2025 23:00,0,0,0,8.22,0,7.28,6.15,9.47,86.55,1029.305,2,6.722222222,2,62.77777778,1,12.44955556
24/12/2025 00:00,0,0,0,8.115,0,7.125,5.925,9.31,85.8,1029.82,2,6.555555556,2,42.77777778,1,12.14088889
24/12/2025 01:00,0,0,0,8.025,0,7.005,5.76,9.2,85.35,1030.47,2,6.833333333,2,58.33333333,1,12.65533333
24/12/2025 02:00,0,0,0,7.96,0,6.85,5.46,9.025,84,1030.895,2,7.722222222,2,67.77777778,1,14.30155556
24/12/2025 03:00,0,0,0,7.72,0,6.585,5.165,8.845,83.7,1031.295,2,7.888888889,2,67.77777778,1,14.61022222
24/12/2025 04:00,0,0,0,7.525,0,6.275,4.685,8.565,82.05,1031.6,2,8,2,76.66666667,1,14.816
24/12/2025 05:00,0,0,0,7.48,0,6.245,4.655,8.555,82.15,1031.875,2,7.833333333,2,62.77777778,1,14.50733333
24/12/2025 06:00,0,0,0,7.315,0,6.055,4.385,8.37,81.25,1032.16,2,7.444444444,2,68.33333333,1,13.78711111
24/12/2025 07:00,0,0,0,6.885,0,5.595,3.865,8.075,80.95,1032.795,2,7.333333333,2,67.77777778,1,13.58133333
24/12/2025 08:00,0,0,0,6.715,0,5.395,3.57,7.92,80.2,1033.5,2,7.611111111,2,71.11111111,1,14.09577778
24/12/2025 09:00,0,0.005,0,6.605,0,5.235,3.345,7.775,79.35,1034.3,2,7.722222222,2,69.44444444,1,14.30155556
24/12/2025 10:00,0,0.005,0,6.69,0,5.275,3.335,7.775,78.8,1034.855,2,7.722222222,2,73.88888889,1,14.30155556
24/12/2025 11:00,0,0,0,7.095,0,5.555,3.45,7.835,77.3,1035.26,2,8,2,73.33333333,1,14.816
24/12/2025 12:00,0,0,0,7.35,0,5.61,3.22,7.7,74.55,1035.305,2,8.666666667,2,72.77777778,1,16.05066667
24/12/2025 13:00,0,0,0,7.565,0,5.71,3.205,7.705,73.45,1035.11,2,9.222222222,2,75.55555556,1,17.07955556
24/12/2025 14:00,0,0,0,7.56,0,5.62,2.955,7.565,72.1,1034.9,2,9.277777778,2,95,1,17.18244444
24/12/2025 15:00,0,0,0,7.045,0,5.255,2.695,7.435,73.35,1035.095,2,9.166666667,2,75.55555556,1,16.97666667
24/12/2025 16:00,0,0,0,6.23,0,4.67,2.38,7.255,75.95,1035.445,2,8.222222222,2,78.88888889,1,15.22755556
24/12/2025 17:00,0,0,0,5.275,0,4.005,2.11,7.13,79.75,1035.855,2,7.5,2,77.22222222,1,13.89
24/12/2025 18:00,0,0,0,4.615,0,3.445,1.665,6.905,81,1036.265,2,7.111111111,2,76.11111111,1,13.16977778
24/12/2025 19:00,0,0,0,4.07,0,2.96,1.25,6.705,81.75,1036.52,2,7.555555556,2,88.33333333,1,13.99288889
24/12/2025 20:00,0,0,0,3.935,0,2.865,1.17,6.655,81.95,1036.635,2,7.166666667,2,97.77777778,1,13.27266667
24/12/2025 21:00,0,0,0,3.555,0,2.535,0.91,6.545,82.7,1036.8,2,6.777777778,2,70,1,12.55244444
24/12/2025 22:00,0,0,0,3.345,0,2.315,0.665,6.43,82.35,1036.645,2,6.833333333,2,91.66666667,1,12.65533333
24/12/2025 23:00,0,0,0,2.705,0,1.765,0.235,6.24,83.65,1036.665,2,6.611111111,2,105,1,12.24377778
25/12/2025 00:00,0,0,0,2.435,0,1.545,0.11,6.19,84.85,1036.44,2,6,2,82.22222222,1,11.112
25/12/2025 01:00,0,0,0,2.375,0,1.46,0.01,6.125,84.6,1036.27,2,6.277777778,2,93.33333333,1,11.62644444
25/12/2025 02:00,0,0,0,1.995,0,1.16,-0.25,6.03,85.4,1036,2,6.444444444,2,100,1,11.93511111
25/12/2025 03:00,0,0,0,1.88,0,1.025,-0.39,5.975,85.15,1035.78,2,6.222222222,2,90.55555556,1,11.52355556
25/12/2025 04:00,0,0,0,1.66,0,0.85,-0.5,5.93,85.8,1035.49,2,6.222222222,2,70.55555556,1,11.52355556
25/12/2025 05:00,0,0.01,0,1.925,0,1.08,-0.305,6.005,85.4,1035.275,2,6.5,2,87.77777778,1,12.038
25/12/2025 06:00,0,0,0,2.34,0,1.415,-0.135,6.07,83.85,1035.265,2,7.222222222,2,78.88888889,1,13.37555556
25/12/2025 07:00,0,0,0,2.66,0,1.69,0.1,6.17,83.15,1035.21,2,6.944444444,2,81.11111111,1,12.86111111
25/12/2025 08:00,0,0,0,2.98,0,1.925,0.155,6.195,81.6,1035.055,2,7.555555556,2,67.77777778,1,13.99288889
25/12/2025 09:00,0,0,0,3.165,0,2.035,0.155,6.185,80.5,1034.8,2,8.222222222,2,86.66666667,1,15.22755556
25/12/2025 10:00,0,0,0,3.515,0,2.285,0.25,6.24,78.9,1034.585,2,8.444444444,2,91.66666667,1,15.63911111
25/12/2025 11:00,0,0.005,0,4.455,0,2.975,0.62,6.385,75.9,1034.185,2,9.222222222,2,83.33333333,1,17.07955556
25/12/2025 12:00,0,0,0,5.245,0,3.475,0.68,6.415,72,1033.22,2,10.38888889,2,69.44444444,1,19.24022222
25/12/2025 13:00,0,0,0,5.855,0,3.82,0.515,6.385,68.65,1032.41,2,10.61111111,2,73.88888889,1,19.65177778
25/12/2025 14:00,0,0,0,5.925,0,3.89,0.6,6.415,68.8,1031.925,2,10.94444444,2,76.66666667,1,20.26911111
25/12/2025 15:00,0,0,0,5.64,0,3.705,0.635,6.42,69.85,1031.535,2,10.66666667,2,75,1,19.75466667
25/12/2025 16:00,0,0,0,4.855,0,3.185,0.525,6.355,73.25,1031.32,2,10.05555556,2,71.11111111,1,18.62288889
25/12/2025 17:00,0,0,0,4.065,0,2.665,0.375,6.29,76.6,1031.24,2,9.055555556,2,60.55555556,1,16.77088889
25/12/2025 18:00,0,0,0,3.71,0,2.43,0.38,6.295,78.7,1031.27,2,8.5,2,91.66666667,1,15.742
25/12/2025 19:00,0,0,0,3.57,0,2.38,0.43,6.315,79.6,1031.125,2,8.888888889,2,90,1,16.46222222
25/12/2025 20:00,0,0,0,3.44,0,2.27,0.36,6.28,80.15,1031.085,2,8.444444444,2,109.4444444,1,15.63911111
25/12/2025 21:00,0,0,0,3.55,0,2.34,0.405,6.295,79.85,1031.045,2,9,2,58.33333333,1,16.668
25/12/2025 22:00,0,0,0,3.55,0,2.365,0.46,6.325,80.15,1030.845,2,8.777777778,2,78.88888889,1,16.25644444
25/12/2025 23:00,0,0,0,3.57,0,2.395,0.445,6.315,79.95,1030.785,2,9.277777778,2,62.22222222,1,17.18244444
26/12/2025 00:00,0,0,0,3.335,0,2.15,0.225,6.21,80.1,1030.77,2,9.611111111,2,81.66666667,1,17.79977778
26/12/2025 01:00,0,0,0,3.34,0,2.205,0.335,6.265,80.75,1030.73,2,8.388888889,2,91.66666667,1,15.53622222
26/12/2025 02:00,0,0,0,3.48,0,2.33,0.47,6.335,80.6,1030.565,2,8.333333333,2,64.44444444,1,15.43333333
26/12/2025 03:00,0,0,0,3.39,0,2.235,0.4,6.29,80.9,1030.71,2,7.888888889,2,59.44444444,1,14.61022222
26/12/2025 04:00,0,0,0,3.25,0,2.115,0.3,6.255,81.05,1030.755,2,7.555555556,2,81.11111111,1,13.99288889
26/12/2025 05:00,0,0.01,0,3.46,0,2.36,0.605,6.385,81.6,1030.65,2,7.833333333,2,78.33333333,1,14.50733333
26/12/2025 06:00,0,0,0,3.56,0,2.45,0.685,6.44,81.45,1030.81,2,7.333333333,2,56.66666667,1,13.58133333
26/12/2025 07:00,0,0,0,3.32,0,2.28,0.625,6.4,82.55,1031.105,2,7.055555556,2,78.88888889,1,13.06688889
26/12/2025 08:00,0,0,0,3.495,0,2.47,0.86,6.515,83,1031.415,2,6.944444444,2,89.44444444,1,12.86111111
26/12/2025 09:00,0,0,0,3.66,0,2.65,1.07,6.61,83,1031.805,2,6.888888889,2,66.11111111,1,12.75822222
26/12/2025 10:00,0,0,0,3.955,0,2.905,1.265,6.715,82.55,1032.28,2,7.222222222,2,86.11111111,1,13.37555556
26/12/2025 11:00,0,0,0,4.645,0,3.49,1.76,6.94,81.55,1032.56,2,7.166666667,2,87.77777778,1,13.27266667
26/12/2025 12:00,0,0,0,5.22,0,3.94,2.04,7.08,79.7,1032.525,2,8,2,66.11111111,1,14.816
26/12/2025 13:00,0,0,0,5.61,0,4.27,2.305,7.23,79.05,1032.365,2,8.277777778,2,48.33333333,1,15.33044444
26/12/2025 14:00,0,0,0,5.88,0,4.42,2.275,7.21,77.5,1032.32,2,8.722222222,2,82.22222222,1,16.15355556
26/12/2025 15:00,0,0,0,5.895,0,4.405,2.2,7.18,76.85,1032.525,2,8.666666667,2,64.44444444,1,16.05066667
26/12/2025 16:00,0,0,0,5.37,0,4.01,2.02,7.075,78.7,1032.825,2,7.722222222,2,47.77777778,1,14.30155556
26/12/2025 17:00,0,0,0,4.78,0,3.57,1.75,6.935,80.4,1033.395,2,7.888888889,2,65,1,14.61022222
26/12/2025 18:00,0,0,0,4.24,0,3.125,1.4,6.78,81.65,1033.885,2,7.055555556,2,56.66666667,1,13.06688889
26/12/2025 19:00,0,0,0,4.01,0,2.925,1.28,6.71,82.2,1034.415,2,6.444444444,2,66.66666667,1,11.93511111
26/12/2025 20:00,0,0,0,3.695,0,2.705,1.155,6.655,83.25,1034.95,2,6.555555556,2,65,1,12.14088889
26/12/2025 21:00,0,0,0,3.31,0,2.425,1.045,6.605,84.9,1035.45,2,6.388888889,2,76.11111111,1,11.83222222
26/12/2025 22:00,0,0,0,3.3,0,2.4,0.985,6.585,84.7,1035.82,2,7.055555556,2,71.66666667,1,13.06688889
26/12/2025 23:00,0,0,0,3.22,0,2.325,0.96,6.59,84.95,1036.075,2,7.166666667,2,59.44444444,1,13.27266667
27/12/2025 00:00,0,0,0,3.5,0,2.57,1.16,6.675,84.65,1036.09,2,7.555555556,2,58.88888889,1,13.99288889
27/12/2025 01:00,0,0,0,3.255,0,2.36,1,6.595,84.9,1035.955,2,7.166666667,2,79.44444444,1,13.27266667
27/12/2025 02:00,0,0,0,3.01,0,2.2,0.95,6.57,86.35,1036,2,6.833333333,2,67.22222222,1,12.65533333
27/12/2025 03:00,0,0,0,3.025,0,2.25,1.03,6.615,86.7,1036.3,2,7.166666667,2,85.55555556,1,13.27266667
27/12/2025 04:00,0,0,0,2.655,0,1.92,0.805,6.5,87.45,1036.375,2,6.277777778,2,82.22222222,1,11.62644444
27/12/2025 05:00,0,0,0,2.85,0,2.155,1.075,6.635,88.15,1036.43,2,5.944444444,2,72.22222222,1,11.00911111
27/12/2025 06:00,0,0,0,2.665,0,2.015,1.04,6.615,88.85,1036.64,2,6.388888889,2,54.44444444,1,11.83222222
27/12/2025 07:00,0,0,0,2.77,0,2.12,1.11,6.66,88.75,1037.045,2,6.333333333,2,80,1,11.72933333
27/12/2025 08:00,0,0,0,2.87,0,2.265,1.325,6.76,89.35,1037.59,2,6.611111111,2,63.88888889,1,12.24377778
27/12/2025 09:00,0,0,0,2.77,0,2.135,1.185,6.7,89.15,1037.99,2,7.055555556,2,64.44444444,1,13.06688889
27/12/2025 10:00,0,0,0,3.58,0,2.755,1.545,6.84,86.35,1038.265,2,7.444444444,2,65.55555556,1,13.78711111
27/12/2025 11:00,0,0.005,0,4.865,0,3.81,2.29,7.22,83.3,1038.36,2,8.111111111,2,78.88888889,1,15.02177778
27/12/2025 12:00,0,0,0,5.82,0,4.545,2.715,7.44,80.2,1037.895,2,9.166666667,2,73.88888889,1,16.97666667
27/12/2025 13:00,0,0,0,6.365,0,4.925,2.895,7.53,78.2,1037.305,2,8.5,2,88.88888889,1,15.742
27/12/2025 14:00,0,0,0,6.585,0,5.06,2.955,7.57,77.25,1036.8,2,8.777777778,2,82.22222222,1,16.25644444
27/12/2025 15:00,0,0,0,6.265,0,4.81,2.73,7.45,77.85,1036.615,2,9.166666667,2,78.33333333,1,16.97666667
27/12/2025 16:00,0,0,0,5.52,0,4.28,2.48,7.315,80.5,1036.57,2,8.5,2,75.55555556,1,15.742
27/12/2025 17:00,0,0,0,4.94,0,3.835,2.225,7.185,82.4,1036.515,2,8.166666667,2,69.44444444,1,15.12466667
27/12/2025 18:00,0,0,0,4.65,0,3.59,2.025,7.095,83,1036.6,2,7.666666667,2,68.33333333,1,14.19866667
27/12/2025 19:00,0,0,0,4.505,0,3.44,1.85,7,82.7,1036.775,2,7.722222222,2,77.77777778,1,14.30155556
27/12/2025 20:00,0,0,0,4.32,0,3.325,1.79,6.98,83.25,1036.885,2,8.611111111,2,96.11111111,1,15.94777778
27/12/2025 21:00,0,0,0,4.29,0,3.315,1.875,7.015,84.1,1036.9,2,8.388888889,2,78.33333333,1,15.53622222
27/12/2025 22:00,0,0,0,4.465,0,3.43,1.915,7.04,83.55,1036.705,2,8.055555556,2,84.44444444,1,14.91888889
27/12/2025 23:00,0,0,0,4.385,0,3.365,1.895,7.04,83.8,1036.395,2,7.333333333,2,78.88888889,1,13.58133333
28/12/2025 00:00,0,0,0,4.83,0,3.765,2.22,7.23,83.4,1036.11,2,7.277777778,2,90,1,13.47844444
28/12/2025 01:00,0,0,0,5.145,0,4.08,2.55,7.38,83.35,1035.8,2,8.333333333,2,99.44444444,1,15.43333333
28/12/2025 02:00,0,0,0,5.55,0,4.405,2.82,7.51,82.45,1035.465,2,8.111111111,2,80.55555556,1,15.02177778
28/12/2025 03:00,0,0,0,5.68,0,4.555,3,7.615,82.8,1035.215,2,6.722222222,2,93.88888889,1,12.44955556
28/12/2025 04:00,0,0.005,0,5.67,0,4.58,3.045,7.635,83.15,1034.88,2,6.222222222,2,71.11111111,1,11.52355556
28/12/2025 05:00,0,0,0,5.845,0,4.725,3.165,7.685,82.75,1034.475,2,6.222222222,2,70,1,11.52355556
28/12/2025 06:00,0,0,0,5.995,0,4.8,3.16,7.675,81.75,1034.31,2,6.333333333,2,78.33333333,1,11.72933333
28/12/2025 07:00,0,0,0,5.775,0,4.66,3.1,7.665,82.85,1034.505,2,6.222222222,2,87.77777778,1,11.52355556
28/12/2025 08:00,0,0,0,5.81,0,4.745,3.255,7.735,83.4,1034.71,2,6,2,90,1,11.112
28/12/2025 09:00,0,0,0,5.815,0,4.75,3.27,7.745,83.5,1034.91,2,5.444444444,2,93.88888889,1,10.08311111
28/12/2025 10:00,0,0,0,6.005,0,4.845,3.265,7.74,82.5,1034.965,2,5.833333333,2,90,1,10.80333333
28/12/2025 11:00,0,0,0,6.255,0,5.055,3.41,7.825,81.85,1034.93,2,5.555555556,2,96.66666667,1,10.28888889
28/12/2025 12:00,0,0,0,6.495,0,5.24,3.555,7.885,81.3,1034.505,2,5.277777778,2,94.44444444,1,9.774444444
28/12/2025 13:00,0,0.01,0,6.685,0,5.38,3.59,7.915,80.55,1033.99,2,5.388888889,2,129.4444444,1,9.980222222
28/12/2025 14:00,0,0.01,0,6.7,0,5.45,3.755,8.015,81.1,1033.385,2,5,2,92.22222222,1,9.26
28/12/2025 15:00,0,0.02,0,6.555,0,5.335,3.645,7.96,81.4,1033.035,2,4.888888889,2,88.33333333,1,9.054222222
28/12/2025 16:00,0,0.02,0,6.225,0,5.065,3.435,7.835,82.05,1032.93,2,4.722222222,2,81.11111111,1,8.745555556
28/12/2025 17:00,0,0.01,0,6.015,0,4.845,3.16,7.695,81.7,1032.78,2,4.666666667,2,61.11111111,1,8.642666667
28/12/2025 18:00,0,0.005,0,5.87,0,4.705,3.07,7.635,82.1,1032.78,2,4.944444444,2,55.55555556,1,9.157111111
28/12/2025 19:00,0,0.025,0,5.71,0,4.57,2.9,7.535,81.8,1032.78,2,4.944444444,2,66.66666667,1,9.157111111
28/12/2025 20:00,0,0.005,0,5.735,0,4.49,2.655,7.42,80.45,1032.85,2,5.111111111,2,72.22222222,1,9.465777778
28/12/2025 21:00,0,0,0,5.63,0,4.375,2.555,7.345,80.5,1032.72,2,5.333333333,2,56.11111111,1,9.877333333
28/12/2025 22:00,0,0,0,5.495,0,4.3,2.53,7.335,80.8,1032.665,2,5.166666667,2,57.77777778,1,9.568666667
28/12/2025 23:00,0,0.005,0,5.37,0,4.155,2.365,7.255,80.65,1032.54,2,4.944444444,2,64.44444444,1,9.157111111
29/12/2025 00:00,0,0,0,5.27,0,4.045,2.225,7.175,80.4,1032.34,2,4.777777778,2,66.66666667,1,8.848444444
29/12/2025 01:00,0,0,0,5.205,0,3.955,2.08,7.12,80.1,1032.005,2,4.833333333,2,45.55555556,1,8.951333333
29/12/2025 02:00,0,0,0,5.06,0,3.845,2.01,7.075,80.35,1031.66,2,4.666666667,2,37.22222222,1,8.642666667
29/12/2025 03:00,0,0,0,4.95,0,3.735,1.895,7.005,80.3,1031.46,2,5,2,58.88888889,1,9.26
29/12/2025 04:00,0,0,0,4.93,0,3.655,1.715,6.92,79.25,1031.23,2,5.222222222,2,39.44444444,1,9.671555556
29/12/2025 05:00,0,0,0,4.81,0,3.58,1.685,6.925,79.9,1031.04,2,5.055555556,2,35,1,9.362888889
29/12/2025 06:00,0,0,0,4.565,0,3.395,1.615,6.875,80.95,1030.96,2,5.222222222,2,57.77777778,1,9.671555556
29/12/2025 07:00,0,0,0,4.495,0,3.295,1.435,6.775,80.15,1031.12,2,5.388888889,2,51.11111111,1,9.980222222
29/12/2025 08:00,0,0,0,4.5,0,3.3,1.425,6.78,80.25,1031.275,2,5.333333333,2,56.11111111,1,9.877333333
29/12/2025 09:00,0,0,0,4.44,0,3.21,1.3,6.715,79.65,1031.53,2,5.611111111,2,43.33333333,1,10.39177778
29/12/2025 10:00,0,0,0,4.485,0,3.215,1.235,6.705,79.4,1031.715,2,5.666666667,2,45,1,10.49466667
29/12/2025 11:00,0,0,0,4.66,0,3.345,1.295,6.73,78.55,1031.835,2,5.5,2,62.22222222,1,10.186
29/12/2025 12:00,0,0,0,4.85,0,3.52,1.49,6.8,78.5,1031.495,2,5.444444444,2,67.22222222,1,10.08311111
29/12/2025 13:00,0,0,0,4.975,0,3.65,1.62,6.87,78.35,1031.14,2,5.888888889,2,47.77777778,1,10.90622222
29/12/2025 14:00,0,0,0,5.035,0,3.72,1.72,6.93,78.7,1030.81,2,6,2,70.55555556,1,11.112
29/12/2025 15:00,0,0,0,5.02,0,3.72,1.725,6.93,78.85,1030.75,2,6.277777778,2,71.66666667,1,11.62644444
29/12/2025 16:00,0,0,0,4.925,0,3.65,1.72,6.94,79.5,1030.77,2,6.333333333,2,48.33333333,1,11.72933333
29/12/2025 17:00,0,0,0,4.825,0,3.585,1.67,6.89,79.55,1031.06,2,6.333333333,2,67.77777778,1,11.72933333
29/12/2025 18:00,0,0,0,4.83,0,3.56,1.555,6.85,78.85,1031.355,2,6.611111111,2,52.77777778,1,12.24377778
29/12/2025 19:00,0,0,0,4.795,0,3.51,1.55,6.86,79.2,1031.79,2,6.444444444,2,56.66666667,1,11.93511111
29/12/2025 20:00,0,0,0,4.795,0,3.525,1.535,6.84,79.15,1032.285,2,6.611111111,2,70.55555556,1,12.24377778
29/12/2025 21:00,0,0,0,4.825,0,3.495,1.48,6.82,78.7,1032.69,2,7,2,58.33333333,1,12.964
29/12/2025 22:00,0,0,0,4.8,0,3.47,1.425,6.78,78.4,1033.1,2,7.111111111,2,61.66666667,1,13.16977778
29/12/2025 23:00,0,0,0,4.785,0,3.455,1.385,6.755,78.2,1033.42,2,6.833333333,2,67.22222222,1,12.65533333
30/12/2025 00:00,0,0,0,4.955,0,3.545,1.43,6.775,77.7,1033.635,2,6.555555556,2,67.22222222,1,12.14088889
30/12/2025 01:00,0,0,0,5.09,0,3.67,1.5,6.82,77.35,1033.86,2,6.888888889,2,69.44444444,1,12.75822222
30/12/2025 02:00,0,0,0,5.115,0,3.72,1.59,6.86,77.75,1033.995,2,6.666666667,2,77.77777778,1,12.34666667
30/12/2025 03:00,0,0,0,5.17,0,3.785,1.705,6.915,78.05,1034.165,2,6.333333333,2,77.77777778,1,11.72933333
30/12/2025 04:00,0,0,0,5.255,0,3.92,1.9,7.005,78.65,1034.165,2,5.833333333,2,71.11111111,1,10.80333333
30/12/2025 05:00,0,0,0,5.39,0,4.03,1.98,7.055,78.45,1034.235,2,5.555555556,2,72.22222222,1,10.28888889
30/12/2025 06:00,0,0,0,5.465,0,4.11,2.125,7.11,78.9,1034.505,2,5.777777778,2,79.44444444,1,10.70044444
30/12/2025 07:00,0,0,0,5.495,0,4.2,2.26,7.195,79.45,1034.985,2,5.833333333,2,71.66666667,1,10.80333333
30/12/2025 08:00,0,0,0,5.595,0,4.285,2.375,7.245,79.65,1035.605,2,5.555555556,2,71.66666667,1,10.28888889
30/12/2025 09:00,0,0.005,0,5.69,0,4.375,2.485,7.305,79.8,1036.15,2,6.5,2,74.44444444,1,12.038
30/12/2025 10:00,0,0,0,5.875,0,4.575,2.69,7.415,80.05,1036.615,2,6.555555556,2,75,1,12.14088889
30/12/2025 11:00,0,0,0,6.19,0,4.78,2.765,7.47,78.7,1036.865,2,6.555555556,2,75.55555556,1,12.14088889
30/12/2025 12:00,0,0,0,6.555,0,4.97,2.705,7.44,76.35,1036.645,2,7.166666667,2,82.77777778,1,13.27266667
30/12/2025 13:00,0,0.01,0,6.8,0,5.12,2.76,7.465,75.35,1036.385,2,6.777777778,2,80.55555556,1,12.55244444
30/12/2025 14:00,0,0,0,6.845,0,5.07,2.525,7.345,73.75,1036.155,2,6.944444444,2,81.11111111,1,12.86111111
30/12/2025 15:00,0,0,0,6.485,0,4.8,2.35,7.265,74.8,1036.095,2,6.611111111,2,81.11111111,1,12.24377778
30/12/2025 16:00,0,0,0,6.01,0,4.49,2.24,7.195,76.55,1036.255,2,6.111111111,2,77.22222222,1,11.31777778
30/12/2025 17:00,0,0,0,5.58,0,4.135,1.99,7.08,77.75,1036.375,2,5.666666667,2,77.77777778,1,10.49466667
30/12/2025 18:00,0,0,0,5.24,0,3.885,1.845,6.98,78.65,1036.405,2,5.611111111,2,72.77777778,1,10.39177778
30/12/2025 19:00,0,0,0,5.05,0,3.72,1.665,6.9,78.7,1036.44,2,5.777777778,2,77.22222222,1,10.70044444
30/12/2025 20:00,0,0,0,4.67,0,3.38,1.4,6.775,79.5,1036.42,2,5.611111111,2,81.11111111,1,10.39177778
30/12/2025 21:00,0,0,0,4.27,0,3.085,1.195,6.675,80.6,1036.35,2,5.333333333,2,77.77777778,1,9.877333333
30/12/2025 22:00,0,0,0,3.755,0,2.62,0.81,6.505,81.35,1036.41,2,4.777777778,2,89.44444444,1,8.848444444
30/12/2025 23:00,0,0,0,3.415,0,2.335,0.65,6.425,82.55,1036.45,2,4.833333333,2,82.77777778,1,8.951333333
31/12/2025 00:00,0,0,0,3.08,0,1.99,0.24,6.24,82.35,1036.415,2,5,2,124.4444444,1,9.26
31/12/2025 01:00,0,0,0,2.755,0,1.78,0.21,6.225,83.75,1036.03,2,4.388888889,2,141.6666667,1,8.128222222
31/12/2025 02:00,0,0,0,2.43,0,1.535,0.09,6.185,84.95,1035.6,2,3.944444444,2,139.4444444,1,7.305111111
31/12/2025 03:00,0,0,0,2.485,0,1.64,0.26,6.24,85.4,1035.2,2,4,2,147.2222222,1,7.408
31/12/2025 04:00,0,0,0,2.56,0,1.655,0.19,6.21,84.6,1034.615,2,3.833333333,2,135.5555556,1,7.099333333
31/12/2025 05:00,0,0,0,2.405,0,1.595,0.255,6.255,85.8,1034.09,2,4,2,162.2222222,1,7.408
31/12/2025 06:00,0,0,0,2.245,0,1.435,0.14,6.2,86.15,1033.69,2,3.944444444,2,163.3333333,1,7.305111111
31/12/2025 07:00,0,0,0,2.25,0,1.475,0.205,6.225,86.45,1033.49,2,4.166666667,2,172.2222222,1,7.716666667
31/12/2025 08:00,0,0,0,2.28,0,1.48,0.165,6.21,86.2,1033.265,2,4.222222222,2,128.3333333,1,7.819555556
31/12/2025 09:00,0,0,0,2.24,0,1.47,0.165,6.215,86.3,1032.875,2,4.055555556,2,138.8888889,1,7.510888889
31/12/2025 10:00,0,0,0,2.525,0,1.71,0.37,6.3,86,1032.495,2,3.888888889,2,161.6666667,1,7.202222222
31/12/2025 11:00,0,0.005,0,3.235,0,2.31,0.865,6.53,84.65,1031.97,2,3.777777778,2,177.7777778,1,6.996444444
31/12/2025 12:00,0,0,0,4.19,0,2.985,1.09,6.63,80.45,1031.165,2,3.833333333,2,171.6666667,1,7.099333333
31/12/2025 13:00,0,0,0,4.64,0,3.205,0.965,6.56,77.25,1030.335,2,4.055555556,2,197.7777778,1,7.510888889
31/12/2025 14:00,0,0.005,0,4.84,0,3.19,0.545,6.375,73.75,1029.6,2,4.166666667,2,198.8888889,1,7.716666667
31/12/2025 15:00,0,0,0,4.765,0,3.075,0.355,6.28,73,1028.965,2,4.722222222,2,186.6666667,1,8.745555556
31/12/2025 16:00,0,0,0,4.35,0,2.875,0.465,6.36,75.65,1028.295,2,4.722222222,2,203.3333333,1,8.745555556
31/12/2025 17:00,0,0.01,0,4.06,0,2.685,0.375,6.32,76.7,1027.54,2,4.777777778,2,214.4444444,1,8.848444444
31/12/2025 18:00,0,0.005,0,3.855,0,2.55,0.4,6.32,77.95,1026.655,2,5,2,220.5555556,1,9.26
31/12/2025 19:00,0,0,0,3.635,0,2.41,0.39,6.32,78.95,1025.64,2,5.444444444,2,215.5555556,1,10.08311111
31/12/2025 20:00,0,0.01,0,3.44,0,2.35,0.495,6.385,80.7,1024.76,2,5.666666667,2,213.8888889,1,10.49466667
31/12/2025 21:00,0,0.04,0,3.47,0,2.39,0.61,6.44,81.1,1024.02,2,6.111111111,2,215,1,11.31777778
31/12/2025 22:00,0,0.04,0,3.6,0,2.51,0.73,6.49,81.15,1023.16,2,6.611111111,2,228.3333333,1,12.24377778
31/12/2025 23:00,0,0.025,0,3.9,0,2.75,0.89,6.57,80.4,1022.395,2,7.444444444,2,231.1111111,1,13.78711111
