date,irainfall   Rainfall indicator,Precipitation Amount (mm)  ,ittt Dry bulb indicator,Air Temperature (C),iwb Wet bulb indicator,Wet Bulb Temperature ©,Dew Point Temperature ©,Vapour Pressure (hPa)    , Relative Humidity (%) ,Mean Sea Level Pressure (hPa),itabspeed wind Speed indicator,Mean Wind Speed (kt),itabdir  wind dir indicator,Predominant Wind Direction (deg),Weekday,Mean Wind Speed (km/h)
01/01/2026 00:00,0,0.02,0,4.135,0,3.08,1.395,6.81,82.05,1021.7,2,8.666666667,2,246.1111111,1,16.05066667
01/01/2026 01:00,0,0.02,0,4.45,0,3.375,1.72,6.975,82.25,1020.755,2,9.111111111,2,243.8888889,1,16.87377778
01/01/2026 02:00,0,0.03,0,4.61,0,3.61,2.1,7.155,83.45,1019.655,2,9.055555556,2,243.3333333,1,16.77088889
01/01/2026 03:00,0,0.035,0,4.825,0,3.89,2.51,7.365,84.7,1018.815,2,9.5,2,247.2222222,1,17.594
01/01/2026 04:00,0,0.055,0,4.79,0,3.935,2.7,7.46,85.9,1017.935,2,9.444444444,2,240,1,17.49111111
01/01/2026 05:00,0,0.08,0,4.7,0,3.92,2.765,7.485,87,1017.325,2,9.222222222,2,257.7777778,1,17.07955556
01/01/2026 06:00,0,0.03,0,4.66,0,3.895,2.77,7.485,87.3,1016.82,2,7.944444444,2,266.1111111,1,14.71311111
01/01/2026 07:00,0,0.04,0,4.66,0,3.975,3.01,7.615,88.95,1016.485,2,7.833333333,2,262.2222222,1,14.50733333
01/01/2026 08:00,0,0.055,0,4.48,0,3.835,2.92,7.54,89.4,1016.36,2,7.444444444,2,268.8888889,1,13.78711111
01/01/2026 09:00,0,0.03,0,4.355,0,3.735,2.83,7.505,89.65,1016.41,2,7.333333333,2,267.7777778,1,13.58133333
01/01/2026 10:00,0,0.03,0,4.775,0,4.045,2.95,7.58,88,1016.415,2,6.777777778,2,250,1,12.55244444
01/01/2026 11:00,0,0.015,0,5.44,0,4.59,3.395,7.81,86.55,1016.33,2,7.277777778,2,264.4444444,1,13.47844444
01/01/2026 12:00,0,0.02,0,6.395,0,5.16,3.44,7.83,81.3,1015.745,2,7.5,2,294.4444444,1,13.89
01/01/2026 13:00,0,0.03,0,6.825,0,5.34,3.275,7.75,77.8,1015.365,2,8.388888889,2,287.2222222,1,15.53622222
01/01/2026 14:00,0,0.015,0,7.05,0,5.31,2.89,7.54,74.45,1014.965,2,9.555555556,2,308.8888889,1,17.69688889
01/01/2026 15:00,0,0.03,0,6.62,0,5.015,2.75,7.47,76.05,1014.585,2,9.777777778,2,313.8888889,1,18.10844444
01/01/2026 16:00,0,0.01,0,6.015,0,4.49,2.28,7.225,76.65,1014.35,2,9.444444444,2,318.3333333,1,17.49111111
01/01/2026 17:00,0,0.045,0,5.24,0,4,2.17,7.165,80.25,1014.245,2,8.833333333,2,312.2222222,1,16.35933333
01/01/2026 18:00,0,0.025,0,4.7,0,3.62,1.955,7.05,82.15,1014.055,2,7.722222222,2,289.4444444,1,14.30155556
01/01/2026 19:00,0,0.005,0,4.455,0,3.45,1.96,7.06,83.45,1013.775,2,7.555555556,2,286.1111111,1,13.99288889
01/01/2026 20:00,0,0.065,0,4.115,0,3.23,1.91,7.03,85.35,1013.69,2,7.222222222,2,292.2222222,1,13.37555556
01/01/2026 21:00,0,0.045,0,4.235,0,3.3,1.92,7.035,84.65,1013.53,2,8.166666667,2,283.8888889,1,15.12466667
01/01/2026 22:00,0,0.06,0,4.17,0,3.25,1.86,7.015,84.7,1013.23,2,8.555555556,2,285,1,15.84488889
01/01/2026 23:00,0,0.075,0,4.435,0,3.44,1.965,7.06,83.85,1012.92,2,9.111111111,2,273.3333333,1,16.87377778
02/01/2026 00:00,0,0.085,0,4.355,0,3.415,2.015,7.09,84.7,1012.64,2,9.555555556,2,290.5555556,1,17.69688889
02/01/2026 01:00,0,0.04,0,4.46,0,3.485,2.045,7.09,84.2,1012.145,2,9.444444444,2,296.1111111,1,17.49111111
02/01/2026 02:00,0,0.035,0,4.52,0,3.455,1.905,7.025,83.2,1011.95,2,10,2,301.1111111,1,18.52
02/01/2026 03:00,0,0.045,0,4.4,0,3.475,2.07,7.11,84.7,1011.9,2,10.05555556,2,305.5555556,1,18.62288889
02/01/2026 04:00,0,0.1,0,4.295,0,3.445,2.155,7.15,85.85,1012.09,2,9,2,273.3333333,1,16.668
02/01/2026 05:00,0,0.045,0,4.04,0,3.195,1.92,7.035,85.95,1012.185,2,8.611111111,2,258.8888889,1,15.94777778
02/01/2026 06:00,0,0.055,0,3.84,0,2.975,1.645,6.895,85.55,1012.37,2,8.333333333,2,283.3333333,1,15.43333333
02/01/2026 07:00,0,0.035,0,3.525,0,2.63,1.215,6.685,84.85,1012.915,2,8.055555556,2,290.5555556,1,14.91888889
02/01/2026 08:00,0,0.005,0,2.965,0,2.07,0.555,6.405,84.15,1013.57,2,7,2,232.7777778,1,12.964
02/01/2026 09:00,0,0.01,0,2.67,0,1.73,0.16,6.21,83.5,1014.36,2,7.833333333,2,268.3333333,1,14.50733333
02/01/2026 10:00,0,0.01,0,2.845,0,1.865,0.215,6.24,82.7,1015.08,2,7.5,2,230,1,13.89
02/01/2026 11:00,0,0.015,0,3.675,0,2.355,0.185,6.215,77.8,1015.44,2,8.055555556,2,226.1111111,1,14.91888889
02/01/2026 12:00,0,0.005,0,4.355,0,2.755,0.14,6.205,73.95,1015.3,2,8.444444444,2,257.7777778,1,15.63911111
02/01/2026 13:00,0,0,0,4.885,0,3.005,-0.05,6.1,70,1015.185,2,9.277777778,2,293.8888889,1,17.18244444
02/01/2026 14:00,0,0.09,0,4.835,0,2.98,-0.085,6.105,70.15,1015.155,2,10.33333333,2,293.8888889,1,19.13733333
02/01/2026 15:00,0,0.005,0,4.505,0,2.715,-0.295,5.985,70.75,1015.285,2,9.611111111,2,291.1111111,1,17.79977778
02/01/2026 16:00,0,0.02,0,3.67,0,2.165,-0.405,5.945,74.5,1015.51,2,8.666666667,2,265.5555556,1,16.05066667
02/01/2026 17:00,0,0.03,0,2.75,0,1.575,-0.45,5.93,79.15,1015.79,2,7.666666667,2,266.1111111,1,14.19866667
02/01/2026 18:00,0,0.02,0,2.41,0,1.32,-0.585,5.86,80.5,1016.08,2,8,2,277.2222222,1,14.816
02/01/2026 19:00,0,0.01,0,2.4,0,1.285,-0.625,5.835,80.35,1016.19,2,8.444444444,2,280,1,15.63911111
02/01/2026 20:00,0,0.025,0,2.185,0,1.225,-0.42,5.95,82.9,1016.205,2,8.166666667,2,296.6666667,1,15.12466667
02/01/2026 21:00,0,0.045,0,1.835,0,0.96,-0.57,5.87,83.75,1016.4,2,8.611111111,2,276.6666667,1,15.94777778
02/01/2026 22:00,0,0.05,0,1.73,0,0.88,-0.595,5.865,84.4,1016.59,2,8.055555556,2,280,1,14.91888889
02/01/2026 23:00,0,0.01,0,1.815,0,0.905,-0.68,5.825,83.35,1016.675,2,8.222222222,2,279.4444444,1,15.22755556
03/01/2026 00:00,0,0.015,0,1.475,0,0.62,-0.875,5.755,84.4,1016.92,2,8.388888889,2,271.1111111,0,15.53622222
03/01/2026 01:00,0,0.045,0,1.4,0,0.56,-0.925,5.725,84.45,1017.04,2,8,2,281.1111111,0,14.816
03/01/2026 02:00,0,0.025,0,1.36,0,0.54,-0.915,5.73,84.7,1017.095,2,8.444444444,2,242.7777778,0,15.63911111
03/01/2026 03:00,0,0.035,0,1.35,0,0.53,-0.965,5.725,84.45,1017.325,2,8.722222222,2,270.5555556,0,16.15355556
03/01/2026 04:00,0,0.055,0,1.41,0,0.555,-0.975,5.705,84.25,1017.345,2,8.333333333,2,288.3333333,0,15.43333333
03/01/2026 05:00,0,0.035,0,1.11,0,0.36,-0.985,5.725,85.6,1017.365,2,7.944444444,2,289.4444444,0,14.71311111
03/01/2026 06:00,0,0.045,0,0.78,0,0.11,-1.1,5.655,87,1017.555,2,7.5,2,266.6666667,0,13.89
03/01/2026 07:00,0,0.03,0,0.745,0,0,-1.405,5.535,85.65,1018,2,7.111111111,2,273.3333333,0,13.16977778
03/01/2026 08:00,0,0.035,0,0.52,0,-0.215,-1.57,5.46,85.75,1018.425,2,7,2,253.3333333,0,12.964
03/01/2026 09:00,0,0.015,0,0.695,0,-0.085,-1.53,5.47,84.9,1018.92,2,7.444444444,2,290.5555556,0,13.78711111
03/01/2026 10:00,0,0.01,0,1.25,0,0.375,-1.255,5.595,83.25,1019.315,2,7.833333333,2,269.4444444,0,14.50733333
03/01/2026 11:00,0,0.005,0,2.16,0,1.055,-0.9,5.73,80.2,1019.81,2,7.888888889,2,271.1111111,0,14.61022222
03/01/2026 12:00,0,0.015,0,2.975,0,1.66,-0.675,5.825,76.85,1019.69,2,8.166666667,2,288.8888889,0,15.12466667
03/01/2026 13:00,0,0.015,0,3.5,0,1.99,-0.61,5.86,74.5,1019.63,2,8.5,2,279.4444444,0,15.742
03/01/2026 14:00,0,0.01,0,3.665,0,2.065,-0.695,5.82,72.95,1019.495,2,8.388888889,2,278.3333333,0,15.53622222
03/01/2026 15:00,0,0.025,0,3.39,0,1.925,-0.64,5.855,74.8,1019.495,2,8.111111111,2,299.4444444,0,15.02177778
03/01/2026 16:00,0,0.09,0,2.57,0,1.31,-0.9,5.725,77.75,1019.725,2,7.611111111,2,276.1111111,0,14.09577778
03/01/2026 17:00,0,0.005,0,1.52,0,0.51,-1.3,5.55,81.35,1019.975,2,6.444444444,2,271.6666667,0,11.93511111
03/01/2026 18:00,0,0.05,0,1.15,0,0.265,-1.325,5.555,83.45,1020.19,2,5.888888889,2,270.5555556,0,10.90622222
03/01/2026 19:00,0,0.015,0,0.815,0,0.065,-1.315,5.565,85.45,1020.31,2,6,2,292.7777778,0,11.112
03/01/2026 20:00,0,0,0,0.525,0,-0.17,-1.435,5.515,86.5,1020.48,2,6.222222222,2,263.3333333,0,11.52355556
03/01/2026 21:00,0,0.045,0,0.165,0,-0.42,-1.485,5.49,88.5,1020.605,2,5.388888889,2,262.7777778,0,9.980222222
03/01/2026 22:00,0,0,0,-0.015,0,-0.585,-1.62,5.455,88.55,1020.645,2,5.333333333,2,251.1111111,0,9.877333333
03/01/2026 23:00,0,0.005,0,-0.215,0,-0.735,-1.72,5.405,89.25,1020.59,2,4.833333333,2,245.5555556,0,8.951333333
04/01/2026 00:00,0,0.025,0,-0.485,0,-0.915,-1.76,5.39,90.8,1020.43,2,4.944444444,2,271.1111111,0,9.157111111
04/01/2026 01:00,0,0.035,0,-0.455,0,-0.925,-1.775,5.395,90.55,1020.205,2,5.222222222,2,255,0,9.671555556
04/01/2026 02:00,0,0.06,0,-0.51,0,-0.935,-1.73,5.43,91.05,1019.75,2,5.166666667,2,254.4444444,0,9.568666667
04/01/2026 03:00,0,0.1,0,-0.7,0,-1.085,-1.81,5.39,91.7,1019.455,2,4.722222222,2,253.3333333,0,8.745555556
04/01/2026 04:00,0,0.04,0,-0.865,0,-1.25,-1.955,5.325,91.95,1019.1,2,4.944444444,2,259.4444444,0,9.157111111
04/01/2026 05:00,0,0.075,0,-0.835,0,-1.19,-1.88,5.36,92.05,1018.64,2,5,2,248.3333333,0,9.26
04/01/2026 06:00,0,0.065,0,-0.79,0,-1.145,-1.8,5.39,92.6,1018.365,2,4.722222222,2,261.6666667,0,8.745555556
04/01/2026 07:00,0,0.14,0,-0.505,0,-0.85,-1.49,5.51,92.75,1018.245,2,4.722222222,2,216.6666667,0,8.745555556
04/01/2026 08:00,0,0.085,0,-0.585,0,-0.94,-1.59,5.47,92.6,1017.98,2,4.666666667,2,226.6666667,0,8.642666667
04/01/2026 09:00,0,0.075,0,-0.605,0,-0.935,-1.56,5.49,92.8,1017.965,2,4.555555556,2,235,0,8.436888889
04/01/2026 10:00,0,0.025,0,0.165,0,-0.215,-0.93,5.735,92.2,1017.975,2,4.555555556,2,213.3333333,0,8.436888889
04/01/2026 11:00,0,0.055,0,1.23,0,0.74,-0.095,6.085,90.75,1017.74,2,4.222222222,2,206.6666667,0,7.819555556
04/01/2026 12:00,0,0.01,0,2.135,0,1.495,0.45,6.325,88.35,1017.03,2,4.555555556,2,216.6666667,0,8.436888889
04/01/2026 13:00,0,0.05,0,2.88,0,2.005,0.63,6.39,85.15,1016.34,2,4.944444444,2,270.5555556,0,9.157111111
04/01/2026 14:00,0,0.085,0,3.185,0,2.235,0.745,6.45,84.15,1015.655,2,6,2,263.8888889,0,11.112
04/01/2026 15:00,0,0.075,0,3.08,0,2.155,0.66,6.405,84.1,1015.24,2,6.5,2,268.3333333,0,12.038
04/01/2026 16:00,0,0.12,0,2.585,0,1.85,0.625,6.405,86.6,1015,2,6.444444444,2,262.2222222,0,11.93511111
04/01/2026 17:00,0,0.24,0,1.92,0,1.325,0.325,6.275,89.05,1014.81,2,6.777777778,2,282.2222222,0,12.55244444
04/01/2026 18:00,0,0.2,0,1.66,0,1.13,0.23,6.24,90.05,1014.9,2,6.833333333,2,256.1111111,0,12.65533333
04/01/2026 19:00,0,0.3,0,1.475,0,0.97,0.125,6.175,90.5,1014.87,2,7.333333333,2,254.4444444,0,13.58133333
04/01/2026 20:00,0,0.115,0,1.275,0,0.785,-0.085,6.09,90.7,1015.13,2,7.277777778,2,260.5555556,0,13.47844444
04/01/2026 21:00,0,0.055,0,1.07,0,0.585,-0.285,6,90.8,1015.4,2,6.666666667,2,230.5555556,0,12.34666667
04/01/2026 22:00,0,0.055,0,0.715,0,0.255,-0.6,5.865,90.95,1015.6,2,6.277777778,2,253.3333333,0,11.62644444
04/01/2026 23:00,0,0.045,0,0.295,0,-0.095,-0.82,5.77,92,1015.83,2,6.444444444,2,251.6666667,0,11.93511111
05/01/2026 00:00,0,0.055,0,0.25,0,-0.185,-0.97,5.705,91.4,1016.1,2,6.111111111,2,273.3333333,1,11.31777778
05/01/2026 01:00,0,0.045,0,-0.015,0,-0.49,-1.39,5.545,90.65,1016.325,2,6.388888889,2,276.6666667,1,11.83222222
05/01/2026 02:00,0,0.08,0,-0.045,0,-0.525,-1.36,5.545,90.75,1016.525,2,7,2,270.5555556,1,12.964
05/01/2026 03:00,0,0.025,0,-0.5,0,-0.945,-1.78,5.395,90.8,1016.865,2,6.611111111,2,228.3333333,1,12.24377778
05/01/2026 04:00,0,0.025,0,-0.595,0,-1.035,-1.91,5.345,90.7,1017.27,2,6.722222222,2,255.5555556,1,12.44955556
05/01/2026 05:00,0,0.03,0,-0.725,0,-1.195,-2.045,5.28,90.55,1017.87,2,6.666666667,2,246.1111111,1,12.34666667
05/01/2026 06:00,0,0.11,0,-0.77,0,-1.27,-2.225,5.235,89.7,1018.355,2,7.277777778,2,248.8888889,1,13.47844444
05/01/2026 07:00,0,0.04,0,-0.89,0,-1.39,-2.345,5.17,89.55,1018.875,2,6.611111111,2,278.8888889,1,12.24377778
05/01/2026 08:00,0,0.035,0,-0.6,0,-1.155,-2.245,5.22,88.4,1019.485,2,7.166666667,2,277.7777778,1,13.27266667
05/01/2026 09:00,0,0.055,0,-0.4,0,-1.005,-2.14,5.25,87.95,1020.135,2,7,2,292.7777778,1,12.964
05/01/2026 10:00,0,0.02,0,0.28,0,-0.455,-1.8,5.375,86.1,1020.82,2,7.111111111,2,262.7777778,1,13.16977778
05/01/2026 11:00,0,0.015,0,1.18,0,0.415,-0.98,5.715,85.55,1021.27,2,6.611111111,2,247.7777778,1,12.24377778
05/01/2026 12:00,0,0.01,0,2.19,0,1.21,-0.475,5.915,82.7,1021.205,2,6.944444444,2,286.1111111,1,12.86111111
05/01/2026 13:00,0,0.01,0,2.87,0,1.755,-0.16,6.055,80.5,1021.06,2,7.722222222,2,262.2222222,1,14.30155556
05/01/2026 14:00,0,0.015,0,3.3,0,2.02,-0.135,6.065,78.1,1021.035,2,7.555555556,2,312.7777778,1,13.99288889
05/01/2026 15:00,0,0.045,0,3.22,0,1.955,-0.22,6.02,78.2,1021.255,2,7.611111111,2,296.6666667,1,14.09577778
05/01/2026 16:00,0,0,0,2.75,0,1.56,-0.465,5.915,79.3,1021.61,2,6.666666667,2,306.6666667,1,12.34666667
05/01/2026 17:00,0,0,0,1.765,0,0.88,-0.69,5.82,83.8,1021.935,2,6,2,277.2222222,1,11.112
05/01/2026 18:00,0,0.025,0,1.475,0,0.735,-0.57,5.885,86.15,1022.23,2,6.166666667,2,276.1111111,1,11.42066667
05/01/2026 19:00,0,0.01,0,1.29,0,0.595,-0.59,5.865,87.15,1022.485,2,6.333333333,2,272.7777778,1,11.72933333
05/01/2026 20:00,0,0.01,0,1.1,0,0.405,-0.765,5.795,87.4,1022.44,2,4.888888889,2,251.6666667,1,9.054222222
05/01/2026 21:00,0,0.005,0,1.17,0,0.485,-0.68,5.845,87.4,1022.29,2,5.666666667,2,255.5555556,1,10.49466667
05/01/2026 22:00,0,0.125,0,1.43,0,0.74,-0.395,5.97,87.6,1021.995,2,6.111111111,2,253.8888889,1,11.31777778
05/01/2026 23:00,0,0.06,0,1.455,0,0.77,-0.385,5.995,87.55,1021.575,2,6.5,2,254.4444444,1,12.038
06/01/2026 00:00,0,0.02,0,1.68,0,0.925,-0.315,6.015,86.45,1021.045,2,6.611111111,2,241.1111111,1,12.24377778
06/01/2026 01:00,0,0.035,0,1.605,0,0.9,-0.285,6.02,87.25,1020.275,2,6.666666667,2,237.2222222,1,12.34666667
06/01/2026 02:00,0,0.02,0,1.76,0,1.02,-0.2,6.08,86.75,1019.57,2,6.833333333,2,222.2222222,1,12.65533333
06/01/2026 03:00,0,0.105,0,1.74,0,1.02,-0.145,6.12,87.2,1018.86,2,7.111111111,2,216.1111111,1,13.16977778
06/01/2026 04:00,0,0.115,0,1.9,0,1.205,0.085,6.22,87.65,1017.975,2,7.5,2,211.6666667,1,13.89
06/01/2026 05:00,0,0.17,0,2.305,0,1.64,0.555,6.435,87.95,1016.955,2,7.277777778,2,205,1,13.47844444
06/01/2026 06:00,0,0.25,0,2.81,0,2.155,1.115,6.695,88.45,1015.78,2,9.222222222,2,198.8888889,1,17.07955556
06/01/2026 07:00,0,0.46,0,3.01,0,2.485,1.625,6.965,90.3,1014.585,2,9.888888889,2,200,1,18.31422222
06/01/2026 08:00,0,0.565,0,3.475,0,2.92,2.075,7.16,90.15,1013.315,2,10.27777778,2,201.1111111,1,19.03444444
06/01/2026 09:00,0,0.43,0,3.97,0,3.385,2.5,7.36,89.8,1012.61,2,9.833333333,2,206.6666667,1,18.21133333
06/01/2026 10:00,0,0.55,0,4.425,0,3.79,2.835,7.535,89.2,1011.865,2,10,2,218.8888889,1,18.52
06/01/2026 11:00,0,0.515,0,4.915,0,4.3,3.44,7.86,89.95,1011.12,2,10.33333333,2,218.3333333,1,19.13733333
06/01/2026 12:00,0,0.235,0,5.46,0,4.7,3.695,7.99,88.45,1010.175,2,10.61111111,2,231.6666667,1,19.65177778
06/01/2026 13:00,0,0.36,0,6.42,0,5.505,4.315,8.34,86.5,1009.395,2,11.33333333,2,238.8888889,1,20.98933333
06/01/2026 14:00,0,0.05,0,6.825,0,5.855,4.595,8.505,85.55,1008.92,2,10.44444444,2,255,1,19.34311111
06/01/2026 15:00,0,0.385,0,6.805,0,5.895,4.79,8.63,86.85,1008.535,2,9.277777778,2,268.8888889,1,17.18244444
06/01/2026 16:00,0,0.07,0,6.465,0,5.6,4.48,8.455,87,1008.53,2,9.777777778,2,275.5555556,1,18.10844444
06/01/2026 17:00,0,0.095,0,6.125,0,5.2,3.99,8.16,86.3,1008.81,2,10.55555556,2,281.6666667,1,19.54888889
06/01/2026 18:00,0,0.13,0,5.95,0,4.96,3.59,7.94,85.1,1009.175,2,11.05555556,2,283.8888889,1,20.47488889
06/01/2026 19:00,0,0.065,0,5.865,0,4.77,3.175,7.7,82.95,1009.575,2,11.38888889,2,300.5555556,1,21.09222222
06/01/2026 20:00,0,0.005,0,5.925,0,4.74,3.065,7.655,81.9,1009.945,2,11.5,2,283.3333333,1,21.298
06/01/2026 21:00,0,0.01,0,5.935,0,4.55,2.575,7.39,78.9,1010.155,2,11.16666667,2,288.8888889,1,20.68066667
06/01/2026 22:00,0,0.01,0,5.5,0,4.125,2.095,7.115,78.2,1010.355,2,11.05555556,2,290,1,20.47488889
06/01/2026 23:00,0,0.035,0,5.42,0,4.065,2.04,7.09,78.4,1010.49,2,10.66666667,2,286.1111111,1,19.75466667
07/01/2026 00:00,0,0.005,0,5.345,0,4.02,2.1,7.125,79.3,1010.595,2,11.22222222,2,300.5555556,1,20.78355556
07/01/2026 01:00,0,0.005,0,5.29,0,4.01,2.085,7.115,79.5,1010.47,2,10.88888889,2,297.2222222,1,20.16622222
07/01/2026 02:00,0,0.04,0,5.25,0,4.085,2.345,7.29,81.3,1010.285,2,10.66666667,2,296.1111111,1,19.75466667
07/01/2026 03:00,0,0.01,0,5.29,0,4.06,2.205,7.23,80.2,1010.31,2,10,2,296.1111111,1,18.52
07/01/2026 04:00,0,0.015,0,5.275,0,4.08,2.295,7.27,80.95,1010.195,2,9.833333333,2,291.1111111,1,18.21133333
07/01/2026 05:00,0,0.005,0,5.225,0,4.02,2.215,7.22,80.95,1010.195,2,9.388888889,2,288.8888889,1,17.38822222
07/01/2026 06:00,0,0.025,0,5.255,0,4.075,2.325,7.285,81.25,1010.29,2,8.888888889,2,287.7777778,1,16.46222222
07/01/2026 07:00,0,0.08,0,5.095,0,4.04,2.435,7.365,82.9,1010.06,2,7.722222222,2,292.2222222,1,14.30155556
07/01/2026 08:00,0,0.075,0,4.915,0,3.92,2.37,7.32,83.75,1009.785,2,6.666666667,2,266.6666667,1,12.34666667
07/01/2026 09:00,0,0.055,0,4.695,0,3.815,2.44,7.365,85.3,1009.65,2,5,2,223.3333333,1,9.26
07/01/2026 10:00,0,0.045,0,4.985,0,4.17,2.905,7.62,86.55,1009.215,2,5,2,223.3333333,1,9.26
07/01/2026 11:00,0,0.055,0,5.605,0,4.79,3.555,7.975,86.6,1008.705,2,4.888888889,2,204.4444444,1,9.054222222
07/01/2026 12:00,0,0.11,0,6.195,0,5.305,4.015,8.285,85.9,1007.905,2,5,2,215.5555556,1,9.26
07/01/2026 13:00,0,0.09,0,6.41,0,5.555,4.275,8.43,86.2,1007.065,2,5.333333333,2,211.6666667,1,9.877333333
07/01/2026 14:00,0,0.1,0,6.56,0,5.735,4.525,8.575,86.9,1006.25,2,6.444444444,2,200,1,11.93511111
07/01/2026 15:00,0,0.185,0,6.505,0,5.745,4.685,8.645,88.25,1005.705,2,7.277777778,2,196.6666667,1,13.47844444
07/01/2026 16:00,0,0.24,0,6.375,0,5.655,4.665,8.615,88.85,1005.635,2,7.055555556,2,205,1,13.06688889
07/01/2026 17:00,0,0.185,0,6.41,0,5.565,4.395,8.445,87.3,1005.59,2,9.222222222,2,229.4444444,1,17.07955556
07/01/2026 18:00,0,0.16,0,6.28,0,5.345,4.095,8.23,86.1,1005.665,2,10.38888889,2,226.1111111,1,19.24022222
07/01/2026 19:00,0,0.075,0,6.15,0,5.145,3.775,8.035,85,1005.69,2,10.55555556,2,231.6666667,1,19.54888889
07/01/2026 20:00,0,0.09,0,6.39,0,5.205,3.595,7.93,82.55,1005.495,2,9.888888889,2,245.5555556,1,18.31422222
07/01/2026 21:00,0,0.005,0,6.345,0,5.12,3.44,7.825,81.9,1005.725,2,9.555555556,2,246.1111111,1,17.69688889
07/01/2026 22:00,0,0.01,0,6.155,0,4.945,3.26,7.745,81.85,1005.98,2,8.5,2,265.5555556,1,15.742
07/01/2026 23:00,0,0.015,0,5.95,0,4.775,3.175,7.68,82.4,1006.01,2,8.055555556,2,265,1,14.91888889
08/01/2026 00:00,0,0.03,0,5.905,0,4.73,3.045,7.625,81.8,1006.04,2,8.277777778,2,265,1,15.33044444
08/01/2026 01:00,0,0.015,0,5.75,0,4.61,3.02,7.59,82.25,1005.82,2,7.777777778,2,250.5555556,1,14.40444444
08/01/2026 02:00,0,0.055,0,5.275,0,4.27,2.82,7.485,83.9,1005.47,2,6.5,2,258.8888889,1,12.038
08/01/2026 03:00,0,0.015,0,4.775,0,3.795,2.375,7.26,84.3,1005.025,2,6.166666667,2,240,1,11.42066667
08/01/2026 04:00,0,0.015,0,4.21,0,3.41,2.25,7.21,86.85,1004.465,2,5.444444444,2,222.7777778,1,10.08311111
08/01/2026 05:00,0,0,0,3.81,0,3.075,1.98,7.055,87.6,1003.94,2,4.333333333,2,220,1,8.025333333
08/01/2026 06:00,0,0.005,0,3.58,0,2.935,1.98,7.06,89.05,1003.335,2,4,2,193.8888889,1,7.408
08/01/2026 07:00,0,0.01,0,3.28,0,2.695,1.81,7,89.85,1002.64,2,3.722222222,2,149.4444444,1,6.893555556
08/01/2026 08:00,0,0.035,0,3.05,0,2.545,1.78,6.965,91.15,1001.7,2,3.944444444,2,144.4444444,1,7.305111111
08/01/2026 09:00,0,0.14,0,2.765,0,2.345,1.675,6.92,92.3,1000.665,2,3.888888889,2,140,1,7.202222222
08/01/2026 10:00,0,0.28,0,2.82,0,2.425,1.835,6.995,92.8,999.72,2,4.5,2,135,1,8.334
08/01/2026 11:00,0,0.41,0,3.1,0,2.73,2.165,7.16,93.25,998.73,2,4.333333333,2,131.6666667,1,8.025333333
08/01/2026 12:00,0,0.365,0,3.46,0,3.055,2.455,7.295,92.65,997.34,2,4.611111111,2,97.22222222,1,8.539777778
08/01/2026 13:00,0,0.435,0,3.72,0,3.26,2.56,7.335,91.85,996.075,2,5.888888889,2,104.4444444,1,10.90622222
08/01/2026 14:00,0,0.42,0,3.945,0,3.385,2.56,7.34,90.35,995.025,2,6.777777778,2,107.2222222,1,12.55244444
08/01/2026 15:00,0,0.29,0,4.15,0,3.55,2.655,7.42,89.8,994.615,2,7.222222222,2,216.1111111,1,13.37555556
08/01/2026 16:00,0,0.2,0,3.99,0,3.395,2.54,7.355,90,994.805,2,7.888888889,2,254.4444444,1,14.61022222
08/01/2026 17:00,0,0.285,0,3.835,0,3.27,2.395,7.27,90.1,995.17,2,8.277777778,2,327.7777778,1,15.33044444
08/01/2026 18:00,0,0.15,0,3.905,0,3.335,2.485,7.315,90.3,995.58,2,8.944444444,2,326.6666667,1,16.56511111
08/01/2026 19:00,0,0.205,0,3.92,0,3.335,2.44,7.295,89.7,996.135,2,8.611111111,2,326.1111111,1,15.94777778
08/01/2026 20:00,0,0.05,0,3.89,0,3.275,2.305,7.215,89.2,996.725,2,8.444444444,2,303.8888889,1,15.63911111
08/01/2026 21:00,0,0.055,0,3.67,0,3.03,2.09,7.12,89.2,997.34,2,8.055555556,2,318.8888889,1,14.91888889
08/01/2026 22:00,0,0.055,0,3.585,0,2.955,1.945,7.03,88.95,997.94,2,7.944444444,2,295.5555556,1,14.71311111
08/01/2026 23:00,0,0.065,0,3.365,0,2.755,1.805,6.95,89.35,998.48,2,7.111111111,2,290.5555556,1,13.16977778
09/01/2026 00:00,0,0.065,0,3.165,0,2.53,1.545,6.835,88.9,998.98,2,6.388888889,2,277.2222222,1,11.83222222
09/01/2026 01:00,0,0.15,0,3.02,0,2.44,1.555,6.84,89.75,999.27,2,6.666666667,2,271.1111111,1,12.34666667
09/01/2026 02:00,0,0.055,0,2.625,0,2.08,1.255,6.705,90.55,999.545,2,7.222222222,2,285,1,13.37555556
09/01/2026 03:00,0,0.15,0,2.53,0,1.995,1.185,6.665,90.6,1000.115,2,6.666666667,2,293.8888889,1,12.34666667
09/01/2026 04:00,0,0.065,0,2.565,0,1.975,1.005,6.575,89.15,1000.47,2,6.777777778,2,278.8888889,1,12.55244444
09/01/2026 05:00,0,0.065,0,2.465,0,1.92,1.075,6.61,90.45,1000.98,2,7.222222222,2,273.3333333,1,13.37555556
09/01/2026 06:00,0,0.035,0,2.01,0,1.47,0.59,6.39,89.95,1001.48,2,7,2,268.3333333,1,12.964
09/01/2026 07:00,0,0.16,0,1.87,0,1.33,0.435,6.31,90.15,1002.275,2,6.666666667,2,270,1,12.34666667
09/01/2026 08:00,0,0.01,0,1.83,0,1.265,0.37,6.29,90.05,1002.815,2,6.333333333,2,266.6666667,1,11.72933333
09/01/2026 09:00,0,0.1,0,1.355,0,0.875,0.075,6.165,90.8,1003.595,2,5.555555556,2,240.5555556,1,10.28888889
09/01/2026 10:00,0,0.175,0,1.87,0,1.385,0.585,6.39,90.9,1004.16,2,6.222222222,2,245.5555556,1,11.52355556
09/01/2026 11:00,0,0.145,0,3.14,0,2.44,1.36,6.75,87.7,1004.665,2,5.777777778,2,249.4444444,1,10.70044444
09/01/2026 12:00,0,0.025,0,4.38,0,3.385,1.875,7.015,83.4,1004.995,2,6.055555556,2,260,1,11.21488889
09/01/2026 13:00,0,0.01,0,5.215,0,3.945,2.015,7.075,79.45,1005.13,2,7.388888889,2,262.2222222,1,13.68422222
09/01/2026 14:00,0,0.01,0,5.585,0,4.165,2.075,7.09,77.9,1005.385,2,8.888888889,2,258.3333333,1,16.46222222
09/01/2026 15:00,0,0.075,0,5.12,0,3.83,1.89,7.025,79.3,1005.735,2,8.722222222,2,253.8888889,1,16.15355556
09/01/2026 16:00,0,0.175,0,4.22,0,3.235,1.745,6.955,83.5,1006.085,2,7.777777778,2,250,1,14.40444444
09/01/2026 17:00,0,0.07,0,3.375,0,2.59,1.365,6.79,86.55,1006.6,2,7.277777778,2,233.3333333,1,13.47844444
09/01/2026 18:00,0,0.14,0,2.86,0,2.24,1.255,6.725,88.9,1007.12,2,6.777777778,2,203.8888889,1,12.55244444
09/01/2026 19:00,0,0.165,0,2.54,0,1.95,1.07,6.63,89.85,1007.755,2,7.111111111,2,199.4444444,1,13.16977778
09/01/2026 20:00,0,0.11,0,2.31,0,1.74,0.835,6.52,89.9,1008.445,2,6.166666667,2,210,1,11.42066667
09/01/2026 21:00,0,0.08,0,2.075,0,1.51,0.63,6.44,90.1,1009.15,2,6.666666667,2,221.6666667,1,12.34666667
09/01/2026 22:00,0,0.015,0,1.92,0,1.405,0.64,6.46,91.3,1010.02,2,6.944444444,2,237.7777778,1,12.86111111
09/01/2026 23:00,0,0.02,0,1.77,0,1.275,0.52,6.42,91.45,1010.845,2,6.777777778,2,255.5555556,1,12.55244444
10/01/2026 00:00,0,0.035,0,1.72,0,1.205,0.475,6.405,91.55,1011.61,2,6.611111111,2,261.1111111,0,12.24377778
10/01/2026 01:00,0,0.02,0,1.695,0,1.13,0.32,6.33,90.65,1012.19,2,7.055555556,2,242.2222222,0,13.06688889
10/01/2026 02:00,0,0.105,0,1.97,0,1.355,0.455,6.385,90,1012.955,2,6.944444444,2,242.2222222,0,12.86111111
10/01/2026 03:00,0,0.065,0,1.825,0,1.265,0.415,6.35,90.45,1013.61,2,6.333333333,2,242.2222222,0,11.72933333
10/01/2026 04:00,0,0.02,0,2.025,0,1.44,0.585,6.42,90.4,1014.06,2,5.222222222,2,236.1111111,0,9.671555556
10/01/2026 05:00,0,0.035,0,1.98,0,1.43,0.62,6.44,90.8,1014.38,2,5.333333333,2,214.4444444,0,9.877333333
10/01/2026 06:00,0,0.105,0,2.04,0,1.515,0.75,6.495,91.15,1014.835,2,5.611111111,2,229.4444444,0,10.39177778
10/01/2026 07:00,0,0.025,0,1.74,0,1.285,0.595,6.45,92,1015.095,2,5.111111111,2,213.8888889,0,9.465777778
10/01/2026 08:00,0,0.04,0,1.815,0,1.345,0.67,6.475,92.05,1015.47,2,5,2,197.7777778,0,9.26
10/01/2026 09:00,0,0.005,0,1.95,0,1.46,0.7,6.495,91.3,1015.75,2,4.388888889,2,203.3333333,0,8.128222222
10/01/2026 10:00,0,0.01,0,2.73,0,2.19,1.385,6.8,90.7,1016.03,2,4.833333333,2,186.1111111,0,8.951333333
10/01/2026 11:00,0,0.015,0,3.93,0,3.285,2.37,7.28,89.4,1016.18,2,5.277777778,2,192.2222222,0,9.774444444
10/01/2026 12:00,0,0,0,4.875,0,4.07,2.96,7.585,87.2,1015.945,2,5.333333333,2,189.4444444,0,9.877333333
10/01/2026 13:00,0,0,0,5.47,0,4.545,3.31,7.78,85.75,1015.545,2,5.944444444,2,180.5555556,0,11.00911111
10/01/2026 14:00,0,0.04,0,5.78,0,4.875,3.7,7.985,86.45,1014.995,2,6.555555556,2,181.6666667,0,12.14088889
10/01/2026 15:00,0,0.105,0,5.92,0,5.12,4.05,8.2,87.55,1014.655,2,7.444444444,2,172.2222222,0,13.78711111
10/01/2026 16:00,0,0.225,0,5.935,0,5.2,4.245,8.305,88.6,1014.365,2,7.666666667,2,163.3333333,0,14.19866667
10/01/2026 17:00,0,0.445,0,5.925,0,5.265,4.355,8.38,89.3,1013.84,2,8.388888889,2,164.4444444,0,15.53622222
10/01/2026 18:00,0,0.56,0,6.095,0,5.375,4.415,8.42,88.8,1013.085,2,9.666666667,2,158.3333333,0,17.90266667
10/01/2026 19:00,0,0.54,0,6.25,0,5.575,4.68,8.57,89.55,1012.185,2,10.94444444,2,157.7777778,0,20.26911111
10/01/2026 20:00,0,0.505,0,6.535,0,5.86,5.025,8.775,89.8,1011.125,2,12.77777778,2,158.3333333,0,23.66444444
10/01/2026 21:00,0,0.665,0,6.78,0,6.12,5.33,8.96,90.05,1009.905,2,14.22222222,2,159.4444444,0,26.33955556
10/01/2026 22:00,0,0.635,0,7.05,0,6.46,5.7,9.19,90.8,1008.55,2,15.11111111,2,157.2222222,0,27.98577778
10/01/2026 23:00,0,0.535,0,7.445,0,6.81,6.03,9.435,90.45,1007.235,2,16.61111111,2,158.3333333,0,30.76377778
11/01/2026 00:00,0,0.41,0,7.785,0,7.25,6.565,9.775,91.55,1005.9,2,17.66666667,2,162.7777778,0,32.71866667
11/01/2026 01:00,0,0.345,0,8.335,0,7.81,7.21,10.205,92.2,1004.795,2,18.22222222,2,167.7777778,0,33.74755556
11/01/2026 02:00,0,0.33,0,8.755,0,8.205,7.575,10.46,91.85,1003.585,2,18.38888889,2,172.2222222,0,34.05622222
11/01/2026 03:00,0,0.385,0,9.1,0,8.545,7.935,10.74,92.1,1002.42,2,17.83333333,2,175.5555556,0,33.02733333
11/01/2026 04:00,0,0.55,0,9.42,0,8.875,8.275,10.97,92.25,1000.87,2,17.44444444,2,173.8888889,0,32.30711111
11/01/2026 05:00,0,0.525,0,9.64,0,9.12,8.565,11.165,92.75,999.725,2,16.44444444,2,178.8888889,0,30.45511111
11/01/2026 06:00,0,0.505,0,9.86,0,9.39,8.885,11.41,93.4,998.91,2,15.55555556,2,180.5555556,0,28.80888889
11/01/2026 07:00,0,0.445,0,10.02,0,9.6,9.145,11.615,93.9,997.965,2,14.88888889,2,179.4444444,0,27.57422222
11/01/2026 08:00,0,0.245,0,10.22,0,9.765,9.315,11.735,93.85,997.285,2,14.72222222,2,182.2222222,0,27.26555556
11/01/2026 09:00,0,0.095,0,10.395,0,9.9,9.395,11.81,93.3,996.355,2,14.55555556,2,180,0,26.95688889
11/01/2026 10:00,0,0.105,0,10.615,0,10.095,9.54,11.925,92.85,995.3,2,15.05555556,2,176.1111111,0,27.88288889
11/01/2026 11:00,0,0.185,0,10.805,0,10.19,9.58,11.93,91.75,993.85,2,14.88888889,2,175,0,27.57422222
11/01/2026 12:00,0,0.345,0,10.885,0,10.285,9.71,12.04,92.2,992.035,2,15.77777778,2,173.3333333,0,29.22044444
11/01/2026 13:00,0,0.395,0,10.99,0,10.335,9.705,12.045,91.75,989.77,2,16.55555556,2,167.7777778,0,30.66088889
11/01/2026 14:00,0,0.55,0,10.905,0,10.325,9.75,12.09,92.3,987.195,2,17.44444444,2,161.6666667,0,32.30711111
11/01/2026 15:00,0,0.9,0,11.23,0,10.585,9.925,12.24,91.4,984.61,2,18.61111111,2,161.1111111,0,34.46777778
11/01/2026 16:00,0,0.99,0,11.52,0,10.81,10.13,12.4,90.9,983.1,2,20.44444444,2,169.4444444,0,37.86311111
11/01/2026 17:00,0,1.065,0,11.24,0,10.475,9.7,12.055,90.05,982.49,2,21.33333333,2,190.5555556,0,39.50933333
11/01/2026 18:00,0,0.61,0,10.83,0,9.77,8.685,11.245,86.25,982.9,2,20.72222222,2,206.6666667,0,38.37755556
11/01/2026 19:00,0,0.265,0,10.165,0,9.055,7.85,10.645,85.3,983.875,2,20.22222222,2,216.1111111,0,37.45155556
11/01/2026 20:00,0,0.34,0,9.675,0,8.465,7.11,10.1,83.75,984.835,2,19.94444444,2,222.2222222,0,36.93711111
11/01/2026 21:00,0,0.175,0,9.425,0,8.19,6.8,9.89,83.55,985.715,2,19.33333333,2,221.1111111,0,35.80533333
11/01/2026 22:00,0,0.235,0,9.14,0,7.98,6.63,9.775,83.95,986.585,2,18.16666667,2,221.1111111,0,33.64466667
11/01/2026 23:00,0,0.135,0,9.03,0,7.885,6.58,9.74,84.25,987.37,2,17.22222222,2,223.3333333,0,31.89555556
12/01/2026 00:00,0,0.18,0,8.95,0,7.79,6.445,9.655,84.05,988.165,2,16.33333333,2,223.3333333,1,30.24933333
12/01/2026 01:00,0,0.105,0,8.855,0,7.705,6.375,9.6,84,988.89,2,15.72222222,2,223.3333333,1,29.11755556
12/01/2026 02:00,0,0.06,0,8.74,0,7.635,6.315,9.575,84.3,989.42,2,14.61111111,2,222.7777778,1,27.05977778
12/01/2026 03:00,0,0.015,0,8.615,0,7.57,6.315,9.59,85.3,989.935,2,13.38888889,2,217.7777778,1,24.79622222
12/01/2026 04:00,0,0.025,0,8.525,0,7.465,6.215,9.49,85,990.055,2,12.5,2,215.5555556,1,23.15
12/01/2026 05:00,0,0.13,0,8.445,0,7.5,6.365,9.615,86.5,990.16,2,12.11111111,2,211.6666667,1,22.42977778
12/01/2026 06:00,0,0.165,0,8.36,0,7.485,6.45,9.67,87.45,990.225,2,11.33333333,2,211.1111111,1,20.98933333
12/01/2026 07:00,0,0.145,0,8.115,0,7.285,6.29,9.57,88,990.3,2,10.61111111,2,203.8888889,1,19.65177778
12/01/2026 08:00,0,0.125,0,8.22,0,7.385,6.385,9.63,87.95,990.405,2,10.55555556,2,200.5555556,1,19.54888889
12/01/2026 09:00,0,0.09,0,8.195,0,7.385,6.455,9.66,88.35,990.825,2,10.72222222,2,200.5555556,1,19.85755556
12/01/2026 10:00,0,0.1,0,8.5,0,7.64,6.63,9.8,87.7,991.05,2,10.05555556,2,201.6666667,1,18.62288889
12/01/2026 11:00,0,0.285,0,8.815,0,7.925,6.925,9.975,87.5,991.25,2,10.61111111,2,199.4444444,1,19.65177778
12/01/2026 12:00,0,0.385,0,9.31,0,8.25,7.08,10.085,85.7,991.215,2,11.22222222,2,203.8888889,1,20.78355556
12/01/2026 13:00,0,0.22,0,9.45,0,8.335,7.11,10.11,85.1,991.3,2,11.22222222,2,212.7777778,1,20.78355556
12/01/2026 14:00,0,0.205,0,9.635,0,8.415,7.01,10.03,83.35,991.495,2,11.94444444,2,212.2222222,1,22.12111111
12/01/2026 15:00,0,0.355,0,9.405,0,8.13,6.68,9.805,83,991.71,2,11.66666667,2,223.8888889,1,21.60666667
12/01/2026 16:00,0,0.415,0,8.87,0,7.83,6.64,9.8,85.7,992.155,2,10.61111111,2,221.1111111,1,19.65177778
12/01/2026 17:00,0,0.27,0,8.3,0,7.37,6.3,9.555,86.95,992.605,2,8.611111111,2,219.4444444,1,15.94777778
12/01/2026 18:00,0,0.24,0,8.08,0,7.255,6.285,9.56,88.15,993.27,2,8.611111111,2,223.8888889,1,15.94777778
12/01/2026 19:00,0,0.335,0,7.81,0,7.11,6.305,9.57,90.1,994.1,2,7.722222222,2,227.2222222,1,14.30155556
12/01/2026 20:00,0,0.185,0,7.82,0,7.155,6.36,9.61,90.2,994.76,2,7.277777778,2,216.1111111,1,13.47844444
12/01/2026 21:00,0,0.065,0,7.78,0,7.13,6.365,9.61,90.65,995.515,2,7.722222222,2,233.8888889,1,14.30155556
12/01/2026 22:00,0,0.06,0,7.6,0,6.905,6.085,9.43,89.85,996.12,2,7.333333333,2,243.8888889,1,13.58133333
12/01/2026 23:00,0,0.16,0,7.46,0,6.785,6.005,9.365,90.35,996.6,2,7.444444444,2,247.7777778,1,13.78711111
13/01/2026 00:00,0,0.205,0,7.29,0,6.7,5.955,9.345,90.95,997.385,2,7.277777778,2,237.2222222,1,13.47844444
13/01/2026 01:00,0,0.145,0,7.07,0,6.425,5.64,9.145,90.3,998.03,2,7.333333333,2,262.7777778,1,13.58133333
13/01/2026 02:00,0,0.145,0,6.92,0,6.275,5.495,9.06,90.5,998.43,2,6.777777778,2,252.2222222,1,12.55244444
13/01/2026 03:00,0,0.28,0,6.76,0,6.085,5.2,8.895,89.5,999.005,2,6.944444444,2,268.8888889,1,12.86111111
13/01/2026 04:00,0,0.505,0,6.47,0,5.805,4.93,8.725,89.8,999.42,2,6.944444444,2,265.5555556,1,12.86111111
13/01/2026 05:00,0,0.47,0,6.075,0,5.405,4.485,8.44,89.45,999.915,2,6.666666667,2,258.3333333,1,12.34666667
13/01/2026 06:00,0,0.27,0,5.52,0,4.81,3.805,8.065,88.8,1000.37,2,7.5,2,265.5555556,1,13.89
13/01/2026 07:00,0,0.12,0,5.08,0,4.29,3.14,7.69,87.35,1001.175,2,7.611111111,2,263.8888889,1,14.09577778
13/01/2026 08:00,0,0.05,0,4.66,0,3.79,2.48,7.345,85.95,1002.005,2,7.055555556,2,260.5555556,1,13.06688889
13/01/2026 09:00,0,0.01,0,4.385,0,3.535,2.25,7.2,86.2,1003.08,2,7.222222222,2,271.1111111,1,13.37555556
13/01/2026 10:00,0,0.025,0,4.58,0,3.665,2.275,7.22,85.15,1003.82,2,7.222222222,2,268.3333333,1,13.37555556
13/01/2026 11:00,0,0.015,0,5.62,0,4.41,2.655,7.395,81,1004.405,2,7.5,2,288.8888889,1,13.89
13/01/2026 12:00,0,0.03,0,6.5,0,4.825,2.435,7.305,75.05,1004.75,2,7.222222222,2,271.6666667,1,13.37555556
13/01/2026 13:00,0,0,0,7.085,0,5.1,2.27,7.21,71.05,1005.065,2,8.333333333,2,268.8888889,1,15.43333333
13/01/2026 14:00,0,0,0,7.235,0,5.14,2.175,7.13,69.8,1005.525,2,8.722222222,2,283.8888889,1,16.15355556
13/01/2026 15:00,0,0,0,6.83,0,4.855,2,7.06,71.15,1006.15,2,9.111111111,2,282.7777778,1,16.87377778
13/01/2026 16:00,0,0.04,0,5.86,0,4.2,1.74,6.925,74.65,1006.795,2,8.444444444,2,281.1111111,1,15.63911111
13/01/2026 17:00,0,0.045,0,4.82,0,3.475,1.435,6.78,78.65,1007.475,2,7.5,2,276.1111111,1,13.89
13/01/2026 18:00,0,0.025,0,3.845,0,2.805,1.16,6.64,82.6,1007.875,2,6.666666667,2,257.7777778,1,12.34666667
13/01/2026 19:00,0,0.025,0,3.325,0,2.39,0.9,6.52,84,1008.19,2,5.777777778,2,250.5555556,1,10.70044444
13/01/2026 20:00,0,0,0,2.965,0,2.13,0.85,6.51,85.85,1008.485,2,5.222222222,2,236.6666667,1,9.671555556
13/01/2026 21:00,0,0.09,0,2.515,0,1.825,0.76,6.48,88.05,1008.88,2,5.5,2,230.5555556,1,10.186
13/01/2026 22:00,0,0.01,0,2.3,0,1.675,0.715,6.475,89,1009.245,2,5.5,2,215.5555556,1,10.186
13/01/2026 23:00,0,0.035,0,2.085,0,1.475,0.515,6.365,89.05,1009.585,2,5.166666667,2,197.2222222,1,9.568666667
14/01/2026 00:00,0,0.005,0,2.195,0,1.595,0.625,6.435,89.25,1009.535,2,5.333333333,2,193.8888889,1,9.877333333
14/01/2026 01:00,0,0.01,0,2.57,0,1.91,0.86,6.535,88.5,1009.355,2,5.888888889,2,189.4444444,1,10.90622222
14/01/2026 02:00,0,0.01,0,2.745,0,2.02,0.905,6.56,87.6,1009.1,2,6.222222222,2,188.3333333,1,11.52355556
14/01/2026 03:00,0,0,0,2.745,0,2.015,0.925,6.575,88,1008.955,2,6.722222222,2,207.2222222,1,12.44955556
14/01/2026 04:00,0,0,0,3.3,0,2.46,1.25,6.725,86.5,1008.26,2,7.777777778,2,200.5555556,1,14.40444444
14/01/2026 05:00,0,0,0,3.515,0,2.695,1.49,6.84,86.75,1007.715,2,8.277777778,2,187.7777778,1,15.33044444
14/01/2026 06:00,0,0,0,4.26,0,3.25,1.815,7.03,84.5,1007.205,2,9.277777778,2,181.6666667,1,17.18244444
14/01/2026 07:00,0,0,0,4.53,0,3.45,1.93,7.085,83.4,1006.665,2,10.5,2,186.6666667,1,19.446
14/01/2026 08:00,0,0.095,0,4.995,0,3.915,2.34,7.295,82.8,1006.065,2,11.5,2,178.8888889,1,21.298
14/01/2026 09:00,0,0.055,0,5.55,0,4.335,2.58,7.405,80.9,1005.465,2,12.44444444,2,174.4444444,1,23.04711111
14/01/2026 10:00,0,0.25,0,5.99,0,4.795,3.105,7.69,81.5,1004.79,2,13.11111111,2,168.8888889,1,24.28177778
14/01/2026 11:00,0,0.545,0,6.4,0,5.25,3.64,7.995,82.65,1003.805,2,13.77777778,2,173.8888889,1,25.51644444
14/01/2026 12:00,0,0.63,0,6.775,0,5.66,4.155,8.285,83.4,1002.58,2,14.5,2,171.1111111,1,26.854
14/01/2026 13:00,0,0.88,0,6.85,0,5.965,4.775,8.66,86.5,1001.155,2,15,2,174.4444444,1,27.78
14/01/2026 14:00,0,1.025,0,7.16,0,6.3,5.185,8.9,87.05,999.695,2,15.44444444,2,170,1,28.60311111
14/01/2026 15:00,0,0.81,0,7.205,0,6.51,5.645,9.16,89.45,998.555,2,14.55555556,2,174.4444444,1,26.95688889
14/01/2026 16:00,0,0.345,0,7.59,0,6.88,5.99,9.375,89.4,997.975,2,12.72222222,2,185,1,23.56155556
14/01/2026 17:00,0,0.575,0,7.65,0,6.96,6.11,9.445,89.6,997.595,2,12.33333333,2,190.5555556,1,22.84133333
14/01/2026 18:00,0,0.32,0,7.475,0,6.76,5.855,9.275,89.2,997.355,2,11.11111111,2,206.1111111,1,20.57777778
14/01/2026 19:00,0,0.3,0,7.195,0,6.47,5.57,9.095,89.15,997.25,2,10.33333333,2,211.6666667,1,19.13733333
14/01/2026 20:00,0,0.27,0,6.72,0,6.065,5.235,8.875,89.95,997.275,2,9.111111111,2,213.8888889,1,16.87377778
14/01/2026 21:00,0,0.215,0,6.445,0,5.8,4.955,8.71,89.95,997.295,2,8.333333333,2,219.4444444,1,15.43333333
14/01/2026 22:00,0,0.12,0,6,0,5.345,4.46,8.41,89.6,997.44,2,8.611111111,2,210.5555556,1,15.94777778
14/01/2026 23:00,0,0.03,0,5.755,0,5.015,4.025,8.17,88.5,997.455,2,9,2,213.3333333,1,16.668
15/01/2026 00:00,0,0.075,0,5.465,0,4.725,3.67,7.96,88.05,997.64,2,9,2,214.4444444,1,16.668
15/01/2026 01:00,0,0.06,0,5.125,0,4.375,3.32,7.755,87.85,997.485,2,9.055555556,2,212.7777778,1,16.77088889
15/01/2026 02:00,0,0.105,0,4.91,0,4.185,3.16,7.67,88.05,997.3,2,8.722222222,2,215,1,16.15355556
15/01/2026 03:00,0,0.215,0,4.58,0,3.915,2.965,7.57,88.85,997.27,2,8.333333333,2,208.3333333,1,15.43333333
15/01/2026 04:00,0,0.09,0,4.4,0,3.635,2.56,7.35,87.75,997.11,2,8.388888889,2,206.1111111,1,15.53622222
15/01/2026 05:00,0,0.06,0,4.38,0,3.615,2.52,7.34,87.45,996.93,2,7.722222222,2,202.2222222,1,14.30155556
15/01/2026 06:00,0,0.115,0,4.005,0,3.31,2.255,7.215,88.25,996.855,2,7.611111111,2,199.4444444,1,14.09577778
15/01/2026 07:00,0,0.085,0,4.015,0,3.27,2.175,7.16,87.7,996.68,2,7.111111111,2,198.3333333,1,13.16977778
15/01/2026 08:00,0,0.04,0,3.745,0,3.01,1.93,7.045,87.8,996.825,2,8.166666667,2,198.3333333,1,15.12466667
15/01/2026 09:00,0,0.06,0,3.59,0,2.95,2.005,7.08,89.15,996.91,2,6.833333333,2,199.4444444,1,12.65533333
15/01/2026 10:00,0,0.105,0,4.09,0,3.36,2.27,7.225,87.75,996.91,2,7,2,187.2222222,1,12.964
15/01/2026 11:00,0,0.135,0,5.465,0,4.46,3.04,7.61,84.1,996.895,2,6.5,2,183.8888889,1,12.038
15/01/2026 12:00,0,0.035,0,6.58,0,5.3,3.585,7.905,81.15,996.425,2,6.333333333,2,182.7777778,1,11.72933333
15/01/2026 13:00,0,0,0,7.41,0,5.81,3.67,7.965,77,995.785,2,6.833333333,2,179.4444444,1,12.65533333
15/01/2026 14:00,0,0.09,0,7.44,0,5.86,3.73,8.005,77.2,995.205,2,6.666666667,2,182.7777778,1,12.34666667
15/01/2026 15:00,0,0.085,0,6.985,0,5.6,3.72,7.98,79.65,994.95,2,6.944444444,2,181.6666667,1,12.86111111
15/01/2026 16:00,0,0.12,0,6.175,0,5.07,3.51,7.865,82.7,994.87,2,6.444444444,2,163.8888889,1,11.93511111
15/01/2026 17:00,0,0.045,0,5.025,0,4.19,3.02,7.615,86.55,994.82,2,6.277777778,2,153.3333333,1,11.62644444
15/01/2026 18:00,0,0.13,0,4.41,0,3.745,2.77,7.475,88.8,994.835,2,6.388888889,2,150.5555556,1,11.83222222
15/01/2026 19:00,0,0.155,0,4.085,0,3.505,2.675,7.46,90.45,994.865,2,6.555555556,2,156.6666667,1,12.14088889
15/01/2026 20:00,0,0.115,0,4.19,0,3.575,2.695,7.445,89.8,994.76,2,6.222222222,2,148.3333333,1,11.52355556
15/01/2026 21:00,0,0.15,0,4.135,0,3.52,2.605,7.395,89.55,994.785,2,6.777777778,2,152.7777778,1,12.55244444
15/01/2026 22:00,0,0.135,0,4.3,0,3.7,2.84,7.52,89.9,994.64,2,6.722222222,2,162.7777778,1,12.44955556
15/01/2026 23:00,0,0.11,0,4.36,0,3.765,2.885,7.535,89.9,994.465,2,7.055555556,2,151.6666667,1,13.06688889
16/01/2026 00:00,0,0.275,0,4.245,0,3.715,2.945,7.57,91.05,994.315,2,7.277777778,2,155,1,13.47844444
16/01/2026 01:00,0,0.135,0,3.94,0,3.43,2.7,7.44,91.3,994.22,2,7.722222222,2,148.3333333,1,14.30155556
16/01/2026 02:00,0,0.11,0,4.03,0,3.465,2.655,7.42,90.65,993.96,2,7.333333333,2,145.5555556,1,13.58133333
16/01/2026 03:00,0,0.07,0,3.815,0,3.24,2.43,7.31,90.6,994.05,2,7.833333333,2,148.3333333,1,14.50733333
16/01/2026 04:00,0,0.045,0,3.925,0,3.33,2.46,7.33,90.1,993.98,2,7.777777778,2,141.6666667,1,14.40444444
16/01/2026 05:00,0,0.11,0,3.81,0,3.27,2.51,7.35,91,994.05,2,7.944444444,2,142.7777778,1,14.71311111
16/01/2026 06:00,0,0.09,0,3.79,0,3.275,2.505,7.345,90.9,994.2,2,8.055555556,2,139.4444444,1,14.91888889
16/01/2026 07:00,0,0.03,0,3.715,0,3.155,2.365,7.28,90.7,994.38,2,7.944444444,2,130.5555556,1,14.71311111
16/01/2026 08:00,0,0.235,0,3.585,0,3.08,2.295,7.225,90.95,994.91,2,6.888888889,2,136.6666667,1,12.75822222
16/01/2026 09:00,0,0.205,0,3.93,0,3.39,2.585,7.405,90.75,995.41,2,7.5,2,140,1,13.89
16/01/2026 10:00,0,0.17,0,4.75,0,4.07,3.13,7.675,89,995.79,2,7.666666667,2,132.7777778,1,14.19866667
16/01/2026 11:00,0,0.07,0,5.855,0,4.92,3.65,7.955,85.65,996.235,2,7.277777778,2,135.5555556,1,13.47844444
16/01/2026 12:00,0,0.075,0,6.55,0,5.555,4.235,8.275,85,996.37,2,8,2,130.5555556,1,14.816
16/01/2026 13:00,0,0.12,0,6.875,0,5.755,4.27,8.305,83.25,996.695,2,8.5,2,136.1111111,1,15.742
16/01/2026 14:00,0,0.255,0,7.13,0,5.925,4.335,8.325,81.95,996.735,2,8.055555556,2,143.8888889,1,14.91888889
16/01/2026 15:00,0,0.05,0,7.075,0,5.915,4.39,8.355,82.6,996.96,2,7.444444444,2,139.4444444,1,13.78711111
16/01/2026 16:00,0,0.03,0,6.595,0,5.56,4.185,8.23,84.15,997.53,2,6.777777778,2,132.2222222,1,12.55244444
16/01/2026 17:00,0,0.21,0,5.735,0,4.93,3.82,8.04,87.2,998.11,2,6.222222222,2,130.5555556,1,11.52355556
16/01/2026 18:00,0,0.08,0,5.165,0,4.49,3.58,7.895,89.15,998.815,2,5.666666667,2,125.5555556,1,10.49466667
16/01/2026 19:00,0,0.04,0,4.995,0,4.41,3.635,7.945,90.6,999.4,2,5.333333333,2,135.5555556,1,9.877333333
16/01/2026 20:00,0,0.035,0,4.845,0,4.295,3.54,7.89,91.1,1000.105,2,5.388888889,2,145.5555556,1,9.980222222
16/01/2026 21:00,0,0.03,0,4.535,0,4.05,3.375,7.795,91.85,1000.615,2,5,2,107.7777778,1,9.26
16/01/2026 22:00,0,0.12,0,4.13,0,3.715,3.105,7.655,92.65,1001.255,2,4.555555556,2,162.2222222,1,8.436888889
16/01/2026 23:00,0,0.05,0,3.96,0,3.54,2.935,7.585,92.85,1001.86,2,4.388888889,2,133.3333333,1,8.128222222
17/01/2026 00:00,0,0.075,0,4.02,0,3.61,3.06,7.635,93.05,1002.495,2,4.222222222,2,148.3333333,0,7.819555556
17/01/2026 01:00,0,0.045,0,3.91,0,3.49,2.85,7.53,92.45,1002.945,2,4.555555556,2,149.4444444,0,8.436888889
17/01/2026 02:00,0,0.09,0,3.61,0,3.275,2.78,7.47,93.9,1003.445,2,4.333333333,2,136.1111111,0,8.025333333
17/01/2026 03:00,0,0.1,0,3.5,0,3.18,2.72,7.455,94.25,1004.105,2,3.944444444,2,143.3333333,0,7.305111111
17/01/2026 04:00,0,0.04,0,3.425,0,3.145,2.755,7.475,95.1,1004.59,2,3.666666667,2,104.4444444,0,6.790666667
17/01/2026 05:00,0,0.055,0,3.2,0,2.945,2.555,7.355,95.2,1005.235,2,3.388888889,2,147.2222222,0,6.276222222
17/01/2026 06:00,0,0.02,0,3,0,2.75,2.385,7.26,95.3,1005.87,2,3.111111111,2,129.4444444,0,5.761777778
17/01/2026 07:00,0,0.025,0,3.05,0,2.81,2.465,7.31,95.4,1006.605,2,3.611111111,2,150.5555556,0,6.687777778
17/01/2026 08:00,0,0.025,0,3.095,0,2.87,2.515,7.345,95.5,1007.49,2,3.166666667,2,138.3333333,0,5.864666667
17/01/2026 09:00,0,0.03,0,3.075,0,2.86,2.555,7.365,96,1008.525,2,3.166666667,2,168.8888889,0,5.864666667
17/01/2026 10:00,0,0.035,0,3.74,0,3.56,3.245,7.72,96.2,1009.4,2,3.222222222,2,158.8888889,0,5.967555556
17/01/2026 11:00,0,0.005,0,4.675,0,4.39,3.985,8.125,94.9,1010.175,2,3.055555556,2,141.6666667,0,5.658888889
17/01/2026 12:00,0,0.08,0,5.655,0,5.24,4.675,8.525,92.95,1010.62,2,2.888888889,2,168.3333333,0,5.350222222
17/01/2026 13:00,0,0.075,0,6.53,0,5.805,4.84,8.635,88.7,1010.92,2,4.055555556,2,159.4444444,0,7.510888889
17/01/2026 14:00,0,0.03,0,6.83,0,5.895,4.645,8.53,85.95,1011.205,2,4.611111111,2,110.5555556,0,8.539777778
17/01/2026 15:00,0,0.01,0,6.985,0,5.9,4.47,8.425,83.8,1011.715,2,4.777777778,2,133.3333333,0,8.848444444
17/01/2026 16:00,0,0.03,0,6.605,0,5.6,4.265,8.3,84.9,1012.535,2,4.444444444,2,115.5555556,0,8.231111111
17/01/2026 17:00,0,0.065,0,5.89,0,5.095,4.035,8.15,87.55,1013.14,2,3.666666667,2,132.7777778,0,6.790666667
17/01/2026 18:00,0,0,0,5.265,0,4.605,3.67,7.955,89.1,1013.895,2,3.444444444,2,139.4444444,0,6.379111111
17/01/2026 19:00,0,0.015,0,4.925,0,4.365,3.595,7.91,90.85,1014.6,2,3.444444444,2,145,0,6.379111111
17/01/2026 20:00,0,0.005,0,4.815,0,4.31,3.585,7.89,91.5,1015.13,2,3.333333333,2,133.3333333,0,6.173333333
17/01/2026 21:00,0,0.01,0,4.315,0,3.785,3.015,7.61,91.15,1015.635,2,3.333333333,2,130.5555556,0,6.173333333
17/01/2026 22:00,0,0.01,0,3.98,0,3.525,2.86,7.525,92.35,1015.92,2,3.166666667,2,127.2222222,0,5.864666667
17/01/2026 23:00,0,0,0,3.59,0,3.185,2.6,7.385,93,1016.095,2,3.222222222,2,148.3333333,0,5.967555556
18/01/2026 00:00,0,0.015,0,3.44,0,3.09,2.605,7.4,94.05,1016.26,2,3.333333333,2,155.5555556,0,6.173333333
18/01/2026 01:00,0,0.03,0,3.245,0,2.93,2.47,7.325,94.35,1016.225,2,2.888888889,2,151.6666667,0,5.350222222
18/01/2026 02:00,0,0.045,0,3.41,0,3.13,2.71,7.45,94.85,1016.175,2,3.333333333,2,131.6666667,0,6.173333333
18/01/2026 03:00,0,0.02,0,3.435,0,3.125,2.66,7.46,94.45,1016.035,2,3.555555556,2,125.5555556,0,6.584888889
18/01/2026 04:00,0,0.04,0,3.385,0,3.09,2.65,7.42,94.75,1015.705,2,4.222222222,2,121.1111111,0,7.819555556
18/01/2026 05:00,0,0.015,0,3.305,0,3.015,2.56,7.375,94.5,1015.52,2,4.333333333,2,135,0,8.025333333
18/01/2026 06:00,0,0.005,0,3.425,0,3.12,2.645,7.43,94.35,1015.365,2,4.777777778,2,142.7777778,0,8.848444444
18/01/2026 07:00,0,0.015,0,3.59,0,3.26,2.77,7.48,94.05,1015.21,2,5.111111111,2,130.5555556,0,9.465777778
18/01/2026 08:00,0,0.005,0,3.6,0,3.28,2.79,7.48,94,1014.995,2,5.166666667,2,136.6666667,0,9.568666667
18/01/2026 09:00,0,0.005,0,3.635,0,3.31,2.795,7.5,94.05,1014.895,2,5.444444444,2,133.8888889,0,10.08311111
18/01/2026 10:00,0,0.005,0,4.48,0,4.045,3.42,7.825,92.75,1014.59,2,5.333333333,2,161.6666667,0,9.877333333
18/01/2026 11:00,0,0.045,0,5.57,0,5.08,4.395,8.375,92.05,1014.1,2,5.888888889,2,156.1111111,0,10.90622222
18/01/2026 12:00,0,0.015,0,6.565,0,5.75,4.725,8.57,88.05,1013.3,2,7.111111111,2,152.2222222,0,13.16977778
18/01/2026 13:00,0,0,0,6.965,0,5.925,4.615,8.505,84.95,1012.415,2,8.388888889,2,157.7777778,0,15.53622222
18/01/2026 14:00,0,0.045,0,7,0,5.81,4.255,8.295,82.35,1011.61,2,8.611111111,2,162.7777778,0,15.94777778
18/01/2026 15:00,0,0.025,0,6.96,0,5.755,4.16,8.255,82,1011.09,2,8.944444444,2,165.5555556,0,16.56511111
18/01/2026 16:00,0,0.02,0,6.57,0,5.46,3.975,8.145,83.25,1010.85,2,8.777777778,2,160.5555556,0,16.25644444
18/01/2026 17:00,0,0.055,0,6.035,0,5.11,3.85,8.075,85.4,1010.565,2,8.611111111,2,155,0,15.94777778
18/01/2026 18:00,0,0.11,0,5.81,0,4.985,3.82,8.09,86.75,1010.27,2,8.777777778,2,151.1111111,0,16.25644444
18/01/2026 19:00,0,0.175,0,5.785,0,4.97,3.845,8.085,87.05,1009.885,2,9.166666667,2,152.2222222,0,16.97666667
18/01/2026 20:00,0,0.3,0,5.835,0,5.115,4.115,8.24,88.35,1009.53,2,9.055555556,2,151.1111111,0,16.77088889
18/01/2026 21:00,0,0.41,0,5.99,0,5.285,4.335,8.36,88.7,1009.075,2,9.611111111,2,155,0,17.79977778
18/01/2026 22:00,0,0.37,0,6.25,0,5.555,4.62,8.525,89,1008.675,2,10.22222222,2,159.4444444,0,18.93155556
18/01/2026 23:00,0,0.34,0,6.38,0,5.73,4.85,8.655,89.65,1008.395,2,10.11111111,2,157.2222222,0,18.72577778
19/01/2026 00:00,0,0.335,0,6.465,0,5.855,5.03,8.775,90.3,1008.045,2,9.777777778,2,156.1111111,1,18.10844444
19/01/2026 01:00,0,0.355,0,6.655,0,6.01,5.215,8.87,90.35,1007.78,2,8.611111111,2,166.6666667,1,15.94777778
19/01/2026 02:00,0,0.34,0,6.63,0,6.06,5.33,8.955,91.15,1007.615,2,7.888888889,2,167.2222222,1,14.61022222
19/01/2026 03:00,0,0.435,0,6.645,0,6.1,5.405,8.985,91.5,1007.54,2,8.388888889,2,165,1,15.53622222
19/01/2026 04:00,0,0.42,0,6.745,0,6.175,5.48,9.03,91.45,1007.33,2,7.944444444,2,191.6666667,1,14.71311111
19/01/2026 05:00,0,0.44,0,6.74,0,6.215,5.545,9.08,91.8,1007.54,2,7.777777778,2,182.2222222,1,14.40444444
19/01/2026 06:00,0,0.445,0,6.61,0,6.06,5.37,8.96,91.45,1007.805,2,7.388888889,2,225,1,13.68422222
19/01/2026 07:00,0,0.285,0,6.52,0,5.905,5.085,8.79,90.55,1008.225,2,7.611111111,2,233.8888889,1,14.09577778
19/01/2026 08:00,0,0.285,0,6.43,0,5.77,4.875,8.68,89.8,1008.545,2,7.055555556,2,236.1111111,1,13.06688889
19/01/2026 09:00,0,0.2,0,6.34,0,5.71,4.87,8.685,90.25,1008.845,2,6.5,2,235,1,12.038
19/01/2026 10:00,0,0.27,0,6.37,0,5.72,4.85,8.68,90,1008.96,2,6.388888889,2,246.1111111,1,11.83222222
19/01/2026 11:00,0,0.4,0,6.705,0,5.98,4.97,8.77,89.05,1009.17,2,6,2,253.3333333,1,11.112
19/01/2026 12:00,0,0.445,0,7.03,0,6.185,5.015,8.805,87.6,1008.85,2,5.444444444,2,243.3333333,1,10.08311111
19/01/2026 13:00,0,0.435,0,7.21,0,6.27,4.965,8.805,86.55,1008.415,2,5.111111111,2,240,1,9.465777778
19/01/2026 14:00,0,0.265,0,7.41,0,6.34,4.885,8.72,84.7,1007.855,2,5,2,228.3333333,1,9.26
19/01/2026 15:00,0,0.495,0,7.315,0,6.055,4.3,8.385,82.25,1007.685,2,4.666666667,2,208.8888889,1,8.642666667
19/01/2026 16:00,0,0.33,0,7.07,0,5.905,4.315,8.375,83.55,1007.53,2,4,2,227.2222222,1,7.408
19/01/2026 17:00,0,0.245,0,5.96,0,5.045,3.72,8.02,85.75,1007.16,2,3.5,2,211.6666667,1,6.482
19/01/2026 18:00,0,0.35,0,4.895,0,4.215,3.16,7.725,88.7,1006.835,2,3.444444444,2,201.6666667,1,6.379111111
19/01/2026 19:00,0,0.245,0,4.11,0,3.435,2.41,7.325,89.25,1006.365,2,4.222222222,2,162.7777778,1,7.819555556
19/01/2026 20:00,0,0.14,0,3.42,0,2.815,1.855,7.03,89.9,1005.8,2,4.5,2,190,1,8.334
19/01/2026 21:00,0,0.065,0,3.135,0,2.525,1.575,6.885,90.2,1005.335,2,5.333333333,2,166.6666667,1,9.877333333
19/01/2026 22:00,0,0.04,0,2.82,0,2.245,1.385,6.79,90.8,1004.775,2,6.5,2,145.5555556,1,12.038
19/01/2026 23:00,0,0.045,0,2.965,0,2.41,1.62,6.915,91.05,1003.985,2,7.666666667,2,153.3333333,1,14.19866667
20/01/2026 00:00,0,0.21,0,2.75,0,2.285,1.585,6.89,91.95,1003.095,2,8.777777778,2,129.4444444,1,16.25644444
20/01/2026 01:00,0,0.785,0,2.73,0,2.265,1.565,6.875,92,1001.88,2,9.666666667,2,130,1,17.90266667
20/01/2026 02:00,0,0.395,0,3.185,0,2.6,1.75,6.975,90.15,1000.685,2,10.27777778,2,130,1,19.03444444
20/01/2026 03:00,0,0.265,0,3.54,0,2.92,2.03,7.125,89.6,999.575,2,10.72222222,2,113.3333333,1,19.85755556
20/01/2026 04:00,0,0.395,0,4.07,0,3.41,2.425,7.345,88.65,998.3,2,12.33333333,2,111.1111111,1,22.84133333
20/01/2026 05:00,0,0.52,0,4.72,0,3.995,3.005,7.625,88.35,997.16,2,13.27777778,2,112.7777778,1,24.59044444
20/01/2026 06:00,0,0.595,0,5.23,0,4.475,3.425,7.845,87.85,995.885,2,13.11111111,2,111.6666667,1,24.28177778
20/01/2026 07:00,0,0.36,0,5.745,0,4.98,3.92,8.1,87.7,994.675,2,13.44444444,2,111.6666667,1,24.89911111
20/01/2026 08:00,0,0.43,0,6.29,0,5.535,4.52,8.45,88.05,993.575,2,14.77777778,2,113.8888889,1,27.36844444
20/01/2026 09:00,0,0.65,0,6.52,0,5.74,4.735,8.56,88.1,992.73,2,15.27777778,2,116.1111111,1,28.29444444
20/01/2026 10:00,0,0.9,0,6.74,0,5.985,4.975,8.71,88.4,991.705,2,15,2,121.1111111,1,27.78
20/01/2026 11:00,0,0.835,0,6.85,0,6.08,5.08,8.79,88.35,991.02,2,14.72222222,2,125.5555556,1,27.26555556
20/01/2026 12:00,0,0.42,0,7.165,0,6.34,5.285,8.905,87.6,990,2,14.61111111,2,133.3333333,1,27.05977778
20/01/2026 13:00,0,0.21,0,7.48,0,6.53,5.33,8.93,86,989.42,2,14.33333333,2,138.8888889,1,26.54533333
20/01/2026 14:00,0,0.09,0,7.885,0,6.67,5.175,8.845,82.85,989.175,2,13.38888889,2,145.5555556,1,24.79622222
20/01/2026 15:00,0,0.135,0,7.925,0,6.615,4.985,8.71,81.35,988.97,2,14.5,2,148.3333333,1,26.854
20/01/2026 16:00,0,0.275,0,7.625,0,6.395,4.82,8.615,82.1,988.555,2,14.11111111,2,146.1111111,1,26.13377778
20/01/2026 17:00,0,0.175,0,7.23,0,6.085,4.615,8.505,83.15,988.25,2,13.66666667,2,145.5555556,1,25.31066667
20/01/2026 18:00,0,0.17,0,7.07,0,5.96,4.535,8.455,83.6,987.805,2,14.44444444,2,148.3333333,1,26.75111111
20/01/2026 19:00,0,0.14,0,6.9,0,5.82,4.395,8.375,83.7,987.53,2,14.83333333,2,151.1111111,1,27.47133333
20/01/2026 20:00,0,0.045,0,6.79,0,5.75,4.375,8.36,84.2,987.245,2,13.88888889,2,158.3333333,1,25.72222222
20/01/2026 21:00,0,0.1,0,6.76,0,5.78,4.495,8.43,85.15,986.98,2,12.94444444,2,163.3333333,1,23.97311111
20/01/2026 22:00,0,0.205,0,6.605,0,5.695,4.505,8.445,86.2,986.915,2,11.94444444,2,161.6666667,1,22.12111111
20/01/2026 23:00,0,0.16,0,6.31,0,5.495,4.355,8.35,87.05,986.77,2,11.05555556,2,166.6666667,1,20.47488889
21/01/2026 00:00,0,0.115,0,6.23,0,5.3,4.035,8.175,85.65,986.62,2,10.77777778,2,157.7777778,1,19.96044444
21/01/2026 01:00,0,0.225,0,5.96,0,5.095,3.935,8.105,86.6,986.325,2,10.5,2,152.2222222,1,19.446
21/01/2026 02:00,0,0.205,0,5.53,0,4.67,3.475,7.84,86.35,985.815,2,10.22222222,2,153.3333333,1,18.93155556
21/01/2026 03:00,0,0.07,0,5.125,0,4.37,3.315,7.76,87.8,985.065,2,9.5,2,142.7777778,1,17.594
21/01/2026 04:00,0,0.085,0,4.99,0,4.27,3.255,7.725,88.25,984.14,2,9.833333333,2,131.6666667,1,18.21133333
21/01/2026 05:00,0,0.155,0,4.895,0,4.185,3.19,7.7,88.55,983.34,2,9.444444444,2,117.2222222,1,17.49111111
21/01/2026 06:00,0,0.16,0,4.815,0,4.135,3.16,7.68,88.6,982.37,2,9.944444444,2,106.1111111,1,18.41711111
21/01/2026 07:00,0,0.335,0,4.98,0,4.35,3.45,7.86,89.45,981.135,2,10.44444444,2,103.3333333,1,19.34311111
21/01/2026 08:00,0,0.375,0,5.27,0,4.58,3.63,7.965,88.85,980.05,2,11,2,94.44444444,1,20.372
21/01/2026 09:00,0,0.41,0,5.595,0,4.9,3.91,8.14,88.6,979.19,2,12.27777778,2,90,1,22.73844444
21/01/2026 10:00,0,0.39,0,6.095,0,5.33,4.305,8.345,88.1,978.48,2,12.55555556,2,93.88888889,1,23.25288889
21/01/2026 11:00,0,0.305,0,6.54,0,5.74,4.7,8.585,87.75,977.68,2,12.77777778,2,92.22222222,1,23.66444444
21/01/2026 12:00,0,0.36,0,6.9,0,6.095,5.08,8.825,87.9,976.865,2,12.66666667,2,94.44444444,1,23.45866667
21/01/2026 13:00,0,0.315,0,7.13,0,6.3,5.27,8.965,87.7,976.115,2,12.5,2,92.77777778,1,23.15
21/01/2026 14:00,0,0.42,0,7.29,0,6.51,5.515,9.125,88.3,975.615,2,11.83333333,2,91.66666667,1,21.91533333
21/01/2026 15:00,0,0.5,0,7.455,0,6.76,5.91,9.365,89.8,975.29,2,10.94444444,2,95.55555556,1,20.26911111
21/01/2026 16:00,0,0.37,0,7.49,0,6.9,6.205,9.55,91.25,975.15,2,10.11111111,2,91.11111111,1,18.72577778
21/01/2026 17:00,0,0.44,0,7.375,0,6.93,6.39,9.65,93.1,975.39,2,8.666666667,2,85,1,16.05066667
21/01/2026 18:00,0,0.565,0,7.325,0,6.965,6.54,9.74,94.35,975.705,2,7.555555556,2,122.2222222,1,13.99288889
21/01/2026 19:00,0,0.41,0,7.35,0,7.035,6.67,9.835,95.2,976.065,2,6.333333333,2,145.5555556,1,11.72933333
21/01/2026 20:00,0,0.32,0,7.23,0,6.955,6.6,9.755,95.35,976.63,2,6.277777778,2,157.7777778,1,11.62644444
21/01/2026 21:00,0,0.285,0,7.265,0,6.97,6.595,9.76,95.15,977.365,2,6.111111111,2,174.4444444,1,11.31777778
21/01/2026 22:00,0,0.195,0,7.24,0,6.895,6.49,9.695,94.7,978.295,2,6,2,202.2222222,1,11.112
21/01/2026 23:00,0,0.12,0,7.145,0,6.81,6.39,9.62,94.65,979.005,2,5.555555556,2,198.3333333,1,10.28888889
22/01/2026 00:00,0,0.14,0,7.135,0,6.795,6.37,9.625,94.5,979.76,2,5.611111111,2,193.8888889,1,10.39177778
22/01/2026 01:00,0,0.275,0,7.16,0,6.745,6.25,9.545,93.55,980.47,2,6.166666667,2,197.7777778,1,11.42066667
22/01/2026 02:00,0,0.155,0,7.045,0,6.665,6.17,9.485,93.9,981.055,2,6,2,202.2222222,1,11.112
22/01/2026 03:00,0,0.18,0,6.92,0,6.545,6.06,9.435,94.05,981.53,2,5.277777778,2,200.5555556,1,9.774444444
22/01/2026 04:00,0,0.235,0,6.725,0,6.365,5.92,9.345,94.35,981.845,2,5.722222222,2,190.5555556,1,10.59755556
22/01/2026 05:00,0,0.125,0,6.37,0,6.02,5.595,9.13,94.5,982.36,2,5.722222222,2,185.5555556,1,10.59755556
22/01/2026 06:00,0,0.17,0,6.065,0,5.735,5.325,8.965,94.7,982.74,2,5.333333333,2,199.4444444,1,9.877333333
22/01/2026 07:00,0,0.2,0,5.775,0,5.39,4.915,8.73,93.85,983.055,2,5.222222222,2,211.6666667,1,9.671555556
22/01/2026 08:00,0,0.125,0,5.445,0,5.07,4.545,8.49,93.75,983.48,2,5.277777778,2,204.4444444,1,9.774444444
22/01/2026 09:00,0,0.185,0,5.215,0,4.82,4.275,8.345,93.45,983.805,2,4.888888889,2,200,1,9.054222222
22/01/2026 10:00,0,0.095,0,5.57,0,5.19,4.695,8.565,93.85,983.84,2,4.666666667,2,188.8888889,1,8.642666667
22/01/2026 11:00,0,0.145,0,6.1,0,5.585,4.915,8.68,92.05,983.97,2,4.944444444,2,204.4444444,1,9.157111111
22/01/2026 12:00,0,0.16,0,6.715,0,6.035,5.17,8.85,90,983.69,2,5.444444444,2,211.1111111,1,10.08311111
22/01/2026 13:00,0,0.18,0,6.98,0,6.215,5.265,8.905,88.95,983.325,2,6.055555556,2,206.6666667,1,11.21488889
22/01/2026 14:00,0,0.085,0,7.15,0,6.285,5.185,8.875,87.45,983.03,2,5.777777778,2,221.1111111,1,10.70044444
22/01/2026 15:00,0,0.135,0,7.165,0,6.3,5.21,8.875,87.4,982.745,2,5.222222222,2,206.1111111,1,9.671555556
22/01/2026 16:00,0,0.105,0,6.91,0,6.09,5.025,8.755,87.75,982.385,2,5.166666667,2,222.2222222,1,9.568666667
22/01/2026 17:00,0,0.185,0,6.205,0,5.57,4.725,8.58,90.05,981.985,2,4.5,2,216.6666667,1,8.334
22/01/2026 18:00,0,0.1,0,5.44,0,4.915,4.16,8.265,91.4,981.605,2,4.111111111,2,180,1,7.613777778
22/01/2026 19:00,0,0.095,0,4.67,0,4.235,3.61,7.955,92.7,981.23,2,3.666666667,2,125,1,6.790666667
22/01/2026 20:00,0,0.115,0,4.235,0,3.935,3.5,7.9,94.55,980.825,2,4,2,116.6666667,1,7.408
22/01/2026 21:00,0,0.135,0,3.97,0,3.705,3.305,7.78,95.05,980.53,2,4.222222222,2,120.5555556,1,7.819555556
22/01/2026 22:00,0,0.065,0,4.015,0,3.745,3.34,7.8,95.1,980.215,2,4.888888889,2,114.4444444,1,9.054222222
22/01/2026 23:00,0,0.135,0,4.07,0,3.755,3.275,7.77,94.3,979.845,2,5.111111111,2,132.7777778,1,9.465777778
23/01/2026 00:00,0,0.06,0,3.925,0,3.61,3.155,7.73,94.6,979.54,2,4.888888889,2,125,1,9.054222222
23/01/2026 01:00,0,0.06,0,3.89,0,3.62,3.185,7.74,94.85,979.28,2,5.111111111,2,115,1,9.465777778
23/01/2026 02:00,0,0.085,0,3.7,0,3.42,3.015,7.635,94.85,979,2,5.444444444,2,111.1111111,1,10.08311111
23/01/2026 03:00,0,0.08,0,3.745,0,3.46,3.04,7.655,94.75,978.735,2,5.666666667,2,116.6666667,1,10.49466667
23/01/2026 04:00,0,0.03,0,3.7,0,3.4,2.955,7.605,94.55,978.35,2,6.333333333,2,97.22222222,1,11.72933333
23/01/2026 05:00,0,0.01,0,3.61,0,3.3,2.85,7.555,94.45,978.215,2,6.277777778,2,120,1,11.62644444
23/01/2026 06:00,0,0.065,0,3.83,0,3.49,3.015,7.615,94.05,978.17,2,7,2,98.88888889,1,12.964
23/01/2026 07:00,0,0.12,0,4.05,0,3.7,3.205,7.72,93.9,978.19,2,7.888888889,2,84.44444444,1,14.61022222
23/01/2026 08:00,0,0.165,0,4.39,0,3.985,3.415,7.83,93.05,978.3,2,8.666666667,2,67.77777778,1,16.05066667
23/01/2026 09:00,0,0.075,0,4.58,0,4.08,3.385,7.815,91.85,978.555,2,8.888888889,2,62.22222222,1,16.46222222
23/01/2026 10:00,0,0.115,0,5.195,0,4.62,3.83,8.055,90.65,978.51,2,9.388888889,2,67.77777778,1,17.38822222
23/01/2026 11:00,0,0.265,0,5.93,0,5.24,4.325,8.325,89.1,978.515,2,10.72222222,2,69.44444444,1,19.85755556
23/01/2026 12:00,0,0.235,0,6.665,0,5.78,4.625,8.5,86.6,978.47,2,10.77777778,2,65,1,19.96044444
23/01/2026 13:00,0,0.095,0,7,0,6.035,4.78,8.6,85.3,978.39,2,11.77777778,2,63.88888889,1,21.81244444
23/01/2026 14:00,0,0.125,0,7.285,0,6.2,4.82,8.625,84.2,978.375,2,12,2,68.33333333,1,22.224
23/01/2026 15:00,0,0.09,0,7.285,0,6.29,5.03,8.755,85.25,978.405,2,12.16666667,2,65.55555556,1,22.53266667
23/01/2026 16:00,0,0.095,0,7.255,0,6.255,5.01,8.73,85.25,978.615,2,11.88888889,2,62.77777778,1,22.01822222
23/01/2026 17:00,0,0.045,0,6.96,0,6.07,4.93,8.685,86.65,979.05,2,12.16666667,2,58.33333333,1,22.53266667
23/01/2026 18:00,0,0.17,0,6.865,0,5.965,4.825,8.61,86.5,979.58,2,11.83333333,2,73.33333333,1,21.91533333
23/01/2026 19:00,0,0.19,0,6.85,0,5.925,4.74,8.565,86.15,980.305,2,12.38888889,2,55.55555556,1,22.94422222
23/01/2026 20:00,0,0.23,0,6.82,0,5.9,4.695,8.545,85.9,980.87,2,12.5,2,57.22222222,1,23.15
23/01/2026 21:00,0,0.21,0,6.9,0,5.915,4.61,8.5,85.1,981.35,2,12.83333333,2,57.77777778,1,23.76733333
23/01/2026 22:00,0,0.195,0,6.775,0,5.8,4.56,8.46,85.5,981.935,2,12.11111111,2,55,1,22.42977778
23/01/2026 23:00,0,0.155,0,6.75,0,5.76,4.495,8.425,85.2,982.395,2,12.16666667,2,76.11111111,1,22.53266667
24/01/2026 00:00,0,0.135,0,6.735,0,5.75,4.44,8.4,84.95,982.85,2,11.77777778,2,76.66666667,0,21.81244444
24/01/2026 01:00,0,0.095,0,6.735,0,5.74,4.465,8.395,85.05,983.11,2,11.88888889,2,76.11111111,0,22.01822222
24/01/2026 02:00,0,0.13,0,6.62,0,5.66,4.4,8.375,85.4,983.25,2,12,2,73.33333333,0,22.224
24/01/2026 03:00,0,0.215,0,6.73,0,5.74,4.465,8.41,85.1,983.43,2,11.94444444,2,93.33333333,0,22.12111111
24/01/2026 04:00,0,0.25,0,6.71,0,5.75,4.51,8.445,85.5,983.485,2,12.05555556,2,111.1111111,0,22.32688889
24/01/2026 05:00,0,0.24,0,6.71,0,5.725,4.395,8.375,84.85,983.595,2,12.27777778,2,109.4444444,0,22.73844444
24/01/2026 06:00,0,0.43,0,6.645,0,5.705,4.465,8.405,85.65,983.835,2,12.44444444,2,107.2222222,0,23.04711111
24/01/2026 07:00,0,0.335,0,6.685,0,5.725,4.48,8.42,85.65,984.035,2,12.22222222,2,126.1111111,0,22.63555556
24/01/2026 08:00,0,0.32,0,6.64,0,5.75,4.6,8.48,86.5,984.43,2,11.83333333,2,126.6666667,0,21.91533333
24/01/2026 09:00,0,0.585,0,6.625,0,5.78,4.625,8.52,86.9,984.805,2,11.61111111,2,108.8888889,0,21.50377778
24/01/2026 10:00,0,0.335,0,6.78,0,5.945,4.86,8.65,87.15,985.11,2,11.94444444,2,110.5555556,0,22.12111111
24/01/2026 11:00,0,0.47,0,6.985,0,6.15,5.045,8.75,87.2,985.28,2,11.61111111,2,92.22222222,0,21.50377778
24/01/2026 12:00,0,0.37,0,7.21,0,6.315,5.22,8.865,87,985.205,2,11.77777778,2,113.3333333,0,21.81244444
24/01/2026 13:00,0,0.19,0,7.455,0,6.47,5.21,8.875,85.5,985.03,2,12.11111111,2,131.6666667,0,22.42977778
24/01/2026 14:00,0,0.125,0,7.43,0,6.515,5.36,8.945,86.5,984.82,2,11.83333333,2,126.6666667,0,21.91533333
24/01/2026 15:00,0,0.23,0,7.44,0,6.53,5.345,8.955,86.35,984.54,2,11.16666667,2,127.7777778,0,20.68066667
24/01/2026 16:00,0,0.435,0,7.235,0,6.335,5.205,8.855,86.8,984.325,2,11.05555556,2,126.1111111,0,20.47488889
24/01/2026 17:00,0,0.37,0,6.925,0,6.21,5.285,8.91,89.1,984.08,2,10.5,2,122.2222222,0,19.446
24/01/2026 18:00,0,0.485,0,6.775,0,6.1,5.255,8.88,89.75,983.93,2,10.11111111,2,107.7777778,0,18.72577778
24/01/2026 19:00,0,0.385,0,6.705,0,6.02,5.15,8.82,89.55,983.65,2,10.33333333,2,107.2222222,0,19.13733333
24/01/2026 20:00,0,0.355,0,6.555,0,5.895,5.06,8.76,89.9,983.335,2,10.11111111,2,114.4444444,0,18.72577778
24/01/2026 21:00,0,0.435,0,6.49,0,5.84,5,8.74,89.9,982.905,2,10.33333333,2,127.7777778,0,19.13733333
24/01/2026 22:00,0,0.455,0,6.37,0,5.7,4.87,8.65,90.1,982.455,2,10.27777778,2,123.3333333,0,19.03444444
24/01/2026 23:00,0,0.295,0,6.305,0,5.7,4.885,8.665,90.4,981.98,2,10.38888889,2,118.8888889,0,19.24022222
25/01/2026 00:00,0,0.26,0,6.28,0,5.685,4.885,8.665,90.5,981.62,2,9.833333333,2,132.2222222,0,18.21133333
25/01/2026 01:00,0,0.225,0,6.185,0,5.555,4.68,8.55,89.9,981.38,2,9.333333333,2,118.3333333,0,17.28533333
25/01/2026 02:00,0,0.28,0,5.975,0,5.425,4.705,8.56,91.25,981.245,2,8.5,2,111.6666667,0,15.742
25/01/2026 03:00,0,0.22,0,5.75,0,5.24,4.555,8.455,91.6,981.445,2,8.055555556,2,147.2222222,0,14.91888889
25/01/2026 04:00,0,0.3,0,5.54,0,5.045,4.385,8.365,92,981.555,2,8.888888889,2,183.3333333,0,16.46222222
25/01/2026 05:00,0,0.21,0,5.465,0,4.94,4.23,8.285,91.4,982.085,2,9,2,193.8888889,0,16.668
25/01/2026 06:00,0,0.075,0,5.375,0,4.85,4.14,8.235,91.45,982.805,2,9.166666667,2,182.2222222,0,16.97666667
25/01/2026 07:00,0,0.175,0,5.45,0,4.95,4.26,8.3,91.9,983.885,2,8.777777778,2,183.3333333,0,16.25644444
25/01/2026 08:00,0,0.135,0,5.41,0,5,4.44,8.42,92.95,985.125,2,7.777777778,2,156.6666667,0,14.40444444
25/01/2026 09:00,0,0.17,0,5.53,0,5.07,4.425,8.41,92.35,986.55,2,7.277777778,2,168.3333333,0,13.47844444
25/01/2026 10:00,0,0.05,0,6.045,0,5.49,4.755,8.59,91.15,987.88,2,6.722222222,2,210.5555556,0,12.44955556
25/01/2026 11:00,0,0.04,0,6.745,0,6.06,5.155,8.835,89.2,989.055,2,6.388888889,2,196.1111111,0,11.83222222
25/01/2026 12:00,0,0.01,0,7.425,0,6.525,5.41,8.97,86.8,990.055,2,6.444444444,2,182.7777778,0,11.93511111
25/01/2026 13:00,0,0.005,0,7.82,0,6.69,5.275,8.9,83.6,990.905,2,7.388888889,2,148.8888889,0,13.68422222
25/01/2026 14:00,0,0.065,0,7.995,0,6.845,5.41,8.985,83.6,991.515,2,7.611111111,2,156.6666667,0,14.09577778
25/01/2026 15:00,0,0.04,0,7.91,0,6.81,5.465,9.025,84.45,992.36,2,7.611111111,2,165,0,14.09577778
25/01/2026 16:00,0,0.03,0,7.685,0,6.695,5.47,9.02,85.55,993.09,2,7.166666667,2,167.7777778,0,13.27266667
25/01/2026 17:00,0,0.05,0,7.355,0,6.495,5.39,8.975,87.15,993.845,2,6.555555556,2,136.1111111,0,12.14088889
25/01/2026 18:00,0,0.05,0,6.975,0,6.215,5.255,8.89,88.45,994.5,2,6.444444444,2,134.4444444,0,11.93511111
25/01/2026 19:00,0,0.1,0,6.53,0,5.93,5.125,8.795,90.45,995.045,2,5.777777778,2,107.2222222,0,10.70044444
25/01/2026 20:00,0,0.05,0,6.28,0,5.71,4.965,8.715,91.1,995.52,2,5.777777778,2,117.2222222,0,10.70044444
25/01/2026 21:00,0,0.175,0,6.22,0,5.715,5.05,8.755,91.95,995.785,2,6.277777778,2,127.7777778,0,11.62644444
25/01/2026 22:00,0,0.05,0,6.145,0,5.64,4.96,8.715,91.8,995.8,2,7.166666667,2,114.4444444,0,13.27266667
25/01/2026 23:00,0,0.015,0,6.225,0,5.7,5.02,8.74,91.75,995.68,2,7.666666667,2,138.3333333,0,14.19866667
26/01/2026 00:00,0,0.02,0,6.31,0,5.735,4.995,8.725,91.15,995.285,2,8.333333333,2,125.5555556,1,15.43333333
26/01/2026 01:00,0,0.07,0,6.485,0,5.865,5.065,8.775,90.55,995.14,2,9.277777778,2,126.6666667,1,17.18244444
26/01/2026 02:00,0,0.12,0,6.49,0,5.885,5.105,8.795,90.65,994.89,2,10.33333333,2,132.2222222,1,19.13733333
26/01/2026 03:00,0,0.055,0,6.555,0,5.875,5.02,8.76,89.65,994.405,2,10.94444444,2,130.5555556,1,20.26911111
26/01/2026 04:00,0,0.19,0,6.62,0,5.95,5.085,8.79,89.7,993.655,2,11.44444444,2,130.5555556,1,21.19511111
26/01/2026 05:00,0,0.155,0,6.665,0,5.97,5.065,8.78,89.2,993.03,2,12.72222222,2,129.4444444,1,23.56155556
26/01/2026 06:00,0,0.135,0,6.825,0,6.085,5.115,8.815,88.45,992.15,2,13.61111111,2,131.6666667,1,25.20777778
26/01/2026 07:00,0,0.33,0,6.875,0,6.095,5.11,8.785,88.05,991.4,2,14.88888889,2,132.2222222,1,27.57422222
26/01/2026 08:00,0,0.52,0,6.91,0,6.295,5.505,9.05,90.25,990.82,2,15.16666667,2,132.7777778,1,28.08866667
26/01/2026 09:00,0,0.65,0,6.915,0,6.365,5.655,9.155,91.35,990.315,2,16,2,135,1,29.632
26/01/2026 10:00,0,0.845,0,7.135,0,6.545,5.8,9.25,91,989.915,2,15.88888889,2,139.4444444,1,29.42622222
26/01/2026 11:00,0,0.645,0,7.295,0,6.705,5.985,9.375,90.95,989.58,2,15.38888889,2,147.2222222,1,28.50022222
26/01/2026 12:00,0,0.7,0,7.48,0,6.865,6.125,9.46,90.9,989.35,2,14.38888889,2,149.4444444,1,26.64822222
26/01/2026 13:00,0,0.8,0,7.685,0,7.045,6.27,9.56,90.55,989.195,2,12.16666667,2,151.1111111,1,22.53266667
26/01/2026 14:00,0,0.865,0,7.85,0,7.175,6.345,9.62,90.15,988.62,2,10.44444444,2,161.6666667,1,19.34311111
26/01/2026 15:00,0,0.52,0,7.91,0,7.16,6.24,9.54,89.2,988.105,2,9.5,2,168.8888889,1,17.594
26/01/2026 16:00,0,0.225,0,7.585,0,6.88,6.02,9.385,89.5,987.76,2,9.277777778,2,153.3333333,1,17.18244444
26/01/2026 17:00,0,0.1,0,7.26,0,6.535,5.615,9.135,89,987.185,2,7.888888889,2,143.3333333,1,14.61022222
26/01/2026 18:00,0,0,0,6.59,0,5.975,5.195,8.885,90.45,987.11,2,7.611111111,2,139.4444444,1,14.09577778
26/01/2026 19:00,0,0.04,0,6.15,0,5.65,4.985,8.765,92,987.07,2,7.222222222,2,131.1111111,1,13.37555556
26/01/2026 20:00,0,0.13,0,6.02,0,5.54,4.92,8.705,92.2,986.335,2,7.611111111,2,132.2222222,1,14.09577778
26/01/2026 21:00,0,0.165,0,5.97,0,5.545,4.97,8.78,93.05,985.285,2,7.777777778,2,112.2222222,1,14.40444444
26/01/2026 22:00,0,0.275,0,6.195,0,5.715,5.055,8.83,92.1,983.83,2,8.388888889,2,108.3333333,1,15.53622222
26/01/2026 23:00,0,0.79,0,6.43,0,5.925,5.285,8.955,92.15,982.075,2,10,2,84.44444444,1,18.52
27/01/2026 00:00,0,1.375,0,6.495,0,6.015,5.38,9,92.25,980.115,2,12.22222222,2,88.88888889,1,22.63555556
27/01/2026 01:00,0,1.74,0,6.325,0,5.77,5.035,8.765,91.05,978.01,2,14.16666667,2,91.66666667,1,26.23666667
27/01/2026 02:00,0,2.075,0,6.05,0,5.495,4.77,8.615,91.05,975.125,2,16.05555556,2,70.55555556,1,29.73488889
27/01/2026 03:00,0,1.99,0,5.935,0,5.47,4.84,8.685,92.3,972.5,2,17.44444444,2,71.11111111,1,32.30711111
27/01/2026 04:00,0,1.94,0,5.875,0,5.445,4.85,8.71,92.7,969.985,2,17.83333333,2,100,1,33.02733333
27/01/2026 05:00,0,1.6,0,6.06,0,5.625,5.015,8.845,92.7,967.755,2,18.11111111,2,91.11111111,1,33.54177778
27/01/2026 06:00,0,1.005,0,6.425,0,5.965,5.345,9.01,92.35,966.095,2,18.61111111,2,96.11111111,1,34.46777778
27/01/2026 07:00,0,0.78,0,6.86,0,6.325,5.615,9.17,91.45,965.085,2,19.11111111,2,105.5555556,1,35.39377778
27/01/2026 08:00,0,0.69,0,7.435,0,6.685,5.755,9.23,88.9,964.905,2,17.66666667,2,117.7777778,1,32.71866667
27/01/2026 09:00,0,0.39,0,7.815,0,6.96,5.935,9.34,87.8,965.04,2,16.16666667,2,122.7777778,1,29.94066667
27/01/2026 10:00,0,0.215,0,8.065,0,7.105,5.935,9.32,86.25,965.105,2,15.16666667,2,122.7777778,1,28.08866667
27/01/2026 11:00,0,0.32,0,8.21,0,7.02,5.57,9.1,83.15,965.055,2,14.5,2,137.7777778,1,26.854
27/01/2026 12:00,0,0.355,0,8.155,0,6.82,5.175,8.835,81.1,964.62,2,14.77777778,2,122.2222222,1,27.36844444
27/01/2026 13:00,0,0.305,0,8.045,0,6.695,5.065,8.755,81.25,964.21,2,15.77777778,2,137.7777778,1,29.22044444
27/01/2026 14:00,0,0.36,0,8.03,0,6.675,4.995,8.72,80.8,963.98,2,16.22222222,2,151.1111111,1,30.04355556
27/01/2026 15:00,0,0.5,0,7.495,0,6.39,5.01,8.74,84.15,963.915,2,16.55555556,2,142.7777778,1,30.66088889
27/01/2026 16:00,0,0.97,0,7.14,0,6.09,4.765,8.59,84.5,964.345,2,15.77777778,2,152.2222222,1,29.22044444
27/01/2026 17:00,0,1.04,0,6.715,0,5.645,4.245,8.295,84.4,965.11,2,16.33333333,2,180.5555556,1,30.24933333
27/01/2026 18:00,0,0.625,0,6.54,0,5.535,4.21,8.26,85,966.465,2,15.72222222,2,187.2222222,1,29.11755556
27/01/2026 19:00,0,0.48,0,6.245,0,5.25,3.91,8.09,84.95,968.29,2,15.66666667,2,210,1,29.01466667
27/01/2026 20:00,0,0.17,0,6.29,0,5.14,3.535,7.895,82.75,970.24,2,16.38888889,2,208.3333333,1,30.35222222
27/01/2026 21:00,0,0.14,0,6.455,0,5.22,3.53,7.89,81.6,972.195,2,16.05555556,2,206.1111111,1,29.73488889
27/01/2026 22:00,0,0.055,0,6.57,0,5.21,3.27,7.76,79.15,974.365,2,15.72222222,2,211.6666667,1,29.11755556
27/01/2026 23:00,0,0.055,0,6.51,0,5.085,3.075,7.64,78.4,976.28,2,14.61111111,2,202.7777778,1,27.05977778
28/01/2026 00:00,0,0.095,0,6.275,0,4.795,2.705,7.465,77.75,977.925,2,13.77777778,2,191.6666667,1,25.51644444
28/01/2026 01:00,0,0.04,0,5.89,0,4.44,2.34,7.27,77.55,979.245,2,12.22222222,2,182.2222222,1,22.63555556
28/01/2026 02:00,0,0.035,0,5.66,0,4.315,2.34,7.265,78.9,980.29,2,11.5,2,175,1,21.298
28/01/2026 03:00,0,0.01,0,5.6,0,4.395,2.65,7.44,80.95,981.195,2,10.88888889,2,165.5555556,1,20.16622222
28/01/2026 04:00,0,0.03,0,5.525,0,4.45,2.905,7.57,82.85,981.895,2,10.38888889,2,146.6666667,1,19.24022222
28/01/2026 05:00,0,0.06,0,5.485,0,4.425,2.95,7.585,83.35,982.6,2,10.44444444,2,146.1111111,1,19.34311111
28/01/2026 06:00,0,0.09,0,5.455,0,4.44,2.97,7.595,83.8,983.03,2,10.83333333,2,145,1,20.06333333
28/01/2026 07:00,0,0.045,0,5.505,0,4.48,3.035,7.62,83.65,983.655,2,10.55555556,2,141.1111111,1,19.54888889
28/01/2026 08:00,0,0.08,0,5.515,0,4.585,3.29,7.76,85.2,984.515,2,11.33333333,2,138.8888889,1,20.98933333
28/01/2026 09:00,0,0.075,0,5.71,0,4.74,3.415,7.82,84.8,985.515,2,10.83333333,2,134.4444444,1,20.06333333
28/01/2026 10:00,0,0.03,0,6.645,0,5.5,3.965,8.14,82.75,986.25,2,10.77777778,2,128.8888889,1,19.96044444
28/01/2026 11:00,0,0.03,0,8.04,0,6.57,4.71,8.56,79.15,986.755,2,11.44444444,2,132.7777778,1,21.19511111
28/01/2026 12:00,0,0.005,0,8.575,0,6.915,4.84,8.635,77,986.97,2,12.22222222,2,134.4444444,1,22.63555556
28/01/2026 13:00,0,0.04,0,8.97,0,7.065,4.68,8.56,74.15,987.115,2,12.88888889,2,134.4444444,1,23.87022222
28/01/2026 14:00,0,0.01,0,9.19,0,7.21,4.7,8.57,73.05,987.27,2,13.38888889,2,133.8888889,1,24.79622222
28/01/2026 15:00,0,0.125,0,8.68,0,6.97,4.83,8.645,76.6,987.53,2,13.05555556,2,131.1111111,1,24.17888889
28/01/2026 16:00,0,0.085,0,8.275,0,6.79,4.925,8.7,79.2,988.065,2,12.5,2,125.5555556,1,23.15
28/01/2026 17:00,0,0.155,0,7.675,0,6.43,4.85,8.645,81.8,988.4,2,12,2,118.3333333,1,22.224
28/01/2026 18:00,0,0.13,0,7.305,0,6.155,4.685,8.54,83.15,988.77,2,11.55555556,2,116.6666667,1,21.40088889
28/01/2026 19:00,0,0.1,0,6.895,0,5.88,4.57,8.475,84.8,989.02,2,11.83333333,2,115.5555556,1,21.91533333
28/01/2026 20:00,0,0.12,0,6.705,0,5.755,4.53,8.44,85.6,989.315,2,11.61111111,2,117.2222222,1,21.50377778
28/01/2026 21:00,0,0.28,0,6.565,0,5.635,4.395,8.375,85.65,989.385,2,11.44444444,2,115,1,21.19511111
28/01/2026 22:00,0,0.09,0,6.515,0,5.64,4.51,8.445,86.6,989.445,2,10.66666667,2,108.8888889,1,19.75466667
28/01/2026 23:00,0,0.05,0,6.515,0,5.66,4.495,8.44,86.5,989.29,2,11.33333333,2,106.1111111,1,20.98933333
29/01/2026 00:00,0,0.105,0,6.58,0,5.78,4.705,8.565,87.45,989.12,2,11.16666667,2,122.7777778,1,20.68066667
29/01/2026 01:00,0,0.16,0,6.53,0,5.71,4.64,8.515,87.45,988.835,2,11,2,116.1111111,1,20.372
29/01/2026 02:00,0,0.065,0,6.645,0,5.745,4.6,8.505,86.45,988.54,2,11.72222222,2,115,1,21.70955556
29/01/2026 03:00,0,0.03,0,6.82,0,5.82,4.505,8.445,84.7,988.36,2,12.22222222,2,117.2222222,1,22.63555556
29/01/2026 04:00,0,0.06,0,6.855,0,5.86,4.545,8.46,84.85,988.055,2,12.16666667,2,115.5555556,1,22.53266667
29/01/2026 05:00,0,0.18,0,6.805,0,5.825,4.54,8.455,85.2,987.84,2,12.5,2,116.6666667,1,23.15
29/01/2026 06:00,0,0.185,0,6.83,0,5.835,4.555,8.47,85.15,987.46,2,12.44444444,2,117.2222222,1,23.04711111
29/01/2026 07:00,0,0.02,0,6.86,0,5.915,4.69,8.545,85.55,987.07,2,12.16666667,2,116.6666667,1,22.53266667
29/01/2026 08:00,0,0.245,0,6.715,0,5.795,4.58,8.485,85.95,986.895,2,11.88888889,2,115.5555556,1,22.01822222
29/01/2026 09:00,0,0.335,0,6.98,0,6.065,4.855,8.65,86.05,986.665,2,13.22222222,2,117.2222222,1,24.48755556
29/01/2026 10:00,0,0.15,0,7.215,0,6.16,4.815,8.625,84.3,986.115,2,13.94444444,2,121.1111111,1,25.82511111
29/01/2026 11:00,0,0.175,0,7.46,0,6.365,4.975,8.73,83.9,985.675,2,15.05555556,2,120.5555556,1,27.88288889
29/01/2026 12:00,0,0.37,0,7.56,0,6.445,5.015,8.745,83.55,985.095,2,16,2,120.5555556,1,29.632
29/01/2026 13:00,0,0.255,0,7.73,0,6.635,5.255,8.9,84.1,984.35,2,16.27777778,2,119.4444444,1,30.14644444
29/01/2026 14:00,0,0.325,0,7.7,0,6.675,5.38,8.99,84.95,983.535,2,15.11111111,2,116.6666667,1,27.98577778
29/01/2026 15:00,0,0.255,0,7.7,0,6.705,5.43,9.025,85.2,982.975,2,15.22222222,2,125,1,28.19155556
29/01/2026 16:00,0,0.26,0,7.655,0,6.725,5.57,9.115,86.4,982.645,2,14.88888889,2,117.7777778,1,27.57422222
29/01/2026 17:00,0,0.5,0,7.415,0,6.58,5.56,9.1,87.65,982.35,2,14.5,2,116.6666667,1,26.854
29/01/2026 18:00,0,0.56,0,7.245,0,6.425,5.38,8.98,87.75,982.055,2,14.77777778,2,117.2222222,1,27.36844444
29/01/2026 19:00,0,0.62,0,6.965,0,6.3,5.43,9.005,89.5,981.94,2,14.66666667,2,120,1,27.16266667
29/01/2026 20:00,0,0.635,0,6.885,0,6.24,5.405,8.98,90.05,981.745,2,14.05555556,2,116.1111111,1,26.03088889
29/01/2026 21:00,0,0.395,0,6.86,0,6.155,5.295,8.925,89.6,981.4,2,14.11111111,2,116.1111111,1,26.13377778
29/01/2026 22:00,0,0.465,0,6.78,0,6.145,5.33,8.95,90.05,981.155,2,14,2,116.1111111,1,25.928
29/01/2026 23:00,0,0.56,0,6.66,0,6.07,5.34,8.95,90.95,980.93,2,13.33333333,2,116.6666667,1,24.69333333
30/01/2026 00:00,0,0.375,0,6.79,0,6.2,5.455,9.025,90.8,980.61,2,12.83333333,2,115,1,23.76733333
30/01/2026 01:00,0,0.155,0,6.815,0,6.205,5.465,9.045,90.9,980.11,2,13.16666667,2,113.8888889,1,24.38466667
30/01/2026 02:00,0,0.39,0,6.77,0,6.185,5.44,9.01,90.95,979.495,2,13.16666667,2,121.6666667,1,24.38466667
30/01/2026 03:00,0,0.255,0,6.75,0,6.215,5.55,9.09,91.8,979.005,2,13.44444444,2,121.1111111,1,24.89911111
30/01/2026 04:00,0,0.13,0,6.675,0,6.11,5.355,8.97,90.85,978.41,2,13.83333333,2,130,1,25.61933333
30/01/2026 05:00,0,0.17,0,6.76,0,6.21,5.52,9.065,91.6,977.995,2,13.38888889,2,131.6666667,1,24.79622222
30/01/2026 06:00,0,0.145,0,6.745,0,6.18,5.485,9.03,91.3,977.52,2,13,2,133.3333333,1,24.076
30/01/2026 07:00,0,0.145,0,6.865,0,6.275,5.535,9.075,90.95,977.225,2,12.55555556,2,130.5555556,1,23.25288889
30/01/2026 08:00,0,0.12,0,6.875,0,6.305,5.565,9.08,90.9,977.11,2,11.77777778,2,135,1,21.81244444
30/01/2026 09:00,0,0.08,0,7.015,0,6.395,5.605,9.1,90.25,977.37,2,11.61111111,2,142.2222222,1,21.50377778
30/01/2026 10:00,0,0.07,0,7.39,0,6.61,5.64,9.14,88.4,977.515,2,11.33333333,2,145,1,20.98933333
30/01/2026 11:00,0,0.17,0,8.135,0,7.16,6.005,9.36,86.15,977.92,2,10.77777778,2,142.2222222,1,19.96044444
30/01/2026 12:00,0,0.05,0,8.505,0,7.31,5.895,9.29,83.4,978.2,2,11.11111111,2,152.2222222,1,20.57777778
30/01/2026 13:00,0,0.065,0,8.72,0,7.39,5.81,9.245,81.7,978.46,2,10.88888889,2,150.5555556,1,20.16622222
30/01/2026 14:00,0,0.045,0,8.87,0,7.49,5.88,9.275,81.35,978.63,2,10.44444444,2,142.7777778,1,19.34311111
30/01/2026 15:00,0,0.2,0,8.585,0,7.29,5.715,9.165,81.95,978.96,2,10.27777778,2,141.6666667,1,19.03444444
30/01/2026 16:00,0,0.3,0,8.13,0,6.995,5.61,9.105,83.9,979.36,2,9.111111111,2,159.4444444,1,16.87377778
30/01/2026 17:00,0,0.475,0,7.55,0,6.585,5.38,8.95,85.65,979.97,2,8.388888889,2,148.8888889,1,15.53622222
30/01/2026 18:00,0,0.24,0,7.075,0,6.26,5.225,8.86,87.6,980.615,2,7.666666667,2,136.1111111,1,14.19866667
30/01/2026 19:00,0,0.225,0,6.83,0,6.05,5.07,8.77,88.15,981.295,2,7.333333333,2,132.2222222,1,13.58133333
30/01/2026 20:00,0,0.33,0,6.46,0,5.8,4.935,8.695,89.4,982.02,2,6.833333333,2,131.1111111,1,12.65533333
30/01/2026 21:00,0,0.39,0,6.275,0,5.66,4.85,8.64,90.15,982.805,2,7,2,167.2222222,1,12.964
30/01/2026 22:00,0,0.37,0,5.915,0,5.37,4.645,8.525,91.25,983.65,2,6.555555556,2,126.1111111,1,12.14088889
30/01/2026 23:00,0,0.245,0,5.77,0,5.3,4.68,8.545,92.45,984.32,2,6.555555556,2,148.8888889,1,12.14088889
31/01/2026 00:00,0,0.22,0,5.725,0,5.24,4.645,8.53,92.5,985.05,2,6.777777778,2,148.8888889,0,12.55244444
31/01/2026 01:00,0,0.165,0,5.64,0,5.2,4.605,8.51,92.8,985.745,2,6.5,2,161.1111111,0,12.038
31/01/2026 02:00,0,0.14,0,5.515,0,5.08,4.495,8.46,92.75,986.33,2,6.222222222,2,193.3333333,0,11.52355556
31/01/2026 03:00,0,0.125,0,5.28,0,4.895,4.37,8.375,93.5,987.085,2,6,2,171.1111111,0,11.112
31/01/2026 04:00,0,0.065,0,5.31,0,4.94,4.415,8.41,93.65,987.74,2,6.166666667,2,212.7777778,0,11.42066667
31/01/2026 05:00,0,0.16,0,5.285,0,4.925,4.45,8.435,94.1,988.61,2,5.833333333,2,222.2222222,0,10.80333333
31/01/2026 06:00,0,0.13,0,5.555,0,5.18,4.725,8.59,94,989.47,2,6.277777778,2,227.7777778,0,11.62644444
31/01/2026 07:00,0,0.055,0,5.485,0,5.09,4.575,8.49,93.55,990.27,2,6.277777778,2,231.1111111,0,11.62644444
31/01/2026 08:00,0,0.055,0,5.285,0,4.905,4.395,8.395,93.75,991.195,2,6.222222222,2,235.5555556,0,11.52355556
31/01/2026 09:00,0,0.025,0,5.08,0,4.745,4.3,8.33,94.2,992.02,2,6,2,265,0,11.112
31/01/2026 10:00,0,0.045,0,5.72,0,5.355,4.905,8.705,94.25,992.655,2,5.388888889,2,243.3333333,0,9.980222222
31/01/2026 11:00,0,0.02,0,6.755,0,6.21,5.52,9.065,91.45,993.29,2,5.388888889,2,242.7777778,0,9.980222222
31/01/2026 12:00,0,0.015,0,7.475,0,6.68,5.695,9.175,88.3,993.885,2,5.5,2,258.8888889,0,10.186
31/01/2026 13:00,0,0,0,8.075,0,7.045,5.825,9.255,85.7,994.295,2,5.888888889,2,235,0,10.90622222
31/01/2026 14:00,0,0.015,0,8.385,0,7.25,5.915,9.315,84.3,994.54,2,6,2,246.6666667,0,11.112
31/01/2026 15:00,0,0.02,0,8.505,0,7.3,5.855,9.28,83.15,994.87,2,5.611111111,2,231.1111111,0,10.39177778
31/01/2026 16:00,0,0.05,0,8.04,0,6.98,5.665,9.16,84.65,995.235,2,5.166666667,2,227.7777778,0,9.568666667
31/01/2026 17:00,0,0.075,0,7.2,0,6.42,5.405,9.01,88.05,995.56,2,4.5,2,225,0,8.334
31/01/2026 18:00,0,0.015,0,6.355,0,5.795,5.065,8.815,91.1,995.795,2,4.222222222,2,211.6666667,0,7.819555556
31/01/2026 19:00,0,0.025,0,5.91,0,5.475,4.895,8.71,92.9,996.05,2,4.444444444,2,194.4444444,0,8.231111111
31/01/2026 20:00,0,0.02,0,5.695,0,5.365,4.895,8.72,94.25,996.305,2,4.555555556,2,195,0,8.436888889
31/01/2026 21:00,0,0.045,0,5.63,0,5.305,4.895,8.71,94.55,996.445,2,4.666666667,2,182.7777778,0,8.642666667
31/01/2026 22:00,0,0.055,0,5.67,0,5.355,4.945,8.75,94.85,996.62,2,4.611111111,2,178.3333333,0,8.539777778
31/01/2026 23:00,0,0.07,0,5.82,0,5.54,5.185,8.88,95.2,996.825,2,4.5,2,180,0,8.334
01/02/2026 00:00,0,0.055,0,5.995,0,5.73,5.39,8.99,95.45,997.035,2,4.833333333,2,186.1111111,0,8.951333333
01/02/2026 01:00,0,0.135,0,6.175,0,5.94,5.62,9.13,95.7,997.065,2,5.222222222,2,189.4444444,0,9.671555556
01/02/2026 02:00,0,0.285,0,6.495,0,6.175,5.75,9.205,94.8,996.985,2,5.666666667,2,216.1111111,0,10.49466667
01/02/2026 03:00,0,0.15,0,6.54,0,6.22,5.81,9.25,94.75,997.24,2,6.611111111,2,212.7777778,0,12.24377778
01/02/2026 04:00,0,0.16,0,6.635,0,6.16,5.56,9.08,92.85,997.34,2,6.722222222,2,229.4444444,0,12.44955556
01/02/2026 05:00,0,0.33,0,6.765,0,6.205,5.5,9.055,91.65,997.715,2,8,2,234.4444444,0,14.816
01/02/2026 06:00,0,0.295,0,6.81,0,6.035,5.045,8.77,88.8,997.935,2,9.555555556,2,250.5555556,0,17.69688889
01/02/2026 07:00,0,0.465,0,6.7,0,5.765,4.51,8.455,86,998.495,2,9.666666667,2,257.7777778,0,17.90266667
01/02/2026 08:00,0,0.285,0,6.27,0,5.28,3.9,8.09,84.75,998.995,2,9.333333333,2,261.1111111,0,17.28533333
01/02/2026 09:00,0,0.345,0,5.965,0,5.01,3.68,7.975,85.4,999.505,2,8.666666667,2,265.5555556,0,16.05066667
01/02/2026 10:00,0,0.29,0,6.32,0,5.32,3.935,8.11,84.7,999.93,2,8.055555556,2,268.3333333,0,14.91888889
01/02/2026 11:00,0,0.06,0,7.35,0,5.99,4.175,8.235,80.35,1000.285,2,7.111111111,2,263.3333333,0,13.16977778
01/02/2026 12:00,0,0.015,0,8.025,0,6.405,4.285,8.315,77.2,1000.34,2,7.166666667,2,266.1111111,0,13.27266667
01/02/2026 13:00,0,0,0,8.73,0,6.74,4.18,8.26,73.05,1000.41,2,7.388888889,2,273.3333333,0,13.68422222
01/02/2026 14:00,0,0,0,9.21,0,6.855,3.805,8.04,68.65,1000.375,2,7.5,2,281.1111111,0,13.89
01/02/2026 15:00,0,0,0,8.985,0,6.685,3.62,7.95,68.8,1000.375,2,6.5,2,272.2222222,0,12.038
01/02/2026 16:00,0,0,0,8.66,0,6.455,3.575,7.91,70.25,1000.49,2,5.333333333,2,263.8888889,0,9.877333333
01/02/2026 17:00,0,0,0,7.075,0,5.525,3.415,7.82,77.25,1000.615,2,3.777777778,2,254.4444444,0,6.996444444
01/02/2026 18:00,0,0.005,0,4.965,0,4.065,2.76,7.47,85.4,1000.73,2,2.666666667,2,233.3333333,0,4.938666667
01/02/2026 19:00,0,0,0,3.645,0,2.98,1.985,7.085,88.8,1000.77,2,2.722222222,2,163.8888889,0,5.041555556
01/02/2026 20:00,0,0,0,2.925,0,2.42,1.635,6.91,91.1,1000.51,2,3.388888889,2,165,0,6.276222222
01/02/2026 21:00,0,0,0,2.18,0,1.71,0.965,6.595,91.65,1000.17,2,3.833333333,2,145,0,7.099333333
01/02/2026 22:00,0,0,0,1.795,0,1.345,0.635,6.435,91.85,999.855,2,4.166666667,2,118.3333333,0,7.716666667
01/02/2026 23:00,0,0,0,1.81,0,1.37,0.69,6.455,92.4,999.31,2,5,2,126.6666667,0,9.26
02/02/2026 00:00,0,0,0,1.825,0,1.32,0.535,6.395,91.45,998.57,2,5.277777778,2,96.11111111,1,9.774444444
02/02/2026 01:00,0,0.005,0,1.875,0,1.385,0.61,6.44,91.55,997.765,2,6.333333333,2,97.77777778,1,11.72933333
02/02/2026 02:00,0,0,0,2.055,0,1.535,0.74,6.495,91.2,996.755,2,6.888888889,2,89.44444444,1,12.75822222
02/02/2026 03:00,0,0,0,2.395,0,1.775,0.835,6.54,89.6,996,2,7.444444444,2,107.2222222,1,13.78711111
02/02/2026 04:00,0,0,0,2.835,0,2.175,1.225,6.73,89.45,995.07,2,8.277777778,2,101.6666667,1,15.33044444
02/02/2026 05:00,0,0,0,3.465,0,2.8,1.775,7.025,88.95,994.485,2,9.777777778,2,88.88888889,1,18.10844444
02/02/2026 06:00,0,0.005,0,3.69,0,3,1.98,7.125,88.75,993.905,2,10.38888889,2,103.3333333,1,19.24022222
02/02/2026 07:00,0,0,0,4.14,0,3.435,2.415,7.335,88.6,993.25,2,11.05555556,2,105,1,20.47488889
02/02/2026 08:00,0,0.005,0,4.965,0,4.225,3.24,7.735,88.65,992.915,2,11.5,2,92.22222222,1,21.298
02/02/2026 09:00,0,0.005,0,5.505,0,4.75,3.735,8.005,88.3,992.53,2,12.38888889,2,97.77777778,1,22.94422222
02/02/2026 10:00,0,0,0,6.39,0,5.435,4.185,8.25,85.9,992.145,2,13.5,2,100.5555556,1,25.002
02/02/2026 11:00,0,0.005,0,7.17,0,6.015,4.515,8.45,83.05,991.75,2,13.88888889,2,101.1111111,1,25.72222222
02/02/2026 12:00,0,0,0,7.615,0,6.29,4.56,8.465,80.65,991.24,2,14.61111111,2,101.1111111,1,27.05977778
02/02/2026 13:00,0,0,0,7.81,0,6.365,4.505,8.43,79.25,990.645,2,15.11111111,2,101.1111111,1,27.98577778
02/02/2026 14:00,0,0.03,0,7.91,0,6.445,4.575,8.465,79.25,990.045,2,15.11111111,2,99.44444444,1,27.98577778
02/02/2026 15:00,0,0.09,0,7.945,0,6.43,4.505,8.445,78.55,989.65,2,15.16666667,2,100,1,28.08866667
02/02/2026 16:00,0,0.05,0,7.875,0,6.41,4.495,8.44,78.95,989.55,2,15.05555556,2,99.44444444,1,27.88288889
02/02/2026 17:00,0,0.08,0,7.79,0,6.305,4.39,8.385,78.85,989.535,2,14.94444444,2,96.11111111,1,27.67711111
02/02/2026 18:00,0,0.11,0,7.805,0,6.32,4.36,8.35,78.55,989.68,2,15.22222222,2,97.77777778,1,28.19155556
02/02/2026 19:00,0,0.14,0,7.765,0,6.295,4.37,8.375,78.8,989.87,2,15.22222222,2,93.33333333,1,28.19155556
02/02/2026 20:00,0,0.1,0,7.725,0,6.225,4.245,8.285,78.15,989.965,2,15.61111111,2,93.33333333,1,28.91177778
02/02/2026 21:00,0,0.07,0,7.61,0,6.05,4.02,8.16,77.75,989.97,2,16,2,91.66666667,1,29.632
02/02/2026 22:00,0,0.07,0,7.46,0,5.96,3.94,8.11,78,990.045,2,16.05555556,2,92.22222222,1,29.73488889
02/02/2026 23:00,0,0.05,0,7.31,0,5.8,3.785,8.02,78.15,990.03,2,15.94444444,2,92.22222222,1,29.52911111
03/02/2026 00:00,0,0.01,0,7.16,0,5.66,3.615,7.94,77.9,990.075,2,15.83333333,2,89.44444444,1,29.32333333
03/02/2026 01:00,0,0.03,0,6.995,0,5.53,3.52,7.87,78.1,989.925,2,15.27777778,2,83.88888889,1,28.29444444
03/02/2026 02:00,0,0.005,0,6.81,0,5.47,3.61,7.925,79.7,989.75,2,15.16666667,2,82.77777778,1,28.08866667
03/02/2026 03:00,0,0.025,0,6.61,0,5.29,3.475,7.855,80,989.635,2,14.83333333,2,79.44444444,1,27.47133333
03/02/2026 04:00,0,0.12,0,6.485,0,5.2,3.405,7.825,80.4,989.43,2,14.94444444,2,78.33333333,1,27.67711111
03/02/2026 05:00,0,0.095,0,6.315,0,5.17,3.56,7.9,82.2,989.31,2,15,2,77.22222222,1,27.78
03/02/2026 06:00,0,0.105,0,6.29,0,5.175,3.65,7.95,82.85,989.105,2,14.72222222,2,75.55555556,1,27.26555556
03/02/2026 07:00,0,0.17,0,6.255,0,5.2,3.705,7.995,83.45,989.055,2,14.72222222,2,76.11111111,1,27.26555556
03/02/2026 08:00,0,0.225,0,6.295,0,5.255,3.785,8.045,83.8,989.185,2,14.94444444,2,77.22222222,1,27.67711111
03/02/2026 09:00,0,0.14,0,6.38,0,5.38,4.02,8.2,84.6,989.19,2,15.11111111,2,80,1,27.98577778
03/02/2026 10:00,0,0.11,0,6.55,0,5.545,4.18,8.29,84.6,989.195,2,15.11111111,2,85,1,27.98577778
03/02/2026 11:00,0,0.11,0,6.745,0,5.705,4.315,8.37,84.3,989.325,2,14.66666667,2,86.11111111,1,27.16266667
03/02/2026 12:00,0,0.105,0,6.8,0,5.82,4.49,8.475,85.1,989.12,2,14.72222222,2,87.77777778,1,27.26555556
03/02/2026 13:00,0,0.145,0,6.73,0,5.815,4.615,8.555,86.3,988.885,2,14.88888889,2,87.22222222,1,27.57422222
03/02/2026 14:00,0,0.105,0,6.645,0,5.77,4.615,8.565,86.7,988.305,2,14.94444444,2,89.44444444,1,27.67711111
03/02/2026 15:00,0,0.09,0,6.445,0,5.61,4.495,8.485,87,987.805,2,14.83333333,2,89.44444444,1,27.47133333
03/02/2026 16:00,0,0.045,0,6.365,0,5.52,4.385,8.435,86.9,987.665,2,14.61111111,2,91.66666667,1,27.05977778
03/02/2026 17:00,0,0.06,0,6.135,0,5.365,4.275,8.385,87.65,987.42,2,14.66666667,2,94.44444444,1,27.16266667
03/02/2026 18:00,0,0.1,0,5.97,0,5.235,4.245,8.355,88.35,987.465,2,14.22222222,2,91.66666667,1,26.33955556
03/02/2026 19:00,0,0.095,0,5.89,0,5.195,4.225,8.35,88.75,987.36,2,13.88888889,2,92.77777778,1,25.72222222
03/02/2026 20:00,0,0.07,0,5.85,0,5.2,4.295,8.395,89.6,987.18,2,14,2,95.55555556,1,25.928
03/02/2026 21:00,0,0.11,0,5.845,0,5.245,4.395,8.445,90.1,986.84,2,13.44444444,2,97.22222222,1,24.89911111
03/02/2026 22:00,0,0.08,0,5.875,0,5.265,4.455,8.495,90.4,986.58,2,13.05555556,2,101.6666667,1,24.17888889
03/02/2026 23:00,0,0.115,0,5.92,0,5.35,4.545,8.545,90.55,986.28,2,13.5,2,104.4444444,1,25.002
04/02/2026 00:00,0,0.07,0,6,0,5.435,4.65,8.59,90.8,986.165,2,13.27777778,2,106.1111111,1,24.59044444
04/02/2026 01:00,0,0.19,0,6.08,0,5.56,4.83,8.69,91.35,985.86,2,13.11111111,2,107.2222222,1,24.28177778
04/02/2026 02:00,0,0.1,0,6.12,0,5.615,4.95,8.74,91.85,985.685,2,12.38888889,2,108.3333333,1,22.94422222
04/02/2026 03:00,0,0.15,0,6.41,0,5.88,5.175,8.87,91.7,985.52,2,11.77777778,2,108.8888889,1,21.81244444
04/02/2026 04:00,0,0.03,0,6.585,0,6.005,5.275,8.925,91.15,985.305,2,11.16666667,2,108.3333333,1,20.68066667
04/02/2026 05:00,0,0.035,0,6.62,0,6.045,5.33,8.95,91.2,985.12,2,10.88888889,2,107.2222222,1,20.16622222
04/02/2026 06:00,0,0.015,0,6.7,0,6.135,5.42,9.015,91.35,985.16,2,10.22222222,2,105.5555556,1,18.93155556
04/02/2026 07:00,0,0.005,0,6.7,0,6.13,5.41,8.995,91.15,985.24,2,9.5,2,102.7777778,1,17.594
04/02/2026 08:00,0,0.02,0,6.715,0,6.1,5.31,8.935,90.55,985.6,2,9.833333333,2,101.1111111,1,18.21133333
04/02/2026 09:00,0,0.04,0,6.805,0,6.21,5.44,9.005,90.8,985.93,2,9.944444444,2,101.1111111,1,18.41711111
04/02/2026 10:00,0,0.005,0,7.27,0,6.52,5.575,9.095,88.65,986.17,2,10.44444444,2,103.3333333,1,19.34311111
04/02/2026 11:00,0,0.02,0,7.715,0,6.805,5.695,9.185,86.85,986.195,2,10.5,2,102.2222222,1,19.446
04/02/2026 12:00,0,0.015,0,8.205,0,7.105,5.81,9.245,84.65,986.04,2,11.38888889,2,104.4444444,1,21.09222222
04/02/2026 13:00,0,0.025,0,8.38,0,7.18,5.695,9.165,82.85,985.67,2,11.72222222,2,102.7777778,1,21.70955556
04/02/2026 14:00,0,0.015,0,8.505,0,7.175,5.535,9.07,81.25,985.26,2,11.77777778,2,102.2222222,1,21.81244444
04/02/2026 15:00,0,0.06,0,8.45,0,7.145,5.57,9.08,81.7,984.975,2,11.22222222,2,100,1,20.78355556
04/02/2026 16:00,0,0.015,0,8.2,0,6.95,5.41,8.995,82.05,984.82,2,11.5,2,97.22222222,1,21.298
04/02/2026 17:00,0,0.06,0,7.905,0,6.685,5.185,8.855,82.75,984.96,2,11.83333333,2,93.33333333,1,21.91533333
04/02/2026 18:00,0,0.01,0,7.555,0,6.445,5.05,8.755,83.75,985.2,2,11.05555556,2,91.66666667,1,20.47488889
04/02/2026 19:00,0,0.005,0,7.365,0,6.305,4.95,8.71,84.35,985.21,2,10.83333333,2,89.44444444,1,20.06333333
04/02/2026 20:00,0,0,0,7.255,0,6.2,4.85,8.64,84.35,985.09,2,11.61111111,2,90,1,21.50377778
04/02/2026 21:00,0,0.005,0,7.02,0,5.93,4.545,8.46,83.95,984.97,2,12.16666667,2,88.88888889,1,22.53266667
04/02/2026 22:00,0,0,0,6.82,0,5.765,4.42,8.39,84.45,984.865,2,11.77777778,2,84.44444444,1,21.81244444
04/02/2026 23:00,0,0,0,6.805,0,5.74,4.335,8.34,84.05,984.665,2,12.05555556,2,82.22222222,1,22.32688889
05/02/2026 00:00,0,0,0,6.65,0,5.57,4.165,8.235,83.65,984.36,2,12.05555556,2,77.77777778,1,22.32688889
05/02/2026 01:00,0,0,0,6.685,0,5.575,4.08,8.18,83.1,983.845,2,13,2,76.11111111,1,24.076
05/02/2026 02:00,0,0,0,6.78,0,5.65,4.155,8.235,83.05,983.315,2,12.94444444,2,72.77777778,1,23.97311111
05/02/2026 03:00,0,0,0,6.885,0,5.76,4.24,8.28,82.9,982.62,2,13.11111111,2,71.66666667,1,24.28177778
05/02/2026 04:00,0,0.005,0,6.975,0,5.85,4.33,8.33,82.9,981.845,2,13.27777778,2,70.55555556,1,24.59044444
05/02/2026 05:00,0,0,0,7.02,0,5.85,4.32,8.32,82.5,981.1,2,14,2,67.77777778,1,25.928
05/02/2026 06:00,0,0.045,0,6.985,0,5.84,4.365,8.335,82.95,980.385,2,14,2,67.77777778,1,25.928
05/02/2026 07:00,0,0.02,0,6.935,0,5.8,4.3,8.31,83,979.74,2,15.22222222,2,67.22222222,1,28.19155556
05/02/2026 08:00,0,0.13,0,6.825,0,5.745,4.335,8.335,83.75,979.47,2,15.38888889,2,65.55555556,1,28.50022222
05/02/2026 09:00,0,0.265,0,6.74,0,5.655,4.21,8.275,83.4,979.13,2,16.38888889,2,66.11111111,1,30.35222222
05/02/2026 10:00,0,0.52,0,6.69,0,5.635,4.255,8.28,84.15,978.855,2,16.61111111,2,65,1,30.76377778
05/02/2026 11:00,0,0.385,0,6.67,0,5.685,4.395,8.375,85.05,978.425,2,17.05555556,2,67.22222222,1,31.58688889
05/02/2026 12:00,0,0.45,0,6.67,0,5.745,4.525,8.47,86,978.05,2,17.22222222,2,66.66666667,1,31.89555556
05/02/2026 13:00,0,0.325,0,6.71,0,5.795,4.555,8.5,85.9,977.79,2,17.61111111,2,73.88888889,1,32.61577778
05/02/2026 14:00,0,0.315,0,6.665,0,5.755,4.54,8.49,86.05,977.535,2,17.66666667,2,96.66666667,1,32.71866667
05/02/2026 15:00,0,0.285,0,6.52,0,5.66,4.53,8.465,86.95,977.415,2,17,2,97.77777778,1,31.484
05/02/2026 16:00,0,0.195,0,6.385,0,5.5,4.315,8.365,86.25,977.57,2,16.5,2,88.33333333,1,30.558
05/02/2026 17:00,0,0.16,0,6.205,0,5.375,4.26,8.345,86.95,977.855,2,15.55555556,2,89.44444444,1,28.80888889
05/02/2026 18:00,0,0.12,0,6.045,0,5.295,4.23,8.325,87.95,978.295,2,15.11111111,2,90,1,27.98577778
05/02/2026 19:00,0,0.28,0,6.1,0,5.32,4.26,8.345,87.95,978.63,2,14.55555556,2,90,1,26.95688889
05/02/2026 20:00,0,0.35,0,6,0,5.315,4.385,8.415,89.15,978.98,2,14.05555556,2,88.33333333,1,26.03088889
05/02/2026 21:00,0,0.205,0,5.97,0,5.31,4.435,8.43,89.6,979.325,2,13.61111111,2,83.88888889,1,25.20777778
05/02/2026 22:00,0,0.22,0,5.99,0,5.345,4.495,8.48,89.95,979.65,2,13.27777778,2,86.66666667,1,24.59044444
05/02/2026 23:00,0,0.325,0,6,0,5.34,4.445,8.465,89.7,979.93,2,12.77777778,2,83.33333333,1,23.66444444
06/02/2026 00:00,0,0.385,0,5.93,0,5.32,4.48,8.485,90,980.135,2,12.77777778,2,81.66666667,1,23.66444444
06/02/2026 01:00,0,0.28,0,5.945,0,5.305,4.43,8.45,89.6,980.22,2,13.22222222,2,81.11111111,1,24.48755556
06/02/2026 02:00,0,0.3,0,5.925,0,5.265,4.34,8.39,89.4,980.405,2,12.94444444,2,81.66666667,1,23.97311111
06/02/2026 03:00,0,0.26,0,5.88,0,5.195,4.28,8.375,89.25,980.67,2,12.94444444,2,80.55555556,1,23.97311111
06/02/2026 04:00,0,0.28,0,5.875,0,5.225,4.34,8.4,89.7,980.905,2,12.5,2,82.77777778,1,23.15
06/02/2026 05:00,0,0.19,0,5.925,0,5.28,4.395,8.44,89.75,981.1,2,12.61111111,2,78.88888889,1,23.35577778
06/02/2026 06:00,0,0.135,0,5.925,0,5.29,4.41,8.44,89.7,981.305,2,13.05555556,2,82.22222222,1,24.17888889
06/02/2026 07:00,0,0.07,0,5.885,0,5.28,4.43,8.45,89.95,981.545,2,12.61111111,2,83.33333333,1,23.35577778
06/02/2026 08:00,0,0.29,0,5.92,0,5.3,4.44,8.46,89.95,981.9,2,12.38888889,2,79.44444444,1,22.94422222
06/02/2026 09:00,0,0.115,0,5.945,0,5.365,4.545,8.52,90.35,982.29,2,11.88888889,2,78.33333333,1,22.01822222
06/02/2026 10:00,0,0.105,0,6.15,0,5.555,4.755,8.65,90.45,982.585,2,11.88888889,2,80,1,22.01822222
06/02/2026 11:00,0,0.13,0,6.49,0,5.895,5.075,8.85,90.4,982.87,2,11.77777778,2,80,1,21.81244444
06/02/2026 12:00,0,0.085,0,6.82,0,6.14,5.265,8.955,89.5,983.005,2,11.38888889,2,79.44444444,1,21.09222222
06/02/2026 13:00,0,0.11,0,7.16,0,6.475,5.62,9.185,89.65,982.895,2,11.5,2,81.11111111,1,21.298
06/02/2026 14:00,0,0.04,0,7.455,0,6.69,5.73,9.245,88.75,982.745,2,11.55555556,2,84.44444444,1,21.40088889
06/02/2026 15:00,0,0.095,0,7.455,0,6.725,5.83,9.315,89.3,982.835,2,11.16666667,2,85,1,20.68066667
06/02/2026 16:00,0,0.09,0,7.47,0,6.765,5.905,9.365,89.7,983.015,2,10.55555556,2,86.66666667,1,19.54888889
06/02/2026 17:00,0,0.08,0,7.36,0,6.76,5.975,9.395,90.65,983.335,2,9.944444444,2,85,1,18.41711111
06/02/2026 18:00,0,0.155,0,7.21,0,6.69,6.03,9.415,91.9,983.765,2,9.555555556,2,84.44444444,1,17.69688889
06/02/2026 19:00,0,0.11,0,7.24,0,6.72,6.09,9.465,92.1,984.195,2,9.222222222,2,81.66666667,1,17.07955556
06/02/2026 20:00,0,0.1,0,7.28,0,6.77,6.14,9.48,92.3,984.6,2,9.166666667,2,82.22222222,1,16.97666667
06/02/2026 21:00,0,0.15,0,7.155,0,6.715,6.16,9.495,93.05,984.94,2,9.388888889,2,86.11111111,1,17.38822222
06/02/2026 22:00,0,0.1,0,7.17,0,6.74,6.195,9.52,93.25,985.295,2,8.722222222,2,83.33333333,1,16.15355556
06/02/2026 23:00,0,0.1,0,7.09,0,6.665,6.15,9.465,93.4,985.53,2,8.055555556,2,83.33333333,1,14.91888889
07/02/2026 00:00,0,0.055,0,7.085,0,6.715,6.275,9.54,94.25,985.72,2,7.666666667,2,76.11111111,0,14.19866667
07/02/2026 01:00,0,0.05,0,7.14,0,6.765,6.295,9.575,94.05,985.98,2,7.611111111,2,83.88888889,0,14.09577778
07/02/2026 02:00,0,0.065,0,7.165,0,6.815,6.35,9.625,94.25,986.28,2,7.333333333,2,81.11111111,0,13.58133333
07/02/2026 03:00,0,0.01,0,7.065,0,6.725,6.265,9.565,94.3,986.54,2,7.055555556,2,87.77777778,0,13.06688889
07/02/2026 04:00,0,0.025,0,7.08,0,6.73,6.305,9.58,94.5,986.885,2,6.722222222,2,78.33333333,0,12.44955556
07/02/2026 05:00,0,0.005,0,7.02,0,6.665,6.215,9.51,94.3,987.26,2,6.222222222,2,72.22222222,0,11.52355556
07/02/2026 06:00,0,0.005,0,6.96,0,6.62,6.19,9.49,94.5,987.625,2,6.055555556,2,68.88888889,0,11.21488889
07/02/2026 07:00,0,0.005,0,6.96,0,6.62,6.22,9.51,94.7,988.095,2,5.666666667,2,62.22222222,0,10.49466667
07/02/2026 08:00,0,0.005,0,6.8,0,6.515,6.125,9.44,94.85,988.715,2,5.888888889,2,77.77777778,0,10.90622222
07/02/2026 09:00,0,0.01,0,6.985,0,6.65,6.26,9.525,94.85,989.25,2,5.611111111,2,97.77777778,0,10.39177778
07/02/2026 10:00,0,0.02,0,7.48,0,7.065,6.605,9.77,93.8,989.8,2,5.611111111,2,95.55555556,0,10.39177778
07/02/2026 11:00,0,0.005,0,8.075,0,7.515,6.86,9.935,91.55,990.35,2,5.333333333,2,67.77777778,0,9.877333333
07/02/2026 12:00,0,0.005,0,8.735,0,7.945,7.015,10.04,88.55,990.675,2,5.555555556,2,83.88888889,0,10.28888889
07/02/2026 13:00,0,0.005,0,8.96,0,8.045,6.98,10.02,87.15,990.85,2,5.777777778,2,92.77777778,0,10.70044444
07/02/2026 14:00,0,0.04,0,9.005,0,8,6.85,9.94,86,991.05,2,5.333333333,2,102.2222222,0,9.877333333
07/02/2026 15:00,0,0.015,0,8.965,0,7.95,6.805,9.88,86,991.395,2,5.111111111,2,106.1111111,0,9.465777778
07/02/2026 16:00,0,0.01,0,8.76,0,7.83,6.765,9.86,86.9,991.89,2,4.444444444,2,146.1111111,0,8.231111111
07/02/2026 17:00,0,0.025,0,8.32,0,7.54,6.64,9.77,88.65,992.42,2,3.611111111,2,137.7777778,0,6.687777778
07/02/2026 18:00,0,0.015,0,7.745,0,7.14,6.4,9.63,90.7,993.08,2,3.444444444,2,167.2222222,0,6.379111111
07/02/2026 19:00,0,0.035,0,7.34,0,6.84,6.24,9.52,92.25,993.755,2,2.833333333,2,165.5555556,0,5.247333333
07/02/2026 20:00,0,0.05,0,7.205,0,6.74,6.18,9.49,92.85,994.24,2,2.944444444,2,173.3333333,0,5.453111111
07/02/2026 21:00,0,0.01,0,7.02,0,6.64,6.165,9.48,93.85,994.655,2,3.388888889,2,159.4444444,0,6.276222222
07/02/2026 22:00,0,0.02,0,6.985,0,6.6,6.16,9.475,94.15,995.065,2,3.333333333,2,156.6666667,0,6.173333333
07/02/2026 23:00,0,0.045,0,6.73,0,6.405,5.995,9.375,94.65,995.45,2,3.111111111,2,148.3333333,0,5.761777778
08/02/2026 00:00,0,0.16,0,6.42,0,6.125,5.755,9.205,95,995.91,2,3.166666667,2,167.7777778,0,5.864666667
08/02/2026 01:00,0,0.065,0,6.37,0,6.085,5.73,9.195,95.4,996.09,2,2.722222222,2,148.3333333,0,5.041555556
08/02/2026 02:00,0,0.09,0,6.27,0,5.975,5.635,9.13,95.2,996.31,2,2.722222222,2,150.5555556,0,5.041555556
08/02/2026 03:00,0,0.03,0,6.19,0,5.915,5.56,9.09,95.4,996.45,2,2.555555556,2,150,0,4.732888889
08/02/2026 04:00,0,0.03,0,5.985,0,5.745,5.385,8.985,95.6,996.545,2,2.5,2,132.2222222,0,4.63
08/02/2026 05:00,0,0.005,0,5.845,0,5.615,5.285,8.91,95.7,996.705,2,2.611111111,2,122.7777778,0,4.835777778
08/02/2026 06:00,0,0.12,0,5.57,0,5.35,5.045,8.77,96.05,996.91,2,2.777777778,2,147.2222222,0,5.144444444
08/02/2026 07:00,0,0.03,0,5.53,0,5.315,5.02,8.745,96.25,997.015,2,2.888888889,2,122.2222222,0,5.350222222
08/02/2026 08:00,0,0.025,0,5.58,0,5.39,5.1,8.825,96.5,997.435,2,2.944444444,2,146.1111111,0,5.453111111
08/02/2026 09:00,0,0.085,0,5.8,0,5.595,5.305,8.935,96.3,997.755,2,3.611111111,2,121.1111111,0,6.687777778
08/02/2026 10:00,0,0.02,0,6.505,0,6.265,5.95,9.345,95.85,997.925,2,3.611111111,2,117.2222222,0,6.687777778
08/02/2026 11:00,0,0.13,0,7.35,0,6.87,6.3,9.565,92.9,998.015,2,4.333333333,2,136.6666667,0,8.025333333
08/02/2026 12:00,0,0.075,0,8.09,0,7.345,6.495,9.69,89.8,997.98,2,4.722222222,2,136.6666667,0,8.745555556
08/02/2026 13:00,0,0.185,0,9.035,0,7.94,6.705,9.825,85.2,997.76,2,4.777777778,2,139.4444444,0,8.848444444
08/02/2026 14:00,0,0.025,0,9.42,0,8.09,6.565,9.735,81.95,997.425,2,5.666666667,2,150,0,10.49466667
08/02/2026 15:00,0,0,0,9.555,0,8.17,6.585,9.745,81.5,997.21,2,5.555555556,2,153.8888889,0,10.28888889
08/02/2026 16:00,0,0.03,0,8.985,0,7.78,6.375,9.605,83.3,997.105,2,5.5,2,147.7777778,0,10.186
08/02/2026 17:00,0,0.085,0,8.315,0,7.35,6.215,9.5,86.2,997.12,2,5.166666667,2,143.3333333,0,9.568666667
08/02/2026 18:00,0,0.035,0,7.245,0,6.59,5.79,9.23,90.05,997.09,2,4.611111111,2,145.5555556,0,8.539777778
08/02/2026 19:00,0,0,0,6.615,0,6.1,5.4,9.01,91.5,997.045,2,5.111111111,2,123.8888889,0,9.465777778
08/02/2026 20:00,0,0,0,6.18,0,5.745,5.17,8.86,92.95,996.95,2,5,2,126.6666667,0,9.26
08/02/2026 21:00,0,0.03,0,5.8,0,5.4,4.92,8.715,93.85,996.75,2,5.055555556,2,124.4444444,0,9.362888889
08/02/2026 22:00,0,0.065,0,5.73,0,5.35,4.855,8.695,93.85,996.48,2,5.222222222,2,128.8888889,0,9.671555556
08/02/2026 23:00,0,0.055,0,5.56,0,5.175,4.7,8.615,93.9,996.185,2,5.5,2,122.2222222,0,10.186
09/02/2026 00:00,0,0.05,0,5.37,0,5.025,4.58,8.55,94.3,995.85,2,5.777777778,2,122.2222222,1,10.70044444
09/02/2026 01:00,0,0.105,0,5.47,0,5.125,4.67,8.58,94.35,995.38,2,5.944444444,2,121.6666667,1,11.00911111
09/02/2026 02:00,0,0.075,0,5.505,0,5.145,4.66,8.58,94.2,994.855,2,6.5,2,121.1111111,1,12.038
09/02/2026 03:00,0,0.13,0,5.535,0,5.15,4.63,8.555,93.85,994.48,2,7.222222222,2,122.2222222,1,13.37555556
09/02/2026 04:00,0,0.175,0,5.65,0,5.34,4.93,8.735,94.9,993.825,2,6.944444444,2,118.8888889,1,12.86111111
09/02/2026 05:00,0,0.085,0,6,0,5.675,5.255,8.92,94.6,993.365,2,7.111111111,2,105.5555556,1,13.16977778
09/02/2026 06:00,0,0.135,0,5.935,0,5.605,5.155,8.86,94.35,992.89,2,7.611111111,2,105,1,14.09577778
09/02/2026 07:00,0,0.175,0,6.1,0,5.78,5.33,8.975,94.5,992.445,2,8.555555556,2,103.8888889,1,15.84488889
09/02/2026 08:00,0,0.245,0,6.25,0,5.91,5.485,9.08,94.55,992.21,2,8,2,99.44444444,1,14.816
09/02/2026 09:00,0,0.28,0,6.55,0,6.22,5.775,9.25,94.45,992.045,2,8.277777778,2,96.66666667,1,15.33044444
09/02/2026 10:00,0,0.215,0,7.185,0,6.82,6.36,9.62,94,991.85,2,8.611111111,2,95,1,15.94777778
09/02/2026 11:00,0,0.235,0,7.73,0,7.285,6.74,9.89,93.35,991.475,2,9.722222222,2,96.66666667,1,18.00555556
09/02/2026 12:00,0,0.31,0,8.15,0,7.625,7.02,10.07,92.35,991.12,2,9.5,2,96.66666667,1,17.594
09/02/2026 13:00,0,0.215,0,8.435,0,7.865,7.215,10.19,91.7,990.685,2,9.833333333,2,96.66666667,1,18.21133333
09/02/2026 14:00,0,0.305,0,8.57,0,7.97,7.315,10.26,91.55,990.23,2,9.888888889,2,93.33333333,1,18.31422222
09/02/2026 15:00,0,0.285,0,8.63,0,8.03,7.345,10.295,91.45,989.905,2,9.5,2,95,1,17.594
09/02/2026 16:00,0,0.25,0,8.7,0,8.08,7.36,10.3,91,989.815,2,8.944444444,2,94.44444444,1,16.56511111
09/02/2026 17:00,0,0.23,0,8.56,0,7.985,7.32,10.265,91.85,989.8,2,8.166666667,2,106.1111111,1,15.12466667
09/02/2026 18:00,0,0.225,0,8.415,0,7.89,7.29,10.225,92.15,989.87,2,7.333333333,2,98.88888889,1,13.58133333
09/02/2026 19:00,0,0.23,0,8.3,0,7.815,7.275,10.225,92.95,989.915,2,6.722222222,2,106.6666667,1,12.44955556
09/02/2026 20:00,0,0.3,0,8.165,0,7.745,7.245,10.205,93.5,989.905,2,6.388888889,2,108.3333333,1,11.83222222
09/02/2026 21:00,0,0.225,0,8.06,0,7.65,7.175,10.15,93.75,989.78,2,5.888888889,2,105,1,10.90622222
09/02/2026 22:00,0,0.12,0,8.1,0,7.66,7.165,10.145,93.5,989.65,2,5.444444444,2,112.2222222,1,10.08311111
09/02/2026 23:00,0,0.105,0,8.055,0,7.645,7.16,10.13,93.7,989.26,2,5.388888889,2,119.4444444,1,9.980222222
10/02/2026 00:00,0,0.13,0,7.935,0,7.535,7.045,10.055,93.9,988.825,2,5.166666667,2,118.8888889,1,9.568666667
10/02/2026 01:00,0,0.13,0,7.905,0,7.5,7.035,10.045,93.8,988.455,2,5.388888889,2,115,1,9.980222222
10/02/2026 02:00,0,0.06,0,7.89,0,7.52,7.085,10.08,94.3,987.885,2,5.388888889,2,112.7777778,1,9.980222222
10/02/2026 03:00,0,0.03,0,7.855,0,7.505,7.105,10.105,94.65,987.25,2,6.166666667,2,115.5555556,1,11.42066667
10/02/2026 04:00,0,0.005,0,7.84,0,7.485,7.045,10.06,94.5,986.39,2,6.277777778,2,123.8888889,1,11.62644444
10/02/2026 05:00,0,0.045,0,7.77,0,7.42,7.035,10.055,95,985.515,2,7.222222222,2,128.8888889,1,13.37555556
10/02/2026 06:00,0,0.325,0,7.705,0,7.375,6.995,10.035,94.9,984.71,2,7.611111111,2,130.5555556,1,14.09577778
10/02/2026 07:00,0,0.48,0,7.69,0,7.39,7.03,10.05,95.05,983.925,2,7.722222222,2,122.7777778,1,14.30155556
10/02/2026 08:00,0,0.32,0,7.77,0,7.445,7.05,10.07,94.85,983.335,2,7.722222222,2,117.7777778,1,14.30155556
10/02/2026 09:00,0,0.28,0,7.88,0,7.58,7.195,10.185,95.1,982.775,2,7.722222222,2,117.7777778,1,14.30155556
10/02/2026 10:00,0,0.215,0,8.14,0,7.81,7.405,10.33,94.7,982.14,2,8.222222222,2,122.2222222,1,15.22755556
10/02/2026 11:00,0,0.355,0,8.35,0,7.97,7.535,10.445,94.35,981.58,2,9.444444444,2,125,1,17.49111111
10/02/2026 12:00,0,0.33,0,8.655,0,8.255,7.785,10.615,93.95,980.76,2,9.166666667,2,127.7777778,1,16.97666667
10/02/2026 13:00,0,0.405,0,8.89,0,8.46,7.965,10.725,93.5,979.815,2,9.5,2,130.5555556,1,17.594
10/02/2026 14:00,0,0.25,0,9.205,0,8.72,8.2,10.91,93.25,978.825,2,8.888888889,2,126.6666667,1,16.46222222
10/02/2026 15:00,0,0.445,0,9.25,0,8.83,8.37,11.045,93.9,978.07,2,8.444444444,2,131.6666667,1,15.63911111
10/02/2026 16:00,0,0.34,0,9.175,0,8.79,8.385,11.04,94.45,977.735,2,8.055555556,2,135.5555556,1,14.91888889
10/02/2026 17:00,0,0.135,0,9.01,0,8.685,8.33,11,95,977.62,2,7.666666667,2,138.8888889,1,14.19866667
10/02/2026 18:00,0,0.24,0,8.865,0,8.605,8.315,11,96,977.705,2,6.944444444,2,140,1,12.86111111
10/02/2026 19:00,0,0.15,0,8.745,0,8.515,8.275,10.945,96.4,977.845,2,6.5,2,137.2222222,1,12.038
10/02/2026 20:00,0,0.06,0,8.69,0,8.475,8.225,10.915,96.5,977.985,2,6.111111111,2,139.4444444,1,11.31777778
10/02/2026 21:00,0,0.095,0,8.715,0,8.52,8.285,10.955,96.55,978.21,2,5.833333333,2,142.2222222,1,10.80333333
10/02/2026 22:00,0,0.06,0,8.64,0,8.46,8.24,10.935,97,978.555,2,5.833333333,2,133.8888889,1,10.80333333
10/02/2026 23:00,0,0.145,0,8.64,0,8.48,8.27,10.945,97.1,978.765,2,6.166666667,2,165,1,11.42066667
11/02/2026 00:00,0,0.19,0,8.615,0,8.445,8.235,10.925,97.1,978.945,2,6.222222222,2,164.4444444,1,11.52355556
11/02/2026 01:00,0,0.355,0,8.605,0,8.43,8.225,10.91,97.15,979.06,2,6.777777778,2,175,1,12.55244444
11/02/2026 02:00,0,0.405,0,8.535,0,8.34,8.12,10.83,96.85,979.095,2,6.833333333,2,183.3333333,1,12.65533333
11/02/2026 03:00,0,0.465,0,8.535,0,8.345,8.13,10.82,96.9,979.05,2,6.833333333,2,178.3333333,1,12.65533333
11/02/2026 04:00,0,0.395,0,8.575,0,8.38,8.17,10.865,97.1,978.73,2,6.888888889,2,178.8888889,1,12.75822222
11/02/2026 05:00,0,0.46,0,8.575,0,8.335,8.065,10.795,96.35,978.59,2,7.277777778,2,171.6666667,1,13.47844444
11/02/2026 06:00,0,0.45,0,8.605,0,8.35,8.065,10.785,96.1,978.285,2,7.722222222,2,174.4444444,1,14.30155556
11/02/2026 07:00,0,0.475,0,8.58,0,8.32,8.01,10.75,95.85,977.875,2,8.5,2,173.8888889,1,15.742
11/02/2026 08:00,0,0.47,0,8.495,0,8.255,7.975,10.725,96.25,977.685,2,8.611111111,2,172.2222222,1,15.94777778
11/02/2026 09:00,0,0.34,0,8.67,0,8.425,8.155,10.84,96.25,977.4,2,8.555555556,2,169.4444444,1,15.84488889
11/02/2026 10:00,0,0.17,0,9.055,0,8.73,8.37,11.03,95.15,977.055,2,9.333333333,2,169.4444444,1,17.28533333
11/02/2026 11:00,0,0.125,0,9.5,0,9.065,8.615,11.21,93.85,976.765,2,9.833333333,2,163.3333333,1,18.21133333
11/02/2026 12:00,0,0.135,0,9.89,0,9.295,8.685,11.255,91.85,976.235,2,9.944444444,2,161.1111111,1,18.41711111
11/02/2026 13:00,0,0.115,0,9.88,0,9.275,8.635,11.22,91.75,975.35,2,9.833333333,2,164.4444444,1,18.21133333
11/02/2026 14:00,0,0.105,0,10.18,0,9.41,8.58,11.18,89.6,974.635,2,9.5,2,170,1,17.594
11/02/2026 15:00,0,0.27,0,10.25,0,9.475,8.675,11.275,89.75,973.985,2,8.555555556,2,160,1,15.84488889
11/02/2026 16:00,0,0.11,0,9.91,0,9.2,8.44,11.075,90.2,973.8,2,7.888888889,2,185,1,14.61022222
11/02/2026 17:00,0,0.145,0,9.365,0,8.82,8.205,10.915,92.2,973.89,2,7.555555556,2,158.8888889,1,13.99288889
11/02/2026 18:00,0,0.095,0,8.83,0,8.39,7.9,10.675,93.55,974.395,2,6.944444444,2,160,1,12.86111111
11/02/2026 19:00,0,0.18,0,8.52,0,8.155,7.72,10.54,94.25,974.985,2,6.833333333,2,182.2222222,1,12.65533333
11/02/2026 20:00,0,0.715,0,8.27,0,7.93,7.535,10.42,94.8,975.51,2,7,2,175,1,12.964
11/02/2026 21:00,0,0.495,0,8.195,0,7.845,7.465,10.35,94.9,976.105,2,7.555555556,2,181.6666667,1,13.99288889
11/02/2026 22:00,0,0.34,0,8.135,0,7.755,7.335,10.275,94.4,976.845,2,8.166666667,2,181.1111111,1,15.12466667
11/02/2026 23:00,0,0.51,0,8.04,0,7.65,7.195,10.185,94.1,977.63,2,8.166666667,2,171.1111111,1,15.12466667
12/02/2026 00:00,0,0.36,0,7.94,0,7.565,7.145,10.15,94.45,978.31,2,8.111111111,2,188.3333333,1,15.02177778
12/02/2026 01:00,0,0.2,0,7.855,0,7.405,6.86,9.955,93.1,979.055,2,8.888888889,2,185.5555556,1,16.46222222
12/02/2026 02:00,0,0.56,0,7.7,0,7.2,6.59,9.765,92.5,979.75,2,9.611111111,2,180.5555556,1,17.79977778
12/02/2026 03:00,0,0.37,0,7.465,0,6.985,6.4,9.64,92.65,980.39,2,9.555555556,2,182.7777778,1,17.69688889
12/02/2026 04:00,0,0.355,0,7.13,0,6.63,6.02,9.4,92.35,980.735,2,10.05555556,2,200.5555556,1,18.62288889
12/02/2026 05:00,0,0.28,0,6.865,0,6.285,5.545,9.095,90.95,981.49,2,9.166666667,2,192.2222222,1,16.97666667
12/02/2026 06:00,0,0.535,0,6.67,0,6.08,5.365,8.98,91.1,982.195,2,9,2,191.1111111,1,16.668
12/02/2026 07:00,0,0.625,0,6.45,0,5.895,5.195,8.89,91.4,982.745,2,9,2,183.8888889,1,16.668
12/02/2026 08:00,0,0.465,0,6.245,0,5.71,5.05,8.795,91.8,983.285,2,9.055555556,2,176.1111111,1,16.77088889
12/02/2026 09:00,0,0.165,0,6.465,0,5.84,5.025,8.79,90.35,983.74,2,9.444444444,2,171.1111111,1,17.49111111
12/02/2026 10:00,0,0.2,0,6.66,0,5.97,5.095,8.815,89.6,984.235,2,9.944444444,2,159.4444444,1,18.41711111
12/02/2026 11:00,0,0.185,0,7.055,0,6.31,5.38,9.01,89.05,984.67,2,10.66666667,2,158.3333333,1,19.75466667
12/02/2026 12:00,0,0.325,0,7.39,0,6.555,5.53,9.1,87.9,984.81,2,11.83333333,2,156.6666667,1,21.91533333
12/02/2026 13:00,0,0.345,0,7.48,0,6.565,5.455,9.06,87.25,984.705,2,12.38888889,2,157.2222222,1,22.94422222
12/02/2026 14:00,0,0.3,0,7.385,0,6.535,5.48,9.08,87.8,984.58,2,13.27777778,2,155.5555556,1,24.59044444
12/02/2026 15:00,0,0.79,0,7.39,0,6.555,5.52,9.1,88,984.465,2,13.33333333,2,152.7777778,1,24.69333333
12/02/2026 16:00,0,0.81,0,7.37,0,6.49,5.435,9.04,87.45,984.565,2,12.55555556,2,152.2222222,1,23.25288889
12/02/2026 17:00,0,0.525,0,6.87,0,6.075,5.095,8.81,88.4,984.735,2,13.16666667,2,133.3333333,1,24.38466667
12/02/2026 18:00,0,0.585,0,6.505,0,5.74,4.745,8.615,88.45,985.025,2,13.33333333,2,126.1111111,1,24.69333333
12/02/2026 19:00,0,0.625,0,6.165,0,5.44,4.47,8.45,88.6,985.42,2,13.94444444,2,141.6666667,1,25.82511111
12/02/2026 20:00,0,0.56,0,5.895,0,5.145,4.14,8.255,88.3,985.76,2,14.38888889,2,121.1111111,1,26.64822222
12/02/2026 21:00,0,0.855,0,5.63,0,4.865,3.815,8.08,87.95,986.095,2,14.33333333,2,118.8888889,1,26.54533333
12/02/2026 22:00,0,0.575,0,5.485,0,4.7,3.61,7.96,87.4,986.54,2,14.27777778,2,117.2222222,1,26.44244444
12/02/2026 23:00,0,0.55,0,5.255,0,4.505,3.4,7.855,87.55,987.04,2,14.05555556,2,115,1,26.03088889
13/02/2026 00:00,0,0.56,0,5.04,0,4.295,3.175,7.725,87.55,987.64,2,13.5,2,110.5555556,1,25.002
13/02/2026 01:00,0,0.425,0,4.74,0,4.03,2.95,7.605,87.9,988.285,2,13.94444444,2,93.33333333,1,25.82511111
13/02/2026 02:00,0,0.39,0,4.355,0,3.575,2.4,7.305,86.85,988.93,2,14.33333333,2,93.88888889,1,26.54533333
13/02/2026 03:00,0,0.22,0,4.235,0,3.365,2.025,7.125,85.55,989.66,2,14.33333333,2,93.33333333,1,26.54533333
13/02/2026 04:00,0,0.26,0,3.99,0,3.155,1.82,7.01,85.7,990.37,2,14,2,90.55555556,1,25.928
13/02/2026 05:00,0,0.3,0,3.915,0,2.965,1.46,6.83,84,991.35,2,15.22222222,2,76.11111111,1,28.19155556
13/02/2026 06:00,0,0.26,0,3.675,0,2.655,0.98,6.595,82.6,992.615,2,15.55555556,2,96.11111111,1,28.80888889
13/02/2026 07:00,0,0.13,0,3.61,0,2.505,0.69,6.455,81.15,993.955,2,15.55555556,2,114.4444444,1,28.80888889
13/02/2026 08:00,0,0.12,0,3.49,0,2.32,0.37,6.315,80.05,995.57,2,15.83333333,2,111.1111111,1,29.32333333
13/02/2026 09:00,0,0.095,0,3.455,0,2.3,0.38,6.3,80.15,997.13,2,14.66666667,2,111.6666667,1,27.16266667
13/02/2026 10:00,0,0.095,0,3.825,0,2.5,0.335,6.285,77.9,998.48,2,14.66666667,2,168.3333333,1,27.16266667
13/02/2026 11:00,0,0.105,0,4.42,0,2.82,0.145,6.195,73.8,999.845,2,14.72222222,2,130,1,27.26555556
13/02/2026 12:00,0,0.025,0,4.99,0,3.005,-0.275,6.015,68.7,1001.175,2,15,2,150.5555556,1,27.78
13/02/2026 13:00,0,0.025,0,5.24,0,3.01,-0.765,5.795,65.1,1002.06,2,15.16666667,2,107.7777778,1,28.08866667
13/02/2026 14:00,0,0.03,0,5.595,0,3.145,-1.06,5.685,62.2,1002.965,2,14.94444444,2,129.4444444,1,27.67711111
13/02/2026 15:00,0,0.015,0,5.645,0,2.99,-1.625,5.445,59.45,1003.995,2,14.66666667,2,167.2222222,1,27.16266667
13/02/2026 16:00,0,0,0,5.53,0,2.775,-2.075,5.285,58.05,1005.405,2,13.88888889,2,205,1,25.72222222
13/02/2026 17:00,0,0,0,4.87,0,2.35,-2.215,5.225,59.7,1006.8,2,12.61111111,2,221.1111111,1,23.35577778
13/02/2026 18:00,0,0,0,3.575,0,1.5,-2.285,5.18,65.2,1008.395,2,10.55555556,2,257.7777778,1,19.54888889
13/02/2026 19:00,0,0,0,2.53,0,0.82,-2.4,5.13,69.7,1009.82,2,7.555555556,2,275,1,13.99288889
13/02/2026 20:00,0,0,0,1.745,0,0.26,-2.53,5.075,73.3,1011.025,2,6.611111111,2,281.1111111,1,12.24377778
13/02/2026 21:00,0,0,0,1.13,0,-0.155,-2.645,5.035,76,1012.065,2,6,2,283.3333333,1,11.112
13/02/2026 22:00,0,0,0,0.65,0,-0.5,-2.725,5.01,78.2,1012.86,2,5.722222222,2,271.6666667,1,10.59755556
13/02/2026 23:00,0,0,0,0.045,0,-0.92,-2.825,4.975,81.1,1013.82,2,5.333333333,2,276.6666667,1,9.877333333
14/02/2026 00:00,0,0.015,0,-0.295,0,-1.13,-2.775,5.01,83.45,1014.68,2,4.611111111,2,248.3333333,0,8.539777778
14/02/2026 01:00,0,0,0,-0.77,0,-1.53,-3.02,4.9,84.65,1015.25,2,4.388888889,2,208.3333333,0,8.128222222
14/02/2026 02:00,0,0,0,-1.11,0,-1.815,-3.255,4.835,85.45,1015.835,2,3.944444444,2,220.5555556,0,7.305111111
14/02/2026 03:00,0,0,0,-1.3,0,-1.95,-3.275,4.835,86.5,1016.22,2,3.611111111,2,201.6666667,0,6.687777778
14/02/2026 04:00,0,0,0,-1.615,0,-2.26,-3.585,4.725,86.5,1016.495,2,3.5,2,196.6666667,0,6.482
14/02/2026 05:00,0,0,0,-1.65,0,-2.235,-3.4,4.785,87.65,1016.87,2,3.777777778,2,182.7777778,0,6.996444444
14/02/2026 06:00,0,0,0,-1.465,0,-2.07,-3.325,4.81,87.1,1016.965,2,4.444444444,2,188.3333333,0,8.231111111
14/02/2026 07:00,0,0,0,-1.285,0,-1.95,-3.34,4.83,86.15,1016.86,2,4.833333333,2,174.4444444,0,8.951333333
14/02/2026 08:00,0,0,0,-1.15,0,-1.845,-3.26,4.835,85.7,1017.165,2,4.888888889,2,171.6666667,0,9.054222222
14/02/2026 09:00,0,0,0,-0.16,0,-1.025,-2.775,5.01,83.15,1017.005,2,5.333333333,2,170,0,9.877333333
14/02/2026 10:00,0,0,0,1.29,0,0.195,-1.815,5.375,80.4,1016.565,2,5.611111111,2,161.6666667,0,10.39177778
14/02/2026 11:00,0,0,0,2.34,0,1.045,-1.285,5.58,77.05,1015.93,2,6.611111111,2,151.1111111,0,12.24377778
14/02/2026 12:00,0,0.005,0,3.165,0,1.525,-1.4,5.525,71.8,1014.94,2,8.888888889,2,150,0,16.46222222
14/02/2026 13:00,0,0.01,0,3.65,0,1.765,-1.635,5.465,68.2,1013.83,2,10.66666667,2,161.1111111,0,19.75466667
14/02/2026 14:00,0,0.105,0,3.855,0,2,-1.36,5.585,68.65,1012.66,2,12.16666667,2,163.3333333,0,22.53266667
14/02/2026 15:00,0,0.355,0,3.74,0,2.175,-0.615,5.92,73.45,1011.34,2,14.38888889,2,162.2222222,0,26.64822222
14/02/2026 16:00,0,0.845,0,3.405,0,2.25,0.27,6.3,80.15,1009.825,2,16.11111111,2,165,0,29.83777778
14/02/2026 17:00,0,0.875,0,3.13,0,2.315,0.96,6.63,85.95,1008.15,2,16,2,157.7777778,0,29.632
14/02/2026 18:00,0,1,0,2.885,0,2.41,1.625,6.97,91.3,1006.79,2,16.38888889,2,151.1111111,0,30.35222222
14/02/2026 19:00,0,0.835,0,3.395,0,2.98,2.325,7.36,92.2,1005.1,2,16.22222222,2,150.5555556,0,30.04355556
14/02/2026 20:00,0,0.585,0,4.35,0,3.93,3.31,7.935,92.7,1003.595,2,16.16666667,2,160.5555556,0,29.94066667
14/02/2026 21:00,0,0.455,0,5.275,0,4.845,4.22,8.45,92.55,1002.6,2,15.44444444,2,170,0,28.60311111
14/02/2026 22:00,0,0.285,0,5.94,0,5.475,4.825,8.765,92.15,1002.12,2,14.05555556,2,178.8888889,0,26.03088889
14/02/2026 23:00,0,0.14,0,6.365,0,5.92,5.325,9.045,92.85,1001.56,2,12.44444444,2,195.5555556,0,23.04711111
15/02/2026 00:00,0,0.04,0,6.59,0,6.145,5.55,9.15,92.8,1001.285,2,10.38888889,2,190,0,19.24022222
15/02/2026 01:00,0,0.05,0,6.965,0,6.545,6.035,9.445,93.55,1000.67,2,8.666666667,2,201.1111111,0,16.05066667
15/02/2026 02:00,0,0.055,0,7.29,0,6.885,6.425,9.68,93.75,1000.19,2,7.888888889,2,204.4444444,0,14.61022222
15/02/2026 03:00,0,0.24,0,7.345,0,6.985,6.55,9.775,94.35,999.505,2,8.166666667,2,204.4444444,0,15.12466667
15/02/2026 04:00,0,0.26,0,7.39,0,7.035,6.62,9.825,94.4,998.615,2,8.333333333,2,203.3333333,0,15.43333333
15/02/2026 05:00,0,0.155,0,7.53,0,7.16,6.685,9.865,93.95,997.83,2,8.722222222,2,200.5555556,0,16.15355556
15/02/2026 06:00,0,0.245,0,7.45,0,7.055,6.6,9.795,94.15,997.015,2,8.888888889,2,199.4444444,0,16.46222222
15/02/2026 07:00,0,0.53,0,7.355,0,6.915,6.355,9.625,93.05,996.155,2,8.944444444,2,205,0,16.56511111
15/02/2026 08:00,0,0.64,0,7.24,0,6.77,6.2,9.53,92.75,995.545,2,9.277777778,2,210,0,17.18244444
15/02/2026 09:00,0,0.39,0,7.14,0,6.585,5.9,9.335,91.45,995.185,2,9.5,2,226.1111111,0,17.594
15/02/2026 10:00,0,0.065,0,7.915,0,7.12,6.21,9.535,88.7,994.795,2,10.27777778,2,237.2222222,0,19.03444444
15/02/2026 11:00,0,0.245,0,8.29,0,7.265,6.035,9.4,85.35,994.515,2,11.5,2,237.2222222,0,21.298
15/02/2026 12:00,0,0.11,0,9.075,0,7.57,5.785,9.245,79.65,994.165,2,12.27777778,2,240,0,22.73844444
15/02/2026 13:00,0,0.24,0,8.885,0,7.265,5.34,8.925,78.4,993.835,2,13.33333333,2,251.1111111,0,24.69333333
15/02/2026 14:00,0,0.3,0,8.865,0,7.125,5.02,8.75,76.45,993.49,2,13.33333333,2,252.7777778,0,24.69333333
15/02/2026 15:00,0,0.485,0,8.335,0,6.72,4.69,8.54,77.65,993.49,2,13.66666667,2,256.6666667,0,25.31066667
15/02/2026 16:00,0,0.375,0,7.89,0,6.46,4.665,8.53,79.95,993.37,2,12.83333333,2,256.6666667,0,23.76733333
15/02/2026 17:00,0,0.19,0,7.105,0,5.795,4.08,8.18,80.8,993.57,2,13,2,256.1111111,0,24.076
15/02/2026 18:00,0,0.075,0,6.29,0,5.135,3.57,7.89,82.6,993.76,2,11.33333333,2,254.4444444,0,20.98933333
15/02/2026 19:00,0,0.13,0,6.06,0,4.965,3.47,7.835,83.05,993.8,2,11.33333333,2,244.4444444,0,20.98933333
15/02/2026 20:00,0,0.32,0,5.765,0,4.705,3.25,7.72,83.75,993.715,2,12.11111111,2,246.1111111,0,22.42977778
15/02/2026 21:00,0,0.205,0,5.49,0,4.47,3.05,7.615,84.05,993.765,2,11.77777778,2,243.8888889,0,21.81244444
15/02/2026 22:00,0,0.27,0,5.2,0,4.225,2.845,7.505,84.55,993.825,2,12.27777778,2,246.6666667,0,22.73844444
15/02/2026 23:00,0,0.25,0,5.235,0,4.28,2.925,7.56,84.8,993.86,2,12.16666667,2,250.5555556,0,22.53266667
16/02/2026 00:00,0,0.5,0,4.925,0,3.98,2.6,7.385,84.75,993.94,2,13.05555556,2,249.4444444,1,24.17888889
16/02/2026 01:00,0,0.265,0,4.805,0,3.96,2.745,7.45,86.1,994.19,2,12.77777778,2,251.6666667,1,23.66444444
16/02/2026 02:00,0,0.12,0,5,0,4.04,2.64,7.395,84.55,994.36,2,13.16666667,2,253.8888889,1,24.38466667
16/02/2026 03:00,0,0.14,0,5.045,0,4.08,2.655,7.41,84.15,994.545,2,14.05555556,2,259.4444444,1,26.03088889
16/02/2026 04:00,0,0.465,0,5.205,0,4.24,2.835,7.495,84.3,994.64,2,13.33333333,2,260,1,24.69333333
16/02/2026 05:00,0,0.445,0,5.225,0,4.25,2.87,7.525,84.6,994.925,2,12.88888889,2,263.8888889,1,23.87022222
16/02/2026 06:00,0,0.48,0,5.185,0,4.295,3.005,7.58,85.55,995.435,2,13.5,2,263.3333333,1,25.002
16/02/2026 07:00,0,0.65,0,5.32,0,4.385,3.085,7.64,85.25,995.815,2,13.88888889,2,270,1,25.72222222
16/02/2026 08:00,0,0.285,0,5.495,0,4.49,3.115,7.645,84.5,996.575,2,14.16666667,2,269.4444444,1,26.23666667
16/02/2026 09:00,0,0.165,0,5.985,0,4.945,3.545,7.885,84.25,997.315,2,13.83333333,2,268.8888889,1,25.61933333
16/02/2026 10:00,0,0.145,0,6.795,0,5.715,4.265,8.295,83.65,998.11,2,14.11111111,2,273.3333333,1,26.13377778
16/02/2026 11:00,0,0.105,0,7.655,0,6.325,4.59,8.495,80.75,998.955,2,14.22222222,2,278.8888889,1,26.33955556
16/02/2026 12:00,0,0.155,0,8.02,0,6.62,4.84,8.63,79.75,999.86,2,14.83333333,2,290.5555556,1,27.47133333
16/02/2026 13:00,0,0.105,0,8.195,0,6.66,4.725,8.555,78.45,1000.85,2,14.44444444,2,297.7777778,1,26.75111111
16/02/2026 14:00,0,0.18,0,8.2,0,6.615,4.605,8.505,77.85,1001.68,2,14.16666667,2,303.3333333,1,26.23666667
16/02/2026 15:00,0,0.18,0,7.895,0,6.23,4.035,8.175,76.5,1002.595,2,13.44444444,2,281.1111111,1,24.89911111
16/02/2026 16:00,0,0.105,0,7.53,0,5.86,3.585,7.945,75.85,1003.865,2,12.88888889,2,295.5555556,1,23.87022222
16/02/2026 17:00,0,0.02,0,6.85,0,5.09,2.57,7.42,74.05,1005.25,2,11.88888889,2,299.4444444,1,22.01822222
16/02/2026 18:00,0,0.05,0,5.795,0,4.325,2.115,7.205,77,1006.93,2,10.38888889,2,297.2222222,1,19.24022222
16/02/2026 19:00,0,0.065,0,4.93,0,3.645,1.625,6.955,79,1008.42,2,9.611111111,2,276.6666667,1,17.79977778
16/02/2026 20:00,0,0.02,0,4.215,0,3.065,1.22,6.755,80.65,1009.41,2,8,2,275.5555556,1,14.816
16/02/2026 21:00,0,0.08,0,3.575,0,2.545,0.885,6.59,82.3,1010.6,2,6.833333333,2,269.4444444,1,12.65533333
16/02/2026 22:00,0,0.105,0,3.145,0,2.19,0.615,6.485,83.25,1011.6,2,6.5,2,265.5555556,1,12.038
16/02/2026 23:00,0,0.035,0,2.645,0,1.745,0.225,6.31,84.05,1012.575,2,5.888888889,2,271.1111111,1,10.90622222
17/02/2026 00:00,0,0.01,0,2.185,0,1.38,0,6.215,85.3,1013.325,2,5.5,2,258.3333333,1,10.186
17/02/2026 01:00,0,0,0,1.83,0,1.07,-0.26,6.1,86.15,1013.9,2,4.555555556,2,222.2222222,1,8.436888889
17/02/2026 02:00,0,0.03,0,1.165,0,0.55,-0.525,5.975,88.4,1014.46,2,4.166666667,2,165.5555556,1,7.716666667
17/02/2026 03:00,0,0.015,0,0.68,0,0.135,-0.855,5.825,89.4,1014.74,2,4,2,205.5555556,1,7.408
17/02/2026 04:00,0,0.025,0,0.455,0,-0.095,-1.1,5.72,89.35,1015.085,2,3.722222222,2,170.5555556,1,6.893555556
17/02/2026 05:00,0,0.055,0,0.01,0,-0.47,-1.38,5.6,90.45,1015.215,2,3.555555556,2,138.3333333,1,6.584888889
17/02/2026 06:00,0,0.01,0,0.125,0,-0.38,-1.295,5.635,90.2,1015.435,2,4.388888889,2,119.4444444,1,8.128222222
17/02/2026 07:00,0,0.01,0,0.3,0,-0.285,-1.345,5.62,89.1,1015.545,2,4.888888889,2,123.3333333,1,9.054222222
17/02/2026 08:00,0,0,0,0.5,0,-0.125,-1.25,5.665,88.35,1015.6,2,5.444444444,2,125,1,10.08311111
17/02/2026 09:00,0,0,0,1.055,0,0.365,-0.87,5.79,87.3,1015.54,2,6.444444444,2,125,1,11.93511111
17/02/2026 10:00,0,0.025,0,1.825,0,1.03,-0.335,6.005,85.95,1015.37,2,7.222222222,2,109.4444444,1,13.37555556
17/02/2026 11:00,0,0.045,0,2.84,0,1.92,0.365,6.325,84.15,1014.985,2,8.166666667,2,93.88888889,1,15.12466667
17/02/2026 12:00,0,0.045,0,3.85,0,2.67,0.705,6.485,80,1014.485,2,9.388888889,2,100.5555556,1,17.38822222
17/02/2026 13:00,0,0.11,0,4.56,0,3.05,0.545,6.415,75.25,1013.565,2,10.33333333,2,113.3333333,1,19.13733333
17/02/2026 14:00,0,0.085,0,4.975,0,3.36,0.71,6.515,73.65,1012.445,2,11.61111111,2,112.7777778,1,21.50377778
17/02/2026 15:00,0,0.075,0,5.105,0,3.525,0.91,6.61,74.25,1011.24,2,12.38888889,2,113.8888889,1,22.94422222
17/02/2026 16:00,0,0.06,0,5.075,0,3.52,0.995,6.645,74.85,1010.35,2,12.83333333,2,114.4444444,1,23.76733333
17/02/2026 17:00,0,0.045,0,4.95,0,3.48,1.08,6.71,75.85,1009.375,2,12.83333333,2,111.6666667,1,23.76733333
17/02/2026 18:00,0,0.15,0,4.875,0,3.455,1.14,6.735,76.75,1008.415,2,13.83333333,2,111.6666667,1,25.61933333
17/02/2026 19:00,0,0.115,0,4.95,0,3.585,1.385,6.855,77.45,1007.58,2,14.94444444,2,115,1,27.67711111
17/02/2026 20:00,0,0.185,0,4.945,0,3.615,1.465,6.89,78.1,1006.53,2,15.44444444,2,113.8888889,1,28.60311111
17/02/2026 21:00,0,0.19,0,5.06,0,3.7,1.58,6.93,78.15,1005.585,2,16.22222222,2,113.8888889,1,30.04355556
17/02/2026 22:00,0,0.175,0,5.205,0,3.915,1.895,7.125,79.2,1004.595,2,16.27777778,2,115,1,30.14644444
17/02/2026 23:00,0,0.105,0,5.31,0,4.04,2.05,7.205,79.3,1003.29,2,16.83333333,2,119.4444444,1,31.17533333
18/02/2026 00:00,0,0.11,0,5.405,0,4.18,2.245,7.345,80.15,1002.155,2,17.72222222,2,121.6666667,1,32.82155556
18/02/2026 01:00,0,0.105,0,5.415,0,4.25,2.405,7.445,81,1001.17,2,17.38888889,2,125,1,32.20422222
18/02/2026 02:00,0,0.095,0,5.315,0,4.285,2.65,7.58,83,1000.145,2,17.05555556,2,127.2222222,1,31.58688889
18/02/2026 03:00,0,0.11,0,5.37,0,4.405,2.885,7.7,83.75,998.835,2,17.33333333,2,129.4444444,1,32.10133333
18/02/2026 04:00,0,0.105,0,5.38,0,4.535,3.255,7.88,86.15,997.405,2,17.55555556,2,129.4444444,1,32.51288889
18/02/2026 05:00,0,0.14,0,5.465,0,4.695,3.51,8.015,86.95,996.22,2,16.27777778,2,131.1111111,1,30.14644444
18/02/2026 06:00,0,0.135,0,5.51,0,4.88,3.965,8.26,89.55,995.275,2,16.11111111,2,131.6666667,1,29.83777778
18/02/2026 07:00,0,0.19,0,5.77,0,5.205,4.36,8.455,90.35,994.28,2,15.22222222,2,131.6666667,1,28.19155556
18/02/2026 08:00,0,0.34,0,5.945,0,5.455,4.745,8.68,91.65,993.485,2,15.38888889,2,132.7777778,1,28.50022222
18/02/2026 09:00,0,0.405,0,6.2,0,5.755,5.13,8.91,92.35,992.815,2,14.27777778,2,133.3333333,1,26.44244444
18/02/2026 10:00,0,0.415,0,6.66,0,6.195,5.61,9.185,92.65,992.395,2,13.66666667,2,135,1,25.31066667
18/02/2026 11:00,0,0.25,0,7.19,0,6.63,5.955,9.405,91.4,991.98,2,13.33333333,2,135.5555556,1,24.69333333
18/02/2026 12:00,0,0.525,0,7.43,0,6.86,6.155,9.54,91.45,991.675,2,12.94444444,2,140,1,23.97311111
18/02/2026 13:00,0,0.635,0,7.555,0,6.965,6.255,9.595,91.2,991.04,2,12.22222222,2,144.4444444,1,22.63555556
18/02/2026 14:00,0,0.655,0,7.5,0,6.91,6.19,9.545,91.05,990.67,2,11.22222222,2,145.5555556,1,20.78355556
18/02/2026 15:00,0,0.52,0,7.56,0,6.875,6.05,9.445,90,990.33,2,11,2,152.7777778,1,20.372
18/02/2026 16:00,0,0.405,0,7.355,0,6.75,6.02,9.425,91.05,990.305,2,9.833333333,2,158.3333333,1,18.21133333
18/02/2026 17:00,0,0.41,0,7.075,0,6.5,5.805,9.27,91.3,990.505,2,8.944444444,2,147.2222222,1,16.56511111
18/02/2026 18:00,0,0.19,0,6.665,0,6.19,5.55,9.1,92.35,991,2,8.444444444,2,149.4444444,1,15.63911111
18/02/2026 19:00,0,0.105,0,6.45,0,6.005,5.44,9.02,92.8,991.535,2,7.777777778,2,140.5555556,1,14.40444444
18/02/2026 20:00,0,0.095,0,6.215,0,5.775,5.195,8.875,92.85,992.005,2,7.777777778,2,142.7777778,1,14.40444444
18/02/2026 21:00,0,0.095,0,6.09,0,5.635,5.065,8.795,92.85,992.495,2,7.777777778,2,130,1,14.40444444
18/02/2026 22:00,0,0.04,0,5.895,0,5.47,4.905,8.7,92.9,992.98,2,7.388888889,2,130.5555556,1,13.68422222
18/02/2026 23:00,0,0.12,0,5.685,0,5.295,4.76,8.615,93.4,993.515,2,6.666666667,2,128.8888889,1,12.34666667
19/02/2026 00:00,0,0.18,0,5.595,0,5.185,4.625,8.555,93.2,994.225,2,6.444444444,2,141.6666667,1,11.93511111
19/02/2026 01:00,0,0.045,0,5.555,0,5.145,4.6,8.525,93.1,995.055,2,6.111111111,2,116.1111111,1,11.31777778
19/02/2026 02:00,0,0.03,0,5.445,0,5.06,4.52,8.49,93.5,995.985,2,5.277777778,2,138.3333333,1,9.774444444
19/02/2026 03:00,0,0.03,0,5.415,0,5.02,4.5,8.465,93.5,996.89,2,5.277777778,2,142.2222222,1,9.774444444
19/02/2026 04:00,0,0.025,0,5.41,0,5.015,4.49,8.445,93.5,997.785,2,5.555555556,2,144.4444444,1,10.28888889
19/02/2026 05:00,0,0.06,0,5.365,0,5.025,4.565,8.48,94.1,998.99,2,5.777777778,2,201.6666667,1,10.70044444
19/02/2026 06:00,0,0.075,0,5.355,0,5.015,4.56,8.495,94.2,1000.13,2,6.166666667,2,198.3333333,1,11.42066667
19/02/2026 07:00,0,0.33,0,5.515,0,5.12,4.595,8.52,93.55,1001.1,2,7,2,208.3333333,1,12.964
19/02/2026 08:00,0,0.16,0,5.55,0,5.09,4.505,8.46,92.75,1002.335,2,7.555555556,2,222.7777778,1,13.99288889
19/02/2026 09:00,0,0.145,0,6.135,0,5.515,4.73,8.59,90.75,1003.43,2,8.722222222,2,236.6666667,1,16.15355556
19/02/2026 10:00,0,0.27,0,6.7,0,5.915,4.9,8.705,88.45,1004.63,2,10.33333333,2,244.4444444,1,19.13733333
19/02/2026 11:00,0,0.27,0,7.41,0,6.375,5.055,8.78,84.95,1005.57,2,10.94444444,2,258.3333333,1,20.26911111
19/02/2026 12:00,0,0.12,0,7.93,0,6.625,4.98,8.735,81.65,1006.54,2,12.05555556,2,262.2222222,1,22.32688889
19/02/2026 13:00,0,0.095,0,8.365,0,6.76,4.715,8.58,78.1,1007.41,2,13.11111111,2,264.4444444,1,24.28177778
19/02/2026 14:00,0,0.1,0,8.405,0,6.73,4.555,8.515,77.3,1008.085,2,14.05555556,2,270,1,26.03088889
19/02/2026 15:00,0,0.15,0,8.4,0,6.725,4.555,8.485,76.7,1008.555,2,13.72222222,2,275.5555556,1,25.41355556
19/02/2026 16:00,0,0.1,0,8.44,0,6.38,3.625,7.945,71.55,1009.105,2,13.55555556,2,280.5555556,1,25.10488889
19/02/2026 17:00,0,0.005,0,7.91,0,5.96,3.31,7.765,72.45,1009.785,2,12.11111111,2,274.4444444,1,22.42977778
19/02/2026 18:00,0,0,0,7.01,0,5.335,2.99,7.595,75.25,1010.635,2,9.888888889,2,263.3333333,1,18.31422222
19/02/2026 19:00,0,0,0,6.29,0,4.87,2.89,7.54,78.45,1011.545,2,8.666666667,2,254.4444444,1,16.05066667
19/02/2026 20:00,0,0.015,0,5.875,0,4.7,3.03,7.6,81.45,1012.03,2,7.833333333,2,240,1,14.50733333
19/02/2026 21:00,0,0,0,5.82,0,4.675,3.14,7.655,82.65,1012.27,2,8.055555556,2,221.6666667,1,14.91888889
19/02/2026 22:00,0,0.01,0,5.765,0,4.725,3.32,7.755,83.95,1012.15,2,7.722222222,2,216.6666667,1,14.30155556
19/02/2026 23:00,0,0.005,0,6.285,0,5.17,3.65,7.96,82.95,1011.8,2,7.833333333,2,207.7777778,1,14.50733333
20/02/2026 00:00,0,0,0,6.545,0,5.465,4.03,8.175,83.6,1011.41,2,8.888888889,2,198.8888889,1,16.46222222
20/02/2026 01:00,0,0.03,0,6.97,0,5.87,4.455,8.425,83.7,1010.78,2,10.61111111,2,190.5555556,1,19.65177778
20/02/2026 02:00,0,0.115,0,7.08,0,6.12,4.875,8.69,85.65,1009.755,2,12.55555556,2,184.4444444,1,23.25288889
20/02/2026 03:00,0,0.415,0,7.25,0,6.4,5.26,8.95,87,1008.46,2,13.88888889,2,182.7777778,1,25.72222222
20/02/2026 04:00,0,0.425,0,7.58,0,6.86,5.93,9.395,88.9,1007.14,2,15.16666667,2,183.8888889,1,28.08866667
20/02/2026 05:00,0,0.435,0,8.075,0,7.48,6.745,9.905,90.95,1006.295,2,16.33333333,2,192.2222222,1,30.24933333
20/02/2026 06:00,0,0.27,0,8.53,0,8.045,7.49,10.41,92.55,1005.79,2,15.44444444,2,197.7777778,1,28.60311111
20/02/2026 07:00,0,0.135,0,9.07,0,8.51,7.89,10.67,92,1005.43,2,14.27777778,2,203.8888889,1,26.44244444
20/02/2026 08:00,0,0.14,0,9.44,0,8.79,8.09,10.81,90.95,1005.38,2,13.94444444,2,209.4444444,1,25.82511111
20/02/2026 09:00,0,0.455,0,9.615,0,8.84,7.98,10.74,89.4,1005.42,2,13.11111111,2,213.3333333,1,24.28177778
20/02/2026 10:00,0,0.51,0,9.555,0,8.57,7.48,10.41,86.9,1005.29,2,13.88888889,2,220.5555556,1,25.72222222
20/02/2026 11:00,0,0.88,0,9.53,0,8.385,7.115,10.14,84.9,1005.47,2,14.44444444,2,230,1,26.75111111
20/02/2026 12:00,0,0.74,0,9.58,0,8.245,6.715,9.865,82.35,1006.32,2,15.16666667,2,238.8888889,1,28.08866667
20/02/2026 13:00,0,0.255,0,10.215,0,8.655,6.93,9.985,79.75,1007.105,2,15.77777778,2,252.2222222,1,29.22044444
20/02/2026 14:00,0,0.04,0,10.635,0,8.77,6.66,9.8,76.3,1008.005,2,16.55555556,2,253.8888889,1,30.66088889
20/02/2026 15:00,0,0.03,0,10.86,0,8.87,6.61,9.78,75.05,1008.85,2,16.05555556,2,254.4444444,1,29.73488889
20/02/2026 16:00,0,0.025,0,10.46,0,8.66,6.655,9.8,77.25,1009.71,2,15,2,252.2222222,1,27.78
20/02/2026 17:00,0,0.035,0,10.095,0,8.505,6.69,9.845,79.3,1010.27,2,13.77777778,2,249.4444444,1,25.51644444
20/02/2026 18:00,0,0.015,0,9.79,0,8.445,6.91,10,81.9,1011.01,2,11.94444444,2,242.7777778,1,22.12111111
20/02/2026 19:00,0,0.005,0,9.77,0,8.485,7.02,10.07,82.55,1011.55,2,11.94444444,2,240,1,22.12111111
20/02/2026 20:00,0,0.19,0,9.675,0,8.615,7.42,10.35,85.75,1011.755,2,11.33333333,2,233.8888889,1,20.98933333
20/02/2026 21:00,0,0.4,0,9.625,0,8.73,7.725,10.57,87.6,1011.93,2,11,2,233.3333333,1,20.372
20/02/2026 22:00,0,0.145,0,9.635,0,8.87,8.045,10.8,89.5,1012.105,2,11.33333333,2,228.3333333,1,20.98933333
20/02/2026 23:00,0,0.075,0,9.56,0,8.95,8.295,10.975,91.5,1012.41,2,11.66666667,2,228.8888889,1,21.60666667
21/02/2026 00:00,0,0.24,0,9.62,0,9.105,8.545,11.16,92.75,1012.67,2,11.11111111,2,232.7777778,0,20.57777778
21/02/2026 01:00,0,0.145,0,9.85,0,9.275,8.67,11.255,92.1,1012.905,2,11.61111111,2,232.7777778,0,21.50377778
21/02/2026 02:00,0,0.08,0,9.92,0,9.385,8.795,11.34,92.3,1013.01,2,11.05555556,2,228.8888889,0,20.47488889
21/02/2026 03:00,0,0.065,0,10.05,0,9.505,8.93,11.435,92.15,1013.085,2,10.72222222,2,230.5555556,0,19.85755556
21/02/2026 04:00,0,0.015,0,9.895,0,9.295,8.665,11.25,91.8,1013.11,2,10.72222222,2,223.3333333,0,19.85755556
21/02/2026 05:00,0,0.045,0,9.69,0,9.09,8.475,11.09,91.7,1013.225,2,10,2,216.6666667,0,18.52
21/02/2026 06:00,0,0.04,0,9.585,0,8.965,8.28,10.97,91.35,1013.11,2,8.777777778,2,205,0,16.25644444
21/02/2026 07:00,0,0.05,0,9.455,0,8.88,8.245,10.935,91.95,1013.085,2,8.722222222,2,206.6666667,0,16.15355556
21/02/2026 08:00,0,0.155,0,9.36,0,8.915,8.43,11.075,93.55,1013.28,2,8.611111111,2,197.7777778,0,15.94777778
21/02/2026 09:00,0,0.27,0,9.755,0,9.345,8.91,11.43,94.1,1013.04,2,8.666666667,2,197.2222222,0,16.05066667
21/02/2026 10:00,0,0.335,0,10.235,0,9.805,9.365,11.785,94,1012.735,2,9.777777778,2,191.6666667,0,18.10844444
21/02/2026 11:00,0,0.53,0,10.75,0,10.315,9.885,12.2,94.05,1012.65,2,10.94444444,2,200,0,20.26911111
21/02/2026 12:00,0,0.64,0,11.24,0,10.76,10.29,12.54,93.6,1012.545,2,11.72222222,2,203.3333333,0,21.70955556
21/02/2026 13:00,0,0.505,0,11.445,0,11.045,10.665,12.84,94.55,1012.195,2,12.66666667,2,209.4444444,0,23.45866667
21/02/2026 14:00,0,0.455,0,11.64,0,11.23,10.85,13.005,94.55,1011.785,2,13.05555556,2,215.5555556,0,24.17888889
21/02/2026 15:00,0,0.64,0,11.735,0,11.345,10.96,13.115,94.6,1011.335,2,13.05555556,2,219.4444444,0,24.17888889
21/02/2026 16:00,0,0.73,0,11.745,0,11.325,10.95,13.075,94.5,1011.205,2,12.72222222,2,219.4444444,0,23.56155556
21/02/2026 17:00,0,0.78,0,11.64,0,11.225,10.83,12.995,94.6,1011.03,2,12.61111111,2,218.3333333,0,23.35577778
21/02/2026 18:00,0,0.44,0,11.43,0,11.02,10.655,12.84,94.7,1011.015,2,12.72222222,2,216.1111111,0,23.56155556
21/02/2026 19:00,0,0.56,0,11.28,0,10.965,10.675,12.855,95.7,1011.04,2,11.94444444,2,217.7777778,0,22.12111111
21/02/2026 20:00,0,0.24,0,11.16,0,10.835,10.515,12.72,95.3,1011.08,2,11.55555556,2,221.1111111,0,21.40088889
21/02/2026 21:00,0,0.19,0,10.865,0,10.505,10.155,12.415,95.1,1011.045,2,10.88888889,2,221.6666667,0,20.16622222
21/02/2026 22:00,0,0.07,0,10.62,0,10.205,9.78,12.135,94.35,1011.14,2,10.77777778,2,217.7777778,0,19.96044444
21/02/2026 23:00,0,0.025,0,10.26,0,9.8,9.34,11.765,93.5,1011.06,2,10.22222222,2,221.1111111,0,18.93155556
22/02/2026 00:00,0,0.03,0,9.85,0,9.315,8.735,11.325,92.6,1010.985,2,9.833333333,2,220.5555556,0,18.21133333
22/02/2026 01:00,0,0.025,0,9.595,0,9.005,8.36,11.015,91.6,1011.035,2,10.44444444,2,221.1111111,0,19.34311111
22/02/2026 02:00,0,0.01,0,9.49,0,8.85,8.155,10.865,91.05,1010.695,2,11.27777778,2,221.6666667,0,20.88644444
22/02/2026 03:00,0,0.015,0,9.375,0,8.695,7.97,10.73,90.55,1010.375,2,11.22222222,2,220.5555556,0,20.78355556
22/02/2026 04:00,0,0,0,9.25,0,8.525,7.735,10.55,89.9,1010.105,2,11.72222222,2,219.4444444,0,21.70955556
22/02/2026 05:00,0,0.08,0,9.015,0,8.3,7.495,10.395,89.9,1010.13,2,11.44444444,2,217.2222222,0,21.19511111
22/02/2026 06:00,0,0.015,0,8.995,0,8.23,7.37,10.3,89.3,1010.115,2,11.61111111,2,216.6666667,0,21.50377778
22/02/2026 07:00,0,0.04,0,8.785,0,7.945,6.995,10.03,88.15,1010.195,2,11.44444444,2,220,0,21.19511111
22/02/2026 08:00,0,0.06,0,8.715,0,7.845,6.865,9.935,87.85,1010.47,2,11.11111111,2,217.7777778,0,20.57777778
22/02/2026 09:00,0,0.025,0,9.185,0,8.16,6.99,10.03,85.65,1010.775,2,11.44444444,2,222.2222222,0,21.19511111
22/02/2026 10:00,0,0.015,0,10.015,0,8.585,6.97,10.025,81,1010.74,2,12.33333333,2,223.8888889,0,22.84133333
22/02/2026 11:00,0,0.01,0,10.605,0,8.925,7.08,10.095,78.6,1010.435,2,13.72222222,2,223.8888889,0,25.41355556
22/02/2026 12:00,0,0.035,0,10.99,0,9.155,7.11,10.13,76.95,1010,2,15.33333333,2,222.2222222,0,28.39733333
22/02/2026 13:00,0,0.255,0,10.885,0,9.11,7.165,10.15,77.8,1009.605,2,16.11111111,2,225.5555556,0,29.83777778
22/02/2026 14:00,0,0.3,0,10.505,0,8.88,7.075,10.1,79.3,1009.45,2,16.5,2,227.2222222,0,30.558
22/02/2026 15:00,0,0.3,0,10.225,0,8.635,6.85,9.93,79.5,1009.085,2,16.16666667,2,231.1111111,0,29.94066667
22/02/2026 16:00,0,0.205,0,10.175,0,8.52,6.64,9.81,78.5,1008.995,2,15.5,2,236.1111111,0,28.706
22/02/2026 17:00,0,0.38,0,9.605,0,8.11,6.365,9.6,80.1,1008.99,2,15.05555556,2,233.3333333,0,27.88288889
22/02/2026 18:00,0,0.03,0,9.155,0,7.73,6.03,9.405,80.55,1009.25,2,14.5,2,231.6666667,0,26.854
22/02/2026 19:00,0,0.05,0,8.72,0,7.475,6,9.375,82.65,1009.525,2,13.5,2,230.5555556,0,25.002
22/02/2026 20:00,0,0.04,0,8.735,0,7.51,6.05,9.405,83,1009.495,2,13.44444444,2,227.2222222,0,24.89911111
22/02/2026 21:00,0,0.075,0,8.665,0,7.42,5.94,9.335,82.75,1009.28,2,13.83333333,2,227.7777778,0,25.61933333
22/02/2026 22:00,0,0.075,0,8.76,0,7.525,6.05,9.395,82.75,1009.335,2,13.83333333,2,225.5555556,0,25.61933333
22/02/2026 23:00,0,0.115,0,8.785,0,7.495,5.975,9.345,82.15,1009.23,2,14.38888889,2,227.2222222,0,26.64822222
23/02/2026 00:00,0,0.1,0,8.805,0,7.53,6.035,9.385,82.45,1009.105,2,14.61111111,2,231.1111111,1,27.05977778
23/02/2026 01:00,0,0.03,0,8.875,0,7.505,5.875,9.285,81.15,1008.99,2,14.72222222,2,231.6666667,1,27.26555556
23/02/2026 02:00,0,0.17,0,8.78,0,7.495,5.96,9.34,82.2,1008.825,2,14.88888889,2,235.5555556,1,27.57422222
23/02/2026 03:00,0,0.06,0,8.82,0,7.415,5.735,9.185,80.7,1008.865,2,14.66666667,2,239.4444444,1,27.16266667
23/02/2026 04:00,0,0.08,0,8.67,0,7.43,5.95,9.34,82.7,1008.705,2,12.83333333,2,237.2222222,1,23.76733333
23/02/2026 05:00,0,0.105,0,8.705,0,7.5,6.01,9.41,82.95,1008.81,2,13.5,2,237.2222222,1,25.002
23/02/2026 06:00,0,0.065,0,8.77,0,7.62,6.205,9.535,83.65,1009.09,2,12.72222222,2,236.6666667,1,23.56155556
23/02/2026 07:00,0,0.025,0,8.815,0,7.82,6.635,9.815,85.8,1009.25,2,11.88888889,2,228.8888889,1,22.01822222
23/02/2026 08:00,0,0.095,0,8.845,0,8.005,7.045,10.09,88.25,1009.405,2,11,2,226.6666667,1,20.372
23/02/2026 09:00,0,0.21,0,9.365,0,8.585,7.695,10.545,89.15,1009.6,2,10.16666667,2,220,1,18.82866667
23/02/2026 10:00,0,0.195,0,9.835,0,9.105,8.305,11,89.95,1009.59,2,10.66666667,2,221.6666667,1,19.75466667
23/02/2026 11:00,0,0.075,0,10.16,0,9.51,8.835,11.37,91.1,1009.555,2,10.94444444,2,216.6666667,1,20.26911111
23/02/2026 12:00,0,0.115,0,10.565,0,9.94,9.295,11.745,91.65,1009.59,2,10,2,212.7777778,1,18.52
23/02/2026 13:00,0,0.085,0,10.78,0,10.1,9.42,11.85,91.05,1009.345,2,10.11111111,2,206.6666667,1,18.72577778
23/02/2026 14:00,0,0.175,0,10.955,0,10.34,9.69,12.075,91.75,1009.11,2,9.5,2,205,1,17.594
23/02/2026 15:00,0,0.25,0,11.135,0,10.655,10.19,12.475,93.55,1008.815,2,9.666666667,2,207.2222222,1,17.90266667
23/02/2026 16:00,0,0.335,0,11.165,0,10.8,10.465,12.685,95.15,1008.57,2,10.44444444,2,202.7777778,1,19.34311111
23/02/2026 17:00,0,0.29,0,11.455,0,11.025,10.65,12.84,94.55,1008.39,2,10.77777778,2,208.3333333,1,19.96044444
23/02/2026 18:00,0,0.165,0,11.55,0,11.07,10.61,12.8,93.7,1008.655,2,10.83333333,2,205.5555556,1,20.06333333
23/02/2026 19:00,0,0.095,0,11.555,0,10.95,10.38,12.6,92.2,1008.92,2,11.38888889,2,211.1111111,1,21.09222222
23/02/2026 20:00,0,0.21,0,11.365,0,10.685,10.015,12.32,91.2,1008.975,2,10.94444444,2,210.5555556,1,20.26911111
23/02/2026 21:00,0,0.025,0,11.24,0,10.335,9.435,11.845,88.3,1008.885,2,11.55555556,2,202.7777778,1,21.40088889
23/02/2026 22:00,0,0,0,11.065,0,10.035,8.96,11.47,86.65,1008.73,2,11.88888889,2,201.6666667,1,22.01822222
23/02/2026 23:00,0,0.005,0,10.895,0,9.645,8.35,11,84.1,1008.485,2,12.33333333,2,197.2222222,1,22.84133333
24/02/2026 00:00,0,0.01,0,10.745,0,9.405,8,10.75,82.95,1008.22,2,11.94444444,2,188.3333333,1,22.12111111
24/02/2026 01:00,0,0.045,0,10.49,0,9.2,7.815,10.6,83.25,1007.75,2,13.22222222,2,189.4444444,1,24.48755556
24/02/2026 02:00,0,0.01,0,10.405,0,9.04,7.535,10.405,82.2,1007.255,2,13.16666667,2,186.1111111,1,24.38466667
24/02/2026 03:00,0,0.04,0,10.215,0,8.96,7.59,10.455,83.55,1006.73,2,12.44444444,2,185.5555556,1,23.04711111
24/02/2026 04:00,0,0.005,0,10.115,0,8.955,7.675,10.495,84.45,1006.225,2,13.11111111,2,183.3333333,1,24.28177778
24/02/2026 05:00,0,0,0,10.07,0,8.895,7.62,10.455,84.4,1005.82,2,13.66666667,2,182.2222222,1,25.31066667
24/02/2026 06:00,0,0.005,0,10.015,0,8.84,7.565,10.43,84.45,1005.625,2,14.11111111,2,178.3333333,1,26.13377778
24/02/2026 07:00,0,0.015,0,10.06,0,8.865,7.555,10.415,84.15,1005.45,2,13.05555556,2,177.2222222,1,24.17888889
24/02/2026 08:00,0,0.015,0,10.125,0,8.94,7.66,10.495,84.5,1005.3,2,13.16666667,2,175.5555556,1,24.38466667
24/02/2026 09:00,0,0.03,0,10.295,0,9.095,7.81,10.61,84.35,1005.285,2,13.72222222,2,173.8888889,1,25.41355556
24/02/2026 10:00,0,0.03,0,10.575,0,9.305,7.94,10.7,83.65,1005.085,2,14.33333333,2,174.4444444,1,26.54533333
24/02/2026 11:00,0,0.04,0,10.785,0,9.475,8.1,10.81,83.25,1004.845,2,13.72222222,2,173.3333333,1,25.41355556
24/02/2026 12:00,0,0.035,0,11.035,0,9.65,8.175,10.865,82.35,1004.73,2,14.61111111,2,173.8888889,1,27.05977778
24/02/2026 13:00,0,0.035,0,11.235,0,9.725,8.155,10.855,81.2,1004.48,2,14.55555556,2,173.8888889,1,26.95688889
24/02/2026 14:00,0,0.06,0,11.205,0,9.69,8.13,10.84,81.3,1004.055,2,15,2,172.7777778,1,27.78
24/02/2026 15:00,0,0.065,0,11.115,0,9.62,8.03,10.78,81.3,1003.79,2,13.77777778,2,171.6666667,1,25.51644444
24/02/2026 16:00,0,0.04,0,11.04,0,9.615,8.1,10.82,82.2,1003.68,2,13.33333333,2,170,1,24.69333333
24/02/2026 17:00,0,0.005,0,10.915,0,9.545,8.07,10.79,82.5,1003.625,2,12.66666667,2,167.7777778,1,23.45866667
24/02/2026 18:00,0,0.09,0,10.665,0,9.45,8.16,10.875,84.35,1003.705,2,12.66666667,2,169.4444444,1,23.45866667
24/02/2026 19:00,0,0.14,0,10.515,0,9.415,8.23,10.93,85.55,1004.02,2,12.11111111,2,163.8888889,1,22.42977778
24/02/2026 20:00,0,0.19,0,10.47,0,9.445,8.335,11,86.6,1004.035,2,12.44444444,2,165.5555556,1,23.04711111
24/02/2026 21:00,0,0.16,0,10.465,0,9.505,8.49,11.115,87.5,1004.22,2,12,2,168.8888889,1,22.224
24/02/2026 22:00,0,0.19,0,10.445,0,9.605,8.7,11.285,88.75,1004.535,2,11.88888889,2,166.1111111,1,22.01822222
24/02/2026 23:00,0,0.225,0,10.46,0,9.715,8.925,11.44,90,1004.67,2,12.27777778,2,165.5555556,1,22.73844444
25/02/2026 00:00,0,0.365,0,10.52,0,9.865,9.16,11.625,91.05,1004.83,2,11.33333333,2,165.5555556,1,20.98933333
25/02/2026 01:00,0,0.28,0,10.635,0,10.005,9.385,11.8,91.8,1004.89,2,10.72222222,2,167.2222222,1,19.85755556
25/02/2026 02:00,0,0.2,0,10.685,0,10.095,9.485,11.885,92.05,1004.805,2,10.38888889,2,170,1,19.24022222
25/02/2026 03:00,0,0.305,0,10.71,0,10.15,9.595,11.955,92.7,1004.725,2,9.944444444,2,170.5555556,1,18.41711111
25/02/2026 04:00,0,0.335,0,10.635,0,10.195,9.735,12.07,93.85,1004.79,2,9.611111111,2,174.4444444,1,17.79977778
25/02/2026 05:00,0,0.515,0,10.66,0,10.26,9.87,12.18,94.6,1005.095,2,8.444444444,2,170.5555556,1,15.63911111
25/02/2026 06:00,0,0.385,0,10.64,0,10.27,9.905,12.21,94.95,1005.39,2,8.166666667,2,177.7777778,1,15.12466667
25/02/2026 07:00,0,0.21,0,10.6,0,10.28,9.94,12.23,95.4,1005.82,2,7.722222222,2,181.6666667,1,14.30155556
25/02/2026 08:00,0,0.09,0,10.57,0,10.26,9.945,12.235,95.55,1006.38,2,7.611111111,2,188.8888889,1,14.09577778
25/02/2026 09:00,0,0.075,0,10.785,0,10.45,10.115,12.38,95.3,1006.905,2,7.277777778,2,196.6666667,1,13.47844444
25/02/2026 10:00,0,0.08,0,11.105,0,10.73,10.34,12.57,94.7,1007.41,2,7.333333333,2,200,1,13.58133333
25/02/2026 11:00,0,0.11,0,11.48,0,11.03,10.6,12.79,94.15,1007.84,2,7.333333333,2,206.6666667,1,13.58133333
25/02/2026 12:00,0,0.22,0,11.8,0,11.225,10.7,12.87,92.8,1008.03,2,7.111111111,2,209.4444444,1,13.16977778
25/02/2026 13:00,0,0.125,0,11.97,0,11.3,10.685,12.85,91.6,1008,2,7.555555556,2,216.1111111,1,13.99288889
25/02/2026 14:00,0,0.06,0,11.98,0,11.31,10.69,12.87,91.7,1007.895,2,7.555555556,2,222.7777778,1,13.99288889
25/02/2026 15:00,0,0.15,0,11.94,0,11.225,10.555,12.75,90.95,1007.925,2,8.166666667,2,221.6666667,1,15.12466667
25/02/2026 16:00,0,0.105,0,11.885,0,11.165,10.49,12.695,91.05,1008.03,2,7.777777778,2,216.1111111,1,14.40444444
25/02/2026 17:00,0,0.215,0,11.45,0,10.74,10.075,12.34,91.05,1008.345,2,8.055555556,2,219.4444444,1,14.91888889
25/02/2026 18:00,0,0.025,0,10.86,0,10.2,9.555,11.935,91.65,1008.745,2,7.444444444,2,216.6666667,1,13.78711111
25/02/2026 19:00,0,0.125,0,10.55,0,9.915,9.29,11.71,91.65,1009.195,2,7.333333333,2,211.1111111,1,13.58133333
25/02/2026 20:00,0,0.165,0,10.24,0,9.69,9.12,11.59,92.4,1009.305,2,8.277777778,2,209.4444444,1,15.33044444
25/02/2026 21:00,0,0.125,0,10.07,0,9.6,9.09,11.56,93.4,1009.125,2,8.444444444,2,203.3333333,1,15.63911111
25/02/2026 22:00,0,0.02,0,10.115,0,9.625,9.145,11.615,93.3,1009.125,2,9.888888889,2,203.8888889,1,18.31422222
25/02/2026 23:00,0,0.015,0,10.14,0,9.57,8.985,11.465,92.15,1008.88,2,10.72222222,2,204.4444444,1,19.85755556
26/02/2026 00:00,0,0.035,0,10.02,0,9.395,8.735,11.28,91.5,1008.935,2,11.44444444,2,205.5555556,1,21.19511111
26/02/2026 01:00,0,0.03,0,9.91,0,9.35,8.765,11.32,92.35,1008.525,2,11.61111111,2,208.3333333,1,21.50377778
26/02/2026 02:00,0,0.055,0,9.845,0,9.26,8.635,11.21,91.9,1008,2,11.16666667,2,208.3333333,1,20.68066667
26/02/2026 03:00,0,0.2,0,9.725,0,9.115,8.49,11.095,91.75,1007.175,2,11.38888889,2,206.6666667,1,21.09222222
26/02/2026 04:00,0,0.045,0,9.635,0,9.015,8.345,10.99,91.35,1006.51,2,12.05555556,2,203.3333333,1,22.32688889
26/02/2026 05:00,0,0.125,0,9.65,0,9,8.3,10.95,90.95,1006.095,2,12.55555556,2,201.6666667,1,23.25288889
26/02/2026 06:00,0,0.475,0,9.565,0,8.97,8.315,10.98,91.55,1005.53,2,12.94444444,2,202.2222222,1,23.97311111
26/02/2026 07:00,0,1.035,0,9.34,0,8.78,8.195,10.875,92.2,1004.87,2,12.94444444,2,198.3333333,1,23.97311111
26/02/2026 08:00,0,1.03,0,9.115,0,8.58,7.99,10.73,92.15,1004.085,2,14.77777778,2,197.7777778,1,27.36844444
26/02/2026 09:00,0,0.835,0,9.2,0,8.63,8.02,10.76,92,1003.405,2,14.94444444,2,202.2222222,1,27.67711111
26/02/2026 10:00,0,0.53,0,9.49,0,8.9,8.24,10.93,91.65,1002.525,2,15.44444444,2,201.6666667,1,28.60311111
26/02/2026 11:00,0,0.21,0,10.04,0,9.405,8.73,11.29,91.2,1002.1,2,15.66666667,2,201.1111111,1,29.01466667
26/02/2026 12:00,0,0.12,0,10.525,0,9.88,9.23,11.67,91.45,1002.08,2,15.33333333,2,208.8888889,1,28.39733333
26/02/2026 13:00,0,0.075,0,11.085,0,10.315,9.565,11.94,90.35,1002.13,2,14.22222222,2,218.3333333,1,26.33955556
26/02/2026 14:00,0,0.035,0,11.515,0,10.545,9.59,11.965,87.85,1002.305,2,13.05555556,2,226.6666667,1,24.17888889
26/02/2026 15:00,0,0.01,0,11.6,0,10.385,9.145,11.6,84.6,1002.75,2,12.66666667,2,228.8888889,1,23.45866667
26/02/2026 16:00,0,0.015,0,11.295,0,9.855,8.35,11.02,82,1003.315,2,12.5,2,235.5555556,1,23.15
26/02/2026 17:00,0,0,0,10.855,0,9.435,7.905,10.69,81.85,1003.895,2,11.11111111,2,235,1,20.57777778
26/02/2026 18:00,0,0,0,10.25,0,8.94,7.505,10.405,83,1004.195,2,9.944444444,2,233.3333333,1,18.41711111
26/02/2026 19:00,0,0,0,9.76,0,8.65,7.39,10.33,84.9,1004.475,2,8.777777778,2,224.4444444,1,16.25644444
26/02/2026 20:00,0,0.035,0,9.445,0,8.375,7.14,10.14,85.35,1004.805,2,8.833333333,2,222.2222222,1,16.35933333
26/02/2026 21:00,0,0.01,0,9.265,0,8.175,6.95,10.02,85.15,1005,2,8.277777778,2,220.5555556,1,15.33044444
26/02/2026 22:00,0,0.05,0,8.97,0,8.03,6.95,10.015,87,1005.205,2,7.833333333,2,212.2222222,1,14.50733333
26/02/2026 23:00,0,0.055,0,8.635,0,7.77,6.75,9.88,87.65,1005.3,2,6.611111111,2,209.4444444,1,12.24377778
27/02/2026 00:00,0,0.095,0,8.315,0,7.475,6.465,9.675,87.8,1005.245,2,6.277777778,2,211.1111111,1,11.62644444
27/02/2026 01:00,0,0.055,0,7.89,0,7.1,6.135,9.48,88.4,1005.395,2,5.888888889,2,226.6666667,1,10.90622222
27/02/2026 02:00,0,0.005,0,7.685,0,6.97,6.08,9.44,89.3,1005.515,2,5.055555556,2,213.3333333,1,9.362888889
27/02/2026 03:00,0,0.005,0,7.485,0,6.87,6.07,9.445,90.55,1005.68,2,4.777777778,2,220,1,8.848444444
27/02/2026 04:00,0,0.05,0,7.34,0,6.695,5.88,9.3,90.1,1005.845,2,4.277777778,2,233.8888889,1,7.922444444
27/02/2026 05:00,0,0.025,0,6.93,0,6.35,5.63,9.145,91.1,1006.375,2,4.222222222,2,231.6666667,1,7.819555556
27/02/2026 06:00,0,0.09,0,6.38,0,5.865,5.2,8.875,91.8,1006.93,2,4.166666667,2,251.6666667,1,7.716666667
27/02/2026 07:00,0,0.005,0,5.945,0,5.485,4.87,8.715,92.45,1007.485,2,3.722222222,2,235,1,6.893555556
27/02/2026 08:00,0,0.01,0,6.06,0,5.585,4.945,8.74,92.15,1008.31,2,4.333333333,2,277.2222222,1,8.025333333
27/02/2026 09:00,0,0.025,0,6.795,0,6.155,5.345,8.955,90.3,1009.165,2,4.555555556,2,305.5555556,1,8.436888889
27/02/2026 10:00,0,0.025,0,7.755,0,6.78,5.575,9.105,85.9,1009.9,2,5.5,2,291.1111111,1,10.186
27/02/2026 11:00,0,0.005,0,8.76,0,7.245,5.435,9,79.3,1010.71,2,6.777777778,2,320.5555556,1,12.55244444
27/02/2026 12:00,0,0.025,0,9.17,0,7.23,4.82,8.63,73.9,1011.2,2,7.888888889,2,326.6666667,1,14.61022222
27/02/2026 13:00,0,0.04,0,9.29,0,7.085,4.3,8.31,70.55,1011.48,2,9.666666667,2,335,1,17.90266667
27/02/2026 14:00,0,0.035,0,9.235,0,6.875,3.82,8.06,68.6,1011.795,2,10.05555556,2,332.2222222,1,18.62288889
27/02/2026 15:00,0,0.025,0,8.965,0,6.615,3.53,7.885,68.6,1012.19,2,10.55555556,2,337.7777778,1,19.54888889
27/02/2026 16:00,0,0.02,0,8.685,0,6.395,3.39,7.79,69.15,1012.81,2,9.666666667,2,340.5555556,1,17.90266667
27/02/2026 17:00,0,0,0,7.875,0,5.865,3.07,7.63,71.25,1013.485,2,8.222222222,2,285,1,15.22755556
27/02/2026 18:00,0,0.01,0,6.85,0,5.18,2.83,7.52,75.2,1014.275,2,7.666666667,2,279.4444444,1,14.19866667
27/02/2026 19:00,0,0,0,5.835,0,4.445,2.45,7.3,78.45,1015.04,2,6.611111111,2,310.5555556,1,12.24377778
27/02/2026 20:00,0,0,0,5.09,0,3.925,2.235,7.185,81.6,1015.74,2,6.388888889,2,296.6666667,1,11.83222222
27/02/2026 21:00,0,0.01,0,4.56,0,3.53,1.98,7.065,83.3,1016.23,2,5.611111111,2,258.3333333,1,10.39177778
27/02/2026 22:00,0,0,0,4.035,0,3.07,1.6,6.88,84.1,1016.705,2,4.944444444,2,312.7777778,1,9.157111111
27/02/2026 23:00,0,0.01,0,3.535,0,2.68,1.39,6.78,86.05,1016.915,2,4.888888889,2,280,1,9.054222222
28/02/2026 00:00,0,0,0,2.93,0,2.245,1.1,6.64,87.55,1016.975,2,4.666666667,2,265,0,8.642666667
28/02/2026 01:00,0,0.005,0,2.505,0,1.795,0.64,6.425,87.8,1017.04,2,4.444444444,2,260.5555556,0,8.231111111
28/02/2026 02:00,0,0,0,1.89,0,1.325,0.365,6.31,89.65,1017.03,2,3.888888889,2,241.6666667,0,7.202222222
28/02/2026 03:00,0,0.005,0,1.475,0,0.975,0.155,6.22,90.75,1016.91,2,3.611111111,2,209.4444444,0,6.687777778
28/02/2026 04:00,0,0.005,0,1.06,0,0.58,-0.215,6.06,90.95,1016.975,2,3.777777778,2,206.1111111,0,6.996444444
28/02/2026 05:00,0,0,0,1,0,0.59,-0.075,6.125,92.35,1017.045,2,3.611111111,2,204.4444444,0,6.687777778
28/02/2026 06:00,0,0,0,0.84,0,0.445,-0.26,6.03,92,1017.055,2,4.055555556,2,185.5555556,0,7.510888889
28/02/2026 07:00,0,0.015,0,0.935,0,0.485,-0.245,6.04,91.85,1016.86,2,4.333333333,2,157.2222222,0,8.025333333
28/02/2026 08:00,0,0,0,1.68,0,1.1,0.18,6.235,90.1,1016.72,2,5.166666667,2,168.8888889,0,9.568666667
28/02/2026 09:00,0,0.01,0,3.315,0,2.645,1.625,6.91,88.55,1016.46,2,6.111111111,2,158.8888889,0,11.31777778
28/02/2026 10:00,0,0.005,0,5.215,0,4.185,2.695,7.435,83.7,1015.975,2,7.055555556,2,160,0,13.06688889
28/02/2026 11:00,0,0.015,0,6.745,0,5.165,2.955,7.57,76.35,1015.64,2,9.277777778,2,168.3333333,0,17.18244444
28/02/2026 12:00,0,0.095,0,7.56,0,5.765,3.285,7.785,74.25,1015.165,2,10.88888889,2,169.4444444,0,20.16622222
28/02/2026 13:00,0,0.115,0,8.11,0,6.135,3.42,7.89,72.5,1014.32,2,12.05555556,2,177.2222222,0,22.32688889
28/02/2026 14:00,0,0.14,0,8.25,0,6.48,4.07,8.27,75.45,1013.405,2,12.55555556,2,179.4444444,0,23.25288889
28/02/2026 15:00,0,0.045,0,8.53,0,6.8,4.475,8.515,75.85,1012.75,2,12.38888889,2,185.5555556,0,22.94422222
28/02/2026 16:00,0,0.055,0,8.605,0,6.98,4.975,8.765,77.7,1012.205,2,11.16666667,2,191.1111111,0,20.68066667
28/02/2026 17:00,0,0.095,0,8.32,0,6.905,5.125,8.835,80.1,1011.745,2,10.61111111,2,192.7777778,0,19.65177778
28/02/2026 18:00,0,0.13,0,7.725,0,6.63,5.235,8.895,84.05,1011.61,2,8.833333333,2,195,0,16.35933333
28/02/2026 19:00,0,0.135,0,7.305,0,6.42,5.265,8.91,86.5,1011.335,2,7.888888889,2,195,0,14.61022222
28/02/2026 20:00,0,0.065,0,6.915,0,6.2,5.265,8.905,89,1010.995,2,7.611111111,2,185,0,14.09577778
28/02/2026 21:00,0,0.085,0,6.77,0,6.045,5.135,8.83,89.05,1010.465,2,7.555555556,2,191.1111111,0,13.99288889
28/02/2026 22:00,0,0.02,0,6.705,0,6.04,5.185,8.865,89.7,1009.845,2,7.555555556,2,180,0,13.99288889
28/02/2026 23:00,0,0,0,6.765,0,6.035,5.115,8.815,89.05,1008.975,2,8.666666667,2,178.8888889,0,16.05066667
01/03/2026 00:00,0,0.04,0,6.845,0,6.14,5.24,8.915,89.25,1008.175,2,9.444444444,2,173.8888889,0,17.49111111
01/03/2026 01:00,0,0.13,0,6.965,0,6.275,5.385,9.01,89.5,1007.27,2,10.44444444,2,169.4444444,0,19.34311111
01/03/2026 02:00,0,0.24,0,7.225,0,6.495,5.545,9.115,88.65,1006.115,2,11.33333333,2,168.8888889,0,20.98933333
01/03/2026 03:00,0,0.3,0,7.545,0,6.895,6.05,9.475,89.95,1004.705,2,12.38888889,2,169.4444444,0,22.94422222
01/03/2026 04:00,0,0.33,0,8.03,0,7.42,6.68,9.88,90.95,1003.455,2,13.61111111,2,172.7777778,0,25.20777778
01/03/2026 05:00,0,0.405,0,8.76,0,8.185,7.52,10.465,91.55,1002.61,2,14.72222222,2,178.8888889,0,27.26555556
01/03/2026 06:00,0,0.365,0,9.255,0,8.685,8.05,10.82,91.9,1001.945,2,15.72222222,2,185.5555556,0,29.11755556
01/03/2026 07:00,0,0.4,0,9.58,0,9.105,8.595,11.19,93.05,1001.43,2,15.16666667,2,187.7777778,0,28.08866667
01/03/2026 08:00,0,0.35,0,9.83,0,9.395,8.93,11.46,93.8,1001.09,2,14.88888889,2,191.6666667,0,27.57422222
01/03/2026 09:00,0,0.17,0,10.24,0,9.715,9.17,11.625,92.85,1000.995,2,15.05555556,2,191.6666667,0,27.88288889
01/03/2026 10:00,0,0.12,0,10.605,0,10.06,9.5,11.88,92.65,1000.655,2,14.77777778,2,186.6666667,0,27.36844444
01/03/2026 11:00,0,0.225,0,10.915,0,10.3,9.685,12.04,91.9,1000.14,2,14.77777778,2,185.5555556,0,27.36844444
01/03/2026 12:00,0,0.34,0,11.14,0,10.465,9.79,12.12,91.25,999.545,2,15.38888889,2,182.2222222,0,28.50022222
01/03/2026 13:00,0,0.545,0,11.305,0,10.565,9.835,12.14,90.55,998.575,2,15.77777778,2,176.1111111,0,29.22044444
01/03/2026 14:00,0,0.435,0,11.35,0,10.565,9.79,12.105,90,997.555,2,16.77777778,2,173.8888889,0,31.07244444
01/03/2026 15:00,0,0.485,0,11.28,0,10.535,9.795,12.115,90.35,996.4,2,17.38888889,2,171.6666667,0,32.20422222
01/03/2026 16:00,0,0.445,0,11.215,0,10.43,9.655,12.01,89.85,995.36,2,17.94444444,2,170,0,33.23311111
01/03/2026 17:00,0,0.62,0,11.125,0,10.315,9.525,11.895,89.65,994.555,2,18.55555556,2,168.3333333,0,34.36488889
01/03/2026 18:00,0,0.84,0,10.89,0,10.125,9.36,11.77,90.05,994.08,2,19.27777778,2,169.4444444,0,35.70244444
01/03/2026 19:00,0,0.655,0,10.47,0,9.745,9.025,11.51,90.4,994.215,2,18.94444444,2,177.2222222,0,35.08511111
01/03/2026 20:00,0,0.565,0,10.19,0,9.47,8.72,11.305,90.4,994.615,2,17.5,2,196.1111111,0,32.41
01/03/2026 21:00,0,0.56,0,9.655,0,9.035,8.36,11.045,91.35,995.38,2,16.11111111,2,208.3333333,0,29.83777778
01/03/2026 22:00,0,0.605,0,9.02,0,8.295,7.495,10.44,90.05,996.305,2,14.27777778,2,218.3333333,0,26.44244444
01/03/2026 23:00,0,0.505,0,8.26,0,7.6,6.83,9.95,90.5,997.315,2,11.94444444,2,224.4444444,0,22.12111111
02/03/2026 00:00,0,0.36,0,7.64,0,6.995,6.195,9.53,90.25,998.355,2,10.38888889,2,221.6666667,1,19.24022222
02/03/2026 01:00,0,0.295,0,7.12,0,6.445,5.575,9.125,89.75,999.3,2,8.111111111,2,219.4444444,1,15.02177778
02/03/2026 02:00,0,0.11,0,6.845,0,6.12,5.16,8.87,88.95,1000.03,2,8.222222222,2,214.4444444,1,15.22755556
02/03/2026 03:00,0,0.03,0,6.46,0,5.675,4.67,8.575,88.35,1000.465,2,7.833333333,2,200.5555556,1,14.50733333
02/03/2026 04:00,0,0.03,0,6.3,0,5.535,4.505,8.47,88.25,1000.88,2,8.055555556,2,195.5555556,1,14.91888889
02/03/2026 05:00,0,0.025,0,6.105,0,5.295,4.21,8.285,87.6,1001.51,2,8.277777778,2,193.8888889,1,15.33044444
02/03/2026 06:00,0,0.01,0,5.995,0,5.105,3.925,8.105,86.6,1002.16,2,8.555555556,2,195.5555556,1,15.84488889
02/03/2026 07:00,0,0.005,0,5.845,0,4.965,3.755,8,86.45,1002.905,2,9.222222222,2,196.6666667,1,17.07955556
02/03/2026 08:00,0,0.005,0,6.19,0,5.195,3.855,8.07,84.9,1003.795,2,9.444444444,2,195.5555556,1,17.49111111
02/03/2026 09:00,0,0.01,0,6.995,0,5.74,4.085,8.21,81.65,1004.71,2,10.61111111,2,196.6666667,1,19.65177778
02/03/2026 10:00,0,0.01,0,7.935,0,6.51,4.675,8.545,79.6,1005.515,2,11.44444444,2,199.4444444,1,21.19511111
02/03/2026 11:00,0,0.04,0,9.045,0,7.06,4.56,8.475,73.25,1006.51,2,12.22222222,2,206.6666667,1,22.63555556
02/03/2026 12:00,0,0.015,0,9.56,0,7.35,4.575,8.515,71.05,1007.44,2,12.44444444,2,225,1,23.04711111
02/03/2026 13:00,0,0.045,0,10.17,0,7.83,4.97,8.73,70.1,1008.435,2,12.83333333,2,233.8888889,1,23.76733333
02/03/2026 14:00,0,0.015,0,10.51,0,8.085,5.15,8.85,69.35,1009.54,2,13.05555556,2,243.3333333,1,24.17888889
02/03/2026 15:00,0,0.08,0,10.255,0,8.065,5.445,9.03,72.05,1010.53,2,12.27777778,2,255.5555556,1,22.73844444
02/03/2026 16:00,0,0.055,0,10.015,0,7.815,5.185,8.845,71.7,1011.89,2,11.55555556,2,275,1,21.40088889
02/03/2026 17:00,0,0.03,0,9.52,0,7.51,5.075,8.79,73.45,1013.345,2,9.5,2,287.7777778,1,17.594
02/03/2026 18:00,0,0.01,0,8.32,0,6.615,4.455,8.425,76.35,1015.155,2,8.333333333,2,284.4444444,1,15.43333333
02/03/2026 19:00,0,0,0,7.285,0,5.92,4.115,8.235,80.15,1016.905,2,6.277777778,2,288.8888889,1,11.62644444
02/03/2026 20:00,0,0,0,6.405,0,5.23,3.625,7.955,82.35,1018.395,2,5.166666667,2,297.7777778,1,9.568666667
02/03/2026 21:00,0,0,0,5.86,0,4.695,3.02,7.645,82.25,1019.74,2,5.444444444,2,278.3333333,1,10.08311111
02/03/2026 22:00,0,0,0,5.15,0,4.075,2.495,7.365,83.3,1020.985,2,5.166666667,2,283.3333333,1,9.568666667
02/03/2026 23:00,0,0.005,0,4.34,0,3.465,2.175,7.2,85.95,1022.04,2,4.722222222,2,250.5555556,1,8.745555556
03/03/2026 00:00,0,0,0,3.39,0,2.705,1.66,6.915,88.25,1022.8,2,4,2,256.1111111,1,7.408
03/03/2026 01:00,0,0,0,2.51,0,1.925,0.975,6.605,89.55,1023.44,2,4,2,200.5555556,1,7.408
03/03/2026 02:00,0,0,0,2.205,0,1.6,0.655,6.46,89.45,1024.135,2,4.166666667,2,223.3333333,1,7.716666667
03/03/2026 03:00,0,0,0,1.67,0,1.12,0.265,6.265,90.45,1024.755,2,4.055555556,2,195,1,7.510888889
03/03/2026 04:00,0,0,0,1.41,0,0.875,-0.02,6.15,90.2,1025.205,2,4.333333333,2,166.1111111,1,8.025333333
03/03/2026 05:00,0,0,0,0.955,0,0.435,-0.38,6.005,90.75,1025.845,2,3.888888889,2,185,1,7.202222222
03/03/2026 06:00,0,0,0,0.695,0,0.23,-0.545,5.91,91.25,1026.3,2,3.888888889,2,190.5555556,1,7.202222222
03/03/2026 07:00,0,0.005,0,0.305,0,-0.18,-1.005,5.71,90.85,1026.725,2,4.055555556,2,190,1,7.510888889
03/03/2026 08:00,0,0,0,0.6,0,0.15,-0.595,5.885,91.7,1027.33,2,4.222222222,2,182.7777778,1,7.819555556
03/03/2026 09:00,0,0,0,2.82,0,2.185,1.245,6.71,89.4,1027.735,2,4.055555556,2,151.6666667,1,7.510888889
03/03/2026 10:00,0,0.005,0,5.715,0,4.51,2.82,7.49,81.8,1027.885,2,3.944444444,2,98.33333333,1,7.305111111
03/03/2026 11:00,0,0.005,0,8.165,0,6.05,3.255,7.74,71.15,1027.87,2,5.222222222,2,120,1,9.671555556
03/03/2026 12:00,0,0,0,9.375,0,6.39,2.28,7.26,61.05,1027.505,2,6.944444444,2,107.2222222,1,12.86111111
03/03/2026 13:00,0,0,0,9.97,0,6.62,1.95,7.115,57.5,1027.07,2,8.944444444,2,112.2222222,1,16.56511111
03/03/2026 14:00,0,0.005,0,10.07,0,6.75,2.125,7.195,57.95,1026.565,2,9.611111111,2,113.3333333,1,17.79977778
03/03/2026 15:00,0,0,0,10.145,0,6.805,2.155,7.215,57.8,1026.095,2,9.333333333,2,120,1,17.28533333
03/03/2026 16:00,0,0,0,9.99,0,6.68,2.09,7.18,58.25,1025.7,2,8.666666667,2,118.8888889,1,16.05066667
03/03/2026 17:00,0,0,0,9.24,0,6.255,2.01,7.17,61,1025.335,2,7.888888889,2,119.4444444,1,14.61022222
03/03/2026 18:00,0,0,0,7.715,0,5.425,2.085,7.18,67.4,1025.205,2,6.777777778,2,116.1111111,1,12.55244444
03/03/2026 19:00,0,0,0,6.435,0,4.675,2.075,7.175,73.35,1025.135,2,6.277777778,2,107.2222222,1,11.62644444
03/03/2026 20:00,0,0,0,5.755,0,4.32,2.175,7.24,77.7,1024.99,2,6.333333333,2,107.2222222,1,11.72933333
03/03/2026 21:00,0,0,0,5.815,0,4.5,2.555,7.455,79.3,1024.705,2,6.333333333,2,111.6666667,1,11.72933333
03/03/2026 22:00,0,0,0,5.92,0,4.785,3.105,7.76,81.9,1024.325,2,6.111111111,2,118.8888889,1,11.31777778
03/03/2026 23:00,0,0,0,6.18,0,5.075,3.54,8.02,82.85,1023.87,2,6.111111111,2,119.4444444,1,11.31777778
04/03/2026 00:00,0,0,0,6.51,0,5.455,3.965,8.27,83.7,1023.355,2,6.5,2,131.6666667,1,12.038
04/03/2026 01:00,0,0.055,0,6.685,0,5.73,4.385,8.495,84.95,1022.78,2,6.055555556,2,139.4444444,1,11.21488889
04/03/2026 02:00,0,0.065,0,6.97,0,6.095,4.88,8.795,86.4,1022.175,2,6.333333333,2,135.5555556,1,11.72933333
04/03/2026 03:00,0,0.005,0,7.345,0,6.56,5.505,9.145,87.85,1021.49,2,6.222222222,2,138.3333333,1,11.52355556
04/03/2026 04:00,0,0,0,7.54,0,6.85,5.96,9.415,89.4,1020.795,2,6.111111111,2,150,1,11.31777778
04/03/2026 05:00,0,0.005,0,7.71,0,7.115,6.385,9.685,91.1,1020.48,2,6.111111111,2,147.2222222,1,11.31777778
04/03/2026 06:00,0,0.005,0,8.035,0,7.48,6.84,9.96,91.8,1020.085,2,6.111111111,2,148.3333333,1,11.31777778
04/03/2026 07:00,0,0,0,8.255,0,7.715,7.09,10.11,91.95,1019.79,2,6.111111111,2,149.4444444,1,11.31777778
04/03/2026 08:00,0,0,0,8.62,0,8.045,7.39,10.3,91.65,1019.505,2,6.111111111,2,147.2222222,1,11.31777778
04/03/2026 09:00,0,0.005,0,9.38,0,8.67,7.905,10.67,90.1,1019.325,2,6.611111111,2,148.3333333,1,12.24377778
04/03/2026 10:00,0,0.005,0,10.08,0,9.17,8.195,10.875,87.75,1018.945,2,7.888888889,2,155,1,14.61022222
04/03/2026 11:00,0,0,0,10.81,0,9.585,8.295,10.965,84.45,1018.535,2,8.888888889,2,159.4444444,1,16.46222222
04/03/2026 12:00,0,0,0,11.1,0,9.775,8.435,11.06,83.55,1017.8,2,9.166666667,2,158.8888889,1,16.97666667
04/03/2026 13:00,0,0,0,11.45,0,9.99,8.505,11.12,82.25,1017.02,2,9.555555556,2,158.8888889,1,17.69688889
04/03/2026 14:00,0,0,0,11.47,0,10.025,8.565,11.165,82.35,1016.155,2,10.05555556,2,167.2222222,1,18.62288889
04/03/2026 15:00,0,0,0,11.385,0,9.975,8.555,11.16,82.85,1015.175,2,10.44444444,2,168.3333333,1,19.34311111
04/03/2026 16:00,0,0,0,11.225,0,9.905,8.505,11.115,83.35,1014.185,2,9.888888889,2,161.6666667,1,18.31422222
04/03/2026 17:00,0,0,0,10.87,0,9.69,8.465,11.075,85,1013.37,2,9.444444444,2,165,1,17.49111111
04/03/2026 18:00,0,0,0,10.515,0,9.435,8.31,10.975,86.1,1012.795,2,9.5,2,155,1,17.594
04/03/2026 19:00,0,0,0,10.315,0,9.32,8.25,10.915,86.75,1012.365,2,10.22222222,2,155,1,18.93155556
04/03/2026 20:00,0,0.03,0,10.24,0,9.28,8.25,10.92,87.05,1011.885,2,10.27777778,2,160.5555556,1,19.03444444
04/03/2026 21:00,0,0.125,0,10.24,0,9.27,8.24,10.925,87.2,1011.41,2,10.61111111,2,163.3333333,1,19.65177778
04/03/2026 22:00,0,0.225,0,10.095,0,9.17,8.18,10.87,87.65,1010.985,2,11.27777778,2,167.2222222,1,20.88644444
04/03/2026 23:00,0,0.29,0,9.84,0,8.975,8.025,10.745,88.25,1010.655,2,11.83333333,2,173.8888889,1,21.91533333
05/03/2026 00:00,0,0.42,0,9.465,0,8.74,7.935,10.68,89.95,1010.23,2,11.72222222,2,175,1,21.70955556
05/03/2026 01:00,0,0.345,0,9.225,0,8.495,7.7,10.525,89.8,1010.03,2,11.66666667,2,186.1111111,1,21.60666667
05/03/2026 02:00,0,0.5,0,8.875,0,8.18,7.36,10.31,89.75,1010.095,2,11.38888889,2,204.4444444,1,21.09222222
05/03/2026 03:00,0,0.44,0,8.44,0,7.755,6.995,10.05,90.35,1010.23,2,10.44444444,2,216.1111111,1,19.34311111
05/03/2026 04:00,0,0.45,0,8.01,0,7.41,6.69,9.85,91.1,1010.51,2,9.111111111,2,229.4444444,1,16.87377778
05/03/2026 05:00,0,0.45,0,7.39,0,6.81,6.075,9.46,90.95,1010.92,2,9.444444444,2,248.3333333,1,17.49111111
05/03/2026 06:00,0,0.49,0,6.91,0,6.33,5.61,9.155,91.15,1011.52,2,9.388888889,2,267.2222222,1,17.38822222
05/03/2026 07:00,0,0.485,0,6.695,0,6.04,5.195,8.915,89.85,1012.195,2,9.111111111,2,284.4444444,1,16.87377778
05/03/2026 08:00,0,0.545,0,6.33,0,5.66,4.755,8.64,89.5,1013.1,2,9.888888889,2,308.3333333,1,18.31422222
05/03/2026 09:00,0,0.565,0,6.2,0,5.42,4.35,8.385,87.7,1014.16,2,10.61111111,2,298.3333333,1,19.65177778
05/03/2026 10:00,0,0.46,0,6.285,0,5.34,4.05,8.19,85.45,1015.21,2,10.77777778,2,329.4444444,1,19.96044444
05/03/2026 11:00,0,0.495,0,6.385,0,5.185,3.5,7.88,82.1,1016.165,2,11.44444444,2,334.4444444,1,21.19511111
05/03/2026 12:00,0,0.465,0,6.6,0,5.13,3.02,7.625,78.5,1016.86,2,12.33333333,2,332.7777778,1,22.84133333
05/03/2026 13:00,0,0.495,0,6.395,0,4.815,2.51,7.355,76.85,1017.345,2,13.33333333,2,335,1,24.69333333
05/03/2026 14:00,0,0.385,0,6.36,0,4.5,1.765,6.97,72.9,1017.82,2,12.94444444,2,334.4444444,1,23.97311111
05/03/2026 15:00,0,0.41,0,6.285,0,4.4,1.615,6.885,72.4,1018.205,2,12.66666667,2,338.3333333,1,23.45866667
05/03/2026 16:00,0,0.315,0,6.03,0,4.22,1.485,6.83,73.35,1018.85,2,11.88888889,2,333.3333333,1,22.01822222
05/03/2026 17:00,0,0.175,0,6.035,0,4.04,0.99,6.585,70.9,1019.48,2,11.33333333,2,317.2222222,1,20.98933333
05/03/2026 18:00,0,0.14,0,5.645,0,3.84,1.025,6.59,72.45,1020.455,2,10.11111111,2,309.4444444,1,18.72577778
05/03/2026 19:00,0,0.045,0,5.03,0,3.325,0.59,6.41,73.3,1021.455,2,8.555555556,2,319.4444444,1,15.84488889
05/03/2026 20:00,0,0.01,0,4.4,0,2.93,0.54,6.365,76.2,1022.22,2,7.055555556,2,313.3333333,1,13.06688889
05/03/2026 21:00,0,0,0,3.735,0,2.505,0.49,6.35,79.65,1022.8,2,5.777777778,2,274.4444444,1,10.70044444
05/03/2026 22:00,0,0.01,0,3.195,0,2.105,0.32,6.27,81.55,1023.475,2,5.722222222,2,271.1111111,1,10.59755556
05/03/2026 23:00,0,0,0,2.55,0,1.61,0.035,6.145,83.5,1023.99,2,4.888888889,2,266.6666667,1,9.054222222
06/03/2026 00:00,0,0.01,0,2.06,0,1.195,-0.28,6.005,84.45,1024.63,2,4.944444444,2,242.2222222,1,9.157111111
06/03/2026 01:00,0,0.015,0,1.5,0,0.725,-0.635,5.855,85.6,1024.95,2,4.5,2,266.6666667,1,8.334
06/03/2026 02:00,0,0.015,0,1.105,0,0.435,-0.76,5.785,87.2,1025.05,2,3.611111111,2,235,1,6.687777778
06/03/2026 03:00,0,0,0,0.585,0,-0.025,-1.135,5.66,88.2,1025.16,2,3.5,2,246.1111111,1,6.482
06/03/2026 04:00,0,0,0,0.065,0,-0.44,-1.38,5.55,89.95,1025.255,2,3.222222222,2,190,1,5.967555556
06/03/2026 05:00,0,0,0,-0.195,0,-0.7,-1.59,5.465,90.2,1025.45,2,3.666666667,2,191.6666667,1,6.790666667
06/03/2026 06:00,0,0,0,-0.395,0,-0.83,-1.62,5.46,91.2,1025.705,2,4.055555556,2,181.6666667,1,7.510888889
06/03/2026 07:00,0,0,0,-0.32,0,-0.755,-1.56,5.495,91.1,1026.095,2,3.944444444,2,175.5555556,1,7.305111111
06/03/2026 08:00,0,0,0,0.46,0,-0.02,-0.85,5.775,90.85,1026.375,2,4,2,178.3333333,1,7.408
06/03/2026 09:00,0,0.005,0,2.745,0,1.96,0.675,6.46,86,1026.53,2,4.166666667,2,181.6666667,1,7.716666667
06/03/2026 10:00,0,0.005,0,5.47,0,4.115,2.13,7.155,78.75,1026.445,2,4.5,2,176.6666667,1,8.334
06/03/2026 11:00,0,0,0,7.425,0,5.435,2.635,7.4,71.3,1026.385,2,5.833333333,2,220.5555556,1,10.80333333
06/03/2026 12:00,0,0,0,8.765,0,6.21,2.685,7.44,65.25,1026.365,2,7.388888889,2,208.8888889,1,13.68422222
06/03/2026 13:00,0,0,0,9.465,0,6.51,2.445,7.335,61.4,1025.84,2,8.444444444,2,228.8888889,1,15.63911111
06/03/2026 14:00,0,0,0,9.91,0,6.785,2.5,7.4,59.9,1024.905,2,8.666666667,2,215.5555556,1,16.05066667
06/03/2026 15:00,0,0,0,9.98,0,6.825,2.475,7.38,59.85,1024.245,2,8.722222222,2,213.8888889,1,16.15355556
06/03/2026 16:00,0,0,0,10.035,0,6.905,2.6,7.47,60.1,1024.135,2,8.555555556,2,207.2222222,1,15.84488889
06/03/2026 17:00,0,0,0,9.445,0,6.76,3.115,7.72,64.7,1024.34,2,9.055555556,2,191.6666667,1,16.77088889
06/03/2026 18:00,0,0,0,8.1,0,6.065,3.26,7.805,71.3,1024.565,2,8.555555556,2,190.5555556,1,15.84488889
06/03/2026 19:00,0,0,0,6.96,0,5.415,3.21,7.805,76.85,1024.855,2,8.166666667,2,183.8888889,1,15.12466667
06/03/2026 20:00,0,0,0,6.51,0,5.18,3.305,7.855,79.6,1024.84,2,8.277777778,2,182.7777778,1,15.33044444
06/03/2026 21:00,0,0,0,6.365,0,5.07,3.265,7.835,80.35,1024.715,2,8.888888889,2,170.5555556,1,16.46222222
06/03/2026 22:00,0,0,0,5.97,0,4.825,3.175,7.795,81.95,1024.515,2,8.277777778,2,168.3333333,1,15.33044444
06/03/2026 23:00,0,0.005,0,5.985,0,4.835,3.245,7.835,82.4,1024.41,2,8.722222222,2,166.6666667,1,16.15355556
07/03/2026 00:00,0,0,0,5.705,0,4.655,3.18,7.8,83.5,1024.15,2,8.666666667,2,168.3333333,0,16.05066667
07/03/2026 01:00,0,0.01,0,5.65,0,4.605,3.23,7.835,84.4,1023.965,2,9.111111111,2,166.1111111,0,16.87377778
07/03/2026 02:00,0,0,0,5.705,0,4.715,3.395,7.915,85,1023.75,2,9.388888889,2,174.4444444,0,17.38822222
07/03/2026 03:00,0,0.005,0,5.66,0,4.775,3.59,8.015,86.3,1023.28,2,9,2,166.1111111,0,16.668
07/03/2026 04:00,0,0.005,0,5.725,0,4.905,3.805,8.135,87.4,1022.685,2,8.833333333,2,161.1111111,0,16.35933333
07/03/2026 05:00,0,0,0,5.71,0,4.95,3.97,8.22,88.4,1022.39,2,9.722222222,2,160.5555556,0,18.00555556
07/03/2026 06:00,0,0,0,5.685,0,4.925,3.95,8.215,88.45,1022.27,2,9.611111111,2,160,0,17.79977778
07/03/2026 07:00,0,0,0,5.97,0,5.275,4.36,8.425,89.1,1022.275,2,9.388888889,2,153.3333333,0,17.38822222
07/03/2026 08:00,0,0,0,6.63,0,5.825,4.82,8.68,88,1022.395,2,9.444444444,2,162.2222222,0,17.49111111
07/03/2026 09:00,0,0.015,0,8.055,0,6.9,5.515,9.09,83.85,1022.355,2,9.888888889,2,160,0,18.31422222
07/03/2026 10:00,0,0.005,0,9.37,0,7.785,5.905,9.34,78.85,1022.42,2,11.11111111,2,165,0,20.57777778
07/03/2026 11:00,0,0,0,10.35,0,8.415,6.16,9.49,75,1022.425,2,12.16666667,2,168.8888889,0,22.53266667
07/03/2026 12:00,0,0,0,10.81,0,8.6,6.04,9.415,72.25,1022.28,2,13.05555556,2,173.8888889,0,24.17888889
07/03/2026 13:00,0,0.005,0,10.935,0,8.645,5.985,9.365,71.3,1022.005,2,13.55555556,2,175,0,25.10488889
07/03/2026 14:00,0,0,0,10.99,0,8.67,5.985,9.385,70.95,1021.555,2,13.5,2,173.8888889,0,25.002
07/03/2026 15:00,0,0,0,10.98,0,8.66,5.965,9.375,71.05,1021.185,2,13.27777778,2,174.4444444,0,24.59044444
07/03/2026 16:00,0,0,0,10.74,0,8.535,5.95,9.355,72.1,1020.935,2,12.5,2,173.3333333,0,23.15
07/03/2026 17:00,0,0,0,10.275,0,8.225,5.805,9.27,73.6,1020.795,2,12.27777778,2,173.3333333,0,22.73844444
07/03/2026 18:00,0,0,0,9.65,0,7.905,5.785,9.26,76.8,1020.965,2,10.88888889,2,171.6666667,0,20.16622222
07/03/2026 19:00,0,0,0,9.06,0,7.535,5.665,9.195,79,1021.235,2,10.27777778,2,167.2222222,0,19.03444444
07/03/2026 20:00,0,0.005,0,8.63,0,7.265,5.585,9.135,80.75,1021.335,2,10.22222222,2,167.7777778,0,18.93155556
07/03/2026 21:00,0,0,0,8.335,0,7.1,5.61,9.165,82.7,1021.39,2,10.11111111,2,168.3333333,0,18.72577778
07/03/2026 22:00,0,0.005,0,8.06,0,6.92,5.52,9.11,83.55,1021.395,2,9.777777778,2,166.1111111,0,18.10844444
07/03/2026 23:00,0,0.005,0,7.86,0,6.82,5.545,9.135,84.85,1021.17,2,10.16666667,2,160.5555556,0,18.82866667
08/03/2026 00:00,0,0.01,0,7.895,0,6.865,5.59,9.165,85,1021,2,10.16666667,2,160,0,18.82866667
08/03/2026 01:00,0,0.01,0,7.865,0,6.845,5.58,9.155,85.3,1020.77,2,9.944444444,2,156.6666667,0,18.41711111
08/03/2026 02:00,0,0.025,0,7.735,0,6.77,5.55,9.14,85.9,1020.375,2,10.72222222,2,157.7777778,0,19.85755556
08/03/2026 03:00,0,0.025,0,7.525,0,6.595,5.43,9.05,86.15,1019.92,2,10.55555556,2,157.7777778,0,19.54888889
08/03/2026 04:00,0,0.035,0,7.41,0,6.45,5.24,8.955,85.8,1019.555,2,10.44444444,2,153.8888889,0,19.34311111
08/03/2026 05:00,0,0.025,0,7.265,0,6.345,5.195,8.915,86.45,1019.49,2,10.66666667,2,152.7777778,0,19.75466667
08/03/2026 06:00,0,0.045,0,7.04,0,6.145,5.015,8.825,86.75,1019.325,2,10.44444444,2,151.1111111,0,19.34311111
08/03/2026 07:00,0,0.03,0,6.695,0,5.85,4.755,8.68,87,1019.165,2,10.44444444,2,152.2222222,0,19.34311111
08/03/2026 08:00,0,0.04,0,7.04,0,6.11,4.93,8.77,86.25,1019.055,2,10.33333333,2,142.7777778,0,19.13733333
08/03/2026 09:00,0,0.075,0,7.9,0,6.68,5.135,8.885,82.4,1019.02,2,10.44444444,2,146.1111111,0,19.34311111
08/03/2026 10:00,0,0.135,0,8.73,0,7.215,5.19,8.945,78.65,1018.8,2,11.33333333,2,148.8888889,0,20.98933333
08/03/2026 11:00,0,0.24,0,9.47,0,7.65,5.36,9.035,76,1018.555,2,12.11111111,2,155.5555556,0,22.42977778
08/03/2026 12:00,0,0.1,0,10.23,0,8.095,5.455,9.1,72.8,1018.145,2,11.83333333,2,164.4444444,0,21.91533333
08/03/2026 13:00,0,0.13,0,10.345,0,8.155,5.445,9.1,72.15,1017.545,2,12.22222222,2,164.4444444,0,22.63555556
08/03/2026 14:00,0,0.075,0,10.445,0,8.31,5.76,9.265,72.85,1016.895,2,12.05555556,2,165.5555556,0,22.32688889
08/03/2026 15:00,0,0.11,0,10.31,0,8.205,5.655,9.205,73.25,1016.35,2,12.33333333,2,167.2222222,0,22.84133333
08/03/2026 16:00,0,0.135,0,10.295,0,8.245,5.75,9.27,74,1016.035,2,12.05555556,2,166.6666667,0,22.32688889
08/03/2026 17:00,0,0.24,0,9.895,0,8.045,5.8,9.275,76.05,1015.775,2,11.27777778,2,165.5555556,0,20.88644444
08/03/2026 18:00,0,0.215,0,9.215,0,7.725,5.865,9.34,79.75,1015.73,2,10.16666667,2,166.1111111,0,18.82866667
08/03/2026 19:00,0,0.25,0,8.735,0,7.39,5.705,9.21,81.2,1015.84,2,8.833333333,2,164.4444444,0,16.35933333
08/03/2026 20:00,0,0.215,0,8.495,0,7.165,5.52,9.1,81.6,1015.765,2,7.666666667,2,155,0,14.19866667
08/03/2026 21:00,0,0.055,0,8.28,0,7.1,5.615,9.175,83.35,1015.745,2,7.111111111,2,152.7777778,0,13.16977778
08/03/2026 22:00,0,0.19,0,8.135,0,7.115,5.835,9.305,85.35,1015.875,2,6.944444444,2,155,0,12.86111111
08/03/2026 23:00,0,0.18,0,7.95,0,7.03,5.875,9.31,86.55,1015.78,2,6.333333333,2,150,0,11.72933333
09/03/2026 00:00,0,0.125,0,7.745,0,6.99,6.015,9.39,88.7,1015.7,2,6.055555556,2,148.3333333,1,11.21488889
09/03/2026 01:00,0,0.075,0,7.585,0,6.905,6.06,9.445,89.95,1015.565,2,6,2,150,1,11.112
09/03/2026 02:00,0,0.1,0,7.395,0,6.82,6.085,9.44,91.15,1015.28,2,5.055555556,2,157.2222222,1,9.362888889
09/03/2026 03:00,0,0.13,0,7.27,0,6.715,6.025,9.39,91.6,1014.905,2,4.777777778,2,171.6666667,1,8.848444444
09/03/2026 04:00,0,0.11,0,6.995,0,6.46,5.78,9.245,91.95,1014.675,2,5.055555556,2,200.5555556,1,9.362888889
09/03/2026 05:00,0,0.115,0,6.77,0,6.28,5.675,9.155,92.45,1014.795,2,4.333333333,2,202.2222222,1,8.025333333
09/03/2026 06:00,0,0.035,0,6.88,0,6.405,5.81,9.25,92.6,1015,2,4.777777778,2,222.2222222,1,8.848444444
09/03/2026 07:00,0,0.065,0,6.86,0,6.375,5.785,9.22,92.65,1015.265,2,4.722222222,2,216.1111111,1,8.745555556
09/03/2026 08:00,0,0.105,0,6.915,0,6.43,5.815,9.245,92.5,1015.425,2,4.888888889,2,217.7777778,1,9.054222222
09/03/2026 09:00,0,0.06,0,7.695,0,7.055,6.275,9.535,90.6,1015.595,2,5.111111111,2,217.2222222,1,9.465777778
09/03/2026 10:00,0,0.025,0,8.64,0,7.54,6.22,9.505,84.45,1015.515,2,6.722222222,2,232.7777778,1,12.44955556
09/03/2026 11:00,0,0.015,0,9.205,0,7.705,5.89,9.32,79.75,1015.17,2,8,2,233.3333333,1,14.816
09/03/2026 12:00,0,0.01,0,9.59,0,7.765,5.545,9.1,75.9,1014.86,2,8.666666667,2,239.4444444,1,16.05066667
09/03/2026 13:00,0,0.01,0,10.23,0,7.855,4.975,8.74,69.9,1014.475,2,9.055555556,2,243.3333333,1,16.77088889
09/03/2026 14:00,0,0,0,10.36,0,7.795,4.575,8.535,67.5,1013.935,2,9.888888889,2,242.7777778,1,18.31422222
09/03/2026 15:00,0,0.01,0,10.4,0,7.595,3.995,8.195,64.75,1013.405,2,10.27777778,2,239.4444444,1,19.03444444
09/03/2026 16:00,0,0.005,0,9.87,0,7.23,3.785,8.075,66,1012.925,2,10.5,2,239.4444444,1,19.446
09/03/2026 17:00,0,0.01,0,9.135,0,6.525,3,7.64,65.45,1012.74,2,10.72222222,2,232.7777778,1,19.85755556
09/03/2026 18:00,0,0,0,8.18,0,6.025,3.065,7.66,70.1,1012.685,2,10.44444444,2,224.4444444,1,19.34311111
09/03/2026 19:00,0,0,0,7.55,0,5.635,2.9,7.575,72.35,1012.485,2,9.722222222,2,214.4444444,1,18.00555556
09/03/2026 20:00,0,0.05,0,7.18,0,5.515,3.24,7.745,75.95,1012.095,2,9.5,2,210.5555556,1,17.594
09/03/2026 21:00,0,0.12,0,7.19,0,5.6,3.385,7.845,76.75,1011.675,2,10.22222222,2,200,1,18.93155556
09/03/2026 22:00,0,0.105,0,7.11,0,5.625,3.55,7.95,78,1011.22,2,11.5,2,195,1,21.298
09/03/2026 23:00,0,0.175,0,7.085,0,5.79,3.975,8.19,80.4,1010.65,2,11.94444444,2,183.8888889,1,22.12111111
10/03/2026 00:00,0,0.28,0,7.065,0,5.93,4.395,8.43,82.8,1010.15,2,12.94444444,2,187.2222222,1,23.97311111
10/03/2026 01:00,0,0.3,0,7.06,0,6.12,4.87,8.73,85.8,1009.51,2,13,2,181.6666667,1,24.076
10/03/2026 02:00,0,0.25,0,7.23,0,6.46,5.45,9.08,88.2,1008.94,2,13,2,180,1,24.076
10/03/2026 03:00,0,0.25,0,7.44,0,6.815,6.015,9.44,90.4,1008.125,2,13.16666667,2,186.1111111,1,24.38466667
10/03/2026 04:00,0,0.21,0,7.635,0,7.125,6.51,9.735,92.15,1007.525,2,12.94444444,2,187.7777778,1,23.97311111
10/03/2026 05:00,0,0.18,0,7.87,0,7.415,6.865,9.985,93.1,1007.035,2,12.5,2,187.2222222,1,23.15
10/03/2026 06:00,0,0.125,0,8.015,0,7.6,7.06,10.1,93.35,1006.495,2,11.44444444,2,188.3333333,1,21.19511111
10/03/2026 07:00,0,0.115,0,8.26,0,7.865,7.395,10.325,93.8,1006.115,2,11.11111111,2,188.3333333,1,20.57777778
10/03/2026 08:00,0,0.08,0,8.59,0,8.2,7.755,10.57,93.95,1005.87,2,11,2,187.7777778,1,20.372
10/03/2026 09:00,0,0.09,0,9.115,0,8.63,8.105,10.835,93.1,1005.59,2,10.77777778,2,193.8888889,1,19.96044444
10/03/2026 10:00,0,0.05,0,9.8,0,9.15,8.465,11.095,91.25,1004.855,2,10.66666667,2,192.2222222,1,19.75466667
10/03/2026 11:00,0,0.035,0,10.55,0,9.665,8.75,11.305,88.6,1003.83,2,11.72222222,2,190.5555556,1,21.70955556
10/03/2026 12:00,0,0.085,0,11.01,0,9.9,8.76,11.315,85.85,1002.83,2,13.16666667,2,191.6666667,1,24.38466667
10/03/2026 13:00,0,0.105,0,11.225,0,9.975,8.685,11.265,84.45,1001.61,2,14.72222222,2,191.6666667,1,27.26555556
10/03/2026 14:00,0,0.21,0,11.1,0,9.925,8.735,11.29,85.6,1000.185,2,15.61111111,2,193.3333333,1,28.91177778
10/03/2026 15:00,0,0.255,0,10.79,0,9.905,8.995,11.49,88.5,998.65,2,16.16666667,2,192.7777778,1,29.94066667
10/03/2026 16:00,0,0.22,0,10.725,0,10.025,9.33,11.75,90.85,997.305,2,16.66666667,2,195,1,30.86666667
10/03/2026 17:00,0,0.335,0,10.605,0,10.025,9.435,11.85,92.2,996.15,2,17.83333333,2,197.2222222,1,33.02733333
10/03/2026 18:00,0,0.29,0,10.665,0,9.855,9.05,11.525,89.5,995.74,2,17.55555556,2,207.7777778,1,32.51288889
10/03/2026 19:00,0,0.45,0,10.415,0,9.325,8.135,10.875,85.55,995.945,2,17.55555556,2,217.2222222,1,32.51288889
10/03/2026 20:00,0,0.41,0,9.925,0,8.56,6.99,10.075,82.05,996.33,2,17.55555556,2,228.3333333,1,32.51288889
10/03/2026 21:00,0,0.095,0,9.395,0,7.725,5.705,9.2,77.65,996.795,2,17.88888889,2,241.6666667,1,33.13022222
10/03/2026 22:00,0,0.045,0,8.78,0,7.1,5.02,8.76,76.95,997.415,2,17.83333333,2,238.8888889,1,33.02733333
10/03/2026 23:00,0,0.095,0,8.145,0,6.5,4.385,8.37,76.85,997.87,2,18.11111111,2,241.6666667,1,33.54177778
11/03/2026 00:00,0,0.13,0,7.735,0,6.135,4.035,8.165,77.15,998.45,2,17.33333333,2,245,1,32.10133333
11/03/2026 01:00,0,0.06,0,7.335,0,5.83,3.79,8.025,77.95,999.155,2,16.94444444,2,248.8888889,1,31.38111111
11/03/2026 02:00,0,0.14,0,6.98,0,5.53,3.55,7.87,78.55,1000.14,2,16.55555556,2,254.4444444,1,30.66088889
11/03/2026 03:00,0,0.23,0,6.535,0,5.25,3.5,7.85,80.55,1000.955,2,15.22222222,2,257.7777778,1,28.19155556
11/03/2026 04:00,0,0.175,0,6.45,0,4.97,2.84,7.52,77.95,1001.885,2,15.16666667,2,261.1111111,1,28.08866667
11/03/2026 05:00,0,0.14,0,6.335,0,4.97,3.05,7.62,79.25,1002.965,2,15.61111111,2,258.3333333,1,28.91177778
11/03/2026 06:00,0,0.05,0,6.13,0,4.65,2.525,7.325,77.4,1003.935,2,15.22222222,2,260,1,28.19155556
11/03/2026 07:00,0,0.035,0,5.975,0,4.51,2.365,7.25,77.35,1005.14,2,14.11111111,2,261.1111111,1,26.13377778
11/03/2026 08:00,0,0.02,0,6.325,0,4.83,2.675,7.415,77.15,1006.35,2,13.88888889,2,260,1,25.72222222
11/03/2026 09:00,0,0.025,0,7.445,0,5.58,3.02,7.6,73.05,1007.25,2,14.27777778,2,260,1,26.44244444
11/03/2026 10:00,0,0.005,0,8.365,0,6.235,3.385,7.795,70.5,1008.385,2,15.05555556,2,261.1111111,1,27.88288889
11/03/2026 11:00,0,0.03,0,9.1,0,6.725,3.655,7.94,68.4,1009.1,2,15.61111111,2,259.4444444,1,28.91177778
11/03/2026 12:00,0,0.045,0,9.605,0,6.88,3.255,7.745,64.6,1009.48,2,16.11111111,2,258.8888889,1,29.83777778
11/03/2026 13:00,0,0.02,0,9.95,0,7.23,3.68,7.98,64.95,1009.685,2,15.5,2,252.2222222,1,28.706
11/03/2026 14:00,0,0.02,0,9.69,0,7.11,3.805,8.03,66.45,1009.685,2,16.22222222,2,246.1111111,1,30.04355556
11/03/2026 15:00,0,0.015,0,9.625,0,7.14,3.915,8.1,67.55,1009.71,2,16.22222222,2,243.8888889,1,30.04355556
11/03/2026 16:00,0,0,0,9.31,0,6.985,3.97,8.14,69.15,1009.66,2,16.38888889,2,237.2222222,1,30.35222222
11/03/2026 17:00,0,0.04,0,9.05,0,6.945,4.22,8.285,71.55,1009.41,2,15.88888889,2,232.7777778,1,29.42622222
11/03/2026 18:00,0,0.025,0,8.66,0,6.83,4.495,8.44,74.95,1009.28,2,16.38888889,2,225.5555556,1,30.35222222
11/03/2026 19:00,0,0.005,0,8.74,0,6.96,4.71,8.555,75.4,1009.095,2,15.44444444,2,217.7777778,1,28.60311111
11/03/2026 20:00,0,0.015,0,8.855,0,7.11,4.92,8.71,76,1008.675,2,16.88888889,2,215,1,31.27822222
11/03/2026 21:00,0,0.015,0,8.895,0,7.22,5.135,8.825,77.05,1008.03,2,16.66666667,2,213.3333333,1,30.86666667
11/03/2026 22:00,0,0.065,0,8.955,0,7.34,5.36,8.975,77.95,1006.845,2,18.11111111,2,210.5555556,1,33.54177778
11/03/2026 23:00,0,0.02,0,9.165,0,7.49,5.45,9.015,77.15,1005.705,2,18.05555556,2,208.3333333,1,33.43888889
12/03/2026 00:00,0,0.01,0,9.35,0,7.675,5.675,9.17,77.6,1004.42,2,18.88888889,2,208.3333333,1,34.98222222
12/03/2026 01:00,0,0.015,0,9.465,0,7.79,5.81,9.245,77.7,1002.855,2,19.88888889,2,207.2222222,1,36.83422222
12/03/2026 02:00,0,0.07,0,9.66,0,8.055,6.145,9.49,78.65,1001.415,2,20.88888889,2,205,1,38.68622222
12/03/2026 03:00,0,0.065,0,9.645,0,8.265,6.635,9.83,81.35,999.79,2,20.77777778,2,202.2222222,1,38.48044444
12/03/2026 04:00,0,0.06,0,9.9,0,8.535,6.97,10.055,81.95,998.08,2,21.11111111,2,202.2222222,1,39.09777778
12/03/2026 05:00,0,0.235,0,9.96,0,8.88,7.68,10.555,85.7,996.545,2,20.5,2,204.4444444,1,37.966
12/03/2026 06:00,0,0.52,0,10.15,0,9.19,8.145,10.885,87,995.285,2,21.77777778,2,205.5555556,1,40.33244444
12/03/2026 07:00,0,1.055,0,10.155,0,9.24,8.245,10.95,87.75,994.375,2,21.83333333,2,211.1111111,1,40.43533333
12/03/2026 08:00,0,1.775,0,9.8,0,8.82,7.715,10.615,86.8,993.705,2,21.38888889,2,221.1111111,1,39.61222222
12/03/2026 09:00,0,1.825,0,9.45,0,8.61,7.665,10.58,88.4,993.315,2,20.33333333,2,231.1111111,1,37.65733333
12/03/2026 10:00,0,1.615,0,8.765,0,8.055,7.25,10.295,89.9,993.115,2,18.77777778,2,231.1111111,1,34.77644444
12/03/2026 11:00,0,1.13,0,8.535,0,7.755,6.805,10.025,88.6,992.67,2,18.22222222,2,233.3333333,1,33.74755556
12/03/2026 12:00,0,1.055,0,8.485,0,7.52,6.31,9.73,86.3,992.515,2,19,2,233.3333333,1,35.188
12/03/2026 13:00,0,0.635,0,8.505,0,7.2,5.53,9.23,81.75,992.305,2,19,2,238.3333333,1,35.188
12/03/2026 14:00,0,0.3,0,8.205,0,6.835,5.055,8.895,80.65,992.05,2,17.83333333,2,241.6666667,1,33.02733333
12/03/2026 15:00,0,0.315,0,7.795,0,6.405,4.585,8.6,80.25,991.765,2,17.05555556,2,233.3333333,1,31.58688889
12/03/2026 16:00,0,0.46,0,7.275,0,5.97,4.215,8.33,80.75,991.675,2,17.05555556,2,232.2222222,1,31.58688889
12/03/2026 17:00,0,0.275,0,6.6,0,5.325,3.565,7.955,80.85,991.655,2,18.16666667,2,236.6666667,1,33.64466667
12/03/2026 18:00,0,0.15,0,6.065,0,4.705,2.73,7.475,79.15,991.52,2,17.22222222,2,238.3333333,1,31.89555556
12/03/2026 19:00,0,0.355,0,5.21,0,4.065,2.375,7.29,81.8,991.54,2,16.27777778,2,240,1,30.14644444
12/03/2026 20:00,0,0.23,0,4.835,0,3.535,1.505,6.85,79.05,991.63,2,16.5,2,239.4444444,1,30.558
12/03/2026 21:00,0,0.24,0,4.195,0,2.88,0.745,6.47,78.35,991.76,2,17.44444444,2,241.1111111,1,32.30711111
12/03/2026 22:00,0,0.145,0,3.87,0,2.535,0.335,6.29,77.6,991.795,2,16.66666667,2,242.2222222,1,30.86666667
12/03/2026 23:00,0,0.09,0,3.58,0,2.25,0,6.125,77.25,991.925,2,17.05555556,2,240.5555556,1,31.58688889
13/03/2026 00:00,0,0.065,0,3.3,0,1.875,-0.56,5.875,75.8,991.77,2,17.72222222,2,236.6666667,1,32.82155556
13/03/2026 01:00,0,0.12,0,3.185,0,1.88,-0.35,5.975,77.4,991.525,2,17.61111111,2,233.8888889,1,32.61577778
13/03/2026 02:00,0,0.215,0,3.19,0,2.14,0.36,6.295,81.45,991.38,2,17.94444444,2,228.8888889,1,33.23311111
13/03/2026 03:00,0,0.365,0,3.465,0,2.445,0.775,6.485,82.45,991.02,2,18.77777778,2,236.1111111,1,34.77644444
13/03/2026 04:00,0,0.335,0,3.67,0,2.77,1.305,6.75,84.5,991.24,2,18.11111111,2,239.4444444,1,33.54177778
13/03/2026 05:00,0,0.41,0,4.03,0,3.095,1.665,6.91,84.45,991.65,2,17.55555556,2,243.3333333,1,32.51288889
13/03/2026 06:00,0,0.35,0,4.14,0,3.205,1.72,6.945,84.1,992.22,2,17.61111111,2,251.1111111,1,32.61577778
13/03/2026 07:00,0,0.605,0,4.005,0,3.08,1.625,6.885,84.25,993.055,2,16.16666667,2,249.4444444,1,29.94066667
13/03/2026 08:00,0,0.34,0,4.005,0,3.125,1.725,6.93,84.9,993.845,2,15.38888889,2,251.1111111,1,28.50022222
13/03/2026 09:00,0,0.545,0,4.365,0,3.405,1.92,7.025,83.9,994.635,2,14,2,250.5555556,1,25.928
13/03/2026 10:00,0,0.575,0,4.745,0,3.675,2.065,7.1,82.85,995.195,2,14.44444444,2,253.8888889,1,26.75111111
13/03/2026 11:00,0,0.23,0,5.37,0,4.145,2.33,7.245,81.1,995.62,2,14.38888889,2,256.6666667,1,26.64822222
13/03/2026 12:00,0,0.305,0,6.02,0,4.63,2.595,7.39,78.9,995.94,2,14.27777778,2,256.1111111,1,26.44244444
13/03/2026 13:00,0,0.12,0,6.43,0,4.87,2.58,7.41,76.85,996.21,2,13.11111111,2,261.1111111,1,24.28177778
13/03/2026 14:00,0,0.175,0,6.52,0,4.99,2.83,7.505,77.3,996.525,2,12.55555556,2,260.5555556,1,23.25288889
13/03/2026 15:00,0,0.22,0,6.585,0,4.94,2.62,7.4,76,996.86,2,11.88888889,2,272.2222222,1,22.01822222
13/03/2026 16:00,0,0.135,0,6.865,0,5.27,3.035,7.605,76.4,997.36,2,11.55555556,2,277.2222222,1,21.40088889
13/03/2026 17:00,0,0.11,0,6.38,0,4.93,2.89,7.525,78.1,998.09,2,11,2,282.7777778,1,20.372
13/03/2026 18:00,0,0.15,0,5.95,0,4.665,2.815,7.49,79.95,998.74,2,10.11111111,2,279.4444444,1,18.72577778
13/03/2026 19:00,0,0,0,5.085,0,3.975,2.345,7.24,82.3,999.525,2,8.611111111,2,270,1,15.94777778
13/03/2026 20:00,0,0.045,0,4.75,0,3.715,2.155,7.13,83.2,1000.105,2,7.944444444,2,270,1,14.71311111
13/03/2026 21:00,0,0.005,0,4.52,0,3.445,1.85,6.98,82.85,1000.615,2,7.555555556,2,273.3333333,1,13.99288889
13/03/2026 22:00,0,0,0,4.235,0,3.205,1.67,6.89,83.5,1001.035,2,7.555555556,2,267.7777778,1,13.99288889
13/03/2026 23:00,0,0,0,3.955,0,3.01,1.56,6.835,84.5,1001.395,2,7.111111111,2,268.3333333,1,13.16977778
14/03/2026 00:00,0,0,0,3.57,0,2.66,1.26,6.7,85,1001.48,2,6.055555556,2,247.7777778,0,11.21488889
14/03/2026 01:00,0,0.01,0,3.545,0,2.665,1.31,6.735,85.45,1001.64,2,5.944444444,2,247.2222222,0,11.00911111
14/03/2026 02:00,0,0.075,0,3.565,0,2.71,1.37,6.765,85.55,1001.985,2,6.388888889,2,255,0,11.83222222
14/03/2026 03:00,0,0.12,0,3.3,0,2.47,1.18,6.67,85.9,1002.26,2,6.166666667,2,226.1111111,0,11.42066667
14/03/2026 04:00,0,0.055,0,3.17,0,2.365,1.135,6.63,86.25,1002.57,2,6.555555556,2,245,0,12.14088889
14/03/2026 05:00,0,0.035,0,2.99,0,2.255,1.11,6.625,87.3,1002.86,2,6.055555556,2,233.8888889,0,11.21488889
14/03/2026 06:00,0,0.01,0,2.415,0,1.815,0.86,6.515,89.25,1003.325,2,5.888888889,2,220.5555556,0,10.90622222
14/03/2026 07:00,0,0.035,0,2.36,0,1.775,0.835,6.515,89.6,1003.885,2,5.222222222,2,212.2222222,0,9.671555556
14/03/2026 08:00,0,0.12,0,2.965,0,2.355,1.36,6.76,88.95,1004.315,2,5.444444444,2,221.1111111,0,10.08311111
14/03/2026 09:00,0,0.085,0,4.845,0,3.91,2.515,7.33,84.65,1004.875,2,5.111111111,2,206.1111111,0,9.465777778
14/03/2026 10:00,0,0.05,0,6.665,0,5.195,3.14,7.67,78.05,1005.45,2,5.833333333,2,230.5555556,0,10.80333333
14/03/2026 11:00,0,0.025,0,7.855,0,5.965,3.435,7.815,73.25,1005.805,2,7.944444444,2,238.3333333,0,14.71311111
14/03/2026 12:00,0,0.025,0,8.465,0,6.32,3.415,7.81,70.1,1006.11,2,8.555555556,2,256.6666667,0,15.84488889
14/03/2026 13:00,0,0.105,0,8.785,0,6.445,3.38,7.805,68.6,1006.305,2,9.777777778,2,256.6666667,0,18.10844444
14/03/2026 14:00,0,0.36,0,8.585,0,6.245,3.09,7.63,68.5,1006.265,2,9.944444444,2,262.2222222,0,18.41711111
14/03/2026 15:00,0,0.03,0,9,0,6.52,3.195,7.695,66.9,1006.41,2,10.11111111,2,258.3333333,0,18.72577778
14/03/2026 16:00,0,0.14,0,8.64,0,6.425,3.47,7.86,69.75,1006.745,2,9.888888889,2,259.4444444,0,18.31422222
14/03/2026 17:00,0,0.075,0,8.23,0,6.215,3.54,7.875,72,1007.205,2,9.055555556,2,263.8888889,0,16.77088889
14/03/2026 18:00,0,0.01,0,7.46,0,5.72,3.38,7.81,75.15,1007.77,2,8,2,255,0,14.816
14/03/2026 19:00,0,0,0,6.875,0,5.4,3.375,7.785,77.95,1008.19,2,7,2,254.4444444,0,12.964
14/03/2026 20:00,0,0.04,0,6.51,0,5.27,3.57,7.895,81.2,1008.575,2,6.111111111,2,235,0,11.31777778
14/03/2026 21:00,0,0,0,6.58,0,5.345,3.67,7.955,81.3,1008.515,2,6.722222222,2,220.5555556,0,12.44955556
14/03/2026 22:00,0,0,0,6.715,0,5.505,3.865,8.085,81.7,1008.16,2,8,2,216.6666667,0,14.816
14/03/2026 23:00,0,0,0,6.76,0,5.69,4.25,8.32,83.6,1007.74,2,8.722222222,2,206.1111111,0,16.15355556
15/03/2026 00:00,0,0.02,0,6.95,0,5.94,4.615,8.55,84.7,1007.105,2,9.666666667,2,206.6666667,0,17.90266667
15/03/2026 01:00,0,0.07,0,7.27,0,6.39,5.205,8.94,86.5,1006.435,2,10.55555556,2,202.2222222,0,19.54888889
15/03/2026 02:00,0,0.085,0,7.625,0,6.855,5.845,9.365,88.25,1005.82,2,11.72222222,2,197.2222222,0,21.70955556
15/03/2026 03:00,0,0.09,0,7.915,0,7.285,6.465,9.77,90.45,1004.835,2,12.16666667,2,202.2222222,0,22.53266667
15/03/2026 04:00,0,0.17,0,8.205,0,7.68,7.055,10.11,92.05,1004.045,2,12.66666667,2,212.7777778,0,23.45866667
15/03/2026 05:00,0,0.15,0,8.425,0,7.775,7.035,10.075,90.6,1003.51,2,13.38888889,2,223.3333333,0,24.79622222
15/03/2026 06:00,0,0.26,0,8.465,0,7.785,6.985,10.05,90.3,1003.48,2,13.72222222,2,234.4444444,0,25.41355556
15/03/2026 07:00,0,0.185,0,8.375,0,7.525,6.515,9.74,87.8,1003.48,2,13.44444444,2,244.4444444,0,24.89911111
15/03/2026 08:00,0,0.125,0,8.13,0,7.105,5.825,9.285,85.15,1003.75,2,14.33333333,2,249.4444444,0,26.54533333
15/03/2026 09:00,0,0.16,0,8.08,0,6.77,5.1,8.865,81.55,1004.23,2,14.61111111,2,256.6666667,0,27.05977778
15/03/2026 10:00,0,0.19,0,8.01,0,6.335,4.135,8.245,76.4,1004.61,2,15.11111111,2,260,0,27.98577778
15/03/2026 11:00,0,0.165,0,8.15,0,6.34,4.005,8.15,75.05,1004.93,2,15.83333333,2,258.3333333,0,29.32333333
15/03/2026 12:00,0,0.2,0,8.315,0,6.235,3.545,7.88,71.5,1004.95,2,17.33333333,2,262.7777778,0,32.10133333
15/03/2026 13:00,0,0.31,0,8.04,0,6.155,3.685,7.96,74,1005.09,2,18.83333333,2,264.4444444,0,34.87933333
15/03/2026 14:00,0,0.21,0,7.925,0,5.78,2.855,7.52,70.05,1005.145,2,19.22222222,2,265,0,35.59955556
15/03/2026 15:00,0,0.21,0,7.585,0,5.53,2.64,7.405,70.85,1005.29,2,20.05555556,2,266.6666667,0,37.14288889
15/03/2026 16:00,0,0.305,0,7.225,0,5.27,2.55,7.36,71.95,1005.48,2,18.66666667,2,265.5555556,0,34.57066667
15/03/2026 17:00,0,0.265,0,6.35,0,4.75,2.425,7.29,76,1006.025,2,19.05555556,2,265,0,35.29088889
15/03/2026 18:00,0,0.37,0,5.53,0,4.155,2.13,7.145,78.45,1006.835,2,18.05555556,2,267.2222222,0,33.43888889
15/03/2026 19:00,0,0.23,0,4.885,0,3.725,2,7.075,81.35,1007.555,2,16.88888889,2,262.7777778,0,31.27822222
15/03/2026 20:00,0,0.335,0,4.895,0,3.71,1.94,7.04,81.05,1007.84,2,15.61111111,2,258.3333333,0,28.91177778
15/03/2026 21:00,0,0.24,0,4.86,0,3.77,2.18,7.15,82.55,1008.265,2,14.77777778,2,254.4444444,0,27.36844444
15/03/2026 22:00,0,0.415,0,4.91,0,3.845,2.335,7.245,83.3,1008.615,2,13.55555556,2,250,0,25.10488889
15/03/2026 23:00,0,0.145,0,5.225,0,4.145,2.565,7.36,82.8,1008.85,2,13.66666667,2,253.3333333,0,25.31066667
16/03/2026 00:00,0,0.115,0,5.515,0,4.395,2.8,7.48,82.35,1008.78,2,13.5,2,250,1,25.002
16/03/2026 01:00,0,0.135,0,5.705,0,4.495,2.75,7.455,81.15,1008.67,2,13.44444444,2,248.8888889,1,24.89911111
16/03/2026 02:00,0,0.15,0,5.58,0,4.545,3.095,7.66,83.8,1008.725,2,12.77777778,2,247.7777778,1,23.66444444
16/03/2026 03:00,0,0.1,0,5.76,0,4.755,3.375,7.815,84.2,1008.58,2,12.27777778,2,241.6666667,1,22.73844444
16/03/2026 04:00,0,0.11,0,5.91,0,4.94,3.615,7.945,84.9,1008.525,2,11.38888889,2,246.1111111,1,21.09222222
16/03/2026 05:00,0,0.11,0,6.165,0,5.215,3.915,8.115,85.05,1008.71,2,10.55555556,2,233.8888889,1,19.54888889
16/03/2026 06:00,0,0.08,0,6.35,0,5.525,4.41,8.42,87.15,1008.87,2,10.72222222,2,226.1111111,1,19.85755556
16/03/2026 07:00,0,0.03,0,6.74,0,5.955,4.95,8.74,88,1008.745,2,9.888888889,2,222.2222222,1,18.31422222
16/03/2026 08:00,0,0.06,0,7.41,0,6.635,5.645,9.15,88.25,1008.57,2,10.55555556,2,214.4444444,1,19.54888889
16/03/2026 09:00,0,0.3,0,7.98,0,7.265,6.435,9.68,89.7,1008.415,2,11.5,2,207.7777778,1,21.298
16/03/2026 10:00,0,0.44,0,8.59,0,7.89,7.07,10.1,89.95,1008.2,2,11.94444444,2,205.5555556,1,22.12111111
16/03/2026 11:00,0,0.345,0,9.03,0,8.375,7.62,10.5,90.65,1007.85,2,13.55555556,2,204.4444444,1,25.10488889
16/03/2026 12:00,0,0.18,0,9.51,0,8.89,8.23,10.92,91.5,1007.395,2,14.61111111,2,200.5555556,1,27.05977778
16/03/2026 13:00,0,0.105,0,10.355,0,9.63,8.85,11.4,90.1,1006.93,2,15.66666667,2,203.3333333,1,29.01466667
16/03/2026 14:00,0,0.05,0,11.055,0,10.165,9.25,11.7,88.55,1006.45,2,16.05555556,2,210.5555556,1,29.73488889
16/03/2026 15:00,0,0.055,0,11.385,0,10.5,9.62,11.995,88.6,1006.01,2,16.38888889,2,212.7777778,1,30.35222222
16/03/2026 16:00,0,0.11,0,11.725,0,10.785,9.855,12.165,88.15,1005.51,2,16.11111111,2,211.1111111,1,29.83777778
16/03/2026 17:00,0,0.07,0,11.675,0,10.75,9.835,12.16,88.4,1005.31,2,16.16666667,2,210,1,29.94066667
16/03/2026 18:00,0,0.045,0,11.485,0,10.56,9.66,12.01,88.35,1005.235,2,15.61111111,2,210,1,28.91177778
16/03/2026 19:00,0,0.015,0,11.375,0,10.34,9.31,11.735,86.8,1005.145,2,15.33333333,2,208.8888889,1,28.39733333
16/03/2026 20:00,0,0.015,0,11.26,0,10.21,9.165,11.625,86.75,1004.915,2,15.38888889,2,203.3333333,1,28.50022222
16/03/2026 21:00,0,0.005,0,11.215,0,10.125,9.02,11.5,86.15,1004.82,2,15.22222222,2,198.8888889,1,28.19155556
16/03/2026 22:00,0,0.025,0,11.165,0,10.045,8.895,11.4,85.65,1004.39,2,15.16666667,2,196.1111111,1,28.08866667
16/03/2026 23:00,0,0.015,0,11.115,0,10.015,8.855,11.39,85.7,1003.915,2,15.66666667,2,193.3333333,1,29.01466667
17/03/2026 00:00,0,0.06,0,11.03,0,9.96,8.87,11.385,86.35,1003.395,2,16.16666667,2,188.8888889,1,29.94066667
17/03/2026 01:00,0,0.105,0,10.885,0,9.835,8.755,11.305,86.55,1002.98,2,16.77777778,2,190,1,31.07244444
17/03/2026 02:00,0,0.045,0,10.67,0,9.7,8.69,11.245,87.45,1002.395,2,17.11111111,2,191.1111111,1,31.68977778
17/03/2026 03:00,0,0.045,0,10.615,0,9.615,8.565,11.15,87.1,1001.66,2,17.72222222,2,192.2222222,1,32.82155556
17/03/2026 04:00,0,0.07,0,10.47,0,9.425,8.365,11.015,86.6,1001.05,2,18.16666667,2,187.7777778,1,33.64466667
17/03/2026 05:00,0,0.055,0,10.335,0,9.275,8.13,10.835,85.95,1000.71,2,18.72222222,2,187.7777778,1,34.67355556
17/03/2026 06:00,0,0.05,0,10.355,0,9.155,7.875,10.645,84.35,1000.435,2,18.61111111,2,186.6666667,1,34.46777778
17/03/2026 07:00,0,0.095,0,10.32,0,9.135,7.865,10.65,84.4,1000.305,2,19.16666667,2,186.6666667,1,35.49666667
17/03/2026 08:00,0,0.205,0,10.32,0,9.18,7.935,10.695,84.9,1000.35,2,18.16666667,2,186.6666667,1,33.64466667
17/03/2026 09:00,0,0.13,0,10.45,0,9.305,8.08,10.805,85.1,1000.565,2,18.05555556,2,186.1111111,1,33.43888889
17/03/2026 10:00,0,0.06,0,10.805,0,9.525,8.18,10.88,83.9,1000.68,2,17.83333333,2,187.7777778,1,33.02733333
17/03/2026 11:00,0,0.185,0,11.025,0,9.655,8.245,10.9,82.95,1001.19,2,17.88888889,2,191.1111111,1,33.13022222
17/03/2026 12:00,0,0.24,0,10.975,0,9.635,8.255,10.93,83.3,1001.58,2,18.05555556,2,193.3333333,1,33.43888889
17/03/2026 13:00,0,0.165,0,11.035,0,9.65,8.185,10.885,82.85,1001.845,2,17.27777778,2,191.1111111,1,31.99844444
17/03/2026 14:00,0,0.23,0,10.79,0,9.47,8.08,10.79,83.35,1001.96,2,16.05555556,2,195.5555556,1,29.73488889
17/03/2026 15:00,0,0.17,0,10.735,0,9.5,8.21,10.895,84.45,1002.215,2,14.66666667,2,197.2222222,1,27.16266667
17/03/2026 16:00,0,0.185,0,10.62,0,9.415,8.13,10.845,84.5,1002.63,2,13.72222222,2,199.4444444,1,25.41355556
17/03/2026 17:00,0,0.135,0,10.465,0,9.27,7.975,10.73,84.55,1003.235,2,13,2,201.1111111,1,24.076
17/03/2026 18:00,0,0.115,0,10.065,0,8.895,7.605,10.475,84.35,1004.2,2,11.55555556,2,201.1111111,1,21.40088889
17/03/2026 19:00,0,0.075,0,9.535,0,8.445,7.195,10.195,85.2,1005.45,2,9.888888889,2,202.7777778,1,18.31422222
17/03/2026 20:00,0,0.17,0,9.05,0,8.125,7.055,10.095,87.2,1006.53,2,8.166666667,2,203.3333333,1,15.12466667
17/03/2026 21:00,0,0.05,0,8.645,0,7.76,6.705,9.85,87.4,1007.355,2,7.888888889,2,198.8888889,1,14.61022222
17/03/2026 22:00,0,0.01,0,8.26,0,7.48,6.535,9.77,88.6,1008.255,2,6.944444444,2,178.3333333,1,12.86111111
17/03/2026 23:00,0,0.04,0,7.75,0,7.045,6.21,9.55,89.8,1009.195,2,5.777777778,2,177.7777778,1,10.70044444
18/03/2026 00:00,0,0.035,0,7.52,0,6.89,6.13,9.515,90.55,1010.12,2,4.944444444,2,174.4444444,1,9.157111111
18/03/2026 01:00,0,0.02,0,7.155,0,6.565,5.835,9.325,91,1010.895,2,4.666666667,2,164.4444444,1,8.642666667
18/03/2026 02:00,0,0.025,0,6.965,0,6.4,5.69,9.26,91.3,1011.555,2,4.166666667,2,157.2222222,1,7.716666667
18/03/2026 03:00,0,0.025,0,6.545,0,6.115,5.53,9.17,92.8,1012.165,2,3.611111111,2,136.6666667,1,6.687777778
18/03/2026 04:00,0,0.02,0,6.01,0,5.605,5.09,8.925,93.55,1012.8,2,3.5,2,125,1,6.482
18/03/2026 05:00,0,0.02,0,5.865,0,5.54,5.105,8.935,94.5,1013.65,2,3.666666667,2,110.5555556,1,6.790666667
18/03/2026 06:00,0,0.005,0,5.995,0,5.675,5.275,9.035,94.7,1014.455,2,3.722222222,2,105,1,6.893555556
18/03/2026 07:00,0,0.01,0,6.155,0,5.865,5.47,9.155,94.9,1015.525,2,4.166666667,2,96.66666667,1,7.716666667
18/03/2026 08:00,0,0,0,6.95,0,6.59,6.155,9.575,94.35,1016.585,2,4.333333333,2,95,1,8.025333333
18/03/2026 09:00,0,0.005,0,8.175,0,7.69,7.15,10.18,93,1017.485,2,4,2,130.5555556,1,7.408
18/03/2026 10:00,0,0,0,9.515,0,8.69,7.765,10.615,88.85,1018.29,2,4.388888889,2,90.55555556,1,8.128222222
18/03/2026 11:00,0,0.015,0,10.495,0,9.27,7.925,10.715,84.1,1019.07,2,5.111111111,2,79.44444444,1,9.465777778
18/03/2026 12:00,0,0.015,0,11.32,0,9.64,7.815,10.64,78.95,1019.425,2,5.833333333,2,88.88888889,1,10.80333333
18/03/2026 13:00,0,0.005,0,11.755,0,9.85,7.82,10.655,76.65,1019.885,2,6.444444444,2,62.22222222,1,11.93511111
18/03/2026 14:00,0,0.005,0,11.955,0,9.92,7.765,10.62,75.35,1020.21,2,7.5,2,57.22222222,1,13.89
18/03/2026 15:00,0,0.01,0,12.135,0,10.075,7.9,10.72,75.1,1020.66,2,8.166666667,2,57.77777778,1,15.12466667
18/03/2026 16:00,0,0.005,0,12.215,0,10.085,7.85,10.665,74.55,1021.2,2,8.277777778,2,49.44444444,1,15.33044444
18/03/2026 17:00,0,0,0,11.87,0,9.87,7.715,10.58,75.45,1021.815,2,8.222222222,2,81.66666667,1,15.22755556
18/03/2026 18:00,0,0,0,11.095,0,9.3,7.32,10.27,77.4,1022.64,2,7.833333333,2,85.55555556,1,14.50733333
18/03/2026 19:00,0,0,0,10.165,0,8.765,7.19,10.195,81.4,1023.455,2,7.333333333,2,80.55555556,1,13.58133333
18/03/2026 20:00,0,0,0,9.625,0,8.395,7.02,10.065,83.6,1024.2,2,7.111111111,2,58.88888889,1,13.16977778
18/03/2026 21:00,0,0,0,9.15,0,8.045,6.78,9.925,85.05,1024.915,2,7.666666667,2,78.33333333,1,14.19866667
18/03/2026 22:00,0,0,0,8.675,0,7.66,6.505,9.7,86.15,1025.41,2,7.222222222,2,59.44444444,1,13.37555556
18/03/2026 23:00,0,0,0,8.215,0,7.29,6.19,9.525,87,1026.03,2,7.444444444,2,75.55555556,1,13.78711111
19/03/2026 00:00,0,0,0,7.8,0,6.895,5.825,9.295,87.5,1026.52,2,7,2,109.4444444,1,12.964
19/03/2026 01:00,0,0.005,0,7.345,0,6.52,5.52,9.095,88.05,1026.795,2,7,2,80.55555556,1,12.964
19/03/2026 02:00,0,0,0,7.015,0,6.195,5.215,8.915,88.55,1026.885,2,6.5,2,71.66666667,1,12.038
19/03/2026 03:00,0,0.005,0,6.59,0,5.79,4.82,8.665,88.5,1026.835,2,6.722222222,2,92.77777778,1,12.44955556
19/03/2026 04:00,0,0.005,0,6.02,0,5.315,4.425,8.445,89.4,1026.81,2,6.333333333,2,133.3333333,1,11.72933333
19/03/2026 05:00,0,0,0,5.63,0,4.975,4.13,8.28,90.05,1026.88,2,6,2,93.88888889,1,11.112
19/03/2026 06:00,0,0,0,5.215,0,4.57,3.745,8.045,90.2,1026.87,2,5.666666667,2,112.2222222,1,10.49466667
19/03/2026 07:00,0,0.03,0,5.065,0,4.425,3.595,7.975,90.45,1027.265,2,6.111111111,2,153.3333333,1,11.31777778
19/03/2026 08:00,0,0,0,6.66,0,5.85,4.79,8.645,88.5,1027.64,2,5.666666667,2,125.5555556,1,10.49466667
19/03/2026 09:00,0,0,0,9.195,0,7.875,6.335,9.61,82.55,1027.68,2,6.111111111,2,98.88888889,1,11.31777778
19/03/2026 10:00,0,0,0,11.065,0,9.095,6.915,9.985,75.6,1027.44,2,7.444444444,2,98.33333333,1,13.78711111
19/03/2026 11:00,0,0,0,12.675,0,10.245,7.715,10.555,71.8,1027.13,2,7.5,2,103.8888889,1,13.89
19/03/2026 12:00,0,0,0,13.88,0,10.93,7.855,10.72,67.9,1026.55,2,7.611111111,2,82.77777778,1,14.09577778
19/03/2026 13:00,0,0,0,14.75,0,11.41,8.06,10.86,64.7,1026.105,2,7.166666667,2,94.44444444,1,13.27266667
19/03/2026 14:00,0,0,0,15.42,0,11.825,8.295,11.05,62.95,1025.4,2,7.111111111,2,83.33333333,1,13.16977778
19/03/2026 15:00,0,0,0,15.655,0,11.795,7.985,10.82,60.45,1024.955,2,7.055555556,2,97.22222222,1,13.06688889
19/03/2026 16:00,0,0,0,15.18,0,11.425,7.67,10.585,60.95,1024.545,2,7.444444444,2,104.4444444,1,13.78711111
19/03/2026 17:00,0,0,0,14.375,0,10.99,7.545,10.5,63.5,1024.345,2,6.833333333,2,109.4444444,1,12.65533333
19/03/2026 18:00,0,0,0,13.08,0,10.175,7.07,10.19,67.05,1024.48,2,5.888888889,2,113.8888889,1,10.90622222
19/03/2026 19:00,0,0,0,11.035,0,9.01,6.71,9.92,74.65,1024.575,2,4.444444444,2,111.1111111,1,8.231111111
19/03/2026 20:00,0,0.005,0,9.225,0,7.93,6.38,9.685,82.4,1024.675,2,3.944444444,2,87.77777778,1,7.305111111
19/03/2026 21:00,0,0,0,8,0,6.955,5.7,9.22,85.35,1024.755,2,4.166666667,2,110.5555556,1,7.716666667
19/03/2026 22:00,0,0,0,6.945,0,6.105,5.015,8.805,87.5,1024.645,2,3.888888889,2,121.1111111,1,7.202222222
19/03/2026 23:00,0,0,0,6.265,0,5.44,4.345,8.425,87.65,1024.335,2,3.833333333,2,141.1111111,1,7.099333333
20/03/2026 00:00,0,0,0,5.66,0,4.895,3.845,8.095,88.05,1023.955,2,4.055555556,2,135.5555556,1,7.510888889
20/03/2026 01:00,0,0,0,4.975,0,4.245,3.265,7.78,88.65,1023.495,2,4.277777778,2,160.5555556,1,7.922444444
20/03/2026 02:00,0,0,0,4.565,0,3.825,2.785,7.515,88.85,1023.06,2,3.944444444,2,167.2222222,1,7.305111111
20/03/2026 03:00,0,0.005,0,3.89,0,3.195,2.225,7.22,89.3,1022.71,2,3.5,2,169.4444444,1,6.482
20/03/2026 04:00,0,0.005,0,3.62,0,3.025,2.175,7.22,90.6,1022.45,2,3.777777778,2,161.6666667,1,6.996444444
20/03/2026 05:00,0,0,0,3.385,0,2.78,1.91,7.09,90.6,1022.34,2,4,2,168.8888889,1,7.408
20/03/2026 06:00,0,0.01,0,3.04,0,2.445,1.605,6.925,90.7,1022.26,2,3.555555556,2,175.5555556,1,6.584888889
20/03/2026 07:00,0,0,0,2.715,0,2.275,1.625,6.94,92.4,1022.375,2,3.777777778,2,150,1,6.996444444
20/03/2026 08:00,0,0.005,0,3.865,0,3.365,2.625,7.45,91.8,1022.435,2,3.111111111,2,144.4444444,1,5.761777778
20/03/2026 09:00,0,0,0,6.91,0,5.98,4.805,8.655,86.7,1022.29,2,3.388888889,2,146.6666667,1,6.276222222
20/03/2026 10:00,0,0,0,9.875,0,8,5.805,9.245,75.9,1021.97,2,3.555555556,2,163.3333333,1,6.584888889
20/03/2026 11:00,0,0,0,12.1,0,9.125,5.735,9.24,65.05,1021.625,2,4.555555556,2,159.4444444,1,8.436888889
20/03/2026 12:00,0,0,0,13.215,0,9.595,5.46,9.065,59.45,1021.24,2,5.5,2,160,1,10.186
20/03/2026 13:00,0,0,0,13.975,0,10.01,5.59,9.13,57.1,1020.72,2,6.111111111,2,172.7777778,1,11.31777778
20/03/2026 14:00,0,0,0,14.28,0,9.97,5.045,8.79,54.05,1020.455,2,6.888888889,2,188.8888889,1,12.75822222
20/03/2026 15:00,0,0,0,14.305,0,9.745,4.44,8.435,51.85,1020.22,2,7,2,198.3333333,1,12.964
20/03/2026 16:00,0,0,0,14.185,0,9.8,4.77,8.635,53.6,1019.865,2,6.722222222,2,204.4444444,1,12.44955556
20/03/2026 17:00,0,0,0,13.51,0,9.555,5.005,8.775,56.55,1019.615,2,6.388888889,2,205.5555556,1,11.83222222
20/03/2026 18:00,0,0,0,12.135,0,9.025,5.455,9.02,63.85,1019.79,2,5.555555556,2,213.3333333,1,10.28888889
20/03/2026 19:00,0,0,0,9.445,0,7.46,5.015,8.75,73.7,1020.035,2,4.444444444,2,216.1111111,1,8.231111111
20/03/2026 20:00,0,0,0,7.835,0,6.395,4.51,8.45,79.2,1020.295,2,4.222222222,2,207.2222222,1,7.819555556
20/03/2026 21:00,0,0,0,6.64,0,5.565,4.12,8.25,83.8,1020.44,2,3.833333333,2,210,1,7.099333333
20/03/2026 22:00,0,0,0,5.825,0,4.955,3.76,8.065,86.6,1020.485,2,3.277777778,2,189.4444444,1,6.070444444
20/03/2026 23:00,0,0,0,5.285,0,4.58,3.56,7.945,88.55,1020.445,2,3,2,200,1,5.556
21/03/2026 00:00,0,0,0,4.53,0,3.935,3.055,7.675,89.95,1020.345,2,2.888888889,2,229.4444444,0,5.350222222
21/03/2026 01:00,0,0,0,3.965,0,3.455,2.695,7.5,91.25,1020.33,2,2.833333333,2,157.7777778,0,5.247333333
21/03/2026 02:00,0,0,0,3.385,0,2.895,2.15,7.22,91.6,1020.33,2,3,2,162.2222222,0,5.556
21/03/2026 03:00,0,0,0,2.95,0,2.505,1.825,7.055,92.25,1020.28,2,3.111111111,2,182.7777778,0,5.761777778
21/03/2026 04:00,0,0.01,0,2.805,0,2.385,1.725,7,92.55,1020.28,2,2.722222222,2,184.4444444,0,5.041555556
21/03/2026 05:00,0,0.005,0,2.55,0,2.165,1.555,6.945,93,1020.34,2,2.777777778,2,205.5555556,0,5.144444444
21/03/2026 06:00,0,0,0,2.285,0,1.94,1.415,6.9,93.75,1020.335,2,2.944444444,2,196.1111111,0,5.453111111
21/03/2026 07:00,0,0,0,2.355,0,2.03,1.51,6.94,94,1020.52,2,2.944444444,2,200.5555556,0,5.453111111
21/03/2026 08:00,0,0.005,0,3.925,0,3.555,3.055,7.705,93.8,1020.645,2,2.944444444,2,170.5555556,0,5.453111111
21/03/2026 09:00,0,0.005,0,6.17,0,5.54,4.74,8.625,90.5,1020.595,2,3.222222222,2,192.7777778,0,5.967555556
21/03/2026 10:00,0,0,0,8.43,0,7.225,5.76,9.24,83.65,1020.36,2,3.555555556,2,202.2222222,0,6.584888889
21/03/2026 11:00,0,0.005,0,10.45,0,8.44,6.11,9.455,74.85,1020.09,2,3.888888889,2,213.8888889,0,7.202222222
21/03/2026 12:00,0,0,0,11.8,0,9.12,6.06,9.41,68.15,1019.535,2,5,2,207.2222222,0,9.26
21/03/2026 13:00,0,0,0,12.425,0,9.365,5.92,9.335,64.75,1019.09,2,5.333333333,2,204.4444444,0,9.877333333
21/03/2026 14:00,0,0,0,13.02,0,9.615,5.755,9.235,61.8,1018.38,2,6.333333333,2,205,0,11.72933333
21/03/2026 15:00,0,0,0,13.035,0,9.65,5.86,9.3,62.1,1017.895,2,7,2,213.3333333,0,12.964
21/03/2026 16:00,0,0,0,12.825,0,9.37,5.335,9.01,61.15,1017.46,2,6.944444444,2,223.8888889,0,12.86111111
21/03/2026 17:00,0,0,0,12.13,0,9.04,5.495,9.055,64.45,1017.23,2,6.944444444,2,221.1111111,0,12.86111111
21/03/2026 18:00,0,0,0,10.74,0,8.31,5.405,9.015,69.95,1017.07,2,6.166666667,2,207.2222222,0,11.42066667
21/03/2026 19:00,0,0,0,8.87,0,7.24,5.255,8.895,77.95,1017.175,2,5.611111111,2,210,0,10.39177778
21/03/2026 20:00,0,0,0,7.905,0,6.67,5.115,8.815,82.4,1017.29,2,5.277777778,2,215,0,9.774444444
21/03/2026 21:00,0,0,0,7.47,0,6.29,4.77,8.635,82.95,1017.145,2,5.277777778,2,215.5555556,0,9.774444444
21/03/2026 22:00,0,0,0,6.905,0,5.865,4.485,8.46,84.3,1017.045,2,5.888888889,2,211.6666667,0,10.90622222
21/03/2026 23:00,0,0,0,6.325,0,5.41,4.215,8.33,86.2,1016.705,2,6.222222222,2,212.7777778,0,11.52355556
22/03/2026 00:00,0,0,0,6.365,0,5.535,4.425,8.45,87.25,1016.465,2,5.944444444,2,202.7777778,0,11.00911111
22/03/2026 01:00,0,0,0,6.22,0,5.45,4.455,8.48,88.1,1016.28,2,6.055555556,2,209.4444444,0,11.21488889
22/03/2026 02:00,0,0,0,6.255,0,5.535,4.6,8.58,89.05,1016.14,2,6.222222222,2,223.3333333,0,11.52355556
22/03/2026 03:00,0,0,0,6.545,0,5.825,4.91,8.755,89,1016.065,2,6.222222222,2,229.4444444,0,11.52355556
22/03/2026 04:00,0,0.015,0,6.635,0,5.925,5.07,8.875,89.55,1016.085,2,6.166666667,2,220.5555556,0,11.42066667
22/03/2026 05:00,0,0.01,0,7.03,0,6.35,5.51,9.125,89.85,1016.19,2,6.055555556,2,230,0,11.21488889
22/03/2026 06:00,0,0.03,0,7.205,0,6.605,5.865,9.35,90.7,1016.225,2,5.833333333,2,218.8888889,0,10.80333333
22/03/2026 07:00,0,0.045,0,7.43,0,6.855,6.155,9.525,91.2,1016.515,2,5.388888889,2,232.7777778,0,9.980222222
22/03/2026 08:00,0,0.015,0,7.915,0,7.315,6.605,9.825,91.05,1016.88,2,5,2,232.2222222,0,9.26
22/03/2026 09:00,0,0.015,0,8.73,0,7.955,7.075,10.115,88.95,1017.18,2,5.166666667,2,238.8888889,0,9.568666667
22/03/2026 10:00,0,0.005,0,9.695,0,8.59,7.38,10.32,85.35,1017.57,2,5.444444444,2,255.5555556,0,10.08311111
22/03/2026 11:00,0,0.005,0,10.46,0,8.835,6.975,10.04,79.05,1018.045,2,6.222222222,2,281.1111111,0,11.52355556
22/03/2026 12:00,0,0.01,0,11.13,0,9.19,6.98,10.095,75.95,1018.265,2,6.5,2,285,0,12.038
22/03/2026 13:00,0,0.005,0,11.525,0,9.29,6.705,9.92,72.85,1018.33,2,7,2,309.4444444,0,12.964
22/03/2026 14:00,0,0.01,0,12.1,0,9.51,6.555,9.82,69.15,1018.315,2,7.166666667,2,322.7777778,0,13.27266667
22/03/2026 15:00,0,0.005,0,12.15,0,9.215,5.83,9.36,65.4,1018.46,2,7.722222222,2,314.4444444,0,14.30155556
22/03/2026 16:00,0,0,0,12.065,0,9.065,5.53,9.16,64.4,1018.77,2,8,2,311.1111111,0,14.816
22/03/2026 17:00,0,0,0,11.26,0,8.405,4.915,8.78,65.05,1019.235,2,8.166666667,2,307.2222222,0,15.12466667
22/03/2026 18:00,0,0.005,0,10.3,0,7.745,4.575,8.545,67.4,1019.96,2,7.555555556,2,325.5555556,0,13.99288889
22/03/2026 19:00,0,0,0,8.965,0,6.855,4.135,8.255,71.45,1020.585,2,7.222222222,2,264.4444444,0,13.37555556
22/03/2026 20:00,0,0,0,7.795,0,6.08,3.82,8.06,75.65,1021.13,2,6,2,233.8888889,0,11.112
22/03/2026 21:00,0,0,0,7.04,0,5.555,3.525,7.895,77.9,1021.485,2,5.111111111,2,227.2222222,0,9.465777778
22/03/2026 22:00,0,0,0,6.41,0,5.09,3.31,7.765,80.3,1021.69,2,4.555555556,2,225.5555556,0,8.436888889
22/03/2026 23:00,0,0,0,5.64,0,4.585,3.085,7.65,83.35,1021.76,2,3.944444444,2,231.1111111,0,7.305111111
23/03/2026 00:00,0,0,0,5.36,0,4.405,3.065,7.645,84.9,1021.785,2,3.333333333,2,186.6666667,1,6.173333333
23/03/2026 01:00,0,0.01,0,4.76,0,3.94,2.77,7.49,86.7,1021.525,2,2.722222222,2,185.5555556,1,5.041555556
23/03/2026 02:00,0,0,0,4.295,0,3.605,2.56,7.36,88.25,1021.205,2,2.833333333,2,177.2222222,1,5.247333333
23/03/2026 03:00,0,0,0,3.995,0,3.37,2.51,7.335,89.8,1020.945,2,2.944444444,2,189.4444444,1,5.453111111
23/03/2026 04:00,0,0,0,4.06,0,3.525,2.74,7.46,90.75,1020.695,2,2.722222222,2,162.7777778,1,5.041555556
23/03/2026 05:00,0,0,0,4.22,0,3.685,2.965,7.585,91.35,1020.37,2,2.888888889,2,146.6666667,1,5.350222222
23/03/2026 06:00,0,0,0,4.495,0,3.87,3.035,7.605,90,1019.97,2,3.388888889,2,148.3333333,1,6.276222222
23/03/2026 07:00,0,0,0,5.27,0,4.5,3.435,7.825,87.55,1019.47,2,4.444444444,2,145.5555556,1,8.231111111
23/03/2026 08:00,0,0,0,6.19,0,5.265,4.05,8.17,85.9,1019.075,2,5.555555556,2,150,1,10.28888889
23/03/2026 09:00,0,0,0,7.41,0,6.255,4.755,8.62,82.85,1018.735,2,6.666666667,2,173.3333333,1,12.34666667
23/03/2026 10:00,0,0,0,8.515,0,7,5.13,8.845,79,1018.4,2,9,2,191.1111111,1,16.668
23/03/2026 11:00,0,0,0,9.6,0,7.865,5.845,9.265,77.15,1018.085,2,10.05555556,2,196.6666667,1,18.62288889
23/03/2026 12:00,0,0,0,10.37,0,8.425,6.18,9.505,75,1017.64,2,11.72222222,2,206.6666667,1,21.70955556
23/03/2026 13:00,0,0,0,10.805,0,8.86,6.685,9.83,75.45,1016.81,2,13.05555556,2,211.1111111,1,24.17888889
23/03/2026 14:00,0,0.01,0,11.095,0,9.2,7.1,10.115,76.2,1015.885,2,13.05555556,2,209.4444444,1,24.17888889
23/03/2026 15:00,0,0,0,11.32,0,9.555,7.62,10.495,78.05,1014.995,2,13.94444444,2,208.8888889,1,25.82511111
23/03/2026 16:00,0,0.01,0,11.355,0,9.67,7.85,10.665,79.35,1014.39,2,14.22222222,2,208.3333333,1,26.33955556
23/03/2026 17:00,0,0.015,0,11.28,0,9.855,8.355,11.035,82.35,1014,2,13.66666667,2,208.8888889,1,25.31066667
23/03/2026 18:00,0,0.01,0,11.22,0,9.97,8.66,11.26,84.3,1013.655,2,14.27777778,2,213.3333333,1,26.44244444
23/03/2026 19:00,0,0.13,0,11.03,0,10.055,9.06,11.57,87.45,1013.44,2,14.72222222,2,211.6666667,1,27.26555556
23/03/2026 20:00,0,0.3,0,11,0,10.21,9.41,11.825,89.95,1013.165,2,14.83333333,2,213.8888889,1,27.47133333
23/03/2026 21:00,0,0.14,0,10.99,0,10.32,9.65,12.015,91.3,1012.74,2,15.05555556,2,217.2222222,1,27.88288889
23/03/2026 22:00,0,0.17,0,10.89,0,10.35,9.81,12.13,92.75,1012.365,2,15.05555556,2,215,1,27.88288889
23/03/2026 23:00,0,0.105,0,10.92,0,10.375,9.835,12.14,92.8,1012.01,2,14.88888889,2,219.4444444,1,27.57422222
24/03/2026 00:00,0,0.115,0,10.88,0,10.3,9.75,12.075,92.4,1011.825,2,14.88888889,2,225,1,27.57422222
24/03/2026 01:00,0,0.09,0,10.915,0,10.315,9.69,12.04,92,1011.38,2,15.05555556,2,226.1111111,1,27.88288889
24/03/2026 02:00,0,0.23,0,10.885,0,10.3,9.725,12.07,92.1,1010.995,2,14.88888889,2,227.7777778,1,27.57422222
24/03/2026 03:00,0,0.23,0,10.785,0,10.175,9.54,11.93,91.9,1010.395,2,14.66666667,2,231.1111111,1,27.16266667
24/03/2026 04:00,0,0.25,0,10.625,0,10.04,9.45,11.85,92.2,1010,2,13.88888889,2,230.5555556,1,25.72222222
24/03/2026 05:00,0,0.36,0,10.41,0,9.86,9.285,11.725,92.45,1009.45,2,13.72222222,2,231.1111111,1,25.41355556
24/03/2026 06:00,0,0.415,0,10.245,0,9.67,9.075,11.57,92.05,1008.825,2,12.83333333,2,228.3333333,1,23.76733333
24/03/2026 07:00,0,0.425,0,10.215,0,9.625,9.015,11.53,92.1,1008.305,2,11.72222222,2,226.1111111,1,21.70955556
24/03/2026 08:00,0,0.545,0,10.14,0,9.57,8.965,11.49,92.2,1007.53,2,11.61111111,2,224.4444444,1,21.50377778
24/03/2026 09:00,0,0.89,0,10.22,0,9.69,9.12,11.6,92.6,1006.51,2,12.11111111,2,222.2222222,1,22.42977778
24/03/2026 10:00,0,1.425,0,10.335,0,9.735,9.115,11.625,92,1005.54,2,13.22222222,2,221.1111111,1,24.48755556
24/03/2026 11:00,0,1.575,0,10.43,0,9.82,9.16,11.675,91.7,1004.705,2,13.94444444,2,226.6666667,1,25.82511111
24/03/2026 12:00,0,0.995,0,10.63,0,9.95,9.25,11.73,90.85,1003.61,2,13.94444444,2,232.2222222,1,25.82511111
24/03/2026 13:00,0,1.005,0,10.785,0,10.015,9.24,11.72,89.9,1002.59,2,14.77777778,2,237.2222222,1,27.36844444
24/03/2026 14:00,0,0.81,0,10.605,0,9.695,8.745,11.355,88.15,1001.5,2,15.55555556,2,242.2222222,1,28.80888889
24/03/2026 15:00,0,1.235,0,9.795,0,8.665,7.415,10.39,85,1000.57,2,17.38888889,2,247.7777778,1,32.20422222
24/03/2026 16:00,0,0.925,0,9.06,0,7.67,6.045,9.4,81.3,1000.535,2,18.61111111,2,260.5555556,1,34.46777778
24/03/2026 17:00,0,0.82,0,7.775,0,6.395,4.72,8.56,80.95,1001,2,19.77777778,2,272.2222222,1,36.62844444
24/03/2026 18:00,0,0.265,0,6.97,0,5.63,3.825,8.045,80.1,1001.79,2,18.77777778,2,276.1111111,1,34.77644444
24/03/2026 19:00,0,0.215,0,6.535,0,5.17,3.295,7.745,79.45,1002.505,2,17.38888889,2,275.5555556,1,32.20422222
24/03/2026 20:00,0,0.145,0,6.185,0,4.93,3.175,7.68,80.85,1003.38,2,16.33333333,2,274.4444444,1,30.24933333
24/03/2026 21:00,0,0.265,0,5.765,0,4.605,2.965,7.55,81.95,1004.04,2,16.22222222,2,271.1111111,1,30.04355556
24/03/2026 22:00,0,0.5,0,5.37,0,4.3,2.8,7.475,83.3,1005.19,2,17.33333333,2,277.2222222,1,32.10133333
24/03/2026 23:00,0,0.625,0,5.295,0,4.12,2.375,7.26,81.6,1006.43,2,18.55555556,2,287.2222222,1,34.36488889
25/03/2026 00:00,0,0.545,0,4.855,0,3.565,1.565,6.865,79.65,1007.895,2,20.55555556,2,290,1,38.06888889
25/03/2026 01:00,0,0.52,0,4.42,0,3.15,1.105,6.635,79.1,1009.27,2,19.77777778,2,291.1111111,1,36.62844444
25/03/2026 02:00,0,0.25,0,4.205,0,2.87,0.745,6.47,78.45,1010.11,2,19.05555556,2,292.2222222,1,35.29088889
25/03/2026 03:00,0,0.105,0,3.99,0,2.61,0.355,6.28,77.05,1010.755,2,18.11111111,2,287.7777778,1,33.54177778
25/03/2026 04:00,0,0.14,0,3.655,0,2.315,0.13,6.17,77.5,1011.53,2,17.66666667,2,289.4444444,1,32.71866667
25/03/2026 05:00,0,0.115,0,3.515,0,2.235,0.15,6.18,78.65,1012.565,2,17.61111111,2,290,1,32.61577778
25/03/2026 06:00,0,0.16,0,3.43,0,2.23,0.215,6.22,79.4,1013.47,2,16.44444444,2,290,1,30.45511111
25/03/2026 07:00,0,0.15,0,3.55,0,2.3,0.245,6.225,79.1,1014.505,2,16.22222222,2,288.3333333,1,30.04355556
25/03/2026 08:00,0,0.23,0,3.985,0,2.715,0.645,6.4,78.9,1015.55,2,15.88888889,2,288.3333333,1,29.42622222
25/03/2026 09:00,0,0.18,0,5.02,0,3.385,0.795,6.48,74.25,1016.29,2,16.83333333,2,291.1111111,1,31.17533333
25/03/2026 10:00,0,0.235,0,5.875,0,4.03,1.22,6.685,71.75,1016.865,2,17.38888889,2,292.2222222,1,32.20422222
25/03/2026 11:00,0,0.195,0,6.315,0,4.27,1.16,6.67,69.5,1017.41,2,17.61111111,2,298.8888889,1,32.61577778
25/03/2026 12:00,0,0.33,0,6.71,0,4.66,1.63,6.89,70.15,1017.96,2,18.22222222,2,298.3333333,1,33.74755556
25/03/2026 13:00,0,0.155,0,6.79,0,4.8,1.905,7.02,71.1,1018.455,2,18.05555556,2,299.4444444,1,33.43888889
25/03/2026 14:00,0,0.12,0,7.42,0,5.09,1.7,6.915,66.85,1018.795,2,17.94444444,2,301.1111111,1,33.23311111
25/03/2026 15:00,0,0.225,0,7.455,0,5.12,1.7,6.91,66.85,1019.335,2,17.77777778,2,306.6666667,1,32.92444444
25/03/2026 16:00,0,0.065,0,7.605,0,4.925,0.91,6.54,62.6,1019.925,2,17.11111111,2,303.8888889,1,31.68977778
25/03/2026 17:00,0,0.09,0,7.265,0,4.815,1.19,6.685,65.3,1020.29,2,16.61111111,2,304.4444444,1,30.76377778
25/03/2026 18:00,0,0.045,0,6.85,0,4.64,1.28,6.715,67.4,1020.965,2,14.5,2,305,1,26.854
25/03/2026 19:00,0,0.035,0,6.175,0,4.185,1.15,6.655,69.95,1021.67,2,12.94444444,2,300.5555556,1,23.97311111
25/03/2026 20:00,0,0.09,0,5.77,0,4.025,1.345,6.75,73.1,1022.435,2,11.94444444,2,295,1,22.12111111
25/03/2026 21:00,0,0.035,0,5.615,0,3.995,1.525,6.83,74.75,1023.035,2,10.72222222,2,291.1111111,1,19.85755556
25/03/2026 22:00,0,0.025,0,5.285,0,3.765,1.44,6.795,76.2,1023.47,2,10.38888889,2,268.3333333,1,19.24022222
25/03/2026 23:00,0,0.035,0,5.315,0,3.855,1.65,6.91,77.15,1023.73,2,9.833333333,2,272.7777778,1,18.21133333
26/03/2026 00:00,0,0.02,0,5.11,0,3.695,1.555,6.85,77.7,1023.955,2,8.666666667,2,287.2222222,1,16.05066667
26/03/2026 01:00,0,0.02,0,4.88,0,3.6,1.65,6.895,79.4,1024.11,2,7.722222222,2,283.8888889,1,14.30155556
26/03/2026 02:00,0,0.015,0,4.57,0,3.42,1.655,6.91,81.35,1024.275,2,7.055555556,2,276.6666667,1,13.06688889
26/03/2026 03:00,0,0,0,4.255,0,3.175,1.545,6.855,82.5,1024.195,2,6.222222222,2,271.1111111,1,11.52355556
26/03/2026 04:00,0,0.045,0,4.22,0,3.22,1.72,6.94,83.8,1024.155,2,6.055555556,2,274.4444444,1,11.21488889
26/03/2026 05:00,0,0.025,0,4.31,0,3.39,2.02,7.085,85.05,1024.105,2,6,2,259.4444444,1,11.112
26/03/2026 06:00,0,0.005,0,4.675,0,3.75,2.405,7.275,85.15,1024.095,2,5.444444444,2,237.2222222,1,10.08311111
26/03/2026 07:00,0,0.02,0,5.115,0,4.125,2.73,7.435,84.45,1024.22,2,5.555555556,2,251.6666667,1,10.28888889
26/03/2026 08:00,0,0.01,0,5.795,0,4.835,3.48,7.86,84.8,1024.22,2,5.722222222,2,233.3333333,1,10.59755556
26/03/2026 09:00,0,0.03,0,6.595,0,5.57,4.165,8.265,84.25,1024.125,2,6.944444444,2,217.7777778,1,12.86111111
26/03/2026 10:00,0,0.08,0,7.515,0,6.32,4.74,8.6,82.4,1023.81,2,7.833333333,2,213.8888889,1,14.50733333
26/03/2026 11:00,0,0.08,0,8.31,0,7.015,5.385,8.995,81.95,1023.365,2,9.055555556,2,222.7777778,1,16.77088889
26/03/2026 12:00,0,0.07,0,8.765,0,7.475,5.86,9.33,82.1,1022.785,2,9.888888889,2,225.5555556,1,18.31422222
26/03/2026 13:00,0,0.07,0,9.15,0,7.975,6.565,9.79,83.85,1022.145,2,11.05555556,2,216.1111111,1,20.47488889
26/03/2026 14:00,0,0.12,0,9.33,0,8.36,7.235,10.23,86.6,1021.495,2,11.44444444,2,218.8888889,1,21.19511111
26/03/2026 15:00,0,0.1,0,9.72,0,8.78,7.715,10.555,87.15,1020.83,2,11.61111111,2,218.8888889,1,21.50377778
26/03/2026 16:00,0,0.085,0,9.76,0,9,8.19,10.89,89.65,1020.27,2,11.72222222,2,220.5555556,1,21.70955556
26/03/2026 17:00,0,0.135,0,9.845,0,9.185,8.495,11.11,91.05,1019.665,2,11.16666667,2,221.1111111,1,20.68066667
26/03/2026 18:00,0,0.155,0,9.8,0,9.205,8.57,11.175,91.9,1019.35,2,11,2,222.2222222,1,20.372
26/03/2026 19:00,0,0.265,0,9.705,0,9.2,8.67,11.25,93.05,1019.12,2,10.83333333,2,219.4444444,1,20.06333333
26/03/2026 20:00,0,0.3,0,9.685,0,9.27,8.8,11.335,93.95,1018.865,2,10.55555556,2,218.8888889,1,19.54888889
26/03/2026 21:00,0,0.2,0,9.78,0,9.36,8.92,11.445,94.1,1018.405,2,10.66666667,2,222.7777778,1,19.75466667
26/03/2026 22:00,0,0.265,0,9.745,0,9.365,8.98,11.47,94.5,1018.055,2,10.27777778,2,223.3333333,1,19.03444444
26/03/2026 23:00,0,0.335,0,9.78,0,9.375,8.95,11.455,94.2,1017.68,2,10.5,2,228.3333333,1,19.446
27/03/2026 00:00,0,0.34,0,9.47,0,9.055,8.575,11.19,93.8,1017.52,2,11,2,242.7777778,1,20.372
27/03/2026 01:00,0,0.41,0,9.265,0,8.815,8.35,11.03,93.6,1017.245,2,9.833333333,2,250.5555556,1,18.21133333
27/03/2026 02:00,0,0.425,0,8.95,0,8.365,7.665,10.555,91.45,1017.11,2,9.388888889,2,255,1,17.38822222
27/03/2026 03:00,0,0.325,0,8.72,0,8.035,7.195,10.245,89.9,1017.01,2,8.722222222,2,264.4444444,1,16.15355556
27/03/2026 04:00,0,0.17,0,8.365,0,7.615,6.67,9.89,88.95,1017.075,2,8.555555556,2,269.4444444,1,15.84488889
27/03/2026 05:00,0,0.125,0,7.775,0,6.975,5.915,9.37,87.95,1017.41,2,8,2,272.2222222,1,14.816
27/03/2026 06:00,0,0.03,0,7.365,0,6.47,5.275,8.955,86.65,1017.675,2,8.166666667,2,277.2222222,1,15.12466667
27/03/2026 07:00,0,0.005,0,7.3,0,6.285,4.98,8.76,85.25,1018.045,2,7.888888889,2,276.6666667,1,14.61022222
27/03/2026 08:00,0,0.005,0,7.8,0,6.62,5.115,8.815,83,1018.425,2,7.888888889,2,272.2222222,1,14.61022222
27/03/2026 09:00,0,0.005,0,8.62,0,6.99,4.9,8.715,77.4,1018.635,2,8.5,2,275.5555556,1,15.742
27/03/2026 10:00,0,0.055,0,9.085,0,7.125,4.64,8.525,73.35,1018.78,2,10.16666667,2,272.7777778,1,18.82866667
27/03/2026 11:00,0,0.1,0,9.41,0,7.055,4.05,8.175,69.05,1019.055,2,12.11111111,2,276.6666667,1,22.42977778
27/03/2026 12:00,0,0.155,0,9.145,0,6.64,3.34,7.78,67.25,1019.25,2,13.77777778,2,279.4444444,1,25.51644444
27/03/2026 13:00,0,0.025,0,9.565,0,6.77,3.035,7.625,63.8,1019.265,2,14.66666667,2,277.7777778,1,27.16266667
27/03/2026 14:00,0,0.1,0,9.535,0,6.44,2.22,7.18,60.25,1019.505,2,15.05555556,2,280,1,27.88288889
27/03/2026 15:00,0,0.13,0,8.98,0,5.915,1.57,6.86,59.75,1019.94,2,16.77777778,2,286.6666667,1,31.07244444
27/03/2026 16:00,0,0.045,0,8.505,0,5.515,1.13,6.64,59.6,1020.165,2,16.22222222,2,285.5555556,1,30.04355556
27/03/2026 17:00,0,0.02,0,8.155,0,5.205,0.815,6.495,59.7,1020.395,2,15.66666667,2,285,1,29.01466667
27/03/2026 18:00,0,0.04,0,7.13,0,4.505,0.415,6.295,62.3,1020.935,2,14.94444444,2,287.2222222,1,27.67711111
27/03/2026 19:00,0,0.02,0,5.995,0,3.76,0.245,6.23,66.4,1021.45,2,12.55555556,2,278.3333333,1,23.25288889
27/03/2026 20:00,0,0.045,0,5.195,0,3.34,0.425,6.3,71.05,1022.125,2,10.94444444,2,276.1111111,1,20.26911111
27/03/2026 21:00,0,0.22,0,4.66,0,3.075,0.555,6.385,74.45,1022.455,2,11,2,268.8888889,1,20.372
27/03/2026 22:00,0,0.105,0,4.535,0,3.015,0.58,6.375,75,1022.875,2,11.55555556,2,266.1111111,1,21.40088889
27/03/2026 23:00,0,0.185,0,4.165,0,2.88,0.84,6.5,78.6,1023.32,2,11.33333333,2,263.8888889,1,20.98933333
28/03/2026 00:00,0,0.165,0,3.845,0,2.62,0.645,6.41,79.65,1023.56,2,12.16666667,2,266.6666667,0,22.53266667
28/03/2026 01:00,0,0.185,0,3.53,0,2.39,0.52,6.36,80.75,1023.97,2,11.33333333,2,265,0,20.98933333
28/03/2026 02:00,0,0.27,0,3.33,0,2.425,1.01,6.575,84.5,1024.285,2,12,2,270.5555556,0,22.224
28/03/2026 03:00,0,0.055,0,3.485,0,2.445,0.79,6.485,82.45,1024.405,2,11.83333333,2,267.2222222,0,21.91533333
28/03/2026 04:00,0,0.09,0,3.595,0,2.42,0.53,6.35,80.55,1024.71,2,12.05555556,2,271.6666667,0,22.32688889
28/03/2026 05:00,0,0.13,0,3.6,0,2.435,0.56,6.375,80.85,1025.31,2,11.88888889,2,280,0,22.01822222
28/03/2026 06:00,0,0.105,0,3.38,0,2.265,0.475,6.33,81.35,1026.205,2,11.72222222,2,278.8888889,0,21.70955556
28/03/2026 07:00,0,0.105,0,3.535,0,2.395,0.575,6.375,81.05,1027.07,2,11,2,283.8888889,0,20.372
28/03/2026 08:00,0,0.16,0,4.705,0,3.19,0.82,6.49,76,1027.92,2,11.88888889,2,281.6666667,0,22.01822222
28/03/2026 09:00,0,0.065,0,6.125,0,4.25,1.43,6.775,71.75,1028.57,2,12.61111111,2,283.8888889,0,23.35577778
28/03/2026 10:00,0,0.145,0,7.325,0,4.97,1.53,6.83,66.6,1029.405,2,13.27777778,2,294.4444444,0,24.59044444
28/03/2026 11:00,0,0.05,0,7.94,0,5.28,1.38,6.77,63,1029.925,2,13.72222222,2,296.1111111,0,25.41355556
28/03/2026 12:00,0,0.035,0,8.995,0,5.78,1.12,6.64,57.4,1030.285,2,14.38888889,2,296.1111111,0,26.64822222
28/03/2026 13:00,0,0.01,0,9.065,0,5.685,0.665,6.445,55.8,1030.585,2,15.38888889,2,290.5555556,0,28.50022222
28/03/2026 14:00,0,0.105,0,9.255,0,6.015,1.34,6.765,57.95,1030.82,2,14.5,2,290.5555556,0,26.854
28/03/2026 15:00,0,0.025,0,9.385,0,6.13,1.495,6.835,57.95,1030.76,2,13.5,2,291.6666667,0,25.002
28/03/2026 16:00,0,0,0,9.38,0,6.11,1.435,6.81,57.45,1030.92,2,13.44444444,2,282.7777778,0,24.89911111
28/03/2026 17:00,0,0.015,0,8.74,0,5.905,1.86,7.015,62.05,1031.215,2,12.66666667,2,280.5555556,0,23.45866667
28/03/2026 18:00,0,0.015,0,8.165,0,5.6,1.925,7.05,64.6,1031.655,2,10.83333333,2,278.3333333,0,20.06333333
28/03/2026 19:00,0,0,0,7.24,0,5.085,1.99,7.07,69.05,1031.925,2,9.388888889,2,268.8888889,0,17.38822222
28/03/2026 20:00,0,0,0,6.575,0,4.785,2.18,7.18,73.15,1032.095,2,8.333333333,2,247.2222222,0,15.43333333
28/03/2026 21:00,0,0.055,0,6.045,0,4.605,2.525,7.345,77.85,1031.905,2,8.166666667,2,242.7777778,0,15.12466667
28/03/2026 22:00,0,0,0,6.12,0,4.755,2.78,7.49,78.8,1031.67,2,8.055555556,2,235.5555556,0,14.91888889
28/03/2026 23:00,0,0.02,0,6.285,0,4.9,2.985,7.61,79.1,1031.145,2,9,2,225,0,16.668
29/03/2026 00:00,0,0.005,0,6.465,0,5.035,3.035,7.62,78.7,1030.375,2,9.722222222,2,209.4444444,0,18.00555556
29/03/2026 01:00,0,0,0,6.75,0,5.335,3.395,7.815,78.95,1029.755,2,10.61111111,2,220,0,19.65177778
29/03/2026 02:00,0,0,0,7.15,0,5.61,3.555,7.895,77.65,1028.825,2,11.72222222,2,216.1111111,0,21.70955556
29/03/2026 03:00,0,0.005,0,7.395,0,5.94,4.035,8.18,79,1027.52,2,13.33333333,2,214.4444444,0,24.69333333
29/03/2026 04:00,0,0.01,0,7.685,0,6.225,4.31,8.335,78.85,1026.165,2,13.5,2,215.5555556,0,25.002
29/03/2026 05:00,0,0.2,0,7.77,0,6.48,4.84,8.67,81.25,1025.125,2,14.77777778,2,217.7777778,0,27.36844444
29/03/2026 06:00,0,0.58,0,8.04,0,6.79,5.18,8.88,82.05,1024.135,2,16.11111111,2,217.2222222,0,29.83777778
29/03/2026 07:00,0,0.725,0,8.32,0,7.225,5.84,9.305,84.4,1023.19,2,16.72222222,2,217.2222222,0,30.96955556
29/03/2026 08:00,0,0.815,0,8.73,0,7.74,6.515,9.755,86,1022.235,2,16.94444444,2,223.3333333,0,31.38111111
29/03/2026 09:00,0,0.765,0,9.25,0,8.325,7.27,10.255,87.35,1021.685,2,17.61111111,2,227.7777778,0,32.61577778
29/03/2026 10:00,0,0.465,0,9.715,0,8.905,8.04,10.795,89.1,1021.365,2,17.38888889,2,232.7777778,0,32.20422222
29/03/2026 11:00,0,0.435,0,10.28,0,9.435,8.54,11.145,88.75,1021.085,2,17.11111111,2,238.8888889,0,31.68977778
29/03/2026 12:00,0,0.265,0,10.975,0,9.685,8.36,11.035,84.1,1020.865,2,16.94444444,2,244.4444444,0,31.38111111
29/03/2026 13:00,0,0.35,0,11.48,0,9.925,8.265,10.995,81.1,1020.685,2,17.33333333,2,251.1111111,0,32.10133333
29/03/2026 14:00,0,0.125,0,12.005,0,9.81,7.365,10.38,74.15,1020.685,2,18.05555556,2,258.3333333,0,33.43888889
29/03/2026 15:00,0,0.075,0,12.28,0,9.475,6.215,9.645,67.7,1020.585,2,18.11111111,2,264.4444444,0,33.54177778
29/03/2026 16:00,0,0.035,0,11.905,0,9.03,5.51,9.205,66.55,1020.83,2,18.44444444,2,270.5555556,0,34.15911111
29/03/2026 17:00,0,0.035,0,11.37,0,8.435,4.8,8.745,65.15,1021.335,2,17.05555556,2,277.7777778,0,31.58688889
29/03/2026 18:00,0,0.015,0,10.475,0,7.815,4.455,8.495,66.85,1021.795,2,16.33333333,2,275,0,30.24933333
29/03/2026 19:00,0,0.01,0,9.465,0,7.25,4.425,8.465,70.75,1022.41,2,13.83333333,2,275.5555556,0,25.61933333
29/03/2026 20:00,0,0,0,8.84,0,6.88,4.32,8.375,73.2,1022.965,2,12.83333333,2,272.2222222,0,23.76733333
29/03/2026 21:00,0,0,0,8.41,0,6.66,4.38,8.39,75.5,1023.24,2,12.88888889,2,272.7777778,0,23.87022222
29/03/2026 22:00,0,0,0,8.015,0,6.455,4.44,8.44,78,1023.49,2,12.44444444,2,268.8888889,0,23.04711111
29/03/2026 23:00,0,0.035,0,7.835,0,6.41,4.57,8.5,79.6,1023.815,2,12.38888889,2,266.6666667,0,22.94422222
30/03/2026 00:00,0,0.045,0,7.78,0,6.365,4.53,8.475,79.7,1024.11,2,12.72222222,2,270,1,23.56155556
30/03/2026 01:00,0,0.015,0,7.765,0,6.365,4.575,8.505,79.95,1024.19,2,12.77777778,2,272.2222222,1,23.66444444
30/03/2026 02:00,0,0.05,0,7.83,0,6.47,4.725,8.58,80.4,1024.185,2,12.94444444,2,273.3333333,1,23.97311111
30/03/2026 03:00,0,0.04,0,7.825,0,6.465,4.73,8.595,80.55,1024.425,2,12.38888889,2,273.8888889,1,22.94422222
30/03/2026 04:00,0,0.02,0,7.91,0,6.355,4.34,8.35,78.1,1024.69,2,12.83333333,2,279.4444444,1,23.76733333
30/03/2026 05:00,0,0.025,0,7.97,0,6.315,4.155,8.24,76.7,1025.37,2,12.61111111,2,281.1111111,1,23.35577778
30/03/2026 06:00,0,0.015,0,7.915,0,6.215,3.985,8.15,75.95,1026.13,2,11.94444444,2,282.2222222,1,22.12111111
30/03/2026 07:00,0,0,0,8.11,0,6.365,4.075,8.21,75.45,1026.825,2,11.66666667,2,286.6666667,1,21.60666667
30/03/2026 08:00,0,0,0,8.755,0,6.87,4.445,8.415,74,1027.66,2,11.33333333,2,284.4444444,1,20.98933333
30/03/2026 09:00,0,0,0,9.575,0,7.4,4.68,8.575,71.25,1028.31,2,11.27777778,2,285.5555556,1,20.88644444
30/03/2026 10:00,0,0,0,10.19,0,7.745,4.725,8.58,68.5,1028.645,2,12.22222222,2,288.3333333,1,22.63555556
30/03/2026 11:00,0,0,0,10.325,0,8.055,5.34,8.95,71.2,1029.06,2,12.16666667,2,285.5555556,1,22.53266667
30/03/2026 12:00,0,0,0,10.63,0,8.325,5.6,9.145,70.9,1029.45,2,11.66666667,2,280,1,21.60666667
30/03/2026 13:00,0,0,0,11.22,0,8.9,6.22,9.54,71.1,1029.635,2,12.05555556,2,280.5555556,1,22.32688889
30/03/2026 14:00,0,0,0,11.31,0,9.225,6.925,10,74.2,1029.55,2,11.83333333,2,275,1,21.91533333
30/03/2026 15:00,0,0,0,11.165,0,9.385,7.455,10.37,77.8,1029.42,2,11.16666667,2,266.1111111,1,20.68066667
30/03/2026 16:00,0,0.01,0,11.16,0,9.625,8,10.775,80.9,1029.31,2,9.833333333,2,264.4444444,1,18.21133333
30/03/2026 17:00,0,0.005,0,11.06,0,9.82,8.53,11.165,84.65,1029.57,2,8.944444444,2,260.5555556,1,16.56511111
30/03/2026 18:00,0,0.005,0,11.005,0,10,8.985,11.5,87.25,1029.535,2,8.611111111,2,258.8888889,1,15.94777778
30/03/2026 19:00,0,0.015,0,10.82,0,10.025,9.21,11.665,89.6,1029.535,2,7.666666667,2,260.5555556,1,14.19866667
30/03/2026 20:00,0,0.015,0,10.74,0,10.115,9.5,11.885,91.6,1029.875,2,8.166666667,2,247.2222222,1,15.12466667
30/03/2026 21:00,0,0.005,0,10.785,0,10.26,9.73,12.07,93,1030.21,2,8.111111111,2,255,1,15.02177778
30/03/2026 22:00,0,0,0,10.77,0,10.3,9.83,12.13,93.55,1030.46,2,7.777777778,2,249.4444444,1,14.40444444
30/03/2026 23:00,0,0,0,10.75,0,10.3,9.86,12.155,93.8,1030.665,2,6.888888889,2,242.7777778,1,12.75822222
31/03/2026 00:00,0,0,0,10.63,0,10.2,9.775,12.095,94.1,1030.78,2,6.777777778,2,243.8888889,1,12.55244444
31/03/2026 01:00,0,0,0,10.385,0,10.03,9.665,12,94.9,1030.74,2,7.611111111,2,245,1,14.09577778
31/03/2026 02:00,0,0,0,10.29,0,9.955,9.625,11.975,95.15,1030.47,2,7.833333333,2,237.7777778,1,14.50733333
31/03/2026 03:00,0,0.015,0,10.265,0,9.94,9.64,11.98,95.55,1030.2,2,7.833333333,2,247.2222222,1,14.50733333
31/03/2026 04:00,0,0.03,0,10.165,0,9.87,9.56,11.925,95.7,1030.17,2,8.611111111,2,248.8888889,1,15.94777778
31/03/2026 05:00,0,0.02,0,10.055,0,9.745,9.395,11.785,95.2,1030.25,2,8.555555556,2,247.7777778,1,15.84488889
31/03/2026 06:00,0,0.015,0,9.96,0,9.56,9.16,11.62,94.4,1030.48,2,8.222222222,2,240.5555556,1,15.22755556
31/03/2026 07:00,0,0.045,0,9.935,0,9.445,8.95,11.445,93.25,1030.73,2,8.055555556,2,241.1111111,1,14.91888889
31/03/2026 08:00,0,0.015,0,10.225,0,9.58,8.905,11.41,91.2,1030.925,2,7.944444444,2,240,1,14.71311111
31/03/2026 09:00,0,0.015,0,10.775,0,9.84,8.875,11.385,87.7,1030.99,2,8.833333333,2,240,1,16.35933333
31/03/2026 10:00,0,0,0,11.565,0,10.135,8.68,11.25,82.25,1031,2,9.222222222,2,242.2222222,1,17.07955556
31/03/2026 11:00,0,0,0,12.12,0,10.245,8.3,10.97,77.3,1030.915,2,10.16666667,2,247.7777778,1,18.82866667
31/03/2026 12:00,0,0.005,0,12.395,0,10.255,8.035,10.78,74.65,1030.635,2,10.77777778,2,247.2222222,1,19.96044444
31/03/2026 13:00,0,0.005,0,12.52,0,10.23,7.83,10.63,73.15,1030.46,2,10.77777778,2,247.7777778,1,19.96044444
31/03/2026 14:00,0,0,0,12.645,0,10.265,7.815,10.62,72.45,1030.095,2,10.88888889,2,244.4444444,1,20.16622222
31/03/2026 15:00,0,0,0,12.405,0,10.065,7.61,10.475,72.65,1029.695,2,10.66666667,2,241.1111111,1,19.75466667
31/03/2026 16:00,0,0,0,12.095,0,9.965,7.71,10.555,74.7,1029.305,2,10.38888889,2,242.7777778,1,19.24022222
31/03/2026 17:00,0,0,0,11.745,0,9.715,7.53,10.415,75.4,1028.985,2,10,2,240,1,18.52
31/03/2026 18:00,0,0,0,11.345,0,9.485,7.46,10.375,77.1,1028.925,2,9.166666667,2,236.1111111,1,16.97666667
31/03/2026 19:00,0,0,0,10.885,0,9.17,7.285,10.24,78.35,1028.92,2,9.111111111,2,238.3333333,1,16.87377778
31/03/2026 20:00,0,0,0,10.595,0,9.025,7.285,10.255,79.85,1028.925,2,8.444444444,2,233.8888889,1,15.63911111
31/03/2026 21:00,0,0,0,10.325,0,8.905,7.34,10.285,81.6,1028.745,2,8,2,227.7777778,1,14.816
31/03/2026 22:00,0,0,0,10.16,0,8.815,7.35,10.27,82.5,1028.39,2,7.777777778,2,223.3333333,1,14.40444444
31/03/2026 23:00,0,0,0,10.075,0,8.79,7.365,10.295,83.1,1028.095,2,8.388888889,2,222.7777778,1,15.53622222
01/04/2026 00:00,0,0.005,0,9.9,0,8.745,7.48,10.37,84.6,1027.85,2,8.555555556,2,219.4444444,1,15.84488889
01/04/2026 01:00,0,0.03,0,9.805,0,8.74,7.565,10.435,85.75,1027.225,2,8.5,2,220.5555556,1,15.742
01/04/2026 02:00,0,0,0,9.71,0,8.69,7.56,10.42,86.15,1026.515,2,8.555555556,2,215,1,15.84488889
01/04/2026 03:00,0,0,0,9.655,0,8.645,7.535,10.41,86.35,1025.715,2,9.222222222,2,211.6666667,1,17.07955556
01/04/2026 04:00,0,0,0,9.59,0,8.665,7.62,10.47,87.3,1025.205,2,9.722222222,2,208.8888889,1,18.00555556
01/04/2026 05:00,0,0,0,9.6,0,8.73,7.775,10.575,88,1024.75,2,9.833333333,2,217.2222222,1,18.21133333
01/04/2026 06:00,0,0.005,0,9.715,0,8.845,7.89,10.655,88.05,1024.38,2,10.33333333,2,217.2222222,1,19.13733333
01/04/2026 07:00,0,0.04,0,9.885,0,9.04,8.14,10.845,88.6,1023.965,2,10.05555556,2,215.5555556,1,18.62288889
01/04/2026 08:00,0,0.115,0,10.32,0,9.405,8.44,11.065,87.8,1023.49,2,10.77777778,2,217.7777778,1,19.96044444
01/04/2026 09:00,0,0.12,0,10.755,0,9.81,8.84,11.36,87.7,1023.08,2,11,2,221.6666667,1,20.372
01/04/2026 10:00,0,0.21,0,11.075,0,10.065,9.05,11.54,87.15,1022.715,2,11.66666667,2,233.3333333,1,21.60666667
01/04/2026 11:00,0,0.375,0,10.905,0,9.775,8.635,11.24,85.85,1022.82,2,12.94444444,2,248.8888889,1,23.97311111
01/04/2026 12:00,0,0.205,0,11.06,0,9.86,8.645,11.245,85,1022.99,2,13.05555556,2,264.4444444,1,24.17888889
01/04/2026 13:00,0,0.14,0,11.37,0,9.83,8.2,10.945,80.5,1023.13,2,12.83333333,2,286.1111111,1,23.76733333
01/04/2026 14:00,0,0.065,0,11.535,0,9.475,7.23,10.25,74.75,1023.425,2,13.61111111,2,297.7777778,1,25.20777778
01/04/2026 15:00,0,0.065,0,11.22,0,8.89,6.225,9.54,71.15,1023.675,2,13.77777778,2,314.4444444,1,25.51644444
01/04/2026 16:00,0,0.01,0,10.795,0,8.14,4.945,8.71,67,1023.82,2,13.83333333,2,315,1,25.61933333
01/04/2026 17:00,0,0.005,0,10.305,0,7.545,4.09,8.195,65.25,1024.11,2,13.5,2,318.8888889,1,25.002
01/04/2026 18:00,0,0.015,0,9.36,0,6.805,3.465,7.835,66.4,1024.695,2,12.16666667,2,323.3333333,1,22.53266667
01/04/2026 19:00,0,0,0,7.92,0,5.815,2.95,7.55,70.65,1025.105,2,10.72222222,2,322.7777778,1,19.85755556
01/04/2026 20:00,0,0,0,6.47,0,4.875,2.62,7.385,76.1,1025.42,2,7.5,2,326.6666667,1,13.89
01/04/2026 21:00,0,0,0,5.54,0,4.185,2.18,7.155,78.9,1025.765,2,6.111111111,2,314.4444444,1,11.31777778
01/04/2026 22:00,0,0,0,4.895,0,3.7,1.925,7.03,81,1025.945,2,5.777777778,2,291.6666667,1,10.70044444
01/04/2026 23:00,0,0,0,4.22,0,3.18,1.645,6.89,83.6,1026.09,2,5.277777778,2,294.4444444,1,9.774444444
02/04/2026 00:00,0,0,0,3.62,0,2.71,1.27,6.71,84.9,1025.89,2,4.5,2,267.7777778,1,8.334
02/04/2026 01:00,0,0,0,3.11,0,2.31,1.05,6.605,86.8,1025.55,2,4.333333333,2,255.5555556,1,8.025333333
02/04/2026 02:00,0,0,0,2.53,0,1.86,0.795,6.5,88.5,1025.03,2,3.777777778,2,249.4444444,1,6.996444444
02/04/2026 03:00,0,0,0,2.25,0,1.615,0.63,6.405,89.25,1024.58,2,3.722222222,2,225,1,6.893555556
02/04/2026 04:00,0,0,0,2.045,0,1.5,0.655,6.435,90.65,1024.255,2,3.333333333,2,171.1111111,1,6.173333333
02/04/2026 05:00,0,0,0,2.22,0,1.625,0.735,6.49,90.15,1023.735,2,3.555555556,2,192.7777778,1,6.584888889
02/04/2026 06:00,0,0.005,0,2.485,0,1.885,0.98,6.585,90.05,1023.18,2,4.388888889,2,175,1,8.128222222
02/04/2026 07:00,0,0.025,0,3.34,0,2.82,2.065,7.11,91.25,1022.82,2,4.944444444,2,167.7777778,1,9.157111111
02/04/2026 08:00,0,0.07,0,4.925,0,4.185,3.15,7.695,88.45,1022.37,2,5.888888889,2,167.7777778,1,10.90622222
02/04/2026 09:00,0,0.095,0,6.525,0,5.405,3.895,8.1,83.2,1021.795,2,7.611111111,2,172.7777778,1,14.09577778
02/04/2026 10:00,0,0.095,0,7.73,0,6.095,3.86,8.08,76.5,1020.85,2,9.444444444,2,178.8888889,1,17.49111111
02/04/2026 11:00,0,0.17,0,8.31,0,6.525,4.165,8.3,75.5,1019.905,2,11.22222222,2,184.4444444,1,20.78355556
02/04/2026 12:00,0,0.305,0,8.435,0,6.805,4.675,8.6,77.65,1018.67,2,11.88888889,2,185,1,22.01822222
02/04/2026 13:00,0,0.54,0,8.4,0,7.135,5.525,9.11,82.45,1017.645,2,12.61111111,2,187.2222222,1,23.35577778
02/04/2026 14:00,0,0.665,0,8.48,0,7.415,6.095,9.45,84.95,1016.315,2,13.33333333,2,187.2222222,1,24.69333333
02/04/2026 15:00,0,0.665,0,8.445,0,7.605,6.62,9.8,87.9,1014.725,2,14.33333333,2,188.3333333,1,26.54533333
02/04/2026 16:00,0,0.725,0,8.48,0,7.78,6.955,10.015,89.7,1013.16,2,14.33333333,2,185,1,26.54533333
02/04/2026 17:00,0,0.675,0,8.55,0,7.91,7.16,10.165,90.6,1011.765,2,14.44444444,2,186.6666667,1,26.75111111
02/04/2026 18:00,0,0.595,0,8.755,0,8.185,7.515,10.43,91.7,1010.515,2,15.11111111,2,188.3333333,1,27.98577778
02/04/2026 19:00,0,0.495,0,8.995,0,8.49,7.895,10.705,92.5,1009.32,2,15.11111111,2,192.2222222,1,27.98577778
02/04/2026 20:00,0,0.33,0,9.29,0,8.835,8.31,11,93.3,1008.45,2,14.61111111,2,197.2222222,1,27.05977778
02/04/2026 21:00,0,0.24,0,9.595,0,9.135,8.635,11.225,93.4,1007.485,2,14.05555556,2,206.6666667,1,26.03088889
02/04/2026 22:00,0,0.24,0,9.78,0,9.33,8.845,11.385,93.5,1006.615,2,13.88888889,2,213.8888889,1,25.72222222
02/04/2026 23:00,0,0.135,0,9.73,0,9.32,8.9,11.435,94.4,1005.96,2,12.55555556,2,217.7777778,1,23.25288889
03/04/2026 00:00,0,0.18,0,9.725,0,9.285,8.825,11.385,94,1005.46,2,11.44444444,2,223.3333333,1,21.19511111
03/04/2026 01:00,0,0.125,0,9.575,0,9.15,8.715,11.31,94.15,1005.085,2,11.16666667,2,234.4444444,1,20.68066667
03/04/2026 02:00,0,0.115,0,9.545,0,9.115,8.665,11.275,94,1004.725,2,11,2,232.7777778,1,20.372
03/04/2026 03:00,0,0.08,0,9.51,0,9.045,8.555,11.21,93.6,1004.18,2,10.33333333,2,238.3333333,1,19.13733333
03/04/2026 04:00,0,0.12,0,9.435,0,8.945,8.4,11.1,92.85,1003.825,2,9.888888889,2,236.1111111,1,18.31422222
03/04/2026 05:00,0,0.12,0,9.365,0,8.835,8.285,11,92.6,1003.385,2,9.833333333,2,230.5555556,1,18.21133333
03/04/2026 06:00,0,0.13,0,9.295,0,8.84,8.35,11.045,93.45,1003.055,2,9.666666667,2,231.1111111,1,17.90266667
03/04/2026 07:00,0,0.15,0,9.45,0,9.005,8.525,11.185,93.75,1002.69,2,9.444444444,2,222.2222222,1,17.49111111
03/04/2026 08:00,0,0.34,0,9.87,0,9.35,8.825,11.425,92.95,1002.685,2,11.11111111,2,225.5555556,1,20.57777778
03/04/2026 09:00,0,0.62,0,10.365,0,9.645,8.915,11.46,90.4,1002.96,2,13.27777778,2,240.5555556,1,24.59044444
03/04/2026 10:00,0,0.41,0,10.65,0,9.525,8.375,11.07,85.6,1003.47,2,14.83333333,2,254.4444444,1,27.47133333
03/04/2026 11:00,0,0.09,0,10.73,0,9.125,7.385,10.335,79.75,1004.37,2,16.11111111,2,265.5555556,1,29.83777778
03/04/2026 12:00,0,0.235,0,10.69,0,8.82,6.755,9.905,76.8,1005.265,2,16.44444444,2,276.1111111,1,30.45511111
03/04/2026 13:00,0,0.035,0,10.52,0,8.3,5.71,9.215,72.1,1006.235,2,16.33333333,2,275,1,30.24933333
03/04/2026 14:00,0,0.055,0,10.585,0,7.93,4.715,8.58,66.9,1007.135,2,16.66666667,2,275.5555556,1,30.86666667
03/04/2026 15:00,0,0.035,0,10.49,0,7.61,3.965,8.145,63.65,1007.86,2,15.88888889,2,275.5555556,1,29.42622222
03/04/2026 16:00,0,0.025,0,9.99,0,7.12,3.39,7.835,63.6,1008.775,2,15.44444444,2,277.2222222,1,28.60311111
03/04/2026 17:00,0,0.05,0,9.43,0,6.66,2.955,7.57,64,1009.65,2,13.83333333,2,274.4444444,1,25.61933333
03/04/2026 18:00,0,0.015,0,8.69,0,6.07,2.5,7.34,65.05,1010.33,2,12.44444444,2,271.1111111,1,23.04711111
03/04/2026 19:00,0,0.075,0,7.355,0,5.315,2.445,7.32,70.9,1011.08,2,11.27777778,2,267.7777778,1,20.88644444
03/04/2026 20:00,0,0.005,0,6.64,0,4.95,2.535,7.36,74.75,1011.94,2,9.444444444,2,263.8888889,1,17.49111111
03/04/2026 21:00,0,0.015,0,6.045,0,4.555,2.41,7.295,77.3,1012.57,2,8.166666667,2,258.3333333,1,15.12466667
03/04/2026 22:00,0,0.095,0,5.665,0,4.35,2.485,7.33,79.75,1012.9,2,7,2,248.8888889,1,12.964
03/04/2026 23:00,0,0.04,0,5.46,0,4.295,2.64,7.415,81.85,1013.06,2,6.444444444,2,247.7777778,1,11.93511111
04/04/2026 00:00,0,0.035,0,5.265,0,4.23,2.74,7.47,83.7,1013.115,2,5.722222222,2,218.3333333,0,10.59755556
04/04/2026 01:00,0,0.045,0,5.05,0,4.145,2.85,7.535,85.65,1013.09,2,5.055555556,2,211.6666667,0,9.362888889
04/04/2026 02:00,0,0.135,0,4.99,0,4.235,3.155,7.695,87.7,1012.63,2,4.944444444,2,195.5555556,0,9.157111111
04/04/2026 03:00,0,0.28,0,4.915,0,4.285,3.375,7.825,89.4,1011.8,2,4.722222222,2,200,0,8.745555556
04/04/2026 04:00,0,0.15,0,5,0,4.465,3.69,8.015,90.85,1010.935,2,5.333333333,2,146.1111111,0,9.877333333
04/04/2026 05:00,0,0.205,0,5.195,0,4.725,4.035,8.235,91.8,1009.88,2,5.888888889,2,133.8888889,0,10.90622222
04/04/2026 06:00,0,0.45,0,5.645,0,5.14,4.41,8.49,91.45,1008.845,2,7.611111111,2,135.5555556,0,14.09577778
04/04/2026 07:00,0,0.745,0,5.885,0,5.315,4.575,8.57,91,1007.675,2,9.277777778,2,135.5555556,0,17.18244444
04/04/2026 08:00,0,0.915,0,6.11,0,5.505,4.745,8.67,90.6,1006.14,2,11.11111111,2,140.5555556,0,20.57777778
04/04/2026 09:00,0,0.96,0,6.595,0,5.945,5.15,8.93,90.15,1004.56,2,12.38888889,2,141.6666667,0,22.94422222
04/04/2026 10:00,0,0.71,0,7.585,0,6.755,5.77,9.33,87.95,1002.485,2,13.55555556,2,150,0,25.10488889
04/04/2026 11:00,0,0.7,0,8.855,0,7.77,6.59,9.85,85.75,1000.25,2,16,2,158.3333333,0,29.632
04/04/2026 12:00,0,1.03,0,9.945,0,8.705,7.37,10.345,84,998.14,2,18.05555556,2,166.1111111,0,33.43888889
04/04/2026 13:00,0,0.72,0,10.58,0,9.18,7.68,10.52,82.15,996.29,2,19.94444444,2,178.3333333,0,36.93711111
04/04/2026 14:00,0,0.515,0,10.59,0,9.205,7.725,10.55,82.3,994.22,2,21.16666667,2,185.5555556,0,39.20066667
04/04/2026 15:00,0,0.83,0,10.23,0,9.055,7.785,10.585,84.6,991.96,2,21.05555556,2,188.8888889,0,38.99488889
04/04/2026 16:00,0,1.655,0,10.115,0,8.96,7.7,10.545,85,989.765,2,20.05555556,2,182.2222222,0,37.14288889
04/04/2026 17:00,0,0.975,0,9.375,0,8.015,6.385,9.69,82,988.845,2,22.66666667,2,214.4444444,0,41.97866667
04/04/2026 18:00,0,0.655,0,8.465,0,6.875,4.885,8.69,78.4,989.445,2,22.94444444,2,221.1111111,0,42.49311111
04/04/2026 19:00,0,0.29,0,7.03,0,5.615,3.795,8.035,79.7,991.82,2,21.94444444,2,261.6666667,0,40.64111111
04/04/2026 20:00,0,0.16,0,6.29,0,4.925,3.055,7.625,79.45,995.2,2,19.94444444,2,275,0,36.93711111
04/04/2026 21:00,0,0.115,0,5.645,0,4.45,2.715,7.45,81.05,998.475,2,16.94444444,2,276.6666667,0,31.38111111
04/04/2026 22:00,0,0.25,0,5.505,0,4.39,2.78,7.465,82.3,1000.775,2,15.38888889,2,273.8888889,0,28.50022222
04/04/2026 23:00,0,0.165,0,5.39,0,4.255,2.63,7.385,82.2,1002.67,2,14.05555556,2,270.5555556,0,26.03088889
05/04/2026 00:00,0,0.115,0,5.175,0,4.095,2.5,7.315,82.45,1004.285,2,12.38888889,2,266.1111111,0,22.94422222
05/04/2026 01:00,0,0.205,0,4.85,0,3.93,2.58,7.365,85.2,1005.61,2,11.5,2,262.2222222,0,21.298
05/04/2026 02:00,0,0.135,0,4.695,0,3.725,2.27,7.195,84.05,1006.72,2,11.27777778,2,265,0,20.88644444
05/04/2026 03:00,0,0.14,0,4.475,0,3.455,1.885,7.005,83.15,1007.685,2,11.88888889,2,262.7777778,0,22.01822222
05/04/2026 04:00,0,0.12,0,3.85,0,2.865,1.3,6.71,83.4,1008.6,2,11.33333333,2,260.5555556,0,20.98933333
05/04/2026 05:00,0,0.155,0,3.48,0,2.605,1.23,6.69,85.1,1009.615,2,12.11111111,2,257.7777778,0,22.42977778
05/04/2026 06:00,0,0.11,0,3.255,0,2.35,0.875,6.515,84.35,1010.655,2,11.5,2,250.5555556,0,21.298
05/04/2026 07:00,0,0.125,0,3.6,0,2.57,0.955,6.56,82.75,1011.62,2,10.22222222,2,248.3333333,0,18.93155556
05/04/2026 08:00,0,0.165,0,4.69,0,3.38,1.32,6.715,78.5,1012.495,2,11.44444444,2,248.8888889,0,21.19511111
05/04/2026 09:00,0,0.065,0,6.095,0,4.17,1.215,6.675,70.7,1013.575,2,13.44444444,2,252.2222222,0,24.89911111
05/04/2026 10:00,0,0.075,0,6.83,0,4.63,1.365,6.76,68.1,1014.715,2,13.77777778,2,253.8888889,0,25.51644444
05/04/2026 11:00,0,0.015,0,7.7,0,5.125,1.365,6.75,64.05,1015.72,2,14.22222222,2,252.2222222,0,26.33955556
05/04/2026 12:00,0,0.05,0,7.96,0,5.13,0.885,6.545,61.25,1016.54,2,14,2,255,0,25.928
05/04/2026 13:00,0,0.02,0,8.675,0,5.52,0.81,6.53,58.05,1017.29,2,13.83333333,2,253.3333333,0,25.61933333
05/04/2026 14:00,0,0.01,0,8.98,0,5.7,0.87,6.54,56.7,1017.955,2,13,2,255.5555556,0,24.076
05/04/2026 15:00,0,0.045,0,9.055,0,5.785,0.99,6.595,56.75,1018.47,2,12.27777778,2,243.8888889,0,22.73844444
05/04/2026 16:00,0,0.005,0,9.135,0,5.7,0.625,6.425,55.05,1018.79,2,11.77777778,2,244.4444444,0,21.81244444
05/04/2026 17:00,0,0,0,8.945,0,5.53,0.405,6.335,55,1019.285,2,10.88888889,2,243.3333333,0,20.16622222
05/04/2026 18:00,0,0,0,8.17,0,5.2,0.725,6.47,59.25,1019.625,2,9.666666667,2,229.4444444,0,17.90266667
05/04/2026 19:00,0,0,0,6.84,0,4.625,1.26,6.735,67.15,1019.695,2,7.5,2,221.6666667,0,13.89
05/04/2026 20:00,0,0,0,5.775,0,3.995,1.255,6.715,72.4,1020.07,2,6.222222222,2,206.1111111,0,11.52355556
05/04/2026 21:00,0,0,0,5.36,0,3.875,1.66,6.94,76.7,1020.105,2,6.5,2,176.6666667,0,12.038
05/04/2026 22:00,0,0,0,5.31,0,3.895,1.805,7,77.9,1020.055,2,7.222222222,2,156.1111111,0,13.37555556
05/04/2026 23:00,0,0,0,5.13,0,3.78,1.755,6.97,78.6,1020.09,2,7.555555556,2,153.3333333,0,13.99288889
06/04/2026 00:00,0,0,0,5.26,0,3.92,1.945,7.085,78.85,1020.015,2,8.222222222,2,150,1,15.22755556
06/04/2026 01:00,0,0,0,5.49,0,4.2,2.365,7.31,80.1,1019.685,2,8.611111111,2,147.7777778,1,15.94777778
06/04/2026 02:00,0,0,0,5.955,0,4.63,2.79,7.515,79.75,1019.115,2,9.333333333,2,146.6666667,1,17.28533333
06/04/2026 03:00,0,0,0,6.345,0,5.075,3.315,7.815,80.75,1018.49,2,10.11111111,2,146.1111111,1,18.72577778
06/04/2026 04:00,0,0,0,6.57,0,5.34,3.63,7.985,81.15,1017.815,2,11.27777778,2,142.7777778,1,20.88644444
06/04/2026 05:00,0,0.03,0,6.905,0,5.73,4.17,8.295,82.35,1017.245,2,12,2,142.7777778,1,22.224
06/04/2026 06:00,0,0.02,0,7.26,0,6.14,4.665,8.615,83.3,1016.765,2,13.11111111,2,140,1,24.28177778
06/04/2026 07:00,0,0,0,8.065,0,6.775,5.145,8.9,81.5,1016.61,2,13.77777778,2,143.3333333,1,25.51644444
06/04/2026 08:00,0,0.015,0,8.84,0,7.47,5.79,9.275,80.75,1016.575,2,14.22222222,2,145,1,26.33955556
06/04/2026 09:00,0,0.01,0,9.525,0,8.11,6.465,9.705,81,1016.555,2,14.66666667,2,149.4444444,1,27.16266667
06/04/2026 10:00,0,0.035,0,10.285,0,8.77,7.065,10.1,80.2,1016.505,2,15.22222222,2,152.7777778,1,28.19155556
06/04/2026 11:00,0,0.005,0,10.795,0,9.185,7.42,10.35,79.4,1016.44,2,16.05555556,2,153.8888889,1,29.73488889
06/04/2026 12:00,0,0.04,0,11.245,0,9.515,7.665,10.52,78.55,1016.265,2,15.61111111,2,152.7777778,1,28.91177778
06/04/2026 13:00,0,0.02,0,11.66,0,9.85,7.93,10.695,77.8,1016.06,2,15.66666667,2,156.6666667,1,29.01466667
06/04/2026 14:00,0,0,0,12.22,0,10.045,7.745,10.58,73.95,1015.74,2,15,2,155,1,27.78
06/04/2026 15:00,0,0,0,12.445,0,10.14,7.72,10.55,72.8,1015.36,2,15.38888889,2,156.1111111,1,28.50022222
06/04/2026 16:00,0,0,0,12.325,0,10.035,7.59,10.46,72.8,1015.165,2,15.05555556,2,155,1,27.88288889
06/04/2026 17:00,0,0,0,12.065,0,9.875,7.555,10.43,73.8,1015.115,2,14.55555556,2,155.5555556,1,26.95688889
06/04/2026 18:00,0,0,0,11.735,0,9.63,7.35,10.295,74.55,1015.015,2,13.16666667,2,152.2222222,1,24.38466667
06/04/2026 19:00,0,0,0,11.23,0,9.33,7.275,10.23,76.35,1015.01,2,12.33333333,2,148.3333333,1,22.84133333
06/04/2026 20:00,0,0,0,10.74,0,9.035,7.16,10.15,78.5,1015.155,2,11.27777778,2,144.4444444,1,20.88644444
06/04/2026 21:00,0,0,0,10.535,0,8.91,7.085,10.095,79,1015.16,2,10.22222222,2,135,1,18.93155556
06/04/2026 22:00,0,0,0,10.39,0,8.855,7.14,10.135,80.05,1014.98,2,10.72222222,2,129.4444444,1,19.85755556
06/04/2026 23:00,0,0,0,10.165,0,8.765,7.185,10.185,81.4,1014.92,2,10.72222222,2,132.7777778,1,19.85755556
07/04/2026 00:00,0,0,0,10.135,0,8.75,7.2,10.17,81.45,1014.81,2,10.16666667,2,129.4444444,1,18.82866667
07/04/2026 01:00,0,0,0,9.83,0,8.46,6.9,9.985,81.65,1014.53,2,10.61111111,2,125,1,19.65177778
07/04/2026 02:00,0,0,0,9.745,0,8.41,6.9,9.99,82.05,1014.195,2,9.611111111,2,115,1,17.79977778
07/04/2026 03:00,0,0,0,9.945,0,8.575,7.035,10.085,81.7,1013.79,2,9.444444444,2,113.3333333,1,17.49111111
07/04/2026 04:00,0,0,0,9.995,0,8.635,7.12,10.145,82.1,1013.51,2,9.5,2,110.5555556,1,17.594
07/04/2026 05:00,0,0,0,10.36,0,8.885,7.25,10.235,80.9,1013.52,2,8.888888889,2,109.4444444,1,16.46222222
07/04/2026 06:00,0,0.01,0,10.375,0,8.895,7.28,10.25,81,1013.73,2,9.388888889,2,120.5555556,1,17.38822222
07/04/2026 07:00,0,0.01,0,10.835,0,9.325,7.665,10.52,80.65,1013.97,2,9.888888889,2,113.3333333,1,18.31422222
07/04/2026 08:00,0,0.08,0,11.885,0,10.11,8.3,10.97,78.55,1014.085,2,9.833333333,2,117.7777778,1,18.21133333
07/04/2026 09:00,0,0.22,0,12.79,0,10.755,8.715,11.29,76.3,1014.15,2,10.27777778,2,123.3333333,1,19.03444444
07/04/2026 10:00,0,0.12,0,13.54,0,11.27,9.065,11.565,74.7,1014.415,2,10,2,123.3333333,1,18.52
07/04/2026 11:00,0,0.2,0,13.945,0,11.67,9.5,11.91,75.2,1014.445,2,10.72222222,2,128.8888889,1,19.85755556
07/04/2026 12:00,0,0.22,0,14.11,0,11.8,9.61,11.99,75.3,1014.47,2,10.22222222,2,132.2222222,1,18.93155556
07/04/2026 13:00,0,0.15,0,14.165,0,11.945,9.895,12.22,76.5,1014.43,2,9.388888889,2,133.3333333,1,17.38822222
07/04/2026 14:00,0,0.235,0,14.235,0,12.165,10.295,12.56,78.15,1014.62,2,8.055555556,2,148.8888889,1,14.91888889
07/04/2026 15:00,0,0.22,0,14.1,0,12.155,10.375,12.62,79.1,1014.945,2,7.555555556,2,151.1111111,1,13.99288889
07/04/2026 16:00,0,0.11,0,13.9,0,12.055,10.375,12.615,80.15,1015.525,2,7.333333333,2,167.7777778,1,13.58133333
07/04/2026 17:00,0,0.035,0,13.47,0,11.87,10.44,12.675,82.3,1016.285,2,6.722222222,2,181.1111111,1,12.44955556
07/04/2026 18:00,0,0.02,0,12.81,0,11.54,10.37,12.605,85.3,1016.96,2,6.444444444,2,204.4444444,1,11.93511111
07/04/2026 19:00,0,0,0,12.18,0,11.105,10.095,12.385,87,1017.84,2,5.722222222,2,233.3333333,1,10.59755556
07/04/2026 20:00,0,0,0,11.395,0,10.55,9.745,12.075,89.35,1018.935,2,4.888888889,2,265.5555556,1,9.054222222
07/04/2026 21:00,0,0,0,10.695,0,10.03,9.365,11.81,91.2,1019.705,2,4.277777778,2,253.8888889,1,7.922444444
07/04/2026 22:00,0,0,0,10.145,0,9.635,9.1,11.59,92.85,1020.18,2,4.722222222,2,269.4444444,1,8.745555556
07/04/2026 23:00,0,0,0,9.965,0,9.465,8.965,11.49,93.1,1020.705,2,4.722222222,2,261.6666667,1,8.745555556
08/04/2026 00:00,0,0,0,9.54,0,9.045,8.5,11.165,92.8,1021.17,2,4.055555556,2,260.5555556,1,7.510888889
08/04/2026 01:00,0,0,0,9.17,0,8.72,8.195,10.925,93.15,1021.435,2,4,2,253.3333333,1,7.408
08/04/2026 02:00,0,0,0,9.105,0,8.64,8.12,10.885,93.25,1021.705,2,3.666666667,2,259.4444444,1,6.790666667
08/04/2026 03:00,0,0,0,8.995,0,8.475,7.92,10.71,92.6,1021.965,2,4,2,249.4444444,1,7.408
08/04/2026 04:00,0,0,0,8.7,0,8.215,7.685,10.57,93.05,1022.12,2,3.444444444,2,261.6666667,1,6.379111111
08/04/2026 05:00,0,0.005,0,8.53,0,8.055,7.565,10.485,93.25,1022.19,2,3.444444444,2,233.8888889,1,6.379111111
08/04/2026 06:00,0,0,0,8.295,0,7.855,7.335,10.315,93.25,1022.5,2,3,2,222.2222222,1,5.556
08/04/2026 07:00,0,0,0,8.725,0,8.17,7.515,10.46,91.95,1022.91,2,3.777777778,2,245.5555556,1,6.996444444
08/04/2026 08:00,0,0,0,9.5,0,8.64,7.645,10.56,87.95,1023.135,2,4.388888889,2,245,1,8.128222222
08/04/2026 09:00,0,0,0,10.515,0,9.12,7.58,10.5,81.9,1023.295,2,5.388888889,2,248.8888889,1,9.980222222
08/04/2026 10:00,0,0,0,11.01,0,9.235,7.26,10.28,77.4,1023.26,2,6.666666667,2,246.6666667,1,12.34666667
08/04/2026 11:00,0,0,0,11.665,0,9.57,7.265,10.29,74.1,1023.145,2,7.333333333,2,214.4444444,1,13.58133333
08/04/2026 12:00,0,0,0,12.405,0,10.035,7.51,10.465,72.05,1022.605,2,8.666666667,2,208.3333333,1,16.05066667
08/04/2026 13:00,0,0,0,12.975,0,10.22,7.27,10.305,68.1,1022.11,2,9.166666667,2,225,1,16.97666667
08/04/2026 14:00,0,0,0,13.04,0,10.22,7.225,10.265,67.8,1021.665,2,9.888888889,2,226.6666667,1,18.31422222
08/04/2026 15:00,0,0,0,13.19,0,10.255,7.15,10.21,66.95,1021.255,2,10.05555556,2,224.4444444,1,18.62288889
08/04/2026 16:00,0,0,0,13.035,0,10.17,7.1,10.215,67.5,1020.745,2,9.944444444,2,218.8888889,1,18.41711111
08/04/2026 17:00,0,0,0,12.595,0,9.865,6.945,10.055,68.65,1020.48,2,9.888888889,2,223.8888889,1,18.31422222
08/04/2026 18:00,0,0,0,11.825,0,9.38,6.65,9.865,70.75,1020.235,2,9.388888889,2,222.2222222,1,17.38822222
08/04/2026 19:00,0,0.015,0,10.79,0,8.705,6.315,9.625,74.2,1020.04,2,9,2,229.4444444,1,16.668
08/04/2026 20:00,0,0.045,0,10.18,0,8.6,6.785,9.935,79.65,1019.955,2,8.388888889,2,224.4444444,1,15.53622222
08/04/2026 21:00,0,0.07,0,9.84,0,8.525,6.995,10.075,82.55,1019.67,2,8.888888889,2,210.5555556,1,16.46222222
08/04/2026 22:00,0,0.05,0,9.45,0,8.36,7.095,10.135,85.15,1019.215,2,8.944444444,2,211.1111111,1,16.56511111
08/04/2026 23:00,0,0.1,0,9.485,0,8.47,7.295,10.265,86.25,1018.65,2,8.888888889,2,211.1111111,1,16.46222222
09/04/2026 00:00,0,0.1,0,9.485,0,8.54,7.47,10.375,87.2,1018.14,2,8.777777778,2,206.1111111,1,16.25644444
09/04/2026 01:00,0,0.085,0,9.535,0,8.715,7.785,10.605,88.8,1017.57,2,8.277777778,2,210,1,15.33044444
09/04/2026 02:00,0,0.13,0,9.415,0,8.575,7.645,10.48,88.4,1016.89,2,8.611111111,2,218.3333333,1,15.94777778
09/04/2026 03:00,0,0.065,0,8.975,0,8.255,7.41,10.325,89.55,1016.165,2,8.388888889,2,215.5555556,1,15.53622222
09/04/2026 04:00,0,0.045,0,8.79,0,7.985,7.035,10.085,88.55,1015.79,2,8.222222222,2,228.3333333,1,15.22755556
09/04/2026 05:00,0,0.06,0,8.295,0,7.51,6.565,9.76,88.5,1015.745,2,9.055555556,2,235,1,16.77088889
09/04/2026 06:00,0,0.18,0,7.92,0,7.065,6.02,9.4,87.5,1015.845,2,9.333333333,2,239.4444444,1,17.28533333
09/04/2026 07:00,0,0.085,0,7.795,0,6.775,5.515,9.08,85.25,1015.93,2,9.944444444,2,243.8888889,1,18.41711111
09/04/2026 08:00,0,0.07,0,8.02,0,6.675,5,8.77,81.05,1016.345,2,11.55555556,2,251.1111111,1,21.40088889
09/04/2026 09:00,0,0.145,0,7.81,0,6.31,4.375,8.375,78.7,1016.64,2,13.22222222,2,262.7777778,1,24.48755556
09/04/2026 10:00,0,0.185,0,7.49,0,5.745,3.335,7.79,74.85,1017.375,2,14.77777778,2,267.2222222,1,27.36844444
09/04/2026 11:00,0,0.05,0,8,0,5.865,2.885,7.545,70,1017.755,2,15.27777778,2,268.8888889,1,28.29444444
09/04/2026 12:00,0,0.08,0,8.27,0,5.785,2.31,7.23,65.8,1018.01,2,16.66666667,2,272.2222222,1,30.86666667
09/04/2026 13:00,0,0.12,0,8.35,0,5.855,2.365,7.28,66.15,1018.2,2,17.55555556,2,272.7777778,1,32.51288889
09/04/2026 14:00,0,0.12,0,8.58,0,5.775,1.79,6.97,62.55,1018.56,2,17.61111111,2,271.1111111,1,32.61577778
09/04/2026 15:00,0,0.15,0,8.27,0,5.495,1.47,6.815,62.65,1018.845,2,18.11111111,2,272.2222222,1,33.54177778
09/04/2026 16:00,0,0.14,0,7.93,0,5.365,1.615,6.9,64.9,1019.22,2,17.61111111,2,272.7777778,1,32.61577778
09/04/2026 17:00,0,0.24,0,7.54,0,5.09,1.485,6.835,66.2,1019.685,2,16.55555556,2,276.6666667,1,30.66088889
09/04/2026 18:00,0,0.06,0,7.25,0,4.79,1.09,6.63,64.65,1020.18,2,15.05555556,2,278.3333333,1,27.88288889
09/04/2026 19:00,0,0.03,0,6.295,0,4.085,0.66,6.42,67.1,1020.785,2,13.44444444,2,278.3333333,1,24.89911111
09/04/2026 20:00,0,0.03,0,5.62,0,3.59,0.4,6.29,69.25,1021.475,2,11.88888889,2,277.7777778,1,22.01822222
09/04/2026 21:00,0,0.055,0,4.935,0,3.35,0.84,6.505,74.7,1021.87,2,10.38888889,2,262.7777778,1,19.24022222
09/04/2026 22:00,0,0.055,0,4.675,0,3.195,0.815,6.48,75.8,1022.01,2,9.277777778,2,262.2222222,1,17.18244444
09/04/2026 23:00,0,0.02,0,4.605,0,3.16,0.89,6.525,76.75,1021.995,2,8.388888889,2,256.1111111,1,15.53622222
10/04/2026 00:00,0,0.005,0,4.075,0,2.84,0.855,6.51,79.6,1021.74,2,7.277777778,2,231.1111111,1,13.47844444
10/04/2026 01:00,0,0.005,0,3.715,0,2.63,0.91,6.54,81.8,1021.31,2,6.5,2,211.6666667,1,12.038
10/04/2026 02:00,0,0,0,3.585,0,2.54,0.89,6.54,82.65,1020.625,2,5.888888889,2,195.5555556,1,10.90622222
10/04/2026 03:00,0,0,0,3.52,0,2.525,0.975,6.575,83.55,1019.685,2,5.888888889,2,187.2222222,1,10.90622222
10/04/2026 04:00,0,0.005,0,3.475,0,2.55,1.1,6.635,84.6,1018.92,2,5.888888889,2,180.5555556,1,10.90622222
10/04/2026 05:00,0,0.035,0,3.615,0,2.765,1.45,6.81,85.65,1017.91,2,5.833333333,2,168.8888889,1,10.80333333
10/04/2026 06:00,0,0.075,0,3.94,0,3.075,1.72,6.94,85.35,1016.835,2,7.333333333,2,160,1,13.58133333
10/04/2026 07:00,0,0.165,0,4.365,0,3.43,2.05,7.105,84.9,1016.03,2,8.666666667,2,151.6666667,1,16.05066667
10/04/2026 08:00,0,0.205,0,5.325,0,4.215,2.61,7.385,82.4,1015.135,2,10.16666667,2,156.1111111,1,18.82866667
10/04/2026 09:00,0,0.385,0,6.105,0,4.74,2.735,7.475,79.05,1013.845,2,12.33333333,2,158.8888889,1,22.84133333
10/04/2026 10:00,0,0.405,0,6.51,0,5.06,2.98,7.615,78.4,1012.275,2,14.88888889,2,160.5555556,1,27.57422222
10/04/2026 11:00,0,0.495,0,6.865,0,5.515,3.65,7.98,80.15,1010.3,2,16.44444444,2,156.1111111,1,30.45511111
10/04/2026 12:00,0,0.705,0,6.99,0,5.78,4.105,8.24,82.05,1008.675,2,17.88888889,2,157.2222222,1,33.13022222
10/04/2026 13:00,0,0.88,0,7.095,0,6.05,4.65,8.55,84.65,1006.61,2,19,2,156.1111111,1,35.188
10/04/2026 14:00,0,0.92,0,7.285,0,6.295,5.025,8.78,85.55,1004.48,2,19.77777778,2,155.5555556,1,36.62844444
10/04/2026 15:00,0,0.955,0,7.57,0,6.62,5.39,9.01,85.9,1001.87,2,21.11111111,2,153.8888889,1,39.09777778
10/04/2026 16:00,0,1.11,0,7.505,0,6.64,5.565,9.11,87.25,999.875,2,21.72222222,2,155.5555556,1,40.22955556
10/04/2026 17:00,0,1.355,0,7.225,0,6.39,5.315,8.96,87.45,998.39,2,20.72222222,2,168.8888889,1,38.37755556
10/04/2026 18:00,0,1.19,0,6.945,0,6.05,4.87,8.69,86.45,997.565,2,19,2,183.3333333,1,35.188
10/04/2026 19:00,0,1.05,0,6.67,0,5.54,3.97,8.17,83.15,997.215,2,16.55555556,2,193.8888889,1,30.66088889
10/04/2026 20:00,0,0.715,0,6.15,0,5.07,3.495,7.935,83.3,996.905,2,13.77777778,2,202.2222222,1,25.51644444
10/04/2026 21:00,0,0.66,0,5.37,0,4.505,3.235,7.765,86.1,996.975,2,12.33333333,2,199.4444444,1,22.84133333
10/04/2026 22:00,0,0.265,0,4.74,0,3.97,2.76,7.5,87,996.59,2,10.83333333,2,188.8888889,1,20.06333333
10/04/2026 23:00,0,0.11,0,4.48,0,3.61,2.3,7.26,85.75,996.165,2,11.88888889,2,188.8888889,1,22.01822222
11/04/2026 00:00,0,0.085,0,4.215,0,3.305,1.855,7.015,84.6,995.88,2,13.61111111,2,198.3333333,0,25.20777778
11/04/2026 01:00,0,0.19,0,4.115,0,3.115,1.57,6.88,83.65,995.365,2,13.83333333,2,202.2222222,0,25.61933333
11/04/2026 02:00,0,0.14,0,3.93,0,2.88,1.195,6.685,82.45,994.9,2,14.61111111,2,206.6666667,0,27.05977778
11/04/2026 03:00,0,0.04,0,3.9,0,2.73,0.86,6.515,80.5,994.075,2,15.44444444,2,201.6666667,0,28.60311111
11/04/2026 04:00,0,0.095,0,3.595,0,2.455,0.595,6.385,80.35,993.395,2,17,2,198.8888889,0,31.484
11/04/2026 05:00,0,0.295,0,3.55,0,2.52,0.845,6.54,82.05,992.82,2,17.5,2,195.5555556,0,32.41
11/04/2026 06:00,0,0.28,0,4.01,0,2.91,1.165,6.715,81.45,992.49,2,17.88888889,2,196.6666667,0,33.13022222
11/04/2026 07:00,0,0.265,0,4.545,0,3.38,1.57,6.885,80.7,992.355,2,18.83333333,2,201.6666667,0,34.87933333
11/04/2026 08:00,0,0.115,0,5.665,0,4.24,2.13,7.145,77.85,992.335,2,18.83333333,2,203.3333333,0,34.87933333
11/04/2026 09:00,0,0.055,0,7.07,0,5.28,2.79,7.475,73.85,992.13,2,19.61111111,2,204.4444444,0,36.31977778
11/04/2026 10:00,0,0.07,0,7.88,0,5.9,3.245,7.705,72.1,991.95,2,19.72222222,2,206.6666667,0,36.52555556
11/04/2026 11:00,0,0.105,0,8.305,0,6.165,3.32,7.755,70.45,991.635,2,20.5,2,210,0,37.966
11/04/2026 12:00,0,0.155,0,8.56,0,6.185,2.955,7.565,67.75,991.295,2,21,2,207.2222222,0,38.892
11/04/2026 13:00,0,0.145,0,8.695,0,6.33,3.175,7.685,68.25,990.76,2,21.11111111,2,205.5555556,0,39.09777778
11/04/2026 14:00,0,0.08,0,9.1,0,6.405,2.755,7.47,64.15,989.94,2,21.55555556,2,200.5555556,0,39.92088889
11/04/2026 15:00,0,0.295,0,8.575,0,6.3,3.2,7.725,69.3,989.22,2,21.77777778,2,200.5555556,0,40.33244444
11/04/2026 16:00,0,0.28,0,8.425,0,6.56,4.09,8.24,74.25,988.74,2,20.16666667,2,202.2222222,0,37.34866667
11/04/2026 17:00,0,0.35,0,8.045,0,6.555,4.6,8.54,78.9,988.695,2,18.33333333,2,206.6666667,0,33.95333333
11/04/2026 18:00,0,0.47,0,8.005,0,6.69,5.04,8.78,81.55,989.1,2,17,2,214.4444444,0,31.484
11/04/2026 19:00,0,0.325,0,7.615,0,6.525,5.15,8.825,84.05,989.89,2,16.5,2,220.5555556,0,30.558
11/04/2026 20:00,0,0.46,0,7.325,0,6.265,4.895,8.66,84.35,990.95,2,14.94444444,2,227.2222222,0,27.67711111
11/04/2026 21:00,0,0.29,0,7.43,0,6.295,4.865,8.64,83.35,991.945,2,15.05555556,2,228.3333333,0,27.88288889
11/04/2026 22:00,0,0.19,0,7.325,0,6.195,4.71,8.555,83.15,992.695,2,14.66666667,2,231.6666667,0,27.16266667
11/04/2026 23:00,0,0.245,0,7.21,0,6.145,4.76,8.58,83.95,993.485,2,14.05555556,2,236.1111111,0,26.03088889
12/04/2026 00:00,0,0.19,0,7.055,0,6.04,4.735,8.575,84.8,994.335,2,13.16666667,2,231.1111111,0,24.38466667
12/04/2026 01:00,0,0.09,0,7.04,0,5.98,4.61,8.51,84.25,995.065,2,13.22222222,2,232.2222222,0,24.48755556
12/04/2026 02:00,0,0.175,0,7.195,0,6.08,4.655,8.52,83.55,995.815,2,13.94444444,2,232.2222222,0,25.82511111
12/04/2026 03:00,0,0.1,0,7.24,0,6.02,4.42,8.375,81.95,996.665,2,14.72222222,2,238.3333333,0,27.26555556
12/04/2026 04:00,0,0.195,0,7.13,0,5.91,4.295,8.3,81.8,997.63,2,14.61111111,2,240,0,27.05977778
12/04/2026 05:00,0,0.24,0,6.985,0,5.785,4.175,8.25,82.1,998.52,2,14.44444444,2,245,0,26.75111111
12/04/2026 06:00,0,0.1,0,6.67,0,5.52,4.005,8.14,82.85,999.585,2,13.83333333,2,244.4444444,0,25.61933333
12/04/2026 07:00,0,0.285,0,6.895,0,5.625,3.94,8.095,81.15,1000.6,2,13.61111111,2,245,0,25.20777778
12/04/2026 08:00,0,0.23,0,7.35,0,5.93,4.045,8.165,79.4,1001.61,2,13.44444444,2,246.6666667,0,24.89911111
12/04/2026 09:00,0,0.175,0,7.85,0,6.19,3.995,8.145,76.4,1002.465,2,13.77777778,2,251.6666667,0,25.51644444
12/04/2026 10:00,0,0.18,0,8.7,0,6.66,4.025,8.16,72.4,1003.175,2,14.5,2,251.6666667,0,26.854
12/04/2026 11:00,0,0.17,0,9.04,0,6.715,3.705,7.965,69.35,1003.735,2,15.22222222,2,256.1111111,0,28.19155556
12/04/2026 12:00,0,0.12,0,9.6,0,7.05,3.735,8,66.65,1004.075,2,15.05555556,2,262.2222222,0,27.88288889
12/04/2026 13:00,0,0.11,0,9.89,0,6.905,2.945,7.57,62.15,1004.585,2,15.55555556,2,260,0,28.80888889
12/04/2026 14:00,0,0.105,0,9.965,0,6.985,3.05,7.62,62.2,1005.19,2,14.77777778,2,263.3333333,0,27.36844444
12/04/2026 15:00,0,0.095,0,10.475,0,7.06,2.51,7.35,57.65,1005.6,2,13.77777778,2,258.8888889,0,25.51644444
12/04/2026 16:00,0,0.17,0,9.855,0,6.595,2.12,7.135,58.45,1006.225,2,13.27777778,2,247.7777778,0,24.59044444
12/04/2026 17:00,0,0.05,0,9.995,0,6.63,1.96,7.07,57.5,1006.615,2,12.05555556,2,255.5555556,0,22.32688889
12/04/2026 18:00,0,0.03,0,8.955,0,5.955,1.725,6.94,60.25,1007.215,2,11.66666667,2,250,0,21.60666667
12/04/2026 19:00,0,0.04,0,7.445,0,5.175,1.885,7.02,67.45,1007.725,2,9.277777778,2,250,0,17.18244444
12/04/2026 20:00,0,0.005,0,6.19,0,4.44,1.825,6.985,73.15,1008.265,2,7.111111111,2,239.4444444,0,13.16977778
12/04/2026 21:00,0,0.165,0,5.4,0,3.975,1.82,6.99,77.35,1008.625,2,6.944444444,2,216.6666667,0,12.86111111
12/04/2026 22:00,0,0.085,0,4.895,0,3.6,1.615,6.905,79.3,1008.715,2,6.055555556,2,199.4444444,0,11.21488889
12/04/2026 23:00,0,0.04,0,4.42,0,3.32,1.625,6.9,81.9,1008.775,2,5.722222222,2,185.5555556,0,10.59755556
13/04/2026 00:00,0,0.01,0,3.865,0,2.94,1.5,6.84,84.25,1008.865,2,5.222222222,2,186.6666667,1,9.671555556
13/04/2026 01:00,0,0.01,0,3.3,0,2.56,1.38,6.77,86.8,1008.895,2,4.833333333,2,160,1,8.951333333
13/04/2026 02:00,0,0,0,2.92,0,2.25,1.215,6.7,88.35,1008.89,2,4.944444444,2,176.6666667,1,9.157111111
13/04/2026 03:00,0,0.025,0,2.925,0,2.225,1.185,6.695,88.3,1008.925,2,5,2,171.1111111,1,9.26
13/04/2026 04:00,0,0.03,0,2.41,0,1.82,0.905,6.56,89.6,1009.045,2,4.722222222,2,166.1111111,1,8.745555556
13/04/2026 05:00,0,0,0,2.26,0,1.75,0.91,6.56,90.35,1009.13,2,4.5,2,173.3333333,1,8.334
13/04/2026 06:00,0,0.135,0,2.39,0,1.865,1.025,6.615,90.4,1009.14,2,4.777777778,2,161.6666667,1,8.848444444
13/04/2026 07:00,0,0.025,0,3.685,0,3.09,2.205,7.185,89.9,1009.25,2,4.555555556,2,157.2222222,1,8.436888889
13/04/2026 08:00,0,0.005,0,5.995,0,4.87,3.32,7.76,82.8,1009.27,2,5.333333333,2,170,1,9.877333333
13/04/2026 09:00,0,0,0,7.93,0,6.17,3.85,8.06,75,1009.065,2,6.944444444,2,172.2222222,1,12.86111111
13/04/2026 10:00,0,0,0,8.985,0,6.64,3.56,7.895,68.35,1009.165,2,8.5,2,183.3333333,1,15.742
13/04/2026 11:00,0,0,0,9.785,0,7.015,3.415,7.825,64.15,1009.035,2,9.611111111,2,184.4444444,1,17.79977778
13/04/2026 12:00,0,0.03,0,10.44,0,7.295,3.2,7.705,60.7,1008.935,2,9.944444444,2,182.7777778,1,18.41711111
13/04/2026 13:00,0,0.005,0,10.77,0,7.51,3.33,7.79,60,1008.855,2,10.16666667,2,191.6666667,1,18.82866667
13/04/2026 14:00,0,0.045,0,10.71,0,7.6,3.615,7.965,61.7,1008.875,2,9.944444444,2,194.4444444,1,18.41711111
13/04/2026 15:00,0,0.015,0,11.255,0,7.715,3.155,7.7,57.5,1008.515,2,9.111111111,2,183.8888889,1,16.87377778
13/04/2026 16:00,0,0.04,0,10.775,0,7.65,3.675,8.01,62.15,1008.395,2,9.555555556,2,195.5555556,1,17.69688889
13/04/2026 17:00,0,0.065,0,10.46,0,7.495,3.71,8.01,63.35,1008.355,2,8.833333333,2,188.3333333,1,16.35933333
13/04/2026 18:00,0,0.045,0,9.91,0,7.245,3.76,8.04,65.55,1008.425,2,8.333333333,2,178.3333333,1,15.43333333
13/04/2026 19:00,0,0.045,0,8.96,0,6.915,4.24,8.31,72.15,1008.665,2,7.666666667,2,152.2222222,1,14.19866667
13/04/2026 20:00,0,0.025,0,7.885,0,6.325,4.29,8.345,77.65,1008.85,2,7.222222222,2,135.5555556,1,13.37555556
13/04/2026 21:00,0,0.075,0,7.405,0,6.17,4.52,8.49,81.55,1008.99,2,7.166666667,2,130,1,13.27266667
13/04/2026 22:00,0,0.07,0,7.515,0,6.33,4.795,8.64,82.35,1008.92,2,8.333333333,2,127.7777778,1,15.43333333
13/04/2026 23:00,0,0.105,0,7.325,0,6.275,4.91,8.725,84.2,1008.565,2,9.5,2,128.3333333,1,17.594
14/04/2026 00:00,0,0.055,0,7.395,0,6.455,5.285,8.965,86.2,1008.07,2,10.11111111,2,127.2222222,1,18.72577778
14/04/2026 01:00,0,0.085,0,7.68,0,6.79,5.675,9.21,86.8,1007.81,2,10.44444444,2,123.8888889,1,19.34311111
14/04/2026 02:00,0,0.065,0,7.97,0,7.15,6.16,9.54,88,1007.25,2,10.16666667,2,124.4444444,1,18.82866667
14/04/2026 03:00,0,0.175,0,8.11,0,7.445,6.67,9.875,90.3,1006.715,2,10.55555556,2,125.5555556,1,19.54888889
14/04/2026 04:00,0,0.195,0,8.26,0,7.715,7.045,10.14,91.75,1006.245,2,11,2,122.2222222,1,20.372
14/04/2026 05:00,0,0.145,0,8.605,0,8.11,7.53,10.465,92.65,1006.03,2,11,2,129.4444444,1,20.372
14/04/2026 06:00,0,0.155,0,8.87,0,8.38,7.825,10.66,92.7,1005.79,2,11.61111111,2,131.1111111,1,21.50377778
14/04/2026 07:00,0,0.13,0,9.23,0,8.77,8.25,10.955,93.25,1005.635,2,11.77777778,2,132.2222222,1,21.81244444
14/04/2026 08:00,0,0.09,0,9.755,0,9.235,8.68,11.285,92.7,1005.52,2,11.83333333,2,136.1111111,1,21.91533333
14/04/2026 09:00,0,0.04,0,10.415,0,9.84,9.23,11.705,92.1,1005.395,2,11.77777778,2,142.7777778,1,21.81244444
14/04/2026 10:00,0,0.045,0,11.135,0,10.425,9.72,12.09,90.8,1005.385,2,11.27777778,2,146.6666667,1,20.88644444
14/04/2026 11:00,0,0.125,0,11.73,0,10.98,10.235,12.505,90.2,1005.46,2,11.27777778,2,153.8888889,1,20.88644444
14/04/2026 12:00,0,0.135,0,12.175,0,11.31,10.5,12.745,89.4,1005.555,2,11.11111111,2,155.5555556,1,20.57777778
14/04/2026 13:00,0,0.085,0,12.535,0,11.615,10.745,12.935,88.65,1005.57,2,11.27777778,2,164.4444444,1,20.88644444
14/04/2026 14:00,0,0.075,0,12.965,0,11.875,10.895,13.035,87.1,1005.53,2,11.83333333,2,163.8888889,1,21.91533333
14/04/2026 15:00,0,0.1,0,12.865,0,11.84,10.895,13.06,87.7,1005.22,2,12,2,168.3333333,1,22.224
14/04/2026 16:00,0,0.195,0,12.71,0,11.765,10.89,13.055,88.65,1005.055,2,12,2,168.8888889,1,22.224
14/04/2026 17:00,0,0.395,0,12.55,0,11.77,11.065,13.19,90.45,1004.98,2,11.11111111,2,166.6666667,1,20.57777778
14/04/2026 18:00,0,0.47,0,12.345,0,11.75,11.23,13.335,92.85,1005.035,2,10.38888889,2,173.8888889,1,19.24022222
14/04/2026 19:00,0,0.635,0,12.125,0,11.66,11.25,13.335,93.95,1004.98,2,10.22222222,2,171.1111111,1,18.93155556
14/04/2026 20:00,0,0.805,0,12.005,0,11.615,11.275,13.37,95,1004.995,2,10.16666667,2,164.4444444,1,18.82866667
14/04/2026 21:00,0,0.76,0,11.975,0,11.615,11.3,13.39,95.2,1004.95,2,10.11111111,2,171.1111111,1,18.72577778
14/04/2026 22:00,0,1.05,0,11.88,0,11.555,11.245,13.35,95.55,1004.655,2,10.66666667,2,168.8888889,1,19.75466667
14/04/2026 23:00,0,1.11,0,11.805,0,11.49,11.225,13.325,95.75,1004.14,2,10.5,2,166.1111111,1,19.446
15/04/2026 00:00,0,1.065,0,11.71,0,11.4,11.105,13.22,95.75,1003.85,2,11.22222222,2,164.4444444,1,20.78355556
15/04/2026 01:00,0,0.655,0,11.73,0,11.375,11.055,13.175,95.3,1003.245,2,11.72222222,2,167.7777778,1,21.70955556
15/04/2026 02:00,0,1.025,0,11.63,0,11.235,10.87,13.005,94.8,1002.72,2,12.16666667,2,171.6666667,1,22.53266667
15/04/2026 03:00,0,0.935,0,11.39,0,10.955,10.555,12.75,94.3,1002.1,2,11.22222222,2,176.6666667,1,20.78355556
15/04/2026 04:00,0,0.51,0,11.245,0,10.785,10.36,12.595,94.05,1001.72,2,10.83333333,2,178.3333333,1,20.06333333
15/04/2026 05:00,0,0.335,0,10.995,0,10.555,10.11,12.38,93.9,1001.53,2,10.66666667,2,181.1111111,1,19.75466667
15/04/2026 06:00,0,0.35,0,10.64,0,10.22,9.815,12.135,94.3,1001.53,2,10.38888889,2,183.8888889,1,19.24022222
15/04/2026 07:00,0,0.26,0,10.715,0,10.265,9.805,12.135,93.7,1001.505,2,9.777777778,2,180.5555556,1,18.10844444
15/04/2026 08:00,0,0.43,0,10.82,0,10.175,9.545,11.93,91.55,1001.52,2,10.16666667,2,178.3333333,1,18.82866667
15/04/2026 09:00,0,0.695,0,11.13,0,10.34,9.56,11.935,89.65,1001.34,2,9.944444444,2,185,1,18.41711111
15/04/2026 10:00,0,0.36,0,11.58,0,10.46,9.39,11.78,86.2,1001.24,2,11.11111111,2,182.7777778,1,20.57777778
15/04/2026 11:00,0,0.46,0,11.795,0,10.34,8.89,11.4,82.25,1001.1,2,13.16666667,2,187.2222222,1,24.38466667
15/04/2026 12:00,0,0.5,0,11.61,0,10.04,8.45,11.07,80.95,1001.11,2,14.16666667,2,188.8888889,1,26.23666667
15/04/2026 13:00,0,0.08,0,12.315,0,10.215,8.07,10.795,75.35,1001.065,2,14.44444444,2,191.6666667,1,26.75111111
15/04/2026 14:00,0,0.295,0,12.405,0,10.22,7.965,10.73,74.25,1001.14,2,15.22222222,2,198.3333333,1,28.19155556
15/04/2026 15:00,0,0.21,0,12.385,0,10.11,7.74,10.555,73.4,1001.1,2,15.38888889,2,203.8888889,1,28.50022222
15/04/2026 16:00,0,0.255,0,11.87,0,9.775,7.545,10.43,74.85,1001.215,2,16.05555556,2,203.8888889,1,29.73488889
15/04/2026 17:00,0,0.235,0,11.38,0,9.455,7.365,10.295,76.3,1001.185,2,15.72222222,2,201.1111111,1,29.11755556
15/04/2026 18:00,0,0.47,0,10.495,0,8.85,7.025,10.05,78.95,1001.28,2,15.72222222,2,200,1,29.11755556
15/04/2026 19:00,0,0.565,0,9.74,0,8.37,6.815,9.9,81.7,1001.485,2,15.44444444,2,204.4444444,1,28.60311111
15/04/2026 20:00,0,0.43,0,9.285,0,8.13,6.795,9.89,84.15,1002.09,2,14.61111111,2,207.2222222,1,27.05977778
15/04/2026 21:00,0,0.4,0,9.025,0,7.945,6.68,9.815,84.95,1002.69,2,14.16666667,2,208.3333333,1,26.23666667
15/04/2026 22:00,0,0.145,0,8.955,0,7.91,6.72,9.845,85.45,1003.35,2,13.44444444,2,214.4444444,1,24.89911111
15/04/2026 23:00,0,0.195,0,8.985,0,7.905,6.67,9.81,85.15,1004.16,2,12.88888889,2,219.4444444,1,23.87022222
16/04/2026 00:00,0,0.03,0,9.035,0,7.965,6.725,9.84,85.15,1005.31,2,13.11111111,2,224.4444444,1,24.28177778
16/04/2026 01:00,0,0.015,0,8.9,0,7.835,6.625,9.775,85.3,1006.43,2,12.33333333,2,225.5555556,1,22.84133333
16/04/2026 02:00,0,0.01,0,8.795,0,7.81,6.695,9.81,86.2,1007.235,2,12.16666667,2,223.3333333,1,22.53266667
16/04/2026 03:00,0,0.015,0,8.62,0,7.675,6.605,9.75,86.8,1007.975,2,11.11111111,2,220,1,20.57777778
16/04/2026 04:00,0,0.025,0,8.54,0,7.59,6.485,9.69,86.6,1008.62,2,10.38888889,2,218.8888889,1,19.24022222
16/04/2026 05:00,0,0.075,0,8.34,0,7.47,6.445,9.645,87.6,1009.13,2,10.11111111,2,217.7777778,1,18.72577778
16/04/2026 06:00,0,0.01,0,8.335,0,7.495,6.525,9.715,88.1,1009.8,2,9.444444444,2,208.3333333,1,17.49111111
16/04/2026 07:00,0,0.015,0,9.105,0,8.1,6.98,10.015,86.2,1010.375,2,9.722222222,2,207.7777778,1,18.00555556
16/04/2026 08:00,0,0.02,0,10.055,0,8.75,7.32,10.255,82.85,1010.685,2,10.5,2,206.1111111,1,19.446
16/04/2026 09:00,0,0.015,0,11.09,0,9.33,7.405,10.315,77.75,1011.025,2,11.11111111,2,202.7777778,1,20.57777778
16/04/2026 10:00,0,0.01,0,11.78,0,9.585,7.185,10.185,73.3,1011.35,2,12.77777778,2,202.7777778,1,23.66444444
16/04/2026 11:00,0,0.05,0,12.465,0,9.995,7.32,10.3,71.3,1011.4,2,12.66666667,2,202.7777778,1,23.45866667
16/04/2026 12:00,0,0.065,0,12.39,0,10.11,7.64,10.52,73.2,1011.43,2,13.33333333,2,198.3333333,1,24.69333333
16/04/2026 13:00,0,0.095,0,12.205,0,10.195,8.065,10.825,76.3,1011.32,2,12.77777778,2,191.1111111,1,23.66444444
16/04/2026 14:00,0,0.245,0,11.9,0,10.32,8.695,11.285,81.15,1011.12,2,12.94444444,2,186.6666667,1,23.97311111
16/04/2026 15:00,0,0.255,0,11.595,0,10.325,9.03,11.535,84.2,1010.65,2,13.33333333,2,179.4444444,1,24.69333333
16/04/2026 16:00,0,0.24,0,11.405,0,10.31,9.19,11.645,86.1,1010.16,2,13.55555556,2,178.3333333,1,25.10488889
16/04/2026 17:00,0,0.24,0,11.195,0,10.155,9.095,11.575,86.65,1009.815,2,13.94444444,2,177.2222222,1,25.82511111
16/04/2026 18:00,0,0.35,0,10.985,0,10.045,9.065,11.54,87.75,1009.41,2,14.16666667,2,173.3333333,1,26.23666667
16/04/2026 19:00,0,0.195,0,10.86,0,9.955,8.97,11.485,87.95,1009.04,2,13.66666667,2,173.3333333,1,25.31066667
16/04/2026 20:00,0,0.15,0,10.775,0,9.865,8.905,11.425,88,1008.94,2,13.55555556,2,172.7777778,1,25.10488889
16/04/2026 21:00,0,0.1,0,10.815,0,9.83,8.83,11.375,87.4,1008.64,2,13.88888889,2,171.6666667,1,25.72222222
16/04/2026 22:00,0,0.17,0,10.8,0,9.825,8.84,11.385,87.6,1008.105,2,14.72222222,2,168.3333333,1,27.26555556
16/04/2026 23:00,0,0.295,0,10.795,0,9.835,8.825,11.365,87.3,1007.575,2,14.5,2,168.3333333,1,26.854
17/04/2026 00:00,0,0.32,0,10.825,0,9.87,8.86,11.39,87.35,1007.065,2,15.27777778,2,165.5555556,1,28.29444444
17/04/2026 01:00,0,0.26,0,10.755,0,9.805,8.805,11.345,87.5,1006.585,2,14.94444444,2,167.7777778,1,27.67711111
17/04/2026 02:00,0,0.215,0,10.77,0,9.805,8.81,11.34,87.4,1006.05,2,15.22222222,2,172.7777778,1,28.19155556
17/04/2026 03:00,0,0.34,0,10.605,0,9.575,8.485,11.105,86.45,1005.86,2,15.11111111,2,181.1111111,1,27.98577778
17/04/2026 04:00,0,0.16,0,10.47,0,9.44,8.38,11.02,86.6,1005.71,2,14.77777778,2,185.5555556,1,27.36844444
17/04/2026 05:00,0,0.13,0,10.135,0,9.18,8.145,10.835,87.1,1005.925,2,14.27777778,2,193.8888889,1,26.44244444
17/04/2026 06:00,0,0.04,0,9.91,0,8.895,7.77,10.575,86.2,1006.375,2,14.16666667,2,201.6666667,1,26.23666667
17/04/2026 07:00,0,0.1,0,10.005,0,8.835,7.555,10.415,84.4,1006.95,2,13.66666667,2,200.5555556,1,25.31066667
17/04/2026 08:00,0,0.055,0,10.42,0,9.005,7.46,10.355,81.55,1007.26,2,13.66666667,2,200.5555556,1,25.31066667
17/04/2026 09:00,0,0.095,0,10.88,0,9.185,7.315,10.255,78.45,1007.775,2,15.33333333,2,208.8888889,1,28.39733333
17/04/2026 10:00,0,0.205,0,10.94,0,9.17,7.265,10.205,77.95,1008.42,2,16.27777778,2,210,1,30.14644444
17/04/2026 11:00,0,0.295,0,11.56,0,9.54,7.38,10.29,75.35,1008.76,2,16.16666667,2,215.5555556,1,29.94066667
17/04/2026 12:00,0,0.07,0,12.195,0,9.81,7.295,10.215,71.6,1009.02,2,16.33333333,2,216.1111111,1,30.24933333
17/04/2026 13:00,0,0.11,0,12.48,0,9.915,7.185,10.16,69.95,1009.35,2,17.05555556,2,215.5555556,1,31.58688889
17/04/2026 14:00,0,0.205,0,12.635,0,10.005,7.2,10.18,69.35,1009.735,2,16.66666667,2,220,1,30.86666667
17/04/2026 15:00,0,0.175,0,12.23,0,9.805,7.215,10.18,71.5,1010.01,2,16.11111111,2,221.1111111,1,29.83777778
17/04/2026 16:00,0,0.16,0,12.225,0,9.75,7.07,10.085,70.7,1010.42,2,16.05555556,2,226.6666667,1,29.73488889
17/04/2026 17:00,0,0.075,0,11.635,0,9.38,6.915,9.98,72.7,1011.07,2,15.33333333,2,228.8888889,1,28.39733333
17/04/2026 18:00,0,0.08,0,11.085,0,9.025,6.745,9.845,74.4,1011.815,2,14.16666667,2,233.3333333,1,26.23666667
17/04/2026 19:00,0,0.065,0,10.315,0,8.555,6.55,9.735,77.25,1012.665,2,12.44444444,2,235.5555556,1,23.04711111
17/04/2026 20:00,0,0.04,0,9.37,0,8.005,6.415,9.625,81.35,1013.565,2,11.16666667,2,238.3333333,1,20.68066667
17/04/2026 21:00,0,0.03,0,9.03,0,7.775,6.335,9.575,82.95,1014.45,2,10.38888889,2,236.6666667,1,19.24022222
17/04/2026 22:00,0,0.045,0,8.68,0,7.61,6.35,9.59,84.75,1015.245,2,10.44444444,2,238.8888889,1,19.34311111
17/04/2026 23:00,0,0.075,0,8.435,0,7.39,6.13,9.43,85,1015.925,2,10.16666667,2,241.1111111,1,18.82866667
18/04/2026 00:00,0,0.08,0,8.145,0,7.22,6.095,9.415,86.6,1016.6,2,9.944444444,2,239.4444444,0,18.41711111
18/04/2026 01:00,0,0.255,0,7.905,0,6.985,5.925,9.3,86.9,1017.095,2,9.388888889,2,242.7777778,0,17.38822222
18/04/2026 02:00,0,0.28,0,7.585,0,6.715,5.63,9.12,87.15,1017.61,2,9.333333333,2,243.3333333,0,17.28533333
18/04/2026 03:00,0,0.12,0,7.51,0,6.655,5.595,9.105,87.25,1018.175,2,9.555555556,2,242.2222222,0,17.69688889
18/04/2026 04:00,0,0.035,0,7.435,0,6.53,5.435,9,86.95,1018.85,2,9.5,2,261.1111111,0,17.594
18/04/2026 05:00,0,0.04,0,7.145,0,6.275,5.23,8.86,87.3,1019.57,2,9.388888889,2,266.1111111,0,17.38822222
18/04/2026 06:00,0,0.025,0,7.05,0,6.15,5.035,8.755,86.75,1020.41,2,8.555555556,2,255.5555556,0,15.84488889
18/04/2026 07:00,0,0.045,0,7.91,0,6.855,5.565,9.075,84.85,1021.25,2,8.388888889,2,257.2222222,0,15.53622222
18/04/2026 08:00,0,0.015,0,9.19,0,7.65,5.83,9.23,79.25,1021.985,2,9,2,277.7777778,0,16.668
18/04/2026 09:00,0,0.03,0,10.1,0,8.02,5.585,9.095,73.15,1022.81,2,9.888888889,2,287.2222222,0,18.31422222
18/04/2026 10:00,0,0.105,0,10.725,0,8.335,5.53,9.065,70.05,1023.575,2,10.16666667,2,291.6666667,0,18.82866667
18/04/2026 11:00,0,0.125,0,11.035,0,8.42,5.35,8.935,67.55,1024.06,2,9.5,2,276.6666667,0,17.594
18/04/2026 12:00,0,0.095,0,11.675,0,8.77,5.38,8.98,65.35,1024.555,2,10.27777778,2,293.8888889,0,19.03444444
18/04/2026 13:00,0,0.095,0,11.46,0,8.54,5.085,8.79,64.55,1025.045,2,10.44444444,2,290.5555556,0,19.34311111
18/04/2026 14:00,0,0.115,0,11.75,0,8.6,4.895,8.675,62.65,1025.315,2,10.33333333,2,288.3333333,0,19.13733333
18/04/2026 15:00,0,0.045,0,11.765,0,8.495,4.575,8.475,61.3,1025.355,2,10.16666667,2,292.7777778,0,18.82866667
18/04/2026 16:00,0,0.02,0,11.7,0,8.36,4.295,8.315,60.25,1025.515,2,10.27777778,2,291.6666667,0,19.03444444
18/04/2026 17:00,0,0.025,0,11.355,0,8.115,4.145,8.235,60.95,1025.68,2,9.611111111,2,295,0,17.79977778
18/04/2026 18:00,0,0.03,0,10.675,0,7.705,3.995,8.155,63.25,1025.91,2,8.666666667,2,298.8888889,0,16.05066667
18/04/2026 19:00,0,0,0,9.52,0,7.055,3.885,8.09,67.75,1026.255,2,7.333333333,2,297.7777778,0,13.58133333
18/04/2026 20:00,0,0,0,7.995,0,6.105,3.605,7.92,73.45,1026.83,2,6,2,300,0,11.112
18/04/2026 21:00,0,0,0,7.075,0,5.575,3.55,7.885,78,1027.22,2,4.833333333,2,277.7777778,0,8.951333333
18/04/2026 22:00,0,0.01,0,6.305,0,5.015,3.25,7.715,80.7,1027.545,2,4.333333333,2,273.3333333,0,8.025333333
18/04/2026 23:00,0,0.03,0,5.595,0,4.535,3.06,7.625,83.7,1027.785,2,3.944444444,2,271.6666667,0,7.305111111
19/04/2026 00:00,0,0.01,0,4.66,0,3.8,2.57,7.365,86.15,1027.815,2,2.944444444,2,221.1111111,0,5.453111111
19/04/2026 01:00,0,0,0,4.015,0,3.4,2.475,7.32,89.35,1027.8,2,3.055555556,2,208.3333333,0,5.658888889
19/04/2026 02:00,0,0,0,3.495,0,2.97,2.215,7.2,91.1,1027.68,2,3,2,202.2222222,0,5.556
19/04/2026 03:00,0,0.005,0,3.155,0,2.69,2,7.1,91.75,1027.62,2,3.333333333,2,195,0,6.173333333
19/04/2026 04:00,0,0,0,2.7,0,2.285,1.64,6.915,92.4,1027.47,2,3.055555556,2,163.3333333,0,5.658888889
19/04/2026 05:00,0,0,0,2.24,0,1.875,1.295,6.76,93.15,1027.275,2,2.888888889,2,196.1111111,0,5.350222222
19/04/2026 06:00,0,0,0,2.285,0,1.97,1.48,6.845,94,1027.41,2,2.944444444,2,157.2222222,0,5.453111111
19/04/2026 07:00,0,0,0,4.285,0,3.885,3.295,7.765,93.2,1027.65,2,3.111111111,2,182.7777778,0,5.761777778
19/04/2026 08:00,0,0.005,0,6.81,0,5.94,4.815,8.63,87,1027.83,2,3.166666667,2,203.8888889,0,5.864666667
19/04/2026 09:00,0,0,0,9.08,0,7.32,5.15,8.83,76.3,1027.915,2,3.222222222,2,156.1111111,0,5.967555556
19/04/2026 10:00,0,0,0,10.47,0,7.85,4.615,8.525,66.95,1027.92,2,3.833333333,2,195.5555556,0,7.099333333
19/04/2026 11:00,0,0.005,0,11.25,0,8.085,4.15,8.265,61.65,1027.775,2,4.555555556,2,179.4444444,0,8.436888889
19/04/2026 12:00,0,0,0,11.635,0,8.1,3.61,7.985,58.2,1027.62,2,4.777777778,2,167.7777778,0,8.848444444
19/04/2026 13:00,0,0,0,11.945,0,8.345,3.825,8.105,57.8,1027.24,2,4.833333333,2,146.1111111,0,8.951333333
19/04/2026 14:00,0,0,0,12.38,0,8.505,3.66,8.025,55.7,1026.97,2,5.222222222,2,143.8888889,0,9.671555556
19/04/2026 15:00,0,0,0,12.585,0,8.62,3.665,8.025,55,1026.45,2,5.444444444,2,127.7777778,0,10.08311111
19/04/2026 16:00,0,0,0,12.535,0,8.615,3.69,8.035,55.45,1026.085,2,5.333333333,2,173.3333333,0,9.877333333
19/04/2026 17:00,0,0,0,12.045,0,8.325,3.56,7.995,56.95,1025.87,2,5.722222222,2,122.7777778,0,10.59755556
19/04/2026 18:00,0,0,0,11.58,0,8.15,3.8,8.095,59.4,1025.785,2,5.277777778,2,138.8888889,0,9.774444444
19/04/2026 19:00,0,0,0,10.73,0,7.675,3.765,8.065,62.6,1025.765,2,5,2,116.6666667,0,9.26
19/04/2026 20:00,0,0,0,8.855,0,6.735,3.96,8.155,71.5,1026.025,2,4.833333333,2,79.44444444,0,8.951333333
19/04/2026 21:00,0,0,0,7.795,0,6.215,4.125,8.245,77.55,1026.08,2,5.055555556,2,89.44444444,0,9.362888889
19/04/2026 22:00,0,0,0,7.485,0,6.105,4.285,8.33,80.1,1025.965,2,5.388888889,2,116.1111111,0,9.980222222
19/04/2026 23:00,0,0,0,7.08,0,5.74,3.91,8.125,80.25,1025.95,2,5.611111111,2,108.3333333,0,10.39177778
20/04/2026 00:00,0,0,0,6.585,0,5.405,3.795,8.05,82.4,1025.795,2,5.055555556,2,102.2222222,1,9.362888889
20/04/2026 01:00,0,0,0,6.23,0,5.19,3.79,8.03,84.2,1025.615,2,4.666666667,2,115.5555556,1,8.642666667
20/04/2026 02:00,0,0,0,5.9,0,4.985,3.745,8.015,85.85,1025.37,2,4.388888889,2,108.8888889,1,8.128222222
20/04/2026 03:00,0,0,0,5.415,0,4.585,3.455,7.865,87.1,1025.175,2,4.388888889,2,117.7777778,1,8.128222222
20/04/2026 04:00,0,0,0,4.97,0,4.23,3.195,7.72,88.1,1024.935,2,4.5,2,133.3333333,1,8.334
20/04/2026 05:00,0,0,0,4.785,0,4.06,3.055,7.65,88.45,1024.895,2,4.777777778,2,127.2222222,1,8.848444444
20/04/2026 06:00,0,0.01,0,4.885,0,4.09,3.01,7.63,87.65,1025.035,2,5.277777778,2,89.44444444,1,9.774444444
20/04/2026 07:00,0,0,0,6.415,0,5.365,3.925,8.115,84,1025.105,2,5.611111111,2,117.7777778,1,10.39177778
20/04/2026 08:00,0,0,0,8.56,0,6.81,4.58,8.5,76,1024.89,2,6.333333333,2,124.4444444,1,11.72933333
20/04/2026 09:00,0,0,0,10.05,0,7.655,4.665,8.555,69.1,1024.78,2,7.277777778,2,75,1,13.47844444
20/04/2026 10:00,0,0,0,11.125,0,8.015,4.165,8.265,62.25,1024.51,2,8.277777778,2,81.66666667,1,15.33044444
20/04/2026 11:00,0,0,0,11.69,0,8.28,4.06,8.21,59.4,1024.215,2,8.555555556,2,72.22222222,1,15.84488889
20/04/2026 12:00,0,0,0,12.165,0,8.43,3.77,8.055,56.6,1023.93,2,9.222222222,2,70.55555556,1,17.07955556
20/04/2026 13:00,0,0,0,12.57,0,8.735,4.04,8.21,56.15,1023.705,2,9.222222222,2,69.44444444,1,17.07955556
20/04/2026 14:00,0,0,0,12.63,0,8.795,4.095,8.275,56.35,1023.455,2,8.944444444,2,72.77777778,1,16.56511111
20/04/2026 15:00,0,0,0,12.715,0,8.8,4,8.2,55.65,1023.2,2,8.611111111,2,72.77777778,1,15.94777778
20/04/2026 16:00,0,0,0,12.67,0,8.715,3.84,8.105,55.1,1023.1,2,8.555555556,2,71.66666667,1,15.84488889
20/04/2026 17:00,0,0,0,12.185,0,8.57,4.12,8.245,58.15,1023.09,2,9,2,76.11111111,1,16.668
20/04/2026 18:00,0,0,0,11.67,0,8.375,4.315,8.355,61,1022.965,2,8.777777778,2,71.11111111,1,16.25644444
20/04/2026 19:00,0,0,0,10.47,0,7.8,4.495,8.47,66.9,1023.295,2,8.5,2,70,1,15.742
20/04/2026 20:00,0,0,0,9.14,0,7.15,4.595,8.52,73.35,1023.885,2,7.166666667,2,68.88888889,1,13.27266667
20/04/2026 21:00,0,0,0,8.345,0,6.7,4.585,8.51,77.25,1024.485,2,6.5,2,90.55555556,1,12.038
20/04/2026 22:00,0,0,0,8.005,0,6.63,4.885,8.685,80.6,1024.685,2,6.833333333,2,94.44444444,1,12.65533333
20/04/2026 23:00,0,0,0,7.57,0,6.315,4.75,8.6,82.45,1024.805,2,6.555555556,2,92.77777778,1,12.14088889
21/04/2026 00:00,0,0,0,7.115,0,5.955,4.525,8.48,83.7,1024.9,2,6.055555556,2,92.77777778,1,11.21488889
21/04/2026 01:00,0,0,0,6.76,0,5.765,4.455,8.42,85.35,1024.89,2,6.555555556,2,81.11111111,1,12.14088889
21/04/2026 02:00,0,0,0,6.56,0,5.6,4.375,8.375,86.15,1024.88,2,6.666666667,2,92.77777778,1,12.34666667
21/04/2026 03:00,0,0,0,6.57,0,5.635,4.39,8.4,86,1025.035,2,6.722222222,2,97.22222222,1,12.44955556
21/04/2026 04:00,0,0,0,6.62,0,5.58,4.205,8.295,84.75,1025.105,2,7.444444444,2,110.5555556,1,13.78711111
21/04/2026 05:00,0,0.005,0,6.75,0,5.77,4.535,8.49,85.85,1025.34,2,7.722222222,2,115.5555556,1,14.30155556
21/04/2026 06:00,0,0,0,7.15,0,6.05,4.645,8.525,84.1,1025.795,2,8.722222222,2,101.6666667,1,16.15355556
21/04/2026 07:00,0,0,0,8.31,0,6.895,5.115,8.815,79.9,1026.155,2,9.944444444,2,86.11111111,1,18.41711111
21/04/2026 08:00,0,0,0,9.08,0,7.31,5.16,8.825,76.15,1026.45,2,11.5,2,91.11111111,1,21.298
21/04/2026 09:00,0,0,0,9.955,0,7.635,4.82,8.625,70.1,1026.665,2,13,2,90,1,24.076
21/04/2026 10:00,0,0,0,10.47,0,7.83,4.62,8.505,66.8,1026.75,2,13.72222222,2,88.88888889,1,25.41355556
21/04/2026 11:00,0,0,0,10.64,0,7.78,4.245,8.295,64.4,1026.545,2,14.33333333,2,86.11111111,1,26.54533333
21/04/2026 12:00,0,0,0,10.755,0,7.735,3.98,8.145,62.95,1026.4,2,14.88888889,2,85,1,27.57422222
21/04/2026 13:00,0,0,0,10.9,0,7.75,3.78,8.025,61.35,1026.305,2,15.5,2,79.44444444,1,28.706
21/04/2026 14:00,0,0,0,11.09,0,7.815,3.71,7.975,60.3,1026.005,2,15.33333333,2,83.88888889,1,28.39733333
21/04/2026 15:00,0,0,0,10.875,0,7.61,3.41,7.825,59.8,1025.565,2,15.27777778,2,83.33333333,1,28.29444444
21/04/2026 16:00,0,0,0,10.915,0,7.595,3.34,7.805,59.5,1025.145,2,15.38888889,2,81.11111111,1,28.50022222
21/04/2026 17:00,0,0,0,10.99,0,7.61,3.255,7.745,58.8,1024.695,2,14.77777778,2,81.66666667,1,27.36844444
21/04/2026 18:00,0,0,0,10.74,0,7.375,2.955,7.585,58.6,1024.335,2,14,2,79.44444444,1,25.928
21/04/2026 19:00,0,0,0,10.26,0,7.155,3.11,7.645,60.9,1024.285,2,12.83333333,2,77.77777778,1,23.76733333
21/04/2026 20:00,0,0,0,9.755,0,6.86,2.995,7.6,62.35,1024.54,2,11.77777778,2,75,1,21.81244444
21/04/2026 21:00,0,0,0,9.48,0,6.745,3.13,7.675,64.4,1024.52,2,11.83333333,2,73.88888889,1,21.91533333
21/04/2026 22:00,0,0,0,9.315,0,6.65,3.09,7.65,64.9,1024.31,2,12.05555556,2,73.88888889,1,22.32688889
21/04/2026 23:00,0,0,0,9.12,0,6.405,2.755,7.465,64.1,1024.215,2,12.88888889,2,78.33333333,1,23.87022222
22/04/2026 00:00,0,0,0,8.82,0,6.185,2.585,7.4,64.8,1024.34,2,13.72222222,2,82.77777778,1,25.41355556
22/04/2026 01:00,0,0,0,8.48,0,5.985,2.5,7.365,65.8,1024.34,2,13.77777778,2,82.22222222,1,25.51644444
22/04/2026 02:00,0,0,0,8.085,0,5.78,2.545,7.39,68.15,1024.425,2,13.83333333,2,84.44444444,1,25.61933333
22/04/2026 03:00,0,0,0,7.72,0,5.525,2.4,7.295,69.3,1024.44,2,13.61111111,2,82.77777778,1,25.20777778
22/04/2026 04:00,0,0,0,7.205,0,5.195,2.315,7.24,71.15,1024.305,2,12.94444444,2,81.11111111,1,23.97311111
22/04/2026 05:00,0,0,0,6.985,0,5.09,2.38,7.265,72.4,1024.23,2,13.66666667,2,80.55555556,1,25.31066667
22/04/2026 06:00,0,0,0,7.07,0,5.265,2.725,7.46,73.8,1024.535,2,14.11111111,2,80.55555556,1,26.13377778
22/04/2026 07:00,0,0,0,7.91,0,5.865,3.11,7.65,71.45,1024.535,2,14.44444444,2,85.55555556,1,26.75111111
22/04/2026 08:00,0,0,0,8.91,0,6.48,3.26,7.745,67.3,1024.42,2,15.05555556,2,86.11111111,1,27.88288889
22/04/2026 09:00,0,0,0,9.79,0,6.975,3.28,7.76,63.7,1024.235,2,16.05555556,2,86.66666667,1,29.73488889
22/04/2026 10:00,0,0,0,10.59,0,7.49,3.535,7.895,61.5,1024.06,2,17,2,88.88888889,1,31.484
22/04/2026 11:00,0,0,0,11.535,0,8.065,3.705,7.99,58.6,1023.8,2,17.22222222,2,91.11111111,1,31.89555556
22/04/2026 12:00,0,0,0,11.91,0,8.13,3.36,7.795,56.05,1023.615,2,17.66666667,2,92.22222222,1,32.71866667
22/04/2026 13:00,0,0,0,12.325,0,8.43,3.585,7.93,55.35,1023.59,2,17.33333333,2,91.11111111,1,32.10133333
22/04/2026 14:00,0,0,0,12.355,0,8.445,3.57,7.935,55.4,1023.545,2,16.66666667,2,93.88888889,1,30.86666667
22/04/2026 15:00,0,0,0,12.375,0,8.555,3.82,8.085,56.1,1023.35,2,16.05555556,2,93.88888889,1,29.73488889
22/04/2026 16:00,0,0,0,12.2,0,8.515,4.015,8.185,57.4,1023.255,2,15.38888889,2,95,1,28.50022222
22/04/2026 17:00,0,0,0,11.995,0,8.465,4.125,8.245,58.75,1023.16,2,14.77777778,2,96.11111111,1,27.36844444
22/04/2026 18:00,0,0,0,11.725,0,8.445,4.425,8.405,60.8,1023.07,2,13.27777778,2,92.22222222,1,24.59044444
22/04/2026 19:00,0,0,0,11.475,0,8.31,4.46,8.43,61.85,1023.15,2,11.77777778,2,91.66666667,1,21.81244444
22/04/2026 20:00,0,0,0,10.93,0,8.16,4.82,8.635,65.6,1023.56,2,10.72222222,2,88.88888889,1,19.85755556
22/04/2026 21:00,0,0,0,10.585,0,8,4.825,8.635,67.35,1023.825,2,10.38888889,2,106.6666667,1,19.24022222
22/04/2026 22:00,0,0,0,10.245,0,7.83,4.9,8.68,69.2,1024.125,2,10.05555556,2,107.7777778,1,18.62288889
22/04/2026 23:00,0,0,0,10.065,0,7.75,4.925,8.69,70.15,1024.39,2,9.722222222,2,96.11111111,1,18.00555556
23/04/2026 00:00,0,0,0,9.835,0,7.65,5,8.745,71.6,1024.66,2,9.777777778,2,95,1,18.10844444
23/04/2026 01:00,0,0,0,9.955,0,7.685,4.94,8.69,70.7,1024.89,2,9.444444444,2,95.55555556,1,17.49111111
23/04/2026 02:00,0,0,0,9.965,0,7.72,4.98,8.735,70.95,1025.035,2,10.38888889,2,98.33333333,1,19.24022222
23/04/2026 03:00,0,0,0,9.86,0,7.615,4.875,8.655,70.9,1025.18,2,10.22222222,2,99.44444444,1,18.93155556
23/04/2026 04:00,0,0,0,9.535,0,7.435,4.87,8.66,72.45,1025.225,2,10.77777778,2,97.77777778,1,19.96044444
23/04/2026 05:00,0,0,0,9.24,0,7.265,4.795,8.625,73.5,1025.455,2,10.55555556,2,97.22222222,1,19.54888889
23/04/2026 06:00,0,0,0,9.165,0,7.23,4.835,8.65,74.2,1025.835,2,10.5,2,96.11111111,1,19.446
23/04/2026 07:00,0,0,0,9.75,0,7.69,5.175,8.865,72.8,1026.085,2,10.77777778,2,96.11111111,1,19.96044444
23/04/2026 08:00,0,0,0,10.83,0,8.325,5.375,8.985,68.85,1026.435,2,11.94444444,2,100,1,22.12111111
23/04/2026 09:00,0,0,0,12.09,0,9.145,5.805,9.25,65.15,1026.555,2,11.94444444,2,101.1111111,1,22.12111111
23/04/2026 10:00,0,0,0,13.08,0,9.73,6.03,9.39,62.15,1026.575,2,12.66666667,2,104.4444444,1,23.45866667
23/04/2026 11:00,0,0,0,14.205,0,10.405,6.31,9.565,58.9,1026.47,2,13.05555556,2,105,1,24.17888889
23/04/2026 12:00,0,0,0,15.18,0,10.905,6.395,9.645,56.05,1026.215,2,13.05555556,2,107.7777778,1,24.17888889
23/04/2026 13:00,0,0,0,15.79,0,11.05,6.065,9.415,52.85,1025.99,2,13.5,2,108.8888889,1,25.002
23/04/2026 14:00,0,0,0,16.155,0,11.155,5.805,9.26,50.85,1025.75,2,13.83333333,2,108.3333333,1,25.61933333
23/04/2026 15:00,0,0,0,16.105,0,11.07,5.665,9.17,50.6,1025.22,2,13,2,108.8888889,1,24.076
23/04/2026 16:00,0,0,0,15.715,0,10.815,5.485,9.05,51,1024.92,2,12.5,2,109.4444444,1,23.15
23/04/2026 17:00,0,0,0,15.19,0,10.535,5.425,9.015,52.55,1024.855,2,12.22222222,2,107.2222222,1,22.63555556
23/04/2026 18:00,0,0,0,14.34,0,10.16,5.5,9.06,55.8,1024.775,2,10.72222222,2,105,1,19.85755556
23/04/2026 19:00,0,0,0,13.26,0,9.545,5.285,8.935,58.8,1024.815,2,9.5,2,106.6666667,1,17.594
23/04/2026 20:00,0,0,0,11.72,0,8.705,5.13,8.835,64.45,1025.035,2,8,2,95.55555556,1,14.816
23/04/2026 21:00,0,0,0,10.79,0,8.165,5.005,8.745,67.8,1025.205,2,7.555555556,2,102.7777778,1,13.99288889
23/04/2026 22:00,0,0,0,10.075,0,7.77,4.995,8.74,71.15,1025.22,2,8.111111111,2,86.11111111,1,15.02177778
23/04/2026 23:00,0,0,0,9.62,0,7.495,4.94,8.715,72.85,1025.1,2,7.777777778,2,92.77777778,1,14.40444444
24/04/2026 00:00,0,0,0,9.12,0,7.16,4.71,8.585,74.6,1024.875,2,8.277777778,2,91.11111111,1,15.33044444
24/04/2026 01:00,0,0,0,8.465,0,6.645,4.39,8.395,76.35,1024.565,2,7.5,2,106.6666667,1,13.89
24/04/2026 02:00,0,0,0,8.18,0,6.45,4.285,8.34,77.4,1024.315,2,7.888888889,2,118.3333333,1,14.61022222
24/04/2026 03:00,0,0,0,8.02,0,6.35,4.255,8.33,77.85,1024.035,2,7.777777778,2,117.2222222,1,14.40444444
24/04/2026 04:00,0,0,0,7.465,0,5.925,3.995,8.18,79.2,1023.805,2,8.444444444,2,108.8888889,1,15.63911111
24/04/2026 05:00,0,0,0,7.365,0,5.9,4.05,8.205,79.9,1023.64,2,8.722222222,2,107.7777778,1,16.15355556
24/04/2026 06:00,0,0,0,8.02,0,6.47,4.575,8.495,79.25,1023.575,2,9,2,113.3333333,1,16.668
24/04/2026 07:00,0,0,0,10.08,0,7.985,5.505,9.045,73.5,1023.44,2,8.722222222,2,112.2222222,1,16.15355556
24/04/2026 08:00,0,0,0,12.035,0,9.1,5.765,9.22,65.25,1023.42,2,9.666666667,2,95,1,17.90266667
24/04/2026 09:00,0,0,0,13.645,0,9.885,5.68,9.18,58.5,1023.255,2,10.66666667,2,92.77777778,1,19.75466667
24/04/2026 10:00,0,0,0,15,0,10.345,5.155,8.85,51.95,1023.1,2,11.22222222,2,96.11111111,1,20.78355556
24/04/2026 11:00,0,0,0,16.025,0,10.945,5.42,9.05,49.65,1022.835,2,11.66666667,2,100,1,21.60666667
24/04/2026 12:00,0,0,0,16.98,0,11.4,5.425,9.045,47,1022.385,2,11.38888889,2,102.7777778,1,21.09222222
24/04/2026 13:00,0,0,0,17.43,0,11.495,5.11,8.86,45.25,1021.94,2,12.05555556,2,107.2222222,1,22.32688889
24/04/2026 14:00,0,0,0,17.7,0,11.555,4.88,8.725,43.55,1021.535,2,12.11111111,2,109.4444444,1,22.42977778
24/04/2026 15:00,0,0,0,17.69,0,11.355,4.33,8.405,42.05,1021.21,2,11.72222222,2,112.7777778,1,21.70955556
24/04/2026 16:00,0,0.02,0,17.36,0,11.36,4.81,8.685,44.4,1020.835,2,11.11111111,2,115.5555556,1,20.57777778
24/04/2026 17:00,0,0,0,16.795,0,10.83,4.025,8.245,43.6,1020.57,2,10.61111111,2,111.1111111,1,19.65177778
24/04/2026 18:00,0,0.005,0,15.98,0,10.465,4.13,8.32,46,1020.47,2,9.555555556,2,111.1111111,1,17.69688889
24/04/2026 19:00,0,0,0,14.365,0,9.77,4.345,8.425,51.6,1020.505,2,7.777777778,2,107.7777778,1,14.40444444
24/04/2026 20:00,0,0,0,12.385,0,8.6,3.845,8.165,56.8,1020.68,2,6.777777778,2,107.2222222,1,12.55244444
24/04/2026 21:00,0,0,0,11.125,0,8,4.025,8.27,62.25,1020.935,2,7.111111111,2,105.5555556,1,13.16977778
24/04/2026 22:00,0,0.07,0,10.06,0,7.51,4.23,8.4,67.8,1020.99,2,6.833333333,2,105.5555556,1,12.65533333
24/04/2026 23:00,0,0.04,0,9.2,0,7,4.16,8.365,71.6,1020.995,2,5.666666667,2,111.6666667,1,10.49466667
25/04/2026 00:00,0,0.01,0,8.88,0,6.92,4.375,8.51,74.4,1020.7,2,5.5,2,122.2222222,0,10.186
25/04/2026 01:00,0,0.08,0,8.7,0,6.805,4.295,8.48,74.8,1020.32,2,5.611111111,2,120.5555556,0,10.39177778
25/04/2026 02:00,0,0.21,0,8.375,0,6.77,4.65,8.69,78.05,1020.115,2,5.166666667,2,122.7777778,0,9.568666667
25/04/2026 03:00,0,0.18,0,8.165,0,6.85,5.09,8.97,81.4,1019.875,2,5,2,106.1111111,0,9.26
25/04/2026 04:00,0,0.06,0,8.27,0,6.945,5.14,9,81.1,1019.68,2,4.888888889,2,123.8888889,0,9.054222222
25/04/2026 05:00,0,0.09,0,8.215,0,6.975,5.35,9.125,82.6,1019.605,2,5,2,120.5555556,0,9.26
25/04/2026 06:00,0,0.155,0,8.45,0,7.19,5.52,9.215,82.25,1019.655,2,4.666666667,2,108.8888889,0,8.642666667
25/04/2026 07:00,0,0.17,0,9.455,0,8.16,6.545,9.85,82.4,1019.975,2,4.055555556,2,111.1111111,0,7.510888889
25/04/2026 08:00,0,0.015,0,10.745,0,8.95,6.85,10.045,77.6,1020.11,2,4.222222222,2,134.4444444,0,7.819555556
25/04/2026 09:00,0,0.04,0,11.995,0,9.765,7.365,10.335,73.35,1020.255,2,4.333333333,2,147.2222222,0,8.025333333
25/04/2026 10:00,0,0.01,0,13.295,0,10.5,7.53,10.445,68.5,1020.37,2,4.388888889,2,156.1111111,0,8.128222222
25/04/2026 11:00,0,0,0,14.545,0,10.985,7.225,10.275,62.5,1020.35,2,5.111111111,2,160,0,9.465777778
25/04/2026 12:00,0,0,0,15.59,0,11.6,7.48,10.465,59.9,1020.24,2,4.944444444,2,170.5555556,0,9.157111111
25/04/2026 13:00,0,0,0,16.11,0,11.91,7.63,10.61,59.4,1020.115,2,6.111111111,2,180,0,11.31777778
25/04/2026 14:00,0,0,0,16.48,0,12.07,7.55,10.595,57.9,1020.07,2,6.333333333,2,193.8888889,0,11.72933333
25/04/2026 15:00,0,0,0,16.53,0,11.92,7.015,10.315,56.55,1019.935,2,6.777777778,2,195,0,12.55244444
25/04/2026 16:00,0,0,0,16.27,0,11.87,7.21,10.395,57.8,1019.85,2,6.722222222,2,191.6666667,0,12.44955556
25/04/2026 17:00,0,0,0,15.875,0,11.855,7.65,10.72,60.95,1020.1,2,6.777777778,2,197.7777778,0,12.55244444
25/04/2026 18:00,0,0,0,14.81,0,11.46,8.03,10.92,65.95,1020.35,2,6.833333333,2,194.4444444,0,12.65533333
25/04/2026 19:00,0,0,0,13.5,0,11.035,8.52,11.225,73,1020.415,2,5.888888889,2,212.2222222,0,10.90622222
25/04/2026 20:00,0,0,0,12.19,0,10.41,8.555,11.225,79.2,1020.875,2,5.111111111,2,208.3333333,0,9.465777778
25/04/2026 21:00,0,0,0,11.32,0,9.955,8.49,11.15,83.05,1021.34,2,4.055555556,2,218.8888889,0,7.510888889
25/04/2026 22:00,0,0,0,10.74,0,9.63,8.435,11.115,85.75,1021.55,2,3.833333333,2,208.8888889,0,7.099333333
25/04/2026 23:00,0,0,0,10.32,0,9.345,8.28,11.015,87.3,1021.785,2,3.888888889,2,198.3333333,0,7.202222222
26/04/2026 00:00,0,0,0,10.085,0,9.32,8.46,11.13,89.5,1021.83,2,3.888888889,2,235,0,7.202222222
26/04/2026 01:00,0,0,0,9.84,0,9.065,8.195,10.95,89.35,1021.97,2,3.777777778,2,237.7777778,0,6.996444444
26/04/2026 02:00,0,0,0,9.435,0,8.785,8.05,10.83,90.95,1021.91,2,3.388888889,2,217.2222222,0,6.276222222
26/04/2026 03:00,0,0,0,9.295,0,8.735,8.125,10.875,92,1021.89,2,3.277777778,2,222.2222222,0,6.070444444
26/04/2026 04:00,0,0.005,0,9.08,0,8.58,8.02,10.82,92.8,1021.975,2,3.111111111,2,210,0,5.761777778
26/04/2026 05:00,0,0.005,0,8.885,0,8.42,7.915,10.735,93.3,1022.19,2,3.277777778,2,253.3333333,0,6.070444444
26/04/2026 06:00,0,0,0,9.27,0,8.8,8.255,10.96,92.95,1022.535,2,2.944444444,2,232.2222222,0,5.453111111
26/04/2026 07:00,0,0,0,10.15,0,9.45,8.74,11.31,90.7,1022.95,2,2.888888889,2,219.4444444,0,5.350222222
26/04/2026 08:00,0,0,0,11.095,0,10.05,8.97,11.48,86.55,1023.27,2,3.277777778,2,260.5555556,0,6.070444444
26/04/2026 09:00,0,0,0,11.96,0,10.52,9.065,11.535,82.35,1023.38,2,3.888888889,2,264.4444444,0,7.202222222
26/04/2026 10:00,0,0,0,12.835,0,11.005,9.21,11.675,78.6,1023.645,2,4.388888889,2,278.3333333,0,8.128222222
26/04/2026 11:00,0,0,0,13.855,0,11.465,9.175,11.65,73.3,1023.62,2,4.833333333,2,266.6666667,0,8.951333333
26/04/2026 12:00,0,0,0,14.365,0,11.665,9.09,11.585,70.55,1023.765,2,5.555555556,2,255,0,10.28888889
26/04/2026 13:00,0,0,0,14.77,0,11.84,9.055,11.54,68.6,1023.75,2,5.833333333,2,266.6666667,0,10.80333333
26/04/2026 14:00,0,0,0,14.91,0,11.95,9.145,11.605,68.4,1023.75,2,6.388888889,2,265.5555556,0,11.83222222
26/04/2026 15:00,0,0,0,15.075,0,11.885,8.85,11.375,66.35,1023.62,2,6.722222222,2,266.1111111,0,12.44955556
26/04/2026 16:00,0,0,0,15.35,0,12.02,8.825,11.38,65.3,1023.575,2,6.777777778,2,275,0,12.55244444
26/04/2026 17:00,0,0,0,15.13,0,11.95,8.92,11.445,66.7,1023.94,2,6.888888889,2,270.5555556,0,12.75822222
26/04/2026 18:00,0,0,0,14.465,0,11.55,8.72,11.285,68.45,1024.22,2,6.666666667,2,280,0,12.34666667
26/04/2026 19:00,0,0,0,13.55,0,11.14,8.775,11.325,73,1024.535,2,6.333333333,2,283.8888889,0,11.72933333
26/04/2026 20:00,0,0,0,12.245,0,10.375,8.49,11.11,77.7,1025.11,2,5.722222222,2,286.1111111,0,10.59755556
26/04/2026 21:00,0,0,0,11.375,0,9.9,8.365,11.035,81.6,1025.575,2,4.888888889,2,291.1111111,0,9.054222222
26/04/2026 22:00,0,0,0,10.605,0,9.43,8.185,10.885,84.75,1025.92,2,4.888888889,2,273.3333333,0,9.054222222
26/04/2026 23:00,0,0,0,10.025,0,9.015,7.915,10.7,86.55,1026.285,2,4.722222222,2,278.8888889,0,8.745555556
27/04/2026 00:00,0,0,0,9.64,0,8.755,7.785,10.615,87.95,1026.42,2,4.611111111,2,257.2222222,1,8.539777778
27/04/2026 01:00,0,0.015,0,9.17,0,8.455,7.66,10.51,89.75,1026.58,2,4.444444444,2,263.3333333,1,8.231111111
27/04/2026 02:00,0,0.075,0,8.62,0,8.06,7.41,10.36,91.65,1026.52,2,4.111111111,2,235,1,7.613777778
27/04/2026 03:00,0,0.045,0,7.975,0,7.53,7.01,10.125,93.1,1026.66,2,4.111111111,2,256.1111111,1,7.613777778
27/04/2026 04:00,0,0.01,0,8.01,0,7.61,7.155,10.22,94.1,1026.88,2,4.055555556,2,231.1111111,1,7.510888889
27/04/2026 05:00,0,0.005,0,7.705,0,7.345,6.925,10.065,94.45,1027.035,2,4.222222222,2,245,1,7.819555556
27/04/2026 06:00,0,0.015,0,7.94,0,7.635,7.275,10.28,95.2,1027.53,2,4.333333333,2,245.5555556,1,8.025333333
27/04/2026 07:00,0,0.02,0,9.615,0,9.145,8.665,11.235,93.4,1027.875,2,4.277777778,2,252.2222222,1,7.922444444
27/04/2026 08:00,0,0.005,0,11.04,0,10.195,9.35,11.755,89.05,1028.09,2,4.555555556,2,241.6666667,1,8.436888889
27/04/2026 09:00,0,0,0,12.39,0,10.945,9.53,11.905,82.55,1028.18,2,5.333333333,2,275.5555556,1,9.877333333
27/04/2026 10:00,0,0.015,0,13.31,0,11.36,9.51,11.89,77.65,1028.345,2,6.333333333,2,288.3333333,1,11.72933333
27/04/2026 11:00,0,0,0,13.995,0,11.575,9.275,11.705,72.9,1028.285,2,6.166666667,2,267.7777778,1,11.42066667
27/04/2026 12:00,0,0,0,14.35,0,11.815,9.46,11.855,72.15,1028.28,2,6.333333333,2,248.8888889,1,11.72933333
27/04/2026 13:00,0,0,0,14.7,0,11.815,9.06,11.55,68.95,1028.26,2,6.166666667,2,216.1111111,1,11.42066667
27/04/2026 14:00,0,0,0,14.685,0,11.665,8.77,11.335,67.65,1028.205,2,6.333333333,2,271.1111111,1,11.72933333
27/04/2026 15:00,0,0,0,14.735,0,11.785,8.985,11.485,68.25,1028.06,2,6.722222222,2,245.5555556,1,12.44955556
27/04/2026 16:00,0,0,0,14.825,0,11.79,8.915,11.425,67.7,1027.755,2,6.777777778,2,268.3333333,1,12.55244444
27/04/2026 17:00,0,0,0,14.465,0,11.58,8.795,11.355,68.6,1027.72,2,6.722222222,2,227.7777778,1,12.44955556
27/04/2026 18:00,0,0,0,13.99,0,11.27,8.595,11.21,69.8,1027.85,2,6.5,2,193.8888889,1,12.038
27/04/2026 19:00,0,0,0,13.215,0,10.85,8.495,11.11,72.9,1028.015,2,6,2,163.3333333,1,11.112
27/04/2026 20:00,0,0,0,12.085,0,10.2,8.26,10.94,77.2,1028.385,2,4.944444444,2,103.8888889,1,9.157111111
27/04/2026 21:00,0,0,0,10.915,0,9.42,7.825,10.615,81,1028.575,2,4.611111111,2,147.7777778,1,8.539777778
27/04/2026 22:00,0,0,0,9.75,0,8.57,7.275,10.235,84.35,1028.71,2,4.111111111,2,169.4444444,1,7.613777778
27/04/2026 23:00,0,0,0,9.065,0,8.155,7.1,10.125,87.35,1028.7,2,3.722222222,2,161.1111111,1,6.893555556
28/04/2026 00:00,0,0,0,8.45,0,7.62,6.66,9.805,88.3,1028.65,2,3.666666667,2,148.8888889,1,6.790666667
28/04/2026 01:00,0,0,0,7.78,0,7.17,6.465,9.69,91.25,1028.71,2,3.888888889,2,160.5555556,1,7.202222222
28/04/2026 02:00,0,0,0,7.285,0,6.745,6.1,9.46,91.9,1028.755,2,4,2,188.8888889,1,7.408
28/04/2026 03:00,0,0,0,7.04,0,6.495,5.85,9.305,92.05,1028.565,2,4.388888889,2,167.7777778,1,8.128222222
28/04/2026 04:00,0,0,0,6.86,0,6.365,5.79,9.27,92.65,1028.52,2,4.222222222,2,165,1,7.819555556
28/04/2026 05:00,0,0,0,6.61,0,6.115,5.535,9.105,92.8,1028.515,2,4.5,2,177.2222222,1,8.334
28/04/2026 06:00,0,0.01,0,7.3,0,6.795,6.175,9.49,92.55,1028.725,2,4.444444444,2,147.2222222,1,8.231111111
28/04/2026 07:00,0,0,0,9.39,0,8.6,7.745,10.56,89.35,1028.98,2,4.611111111,2,100.5555556,1,8.539777778
28/04/2026 08:00,0,0.005,0,11.315,0,9.795,8.23,10.91,81.35,1029.095,2,5.833333333,2,102.7777778,1,10.80333333
28/04/2026 09:00,0,0,0,12.76,0,10.55,8.32,10.965,74.5,1029.13,2,6.222222222,2,76.11111111,1,11.52355556
28/04/2026 10:00,0,0,0,13.715,0,10.95,8.225,10.91,69.75,1029.16,2,7.333333333,2,95.55555556,1,13.58133333
28/04/2026 11:00,0,0,0,14.49,0,11.285,8.105,10.845,65.8,1029.195,2,8.111111111,2,95,1,15.02177778
28/04/2026 12:00,0,0,0,14.86,0,11.58,8.41,11.07,65.55,1029.015,2,8.555555556,2,101.6666667,1,15.84488889
28/04/2026 13:00,0,0,0,14.845,0,11.52,8.255,10.965,64.8,1028.9,2,9.277777778,2,92.77777778,1,17.18244444
28/04/2026 14:00,0,0,0,14.945,0,11.48,8.06,10.815,63.6,1028.59,2,9.666666667,2,91.11111111,1,17.90266667
28/04/2026 15:00,0,0,0,14.775,0,11.285,7.815,10.6,63,1028.26,2,10.16666667,2,93.88888889,1,18.82866667
28/04/2026 16:00,0,0,0,14.44,0,10.98,7.52,10.415,63.1,1027.95,2,10.22222222,2,91.66666667,1,18.93155556
28/04/2026 17:00,0,0,0,14.04,0,10.66,7.21,10.2,63.35,1027.765,2,9.722222222,2,93.33333333,1,18.00555556
28/04/2026 18:00,0,0,0,13.335,0,10.31,7.15,10.15,65.7,1027.795,2,9.277777778,2,90,1,17.18244444
28/04/2026 19:00,0,0,0,12.315,0,9.64,6.755,9.885,68.6,1027.925,2,9.166666667,2,83.88888889,1,16.97666667
28/04/2026 20:00,0,0,0,10.75,0,8.705,6.41,9.645,74.15,1028.155,2,6.833333333,2,81.11111111,1,12.65533333
28/04/2026 21:00,0,0,0,9.545,0,7.94,6.08,9.43,78.7,1028.43,2,5.722222222,2,76.66666667,1,10.59755556
28/04/2026 22:00,0,0,0,8.885,0,7.515,5.92,9.31,81.4,1028.505,2,5.833333333,2,72.77777778,1,10.80333333
28/04/2026 23:00,0,0,0,8.08,0,6.96,5.585,9.105,84.05,1028.505,2,5.555555556,2,86.11111111,1,10.28888889
29/04/2026 00:00,0,0,0,7.285,0,6.385,5.26,8.9,86.65,1028.44,2,5.111111111,2,110,1,9.465777778
29/04/2026 01:00,0,0,0,6.705,0,5.885,4.87,8.68,88,1028.32,2,4.555555556,2,95,1,8.436888889
29/04/2026 02:00,0,0,0,6.3,0,5.52,4.525,8.465,88.15,1027.87,2,4.5,2,117.7777778,1,8.334
29/04/2026 03:00,0,0,0,5.965,0,5.235,4.3,8.33,88.85,1027.585,2,4.833333333,2,120.5555556,1,8.951333333
29/04/2026 04:00,0,0,0,5.765,0,5.075,4.165,8.235,89.25,1027.37,2,4.777777778,2,108.8888889,1,8.848444444
29/04/2026 05:00,0,0,0,5.685,0,4.935,3.97,8.135,88.7,1027.03,2,5,2,105,1,9.26
29/04/2026 06:00,0,0.01,0,6.465,0,5.585,4.455,8.42,87,1027.005,2,5.944444444,2,77.22222222,1,11.00911111
29/04/2026 07:00,0,0,0,8.445,0,7.105,5.45,9.03,81.55,1027.02,2,6.833333333,2,93.88888889,1,12.65533333
29/04/2026 08:00,0,0,0,10.24,0,7.955,5.165,8.855,70.65,1026.735,2,8.666666667,2,65.55555556,1,16.05066667
29/04/2026 09:00,0,0,0,11.635,0,8.455,4.64,8.535,62.05,1026.285,2,9.777777778,2,84.44444444,1,18.10844444
29/04/2026 10:00,0,0,0,12.945,0,9.03,4.395,8.385,56,1025.8,2,11.16666667,2,86.11111111,1,20.68066667
29/04/2026 11:00,0,0,0,14.265,0,9.635,4.185,8.245,50.95,1025.33,2,11.83333333,2,73.33333333,1,21.91533333
29/04/2026 12:00,0,0,0,15.13,0,10.33,4.945,8.725,50.7,1024.82,2,12.83333333,2,71.66666667,1,23.76733333
29/04/2026 13:00,0,0,0,15.765,0,10.5,4.56,8.48,47.45,1024.305,2,13.16666667,2,73.33333333,1,24.38466667
29/04/2026 14:00,0,0,0,16.22,0,10.695,4.525,8.465,45.95,1023.815,2,13.44444444,2,77.22222222,1,24.89911111
29/04/2026 15:00,0,0,0,16.525,0,10.915,4.75,8.595,45.6,1023.185,2,13.77777778,2,76.11111111,1,25.51644444
29/04/2026 16:00,0,0,0,16.455,0,10.855,4.64,8.525,45.45,1022.75,2,13.77777778,2,73.33333333,1,25.51644444
29/04/2026 17:00,0,0,0,16.17,0,10.64,4.39,8.39,45.4,1022.3,2,13.44444444,2,73.33333333,1,24.89911111
29/04/2026 18:00,0,0,0,15.695,0,10.37,4.28,8.325,46.4,1022.04,2,13,2,77.22222222,1,24.076
29/04/2026 19:00,0,0,0,14.73,0,9.925,4.38,8.375,49.85,1022.095,2,11.16666667,2,71.66666667,1,20.68066667
29/04/2026 20:00,0,0,0,13.38,0,9.21,4.275,8.305,53.9,1022.225,2,9.722222222,2,74.44444444,1,18.00555556
29/04/2026 21:00,0,0,0,12.66,0,8.795,4.12,8.225,55.9,1022.325,2,9.166666667,2,72.77777778,1,16.97666667
29/04/2026 22:00,0,0,0,12.32,0,8.52,3.865,8.075,56.15,1022.085,2,9.555555556,2,74.44444444,1,17.69688889
29/04/2026 23:00,0,0,0,12.06,0,8.28,3.595,7.915,55.9,1021.825,2,9.666666667,2,90,1,17.90266667
30/04/2026 00:00,0,0,0,11.725,0,7.97,3.21,7.7,55.95,1021.605,2,10.77777778,2,78.88888889,1,19.96044444
30/04/2026 01:00,0,0.01,0,11.175,0,7.64,3.07,7.66,57.5,1021.33,2,10.72222222,2,83.88888889,1,19.85755556
30/04/2026 02:00,0,0.09,0,10.535,0,7.38,3.235,7.76,60.8,1020.96,2,9.777777778,2,86.66666667,1,18.10844444
30/04/2026 03:00,0,0.095,0,9.815,0,7.12,3.605,7.96,65.1,1020.395,2,9.722222222,2,85,1,18.00555556
30/04/2026 04:00,0,0.245,0,9.49,0,7.02,3.8,8.065,67.65,1019.95,2,9.5,2,83.33333333,1,17.594
30/04/2026 05:00,0,0.225,0,9.2,0,6.92,3.94,8.16,69.85,1019.695,2,9.277777778,2,78.88888889,1,17.18244444
30/04/2026 06:00,0,0.405,0,9.37,0,7.205,4.41,8.455,71.4,1019.51,2,9.555555556,2,78.88888889,1,17.69688889
30/04/2026 07:00,0,0.2,0,10.07,0,7.825,5.02,8.805,71.15,1019.47,2,9.888888889,2,76.11111111,1,18.31422222
30/04/2026 08:00,0,0.17,0,10.915,0,8.455,5.505,9.11,69.65,1019.175,2,10.55555556,2,79.44444444,1,19.54888889
30/04/2026 09:00,0,0.055,0,11.54,0,8.93,5.93,9.36,68.8,1018.73,2,10.66666667,2,78.88888889,1,19.75466667
30/04/2026 10:00,0,0.14,0,12.39,0,9.575,6.42,9.67,67.55,1018.48,2,10.77777778,2,85.55555556,1,19.96044444
30/04/2026 11:00,0,0.125,0,13.1,0,10.1,6.87,9.98,66.8,1018.19,2,10.83333333,2,90.55555556,1,20.06333333
30/04/2026 12:00,0,0.205,0,13.335,0,10.445,7.39,10.33,68.15,1017.975,2,10.77777778,2,91.11111111,1,19.96044444
30/04/2026 13:00,0,0.165,0,13.59,0,10.585,7.445,10.375,67.7,1017.62,2,10.5,2,93.88888889,1,19.446
30/04/2026 14:00,0,0.17,0,13.79,0,10.84,7.85,10.67,68.8,1017.235,2,10.11111111,2,98.88888889,1,18.72577778
30/04/2026 15:00,0,0.32,0,13.72,0,10.955,8.11,10.87,71,1016.96,2,9.5,2,100,1,17.594
30/04/2026 16:00,0,0.48,0,13.49,0,10.955,8.325,11.035,72.8,1016.815,2,8.555555556,2,107.2222222,1,15.84488889
30/04/2026 17:00,0,0.755,0,12.955,0,10.8,8.65,11.27,76.55,1016.655,2,7.277777778,2,110.5555556,1,13.47844444
30/04/2026 18:00,0,0.7,0,12.635,0,10.775,8.905,11.455,79.6,1016.625,2,6.222222222,2,110.5555556,1,11.52355556
30/04/2026 19:00,0,0.49,0,12.005,0,10.835,9.655,12.035,86,1016.715,2,5.555555556,2,105.5555556,1,10.28888889
30/04/2026 20:00,0,0.385,0,11.69,0,10.71,9.725,12.09,88.15,1016.865,2,5.5,2,88.88888889,1,10.186
30/04/2026 21:00,0,0.25,0,11.55,0,10.615,9.695,12.045,88.5,1016.875,2,4.944444444,2,102.2222222,1,9.157111111
30/04/2026 22:00,0,0.04,0,11.655,0,10.55,9.44,11.85,86.8,1016.78,2,4.444444444,2,92.22222222,1,8.231111111
30/04/2026 23:00,0,0.06,0,11.5,0,10.455,9.42,11.835,87.2,1016.695,2,4.388888889,2,100,1,8.128222222
01/05/2026 00:00,0,0.025,0,11.52,0,10.55,9.605,11.98,88.2,1016.68,2,4.333333333,2,110,1,8.025333333
01/05/2026 01:00,0,0.02,0,11.425,0,10.495,9.545,11.93,88.25,1016.52,2,4.888888889,2,101.1111111,1,9.054222222
01/05/2026 02:00,0,0.015,0,11.495,0,10.54,9.595,11.98,88.35,1016.285,2,4.722222222,2,111.6666667,1,8.745555556
01/05/2026 03:00,0,0,0,11.405,0,10.45,9.455,11.88,88.05,1016.135,2,4.333333333,2,120,1,8.025333333
01/05/2026 04:00,0,0.02,0,11.185,0,10.345,9.47,11.875,89.1,1016.095,2,4.111111111,2,125,1,7.613777778
01/05/2026 05:00,0,0,0,11.16,0,10.37,9.6,11.965,89.7,1016.275,2,4.333333333,2,130.5555556,1,8.025333333
01/05/2026 06:00,0,0.01,0,11.25,0,10.45,9.66,12.005,89.65,1016.565,2,4.611111111,2,136.6666667,1,8.539777778
01/05/2026 07:00,0,0.005,0,11.785,0,10.86,9.985,12.26,88.5,1016.81,2,5.222222222,2,140,1,9.671555556
01/05/2026 08:00,0,0,0,12.585,0,11.41,10.315,12.55,85.85,1017.165,2,5.888888889,2,155.5555556,1,10.90622222
01/05/2026 09:00,0,0,0,13.475,0,11.83,10.37,12.595,81.55,1017.335,2,6.777777778,2,164.4444444,1,12.55244444
01/05/2026 10:00,0,0.01,0,14.19,0,11.97,9.915,12.24,75.55,1017.465,2,7.444444444,2,176.6666667,1,13.78711111
01/05/2026 11:00,0,0.005,0,14.835,0,12.205,9.805,12.14,72,1017.455,2,8.388888889,2,178.3333333,1,15.53622222
01/05/2026 12:00,0,0,0,14.93,0,12.295,9.835,12.16,71.65,1017.39,2,8.111111111,2,195.5555556,1,15.02177778
01/05/2026 13:00,0,0.005,0,15.505,0,12.45,9.585,11.985,68.2,1017.235,2,7.833333333,2,187.7777778,1,14.50733333
01/05/2026 14:00,0,0,0,15.3,0,12.265,9.445,11.855,68.4,1017.145,2,7.833333333,2,201.1111111,1,14.50733333
01/05/2026 15:00,0,0,0,15.175,0,12.175,9.35,11.785,68.5,1016.995,2,7.222222222,2,187.2222222,1,13.37555556
01/05/2026 16:00,0,0.01,0,15.19,0,12.275,9.54,11.945,69.4,1016.63,2,7.5,2,205,1,13.89
01/05/2026 17:00,0,0.01,0,14.655,0,12.09,9.695,12.06,72.45,1016.535,2,7.055555556,2,210.5555556,1,13.06688889
01/05/2026 18:00,0,0,0,13.965,0,11.77,9.685,12.035,75.6,1016.555,2,7.055555556,2,215.5555556,1,13.06688889
01/05/2026 19:00,0,0.08,0,13.195,0,11.445,9.76,12.095,79.75,1016.67,2,6.166666667,2,210.5555556,1,11.42066667
01/05/2026 20:00,0,0.045,0,12.185,0,10.855,9.54,11.915,83.8,1016.855,2,5.611111111,2,203.8888889,1,10.39177778
01/05/2026 21:00,0,0,0,11.535,0,10.53,9.55,11.93,87.4,1016.99,2,4.944444444,2,187.2222222,1,9.157111111
01/05/2026 22:00,0,0.03,0,11.13,0,10.285,9.42,11.815,88.85,1016.955,2,4.333333333,2,181.1111111,1,8.025333333
01/05/2026 23:00,0,0.03,0,10.78,0,10.075,9.35,11.79,90.75,1016.79,2,4.555555556,2,178.3333333,1,8.436888889
02/05/2026 00:00,0,0.015,0,10.585,0,10.005,9.4,11.805,91.95,1016.545,2,4.555555556,2,170.5555556,0,8.436888889
02/05/2026 01:00,0,0.11,0,10.495,0,9.94,9.395,11.82,92.6,1016.15,2,4.277777778,2,158.3333333,0,7.922444444
02/05/2026 02:00,0,0.15,0,10.42,0,9.895,9.35,11.765,92.9,1015.565,2,4.611111111,2,152.7777778,0,8.539777778
02/05/2026 03:00,0,0.055,0,10.245,0,9.755,9.235,11.695,93.15,1015.02,2,4.555555556,2,176.6666667,0,8.436888889
02/05/2026 04:00,0,0.005,0,10.095,0,9.61,9.125,11.6,93.4,1014.69,2,4.277777778,2,147.7777778,0,7.922444444
02/05/2026 05:00,0,0.165,0,10.035,0,9.58,9.1,11.58,93.65,1014.365,2,4.166666667,2,169.4444444,0,7.716666667
02/05/2026 06:00,0,0.195,0,10.205,0,9.76,9.295,11.74,93.55,1014.225,2,3.833333333,2,142.7777778,0,7.099333333
02/05/2026 07:00,0,0.3,0,10.875,0,10.275,9.64,12.015,91.85,1014.18,2,4.166666667,2,143.8888889,0,7.716666667
02/05/2026 08:00,0,0.145,0,11.56,0,10.69,9.845,12.16,89,1014.13,2,4.833333333,2,148.3333333,0,8.951333333
02/05/2026 09:00,0,0.025,0,12.135,0,11.03,9.98,12.285,86.6,1014.08,2,5.222222222,2,159.4444444,0,9.671555556
02/05/2026 10:00,0,0.025,0,12.685,0,11.25,9.875,12.205,82.9,1013.785,2,5.611111111,2,165,0,10.39177778
02/05/2026 11:00,0,0.155,0,13,0,11.44,9.955,12.26,81.85,1013.435,2,5.166666667,2,193.3333333,0,9.568666667
02/05/2026 12:00,0,0.48,0,13.025,0,11.485,10.06,12.34,82.35,1013.215,2,5.888888889,2,199.4444444,0,10.90622222
02/05/2026 13:00,0,0.355,0,13.01,0,11.39,9.83,12.14,81.2,1012.875,2,6.277777778,2,220,0,11.62644444
02/05/2026 14:00,0,0.385,0,13.385,0,11.555,9.84,12.165,79.25,1012.615,2,6.277777778,2,215.5555556,0,11.62644444
02/05/2026 15:00,0,0.155,0,13.55,0,11.635,9.85,12.17,78.65,1012.18,2,6.222222222,2,198.3333333,0,11.52355556
02/05/2026 16:00,0,0.31,0,13.52,0,11.65,9.905,12.23,79.15,1011.71,2,6.611111111,2,185.5555556,0,12.24377778
02/05/2026 17:00,0,0.3,0,12.84,0,11.295,9.845,12.16,82.15,1011.58,2,6.722222222,2,186.1111111,0,12.44955556
02/05/2026 18:00,0,0.27,0,12.41,0,11.02,9.685,12.03,83.45,1011.375,2,6.277777778,2,132.2222222,0,11.62644444
02/05/2026 19:00,0,0.18,0,12.085,0,10.89,9.72,12.07,85.35,1011.39,2,5.555555556,2,183.3333333,0,10.28888889
02/05/2026 20:00,0,0.01,0,11.385,0,10.365,9.365,11.77,87.15,1011.625,2,4.555555556,2,144.4444444,0,8.436888889
02/05/2026 21:00,0,0.015,0,10.805,0,10.025,9.25,11.685,89.75,1011.88,2,4.055555556,2,131.6666667,0,7.510888889
02/05/2026 22:00,0,0.055,0,10.54,0,9.835,9.08,11.56,90.6,1011.875,2,3.666666667,2,143.8888889,0,6.790666667
02/05/2026 23:00,0,0.005,0,10.355,0,9.705,9.045,11.52,91.3,1011.765,2,3.5,2,163.8888889,0,6.482
03/05/2026 00:00,0,0.015,0,10.11,0,9.515,8.915,11.425,91.95,1011.67,2,3.666666667,2,193.3333333,0,6.790666667
03/05/2026 01:00,0,0.02,0,10.125,0,9.575,9.015,11.505,92.5,1011.505,2,3.833333333,2,170.5555556,0,7.099333333
03/05/2026 02:00,0,0.02,0,9.99,0,9.48,8.945,11.44,92.9,1011.23,2,4.111111111,2,205,0,7.613777778
03/05/2026 03:00,0,0.085,0,9.99,0,9.5,8.975,11.47,93.1,1011.065,2,4.555555556,2,207.7777778,0,8.436888889
03/05/2026 04:00,0,0.26,0,9.86,0,9.415,8.925,11.43,93.45,1010.895,2,4.722222222,2,215,0,8.745555556
03/05/2026 05:00,0,0.585,0,9.735,0,9.305,8.815,11.36,93.55,1010.82,2,5.111111111,2,214.4444444,0,9.465777778
03/05/2026 06:00,0,0.355,0,9.94,0,9.455,8.935,11.45,93.15,1011.01,2,5.222222222,2,199.4444444,0,9.671555556
03/05/2026 07:00,0,0.08,0,10.46,0,9.81,9.125,11.605,91.35,1011.41,2,5.277777778,2,217.2222222,0,9.774444444
03/05/2026 08:00,0,0.065,0,10.9,0,10.16,9.42,11.81,90.3,1011.67,2,5.888888889,2,185.5555556,0,10.90622222
03/05/2026 09:00,0,0.05,0,11.385,0,10.37,9.365,11.78,87.25,1011.76,2,6.944444444,2,114.4444444,0,12.86111111
03/05/2026 10:00,0,0.105,0,11.87,0,10.58,9.3,11.74,84.2,1011.83,2,7,2,99.44444444,0,12.964
03/05/2026 11:00,0,0.185,0,12.12,0,10.74,9.385,11.785,83.15,1011.945,2,7.277777778,2,124.4444444,0,13.47844444
03/05/2026 12:00,0,0.19,0,12.67,0,11.035,9.45,11.86,80.6,1011.915,2,7.222222222,2,81.11111111,0,13.37555556
03/05/2026 13:00,0,0.135,0,13.11,0,11.225,9.39,11.785,78.15,1011.84,2,7.277777778,2,98.88888889,0,13.47844444
03/05/2026 14:00,0,0.065,0,13.13,0,11.205,9.39,11.79,77.9,1011.825,2,7.388888889,2,105.5555556,0,13.68422222
03/05/2026 15:00,0,0.3,0,13.14,0,11.205,9.37,11.77,78,1011.825,2,7.388888889,2,87.22222222,0,13.68422222
03/05/2026 16:00,0,0.17,0,12.97,0,11.15,9.41,11.825,78.85,1011.84,2,7.611111111,2,98.33333333,0,14.09577778
03/05/2026 17:00,0,0.55,0,12.44,0,10.91,9.42,11.83,81.8,1012.065,2,7.222222222,2,86.66666667,0,13.37555556
03/05/2026 18:00,0,0.135,0,12.015,0,10.73,9.455,11.85,84.2,1012.355,2,6.833333333,2,142.7777778,0,12.65533333
03/05/2026 19:00,0,0.12,0,11.57,0,10.455,9.365,11.795,86.05,1012.76,2,6.833333333,2,138.3333333,0,12.65533333
03/05/2026 20:00,0,0.08,0,11.145,0,10.19,9.205,11.65,87.45,1013.33,2,6.333333333,2,142.2222222,0,11.72933333
03/05/2026 21:00,0,0.115,0,10.74,0,9.845,8.945,11.465,88.25,1014.025,2,6.277777778,2,77.77777778,0,11.62644444
03/05/2026 22:00,0,0.095,0,10.45,0,9.59,8.69,11.26,88.5,1014.475,2,5.5,2,58.88888889,0,10.186
03/05/2026 23:00,0,0.015,0,10.215,0,9.415,8.535,11.165,89,1014.655,2,5.388888889,2,110,0,9.980222222
04/05/2026 00:00,0,0.005,0,10.155,0,9.35,8.49,11.12,89.05,1014.955,2,5.444444444,2,191.1111111,1,10.08311111
04/05/2026 01:00,0,0.12,0,9.965,0,9.155,8.275,10.965,89,1015.18,2,5.444444444,2,195.5555556,1,10.08311111
04/05/2026 02:00,0,0.03,0,9.845,0,9.055,8.205,10.91,89.3,1015.43,2,5.5,2,228.8888889,1,10.186
04/05/2026 03:00,0,0,0,9.66,0,8.915,8.085,10.825,89.65,1015.625,2,5.944444444,2,260,1,11.00911111
04/05/2026 04:00,0,0,0,9.51,0,8.73,7.83,10.64,89,1015.755,2,6.111111111,2,243.3333333,1,11.31777778
04/05/2026 05:00,0,0.01,0,9.27,0,8.45,7.535,10.43,88.6,1015.795,2,6,2,215.5555556,1,11.112
04/05/2026 06:00,0,0,0,9.455,0,8.47,7.39,10.33,86.65,1016.095,2,5.666666667,2,235,1,10.49466667
04/05/2026 07:00,0,0,0,9.91,0,8.7,7.38,10.335,84.1,1016.635,2,6.055555556,2,191.1111111,1,11.21488889
04/05/2026 08:00,0,0.005,0,10.46,0,8.91,7.155,10.195,79.9,1017.1,2,6.333333333,2,212.7777778,1,11.72933333
04/05/2026 09:00,0,0,0,11.22,0,9.27,7.11,10.165,75.75,1017.375,2,6.611111111,2,211.6666667,1,12.24377778
04/05/2026 10:00,0,0.025,0,11.855,0,9.65,7.23,10.235,73.1,1017.515,2,7.222222222,2,214.4444444,1,13.37555556
04/05/2026 11:00,0,0.03,0,12.49,0,9.895,7.065,10.14,69.5,1017.59,2,7.277777778,2,233.8888889,1,13.47844444
04/05/2026 12:00,0,0,0,13.035,0,10.175,7.08,10.15,66.95,1017.57,2,7.833333333,2,265.5555556,1,14.50733333
04/05/2026 13:00,0,0,0,13.15,0,10.165,6.93,10.045,65.8,1017.635,2,8.111111111,2,224.4444444,1,15.02177778
04/05/2026 14:00,0,0,0,13.255,0,10.135,6.765,9.92,64.55,1017.585,2,8.444444444,2,236.1111111,1,15.63911111
04/05/2026 15:00,0,0,0,13.355,0,10.245,6.91,10.01,64.95,1017.52,2,8.111111111,2,275,1,15.02177778
04/05/2026 16:00,0,0,0,13.19,0,10.05,6.625,9.83,64.5,1017.415,2,7.833333333,2,298.3333333,1,14.50733333
04/05/2026 17:00,0,0,0,12.81,0,9.87,6.63,9.83,66.1,1017.35,2,7.722222222,2,302.7777778,1,14.30155556
04/05/2026 18:00,0,0.01,0,12.325,0,9.535,6.425,9.68,67.45,1017.33,2,7.944444444,2,303.8888889,1,14.71311111
04/05/2026 19:00,0,0.005,0,11.54,0,9.135,6.385,9.655,70.7,1017.52,2,7.277777778,2,273.3333333,1,13.47844444
04/05/2026 20:00,0,0,0,10.465,0,8.47,6.21,9.52,74.7,1017.815,2,6.222222222,2,291.1111111,1,11.52355556
04/05/2026 21:00,0,0,0,9.23,0,7.78,6.06,9.415,80.15,1018.2,2,5.777777778,2,287.7777778,1,10.70044444
04/05/2026 22:00,0,0,0,8.725,0,7.4,5.835,9.275,81.8,1018.225,2,5.388888889,2,281.6666667,1,9.980222222
04/05/2026 23:00,0,0,0,8.36,0,7.12,5.63,9.135,82.75,1018.16,2,5.166666667,2,250.5555556,1,9.568666667
05/05/2026 00:00,0,0.015,0,8.08,0,7.02,5.75,9.2,84.95,1018.11,2,4.777777778,2,271.6666667,1,8.848444444
05/05/2026 01:00,0,0.01,0,7.735,0,6.845,5.735,9.215,86.95,1018.045,2,4.611111111,2,265.5555556,1,8.539777778
05/05/2026 02:00,0,0.04,0,7.75,0,6.88,5.84,9.265,87.6,1017.835,2,4.722222222,2,277.2222222,1,8.745555556
05/05/2026 03:00,0,0.01,0,7.625,0,6.835,5.85,9.27,88.3,1017.635,2,4.888888889,2,308.8888889,1,9.054222222
05/05/2026 04:00,0,0.005,0,7.705,0,6.98,6.125,9.455,89.45,1017.54,2,4.722222222,2,286.1111111,1,8.745555556
05/05/2026 05:00,0,0.02,0,7.535,0,6.81,5.925,9.31,89.35,1017.55,2,4.444444444,2,208.8888889,1,8.231111111
05/05/2026 06:00,0,0.005,0,8,0,7.115,6.065,9.41,87.5,1017.595,2,4.722222222,2,306.6666667,1,8.745555556
05/05/2026 07:00,0,0.005,0,8.985,0,7.735,6.27,9.545,82.95,1017.645,2,4.722222222,2,258.8888889,1,8.745555556
05/05/2026 08:00,0,0.025,0,9.895,0,8.26,6.36,9.595,78.5,1017.685,2,5.444444444,2,288.3333333,1,10.08311111
05/05/2026 09:00,0,0,0,10.775,0,8.5,5.89,9.295,71.65,1017.665,2,6.611111111,2,284.4444444,1,12.24377778
05/05/2026 10:00,0,0,0,11.22,0,8.55,5.415,8.99,67.05,1017.69,2,6,2,268.8888889,1,11.112
05/05/2026 11:00,0,0,0,11.4,0,8.62,5.365,8.965,66.15,1017.62,2,7,2,281.1111111,1,12.964
05/05/2026 12:00,0,0,0,11.95,0,8.83,5.17,8.87,63.15,1017.41,2,7,2,263.3333333,1,12.964
05/05/2026 13:00,0,0.005,0,12.08,0,8.87,5.12,8.815,62.25,1017.28,2,7.111111111,2,281.1111111,1,13.16977778
05/05/2026 14:00,0,0,0,12.125,0,8.85,4.94,8.72,61.2,1017.305,2,7.5,2,212.2222222,1,13.89
05/05/2026 15:00,0,0,0,12.555,0,9.035,4.92,8.715,59.7,1017.075,2,7.166666667,2,230,1,13.27266667
05/05/2026 16:00,0,0,0,12.28,0,8.835,4.77,8.625,60.15,1016.97,2,7.388888889,2,223.8888889,1,13.68422222
05/05/2026 17:00,0,0,0,12.035,0,8.705,4.725,8.58,60.65,1016.865,2,7.666666667,2,186.1111111,1,14.19866667
05/05/2026 18:00,0,0,0,11.695,0,8.36,4.26,8.33,60.15,1016.715,2,7.555555556,2,250.5555556,1,13.99288889
05/05/2026 19:00,0,0,0,11,0,8.07,4.46,8.455,63.8,1016.735,2,7.333333333,2,187.7777778,1,13.58133333
05/05/2026 20:00,0,0,0,9.86,0,7.4,4.3,8.365,68.1,1017.015,2,6.5,2,206.1111111,1,12.038
05/05/2026 21:00,0,0,0,8.6,0,6.71,4.195,8.325,73.7,1017.245,2,5.388888889,2,217.2222222,1,9.980222222
05/05/2026 22:00,0,0.015,0,7.715,0,6.065,3.82,8.13,76.35,1017.31,2,5.444444444,2,182.2222222,1,10.08311111
05/05/2026 23:00,0,0,0,7.06,0,5.59,3.5,7.95,77.95,1017.22,2,4.944444444,2,170.5555556,1,9.157111111
06/05/2026 00:00,0,0,0,6.545,0,5.125,3.08,7.715,78.25,1017.025,2,4.611111111,2,166.6666667,1,8.539777778
06/05/2026 01:00,0,0,0,5.865,0,4.605,2.82,7.595,80.6,1016.83,2,4.777777778,2,186.6666667,1,8.848444444
06/05/2026 02:00,0,0,0,5.2,0,4.085,2.475,7.41,82.35,1016.455,2,4.444444444,2,172.7777778,1,8.231111111
06/05/2026 03:00,0,0,0,4.42,0,3.45,2.02,7.175,84.35,1016.35,2,3.833333333,2,163.3333333,1,7.099333333
06/05/2026 04:00,0,0,0,3.995,0,3.135,1.855,7.095,85.7,1016.085,2,3.5,2,200,1,6.482
06/05/2026 05:00,0,0,0,3.715,0,2.93,1.76,7.06,87.15,1015.855,2,3.444444444,2,255.5555556,1,6.379111111
06/05/2026 06:00,0,0,0,4.62,0,3.76,2.5,7.405,86.1,1015.77,2,3.5,2,227.2222222,1,6.482
06/05/2026 07:00,0,0,0,6.625,0,5.225,3.31,7.82,79.35,1015.875,2,3.5,2,193.3333333,1,6.482
06/05/2026 08:00,0,0,0,8.475,0,6.305,3.35,7.85,70.1,1015.91,2,3.555555556,2,179.4444444,1,6.584888889
06/05/2026 09:00,0,0,0,9.825,0,6.935,3.03,7.705,62.55,1015.575,2,3.666666667,2,165.5555556,1,6.790666667
06/05/2026 10:00,0,0,0,10.83,0,7.34,2.665,7.52,57.25,1015.205,2,3.722222222,2,215,1,6.893555556
06/05/2026 11:00,0,0,0,11.845,0,7.945,2.83,7.6,54.2,1014.92,2,4,2,208.8888889,1,7.408
06/05/2026 12:00,0,0,0,12.3,0,8.21,2.92,7.645,53.2,1014.575,2,4.611111111,2,238.8888889,1,8.539777778
06/05/2026 13:00,0,0,0,12.63,0,8.515,3.215,7.82,53.45,1014.285,2,5.388888889,2,247.2222222,1,9.980222222
06/05/2026 14:00,0,0,0,12.685,0,8.69,3.655,8.055,54.95,1014.085,2,5.666666667,2,223.8888889,1,10.49466667
06/05/2026 15:00,0,0,0,12.89,0,8.575,3.095,7.74,52.25,1013.685,2,5.833333333,2,219.4444444,1,10.80333333
06/05/2026 16:00,0,0,0,12.765,0,8.49,3.045,7.695,52.4,1013.24,2,5.722222222,2,235,1,10.59755556
06/05/2026 17:00,0,0,0,12.63,0,8.64,3.625,8.03,55.05,1012.845,2,6.333333333,2,227.2222222,1,11.72933333
06/05/2026 18:00,0,0,0,11.97,0,8.3,3.67,8.015,57.35,1012.83,2,6.722222222,2,233.3333333,1,12.44955556
06/05/2026 19:00,0,0,0,11.075,0,7.82,3.645,8.015,60.6,1012.89,2,6.111111111,2,233.3333333,1,11.31777778
06/05/2026 20:00,0,0,0,9.75,0,7.275,4.14,8.265,68.05,1012.885,2,5.277777778,2,232.7777778,1,9.774444444
06/05/2026 21:00,0,0.005,0,8.88,0,6.895,4.375,8.41,73.2,1013.1,2,4.444444444,2,222.7777778,1,8.231111111
06/05/2026 22:00,0,0,0,8.535,0,6.845,4.705,8.595,76.7,1013,2,4.5,2,206.6666667,1,8.334
06/05/2026 23:00,0,0,0,7.995,0,6.58,4.79,8.645,79.9,1012.92,2,4.222222222,2,191.6666667,1,7.819555556
07/05/2026 00:00,0,0,0,7.545,0,6.3,4.745,8.625,82.2,1012.73,2,4.111111111,2,187.2222222,1,7.613777778
07/05/2026 01:00,0,0,0,7.31,0,6.14,4.635,8.55,82.9,1012.465,2,4,2,179.4444444,1,7.408
07/05/2026 02:00,0,0.005,0,6.935,0,5.85,4.47,8.465,84.15,1012.295,2,4.666666667,2,196.1111111,1,8.642666667
07/05/2026 03:00,0,0.015,0,6.82,0,5.85,4.62,8.555,85.7,1012.105,2,4.5,2,197.2222222,1,8.334
07/05/2026 04:00,0,0,0,6.585,0,5.64,4.405,8.43,85.9,1012.03,2,4.333333333,2,185.5555556,1,8.025333333
07/05/2026 05:00,0,0.035,0,6.385,0,5.5,4.34,8.4,86.65,1012.025,2,4.611111111,2,162.2222222,1,8.539777778
07/05/2026 06:00,0,0,0,6.93,0,6.06,4.92,8.725,86.9,1012.055,2,4.666666667,2,173.3333333,1,8.642666667
07/05/2026 07:00,0,0.02,0,8.57,0,7.315,5.785,9.235,82.75,1012.035,2,5.388888889,2,165,1,9.980222222
07/05/2026 08:00,0,0,0,10.1,0,8.275,6.14,9.465,76.3,1012.085,2,6.666666667,2,181.1111111,1,12.34666667
07/05/2026 09:00,0,0,0,11.6,0,8.93,5.875,9.31,68,1012,2,7.888888889,2,186.1111111,1,14.61022222
07/05/2026 10:00,0,0.1,0,12.135,0,9.29,6.045,9.42,66.65,1011.99,2,8.777777778,2,199.4444444,1,16.25644444
07/05/2026 11:00,0,0.105,0,12.48,0,9.455,6.04,9.41,65.2,1011.885,2,9.388888889,2,201.1111111,1,17.38822222
07/05/2026 12:00,0,0.005,0,12.595,0,9.57,6.16,9.5,65.2,1011.835,2,9.555555556,2,205,1,17.69688889
07/05/2026 13:00,0,0.025,0,12.98,0,9.785,6.235,9.545,64.1,1011.665,2,9.444444444,2,211.1111111,1,17.49111111
07/05/2026 14:00,0,0.045,0,13.085,0,9.81,6.165,9.51,63.2,1011.51,2,9.555555556,2,211.1111111,1,17.69688889
07/05/2026 15:00,0,0.055,0,12.865,0,9.83,6.48,9.705,65.5,1011.345,2,9.277777778,2,213.8888889,1,17.18244444
07/05/2026 16:00,0,0.055,0,12.625,0,9.765,6.61,9.78,67.25,1011.27,2,8.944444444,2,221.1111111,1,16.56511111
07/05/2026 17:00,0,0.115,0,12.17,0,9.415,6.335,9.605,67.7,1011.445,2,8.277777778,2,230.5555556,1,15.33044444
07/05/2026 18:00,0,0.1,0,11.72,0,9.34,6.685,9.82,71.6,1011.57,2,7.5,2,237.2222222,1,13.89
07/05/2026 19:00,0,0.14,0,11.03,0,8.965,6.645,9.79,74.45,1011.88,2,6.444444444,2,241.1111111,1,11.93511111
07/05/2026 20:00,0,0.095,0,10.2,0,8.525,6.605,9.76,78.45,1012.305,2,5.388888889,2,231.6666667,1,9.980222222
07/05/2026 21:00,0,0.055,0,9.55,0,8.195,6.63,9.77,81.9,1012.87,2,4.722222222,2,231.6666667,1,8.745555556
07/05/2026 22:00,0,0.045,0,9.085,0,7.96,6.645,9.78,84.6,1013.205,2,4,2,231.1111111,1,7.408
07/05/2026 23:00,0,0.02,0,8.935,0,7.905,6.7,9.83,85.6,1013.4,2,3.888888889,2,230.5555556,1,7.202222222
08/05/2026 00:00,0,0.03,0,8.525,0,7.575,6.445,9.65,86.55,1013.595,2,3.611111111,2,233.8888889,1,6.687777778
08/05/2026 01:00,0,0.045,0,8.28,0,7.415,6.385,9.62,87.6,1013.55,2,3.277777778,2,232.7777778,1,6.070444444
08/05/2026 02:00,0,0.02,0,7.945,0,7.16,6.21,9.51,88.65,1013.615,2,3.222222222,2,241.1111111,1,5.967555556
08/05/2026 03:00,0,0.01,0,7.63,0,6.89,6.005,9.37,89.1,1013.77,2,3.222222222,2,228.8888889,1,5.967555556
08/05/2026 04:00,0,0.015,0,7.33,0,6.67,5.84,9.265,90,1013.9,2,3.388888889,2,185.5555556,1,6.276222222
08/05/2026 05:00,0,0.01,0,7.185,0,6.58,5.81,9.26,90.85,1014.18,2,3.055555556,2.277777778,191.1764706,1,5.658888889
08/05/2026 06:00,0,0,0,7.565,0,6.955,6.2,9.495,90.7,1014.55,2,2.944444444,2,147.2222222,1,5.453111111
08/05/2026 07:00,0,0.015,0,8.95,0,8.025,6.945,9.99,87.05,1015.05,2,3.111111111,2,163.3333333,1,5.761777778
08/05/2026 08:00,0,0.01,0,10.07,0,8.535,6.79,9.91,79.9,1015.635,2,3.055555556,2,168.3333333,1,5.658888889
08/05/2026 09:00,0,0.005,0,11.2,0,9.01,6.56,9.74,72.8,1015.92,2,4.277777778,2,157.7777778,1,7.922444444
08/05/2026 10:00,0,0,0,11.95,0,9.305,6.33,9.6,68.15,1016.165,2,5,2,145,1,9.26
08/05/2026 11:00,0,0.03,0,12.005,0,9.33,6.365,9.62,68.05,1016.34,2,5.555555556,2,143.8888889,1,10.28888889
08/05/2026 12:00,0,0.195,0,12.4,0,9.525,6.325,9.585,66.35,1016.605,2,6.111111111,2,129.4444444,1,11.31777778
08/05/2026 13:00,0,0.15,0,12.62,0,9.66,6.39,9.635,65.8,1016.795,2,5.833333333,2,146.6666667,1,10.80333333
08/05/2026 14:00,0,0.175,0,12.755,0,9.615,6.09,9.48,64.15,1016.985,2,6.166666667,2,141.1111111,1,11.42066667
08/05/2026 15:00,0,0.02,0,12.7,0,9.745,6.505,9.72,65.95,1017.24,2,6.333333333,2,136.1111111,1,11.72933333
08/05/2026 16:00,0,0.03,0,12.395,0,9.615,6.545,9.77,67.4,1017.41,2,6.777777778,2,102.7777778,1,12.55244444
08/05/2026 17:00,0,0.03,0,11.895,0,9.345,6.495,9.72,69.55,1017.785,2,7.388888889,2,138.8888889,1,13.68422222
08/05/2026 18:00,0,0.04,0,11.515,0,9.22,6.625,9.825,71.9,1018.26,2,7.222222222,2,76.66666667,1,13.37555556
08/05/2026 19:00,0,0,0,11.01,0,8.825,6.325,9.625,72.7,1018.79,2,7.222222222,2,110.5555556,1,13.37555556
08/05/2026 20:00,0,0.005,0,10.385,0,8.42,6.12,9.49,74.9,1019.505,2,7,2,82.77777778,1,12.964
08/05/2026 21:00,0,0,0,9.61,0,7.91,5.875,9.335,77.25,1020.195,2,6.833333333,2,63.33333333,1,12.65533333
08/05/2026 22:00,0,0,0,9.135,0,7.62,5.76,9.255,79.1,1020.675,2,6.833333333,2,51.66666667,1,12.65533333
08/05/2026 23:00,0,0,0,8.725,0,7.295,5.52,9.09,79.95,1021.02,2,6.888888889,2,65.55555556,1,12.75822222
09/05/2026 00:00,0,0,0,8.395,0,6.925,5.09,8.815,79.45,1021.22,2,7.277777778,2,63.33333333,0,13.47844444
09/05/2026 01:00,0,0,0,7.975,0,6.56,4.75,8.625,79.85,1021.485,2,7.777777778,2,81.11111111,0,14.40444444
09/05/2026 02:00,0,0,0,7.545,0,6.215,4.495,8.475,80.85,1021.695,2,7.277777778,2,81.66666667,0,13.47844444
09/05/2026 03:00,0,0,0,7.365,0,6.04,4.33,8.38,81.15,1021.845,2,7.944444444,2,80.55555556,0,14.71311111
09/05/2026 04:00,0,0,0,6.94,0,5.68,4.015,8.195,81.4,1022.08,2,8.166666667,2,79.44444444,0,15.12466667
09/05/2026 05:00,0,0.02,0,6.67,0,5.425,3.795,8.04,81.45,1022.34,2,8.388888889,2,92.77777778,0,15.53622222
09/05/2026 06:00,0,0.01,0,7.09,0,5.69,3.84,8.06,79.55,1022.83,2,8.833333333,2,128.8888889,0,16.35933333
09/05/2026 07:00,0,0,0,8.19,0,6.255,3.645,7.975,72.75,1023.1,2,10.27777778,2,95.55555556,0,19.03444444
09/05/2026 08:00,0,0,0,9.225,0,6.64,3.18,7.71,65.75,1023.26,2,12.11111111,2,61.66666667,0,22.42977778
09/05/2026 09:00,0,0,0,10.01,0,6.87,2.64,7.43,59.95,1023.36,2,13.5,2,63.88888889,0,25.002
09/05/2026 10:00,0,0.005,0,10.94,0,7.315,2.475,7.34,55.75,1023.375,2,13.55555556,2,45.55555556,0,25.10488889
09/05/2026 11:00,0,0,0,11.74,0,7.785,2.635,7.42,53.4,1023.395,2,13.5,2,44.44444444,0,25.002
09/05/2026 12:00,0,0,0,12.265,0,7.96,2.31,7.275,50.4,1023.395,2,13.22222222,2,98.88888889,0,24.48755556
09/05/2026 13:00,0,0,0,12.535,0,8.105,2.36,7.285,49.7,1023.385,2,13.66666667,2,59.44444444,0,25.31066667
09/05/2026 14:00,0,0,0,12.87,0,8.255,2.305,7.255,48.35,1023.36,2,14.05555556,2,136.6666667,0,26.03088889
09/05/2026 15:00,0,0,0,12.9,0,8.3,2.365,7.285,48.5,1023.19,2,14.11111111,2,80,0,26.13377778
09/05/2026 16:00,0,0,0,12.66,0,7.98,1.76,6.995,47.2,1023.12,2,13.83333333,2,98.33333333,0,25.61933333
09/05/2026 17:00,0,0,0,12.165,0,7.72,1.775,7,48.75,1023.32,2,13.72222222,2,96.11111111,0,25.41355556
09/05/2026 18:00,0,0,0,11.53,0,7.25,1.335,6.8,49.45,1023.665,2,13.27777778,2,37.22222222,0,24.59044444
09/05/2026 19:00,0,0,0,10.605,0,6.755,1.345,6.785,52.55,1024.165,2,12.38888889,2,57.22222222,0,22.94422222
09/05/2026 20:00,0,0,0,9.25,0,5.99,1.285,6.76,57.05,1024.675,2,11.33333333,2,55.55555556,0,20.98933333
09/05/2026 21:00,0,0,0,7.97,0,5.27,1.345,6.765,62.4,1025.325,2,10.38888889,2,53.33333333,0,19.24022222
09/05/2026 22:00,0,0,0,7.03,0,4.64,1.085,6.63,65.6,1025.685,2,9.888888889,2,52.77777778,0,18.31422222
09/05/2026 23:00,0,0,0,6.445,0,4.28,1.025,6.595,68.05,1025.745,2,9.555555556,2,108.8888889,0,17.69688889
10/05/2026 00:00,0,0,0,5.745,0,3.83,0.915,6.525,71,1025.745,2,8.944444444,2,130.5555556,0,16.56511111
10/05/2026 01:00,0,0,0,5.07,0,3.425,0.92,6.555,74.55,1025.57,2,8.111111111,2,168.3333333,0,15.02177778
10/05/2026 02:00,0,0,0,4.55,0,3.09,0.84,6.505,77,1025.295,2,8,2,166.6666667,0,14.816
10/05/2026 03:00,0,0,0,4.205,0,2.97,1.04,6.61,79.8,1025.14,2,7.555555556,2,189.4444444,0,13.99288889
10/05/2026 04:00,0,0.005,0,3.885,0,2.805,1.14,6.66,82.3,1024.92,2,6.944444444,2,186.6666667,0,12.86111111
10/05/2026 05:00,0,0,0,3.655,0,2.7,1.205,6.71,83.85,1024.815,2,6.611111111,2,170.5555556,0,12.24377778
10/05/2026 06:00,0,0,0,4.925,0,3.765,2.02,7.1,81.4,1024.58,2,7.555555556,2,204.4444444,0,13.99288889
10/05/2026 07:00,0,0.01,0,6.935,0,5.31,3.02,7.6,75.8,1024.585,2,7.722222222,2,186.6666667,0,14.30155556
10/05/2026 08:00,0,0,0,8.735,0,6.45,3.37,7.8,68.7,1024.59,2,8.833333333,2,151.1111111,0,16.35933333
10/05/2026 09:00,0,0,0,10.13,0,7.21,3.39,7.825,62.65,1024.31,2,10.27777778,2,78.33333333,0,19.03444444
10/05/2026 10:00,0,0.01,0,11.17,0,7.685,3.165,7.71,57.65,1023.84,2,10.61111111,2,97.22222222,0,19.65177778
10/05/2026 11:00,0,0.02,0,11.59,0,7.89,3.09,7.665,56.05,1023.455,2,11.38888889,2,73.88888889,0,21.09222222
10/05/2026 12:00,0,0.025,0,12.205,0,8.35,3.51,7.89,55.35,1022.995,2,11.44444444,2,151.1111111,0,21.19511111
10/05/2026 13:00,0,0.01,0,12.59,0,8.52,3.43,7.85,53.6,1022.42,2,10.72222222,2,130.5555556,0,19.85755556
10/05/2026 14:00,0,0.005,0,12.815,0,8.605,3.33,7.8,52.55,1021.955,2,10.44444444,2,128.3333333,0,19.34311111
10/05/2026 15:00,0,0,0,13.11,0,8.68,3.09,7.675,50.65,1021.38,2,11.27777778,2,217.7777778,0,20.88644444
10/05/2026 16:00,0,0,0,13.04,0,8.695,3.28,7.775,51.65,1020.81,2,10.94444444,2,213.8888889,0,20.26911111
10/05/2026 17:00,0,0.005,0,12.345,0,8.51,3.77,8.05,56.25,1020.28,2,11.11111111,2,211.6666667,0,20.57777778
10/05/2026 18:00,0,0.005,0,11.68,0,8.245,3.995,8.18,59.65,1019.945,2,10.77777778,2,247.2222222,0,19.96044444
10/05/2026 19:00,0,0.005,0,10.945,0,7.86,3.975,8.18,62.4,1019.68,2,10.22222222,2,246.1111111,0,18.93155556
10/05/2026 20:00,0,0.005,0,9.88,0,7.545,4.615,8.535,69.9,1019.645,2,8.388888889,2,276.6666667,0,15.53622222
10/05/2026 21:00,0,0.03,0,8.985,0,7.12,4.8,8.645,75.1,1019.635,2,7.333333333,2,308.3333333,0,13.58133333
10/05/2026 22:00,0,0.025,0,8.465,0,6.975,5.105,8.835,79.35,1019.37,2,7.277777778,2,302.7777778,0,13.47844444
10/05/2026 23:00,0,0.015,0,8.125,0,6.855,5.255,8.94,82,1018.975,2,7.277777778,2,295.5555556,0,13.47844444
11/05/2026 00:00,0,0.01,0,7.935,0,6.815,5.415,9.005,84,1018.535,2,6.888888889,2,288.8888889,1,12.75822222
11/05/2026 01:00,0,0,0,7.865,0,6.875,5.65,9.17,85.8,1018.025,2,7.333333333,2,303.3333333,1,13.58133333
11/05/2026 02:00,0,0.04,0,7.84,0,6.96,5.885,9.32,87.35,1017.47,2,7.388888889,2,302.2222222,1,13.68422222
11/05/2026 03:00,0,0.03,0,7.805,0,7.02,6.045,9.4,88.3,1017.03,2,6.888888889,2,305,1,12.75822222
11/05/2026 04:00,0,0.015,0,8.06,0,7.25,6.305,9.57,88.4,1016.53,2,7.111111111,2,305.5555556,1,13.16977778
11/05/2026 05:00,0,0.045,0,8.195,0,7.485,6.635,9.79,89.5,1016.335,2,7.166666667,2,283.3333333,1,13.27266667
11/05/2026 06:00,0,0.04,0,8.68,0,7.9,6.995,10.035,88.8,1016.4,2,7.722222222,2,305.5555556,1,14.30155556
11/05/2026 07:00,0,0.01,0,9.37,0,8.42,7.34,10.265,86.75,1016.5,2,8,2,290,1,14.816
11/05/2026 08:00,0,0,0,10.245,0,8.79,7.16,10.165,80.9,1016.575,2,8.666666667,2,297.7777778,1,16.05066667
11/05/2026 09:00,0,0.055,0,10.92,0,9.135,7.19,10.18,77.65,1016.72,2,9.166666667,2,311.1111111,1,16.97666667
11/05/2026 10:00,0,0.005,0,11.54,0,9.32,6.85,9.96,72.7,1016.76,2,9.222222222,2,298.3333333,1,17.07955556
11/05/2026 11:00,0,0,0,12.295,0,9.5,6.43,9.655,67.2,1016.84,2,9.111111111,2,283.8888889,1,16.87377778
11/05/2026 12:00,0,0.005,0,12.95,0,9.635,5.895,9.355,62.15,1016.765,2,8.944444444,2,303.8888889,1,16.56511111
11/05/2026 13:00,0,0,0,13.225,0,9.685,5.685,9.23,60.55,1016.84,2,8.944444444,2,318.3333333,1,16.56511111
11/05/2026 14:00,0,0,0,13.48,0,9.73,5.43,9.07,58.4,1016.78,2,8.833333333,2,302.2222222,1,16.35933333
11/05/2026 15:00,0,0,0,13.525,0,9.655,5.245,8.945,57.45,1016.775,2,8.888888889,2,313.8888889,1,16.46222222
11/05/2026 16:00,0,0,0,13.455,0,9.68,5.385,9.03,58.25,1016.91,2,8.944444444,2,315,1,16.56511111
11/05/2026 17:00,0,0,0,13.165,0,9.535,5.37,9.03,59.3,1016.995,2,8.777777778,2,299.4444444,1,16.25644444
11/05/2026 18:00,0,0,0,12.74,0,9.34,5.44,9.07,61.45,1017.095,2,8.388888889,2,308.8888889,1,15.53622222
11/05/2026 19:00,0,0,0,11.78,0,8.93,5.615,9.17,66.15,1017.35,2,8.055555556,2,311.6666667,1,14.91888889
11/05/2026 20:00,0,0,0,10.715,0,8.425,5.72,9.24,71.25,1017.58,2,7.388888889,2,302.2222222,1,13.68422222
11/05/2026 21:00,0,0,0,9.59,0,7.895,5.88,9.325,77.5,1017.945,2,6.5,2,302.7777778,1,12.038
11/05/2026 22:00,0,0.03,0,8.785,0,7.415,5.765,9.26,81.3,1018.05,2,6.833333333,2,286.6666667,1,12.65533333
11/05/2026 23:00,0,0,0,8.325,0,6.955,5.25,8.925,80.75,1018.01,2,6.666666667,2,285,1,12.34666667
12/05/2026 00:00,0,0,0,8.495,0,7.125,5.52,9.085,81.35,1017.935,2,7.055555556,2,285,1,13.06688889
12/05/2026 01:00,0,0.01,0,8.455,0,7.21,5.735,9.21,82.9,1017.825,2,7.722222222,2,283.3333333,1,14.30155556
12/05/2026 02:00,0,0.035,0,8.69,0,7.54,6.17,9.515,84,1017.665,2,8.222222222,2,280,1,15.22755556
12/05/2026 03:00,0,0.105,0,8.83,0,7.69,6.32,9.61,84.2,1017.46,2,8.666666667,2,277.2222222,1,16.05066667
12/05/2026 04:00,0,0.07,0,9.035,0,7.735,6.165,9.51,82.2,1017.315,2,10.05555556,2,282.7777778,1,18.62288889
12/05/2026 05:00,0,0.055,0,9.055,0,7.63,5.9,9.32,80.35,1017.345,2,9.833333333,2,282.7777778,1,18.21133333
12/05/2026 06:00,0,0.045,0,9.08,0,7.58,5.74,9.23,79.55,1017.53,2,9.277777778,2,288.3333333,1,17.18244444
12/05/2026 07:00,0,0.04,0,9.745,0,7.965,5.835,9.3,76.75,1017.665,2,9.888888889,2,292.2222222,1,18.31422222
12/05/2026 08:00,0,0.03,0,10.67,0,8.5,5.94,9.38,72.55,1017.825,2,11.61111111,2,298.3333333,1,21.50377778
12/05/2026 09:00,0,0.015,0,11.32,0,8.595,5.38,9.005,66.65,1017.955,2,12.61111111,2,302.7777778,1,23.35577778
12/05/2026 10:00,0,0.005,0,11.94,0,8.77,5.01,8.78,62.45,1017.86,2,13.27777778,2,301.6666667,1,24.59044444
12/05/2026 11:00,0,0.005,0,12.595,0,9.01,4.755,8.61,58.6,1017.81,2,13.94444444,2,299.4444444,1,25.82511111
12/05/2026 12:00,0,0.005,0,13.18,0,9.075,4.17,8.255,54.15,1017.56,2,15.16666667,2,302.7777778,1,28.08866667
12/05/2026 13:00,0,0.01,0,13.275,0,9.155,4.235,8.285,54.25,1017.33,2,15.05555556,2,299.4444444,1,27.88288889
12/05/2026 14:00,0,0.005,0,13.48,0,9.22,4.12,8.235,53.25,1016.915,2,15,2,296.6666667,1,27.78
12/05/2026 15:00,0,0.01,0,13.685,0,9.365,4.245,8.32,53.3,1016.165,2,14.66666667,2,294.4444444,1,27.16266667
12/05/2026 16:00,0,0,0,13.395,0,9.33,4.565,8.49,55.4,1015.68,2,14.77777778,2,286.6666667,1,27.36844444
12/05/2026 17:00,0,0,0,12.735,0,9.02,4.635,8.525,57.85,1015.115,2,15.22222222,2,281.6666667,1,28.19155556
12/05/2026 18:00,0,0.01,0,12.025,0,8.765,4.885,8.675,61.6,1014.535,2,15.61111111,2,274.4444444,1,28.91177778
12/05/2026 19:00,0,0.01,0,11.215,0,8.355,4.94,8.71,65.05,1013.925,2,15.66666667,2,276.1111111,1,29.01466667
12/05/2026 20:00,0,0.15,0,10.395,0,8.045,5.22,8.885,70.1,1013.2,2,15.22222222,2,273.8888889,1,28.19155556
12/05/2026 21:00,0,0.07,0,9.96,0,7.915,5.495,9.04,73.7,1012.58,2,14.88888889,2,274.4444444,1,27.57422222
12/05/2026 22:00,0,0.175,0,9.59,0,7.73,5.505,9.055,75.55,1011.865,2,14.77777778,2,267.2222222,1,27.36844444
12/05/2026 23:00,0,0.095,0,9.3,0,7.535,5.395,8.98,76.25,1011.105,2,15.5,2,274.4444444,1,28.706
13/05/2026 00:00,0,0.25,0,8.96,0,7.4,5.525,9.045,78.7,1010.325,2,16,2,275.5555556,1,29.632
13/05/2026 01:00,0,0.195,0,8.85,0,7.21,5.185,8.845,77.4,1009.585,2,15.55555556,2,280,1,28.80888889
13/05/2026 02:00,0,0.12,0,8.675,0,7.11,5.17,8.855,78.4,1009.06,2,15.94444444,2,283.8888889,1,29.52911111
13/05/2026 03:00,0,0.2,0,8.3,0,6.77,4.885,8.66,78.8,1008.58,2,15.77777778,2,288.3333333,1,29.22044444
13/05/2026 04:00,0,0.09,0,8.2,0,6.555,4.495,8.445,77.4,1008.285,2,16.11111111,2,293.3333333,1,29.83777778
13/05/2026 05:00,0,0.1,0,7.99,0,6.495,4.59,8.47,78.75,1008.355,2,15.77777778,2,293.3333333,1,29.22044444
13/05/2026 06:00,0,0.065,0,8.29,0,6.69,4.65,8.525,77.75,1008.46,2,15.16666667,2,298.3333333,1,28.08866667
13/05/2026 07:00,0,0.105,0,9.045,0,7.21,4.93,8.68,75.25,1008.68,2,15.11111111,2,300.5555556,1,27.98577778
13/05/2026 08:00,0,0.055,0,9.745,0,7.655,5.125,8.815,72.7,1009.19,2,15.77777778,2,304.4444444,1,29.22044444
13/05/2026 09:00,0,0.075,0,10.22,0,7.855,4.97,8.705,69.5,1009.42,2,17,2,311.1111111,1,31.484
13/05/2026 10:00,0,0.065,0,10.83,0,8.2,5.015,8.745,66.9,1009.535,2,17.33333333,2,314.4444444,1,32.10133333
13/05/2026 11:00,0,0.105,0,11,0,8.335,5.175,8.845,67.35,1009.545,2,17.22222222,2,318.3333333,1,31.89555556
13/05/2026 12:00,0,0.26,0,11.205,0,8.64,5.7,9.175,69.05,1009.52,2,17.55555556,2,315,1,32.51288889
13/05/2026 13:00,0,0.15,0,11.215,0,8.57,5.505,9.045,68,1009.485,2,16.72222222,2,313.8888889,1,30.96955556
13/05/2026 14:00,0,0.155,0,11.675,0,8.94,5.8,9.265,67.35,1009.405,2,16.94444444,2,314.4444444,1,31.38111111
13/05/2026 15:00,0,0.23,0,11.135,0,8.72,5.915,9.34,70.5,1009.475,2,17.61111111,2,313.8888889,1,32.61577778
13/05/2026 16:00,0,0.33,0,11.14,0,8.77,6.055,9.405,70.65,1009.59,2,16.83333333,2,318.8888889,1,31.17533333
13/05/2026 17:00,0,0.19,0,11.005,0,8.56,5.73,9.175,69.8,1009.81,2,17.33333333,2,321.1111111,1,32.10133333
13/05/2026 18:00,0,0.17,0,10.42,0,8.185,5.54,9.08,71.7,1010.035,2,17.72222222,2,320,1,32.82155556
13/05/2026 19:00,0,0.135,0,9.81,0,7.83,5.44,9.01,73.95,1010.425,2,15.94444444,2,322.2222222,1,29.52911111
13/05/2026 20:00,0,0.185,0,9.235,0,7.39,5.13,8.81,75.2,1010.71,2,14.61111111,2,322.7777778,1,27.05977778
13/05/2026 21:00,0,0.055,0,8.805,0,7.12,5.04,8.76,77.15,1011.04,2,13,2,317.7777778,1,24.076
13/05/2026 22:00,0,0.075,0,8.475,0,6.935,5.03,8.745,78.8,1011.195,2,12.5,2,317.2222222,1,23.15
13/05/2026 23:00,0,0.075,0,8.265,0,6.82,5.04,8.765,80,1011.235,2,12.22222222,2,315.5555556,1,22.63555556
14/05/2026 00:00,0,0.01,0,8.105,0,6.64,4.785,8.605,79.3,1011.095,2,11.72222222,2,315,1,21.70955556
14/05/2026 01:00,0,0.03,0,8.05,0,6.7,5.025,8.755,81,1010.83,2,10.83333333,2,312.7777778,1,20.06333333
14/05/2026 02:00,0,0.09,0,8.02,0,6.75,5.16,8.835,82.05,1010.66,2,10.94444444,2,310.5555556,1,20.26911111
14/05/2026 03:00,0,0.16,0,7.91,0,6.775,5.37,8.96,83.55,1010.64,2,11.22222222,2,312.7777778,1,20.78355556
14/05/2026 04:00,0,0.095,0,7.875,0,6.715,5.26,8.89,83.25,1010.39,2,11.44444444,2,316.6666667,1,21.19511111
14/05/2026 05:00,0,0.245,0,7.835,0,6.63,5.14,8.81,83.1,1010.25,2,11.27777778,2,315.5555556,1,20.88644444
14/05/2026 06:00,0,0.175,0,8.09,0,6.81,5.235,8.855,82.1,1010.32,2,10.94444444,2,315.5555556,1,20.26911111
14/05/2026 07:00,0,0.18,0,8.295,0,6.98,5.36,8.955,81.6,1010.33,2,10.94444444,2,320.5555556,1,20.26911111
14/05/2026 08:00,0,0.195,0,8.455,0,7.06,5.325,8.925,80.45,1010.435,2,11.55555556,2,321.6666667,1,21.40088889
14/05/2026 09:00,0,0.195,0,8.75,0,7.2,5.305,8.92,78.95,1010.385,2,12,2,325.5555556,1,22.224
14/05/2026 10:00,0,0.395,0,9.135,0,7.59,5.755,9.2,79.25,1010.115,2,12.44444444,2,329.4444444,1,23.04711111
14/05/2026 11:00,0,0.145,0,9.96,0,7.935,5.505,9.06,73.75,1010.04,2,12.94444444,2,327.7777778,1,23.97311111
14/05/2026 12:00,0,0.135,0,10.77,0,8.3,5.375,8.975,69.2,1009.865,2,13.38888889,2,336.1111111,1,24.79622222
14/05/2026 13:00,0,0.095,0,11.19,0,8.405,5.09,8.805,66,1009.805,2,13.83333333,2,336.1111111,1,25.61933333
14/05/2026 14:00,0,0.115,0,11.415,0,8.53,5.07,8.785,65.05,1009.785,2,14.11111111,2,335.5555556,1,26.13377778
14/05/2026 15:00,0,0.045,0,11.64,0,8.56,4.895,8.67,63.15,1009.74,2,14.16666667,2,337.2222222,1,26.23666667
14/05/2026 16:00,0,0.045,0,11.52,0,8.405,4.675,8.54,62.7,1009.66,2,14.27777778,2,337.2222222,1,26.44244444
14/05/2026 17:00,0,0.04,0,11.02,0,8,4.275,8.3,63.1,1009.81,2,14.16666667,2,337.2222222,1,26.23666667
14/05/2026 18:00,0,0.01,0,10.82,0,7.74,3.895,8.075,62.1,1010.04,2,13.55555556,2,339.4444444,1,25.10488889
14/05/2026 19:00,0,0.005,0,10.05,0,7.315,3.825,8.04,64.85,1010.63,2,12.44444444,2,339.4444444,1,23.04711111
14/05/2026 20:00,0,0,0,9.08,0,6.745,3.715,7.99,68.85,1011.17,2,11.27777778,2,333.8888889,1,20.88644444
14/05/2026 21:00,0,0.005,0,8.05,0,6.145,3.61,7.925,73.35,1011.81,2,9.722222222,2,329.4444444,1,18.00555556
14/05/2026 22:00,0,0,0,7.34,0,5.67,3.42,7.815,76,1012.34,2,8.944444444,2,295,1,16.56511111
14/05/2026 23:00,0,0.005,0,6.83,0,5.345,3.35,7.775,78.45,1012.51,2,8.722222222,2,298.3333333,1,16.15355556
15/05/2026 00:00,0,0,0,6.405,0,5.085,3.265,7.725,80.15,1012.705,2,7.555555556,2,278.3333333,1,13.99288889
15/05/2026 01:00,0,0,0,5.995,0,4.755,3.045,7.6,81.35,1012.77,2,7.333333333,2,292.7777778,1,13.58133333
15/05/2026 02:00,0,0,0,5.8,0,4.64,3.055,7.62,82.65,1012.835,2,7.222222222,2,290.5555556,1,13.37555556
15/05/2026 03:00,0,0,0,5.69,0,4.62,3.15,7.67,83.7,1012.825,2,6.722222222,2,283.8888889,1,12.44955556
15/05/2026 04:00,0,0,0,5.56,0,4.525,3.1,7.65,84.1,1012.915,2,6.555555556,2,277.7777778,1,12.14088889
15/05/2026 05:00,0,0.005,0,5.515,0,4.5,3.14,7.685,84.85,1012.98,2,6.111111111,2,315,1,11.31777778
15/05/2026 06:00,0,0,0,6.6,0,5.415,3.825,8.045,82.3,1013.03,2,5.555555556,2,291.6666667,1,10.28888889
15/05/2026 07:00,0,0,0,7.655,0,6.21,4.32,8.335,79.15,1013.115,2,5.555555556,2,290.5555556,1,10.28888889
15/05/2026 08:00,0,0.005,0,8.76,0,6.925,4.62,8.51,74.75,1013.22,2,5.944444444,2,305.5555556,1,11.00911111
15/05/2026 09:00,0,0.015,0,9.795,0,7.445,4.55,8.46,69.4,1013.055,2,7.222222222,2,313.3333333,1,13.37555556
15/05/2026 10:00,0,0,0,10.46,0,7.775,4.48,8.42,66.05,1012.825,2,8.111111111,2,315,1,15.02177778
15/05/2026 11:00,0,0,0,11.075,0,8.155,4.635,8.545,64.25,1012.735,2,8,2,310.5555556,1,14.816
15/05/2026 12:00,0,0.015,0,11.48,0,8.55,5.075,8.805,64.55,1012.625,2,8.277777778,2,301.1111111,1,15.33044444
15/05/2026 13:00,0,0,0,11.49,0,8.64,5.235,8.92,65.4,1012.44,2,8.611111111,2,301.6666667,1,15.94777778
15/05/2026 14:00,0,0.005,0,11.575,0,8.8,5.555,9.105,66.5,1012.18,2,8.333333333,2,285.5555556,1,15.43333333
15/05/2026 15:00,0,0.005,0,11.635,0,9.035,6.08,9.46,68.9,1011.79,2,8.166666667,2,287.7777778,1,15.12466667
15/05/2026 16:00,0,0,0,11.58,0,9.035,6.095,9.455,68.95,1011.39,2,8.388888889,2,286.6666667,1,15.53622222
15/05/2026 17:00,0,0,0,11.505,0,8.96,6,9.43,69.4,1011.115,2,7.555555556,2,286.1111111,1,13.99288889
15/05/2026 18:00,0,0,0,11.105,0,8.87,6.285,9.615,72.5,1010.815,2,6.944444444,2,284.4444444,1,12.86111111
15/05/2026 19:00,0,0.005,0,10.57,0,8.695,6.555,9.775,76.3,1010.645,2,6.277777778,2,280,1,11.62644444
15/05/2026 20:00,0,0.055,0,10.03,0,8.605,6.99,10.08,81.35,1010.58,2,5.444444444,2,291.6666667,1,10.08311111
15/05/2026 21:00,0,0.055,0,9.635,0,8.49,7.2,10.21,84.65,1010.48,2,4.5,2,286.1111111,1,8.334
15/05/2026 22:00,0,0.03,0,9.335,0,8.395,7.315,10.29,87,1010.185,2,4.333333333,2,271.6666667,1,8.025333333
15/05/2026 23:00,0,0.03,0,9.075,0,8.265,7.345,10.32,88.85,1009.88,2,4.444444444,2,248.8888889,1,8.231111111
16/05/2026 00:00,0,0.095,0,8.905,0,8.22,7.425,10.36,90.1,1009.43,2,4.222222222,2,250.5555556,0,7.819555556
16/05/2026 01:00,0,0.08,0,8.82,0,8.18,7.46,10.38,90.9,1008.9,2,4.444444444,2,223.3333333,0,8.231111111
16/05/2026 02:00,0,0.085,0,8.885,0,8.295,7.64,10.495,91.55,1008.33,2,4.444444444,2,224.4444444,0,8.231111111
16/05/2026 03:00,0,0.045,0,8.8,0,8.26,7.655,10.51,92.3,1007.785,2,4.5,2,230.5555556,0,8.334
16/05/2026 04:00,0,0.075,0,8.79,0,8.315,7.775,10.595,92.95,1007.255,2,5.166666667,2,215,0,9.568666667
16/05/2026 05:00,0,0.225,0,8.875,0,8.47,8,10.755,93.9,1006.875,2,5,2,211.1111111,0,9.26
16/05/2026 06:00,0,0.245,0,9.175,0,8.75,8.25,10.93,93.65,1006.56,2,5.833333333,2,218.3333333,0,10.80333333
16/05/2026 07:00,0,0.145,0,9.605,0,9.025,8.39,11.04,91.75,1006.29,2,6.444444444,2,217.2222222,0,11.93511111
16/05/2026 08:00,0,0.11,0,10.14,0,9.345,8.515,11.12,89.35,1006.18,2,7.444444444,2,232.7777778,0,13.78711111
16/05/2026 09:00,0,0.095,0,10.695,0,9.655,8.55,11.165,86.35,1006.05,2,8.055555556,2,237.7777778,0,14.91888889
16/05/2026 10:00,0,0.115,0,11.04,0,9.75,8.42,11.04,83.75,1005.945,2,9.055555556,2,247.2222222,0,16.77088889
16/05/2026 11:00,0,0.21,0,11.37,0,9.885,8.37,11.015,81.8,1005.875,2,10.44444444,2,253.3333333,0,19.34311111
16/05/2026 12:00,0,0.295,0,11.735,0,9.98,8.14,10.87,78.7,1005.89,2,10.94444444,2,255.5555556,0,20.26911111
16/05/2026 13:00,0,0.355,0,12.185,0,10.105,7.945,10.725,75.5,1005.805,2,11.11111111,2,265,0,20.57777778
16/05/2026 14:00,0,0.09,0,12.395,0,9.96,7.38,10.315,71.35,1005.755,2,11.72222222,2,277.7777778,0,21.70955556
16/05/2026 15:00,0,0.07,0,12.465,0,9.74,6.79,9.885,68.1,1005.745,2,12.66666667,2,276.1111111,0,23.45866667
16/05/2026 16:00,0,0.06,0,12.005,0,9.375,6.445,9.655,68.8,1005.8,2,12.72222222,2,278.8888889,0,23.56155556
16/05/2026 17:00,0,0.025,0,11.765,0,9.185,6.29,9.56,69.05,1005.96,2,12.83333333,2,274.4444444,0,23.76733333
16/05/2026 18:00,0,0.1,0,11.215,0,8.76,5.97,9.34,70.05,1006.28,2,12.16666667,2,275.5555556,0,22.53266667
16/05/2026 19:00,0,0.035,0,10.575,0,8.295,5.67,9.145,71.65,1006.615,2,11.72222222,2,275,0,21.70955556
16/05/2026 20:00,0,0.115,0,9.51,0,7.69,5.45,9.02,75.65,1007.1,2,10.94444444,2,275.5555556,0,20.26911111
16/05/2026 21:00,0,0.055,0,8.53,0,7.03,5.16,8.84,79.1,1007.605,2,9.666666667,2,273.8888889,0,17.90266667
16/05/2026 22:00,0,0.055,0,7.985,0,6.685,5.075,8.775,81.65,1007.855,2,9.722222222,2,262.7777778,0,18.00555556
16/05/2026 23:00,0,0.07,0,7.46,0,6.335,4.91,8.665,83.6,1007.84,2,9.055555556,2,259.4444444,0,16.77088889
17/05/2026 00:00,0,0.01,0,7.075,0,6.045,4.735,8.575,84.75,1007.795,2,8.166666667,2,251.1111111,0,15.12466667
17/05/2026 01:00,0,0.15,0,6.945,0,5.98,4.73,8.56,85.65,1007.715,2,8.055555556,2,257.7777778,0,14.91888889
17/05/2026 02:00,0,0.085,0,6.96,0,6.005,4.77,8.61,85.85,1007.595,2,8.055555556,2,248.3333333,0,14.91888889
17/05/2026 03:00,0,0.045,0,6.98,0,6.035,4.825,8.64,85.85,1007.485,2,8.055555556,2,246.1111111,0,14.91888889
17/05/2026 04:00,0,0.17,0,6.84,0,5.98,4.885,8.665,87.1,1007.34,2,8.111111111,2,243.8888889,0,15.02177778
17/05/2026 05:00,0,0.105,0,6.895,0,6.055,4.995,8.73,87.45,1007.245,2,7.611111111,2,245.5555556,0,14.09577778
17/05/2026 06:00,0,0.18,0,7.255,0,6.445,5.45,9.01,88.15,1007.3,2,7.722222222,2,237.7777778,0,14.30155556
17/05/2026 07:00,0,0.175,0,8.475,0,7.41,6.135,9.46,85,1007.37,2,8.277777778,2,232.7777778,0,15.33044444
17/05/2026 08:00,0,0.14,0,9.28,0,7.91,6.275,9.54,81.15,1007.33,2,9.833333333,2,239.4444444,0,18.21133333
17/05/2026 09:00,0,0.23,0,9.93,0,8.22,6.245,9.535,77.65,1007.22,2,10,2,243.3333333,0,18.52
17/05/2026 10:00,0,0.405,0,10.375,0,8.57,6.495,9.69,76.85,1007.165,2,10.5,2,246.6666667,0,19.446
17/05/2026 11:00,0,0.345,0,10.285,0,8.52,6.545,9.73,77.5,1007.175,2,11.44444444,2,250.5555556,0,21.19511111
17/05/2026 12:00,0,0.33,0,10.33,0,8.635,6.755,9.865,78.2,1007.175,2,11.33333333,2,252.7777778,0,20.98933333
17/05/2026 13:00,0,0.425,0,10.655,0,8.82,6.74,9.865,76.9,1007.07,2,12.38888889,2,242.7777778,0,22.94422222
17/05/2026 14:00,0,0.515,0,10.365,0,8.57,6.52,9.705,76.85,1006.76,2,11.55555556,2,241.6666667,0,21.40088889
17/05/2026 15:00,0,0.415,0,10.045,0,8.485,6.725,9.845,79.55,1006.68,2,11.11111111,2,251.1111111,0,20.57777778
17/05/2026 16:00,0,0.645,0,9.79,0,8.32,6.645,9.8,80.7,1006.355,2,11.05555556,2,236.6666667,0,20.47488889
17/05/2026 17:00,0,0.48,0,9.52,0,8.09,6.475,9.675,81.15,1006.22,2,10.5,2,238.8888889,0,19.446
17/05/2026 18:00,0,0.45,0,9.15,0,8.005,6.685,9.815,84.25,1006.305,2,10.33333333,2,232.7777778,0,19.13733333
17/05/2026 19:00,0,0.445,0,8.815,0,7.72,6.44,9.65,84.8,1006.37,2,9.722222222,2,240.5555556,0,18.00555556
17/05/2026 20:00,0,0.165,0,8.53,0,7.505,6.305,9.555,85.5,1006.515,2,9,2,247.7777778,0,16.668
17/05/2026 21:00,0,0.33,0,7.99,0,7.13,6.065,9.405,87.4,1006.94,2,7.944444444,2,235,0,14.71311111
17/05/2026 22:00,0,0.385,0,7.43,0,6.695,5.775,9.22,88.8,1007.085,2,6.444444444,2,256.6666667,0,11.93511111
17/05/2026 23:00,0,0.155,0,6.9,0,6.305,5.585,9.105,90.9,1007.2,2,5.444444444,2,255.5555556,0,10.08311111
18/05/2026 00:00,0,0.115,0,6.46,0,5.975,5.38,9,92.45,1007.2,2,4.5,2,226.6666667,1,8.334
18/05/2026 01:00,0,0.035,0,6.065,0,5.64,5.085,8.815,93.15,1007.195,2,4.277777778,2,217.2222222,1,7.922444444
18/05/2026 02:00,0,0.105,0,5.585,0,5.185,4.665,8.58,93.6,1007.16,2,3.666666667,2,216.1111111,1,6.790666667
18/05/2026 03:00,0,0.04,0,5.55,0,5.19,4.75,8.64,94.2,1007.015,2,3.888888889,2,220,1,7.202222222
18/05/2026 04:00,0,0.04,0,5.595,0,5.235,4.815,8.66,94.4,1006.94,2,3.444444444,2,200,1,6.379111111
18/05/2026 05:00,0,0.025,0,5.575,0,5.27,4.87,8.7,94.95,1007.03,2,3.555555556,2,196.6666667,1,6.584888889
18/05/2026 06:00,0,0.02,0,6.32,0,5.995,5.605,9.145,94.95,1006.915,2,3.444444444,2,183.8888889,1,6.379111111
18/05/2026 07:00,0,0.005,0,7.8,0,7.295,6.715,9.83,92.6,1007.135,2,3.444444444,2,187.2222222,1,6.379111111
18/05/2026 08:00,0,0.01,0,9.08,0,8.17,7.13,10.14,87.45,1007.155,2,4.111111111,2,177.2222222,1,7.613777778
18/05/2026 09:00,0,0.065,0,9.99,0,8.575,6.985,10.015,81.4,1006.955,2,5.166666667,2,170.5555556,1,9.568666667
18/05/2026 10:00,0,0.065,0,10.79,0,8.86,6.68,9.84,75.75,1006.535,2,6.388888889,2,151.1111111,1,11.83222222
18/05/2026 11:00,0,0.14,0,11.175,0,8.98,6.46,9.705,73.15,1006.13,2,8.166666667,2,157.7777778,1,15.12466667
18/05/2026 12:00,0,0.115,0,11.34,0,9.18,6.765,9.92,73.9,1005.6,2,8.944444444,2,156.1111111,1,16.56511111
18/05/2026 13:00,0,0.25,0,11.265,0,9.22,6.875,10.02,75.45,1004.825,2,9.944444444,2,155,1,18.41711111
18/05/2026 14:00,0,0.355,0,11.19,0,9.49,7.59,10.485,79.3,1003.915,2,10.5,2,150,1,19.446
18/05/2026 15:00,0,0.47,0,11.055,0,9.69,8.2,10.935,83.25,1003.05,2,11.33333333,2,142.2222222,1,20.98933333
18/05/2026 16:00,0,0.66,0,10.745,0,9.785,8.765,11.34,87.5,1002.05,2,12,2,145,1,22.224
18/05/2026 17:00,0,0.98,0,10.67,0,9.95,9.17,11.66,90.45,1001.14,2,11.94444444,2,138.3333333,1,22.12111111
18/05/2026 18:00,0,0.9,0,10.61,0,9.985,9.31,11.775,91.45,1000.125,2,12.27777778,2,138.8888889,1,22.73844444
18/05/2026 19:00,0,0.91,0,10.555,0,10.005,9.44,11.86,92.55,999.095,2,12.77777778,2,140,1,23.66444444
18/05/2026 20:00,0,0.775,0,10.485,0,10.055,9.59,11.99,93.85,998.22,2,13,2,143.8888889,1,24.076
18/05/2026 21:00,0,0.6,0,10.62,0,10.215,9.8,12.16,94.4,997.53,2,12.5,2,146.6666667,1,23.15
18/05/2026 22:00,0,0.35,0,10.875,0,10.48,10.1,12.4,94.7,996.91,2,11.83333333,2,155.5555556,1,21.91533333
18/05/2026 23:00,0,0.21,0,11.135,0,10.78,10.395,12.66,94.85,996.45,2,10.72222222,2,161.6666667,1,19.85755556
19/05/2026 00:00,0,0.185,0,11.39,0,10.965,10.56,12.775,94.35,995.895,2,10.38888889,2,176.1111111,1,19.24022222
19/05/2026 01:00,0,0.115,0,11.42,0,11.035,10.66,12.84,94.65,995.47,2,9.777777778,2,177.2222222,1,18.10844444
19/05/2026 02:00,0,0.175,0,11.465,0,11.075,10.705,12.88,94.5,994.875,2,9.722222222,2,176.6666667,1,18.00555556
19/05/2026 03:00,0,0.235,0,11.465,0,11.055,10.665,12.855,94.55,994.555,2,9.666666667,2,176.1111111,1,17.90266667
19/05/2026 04:00,0,0.165,0,11.475,0,10.96,10.465,12.685,93.2,994.465,2,9.611111111,2,178.8888889,1,17.79977778
19/05/2026 05:00,0,0.19,0,11.48,0,10.955,10.455,12.67,93.1,994.445,2,10,2,178.3333333,1,18.52
19/05/2026 06:00,0,0.155,0,11.61,0,11.07,10.535,12.73,92.75,994.6,2,10.11111111,2,181.6666667,1,18.72577778
19/05/2026 07:00,0,0.185,0,11.91,0,11.28,10.71,12.885,92,994.91,2,10.27777778,2,183.3333333,1,19.03444444
19/05/2026 08:00,0,0.35,0,12.23,0,11.43,10.695,12.87,90.25,995.16,2,10.61111111,2,188.8888889,1,19.65177778
19/05/2026 09:00,0,0.41,0,12.605,0,11.645,10.775,12.93,88.4,995.265,2,11.22222222,2,198.3333333,1,20.78355556
19/05/2026 10:00,0,0.33,0,12.82,0,11.6,10.485,12.705,85.6,995.495,2,11.88888889,2,203.3333333,1,22.01822222
19/05/2026 11:00,0,0.365,0,13.2,0,11.71,10.36,12.58,82.95,995.74,2,12.5,2,207.2222222,1,23.15
19/05/2026 12:00,0,0.365,0,13.565,0,11.935,10.45,12.64,81.6,995.94,2,13,2,206.6666667,1,24.076
19/05/2026 13:00,0,0.285,0,13.335,0,11.92,10.645,12.82,83.65,996.085,2,13.22222222,2,207.7777778,1,24.48755556
19/05/2026 14:00,0,0.84,0,13.18,0,11.925,10.775,12.945,85.25,996.165,2,12.27777778,2,210.5555556,1,22.73844444
19/05/2026 15:00,0,0.485,0,12.845,0,11.65,10.54,12.75,85.9,996.37,2,12.22222222,2,214.4444444,1,22.63555556
19/05/2026 16:00,0,0.45,0,12.565,0,11.475,10.465,12.67,86.7,996.655,2,11.88888889,2,222.2222222,1,22.01822222
19/05/2026 17:00,0,0.6,0,12.37,0,11.31,10.31,12.56,87.05,997.16,2,11.55555556,2,227.7777778,1,21.40088889
19/05/2026 18:00,0,0.73,0,12.16,0,11.195,10.305,12.525,88.2,997.955,2,10.66666667,2,226.6666667,1,19.75466667
19/05/2026 19:00,0,0.195,0,11.925,0,11.025,10.155,12.405,88.65,998.8,2,10.38888889,2,231.6666667,1,19.24022222
19/05/2026 20:00,0,0.165,0,11.445,0,10.635,9.85,12.155,89.6,999.92,2,9.944444444,2,231.1111111,1,18.41711111
19/05/2026 21:00,0,0.225,0,11.16,0,10.455,9.73,12.06,90.55,1001.2,2,9.166666667,2,232.7777778,1,16.97666667
19/05/2026 22:00,0,0.08,0,10.925,0,10.195,9.49,11.86,90.5,1002.255,2,9.555555556,2,234.4444444,1,17.69688889
19/05/2026 23:00,0,0.03,0,10.75,0,10.025,9.31,11.72,90.45,1003.03,2,9.5,2,228.3333333,1,17.594
20/05/2026 00:00,0,0.005,0,10.78,0,10.06,9.355,11.765,90.6,1003.74,2,9.944444444,2,225,1,18.41711111
20/05/2026 01:00,0,0.115,0,10.83,0,10.145,9.42,11.815,90.75,1004.435,2,10.27777778,2,223.8888889,1,19.03444444
20/05/2026 02:00,0,0.03,0,10.835,0,10.12,9.405,11.805,90.5,1004.92,2,10.27777778,2,222.7777778,1,19.03444444
20/05/2026 03:00,0,0.07,0,10.77,0,10.115,9.405,11.82,90.85,1005.56,2,10.77777778,2,220.5555556,1,19.96044444
20/05/2026 04:00,0,0.11,0,10.85,0,10.175,9.49,11.88,91.05,1006.35,2,11.11111111,2,220.5555556,1,20.57777778
20/05/2026 05:00,0,0.045,0,10.87,0,10.21,9.55,11.915,91.1,1007.25,2,10.77777778,2,225.5555556,1,19.96044444
20/05/2026 06:00,0,0.055,0,11.015,0,10.28,9.555,11.935,90.45,1008.08,2,9.833333333,2,230,1,18.21133333
20/05/2026 07:00,0,0.11,0,11.42,0,10.53,9.675,12.02,88.75,1009.045,2,9.722222222,2,235,1,18.00555556
20/05/2026 08:00,0,0.02,0,11.98,0,10.88,9.81,12.12,86.35,1010.145,2,9.777777778,2,240,1,18.10844444
20/05/2026 09:00,0,0.035,0,12.78,0,11.285,9.835,12.165,82.05,1011.23,2,10.27777778,2,240.5555556,1,19.03444444
20/05/2026 10:00,0,0.02,0,13.31,0,11.55,9.885,12.205,79.55,1012.075,2,10.83333333,2,241.1111111,1,20.06333333
20/05/2026 11:00,0,0.01,0,13.88,0,11.86,9.975,12.3,77.3,1012.8,2,11,2,236.6666667,1,20.372
20/05/2026 12:00,0,0,0,14.225,0,12.005,9.92,12.245,75.25,1013.64,2,11.16666667,2,230,1,20.68066667
20/05/2026 13:00,0,0.005,0,14.535,0,12.285,10.21,12.5,75.25,1014.235,2,11.94444444,2,228.8888889,1,22.12111111
20/05/2026 14:00,0,0,0,14.46,0,12.305,10.315,12.57,75.85,1014.785,2,11.88888889,2,230,1,22.01822222
20/05/2026 15:00,0,0,0,14.76,0,12.435,10.345,12.59,74.65,1015.17,2,11.55555556,2,225.5555556,1,21.40088889
20/05/2026 16:00,0,0,0,14.585,0,12.355,10.355,12.575,75.65,1015.42,2,10.88888889,2,219.4444444,1,20.16622222
20/05/2026 17:00,0,0,0,14.315,0,12.395,10.68,12.88,78.8,1015.72,2,10.16666667,2,215.5555556,1,18.82866667
20/05/2026 18:00,0,0.04,0,14.07,0,12.46,11.045,13.195,81.95,1015.905,2,8.944444444,2,210,1,16.56511111
20/05/2026 19:00,0,0.195,0,13.85,0,12.41,11.12,13.235,83.5,1016.065,2,7.944444444,2,200,1,14.71311111
20/05/2026 20:00,0,0.165,0,13.285,0,12.065,10.965,13.125,85.8,1016.055,2,7.722222222,2,171.6666667,1,14.30155556
20/05/2026 21:00,0,0.2,0,12.95,0,11.89,10.9,13.06,87.35,1016.215,2,7.444444444,2,156.6666667,1,13.78711111
20/05/2026 22:00,0,0.33,0,12.725,0,11.855,11.025,13.18,89.25,1015.96,2,8.555555556,2,150,1,15.84488889
20/05/2026 23:00,0,0.365,0,12.635,0,11.955,11.325,13.425,91.4,1015.765,2,8.777777778,2,154.4444444,1,16.25644444
21/05/2026 00:00,0,0.59,0,12.65,0,12.125,11.65,13.73,93.45,1015.445,2,9.833333333,2,163.3333333,1,18.21133333
21/05/2026 01:00,0,0.59,0,12.71,0,12.315,11.955,13.995,94.85,1015.41,2,10.22222222,2,167.2222222,1,18.93155556
21/05/2026 02:00,0,0.225,0,12.88,0,12.485,12.155,14.18,95,1015.48,2,10.5,2,176.1111111,1,19.446
21/05/2026 03:00,0,0.21,0,13.075,0,12.7,12.355,14.345,94.95,1015.51,2,10.77777778,2,186.6666667,1,19.96044444
21/05/2026 04:00,0,0.15,0,13.2,0,12.8,12.445,14.45,94.95,1015.88,2,11.16666667,2,191.1111111,1,20.68066667
21/05/2026 05:00,0,0.065,0,13.325,0,12.845,12.475,14.465,94.3,1016.37,2,11.44444444,2,192.7777778,1,21.19511111
21/05/2026 06:00,0,0.045,0,13.445,0,12.96,12.545,14.54,94,1016.88,2,11.11111111,2,192.2222222,1,20.57777778
21/05/2026 07:00,0,0.045,0,13.615,0,13.085,12.645,14.63,93.6,1017.5,2,10.94444444,2,188.8888889,1,20.26911111
21/05/2026 08:00,0,0.045,0,13.92,0,13.285,12.775,14.755,92.6,1017.93,2,11.33333333,2,191.6666667,1,20.98933333
21/05/2026 09:00,0,0.045,0,14.315,0,13.58,12.965,14.94,91.4,1018.175,2,11.44444444,2,195.5555556,1,21.19511111
21/05/2026 10:00,0,0.08,0,14.865,0,13.975,13.25,15.24,89.9,1018.345,2,11.33333333,2,193.3333333,1,20.98933333
21/05/2026 11:00,0,0.08,0,15.265,0,14.15,13.295,15.28,88.1,1018.505,2,11.05555556,2,190,1,20.47488889
21/05/2026 12:00,0,0.055,0,15.615,0,14.335,13.36,15.35,86.65,1018.51,2,10.66666667,2,184.4444444,1,19.75466667
21/05/2026 13:00,0,0.245,0,15.555,0,14.305,13.33,15.315,86.65,1018.635,2,10.55555556,2,183.8888889,1,19.54888889
21/05/2026 14:00,0,0.325,0,15.595,0,14.39,13.48,15.47,87.25,1018.775,2,10,2,179.4444444,1,18.52
21/05/2026 15:00,0,0.38,0,15.465,0,14.295,13.375,15.37,87.35,1018.575,2,10.05555556,2,172.7777778,1,18.62288889
21/05/2026 16:00,0,0.19,0,15.35,0,14.155,13.215,15.21,86.85,1018.26,2,10.61111111,2,167.7777778,1,19.65177778
21/05/2026 17:00,0,0.095,0,15.61,0,14.165,13.005,15,84.4,1017.96,2,10.33333333,2,158.8888889,1,19.13733333
21/05/2026 18:00,0,0.085,0,15.345,0,13.78,12.51,14.53,83.3,1017.76,2,11,2,155.5555556,1,20.372
21/05/2026 19:00,0,0.01,0,15.06,0,13.44,12.085,14.135,82.5,1017.435,2,10.61111111,2,151.1111111,1,19.65177778
21/05/2026 20:00,0,0.005,0,14.47,0,12.85,11.415,13.555,82.2,1017.265,2,10.83333333,2,150.5555556,1,20.06333333
21/05/2026 21:00,0,0.025,0,13.98,0,12.53,11.27,13.4,83.75,1017.33,2,10.44444444,2,148.8888889,1,19.34311111
21/05/2026 22:00,0,0.035,0,13.79,0,12.37,11.085,13.22,83.85,1017.11,2,11.11111111,2,153.8888889,1,20.57777778
21/05/2026 23:00,0,0.005,0,13.69,0,12.345,11.13,13.28,84.65,1016.965,2,11.16666667,2,155,1,20.68066667
22/05/2026 00:00,0,0.01,0,13.605,0,12.445,11.43,13.525,86.9,1016.93,2,10.72222222,2,160,1,19.85755556
22/05/2026 01:00,0,0.025,0,13.475,0,12.47,11.565,13.635,88,1016.73,2,10.38888889,2,163.8888889,1,19.24022222
22/05/2026 02:00,0,0.02,0,13.305,0,12.43,11.665,13.7,89.45,1016.63,2,10.55555556,2,167.2222222,1,19.54888889
22/05/2026 03:00,0,0.02,0,13.285,0,12.395,11.63,13.69,89.45,1016.67,2,10.5,2,171.1111111,1,19.446
22/05/2026 04:00,0,0.02,0,13.11,0,12.26,11.5,13.57,89.65,1016.845,2,9.944444444,2,173.8888889,1,18.41711111
22/05/2026 05:00,0,0.005,0,13.015,0,12.135,11.36,13.465,89.6,1017.2,2,9,2,176.1111111,1,16.668
22/05/2026 06:00,0,0.03,0,13.145,0,12.255,11.46,13.54,89.3,1017.655,2,8.777777778,2,176.6666667,1,16.25644444
22/05/2026 07:00,0,0.01,0,13.555,0,12.445,11.485,13.575,87.1,1018.235,2,9.666666667,2,185.5555556,1,17.90266667
22/05/2026 08:00,0,0,0,14.1,0,12.57,11.25,13.35,83,1018.59,2,10,2,185,1,18.52
22/05/2026 09:00,0,0,0,14.44,0,12.68,11.13,13.25,80.4,1018.91,2,10.16666667,2,188.3333333,1,18.82866667
22/05/2026 10:00,0,0.005,0,14.955,0,12.915,11.135,13.255,78,1019,2,9.944444444,2,185,1,18.41711111
22/05/2026 11:00,0,0.06,0,15.6,0,13.365,11.455,13.55,76.6,1018.89,2,9.666666667,2,176.6666667,1,17.90266667
22/05/2026 12:00,0,0.055,0,15.64,0,13.385,11.47,13.555,76.55,1019.005,2,10.44444444,2,175.5555556,1,19.34311111
22/05/2026 13:00,0,0.085,0,15.71,0,13.46,11.55,13.625,76.7,1018.97,2,10.66666667,2,178.3333333,1,19.75466667
22/05/2026 14:00,0,0.03,0,15.57,0,13.385,11.575,13.635,77.45,1019.085,2,11,2,181.1111111,1,20.372
22/05/2026 15:00,0,0.315,0,15.325,0,13.36,11.69,13.755,79.4,1019.04,2,11.27777778,2,182.7777778,1,20.88644444
22/05/2026 16:00,0,0.14,0,15.19,0,13.35,11.805,13.845,80.45,1019.05,2,11.11111111,2,186.1111111,1,20.57777778
22/05/2026 17:00,0,0.04,0,14.995,0,13.25,11.77,13.83,81.5,1019.015,2,10.72222222,2,188.3333333,1,19.85755556
22/05/2026 18:00,0,0.03,0,14.81,0,13.13,11.685,13.745,81.6,1019.26,2,10.55555556,2,195,1,19.54888889
22/05/2026 19:00,0,0.08,0,14.235,0,12.805,11.57,13.64,84.1,1019.675,2,10,2,198.3333333,1,18.52
22/05/2026 20:00,0,0.005,0,13.68,0,12.37,11.24,13.335,85.15,1020.215,2,9.111111111,2,203.3333333,1,16.87377778
22/05/2026 21:00,0,0.085,0,12.85,0,11.845,10.96,13.11,88.1,1020.925,2,8.555555556,2,209.4444444,1,15.84488889
22/05/2026 22:00,0,0.015,0,12.335,0,11.515,10.775,12.945,89.9,1021.455,2,7.944444444,2,208.8888889,1,14.71311111
22/05/2026 23:00,0,0,0,11.885,0,11.145,10.455,12.68,90.7,1021.885,2,7.666666667,2,210,1,14.19866667
23/05/2026 00:00,0,0.005,0,11.535,0,10.825,10.145,12.42,90.8,1022.135,2,7.277777778,2,211.1111111,0,13.47844444
23/05/2026 01:00,0,0,0,11.24,0,10.61,9.995,12.29,91.6,1022.385,2,6.666666667,2,205,0,12.34666667
23/05/2026 02:00,0,0,0,10.935,0,10.38,9.815,12.155,92.65,1022.775,2,6.888888889,2,200.5555556,0,12.75822222
23/05/2026 03:00,0,0,0,10.765,0,10.215,9.655,12.015,92.5,1023.3,2,6.944444444,2,201.6666667,0,12.86111111
23/05/2026 04:00,0,0,0,10.51,0,9.93,9.37,11.8,92.25,1023.635,2,6.833333333,2,200.5555556,0,12.65533333
23/05/2026 05:00,0,0,0,10.605,0,10,9.4,11.805,91.85,1023.99,2,6.611111111,2,193.3333333,0,12.24377778
23/05/2026 06:00,0,0,0,11.23,0,10.46,9.715,12.055,90.05,1024.335,2,7.444444444,2,199.4444444,0,13.78711111
23/05/2026 07:00,0,0,0,12.075,0,10.955,9.885,12.2,86.3,1024.76,2,8.277777778,2,200,0,15.33044444
23/05/2026 08:00,0,0,0,12.86,0,11.345,9.895,12.215,81.8,1025.145,2,9.055555556,2,203.3333333,0,16.77088889
23/05/2026 09:00,0,0,0,13.74,0,11.845,10.075,12.36,78.45,1025.575,2,9.722222222,2,206.6666667,0,18.00555556
23/05/2026 10:00,0,0,0,14.51,0,12.225,10.15,12.405,74.9,1025.925,2,10.16666667,2,204.4444444,0,18.82866667
23/05/2026 11:00,0,0,0,15.435,0,12.655,10.12,12.4,70.7,1026.185,2,10.61111111,2,206.1111111,0,19.65177778
23/05/2026 12:00,0,0,0,16.03,0,12.925,10.155,12.43,68.55,1026.5,2,11.16666667,2,208.3333333,0,20.68066667
23/05/2026 13:00,0,0,0,16.615,0,13.265,10.3,12.57,67.05,1026.685,2,11.11111111,2,210.5555556,0,20.57777778
23/05/2026 14:00,0,0,0,16.76,0,13.34,10.335,12.58,66.7,1026.79,2,11.38888889,2,212.2222222,0,21.09222222
23/05/2026 15:00,0,0,0,16.615,0,13.385,10.56,12.785,68.3,1026.805,2,11.27777778,2,211.1111111,0,20.88644444
23/05/2026 16:00,0,0,0,16.5,0,13.38,10.665,12.86,69.35,1026.785,2,10.94444444,2,213.8888889,0,20.26911111
23/05/2026 17:00,0,0,0,16.16,0,13.235,10.705,12.88,70.85,1026.77,2,10.44444444,2,213.3333333,0,19.34311111
23/05/2026 18:00,0,0,0,15.665,0,12.96,10.575,12.785,72.3,1027.015,2,10,2,214.4444444,0,18.52
23/05/2026 19:00,0,0,0,15.005,0,12.68,10.62,12.825,75.45,1027.085,2,9.111111111,2,220,0,16.87377778
23/05/2026 20:00,0,0,0,14.175,0,12.3,10.59,12.79,79.2,1027.28,2,7.833333333,2,222.2222222,0,14.50733333
23/05/2026 21:00,0,0,0,13.365,0,11.92,10.625,12.82,83.45,1027.825,2,6.5,2,207.7777778,0,12.038
23/05/2026 22:00,0,0,0,12.995,0,11.73,10.58,12.79,85.35,1028.115,2,6.666666667,2,201.6666667,0,12.34666667
23/05/2026 23:00,0,0,0,12.73,0,11.625,10.61,12.795,86.85,1028.205,2,7.333333333,2,195,0,13.58133333
24/05/2026 00:00,0,0,0,12.63,0,11.575,10.595,12.795,87.4,1028.315,2,7.111111111,2,190.5555556,0,13.16977778
24/05/2026 01:00,0,0,0,12.435,0,11.44,10.52,12.72,88,1028.2,2,6.833333333,2,192.2222222,0,12.65533333
24/05/2026 02:00,0,0.005,0,12.15,0,11.195,10.345,12.565,88.6,1028.26,2,6.722222222,2,193.8888889,0,12.44955556
24/05/2026 03:00,0,0,0,12.12,0,11.255,10.44,12.655,89.15,1028.245,2,6.5,2,183.3333333,0,12.038
24/05/2026 04:00,0,0,0,11.955,0,11.105,10.305,12.555,89.35,1028.255,2,6.555555556,2,183.8888889,0,12.14088889
24/05/2026 05:00,0,0,0,11.8,0,10.93,10.115,12.405,89.15,1028.46,2,6.277777778,2,181.1111111,0,11.62644444
24/05/2026 06:00,0,0.005,0,12.27,0,11.21,10.19,12.435,86.85,1028.79,2,6.166666667,2,186.6666667,0,11.42066667
24/05/2026 07:00,0,0,0,13.225,0,11.65,10.175,12.45,81.95,1029.275,2,6.722222222,2,188.8888889,0,12.44955556
24/05/2026 08:00,0,0,0,14.315,0,12.205,10.295,12.555,77.25,1029.545,2,7.333333333,2,190,0,13.58133333
24/05/2026 09:00,0,0,0,15.49,0,12.915,10.635,12.835,73.5,1029.62,2,7.777777778,2,190,0,14.40444444
24/05/2026 10:00,0,0,0,16.59,0,13.515,10.91,13.065,70,1029.66,2,8.833333333,2,188.8888889,0,16.35933333
24/05/2026 11:00,0,0,0,17.64,0,13.975,10.835,13.03,65.5,1029.65,2,9.277777778,2,192.2222222,0,17.18244444
24/05/2026 12:00,0,0,0,18.36,0,14.335,10.925,13.125,63.15,1029.53,2,9.5,2,191.6666667,0,17.594
24/05/2026 13:00,0,0,0,18.925,0,14.635,11.105,13.25,61.75,1029.315,2,8.944444444,2,191.1111111,0,16.56511111
24/05/2026 14:00,0,0,0,19.5,0,14.76,10.83,13.04,58.85,1029.07,2,8.611111111,2,195,0,15.94777778
24/05/2026 15:00,0,0,0,19.53,0,14.625,10.515,12.755,57.7,1028.805,2,8.833333333,2,195,0,16.35933333
24/05/2026 16:00,0,0,0,19.7,0,14.78,10.705,12.935,58.05,1028.68,2,8.5,2,202.2222222,0,15.742
24/05/2026 17:00,0,0,0,19.505,0,14.605,10.495,12.74,58.05,1028.435,2,7.611111111,2,204.4444444,0,14.09577778
24/05/2026 18:00,0,0,0,19,0,14.395,10.54,12.76,59.75,1028.18,2,7.111111111,2,202.7777778,0,13.16977778
24/05/2026 19:00,0,0,0,18.01,0,13.925,10.45,12.69,62.5,1028.21,2,6.388888889,2,195,0,11.83222222
24/05/2026 20:00,0,0,0,16.51,0,13.25,10.425,12.69,68.25,1028.46,2,4.833333333,2,198.3333333,0,8.951333333
24/05/2026 21:00,0,0,0,14.445,0,12.185,10.13,12.42,75.75,1028.94,2,4,2,180,0,7.408
24/05/2026 22:00,0,0,0,13.11,0,11.355,9.675,12.06,80,1029.12,2,4.333333333,2,187.7777778,0,8.025333333
24/05/2026 23:00,0,0,0,12.285,0,10.84,9.435,11.83,82.9,1029.24,2,4.055555556,2,186.6666667,0,7.510888889
25/05/2026 00:00,0,0,0,11.665,0,10.375,9.085,11.57,84.4,1029.205,2,3.777777778,2,187.2222222,1,6.996444444
25/05/2026 01:00,0,0,0,11.04,0,9.985,8.9,11.43,86.8,1029.255,2,3.111111111,2,170,1,5.761777778
25/05/2026 02:00,0,0,0,10.565,0,9.73,8.895,11.415,89.35,1029.13,2,3.055555556,2,189.4444444,1,5.658888889
25/05/2026 03:00,0,0,0,10.24,0,9.495,8.715,11.285,90.2,1028.96,2,3.333333333,2,166.6666667,1,6.173333333
25/05/2026 04:00,0,0,0,9.99,0,9.29,8.56,11.175,90.85,1028.89,2,3.222222222,2,177.7777778,1,5.967555556
25/05/2026 05:00,0,0,0,10.24,0,9.525,8.79,11.325,90.65,1029.12,2,3.166666667,2,187.2222222,1,5.864666667
25/05/2026 06:00,0,0,0,11.7,0,10.71,9.725,12.075,87.9,1029.185,2,2.833333333,2,195,1,5.247333333
25/05/2026 07:00,0,0,0,13.655,0,11.92,10.32,12.565,81.05,1029.28,2,2.555555556,2,157.7777778,1,4.732888889
25/05/2026 08:00,0,0,0,15.735,0,13.11,10.795,12.99,73.6,1029.25,2,3,2,131.1111111,1,5.556
25/05/2026 09:00,0,0,0,17.83,0,14.395,11.59,13.695,67.8,1029.17,2,3.555555556,2,147.2222222,1,6.584888889
25/05/2026 10:00,0,0,0,19.34,0,15.33,12.24,14.305,64.15,1029.095,2,4.5,2,159.4444444,1,8.334
25/05/2026 11:00,0,0,0,20.205,0,16.02,12.925,14.955,63.5,1028.975,2,5.222222222,2,180.5555556,1,9.671555556
25/05/2026 12:00,0,0,0,20.765,0,16.54,13.545,15.58,64.05,1028.81,2,5.222222222,2,163.3333333,1,9.671555556
25/05/2026 13:00,0,0,0,21.465,0,17.035,13.955,16.05,62.95,1028.605,2,5.722222222,2,178.8888889,1,10.59755556
25/05/2026 14:00,0,0,0,22.08,0,17.605,14.585,16.74,63.15,1028.315,2,5.666666667,2,201.6666667,1,10.49466667
25/05/2026 15:00,0,0,0,22.4,0,17.79,14.74,16.88,62.55,1028.005,2,5.777777778,2,214.4444444,1,10.70044444
25/05/2026 16:00,0,0,0,22.51,0,17.92,14.895,17.09,62.5,1027.66,2,5.944444444,2,229.4444444,1,11.00911111
25/05/2026 17:00,0,0,0,22.19,0,17.7,14.715,16.915,63.2,1027.435,2,5.777777778,2,208.8888889,1,10.70044444
25/05/2026 18:00,0,0,0,21.165,0,17.195,14.53,16.69,66.5,1027.255,2,5.722222222,2,192.2222222,1,10.59755556
25/05/2026 19:00,0,0,0,20.065,0,16.725,14.43,16.605,70.65,1027.34,2,5.444444444,2,165,1,10.08311111
25/05/2026 20:00,0,0,0,18.46,0,15.81,13.955,16.065,75.3,1027.6,2,4.555555556,2,167.7777778,1,8.436888889
25/05/2026 21:00,0,0,0,16.78,0,14.915,13.535,15.595,81.1,1027.98,2,3.722222222,2,177.2222222,1,6.893555556
25/05/2026 22:00,0,0,0,15.455,0,14.09,13.035,15.065,85.4,1028.17,2,4.055555556,2,162.2222222,1,7.510888889
25/05/2026 23:00,0,0,0,14.55,0,13.44,12.545,14.58,87.5,1028.22,2,4.444444444,2,157.7777778,1,8.231111111
26/05/2026 00:00,0,0,0,13.9,0,13,12.235,14.31,89.6,1028.12,2,4.111111111,2,122.2222222,1,7.613777778
26/05/2026 01:00,0,0,0,13.415,0,12.63,11.975,14.045,90.85,1027.965,2,3.722222222,2,138.3333333,1,6.893555556
26/05/2026 02:00,0,0.005,0,13.03,0,12.375,11.8,13.88,91.85,1027.71,2,3.666666667,2,148.8888889,1,6.790666667
26/05/2026 03:00,0,0,0,12.74,0,12.19,11.685,13.79,92.95,1027.535,2,3.944444444,2,161.6666667,1,7.305111111
26/05/2026 04:00,0,0,0,12.375,0,11.865,11.405,13.515,93.45,1027.435,2,3.888888889,2,141.1111111,1,7.202222222
26/05/2026 05:00,0,0.005,0,12.315,0,11.865,11.48,13.6,94.25,1027.545,2,3.555555556,2,173.3333333,1,6.584888889
26/05/2026 06:00,0,0,0,13.63,0,12.93,12.33,14.395,91.8,1027.63,2,4.111111111,2,143.3333333,1,7.613777778
26/05/2026 07:00,0,0,0,15.345,0,14.125,13.155,15.225,86.75,1027.72,2,4.055555556,2,130.5555556,1,7.510888889
26/05/2026 08:00,0,0,0,17.095,0,15.355,14.065,16.165,82.3,1027.745,2,4.555555556,2,133.8888889,1,8.436888889
26/05/2026 09:00,0,0,0,18.755,0,16.38,14.74,16.895,77.5,1027.785,2,5.166666667,2,101.6666667,1,9.568666667
26/05/2026 10:00,0,0,0,20.03,0,17.045,15.02,17.225,72.8,1027.71,2,6,2,102.2222222,1,11.112
26/05/2026 11:00,0,0,0,20.84,0,17.48,15.27,17.52,70.55,1027.61,2,6.277777778,2,105.5555556,1,11.62644444
26/05/2026 12:00,0,0,0,21.63,0,17.895,15.455,17.72,68.35,1027.41,2,6.555555556,2,104.4444444,1,12.14088889
26/05/2026 13:00,0,0,0,22.445,0,18.255,15.545,17.82,65.4,1027.18,2,6.444444444,2,106.1111111,1,11.93511111
26/05/2026 14:00,0,0,0,22.97,0,18.605,15.86,18.16,64.65,1026.865,2,6.5,2,144.4444444,1,12.038
26/05/2026 15:00,0,0,0,23.23,0,18.575,15.63,17.895,62.6,1026.59,2,6.777777778,2,114.4444444,1,12.55244444
26/05/2026 16:00,0,0,0,23.24,0,18.66,15.755,18.09,63.1,1026.27,2,6.833333333,2,116.1111111,1,12.65533333
26/05/2026 17:00,0,0,0,22.95,0,18.43,15.53,17.855,63.25,1026.02,2,6.666666667,2,106.1111111,1,12.34666667
26/05/2026 18:00,0,0,0,22.205,0,18.055,15.345,17.695,65.1,1025.88,2,6.833333333,2,102.2222222,1,12.65533333
26/05/2026 19:00,0,0,0,21.07,0,17.34,14.78,17.085,67.15,1025.8,2,6.666666667,2,115.5555556,1,12.34666667
26/05/2026 20:00,0,0,0,19.265,0,16.17,13.9,16.14,70.9,1025.84,2,6.5,2,105.5555556,1,12.038
26/05/2026 21:00,0,0,0,17.495,0,14.965,12.975,15.21,74.45,1026.01,2,6.166666667,2,93.33333333,1,11.42066667
26/05/2026 22:00,0,0,0,16.55,0,14.27,12.38,14.645,76.2,1026.26,2,6.111111111,2,97.22222222,1,11.31777778
26/05/2026 23:00,0,0,0,15.745,0,13.625,11.765,14.085,77,1026.225,2,6.388888889,2,102.2222222,1,11.83222222
27/05/2026 00:00,0,0,0,14.88,0,12.895,11.065,13.43,77.95,1026.06,2,6.111111111,2,103.3333333,1,11.31777778
27/05/2026 01:00,0,0,0,14.155,0,12.365,10.72,13.095,79.95,1025.845,2,5.555555556,2,100.5555556,1,10.28888889
27/05/2026 02:00,0,0,0,13.705,0,11.97,10.335,12.725,80.1,1025.39,2,5.444444444,2,99.44444444,1,10.08311111
27/05/2026 03:00,0,0,0,13.3,0,11.645,10.1,12.495,80.95,1025.17,2,5.222222222,2,127.7777778,1,9.671555556
27/05/2026 04:00,0,0,0,12.825,0,11.255,9.765,12.18,81.6,1024.805,2,5.166666667,2,146.1111111,1,9.568666667
27/05/2026 05:00,0,0,0,12.99,0,11.46,10.01,12.375,82.05,1024.615,2,5.222222222,2,143.8888889,1,9.671555556
27/05/2026 06:00,0,0,0,14.395,0,12.53,10.855,13.11,79.2,1024.485,2,5.722222222,2,127.7777778,1,10.59755556
27/05/2026 07:00,0,0,0,16.34,0,13.865,11.79,13.95,74.45,1024.42,2,6.888888889,2,110,1,12.75822222
27/05/2026 08:00,0,0,0,17.98,0,14.97,12.605,14.675,70.75,1024.29,2,8.166666667,2,99.44444444,1,15.12466667
27/05/2026 09:00,0,0,0,19.625,0,16.135,13.59,15.635,68.4,1023.95,2,9.055555556,2,91.66666667,1,16.77088889
27/05/2026 10:00,0,0,0,20.815,0,16.95,14.26,16.355,66.3,1023.445,2,9.611111111,2,101.1111111,1,17.79977778
27/05/2026 11:00,0,0,0,22.06,0,17.87,15.08,17.26,64.8,1023.005,2,10.5,2,94.44444444,1,19.446
27/05/2026 12:00,0,0,0,22.73,0,18.295,15.415,17.675,63.45,1022.51,2,10.94444444,2,97.22222222,1,20.26911111
27/05/2026 13:00,0,0,0,23.13,0,18.55,15.625,17.895,62.7,1021.99,2,11.44444444,2,102.7777778,1,21.19511111
27/05/2026 14:00,0,0.135,0,23.275,0,18.585,15.595,17.855,62.3,1021.335,2,11.77777778,2,87.22222222,1,21.81244444
27/05/2026 15:00,0,0.125,0,23.15,0,18.51,15.56,17.78,62.65,1020.77,2,11.05555556,2,86.66666667,1,20.47488889
27/05/2026 16:00,0,0.02,0,22.895,0,18.375,15.48,17.7,63.3,1020.13,2,10.88888889,2,81.11111111,1,20.16622222
27/05/2026 17:00,0,0,0,22.245,0,17.955,15.135,17.29,64.25,1019.57,2,10.55555556,2,91.11111111,1,19.54888889
27/05/2026 18:00,0,0,0,21.745,0,17.53,14.71,16.81,64.55,1019.07,2,10.61111111,2,90,1,19.65177778
27/05/2026 19:00,0,0,0,20.725,0,17.08,14.575,16.655,68,1018.855,2,9.888888889,2,86.11111111,1,18.31422222
27/05/2026 20:00,0,0,0,19.565,0,16.51,14.37,16.42,72.05,1018.705,2,9.333333333,2,88.33333333,1,17.28533333
27/05/2026 21:00,0,0,0,18.215,0,15.82,14.08,16.095,76.7,1018.7,2,8.055555556,2,87.77777778,1,14.91888889
27/05/2026 22:00,0,0.1,0,17.07,0,15.17,13.725,15.705,80.6,1018.44,2,8.055555556,2,98.33333333,1,14.91888889
27/05/2026 23:00,0,0.075,0,16.415,0,14.76,13.505,15.495,82.8,1017.98,2,7.555555556,2,101.1111111,1,13.99288889
28/05/2026 00:00,0,0.005,0,15.92,0,14.44,13.3,15.3,84.3,1017.605,2,7,2,107.2222222,1,12.964
28/05/2026 01:00,0,0,0,15.635,0,14.23,13.11,15.105,84.95,1017.2,2,7.722222222,2,113.3333333,1,14.30155556
28/05/2026 02:00,0,0,0,15.235,0,13.975,13.02,15.015,86.4,1016.67,2,7.611111111,2,115,1,14.09577778
28/05/2026 03:00,0,0.01,0,14.935,0,13.765,12.835,14.845,87,1016.275,2,7.555555556,2,111.1111111,1,13.99288889
28/05/2026 04:00,0,0.015,0,14.605,0,13.57,12.745,14.74,88.25,1015.855,2,7.666666667,2,113.3333333,1,14.19866667
28/05/2026 05:00,0,0.01,0,14.34,0,13.44,12.685,14.69,89.5,1015.76,2,7.666666667,2,117.7777778,1,14.19866667
28/05/2026 06:00,0,0.015,0,14.875,0,13.79,12.96,14.96,88.05,1015.715,2,7.5,2,133.8888889,1,13.89
28/05/2026 07:00,0,0.01,0,15.4,0,14.045,12.945,14.955,85.15,1015.735,2,8.5,2,137.7777778,1,15.742
28/05/2026 08:00,0,0.005,0,15.605,0,14.125,12.955,14.955,84.15,1015.61,2,8.888888889,2,149.4444444,1,16.46222222
28/05/2026 09:00,0,0,0,15.685,0,14.135,12.905,14.9,83.5,1015.55,2,9.944444444,2,164.4444444,1,18.41711111
28/05/2026 10:00,0,0,0,16.115,0,14.36,13,14.985,82.1,1015.265,2,10.55555556,2,167.7777778,1,19.54888889
28/05/2026 11:00,0,0.02,0,16.045,0,14.24,12.82,14.81,81.2,1015.09,2,10.88888889,2,168.8888889,1,20.16622222
28/05/2026 12:00,0,0,0,16.37,0,14.485,13,14.995,80.45,1014.93,2,10.5,2,175,1,19.446
28/05/2026 13:00,0,0.035,0,16.795,0,14.725,13.115,15.105,79.3,1014.705,2,10.83333333,2,180,1,20.06333333
28/05/2026 14:00,0,0.005,0,17.295,0,15.01,13.275,15.27,77.55,1014.48,2,11.11111111,2,180.5555556,1,20.57777778
28/05/2026 15:00,0,0,0,17.035,0,14.66,12.79,14.785,76.35,1014.495,2,12.11111111,2,194.4444444,1,22.42977778
28/05/2026 16:00,0,0.005,0,16.81,0,14.525,12.745,14.745,77.1,1014.46,2,12.27777778,2,196.6666667,1,22.73844444
28/05/2026 17:00,0,0.045,0,16.39,0,14.395,12.81,14.79,79.5,1014.345,2,12.11111111,2,203.8888889,1,22.42977778
28/05/2026 18:00,0,0.035,0,16.015,0,14.09,12.54,14.54,79.9,1014.35,2,12.16666667,2,206.1111111,1,22.53266667
28/05/2026 19:00,0,0.02,0,15.45,0,13.87,12.58,14.59,83.05,1014.615,2,12.16666667,2,208.3333333,1,22.53266667
28/05/2026 20:00,0,0.015,0,14.905,0,13.475,12.28,14.295,83.9,1015.085,2,11.27777778,2,214.4444444,1,20.88644444
28/05/2026 21:00,0,0.015,0,14.425,0,13.08,11.93,13.96,84.55,1015.75,2,10.94444444,2,212.2222222,1,20.26911111
28/05/2026 22:00,0,0,0,14.035,0,12.755,11.615,13.68,84.85,1016.07,2,11.11111111,2,211.1111111,1,20.57777778
28/05/2026 23:00,0,0.005,0,13.81,0,12.525,11.4,13.495,85.15,1016.165,2,10.72222222,2,209.4444444,1,19.85755556
29/05/2026 00:00,0,0.02,0,13.525,0,12.34,11.265,13.385,86,1016.345,2,11.77777778,2,205,1,21.81244444
29/05/2026 01:00,0,0.01,0,13.405,0,12.31,11.33,13.43,87,1016.42,2,12.22222222,2,207.7777778,1,22.63555556
29/05/2026 02:00,0,0.025,0,13.41,0,12.265,11.24,13.365,86.65,1016.535,2,11.72222222,2,208.3333333,1,21.70955556
29/05/2026 03:00,0,0.015,0,13.265,0,12.215,11.265,13.38,87.4,1016.535,2,12.05555556,2,212.2222222,1,22.32688889
29/05/2026 04:00,0,0.035,0,13.18,0,12.21,11.355,13.445,88.45,1016.7,2,11.44444444,2,215,1,21.19511111
29/05/2026 05:00,0,0.02,0,13.135,0,12.25,11.46,13.545,89.2,1017.035,2,11.05555556,2,216.6666667,1,20.47488889
29/05/2026 06:00,0,0,0,13.375,0,12.41,11.535,13.615,88.25,1017.575,2,10.72222222,2,218.3333333,1,19.85755556
29/05/2026 07:00,0,0.02,0,13.575,0,12.51,11.57,13.635,87.45,1018.39,2,11.5,2,223.3333333,1,21.298
29/05/2026 08:00,0,0.02,0,14.05,0,12.71,11.52,13.6,84.55,1019.175,2,11.83333333,2,230,1,21.91533333
29/05/2026 09:00,0,0,0,14.58,0,12.82,11.29,13.39,80.85,1019.825,2,12.16666667,2,235,1,22.53266667
29/05/2026 10:00,0,0.01,0,15.31,0,13.005,10.95,13.115,75.45,1020.325,2,13,2,235,1,24.076
29/05/2026 11:00,0,0.005,0,16.12,0,13.385,10.97,13.16,72,1020.64,2,12.66666667,2,239.4444444,1,23.45866667
29/05/2026 12:00,0,0,0,17.115,0,13.71,10.715,12.96,66.75,1020.85,2,12.94444444,2,232.2222222,1,23.97311111
29/05/2026 13:00,0,0,0,17.63,0,13.83,10.505,12.765,63.9,1021.095,2,12.83333333,2,232.2222222,1,23.76733333
29/05/2026 14:00,0,0,0,18.11,0,14.065,10.58,12.83,62.5,1021.31,2,12.72222222,2,230.5555556,1,23.56155556
29/05/2026 15:00,0,0,0,18.03,0,14.05,10.595,12.855,63,1021.34,2,12.44444444,2,228.3333333,1,23.04711111
29/05/2026 16:00,0,0,0,18.03,0,14.045,10.58,12.835,62.9,1021.225,2,11.88888889,2,227.7777778,1,22.01822222
29/05/2026 17:00,0,0,0,17.58,0,13.845,10.615,12.855,64.85,1021.26,2,10.88888889,2,231.1111111,1,20.16622222
29/05/2026 18:00,0,0,0,17.15,0,13.62,10.52,12.77,66,1021.135,2,10.55555556,2,231.1111111,1,19.54888889
29/05/2026 19:00,0,0,0,16.285,0,13.205,10.475,12.735,69.25,1021.155,2,9.833333333,2,228.3333333,1,18.21133333
29/05/2026 20:00,0,0,0,15.125,0,12.74,10.56,12.8,74.65,1021.185,2,8.333333333,2,231.6666667,1,15.43333333
29/05/2026 21:00,0,0,0,13.955,0,12.11,10.355,12.64,79.1,1021.32,2,6.444444444,2,224.4444444,1,11.93511111
29/05/2026 22:00,0,0,0,13.165,0,11.645,10.19,12.53,82.3,1021.26,2,6.166666667,2,178.8888889,1,11.42066667
29/05/2026 23:00,0,0,0,12.68,0,11.345,10.025,12.38,83.9,1021.06,2,5.888888889,2,178.3333333,1,10.90622222
30/05/2026 00:00,0,0,0,12.675,0,11.305,9.945,12.33,83.65,1020.64,2,6.666666667,2,170.5555556,0,12.34666667
30/05/2026 01:00,0,0,0,12.65,0,11.225,9.82,12.235,83.25,1020.34,2,6.888888889,2,171.1111111,0,12.75822222
30/05/2026 02:00,0,0,0,12.61,0,11.32,10.105,12.41,84.75,1019.98,2,6.833333333,2,168.3333333,0,12.65533333
30/05/2026 03:00,0,0.08,0,12.345,0,11.265,10.25,12.545,86.9,1019.535,2,7.388888889,2,169.4444444,0,13.68422222
30/05/2026 04:00,0,0.165,0,12.27,0,11.245,10.255,12.54,87.4,1019.09,2,7.222222222,2,159.4444444,0,13.37555556
30/05/2026 05:00,0,0.12,0,12.515,0,11.48,10.525,12.755,87.7,1018.865,2,7.111111111,2,158.8888889,0,13.16977778
30/05/2026 06:00,0,0.21,0,12.885,0,11.845,10.88,13.055,87.4,1018.66,2,8.111111111,2,163.3333333,0,15.02177778
30/05/2026 07:00,0,0.355,0,13.41,0,12.295,11.275,13.42,86.85,1018.4,2,8.944444444,2,163.8888889,0,16.56511111
30/05/2026 08:00,0,0.445,0,13.7,0,12.555,11.545,13.645,86.65,1018.13,2,9.555555556,2,170,0,17.69688889
30/05/2026 09:00,0,0.79,0,14.355,0,13.055,11.92,13.995,85.65,1017.915,2,10.11111111,2,171.1111111,0,18.72577778
30/05/2026 10:00,0,0.455,0,14.91,0,13.465,12.2,14.27,84.8,1017.42,2,10.61111111,2,170.5555556,0,19.65177778
30/05/2026 11:00,0,0.315,0,15.34,0,13.865,12.63,14.68,84.75,1017.14,2,10.66666667,2,183.3333333,0,19.75466667
30/05/2026 12:00,0,0.165,0,16.01,0,14.355,13.04,15.045,82.8,1016.81,2,10.94444444,2,187.2222222,0,20.26911111
30/05/2026 13:00,0,0.08,0,16.19,0,14.57,13.295,15.295,83.1,1016.57,2,11.27777778,2,193.3333333,0,20.88644444
30/05/2026 14:00,0,0.17,0,16.2,0,14.545,13.26,15.25,82.85,1016.2,2,11.05555556,2,192.7777778,0,20.47488889
30/05/2026 15:00,0,0.14,0,16.395,0,14.665,13.32,15.335,82.3,1015.655,2,10.88888889,2,195.5555556,0,20.16622222
30/05/2026 16:00,0,0.065,0,16.71,0,14.73,13.185,15.185,80.3,1015.135,2,11.27777778,2,202.2222222,0,20.88644444
30/05/2026 17:00,0,0.15,0,16.59,0,14.46,12.745,14.775,78.55,1014.815,2,11.38888889,2,202.2222222,0,21.09222222
30/05/2026 18:00,0,0.265,0,15.895,0,14.07,12.575,14.62,81,1014.52,2,10.66666667,2,210,0,19.75466667
30/05/2026 19:00,0,0.425,0,15.38,0,13.795,12.47,14.495,82.7,1014.4,2,9.722222222,2,220.5555556,0,18.00555556
30/05/2026 20:00,0,0.08,0,14.575,0,13.32,12.27,14.315,86.1,1014.44,2,9.277777778,2,219.4444444,0,17.18244444
30/05/2026 21:00,0,0.07,0,13.795,0,12.85,12.01,14.06,88.7,1014.57,2,8.222222222,2,225.5555556,0,15.22755556
30/05/2026 22:00,0,0.095,0,13.14,0,12.385,11.7,13.79,90.65,1014.515,2,7.611111111,2,212.7777778,0,14.09577778
30/05/2026 23:00,0,0.065,0,12.91,0,12.245,11.65,13.735,91.8,1014.46,2,8,2,221.1111111,0,14.816
31/05/2026 00:00,0,0.075,0,12.795,0,12.14,11.56,13.63,91.75,1014.26,2,7.555555556,2,221.6666667,0,13.99288889
31/05/2026 01:00,0,0.07,0,12.575,0,12.005,11.495,13.57,92.7,1014.165,2,7.944444444,2,227.7777778,0,14.71311111
31/05/2026 02:00,0,0.015,0,12.35,0,11.76,11.215,13.33,92.45,1014.135,2,7.555555556,2,232.2222222,0,13.99288889
31/05/2026 03:00,0,0.035,0,12.205,0,11.605,11.06,13.2,92.35,1014.22,2,7.444444444,2,228.3333333,0,13.78711111
31/05/2026 04:00,0,0.03,0,12.155,0,11.55,10.985,13.12,92.25,1014.295,2,7.388888889,2,226.6666667,0,13.68422222
31/05/2026 05:00,0,0.02,0,12.39,0,11.705,11.065,13.19,91.35,1014.35,2,7.111111111,2,227.2222222,0,13.16977778
31/05/2026 06:00,0,0.045,0,12.665,0,11.98,11.38,13.47,91.6,1014.46,2,7.111111111,2,223.8888889,0,13.16977778
31/05/2026 07:00,0,0,0,13.3,0,12.415,11.665,13.73,89.45,1014.745,2,7.444444444,2,218.8888889,0,13.78711111
31/05/2026 08:00,0,0,0,13.86,0,12.635,11.565,13.655,85.75,1014.93,2,7.888888889,2,225.5555556,0,14.61022222
31/05/2026 09:00,0,0.015,0,14.55,0,12.935,11.535,13.62,81.85,1015.1,2,8.722222222,2,229.4444444,0,16.15355556
31/05/2026 10:00,0,0.03,0,14.8,0,13.005,11.43,13.53,80.25,1015.075,2,9.166666667,2,232.7777778,0,16.97666667
31/05/2026 11:00,0,0.045,0,15.415,0,13.475,11.82,13.89,79,1014.99,2,9.833333333,2,234.4444444,0,18.21133333
31/05/2026 12:00,0,0,0,15.795,0,13.555,11.645,13.73,76.3,1015.075,2,10.44444444,2,233.3333333,0,19.34311111
31/05/2026 13:00,0,0.02,0,15.915,0,13.695,11.82,13.895,76.6,1015.08,2,10.44444444,2,232.2222222,0,19.34311111
31/05/2026 14:00,0,0,0,16.375,0,14.005,12.025,14.08,75.45,1014.995,2,10.83333333,2,233.8888889,0,20.06333333
31/05/2026 15:00,0,0.01,0,16.49,0,14.065,12.085,14.13,75.2,1014.875,2,10.22222222,2,230.5555556,0,18.93155556
31/05/2026 16:00,0,0.01,0,16.405,0,14.07,12.15,14.195,76.15,1014.53,2,9.944444444,2,227.2222222,0,18.41711111
31/05/2026 17:00,0,0.035,0,16.23,0,13.965,12.1,14.145,76.75,1014.24,2,9.722222222,2,210,0,18.00555556
31/05/2026 18:00,0,0.12,0,15.375,0,13.675,12.265,14.285,81.8,1013.825,2,9.222222222,2,217.7777778,0,17.07955556
31/05/2026 19:00,0,0.25,0,15.075,0,13.575,12.315,14.335,83.75,1013.425,2,8.277777778,2,195,0,15.33044444
31/05/2026 20:00,0,0.495,0,14.59,0,13.365,12.35,14.355,86.5,1013.105,2,8.111111111,2,184.4444444,0,15.02177778
31/05/2026 21:00,0,0.725,0,14.195,0,13.42,12.765,14.77,90.95,1012.715,2,8.166666667,2,173.3333333,0,15.12466667
31/05/2026 22:00,0,0.715,0,14.01,0,13.5,13.085,15.07,93.7,1012.155,2,8.611111111,2,173.3333333,0,15.94777778
31/05/2026 23:00,0,0.615,0,13.995,0,13.575,13.23,15.205,94.8,1011.59,2,9.444444444,2,185.5555556,0,17.49111111
01/06/2026 00:00,0,0.31,0,14.045,0,13.645,13.31,15.295,95.15,1010.89,2,10.11111111,2,190.5555556,1,18.72577778
01/06/2026 01:00,0,0.35,0,14.05,0,13.72,13.45,15.425,95.8,1010.28,2,10.05555556,2,195,1,18.62288889
01/06/2026 02:00,0,0.21,0,14.17,0,13.845,13.585,15.565,95.8,1009.82,2,9.5,2,196.1111111,1,17.594
01/06/2026 03:00,0,0.18,0,14.2,0,13.9,13.65,15.635,96.05,1009.435,2,9.111111111,2,203.8888889,1,16.87377778
01/06/2026 04:00,0,0.24,0,14.235,0,13.885,13.625,15.61,95.8,1008.955,2,8.944444444,2,202.7777778,1,16.56511111
01/06/2026 05:00,0,0.15,0,14.26,0,13.89,13.61,15.58,95.35,1008.535,2,8.833333333,2,206.6666667,1,16.35933333
01/06/2026 06:00,0,0.33,0,14.385,0,14,13.665,15.655,95.05,1008.115,2,8.444444444,2,195.5555556,1,15.63911111
01/06/2026 07:00,0,0.72,0,14.525,0,14.12,13.8,15.8,95.1,1007.775,2,8.555555556,2,199.4444444,1,15.84488889
01/06/2026 08:00,0,0.45,0,14.695,0,14.28,13.975,15.975,95,1007.43,2,8.388888889,2,200.5555556,1,15.53622222
01/06/2026 09:00,0,0.675,0,14.905,0,14.48,14.15,16.16,95,1006.975,2,8.666666667,2,198.8888889,1,16.05066667
01/06/2026 10:00,0,0.425,0,15.2,0,14.71,14.36,16.365,94.35,1006.525,2,8.888888889,2,198.8888889,1,16.46222222
01/06/2026 11:00,0,0.27,0,15.86,0,15.16,14.63,16.665,92.3,1006.09,2,9.611111111,2,202.2222222,1,17.79977778
01/06/2026 12:00,0,0.195,0,16.465,0,15.59,14.945,17.005,90.5,1005.58,2,10.66666667,2,203.3333333,1,19.75466667
01/06/2026 13:00,0,0.105,0,16.775,0,15.645,14.84,16.895,88.3,1005.095,2,10.77777778,2,208.8888889,1,19.96044444
01/06/2026 14:00,0,0.015,0,17.19,0,15.685,14.615,16.655,84.75,1004.63,2,10.77777778,2,217.2222222,1,19.96044444
01/06/2026 15:00,0,0.15,0,16.83,0,15.335,14.23,16.29,84.7,1004.13,2,10.27777778,2,215.5555556,1,19.03444444
01/06/2026 16:00,0,0.05,0,16.555,0,14.965,13.805,15.8,83.85,1003.58,2,9.888888889,2,212.7777778,1,18.31422222
01/06/2026 17:00,0,0.245,0,16.145,0,14.68,13.58,15.56,84.8,1003.265,2,9.833333333,2,213.3333333,1,18.21133333
01/06/2026 18:00,0,0.32,0,15.695,0,14.5,13.595,15.605,87.4,1002.905,2,8.833333333,2,217.7777778,1,16.35933333
01/06/2026 19:00,0,0.205,0,15,0,13.94,13.1,15.085,88.25,1002.575,2,8.888888889,2,231.1111111,1,16.46222222
01/06/2026 20:00,0,0.185,0,14.24,0,13.505,12.9,14.9,91.35,1002.38,2,8.166666667,2,233.3333333,1,15.12466667
01/06/2026 21:00,0,0.155,0,13.78,0,13.165,12.645,14.645,92.4,1002.315,2,7.388888889,2,224.4444444,1,13.68422222
01/06/2026 22:00,0,0.18,0,13.5,0,12.98,12.575,14.57,93.65,1002.19,2,6.722222222,2,228.3333333,1,12.44955556
01/06/2026 23:00,0,0.115,0,13.15,0,12.7,12.285,14.3,94.05,1001.92,2,6.055555556,2,225.5555556,1,11.21488889
02/06/2026 00:00,0,0.16,0,12.975,0,12.53,12.14,14.16,94.35,1001.685,2,5.944444444,2,228.3333333,1,11.00911111
02/06/2026 01:00,0,0.625,0,12.735,0,12.32,11.955,13.99,94.65,1001.51,2,5.888888889,2,232.2222222,1,10.90622222
02/06/2026 02:00,0,0.33,0,12.505,0,12.09,11.72,13.775,94.8,1001.395,2,6.111111111,2,236.1111111,1,11.31777778
02/06/2026 03:00,0,0.145,0,12.285,0,11.885,11.51,13.595,94.65,1001.33,2,6,2,254.4444444,1,11.112
02/06/2026 04:00,0,0.13,0,12.175,0,11.795,11.46,13.53,94.85,1001.405,2,5.944444444,2,250,1,11.00911111
02/06/2026 05:00,0,0.3,0,12.17,0,11.795,11.43,13.525,94.9,1001.56,2,6.611111111,2,260.5555556,1,12.24377778
02/06/2026 06:00,0,0.1,0,12.495,0,11.99,11.53,13.625,93.7,1001.915,2,7.333333333,2,266.6666667,1,13.58133333
02/06/2026 07:00,0,0.035,0,12.97,0,12.255,11.605,13.675,91.2,1002.405,2,8.666666667,2,276.1111111,1,16.05066667
02/06/2026 08:00,0,0.03,0,13.495,0,12.485,11.585,13.645,87.95,1002.79,2,9.166666667,2,281.1111111,1,16.97666667
02/06/2026 09:00,0,0.095,0,14.035,0,12.76,11.665,13.73,85.4,1003.255,2,9.666666667,2,279.4444444,1,17.90266667
02/06/2026 10:00,0,0.245,0,14.675,0,13.04,11.655,13.735,81.95,1003.56,2,10.16666667,2,278.3333333,1,18.82866667
02/06/2026 11:00,0,0.14,0,14.93,0,13.305,11.94,13.995,82.25,1003.885,2,10.66666667,2,274.4444444,1,19.75466667
02/06/2026 12:00,0,0.3,0,15.125,0,13.36,11.9,13.96,81.1,1004.125,2,11.33333333,2,270,1,20.98933333
02/06/2026 13:00,0,0.25,0,15.14,0,13.445,12.04,14.08,81.5,1004.385,2,11.77777778,2,269.4444444,1,21.81244444
02/06/2026 14:00,0,0.215,0,15.09,0,13.265,11.725,13.78,80.3,1004.755,2,12.5,2,272.2222222,1,23.15
02/06/2026 15:00,0,0.215,0,15.365,0,13.21,11.39,13.5,77.15,1005.09,2,12.44444444,2,271.6666667,1,23.04711111
02/06/2026 16:00,0,0.03,0,15.27,0,13.06,11.17,13.295,76.55,1005.27,2,12.11111111,2,269.4444444,1,22.42977778
02/06/2026 17:00,0,0.015,0,14.94,0,12.77,10.875,13.035,76.65,1005.545,2,11.83333333,2,271.1111111,1,21.91533333
02/06/2026 18:00,0,0.025,0,14.23,0,12.36,10.67,12.855,79.15,1005.71,2,11.05555556,2,267.2222222,1,20.47488889
02/06/2026 19:00,0,0.085,0,13.72,0,11.955,10.335,12.59,80,1005.79,2,9.944444444,2,266.6666667,1,18.41711111
02/06/2026 20:00,0,0.02,0,13.04,0,11.57,10.215,12.47,82.75,1005.77,2,9,2,253.8888889,1,16.668
02/06/2026 21:00,0,0.005,0,12.535,0,11.35,10.255,12.5,85.75,1005.715,2,7.611111111,2,246.1111111,1,14.09577778
02/06/2026 22:00,0,0.015,0,12.145,0,11.1,10.085,12.355,86.9,1005.415,2,7.444444444,2,230,1,13.78711111
02/06/2026 23:00,0,0,0,11.945,0,10.945,9.98,12.27,87.4,1004.605,2,7.222222222,2,212.2222222,1,13.37555556
03/06/2026 00:00,0,0.005,0,11.7,0,10.825,9.965,12.27,88.85,1003.615,2,7.388888889,2,204.4444444,1,13.68422222
03/06/2026 01:00,0,0.1,0,11.6,0,10.82,10.09,12.345,90,1002.14,2,7.722222222,2,188.8888889,1,14.30155556
03/06/2026 02:00,0,0.375,0,11.63,0,10.89,10.165,12.43,90.4,1000.43,2,8.666666667,2,176.1111111,1,16.05066667
03/06/2026 03:00,0,0.455,0,11.69,0,10.95,10.23,12.5,90.35,998.45,2,9.833333333,2,159.4444444,1,18.21133333
03/06/2026 04:00,0,1.045,0,11.65,0,11.06,10.48,12.725,92.3,996.53,2,10.88888889,2,157.2222222,1,20.16622222
03/06/2026 05:00,0,1.14,0,11.835,0,11.33,10.85,13.03,93.4,994.695,2,12.72222222,2,159.4444444,1,23.56155556
03/06/2026 06:00,0,0.91,0,12.165,0,11.755,11.375,13.49,94.6,993.43,2,13.16666667,2,173.8888889,1,24.38466667
03/06/2026 07:00,0,0.36,0,12.925,0,12.33,11.805,13.875,92.55,992.435,2,13.16666667,2,194.4444444,1,24.38466667
03/06/2026 08:00,0,0.63,0,13.525,0,12.825,12.23,14.25,91.5,991.705,2,13.72222222,2,205,1,25.41355556
03/06/2026 09:00,0,0.19,0,14.355,0,13.285,12.385,14.4,87.65,991.17,2,14.61111111,2,218.8888889,1,27.05977778
03/06/2026 10:00,0,0.275,0,14.695,0,13.16,11.855,13.905,83.1,990.555,2,15.61111111,2,223.8888889,1,28.91177778
03/06/2026 11:00,0,0.765,0,14.825,0,13.005,11.435,13.53,80.15,989.99,2,16.66666667,2,225.5555556,1,30.86666667
03/06/2026 12:00,0,0.57,0,14.6,0,12.895,11.44,13.53,81.2,989.76,2,17.27777778,2,230,1,31.99844444
03/06/2026 13:00,0,0.325,0,14.37,0,12.67,11.17,13.3,80.95,989.535,2,16.94444444,2,230.5555556,1,31.38111111
03/06/2026 14:00,0,0.605,0,14.29,0,12.7,11.295,13.405,81.9,989.05,2,16.77777778,2,233.3333333,1,31.07244444
03/06/2026 15:00,0,0.16,0,14.46,0,12.71,11.19,13.29,80.55,988.765,2,16.83333333,2,233.3333333,1,31.17533333
03/06/2026 16:00,0,0.215,0,14.125,0,12.485,11.025,13.145,81.4,988.45,2,16.66666667,2,237.2222222,1,30.86666667
03/06/2026 17:00,0,0.525,0,13.64,0,12.225,10.95,13.07,83.7,988.365,2,16.33333333,2,233.8888889,1,30.24933333
03/06/2026 18:00,0,0.165,0,13.19,0,11.92,10.78,12.95,85.15,988.12,2,15.88888889,2,235.5555556,1,29.42622222
03/06/2026 19:00,0,0.205,0,12.835,0,11.68,10.645,12.82,86.4,987.9,2,15.38888889,2,237.2222222,1,28.50022222
03/06/2026 20:00,0,0.35,0,12.32,0,11.365,10.47,12.685,88.4,987.75,2,14.77777778,2,238.3333333,1,27.36844444
03/06/2026 21:00,0,0.145,0,12.125,0,11.21,10.35,12.595,88.6,987.795,2,14.16666667,2,242.2222222,1,26.23666667
03/06/2026 22:00,0,0.18,0,11.865,0,10.98,10.11,12.375,88.8,988.065,2,14.16666667,2,248.8888889,1,26.23666667
03/06/2026 23:00,0,0.23,0,11.71,0,10.845,10.01,12.295,88.95,988.22,2,13.5,2,249.4444444,1,25.002
04/06/2026 00:00,0,0.19,0,11.61,0,10.79,10,12.295,89.6,988.38,2,13.16666667,2,255.5555556,1,24.38466667
04/06/2026 01:00,0,0.09,0,11.49,0,10.685,9.9,12.205,89.55,988.64,2,13.44444444,2,259.4444444,1,24.89911111
04/06/2026 02:00,0,0.07,0,11.44,0,10.64,9.87,12.17,89.8,988.985,2,13.05555556,2,263.8888889,1,24.17888889
04/06/2026 03:00,0,0.05,0,11.36,0,10.57,9.81,12.12,89.95,989.415,2,12.5,2,266.1111111,1,23.15
04/06/2026 04:00,0,0.135,0,11.275,0,10.53,9.81,12.125,90.35,989.88,2,12.27777778,2,267.7777778,1,22.73844444
04/06/2026 05:00,0,0.08,0,11.37,0,10.56,9.775,12.09,89.4,990.595,2,12.66666667,2,271.1111111,1,23.45866667
04/06/2026 06:00,0,0.175,0,11.65,0,10.835,10.035,12.3,89.55,991.415,2,12.83333333,2,271.6666667,1,23.76733333
04/06/2026 07:00,0,0.23,0,11.925,0,11.085,10.27,12.515,89.35,992.345,2,13.5,2,271.1111111,1,25.002
04/06/2026 08:00,0,0.14,0,12.6,0,11.47,10.45,12.65,86.45,993.09,2,13.88888889,2,273.3333333,1,25.72222222
04/06/2026 09:00,0,0.175,0,13.11,0,11.775,10.57,12.75,84.3,993.935,2,14.61111111,2,276.6666667,1,27.05977778
04/06/2026 10:00,0,0.1,0,13.68,0,12.14,10.77,12.945,82.3,994.635,2,15.38888889,2,277.2222222,1,28.50022222
04/06/2026 11:00,0,0.175,0,13.99,0,12.225,10.635,12.83,80.1,995.525,2,16.11111111,2,278.8888889,1,29.83777778
04/06/2026 12:00,0,0.14,0,14.295,0,12.41,10.72,12.91,78.95,996.465,2,16.5,2,278.8888889,1,30.558
04/06/2026 13:00,0,0.32,0,14.355,0,12.43,10.7,12.885,78.75,997.345,2,17.38888889,2,278.3333333,1,32.20422222
04/06/2026 14:00,0,0.265,0,14.065,0,12.265,10.655,12.83,79.6,998.345,2,17.55555556,2,280.5555556,1,32.51288889
04/06/2026 15:00,0,0.29,0,14.06,0,12.11,10.31,12.565,78.05,999.335,2,16.94444444,2,280.5555556,1,31.38111111
04/06/2026 16:00,0,0.225,0,13.675,0,11.79,10.03,12.345,78.7,1000.305,2,18.22222222,2,281.6666667,1,33.74755556
04/06/2026 17:00,0,0.245,0,12.97,0,11.105,9.28,11.735,78.2,1001.25,2,17.94444444,2,282.2222222,1,33.23311111
04/06/2026 18:00,0,0.105,0,12.615,0,10.595,8.565,11.18,76.15,1002.11,2,17.22222222,2,284.4444444,1,31.89555556
04/06/2026 19:00,0,0.045,0,11.985,0,9.905,7.72,10.555,74.95,1002.985,2,15.88888889,2,280.5555556,1,29.42622222
04/06/2026 20:00,0,0.02,0,11.365,0,9.34,7.14,10.14,74.95,1003.75,2,14,2,277.2222222,1,25.928
04/06/2026 21:00,0,0.035,0,10.65,0,8.84,6.835,9.915,77,1004.485,2,12.83333333,2,276.1111111,1,23.76733333
04/06/2026 22:00,0,0.045,0,10.245,0,8.595,6.73,9.855,78.6,1005.095,2,11.33333333,2,263.3333333,1,20.98933333
04/06/2026 23:00,0,0.01,0,10.1,0,8.39,6.41,9.63,77.4,1005.45,2,10.55555556,2,258.3333333,1,19.54888889
05/06/2026 00:00,0,0.015,0,9.675,0,8.16,6.415,9.635,79.85,1005.77,2,9.722222222,2,250.5555556,1,18.00555556
05/06/2026 01:00,0,0.085,0,9.31,0,7.995,6.49,9.67,82.25,1006.075,2,8.944444444,2,243.3333333,1,16.56511111
05/06/2026 02:00,0,0.125,0,9.145,0,7.895,6.495,9.675,83.1,1006.18,2,9.055555556,2,239.4444444,1,16.77088889
05/06/2026 03:00,0,0.005,0,8.965,0,7.76,6.38,9.6,83.55,1006.215,2,8.611111111,2,233.3333333,1,15.94777778
05/06/2026 04:00,0,0.055,0,8.73,0,7.615,6.355,9.595,84.85,1006.205,2,8.333333333,2,224.4444444,1,15.43333333
05/06/2026 05:00,0,0.02,0,8.75,0,7.715,6.51,9.7,85.45,1006.355,2,7.444444444,2,213.8888889,1,13.78711111
05/06/2026 06:00,0,0.2,0,9.655,0,8.5,7.215,10.175,84.5,1006.515,2,7.5,2,208.3333333,1,13.89
05/06/2026 07:00,0,0.01,0,10.75,0,9.21,7.54,10.41,80.3,1006.54,2,8,2,208.3333333,1,14.816
05/06/2026 08:00,0,0.005,0,11.655,0,9.795,7.845,10.63,77.15,1006.39,2,9.388888889,2,207.7777778,1,17.38822222
05/06/2026 09:00,0,0.18,0,12.31,0,10.115,7.81,10.6,73.8,1006.28,2,9.777777778,2,204.4444444,1,18.10844444
05/06/2026 10:00,0,0.03,0,13.02,0,10.39,7.67,10.505,69.95,1006.12,2,10.16666667,2,200.5555556,1,18.82866667
05/06/2026 11:00,0,0.075,0,13.43,0,10.675,7.87,10.66,69.15,1006.015,2,10.83333333,2,196.1111111,1,20.06333333
05/06/2026 12:00,0,0.125,0,13.91,0,11.07,8.24,10.935,68.65,1005.735,2,11.55555556,2,192.2222222,1,21.40088889
05/06/2026 13:00,0,0.17,0,13.95,0,11.06,8.18,10.9,68.25,1005.24,2,11.55555556,2,185.5555556,1,21.40088889
05/06/2026 14:00,0,0.025,0,14.095,0,10.995,7.825,10.635,66.1,1004.585,2,11.61111111,2,185.5555556,1,21.50377778
05/06/2026 15:00,0,0.08,0,13.675,0,10.945,8.19,10.885,69.7,1004.08,2,11,2,175.5555556,1,20.372
05/06/2026 16:00,0,0.2,0,13.085,0,10.6,8.07,10.8,71.7,1003.56,2,10.72222222,2,175.5555556,1,19.85755556
05/06/2026 17:00,0,0.245,0,12.71,0,10.415,8.045,10.765,73.25,1003.05,2,10.38888889,2,173.3333333,1,19.24022222
05/06/2026 18:00,0,0.31,0,12.245,0,10.18,7.99,10.75,75.35,1002.465,2,11.11111111,2,157.2222222,1,20.57777778
05/06/2026 19:00,0,0.41,0,11.695,0,10.12,8.465,11.09,80.4,1001.94,2,10.88888889,2,142.7777778,1,20.16622222
05/06/2026 20:00,0,0.65,0,11.165,0,9.975,8.74,11.31,84.95,1001.35,2,11.22222222,2,136.6666667,1,20.78355556
05/06/2026 21:00,0,0.855,0,10.795,0,9.895,8.965,11.47,88,1000.665,2,11.22222222,2,125.5555556,1,20.78355556
05/06/2026 22:00,0,0.83,0,10.695,0,9.895,9.095,11.57,89.4,999.77,2,11.66666667,2,111.1111111,1,21.60666667
05/06/2026 23:00,0,1.115,0,10.63,0,9.955,9.26,11.71,90.85,998.63,2,12.05555556,2,108.8888889,1,22.32688889
06/06/2026 00:00,0,1.03,0,10.665,0,10.065,9.455,11.875,91.95,997.74,2,12.05555556,2,105,0,22.32688889
06/06/2026 01:00,0,0.89,0,10.75,0,10.255,9.705,12.075,92.8,996.9,2,11.11111111,2,102.2222222,0,20.57777778
06/06/2026 02:00,0,0.905,0,10.87,0,10.36,9.84,12.2,93,996.29,2,10.94444444,2,121.1111111,0,20.26911111
06/06/2026 03:00,0,0.745,0,10.995,0,10.525,10.065,12.37,93.5,995.805,2,10.61111111,2,101.6666667,0,19.65177778
06/06/2026 04:00,0,0.725,0,11.07,0,10.62,10.185,12.455,93.85,995.745,2,10.77777778,2,113.3333333,0,19.96044444
06/06/2026 05:00,0,0.73,0,11.165,0,10.72,10.305,12.55,94.05,996.05,2,10.61111111,2,110.5555556,0,19.65177778
06/06/2026 06:00,0,0.52,0,11.375,0,10.92,10.485,12.7,93.8,996.63,2,9.888888889,2,130,0,18.31422222
06/06/2026 07:00,0,0.45,0,11.595,0,11.115,10.635,12.835,93.6,997.475,2,10.55555556,2,152.2222222,0,19.54888889
06/06/2026 08:00,0,0.23,0,12.105,0,11.465,10.825,13,91.6,998.315,2,10.38888889,2,168.3333333,0,19.24022222
06/06/2026 09:00,0,0.12,0,12.645,0,11.825,11.08,13.23,90.05,999.335,2,10.33333333,2,200.5555556,0,19.13733333
06/06/2026 10:00,0,0.115,0,13.385,0,12.335,11.37,13.495,87.45,1000.21,2,10.38888889,2,198.3333333,0,19.24022222
06/06/2026 11:00,0,0.09,0,13.795,0,12.585,11.48,13.605,85.8,1001.41,2,10.5,2,205.5555556,0,19.446
06/06/2026 12:00,0,0.28,0,14.025,0,12.47,11.045,13.225,82,1002.615,2,12.27777778,2,252.7777778,0,22.73844444
06/06/2026 13:00,0,0.21,0,14.2,0,12.51,10.95,13.16,80.7,1003.645,2,12.88888889,2,256.6666667,0,23.87022222
06/06/2026 14:00,0,0.165,0,14.05,0,12.2,10.48,12.755,79.05,1004.735,2,12.22222222,2,267.7777778,0,22.63555556
06/06/2026 15:00,0,0.105,0,14.14,0,11.96,9.865,12.26,75.65,1005.535,2,12.05555556,2,273.3333333,0,22.32688889
06/06/2026 16:00,0,0.135,0,14.035,0,11.62,9.265,11.77,73.2,1006.21,2,12.5,2,260.5555556,0,23.15
06/06/2026 17:00,0,0.01,0,13.78,0,11.355,8.97,11.52,73,1006.96,2,12.16666667,2,254.4444444,0,22.53266667
06/06/2026 18:00,0,0.01,0,13.275,0,10.86,8.38,11.065,72.4,1007.475,2,12,2,240,0,22.224
06/06/2026 19:00,0,0.015,0,12.725,0,10.69,8.615,11.24,76.3,1007.89,2,11.61111111,2,230.5555556,0,21.50377778
06/06/2026 20:00,0,0.025,0,12.235,0,10.615,8.985,11.53,80.5,1008.265,2,10.61111111,2,214.4444444,0,19.65177778
06/06/2026 21:00,0,0.035,0,12.175,0,10.805,9.42,11.895,83.3,1008.52,2,10.88888889,2,207.2222222,0,20.16622222
06/06/2026 22:00,0,0.015,0,12.325,0,11.11,9.9,12.265,84.9,1008.57,2,11.27777778,2,203.8888889,0,20.88644444
06/06/2026 23:00,0,0.03,0,12.445,0,11.315,10.225,12.505,86.2,1008.655,2,11.77777778,2,202.2222222,0,21.81244444
07/06/2026 00:00,0,0.04,0,12.53,0,11.5,10.51,12.755,87.35,1008.685,2,11.94444444,2,201.6666667,0,22.12111111
07/06/2026 01:00,0,0.185,0,12.565,0,11.66,10.8,12.985,88.75,1008.695,2,12.44444444,2,203.3333333,0,23.04711111
07/06/2026 02:00,0,0.18,0,12.575,0,11.735,10.955,13.095,89.5,1008.695,2,12.5,2,203.3333333,0,23.15
07/06/2026 03:00,0,0.285,0,12.51,0,11.675,10.92,13.08,89.7,1008.7,2,12.44444444,2,202.7777778,0,23.04711111
07/06/2026 04:00,0,0.125,0,12.44,0,11.55,10.74,12.915,89.15,1008.75,2,12.5,2,199.4444444,0,23.15
07/06/2026 05:00,0,0.145,0,12.505,0,11.545,10.645,12.835,88.1,1008.83,2,12.94444444,2,200,0,23.97311111
07/06/2026 06:00,0,0.065,0,12.7,0,11.735,10.825,13.01,87.9,1009.07,2,13.11111111,2,196.6666667,0,24.28177778
07/06/2026 07:00,0,0.06,0,13.2,0,12.06,11.015,13.16,86.35,1009.1,2,13.38888889,2,195,0,24.79622222
07/06/2026 08:00,0,0.155,0,13.59,0,12.39,11.305,13.425,86,1009.245,2,13.66666667,2,195.5555556,0,25.31066667
07/06/2026 09:00,0,0.44,0,13.855,0,12.7,11.665,13.73,86.45,1009.5,2,13.44444444,2,198.3333333,0,24.89911111
07/06/2026 10:00,0,0.38,0,14.105,0,12.985,12,14.035,87.05,1009.665,2,13.27777778,2,202.2222222,0,24.59044444
07/06/2026 11:00,0,0.735,0,14.32,0,13.03,11.93,13.985,85.35,1009.71,2,13.05555556,2,205.5555556,0,24.17888889
07/06/2026 12:00,0,0.45,0,14.64,0,13.215,11.99,14.03,84.1,1009.86,2,13.22222222,2,209.4444444,0,24.48755556
07/06/2026 13:00,0,0.255,0,14.655,0,13.085,11.735,13.815,82.9,1009.865,2,12.88888889,2,212.7777778,0,23.87022222
07/06/2026 14:00,0,0.36,0,14.55,0,13.03,11.72,13.8,83.15,1009.755,2,12.44444444,2,216.1111111,0,23.04711111
07/06/2026 15:00,0,0.18,0,14.325,0,12.8,11.47,13.555,82.75,1009.595,2,12.27777778,2,210.5555556,0,22.73844444
07/06/2026 16:00,0,0.385,0,13.795,0,12.405,11.175,13.3,84.15,1009.365,2,12.05555556,2,223.8888889,0,22.32688889
07/06/2026 17:00,0,0.97,0,13.27,0,11.91,10.69,12.91,84.3,1009.195,2,11.5,2,217.7777778,0,21.298
07/06/2026 18:00,0,0.6,0,12.58,0,11.54,10.565,12.785,87.35,1009.205,2,10.27777778,2,225,0,19.03444444
07/06/2026 19:00,0,0.99,0,12.09,0,11.05,10.08,12.37,87.35,1009.12,2,9.666666667,2,213.8888889,0,17.90266667
07/06/2026 20:00,0,0.61,0,11.695,0,10.715,9.73,12.13,87.7,1009.205,2,8.833333333,2,237.2222222,0,16.35933333
07/06/2026 21:00,0,0.555,0,10.97,0,10.095,9.2,11.66,88.45,1009.575,2,8.611111111,2,234.4444444,0,15.94777778
07/06/2026 22:00,0,0.41,0,10.525,0,9.57,8.595,11.21,87.7,1009.88,2,8.555555556,2,247.7777778,0,15.84488889
07/06/2026 23:00,0,0.225,0,9.88,0,9.01,8.04,10.815,88.15,1010.1,2,8,2,250,0,14.816
08/06/2026 00:00,0,0.015,0,9.335,0,8.435,7.425,10.35,87.8,1010.395,2,7.722222222,2,246.6666667,1,14.30155556
08/06/2026 01:00,0,0.005,0,8.8,0,7.955,6.985,10.035,88.35,1010.61,2,7.277777778,2,245,1,13.47844444
08/06/2026 02:00,0,0,0,8.355,0,7.515,6.515,9.73,88.15,1010.765,2,7.5,2,240.5555556,1,13.89
08/06/2026 03:00,0,0.02,0,7.8,0,6.97,5.98,9.375,88.45,1010.92,2,7.166666667,2,233.8888889,1,13.27266667
08/06/2026 04:00,0,0.045,0,7.4,0,6.665,5.805,9.24,89.55,1011.095,2,7,2,226.6666667,1,12.964
08/06/2026 05:00,0,0.015,0,7.57,0,6.77,5.81,9.245,88.8,1011.345,2,7.222222222,2,236.1111111,1,13.37555556
08/06/2026 06:00,0,0.085,0,8.955,0,7.96,6.805,9.91,86.35,1011.605,2,7.388888889,2,219.4444444,1,13.68422222
08/06/2026 07:00,0,0.03,0,10.32,0,8.83,7.195,10.145,80.75,1011.965,2,8.277777778,2,225,1,15.33044444
08/06/2026 08:00,0,0.01,0,11.495,0,9.42,7.165,10.14,74.4,1012.19,2,9.5,2,228.8888889,1,17.594
08/06/2026 09:00,0,0.035,0,12.36,0,9.83,7.105,10.11,69.9,1012.31,2,11.05555556,2,241.6666667,1,20.47488889
08/06/2026 10:00,0,0.1,0,12.38,0,9.845,7.14,10.13,70.35,1012.145,2,11.88888889,2,244.4444444,1,22.01822222
08/06/2026 11:00,0,0.145,0,13.22,0,10.445,7.52,10.41,68.2,1011.99,2,11.77777778,2,238.3333333,1,21.81244444
08/06/2026 12:00,0,0.085,0,13.48,0,10.67,7.76,10.58,68.25,1011.94,2,13.05555556,2,237.7777778,1,24.17888889
08/06/2026 13:00,0,0.125,0,13.57,0,10.9,8.225,10.935,69.95,1011.735,2,13.55555556,2,235,1,25.10488889
08/06/2026 14:00,0,0.08,0,13.42,0,10.71,7.955,10.72,69.2,1011.545,2,13.94444444,2,234.4444444,1,25.82511111
08/06/2026 15:00,0,0.05,0,13.72,0,10.88,7.98,10.73,68.05,1011.355,2,14,2,232.2222222,1,25.928
08/06/2026 16:00,0,0.095,0,13.35,0,10.68,7.965,10.71,69.95,1011.065,2,13.88888889,2,232.7777778,1,25.72222222
08/06/2026 17:00,0,0.165,0,13.045,0,10.565,8,10.745,71.45,1010.865,2,14,2,231.6666667,1,25.928
08/06/2026 18:00,0,0.21,0,12.415,0,10.16,7.82,10.6,73.55,1010.675,2,13.38888889,2,231.6666667,1,24.79622222
08/06/2026 19:00,0,0.415,0,11.265,0,9.585,7.84,10.605,79.25,1010.62,2,12.72222222,2,234.4444444,1,23.56155556
08/06/2026 20:00,0,0.24,0,10.725,0,9.305,7.785,10.58,81.95,1010.4,2,11,2,233.3333333,1,20.372
08/06/2026 21:00,0,0.1,0,10.16,0,8.86,7.455,10.335,82.9,1010.555,2,10.27777778,2,228.8888889,1,19.03444444
08/06/2026 22:00,0,0.185,0,9.52,0,8.4,7.12,10.105,84.8,1010.615,2,9.777777778,2,229.4444444,1,18.10844444
08/06/2026 23:00,0,0.07,0,9.33,0,8.295,7.155,10.125,85.9,1010.365,2,9.166666667,2,228.3333333,1,16.97666667
09/06/2026 00:00,0,0.085,0,8.99,0,7.95,6.775,9.865,85.65,1010.2,2,9.277777778,2,228.3333333,1,17.18244444
09/06/2026 01:00,0,0.08,0,8.585,0,7.7,6.68,9.815,87.6,1010.005,2,9.166666667,2,225.5555556,1,16.97666667
09/06/2026 02:00,0,0.185,0,8.445,0,7.635,6.715,9.825,88.55,1009.79,2,9.555555556,2,231.6666667,1,17.69688889
09/06/2026 03:00,0,0.18,0,8.54,0,7.61,6.545,9.73,87.1,1009.67,2,10.5,2,234.4444444,1,19.446
09/06/2026 04:00,0,0.225,0,8.6,0,7.675,6.615,9.775,87.15,1009.645,2,10.38888889,2,232.7777778,1,19.24022222
09/06/2026 05:00,0,0.295,0,8.665,0,7.76,6.74,9.835,87.35,1009.89,2,10.94444444,2,236.1111111,1,20.26911111
09/06/2026 06:00,0,0.12,0,9.695,0,8.565,7.315,10.235,84.8,1010.13,2,11.38888889,2,235,1,21.09222222
09/06/2026 07:00,0,0.075,0,10.73,0,9.205,7.545,10.41,80.45,1010.555,2,12.55555556,2,250.5555556,1,23.25288889
09/06/2026 08:00,0,0.15,0,11.485,0,9.62,7.62,10.47,76.8,1010.915,2,13.55555556,2,253.8888889,1,25.10488889
09/06/2026 09:00,0,0.08,0,12.29,0,10.035,7.69,10.515,73.25,1011.28,2,13.66666667,2,266.6666667,1,25.31066667
09/06/2026 10:00,0,0.235,0,12.75,0,10.335,7.82,10.615,71.85,1011.555,2,14.27777778,2,271.1111111,1,26.44244444
09/06/2026 11:00,0,0.265,0,12.84,0,10.47,8.05,10.79,72.75,1011.83,2,14.27777778,2,273.8888889,1,26.44244444
09/06/2026 12:00,0,0.195,0,13.435,0,10.675,7.84,10.635,68.9,1012.12,2,13.77777778,2,270.5555556,1,25.51644444
09/06/2026 13:00,0,0.14,0,13.375,0,10.48,7.49,10.37,67.35,1012.44,2,13.27777778,2,279.4444444,1,24.59044444
09/06/2026 14:00,0,0.28,0,13.34,0,10.595,7.765,10.58,68.95,1012.77,2,13.22222222,2,273.8888889,1,24.48755556
09/06/2026 15:00,0,0.355,0,13.435,0,10.585,7.63,10.49,67.95,1013.025,2,12.66666667,2,277.2222222,1,23.45866667
09/06/2026 16:00,0,0.17,0,13.3,0,10.435,7.475,10.365,67.55,1013.165,2,12.44444444,2,276.6666667,1,23.04711111
09/06/2026 17:00,0,0.17,0,12.555,0,9.97,7.235,10.2,69.95,1013.29,2,11.61111111,2,269.4444444,1,21.50377778
09/06/2026 18:00,0,0.1,0,12.31,0,9.73,6.965,10.015,69.75,1013.485,2,10.94444444,2,272.7777778,1,20.26911111
09/06/2026 19:00,0,0.065,0,11.56,0,9.42,7.085,10.085,73.65,1013.61,2,9.944444444,2,265,1,18.41711111
09/06/2026 20:00,0,0.265,0,10.61,0,8.89,7.005,10.03,78.2,1013.93,2,8.611111111,2,266.6666667,1,15.94777778
09/06/2026 21:00,0,0.23,0,9.84,0,8.485,6.965,10,81.85,1014.26,2,7.166666667,2,256.6666667,1,13.27266667
09/06/2026 22:00,0,0.13,0,9.4,0,8.25,6.955,9.995,84.5,1014.44,2,6.555555556,2,250.5555556,1,12.14088889
09/06/2026 23:00,0,0.045,0,9.115,0,8.075,6.905,9.955,85.85,1014.56,2,6.611111111,2,240,1,12.24377778
10/06/2026 00:00,0,0.01,0,8.775,0,7.88,6.905,9.97,87.7,1014.51,2,6.833333333,2,237.7777778,1,12.65533333
10/06/2026 01:00,0,0.045,0,8.655,0,7.825,6.87,9.945,88.4,1014.385,2,6.944444444,2,229.4444444,1,12.86111111
10/06/2026 02:00,0,0.06,0,8.505,0,7.695,6.77,9.865,88.75,1014.3,2,7,2,228.8888889,1,12.964
10/06/2026 03:00,0,0.01,0,8.355,0,7.53,6.605,9.74,88.6,1014.065,2,7.222222222,2,225.5555556,1,13.37555556
10/06/2026 04:00,0,0.045,0,8.135,0,7.465,6.69,9.825,90.3,1014.025,2,6.944444444,2,226.6666667,1,12.86111111
10/06/2026 05:00,0,0.055,0,8.325,0,7.605,6.815,9.9,90.1,1014.07,2,6.944444444,2,231.1111111,1,12.86111111
10/06/2026 06:00,0,0.01,0,9.195,0,8.34,7.385,10.285,88.25,1014.345,2,7.333333333,2,228.3333333,1,13.58133333
10/06/2026 07:00,0,0.07,0,10.295,0,9.135,7.89,10.66,84.7,1014.78,2,8,2,245,1,14.816
10/06/2026 08:00,0,0.095,0,11.26,0,9.54,7.74,10.555,78.7,1015.14,2,9.611111111,2,256.6666667,1,17.79977778
10/06/2026 09:00,0,0.145,0,12.13,0,9.965,7.705,10.525,74.1,1015.38,2,10.33333333,2,265.5555556,1,19.13733333
10/06/2026 10:00,0,0.115,0,12.445,0,10.175,7.785,10.595,73.1,1015.62,2,10.38888889,2,264.4444444,1,19.24022222
10/06/2026 11:00,0,0.155,0,12.785,0,10.535,8.24,10.935,73.7,1015.845,2,10.88888889,2,267.7777778,1,20.16622222
10/06/2026 12:00,0,0.15,0,13.345,0,10.795,8.23,10.92,71.05,1016.07,2,10.83333333,2,277.2222222,1,20.06333333
10/06/2026 13:00,0,0.125,0,13.6,0,11.02,8.42,11.05,70.8,1016.29,2,10.61111111,2,273.3333333,1,19.65177778
10/06/2026 14:00,0,0.01,0,14.02,0,10.955,7.88,10.65,66.35,1016.505,2,11.27777778,2,268.3333333,1,20.88644444
10/06/2026 15:00,0,0,0,14.07,0,10.875,7.595,10.44,64.75,1016.775,2,11.38888889,2,268.8888889,1,21.09222222
10/06/2026 16:00,0,0.07,0,14.06,0,10.9,7.63,10.49,64.9,1016.92,2,11.27777778,2,268.3333333,1,20.88644444
10/06/2026 17:00,0,0.055,0,13.885,0,10.935,7.935,10.69,67.35,1017.19,2,11.27777778,2,266.1111111,1,20.88644444
10/06/2026 18:00,0,0,0,13.385,0,10.69,7.885,10.675,69.25,1017.44,2,10.88888889,2,261.1111111,1,20.16622222
10/06/2026 19:00,0,0.01,0,12.89,0,10.56,8.175,10.885,72.95,1017.55,2,9.444444444,2,251.6666667,1,17.49111111
10/06/2026 20:00,0,0.01,0,12.17,0,10.285,8.33,10.995,77.45,1017.53,2,8.222222222,2,242.2222222,1,15.22755556
10/06/2026 21:00,0,0.03,0,11.67,0,10.115,8.525,11.145,80.9,1017.595,2,8,2,230,1,14.816
10/06/2026 22:00,0,0.035,0,11.3,0,10.045,8.75,11.315,83.9,1017.48,2,7.722222222,2,218.3333333,1,14.30155556
10/06/2026 23:00,0,0.135,0,11.26,0,10.19,9.115,11.605,86.45,1016.94,2,8.388888889,2,205,1,15.53622222
11/06/2026 00:00,0,0.23,0,11.265,0,10.37,9.46,11.88,88.4,1016.05,2,8.722222222,2,191.1111111,1,16.15355556
11/06/2026 01:00,0,0.65,0,11.23,0,10.565,9.915,12.265,91.3,1015.16,2,9.555555556,2,185,1,17.69688889
11/06/2026 02:00,0,1.205,0,11.24,0,10.745,10.25,12.53,93.3,1014.115,2,10.11111111,2,184.4444444,1,18.72577778
11/06/2026 03:00,0,1.485,0,11.29,0,10.88,10.47,12.73,94.35,1012.87,2,10.66666667,2,178.8888889,1,19.75466667
11/06/2026 04:00,0,1.64,0,11.51,0,11.155,10.805,13.02,95.15,1011.725,2,11.44444444,2,181.6666667,1,21.19511111
11/06/2026 05:00,0,1.51,0,11.805,0,11.475,11.175,13.33,95.45,1010.89,2,11.94444444,2,192.2222222,1,22.12111111
11/06/2026 06:00,0,1.495,0,12.31,0,12.015,11.735,13.81,95.75,1010.455,2,12.11111111,2,201.1111111,1,22.42977778
11/06/2026 07:00,0,0.86,0,12.865,0,12.555,12.28,14.32,95.85,1010.315,2,12.33333333,2,216.1111111,1,22.84133333
11/06/2026 08:00,0,0.58,0,13.56,0,13.17,12.885,14.88,95.3,1010.33,2,12.72222222,2,227.2222222,1,23.56155556
11/06/2026 09:00,0,0.31,0,14.165,0,13.72,13.39,15.37,94.5,1010.72,2,13.5,2,239.4444444,1,25.002
11/06/2026 10:00,0,0.165,0,14.59,0,14.055,13.625,15.6,93.55,1011.05,2,14.27777778,2,247.2222222,1,26.44244444
11/06/2026 11:00,0,0.095,0,14.82,0,14.16,13.635,15.625,92.5,1011.5,2,14.05555556,2,247.2222222,1,26.03088889
11/06/2026 12:00,0,0.07,0,15.14,0,14.375,13.795,15.78,91.4,1011.965,2,13.55555556,2,248.3333333,1,25.10488889
11/06/2026 13:00,0,0.055,0,15.24,0,14.425,13.775,15.765,90.8,1012.395,2,14.05555556,2,247.2222222,1,26.03088889
11/06/2026 14:00,0,0.09,0,15.47,0,14.585,13.93,15.91,90.35,1012.835,2,14.05555556,2,247.7777778,1,26.03088889
11/06/2026 15:00,0,0.04,0,15.76,0,14.765,14.03,16.02,89.3,1013.14,2,14.11111111,2,247.7777778,1,26.13377778
11/06/2026 16:00,0,0.045,0,15.9,0,14.705,13.795,15.805,87.35,1013.455,2,13.94444444,2,248.8888889,1,25.82511111
11/06/2026 17:00,0,0.035,0,15.65,0,14.33,13.31,15.295,85.8,1013.765,2,14,2,251.1111111,1,25.928
11/06/2026 18:00,0,0.045,0,15.255,0,14.03,13.03,15.025,86.4,1014.265,2,13.72222222,2,253.8888889,1,25.41355556
11/06/2026 19:00,0,0.025,0,14.805,0,13.65,12.71,14.715,87.1,1014.705,2,12.61111111,2,249.4444444,1,23.35577778
11/06/2026 20:00,0,0.045,0,14.385,0,13.395,12.56,14.585,88.7,1015.19,2,12.05555556,2,252.2222222,1,22.32688889
11/06/2026 21:00,0,0.02,0,13.88,0,13.005,12.265,14.31,89.9,1015.785,2,11.38888889,2,248.8888889,1,21.09222222
11/06/2026 22:00,0,0.025,0,13.605,0,12.885,12.265,14.3,91.35,1016.2,2,10.33333333,2,246.6666667,1,19.13733333
11/06/2026 23:00,0,0.045,0,13.325,0,12.63,12.01,14.065,91.55,1016.38,2,10.05555556,2,243.8888889,1,18.62288889
12/06/2026 00:00,0,0.015,0,13.14,0,12.485,11.905,13.985,91.95,1016.23,2,9.777777778,2,242.2222222,1,18.10844444
12/06/2026 01:00,0,0.015,0,13.075,0,12.425,11.845,13.91,91.75,1016.17,2,10.61111111,2,234.4444444,1,19.65177778
12/06/2026 02:00,0,0.065,0,13.125,0,12.53,12,14.055,92.55,1016.08,2,10.27777778,2,232.7777778,1,19.03444444
12/06/2026 03:00,0,0.185,0,13.265,0,12.75,12.29,14.34,93.6,1015.82,2,9.944444444,2,226.1111111,1,18.41711111
12/06/2026 04:00,0,0.21,0,13.345,0,12.89,12.51,14.545,94.45,1015.715,2,10.5,2,228.3333333,1,19.446
12/06/2026 05:00,0,0.18,0,13.52,0,13.095,12.725,14.71,94.55,1015.605,2,10.61111111,2,231.6666667,1,19.65177778
12/06/2026 06:00,0,0.125,0,13.85,0,13.305,12.865,14.865,93.65,1015.895,2,11.66666667,2,233.3333333,1,21.60666667
12/06/2026 07:00,0,0.095,0,13.99,0,13.255,12.63,14.66,91.15,1016.35,2,13.27777778,2,246.1111111,1,24.59044444
12/06/2026 08:00,0,0.065,0,14.41,0,13.02,11.83,13.93,84.35,1016.885,2,14.11111111,2,252.7777778,1,26.13377778
12/06/2026 09:00,0,0.01,0,14.915,0,12.7,10.725,12.965,75.95,1017.405,2,15.33333333,2,256.1111111,1,28.39733333
12/06/2026 10:00,0,0.005,0,15.175,0,12.55,10.155,12.47,72,1017.95,2,15.44444444,2,256.1111111,1,28.60311111
12/06/2026 11:00,0,0.01,0,15.665,0,12.705,10.005,12.34,69,1018.395,2,15.66666667,2,255.5555556,1,29.01466667
12/06/2026 12:00,0,0,0,15.665,0,12.64,9.9,12.25,68.7,1018.79,2,15.72222222,2,255,1,29.11755556
12/06/2026 13:00,0,0.01,0,15.82,0,12.585,9.62,12.03,66.7,1019.145,2,16.11111111,2,257.2222222,1,29.83777778
12/06/2026 14:00,0,0.005,0,15.92,0,12.76,9.92,12.255,67.75,1019.375,2,16.05555556,2,256.6666667,1,29.73488889
12/06/2026 15:00,0,0.005,0,15.795,0,12.655,9.81,12.16,67.95,1019.515,2,16,2,256.1111111,1,29.632
12/06/2026 16:00,0,0.005,0,15.445,0,12.335,9.42,11.87,67.6,1019.72,2,15.72222222,2,255,1,29.11755556
12/06/2026 17:00,0,0.02,0,14.92,0,11.83,8.875,11.415,67.6,1020.03,2,15.61111111,2,258.8888889,1,28.91177778
12/06/2026 18:00,0,0.015,0,14.375,0,11.6,8.955,11.465,70.2,1020.375,2,15,2,262.2222222,1,27.78
12/06/2026 19:00,0,0.015,0,13.58,0,11.07,8.61,11.21,72.2,1020.605,2,14.33333333,2,265,1,26.54533333
12/06/2026 20:00,0,0.01,0,13.015,0,10.77,8.485,11.115,73.8,1020.89,2,13.5,2,264.4444444,1,25.002
12/06/2026 21:00,0,0,0,12.4,0,10.345,8.23,10.91,75.3,1021.42,2,12.77777778,2,268.3333333,1,23.66444444
12/06/2026 22:00,0,0,0,12.06,0,10.175,8.215,10.905,77.05,1021.775,2,12.16666667,2,262.7777778,1,22.53266667
12/06/2026 23:00,0,0,0,11.835,0,10.05,8.22,10.9,78.1,1021.925,2,11.22222222,2,264.4444444,1,20.78355556
13/06/2026 00:00,0,0.045,0,11.48,0,9.875,8.195,10.89,80,1021.95,2,10.94444444,2,260,0,20.26911111
13/06/2026 01:00,0,0.005,0,11.41,0,9.765,8.06,10.795,79.6,1022.13,2,10.77777778,2,262.7777778,0,19.96044444
13/06/2026 02:00,0,0.05,0,11.295,0,9.64,7.87,10.645,79.15,1022.22,2,10.33333333,2,265,0,19.13733333
13/06/2026 03:00,0,0,0,11.27,0,9.585,7.77,10.59,78.9,1022.3,2,10.27777778,2,266.1111111,0,19.03444444
13/06/2026 04:00,0,0,0,11.16,0,9.475,7.665,10.505,78.75,1022.405,2,9.666666667,2,265.5555556,0,17.90266667
13/06/2026 05:00,0,0,0,11.21,0,9.52,7.725,10.54,78.75,1022.74,2,9.666666667,2,268.8888889,0,17.90266667
13/06/2026 06:00,0,0,0,11.615,0,9.765,7.81,10.61,77.25,1022.91,2,8.888888889,2,257.2222222,0,16.46222222
13/06/2026 07:00,0,0,0,12.345,0,10.175,7.92,10.685,74.1,1023.195,2,9,2,275.5555556,0,16.668
13/06/2026 08:00,0,0.005,0,12.93,0,10.57,8.16,10.855,72.5,1023.52,2,9.277777778,2,281.1111111,0,17.18244444
13/06/2026 09:00,0,0,0,13.665,0,11.025,8.38,11.03,70.05,1023.69,2,9.222222222,2,280,0,17.07955556
13/06/2026 10:00,0,0.005,0,14.235,0,11.4,8.605,11.2,68.75,1023.875,2,9.277777778,2,278.8888889,0,17.18244444
13/06/2026 11:00,0,0.005,0,14.83,0,11.75,8.79,11.345,67.1,1023.97,2,9.722222222,2,267.7777778,0,18.00555556
13/06/2026 12:00,0,0,0,15.405,0,12.08,8.935,11.465,65.3,1023.95,2,9.833333333,2,273.3333333,0,18.21133333
13/06/2026 13:00,0,0,0,15.745,0,12.395,9.28,11.715,65.25,1024.01,2,9.833333333,2,267.2222222,0,18.21133333
13/06/2026 14:00,0,0,0,16.055,0,12.585,9.375,11.815,64.65,1023.805,2,9.444444444,2,266.1111111,0,17.49111111
13/06/2026 15:00,0,0,0,16.23,0,12.625,9.31,11.755,63.65,1023.575,2,9,2,270,0,16.668
13/06/2026 16:00,0,0,0,16.28,0,12.67,9.355,11.805,63.8,1023.36,2,8.722222222,2,266.6666667,0,16.15355556
13/06/2026 17:00,0,0,0,16.035,0,12.565,9.37,11.79,65.05,1023.195,2,8.222222222,2,268.8888889,0,15.22755556
13/06/2026 18:00,0,0,0,15.825,0,12.525,9.515,11.905,66.45,1023.17,2,7.777777778,2,283.3333333,0,14.40444444
13/06/2026 19:00,0,0,0,14.97,0,12.185,9.625,12,70.3,1023.255,2,7.166666667,2,291.6666667,0,13.27266667
13/06/2026 20:00,0,0,0,13.945,0,11.62,9.41,11.83,74.05,1023.46,2,6.111111111,2,296.1111111,0,11.31777778
13/06/2026 21:00,0,0,0,12.77,0,11.005,9.305,11.75,79.1,1023.6,2,4.944444444,2,272.2222222,0,9.157111111
13/06/2026 22:00,0,0,0,11.92,0,10.52,9.125,11.605,82.7,1023.76,2,4.444444444,2,210.5555556,0,8.231111111
13/06/2026 23:00,0,0,0,11.3,0,10.13,8.945,11.47,85.05,1023.665,2,3.777777778,2,216.6666667,0,6.996444444
14/06/2026 00:00,0,0,0,10.735,0,9.8,8.81,11.355,87.55,1023.5,2,3.388888889,2,201.1111111,0,6.276222222
14/06/2026 01:00,0,0,0,10.4,0,9.6,8.745,11.315,89.05,1023.345,2,3.611111111,2,146.1111111,0,6.687777778
14/06/2026 02:00,0,0,0,10.17,0,9.395,8.615,11.21,89.6,1023.055,2,3.611111111,2,115.5555556,0,6.687777778
14/06/2026 03:00,0,0,0,9.955,0,9.22,8.48,11.095,90.35,1022.735,2,3.777777778,2,146.1111111,0,6.996444444
14/06/2026 04:00,0,0,0,9.75,0,9.08,8.375,11.03,90.75,1022.495,2,3.944444444,2,119.4444444,0,7.305111111
14/06/2026 05:00,0,0,0,9.955,0,9.32,8.665,11.245,91.45,1022.29,2,4.111111111,2,131.6666667,0,7.613777778
14/06/2026 06:00,0,0,0,10.835,0,9.985,9.15,11.6,89.05,1022.005,2,4.833333333,2,129.4444444,0,8.951333333
14/06/2026 07:00,0,0,0,12.14,0,10.79,9.48,11.89,83.55,1021.9,2,5.388888889,2,131.1111111,0,9.980222222
14/06/2026 08:00,0,0,0,13.61,0,11.445,9.385,11.805,75.45,1021.77,2,6.666666667,2,105,0,12.34666667
14/06/2026 09:00,0,0,0,14.705,0,11.94,9.38,11.785,70.3,1021.505,2,7.888888889,2,96.11111111,0,14.61022222
14/06/2026 10:00,0,0,0,15.64,0,12.43,9.45,11.85,66.5,1021.145,2,7.888888889,2,85,0,14.61022222
14/06/2026 11:00,0,0,0,16.695,0,13.065,9.82,12.155,63.85,1020.81,2,8.388888889,2,92.22222222,0,15.53622222
14/06/2026 12:00,0,0,0,17.445,0,13.45,9.945,12.25,61.4,1020.27,2,8.777777778,2,98.33333333,0,16.25644444
14/06/2026 13:00,0,0,0,18.02,0,13.92,10.405,12.635,61.15,1019.72,2,8.777777778,2,95.55555556,0,16.25644444
14/06/2026 14:00,0,0,0,18.265,0,14.07,10.515,12.75,60.75,1019.11,2,8.888888889,2,90,0,16.46222222
14/06/2026 15:00,0,0,0,18.36,0,14.115,10.545,12.77,60.45,1018.715,2,9.166666667,2,90,0,16.97666667
14/06/2026 16:00,0,0,0,18.26,0,14.015,10.42,12.67,60.55,1018.245,2,9.277777778,2,92.77777778,0,17.18244444
14/06/2026 17:00,0,0,0,17.96,0,13.795,10.22,12.495,60.85,1017.74,2,9.5,2,92.77777778,0,17.594
14/06/2026 18:00,0,0,0,17.345,0,13.63,10.42,12.69,64.1,1017.33,2,9.444444444,2,90.55555556,0,17.49111111
14/06/2026 19:00,0,0,0,16.445,0,13.125,10.215,12.485,66.75,1016.865,2,9.388888889,2,93.88888889,0,17.38822222
14/06/2026 20:00,0,0,0,15.46,0,12.685,10.21,12.5,70.95,1016.595,2,8.777777778,2,93.88888889,0,16.25644444
14/06/2026 21:00,0,0,0,14.35,0,12.015,9.865,12.23,74.5,1016.46,2,7.944444444,2,93.33333333,0,14.71311111
14/06/2026 22:00,0,0,0,13.465,0,11.55,9.78,12.135,78.05,1016.34,2,7.722222222,2,91.11111111,0,14.30155556
14/06/2026 23:00,0,0,0,12.76,0,11.085,9.495,11.9,80.2,1015.925,2,7.388888889,2,92.77777778,0,13.68422222
15/06/2026 00:00,0,0,0,12.17,0,10.705,9.285,11.725,82.15,1015.355,2,6.888888889,2,87.77777778,1,12.75822222
15/06/2026 01:00,0,0,0,11.68,0,10.355,9.045,11.52,83.6,1014.85,2,6.444444444,2,88.33333333,1,11.93511111
15/06/2026 02:00,0,0,0,11.4,0,10.15,8.905,11.43,84.35,1014.29,2,6.333333333,2,85,1,11.72933333
15/06/2026 03:00,0,0,0,10.89,0,9.835,8.765,11.345,86.55,1013.595,2,5.944444444,2,100,1,11.00911111
15/06/2026 04:00,0,0,0,10.645,0,9.735,8.815,11.38,88.2,1013.005,2,5.555555556,2,90.55555556,1,10.28888889
15/06/2026 05:00,0,0,0,10.965,0,10.09,9.2,11.69,88.95,1012.535,2,5.055555556,2,102.2222222,1,9.362888889
15/06/2026 06:00,0,0,0,12.005,0,11.025,10.055,12.38,87.65,1012.355,2,5.222222222,2,111.1111111,1,9.671555556
15/06/2026 07:00,0,0,0,13.18,0,11.86,10.655,12.86,84.4,1012.265,2,5.222222222,2,117.7777778,1,9.671555556
15/06/2026 08:00,0,0.01,0,14.47,0,12.66,11.065,13.215,79.95,1012.08,2,6.277777778,2,148.8888889,1,11.62644444
15/06/2026 09:00,0,0,0,15.28,0,13.225,11.47,13.57,78,1011.71,2,6.888888889,2,148.3333333,1,12.75822222
15/06/2026 10:00,0,0,0,16.075,0,13.725,11.775,13.855,75.9,1011.405,2,7.111111111,2,150,1,13.16977778
15/06/2026 11:00,0,0,0,16.69,0,14.075,11.945,14.005,73.75,1011.085,2,7.055555556,2,160.5555556,1,13.06688889
15/06/2026 12:00,0,0,0,16.93,0,14.245,12.03,14.08,73.05,1010.92,2,7.166666667,2,173.3333333,1,13.27266667
15/06/2026 13:00,0,0,0,16.875,0,14.27,12.135,14.165,73.85,1010.76,2,7.5,2,171.1111111,1,13.89
15/06/2026 14:00,0,0,0,16.785,0,14.455,12.585,14.595,76.3,1010.615,2,7.722222222,2,182.7777778,1,14.30155556
15/06/2026 15:00,0,0,0,16.81,0,14.52,12.685,14.67,76.55,1010.53,2,7.222222222,2,187.2222222,1,13.37555556
15/06/2026 16:00,0,0.005,0,16.69,0,14.52,12.82,14.805,77.8,1010.38,2,6.833333333,2,194.4444444,1,12.65533333
15/06/2026 17:00,0,0.01,0,16.23,0,14.405,12.98,14.97,81.05,1010.215,2,7,2,203.3333333,1,12.964
15/06/2026 18:00,0,0,0,16.215,0,14.45,13.06,15.04,81.45,1010,2,6.611111111,2,200.5555556,1,12.24377778
15/06/2026 19:00,0,0.015,0,15.895,0,14.26,12.97,14.96,82.45,1009.95,2,6.277777778,2,201.6666667,1,11.62644444
15/06/2026 20:00,0,0,0,15.335,0,14,12.93,14.915,85.4,1010.195,2,6.111111111,2,200,1,11.31777778
15/06/2026 21:00,0,0,0,14.59,0,13.55,12.715,14.71,88.25,1010.345,2,5.666666667,2,196.6666667,1,10.49466667
15/06/2026 22:00,0,0.005,0,14.015,0,13.21,12.535,14.55,90.6,1010.455,2,4.444444444,2,186.1111111,1,8.231111111
15/06/2026 23:00,0,0.035,0,13.41,0,12.715,12.11,14.15,91.55,1010.35,2,4.555555556,2,185.5555556,1,8.436888889
16/06/2026 00:00,0,0.04,0,12.945,0,12.37,11.885,13.945,92.9,1010.175,2,5,2,182.7777778,1,9.26
16/06/2026 01:00,0,0.055,0,12.76,0,12.28,11.86,13.92,94,1010.025,2,4.777777778,2,172.7777778,1,8.848444444
16/06/2026 02:00,0,0.045,0,12.645,0,12.215,11.825,13.89,94.45,1009.945,2,5.5,2,162.7777778,1,10.186
16/06/2026 03:00,0,0.02,0,12.77,0,12.325,11.94,13.975,94.25,1009.665,2,5.222222222,2,165,1,9.671555556
16/06/2026 04:00,0,0.03,0,12.87,0,12.44,12.055,14.075,94.4,1009.52,2,5.388888889,2,166.1111111,1,9.980222222
16/06/2026 05:00,0,0.025,0,13.04,0,12.615,12.25,14.26,94.6,1009.55,2,5.055555556,2,168.3333333,1,9.362888889
16/06/2026 06:00,0,0.005,0,13.545,0,12.995,12.535,14.54,93.15,1009.675,2,5.444444444,2,173.3333333,1,10.08311111
16/06/2026 07:00,0,0.055,0,14.315,0,13.45,12.75,14.745,90.15,1009.93,2,5.555555556,2,190.5555556,1,10.28888889
16/06/2026 08:00,0,0.04,0,14.975,0,13.725,12.695,14.695,86,1009.925,2,6.222222222,2,194.4444444,1,11.52355556
16/06/2026 09:00,0,0.035,0,15.375,0,13.915,12.735,14.735,84.2,1009.825,2,7,2,195.5555556,1,12.964
16/06/2026 10:00,0,0.01,0,15.98,0,14.085,12.55,14.58,80.2,1009.81,2,7.833333333,2,196.1111111,1,14.50733333
16/06/2026 11:00,0,0.03,0,16.45,0,14.35,12.655,14.7,78.4,1009.86,2,8.888888889,2,199.4444444,1,16.46222222
16/06/2026 12:00,0,0.015,0,16.935,0,14.31,12.18,14.225,73.55,1009.83,2,9.333333333,2,212.7777778,1,17.28533333
16/06/2026 13:00,0,0,0,16.87,0,14.145,11.905,13.97,72.7,1009.87,2,9.611111111,2,213.3333333,1,17.79977778
16/06/2026 14:00,0,0.015,0,16.85,0,14.065,11.72,13.815,71.95,1009.805,2,9.555555556,2,216.1111111,1,17.69688889
16/06/2026 15:00,0,0.01,0,16.595,0,13.96,11.765,13.85,73.55,1009.94,2,9.555555556,2,209.4444444,1,17.69688889
16/06/2026 16:00,0,0.025,0,16.375,0,13.77,11.58,13.68,73.65,1009.755,2,9.055555556,2,206.6666667,1,16.77088889
16/06/2026 17:00,0,0.03,0,16.06,0,13.795,11.93,13.985,76.75,1009.715,2,8.444444444,2,206.1111111,1,15.63911111
16/06/2026 18:00,0,0.04,0,15.565,0,13.515,11.795,13.88,78.65,1009.67,2,7.833333333,2,199.4444444,1,14.50733333
16/06/2026 19:00,0,0.05,0,15.135,0,13.415,11.945,14.005,81.4,1009.59,2,8.111111111,2,184.4444444,1,15.02177778
16/06/2026 20:00,0,0.045,0,14.725,0,13.38,12.26,14.285,85.15,1009.655,2,7,2,183.3333333,1,12.964
16/06/2026 21:00,0,0.06,0,14.33,0,13.235,12.295,14.325,87.55,1009.83,2,7,2,178.8888889,1,12.964
16/06/2026 22:00,0,0.025,0,14.275,0,13.395,12.67,14.675,89.85,1009.86,2,7.166666667,2,190.5555556,1,13.27266667
16/06/2026 23:00,0,0.065,0,13.97,0,13.26,12.63,14.63,91.3,1009.93,2,7.055555556,2,200,1,13.06688889
17/06/2026 00:00,0,0.07,0,13.815,0,13.115,12.54,14.54,91.7,1010.03,2,7,2,200,1,12.964
17/06/2026 01:00,0,0.035,0,13.705,0,12.99,12.4,14.415,91.55,1009.97,2,7.722222222,2,207.2222222,1,14.30155556
17/06/2026 02:00,0,0.1,0,13.44,0,12.745,12.135,14.16,91.45,1010.1,2,7.777777778,2,209.4444444,1,14.40444444
17/06/2026 03:00,0,0.045,0,13.275,0,12.625,12.045,14.105,91.95,1010.12,2,7.944444444,2,217.2222222,1,14.71311111
17/06/2026 04:00,0,0.085,0,13.155,0,12.495,11.96,13.975,91.85,1010.2,2,7.722222222,2,215,1,14.30155556
17/06/2026 05:00,0,0.025,0,13.15,0,12.42,11.785,13.82,91,1010.485,2,8.111111111,2,216.6666667,1,15.02177778
17/06/2026 06:00,0,0.005,0,13.49,0,12.64,11.91,13.945,89.8,1010.83,2,7.833333333,2,212.7777778,1,14.50733333
17/06/2026 07:00,0,0.005,0,14.23,0,13.11,12.13,14.155,86.9,1011.27,2,8.944444444,2,215,1,16.56511111
17/06/2026 08:00,0,0.005,0,15.09,0,13.405,11.99,14.025,81.55,1011.65,2,10.27777778,2,215,1,19.03444444
17/06/2026 09:00,0,0.02,0,15.82,0,13.71,11.945,13.995,77.6,1011.775,2,11,2,214.4444444,1,20.372
17/06/2026 10:00,0,0.015,0,16.395,0,13.825,11.68,13.745,73.6,1012.105,2,11.22222222,2,217.7777778,1,20.78355556
17/06/2026 11:00,0,0,0,17.01,0,14.065,11.6,13.685,70.55,1012.21,2,11.44444444,2,215.5555556,1,21.19511111
17/06/2026 12:00,0,0,0,17.37,0,14.21,11.615,13.695,69.05,1012.33,2,11.55555556,2,214.4444444,1,21.40088889
17/06/2026 13:00,0,0,0,17.715,0,14.29,11.435,13.54,66.9,1012.41,2,12.33333333,2,216.6666667,1,22.84133333
17/06/2026 14:00,0,0,0,17.655,0,14.315,11.53,13.64,67.85,1012.495,2,12.55555556,2,220,1,23.25288889
17/06/2026 15:00,0,0,0,17.775,0,14.405,11.62,13.69,67.7,1012.565,2,11.77777778,2,217.2222222,1,21.81244444
17/06/2026 16:00,0,0,0,17.3,0,14.21,11.68,13.765,70.2,1012.555,2,12.11111111,2,215.5555556,1,22.42977778
17/06/2026 17:00,0,0.065,0,16.865,0,14.06,11.745,13.835,72.7,1012.575,2,11.44444444,2,216.6666667,1,21.19511111
17/06/2026 18:00,0,0.065,0,16.525,0,13.96,11.845,13.905,74.6,1012.59,2,10.88888889,2,213.8888889,1,20.16622222
17/06/2026 19:00,0,0.03,0,16.05,0,13.8,11.92,13.995,77.25,1012.775,2,10.16666667,2,211.1111111,1,18.82866667
17/06/2026 20:00,0,0.11,0,15.295,0,13.485,11.955,14.005,80.65,1013,2,9.388888889,2,210.5555556,1,17.38822222
17/06/2026 21:00,0,0.095,0,14.6,0,13.04,11.695,13.775,83.1,1013.24,2,9.055555556,2,210,1,16.77088889
17/06/2026 22:00,0,0.04,0,14.125,0,12.76,11.59,13.655,84.55,1013.24,2,7.833333333,2,201.6666667,1,14.50733333
17/06/2026 23:00,0,0.05,0,13.915,0,12.65,11.53,13.64,85.5,1013.075,2,7.277777778,2,196.6666667,1,13.47844444
18/06/2026 00:00,0,0.125,0,13.835,0,12.73,11.755,13.83,87.1,1012.9,2,7.055555556,2,178.8888889,1,13.06688889
18/06/2026 01:00,0,0.095,0,13.62,0,12.67,11.835,13.91,88.85,1012.405,2,7.777777778,2,172.7777778,1,14.40444444
18/06/2026 02:00,0,0.21,0,13.455,0,12.695,12.02,14.08,90.95,1011.88,2,7.777777778,2,165.5555556,1,14.40444444
18/06/2026 03:00,0,0.38,0,13.51,0,12.92,12.4,14.425,92.8,1011.235,2,8.166666667,2,155.5555556,1,15.12466667
18/06/2026 04:00,0,0.23,0,13.705,0,13.195,12.725,14.735,93.65,1010.59,2,9.111111111,2,162.2222222,1,16.87377778
18/06/2026 05:00,0,0.3,0,13.9,0,13.345,12.88,14.87,93.2,1010.14,2,9.333333333,2,162.2222222,1,17.28533333
18/06/2026 06:00,0,0.16,0,14.125,0,13.565,13.1,15.08,93.35,1009.79,2,9.222222222,2,163.8888889,1,17.07955556
18/06/2026 07:00,0,0.28,0,14.475,0,13.91,13.45,15.44,93.35,1009.53,2,9.5,2,170.5555556,1,17.594
18/06/2026 08:00,0,0.225,0,14.98,0,14.34,13.83,15.815,92.55,1009.275,2,9.888888889,2,177.2222222,1,18.31422222
18/06/2026 09:00,0,0.24,0,15.595,0,14.86,14.315,16.325,91.95,1009.065,2,9.555555556,2,186.6666667,1,17.69688889
18/06/2026 10:00,0,0.445,0,15.78,0,15.02,14.47,16.51,91.8,1008.99,2,9.722222222,2,195.5555556,1,18.00555556
18/06/2026 11:00,0,0.96,0,16.17,0,15.41,14.86,16.97,91.8,1008.94,2,9.055555556,2,195.5555556,1,16.77088889
18/06/2026 12:00,0,1.08,0,16.475,0,15.68,15.115,17.24,91.4,1008.74,2,9.277777778,2,202.2222222,1,17.18244444
18/06/2026 13:00,0,0.235,0,16.905,0,15.79,14.995,17.12,88.5,1008.555,2,9.111111111,2,210,1,16.87377778
18/06/2026 14:00,0,0.595,0,16.73,0,15.545,14.665,16.79,87.65,1008.39,2,9.333333333,2,221.6666667,1,17.28533333
18/06/2026 15:00,0,0.1,0,17.02,0,15.645,14.645,16.74,86,1008.115,2,8.833333333,2,217.2222222,1,16.35933333
18/06/2026 16:00,0,0.15,0,16.965,0,15.595,14.555,16.725,85.7,1007.865,2,8.166666667,2,217.2222222,1,15.12466667
18/06/2026 17:00,0,0.265,0,16.69,0,15.535,14.685,16.825,87.8,1007.46,2,8.111111111,2,203.3333333,1,15.02177778
18/06/2026 18:00,0,0.48,0,16.395,0,15.265,14.375,16.515,88.05,1007.025,2,8.055555556,2,201.6666667,1,14.91888889
18/06/2026 19:00,0,0.67,0,16.025,0,15.105,14.405,16.535,90,1006.745,2,7.666666667,2,181.1111111,1,14.19866667
18/06/2026 20:00,0,0.47,0,15.545,0,14.83,14.29,16.375,92.05,1006.545,2,8,2,164.4444444,1,14.816
18/06/2026 21:00,0,0.63,0,15.115,0,14.64,14.28,16.345,94.65,1006.27,2,8,2,175.5555556,1,14.816
18/06/2026 22:00,0,0.735,0,15.13,0,14.675,14.335,16.38,94.75,1005.76,2,8.444444444,2,188.8888889,1,15.63911111
18/06/2026 23:00,0,0.825,0,15.22,0,14.765,14.415,16.47,94.85,1005.23,2,9.388888889,2,168.8888889,1,17.38822222
19/06/2026 00:00,0,0.785,0,15.155,0,14.7,14.355,16.405,94.75,1004.645,2,9.666666667,2,171.6666667,1,17.90266667
19/06/2026 01:00,0,1.435,0,15.045,0,14.595,14.27,16.32,94.85,1004.265,2,9.222222222,2,175,1,17.07955556
19/06/2026 02:00,0,0.785,0,14.925,0,14.57,14.3,16.35,95.7,1004.01,2,8.833333333,2,196.6666667,1,16.35933333
19/06/2026 03:00,0,0.725,0,14.965,0,14.62,14.36,16.39,95.75,1003.775,2,9,2,198.8888889,1,16.668
19/06/2026 04:00,0,0.535,0,14.775,0,14.42,14.13,16.165,95.6,1003.82,2,8.833333333,2,203.8888889,1,16.35933333
19/06/2026 05:00,0,0.56,0,14.41,0,14.05,13.795,15.82,95.9,1004.055,2,8.333333333,2,213.3333333,1,15.43333333
19/06/2026 06:00,0,0.51,0,14.355,0,14.02,13.755,15.785,95.95,1004.2,2,6.555555556,2,221.1111111,1,12.14088889
19/06/2026 07:00,0,1.105,0,14.34,0,14.005,13.73,15.765,95.7,1004.355,2,6.444444444,2,225.5555556,1,11.93511111
19/06/2026 08:00,0,1.07,0,14.555,0,14.19,13.915,15.94,95.55,1004.6,2,6.333333333,2,226.6666667,1,11.72933333
19/06/2026 09:00,0,0.685,0,14.75,0,14.24,13.81,15.86,93.75,1004.935,2,6.5,2,232.7777778,1,12.038
19/06/2026 10:00,0,0.45,0,15.21,0,14.49,13.935,15.96,91.85,1005.33,2,6.777777778,2,236.6666667,1,12.55244444
19/06/2026 11:00,0,0.185,0,15.735,0,14.745,13.99,16.045,89.15,1005.69,2,7.611111111,2,242.2222222,1,14.09577778
19/06/2026 12:00,0,0.205,0,16.24,0,14.905,13.88,15.9,85.65,1006.14,2,7.944444444,2,238.8888889,1,14.71311111
19/06/2026 13:00,0,0.26,0,16.495,0,14.875,13.625,15.64,83.1,1006.575,2,8.444444444,2,246.6666667,1,15.63911111
19/06/2026 14:00,0,0.135,0,16.77,0,15.07,13.75,15.775,82.15,1006.86,2,8.888888889,2,246.6666667,1,16.46222222
19/06/2026 15:00,0,0.145,0,17.2,0,15.1,13.47,15.505,78.75,1007.12,2,8.555555556,2,251.6666667,1,15.84488889
19/06/2026 16:00,0,0.21,0,17.025,0,14.795,13.005,15.065,77.4,1007.35,2,8.111111111,2,251.1111111,1,15.02177778
19/06/2026 17:00,0,0.025,0,16.93,0,14.68,12.905,14.955,77,1007.71,2,8,2,249.4444444,1,14.816
19/06/2026 18:00,0,0,0,16.625,0,14.25,12.315,14.395,75.7,1008.23,2,7.888888889,2,255,1,14.61022222
19/06/2026 19:00,0,0,0,15.82,0,13.82,12.155,14.235,78.75,1008.83,2,8,2,256.1111111,1,14.816
19/06/2026 20:00,0,0.1,0,15.13,0,13.455,12.055,14.13,81.7,1009.44,2,7.055555556,2,251.1111111,1,13.06688889
19/06/2026 21:00,0,0.235,0,13.93,0,12.815,11.855,13.94,87.15,1010.14,2,6.222222222,2,251.1111111,1,11.52355556
19/06/2026 22:00,0,0.17,0,13.17,0,12.285,11.495,13.6,89.3,1010.83,2,5.833333333,2,248.8888889,1,10.80333333
19/06/2026 23:00,0,0.03,0,12.655,0,11.91,11.24,13.365,90.6,1011.41,2,5.166666667,2,246.1111111,1,9.568666667
20/06/2026 00:00,0,0.14,0,12.205,0,11.53,10.905,13.07,91.4,1011.985,2,4.666666667,2,250.5555556,0,8.642666667
20/06/2026 01:00,0,0.125,0,11.775,0,11.13,10.535,12.75,91.85,1012.495,2,4.277777778,2,240,0,7.922444444
20/06/2026 02:00,0,0.01,0,11.38,0,10.785,10.215,12.465,92.15,1012.94,2,4.5,2,250,0,8.334
20/06/2026 03:00,0,0,0,10.94,0,10.405,9.9,12.19,92.9,1013.455,2,4.666666667,2,249.4444444,0,8.642666667
20/06/2026 04:00,0,0.01,0,10.64,0,10.1,9.565,11.955,93,1014.15,2,4.333333333,2,245.5555556,0,8.025333333
20/06/2026 05:00,0,0.01,0,10.885,0,10.38,9.885,12.2,93.2,1014.93,2,4.444444444,2,228.3333333,0,8.231111111
20/06/2026 06:00,0,0.005,0,11.92,0,11.205,10.535,12.735,91.05,1015.71,2,4.722222222,2,245,0,8.745555556
20/06/2026 07:00,0,0,0,13.145,0,11.995,10.93,13.075,86.1,1016.535,2,5.388888889,2,221.1111111,0,9.980222222
20/06/2026 08:00,0,0,0,14.285,0,12.44,10.81,12.95,79.15,1017.36,2,6.111111111,2,259.4444444,0,11.31777778
20/06/2026 09:00,0,0,0,15.24,0,12.665,10.375,12.62,72.4,1018.18,2,6.5,2,260,0,12.038
20/06/2026 10:00,0,0,0,15.88,0,12.935,10.315,12.56,69.25,1018.8,2,6.555555556,2,258.8888889,0,12.14088889
20/06/2026 11:00,0,0.005,0,16.53,0,13.16,10.155,12.43,65.9,1019.26,2,7,2,254.4444444,0,12.964
20/06/2026 12:00,0,0,0,17.075,0,13.525,10.43,12.67,65.15,1019.65,2,6.944444444,2,247.7777778,0,12.86111111
20/06/2026 13:00,0,0.005,0,17.425,0,13.71,10.485,12.725,63.95,1019.945,2,6.833333333,2,238.3333333,0,12.65533333
20/06/2026 14:00,0,0,0,17.82,0,13.91,10.52,12.745,62.65,1020.335,2,7.222222222,2,242.7777778,0,13.37555556
20/06/2026 15:00,0,0,0,17.875,0,13.865,10.4,12.65,62.1,1020.83,2,6.888888889,2,234.4444444,0,12.75822222
20/06/2026 16:00,0,0,0,17.94,0,13.87,10.35,12.595,61.65,1021.1,2,6.611111111,2,239.4444444,0,12.24377778
20/06/2026 17:00,0,0,0,17.7,0,13.75,10.3,12.575,62.25,1021.46,2,6.444444444,2,243.3333333,0,11.93511111
20/06/2026 18:00,0,0,0,17.51,0,13.805,10.64,12.845,64.45,1021.935,2,6.277777778,2,265,0,11.62644444
20/06/2026 19:00,0,0,0,16.925,0,13.505,10.535,12.745,66.25,1022.315,2,6,2,243.8888889,0,11.112
20/06/2026 20:00,0,0,0,15.87,0,13.12,10.725,12.92,71.5,1022.785,2,5.166666667,2,244.4444444,0,9.568666667
20/06/2026 21:00,0,0,0,13.905,0,12.135,10.495,12.73,79.7,1023.63,2,4.388888889,2,255,0,8.128222222
20/06/2026 22:00,0,0,0,12.385,0,11.205,10.095,12.375,85.6,1024.205,2,3.388888889,2,241.6666667,0,6.276222222
20/06/2026 23:00,0,0,0,11.475,0,10.535,9.605,11.985,88,1024.655,2,2.833333333,2,203.3333333,0,5.247333333
21/06/2026 00:00,0,0,0,10.7,0,10.02,9.31,11.765,90.7,1024.84,2,2.611111111,2,163.3333333,0,4.835777778
21/06/2026 01:00,0,0,0,10.035,0,9.465,8.86,11.415,92.05,1025.05,2,2.722222222,2,168.3333333,0,5.041555556
21/06/2026 02:00,0,0,0,9.485,0,9.02,8.56,11.18,93.6,1025.265,2,2.5,2,151.6666667,0,4.63
21/06/2026 03:00,0,0,0,9.14,0,8.7,8.27,10.95,93.9,1025.36,2,3.111111111,2,162.2222222,0,5.761777778
21/06/2026 04:00,0,0,0,8.905,0,8.555,8.18,10.905,94.8,1025.445,2,3.222222222,2,141.6666667,0,5.967555556
21/06/2026 05:00,0,0.005,0,9.28,0,8.955,8.58,11.195,95.05,1025.64,2,3.111111111,2,173.8888889,0,5.761777778
21/06/2026 06:00,0,0,0,11.295,0,10.72,10.175,12.43,92.5,1025.915,2,3.166666667,2,138.8888889,0,5.864666667
21/06/2026 07:00,0,0,0,13.82,0,12.45,11.25,13.35,84.1,1026.285,2,3.611111111,2,88.88888889,0,6.687777778
21/06/2026 08:00,0,0,0,15.81,0,13.38,11.28,13.405,74.15,1026.665,2,4.166666667,2,100.5555556,0,7.716666667
21/06/2026 09:00,0,0,0,17.47,0,14.035,11.105,13.275,66.15,1026.725,2,5.5,2,110.5555556,0,10.186
21/06/2026 10:00,0,0,0,18.56,0,14.49,11.1,13.25,61.85,1026.66,2,6.222222222,2,95,0,11.52355556
21/06/2026 11:00,0,0,0,19.14,0,14.65,10.94,13.11,59.1,1026.545,2,6.5,2,109.4444444,0,12.038
21/06/2026 12:00,0,0,0,19.53,0,14.795,10.91,13.07,57.5,1026.615,2,6.666666667,2,117.2222222,0,12.34666667
21/06/2026 13:00,0,0.005,0,19.855,0,14.8,10.59,12.815,55.45,1026.675,2,6.833333333,2,127.2222222,0,12.65533333
21/06/2026 14:00,0,0,0,20.345,0,15.105,10.82,12.995,54.65,1026.52,2,7.111111111,2,125,0,13.16977778
21/06/2026 15:00,0,0,0,20.155,0,15.08,10.965,13.115,55.6,1026.47,2,7.722222222,2,121.1111111,0,14.30155556
21/06/2026 16:00,0,0,0,20.085,0,14.95,10.765,12.96,55.35,1026.42,2,7.944444444,2,123.3333333,0,14.71311111
21/06/2026 17:00,0,0,0,19.845,0,14.825,10.655,12.895,55.7,1026.38,2,7.444444444,2,129.4444444,0,13.78711111
21/06/2026 18:00,0,0,0,19.405,0,14.615,10.615,12.845,57,1026.585,2,7,2,128.8888889,0,12.964
21/06/2026 19:00,0,0,0,18.865,0,14.39,10.665,12.865,58.75,1026.77,2,6.111111111,2,124.4444444,0,11.31777778
21/06/2026 20:00,0,0,0,17.6,0,13.865,10.675,12.875,63.5,1026.825,2,4.888888889,2,122.2222222,0,9.054222222
21/06/2026 21:00,0,0,0,16.04,0,13.07,10.45,12.695,69.3,1027.07,2,4.055555556,2,122.2222222,0,7.510888889
21/06/2026 22:00,0,0,0,14.765,0,12.54,10.545,12.755,75.7,1027.215,2,3.666666667,2,82.77777778,0,6.790666667
21/06/2026 23:00,0,0,0,14.065,0,12.145,10.38,12.63,78.35,1027.135,2,3.611111111,2,93.33333333,0,6.687777778
22/06/2026 00:00,0,0,0,13.6,0,12.005,10.53,12.785,81.7,1026.975,2,3.166666667,2,114.4444444,1,5.864666667
22/06/2026 01:00,0,0,0,13.51,0,12,10.61,12.83,82.85,1026.585,2,3.388888889,2,112.7777778,1,6.276222222
22/06/2026 02:00,0,0.015,0,13.335,0,11.97,10.74,12.925,84.3,1026.34,2,3.5,2,125,1,6.482
22/06/2026 03:00,0,0.025,0,13.235,0,11.95,10.79,12.97,85.15,1026.21,2,3.388888889,2,131.6666667,1,6.276222222
22/06/2026 04:00,0,0.03,0,13.095,0,11.85,10.73,12.905,85.35,1026.045,2,3.611111111,2,142.7777778,1,6.687777778
22/06/2026 05:00,0,0.03,0,13.205,0,11.985,10.84,13.025,85.55,1025.91,2,3.666666667,2,157.2222222,1,6.790666667
22/06/2026 06:00,0,0.005,0,13.855,0,12.51,11.305,13.42,84.45,1025.555,2,3.611111111,2,171.1111111,1,6.687777778
22/06/2026 07:00,0,0,0,14.84,0,13.025,11.465,13.555,80.05,1025.48,2,3.555555556,2,106.6666667,1,6.584888889
22/06/2026 08:00,0,0,0,15.79,0,13.5,11.535,13.615,75.5,1025.545,2,3.888888889,2,95.55555556,1,7.202222222
22/06/2026 09:00,0,0,0,16.82,0,14.15,11.935,13.985,72.6,1025.27,2,4.166666667,2,118.3333333,1,7.716666667
22/06/2026 10:00,0,0,0,17.935,0,14.9,12.525,14.53,70.45,1025,2,4.111111111,2,110.5555556,1,7.613777778
22/06/2026 11:00,0,0,0,19.225,0,15.74,13.09,15.09,67.6,1024.765,2,4.888888889,2,117.7777778,1,9.054222222
22/06/2026 12:00,0,0.005,0,20.14,0,16.36,13.6,15.655,66.25,1024.25,2,5.444444444,2,106.1111111,1,10.08311111
22/06/2026 13:00,0,0.085,0,21.02,0,17.105,14.335,16.445,66.2,1023.545,2,6.111111111,2,107.7777778,1,11.31777778
22/06/2026 14:00,0,0,0,21.61,0,17.49,14.63,16.745,64.85,1022.705,2,6.055555556,2,107.2222222,1,11.21488889
22/06/2026 15:00,0,0,0,22.24,0,17.86,14.92,17.045,63.7,1022.285,2,6.166666667,2,112.7777778,1,11.42066667
22/06/2026 16:00,0,0,0,22.44,0,17.945,14.865,17.03,63,1021.92,2,6.055555556,2,119.4444444,1,11.21488889
22/06/2026 17:00,0,0,0,22.305,0,17.93,14.925,17.1,63.6,1021.72,2,5.888888889,2,127.7777778,1,10.90622222
22/06/2026 18:00,0,0,0,22.185,0,18.06,15.285,17.505,65.4,1021.465,2,5.444444444,2,127.2222222,1,10.08311111
22/06/2026 19:00,0,0,0,21.85,0,17.935,15.26,17.53,66.7,1021.15,2,4.833333333,2,142.7777778,1,8.951333333
22/06/2026 20:00,0,0,0,20.705,0,17.72,15.69,17.95,73,1021.085,2,4.222222222,2,127.2222222,1,7.819555556
22/06/2026 21:00,0,0,0,19.005,0,16.89,15.425,17.645,79.55,1021.345,2,3.611111111,2,128.8888889,1,6.687777778
22/06/2026 22:00,0,0,0,17.725,0,16.21,15.095,17.265,84.45,1021.44,2,3.166666667,2,146.1111111,1,5.864666667
22/06/2026 23:00,0,0,0,17.035,0,15.765,14.835,16.975,86.65,1021.175,2,2.944444444,2,173.3333333,1,5.453111111
23/06/2026 00:00,0,0,0,16.32,0,15.23,14.42,16.52,88.4,1020.85,2,2.888888889,2,193.3333333,1,5.350222222
23/06/2026 01:00,0,0,0,15.705,0,14.87,14.25,16.33,90.8,1020.59,2,3.111111111,2,218.8888889,1,5.761777778
23/06/2026 02:00,0,0,0,15.33,0,14.56,13.96,16.015,91.35,1020.305,2,3.333333333,2,208.3333333,1,6.173333333
23/06/2026 03:00,0,0,0,14.895,0,14.215,13.67,15.705,92,1019.815,2,3.388888889,2,185.5555556,1,6.276222222
23/06/2026 04:00,0,0,0,14.71,0,14.04,13.5,15.525,92.25,1019.455,2,2.888888889,2,202.7777778,1,5.350222222
23/06/2026 05:00,0,0,0,14.595,0,13.89,13.33,15.365,92.05,1019.395,2,2.833333333,2,231.6666667,1,5.247333333
23/06/2026 06:00,0,0,0,15.975,0,15.095,14.415,16.485,90.2,1019.295,2,3.277777778,2,205.5555556,1,6.070444444
23/06/2026 07:00,0,0,0,17.6,0,16.135,15.07,17.25,85.15,1019.34,2,3.777777778,2,235,1,6.996444444
23/06/2026 08:00,0,0,0,19.01,0,16.69,15.01,17.26,77.85,1019.46,2,4.555555556,2,245.5555556,1,8.436888889
23/06/2026 09:00,0,0,0,20.355,0,17.305,15.22,17.46,72.6,1019.55,2,5.055555556,2,232.7777778,1,9.362888889
23/06/2026 10:00,0,0,0,21.255,0,17.865,15.6,17.895,70.6,1019.435,2,5.5,2,250,1,10.186
23/06/2026 11:00,0,0,0,21.795,0,18.24,15.93,18.255,69.65,1019.43,2,6.444444444,2,237.2222222,1,11.93511111
23/06/2026 12:00,0,0,0,22.11,0,18.495,16.235,18.56,69.9,1019.3,2,7.388888889,2,235.5555556,1,13.68422222
23/06/2026 13:00,0,0,0,22.375,0,18.895,16.75,19.16,71.05,1019.07,2,7.944444444,2,248.8888889,1,14.71311111
23/06/2026 14:00,0,0,0,22.435,0,18.835,16.64,19.035,70.2,1018.755,2,8.055555556,2,255.5555556,1,14.91888889
23/06/2026 15:00,0,0,0,22.58,0,18.885,16.645,19.015,70.2,1018.67,2,8.166666667,2,260,1,15.12466667
23/06/2026 16:00,0,0,0,22.075,0,18.66,16.59,18.945,71.8,1018.545,2,8.555555556,2,258.3333333,1,15.84488889
23/06/2026 17:00,0,0,0,21.695,0,18.325,16.23,18.525,71.95,1018.445,2,8.055555556,2,258.8888889,1,14.91888889
23/06/2026 18:00,0,0,0,21.25,0,18.045,16.045,18.3,73,1018.49,2,7.555555556,2,255.5555556,1,13.99288889
23/06/2026 19:00,0,0,0,20.185,0,17.46,15.715,17.93,76.2,1018.76,2,6.888888889,2,257.7777778,1,12.75822222
23/06/2026 20:00,0,0,0,19.005,0,16.88,15.49,17.66,80.45,1019.07,2,6.222222222,2,267.2222222,1,11.52355556
23/06/2026 21:00,0,0,0,17.625,0,16.18,15.2,17.33,85.65,1019.37,2,5,2,276.6666667,1,9.26
23/06/2026 22:00,0,0,0,16.8,0,15.72,14.965,17.06,88.65,1019.655,2,4.888888889,2,281.1111111,1,9.054222222
23/06/2026 23:00,0,0.005,0,16.07,0,15.225,14.6,16.685,90.85,1019.865,2,5.166666667,2,291.1111111,1,9.568666667
24/06/2026 00:00,0,0,0,15.655,0,14.855,14.28,16.325,91.15,1020.095,2,5,2,275,1,9.26
24/06/2026 01:00,0,0,0,15.055,0,14.37,13.825,15.86,92,1020.15,2,4.777777778,2,275.5555556,1,8.848444444
24/06/2026 02:00,0,0,0,14.81,0,14.22,13.77,15.785,93.25,1019.935,2,4.666666667,2,266.1111111,1,8.642666667
24/06/2026 03:00,0,0,0,14.465,0,14,13.625,15.63,94.35,1019.785,2,4.055555556,2,273.8888889,1,7.510888889
24/06/2026 04:00,0,0,0,14.28,0,13.83,13.465,15.49,94.65,1019.73,2,3.611111111,2,245,1,6.687777778
24/06/2026 05:00,0,0,0,14.27,0,13.87,13.565,15.605,95.3,1019.94,2,3.055555556,2,218.3333333,1,5.658888889
24/06/2026 06:00,0,0.005,0,14.91,0,14.395,14,16.015,94.05,1020.155,2,3.5,2,137.2222222,1,6.482
24/06/2026 07:00,0,0,0,15.735,0,14.935,14.33,16.36,91.2,1020.36,2,3.333333333,2,186.6666667,1,6.173333333
24/06/2026 08:00,0,0,0,16.615,0,15.44,14.58,16.625,87.35,1020.685,2,3.777777778,2,215,1,6.996444444
24/06/2026 09:00,0,0,0,17.905,0,16.145,14.925,17.04,82.65,1020.875,2,4,2,192.7777778,1,7.408
24/06/2026 10:00,0,0,0,19.05,0,16.785,15.23,17.365,78.3,1020.74,2,4.5,2,178.8888889,1,8.334
24/06/2026 11:00,0,0.02,0,19.78,0,17.315,15.665,17.855,77.1,1020.74,2,4.555555556,2,178.8888889,1,8.436888889
24/06/2026 12:00,0,0.02,0,20.77,0,17.965,16.16,18.425,74.85,1020.715,2,4.611111111,2,179.4444444,1,8.539777778
24/06/2026 13:00,0,0.005,0,21.135,0,18.17,16.29,18.595,73.9,1020.65,2,5,2,181.1111111,1,9.26
24/06/2026 14:00,0,0.005,0,21.78,0,18.505,16.47,18.81,72.05,1020.55,2,5.222222222,2,181.1111111,1,9.671555556
24/06/2026 15:00,0,0.005,0,21.975,0,18.55,16.425,18.77,71.15,1020.255,2,5.055555556,2,202.2222222,1,9.362888889
24/06/2026 16:00,0,0,0,22.26,0,18.725,16.535,18.91,70.5,1019.505,2,4.722222222,2,106.1111111,1,8.745555556
24/06/2026 17:00,0,0.01,0,21.98,0,18.6,16.505,18.87,71.5,1018.98,2,5.277777778,2,111.1111111,1,9.774444444
24/06/2026 18:00,0,0.01,0,21.73,0,18.645,16.75,19.18,73.45,1018.995,2,6,2,105,1,11.112
24/06/2026 19:00,0,0,0,20.565,0,18.035,16.435,18.795,77.25,1019.16,2,6.111111111,2,126.6666667,1,11.31777778
24/06/2026 20:00,0,0,0,19.53,0,17.545,16.27,18.595,81.3,1019.21,2,5,2,151.1111111,1,9.26
24/06/2026 21:00,0,0,0,18.59,0,17.015,15.96,18.22,84.4,1019.325,2,4.555555556,2,126.1111111,1,8.436888889
24/06/2026 22:00,0,0.01,0,17.69,0,16.425,15.55,17.75,87,1019.385,2,4.833333333,2,86.11111111,1,8.951333333
24/06/2026 23:00,0,0,0,17.02,0,15.905,15.085,17.235,88.15,1019.275,2,5.111111111,2,127.7777778,1,9.465777778
25/06/2026 00:00,0,0.005,0,16.72,0,15.605,14.805,16.93,88.35,1019.2,2,4.944444444,2,136.1111111,1,9.157111111
25/06/2026 01:00,0,0,0,16.42,0,15.31,14.485,16.555,88.05,1018.78,2,4.944444444,2,75.55555556,1,9.157111111
25/06/2026 02:00,0,0,0,16.315,0,15.13,14.255,16.305,87.45,1018.245,2,5.777777778,2,77.22222222,1,10.70044444
25/06/2026 03:00,0,0,0,16.305,0,15.095,14.185,16.235,87.4,1017.59,2,6.388888889,2,72.22222222,1,11.83222222
25/06/2026 04:00,0,0.02,0,16.155,0,15.005,14.14,16.175,87.75,1016.95,2,6.944444444,2,96.66666667,1,12.86111111
25/06/2026 05:00,0,0.02,0,16.24,0,15.11,14.275,16.315,88,1016.705,2,7.277777778,2,108.8888889,1,13.47844444
25/06/2026 06:00,0,0.11,0,17.29,0,15.72,14.585,16.625,83.75,1016.515,2,7.333333333,2,98.88888889,1,13.58133333
25/06/2026 07:00,0,0.06,0,19.095,0,16.77,15.16,17.295,77.75,1016.155,2,7.555555556,2,75.55555556,1,13.99288889
25/06/2026 08:00,0,0.04,0,20.615,0,17.6,15.585,17.78,73.05,1015.745,2,8.222222222,2,72.77777778,1,15.22755556
25/06/2026 09:00,0,0.02,0,21.93,0,18.6,16.515,18.885,71.45,1015.33,2,9.166666667,2,90.55555556,1,16.97666667
25/06/2026 10:00,0,0,0,22.86,0,19.18,16.935,19.42,69.45,1014.78,2,10,2,88.88888889,1,18.52
25/06/2026 11:00,0,0,0,24.185,0,20.235,17.975,20.765,68.45,1014.08,2,10.66666667,2,94.44444444,1,19.75466667
25/06/2026 12:00,0,0.01,0,25.275,0,21.155,18.895,22.015,67.8,1013.525,2,11.11111111,2,97.77777778,1,20.57777778
25/06/2026 13:00,0,0,0,26.135,0,21.885,19.695,23.08,67.7,1013.07,2,10.5,2,102.2222222,1,19.446
25/06/2026 14:00,0,0,0,26.495,0,22.12,19.885,23.37,67.1,1012.455,2,9.888888889,2,102.7777778,1,18.31422222
25/06/2026 15:00,0,0,0,26.675,0,22.22,19.965,23.505,66.75,1012.075,2,9.5,2,125,1,17.594
25/06/2026 16:00,0,0.065,0,26.515,0,22.18,19.985,23.57,67.5,1011.445,2,8.5,2,126.6666667,1,15.742
25/06/2026 17:00,0,0.015,0,26.08,0,22.095,20.07,23.73,69.7,1011.245,2,8.444444444,2,137.2222222,1,15.63911111
25/06/2026 18:00,0,0,0,25.645,0,21.735,19.725,23.21,69.75,1011.2,2,7.166666667,2,141.1111111,1,13.27266667
25/06/2026 19:00,0,0,0,24.005,0,20.795,19.07,22.29,74.25,1011.57,2,6.888888889,2,153.8888889,1,12.75822222
25/06/2026 20:00,0,0.1,0,22.95,0,20.37,18.96,22.15,78.2,1011.645,2,4.888888889,2,155.5555556,1,9.054222222
25/06/2026 21:00,0,0.975,0,20.975,0,19.24,18.24,21.19,84.15,1011.645,2,5.555555556,2,215,1,10.28888889
25/06/2026 22:00,0,0.025,0,19.83,0,18.575,17.81,20.595,87.85,1011.755,2,5.944444444,2,165,1,11.00911111
25/06/2026 23:00,0,0.17,0,19.275,0,18.17,17.49,20.18,89.2,1011.96,2,6.388888889,2,212.2222222,1,11.83222222
26/06/2026 00:00,0,0,0,18.9,0,17.82,17.15,19.685,89.4,1011.96,2,6.611111111,2,216.1111111,1,12.24377778
26/06/2026 01:00,0,0.01,0,18.815,0,17.855,17.265,19.83,90.3,1011.525,2,6.055555556,2,212.7777778,1,11.21488889
26/06/2026 02:00,0,0.09,0,18.24,0,17.445,16.935,19.42,91.8,1011.43,2,5.5,2,213.8888889,1,10.186
26/06/2026 03:00,0,0.005,0,17.87,0,17.215,16.805,19.265,93,1011.305,2,5.611111111,2,224.4444444,1,10.39177778
26/06/2026 04:00,0,0,0,17.84,0,17.225,16.82,19.28,93.3,1011.175,2,5.833333333,2,233.8888889,1,10.80333333
26/06/2026 05:00,0,0.095,0,17.755,0,17.19,16.81,19.28,93.9,1011.255,2,5.777777778,2,214.4444444,1,10.70044444
26/06/2026 06:00,0,0.03,0,18.05,0,17.315,16.835,19.3,92.3,1011.355,2,5.611111111,2,203.3333333,1,10.39177778
26/06/2026 07:00,0,0.03,0,18.445,0,17.485,16.87,19.34,90.4,1011.515,2,5.888888889,2,212.2222222,1,10.90622222
26/06/2026 08:00,0,0.05,0,19.13,0,17.81,17,19.515,87.6,1011.555,2,6.611111111,2,171.6666667,1,12.24377778
26/06/2026 09:00,0,0.025,0,19.905,0,18.255,17.27,19.84,85.25,1011.415,2,7.166666667,2,127.7777778,1,13.27266667
26/06/2026 10:00,0,0.125,0,20.245,0,18.44,17.39,20.005,83.85,1011.215,2,7.611111111,2,155,1,14.09577778
26/06/2026 11:00,0,0.135,0,20.75,0,18.75,17.585,20.245,82.45,1010.985,2,9.111111111,2,98.88888889,1,16.87377778
26/06/2026 12:00,0,0,0,20.845,0,18.8,17.61,20.23,81.75,1010.815,2,9.388888889,2,107.7777778,1,17.38822222
26/06/2026 13:00,0,0.03,0,21.07,0,18.885,17.61,20.28,80.75,1010.675,2,9.888888889,2,117.2222222,1,18.31422222
26/06/2026 14:00,0,0.035,0,21.345,0,19.08,17.78,20.54,80.35,1010.37,2,9.555555556,2,121.6666667,1,17.69688889
26/06/2026 15:00,0,0.005,0,21.61,0,19.27,17.95,20.74,79.9,1010.155,2,9.055555556,2,134.4444444,1,16.77088889
26/06/2026 16:00,0,0.16,0,21.5,0,19.105,17.75,20.415,79.55,1009.61,2,9,2,120,1,16.668
26/06/2026 17:00,0,0.545,0,20.7,0,18.595,17.355,19.94,81.65,1009.595,2,9.944444444,2,153.3333333,1,18.41711111
26/06/2026 18:00,0,0.83,0,19.81,0,18.025,16.915,19.38,83.8,1009.63,2,10.22222222,2,151.6666667,1,18.93155556
26/06/2026 19:00,0,0.405,0,19.07,0,17.52,16.54,18.915,85.45,1009.865,2,10,2,156.6666667,1,18.52
26/06/2026 20:00,0,0.27,0,18.55,0,17.1,16.14,18.4,86.05,1010.21,2,10.16666667,2,171.6666667,1,18.82866667
26/06/2026 21:00,0,0,0,17.935,0,16.605,15.695,17.85,86.6,1010.56,2,10.22222222,2,190.5555556,1,18.93155556
26/06/2026 22:00,0,0.005,0,17.765,0,16.525,15.63,17.775,87.3,1010.65,2,10.05555556,2,180,1,18.62288889
26/06/2026 23:00,0,0.005,0,17.83,0,16.655,15.835,18.02,88,1010.47,2,10.22222222,2,180,1,18.93155556
27/06/2026 00:00,0,0.025,0,17.6,0,16.47,15.66,17.815,88.25,1010.16,2,11.16666667,2,176.6666667,0,20.68066667
27/06/2026 01:00,0,0.06,0,17.625,0,16.425,15.575,17.705,87.55,1009.915,2,11.55555556,2,176.1111111,0,21.40088889
27/06/2026 02:00,0,0.03,0,17.43,0,16.31,15.495,17.62,88.15,1009.53,2,11.27777778,2,173.3333333,0,20.88644444
27/06/2026 03:00,0,0.055,0,17.35,0,16.225,15.42,17.545,88.15,1009.045,2,11.05555556,2,173.8888889,0,20.47488889
27/06/2026 04:00,0,0.035,0,17.35,0,16.235,15.45,17.55,88.35,1008.51,2,11.16666667,2,171.6666667,0,20.68066667
27/06/2026 05:00,0,0.085,0,17.415,0,16.275,15.475,17.585,88.2,1008.025,2,11.22222222,2,167.2222222,0,20.78355556
27/06/2026 06:00,0,0.035,0,17.605,0,16.38,15.52,17.62,87.35,1007.765,2,11.61111111,2,163.8888889,0,21.50377778
27/06/2026 07:00,0,0.155,0,17.75,0,16.465,15.56,17.7,86.9,1007.575,2,12.72222222,2,165.5555556,0,23.56155556
27/06/2026 08:00,0,0.115,0,17.95,0,16.69,15.815,17.975,87.3,1007.41,2,12.94444444,2,166.6666667,0,23.97311111
27/06/2026 09:00,0,0.07,0,18.3,0,16.96,16.055,18.25,86.8,1007.055,2,12.83333333,2,168.8888889,0,23.76733333
27/06/2026 10:00,0,0.08,0,18.275,0,17.06,16.26,18.49,87.9,1006.78,2,13.44444444,2,175,0,24.89911111
27/06/2026 11:00,0,0.09,0,18.79,0,17.28,16.305,18.54,85.55,1006.555,2,14,2,181.6666667,0,25.928
27/06/2026 12:00,0,0.075,0,19.095,0,17.35,16.205,18.43,83.5,1006.365,2,14.61111111,2,183.3333333,0,27.05977778
27/06/2026 13:00,0,0.22,0,18.975,0,17.25,16.135,18.34,83.85,1006.275,2,14.27777778,2,186.6666667,0,26.44244444
27/06/2026 14:00,0,0.445,0,18.535,0,17.09,16.12,18.365,86.1,1006.19,2,13.38888889,2,188.3333333,0,24.79622222
27/06/2026 15:00,0,0.37,0,18.42,0,16.95,15.99,18.205,85.9,1006.07,2,13.33333333,2,194.4444444,0,24.69333333
27/06/2026 16:00,0,0.19,0,18.02,0,16.58,15.595,17.75,85.7,1005.91,2,12.72222222,2,195,0,23.56155556
27/06/2026 17:00,0,0.29,0,17.395,0,16.06,15.12,17.205,86.25,1005.745,2,12.5,2,198.8888889,0,23.15
27/06/2026 18:00,0,0.315,0,16.685,0,15.5,14.64,16.7,87.55,1005.955,2,12.5,2,200.5555556,0,23.15
27/06/2026 19:00,0,0.235,0,16.18,0,15.105,14.315,16.345,88.55,1006.32,2,12.38888889,2,203.8888889,0,22.94422222
27/06/2026 20:00,0,0.22,0,15.52,0,14.43,13.58,15.58,87.9,1006.6,2,10.61111111,2,211.1111111,0,19.65177778
27/06/2026 21:00,0,0.325,0,15.055,0,13.97,13.11,15.12,87.95,1006.965,2,10.22222222,2,211.1111111,0,18.93155556
27/06/2026 22:00,0,0.085,0,14.84,0,13.765,12.89,14.875,87.8,1007.435,2,9.611111111,2,203.8888889,0,17.79977778
27/06/2026 23:00,0,0.08,0,14.435,0,13.29,12.32,14.345,86.85,1007.865,2,9.555555556,2,213.8888889,0,17.69688889
28/06/2026 00:00,0,0.07,0,14.04,0,12.945,11.98,14.05,87.15,1008.26,2,9.888888889,2,221.1111111,0,18.31422222
28/06/2026 01:00,0,0.12,0,13.565,0,12.58,11.7,13.795,88.25,1008.74,2,9.777777778,2,225,0,18.10844444
28/06/2026 02:00,0,0.16,0,13.015,0,11.945,10.97,13.14,87.05,1009.2,2,9.166666667,2,228.8888889,0,16.97666667
28/06/2026 03:00,0,0.045,0,12.59,0,11.485,10.47,12.7,86.65,1009.58,2,8.611111111,2,223.8888889,0,15.94777778
28/06/2026 04:00,0,0.075,0,12,0,10.98,10,12.305,87.35,1009.94,2,9,2,227.2222222,0,16.668
28/06/2026 05:00,0,0.045,0,12.08,0,10.98,9.885,12.195,86.3,1010.455,2,9.5,2,217.2222222,0,17.594
28/06/2026 06:00,0,0.07,0,12.625,0,11.2,9.84,12.155,82.85,1011.06,2,10.27777778,2,218.8888889,0,19.03444444
28/06/2026 07:00,0,0,0,13.475,0,11.525,9.715,12.055,77.7,1011.675,2,11.27777778,2,219.4444444,0,20.88644444
28/06/2026 08:00,0,0.045,0,13.875,0,11.55,9.34,11.745,73.75,1012.385,2,12.66666667,2,221.1111111,0,23.45866667
28/06/2026 09:00,0,0.035,0,14.45,0,11.705,9.085,11.56,69.95,1012.945,2,13.38888889,2,223.3333333,0,24.79622222
28/06/2026 10:00,0,0.1,0,14.785,0,11.975,9.325,11.755,69.95,1013.365,2,14.16666667,2,225,0,26.23666667
28/06/2026 11:00,0,0.025,0,15.68,0,12.28,9.06,11.55,64.6,1013.88,2,14.66666667,2,221.6666667,0,27.16266667
28/06/2026 12:00,0,0.02,0,15.89,0,12.3,8.935,11.455,63.4,1014.385,2,15.11111111,2,228.3333333,0,27.98577778
28/06/2026 13:00,0,0.015,0,16.07,0,12.53,9.27,11.705,63.95,1014.9,2,14.94444444,2,232.2222222,0,27.67711111
28/06/2026 14:00,0,0.005,0,16.525,0,12.705,9.165,11.62,61.5,1015.35,2,15.55555556,2,232.2222222,0,28.80888889
28/06/2026 15:00,0,0,0,16.39,0,12.485,8.795,11.365,60.8,1015.82,2,15.38888889,2,238.8888889,0,28.50022222
28/06/2026 16:00,0,0,0,16.38,0,12.345,8.495,11.13,59.55,1016.27,2,15.66666667,2,236.1111111,0,29.01466667
28/06/2026 17:00,0,0.005,0,16.17,0,12.3,8.6,11.21,61.2,1016.72,2,15.55555556,2,239.4444444,0,28.80888889
28/06/2026 18:00,0,0.01,0,15.51,0,12.13,8.88,11.43,64.95,1017.25,2,14.88888889,2,237.2222222,0,27.57422222
28/06/2026 19:00,0,0.01,0,14.78,0,11.84,8.97,11.505,68.45,1017.855,2,13.38888889,2,236.6666667,0,24.79622222
28/06/2026 20:00,0,0.02,0,14.035,0,11.565,9.16,11.65,72.7,1018.46,2,12.33333333,2,233.3333333,0,22.84133333
28/06/2026 21:00,0,0.01,0,13.33,0,11.4,9.545,11.935,77.7,1019.17,2,10.66666667,2,233.3333333,0,19.75466667
28/06/2026 22:00,0,0.015,0,13.03,0,11.37,9.77,12.115,80.5,1019.84,2,10.05555556,2,232.7777778,0,18.62288889
28/06/2026 23:00,0,0.035,0,12.79,0,11.36,10.02,12.3,83,1020.385,2,9.944444444,2,232.7777778,0,18.41711111
29/06/2026 00:00,0,0.075,0,12.615,0,11.39,10.225,12.485,85.2,1020.745,2,9.444444444,2,230,1,17.49111111
29/06/2026 01:00,0,0.04,0,12.6,0,11.37,10.22,12.47,85.2,1020.98,2,9.166666667,2,231.6666667,1,16.97666667
29/06/2026 02:00,0,0.01,0,12.745,0,11.465,10.285,12.53,84.75,1021.215,2,8.944444444,2,230.5555556,1,16.56511111
29/06/2026 03:00,0,0.01,0,12.7,0,11.545,10.49,12.705,86.15,1021.635,2,8.277777778,2,221.6666667,1,15.33044444
29/06/2026 04:00,0,0.035,0,12.785,0,11.63,10.6,12.79,86.2,1021.895,2,7.888888889,2,216.6666667,1,14.61022222
29/06/2026 05:00,0,0,0,13.01,0,11.75,10.605,12.805,85,1022.165,2,8.166666667,2,217.2222222,1,15.12466667
29/06/2026 06:00,0,0.01,0,13.405,0,12.115,10.985,13.12,85,1022.37,2,8.277777778,2,212.7777778,1,15.33044444
29/06/2026 07:00,0,0.02,0,13.95,0,12.545,11.295,13.41,83.7,1022.675,2,8.444444444,2,208.8888889,1,15.63911111
29/06/2026 08:00,0,0.01,0,14.72,0,13.025,11.54,13.62,81.05,1023.005,2,9.055555556,2,216.1111111,1,16.77088889
29/06/2026 09:00,0,0,0,15.255,0,13.23,11.49,13.565,78.05,1023.005,2,9.888888889,2,215.5555556,1,18.31422222
29/06/2026 10:00,0,0,0,15.805,0,13.59,11.745,13.795,76.65,1023.125,2,10.16666667,2,213.3333333,1,18.82866667
29/06/2026 11:00,0,0.045,0,16.175,0,13.885,11.995,14.025,76.4,1023.21,2,10,2,211.6666667,1,18.52
29/06/2026 12:00,0,0.025,0,16.56,0,14.095,12.095,14.115,74.85,1023.355,2,9.833333333,2,216.1111111,1,18.21133333
29/06/2026 13:00,0,0.025,0,16.91,0,14.34,12.23,14.26,74.05,1023.32,2,10.22222222,2,212.2222222,1,18.93155556
29/06/2026 14:00,0,0.065,0,17.04,0,14.305,12.065,14.115,72.8,1023.085,2,10.11111111,2,214.4444444,1,18.72577778
29/06/2026 15:00,0,0.445,0,16.55,0,14.295,12.485,14.495,77.25,1022.62,2,9.388888889,2,206.1111111,1,17.38822222
29/06/2026 16:00,0,0.37,0,15.965,0,14.085,12.54,14.555,80.25,1022.27,2,9.5,2,206.6666667,1,17.594
29/06/2026 17:00,0,0.565,0,15.22,0,13.825,12.695,14.7,84.8,1021.92,2,9.444444444,2,199.4444444,1,17.49111111
29/06/2026 18:00,0,0.67,0,14.82,0,13.585,12.605,14.61,86.35,1021.45,2,9,2,178.8888889,1,16.668
29/06/2026 19:00,0,0.335,0,14.58,0,13.425,12.475,14.49,86.85,1020.89,2,8.888888889,2,164.4444444,1,16.46222222
29/06/2026 20:00,0,0.235,0,14.26,0,13.24,12.385,14.385,88.3,1020.33,2,9.111111111,2,153.3333333,1,16.87377778
29/06/2026 21:00,0,0.315,0,14.045,0,13.14,12.385,14.385,89.5,1019.955,2,9.722222222,2,156.1111111,1,18.00555556
29/06/2026 22:00,0,0.425,0,14.015,0,13.045,12.225,14.25,88.95,1019.5,2,10.38888889,2,153.3333333,1,19.24022222
29/06/2026 23:00,0,0.71,0,13.955,0,13.06,12.3,14.335,89.6,1018.85,2,11.61111111,2,157.2222222,1,21.50377778
30/06/2026 00:00,0,0.345,0,13.955,0,13.155,12.45,14.47,90.45,1018.235,2,12.05555556,2,158.3333333,1,22.32688889
30/06/2026 01:00,0,0.61,0,13.96,0,13.23,12.585,14.61,91.2,1017.455,2,11.72222222,2,161.1111111,1,21.70955556
30/06/2026 02:00,0,0.33,0,14.095,0,13.375,12.78,14.78,91.65,1016.925,2,12,2,163.3333333,1,22.224
30/06/2026 03:00,0,0.28,0,14.11,0,13.455,12.875,14.87,91.95,1016.57,2,10.05555556,2,168.8888889,1,18.62288889
30/06/2026 04:00,0,0.47,0,14.065,0,13.49,13.01,14.99,93.05,1016.315,2,9.5,2,177.7777778,1,17.594
30/06/2026 05:00,0,0.2,0,14.11,0,13.57,13.11,15.095,93.4,1016.06,2,8.222222222,2,178.8888889,1,15.22755556
30/06/2026 06:00,0,0.435,0,14.32,0,13.795,13.37,15.355,93.65,1016.095,2,8.055555556,2,186.1111111,1,14.91888889
30/06/2026 07:00,0,0.355,0,14.755,0,14.14,13.67,15.65,93,1016.16,2,8.111111111,2,198.3333333,1,15.02177778
30/06/2026 08:00,0,0.2,0,15.36,0,14.555,13.925,15.935,90.9,1016.415,2,8.277777778,2,207.2222222,1,15.33044444
30/06/2026 09:00,0,0.095,0,16.18,0,14.96,14.055,16.035,87,1016.69,2,7.944444444,2,218.3333333,1,14.71311111
30/06/2026 10:00,0,0.385,0,16.435,0,15.18,14.235,16.255,86.7,1017.05,2,7.666666667,2,236.6666667,1,14.19866667
30/06/2026 11:00,0,0.315,0,16.935,0,15.405,14.27,16.275,84.25,1017.29,2,8.111111111,2,239.4444444,1,15.02177778
30/06/2026 12:00,0,0.155,0,17.33,0,15.465,14.09,16.105,81.15,1017.565,2,8.888888889,2,240,1,16.46222222
30/06/2026 13:00,0,0.045,0,17.865,0,15.74,14.165,16.195,79.1,1017.96,2,9.333333333,2,255.5555556,1,17.28533333
30/06/2026 14:00,0,0.11,0,17.885,0,15.64,13.98,15.985,77.9,1018.38,2,10.05555556,2,264.4444444,1,18.62288889
30/06/2026 15:00,0,0.015,0,17.885,0,15.62,13.955,15.96,77.85,1018.8,2,9.944444444,2,280,1,18.41711111
30/06/2026 16:00,0,0.02,0,18,0,15.58,13.79,15.785,76.55,1019.26,2,10.61111111,2,287.7777778,1,19.65177778
30/06/2026 17:00,0,0.065,0,17.475,0,15.195,13.47,15.45,77.65,1019.875,2,11.38888889,2,295.5555556,1,21.09222222
30/06/2026 18:00,0,0.08,0,16.58,0,14.675,13.17,15.18,80.4,1020.64,2,11.61111111,2,297.7777778,1,21.50377778
30/06/2026 19:00,0,0.04,0,16.08,0,14.4,13.07,15.075,82.35,1021.315,2,11.22222222,2,297.2222222,1,20.78355556
30/06/2026 20:00,0,0.04,0,15.44,0,14.02,12.89,14.885,84.55,1022.2,2,10.27777778,2,301.6666667,1,19.03444444
30/06/2026 21:00,0,0.035,0,14.69,0,13.45,12.44,14.44,86.15,1023.225,2,9.333333333,2,302.2222222,1,17.28533333
30/06/2026 22:00,0,0.07,0,14.2,0,13.125,12.215,14.23,87.6,1023.98,2,8.722222222,2,303.3333333,1,16.15355556
30/06/2026 23:00,0,0.02,0,13.925,0,12.89,12.005,14.04,87.9,1024.485,2,8.388888889,2,308.3333333,1,15.53622222
01/07/2026 00:00,0,0.015,0,13.86,0,12.795,11.875,13.935,87.65,1024.75,2,7.722222222,2,302.2222222,1,14.30155556
01/07/2026 01:00,0,0.02,0,13.645,0,12.615,11.7,13.775,87.75,1024.945,2,7.166666667,2,298.8888889,1,13.27266667
01/07/2026 02:00,0,0.02,0,13.51,0,12.505,11.615,13.685,87.95,1025.065,2,6.5,2,293.3333333,1,12.038
01/07/2026 03:00,0,0.015,0,13.42,0,12.305,11.315,13.435,86.85,1025.16,2,6.5,2,292.7777778,1,12.038
01/07/2026 04:00,0,0.035,0,13.225,0,12.245,11.365,13.475,88.3,1025.29,2,6.666666667,2,277.7777778,1,12.34666667
01/07/2026 05:00,0,0.055,0,13.2,0,12.155,11.22,13.345,87.4,1025.405,2,6.388888889,2,281.6666667,1,11.83222222
01/07/2026 06:00,0,0.045,0,13.37,0,12.27,11.26,13.38,86.75,1025.425,2,5.944444444,2,270,1,11.00911111
01/07/2026 07:00,0,0.03,0,13.685,0,12.38,11.215,13.325,84.7,1025.415,2,6.166666667,2,252.7777778,1,11.42066667
01/07/2026 08:00,0,0.035,0,14.21,0,12.625,11.225,13.34,81.9,1025.21,2,6.944444444,2,241.6666667,1,12.86111111
01/07/2026 09:00,0,0.05,0,14.545,0,12.81,11.305,13.395,80.65,1024.82,2,8,2,231.1111111,1,14.816
01/07/2026 10:00,0,0.13,0,14.83,0,13.105,11.63,13.7,81,1024.22,2,8.277777778,2,216.1111111,1,15.33044444
01/07/2026 11:00,0,0.13,0,15.12,0,13.325,11.825,13.875,80.7,1023.66,2,10.05555556,2,207.2222222,1,18.62288889
01/07/2026 12:00,0,0.095,0,15.25,0,13.535,12.1,14.15,81.75,1022.93,2,11.55555556,2,198.3333333,1,21.40088889
01/07/2026 13:00,0,0.145,0,15.525,0,13.84,12.415,14.465,82.15,1022.01,2,12.22222222,2,198.3333333,1,22.63555556
01/07/2026 14:00,0,0.135,0,15.945,0,14.38,13.12,15.145,83.6,1021.025,2,13.66666667,2,200,1,25.31066667
01/07/2026 15:00,0,0.315,0,16.315,0,14.95,13.89,15.93,85.9,1019.935,2,14.5,2,203.8888889,1,26.854
01/07/2026 16:00,0,0.335,0,16.645,0,15.44,14.505,16.565,87.4,1018.865,2,15.11111111,2,208.3333333,1,27.98577778
01/07/2026 17:00,0,0.245,0,16.85,0,15.81,15.04,17.105,89.2,1018.08,2,15.22222222,2,213.8888889,1,28.19155556
01/07/2026 18:00,0,0.315,0,16.925,0,16.025,15.4,17.505,90.85,1017.4,2,15,2,220.5555556,1,27.78
01/07/2026 19:00,0,0.205,0,16.485,0,15.785,15.275,17.36,92.4,1017.1,2,15.38888889,2,225.5555556,1,28.50022222
01/07/2026 20:00,0,0.13,0,16.08,0,15.41,14.92,17.005,92.55,1017.07,2,15.55555556,2,236.1111111,1,28.80888889
01/07/2026 21:00,0,0.12,0,15.62,0,14.865,14.27,16.335,91.35,1017.5,2,15.88888889,2,245.5555556,1,29.42622222
01/07/2026 22:00,0,0.045,0,15.045,0,14.19,13.495,15.555,90.1,1018.2,2,16.38888889,2,255,1,30.35222222
01/07/2026 23:00,0,0.025,0,14.6,0,13.625,12.815,14.88,88.65,1018.735,2,15.22222222,2,263.3333333,1,28.19155556
02/07/2026 00:00,0,0.06,0,14.135,0,13.11,12.205,14.3,87.9,1019.55,2,14.05555556,2,268.8888889,1,26.03088889
02/07/2026 01:00,0,0.025,0,13.805,0,12.625,11.585,13.71,86.25,1020.21,2,12.38888889,2,275.5555556,1,22.94422222
02/07/2026 02:00,0,0.005,0,13.485,0,12.235,11.115,13.275,85.3,1020.845,2,11.22222222,2,280.5555556,1,20.78355556
02/07/2026 03:00,0,0.015,0,13.105,0,11.83,10.675,12.895,84.9,1021.53,2,10.44444444,2,287.2222222,1,19.34311111
02/07/2026 04:00,0,0.01,0,12.82,0,11.5,10.255,12.51,84.2,1022.055,2,10.11111111,2,287.2222222,1,18.72577778
02/07/2026 05:00,0,0,0,12.755,0,11.385,10.09,12.37,83.45,1022.63,2,9.5,2,290.5555556,1,17.594
02/07/2026 06:00,0,0.005,0,12.98,0,11.495,10.095,12.36,82.25,1023.47,2,8.888888889,2,296.6666667,1,16.46222222
02/07/2026 07:00,0,0.005,0,13.465,0,11.73,10.125,12.395,79.9,1024.22,2,8.944444444,2,297.7777778,1,16.56511111
02/07/2026 08:00,0,0.005,0,13.825,0,11.92,10.175,12.435,78.35,1024.905,2,9.111111111,2,296.6666667,1,16.87377778
02/07/2026 09:00,0,0.015,0,14.515,0,12.235,10.16,12.415,74.75,1025.49,2,9.611111111,2,301.6666667,1,17.79977778
02/07/2026 10:00,0,0,0,15.12,0,12.635,10.46,12.68,73.4,1026.065,2,9.388888889,2,303.8888889,1,17.38822222
02/07/2026 11:00,0,0.005,0,15.625,0,12.935,10.56,12.75,71.7,1026.555,2,9.111111111,2,291.1111111,1,16.87377778
02/07/2026 12:00,0,0,0,15.99,0,13.235,10.835,13,71.25,1026.995,2,9.777777778,2,286.1111111,1,18.10844444
02/07/2026 13:00,0,0,0,16.585,0,13.575,11.025,13.155,69.4,1027.33,2,9.5,2,286.6666667,1,17.594
02/07/2026 14:00,0,0,0,16.895,0,13.8,11.19,13.3,69.05,1027.575,2,9.166666667,2,287.2222222,1,16.97666667
02/07/2026 15:00,0,0,0,16.705,0,13.845,11.46,13.56,71.1,1027.805,2,9.333333333,2,257.7777778,1,17.28533333
02/07/2026 16:00,0,0,0,16.81,0,13.88,11.425,13.52,70.6,1027.99,2,9.333333333,2,260.5555556,1,17.28533333
02/07/2026 17:00,0,0,0,16.63,0,13.795,11.4,13.49,71.35,1028.11,2,9.111111111,2,268.3333333,1,16.87377778
02/07/2026 18:00,0,0,0,16.29,0,13.61,11.34,13.43,72.5,1028.19,2,8.833333333,2,271.6666667,1,16.35933333
02/07/2026 19:00,0,0,0,15.765,0,13.22,11.03,13.16,73.45,1028.335,2,8.277777778,2,273.3333333,1,15.33044444
02/07/2026 20:00,0,0,0,14.99,0,12.86,11.015,13.155,76.9,1028.59,2,7.444444444,2,270.5555556,1,13.78711111
02/07/2026 21:00,0,0,0,14.045,0,12.32,10.765,12.94,80.25,1028.785,2,6.388888889,2,267.7777778,1,11.83222222
02/07/2026 22:00,0,0,0,13.5,0,12.025,10.705,12.89,82.85,1028.86,2,5.444444444,2,242.7777778,1,10.08311111
02/07/2026 23:00,0,0,0,12.97,0,11.64,10.43,12.65,84.2,1028.76,2,5.166666667,2,252.7777778,1,9.568666667
03/07/2026 00:00,0,0,0,12.45,0,11.26,10.16,12.42,85.7,1028.74,2,5.222222222,2,250.5555556,1,9.671555556
03/07/2026 01:00,0,0,0,12,0,10.93,9.94,12.235,86.95,1028.86,2,5.722222222,2,248.3333333,1,10.59755556
03/07/2026 02:00,0,0,0,11.645,0,10.665,9.77,12.095,88.05,1028.725,2,5.388888889,2,241.6666667,1,9.980222222
03/07/2026 03:00,0,0,0,11.365,0,10.445,9.54,11.925,88.35,1028.445,2,5.5,2,241.6666667,1,10.186
03/07/2026 04:00,0,0,0,11.245,0,10.365,9.5,11.91,88.8,1028.14,2,5.222222222,2,195.5555556,1,9.671555556
03/07/2026 05:00,0,0.005,0,11.33,0,10.53,9.755,12.095,89.7,1028.13,2,4.722222222,2,195.5555556,1,8.745555556
03/07/2026 06:00,0,0,0,12.01,0,11.135,10.32,12.57,89.15,1027.985,2,5.5,2,195,1,10.186
03/07/2026 07:00,0,0,0,12.96,0,11.835,10.79,12.97,86.4,1027.905,2,5.888888889,2,190.5555556,1,10.90622222
03/07/2026 08:00,0,0,0,13.93,0,12.515,11.25,13.37,83.55,1027.95,2,6.5,2,205.5555556,1,12.038
03/07/2026 09:00,0,0.01,0,14.775,0,13.14,11.745,13.815,81.8,1027.85,2,7.388888889,2,202.2222222,1,13.68422222
03/07/2026 10:00,0,0.05,0,15.73,0,13.705,12.035,14.105,78.85,1027.48,2,7.888888889,2,202.7777778,1,14.61022222
03/07/2026 11:00,0,0.12,0,16.315,0,14.33,12.78,14.775,79.85,1027.095,2,9,2,210,1,16.668
03/07/2026 12:00,0,0.005,0,16.835,0,14.7,13.035,15.045,79.05,1026.795,2,10.22222222,2,211.6666667,1,18.93155556
03/07/2026 13:00,0,0.08,0,17.38,0,15.26,13.655,15.68,79.6,1026.435,2,10.66666667,2,210.5555556,1,19.75466667
03/07/2026 14:00,0,0.045,0,17.875,0,15.79,14.29,16.31,80.3,1026.035,2,10.66666667,2,222.2222222,1,19.75466667
03/07/2026 15:00,0,0.02,0,18.3,0,16.23,14.79,16.86,80.8,1025.71,2,11.11111111,2,223.3333333,1,20.57777778
03/07/2026 16:00,0,0.015,0,18.63,0,16.49,15.035,17.1,80.15,1025.505,2,11.27777778,2,230,1,20.88644444
03/07/2026 17:00,0,0.06,0,18.41,0,16.325,14.875,16.92,80.4,1025.365,2,11.83333333,2,238.8888889,1,21.91533333
03/07/2026 18:00,0,0.03,0,17.9,0,15.98,14.595,16.64,81.5,1025.39,2,12.22222222,2,242.7777778,1,22.63555556
03/07/2026 19:00,0,0,0,17.46,0,15.685,14.42,16.43,82.65,1025.52,2,12.27777778,2,242.2222222,1,22.73844444
03/07/2026 20:00,0,0.015,0,16.67,0,15.265,14.23,16.235,85.75,1025.765,2,11.55555556,2,243.3333333,1,21.40088889
03/07/2026 21:00,0,0,0,16.08,0,14.89,14.01,15.995,87.55,1026.11,2,10.72222222,2,243.3333333,1,19.85755556
03/07/2026 22:00,0,0.005,0,15.805,0,14.755,13.97,15.965,88.95,1026.43,2,10.22222222,2,241.6666667,1,18.93155556
03/07/2026 23:00,0,0.005,0,15.71,0,14.775,14.055,16.05,89.85,1026.36,2,9.5,2,243.3333333,1,17.594
04/07/2026 00:00,0,0.03,0,15.595,0,14.765,14.145,16.145,90.95,1026.33,2,9.555555556,2,239.4444444,0,17.69688889
04/07/2026 01:00,0,0.005,0,15.53,0,14.805,14.265,16.265,91.9,1026.305,2,9.333333333,2,240,0,17.28533333
04/07/2026 02:00,0,0.03,0,15.515,0,14.86,14.37,16.365,92.6,1026.155,2,9.888888889,2,240,0,18.31422222
04/07/2026 03:00,0,0.02,0,15.455,0,14.845,14.35,16.36,92.75,1026.025,2,9.833333333,2,239.4444444,0,18.21133333
04/07/2026 04:00,0,0.03,0,15.43,0,14.8,14.32,16.325,92.75,1025.765,2,9.666666667,2,236.6666667,0,17.90266667
04/07/2026 05:00,0,0.055,0,15.405,0,14.76,14.25,16.245,92.55,1025.605,2,10.11111111,2,237.2222222,0,18.72577778
04/07/2026 06:00,0,0.105,0,15.455,0,14.745,14.215,16.215,92.15,1025.7,2,10.77777778,2,237.2222222,0,19.96044444
04/07/2026 07:00,0,0.025,0,15.64,0,14.875,14.285,16.285,91.5,1025.77,2,11.27777778,2,237.2222222,0,20.88644444
04/07/2026 08:00,0,0.035,0,15.965,0,15.065,14.4,16.42,90.4,1025.83,2,11.83333333,2,237.2222222,0,21.91533333
04/07/2026 09:00,0,0.045,0,16.32,0,15.305,14.59,16.6,89.25,1025.985,2,11.83333333,2,236.6666667,0,21.91533333
04/07/2026 10:00,0,0.035,0,16.625,0,15.49,14.655,16.675,88.05,1025.985,2,12.66666667,2,235.5555556,0,23.45866667
04/07/2026 11:00,0,0.025,0,17.165,0,15.73,14.72,16.75,85.8,1026.065,2,12.94444444,2,240.5555556,0,23.97311111
04/07/2026 12:00,0,0.045,0,17.325,0,15.795,14.745,16.765,84.85,1026.135,2,13.27777778,2,242.2222222,0,24.59044444
04/07/2026 13:00,0,0.03,0,17.425,0,15.865,14.74,16.775,84.5,1026.315,2,13.33333333,2,243.3333333,0,24.69333333
04/07/2026 14:00,0,0.03,0,17.465,0,15.875,14.75,16.795,84.35,1026.335,2,13,2,245,0,24.076
04/07/2026 15:00,0,0.05,0,17.57,0,15.93,14.775,16.81,83.85,1026.175,2,12.94444444,2,246.6666667,0,23.97311111
04/07/2026 16:00,0,0.01,0,17.245,0,15.68,14.58,16.605,84.7,1026.105,2,12.77777778,2,245.5555556,0,23.66444444
04/07/2026 17:00,0,0.035,0,17.135,0,15.56,14.43,16.43,84.35,1026.01,2,12.38888889,2,247.7777778,0,22.94422222
04/07/2026 18:00,0,0.02,0,16.84,0,15.34,14.23,16.225,84.65,1025.895,2,11.72222222,2,247.2222222,0,21.70955556
04/07/2026 19:00,0,0.095,0,16.41,0,15.075,14.095,16.095,86.3,1026.01,2,10.72222222,2,248.8888889,0,19.85755556
04/07/2026 20:00,0,0.08,0,15.94,0,14.775,13.895,15.895,87.7,1026.345,2,10.38888889,2,250.5555556,0,19.24022222
04/07/2026 21:00,0,0.075,0,15.38,0,14.47,13.75,15.73,89.9,1026.58,2,9.722222222,2,251.1111111,0,18.00555556
04/07/2026 22:00,0,0.065,0,15.045,0,14.255,13.64,15.61,91.1,1026.75,2,9.111111111,2,258.3333333,0,16.87377778
04/07/2026 23:00,0,0.02,0,14.8,0,14.125,13.565,15.535,92.05,1026.865,2,8.888888889,2,253.8888889,0,16.46222222
05/07/2026 00:00,0,0.03,0,14.63,0,14.025,13.54,15.525,92.85,1026.795,2,8.5,2,254.4444444,0,15.742
05/07/2026 01:00,0,0.035,0,14.525,0,13.995,13.56,15.54,93.65,1026.62,2,7.722222222,2,258.3333333,0,14.30155556
05/07/2026 02:00,0,0.015,0,14.43,0,13.96,13.58,15.57,94.5,1026.31,2,7.833333333,2,248.8888889,0,14.50733333
05/07/2026 03:00,0,0.04,0,14.325,0,13.915,13.585,15.57,94.95,1025.955,2,7.777777778,2,249.4444444,0,14.40444444
05/07/2026 04:00,0,0.08,0,14.205,0,13.845,13.55,15.53,95.3,1025.815,2,7.722222222,2,246.1111111,0,14.30155556
05/07/2026 05:00,0,0.035,0,14.2,0,13.84,13.55,15.53,95.45,1025.705,2,7.277777778,2,243.8888889,0,13.47844444
05/07/2026 06:00,0,0.04,0,14.335,0,13.94,13.625,15.61,95.15,1025.68,2,7.555555556,2,236.1111111,0,13.99288889
05/07/2026 07:00,0,0.015,0,14.625,0,14.12,13.72,15.695,94,1025.55,2,7.944444444,2,235,0,14.71311111
05/07/2026 08:00,0,0.015,0,15.18,0,14.46,13.92,15.91,91.95,1025.445,2,7.833333333,2,236.6666667,0,14.50733333
05/07/2026 09:00,0,0.01,0,15.72,0,14.77,14.05,16.04,89.75,1025.425,2,8.222222222,2,231.1111111,0,15.22755556
05/07/2026 10:00,0,0.01,0,16.3,0,15.145,14.29,16.29,87.8,1025.3,2,9,2,223.8888889,0,16.668
05/07/2026 11:00,0,0,0,17.145,0,15.62,14.53,16.55,84.65,1025.065,2,9.388888889,2,227.7777778,0,17.38822222
05/07/2026 12:00,0,0.01,0,17.795,0,16.03,14.815,16.85,82.95,1024.79,2,9.611111111,2,228.8888889,0,17.79977778
05/07/2026 13:00,0,0,0,18.345,0,16.355,15.02,17.09,81.35,1024.635,2,9.722222222,2,232.2222222,0,18.00555556
05/07/2026 14:00,0,0,0,18.835,0,16.745,15.335,17.455,80.75,1024.165,2,9.777777778,2,232.2222222,0,18.10844444
05/07/2026 15:00,0,0,0,19.175,0,16.93,15.43,17.525,79.55,1023.68,2,10.33333333,2,230,0,19.13733333
05/07/2026 16:00,0,0.005,0,18.95,0,16.85,15.46,17.58,80.8,1023.195,2,10.27777778,2,232.2222222,0,19.03444444
05/07/2026 17:00,0,0,0,18.905,0,16.825,15.42,17.535,80.9,1022.74,2,10.16666667,2,232.7777778,0,18.82866667
05/07/2026 18:00,0,0,0,18.43,0,16.47,15.14,17.23,81.75,1022.32,2,10.16666667,2,233.8888889,0,18.82866667
05/07/2026 19:00,0,0,0,17.97,0,16.2,14.99,17.075,83.35,1021.995,2,9.666666667,2,231.1111111,0,17.90266667
05/07/2026 20:00,0,0,0,16.99,0,15.64,14.68,16.73,86.45,1021.685,2,9.444444444,2,233.8888889,0,17.49111111
05/07/2026 21:00,0,0.01,0,16.175,0,15.155,14.43,16.46,89.4,1021.685,2,8.611111111,2,225.5555556,0,15.94777778
05/07/2026 22:00,0,0.005,0,15.585,0,14.805,14.235,16.26,91.5,1021.545,2,7.944444444,2,227.2222222,0,14.71311111
05/07/2026 23:00,0,0.015,0,15.15,0,14.555,14.115,16.12,93.3,1021.125,2,8.222222222,2,225.5555556,0,15.22755556
06/07/2026 00:00,0,0.01,0,14.83,0,14.27,13.835,15.82,93.35,1020.755,2,8.5,2,218.8888889,1,15.742
06/07/2026 01:00,0,0.015,0,14.515,0,13.93,13.505,15.475,93.55,1020.33,2,8.388888889,2.277777778,228.8235294,1,15.53622222
06/07/2026 02:00,0,0.025,0,14.245,0,13.685,13.245,15.215,93.5,1019.785,2,8.111111111,2.277777778,232.3529412,1,15.02177778
06/07/2026 03:00,0,0.01,0,13.885,0,13.355,12.92,14.905,93.55,1019.48,2,7.833333333,2.277777778,230.5882353,1,14.50733333
06/07/2026 04:00,0,0.01,0,13.74,0,13.215,12.765,14.755,93.55,1019.155,2,7.722222222,2.277777778,235.2941176,1,14.30155556
06/07/2026 05:00,0,0.01,0,13.73,0,13.215,12.77,14.755,93.6,1018.975,2,7.666666667,2.277777778,232.3529412,1,14.19866667
06/07/2026 06:00,0,0.01,0,14.045,0,13.475,13.02,14.995,93.3,1018.885,2,7.444444444,2,216.1111111,1,13.78711111
06/07/2026 07:00,0,0,0,14.71,0,13.915,13.275,15.26,91,1018.775,2,7.888888889,2,218.8888889,1,14.61022222
06/07/2026 08:00,0,0,0,15.415,0,14.31,13.475,15.47,88.25,1018.825,2,8.5,2,230.5555556,1,15.742
06/07/2026 09:00,0,0.005,0,16.265,0,14.825,13.735,15.725,85.15,1018.83,2,8.777777778,2,224.4444444,1,16.25644444
06/07/2026 10:00,0,0,0,17.145,0,15.29,13.925,15.945,81.65,1018.54,2,9.055555556,2,231.1111111,1,16.77088889
06/07/2026 11:00,0,0,0,17.945,0,15.745,14.185,16.185,79.2,1018.25,2,9.388888889,2,231.1111111,1,17.38822222
06/07/2026 12:00,0,0,0,18.605,0,16.115,14.36,16.385,76.9,1017.975,2,9.777777778,2,233.3333333,1,18.10844444
06/07/2026 13:00,0,0,0,19.1,0,16.235,14.23,16.25,74.15,1017.73,2,10.16666667,2,232.2222222,1,18.82866667
06/07/2026 14:00,0,0.01,0,19.495,0,16.475,14.395,16.425,73.45,1017.485,2,10.27777778,2,232.7777778,1,19.03444444
06/07/2026 15:00,0,0,0,19.37,0,16.255,14.055,16.06,72.8,1017.225,2,10.77777778,2,235.5555556,1,19.96044444
06/07/2026 16:00,0,0,0,19.225,0,16.19,14.045,16.04,73.55,1016.87,2,10.72222222,2,243.3333333,1,19.85755556
06/07/2026 17:00,0,0,0,18.655,0,15.89,13.895,15.895,75.1,1016.72,2,10.22222222,2,243.3333333,1,18.93155556
06/07/2026 18:00,0,0,0,18.135,0,15.505,13.58,15.56,76.05,1016.415,2,10.38888889,2,246.6666667,1,19.24022222
06/07/2026 19:00,0,0,0,17.335,0,15.17,13.57,15.575,79.15,1016.32,2,9.777777778,2,251.6666667,1,18.10844444
06/07/2026 20:00,0,0,0,16.355,0,14.625,13.28,15.285,82.15,1016.29,2,9.055555556,2,251.1111111,1,16.77088889
06/07/2026 21:00,0,0,0,15.21,0,13.97,12.995,14.99,86.45,1016.52,2,7.944444444,2,252.2222222,1,14.71311111
06/07/2026 22:00,0,0,0,14.56,0,13.51,12.665,14.68,88.25,1016.87,2,7.611111111,2,245.5555556,1,14.09577778
06/07/2026 23:00,0,0,0,14.145,0,13.26,12.52,14.51,89.7,1016.875,2,7.388888889,2,244.4444444,1,13.68422222
07/07/2026 00:00,0,0,0,13.915,0,13.05,12.3,14.315,89.8,1016.83,2,7.277777778,2,247.2222222,1,13.47844444
07/07/2026 01:00,0,0.005,0,13.615,0,12.825,12.16,14.19,90.55,1016.78,2,7.277777778,2,247.2222222,1,13.47844444
07/07/2026 02:00,0,0.01,0,13.52,0,12.76,12.1,14.135,90.8,1016.82,2,7.388888889,2,262.7777778,1,13.68422222
07/07/2026 03:00,0,0.01,0,13.55,0,12.77,12.085,14.13,90.55,1016.775,2,8,2,260.5555556,1,14.816
07/07/2026 04:00,0,0,0,13.54,0,12.77,12.145,14.17,91.05,1016.935,2,7.722222222,2,262.7777778,1,14.30155556
07/07/2026 05:00,0,0.01,0,13.665,0,12.935,12.3,14.325,91.1,1017.195,2,7.444444444,2,255,1,13.78711111
07/07/2026 06:00,0,0.005,0,14.115,0,13.265,12.56,14.575,90.2,1017.505,2,7.611111111,2,260.5555556,1,14.09577778
07/07/2026 07:00,0,0.005,0,14.615,0,13.645,12.83,14.835,88.7,1017.755,2,7.833333333,2,256.1111111,1,14.50733333
07/07/2026 08:00,0,0.005,0,15.39,0,14.22,13.29,15.265,86.95,1018,2,8,2,255.5555556,1,14.816
07/07/2026 09:00,0,0.015,0,16.36,0,14.83,13.655,15.65,84,1018.195,2,8.111111111,2,252.7777778,1,15.02177778
07/07/2026 10:00,0,0,0,17.375,0,15.525,14.18,16.175,81.75,1018.325,2,7.944444444,2,233.3333333,1,14.71311111
07/07/2026 11:00,0,0,0,18.47,0,16.185,14.56,16.585,78.4,1018.49,2,8.166666667,2,237.2222222,1,15.12466667
07/07/2026 12:00,0,0,0,19.49,0,16.825,15.025,17.09,75.95,1018.61,2,8.944444444,2,239.4444444,1,16.56511111
07/07/2026 13:00,0,0,0,20.03,0,17.115,15.135,17.24,74,1018.55,2,9.222222222,2,246.6666667,1,17.07955556
07/07/2026 14:00,0,0,0,20.45,0,17.295,15.205,17.31,72.8,1018.565,2,9.055555556,2,245,1,16.77088889
07/07/2026 15:00,0,0.005,0,20.69,0,17.42,15.27,17.38,72.35,1018.565,2,8.944444444,2,249.4444444,1,16.56511111
07/07/2026 16:00,0,0,0,20.76,0,17.48,15.35,17.475,72.25,1018.645,2,8.555555556,2,247.7777778,1,15.84488889
07/07/2026 17:00,0,0,0,20.575,0,17.405,15.33,17.45,73.25,1018.765,2,8.5,2,252.2222222,1,15.742
07/07/2026 18:00,0,0,0,19.95,0,17.07,15.195,17.295,75.3,1018.945,2,8.277777778,2,252.7777778,1,15.33044444
07/07/2026 19:00,0,0,0,19.17,0,16.69,15.06,17.17,78.2,1018.865,2,7.611111111,2,253.3333333,1,14.09577778
07/07/2026 20:00,0,0,0,18.085,0,16.115,14.78,16.855,81.7,1019.210526,2,6.777777778,2,256.6666667,1,12.55244444
07/07/2026 21:00,0,0,0,16.66,0,15.37,14.445,16.49,87,1019.578947,2,5.555555556,2,250.5555556,1,10.28888889
07/07/2026 22:00,0,0,0,15.795,0,14.91,14.265,16.275,90.55,1019.889474,2,4.944444444,2,258.8888889,1,9.157111111
07/07/2026 23:00,0,0,0,15.17,0,14.495,13.98,15.985,92.45,1019.984211,2,4.444444444,2,255.5555556,1,8.231111111
08/07/2026 00:00,0,0.01,0,14.555,0,14.045,13.64,15.64,93.85,1019.595,2,3.888888889,2,251.1111111,1,7.202222222
08/07/2026 01:00,0,0.005,0,14.165,0,13.735,13.4,15.395,94.9,1019.64,2,4.055555556,2,250,1,7.510888889
08/07/2026 02:00,0,0.01,0,13.88,0,13.555,13.28,15.29,95.85,1019.625,2,3.777777778,2,222.7777778,1,6.996444444
08/07/2026 03:00,0,0.02,0,13.665,0,13.4,13.185,15.185,96.7,1019.785,2,4.055555556,2,245,1,7.510888889
08/07/2026 04:00,0,0.005,0,13.345,0,13.1,12.905,14.91,96.85,1019.865,2,3.5,2,230,1,6.482
08/07/2026 05:00,0,0.03,0,13.27,0,13.06,12.895,14.895,97.1,1020.075,2,3.666666667,2,243.8888889,1,6.790666667
08/07/2026 06:00,0,0.005,0,13.82,0,13.575,13.38,15.375,96.8,1020.205,2,3.277777778,2,213.3333333,1,6.070444444
08/07/2026 07:00,0,0.03,0,14.735,0,14.315,13.985,16.01,95.05,1020.295,2,3,2,214.4444444,1,5.556
08/07/2026 08:00,0,0.005,0,15.61,0,14.9,14.4,16.425,92.6,1020.425,2,3.166666667,2,201.6666667,1,5.864666667
08/07/2026 09:00,0,0,0,16.75,0,15.565,14.74,16.795,88.45,1020.87,2,3.833333333,2,208.8888889,1,7.099333333
08/07/2026 10:00,0,0,0,18.195,0,16.245,14.93,17,82.2,1020.89,2,4.888888889,2,204.4444444,1,9.054222222
08/07/2026 11:00,0,0,0,19.55,0,16.95,15.265,17.365,77.5,1020.48,2,5.555555556,2,193.8888889,1,10.28888889
08/07/2026 12:00,0,0,0,20.35,0,17.385,15.48,17.625,74.9,1020.22,2,6.444444444,2,212.2222222,1,11.93511111
08/07/2026 13:00,0,0,0,20.835,0,17.505,15.335,17.485,72.35,1020.185,2,7.166666667,2,213.3333333,1,13.27266667
08/07/2026 14:00,0,0,0,21.455,0,17.87,15.565,17.735,70.3,1020.135,2,6.888888889,2,213.8888889,1,12.75822222
08/07/2026 15:00,0,0,0,21.385,0,17.78,15.47,17.65,70.45,1019.475,2,7.277777778,2,238.8888889,1,13.47844444
08/07/2026 16:00,0,0,0,21.325,0,17.83,15.59,17.765,70.85,1019.65,2,7.444444444,2,241.1111111,1,13.78711111
08/07/2026 17:00,0,0,0,21.03,0,17.795,15.735,17.945,72.5,1019.38,2,7.666666667,2,244.4444444,1,14.19866667
08/07/2026 18:00,0,0,0,20.34,0,17.4,15.45,17.615,74.3,1019.41,2,7.555555556,2,243.8888889,1,13.99288889
08/07/2026 19:00,0,0,0,19.47,0,16.93,15.22,17.345,76.9,1019.195,2,6.722222222,2,239.4444444,1,12.44955556
08/07/2026 20:00,0,0,0,18.41,0,16.385,15.005,17.1,80.55,1019.37,2,6.388888889,2,253.8888889,1,11.83222222
08/07/2026 21:00,0,0,0,17.18,0,15.73,14.685,16.75,85.05,1019.77,2,5.666666667,2,269.4444444,1,10.49466667
08/07/2026 22:00,0,0,0,16.05,0,14.95,14.14,16.16,88.45,1019.955,2,5.555555556,2,259.4444444,1,10.28888889
08/07/2026 23:00,0,0.005,0,15.515,0,14.645,13.97,15.98,90.25,1019.98,2,5.277777778,2,253.8888889,1,9.774444444
09/07/2026 00:00,0,0.01,0,15.075,0,14.3,13.725,15.735,91.35,1019.795,2,5.388888889,2,240,1,9.980222222
09/07/2026 01:00,0,0,0,14.71,0,14.07,13.56,15.57,92.5,1019.8,2,5.055555556,2,231.6666667,1,9.362888889
09/07/2026 02:00,0,0,0,14.565,0,13.985,13.525,15.54,93.2,1019.635,2,4.722222222,2,224.4444444,1,8.745555556
09/07/2026 03:00,0,0.025,0,14.82,0,14.245,13.81,15.83,93.5,1019.425,2,4.666666667,2,234.4444444,1,8.642666667
09/07/2026 04:00,0,0.015,0,14.925,0,14.38,13.955,15.96,93.65,1019.25,2,4.777777778,2,240,1,8.848444444
09/07/2026 05:00,0,0.025,0,15.065,0,14.555,14.175,16.19,94.15,1019.29,2,4.888888889,2,248.3333333,1,9.054222222
09/07/2026 06:00,0,0.01,0,15.605,0,15,14.56,16.575,93.1,1019.385,2,4.444444444,2,226.1111111,1,8.231111111
09/07/2026 07:00,0,0,0,16.235,0,15.37,14.74,16.78,90.6,1019.525,2,4.444444444,2,211.1111111,1,8.231111111
09/07/2026 08:00,0,0,0,17.015,0,15.755,14.82,16.88,86.75,1019.61,2,5.222222222,2,221.6666667,1,9.671555556
09/07/2026 09:00,0,0.005,0,17.65,0,16.095,14.99,17.045,84.1,1019.655,2,5.5,2,220.5555556,1,10.186
09/07/2026 10:00,0,0.01,0,18.285,0,16.37,15.045,17.095,81.1,1019.55,2,5.611111111,2,233.3333333,1,10.39177778
09/07/2026 11:00,0,0,0,18.865,0,16.685,15.185,17.26,78.95,1019.435,2,5.611111111,2,222.2222222,1,10.39177778
09/07/2026 12:00,0,0,0,19.605,0,17.11,15.405,17.515,76.6,1019.355,2,5.833333333,2,225,1,10.80333333
09/07/2026 13:00,0,0,0,20.1,0,17.315,15.435,17.555,74.7,1019.225,2,5.722222222,2,228.3333333,1,10.59755556
09/07/2026 14:00,0,0,0,20.555,0,17.525,15.54,17.655,73.3,1019.155,2,5.666666667,2,232.7777778,1,10.49466667
09/07/2026 15:00,0,0,0,20.99,0,17.79,15.675,17.82,72.05,1018.95,2,5.944444444,2,239.4444444,1,11.00911111
09/07/2026 16:00,0,0,0,21.235,0,17.975,15.865,18.035,71.7,1018.775,2,5.833333333,2,246.1111111,1,10.80333333
09/07/2026 17:00,0,0,0,21.22,0,17.96,15.85,18.03,71.8,1018.495,2,5.777777778,2,250.5555556,1,10.70044444
09/07/2026 18:00,0,0,0,21,0,17.83,15.73,17.895,72.15,1018.22,2,5,2,260.5555556,1,9.26
09/07/2026 19:00,0,0,0,20.595,0,17.655,15.735,17.89,73.8,1018.255,2,4.444444444,2,260.5555556,1,8.231111111
09/07/2026 20:00,0,0,0,19.425,0,17.1,15.55,17.71,78.35,1018.375,2,3.833333333,2,249.4444444,1,7.099333333
09/07/2026 21:00,0,0,0,17.645,0,16.24,15.26,17.35,85.6,1018.665,2,3.222222222,2,234.4444444,1,5.967555556
09/07/2026 22:00,0,0,0,16.535,0,15.56,14.855,16.93,89.65,1018.82,2,2.944444444,2,225,1,5.453111111
09/07/2026 23:00,0,0,0,15.74,0,15.045,14.52,16.565,92.15,1018.835,2,2.722222222,2,197.7777778,1,5.041555556
10/07/2026 00:00,0,0,0,15.195,0,14.65,14.235,16.26,93.55,1018.785,2,2.722222222,2,199.4444444,1,5.041555556
10/07/2026 01:00,0,0,0,15.05,0,14.575,14.22,16.24,94.4,1018.6,2,2.555555556,2,182.7777778,1,4.732888889
10/07/2026 02:00,0,0,0,14.905,0,14.465,14.115,16.14,94.75,1018.395,2,2.833333333,2,164.4444444,1,5.247333333
10/07/2026 03:00,0,0,0,14.695,0,14.35,14.08,16.08,95.7,1018.33,2,2.833333333,2,177.7777778,1,5.247333333
10/07/2026 04:00,0,0.005,0,14.5,0,14.165,13.9,15.9,95.85,1018.24,2,2.722222222,2,200,1,5.041555556
10/07/2026 05:00,0,0.005,0,14.74,0,14.425,14.165,16.175,96.05,1018.605,2,2.611111111,2,151.1111111,1,4.835777778
10/07/2026 06:00,0,0,0,15.585,0,15.165,14.87,16.91,95.3,1018.75,2,3.388888889,2,135.5555556,1,6.276222222
10/07/2026 07:00,0,0,0,16.955,0,16.055,15.445,17.545,90.7,1018.775,2,3.833333333,2,103.8888889,1,7.099333333
10/07/2026 08:00,0,0,0,18.525,0,17.005,15.965,18.145,84.95,1018.99,2,4.666666667,2,121.1111111,1,8.642666667
10/07/2026 09:00,0,0,0,20.22,0,17.775,16.195,18.435,77.7,1019.15,2,5.388888889,2,127.2222222,1,9.980222222
10/07/2026 10:00,0,0,0,21.07,0,18.155,16.275,18.53,74.25,1019.17,2,5.777777778,2,110.5555556,1,10.70044444
10/07/2026 11:00,0,0,0,21.51,0,18.275,16.18,18.415,72.05,1019.185,2,6.611111111,2,129.4444444,1,12.24377778
10/07/2026 12:00,0,0,0,21.99,0,18.48,16.265,18.535,70.65,1019.04,2,6.888888889,2,110,1,12.75822222
10/07/2026 13:00,0,0,0,22.375,0,18.7,16.405,18.72,69.65,1019.125,2,7.166666667,2,93.33333333,1,13.27266667
10/07/2026 14:00,0,0,0,22.27,0,18.615,16.35,18.64,69.9,1019.325,2,8.111111111,2,160.5555556,1,15.02177778
10/07/2026 15:00,0,0,0,22.46,0,18.635,16.25,18.525,68.8,1019.39,2,8.277777778,2,145,1,15.33044444
10/07/2026 16:00,0,0,0,22.58,0,18.615,16.115,18.38,67.7,1019.375,2,8.277777778,2,160.5555556,1,15.33044444
10/07/2026 17:00,0,0,0,22.21,0,18.49,16.145,18.435,69.05,1019.52,2,8.055555556,2,130,1,14.91888889
10/07/2026 18:00,0,0,0,21.83,0,18.2,15.89,18.135,69.35,1019.915,2,7.722222222,2,170.5555556,1,14.30155556
10/07/2026 19:00,0,0,0,20.805,0,17.735,15.735,17.975,72.85,1020.4,2,7.555555556,2,233.8888889,1,13.99288889
10/07/2026 20:00,0,0,0,19.52,0,17,15.305,17.47,76.7,1020.785,2,6.5,2,194.4444444,1,12.038
10/07/2026 21:00,0,0,0,18.29,0,16.315,14.935,17.06,80.55,1021.405,2,6.333333333,2,178.8888889,1,11.72933333
10/07/2026 22:00,0,0,0,17.265,0,15.73,14.61,16.7,84,1021.9,2,6.277777778,2,207.2222222,1,11.62644444
10/07/2026 23:00,0,0,0,16.555,0,15.29,14.33,16.41,86.4,1022.275,2,5.944444444,2,166.1111111,1,11.00911111
11/07/2026 00:00,0,0,0,16.215,0,14.89,13.895,15.95,85.75,1022.495,2,5.888888889,2,206.1111111,0,10.90622222
11/07/2026 01:00,0,0,0,15.69,0,14.395,13.4,15.48,85.95,1022.67,2,6,2,243.8888889,0,11.112
11/07/2026 02:00,0,0,0,15.375,0,14.2,13.26,15.365,86.95,1022.79,2,6.277777778,2,231.1111111,0,11.62644444
11/07/2026 03:00,0,0,0,14.865,0,13.78,12.9,14.98,87.75,1022.91,2,5.888888889,2,209.4444444,0,10.90622222
11/07/2026 04:00,0,0,0,14.585,0,13.55,12.67,14.78,88.05,1023.005,2,6,2,178.3333333,0,11.112
11/07/2026 05:00,0,0,0,14.285,0,13.29,12.465,14.555,88.6,1023.36,2,6.055555556,2,218.3333333,0,11.21488889
11/07/2026 06:00,0,0,0,14.935,0,13.66,12.64,14.72,85.85,1023.54,2,6.166666667,2,232.2222222,0,11.42066667
11/07/2026 07:00,0,0,0,16.17,0,14.3,12.825,14.895,80.3,1023.69,2,6.666666667,2,246.6666667,0,12.34666667
11/07/2026 08:00,0,0,0,17.675,0,15.135,13.205,15.27,74.9,1024.01,2,7.444444444,2,250.5555556,0,13.78711111
11/07/2026 09:00,0,0,0,18.74,0,15.785,13.59,15.66,71.75,1024.2,2,8.444444444,2,203.8888889,0,15.63911111
11/07/2026 10:00,0,0,0,19.81,0,16.415,13.965,16.015,68.95,1024.315,2,8.666666667,2,207.7777778,0,16.05066667
11/07/2026 11:00,0,0,0,20.675,0,16.985,14.415,16.495,67.3,1024.385,2,8.888888889,2,165.5555556,0,16.46222222
11/07/2026 12:00,0,0,0,21.61,0,17.58,14.875,16.97,65.6,1024.44,2,9.055555556,2,148.8888889,0,16.77088889
11/07/2026 13:00,0,0,0,22.22,0,17.95,15.105,17.24,64.05,1024.375,2,8.722222222,2,116.1111111,0,16.15355556
11/07/2026 14:00,0,0,0,22.42,0,18.14,15.345,17.505,64.6,1024.315,2,8.833333333,2,138.8888889,0,16.35933333
11/07/2026 15:00,0,0,0,22.59,0,18.3,15.54,17.73,64.7,1024.22,2,8.666666667,2,142.7777778,0,16.05066667
11/07/2026 16:00,0,0,0,22.46,0,18.285,15.595,17.785,65.4,1023.995,2,8.833333333,2,111.1111111,0,16.35933333
11/07/2026 17:00,0,0,0,22.17,0,18.185,15.64,17.825,66.65,1023.995,2,8.833333333,2,128.8888889,0,16.35933333
11/07/2026 18:00,0,0,0,21.695,0,17.95,15.495,17.68,68.1,1024.18,2,8.722222222,2,115.5555556,0,16.15355556
11/07/2026 19:00,0,0,0,20.855,0,17.545,15.335,17.485,70.95,1024.29,2,8,2,95,0,14.816
11/07/2026 20:00,0,0,0,19.66,0,16.98,15.18,17.3,75.35,1024.52,2,7.777777778,2,107.2222222,0,14.40444444
11/07/2026 21:00,0,0,0,18.55,0,16.5,15.09,17.215,80.05,1025.12,2,6.666666667,2,106.1111111,0,12.34666667
11/07/2026 22:00,0,0,0,17.81,0,16.11,14.925,17.025,83,1025.445,2,6.166666667,2,101.6666667,0,11.42066667
11/07/2026 23:00,0,0,0,17.275,0,15.87,14.855,16.95,85.55,1025.47,2,5.5,2,125.5555556,0,10.186
12/07/2026 00:00,0,0,0,16.82,0,15.625,14.765,16.82,87.55,1025.48,2,5.444444444,2,123.8888889,0,10.08311111
12/07/2026 01:00,0,0,0,16.285,0,15.355,14.665,16.73,90.05,1025.375,2,4.833333333,2,213.8888889,0,8.951333333
12/07/2026 02:00,0,0,0,16.19,0,15.33,14.7,16.755,90.6,1025.32,2,5.388888889,2,183.3333333,0,9.980222222
12/07/2026 03:00,0,0,0,16.11,0,15.3,14.705,16.76,91.1,1025.355,2,5.333333333,2,167.2222222,0,9.877333333
12/07/2026 04:00,0,0,0,16.035,0,15.275,14.71,16.755,91.7,1025.315,2,5.388888889,2,130.5555556,0,9.980222222
12/07/2026 05:00,0,0,0,16.17,0,15.41,14.865,16.915,91.8,1025.35,2,5.555555556,2,106.1111111,0,10.28888889
12/07/2026 06:00,0,0,0,17.01,0,16.01,15.3,17.385,89.35,1025.42,2,6.333333333,2,113.8888889,0,11.72933333
12/07/2026 07:00,0,0,0,18.07,0,16.6,15.59,17.72,85.05,1025.65,2,7.444444444,2,101.6666667,0,13.78711111
12/07/2026 08:00,0,0,0,19.51,0,17.225,15.725,17.87,78.5,1025.78,2,8.444444444,2,76.11111111,0,15.63911111
12/07/2026 09:00,0,0,0,20.825,0,17.785,15.795,17.98,72.85,1025.705,2,9.722222222,2,67.77777778,0,18.00555556
12/07/2026 10:00,0,0,0,22.035,0,18.26,15.82,17.995,67.8,1025.655,2,10.05555556,2,85,0,18.62288889
12/07/2026 11:00,0,0,0,22.925,0,18.575,15.76,17.945,64.1,1025.53,2,11.11111111,2,78.88888889,0,20.57777778
12/07/2026 12:00,0,0,0,23.635,0,18.75,15.6,17.765,60.9,1025.405,2,12,2,73.33333333,0,22.224
12/07/2026 13:00,0,0,0,24.345,0,19.015,15.625,17.81,58.35,1025.23,2,11.66666667,2,78.88888889,0,21.60666667
12/07/2026 14:00,0,0,0,24.675,0,19.04,15.41,17.56,56.5,1024.98,2,11.83333333,2,83.88888889,0,21.91533333
12/07/2026 15:00,0,0,0,25.055,0,18.98,15.045,17.14,54,1024.63,2,11.94444444,2,80,0,22.12111111
12/07/2026 16:00,0,0,0,25.115,0,18.945,14.935,17.02,53.4,1024.42,2,12.11111111,2,76.11111111,0,22.42977778
12/07/2026 17:00,0,0,0,24.665,0,18.79,14.92,17,54.85,1024.24,2,11.22222222,2,77.77777778,0,20.78355556
12/07/2026 18:00,0,0,0,24.035,0,18.445,14.73,16.77,56.15,1024.405,2,11.11111111,2,87.22222222,0,20.57777778
12/07/2026 19:00,0,0,0,23.275,0,18.105,14.6,16.64,58.4,1024.38,2,10.38888889,2,85.55555556,0,19.24022222
12/07/2026 20:00,0,0,0,22.04,0,17.605,14.565,16.61,62.6,1024.225,2,9.166666667,2,82.22222222,0,16.97666667
12/07/2026 21:00,0,0,0,20.43,0,16.855,14.34,16.35,67.95,1024.595,2,8,2,74.44444444,0,14.816
12/07/2026 22:00,0,0,0,19.425,0,16.28,14.03,16.04,71.05,1024.97,2,7.722222222,2,90,0,14.30155556
12/07/2026 23:00,0,0,0,18.63,0,15.865,13.835,15.835,73.7,1025.115,2,7.555555556,2,106.6666667,0,13.99288889
13/07/2026 00:00,0,0,0,18,0,15.495,13.62,15.63,75.65,1025.11,2,7.388888889,2,105,1,13.68422222
13/07/2026 01:00,0,0,0,17.43,0,15.16,13.415,15.425,77.45,1025.12,2,7.111111111,2,85,1,13.16977778
13/07/2026 02:00,0,0,0,17.04,0,14.8,13.05,15.045,77.75,1025.19,2,7.166666667,2,77.22222222,1,13.27266667
13/07/2026 03:00,0,0,0,16.34,0,14.255,12.64,14.64,79.25,1025.155,2,7.333333333,2,62.77777778,1,13.58133333
13/07/2026 04:00,0,0,0,15.725,0,13.925,12.48,14.49,81.65,1025.145,2,7.055555556,2,80.55555556,1,13.06688889
13/07/2026 05:00,0,0,0,15.75,0,13.99,12.59,14.59,81.95,1025.37,2,7.111111111,2,78.33333333,1,13.16977778
13/07/2026 06:00,0,0,0,16.8,0,14.64,12.945,14.945,78.3,1025.555,2,7.722222222,2,96.66666667,1,14.30155556
13/07/2026 07:00,0,0,0,18.15,0,15.36,13.205,15.22,73.05,1025.63,2,8.5,2,77.22222222,1,15.742
13/07/2026 08:00,0,0,0,19.58,0,16.02,13.375,15.385,67.6,1025.485,2,9.277777778,2,83.88888889,1,17.18244444
13/07/2026 09:00,0,0,0,20.69,0,16.455,13.34,15.34,62.75,1024.99,2,10,2,86.11111111,1,18.52
13/07/2026 10:00,0,0,0,21.68,0,16.975,13.6,15.615,60.45,1024.845,2,11.05555556,2,70,1,20.47488889
13/07/2026 11:00,0,0,0,22.3,0,17.245,13.65,15.735,58.55,1024.57,2,11.5,2,77.22222222,1,21.298
13/07/2026 12:00,0,0,0,22.97,0,17.64,13.935,15.97,57.15,1024.215,2,11.38888889,2,67.77777778,1,21.09222222
13/07/2026 13:00,0,0,0,22.905,0,17.55,13.805,15.83,56.7,1024.09,2,11.72222222,2,68.88888889,1,21.70955556
13/07/2026 14:00,0,0,0,23.175,0,17.49,13.455,15.545,54.55,1023.88,2,11.11111111,2,67.77777778,1,20.57777778
13/07/2026 15:00,0,0,0,23.185,0,17.335,13.15,15.23,53.5,1023.71,2,11.11111111,2,63.88888889,1,20.57777778
13/07/2026 16:00,0,0,0,22.715,0,17.09,12.98,15.045,54.45,1023.355,2,11.55555556,2,60.55555556,1,21.40088889
13/07/2026 17:00,0,0,0,22.26,0,16.71,12.54,14.64,54.4,1023.085,2,11.33333333,2,62.77777778,1,20.98933333
13/07/2026 18:00,0,0,0,21.74,0,16.5,12.56,14.63,56.3,1022.865,2,11,2,56.66666667,1,20.372
13/07/2026 19:00,0,0,0,21.02,0,16.065,12.25,14.34,57.5,1022.87,2,9.777777778,2,59.44444444,1,18.10844444
13/07/2026 20:00,0,0,0,19.745,0,15.65,12.47,14.525,62.8,1022.535,2,7.888888889,2,58.88888889,1,14.61022222
13/07/2026 21:00,0,0,0,18.115,0,14.71,11.965,14.015,67.3,1023.055,2,6.944444444,2,78.88888889,1,12.86111111
13/07/2026 22:00,0,0,0,16.775,0,14.08,11.845,13.935,72.7,1023.565,2,6.166666667,2,74.44444444,1,11.42066667
13/07/2026 23:00,0,0,0,15.895,0,13.635,11.74,13.835,76.2,1023.735,2,5.722222222,2,72.22222222,1,10.59755556
14/07/2026 00:00,0,0,0,15.375,0,13.255,11.475,13.58,77.3,1023.8,2,5.777777778,2,77.77777778,1,10.70044444
14/07/2026 01:00,0,0,0,14.965,0,12.975,11.295,13.425,78.75,1023.81,2,5.222222222,2,87.22222222,1,9.671555556
14/07/2026 02:00,0,0,0,14.535,0,12.745,11.195,13.32,80.25,1023.745,2,5.444444444,2,92.77777778,1,10.08311111
14/07/2026 03:00,0,0,0,14.405,0,12.685,11.2,13.33,81,1023.65,2,5.5,2,77.22222222,1,10.186
14/07/2026 04:00,0,0,0,13.995,0,12.465,11.15,13.28,83.1,1023.525,2,5.555555556,2,103.8888889,1,10.28888889
14/07/2026 05:00,0,0,0,13.845,0,12.52,11.4,13.495,84.9,1023.8,2,5.611111111,2,112.7777778,1,10.39177778
14/07/2026 06:00,0,0,0,15.345,0,13.645,12.24,14.275,81.5,1023.868421,2,6.5,2,125.5555556,1,12.038
14/07/2026 07:00,0,0,0,17.215,0,14.705,12.72,14.715,74.45,1024.026316,2,6.944444444,2,90,1,12.86111111
14/07/2026 08:00,0,0,0,18.815,0,15.48,12.925,14.925,68.4,1024.078947,2,8.666666667,2,71.11111111,1,16.05066667
14/07/2026 09:00,0,0,0,20.135,0,16.13,13.15,15.16,64.05,1024.057895,2,9.055555556,2,73.88888889,1,16.77088889
14/07/2026 10:00,0,0,0,21.325,0,16.715,13.365,15.38,60.55,1023.921053,2,9.5,2,71.11111111,1,17.594
14/07/2026 11:00,0,0,0,22.415,0,17.01,13.095,15.135,55.85,1023.736842,2,9.944444444,2,77.77777778,1,18.41711111
14/07/2026 12:00,0,0,0,23.145,0,17.23,12.935,14.99,52.85,1023.552632,2,10.55555556,2,83.88888889,1,19.54888889
14/07/2026 13:00,0,0,0,23.52,0,17.15,12.44,14.535,50.15,1023.368421,2,10.66666667,2,82.77777778,1,19.75466667
14/07/2026 14:00,0,0,0,23.895,0,17.005,11.69,13.93,47.45,1023.210526,2,11.55555556,2,95,1,21.40088889
14/07/2026 15:00,0,0,0,23.98,0,16.975,11.51,13.805,46.8,1023.005263,2,11.33333333,2,93.88888889,1,20.98933333
14/07/2026 16:00,0,0,0,23.75,0,16.695,11.11,13.425,46.5,1022.810526,2,11.38888889,2,93.88888889,1,21.09222222
14/07/2026 17:00,0,0,0,23.48,0,16.435,10.805,13.135,46.15,1022.710526,2,10.61111111,2,95,1,19.65177778
14/07/2026 18:00,0,0,0,22.94,0,16.27,10.92,13.225,47.7,1022.868421,2,9.277777778,2,95,1,17.18244444
14/07/2026 19:00,0,0,0,22.02,0,15.91,11.025,13.26,50.4,1022.994737,2,8.555555556,2,91.11111111,1,15.84488889
14/07/2026 20:00,0,0,0,20.405,0,15.39,11.345,13.525,56.35,1023.205263,2,7,2,93.33333333,1,12.964
14/07/2026 21:00,0,0,0,18.23,0,14.45,11.275,13.44,64.15,1023.642105,2,5.555555556,2,110.5555556,1,10.28888889
14/07/2026 22:00,0,0,0,16.685,0,13.775,11.315,13.465,70.85,1023.884211,2,5.055555556,2,85,1,9.362888889
14/07/2026 23:00,0,0,0,15.86,0,13.355,11.2,13.355,74,1024.084211,2,4.555555556,2,100.5555556,1,8.436888889
15/07/2026 00:00,0,0,0,15.095,0,12.925,11.01,13.19,76.8,1024.055,2,4.5,2,140,1,8.334
15/07/2026 01:00,0,0,0,14.585,0,12.73,11.09,13.235,79.6,1024.07,2,4.388888889,2,137.2222222,1,8.128222222
15/07/2026 02:00,0,0,0,14.425,0,12.805,11.385,13.515,82,1023.95,2,4.388888889,2,127.2222222,1,8.128222222
15/07/2026 03:00,0,0,0,14.455,0,12.925,11.635,13.755,83.15,1023.85,2,4.722222222,2,130,1,8.745555556
15/07/2026 04:00,0,0,0,14.05,0,12.725,11.615,13.73,85.3,1023.86,2,4.333333333,2,123.3333333,1,8.025333333
15/07/2026 05:00,0,0,0,14.255,0,13.055,12.055,14.125,86.5,1023.885,2,4.611111111,2,104.4444444,1,8.539777778
15/07/2026 06:00,0,0,0,15.77,0,14.305,13.15,15.155,84.3,1024.235,2,5,2,123.8888889,1,9.26
15/07/2026 07:00,0,0,0,17.805,0,15.67,14.085,16.075,78.45,1024.39,2,5.888888889,2,92.77777778,1,10.90622222
15/07/2026 08:00,0,0,0,19.465,0,16.71,14.79,16.83,74.15,1024.131579,2,6.277777778,2,80,1,11.62644444
15/07/2026 09:00,0,0,0,20.83,0,17.545,15.335,17.45,70.75,1024.184211,2,7.333333333,2,89.44444444,1,13.58133333
15/07/2026 10:00,0,0,0,21.925,0,18.06,15.505,17.645,67.1,1024.184211,2,8,2,97.22222222,1,14.816
15/07/2026 11:00,0,0,0,22.86,0,18.585,15.86,18.05,64.6,1024.173684,2,8.388888889,2,93.33333333,1,15.53622222
15/07/2026 12:00,0,0,0,23.67,0,18.915,15.9,18.11,61.75,1024.105263,2,8.722222222,2,95.55555556,1,16.15355556
15/07/2026 13:00,0,0,0,24.345,0,18.995,15.58,17.745,58.25,1024.052632,2,8.722222222,2,98.33333333,1,16.15355556
15/07/2026 14:00,0,0,0,24.635,0,19.05,15.47,17.62,57.05,1023.894737,2,8.055555556,2,103.8888889,1,14.91888889
15/07/2026 15:00,0,0,0,24.755,0,18.935,15.115,17.265,55.45,1023.684211,2,8.222222222,2,107.7777778,1,15.22755556
15/07/2026 16:00,0,0,0,24.555,0,18.905,15.265,17.405,56.8,1023.378947,2,8.055555556,2,106.6666667,1,14.91888889
15/07/2026 17:00,0,0,0,24.1,0,18.685,15.13,17.26,57.9,1023.184211,2,8.333333333,2,104.4444444,1,15.43333333
15/07/2026 18:00,0,0,0,23.685,0,18.49,15.06,17.17,58.95,1023.226316,2,8,2,103.8888889,1,14.816
15/07/2026 19:00,0,0,0,22.715,0,18.055,14.955,17.05,62,1023.426316,2,7.388888889,2,103.8888889,1,13.68422222
15/07/2026 20:00,0,0,0,21.395,0,17.595,15.025,17.13,66.85,1023.668421,2,5.666666667,2,125,1,10.49466667
15/07/2026 21:00,0,0,0,19.39,0,16.56,14.575,16.645,73.7,1024.084211,2,4.555555556,2,106.6666667,1,8.436888889
15/07/2026 22:00,0,0,0,17.885,0,15.74,14.165,16.21,78.8,1024.273684,2,4.277777778,2,92.77777778,1,7.922444444
15/07/2026 23:00,0,0,0,16.935,0,15.215,13.915,15.955,82.2,1024.384211,2,4.222222222,2,120,1,7.819555556
16/07/2026 00:00,0,0,0,16.005,0,14.525,13.41,15.435,84.6,1024.315,2,3.777777778,2,155.5555556,1,6.996444444
16/07/2026 01:00,0,0,0,15.26,0,14.08,13.16,15.195,87.15,1024.115,2,3.888888889,2,139.4444444,1,7.202222222
16/07/2026 02:00,0,0,0,14.645,0,13.69,12.93,14.96,89.2,1023.885,2,3.388888889,2,145,1,6.276222222
16/07/2026 03:00,0,0,0,14.175,0,13.3,12.61,14.65,90.25,1023.56,2,3.666666667,2,156.6666667,1,6.790666667
16/07/2026 04:00,0,0,0,13.69,0,12.92,12.29,14.36,91.1,1023.285,2,3.444444444,2,211.6666667,1,6.379111111
16/07/2026 05:00,0,0,0,13.64,0,12.935,12.355,14.395,91.75,1023.135,2,3.166666667,2,169.4444444,1,5.864666667
16/07/2026 06:00,0,0,0,15.175,0,14.21,13.48,15.47,89.5,1023.225,2,3.277777778,2,146.1111111,1,6.070444444
16/07/2026 07:00,0,0,0,17.515,0,15.76,14.47,16.495,82.3,1023.33,2,3.444444444,2,152.7777778,1,6.379111111
16/07/2026 08:00,0,0,0,19.895,0,17.015,14.995,17.07,73.1,1023.26,2,3.777777778,2,117.7777778,1,6.996444444
16/07/2026 09:00,0,0,0,21.865,0,17.89,15.22,17.32,65.9,1023.01,2,4.5,2,113.3333333,1,8.334
16/07/2026 10:00,0,0,0,22.895,0,18.26,15.185,17.28,61.9,1022.61,2,4.722222222,2,130,1,8.745555556
16/07/2026 11:00,0,0,0,23.895,0,18.33,14.59,16.645,56.2,1022.24,2,5.444444444,2,124.4444444,1,10.08311111
16/07/2026 12:00,0,0,0,24.175,0,18.43,14.6,16.66,55.6,1021.98,2,6.666666667,2,97.22222222,1,12.34666667
16/07/2026 13:00,0,0,0,24.23,0,18.49,14.62,16.715,55.6,1021.755,2,7.055555556,2,96.11111111,1,13.06688889
16/07/2026 14:00,0,0,0,24.49,0,18.725,14.905,17.01,56,1021.54,2,6.833333333,2,112.7777778,1,12.65533333
16/07/2026 15:00,0,0,0,24.54,0,18.655,14.765,16.855,55.2,1021.215,2,6.888888889,2,108.8888889,1,12.75822222
16/07/2026 16:00,0,0,0,24.41,0,18.695,14.875,16.995,56.25,1020.705,2,6.666666667,2,127.2222222,1,12.34666667
16/07/2026 17:00,0,0,0,24.065,0,18.49,14.75,16.885,56.95,1020.415,2,7.055555556,2,176.6666667,1,13.06688889
16/07/2026 18:00,0,0,0,23.525,0,18.195,14.545,16.665,58.25,1020.235,2,6.833333333,2,138.8888889,1,12.65533333
16/07/2026 19:00,0,0,0,22.585,0,17.835,14.605,16.685,61.4,1020.255,2,6.111111111,2,127.2222222,1,11.31777778
16/07/2026 20:00,0,0,0,20.785,0,17.34,14.955,17.105,69.55,1020.38,2,5.611111111,2,219.4444444,1,10.39177778
16/07/2026 21:00,0,0,0,18.765,0,16.32,14.58,16.68,76.75,1020.745,2,4.833333333,2,233.3333333,1,8.951333333
16/07/2026 22:00,0,0,0,17.07,0,15.325,13.995,16.075,82.05,1020.92,2,4.333333333,2,207.7777778,1,8.025333333
16/07/2026 23:00,0,0,0,16.065,0,14.79,13.79,15.85,86.15,1020.915,2,4,2,215.5555556,1,7.408
17/07/2026 00:00,0,0,0,15.41,0,14.345,13.51,15.56,88.2,1020.835,2,4.111111111,2,233.3333333,1,7.613777778
17/07/2026 01:00,0,0,0,14.83,0,13.925,13.22,15.255,89.75,1020.69,2,4.111111111,2,230,1,7.613777778
17/07/2026 02:00,0,0,0,14.63,0,13.785,13.11,15.165,90.4,1020.6,2,4.388888889,2,217.7777778,1,8.128222222
17/07/2026 03:00,0,0,0,14.28,0,13.5,12.845,14.89,91,1020.365,2,4.555555556,2,251.6666667,1,8.436888889
17/07/2026 04:00,0,0.005,0,13.95,0,13.165,12.505,14.555,90.85,1020.185,2,4.055555556,2,264.4444444,1,7.510888889
17/07/2026 05:00,0,0,0,13.82,0,13.045,12.405,14.43,90.95,1020.14,2,4.5,2,257.7777778,1,8.334
17/07/2026 06:00,0,0,0,14.74,0,13.91,13.26,15.27,90.75,1020.24,2,4.555555556,2,243.3333333,1,8.436888889
17/07/2026 07:00,0,0,0,16.265,0,14.945,13.95,15.95,85.95,1020.305,2,5.444444444,2,266.1111111,1,10.08311111
17/07/2026 08:00,0,0,0,17.775,0,15.645,14.06,16.075,78.75,1020.54,2,6.5,2,295.5555556,1,12.038
17/07/2026 09:00,0,0,0,19.145,0,16.28,14.22,16.245,73,1020.6,2,7,2,303.3333333,1,12.964
17/07/2026 10:00,0,0.005,0,20.395,0,16.79,14.235,16.29,68.1,1020.535,2,7.555555556,2,301.6666667,1,13.99288889
17/07/2026 11:00,0,0,0,21.23,0,17.07,14.145,16.225,64.75,1020.45,2,8.5,2,302.2222222,1,15.742
17/07/2026 12:00,0,0,0,21.645,0,17.175,14.02,16.075,62.3,1020.63,2,8.5,2,281.6666667,1,15.742
17/07/2026 13:00,0,0,0,22.205,0,17.34,13.91,15.99,60.05,1020.68,2,8.777777778,2,286.1111111,1,16.25644444
17/07/2026 14:00,0,0,0,22.325,0,17.205,13.545,15.63,58.5,1020.66,2,9.111111111,2,281.1111111,1,16.87377778
17/07/2026 15:00,0,0,0,22.415,0,17.06,13.13,15.245,56.95,1020.61,2,9.166666667,2,271.1111111,1,16.97666667
17/07/2026 16:00,0,0,0,22.12,0,17.01,13.32,15.4,58.35,1020.455,2,10.11111111,2,272.7777778,1,18.72577778
17/07/2026 17:00,0,0,0,21.76,0,16.805,13.195,15.27,59.35,1020.47,2,9.555555556,2,295.5555556,1,17.69688889
17/07/2026 18:00,0,0,0,21.015,0,16.22,12.57,14.7,59.85,1020.565,2,9.833333333,2,297.7777778,1,18.21133333
17/07/2026 19:00,0,0,0,19.98,0,15.825,12.635,14.775,63.75,1021.015,2,9.222222222,2,298.8888889,1,17.07955556
17/07/2026 20:00,0,0,0,18.38,0,15.1,12.565,14.635,69.35,1021.525,2,8.777777778,2,285.5555556,1,16.25644444
17/07/2026 21:00,0,0,0,16.71,0,14.225,12.245,14.34,75.35,1022.29,2,8.111111111,2,287.2222222,1,15.02177778
17/07/2026 22:00,0,0,0,15.5,0,13.505,11.885,13.97,79.05,1022.815,2,7.444444444,2,303.8888889,1,13.78711111
17/07/2026 23:00,0,0,0,14.65,0,12.98,11.565,13.68,81.7,1023,2,7.055555556,2,291.6666667,1,13.06688889
18/07/2026 00:00,0,0,0,13.975,0,12.53,11.285,13.42,83.7,1023.14,2,6.722222222,2,290,0,12.44955556
18/07/2026 01:00,0,0,0,13.405,0,12.125,11.03,13.185,85.35,1023.215,2,6.666666667,2,281.6666667,0,12.34666667
18/07/2026 02:00,0,0,0,12.895,0,11.74,10.715,12.93,86.55,1023.28,2,6.166666667,2,268.3333333,0,11.42066667
18/07/2026 03:00,0,0,0,12.42,0,11.4,10.46,12.725,87.65,1023.425,2,6.444444444,2,277.7777778,0,11.93511111
18/07/2026 04:00,0,0,0,12.155,0,11.155,10.245,12.515,87.8,1023.535,2,6.444444444,2,239.4444444,0,11.93511111
18/07/2026 05:00,0,0,0,12.14,0,11.09,10.15,12.435,87.55,1023.605,2,6.666666667,2,276.6666667,0,12.34666667
18/07/2026 06:00,0,0,0,12.975,0,11.8,10.735,12.91,86.1,1023.755,2,7.388888889,2,283.3333333,0,13.68422222
18/07/2026 07:00,0,0,0,14.015,0,12.425,11.045,13.175,82.05,1023.89,2,7.333333333,2,268.3333333,0,13.58133333
18/07/2026 08:00,0,0,0,15.405,0,13.105,11.12,13.26,75.35,1024.1,2,8.944444444,2,289.4444444,0,16.56511111
18/07/2026 09:00,0,0,0,16.605,0,13.605,11.05,13.185,69.45,1024.245,2,9.055555556,2,287.7777778,0,16.77088889
18/07/2026 10:00,0,0,0,17.615,0,13.965,10.87,13.02,64.4,1024.43,2,9,2,270,0,16.668
18/07/2026 11:00,0,0,0,18.6,0,14.41,10.945,13.095,61.05,1024.405,2,9.277777778,2,301.1111111,0,17.18244444
18/07/2026 12:00,0,0,0,19.2,0,14.765,11.16,13.285,59.75,1024.49,2,9.444444444,2,275.5555556,0,17.49111111
18/07/2026 13:00,0,0,0,19.7,0,14.95,11.085,13.235,57.6,1024.42,2,9.333333333,2,299.4444444,0,17.28533333
18/07/2026 14:00,0,0,0,19.8,0,15.065,11.21,13.36,57.85,1024.435,2,9.666666667,2,311.6666667,0,17.90266667
18/07/2026 15:00,0,0,0,19.975,0,15.165,11.285,13.42,57.65,1024.41,2,9.944444444,2,291.6666667,0,18.41711111
18/07/2026 16:00,0,0,0,19.79,0,14.91,10.91,13.075,56.9,1024.23,2,9.888888889,2,275,0,18.31422222
18/07/2026 17:00,0,0,0,19.255,0,14.69,10.905,13.09,59,1024.135,2,10.16666667,2,275,0,18.82866667
18/07/2026 18:00,0,0,0,18.69,0,14.435,10.86,13.075,61,1024.375,2,9.555555556,2,238.8888889,0,17.69688889
18/07/2026 19:00,0,0,0,17.765,0,14.04,10.88,13.085,64.5,1024.66,2,9.277777778,2,266.1111111,0,17.18244444
18/07/2026 20:00,0,0,0,16.485,0,13.445,10.81,13.01,69.25,1024.9,2,8.444444444,2,226.6666667,0,15.63911111
18/07/2026 21:00,0,0,0,15.135,0,12.805,10.725,12.925,74.75,1025.485,2,7,2,215,0,12.964
18/07/2026 22:00,0,0,0,14.2,0,12.31,10.63,12.835,78.55,1025.85,2,5.944444444,2,225,0,11.00911111
18/07/2026 23:00,0,0,0,13.61,0,11.995,10.55,12.78,81.55,1026.2,2,5.666666667,2,222.7777778,0,10.49466667
19/07/2026 00:00,0,0,0,13.175,0,11.725,10.41,12.645,83,1026.38,2,5.444444444,2,192.7777778,0,10.08311111
19/07/2026 01:00,0,0,0,12.925,0,11.595,10.36,12.605,84.05,1026.33,2,5.666666667,2,232.2222222,0,10.49466667
19/07/2026 02:00,0,0,0,12.33,0,11.045,9.86,12.185,84.75,1026.425,2,5.222222222,2,231.1111111,0,9.671555556
19/07/2026 03:00,0,0,0,12.04,0,10.835,9.73,12.075,85.65,1026.44,2,5.777777778,2,200,0,10.70044444
19/07/2026 04:00,0,0,0,11.66,0,10.645,9.685,12.035,87.4,1026.625,2,5.611111111,2,231.6666667,0,10.39177778
19/07/2026 05:00,0,0,0,11.57,0,10.58,9.65,12,87.75,1026.825,2,5.555555556,2,231.1111111,0,10.28888889
19/07/2026 06:00,0,0,0,12.515,0,11.31,10.195,12.445,85.65,1027.115,2,5.833333333,2,255,0,10.80333333
19/07/2026 07:00,0,0,0,13.85,0,12.035,10.38,12.6,79.35,1027.38,2,6.888888889,2,235.5555556,0,12.75822222
19/07/2026 08:00,0,0,0,15.03,0,12.595,10.43,12.63,73.65,1027.68,2,8.166666667,2,240.5555556,0,15.12466667
19/07/2026 09:00,0,0,0,16.34,0,13.24,10.56,12.765,68.25,1027.815,2,8.055555556,2,239.4444444,0,14.91888889
19/07/2026 10:00,0,0,0,17.535,0,13.745,10.445,12.68,63.05,1028.065,2,7.388888889,2,203.3333333,0,13.68422222
19/07/2026 11:00,0,0,0,18.56,0,14.205,10.52,12.725,59.4,1028.165,2,7.444444444,2,220,0,13.78711111
19/07/2026 12:00,0,0,0,19.51,0,14.705,10.655,12.865,56.75,1028.2,2,7.611111111,2,205,0,14.09577778
19/07/2026 13:00,0,0,0,20.065,0,14.88,10.5,12.77,54.8,1027.995,2,7.944444444,2,210.5555556,0,14.71311111
19/07/2026 14:00,0,0,0,20.615,0,15.155,10.585,12.86,53.4,1027.915,2,7.722222222,2,181.6666667,0,14.30155556
19/07/2026 15:00,0,0,0,21.095,0,15.325,10.485,12.815,51.95,1027.93,2,7.444444444,2,163.3333333,0,13.78711111
19/07/2026 16:00,0,0,0,21.04,0,15.235,10.315,12.665,51.5,1027.84,2,7.555555556,2,166.1111111,0,13.99288889
19/07/2026 17:00,0,0,0,20.71,0,15.26,10.685,12.99,54.05,1027.675,2,8.388888889,2,226.6666667,0,15.53622222
19/07/2026 18:00,0,0,0,20.105,0,15.005,10.69,13.03,56.3,1027.72,2,8.055555556,2,203.3333333,0,14.91888889
19/07/2026 19:00,0,0,0,19.22,0,14.815,11.15,13.38,60.8,1027.965,2,7.333333333,2,227.2222222,0,13.58133333
19/07/2026 20:00,0,0,0,17.72,0,14.24,11.35,13.48,66.85,1028.415,2,6.888888889,2,209.4444444,0,12.75822222
19/07/2026 21:00,0,0,0,15.89,0,13.49,11.425,13.55,74.6,1028.91,2,5.944444444,2,237.2222222,0,11.00911111
19/07/2026 22:00,0,0,0,14.625,0,12.8,11.245,13.385,79.85,1029.39,2,5.333333333,2,223.3333333,0,9.877333333
19/07/2026 23:00,0,0,0,13.65,0,12.29,11.08,13.24,84.05,1029.65,2,4.5,2,232.2222222,0,8.334
20/07/2026 00:00,0,0,0,12.765,0,11.65,10.615,12.845,86.4,1029.67,2,4.111111111,2,166.1111111,1,7.613777778
20/07/2026 01:00,0,0,0,12.25,0,11.145,10.12,12.435,86.65,1029.645,2,3.888888889,2,227.2222222,1,7.202222222
20/07/2026 02:00,0,0.005,0,11.57,0,10.68,9.81,12.195,89,1029.715,2,3.555555556,2,245,1,6.584888889
20/07/2026 03:00,0,0.015,0,11.33,0,10.56,9.81,12.19,90.1,1029.82,2,4,2,237.7777778,1,7.408
20/07/2026 04:00,0,0,0,11.15,0,10.475,9.825,12.235,91.35,1029.905,2,4.222222222,2,232.2222222,1,7.819555556
20/07/2026 05:00,0,0,0,11.325,0,10.67,10.045,12.425,91.6,1029.945,2,4.111111111,2,244.4444444,1,7.613777778
20/07/2026 06:00,0,0.005,0,12.48,0,11.695,10.99,13.18,90.35,1030.225,2,4.444444444,2,210.5555556,1,8.231111111
20/07/2026 07:00,0,0,0,14.085,0,12.825,11.72,13.795,85.45,1030.585,2,5,2,252.2222222,1,9.26
20/07/2026 08:00,0,0,0,15.46,0,13.63,12.09,14.14,80.25,1030.745,2,5.277777778,2,221.1111111,1,9.774444444
20/07/2026 09:00,0,0,0,16.6,0,14.195,12.255,14.295,75.55,1030.715,2,5.777777778,2,220,1,10.70044444
20/07/2026 10:00,0,0,0,17.37,0,14.56,12.31,14.345,72.35,1030.63,2,6.111111111,2,255,1,11.31777778
20/07/2026 11:00,0,0,0,17.985,0,14.815,12.305,14.325,69.7,1030.645,2,7.277777778,2,245,1,13.47844444
20/07/2026 12:00,0,0,0,18.22,0,14.895,12.225,14.28,68.5,1030.685,2,7.666666667,2,266.6666667,1,14.19866667
20/07/2026 13:00,0,0,0,18.93,0,15.29,12.43,14.47,66.6,1030.62,2,7.333333333,2,283.3333333,1,13.58133333
20/07/2026 14:00,0,0,0,19.355,0,15.555,12.64,14.65,65.85,1030.5,2,8.166666667,2,274.4444444,1,15.12466667
20/07/2026 15:00,0,0,0,19.485,0,15.745,12.915,14.92,66.3,1030.475,2,9,2,272.2222222,1,16.668
20/07/2026 16:00,0,0,0,19.46,0,15.715,12.84,14.845,66.3,1030.395,2,8.722222222,2,271.1111111,1,16.15355556
20/07/2026 17:00,0,0.005,0,19.015,0,15.565,12.97,14.965,68.85,1030.335,2,8.666666667,2,259.4444444,1,16.05066667
20/07/2026 18:00,0,0,0,18.61,0,15.425,13.01,15.015,70.6,1030.33,2,8.277777778,2,261.6666667,1,15.33044444
20/07/2026 19:00,0,0.005,0,17.835,0,15.15,13.11,15.105,74.45,1030.515,2,7.944444444,2,238.3333333,1,14.71311111
20/07/2026 20:00,0,0.005,0,16.92,0,14.755,13.095,15.09,78.2,1030.72,2,7.5,2,261.1111111,1,13.89
20/07/2026 21:00,0,0,0,15.905,0,14.23,12.915,14.915,82.35,1031.145,2,6.888888889,2,262.2222222,1,12.75822222
20/07/2026 22:00,0,0,0,15.235,0,13.88,12.795,14.8,85.1,1031.37,2,6.166666667,2,266.1111111,1,11.42066667
20/07/2026 23:00,0,0,0,14.745,0,13.585,12.65,14.66,86.85,1031.415,2,5.833333333,2,248.8888889,1,10.80333333
21/07/2026 00:00,0,0,0,14.44,0,13.395,12.515,14.525,87.85,1031.44,2,6.388888889,2,283.3333333,1,11.83222222
21/07/2026 01:00,0,0.01,0,14.18,0,13.2,12.395,14.405,88.95,1031.565,2,6.444444444,2,281.6666667,1,11.93511111
21/07/2026 02:00,0,0.01,0,14.19,0,13.19,12.345,14.365,88.4,1031.555,2,6.777777778,2,286.6666667,1,12.55244444
21/07/2026 03:00,0,0.01,0,14.11,0,13.09,12.235,14.25,88.15,1031.585,2,6.888888889,2,308.8888889,1,12.75822222
21/07/2026 04:00,0,0.03,0,13.96,0,13.045,12.26,14.28,89.2,1031.705,2,6.111111111,2,305,1,11.31777778
21/07/2026 05:00,0,0.015,0,13.96,0,13.045,12.275,14.29,89.35,1031.905,2,6.111111111,2,285,1,11.31777778
21/07/2026 06:00,0,0.01,0,14.105,0,13.14,12.325,14.355,88.7,1032.11,2,6,2,267.2222222,1,11.112
21/07/2026 07:00,0,0,0,14.545,0,13.315,12.27,14.3,85.9,1032.215,2,6.277777778,2,306.1111111,1,11.62644444
21/07/2026 08:00,0,0,0,15.075,0,13.55,12.265,14.29,82.9,1032.265,2,6.722222222,2,310,1,12.44955556
21/07/2026 09:00,0,0.005,0,15.875,0,13.94,12.385,14.4,79.5,1032.325,2,7.166666667,2,291.1111111,1,13.27266667
21/07/2026 10:00,0,0.005,0,16.565,0,14.26,12.4,14.42,76.2,1032.275,2,7.555555556,2,306.1111111,1,13.99288889
21/07/2026 11:00,0,0,0,17.28,0,14.56,12.395,14.415,73,1032.36,2,7.888888889,2,289.4444444,1,14.61022222
21/07/2026 12:00,0,0,0,17.89,0,14.88,12.535,14.53,70.65,1032.265,2,7.944444444,2,286.6666667,1,14.71311111
21/07/2026 13:00,0,0,0,18.435,0,15.195,12.72,14.715,69.45,1032.31,2,8.222222222,2,267.7777778,1,15.22755556
21/07/2026 14:00,0,0,0,18.53,0,15.31,12.835,14.84,69.45,1032.36,2,8.333333333,2,271.6666667,1,15.43333333
21/07/2026 15:00,0,0,0,18.525,0,15.275,12.775,14.775,69.3,1032.425,2,9,2,257.2222222,1,16.668
21/07/2026 16:00,0,0,0,18.295,0,15.15,12.73,14.72,69.9,1032.255,2,9.5,2,237.7777778,1,17.594
21/07/2026 17:00,0,0,0,18.025,0,14.97,12.595,14.605,70.25,1032.115,2,8.888888889,2,255.5555556,1,16.46222222
21/07/2026 18:00,0,0,0,17.615,0,14.76,12.505,14.515,71.7,1031.995,2,8.611111111,2,241.1111111,1,15.94777778
21/07/2026 19:00,0,0,0,16.93,0,14.27,12.135,14.185,73.15,1031.995,2,8.777777778,2,241.1111111,1,16.25644444
21/07/2026 20:00,0,0,0,16.375,0,13.93,11.92,13.995,74.65,1032.05,2,8,2,281.6666667,1,14.816
21/07/2026 21:00,0,0,0,15.71,0,13.52,11.67,13.765,76.65,1032.285,2,7.333333333,2,252.2222222,1,13.58133333
21/07/2026 22:00,0,0,0,15.165,0,13.16,11.445,13.56,78.2,1032.33,2,7.444444444,2,269.4444444,1,13.78711111
21/07/2026 23:00,0,0,0,14.69,0,12.82,11.19,13.33,79.45,1032.275,2,7.277777778,2,247.7777778,1,13.47844444
22/07/2026 00:00,0,0,0,14.32,0,12.53,10.91,13.1,79.7,1032.21,2,7.111111111,2,270.5555556,1,13.16977778
22/07/2026 01:00,0,0,0,13.98,0,12.32,10.815,13.005,80.9,1031.875,2,6.666666667,2,252.7777778,1,12.34666667
22/07/2026 02:00,0,0,0,13.79,0,12.19,10.75,12.935,81.6,1031.49,2,6.944444444,2,292.7777778,1,12.86111111
22/07/2026 03:00,0,0,0,13.645,0,12.14,10.77,12.955,82.5,1031.225,2,6.5,2,253.8888889,1,12.038
22/07/2026 04:00,0,0.005,0,13.54,0,12.075,10.74,12.92,82.8,1031.185,2,6.055555556,2,283.3333333,1,11.21488889
22/07/2026 05:00,0,0,0,13.36,0,12.025,10.805,12.99,84.25,1030.96,2,6.444444444,2,263.3333333,1,11.93511111
22/07/2026 06:00,0,0,0,13.68,0,12.255,10.935,13.105,83.25,1030.96,2,6.444444444,2,261.1111111,1,11.93511111
22/07/2026 07:00,0,0.005,0,14.5,0,12.77,11.25,13.39,80.75,1030.965,2,6.833333333,2,245,1,12.65533333
22/07/2026 08:00,0,0,0,15.57,0,13.32,11.38,13.5,75.85,1030.795,2,7.944444444,2,271.1111111,1,14.71311111
22/07/2026 09:00,0,0,0,16.78,0,13.765,11.18,13.31,69.25,1030.72,2,7.888888889,2,238.3333333,1,14.61022222
22/07/2026 10:00,0,0,0,17.58,0,14.115,11.185,13.33,66.15,1030.63,2,8.833333333,2,259.4444444,1,16.35933333
22/07/2026 11:00,0,0,0,18.3,0,14.685,11.71,13.805,65.6,1030.445,2,8.5,2,256.6666667,1,15.742
22/07/2026 12:00,0,0,0,19.19,0,15.31,12.23,14.3,64.6,1030.1,2,8.666666667,2,267.2222222,1,16.05066667
22/07/2026 13:00,0,0,0,19.84,0,15.805,12.69,14.735,63.7,1029.635,2,8.944444444,2,247.2222222,1,16.56511111
22/07/2026 14:00,0,0,0,20.395,0,16.22,13.08,15.115,63,1029.225,2,8.666666667,2,163.8888889,1,16.05066667
22/07/2026 15:00,0,0,0,20.575,0,16.44,13.38,15.405,63.6,1028.91,2,8.833333333,2,221.1111111,1,16.35933333
22/07/2026 16:00,0,0,0,20.57,0,16.485,13.485,15.48,64,1028.6,2,9.055555556,2,186.1111111,1,16.77088889
22/07/2026 17:00,0,0,0,20.625,0,16.505,13.495,15.5,63.65,1028.415,2,9.277777778,2,209.4444444,1,17.18244444
22/07/2026 18:00,0,0,0,20.335,0,16.42,13.57,15.57,65.15,1028.235,2,9.333333333,2,132.7777778,1,17.28533333
22/07/2026 19:00,0,0,0,19.67,0,16.14,13.545,15.525,67.6,1028.17,2,8.722222222,2,151.6666667,1,16.15355556
22/07/2026 20:00,0,0,0,18.72,0,15.655,13.365,15.355,70.9,1028.255,2,7.5,2,153.3333333,1,13.89
22/07/2026 21:00,0,0,0,17.36,0,14.91,13,14.995,75.4,1028.48,2,5.944444444,2,231.6666667,1,11.00911111
22/07/2026 22:00,0,0,0,16.235,0,14.315,12.75,14.76,79.65,1028.56,2,5,2,240,1,9.26
22/07/2026 23:00,0,0,0,15.435,0,13.755,12.385,14.415,81.9,1028.31,2,4.833333333,2,242.7777778,1,8.951333333
23/07/2026 00:00,0,0,0,14.635,0,13.325,12.205,14.255,85.2,1028.19,2,4.444444444,2,219.4444444,1,8.231111111
23/07/2026 01:00,0,0,0,14.255,0,13.12,12.155,14.21,86.85,1028.025,2,4.222222222,2,215.5555556,1,7.819555556
23/07/2026 02:00,0,0,0,14.02,0,12.965,12.055,14.11,87.55,1027.92,2,4.166666667,2,212.7777778,1,7.716666667
23/07/2026 03:00,0,0,0,13.715,0,12.74,11.91,13.985,88.55,1027.72,2,3.944444444,2,262.2222222,1,7.305111111
23/07/2026 04:00,0,0,0,13.37,0,12.475,11.695,13.795,89.4,1027.525,2,4,2,208.8888889,1,7.408
23/07/2026 05:00,0,0,0,13.15,0,12.335,11.64,13.74,90.4,1027.45,2,3.777777778,2,223.8888889,1,6.996444444
23/07/2026 06:00,0,0,0,14,0,13.07,12.285,14.315,89.1,1027.235,2,3.722222222,2,229.4444444,1,6.893555556
23/07/2026 07:00,0,0,0,15.595,0,14.005,12.74,14.735,82.85,1027.265,2,3.888888889,2,207.7777778,1,7.202222222
23/07/2026 08:00,0,0,0,17.085,0,14.64,12.695,14.7,75,1027.255,2,5.5,2,231.1111111,1,10.186
23/07/2026 09:00,0,0,0,18.22,0,15.05,12.56,14.56,69.4,1027.2,2,6.333333333,2,210.5555556,1,11.72933333
23/07/2026 10:00,0,0,0,19.195,0,15.59,12.815,14.82,66.5,1027.11,2,6.555555556,2,176.1111111,1,12.14088889
23/07/2026 11:00,0,0,0,19.58,0,15.605,12.51,14.54,63.85,1026.91,2,7.277777778,2,203.3333333,1,13.47844444
23/07/2026 12:00,0,0,0,19.825,0,15.73,12.57,14.62,63.2,1026.685,2,7.555555556,2,242.7777778,1,13.99288889
23/07/2026 13:00,0,0,0,20.035,0,15.8,12.565,14.585,62.35,1026.57,2,7.611111111,2,233.3333333,1,14.09577778
23/07/2026 14:00,0,0,0,20.14,0,15.91,12.675,14.7,62.35,1026.235,2,7.333333333,2,242.7777778,1,13.58133333
23/07/2026 15:00,0,0,0,20.025,0,15.865,12.665,14.71,63.1,1025.92,2,7.388888889,2,282.2222222,1,13.68422222
23/07/2026 16:00,0,0,0,20.015,0,15.795,12.55,14.565,62.55,1025.495,2,7.388888889,2,259.4444444,1,13.68422222
23/07/2026 17:00,0,0,0,19.945,0,15.77,12.545,14.565,62.9,1025.105,2,7.333333333,2,264.4444444,1,13.58133333
23/07/2026 18:00,0,0,0,19.41,0,15.57,12.6,14.645,65.2,1024.76,2,6.888888889,2,262.7777778,1,12.75822222
23/07/2026 19:00,0,0,0,18.705,0,15.26,12.58,14.605,68.1,1024.655,2,6.888888889,2,270,1,12.75822222
23/07/2026 20:00,0,0,0,17.69,0,14.77,12.47,14.49,71.5,1024.505,2,6.277777778,2,257.7777778,1,11.62644444
23/07/2026 21:00,0,0,0,16.54,0,14.245,12.4,14.42,76.45,1024.545,2,5.444444444,2,218.3333333,1,10.08311111
23/07/2026 22:00,0,0,0,15.61,0,13.705,12.14,14.195,79.8,1024.505,2,4.888888889,2,233.3333333,1,9.054222222
23/07/2026 23:00,0,0,0,14.765,0,13.115,11.725,13.825,82.1,1024.345,2,4.777777778,2,293.8888889,1,8.848444444
24/07/2026 00:00,0,0,0,14.205,0,12.81,11.64,13.745,84.5,1024.14,2,4.888888889,2,273.8888889,1,9.054222222
24/07/2026 01:00,0,0,0,13.41,0,12.265,11.29,13.43,86.8,1023.815,2,4.833333333,2,262.7777778,1,8.951333333
24/07/2026 02:00,0,0,0,12.85,0,11.885,11.065,13.245,88.75,1023.455,2,4.777777778,2,246.6666667,1,8.848444444
24/07/2026 03:00,0,0.015,0,13.02,0,12.18,11.435,13.57,89.95,1022.89,2,5.111111111,2,241.1111111,1,9.465777778
24/07/2026 04:00,0,0.005,0,13.28,0,12.495,11.84,13.905,90.85,1022.34,2,4.722222222,2,219.4444444,1,8.745555556
24/07/2026 05:00,0,0.03,0,13.415,0,12.62,11.945,13.995,90.7,1022.085,2,4.888888889,2,235,1,9.054222222
24/07/2026 06:00,0,0.015,0,13.93,0,12.99,12.18,14.195,88.85,1022.1,2,5.5,2,231.1111111,1,10.186
24/07/2026 07:00,0,0.005,0,15.065,0,13.68,12.555,14.54,84.75,1021.955,2,5.888888889,2,233.8888889,1,10.90622222
24/07/2026 08:00,0,0,0,15.955,0,14.065,12.52,14.53,79.75,1021.675,2,7.5,2,256.6666667,1,13.89
24/07/2026 09:00,0,0.02,0,16.785,0,14.39,12.445,14.46,75.3,1021.37,2,8.055555556,2,281.6666667,1,14.91888889
24/07/2026 10:00,0,0,0,17.435,0,14.655,12.43,14.445,72.05,1021.03,2,9,2,279.4444444,1,16.668
24/07/2026 11:00,0,0,0,18.145,0,14.98,12.505,14.505,69.4,1020.6,2,9.277777778,2,278.3333333,1,17.18244444
24/07/2026 12:00,0,0.005,0,19.115,0,15.48,12.685,14.69,66.15,1019.93,2,9.666666667,2,278.3333333,1,17.90266667
24/07/2026 13:00,0,0,0,19.815,0,15.765,12.665,14.675,63.4,1019.36,2,10.27777778,2,272.7777778,1,19.03444444
24/07/2026 14:00,0,0,0,20.3,0,16.015,12.79,14.785,62.05,1018.65,2,10.11111111,2,271.6666667,1,18.72577778
24/07/2026 15:00,0,0,0,20.535,0,16.18,12.89,14.9,61.85,1018.105,2,10.05555556,2,275,1,18.62288889
24/07/2026 16:00,0,0,0,20.72,0,16.27,12.975,14.97,61.85,1017.71,2,9.833333333,2,276.1111111,1,18.21133333
24/07/2026 17:00,0,0,0,19.975,0,15.96,12.955,14.96,64.95,1017.34,2,10.27777778,2,268.8888889,1,19.03444444
24/07/2026 18:00,0,0,0,19.215,0,15.505,12.65,14.665,66.5,1016.975,2,9.833333333,2,275.5555556,1,18.21133333
24/07/2026 19:00,0,0.005,0,18.145,0,15.105,12.73,14.735,70.9,1016.66,2,9.388888889,2,279.4444444,1,17.38822222
24/07/2026 20:00,0,0.005,0,17.33,0,14.73,12.685,14.69,74.5,1016.39,2,8.611111111,2,279.4444444,1,15.94777778
24/07/2026 21:00,0,0.01,0,16.485,0,14.39,12.71,14.71,78.35,1016.32,2,8.666666667,2,275,1,16.05066667
24/07/2026 22:00,0,0.01,0,15.885,0,14.12,12.69,14.69,81.15,1016.165,2,8.944444444,2,268.8888889,1,16.56511111
24/07/2026 23:00,0,0,0,15.52,0,13.925,12.64,14.66,82.85,1015.805,2,8.333333333,2,271.1111111,1,15.43333333
25/07/2026 00:00,0,0,0,15.185,0,13.755,12.575,14.58,84.25,1015.435,2,7.944444444,2,265,0,14.71311111
25/07/2026 01:00,0,0,0,14.99,0,13.65,12.545,14.565,85.15,1014.82,2,8.888888889,2,254.4444444,0,16.46222222
25/07/2026 02:00,0,0,0,14.885,0,13.63,12.62,14.63,86.2,1014.145,2,9.166666667,2,253.8888889,0,16.97666667
25/07/2026 03:00,0,0,0,14.925,0,13.695,12.685,14.69,86.25,1013.195,2,9.277777778,2,253.3333333,0,17.18244444
25/07/2026 04:00,0,0.01,0,14.98,0,13.715,12.7,14.71,85.95,1012.485,2,9.944444444,2,252.7777778,0,18.41711111
25/07/2026 05:00,0,0.09,0,15.015,0,13.82,12.855,14.865,86.65,1011.92,2,10.16666667,2,253.3333333,0,18.82866667
25/07/2026 06:00,0,0.19,0,15.425,0,14.125,13.035,15.045,85.6,1011.5,2,10.66666667,2,250.5555556,0,19.75466667
25/07/2026 07:00,0,0.22,0,15.795,0,14.37,13.22,15.23,84.65,1011.22,2,10.88888889,2,253.8888889,0,20.16622222
25/07/2026 08:00,0,0.14,0,16.125,0,14.67,13.48,15.49,84.45,1010.88,2,10.88888889,2,253.8888889,0,20.16622222
25/07/2026 09:00,0,0.16,0,16.205,0,14.965,14.005,16.04,87,1010.465,2,11.72222222,2,260.5555556,0,21.70955556
25/07/2026 10:00,0,0.075,0,16.44,0,15.245,14.315,16.36,87.3,1010.205,2,11.33333333,2,263.3333333,0,20.98933333
25/07/2026 11:00,0,0.085,0,16.89,0,15.65,14.715,16.78,87,1009.985,2,11.11111111,2,268.8888889,0,20.57777778
25/07/2026 12:00,0,0.02,0,17.515,0,16.04,14.975,17.045,85,1009.72,2,10.83333333,2,270,0,20.06333333
25/07/2026 13:00,0,0.005,0,18.34,0,16.53,15.27,17.37,82.55,1009.525,2,10.77777778,2,272.2222222,0,19.96044444
25/07/2026 14:00,0,0.04,0,18.855,0,16.78,15.375,17.495,80.6,1009.285,2,11,2,266.1111111,0,20.372
25/07/2026 15:00,0,0.065,0,18.79,0,16.805,15.46,17.58,81.5,1009.07,2,10.88888889,2,268.8888889,0,20.16622222
25/07/2026 16:00,0,0.27,0,18.755,0,16.915,15.695,17.84,83.05,1008.455,2,10.61111111,2,263.8888889,0,19.65177778
25/07/2026 17:00,0,0.24,0,18.2,0,16.755,15.8,17.955,86.35,1007.92,2,10.38888889,2,259.4444444,0,19.24022222
25/07/2026 18:00,0,0.155,0,17.925,0,16.685,15.86,18.03,88.1,1007.525,2,10.22222222,2,253.8888889,0,18.93155556
25/07/2026 19:00,0,0.225,0,17.605,0,16.53,15.825,17.985,89.55,1007.125,2,10.44444444,2,252.2222222,0,19.34311111
25/07/2026 20:00,0,0.15,0,17.215,0,16.4,15.84,17.995,91.6,1006.6,2,10.88888889,2,251.1111111,0,20.16622222
25/07/2026 21:00,0,0.13,0,16.85,0,16.21,15.77,17.91,93.05,1006.345,2,11.44444444,2,252.7777778,0,21.19511111
25/07/2026 22:00,0,0.16,0,16.6,0,15.98,15.545,17.66,93.2,1006.255,2,12.05555556,2,259.4444444,0,22.32688889
25/07/2026 23:00,0,0.14,0,16.4,0,15.72,15.245,17.345,92.8,1006.035,2,12.38888889,2,266.6666667,0,22.94422222
26/07/2026 00:00,0,0.065,0,16.08,0,15.26,14.66,16.705,91.1,1005.85,2,12.88888889,2,270,0,23.87022222
26/07/2026 01:00,0,0.11,0,15.605,0,14.775,14.14,16.16,90.8,1005.83,2,13.11111111,2,276.1111111,0,24.28177778
26/07/2026 02:00,0,0.15,0,15.21,0,14.185,13.37,15.35,88.65,1006.005,2,12.94444444,2,281.1111111,0,23.97311111
26/07/2026 03:00,0,0.055,0,14.805,0,13.745,12.87,14.87,88,1006.175,2,13.5,2,284.4444444,0,25.002
26/07/2026 04:00,0,0.105,0,14.565,0,13.515,12.64,14.64,88,1006.56,2,13.38888889,2,282.7777778,0,24.79622222
26/07/2026 05:00,0,0.035,0,14.425,0,13.295,12.34,14.36,87.15,1006.935,2,13.11111111,2,286.6666667,0,24.28177778
26/07/2026 06:00,0,0.05,0,14.41,0,13.325,12.42,14.425,87.6,1007.3,2,12,2,283.8888889,0,22.224
26/07/2026 07:00,0,0.025,0,14.85,0,13.535,12.435,14.445,85.25,1007.83,2,11.83333333,2,287.7777778,0,21.91533333
26/07/2026 08:00,0,0.07,0,15.06,0,13.6,12.405,14.425,83.9,1008.435,2,13,2,288.8888889,0,24.076
26/07/2026 09:00,0,0.04,0,15.48,0,13.82,12.455,14.465,82.05,1009.05,2,13.11111111,2,289.4444444,0,24.28177778
26/07/2026 10:00,0,0.045,0,16.24,0,14.09,12.34,14.355,77.9,1009.425,2,13.88888889,2,288.3333333,0,25.72222222
26/07/2026 11:00,0,0.08,0,16.64,0,14.225,12.235,14.26,75.45,1010.015,2,14.38888889,2,290,0,26.64822222
26/07/2026 12:00,0,0.06,0,16.93,0,14.42,12.395,14.415,75.05,1010.41,2,14.66666667,2,290,0,27.16266667
26/07/2026 13:00,0,0.02,0,17.18,0,14.44,12.225,14.26,72.85,1010.96,2,14.61111111,2,288.3333333,0,27.05977778
26/07/2026 14:00,0,0.02,0,17.18,0,14.45,12.25,14.285,72.95,1011.425,2,15.16666667,2,290,0,28.08866667
26/07/2026 15:00,0,0,0,17.03,0,14.28,12.045,14.09,72.6,1011.8,2,14.72222222,2,289.4444444,0,27.26555556
26/07/2026 16:00,0,0.015,0,17.01,0,14.17,11.87,13.91,71.8,1012.2,2,14.27777778,2,287.7777778,0,26.44244444
26/07/2026 17:00,0,0.025,0,16.655,0,13.97,11.75,13.82,73.1,1012.8,2,13.66666667,2,290,0,25.31066667
26/07/2026 18:00,0,0.01,0,16.22,0,13.755,11.665,13.725,74.45,1013.175,2,12.83333333,2,292.7777778,0,23.76733333
26/07/2026 19:00,0,0.03,0,15.71,0,13.45,11.545,13.615,76.25,1013.815,2,12.44444444,2,290,0,23.04711111
26/07/2026 20:00,0,0.02,0,15.04,0,13.27,11.78,13.84,80.85,1014.34,2,10.66666667,2,288.8888889,0,19.75466667
26/07/2026 21:00,0,0.03,0,14.545,0,13.035,11.765,13.81,83.25,1014.965,2,9.722222222,2,287.2222222,0,18.00555556
26/07/2026 22:00,0,0.035,0,14.17,0,12.89,11.79,13.855,85.3,1015.355,2,8.833333333,2,280.5555556,0,16.35933333
26/07/2026 23:00,0,0.025,0,14.065,0,12.885,11.89,13.935,86.5,1015.72,2,7.611111111,2,274.4444444,0,14.09577778
27/07/2026 00:00,0,0.035,0,14.005,0,12.93,11.995,14.06,87.5,1015.94,2,7.055555556,2,269.4444444,1,13.06688889
27/07/2026 01:00,0,0.055,0,13.915,0,12.95,12.1,14.16,88.6,1016.1,2,6.5,2,268.3333333,1,12.038
27/07/2026 02:00,0,0.005,0,13.975,0,13.015,12.205,14.24,88.8,1016.26,2,6.5,2,252.2222222,1,12.038
27/07/2026 03:00,0,0.025,0,14.025,0,13.12,12.335,14.37,89.25,1016.125,2,6.388888889,2,240,1,11.83222222
27/07/2026 04:00,0,0.035,0,13.95,0,13.185,12.515,14.555,90.75,1016.015,2,6.111111111,2,231.1111111,1,11.31777778
27/07/2026 05:00,0,0.035,0,14.23,0,13.48,12.865,14.895,91.25,1015.87,2,6.166666667,2,228.3333333,1,11.42066667
27/07/2026 06:00,0,0.01,0,14.7,0,14.01,13.45,15.475,91.9,1015.97,2,6.5,2,223.8888889,1,12.038
27/07/2026 07:00,0,0.09,0,15.28,0,14.605,14.065,16.09,92.05,1016.185,2,6.944444444,2,220,1,12.86111111
27/07/2026 08:00,0,0.005,0,16.01,0,15.27,14.705,16.77,91.8,1016.35,2,7.944444444,2,222.2222222,1,14.71311111
27/07/2026 09:00,0,0.01,0,16.635,0,15.715,15.055,17.145,90.3,1016.515,2,8.5,2,231.1111111,1,15.742
27/07/2026 10:00,0,0.055,0,17.41,0,16.34,15.605,17.745,89.05,1016.67,2,8.555555556,2,235.5555556,1,15.84488889
27/07/2026 11:00,0,0.03,0,17.89,0,16.865,16.165,18.395,89.65,1016.955,2,9.222222222,2,243.8888889,1,17.07955556
27/07/2026 12:00,0,0.035,0,18.385,0,17.185,16.4,18.665,88.3,1017.055,2,9.444444444,2,244.4444444,1,17.49111111
27/07/2026 13:00,0,0.01,0,18.98,0,17.55,16.635,18.945,86.4,1017.18,2,9.833333333,2,245.5555556,1,18.21133333
27/07/2026 14:00,0,0.02,0,19.385,0,17.8,16.76,19.11,85,1017.15,2,9.888888889,2,243.8888889,1,18.31422222
27/07/2026 15:00,0,0.01,0,19.66,0,17.86,16.715,19.03,83.35,1017.15,2,9.944444444,2,242.2222222,1,18.41711111
27/07/2026 16:00,0,0.03,0,19.75,0,17.905,16.75,19.06,83.2,1017.055,2,9.888888889,2,240.5555556,1,18.31422222
27/07/2026 17:00,0,0.155,0,19.69,0,17.835,16.675,19,83.25,1016.89,2,9.611111111,2,238.3333333,1,17.79977778
27/07/2026 18:00,0,0.085,0,19.235,0,17.645,16.64,18.955,85.35,1016.68,2,9.277777778,2,233.8888889,1,17.18244444
27/07/2026 19:00,0,0.2,0,18.82,0,17.44,16.565,18.855,87.05,1016.405,2,8.388888889,2,229.4444444,1,15.53622222
27/07/2026 20:00,0,0.54,0,18.45,0,17.29,16.54,18.835,88.65,1016.315,2,8.277777778,2,215.5555556,1,15.33044444
27/07/2026 21:00,0,0.495,0,18.165,0,17.2,16.555,18.845,90.2,1016.3,2,8.055555556,2,215.5555556,1,14.91888889
27/07/2026 22:00,0,0.6,0,18.105,0,17.29,16.75,19.075,91.6,1016.19,2,8.444444444,2,210,1,15.63911111
27/07/2026 23:00,0,0.23,0,18.035,0,17.305,16.84,19.195,92.6,1015.825,2,8.444444444,2,206.6666667,1,15.63911111
28/07/2026 00:00,0,0.01,0,18.04,0,17.33,16.865,19.215,92.75,1015.485,2,8.5,2,209.4444444,1,15.742
28/07/2026 01:00,0,0.045,0,18.115,0,17.33,16.815,19.16,92.05,1015.13,2,9.555555556,2,209.4444444,1,17.69688889
28/07/2026 02:00,0,0.055,0,18.04,0,17.26,16.72,19.055,91.8,1014.8,2,10.72222222,2,207.7777778,1,19.85755556
28/07/2026 03:00,0,0.155,0,17.915,0,17.065,16.495,18.78,91.1,1014.535,2,10.61111111,2,206.6666667,1,19.65177778
28/07/2026 04:00,0,0.155,0,17.72,0,16.845,16.265,18.515,91.1,1014.36,2,10.61111111,2,207.7777778,1,19.65177778
28/07/2026 05:00,0,0.085,0,17.525,0,16.635,16.05,18.245,90.75,1014.25,2,10.72222222,2,212.2222222,1,19.85755556
28/07/2026 06:00,0,0.015,0,17.49,0,16.49,15.79,17.955,89.55,1014.23,2,10.33333333,2,211.6666667,1,19.13733333
28/07/2026 07:00,0,0,0,17.86,0,16.53,15.645,17.77,86.75,1014.365,2,10.5,2,213.3333333,1,19.446
28/07/2026 08:00,0,0.02,0,18.27,0,16.625,15.475,17.605,83.7,1014.61,2,10.5,2,215.5555556,1,19.446
28/07/2026 09:00,0,0.04,0,18.82,0,16.83,15.46,17.585,81.05,1014.49,2,10.16666667,2,216.1111111,1,18.82866667
28/07/2026 10:00,0,0.045,0,19.36,0,17.075,15.515,17.65,78.9,1014.28,2,10.94444444,2,215.5555556,1,20.26911111
28/07/2026 11:00,0,0.15,0,20.25,0,17.41,15.53,17.675,75.45,1014.115,2,11.38888889,2,214.4444444,1,21.09222222
28/07/2026 12:00,0,0.345,0,20.325,0,17.325,15.285,17.39,73.95,1014.035,2,11.61111111,2,211.6666667,1,21.50377778
28/07/2026 13:00,0,0.3,0,20.235,0,17.325,15.385,17.48,74.7,1014.015,2,11.66666667,2,213.8888889,1,21.60666667
28/07/2026 14:00,0,0.16,0,20.515,0,17.49,15.51,17.62,74.35,1013.89,2,11.16666667,2,212.7777778,1,20.68066667
28/07/2026 15:00,0,0.35,0,20.115,0,17.27,15.375,17.48,75.65,1013.685,2,11.22222222,2,214.4444444,1,20.78355556
28/07/2026 16:00,0,0.51,0,19.78,0,17.21,15.465,17.59,77.45,1013.39,2,11.05555556,2,217.2222222,1,20.47488889
28/07/2026 17:00,0,0.195,0,19.505,0,17.045,15.385,17.51,78.35,1013.265,2,9.944444444,2,220,1,18.41711111
28/07/2026 18:00,0,0.24,0,19.09,0,16.855,15.33,17.455,79.85,1013.125,2,9.222222222,2,221.1111111,1,17.07955556
28/07/2026 19:00,0,0.08,0,18.62,0,16.54,15.07,17.16,80.5,1013.07,2,8.888888889,2,220,1,16.46222222
28/07/2026 20:00,0,0.03,0,18.075,0,16.235,14.94,17,82.2,1013.21,2,8.444444444,2,219.4444444,1,15.63911111
28/07/2026 21:00,0,0.045,0,17.43,0,16.04,15.045,17.13,86.05,1013.475,2,7.5,2,212.7777778,1,13.89
28/07/2026 22:00,0,0.06,0,16.84,0,15.7,14.885,16.945,88.05,1013.505,2,6.444444444,2,212.7777778,1,11.93511111
28/07/2026 23:00,0,0.04,0,16.395,0,15.54,14.915,16.985,90.8,1013.37,2,6.055555556,2,210.5555556,1,11.21488889
29/07/2026 00:00,0,0.045,0,16.075,0,15.315,14.75,16.815,91.65,1013.215,2,6,2,212.2222222,1,11.112
29/07/2026 01:00,0,0.135,0,15.67,0,15.04,14.565,16.61,92.75,1013.04,2,5.888888889,2,210.5555556,1,10.90622222
29/07/2026 02:00,0,0.14,0,15.675,0,15.035,14.54,16.585,92.65,1012.72,2,5.722222222,2,209.4444444,1,10.59755556
29/07/2026 03:00,0,0.23,0,15.495,0,14.965,14.575,16.63,93.75,1012.405,2,5.111111111,2,201.6666667,1,9.465777778
29/07/2026 04:00,0,0.16,0,15.35,0,14.865,14.495,16.545,94.45,1012.015,2,5,2,207.2222222,1,9.26
29/07/2026 05:00,0,0.15,0,15.21,0,14.755,14.4,16.445,94.45,1011.85,2,4.888888889,2,206.6666667,1,9.054222222
29/07/2026 06:00,0,0.08,0,15.45,0,14.94,14.57,16.63,94.1,1011.9,2,5.055555556,2,192.2222222,1,9.362888889
29/07/2026 07:00,0,0.245,0,15.765,0,15.15,14.685,16.775,93.05,1011.84,2,5.777777778,2,204.4444444,1,10.70044444
29/07/2026 08:00,0,0.19,0,16.24,0,15.33,14.66,16.735,90.25,1011.875,2,6.5,2,223.8888889,1,12.038
29/07/2026 09:00,0,0.415,0,16.835,0,15.62,14.745,16.84,87.55,1011.985,2,7.333333333,2,226.6666667,1,13.58133333
29/07/2026 10:00,0,0.345,0,17.32,0,15.795,14.75,16.85,85,1012.225,2,7.777777778,2,220.5555556,1,14.40444444
29/07/2026 11:00,0,0.235,0,17.685,0,15.855,14.58,16.64,82.55,1012.34,2,8,2,236.1111111,1,14.816
29/07/2026 12:00,0,0.265,0,17.84,0,15.825,14.4,16.46,80.9,1012.395,2,8,2,247.2222222,1,14.816
29/07/2026 13:00,0,0.08,0,17.74,0,15.61,14.09,16.15,79.5,1012.67,2,8.388888889,2,259.4444444,1,15.53622222
29/07/2026 14:00,0,0.06,0,18.21,0,15.495,13.485,15.53,74.5,1012.925,2,8.777777778,2,266.1111111,1,16.25644444
29/07/2026 15:00,0,0.02,0,18.06,0,15.465,13.55,15.58,74.9,1013.26,2,9.277777778,2,263.8888889,1,17.18244444
29/07/2026 16:00,0,0.03,0,17.775,0,15.28,13.385,15.43,75.35,1013.315,2,8.888888889,2,264.4444444,1,16.46222222
29/07/2026 17:00,0,0.02,0,17.525,0,14.965,12.975,15.015,74.5,1013.39,2,8.777777778,2,266.6666667,1,16.25644444
29/07/2026 18:00,0,0.005,0,16.965,0,14.545,12.57,14.62,75.2,1013.535,2,8.277777778,2,281.6666667,1,15.33044444
29/07/2026 19:00,0,0,0,16.61,0,14.23,12.29,14.35,75.5,1013.72,2,7.611111111,2,282.7777778,1,14.09577778
29/07/2026 20:00,0,0,0,15.595,0,13.53,11.8,13.88,77.9,1014.12,2,6.722222222,2,275.5555556,1,12.44955556
29/07/2026 21:00,0,0,0,14.425,0,12.88,11.54,13.64,82.45,1014.625,2,6.166666667,2,272.2222222,1,11.42066667
29/07/2026 22:00,0,0,0,13.88,0,12.455,11.23,13.345,83.85,1014.92,2,5.611111111,2,255.5555556,1,10.39177778
29/07/2026 23:00,0,0.03,0,13.32,0,12.09,10.995,13.155,85.7,1015.11,2,5.944444444,2,270,1,11.00911111
30/07/2026 00:00,0,0.03,0,12.775,0,11.725,10.765,12.96,87.5,1015.155,2,5.111111111,2,276.1111111,1,9.465777778
30/07/2026 01:00,0,0.085,0,12.35,0,11.39,10.52,12.73,88.55,1015.26,2,5.611111111,2,271.1111111,1,10.39177778
30/07/2026 02:00,0,0.05,0,11.655,0,10.875,10.175,12.45,90.6,1015.29,2,5.444444444,2,271.6666667,1,10.08311111
30/07/2026 03:00,0,0.065,0,11.45,0,10.68,9.965,12.285,90.5,1015.4,2,5.444444444,2,266.6666667,1,10.08311111
30/07/2026 04:00,0,0.015,0,11.045,0,10.31,9.61,12.005,90.85,1015.59,2,5.388888889,2,273.8888889,1,9.980222222
30/07/2026 05:00,0,0.01,0,10.775,0,9.99,9.235,11.71,90.2,1015.86,2,5.555555556,2,272.2222222,1,10.28888889
30/07/2026 06:00,0,0.01,0,11.515,0,10.555,9.63,11.995,88.35,1016.275,2,5.388888889,2,270.5555556,1,9.980222222
30/07/2026 07:00,0,0.025,0,13.16,0,11.795,10.535,12.765,84.15,1016.755,2,5.777777778,2,267.2222222,1,10.70044444
30/07/2026 08:00,0,0,0,14.65,0,12.46,10.465,12.7,75.8,1017.105,2,7.055555556,2,264.4444444,1,13.06688889
30/07/2026 09:00,0,0.005,0,15.665,0,12.69,9.955,12.29,68.6,1017.43,2,8.666666667,2,288.3333333,1,16.05066667
30/07/2026 10:00,0,0.005,0,16.58,0,12.82,9.405,11.815,62.45,1017.71,2,9.222222222,2,291.1111111,1,17.07955556
30/07/2026 11:00,0,0.005,0,17.13,0,12.78,8.71,11.315,57.85,1017.935,2,9.666666667,2,285.5555556,1,17.90266667
30/07/2026 12:00,0,0.02,0,17.73,0,12.935,8.39,11.1,54.95,1018.135,2,9.388888889,2,282.7777778,1,17.38822222
30/07/2026 13:00,0,0.015,0,17.815,0,12.805,7.935,10.77,53.45,1018.415,2,9.611111111,2,290.5555556,1,17.79977778
30/07/2026 14:00,0,0.01,0,18.02,0,12.99,8.185,10.95,53.65,1018.45,2,10.05555556,2,283.8888889,1,18.62288889
30/07/2026 15:00,0,0,0,18.315,0,13.04,7.94,10.8,52.15,1018.405,2,9.888888889,2,278.8888889,1,18.31422222
30/07/2026 16:00,0,0,0,18.32,0,12.925,7.67,10.6,51,1018.355,2,10.22222222,2,282.2222222,1,18.93155556
30/07/2026 17:00,0,0,0,17.835,0,12.935,8.235,10.97,54.15,1018.485,2,10.11111111,2,283.8888889,1,18.72577778
30/07/2026 18:00,0,0,0,17.23,0,12.64,8.235,10.965,56.05,1018.695,2,10,2,282.2222222,1,18.52
30/07/2026 19:00,0,0,0,16.315,0,12.16,8.155,10.86,58.65,1019,2,9.166666667,2,283.8888889,1,16.97666667
30/07/2026 20:00,0,0,0,15.045,0,11.65,8.285,10.98,64.2,1019.425,2,8.666666667,2,280,1,16.05066667
30/07/2026 21:00,0,0,0,13.925,0,11.25,8.62,11.205,70.35,1019.72,2,7.333333333,2,273.3333333,1,13.58133333
30/07/2026 22:00,0,0,0,12.92,0,10.78,8.675,11.245,75.25,1019.91,2,6.222222222,2,271.6666667,1,11.52355556
30/07/2026 23:00,0,0,0,12.02,0,10.32,8.63,11.22,79.75,1020.02,2,5.166666667,2,262.2222222,1,9.568666667
31/07/2026 00:00,0,0.01,0,11.595,0,10.21,8.865,11.4,83.05,1020.08,2,5.444444444,2,251.1111111,1,10.08311111
31/07/2026 01:00,0,0,0,11.05,0,9.865,8.665,11.255,85.2,1019.935,2,5.222222222,2,250.5555556,1,9.671555556
31/07/2026 02:00,0,0,0,10.835,0,9.67,8.5,11.125,85.45,1019.76,2,5.222222222,2,238.3333333,1,9.671555556
31/07/2026 03:00,0,0.01,0,10.495,0,9.575,8.635,11.225,88.05,1019.64,2,5.166666667,2,223.3333333,1,9.568666667
31/07/2026 04:00,0,0.14,0,10.695,0,9.75,8.805,11.385,88.2,1019.54,2,5.444444444,2,212.7777778,1,10.08311111
31/07/2026 05:00,0,0.04,0,10.63,0,9.705,8.775,11.345,88.2,1019.62,2,5.444444444,2,231.6666667,1,10.08311111
31/07/2026 06:00,0,0.085,0,11.265,0,10.32,9.405,11.82,88.3,1019.635,2,6,2,209.4444444,1,11.112
31/07/2026 07:00,0,0.045,0,12.83,0,11.375,10.02,12.305,82.95,1019.73,2,6.111111111,2,216.6666667,1,11.31777778
31/07/2026 08:00,0,0.14,0,14.69,0,12.36,10.25,12.505,74.35,1019.735,2,7,2,238.3333333,1,12.964
31/07/2026 09:00,0,0.015,0,15.59,0,12.555,9.765,12.11,68.3,1019.74,2,8.5,2,256.1111111,1,15.742
31/07/2026 10:00,0,0.005,0,16.325,0,12.765,9.5,11.92,64.4,1019.59,2,8.666666667,2,263.3333333,1,16.05066667
31/07/2026 11:00,0,0.005,0,16.915,0,13.01,9.43,11.87,61.55,1019.51,2,8.888888889,2,258.3333333,1,16.46222222
31/07/2026 12:00,0,0.01,0,17.3,0,13.165,9.415,11.855,59.9,1019.45,2,9.944444444,2,243.3333333,1,18.41711111
31/07/2026 13:00,0,0.04,0,17.48,0,13.345,9.595,12,60.1,1019.445,2,11.16666667,2,255.5555556,1,20.68066667
31/07/2026 14:00,0,0.045,0,17.305,0,13.355,9.83,12.17,61.6,1019.4,2,11,2,256.6666667,1,20.372
31/07/2026 15:00,0,0.215,0,17.295,0,13.35,9.795,12.16,61.7,1019.33,2,11.33333333,2,252.7777778,1,20.98933333
31/07/2026 16:00,0,0.045,0,17.515,0,13.455,9.825,12.19,61.05,1019.11,2,10.77777778,2,263.8888889,1,19.96044444
31/07/2026 17:00,0,0.09,0,17.3,0,13.23,9.54,11.955,60.75,1019.065,2,10.22222222,2,269.4444444,1,18.93155556
31/07/2026 18:00,0,0,0,16.555,0,12.85,9.47,11.88,63.05,1019.16,2,10.11111111,2,270.5555556,1,18.72577778
31/07/2026 19:00,0,0,0,15.955,0,12.565,9.415,11.84,65.35,1019.4,2,9.111111111,2,273.3333333,1,16.87377778
31/07/2026 20:00,0,0.01,0,15.045,0,12.055,9.235,11.695,68.35,1019.665,2,8.166666667,2,275,1,15.12466667
31/07/2026 21:00,0,0,0,13.82,0,11.495,9.275,11.72,73.95,1020.08,2,7,2,270,1,12.964
31/07/2026 22:00,0,0,0,13.08,0,11.105,9.19,11.645,77.15,1020.315,2,5.777777778,2,271.6666667,1,10.70044444
31/07/2026 23:00,0,0,0,12.66,0,10.86,9.095,11.575,78.75,1020.425,2,5.944444444,2,272.2222222,1,11.00911111
01/08/2026 00:00,0,0.005,0,11.95,0,10.485,9.045,11.54,82.2,1020.485,2,5.388888889,2,258.3333333,0,9.980222222
01/08/2026 01:00,0,0,0,11.57,0,10.305,9.075,11.57,84.65,1020.53,2,5.166666667,2,252.7777778,0,9.568666667
01/08/2026 02:00,0,0,0,11.215,0,10.12,9.04,11.555,86.5,1020.44,2,5,2,253.3333333,0,9.26
01/08/2026 03:00,0,0.005,0,10.76,0,9.805,8.835,11.37,87.75,1020.27,2,4.888888889,2,219.4444444,0,9.054222222
01/08/2026 04:00,0,0.045,0,10.355,0,9.46,8.565,11.18,88.55,1020.115,2,4.833333333,2,234.4444444,0,8.951333333
01/08/2026 05:00,0,0,0,10.165,0,9.36,8.555,11.165,89.65,1020.16,2,4.944444444,2,223.8888889,0,9.157111111
01/08/2026 06:00,0,0,0,11.105,0,10.275,9.44,11.84,89.4,1020.415,2,5.277777778,2,201.6666667,0,9.774444444
01/08/2026 07:00,0,0.005,0,12.835,0,11.475,10.245,12.49,84.1,1020.775,2,5.388888889,2,205,0,9.980222222
01/08/2026 08:00,0,0.01,0,14.35,0,12.29,10.455,12.66,77.2,1020.965,2,5.722222222,2,213.8888889,0,10.59755556
01/08/2026 09:00,0,0,0,16.035,0,12.875,10.07,12.335,67.4,1021.025,2,6.833333333,2,260.5555556,0,12.65533333
01/08/2026 10:00,0,0,0,16.635,0,12.85,9.405,11.83,62.1,1020.985,2,7.5,2,273.3333333,0,13.89
01/08/2026 11:00,0,0,0,17.35,0,13.33,9.725,12.095,60.7,1021.065,2,8.055555556,2,258.3333333,0,14.91888889
01/08/2026 12:00,0,0,0,17.8,0,13.6,9.855,12.195,59.7,1020.985,2,8.388888889,2,255.5555556,0,15.53622222
01/08/2026 13:00,0,0,0,18.045,0,13.61,9.64,12.025,57.95,1020.945,2,8.833333333,2,256.6666667,0,16.35933333
01/08/2026 14:00,0,0,0,18.545,0,13.915,9.815,12.18,56.85,1021.01,2,9.166666667,2,256.6666667,0,16.97666667
01/08/2026 15:00,0,0,0,18.815,0,14.04,9.825,12.195,56.05,1020.79,2,8.944444444,2,259.4444444,0,16.56511111
01/08/2026 16:00,0,0,0,18.67,0,13.94,9.815,12.17,56.6,1020.54,2,8.666666667,2,258.3333333,0,16.05066667
01/08/2026 17:00,0,0,0,18.445,0,13.905,9.935,12.27,58.1,1020.35,2,8.055555556,2,264.4444444,0,14.91888889
01/08/2026 18:00,0,0,0,17.795,0,13.665,10.005,12.325,60.85,1020.225,2,7.166666667,2,273.3333333,0,13.27266667
01/08/2026 19:00,0,0,0,16.795,0,13.32,10.265,12.515,65.45,1020.285,2,6.333333333,2,266.1111111,0,11.72933333
01/08/2026 20:00,0,0,0,15.59,0,12.83,10.36,12.615,71,1020.45,2,4.888888889,2,257.7777778,0,9.054222222
01/08/2026 21:00,0,0,0,14.28,0,12.17,10.24,12.505,76.5,1020.44,2,4.111111111,2,255,0,7.613777778
01/08/2026 22:00,0,0.01,0,13.41,0,11.795,10.315,12.575,81.4,1020.395,2,3.333333333,2,202.7777778,0,6.173333333
01/08/2026 23:00,0,0.005,0,12.645,0,11.295,10.025,12.34,83.95,1020.14,2,3,2,166.1111111,0,5.556
02/08/2026 00:00,0,0.01,0,12.33,0,11.06,9.86,12.215,84.8,1019.915,2,3.111111111,2,172.2222222,0,5.761777778
02/08/2026 01:00,0,0.025,0,11.925,0,10.845,9.87,12.22,87.05,1019.57,2,3.222222222,2,131.1111111,0,5.967555556
02/08/2026 02:00,0,0.005,0,11.81,0,10.77,9.81,12.185,87.6,1019.28,2,3.5,2,132.7777778,0,6.482
02/08/2026 03:00,0,0.055,0,11.78,0,10.825,9.93,12.3,88.4,1018.88,2,3.5,2,142.7777778,0,6.482
02/08/2026 04:00,0,0.11,0,11.94,0,10.98,10.095,12.415,88.35,1018.41,2,3.611111111,2,117.7777778,0,6.687777778
02/08/2026 05:00,0,0.145,0,11.895,0,11.095,10.35,12.625,89.85,1018.17,2,4.166666667,2,140,0,7.716666667
02/08/2026 06:00,0,0.115,0,12.455,0,11.615,10.835,13.035,89.55,1018.085,2,4.055555556,2,130.5555556,0,7.510888889
02/08/2026 07:00,0,0.115,0,13.62,0,12.435,11.39,13.49,86.25,1017.935,2,4.388888889,2,140.5555556,0,8.128222222
02/08/2026 08:00,0,0.12,0,14.785,0,13.095,11.625,13.72,81.65,1017.695,2,4.833333333,2,113.8888889,0,8.951333333
02/08/2026 09:00,0,0.135,0,15.76,0,13.715,11.995,14.065,78.7,1017.485,2,5.222222222,2,109.4444444,0,9.671555556
02/08/2026 10:00,0,0.175,0,16.59,0,14.025,11.875,13.96,74.05,1017.39,2,5.555555556,2,116.1111111,0,10.28888889
02/08/2026 11:00,0,0.17,0,17.04,0,14.185,11.79,13.9,72.1,1017.31,2,5.833333333,2,116.1111111,0,10.80333333
02/08/2026 12:00,0,0.22,0,17.195,0,14.35,11.995,14.085,72.35,1016.995,2,6.166666667,2,114.4444444,0,11.42066667
02/08/2026 13:00,0,0.29,0,17.35,0,14.48,12.095,14.185,72.2,1016.72,2,6.277777778,2,114.4444444,0,11.62644444
02/08/2026 14:00,0,0.19,0,17.4,0,14.47,12.075,14.15,71.6,1016.45,2,6.5,2,112.2222222,0,12.038
02/08/2026 15:00,0,0.175,0,17.015,0,14.26,11.915,14.04,72.75,1015.925,2,6.833333333,2,107.2222222,0,12.65533333
02/08/2026 16:00,0,0.1,0,17.125,0,14.42,12.17,14.275,73.1,1015.27,2,6.333333333,2,92.77777778,0,11.72933333
02/08/2026 17:00,0,0.105,0,16.745,0,14.425,12.525,14.595,76.55,1014.905,2,6.444444444,2,92.77777778,0,11.93511111
02/08/2026 18:00,0,0.175,0,16.3,0,14.31,12.665,14.73,79.25,1014.565,2,6.277777778,2,88.33333333,0,11.62644444
02/08/2026 19:00,0,0.15,0,15.79,0,14.065,12.635,14.685,81.55,1014.235,2,6.166666667,2,91.11111111,0,11.42066667
02/08/2026 20:00,0,0.08,0,15.315,0,13.79,12.53,14.555,83.2,1014.16,2,6,2,87.77777778,0,11.112
02/08/2026 21:00,0,0.085,0,15.02,0,13.62,12.425,14.46,84.4,1014.075,2,6.277777778,2,90,0,11.62644444
02/08/2026 22:00,0,0.11,0,14.735,0,13.475,12.415,14.45,85.9,1013.755,2,6.055555556,2,88.88888889,0,11.21488889
02/08/2026 23:00,0,0.11,0,14.625,0,13.445,12.48,14.5,86.6,1013.355,2,5.944444444,2,98.88888889,0,11.00911111
03/08/2026 00:00,0,0.15,0,14.47,0,13.35,12.43,14.45,87.4,1012.81,2,6.166666667,2,83.88888889,1,11.42066667
03/08/2026 01:00,0,0.2,0,14.27,0,13.19,12.3,14.325,87.8,1012.31,2,6.555555556,2,97.22222222,1,12.14088889
03/08/2026 02:00,0,0.095,0,14.105,0,12.965,12,14.03,86.9,1011.955,2,6.722222222,2,102.2222222,1,12.44955556
03/08/2026 03:00,0,0.125,0,13.895,0,12.785,11.855,13.935,87.35,1011.49,2,6.444444444,2,100.5555556,1,11.93511111
03/08/2026 04:00,0,0.3,0,13.88,0,12.845,11.95,14.015,87.9,1010.98,2,6.333333333,2,77.77777778,1,11.72933333
03/08/2026 05:00,0,0.11,0,13.905,0,12.8,11.84,13.94,87.15,1010.74,2,6.111111111,2,93.88888889,1,11.31777778
03/08/2026 06:00,0,0.22,0,14.055,0,13.055,12.2,14.255,88.4,1010.455,2,6.388888889,2,142.7777778,1,11.83222222
03/08/2026 07:00,0,0.235,0,14.74,0,13.545,12.605,14.63,86.9,1010.23,2,6.388888889,2,72.77777778,1,11.83222222
03/08/2026 08:00,0,0.32,0,15.67,0,14.215,13.1,15.095,84.65,1009.97,2,7.277777778,2,110,1,13.47844444
03/08/2026 09:00,0,0.795,0,16.965,0,14.995,13.49,15.495,80.35,1009.635,2,8.555555556,2,88.88888889,1,15.84488889
03/08/2026 10:00,0,0.25,0,18.06,0,15.4,13.345,15.37,74.5,1009.145,2,9.888888889,2,96.11111111,1,18.31422222
03/08/2026 11:00,0,0.095,0,18.825,0,15.945,13.8,15.83,73.4,1008.805,2,9.666666667,2,102.2222222,1,17.90266667
03/08/2026 12:00,0,0.235,0,19.52,0,16.225,13.74,15.83,70.7,1008.38,2,9.611111111,2,111.1111111,1,17.79977778
03/08/2026 13:00,0,0.615,0,20.15,0,16.435,13.575,15.715,67.9,1007.89,2,10.11111111,2,115,1,18.72577778
03/08/2026 14:00,0,0.79,0,20.225,0,16.43,13.52,15.69,67.45,1007.375,2,10.33333333,2,118.8888889,1,19.13733333
03/08/2026 15:00,0,0.485,0,19.85,0,16.435,13.825,16,70.3,1006.955,2,9.722222222,2,113.8888889,1,18.00555556
03/08/2026 16:00,0,0.525,0,19.3,0,16.255,13.885,16.11,73,1006.495,2,9.388888889,2,114.4444444,1,17.38822222
03/08/2026 17:00,0,0.81,0,18.395,0,16.055,14.205,16.42,78.3,1006.075,2,9.166666667,2,128.3333333,1,16.97666667
03/08/2026 18:00,0,0.51,0,17.695,0,15.995,14.705,16.88,83.5,1005.67,2,8.444444444,2,121.1111111,1,15.63911111
03/08/2026 19:00,0,0.42,0,17.02,0,15.785,14.855,16.99,87.45,1005.43,2,8.222222222,2,127.7777778,1,15.22755556
03/08/2026 20:00,0,1.165,0,16.335,0,15.59,15.02,17.14,91.6,1005.25,2,7.555555556,2,129.4444444,1,13.99288889
03/08/2026 21:00,0,0.71,0,16.195,0,15.6,15.165,17.295,93.4,1005.25,2,6.722222222,2,123.8888889,1,12.44955556
03/08/2026 22:00,0,1.76,0,16.105,0,15.605,15.21,17.33,94.05,1004.965,2,6,2,131.1111111,1,11.112
03/08/2026 23:00,0,1.465,0,16.15,0,15.62,15.23,17.37,93.9,1004.585,2,6.277777778,2,126.1111111,1,11.62644444
04/08/2026 00:00,0,0.415,0,16.07,0,15.645,15.33,17.475,95,1004.295,2,6.222222222,2,121.1111111,1,11.52355556
04/08/2026 01:00,0,0.775,0,16.095,0,15.74,15.455,17.605,95.55,1003.9,2,5.833333333,2,129.4444444,1,10.80333333
04/08/2026 02:00,0,0.375,0,16.055,0,15.695,15.435,17.57,95.9,1003.575,2,5.333333333,2,142.7777778,1,9.877333333
04/08/2026 03:00,0,0.22,0,16.1,0,15.79,15.56,17.69,96.15,1003.34,2,5.5,2,135.5555556,1,10.186
04/08/2026 04:00,0,0.45,0,16.13,0,15.805,15.565,17.705,96.15,1003.035,2,5.055555556,2,143.8888889,1,9.362888889
04/08/2026 05:00,0,0.325,0,16.17,0,15.855,15.655,17.8,96.4,1003.045,2,4.666666667,2,184.4444444,1,8.642666667
04/08/2026 06:00,0,1.605,0,16.33,0,15.985,15.725,17.895,95.8,1003.175,2,4.944444444,2,188.8888889,1,9.157111111
04/08/2026 07:00,0,0.39,0,16.595,0,16.14,15.825,18.01,94.8,1003.6,2,5.388888889,2,198.3333333,1,9.980222222
04/08/2026 08:00,0,0.755,0,16.99,0,16.375,15.935,18.135,93.2,1003.86,2,6,2,227.7777778,1,11.112
04/08/2026 09:00,0,0.12,0,17.505,0,16.745,16.22,18.465,91.95,1004.18,2,6.277777778,2,228.3333333,1,11.62644444
04/08/2026 10:00,0,0.12,0,18.28,0,17.025,16.19,18.425,87.6,1004.41,2,6.833333333,2,247.7777778,1,12.65533333
04/08/2026 11:00,0,0.095,0,18.83,0,17.17,16.05,18.285,84,1004.52,2,7.5,2,259.4444444,1,13.89
04/08/2026 12:00,0,0.035,0,19,0,17.055,15.765,17.945,81.7,1004.76,2,8,2,263.8888889,1,14.816
04/08/2026 13:00,0,0.045,0,19.455,0,17.235,15.77,17.955,79.75,1005.12,2,8.666666667,2,262.2222222,1,16.05066667
04/08/2026 14:00,0,0.125,0,19.285,0,17.005,15.445,17.585,78.85,1005.325,2,9.777777778,2,275,1,18.10844444
04/08/2026 15:00,0,0.15,0,19.2,0,16.8,15.17,17.28,77.8,1005.54,2,9.888888889,2,273.8888889,1,18.31422222
04/08/2026 16:00,0,0.015,0,18.605,0,16.375,14.82,16.91,78.7,1005.87,2,10.33333333,2,282.7777778,1,19.13733333
04/08/2026 17:00,0,0.005,0,18.18,0,16.02,14.475,16.52,78.85,1006.415,2,10.61111111,2,282.2222222,1,19.65177778
04/08/2026 18:00,0,0.04,0,17.355,0,15.47,14.085,16.11,80.95,1007.135,2,10.66666667,2,291.6666667,1,19.75466667
04/08/2026 19:00,0,0.045,0,16.6,0,14.905,13.625,15.65,82.45,1007.685,2,10.88888889,2,293.3333333,1,20.16622222
04/08/2026 20:00,0,0.01,0,15.855,0,14.37,13.195,15.21,83.95,1008.32,2,10.61111111,2,290.5555556,1,19.65177778
04/08/2026 21:00,0,0.05,0,15.275,0,13.905,12.805,14.795,85.1,1009.185,2,10.44444444,2,293.8888889,1,19.34311111
04/08/2026 22:00,0,0.04,0,14.85,0,13.625,12.635,14.63,86.45,1009.67,2,10.22222222,2,286.1111111,1,18.93155556
04/08/2026 23:00,0,0.085,0,14.45,0,13.36,12.445,14.45,87.5,1010.085,2,10.44444444,2,284.4444444,1,19.34311111
05/08/2026 00:00,0,0.1,0,14.05,0,13.01,12.135,14.16,87.95,1010.565,2,10.5,2,285,1,19.446
05/08/2026 01:00,0,0.27,0,13.855,0,12.835,11.96,13.995,88.05,1010.79,2,10.66666667,2,285.5555556,1,19.75466667
05/08/2026 02:00,0,0.105,0,13.595,0,12.54,11.635,13.69,87.7,1011.085,2,10.88888889,2,284.4444444,1,20.16622222
05/08/2026 03:00,0,0.06,0,13.33,0,12.26,11.32,13.42,87.35,1011.285,2,11.22222222,2,282.2222222,1,20.78355556
05/08/2026 04:00,0,0.1,0,13.23,0,12.14,11.165,13.29,86.9,1011.395,2,11.77777778,2,278.3333333,1,21.81244444
05/08/2026 05:00,0,0.07,0,12.975,0,11.82,10.77,12.96,86.3,1011.78,2,11.94444444,2,280,1,22.12111111
05/08/2026 06:00,0,0.14,0,13.02,0,11.79,10.64,12.835,85.3,1012.235,2,11.94444444,2,279.4444444,1,22.12111111
05/08/2026 07:00,0,0.13,0,13.445,0,12.01,10.705,12.87,83.35,1012.7,2,12.11111111,2,282.2222222,1,22.42977778
05/08/2026 08:00,0,0.205,0,14.145,0,12.305,10.62,12.82,79.2,1013.345,2,13.11111111,2,285,1,24.28177778
05/08/2026 09:00,0,0.16,0,14.745,0,12.43,10.315,12.56,74.95,1013.95,2,14.44444444,2,288.8888889,1,26.75111111
05/08/2026 10:00,0,0.18,0,15.225,0,12.55,10.1,12.42,72.1,1014.475,2,14.5,2,290,1,26.854
05/08/2026 11:00,0,0.035,0,15.965,0,12.975,10.255,12.555,69.5,1015.035,2,14.66666667,2,292.2222222,1,27.16266667
05/08/2026 12:00,0,0.205,0,15.985,0,13.04,10.41,12.67,70.45,1015.585,2,14.72222222,2,292.2222222,1,27.26555556
05/08/2026 13:00,0,0.135,0,16.115,0,13.015,10.23,12.51,68.7,1016.13,2,14.27777778,2,288.8888889,1,26.44244444
05/08/2026 14:00,0,0.11,0,16.115,0,12.905,9.975,12.3,67.6,1016.71,2,14.22222222,2,292.7777778,1,26.33955556
05/08/2026 15:00,0,0.12,0,16.145,0,12.835,9.77,12.16,66.75,1017.11,2,14.11111111,2,288.3333333,1,26.13377778
05/08/2026 16:00,0,0.045,0,16.215,0,12.875,9.84,12.185,66.1,1017.505,2,13.72222222,2,290.5555556,1,25.41355556
05/08/2026 17:00,0,0.01,0,16,0,12.53,9.285,11.73,64.6,1018.135,2,13.22222222,2,290,1,24.48755556
05/08/2026 18:00,0,0.005,0,15.24,0,12.07,9.07,11.56,66.7,1018.495,2,13.05555556,2,291.1111111,1,24.17888889
05/08/2026 19:00,0,0.02,0,14.625,0,11.705,8.885,11.425,68.55,1019.065,2,12.27777778,2,292.7777778,1,22.73844444
05/08/2026 20:00,0,0.02,0,13.9,0,11.375,8.915,11.44,71.7,1019.72,2,10.77777778,2,292.2222222,1,19.96044444
05/08/2026 21:00,0,0.02,0,13.295,0,11.175,9.11,11.595,75.7,1020.43,2,9.055555556,2,290.5555556,1,16.77088889
05/08/2026 22:00,0,0,0,12.965,0,11.075,9.21,11.675,77.8,1020.8,2,7.888888889,2,283.3333333,1,14.61022222
05/08/2026 23:00,0,0.01,0,12.73,0,11.06,9.46,11.865,80.25,1021.16,2,7.333333333,2,277.7777778,1,13.58133333
06/08/2026 00:00,0,0.01,0,12.375,0,10.965,9.59,11.945,82.75,1021.38,2,6.833333333,2,273.3333333,1,12.65533333
06/08/2026 01:00,0,0.02,0,12.3,0,10.93,9.59,11.96,83.25,1021.495,2,6.833333333,2,271.1111111,1,12.65533333
06/08/2026 02:00,0,0,0,11.94,0,10.65,9.415,11.825,84.55,1021.69,2,6.444444444,2,275,1,11.93511111
06/08/2026 03:00,0,0,0,11.83,0,10.69,9.6,11.955,86,1021.97,2,6,2,262.7777778,1,11.112
06/08/2026 04:00,0,0.035,0,11.905,0,10.77,9.695,12.045,86.15,1022.19,2,6.166666667,2,266.6666667,1,11.42066667
06/08/2026 05:00,0,0.005,0,11.85,0,10.72,9.63,11.98,86,1022.355,2,5.888888889,2,260.5555556,1,10.90622222
06/08/2026 06:00,0,0,0,12.32,0,11.025,9.82,12.135,84.45,1022.81,2,5.444444444,2,268.8888889,1,10.08311111
06/08/2026 07:00,0,0,0,13.28,0,11.74,10.31,12.54,82,1023.205,2,5.611111111,2,266.1111111,1,10.39177778
06/08/2026 08:00,0,0.015,0,14.18,0,12.14,10.275,12.515,77,1023.67,2,6.222222222,2,265.5555556,1,11.52355556
06/08/2026 09:00,0,0.005,0,15.325,0,12.58,10.095,12.375,70.9,1023.985,2,6.555555556,2,268.8888889,1,12.14088889
06/08/2026 10:00,0,0.005,0,16.075,0,12.905,10.035,12.35,67.25,1024.205,2,6.944444444,2,263.3333333,1,12.86111111
06/08/2026 11:00,0,0.005,0,16.495,0,12.93,9.685,12.07,63.95,1024.445,2,7.444444444,2,258.8888889,1,13.78711111
06/08/2026 12:00,0,0.005,0,17.125,0,13.28,9.795,12.19,62.35,1024.53,2,7.888888889,2,247.7777778,1,14.61022222
06/08/2026 13:00,0,0,0,17.345,0,13.42,9.865,12.26,61.85,1024.52,2,8.5,2,247.2222222,1,15.742
06/08/2026 14:00,0,0.035,0,17.595,0,13.65,10.155,12.475,62.15,1024.515,2,8.611111111,2,246.1111111,1,15.94777778
06/08/2026 15:00,0,0,0,17.63,0,13.68,10.235,12.535,62.35,1024.345,2,8.722222222,2,254.4444444,1,16.15355556
06/08/2026 16:00,0,0.01,0,17.47,0,13.77,10.515,12.795,64.25,1024.06,2,8.611111111,2,249.4444444,1,15.94777778
06/08/2026 17:00,0,0.01,0,17.105,0,13.6,10.56,12.8,65.75,1023.73,2,9.055555556,2,255.5555556,1,16.77088889
06/08/2026 18:00,0,0,0,16.765,0,13.44,10.505,12.74,66.85,1023.65,2,8.166666667,2,256.6666667,1,15.12466667
06/08/2026 19:00,0,0,0,16.195,0,13.115,10.4,12.64,68.65,1023.82,2,8,2,249.4444444,1,14.816
06/08/2026 20:00,0,0,0,15.44,0,12.8,10.415,12.655,72,1023.905,2,6.722222222,2,247.7777778,1,12.44955556
06/08/2026 21:00,0,0.01,0,14.53,0,12.4,10.47,12.7,76.4,1024.23,2,5.833333333,2,241.1111111,1,10.80333333
06/08/2026 22:00,0,0.01,0,13.815,0,12.07,10.47,12.7,80,1024.41,2,6.166666667,2,235,1,11.42066667
06/08/2026 23:00,0,0.07,0,13.46,0,12.005,10.675,12.87,82.9,1024.25,2,5.833333333,2,240,1,10.80333333
07/08/2026 00:00,0,0.01,0,13.37,0,11.985,10.72,12.905,83.75,1024.125,2,5.277777778,2,238.3333333,1,9.774444444
07/08/2026 01:00,0,0,0,13,0,11.7,10.48,12.705,84.4,1023.815,2,5.5,2,232.7777778,1,10.186
07/08/2026 02:00,0,0.2,0,12.63,0,11.45,10.34,12.58,85.85,1023.49,2,5.555555556,2,217.2222222,1,10.28888889
07/08/2026 03:00,0,0,0,12.265,0,11.255,10.315,12.58,87.6,1023.195,2,5.722222222,2,215.5555556,1,10.59755556
07/08/2026 04:00,0,0,0,11.91,0,10.955,10.06,12.36,88.15,1022.9,2,5.611111111,2,204.4444444,1,10.39177778
07/08/2026 05:00,0,0,0,11.68,0,10.905,10.185,12.465,90.2,1022.865,2,6,2,189.4444444,1,11.112
07/08/2026 06:00,0,0,0,12.045,0,11.215,10.44,12.67,89.8,1022.865,2,5.5,2,189.4444444,1,10.186
07/08/2026 07:00,0,0,0,13.51,0,12.17,10.965,13.12,84.4,1022.93,2,5.944444444,2,195,1,11.00911111
07/08/2026 08:00,0,0,0,15.135,0,13.035,11.225,13.33,77.1,1023.05,2,6.5,2,181.1111111,1,12.038
07/08/2026 09:00,0,0,0,16.225,0,13.355,10.865,13.03,70.35,1023,2,7.5,2,221.6666667,1,13.89
07/08/2026 10:00,0,0,0,17.115,0,13.67,10.675,12.895,65.85,1022.905,2,8.055555556,2,231.1111111,1,14.91888889
07/08/2026 11:00,0,0,0,17.785,0,13.9,10.53,12.76,62.35,1022.66,2,9.444444444,2,229.4444444,1,17.49111111
07/08/2026 12:00,0,0,0,18.45,0,14.165,10.475,12.725,59.8,1022.41,2,10,2,226.6666667,1,18.52
07/08/2026 13:00,0,0,0,19.035,0,14.435,10.545,12.785,58.1,1022.11,2,10.27777778,2,226.1111111,1,19.03444444
07/08/2026 14:00,0,0,0,19.365,0,14.675,10.735,12.955,57.6,1021.765,2,10.38888889,2,226.1111111,1,19.24022222
07/08/2026 15:00,0,0,0,19.56,0,14.795,10.82,13.015,57.3,1021.485,2,10.44444444,2,227.7777778,1,19.34311111
07/08/2026 16:00,0,0,0,19.545,0,14.78,10.78,13,57.5,1021.115,2,10.72222222,2,227.7777778,1,19.85755556
07/08/2026 17:00,0,0,0,19.36,0,14.79,11.01,13.175,59,1020.82,2,10.22222222,2,225,1,18.93155556
07/08/2026 18:00,0,0,0,18.755,0,14.54,11.005,13.19,61.25,1020.545,2,10,2,226.6666667,1,18.52
07/08/2026 19:00,0,0,0,17.99,0,14.38,11.375,13.505,65.5,1020.355,2,9.166666667,2,229.4444444,1,16.97666667
07/08/2026 20:00,0,0,0,16.475,0,13.795,11.535,13.63,72.4,1020.435,2,7.944444444,2,228.8888889,1,14.71311111
07/08/2026 21:00,0,0,0,15.105,0,13.14,11.415,13.53,78.35,1020.655,2,6.5,2,227.7777778,1,12.038
07/08/2026 22:00,0,0,0,14,0,12.55,11.275,13.435,83.4,1020.505,2,5.722222222,2,210,1,10.59755556
07/08/2026 23:00,0,0,0,13.45,0,12.235,11.16,13.36,86,1020.28,2,5.222222222,2,187.2222222,1,9.671555556
08/08/2026 00:00,0,0,0,13.305,0,12.26,11.38,13.515,87.9,1020.025,2,5.222222222,2,183.8888889,0,9.671555556
08/08/2026 01:00,0,0,0,13.455,0,12.41,11.495,13.6,87.65,1019.495,2,5.222222222,2,177.2222222,0,9.671555556
08/08/2026 02:00,0,0,0,13.615,0,12.61,11.745,13.835,88.2,1018.965,2,4.833333333,2,181.1111111,0,8.951333333
08/08/2026 03:00,0,0,0,13.76,0,12.705,11.825,13.89,87.7,1018.43,2,4.722222222,2,170,0,8.745555556
08/08/2026 04:00,0,0,0,13.775,0,12.765,11.915,13.98,88.2,1017.93,2,5.111111111,2,172.2222222,0,9.465777778
08/08/2026 05:00,0,0,0,13.83,0,12.835,11.995,14.075,88.45,1017.44,2,5.055555556,2,168.8888889,0,9.362888889
08/08/2026 06:00,0,0,0,14.3,0,13.145,12.205,14.24,87.05,1017.29,2,5.944444444,2,174.4444444,0,11.00911111
08/08/2026 07:00,0,0,0,15.195,0,13.77,12.625,14.625,84.3,1017.17,2,6.555555556,2,178.3333333,0,12.14088889
08/08/2026 08:00,0,0.02,0,16.385,0,14.515,13.055,15.05,80.55,1016.885,2,7.222222222,2,173.8888889,0,13.37555556
08/08/2026 09:00,0,0.045,0,17.275,0,14.885,13.01,15.025,76.3,1016.615,2,8.555555556,2,185.5555556,0,15.84488889
08/08/2026 10:00,0,0.015,0,18.21,0,15.32,13.075,15.11,72.2,1016.285,2,10.22222222,2,193.8888889,0,18.93155556
08/08/2026 11:00,0,0.025,0,18.655,0,15.59,13.255,15.28,71.25,1016.105,2,10.61111111,2,193.8888889,0,19.65177778
08/08/2026 12:00,0,0.05,0,19.225,0,15.8,13.175,15.215,68.8,1015.805,2,10.83333333,2,198.3333333,0,20.06333333
08/08/2026 13:00,0,0.04,0,19.94,0,16.17,13.3,15.36,66.75,1015.52,2,11,2,204.4444444,0,20.372
08/08/2026 14:00,0,0.025,0,20.185,0,16.3,13.37,15.44,66.5,1015.2,2,11,2,205.5555556,0,20.372
08/08/2026 15:00,0,0.01,0,20.275,0,16.29,13.275,15.325,65.65,1014.83,2,10.22222222,2,207.7777778,0,18.93155556
08/08/2026 16:00,0,0.035,0,20.11,0,16.3,13.465,15.525,67.45,1014.51,2,9.722222222,2,211.1111111,0,18.00555556
08/08/2026 17:00,0,0.02,0,19.795,0,16.205,13.5,15.54,68.65,1014.365,2,8.777777778,2,216.6666667,0,16.25644444
08/08/2026 18:00,0,0.02,0,19.135,0,16.08,13.845,15.855,72.5,1014.185,2,8.333333333,2,216.6666667,0,15.43333333
08/08/2026 19:00,0,0.02,0,18.21,0,15.775,13.96,15.97,77.1,1014.09,2,7.444444444,2,220.5555556,0,13.78711111
08/08/2026 20:00,0,0.06,0,17.25,0,15.265,13.74,15.755,80.4,1014.245,2,6.388888889,2,222.2222222,0,11.83222222
08/08/2026 21:00,0,0.02,0,16.555,0,14.92,13.655,15.66,83.2,1014.405,2,5.166666667,2,220.5555556,0,9.568666667
08/08/2026 22:00,0,0,0,16.24,0,14.835,13.705,15.73,84.75,1014.435,2,5.833333333,2,217.2222222,0,10.80333333
08/08/2026 23:00,0,0,0,15.965,0,14.745,13.76,15.77,86.7,1014.295,2,5.888888889,2,201.1111111,0,10.90622222
09/08/2026 00:00,0,0.02,0,15.59,0,14.475,13.575,15.605,87.75,1013.91,2,5.666666667,2,197.2222222,0,10.49466667
09/08/2026 01:00,0,0.065,0,15.145,0,14.2,13.435,15.455,89.45,1013.405,2,5.388888889,2,207.7777778,0,9.980222222
09/08/2026 02:00,0,0.14,0,15.035,0,14.15,13.44,15.47,90.05,1013.01,2,5.777777778,2,201.1111111,0,10.70044444
09/08/2026 03:00,0,0.135,0,14.92,0,14.095,13.42,15.45,90.7,1012.825,2,5.666666667,2,200.5555556,0,10.49466667
09/08/2026 04:00,0,0.265,0,14.725,0,13.915,13.285,15.295,91,1012.63,2,5.833333333,2,207.7777778,0,10.80333333
09/08/2026 05:00,0,0.195,0,14.61,0,13.865,13.27,15.27,91.6,1012.595,2,5.555555556,2,211.6666667,0,10.28888889
09/08/2026 06:00,0,0.22,0,14.76,0,14.045,13.465,15.46,91.85,1012.68,2,5.666666667,2,210,0,10.49466667
09/08/2026 07:00,0,0.31,0,15.145,0,14.355,13.74,15.73,91.2,1012.645,2,5.722222222,2,225,0,10.59755556
09/08/2026 08:00,0,0.28,0,15.79,0,14.825,14.08,16.11,89.55,1012.74,2,6.111111111,2,226.1111111,0,11.31777778
09/08/2026 09:00,0,0.225,0,16.57,0,15.14,14.065,16.095,85.4,1012.93,2,6.5,2,246.1111111,0,12.038
09/08/2026 10:00,0,0.165,0,17.175,0,15.445,14.18,16.205,82.95,1013.105,2,8.5,2,252.2222222,0,15.742
09/08/2026 11:00,0,0.15,0,17.79,0,15.695,14.16,16.175,79.95,1013.175,2,8.333333333,2,253.3333333,0,15.43333333
09/08/2026 12:00,0,0.12,0,17.865,0,15.54,13.815,15.835,78.05,1013.21,2,8.888888889,2,257.2222222,0,16.46222222
09/08/2026 13:00,0,0.095,0,18.27,0,15.75,13.845,15.895,76.95,1013.415,2,9.444444444,2,258.3333333,0,17.49111111
09/08/2026 14:00,0,0.265,0,18.54,0,15.85,13.855,15.905,75.5,1013.63,2,9.611111111,2,271.1111111,0,17.79977778
09/08/2026 15:00,0,0.265,0,18.5,0,15.765,13.755,15.81,74.9,1013.91,2,10.11111111,2,278.3333333,0,18.72577778
09/08/2026 16:00,0,0.12,0,18.135,0,15.505,13.505,15.6,74.95,1014.25,2,10.66666667,2,288.8888889,0,19.75466667
09/08/2026 17:00,0,0.13,0,17.9,0,15.295,13.315,15.39,74.8,1014.56,2,10.11111111,2,296.6666667,0,18.72577778
09/08/2026 18:00,0,0.115,0,17.085,0,14.76,12.915,15.005,76.45,1015.015,2,9.611111111,2,302.7777778,0,17.79977778
09/08/2026 19:00,0,0.07,0,16.11,0,14.085,12.41,14.52,78.55,1015.785,2,8.777777778,2,303.8888889,0,16.25644444
09/08/2026 20:00,0,0.005,0,15.055,0,13.26,11.74,13.835,80.3,1016.7,2,7.388888889,2,308.8888889,0,13.68422222
09/08/2026 21:00,0,0,0,13.71,0,12.285,11.03,13.215,83.6,1017.355,2,6.222222222,2,310.5555556,0,11.52355556
09/08/2026 22:00,0,0,0,12.835,0,11.625,10.55,12.81,86,1017.85,2,5.388888889,2,292.7777778,0,9.980222222
09/08/2026 23:00,0,0,0,11.865,0,10.885,9.965,12.295,88,1018.285,2,5.111111111,2,293.8888889,0,9.465777778
10/08/2026 00:00,0,0,0,11.255,0,10.43,9.64,12.005,89.6,1018.555,2,4.444444444,2,299.4444444,1,8.231111111
10/08/2026 01:00,0,0,0,10.47,0,9.765,9.05,11.545,90.8,1018.795,2,3.777777778,2,263.8888889,1,6.996444444
10/08/2026 02:00,0,0,0,9.87,0,9.285,8.675,11.265,92.1,1019.065,2,3.444444444,2,246.1111111,1,6.379111111
10/08/2026 03:00,0,0,0,9.3,0,8.79,8.275,10.97,93.05,1019.28,2,3.055555556,2,199.4444444,1,5.658888889
10/08/2026 04:00,0,0,0,8.89,0,8.44,7.96,10.765,93.65,1019.62,2,3.222222222,2,216.1111111,1,5.967555556
10/08/2026 05:00,0,0.005,0,8.625,0,8.19,7.775,10.63,94.2,1020.065,2,3.111111111,2,193.8888889,1,5.761777778
10/08/2026 06:00,0,0.005,0,9.27,0,8.88,8.495,11.15,94.85,1020.585,2,2.722222222,2,178.8888889,1,5.041555556
10/08/2026 07:00,0,0.005,0,11.215,0,10.74,10.285,12.545,93.85,1021.15,2,2.666666667,2,194.4444444,1,4.938666667
10/08/2026 08:00,0,0,0,12.95,0,12.06,11.255,13.34,89.2,1021.68,2,2.944444444,2,200.5555556,1,5.453111111
10/08/2026 09:00,0,0,0,14.915,0,13.055,11.47,13.56,79.75,1022.045,2,3.222222222,2,195,1,5.967555556
10/08/2026 10:00,0,0,0,16.52,0,13.44,10.755,12.94,68.35,1022.225,2,3.611111111,2,187.2222222,1,6.687777778
10/08/2026 11:00,0,0,0,17.455,0,13.675,10.385,12.63,63,1022.335,2,4.388888889,2,174.4444444,1,8.128222222
10/08/2026 12:00,0,0,0,18.08,0,13.865,10.18,12.48,59.95,1022.285,2,4.666666667,2,190,1,8.642666667
10/08/2026 13:00,0,0,0,18.38,0,13.995,10.19,12.49,59,1022.25,2,4.833333333,2,187.2222222,1,8.951333333
10/08/2026 14:00,0,0.005,0,19.01,0,14.37,10.395,12.665,57.65,1022.005,2,4.722222222,2,172.2222222,1,8.745555556
10/08/2026 15:00,0,0,0,19.245,0,14.45,10.355,12.625,56.65,1021.82,2,4.833333333,2,175.5555556,1,8.951333333
10/08/2026 16:00,0,0,0,19.49,0,14.605,10.5,12.76,56.25,1021.575,2,4.388888889,2,191.6666667,1,8.128222222
10/08/2026 17:00,0,0,0,19.18,0,14.495,10.535,12.79,57.35,1021.44,2,5.111111111,2,128.3333333,1,9.465777778
10/08/2026 18:00,0,0,0,18.565,0,14.34,10.79,12.995,60.55,1021.485,2,5.611111111,2,123.3333333,1,10.39177778
10/08/2026 19:00,0,0,0,17.59,0,14.13,11.19,13.365,65.95,1021.6,2,5.055555556,2,106.1111111,1,9.362888889
10/08/2026 20:00,0,0,0,16.055,0,13.33,10.95,13.14,71.5,1021.865,2,4.5,2,111.1111111,1,8.334
10/08/2026 21:00,0,0,0,14.815,0,12.715,10.85,13.07,77.1,1022.04,2,4.388888889,2,96.11111111,1,8.128222222
10/08/2026 22:00,0,0,0,14.39,0,12.47,10.75,12.965,78.5,1022.05,2,5.055555556,2,118.3333333,1,9.362888889
10/08/2026 23:00,0,0,0,13.94,0,12.275,10.745,12.98,80.95,1022.04,2,5.388888889,2,132.2222222,1,9.980222222
11/08/2026 00:00,0,0,0,13.585,0,12.085,10.725,12.97,82.75,1022.09,2,4.944444444,2,144.4444444,1,9.157111111
11/08/2026 01:00,0,0,0,13.06,0,11.69,10.435,12.73,83.9,1021.775,2,4.777777778,2,143.8888889,1,8.848444444
11/08/2026 02:00,0,0,0,12.735,0,11.55,10.475,12.77,86.05,1021.58,2,5.111111111,2,133.3333333,1,9.465777778
11/08/2026 03:00,0,0,0,12.505,0,11.455,10.485,12.795,87.25,1021.355,2,5.388888889,2,138.3333333,1,9.980222222
11/08/2026 04:00,0,0,0,12.115,0,11.145,10.285,12.63,88.45,1021.175,2,5.5,2,125.5555556,1,10.186
11/08/2026 05:00,0,0,0,11.77,0,10.905,10.11,12.52,89.4,1021.07,2,5.5,2,134.4444444,1,10.186
11/08/2026 06:00,0,0,0,12.37,0,11.44,10.6,12.9,88.85,1020.89,2,5.444444444,2,146.6666667,1,10.08311111
11/08/2026 07:00,0,0.005,0,14.19,0,12.675,11.35,13.52,82.8,1020.835,2,6.222222222,2,151.1111111,1,11.52355556
11/08/2026 08:00,0,0,0,15.89,0,13.615,11.69,13.85,76.05,1020.795,2,6.944444444,2,133.8888889,1,12.86111111
11/08/2026 09:00,0,0.005,0,17.32,0,14.45,12.09,14.205,71.3,1020.825,2,7.944444444,2,123.3333333,1,14.71311111
11/08/2026 10:00,0,0,0,18.74,0,15.175,12.345,14.45,66.7,1020.57,2,8.5,2,132.2222222,1,15.742
11/08/2026 11:00,0,0.005,0,19.92,0,15.655,12.25,14.385,62.25,1020.175,2,8.722222222,2,138.8888889,1,16.15355556
11/08/2026 12:00,0,0,0,21.04,0,16.285,12.51,14.7,59.4,1019.91,2,9,2,139.4444444,1,16.668
11/08/2026 13:00,0,0.02,0,21.86,0,16.595,12.485,14.695,57.1,1019.585,2,9.055555556,2,151.1111111,1,16.77088889
11/08/2026 14:00,0,0,0,22.595,0,17.035,12.78,15.01,56.25,1019.165,2,9.5,2,160.5555556,1,17.594
11/08/2026 15:00,0,0,0,22.81,0,17.315,13.135,15.365,56.95,1018.885,2,8.888888889,2,165,1,16.46222222
11/08/2026 16:00,0,0,0,22.86,0,17.53,13.56,15.795,58.25,1018.56,2,8.666666667,2,165.5555556,1,16.05066667
11/08/2026 17:00,0,0,0,22.375,0,17.43,13.79,15.97,60.45,1018.255,2,8.666666667,2,161.6666667,1,16.05066667
11/08/2026 18:00,0,0,0,21.84,0,17.43,14.26,16.42,63.7,1018.305,2,7.444444444,2,168.3333333,1,13.78711111
11/08/2026 19:00,0,0,0,20.79,0,17.25,14.715,16.895,69.3,1018.28,2,6.944444444,2,156.6666667,1,12.86111111
11/08/2026 20:00,0,0,0,19.595,0,16.845,14.865,17.03,74.8,1018.485,2,6.333333333,2,156.1111111,1,11.72933333
11/08/2026 21:00,0,0,0,18.9,0,16.425,14.595,16.715,76.5,1018.695,2,6.444444444,2,154.4444444,1,11.93511111
11/08/2026 22:00,0,0,0,18.2,0,16.095,14.525,16.65,79.45,1018.74,2,6.444444444,2,158.8888889,1,11.93511111
11/08/2026 23:00,0,0.005,0,17.835,0,15.93,14.515,16.62,80.9,1018.75,2,6.555555556,2,149.4444444,1,12.14088889
12/08/2026 00:00,0,0,0,17.45,0,15.83,14.615,16.725,83.45,1018.715,2,6.388888889,2,147.7777778,1,11.83222222
12/08/2026 01:00,0,0,0,17.27,0,15.745,14.595,16.71,84.25,1018.535,2,6.222222222,2,150,1,11.52355556
12/08/2026 02:00,0,0.07,0,17.395,0,15.85,14.71,16.835,84.3,1018.51,2,6.833333333,2,158.8888889,1,12.65533333
12/08/2026 03:00,0,0.03,0,17.325,0,15.855,14.78,16.885,84.95,1018.34,2,6.777777778,2,153.3333333,1,12.55244444
12/08/2026 04:00,0,0.045,0,17.24,0,15.945,14.985,17.12,86.45,1018.195,2,6.333333333,2,158.3333333,1,11.72933333
12/08/2026 05:00,0,0.09,0,17.195,0,16.015,15.135,17.29,87.65,1018.2,2,6.333333333,2,150,1,11.72933333
12/08/2026 06:00,0,0.12,0,17.355,0,16.23,15.42,17.6,88.3,1018.355,2,6.333333333,2,148.8888889,1,11.72933333
12/08/2026 07:00,0,0.095,0,18.18,0,16.855,15.95,18.19,86.75,1018.47,2,6.444444444,2,152.2222222,1,11.93511111
12/08/2026 08:00,0,0.045,0,19.03,0,17.32,16.14,18.41,83.4,1018.51,2,7.333333333,2,158.3333333,1,13.58133333
12/08/2026 09:00,0,0.255,0,20.085,0,17.855,16.34,18.67,79.55,1018.675,2,7.944444444,2,156.1111111,1,14.71311111
12/08/2026 10:00,0,0.06,0,21.165,0,18.4,16.59,18.95,76.15,1018.585,2,8.333333333,2,163.3333333,1,15.43333333
12/08/2026 11:00,0,0.1,0,21.81,0,18.725,16.735,19.15,74.15,1018.725,2,8.5,2,171.6666667,1,15.742
12/08/2026 12:00,0,0.015,0,22.625,0,19.16,16.955,19.44,71.95,1018.815,2,8.388888889,2,175,1,15.53622222
12/08/2026 13:00,0,0,0,23.305,0,19.57,17.235,19.76,70.45,1018.75,2,8.333333333,2,179.4444444,1,15.43333333
12/08/2026 14:00,0,0,0,23.93,0,19.84,17.335,19.895,68.75,1018.69,2,8.055555556,2,182.2222222,1,14.91888889
12/08/2026 15:00,0,0.005,0,24.125,0,19.9,17.315,19.865,67.85,1018.645,2,7.611111111,2,192.2222222,1,14.09577778
12/08/2026 16:00,0,0.01,0,24.12,0,19.87,17.235,19.81,67.85,1018.525,2,7.055555556,2,198.8888889,1,13.06688889
12/08/2026 17:00,0,0,0,23.945,0,19.84,17.325,19.895,68.85,1018.555,2,6.777777778,2,206.1111111,1,12.55244444
12/08/2026 18:00,0,0,0,22.64,0,19.255,17.12,19.625,72.9,1018.62,2,6.666666667,2,215.5555556,1,12.34666667
12/08/2026 19:00,0,0,0,21.69,0,19.015,17.31,19.875,77.55,1018.71,2,5.666666667,2,224.4444444,1,10.49466667
12/08/2026 20:00,0,0,0,20.755,0,18.565,17.14,19.665,80.8,1018.955,2,4.611111111,2,201.6666667,1,8.539777778
12/08/2026 21:00,0,0.025,0,19.725,0,18.075,16.99,19.44,84.6,1019.465,2,4.444444444,2,217.2222222,1,8.231111111
12/08/2026 22:00,0,0.01,0,19.425,0,17.795,16.675,19.13,84.7,1019.725,2,4.5,2,219.4444444,1,8.334
12/08/2026 23:00,0,0.005,0,19.055,0,17.65,16.685,19.105,86.5,1019.795,2,4.055555556,2,211.6666667,1,7.510888889
13/08/2026 00:00,0,0,0,18.585,0,17.46,16.67,19.075,88.8,1019.515,2,3.666666667,2,178.3333333,1,6.790666667
13/08/2026 01:00,0,0.045,0,18.275,0,17.335,16.69,19.09,90.5,1019.435,2,3.388888889,2,196.1111111,1,6.276222222
13/08/2026 02:00,0,0.005,0,18.1,0,17.37,16.845,19.25,92.15,1019.53,2,3.333333333,2,188.8888889,1,6.173333333
13/08/2026 03:00,0,0.07,0,18.135,0,17.465,17.005,19.44,92.85,1019.42,2,3.666666667,2,192.2222222,1,6.790666667
13/08/2026 04:00,0,0.11,0,18.275,0,17.58,17.1,19.545,92.7,1019.345,2,3.666666667,2,178.8888889,1,6.790666667
13/08/2026 05:00,0,0.23,0,18.28,0,17.6,17.15,19.615,92.95,1019.425,2,3.5,2,176.1111111,1,6.482
13/08/2026 06:00,0,0.065,0,18.48,0,17.78,17.315,19.81,92.65,1019.52,2,3.555555556,2,177.7777778,1,6.584888889
13/08/2026 07:00,0,0.06,0,19.175,0,18.28,17.71,20.3,91.3,1019.65,2,3.944444444,2,169.4444444,1,7.305111111
13/08/2026 08:00,0,0.065,0,19.785,0,18.675,17.98,20.64,89.2,1019.79,2,4.944444444,2,183.8888889,1,9.157111111
13/08/2026 09:00,0,0.11,0,20.495,0,19.005,18.11,20.785,86.4,1019.825,2,5.555555556,2,198.3333333,1,10.28888889
13/08/2026 10:00,0,0.015,0,21.23,0,19.33,18.19,20.9,83.2,1019.785,2,6.333333333,2,198.8888889,1,11.72933333
13/08/2026 11:00,0,0.035,0,21.97,0,19.67,18.315,21.075,80.35,1019.84,2,6.944444444,2,203.3333333,1,12.86111111
13/08/2026 12:00,0,0.045,0,22.685,0,19.935,18.33,21.095,77.05,1019.73,2,7.222222222,2,209.4444444,1,13.37555556
13/08/2026 13:00,0,0.035,0,23.305,0,20.09,18.205,20.925,74.05,1019.7,2,7.944444444,2,212.7777778,1,14.71311111
13/08/2026 14:00,0,0.02,0,23.665,0,20.215,18.195,20.915,72.4,1019.48,2,7.722222222,2,213.3333333,1,14.30155556
13/08/2026 15:00,0,0.005,0,23.36,0,20.005,18,20.69,73.25,1019.375,2,8.111111111,2,219.4444444,1,15.02177778
13/08/2026 16:00,0,0.07,0,23.25,0,19.92,17.96,20.63,73.8,1019.005,2,8.111111111,2,230.5555556,1,15.02177778
13/08/2026 17:00,0,0.025,0,22.85,0,19.745,17.92,20.57,75.4,1018.595,2,7.777777778,2,226.6666667,1,14.40444444
13/08/2026 18:00,0,0.25,0,22.305,0,19.575,17.96,20.61,77.8,1018.685,2,7.166666667,2,223.3333333,1,13.27266667
13/08/2026 19:00,0,0.28,0,21.43,0,19.25,17.945,20.6,81.4,1018.76,2,6.277777778,2,228.8888889,1,11.62644444
13/08/2026 20:00,0,0.21,0,20.27,0,18.785,17.87,20.5,86.5,1018.92,2,6.222222222,2,226.6666667,1,11.52355556
13/08/2026 21:00,0,0.095,0,19.44,0,18.405,17.79,20.38,90.2,1019.045,2,5.444444444,2,223.3333333,1,10.08311111
13/08/2026 22:00,0,0.03,0,19.075,0,18.17,17.62,20.205,91.4,1019.105,2,5.388888889,2,246.6666667,1,9.980222222
13/08/2026 23:00,0,0.095,0,18.63,0,17.86,17.395,19.925,92.4,1019.15,2,5.333333333,2,238.8888889,1,9.877333333
14/08/2026 00:00,0,0.155,0,18.09,0,17.385,16.945,19.395,92.9,1019.19,2,6.166666667,2,265,1,11.42066667
14/08/2026 01:00,0,0.065,0,17.75,0,17.04,16.58,18.97,92.7,1019.23,2,6.388888889,2,252.7777778,1,11.83222222
14/08/2026 02:00,0,0.045,0,17.51,0,16.84,16.39,18.76,92.9,1019.195,2,5.888888889,2,278.8888889,1,10.90622222
14/08/2026 03:00,0,0.045,0,17.095,0,16.385,15.91,18.16,92.3,1019.45,2,6.777777778,2,263.3333333,1,12.55244444
14/08/2026 04:00,0,0.01,0,16.57,0,15.815,15.3,17.485,92,1019.725,2,6.888888889,2,287.7777778,1,12.75822222
14/08/2026 05:00,0,0.01,0,15.985,0,15.265,14.77,16.885,92.1,1019.91,2,6.777777778,2,273.8888889,1,12.55244444
14/08/2026 06:00,0,0.01,0,15.79,0,15.08,14.55,16.62,91.9,1020.165,2,6.111111111,2,296.6666667,1,11.31777778
14/08/2026 07:00,0,0.04,0,15.99,0,15.135,14.495,16.565,90.65,1020.56,2,6.388888889,2,299.4444444,1,11.83222222
14/08/2026 08:00,0,0.035,0,16.555,0,15.305,14.365,16.395,86.75,1020.9,2,6.555555556,2,310,1,12.14088889
14/08/2026 09:00,0,0.015,0,17.38,0,15.48,14.08,16.09,80.8,1021.055,2,7,2,312.2222222,1,12.964
14/08/2026 10:00,0,0.025,0,17.805,0,15.535,13.825,15.84,77.45,1021.14,2,7.388888889,2,317.2222222,1,13.68422222
14/08/2026 11:00,0,0,0,18.545,0,15.675,13.51,15.515,72.6,1021.105,2,7.722222222,2,311.6666667,1,14.30155556
14/08/2026 12:00,0,0,0,18.915,0,15.745,13.38,15.365,70.6,1021.28,2,7.833333333,2,290.5555556,1,14.50733333
14/08/2026 13:00,0,0.005,0,18.97,0,15.775,13.39,15.41,70.8,1021.14,2,7.666666667,2,295,1,14.19866667
14/08/2026 14:00,0,0.005,0,19.06,0,15.845,13.445,15.445,70.65,1021.165,2,8.388888889,2,297.2222222,1,15.53622222
14/08/2026 15:00,0,0,0,19.005,0,15.74,13.295,15.275,69.8,1021.165,2,8.5,2,303.8888889,1,15.742
14/08/2026 16:00,0,0.005,0,18.67,0,15.65,13.36,15.35,71.45,1021.15,2,8.611111111,2,298.8888889,1,15.94777778
14/08/2026 17:00,0,0,0,18.295,0,15.525,13.43,15.42,73.35,1020.97,2,8.444444444,2,303.3333333,1,15.63911111
14/08/2026 18:00,0,0.025,0,17.645,0,15.195,13.3,15.295,75.8,1021.215,2,8.055555556,2,304.4444444,1,14.91888889
14/08/2026 19:00,0,0.01,0,17.11,0,14.885,13.165,15.16,77.65,1021.39,2,7.5,2,308.8888889,1,13.89
14/08/2026 20:00,0,0.01,0,16.425,0,14.54,13.045,15.04,80.55,1021.655,2,6.944444444,2,310.5555556,1,12.86111111
14/08/2026 21:00,0,0,0,15.975,0,14.24,12.845,14.845,81.75,1022.09,2,6.666666667,2,290,1,12.34666667
14/08/2026 22:00,0,0.015,0,15.415,0,13.965,12.805,14.81,84.35,1022.275,2,6.388888889,2,305.5555556,1,11.83222222
14/08/2026 23:00,0,0.035,0,15.065,0,13.735,12.7,14.685,85.6,1022.34,2,6.333333333,2,318.8888889,1,11.72933333
15/08/2026 00:00,0,0.07,0,14.805,0,13.595,12.57,14.585,86.3,1022.415,2,6.333333333,2,324.4444444,0,11.72933333
15/08/2026 01:00,0,0.035,0,14.555,0,13.3,12.235,14.29,85.95,1022.31,2,5.666666667,2,305.5555556,0,10.49466667
15/08/2026 02:00,0,0,0,14.355,0,13.12,12.045,14.105,85.95,1022.27,2,5.444444444,2,316.6666667,0,10.08311111
15/08/2026 03:00,0,0,0,14.15,0,12.925,11.855,13.96,86.1,1022.325,2,5.277777778,2,315.5555556,0,9.774444444
15/08/2026 04:00,0,0,0,14.005,0,12.74,11.63,13.745,85.8,1022.215,2,5.333333333,2,308.8888889,0,9.877333333
15/08/2026 05:00,0,0,0,13.72,0,12.505,11.405,13.525,85.8,1022.275,2,5.388888889,2,296.6666667,0,9.980222222
15/08/2026 06:00,0,0,0,13.765,0,12.47,11.305,13.44,85.15,1022.345,2,5.222222222,2,300.5555556,0,9.671555556
15/08/2026 07:00,0,0.025,0,13.995,0,12.585,11.34,13.465,83.9,1022.625,2,5.611111111,2,285,0,10.39177778
15/08/2026 08:00,0,0.005,0,14.655,0,12.815,11.21,13.335,79.6,1022.71,2,5.555555556,2,307.7777778,0,10.28888889
15/08/2026 09:00,0,0.005,0,15.3,0,12.86,10.705,12.895,73.85,1022.64,2,5.833333333,2,292.7777778,0,10.80333333
15/08/2026 10:00,0,0,0,15.905,0,12.935,10.295,12.56,69.1,1022.49,2,5.277777778,2,293.8888889,0,9.774444444
15/08/2026 11:00,0,0,0,16.58,0,13.2,10.195,12.485,65.9,1022.5,2,5.111111111,2,308.3333333,0,9.465777778
15/08/2026 12:00,0,0,0,16.89,0,13.385,10.31,12.575,65.25,1022.59,2,5.833333333,2,280.5555556,0,10.80333333
15/08/2026 13:00,0,0,0,17.425,0,13.66,10.375,12.635,63.5,1022.445,2,6,2,293.8888889,0,11.112
15/08/2026 14:00,0,0,0,17.695,0,13.84,10.505,12.735,62.7,1022.21,2,6.5,2,267.7777778,0,12.038
15/08/2026 15:00,0,0,0,18.1,0,14.05,10.565,12.805,61.6,1021.84,2,6.166666667,2,276.6666667,0,11.42066667
15/08/2026 16:00,0,0,0,17.725,0,13.825,10.47,12.705,62.75,1021.435,2,6.5,2,269.4444444,0,12.038
15/08/2026 17:00,0,0,0,17.33,0,13.74,10.65,12.865,65.15,1021.245,2,6.444444444,2,262.2222222,0,11.93511111
15/08/2026 18:00,0,0,0,16.795,0,13.5,10.63,12.845,67,1021.115,2,5.555555556,2,263.3333333,0,10.28888889
15/08/2026 19:00,0,0,0,15.995,0,13.165,10.675,12.86,70.55,1020.98,2,4.944444444,2,280.5555556,0,9.157111111
15/08/2026 20:00,0,0,0,15.06,0,12.785,10.765,12.95,75.4,1021.025,2,4.055555556,2,277.7777778,0,7.510888889
15/08/2026 21:00,0,0,0,14.22,0,12.415,10.81,12.98,79.7,1021.175,2,3.5,2,241.1111111,0,6.482
15/08/2026 22:00,0,0.02,0,13.72,0,12.175,10.77,12.96,82.2,1021.17,2,3.722222222,2,209.4444444,0,6.893555556
15/08/2026 23:00,0,0,0,13.38,0,12.015,10.775,12.965,84.1,1021.025,2,3.611111111,2,241.6666667,0,6.687777778
16/08/2026 00:00,0,0.015,0,13.105,0,11.935,10.86,13.035,86.05,1020.74,2,3.833333333,2,215,0,7.099333333
16/08/2026 01:00,0,0.06,0,12.925,0,11.79,10.735,12.93,86.45,1020.34,2,3.944444444,2,196.6666667,0,7.305111111
16/08/2026 02:00,0,0.075,0,12.865,0,11.76,10.75,12.93,86.75,1019.87,2,4.166666667,2,201.1111111,0,7.716666667
16/08/2026 03:00,0,0.085,0,12.9,0,11.825,10.83,13.035,86.95,1019.34,2,4.277777778,2,173.3333333,0,7.922444444
16/08/2026 04:00,0,0.115,0,12.735,0,11.8,10.94,13.11,88.45,1018.915,2,4.555555556,2,204.4444444,0,8.436888889
16/08/2026 05:00,0,0.105,0,12.71,0,11.865,11.09,13.25,89.65,1018.56,2,4.444444444,2,192.7777778,0,8.231111111
16/08/2026 06:00,0,0.085,0,12.9,0,12.06,11.32,13.455,89.85,1018.285,2,4.777777778,2,171.6666667,0,8.848444444
16/08/2026 07:00,0,0.11,0,13.665,0,12.65,11.76,13.845,88.05,1018.26,2,5.166666667,2,173.8888889,0,9.568666667
16/08/2026 08:00,0,0.115,0,14.505,0,13.335,12.335,14.39,86.65,1018.1,2,5.666666667,2,169.4444444,0,10.49466667
16/08/2026 09:00,0,0.135,0,15.305,0,13.845,12.615,14.695,84.15,1017.855,2,7.222222222,2,183.8888889,0,13.37555556
16/08/2026 10:00,0,0.15,0,15.975,0,14.34,13,15.085,82.75,1017.445,2,8.111111111,2,183.8888889,0,15.02177778
16/08/2026 11:00,0,0.22,0,16.36,0,14.725,13.4,15.485,82.95,1017.13,2,8.444444444,2,192.7777778,0,15.63911111
16/08/2026 12:00,0,0.17,0,16.85,0,15.27,14.005,16.115,83.75,1017.055,2,8.444444444,2,197.2222222,0,15.63911111
16/08/2026 13:00,0,0.16,0,17.155,0,15.75,14.66,16.81,85.6,1016.86,2,8.277777778,2,205.5555556,0,15.33044444
16/08/2026 14:00,0,0.225,0,17.45,0,16.245,15.37,17.56,87.6,1016.77,2,8.222222222,2,205,0,15.22755556
16/08/2026 15:00,0,0.025,0,18.195,0,16.805,15.825,18.08,86.15,1016.435,2,8.444444444,2,216.1111111,0,15.63911111
16/08/2026 16:00,0,0.07,0,18.49,0,17.05,16.06,18.335,85.85,1016.14,2,8.333333333,2,224.4444444,0,15.43333333
16/08/2026 17:00,0,0.035,0,18.44,0,17.075,16.165,18.415,86.55,1016.05,2,8.5,2,227.2222222,0,15.742
16/08/2026 18:00,0,0.04,0,17.99,0,16.93,16.215,18.47,89.25,1016.09,2,8.722222222,2,232.2222222,0,16.15355556
16/08/2026 19:00,0,0.08,0,17.68,0,16.79,16.195,18.465,90.9,1016.03,2,7.333333333,2,236.6666667,0,13.58133333
16/08/2026 20:00,0,0.07,0,17.27,0,16.56,16.07,18.285,92.45,1016.34,2,6.722222222,2,244.4444444,0,12.44955556
16/08/2026 21:00,0,0.06,0,16.94,0,16.305,15.89,18.07,93.3,1016.72,2,6.777777778,2,260,0,12.55244444
16/08/2026 22:00,0,0.025,0,16.645,0,16.13,15.76,17.94,94,1016.87,2,6.166666667,2,263.8888889,0,11.42066667
16/08/2026 23:00,0,0.04,0,16.33,0,15.82,15.455,17.575,94.25,1016.78,2,6.444444444,2,272.7777778,0,11.93511111
17/08/2026 00:00,0,0.04,0,16.055,0,15.57,15.22,17.325,94.6,1016.86,2,6.055555556,2,275.5555556,1,11.21488889
17/08/2026 01:00,0,0.04,0,15.83,0,15.305,14.92,16.97,94,1016.845,2,6.166666667,2,274.4444444,1,11.42066667
17/08/2026 02:00,0,0.06,0,15.595,0,15.065,14.65,16.69,93.8,1016.72,2,6.555555556,2,270.5555556,1,12.14088889
17/08/2026 03:00,0,0.07,0,15.44,0,14.855,14.425,16.445,93.25,1016.91,2,6.444444444,2,272.2222222,1,11.93511111
17/08/2026 04:00,0,0.025,0,15.18,0,14.7,14.315,16.34,94.3,1016.89,2,5.888888889,2,275.5555556,1,10.90622222
17/08/2026 05:00,0,0.06,0,15.025,0,14.51,14.12,16.12,94.1,1016.78,2,5.666666667,2,267.2222222,1,10.49466667
17/08/2026 06:00,0,0.035,0,15.04,0,14.53,14.12,16.12,94,1016.845,2,5.166666667,2,266.1111111,1,9.568666667
17/08/2026 07:00,0,0.045,0,15.31,0,14.7,14.21,16.22,92.75,1017.105,2,5.277777778,2,264.4444444,1,9.774444444
17/08/2026 08:00,0,0.03,0,15.775,0,14.96,14.355,16.36,91,1017.285,2,5.833333333,2,264.4444444,1,10.80333333
17/08/2026 09:00,0,0.055,0,16.375,0,15.21,14.335,16.335,87.5,1017.38,2,6.611111111,2,260,1,12.24377778
17/08/2026 10:00,0,0.03,0,16.955,0,15.51,14.42,16.435,85,1017.4,2,7.166666667,2,252.7777778,1,13.27266667
17/08/2026 11:00,0,0.065,0,17.64,0,15.78,14.385,16.425,81.25,1017.35,2,7.722222222,2,248.3333333,1,14.30155556
17/08/2026 12:00,0,0.025,0,18.235,0,16.07,14.495,16.535,79.1,1017.17,2,7.777777778,2,246.1111111,1,14.40444444
17/08/2026 13:00,0,0.065,0,18.83,0,16.41,14.69,16.735,77.4,1016.71,2,8.444444444,2,228.8888889,1,15.63911111
17/08/2026 14:00,0,0.05,0,19.07,0,16.525,14.69,16.745,76.55,1016.235,2,9.166666667,2,225.5555556,1,16.97666667
17/08/2026 15:00,0,0.15,0,19.095,0,16.62,14.84,16.92,77.6,1015.605,2,10.27777778,2,220.5555556,1,19.03444444
17/08/2026 16:00,0,0.265,0,18.965,0,16.76,15.195,17.335,80,1014.68,2,10.33333333,2,221.1111111,1,19.13733333
17/08/2026 17:00,0,0.345,0,19.125,0,17.205,15.88,18.085,82.65,1014.065,2,10.44444444,2,225,1,19.34311111
17/08/2026 18:00,0,0.315,0,18.675,0,17.315,16.415,18.71,87.4,1013.72,2,10.38888889,2,230,1,19.24022222
17/08/2026 19:00,0,0.265,0,18.07,0,17.32,16.845,19.2,92.3,1013.465,2,10.83333333,2,239.4444444,1,20.06333333
17/08/2026 20:00,0,0.085,0,17.93,0,17.34,16.975,19.35,93.7,1013.545,2,11.16666667,2,251.1111111,1,20.68066667
17/08/2026 21:00,0,0.06,0,17.78,0,17.145,16.74,19.08,93.4,1013.78,2,11.05555556,2,254.4444444,1,20.47488889
17/08/2026 22:00,0,0.025,0,17.55,0,16.88,16.415,18.705,92.75,1013.605,2,9.777777778,2,254.4444444,1,18.10844444
17/08/2026 23:00,0,0.04,0,17.24,0,16.43,15.865,18.07,91.25,1013.505,2,10.16666667,2,261.1111111,1,18.82866667
18/08/2026 00:00,0,0.04,0,16.91,0,16.03,15.41,17.56,90.6,1013.59,2,9.833333333,2,255.5555556,1,18.21133333
18/08/2026 01:00,0,0.05,0,16.61,0,15.715,15.045,17.15,90.15,1013.49,2,10.38888889,2,264.4444444,1,19.24022222
18/08/2026 02:00,0,0.03,0,16.25,0,15.225,14.46,16.505,89,1013.27,2,10.16666667,2,268.8888889,1,18.82866667
18/08/2026 03:00,0,0.035,0,15.875,0,14.87,14.115,16.105,88.95,1013.145,2,9.722222222,2,271.1111111,1,18.00555556
18/08/2026 04:00,0,0.03,0,15.5,0,14.49,13.7,15.675,88.85,1013.015,2,9.777777778,2,266.6666667,1,18.10844444
18/08/2026 05:00,0,0.01,0,15.29,0,14.29,13.5,15.495,89,1012.8,2,9.5,2,267.2222222,1,17.594
18/08/2026 06:00,0,0.13,0,15.13,0,14.15,13.37,15.36,89.1,1012.935,2,9.388888889,2,268.3333333,1,17.38822222
18/08/2026 07:00,0,0.05,0,15.335,0,14.24,13.385,15.38,87.95,1013,2,9.333333333,2,270,1,17.28533333
18/08/2026 08:00,0,0.015,0,15.71,0,14.435,13.41,15.43,86,1013.01,2,9.333333333,2,270,1,17.28533333
18/08/2026 09:00,0,0.015,0,16.02,0,14.595,13.485,15.47,84.7,1013.025,2,9.777777778,2,270.5555556,1,18.10844444
18/08/2026 10:00,0,0.015,0,16.355,0,14.55,13.155,15.14,81.1,1012.925,2,10.05555556,2,270,1,18.62288889
18/08/2026 11:00,0,0.055,0,17.06,0,14.85,13.12,15.11,77.35,1012.8,2,10.5,2,266.6666667,1,19.446
18/08/2026 12:00,0,0.06,0,17.525,0,14.97,12.995,14.98,74.6,1012.45,2,11.16666667,2,268.3333333,1,20.68066667
18/08/2026 13:00,0,0.05,0,17.455,0,14.805,12.735,14.725,73.85,1012.035,2,11.05555556,2,266.6666667,1,20.47488889
18/08/2026 14:00,0,0,0,17.56,0,14.735,12.5,14.515,72.4,1011.715,2,11.16666667,2,267.2222222,1,20.68066667
18/08/2026 15:00,0,0.005,0,17.29,0,14.48,12.235,14.25,72.4,1011.265,2,10.77777778,2,263.3333333,1,19.96044444
18/08/2026 16:00,0,0.015,0,17.085,0,14.495,12.405,14.43,74.05,1010.77,2,10,2,266.1111111,1,18.52
18/08/2026 17:00,0,0.105,0,16.52,0,14.315,12.53,14.545,77.5,1010.315,2,9.5,2,262.2222222,1,17.594
18/08/2026 18:00,0,0.205,0,15.81,0,14.17,12.86,14.865,82.7,1009.875,2,8.5,2,249.4444444,1,15.742
18/08/2026 19:00,0,0.46,0,15.055,0,13.975,13.105,15.08,87.95,1009.385,2,7.888888889,2,240.5555556,1,14.61022222
18/08/2026 20:00,0,0.755,0,14.555,0,13.835,13.245,15.22,91.55,1009.05,2,7.222222222,2,235,1,13.37555556
18/08/2026 21:00,0,0.51,0,14.27,0,13.66,13.175,15.17,92.85,1008.805,2,7.111111111,2,226.6666667,1,13.16977778
18/08/2026 22:00,0,0.35,0,14.225,0,13.63,13.14,15.12,92.9,1008.265,2,6.722222222,2,226.1111111,1,12.44955556
18/08/2026 23:00,0,0.27,0,14.05,0,13.405,12.87,14.875,92.35,1007.735,2,7.333333333,2,227.2222222,1,13.58133333
19/08/2026 00:00,0,0.1,0,13.83,0,13.125,12.55,14.56,91.75,1007.12,2,7.277777778,2,231.6666667,1,13.47844444
19/08/2026 01:00,0,0.205,0,13.67,0,12.94,12.33,14.33,91.35,1006.605,2,7.333333333,2,239.4444444,1,13.58133333
19/08/2026 02:00,0,0.06,0,13.525,0,12.815,12.23,14.25,91.6,1006.165,2,7.611111111,2,232.7777778,1,14.09577778
19/08/2026 03:00,0,0.21,0,13.315,0,12.61,11.99,14.035,91.45,1005.605,2,7.611111111,2,241.1111111,1,14.09577778
19/08/2026 04:00,0,0.075,0,13.11,0,12.435,11.835,13.87,91.6,1005.185,2,8.111111111,2,241.6666667,1,15.02177778
19/08/2026 05:00,0,0.2,0,13.23,0,12.5,11.865,13.9,91.25,1004.76,2,8,2,242.7777778,1,14.816
19/08/2026 06:00,0,0.13,0,13.19,0,12.51,11.91,13.945,91.55,1004.485,2,8.388888889,2,240.5555556,1,15.53622222
19/08/2026 07:00,0,0.22,0,13.72,0,12.94,12.27,14.285,90.75,1004.175,2,8.277777778,2,236.1111111,1,15.33044444
19/08/2026 08:00,0,0.205,0,14.525,0,13.44,12.525,14.535,87.7,1003.885,2,9.5,2,244.4444444,1,17.594
19/08/2026 09:00,0,0.245,0,15.485,0,13.975,12.755,14.765,83.75,1003.515,2,10.38888889,2,247.7777778,1,19.24022222
19/08/2026 10:00,0,0.235,0,16.195,0,14.33,12.815,14.82,80.5,1003.36,2,11.27777778,2,251.6666667,1,20.88644444
19/08/2026 11:00,0,0.095,0,16.735,0,14.63,12.935,14.945,78.2,1003.05,2,11.44444444,2,256.6666667,1,21.19511111
19/08/2026 12:00,0,0.25,0,17.24,0,14.835,12.925,14.95,76.1,1002.96,2,11.94444444,2,254.4444444,1,22.12111111
19/08/2026 13:00,0,0.715,0,17.205,0,14.99,13.285,15.275,77.8,1002.865,2,11.5,2,262.7777778,1,21.298
19/08/2026 14:00,0,0.26,0,17.42,0,14.99,13.105,15.09,76.05,1002.695,2,12.38888889,2,263.8888889,1,22.94422222
19/08/2026 15:00,0,0.3,0,17.205,0,14.85,12.995,15.01,76.35,1002.71,2,12.38888889,2,267.7777778,1,22.94422222
19/08/2026 16:00,0,0.19,0,17.07,0,14.63,12.695,14.7,75.65,1002.545,2,11.94444444,2,275.5555556,1,22.12111111
19/08/2026 17:00,0,0.11,0,16.825,0,14.365,12.37,14.4,75.1,1002.44,2,12.05555556,2,277.2222222,1,22.32688889
19/08/2026 18:00,0,0.15,0,16.2,0,14.085,12.37,14.385,78.1,1002.545,2,11.05555556,2,281.1111111,1,20.47488889
19/08/2026 19:00,0,0.175,0,15.485,0,13.665,12.155,14.19,80.55,1002.825,2,10.33333333,2,264.4444444,1,19.13733333
19/08/2026 20:00,0,0.185,0,14.78,0,13.405,12.255,14.275,84.85,1003.355,2,9.611111111,2,263.8888889,1,17.79977778
19/08/2026 21:00,0,0.265,0,14.355,0,13.17,12.14,14.175,86.35,1003.975,2,8.333333333,2,269.4444444,1,15.43333333
19/08/2026 22:00,0,0.055,0,14.155,0,13.145,12.3,14.33,88.45,1004.355,2,7.722222222,2,270.5555556,1,14.30155556
19/08/2026 23:00,0,0.08,0,13.985,0,13.06,12.27,14.29,89.15,1004.59,2,8.444444444,2,252.7777778,1,15.63911111
20/08/2026 00:00,0,0.085,0,13.84,0,12.99,12.275,14.275,90.05,1004.96,2,8.777777778,2,261.1111111,1,16.25644444
20/08/2026 01:00,0,0.015,0,13.78,0,12.935,12.215,14.23,89.9,1005.295,2,9.333333333,2,270.5555556,1,17.28533333
20/08/2026 02:00,0,0.155,0,13.65,0,12.8,12.075,14.08,89.85,1005.64,2,9.944444444,2,294.4444444,1,18.41711111
20/08/2026 03:00,0,0.055,0,13.59,0,12.69,11.895,13.94,89.1,1006,2,9.555555556,2,279.4444444,1,17.69688889
20/08/2026 04:00,0,0.035,0,13.52,0,12.545,11.69,13.76,88.5,1006.49,2,9.555555556,2,282.2222222,1,17.69688889
20/08/2026 05:00,0,0.065,0,13.34,0,12.345,11.51,13.57,88.45,1006.93,2,9.722222222,2,283.3333333,1,18.00555556
20/08/2026 06:00,0,0.025,0,13.425,0,12.355,11.405,13.495,87.2,1007.645,2,9.722222222,2,267.7777778,1,18.00555556
20/08/2026 07:00,0,0.035,0,13.6,0,12.475,11.485,13.575,86.6,1008.49,2,9.944444444,2,291.1111111,1,18.41711111
20/08/2026 08:00,0,0.01,0,14.18,0,12.475,10.965,13.095,80.7,1009.18,2,10.55555556,2,297.2222222,1,19.54888889
20/08/2026 09:00,0,0.02,0,14.81,0,12.665,10.795,12.965,76.65,1009.905,2,11.38888889,2,301.6666667,1,21.09222222
20/08/2026 10:00,0,0.03,0,15.17,0,12.72,10.575,12.77,73.9,1010.62,2,12.11111111,2,285,1,22.42977778
20/08/2026 11:00,0,0.035,0,15.58,0,12.93,10.57,12.77,71.9,1011.235,2,12.05555556,2,304.4444444,1,22.32688889
20/08/2026 12:00,0,0.06,0,15.88,0,12.885,10.19,12.45,68.9,1011.71,2,11.77777778,2,303.3333333,1,21.81244444
20/08/2026 13:00,0,0.025,0,16.485,0,13.14,10.215,12.46,66.35,1012.105,2,12.44444444,2,302.7777778,1,23.04711111
20/08/2026 14:00,0,0.075,0,16.125,0,12.675,9.525,11.91,64.95,1012.495,2,12.22222222,2,304.4444444,1,22.63555556
20/08/2026 15:00,0,0.015,0,16.395,0,12.595,9.085,11.555,61.75,1012.885,2,11.94444444,2,322.7777778,1,22.12111111
20/08/2026 16:00,0,0.085,0,16.195,0,12.325,8.655,11.24,60.85,1013.065,2,12.05555556,2,326.1111111,1,22.32688889
20/08/2026 17:00,0,0,0,15.84,0,12.105,8.515,11.12,61.5,1013.41,2,11.77777778,2,342.7777778,1,21.81244444
20/08/2026 18:00,0,0.015,0,15.015,0,11.69,8.43,11.085,64.75,1013.885,2,11.5,2,342.7777778,1,21.298
20/08/2026 19:00,0,0,0,14.02,0,11.21,8.395,11.055,68.95,1014.47,2,10.55555556,2,323.8888889,1,19.54888889
20/08/2026 20:00,0,0.01,0,12.975,0,10.65,8.305,10.99,73.15,1015.18,2,8.888888889,2,322.2222222,1,16.46222222
20/08/2026 21:00,0,0,0,12.14,0,10.26,8.325,11,77.35,1015.895,2,7.611111111,2,295,1,14.09577778
20/08/2026 22:00,0,0.025,0,11.67,0,10.05,8.38,11.045,80.15,1016.21,2,7.388888889,2,311.6666667,1,13.68422222
20/08/2026 23:00,0,0.04,0,11.13,0,9.695,8.215,10.905,82.1,1016.445,2,7.444444444,2,291.1111111,1,13.78711111
21/08/2026 00:00,0,0.085,0,10.875,0,9.585,8.25,10.92,83.65,1016.595,2,7.333333333,2,295,1,13.58133333
21/08/2026 01:00,0,0.015,0,10.54,0,9.365,8.14,10.84,84.95,1016.785,2,7.055555556,2,273.3333333,1,13.06688889
21/08/2026 02:00,0,0.02,0,10.33,0,9.29,8.205,10.9,86.5,1016.8,2,7,2,269.4444444,1,12.964
21/08/2026 03:00,0,0.06,0,9.94,0,8.985,7.965,10.73,87.55,1016.745,2,6.166666667,2,266.6666667,1,11.42066667
21/08/2026 04:00,0,0.045,0,9.74,0,8.845,7.92,10.695,88.45,1016.835,2,6.111111111,2,286.1111111,1,11.31777778
21/08/2026 05:00,0,0,0,9.55,0,8.75,7.905,10.67,89.5,1016.97,2,5.944444444,2,293.3333333,1,11.00911111
21/08/2026 06:00,0,0.025,0,9.67,0,8.95,8.18,10.9,90.3,1017.265,2,6.111111111,2,268.8888889,1,11.31777778
21/08/2026 07:00,0,0,0,10.785,0,9.84,8.875,11.39,87.65,1017.755,2,6,2,297.7777778,1,11.112
21/08/2026 08:00,0,0.045,0,12.14,0,10.725,9.31,11.755,82.7,1018.21,2,7.555555556,2,295,1,13.99288889
21/08/2026 09:00,0,0.02,0,13.665,0,11.49,9.39,11.81,75.15,1018.505,2,8.611111111,2,301.1111111,1,15.94777778
21/08/2026 10:00,0,0.04,0,14.21,0,11.74,9.355,11.805,72.55,1018.91,2,9.444444444,2,286.6666667,1,17.49111111
21/08/2026 11:00,0,0.015,0,15.075,0,12.15,9.385,11.815,68.8,1019.15,2,9.555555556,2,324.4444444,1,17.69688889
21/08/2026 12:00,0,0.005,0,15.945,0,12.47,9.2,11.67,64.5,1019.16,2,10,2,292.2222222,1,18.52
21/08/2026 13:00,0,0.1,0,15.945,0,12.475,9.185,11.685,64.55,1019.4,2,9.888888889,2,289.4444444,1,18.31422222
21/08/2026 14:00,0,0.015,0,15.875,0,12.52,9.41,11.85,65.8,1019.695,2,10.05555556,2,287.2222222,1,18.62288889
21/08/2026 15:00,0,0.18,0,16.12,0,12.795,9.73,12.11,66.5,1019.895,2,9.888888889,2,308.3333333,1,18.31422222
21/08/2026 16:00,0,0.11,0,15.54,0,12.645,10.015,12.31,69.7,1020.07,2,10.05555556,2,285.5555556,1,18.62288889
21/08/2026 17:00,0,0.045,0,15.575,0,12.385,9.39,11.835,66.95,1020.425,2,10.16666667,2,305.5555556,1,18.82866667
21/08/2026 18:00,0,0.04,0,15.025,0,12.27,9.71,12.075,70.6,1021,2,10,2,327.7777778,1,18.52
21/08/2026 19:00,0,0.31,0,14.075,0,11.825,9.715,12.065,75.05,1021.465,2,8.888888889,2,322.7777778,1,16.46222222
21/08/2026 20:00,0,0.015,0,13.25,0,11.35,9.525,11.91,78.05,1022.215,2,8.055555556,2,307.7777778,1,14.91888889
21/08/2026 21:00,0,0,0,12.575,0,10.935,9.325,11.755,80.2,1022.87,2,6.722222222,2,305,1,12.44955556
21/08/2026 22:00,0,0.005,0,12.03,0,10.51,8.99,11.5,81.4,1023.24,2,5.777777778,2,295,1,10.70044444
21/08/2026 23:00,0,0,0,11.74,0,10.375,9.03,11.53,83.3,1023.565,2,5.888888889,2,272.7777778,1,10.90622222
22/08/2026 00:00,0,0,0,11.47,0,10.2,8.965,11.465,84.4,1023.765,2,5.944444444,2,273.8888889,0,11.00911111
22/08/2026 01:00,0,0,0,11.06,0,9.825,8.595,11.2,84.75,1024.02,2,5.777777778,2,275,0,10.70044444
22/08/2026 02:00,0,0,0,10.785,0,9.66,8.52,11.135,85.65,1024.22,2,5.666666667,2,269.4444444,0,10.49466667
22/08/2026 03:00,0,0,0,10.33,0,9.33,8.3,10.98,87.05,1024.435,2,5.055555556,2,277.2222222,0,9.362888889
22/08/2026 04:00,0,0,0,10.26,0,9.235,8.165,10.885,86.8,1024.61,2,5.166666667,2,253.3333333,0,9.568666667
22/08/2026 05:00,0,0,0,9.95,0,9.05,8.08,10.835,88.25,1024.815,2,4.5,2,280,0,8.334
22/08/2026 06:00,0,0.005,0,10.095,0,9.285,8.415,11.09,89.2,1025.145,2,4,2,262.2222222,0,7.408
22/08/2026 07:00,0,0.005,0,11.255,0,10.21,9.15,11.62,86.9,1025.575,2,3.722222222,2,244.4444444,0,6.893555556
22/08/2026 08:00,0,0,0,12.84,0,11.05,9.295,11.75,78.95,1025.92,2,3.833333333,2,251.6666667,0,7.099333333
22/08/2026 09:00,0,0,0,14.025,0,11.41,8.85,11.395,70.75,1026.155,2,5.111111111,2,215,0,9.465777778
22/08/2026 10:00,0,0,0,14.835,0,11.685,8.63,11.235,66.25,1026.45,2,5.333333333,2,180.5555556,0,9.877333333
22/08/2026 11:00,0,0,0,15.275,0,11.88,8.58,11.19,64.2,1026.585,2,5.722222222,2,196.1111111,0,10.59755556
22/08/2026 12:00,0,0.03,0,15.9,0,12.22,8.71,11.305,62.55,1026.575,2,6.222222222,2,225,0,11.52355556
22/08/2026 13:00,0,0,0,16.395,0,12.58,8.985,11.535,61.5,1026.625,2,5.777777778,2,260,0,10.70044444
22/08/2026 14:00,0,0.045,0,16.79,0,12.885,9.23,11.74,61.35,1026.63,2,5.888888889,2,252.7777778,0,10.90622222
22/08/2026 15:00,0,0,0,16.82,0,12.985,9.445,11.905,62,1026.53,2,6.722222222,2,270.5555556,0,12.44955556
22/08/2026 16:00,0,0,0,16.96,0,13.005,9.36,11.82,60.75,1026.43,2,6.777777778,2,280.5555556,0,12.55244444
22/08/2026 17:00,0,0,0,16.85,0,12.925,9.33,11.78,61.05,1026.42,2,6.722222222,2,282.2222222,0,12.44955556
22/08/2026 18:00,0,0,0,16.245,0,12.625,9.26,11.745,63.35,1026.54,2,6.388888889,2,230,0,11.83222222
22/08/2026 19:00,0,0,0,15.24,0,12.33,9.63,12.03,69.1,1026.755,2,5.666666667,2,250,0,10.49466667
22/08/2026 20:00,0,0,0,13.97,0,11.75,9.655,12.04,74.9,1027.085,2,4.555555556,2,230,0,8.436888889
22/08/2026 21:00,0,0,0,13.35,0,11.52,9.78,12.14,78.75,1027.375,2,3.888888889,2,231.6666667,0,7.202222222
22/08/2026 22:00,0,0,0,12.825,0,11.21,9.645,12.05,80.75,1027.5,2,3.333333333,2,248.3333333,0,6.173333333
22/08/2026 23:00,0,0,0,12.35,0,10.95,9.6,12.01,82.85,1027.565,2,3.277777778,2,183.8888889,0,6.070444444
23/08/2026 00:00,0,0,0,12.075,0,10.815,9.595,12.015,84.45,1027.475,2,3.222222222,2,192.7777778,0,5.967555556
23/08/2026 01:00,0,0,0,11.645,0,10.505,9.41,11.87,85.9,1027.4,2,3.111111111,2,201.6666667,0,5.761777778
23/08/2026 02:00,0,0,0,11.32,0,10.305,9.3,11.77,87.05,1027.29,2,3.166666667,2,222.2222222,0,5.864666667
23/08/2026 03:00,0,0,0,11.045,0,10.125,9.195,11.715,88.2,1027.065,2,2.944444444,2,205.5555556,0,5.453111111
23/08/2026 04:00,0,0,0,10.915,0,9.985,9.07,11.615,88.15,1026.875,2,3.055555556,2,182.2222222,0,5.658888889
23/08/2026 05:00,0,0,0,10.995,0,10.105,9.19,11.7,88.3,1026.835,2,3,2,179.4444444,0,5.556
23/08/2026 06:00,0,0.01,0,11.15,0,10.265,9.365,11.82,88.4,1027.03,2,3,2,176.1111111,0,5.556
23/08/2026 07:00,0,0,0,11.82,0,10.765,9.745,12.09,86.8,1027.22,2,3.055555556,2,176.6666667,0,5.658888889
23/08/2026 08:00,0,0,0,13.155,0,11.575,10.095,12.38,81.4,1027.29,2,3.166666667,2,184.4444444,0,5.864666667
23/08/2026 09:00,0,0,0,14.675,0,12.11,9.725,12.085,72.3,1027.21,2,3.555555556,2,165,0,6.584888889
23/08/2026 10:00,0,0.005,0,16.03,0,12.23,8.58,11.215,61.45,1027.015,2,4.888888889,2,131.6666667,0,9.054222222
23/08/2026 11:00,0,0,0,16.51,0,12.165,7.94,10.72,56.7,1026.85,2,5.388888889,2,133.8888889,0,9.980222222
23/08/2026 12:00,0,0,0,17.06,0,12.565,8.295,10.99,56.3,1026.75,2,5.833333333,2,149.4444444,0,10.80333333
23/08/2026 13:00,0,0,0,17.47,0,12.84,8.495,11.145,55.6,1026.525,2,5.777777778,2,129.4444444,0,10.70044444
23/08/2026 14:00,0,0,0,17.645,0,12.87,8.37,11.05,54.55,1026.2,2,5.666666667,2,138.8888889,0,10.49466667
23/08/2026 15:00,0,0,0,17.725,0,12.93,8.445,11.085,54.4,1025.665,2,5.277777778,2,137.2222222,0,9.774444444
23/08/2026 16:00,0,0,0,17.76,0,13.005,8.6,11.2,54.95,1025.24,2,5.222222222,2,145,0,9.671555556
23/08/2026 17:00,0,0,0,17.435,0,12.875,8.59,11.205,56.05,1024.705,2,5.222222222,2,128.8888889,0,9.671555556
23/08/2026 18:00,0,0.005,0,16.775,0,12.615,8.715,11.285,58.8,1024.375,2,5.333333333,2,128.8888889,0,9.877333333
23/08/2026 19:00,0,0,0,15.625,0,12.17,8.915,11.43,64,1024.18,2,5.055555556,2,110.5555556,0,9.362888889
23/08/2026 20:00,0,0,0,13.415,0,11.075,8.785,11.34,73.3,1024.205,2,4.055555556,2,93.33333333,0,7.510888889
23/08/2026 21:00,0,0,0,11.99,0,10.245,8.5,11.125,78.8,1024.165,2,4.222222222,2,83.33333333,0,7.819555556
23/08/2026 22:00,0,0,0,10.735,0,9.405,8.045,10.8,83.3,1023.985,2,4.166666667,2,100.5555556,0,7.716666667
23/08/2026 23:00,0,0,0,9.905,0,8.82,7.665,10.535,85.9,1023.69,2,4.111111111,2,116.6666667,0,7.613777778
24/08/2026 00:00,0,0,0,9.215,0,8.29,7.3,10.285,87.75,1023.38,2,4.111111111,2,116.1111111,1,7.613777778
24/08/2026 01:00,0,0,0,8.525,0,7.72,6.855,10,89.15,1022.8,2,4.111111111,2,124.4444444,1,7.613777778
24/08/2026 02:00,0,0,0,8.09,0,7.41,6.635,9.86,90.4,1022.355,2,4.333333333,2,125.5555556,1,8.025333333
24/08/2026 03:00,0,0,0,7.515,0,6.86,6.125,9.55,90.9,1021.925,2,4.555555556,2,126.1111111,1,8.436888889
24/08/2026 04:00,0,0,0,7.33,0,6.79,6.18,9.585,92.15,1021.62,2,4.722222222,2,131.6666667,1,8.745555556
24/08/2026 05:00,0,0,0,7.23,0,6.75,6.21,9.62,92.9,1021.31,2,4.833333333,2,125,1,8.951333333
24/08/2026 06:00,0,0,0,7.01,0,6.575,6.1,9.565,93.65,1021.055,2,4.722222222,2,152.7777778,1,8.745555556
24/08/2026 07:00,0,0.005,0,9.415,0,8.835,8.24,11.005,92.05,1020.79,2,4.111111111,2,147.7777778,1,7.613777778
24/08/2026 08:00,0,0,0,12.78,0,11.435,10.185,12.47,84.25,1020.415,2,4.555555556,2,109.4444444,1,8.436888889
24/08/2026 09:00,0,0,0,15.135,0,12.83,10.805,13,75.1,1019.87,2,5.555555556,2,88.88888889,1,10.28888889
24/08/2026 10:00,0,0,0,17.285,0,13.895,11.025,13.185,66.55,1019.34,2,6.722222222,2,107.2222222,1,12.44955556
24/08/2026 11:00,0,0,0,18.96,0,14.665,11.105,13.255,60.4,1018.745,2,7.833333333,2,100.5555556,1,14.50733333
24/08/2026 12:00,0,0,0,19.785,0,14.99,11.005,13.215,57.35,1018.285,2,8.611111111,2,105.5555556,1,15.94777778
24/08/2026 13:00,0,0,0,20.52,0,15.03,10.435,12.715,52.75,1017.81,2,9,2,107.7777778,1,16.668
24/08/2026 14:00,0,0,0,20.845,0,14.97,9.95,12.325,50.2,1017.45,2,8.722222222,2,116.6666667,1,16.15355556
24/08/2026 15:00,0,0,0,20.895,0,15,10,12.35,50.25,1016.905,2,8.277777778,2,113.8888889,1,15.33044444
24/08/2026 16:00,0,0,0,20.455,0,14.785,9.92,12.295,51.05,1016.395,2,7.666666667,2,121.6666667,1,14.19866667
24/08/2026 17:00,0,0,0,19.82,0,14.655,10.225,12.545,54.15,1016.135,2,7.222222222,2,132.7777778,1,13.37555556
24/08/2026 18:00,0,0,0,18.96,0,14.415,10.5,12.78,58.1,1015.685,2,6.166666667,2,108.3333333,1,11.42066667
24/08/2026 19:00,0,0,0,17.755,0,13.96,10.69,12.905,63.25,1015.47,2,5.666666667,2,113.8888889,1,10.49466667
24/08/2026 20:00,0,0,0,16.665,0,13.29,10.285,12.565,65.9,1015.675,2,5.611111111,2,111.1111111,1,10.39177778
24/08/2026 21:00,0,0,0,15.85,0,12.89,10.245,12.51,69.2,1015.67,2,5.555555556,2,89.44444444,1,10.28888889
24/08/2026 22:00,0,0,0,15.245,0,12.59,10.195,12.47,71.9,1015.395,2,5.055555556,2,100,1,9.362888889
24/08/2026 23:00,0,0,0,14.525,0,12.205,10.045,12.355,74.5,1015.11,2,4.666666667,2,99.44444444,1,8.642666667
25/08/2026 00:00,0,0,0,14.41,0,12.305,10.385,12.635,76.6,1014.875,2,4.944444444,2,112.7777778,1,9.157111111
25/08/2026 01:00,0,0,0,14.385,0,12.355,10.5,12.73,77.5,1014.615,2,5.555555556,2,130.5555556,1,10.28888889
25/08/2026 02:00,0,0,0,14.19,0,12.36,10.745,12.935,79.7,1014.295,2,5.666666667,2,105,1,10.49466667
25/08/2026 03:00,0,0,0,13.95,0,12.345,10.91,13.055,81.75,1013.85,2,5,2,111.1111111,1,9.26
25/08/2026 04:00,0,0,0,14.04,0,12.53,11.185,13.305,82.65,1013.54,2,5.111111111,2,110.5555556,1,9.465777778
25/08/2026 05:00,0,0,0,13.985,0,12.5,11.21,13.34,83.1,1013.27,2,5.222222222,2,90,1,9.671555556
25/08/2026 06:00,0,0,0,14.115,0,12.665,11.405,13.505,83.45,1013.195,2,5.611111111,2,82.77777778,1,10.39177778
25/08/2026 07:00,0,0.05,0,14.855,0,13.275,11.93,13.975,82.1,1013.38,2,6.055555556,2,100,1,11.21488889
25/08/2026 08:00,0,0.035,0,15.67,0,13.77,12.21,14.23,79.6,1013.37,2,6.777777778,2,95,1,12.55244444
25/08/2026 09:00,0,0.03,0,16.6,0,14.23,12.32,14.34,75.65,1013.265,2,7.888888889,2,93.33333333,1,14.61022222
25/08/2026 10:00,0,0.06,0,17.385,0,14.57,12.315,14.34,72.35,1013.23,2,8.111111111,2,88.33333333,1,15.02177778
25/08/2026 11:00,0,0.085,0,18.135,0,14.91,12.31,14.37,69.15,1013.095,2,8.444444444,2,94.44444444,1,15.63911111
25/08/2026 12:00,0,0.035,0,18.32,0,14.985,12.295,14.375,68.2,1012.865,2,8.944444444,2,115,1,16.56511111
25/08/2026 13:00,0,0.195,0,18.3,0,15.07,12.48,14.53,69.4,1012.725,2,8.277777778,2,95,1,15.33044444
25/08/2026 14:00,0,0.255,0,18.07,0,15.14,12.795,14.835,71.85,1012.51,2,7.722222222,2,90,1,14.30155556
25/08/2026 15:00,0,0.17,0,17.675,0,14.965,12.805,14.855,73.65,1012.24,2,7.833333333,2,109.4444444,1,14.50733333
25/08/2026 16:00,0,0.26,0,17.04,0,14.945,13.275,15.295,78.9,1012.08,2,7.444444444,2,118.3333333,1,13.78711111
25/08/2026 17:00,0,0.585,0,16.475,0,14.795,13.49,15.485,82.7,1012.025,2,6.888888889,2,120.5555556,1,12.75822222
25/08/2026 18:00,0,0.64,0,16.01,0,14.68,13.63,15.63,85.95,1012.075,2,6.055555556,2,111.6666667,1,11.21488889
25/08/2026 19:00,0,0.495,0,15.505,0,14.46,13.615,15.62,88.55,1012.09,2,5.444444444,2,98.33333333,1,10.08311111
25/08/2026 20:00,0,0.68,0,15.05,0,14.305,13.69,15.695,91.5,1012.155,2,4.833333333,2,90.55555556,1,8.951333333
25/08/2026 21:00,0,0.565,0,14.93,0,14.295,13.795,15.795,92.8,1012.145,2,5,2,107.2222222,1,9.26
25/08/2026 22:00,0,0.67,0,14.8,0,14.24,13.78,15.795,93.35,1011.82,2,5.166666667,2,75,1,9.568666667
25/08/2026 23:00,0,0.33,0,14.7,0,14.205,13.785,15.78,93.85,1011.615,2,5.166666667,2,72.77777778,1,9.568666667
26/08/2026 00:00,0,0.385,0,14.58,0,14.13,13.75,15.75,94.35,1011.29,2,5.777777778,2,71.11111111,1,10.70044444
26/08/2026 01:00,0,0.265,0,14.635,0,14.195,13.82,15.835,94.55,1010.935,2,6.388888889,2,73.88888889,1,11.83222222
26/08/2026 02:00,0,0.155,0,14.645,0,14.195,13.85,15.855,94.6,1010.67,2,6.444444444,2,91.66666667,1,11.93511111
26/08/2026 03:00,0,0.085,0,14.755,0,14.27,13.89,15.92,94.25,1010.46,2,6.111111111,2,82.77777778,1,11.31777778
26/08/2026 04:00,0,0.075,0,14.81,0,14.34,13.97,15.985,94.35,1010.285,2,6.166666667,2,85.55555556,1,11.42066667
26/08/2026 05:00,0,0.04,0,14.88,0,14.41,14.06,16.095,94.55,1010.115,2,5.833333333,2,103.3333333,1,10.80333333
26/08/2026 06:00,0,0.05,0,14.96,0,14.485,14.11,16.14,94.3,1010.185,2,5.555555556,2,83.88888889,1,10.28888889
26/08/2026 07:00,0,0.2,0,15.28,0,14.795,14.42,16.475,94.25,1010.36,2,5.944444444,2,81.11111111,1,11.00911111
26/08/2026 08:00,0,0.07,0,15.835,0,15.27,14.85,16.91,93.5,1010.63,2,6.111111111,2,83.33333333,1,11.31777778
26/08/2026 09:00,0,0.05,0,16.56,0,15.765,15.2,17.295,91.35,1010.84,2,6.222222222,2,85.55555556,1,11.52355556
26/08/2026 10:00,0,0.01,0,17.445,0,16.265,15.435,17.58,87.7,1010.785,2,6.833333333,2,90,1,12.65533333
26/08/2026 11:00,0,0.015,0,17.865,0,16.485,15.55,17.685,86.05,1010.81,2,7.555555556,2,111.1111111,1,13.99288889
26/08/2026 12:00,0,0.01,0,18.55,0,16.93,15.83,18.015,83.9,1010.715,2,7.944444444,2,111.6666667,1,14.71311111
26/08/2026 13:00,0,0,0,19.08,0,17.17,15.89,18.07,81.55,1010.71,2,8.166666667,2,113.3333333,1,15.12466667
26/08/2026 14:00,0,0.005,0,19.57,0,17.355,15.88,18.055,79,1010.645,2,8.166666667,2,113.8888889,1,15.12466667
26/08/2026 15:00,0,0,0,19.995,0,17.52,15.88,18.07,77.1,1010.45,2,8.222222222,2,112.2222222,1,15.22755556
26/08/2026 16:00,0,0,0,20.215,0,17.56,15.8,17.95,75.5,1010.24,2,8.277777778,2,110.5555556,1,15.33044444
26/08/2026 17:00,0,0,0,19.995,0,17.47,15.765,17.925,76.5,1010.095,2,8,2,102.2222222,1,14.816
26/08/2026 18:00,0,0.135,0,19.43,0,17.155,15.6,17.77,78.45,1010.265,2,7.777777778,2,94.44444444,1,14.40444444
26/08/2026 19:00,0,0.025,0,18.46,0,16.74,15.565,17.7,83,1010.58,2,6.555555556,2,82.77777778,1,12.14088889
26/08/2026 20:00,0,0,0,17.51,0,16.19,15.265,17.36,86.45,1010.925,2,5.777777778,2,72.22222222,1,10.70044444
26/08/2026 21:00,0,0,0,16.67,0,15.64,14.885,16.95,88.65,1011.025,2,5.555555556,2,72.22222222,1,10.28888889
26/08/2026 22:00,0,0,0,16.035,0,15.15,14.49,16.53,90.4,1010.82,2,5.388888889,2,115,1,9.980222222
26/08/2026 23:00,0,0,0,15.605,0,14.85,14.27,16.29,91.4,1010.57,2,5.444444444,2,143.3333333,1,10.08311111
27/08/2026 00:00,0,0,0,15.295,0,14.625,14.115,16.12,92.25,1010.175,2,5.555555556,2,113.8888889,1,10.28888889
27/08/2026 01:00,0,0,0,14.99,0,14.34,13.86,15.86,92.65,1009.875,2,5.5,2,101.1111111,1,10.186
27/08/2026 02:00,0,0,0,14.945,0,14.3,13.805,15.815,92.55,1009.56,2,6,2,88.33333333,1,11.112
27/08/2026 03:00,0,0,0,15.095,0,14.38,13.84,15.85,92.15,1009.24,2,6.5,2,113.3333333,1,12.038
27/08/2026 04:00,0,0.03,0,14.75,0,14.17,13.72,15.75,93.25,1008.93,2,6.111111111,2,102.2222222,1,11.31777778
27/08/2026 05:00,0,0.035,0,14.825,0,14.27,13.865,15.91,93.8,1008.855,2,5.944444444,2,116.6666667,1,11.00911111
27/08/2026 06:00,0,0.075,0,15.11,0,14.61,14.245,16.305,94.35,1008.74,2,6.055555556,2,76.11111111,1,11.21488889
27/08/2026 07:00,0,0.03,0,15.795,0,15.335,14.99,17.04,94.7,1008.685,2,5.944444444,2,76.66666667,1,11.00911111
27/08/2026 08:00,0,0.015,0,16.385,0,15.81,15.4,17.505,93.6,1008.58,2,6.5,2,103.3333333,1,12.038
27/08/2026 09:00,0,0.12,0,17.06,0,16.21,15.62,17.745,90.9,1008.47,2,7.222222222,2,92.77777778,1,13.37555556
27/08/2026 10:00,0,0.475,0,17.58,0,16.53,15.805,17.98,89.05,1008.475,2,7.166666667,2,97.22222222,1,13.27266667
27/08/2026 11:00,0,0.375,0,17.985,0,16.75,15.92,18.115,87.65,1008.4,2,7.277777778,2,65.55555556,1,13.47844444
27/08/2026 12:00,0,0.335,0,18.21,0,16.93,16.065,18.255,87.15,1008.24,2,7.611111111,2,67.22222222,1,14.09577778
27/08/2026 13:00,0,0.62,0,18.395,0,17.01,16.08,18.275,86.25,1008.015,2,7.388888889,2,81.11111111,1,13.68422222
27/08/2026 14:00,0,0.51,0,18.6,0,17.175,16.215,18.45,86.05,1007.985,2,6.944444444,2,78.88888889,1,12.86111111
27/08/2026 15:00,0,0.405,0,18.845,0,17.215,16.14,18.355,84.35,1007.87,2,6,2,83.33333333,1,11.112
27/08/2026 16:00,0,0.27,0,18.755,0,17.16,16.105,18.32,84.7,1007.71,2,5.611111111,2,93.88888889,1,10.39177778
27/08/2026 17:00,0,0.275,0,18.48,0,17.035,16.065,18.265,85.8,1007.56,2,5.166666667,2,108.8888889,1,9.568666667
27/08/2026 18:00,0,0.225,0,18.025,0,16.815,16.005,18.19,87.7,1007.365,2,4.388888889,2,110.5555556,1,8.128222222
27/08/2026 19:00,0,0.585,0,17.575,0,16.63,15.97,18.16,90,1007.315,2,3.722222222,2,186.6666667,1,6.893555556
27/08/2026 20:00,0,1.45,0,16.94,0,16.175,15.64,17.77,91.7,1007.38,2,3.777777778,2,161.1111111,1,6.996444444
27/08/2026 21:00,0,0.955,0,16.465,0,15.855,15.405,17.525,93.15,1007.47,2,3.388888889,2,174.4444444,1,6.276222222
27/08/2026 22:00,0,0.165,0,16.045,0,15.525,15.16,17.255,94.15,1007.475,2,3.5,2,171.6666667,1,6.482
27/08/2026 23:00,0,0.185,0,15.73,0,15.29,14.96,17.025,94.65,1007.265,2,3.277777778,2,190.5555556,1,6.070444444
28/08/2026 00:00,0,0.33,0,15.5,0,15.09,14.8,16.86,95.15,1007.005,2,3.166666667,2,243.3333333,1,5.864666667
28/08/2026 01:00,0,0.04,0,15.495,0,15.15,14.905,16.97,96,1006.665,2,3.277777778,2,255.5555556,1,6.070444444
28/08/2026 02:00,0,0.095,0,15.39,0,15.08,14.845,16.9,96.15,1006.24,2,2.5,2,241.6666667,1,4.63
28/08/2026 03:00,0,0.13,0,15.23,0,14.93,14.675,16.72,96.1,1005.995,2,2.5,2,290.5555556,1,4.63
28/08/2026 04:00,0,0.1,0,14.865,0,14.57,14.345,16.38,96.3,1005.805,2,3,2,231.6666667,1,5.556
28/08/2026 05:00,0,0.05,0,14.865,0,14.59,14.385,16.41,96.5,1005.67,2,2.722222222,2,297.2222222,1,5.041555556
28/08/2026 06:00,0,0.075,0,14.815,0,14.575,14.375,16.405,96.85,1005.66,2,3.111111111,2,256.6666667,1,5.761777778
28/08/2026 07:00,0,0.025,0,15.21,0,14.965,14.79,16.84,96.95,1005.735,2,3.5,2,267.7777778,1,6.482
28/08/2026 08:00,0,0.08,0,15.99,0,15.685,15.475,17.565,96.25,1005.83,2,4.722222222,2,262.7777778,1,8.745555556
28/08/2026 09:00,0,0.025,0,16.815,0,16.215,15.8,17.955,93.35,1005.795,2,5.555555556,2,258.8888889,1,10.28888889
28/08/2026 10:00,0,0,0,17.57,0,16.57,15.895,18.07,89.5,1005.81,2,6.222222222,2,277.7777778,1,11.52355556
28/08/2026 11:00,0,0.01,0,18.48,0,16.87,15.78,17.935,83.95,1005.815,2,6.277777778,2,283.3333333,1,11.62644444
28/08/2026 12:00,0,0.045,0,19.305,0,17.19,15.785,17.965,79.9,1005.77,2,6.944444444,2,280,1,12.86111111
28/08/2026 13:00,0,0,0,19.875,0,17.28,15.545,17.685,76.35,1005.75,2,6.666666667,2,275.5555556,1,12.34666667
28/08/2026 14:00,0,0,0,20.25,0,17.36,15.415,17.565,74.15,1005.825,2,7.555555556,2,276.1111111,1,13.99288889
28/08/2026 15:00,0,0.635,0,20.35,0,17.25,15.145,17.26,72.7,1005.64,2,8.277777778,2,261.1111111,1,15.33044444
28/08/2026 16:00,0,0.105,0,19.765,0,16.975,15.08,17.155,74.85,1005.37,2,8,2,278.8888889,1,14.816
28/08/2026 17:00,0,0.02,0,19.355,0,16.825,15.085,17.17,76.7,1005.175,2,7.5,2,261.1111111,1,13.89
28/08/2026 18:00,0,0.08,0,18.515,0,16.415,14.94,17.01,79.7,1005.13,2,6.944444444,2,253.3333333,1,12.86111111
28/08/2026 19:00,0,0.1,0,17.41,0,15.875,14.77,16.85,84.45,1005.06,2,5.944444444,2,248.8888889,1,11.00911111
28/08/2026 20:00,0,0,0,16.465,0,15.345,14.49,16.54,87.8,1005.21,2,4.5,2,242.7777778,1,8.334
28/08/2026 21:00,0,0,0,15.99,0,14.9,14.08,16.105,88.15,1005.24,2,3.833333333,2,193.8888889,1,7.099333333
28/08/2026 22:00,0,0.1,0,15.4,0,14.585,13.96,15.96,90.8,1004.915,2,3.388888889,2,190,1,6.276222222
28/08/2026 23:00,0,0.305,0,14.935,0,14.295,13.79,15.785,92.5,1004.595,2,3.388888889,2,173.8888889,1,6.276222222
29/08/2026 00:00,0,0.28,0,14.84,0,14.265,13.825,15.82,93.15,1003.98,2,3,2,168.3333333,0,5.556
29/08/2026 01:00,0,0.395,0,14.805,0,14.275,13.85,15.865,93.8,1003.265,2,3.222222222,2,152.2222222,0,5.967555556
29/08/2026 02:00,0,0.52,0,14.69,0,14.225,13.865,15.865,94.4,1002.575,2,3.555555556,2,152.7777778,0,6.584888889
29/08/2026 03:00,0,0.835,0,14.69,0,14.235,13.885,15.9,94.6,1001.995,2,4.055555556,2,126.6666667,0,7.510888889
29/08/2026 04:00,0,1.265,0,14.58,0,14.15,13.805,15.81,94.7,1001.46,2,4.388888889,2,73.33333333,0,8.128222222
29/08/2026 05:00,0,1.295,0,14.615,0,14.16,13.785,15.8,94.5,1001.185,2,4.833333333,2,60.55555556,0,8.951333333
29/08/2026 06:00,0,0.965,0,14.585,0,14.145,13.795,15.79,94.6,1001.09,2,4.5,2,99.44444444,0,8.334
29/08/2026 07:00,0,0.755,0,14.655,0,14.275,13.96,15.965,95.25,1001.26,2,4.333333333,2,135.5555556,0,8.025333333
29/08/2026 08:00,0,0.89,0,14.935,0,14.52,14.195,16.195,94.85,1001.47,2,5.277777778,2,112.2222222,0,9.774444444
29/08/2026 09:00,0,0.51,0,15.29,0,14.785,14.375,16.4,93.95,1001.825,2,5.666666667,2,187.7777778,0,10.49466667
29/08/2026 10:00,0,0.31,0,15.85,0,15.1,14.545,16.575,91.8,1002.185,2,6.388888889,2,187.7777778,0,11.83222222
29/08/2026 11:00,0,0.255,0,16.425,0,15.36,14.605,16.64,88.8,1002.495,2,6.611111111,2,233.3333333,0,12.24377778
29/08/2026 12:00,0,0.09,0,16.845,0,15.62,14.735,16.79,87.35,1002.81,2,6.944444444,2,246.1111111,0,12.86111111
29/08/2026 13:00,0,0.065,0,16.995,0,15.62,14.63,16.665,85.85,1003.17,2,6.944444444,2,237.7777778,0,12.86111111
29/08/2026 14:00,0,0.36,0,17.33,0,15.7,14.495,16.525,83.3,1003.47,2,6.944444444,2,300,0,12.86111111
29/08/2026 15:00,0,0.14,0,17.565,0,15.775,14.46,16.485,81.95,1003.74,2,6.944444444,2,295,0,12.86111111
29/08/2026 16:00,0,0.06,0,17.27,0,15.67,14.485,16.52,83.65,1004.055,2,7,2,283.3333333,0,12.964
29/08/2026 17:00,0,0.175,0,17.07,0,15.53,14.41,16.41,84.2,1004.275,2,6.444444444,2,292.2222222,0,11.93511111
29/08/2026 18:00,0,0.165,0,16.61,0,15.235,14.22,16.235,85.85,1004.49,2,5.833333333,2,280,0,10.80333333
29/08/2026 19:00,0,0.17,0,16.095,0,14.99,14.15,16.155,88.1,1004.84,2,5,2,258.3333333,0,9.26
29/08/2026 20:00,0,0.02,0,15.43,0,14.53,13.83,15.815,89.9,1005.19,2,4,2,233.3333333,0,7.408
29/08/2026 21:00,0,0.02,0,15.01,0,14.245,13.62,15.61,91.2,1005.455,2,4.5,2,241.6666667,0,8.334
29/08/2026 22:00,0,0.035,0,14.51,0,13.92,13.46,15.44,93.05,1005.515,2,3.722222222,2,226.1111111,0,6.893555556
29/08/2026 23:00,0,0.03,0,14.375,0,13.795,13.355,15.325,93.3,1005.525,2,4.055555556,2,195.5555556,0,7.510888889
30/08/2026 00:00,0,0.01,0,14.23,0,13.705,13.285,15.27,93.7,1005.25,2,4.277777778,2,182.7777778,0,7.922444444
30/08/2026 01:00,0,0.04,0,14.1,0,13.655,13.3,15.295,94.65,1004.965,2,4.611111111,2,178.3333333,0,8.539777778
30/08/2026 02:00,0,0.075,0,14.025,0,13.57,13.225,15.23,94.55,1004.565,2,4.833333333,2,178.3333333,0,8.951333333
30/08/2026 03:00,0,0.11,0,13.905,0,13.46,13.115,15.11,94.65,1004.15,2,5.166666667,2,165,0,9.568666667
30/08/2026 04:00,0,0.855,0,13.85,0,13.465,13.155,15.17,95.3,1003.655,2,5.888888889,2,159.4444444,0,10.90622222
30/08/2026 05:00,0,0.305,0,13.86,0,13.465,13.16,15.15,95.2,1003.14,2,6.333333333,2,145.5555556,0,11.72933333
30/08/2026 06:00,0,0.32,0,13.82,0,13.445,13.12,15.12,95.35,1002.9,2,5.888888889,2,149.4444444,0,10.90622222
30/08/2026 07:00,0,0.435,0,14.315,0,13.87,13.53,15.525,94.65,1002.69,2,6.055555556,2,141.1111111,0,11.21488889
30/08/2026 08:00,0,0.245,0,15.045,0,14.415,13.94,15.92,92.7,1002.435,2,6.666666667,2,142.7777778,0,12.34666667
30/08/2026 09:00,0,0.275,0,15.79,0,14.875,14.195,16.19,89.85,1002.225,2,6.333333333,2,150,0,11.72933333
30/08/2026 10:00,0,0.435,0,16.2,0,15.075,14.215,16.235,87.7,1001.97,2,7.277777778,2,159.4444444,0,13.47844444
30/08/2026 11:00,0,0.305,0,17.04,0,15.34,14.08,16.075,82.25,1001.575,2,6.833333333,2,161.6666667,0,12.65533333
30/08/2026 12:00,0,0.405,0,17.33,0,15.405,13.99,15.985,80.6,1001.185,2,6.777777778,2,168.3333333,0,12.55244444
30/08/2026 13:00,0,0.7,0,17.57,0,15.495,13.94,15.955,79,1001.005,2,6.777777778,2,192.7777778,0,12.55244444
30/08/2026 14:00,0,0.22,0,17.615,0,15.365,13.68,15.665,77.55,1000.8,2,6.888888889,2,208.3333333,0,12.75822222
30/08/2026 15:00,0,0.195,0,17.61,0,15.435,13.805,15.815,78.4,1000.52,2,6.611111111,2,196.1111111,0,12.24377778
30/08/2026 16:00,0,0.755,0,17.145,0,15.055,13.45,15.46,79.1,1000.8,2,7.388888889,2,198.8888889,0,13.68422222
30/08/2026 17:00,0,0.81,0,16.505,0,14.78,13.455,15.44,82.25,1001.115,2,7.888888889,2,232.7777778,0,14.61022222
30/08/2026 18:00,0,0.44,0,16.045,0,14.615,13.49,15.49,84.75,1001.505,2,6.722222222,2,248.8888889,0,12.44955556
30/08/2026 19:00,0,0.2,0,15.445,0,14.37,13.505,15.505,88,1002,2,5.722222222,2,232.7777778,0,10.59755556
30/08/2026 20:00,0,0.26,0,14.87,0,14,13.305,15.295,90.05,1002.82,2,6.388888889,2,282.2222222,0,11.83222222
30/08/2026 21:00,0,0.255,0,14.6,0,13.88,13.29,15.28,91.45,1003.5,2,6.5,2,291.1111111,0,12.038
30/08/2026 22:00,0,0.1,0,14.46,0,13.745,13.15,15.13,91.55,1004.385,2,8.166666667,2,298.8888889,0,15.12466667
30/08/2026 23:00,0,0.03,0,14.35,0,13.575,12.93,14.92,90.95,1005.295,2,9,2,298.3333333,0,16.668
31/08/2026 00:00,0,0.07,0,14.355,0,13.455,12.71,14.695,89.5,1006.09,2,9.666666667,2,300.5555556,1,17.90266667
31/08/2026 01:00,0,0.065,0,14.205,0,13.295,12.525,14.545,89.55,1006.945,2,10.27777778,2,298.8888889,1,19.03444444
31/08/2026 02:00,0,0.145,0,14.165,0,13.28,12.53,14.535,89.55,1007.68,2,9.888888889,2,298.3333333,1,18.31422222
31/08/2026 03:00,0,0.08,0,13.995,0,12.955,12.075,14.115,87.95,1008.52,2,10.33333333,2,297.2222222,1,19.13733333
31/08/2026 04:00,0,0.02,0,13.765,0,12.605,11.58,13.66,86.45,1009.37,2,10.27777778,2,294.4444444,1,19.03444444
31/08/2026 05:00,0,0.12,0,13.47,0,12.25,11.16,13.285,85.75,1010.205,2,10.33333333,2,293.3333333,1,19.13733333
31/08/2026 06:00,0,0.085,0,13.08,0,11.85,10.715,12.89,85.4,1011.18,2,9.722222222,2,295.5555556,1,18.00555556
31/08/2026 07:00,0,0.02,0,13.35,0,11.855,10.485,12.695,82.6,1012.185,2,9.277777778,2,287.7777778,1,17.18244444
31/08/2026 08:00,0,0.01,0,14.26,0,12.31,10.555,12.755,78.25,1012.975,2,9.555555556,2,288.8888889,1,17.69688889
31/08/2026 09:00,0,0.025,0,15.035,0,12.7,10.645,12.83,74.65,1013.595,2,10.11111111,2,290,1,18.72577778
31/08/2026 10:00,0,0.005,0,15.56,0,12.76,10.265,12.49,70.4,1014.275,2,10.66666667,2,290,1,19.75466667
31/08/2026 11:00,0,0,0,16.17,0,12.92,10.015,12.3,66.55,1014.765,2,10.66666667,2,284.4444444,1,19.75466667
31/08/2026 12:00,0,0,0,16.61,0,13.185,10.12,12.395,65.3,1015.31,2,10.77777778,2,283.3333333,1,19.96044444
31/08/2026 13:00,0,0.005,0,16.83,0,13.325,10.21,12.475,64.75,1015.685,2,10.27777778,2,274.4444444,1,19.03444444
31/08/2026 14:00,0,0,0,17.11,0,13.425,10.21,12.485,63.75,1016.005,2,9.944444444,2,268.3333333,1,18.41711111
31/08/2026 15:00,0,0,0,16.975,0,13.485,10.4,12.64,65.25,1016.24,2,9.944444444,2,264.4444444,1,18.41711111
31/08/2026 16:00,0,0.06,0,16.97,0,13.56,10.575,12.825,66.1,1016.455,2,9.388888889,2,258.3333333,1,17.38822222
31/08/2026 17:00,0,0.055,0,16.325,0,13.49,11.005,13.18,71.1,1016.6,2,9.388888889,2,249.4444444,1,17.38822222
31/08/2026 18:00,0,0.025,0,15.945,0,13.455,11.305,13.445,74.35,1016.755,2,8.722222222,2,241.6666667,1,16.15355556
31/08/2026 19:00,0,0.035,0,15.25,0,13.21,11.44,13.545,77.95,1016.925,2,7.722222222,2,235.5555556,1,14.30155556
31/08/2026 20:00,0,0.035,0,14.62,0,13,11.59,13.69,81.9,1017.225,2,7.444444444,2,229.4444444,1,13.78711111
31/08/2026 21:00,0,0.02,0,14.18,0,12.765,11.545,13.665,84.05,1017.335,2,7.222222222,2,222.7777778,1,13.37555556
31/08/2026 22:00,0,0.005,0,13.85,0,12.655,11.615,13.73,86.15,1017.38,2,6.944444444,2,201.1111111,1,12.86111111
31/08/2026 23:00,0,0.025,0,13.905,0,12.825,11.905,13.99,87.5,1017.265,2,7.333333333,2,203.3333333,1,13.58133333
01/09/2026 00:00,0,0.01,0,13.91,0,12.835,11.91,14.005,87.5,1016.93,2,7.888888889,2,206.6666667,1,14.61022222
