DateTime,MapCode,Price[Currency/MWh],UpdateTime(UTC)
2026-01-03 17:00:00,GB,100,2026-01-04T16:44:34Z
2026-01-01 00:00:00,IE_SEM,80,2025-12-31 12:35:50
2026-01-01 01:00:00,IE_SEM,85.43,2025-12-31 12:35:50
2026-01-01 02:00:00,IE_SEM,84.315,2025-12-31 12:35:50
2026-01-01 03:00:00,IE_SEM,80.955,2025-12-31 12:35:50
2026-01-01 04:00:00,IE_SEM,79.6,2025-12-31 12:35:50
2026-01-01 05:00:00,IE_SEM,73.75,2025-12-31 12:35:50
2026-01-01 06:00:00,IE_SEM,76.495,2025-12-31 12:35:50
2026-01-01 07:00:00,IE_SEM,76.915,2025-12-31 12:35:50
2026-01-01 08:00:00,IE_SEM,79.9,2025-12-31 12:35:50
2026-01-01 09:00:00,IE_SEM,83.25,2025-12-31 12:35:50
2026-01-01 10:00:00,IE_SEM,93.97,2025-12-31 12:35:50
2026-01-01 11:00:00,IE_SEM,85.25,2025-12-31 12:35:50
2026-01-01 12:00:00,IE_SEM,85.575,2025-12-31 12:35:50
2026-01-01 13:00:00,IE_SEM,80.63,2025-12-31 12:35:50
2026-01-01 14:00:00,IE_SEM,81.595,2025-12-31 12:35:50
2026-01-01 15:00:00,IE_SEM,103.85,2025-12-31 12:35:50
2026-01-01 16:00:00,IE_SEM,147.86,2025-12-31 12:35:50
2026-01-01 17:00:00,IE_SEM,180.23,2025-12-31 12:35:50
2026-01-01 18:00:00,IE_SEM,169.8,2025-12-31 12:35:50
2026-01-01 19:00:00,IE_SEM,140.43,2025-12-31 12:35:50
2026-01-01 20:00:00,IE_SEM,133.65,2025-12-31 12:35:50
2026-01-01 21:00:00,IE_SEM,111.695,2025-12-31 12:35:50
2026-01-01 22:00:00,IE_SEM,85,2025-12-31 12:35:50
2026-01-01 23:00:00,IE_SEM,84.49,2026-01-01 12:34:58
2026-01-02 00:00:00,IE_SEM,83,2026-01-01 12:34:58
2026-01-02 01:00:00,IE_SEM,83.745,2026-01-01 12:34:58
2026-01-02 02:00:00,IE_SEM,81.25,2026-01-01 12:34:58
2026-01-02 03:00:00,IE_SEM,80.745,2026-01-01 12:34:58
2026-01-02 04:00:00,IE_SEM,79.9,2026-01-01 12:34:58
2026-01-02 05:00:00,IE_SEM,72.43,2026-01-01 12:34:58
2026-01-02 06:00:00,IE_SEM,82.6,2026-01-01 12:34:58
2026-01-02 07:00:00,IE_SEM,123.735,2026-01-01 12:34:58
2026-01-02 08:00:00,IE_SEM,114.75,2026-01-01 12:34:58
2026-01-02 09:00:00,IE_SEM,118.28,2026-01-01 12:34:58
2026-01-02 10:00:00,IE_SEM,114.615,2026-01-01 12:34:58
2026-01-02 11:00:00,IE_SEM,97.5,2026-01-01 12:34:58
2026-01-02 12:00:00,IE_SEM,91.985,2026-01-01 12:34:58
2026-01-02 13:00:00,IE_SEM,93.59,2026-01-01 12:34:58
2026-01-02 14:00:00,IE_SEM,99.5,2026-01-01 12:34:58
2026-01-02 15:00:00,IE_SEM,115.715,2026-01-01 12:34:58
2026-01-02 16:00:00,IE_SEM,136.36,2026-01-01 12:34:58
2026-01-02 17:00:00,IE_SEM,169.565,2026-01-01 12:34:58
2026-01-02 18:00:00,IE_SEM,156.87,2026-01-01 12:34:58
2026-01-02 19:00:00,IE_SEM,130.49,2026-01-01 12:34:58
2026-01-02 20:00:00,IE_SEM,120.89,2026-01-01 12:34:58
2026-01-02 21:00:00,IE_SEM,103.99,2026-01-01 12:34:58
2026-01-02 22:00:00,IE_SEM,94.775,2026-01-01 12:34:58
2026-01-02 23:00:00,IE_SEM,116.74,2026-01-02 12:39:50
2026-01-03 00:00:00,IE_SEM,102.32,2026-01-02 12:39:50
2026-01-03 01:00:00,IE_SEM,94.005,2026-01-02 12:39:50
2026-01-03 02:00:00,IE_SEM,94.55,2026-01-02 12:39:50
2026-01-03 03:00:00,IE_SEM,94.3,2026-01-02 12:39:50
2026-01-03 04:00:00,IE_SEM,94.105,2026-01-02 12:39:50
2026-01-03 05:00:00,IE_SEM,87.9,2026-01-02 12:39:50
2026-01-03 06:00:00,IE_SEM,91.42,2026-01-02 12:39:50
2026-01-03 07:00:00,IE_SEM,101.125,2026-01-02 12:39:50
2026-01-03 08:00:00,IE_SEM,96.805,2026-01-02 12:39:50
2026-01-03 09:00:00,IE_SEM,102.78,2026-01-02 12:39:50
2026-01-03 10:00:00,IE_SEM,98.8,2026-01-02 12:39:50
2026-01-03 11:00:00,IE_SEM,94.715,2026-01-02 12:39:50
2026-01-03 12:00:00,IE_SEM,95,2026-01-02 12:39:50
2026-01-03 13:00:00,IE_SEM,98.485,2026-01-02 12:39:50
2026-01-03 14:00:00,IE_SEM,106.19,2026-01-02 12:39:50
2026-01-03 15:00:00,IE_SEM,125,2026-01-02 12:39:50
2026-01-03 16:00:00,IE_SEM,156.19,2026-01-02 12:39:50
2026-01-03 17:00:00,IE_SEM,193.525,2026-01-02 12:39:50
2026-01-03 18:00:00,IE_SEM,186.805,2026-01-02 12:39:50
2026-01-03 19:00:00,IE_SEM,158.07,2026-01-02 12:39:50
2026-01-03 20:00:00,IE_SEM,154.96,2026-01-02 12:39:50
2026-01-03 21:00:00,IE_SEM,141.215,2026-01-02 12:39:50
2026-01-03 22:00:00,IE_SEM,113.305,2026-01-02 12:39:50
2026-01-03 23:00:00,IE_SEM,101.635,2026-01-03 12:36:13
2026-01-04 00:00:00,IE_SEM,95.45,2026-01-03 12:36:13
2026-01-04 01:00:00,IE_SEM,96.105,2026-01-03 12:36:13
2026-01-04 02:00:00,IE_SEM,96.055,2026-01-03 12:36:13
2026-01-04 03:00:00,IE_SEM,94.98,2026-01-03 12:36:13
2026-01-04 04:00:00,IE_SEM,94.96,2026-01-03 12:36:13
2026-01-04 05:00:00,IE_SEM,89.865,2026-01-03 12:36:13
2026-01-04 06:00:00,IE_SEM,94.68,2026-01-03 12:36:13
2026-01-04 07:00:00,IE_SEM,95.555,2026-01-03 12:36:13
2026-01-04 08:00:00,IE_SEM,107.005,2026-01-03 12:36:13
2026-01-04 09:00:00,IE_SEM,134.225,2026-01-03 12:36:13
2026-01-04 10:00:00,IE_SEM,145.605,2026-01-03 12:36:13
2026-01-04 11:00:00,IE_SEM,147.255,2026-01-03 12:36:13
2026-01-04 12:00:00,IE_SEM,150.92,2026-01-03 12:36:13
2026-01-04 13:00:00,IE_SEM,151.83,2026-01-03 12:36:13
2026-01-04 14:00:00,IE_SEM,160.62,2026-01-03 12:36:13
2026-01-04 15:00:00,IE_SEM,150.21,2026-01-03 12:36:13
2026-01-04 16:00:00,IE_SEM,171.36,2026-01-03 12:36:13
2026-01-04 17:00:00,IE_SEM,198.33,2026-01-03 12:36:13
2026-01-04 18:00:00,IE_SEM,185.82,2026-01-03 12:36:13
2026-01-04 19:00:00,IE_SEM,160.815,2026-01-03 12:36:13
2026-01-04 20:00:00,IE_SEM,144.85,2026-01-03 12:36:13
2026-01-04 21:00:00,IE_SEM,122.315,2026-01-03 12:36:13
2026-01-04 22:00:00,IE_SEM,97.97,2026-01-03 12:36:13
2026-01-04 23:00:00,IE_SEM,95.08,2026-01-04 12:35:57
2026-01-05 00:00:00,IE_SEM,98,2026-01-04 12:35:57
2026-01-05 01:00:00,IE_SEM,99.68,2026-01-04 12:35:57
2026-01-05 02:00:00,IE_SEM,99.385,2026-01-04 12:35:57
2026-01-05 03:00:00,IE_SEM,97.485,2026-01-04 12:35:57
2026-01-05 04:00:00,IE_SEM,96.31,2026-01-04 12:35:57
2026-01-05 05:00:00,IE_SEM,97.895,2026-01-04 12:35:57
2026-01-05 06:00:00,IE_SEM,116.08,2026-01-04 12:35:57
2026-01-05 07:00:00,IE_SEM,149.905,2026-01-04 12:35:57
2026-01-05 08:00:00,IE_SEM,152.705,2026-01-04 12:35:57
2026-01-05 09:00:00,IE_SEM,155.09,2026-01-04 12:35:57
2026-01-05 10:00:00,IE_SEM,144.5,2026-01-04 12:35:57
2026-01-05 11:00:00,IE_SEM,138.4,2026-01-04 12:35:57
2026-01-05 12:00:00,IE_SEM,143.195,2026-01-04 12:35:57
2026-01-05 13:00:00,IE_SEM,144.37,2026-01-04 12:35:57
2026-01-05 14:00:00,IE_SEM,156.07,2026-01-04 12:35:57
2026-01-05 15:00:00,IE_SEM,186.205,2026-01-04 12:35:57
2026-01-05 16:00:00,IE_SEM,239.04,2026-01-04 12:35:57
2026-01-05 17:00:00,IE_SEM,272.01,2026-01-04 12:35:57
2026-01-05 18:00:00,IE_SEM,239.225,2026-01-04 12:35:57
2026-01-05 19:00:00,IE_SEM,195.32,2026-01-04 12:35:57
2026-01-05 20:00:00,IE_SEM,167.57,2026-01-04 12:35:57
2026-01-05 21:00:00,IE_SEM,149.145,2026-01-04 12:35:57
2026-01-05 22:00:00,IE_SEM,135.085,2026-01-04 12:35:57
2026-01-05 23:00:00,IE_SEM,107.285,2026-01-05 12:43:40
2026-01-06 00:00:00,IE_SEM,102.015,2026-01-05 12:43:40
2026-01-06 01:00:00,IE_SEM,99.025,2026-01-05 12:43:40
2026-01-06 02:00:00,IE_SEM,96.86,2026-01-05 12:43:40
2026-01-06 03:00:00,IE_SEM,93.95,2026-01-05 12:43:40
2026-01-06 04:00:00,IE_SEM,92.095,2026-01-05 12:43:40
2026-01-06 05:00:00,IE_SEM,98.145,2026-01-05 12:43:40
2026-01-06 06:00:00,IE_SEM,115.575,2026-01-05 12:43:40
2026-01-06 07:00:00,IE_SEM,149.28,2026-01-05 12:43:40
2026-01-06 08:00:00,IE_SEM,151.11,2026-01-05 12:43:40
2026-01-06 09:00:00,IE_SEM,143.195,2026-01-05 12:43:40
2026-01-06 10:00:00,IE_SEM,131.105,2026-01-05 12:43:40
2026-01-06 11:00:00,IE_SEM,125.63,2026-01-05 12:43:40
2026-01-06 12:00:00,IE_SEM,128.285,2026-01-05 12:43:40
2026-01-06 13:00:00,IE_SEM,129.8,2026-01-05 12:43:40
2026-01-06 14:00:00,IE_SEM,132.675,2026-01-05 12:43:40
2026-01-06 15:00:00,IE_SEM,142.5,2026-01-05 12:43:40
2026-01-06 16:00:00,IE_SEM,156.775,2026-01-05 12:43:40
2026-01-06 17:00:00,IE_SEM,155,2026-01-05 12:43:40
2026-01-06 18:00:00,IE_SEM,138.24,2026-01-05 12:43:40
2026-01-06 19:00:00,IE_SEM,112.83,2026-01-05 12:43:40
2026-01-06 20:00:00,IE_SEM,100.205,2026-01-05 12:43:40
2026-01-06 21:00:00,IE_SEM,93.99,2026-01-05 12:43:40
2026-01-06 22:00:00,IE_SEM,86.35,2026-01-05 12:43:40
2026-01-06 23:00:00,IE_SEM,89.735,2026-01-06 13:25:42
2026-01-07 00:00:00,IE_SEM,87.75,2026-01-06 13:25:42
2026-01-07 01:00:00,IE_SEM,85.66,2026-01-06 13:25:42
2026-01-07 02:00:00,IE_SEM,84.525,2026-01-06 13:25:42
2026-01-07 03:00:00,IE_SEM,81.86,2026-01-06 13:25:42
2026-01-07 04:00:00,IE_SEM,85.285,2026-01-06 13:25:42
2026-01-07 05:00:00,IE_SEM,89.135,2026-01-06 13:25:42
2026-01-07 06:00:00,IE_SEM,104.545,2026-01-06 13:25:42
2026-01-07 07:00:00,IE_SEM,131.555,2026-01-06 13:25:42
2026-01-07 08:00:00,IE_SEM,188.065,2026-01-06 13:25:42
2026-01-07 09:00:00,IE_SEM,204.1,2026-01-06 13:25:42
2026-01-07 10:00:00,IE_SEM,230.505,2026-01-06 13:25:42
2026-01-07 11:00:00,IE_SEM,234.545,2026-01-06 13:25:42
2026-01-07 12:00:00,IE_SEM,218.875,2026-01-06 13:25:42
2026-01-07 13:00:00,IE_SEM,192.23,2026-01-06 13:25:42
2026-01-07 14:00:00,IE_SEM,170.45,2026-01-06 13:25:42
2026-01-07 15:00:00,IE_SEM,149.11,2026-01-06 13:25:42
2026-01-07 16:00:00,IE_SEM,151.8,2026-01-06 13:25:42
2026-01-07 17:00:00,IE_SEM,154.4,2026-01-06 13:25:42
2026-01-07 18:00:00,IE_SEM,144.055,2026-01-06 13:25:42
2026-01-07 19:00:00,IE_SEM,133.045,2026-01-06 13:25:42
2026-01-07 20:00:00,IE_SEM,117.125,2026-01-06 13:25:42
2026-01-07 21:00:00,IE_SEM,110.055,2026-01-06 13:25:42
2026-01-07 22:00:00,IE_SEM,99.615,2026-01-06 13:25:42
2026-01-07 23:00:00,IE_SEM,103.505,2026-01-07 12:35:23
2026-01-08 00:00:00,IE_SEM,102.4,2026-01-07 12:35:23
2026-01-08 01:00:00,IE_SEM,107.915,2026-01-07 12:35:23
2026-01-08 02:00:00,IE_SEM,114.77,2026-01-07 12:35:23
2026-01-08 03:00:00,IE_SEM,119.13,2026-01-07 12:35:23
2026-01-08 04:00:00,IE_SEM,129.17,2026-01-07 12:35:23
2026-01-08 05:00:00,IE_SEM,129.75,2026-01-07 12:35:23
2026-01-08 06:00:00,IE_SEM,149.94,2026-01-07 12:35:23
2026-01-08 07:00:00,IE_SEM,216.445,2026-01-07 12:35:23
2026-01-08 08:00:00,IE_SEM,266.63,2026-01-07 12:35:23
2026-01-08 09:00:00,IE_SEM,283.2,2026-01-07 12:35:23
2026-01-08 10:00:00,IE_SEM,279.865,2026-01-07 12:35:23
2026-01-08 11:00:00,IE_SEM,287.39,2026-01-07 12:35:23
2026-01-08 12:00:00,IE_SEM,248.825,2026-01-07 12:35:23
2026-01-08 13:00:00,IE_SEM,224.955,2026-01-07 12:35:23
2026-01-08 14:00:00,IE_SEM,207.645,2026-01-07 12:35:23
2026-01-08 15:00:00,IE_SEM,200,2026-01-07 12:35:23
2026-01-08 16:00:00,IE_SEM,199.5,2026-01-07 12:35:23
2026-01-08 17:00:00,IE_SEM,184.985,2026-01-07 12:35:23
2026-01-08 18:00:00,IE_SEM,145.105,2026-01-07 12:35:23
2026-01-08 19:00:00,IE_SEM,115.115,2026-01-07 12:35:23
2026-01-08 20:00:00,IE_SEM,146.17,2026-01-07 12:35:23
2026-01-08 21:00:00,IE_SEM,116,2026-01-07 12:35:23
2026-01-08 22:00:00,IE_SEM,91.975,2026-01-07 12:35:23
2026-01-08 23:00:00,IE_SEM,94.06,2026-01-08 12:36:28
2026-01-09 00:00:00,IE_SEM,92.57,2026-01-08 12:36:28
2026-01-09 01:00:00,IE_SEM,90.5,2026-01-08 12:36:28
2026-01-09 02:00:00,IE_SEM,89.3,2026-01-08 12:36:28
2026-01-09 03:00:00,IE_SEM,87.285,2026-01-08 12:36:28
2026-01-09 04:00:00,IE_SEM,85.815,2026-01-08 12:36:28
2026-01-09 05:00:00,IE_SEM,85.01,2026-01-08 12:36:28
2026-01-09 06:00:00,IE_SEM,98.08,2026-01-08 12:36:28
2026-01-09 07:00:00,IE_SEM,131.025,2026-01-08 12:36:28
2026-01-09 08:00:00,IE_SEM,185.305,2026-01-08 12:36:28
2026-01-09 09:00:00,IE_SEM,184.21,2026-01-08 12:36:28
2026-01-09 10:00:00,IE_SEM,193.955,2026-01-08 12:36:28
2026-01-09 11:00:00,IE_SEM,179.57,2026-01-08 12:36:28
2026-01-09 12:00:00,IE_SEM,162.35,2026-01-08 12:36:28
2026-01-09 13:00:00,IE_SEM,142,2026-01-08 12:36:28
2026-01-09 14:00:00,IE_SEM,128.92,2026-01-08 12:36:28
2026-01-09 15:00:00,IE_SEM,137.345,2026-01-08 12:36:28
2026-01-09 16:00:00,IE_SEM,170.5,2026-01-08 12:36:28
2026-01-09 17:00:00,IE_SEM,180.5,2026-01-08 12:36:28
2026-01-09 18:00:00,IE_SEM,169.79,2026-01-08 12:36:28
2026-01-09 19:00:00,IE_SEM,147.795,2026-01-08 12:36:28
2026-01-09 20:00:00,IE_SEM,106,2026-01-08 12:36:28
2026-01-09 21:00:00,IE_SEM,99,2026-01-08 12:36:28
2026-01-09 22:00:00,IE_SEM,90.975,2026-01-08 12:36:28
2026-01-09 23:00:00,IE_SEM,90.53,2026-01-09 12:35:34
2026-01-10 00:00:00,IE_SEM,91.285,2026-01-09 12:35:34
2026-01-10 01:00:00,IE_SEM,91.615,2026-01-09 12:35:34
2026-01-10 02:00:00,IE_SEM,90.97,2026-01-09 12:35:34
2026-01-10 03:00:00,IE_SEM,89.135,2026-01-09 12:35:34
2026-01-10 04:00:00,IE_SEM,87.785,2026-01-09 12:35:34
2026-01-10 05:00:00,IE_SEM,85.8,2026-01-09 12:35:34
2026-01-10 06:00:00,IE_SEM,87.575,2026-01-09 12:35:34
2026-01-10 07:00:00,IE_SEM,96.345,2026-01-09 12:35:34
2026-01-10 08:00:00,IE_SEM,108.83,2026-01-09 12:35:34
2026-01-10 09:00:00,IE_SEM,156.35,2026-01-09 12:35:34
2026-01-10 10:00:00,IE_SEM,167.57,2026-01-09 12:35:34
2026-01-10 11:00:00,IE_SEM,173.8,2026-01-09 12:35:34
2026-01-10 12:00:00,IE_SEM,181.79,2026-01-09 12:35:34
2026-01-10 13:00:00,IE_SEM,177.75,2026-01-09 12:35:34
2026-01-10 14:00:00,IE_SEM,157.555,2026-01-09 12:35:34
2026-01-10 15:00:00,IE_SEM,144,2026-01-09 12:35:34
2026-01-10 16:00:00,IE_SEM,144.615,2026-01-09 12:35:34
2026-01-10 17:00:00,IE_SEM,144.715,2026-01-09 12:35:34
2026-01-10 18:00:00,IE_SEM,132.7,2026-01-09 12:35:34
2026-01-10 19:00:00,IE_SEM,111.985,2026-01-09 12:35:34
2026-01-10 20:00:00,IE_SEM,100.61,2026-01-09 12:35:34
2026-01-10 21:00:00,IE_SEM,97.78,2026-01-09 12:35:34
2026-01-10 22:00:00,IE_SEM,85.4,2026-01-09 12:35:34
2026-01-10 23:00:00,IE_SEM,88.215,2026-01-10 12:35:43
2026-01-11 00:00:00,IE_SEM,78.37,2026-01-10 12:35:43
2026-01-11 01:00:00,IE_SEM,75.35,2026-01-10 12:35:43
2026-01-11 02:00:00,IE_SEM,72.53,2026-01-10 12:35:43
2026-01-11 03:00:00,IE_SEM,70.25,2026-01-10 12:35:43
2026-01-11 04:00:00,IE_SEM,70.5,2026-01-10 12:35:43
2026-01-11 05:00:00,IE_SEM,70.535,2026-01-10 12:35:43
2026-01-11 06:00:00,IE_SEM,73.175,2026-01-10 12:35:43
2026-01-11 07:00:00,IE_SEM,79.895,2026-01-10 12:35:43
2026-01-11 08:00:00,IE_SEM,84.95,2026-01-10 12:35:43
2026-01-11 09:00:00,IE_SEM,90.5,2026-01-10 12:35:43
2026-01-11 10:00:00,IE_SEM,92.13,2026-01-10 12:35:43
2026-01-11 11:00:00,IE_SEM,93.195,2026-01-10 12:35:43
2026-01-11 12:00:00,IE_SEM,95.79,2026-01-10 12:35:43
2026-01-11 13:00:00,IE_SEM,98.135,2026-01-10 12:35:43
2026-01-11 14:00:00,IE_SEM,98.97,2026-01-10 12:35:43
2026-01-11 15:00:00,IE_SEM,101.515,2026-01-10 12:35:43
2026-01-11 16:00:00,IE_SEM,106.995,2026-01-10 12:35:43
2026-01-11 17:00:00,IE_SEM,108.335,2026-01-10 12:35:43
2026-01-11 18:00:00,IE_SEM,104.39,2026-01-10 12:35:43
2026-01-11 19:00:00,IE_SEM,96.035,2026-01-10 12:35:43
2026-01-11 20:00:00,IE_SEM,91.58,2026-01-10 12:35:43
2026-01-11 21:00:00,IE_SEM,86.53,2026-01-10 12:35:43
2026-01-11 22:00:00,IE_SEM,71.765,2026-01-10 12:35:43
2026-01-11 23:00:00,IE_SEM,64.73,2026-01-11 12:35:00
2026-01-12 00:00:00,IE_SEM,59.735,2026-01-11 12:35:00
2026-01-12 01:00:00,IE_SEM,57.5,2026-01-11 12:35:00
2026-01-12 02:00:00,IE_SEM,51.5,2026-01-11 12:35:00
2026-01-12 03:00:00,IE_SEM,48.39,2026-01-11 12:35:00
2026-01-12 04:00:00,IE_SEM,56.005,2026-01-11 12:35:00
2026-01-12 05:00:00,IE_SEM,64.705,2026-01-11 12:35:00
2026-01-12 06:00:00,IE_SEM,93.18,2026-01-11 12:35:00
2026-01-12 07:00:00,IE_SEM,101.475,2026-01-11 12:35:00
2026-01-12 08:00:00,IE_SEM,100.515,2026-01-11 12:35:00
2026-01-12 09:00:00,IE_SEM,96.55,2026-01-11 12:35:00
2026-01-12 10:00:00,IE_SEM,93.93,2026-01-11 12:35:00
2026-01-12 11:00:00,IE_SEM,92.935,2026-01-11 12:35:00
2026-01-12 12:00:00,IE_SEM,92.615,2026-01-11 12:35:00
2026-01-12 13:00:00,IE_SEM,93.04,2026-01-11 12:35:00
2026-01-12 14:00:00,IE_SEM,96.035,2026-01-11 12:35:00
2026-01-12 15:00:00,IE_SEM,102.895,2026-01-11 12:35:00
2026-01-12 16:00:00,IE_SEM,134.305,2026-01-11 12:35:00
2026-01-12 17:00:00,IE_SEM,162.205,2026-01-11 12:35:00
2026-01-12 18:00:00,IE_SEM,157.975,2026-01-11 12:35:00
2026-01-12 19:00:00,IE_SEM,145,2026-01-11 12:35:00
2026-01-12 20:00:00,IE_SEM,128.235,2026-01-11 12:35:00
2026-01-12 21:00:00,IE_SEM,128.725,2026-01-11 12:35:00
2026-01-12 22:00:00,IE_SEM,122.45,2026-01-11 12:35:00
2026-01-12 23:00:00,IE_SEM,99.505,2026-01-12 12:31:43
2026-01-13 00:00:00,IE_SEM,96.005,2026-01-12 12:31:43
2026-01-13 01:00:00,IE_SEM,99.8,2026-01-12 12:31:43
2026-01-13 02:00:00,IE_SEM,101.9,2026-01-12 12:31:43
2026-01-13 03:00:00,IE_SEM,99.875,2026-01-12 12:31:43
2026-01-13 04:00:00,IE_SEM,98.5,2026-01-12 12:31:43
2026-01-13 05:00:00,IE_SEM,105.855,2026-01-12 12:31:43
2026-01-13 06:00:00,IE_SEM,107.035,2026-01-12 12:31:43
2026-01-13 07:00:00,IE_SEM,158.645,2026-01-12 12:31:43
2026-01-13 08:00:00,IE_SEM,193.04,2026-01-12 12:31:43
2026-01-13 09:00:00,IE_SEM,185.4,2026-01-12 12:31:43
2026-01-13 10:00:00,IE_SEM,166.415,2026-01-12 12:31:43
2026-01-13 11:00:00,IE_SEM,142,2026-01-12 12:31:43
2026-01-13 12:00:00,IE_SEM,127.115,2026-01-12 12:31:43
2026-01-13 13:00:00,IE_SEM,118.8,2026-01-12 12:31:43
2026-01-13 14:00:00,IE_SEM,121.175,2026-01-12 12:31:43
2026-01-13 15:00:00,IE_SEM,147.5,2026-01-12 12:31:43
2026-01-13 16:00:00,IE_SEM,189.5,2026-01-12 12:31:43
2026-01-13 17:00:00,IE_SEM,196,2026-01-12 12:31:43
2026-01-13 18:00:00,IE_SEM,185.105,2026-01-12 12:31:43
2026-01-13 19:00:00,IE_SEM,170,2026-01-12 12:31:43
2026-01-13 20:00:00,IE_SEM,160.11,2026-01-12 12:31:43
2026-01-13 21:00:00,IE_SEM,159.445,2026-01-12 12:31:43
2026-01-13 22:00:00,IE_SEM,118.02,2026-01-12 12:31:43
2026-01-13 23:00:00,IE_SEM,128.675,2026-01-13 12:32:26
2026-01-14 00:00:00,IE_SEM,103.725,2026-01-13 12:32:26
2026-01-14 01:00:00,IE_SEM,101.745,2026-01-13 12:32:26
2026-01-14 02:00:00,IE_SEM,97.96,2026-01-13 12:32:26
2026-01-14 03:00:00,IE_SEM,94.975,2026-01-13 12:32:26
2026-01-14 04:00:00,IE_SEM,94.075,2026-01-13 12:32:26
2026-01-14 05:00:00,IE_SEM,94.425,2026-01-13 12:32:26
2026-01-14 06:00:00,IE_SEM,104.07,2026-01-13 12:32:26
2026-01-14 07:00:00,IE_SEM,123.685,2026-01-13 12:32:26
2026-01-14 08:00:00,IE_SEM,125.565,2026-01-13 12:32:26
2026-01-14 09:00:00,IE_SEM,119.555,2026-01-13 12:32:26
2026-01-14 10:00:00,IE_SEM,108.59,2026-01-13 12:32:26
2026-01-14 11:00:00,IE_SEM,103.41,2026-01-13 12:32:26
2026-01-14 12:00:00,IE_SEM,102.71,2026-01-13 12:32:26
2026-01-14 13:00:00,IE_SEM,100.25,2026-01-13 12:32:26
2026-01-14 14:00:00,IE_SEM,108.36,2026-01-13 12:32:26
2026-01-14 15:00:00,IE_SEM,119.645,2026-01-13 12:32:26
2026-01-14 16:00:00,IE_SEM,139.025,2026-01-13 12:32:26
2026-01-14 17:00:00,IE_SEM,152.54,2026-01-13 12:32:26
2026-01-14 18:00:00,IE_SEM,143.18,2026-01-13 12:32:26
2026-01-14 19:00:00,IE_SEM,127.48,2026-01-13 12:32:26
2026-01-14 20:00:00,IE_SEM,114.795,2026-01-13 12:32:26
2026-01-14 21:00:00,IE_SEM,110.005,2026-01-13 12:32:26
2026-01-14 22:00:00,IE_SEM,98.955,2026-01-13 12:32:26
2026-01-14 23:00:00,IE_SEM,96.73,2026-01-14 12:31:55
2026-01-15 00:00:00,IE_SEM,94.69,2026-01-14 12:31:55
2026-01-15 01:00:00,IE_SEM,94.195,2026-01-14 12:31:55
2026-01-15 02:00:00,IE_SEM,93.16,2026-01-14 12:31:55
2026-01-15 03:00:00,IE_SEM,91.99,2026-01-14 12:31:55
2026-01-15 04:00:00,IE_SEM,93.07,2026-01-14 12:31:55
2026-01-15 05:00:00,IE_SEM,95,2026-01-14 12:31:55
2026-01-15 06:00:00,IE_SEM,105.415,2026-01-14 12:31:55
2026-01-15 07:00:00,IE_SEM,115.22,2026-01-14 12:31:55
2026-01-15 08:00:00,IE_SEM,144.555,2026-01-14 12:31:55
2026-01-15 09:00:00,IE_SEM,153.8,2026-01-14 12:31:55
2026-01-15 10:00:00,IE_SEM,146.5,2026-01-14 12:31:55
2026-01-15 11:00:00,IE_SEM,134.015,2026-01-14 12:31:55
2026-01-15 12:00:00,IE_SEM,141,2026-01-14 12:31:55
2026-01-15 13:00:00,IE_SEM,144.065,2026-01-14 12:31:55
2026-01-15 14:00:00,IE_SEM,150.93,2026-01-14 12:31:55
2026-01-15 15:00:00,IE_SEM,179.5,2026-01-14 12:31:55
2026-01-15 16:00:00,IE_SEM,188,2026-01-14 12:31:55
2026-01-15 17:00:00,IE_SEM,193.275,2026-01-14 12:31:55
2026-01-15 18:00:00,IE_SEM,187.75,2026-01-14 12:31:55
2026-01-15 19:00:00,IE_SEM,152.555,2026-01-14 12:31:55
2026-01-15 20:00:00,IE_SEM,137.55,2026-01-14 12:31:55
2026-01-15 21:00:00,IE_SEM,114.165,2026-01-14 12:31:55
2026-01-15 22:00:00,IE_SEM,103.425,2026-01-14 12:31:55
2026-01-15 23:00:00,IE_SEM,101.375,2026-01-15 12:35:06
2026-01-16 00:00:00,IE_SEM,100.93,2026-01-15 12:35:06
2026-01-16 01:00:00,IE_SEM,99.75,2026-01-15 12:35:06
2026-01-16 02:00:00,IE_SEM,98.7,2026-01-15 12:35:06
2026-01-16 03:00:00,IE_SEM,98.58,2026-01-15 12:35:06
2026-01-16 04:00:00,IE_SEM,97.13,2026-01-15 12:35:06
2026-01-16 05:00:00,IE_SEM,98.36,2026-01-15 12:35:06
2026-01-16 06:00:00,IE_SEM,110.07,2026-01-15 12:35:06
2026-01-16 07:00:00,IE_SEM,125.2,2026-01-15 12:35:06
2026-01-16 08:00:00,IE_SEM,135.73,2026-01-15 12:35:06
2026-01-16 09:00:00,IE_SEM,149.51,2026-01-15 12:35:06
2026-01-16 10:00:00,IE_SEM,138.795,2026-01-15 12:35:06
2026-01-16 11:00:00,IE_SEM,134.59,2026-01-15 12:35:06
2026-01-16 12:00:00,IE_SEM,141.85,2026-01-15 12:35:06
2026-01-16 13:00:00,IE_SEM,157.5,2026-01-15 12:35:06
2026-01-16 14:00:00,IE_SEM,158.48,2026-01-15 12:35:06
2026-01-16 15:00:00,IE_SEM,183.245,2026-01-15 12:35:06
2026-01-16 16:00:00,IE_SEM,211.975,2026-01-15 12:35:06
2026-01-16 17:00:00,IE_SEM,229.5,2026-01-15 12:35:06
2026-01-16 18:00:00,IE_SEM,223.56,2026-01-15 12:35:06
2026-01-16 19:00:00,IE_SEM,204.15,2026-01-15 12:35:06
2026-01-16 20:00:00,IE_SEM,196.5,2026-01-15 12:35:06
2026-01-16 21:00:00,IE_SEM,166.5,2026-01-15 12:35:06
2026-01-16 22:00:00,IE_SEM,141.74,2026-01-15 12:35:06
2026-01-16 23:00:00,IE_SEM,123.745,2026-01-16 12:35:13
2026-01-17 00:00:00,IE_SEM,127.98,2026-01-16 12:35:13
2026-01-17 01:00:00,IE_SEM,122.825,2026-01-16 12:35:13
2026-01-17 02:00:00,IE_SEM,121.07,2026-01-16 12:35:13
2026-01-17 03:00:00,IE_SEM,118.585,2026-01-16 12:35:13
2026-01-17 04:00:00,IE_SEM,117,2026-01-16 12:35:13
2026-01-17 05:00:00,IE_SEM,110.455,2026-01-16 12:35:13
2026-01-17 06:00:00,IE_SEM,113.82,2026-01-16 12:35:13
2026-01-17 07:00:00,IE_SEM,119.235,2026-01-16 12:35:13
2026-01-17 08:00:00,IE_SEM,143.945,2026-01-16 12:35:13
2026-01-17 09:00:00,IE_SEM,181.05,2026-01-16 12:35:13
2026-01-17 10:00:00,IE_SEM,181.985,2026-01-16 12:35:13
2026-01-17 11:00:00,IE_SEM,177.61,2026-01-16 12:35:13
2026-01-17 12:00:00,IE_SEM,175.45,2026-01-16 12:35:13
2026-01-17 13:00:00,IE_SEM,175.675,2026-01-16 12:35:13
2026-01-17 14:00:00,IE_SEM,169.975,2026-01-16 12:35:13
2026-01-17 15:00:00,IE_SEM,175.84,2026-01-16 12:35:13
2026-01-17 16:00:00,IE_SEM,220.71,2026-01-16 12:35:13
2026-01-17 17:00:00,IE_SEM,245.745,2026-01-16 12:35:13
2026-01-17 18:00:00,IE_SEM,232.935,2026-01-16 12:35:13
2026-01-17 19:00:00,IE_SEM,207.5,2026-01-16 12:35:13
2026-01-17 20:00:00,IE_SEM,192.38,2026-01-16 12:35:13
2026-01-17 21:00:00,IE_SEM,158,2026-01-16 12:35:13
2026-01-17 22:00:00,IE_SEM,133.97,2026-01-16 12:35:13
2026-01-17 23:00:00,IE_SEM,128.405,2026-01-17 12:35:06
2026-01-18 00:00:00,IE_SEM,128.255,2026-01-17 12:35:06
2026-01-18 01:00:00,IE_SEM,122.325,2026-01-17 12:35:06
2026-01-18 02:00:00,IE_SEM,117.005,2026-01-17 12:35:06
2026-01-18 03:00:00,IE_SEM,115.005,2026-01-17 12:35:06
2026-01-18 04:00:00,IE_SEM,113.92,2026-01-17 12:35:06
2026-01-18 05:00:00,IE_SEM,107.9,2026-01-17 12:35:06
2026-01-18 06:00:00,IE_SEM,109.1,2026-01-17 12:35:06
2026-01-18 07:00:00,IE_SEM,112.57,2026-01-17 12:35:06
2026-01-18 08:00:00,IE_SEM,114.295,2026-01-17 12:35:06
2026-01-18 09:00:00,IE_SEM,118.69,2026-01-17 12:35:06
2026-01-18 10:00:00,IE_SEM,124.79,2026-01-17 12:35:06
2026-01-18 11:00:00,IE_SEM,127.19,2026-01-17 12:35:06
2026-01-18 12:00:00,IE_SEM,127.63,2026-01-17 12:35:06
2026-01-18 13:00:00,IE_SEM,129.485,2026-01-17 12:35:06
2026-01-18 14:00:00,IE_SEM,125,2026-01-17 12:35:06
2026-01-18 15:00:00,IE_SEM,133.865,2026-01-17 12:35:06
2026-01-18 16:00:00,IE_SEM,148.04,2026-01-17 12:35:06
2026-01-18 17:00:00,IE_SEM,159.86,2026-01-17 12:35:06
2026-01-18 18:00:00,IE_SEM,152.84,2026-01-17 12:35:06
2026-01-18 19:00:00,IE_SEM,135.41,2026-01-17 12:35:06
2026-01-18 20:00:00,IE_SEM,121.835,2026-01-17 12:35:06
2026-01-18 21:00:00,IE_SEM,111.925,2026-01-17 12:35:06
2026-01-18 22:00:00,IE_SEM,105.095,2026-01-17 12:35:06
2026-01-18 23:00:00,IE_SEM,104.12,2026-01-18 12:35:07
2026-01-19 00:00:00,IE_SEM,105.02,2026-01-18 12:35:07
2026-01-19 01:00:00,IE_SEM,105.03,2026-01-18 12:35:07
2026-01-19 02:00:00,IE_SEM,107.54,2026-01-18 12:35:07
2026-01-19 03:00:00,IE_SEM,107.57,2026-01-18 12:35:07
2026-01-19 04:00:00,IE_SEM,108.565,2026-01-18 12:35:07
2026-01-19 05:00:00,IE_SEM,115.47,2026-01-18 12:35:07
2026-01-19 06:00:00,IE_SEM,131.29,2026-01-18 12:35:07
2026-01-19 07:00:00,IE_SEM,169.105,2026-01-18 12:35:07
2026-01-19 08:00:00,IE_SEM,169.32,2026-01-18 12:35:07
2026-01-19 09:00:00,IE_SEM,194.5,2026-01-18 12:35:07
2026-01-19 10:00:00,IE_SEM,205.5,2026-01-18 12:35:07
2026-01-19 11:00:00,IE_SEM,210.05,2026-01-18 12:35:07
2026-01-19 12:00:00,IE_SEM,217.95,2026-01-18 12:35:07
2026-01-19 13:00:00,IE_SEM,226.67,2026-01-18 12:35:07
2026-01-19 14:00:00,IE_SEM,235.37,2026-01-18 12:35:07
2026-01-19 15:00:00,IE_SEM,242.605,2026-01-18 12:35:07
2026-01-19 16:00:00,IE_SEM,249.7,2026-01-18 12:35:07
2026-01-19 17:00:00,IE_SEM,260.915,2026-01-18 12:35:07
2026-01-19 18:00:00,IE_SEM,236.8,2026-01-18 12:35:07
2026-01-19 19:00:00,IE_SEM,202.35,2026-01-18 12:35:07
2026-01-19 20:00:00,IE_SEM,147.27,2026-01-18 12:35:07
2026-01-19 21:00:00,IE_SEM,131.795,2026-01-18 12:35:07
2026-01-19 22:00:00,IE_SEM,113.45,2026-01-18 12:35:07
2026-01-19 23:00:00,IE_SEM,111.42,2026-01-19 12:35:14
2026-01-20 00:00:00,IE_SEM,106.035,2026-01-19 12:35:14
2026-01-20 01:00:00,IE_SEM,102.855,2026-01-19 12:35:14
2026-01-20 02:00:00,IE_SEM,98.275,2026-01-19 12:35:14
2026-01-20 03:00:00,IE_SEM,95.765,2026-01-19 12:35:14
2026-01-20 04:00:00,IE_SEM,95,2026-01-19 12:35:14
2026-01-20 05:00:00,IE_SEM,97.88,2026-01-19 12:35:14
2026-01-20 06:00:00,IE_SEM,113.265,2026-01-19 12:35:14
2026-01-20 07:00:00,IE_SEM,130.595,2026-01-19 12:35:14
2026-01-20 08:00:00,IE_SEM,133.45,2026-01-19 12:35:14
2026-01-20 09:00:00,IE_SEM,123.895,2026-01-19 12:35:14
2026-01-20 10:00:00,IE_SEM,108.915,2026-01-19 12:35:14
2026-01-20 11:00:00,IE_SEM,100.375,2026-01-19 12:35:14
2026-01-20 12:00:00,IE_SEM,96.76,2026-01-19 12:35:14
2026-01-20 13:00:00,IE_SEM,95.59,2026-01-19 12:35:14
2026-01-20 14:00:00,IE_SEM,94.04,2026-01-19 12:35:14
2026-01-20 15:00:00,IE_SEM,99.59,2026-01-19 12:35:14
2026-01-20 16:00:00,IE_SEM,120.955,2026-01-19 12:35:14
2026-01-20 17:00:00,IE_SEM,137.01,2026-01-19 12:35:14
2026-01-20 18:00:00,IE_SEM,136.375,2026-01-19 12:35:14
2026-01-20 19:00:00,IE_SEM,117.855,2026-01-19 12:35:14
2026-01-20 20:00:00,IE_SEM,106.28,2026-01-19 12:35:14
2026-01-20 21:00:00,IE_SEM,103.27,2026-01-19 12:35:14
2026-01-20 22:00:00,IE_SEM,93.53,2026-01-19 12:35:14
2026-01-20 23:00:00,IE_SEM,89.63,2026-01-20 12:35:07
2026-01-21 00:00:00,IE_SEM,89.71,2026-01-20 12:35:07
2026-01-21 01:00:00,IE_SEM,90.26,2026-01-20 12:35:07
2026-01-21 02:00:00,IE_SEM,89.465,2026-01-20 12:35:07
2026-01-21 03:00:00,IE_SEM,88.735,2026-01-20 12:35:07
2026-01-21 04:00:00,IE_SEM,88.885,2026-01-20 12:35:07
2026-01-21 05:00:00,IE_SEM,94.89,2026-01-20 12:35:07
2026-01-21 06:00:00,IE_SEM,113.6,2026-01-20 12:35:07
2026-01-21 07:00:00,IE_SEM,129.495,2026-01-20 12:35:07
2026-01-21 08:00:00,IE_SEM,131.73,2026-01-20 12:35:07
2026-01-21 09:00:00,IE_SEM,121.16,2026-01-20 12:35:07
2026-01-21 10:00:00,IE_SEM,112.165,2026-01-20 12:35:07
2026-01-21 11:00:00,IE_SEM,107.81,2026-01-20 12:35:07
2026-01-21 12:00:00,IE_SEM,108.03,2026-01-20 12:35:07
2026-01-21 13:00:00,IE_SEM,111.64,2026-01-20 12:35:07
2026-01-21 14:00:00,IE_SEM,114.475,2026-01-20 12:35:07
2026-01-21 15:00:00,IE_SEM,120.055,2026-01-20 12:35:07
2026-01-21 16:00:00,IE_SEM,134.55,2026-01-20 12:35:07
2026-01-21 17:00:00,IE_SEM,157.5,2026-01-20 12:35:07
2026-01-21 18:00:00,IE_SEM,157.665,2026-01-20 12:35:07
2026-01-21 19:00:00,IE_SEM,154.35,2026-01-20 12:35:07
2026-01-21 20:00:00,IE_SEM,145.32,2026-01-20 12:35:07
2026-01-21 21:00:00,IE_SEM,119.565,2026-01-20 12:35:07
2026-01-21 22:00:00,IE_SEM,102.115,2026-01-20 12:35:07
2026-01-21 23:00:00,IE_SEM,97.15,2026-01-21 12:35:21
2026-01-22 00:00:00,IE_SEM,95.895,2026-01-21 12:35:21
2026-01-22 01:00:00,IE_SEM,98.21,2026-01-21 12:35:21
2026-01-22 02:00:00,IE_SEM,99.105,2026-01-21 12:35:21
2026-01-22 03:00:00,IE_SEM,99.385,2026-01-21 12:35:21
2026-01-22 04:00:00,IE_SEM,98.21,2026-01-21 12:35:21
2026-01-22 05:00:00,IE_SEM,97.01,2026-01-21 12:35:21
2026-01-22 06:00:00,IE_SEM,116.715,2026-01-21 12:35:21
2026-01-22 07:00:00,IE_SEM,170.715,2026-01-21 12:35:21
2026-01-22 08:00:00,IE_SEM,195.735,2026-01-21 12:35:21
2026-01-22 09:00:00,IE_SEM,191.32,2026-01-21 12:35:21
2026-01-22 10:00:00,IE_SEM,184.99,2026-01-21 12:35:21
2026-01-22 11:00:00,IE_SEM,178,2026-01-21 12:35:21
2026-01-22 12:00:00,IE_SEM,175,2026-01-21 12:35:21
2026-01-22 13:00:00,IE_SEM,173.54,2026-01-21 12:35:21
2026-01-22 14:00:00,IE_SEM,181.85,2026-01-21 12:35:21
2026-01-22 15:00:00,IE_SEM,192.44,2026-01-21 12:35:21
2026-01-22 16:00:00,IE_SEM,194.6,2026-01-21 12:35:21
2026-01-22 17:00:00,IE_SEM,225,2026-01-21 12:35:21
2026-01-22 18:00:00,IE_SEM,225.5,2026-01-21 12:35:21
2026-01-22 19:00:00,IE_SEM,200.12,2026-01-21 12:35:21
2026-01-22 20:00:00,IE_SEM,173.34,2026-01-21 12:35:21
2026-01-22 21:00:00,IE_SEM,145.955,2026-01-21 12:35:21
2026-01-22 22:00:00,IE_SEM,115.55,2026-01-21 12:35:21
2026-01-22 23:00:00,IE_SEM,132,2026-01-22 12:35:48
2026-01-23 00:00:00,IE_SEM,108.59,2026-01-22 12:35:48
2026-01-23 01:00:00,IE_SEM,109.09,2026-01-22 12:35:48
2026-01-23 02:00:00,IE_SEM,110,2026-01-22 12:35:48
2026-01-23 03:00:00,IE_SEM,105.59,2026-01-22 12:35:48
2026-01-23 04:00:00,IE_SEM,103.64,2026-01-22 12:35:48
2026-01-23 05:00:00,IE_SEM,101.945,2026-01-22 12:35:48
2026-01-23 06:00:00,IE_SEM,122.915,2026-01-22 12:35:48
2026-01-23 07:00:00,IE_SEM,145.225,2026-01-22 12:35:48
2026-01-23 08:00:00,IE_SEM,140.345,2026-01-22 12:35:48
2026-01-23 09:00:00,IE_SEM,130.755,2026-01-22 12:35:48
2026-01-23 10:00:00,IE_SEM,120.69,2026-01-22 12:35:48
2026-01-23 11:00:00,IE_SEM,114.905,2026-01-22 12:35:48
2026-01-23 12:00:00,IE_SEM,110.82,2026-01-22 12:35:48
2026-01-23 13:00:00,IE_SEM,107.87,2026-01-22 12:35:48
2026-01-23 14:00:00,IE_SEM,108.855,2026-01-22 12:35:48
2026-01-23 15:00:00,IE_SEM,116.89,2026-01-22 12:35:48
2026-01-23 16:00:00,IE_SEM,127.935,2026-01-22 12:35:48
2026-01-23 17:00:00,IE_SEM,135.44,2026-01-22 12:35:48
2026-01-23 18:00:00,IE_SEM,130.84,2026-01-22 12:35:48
2026-01-23 19:00:00,IE_SEM,119.64,2026-01-22 12:35:48
2026-01-23 20:00:00,IE_SEM,112.4,2026-01-22 12:35:48
2026-01-23 21:00:00,IE_SEM,103.445,2026-01-22 12:35:48
2026-01-23 22:00:00,IE_SEM,92.705,2026-01-22 12:35:48
2026-01-23 23:00:00,IE_SEM,92.04,2026-01-23 12:35:45
2026-01-24 00:00:00,IE_SEM,92.02,2026-01-23 12:35:45
2026-01-24 01:00:00,IE_SEM,89.3,2026-01-23 12:35:45
2026-01-24 02:00:00,IE_SEM,84.32,2026-01-23 12:35:45
2026-01-24 03:00:00,IE_SEM,83.895,2026-01-23 12:35:45
2026-01-24 04:00:00,IE_SEM,84.54,2026-01-23 12:35:45
2026-01-24 05:00:00,IE_SEM,88.6,2026-01-23 12:35:45
2026-01-24 06:00:00,IE_SEM,93.795,2026-01-23 12:35:45
2026-01-24 07:00:00,IE_SEM,102.445,2026-01-23 12:35:45
2026-01-24 08:00:00,IE_SEM,112.655,2026-01-23 12:35:45
2026-01-24 09:00:00,IE_SEM,110.92,2026-01-23 12:35:45
2026-01-24 10:00:00,IE_SEM,110.995,2026-01-23 12:35:45
2026-01-24 11:00:00,IE_SEM,110,2026-01-23 12:35:45
2026-01-24 12:00:00,IE_SEM,106.82,2026-01-23 12:35:45
2026-01-24 13:00:00,IE_SEM,108.91,2026-01-23 12:35:45
2026-01-24 14:00:00,IE_SEM,113.215,2026-01-23 12:35:45
2026-01-24 15:00:00,IE_SEM,118.275,2026-01-23 12:35:45
2026-01-24 16:00:00,IE_SEM,133.22,2026-01-23 12:35:45
2026-01-24 17:00:00,IE_SEM,136.79,2026-01-23 12:35:45
2026-01-24 18:00:00,IE_SEM,130.47,2026-01-23 12:35:45
2026-01-24 19:00:00,IE_SEM,120.435,2026-01-23 12:35:45
2026-01-24 20:00:00,IE_SEM,114,2026-01-23 12:35:45
2026-01-24 21:00:00,IE_SEM,113.495,2026-01-23 12:35:45
2026-01-24 22:00:00,IE_SEM,105.345,2026-01-23 12:35:45
2026-01-24 23:00:00,IE_SEM,102.675,2026-01-24 12:35:20
2026-01-25 00:00:00,IE_SEM,102.79,2026-01-24 12:35:20
2026-01-25 01:00:00,IE_SEM,101.6,2026-01-24 12:35:20
2026-01-25 02:00:00,IE_SEM,102.33,2026-01-24 12:35:20
2026-01-25 03:00:00,IE_SEM,103.795,2026-01-24 12:35:20
2026-01-25 04:00:00,IE_SEM,104,2026-01-24 12:35:20
2026-01-25 05:00:00,IE_SEM,99.995,2026-01-24 12:35:20
2026-01-25 06:00:00,IE_SEM,99.005,2026-01-24 12:35:20
2026-01-25 07:00:00,IE_SEM,100.51,2026-01-24 12:35:20
2026-01-25 08:00:00,IE_SEM,110.8,2026-01-24 12:35:20
2026-01-25 09:00:00,IE_SEM,116.64,2026-01-24 12:35:20
2026-01-25 10:00:00,IE_SEM,115.635,2026-01-24 12:35:20
2026-01-25 11:00:00,IE_SEM,115.67,2026-01-24 12:35:20
2026-01-25 12:00:00,IE_SEM,117.385,2026-01-24 12:35:20
2026-01-25 13:00:00,IE_SEM,118.7,2026-01-24 12:35:20
2026-01-25 14:00:00,IE_SEM,118.94,2026-01-24 12:35:20
2026-01-25 15:00:00,IE_SEM,126.79,2026-01-24 12:35:20
2026-01-25 16:00:00,IE_SEM,156.1,2026-01-24 12:35:20
2026-01-25 17:00:00,IE_SEM,169.7,2026-01-24 12:35:20
2026-01-25 18:00:00,IE_SEM,177.785,2026-01-24 12:35:20
2026-01-25 19:00:00,IE_SEM,157.055,2026-01-24 12:35:20
2026-01-25 20:00:00,IE_SEM,134.17,2026-01-24 12:35:20
2026-01-25 21:00:00,IE_SEM,122.52,2026-01-24 12:35:20
2026-01-25 22:00:00,IE_SEM,108.955,2026-01-24 12:35:20
2026-01-25 23:00:00,IE_SEM,107.65,2026-01-25 12:35:27
2026-01-26 00:00:00,IE_SEM,105.76,2026-01-25 12:35:27
2026-01-26 01:00:00,IE_SEM,102.98,2026-01-25 12:35:27
2026-01-26 02:00:00,IE_SEM,102.465,2026-01-25 12:35:27
2026-01-26 03:00:00,IE_SEM,100.93,2026-01-25 12:35:27
2026-01-26 04:00:00,IE_SEM,99.185,2026-01-25 12:35:27
2026-01-26 05:00:00,IE_SEM,99.825,2026-01-25 12:35:27
2026-01-26 06:00:00,IE_SEM,106.92,2026-01-25 12:35:27
2026-01-26 07:00:00,IE_SEM,129.175,2026-01-25 12:35:27
2026-01-26 08:00:00,IE_SEM,127.555,2026-01-25 12:35:27
2026-01-26 09:00:00,IE_SEM,129.305,2026-01-25 12:35:27
2026-01-26 10:00:00,IE_SEM,120.945,2026-01-25 12:35:27
2026-01-26 11:00:00,IE_SEM,113.035,2026-01-25 12:35:27
2026-01-26 12:00:00,IE_SEM,113.255,2026-01-25 12:35:27
2026-01-26 13:00:00,IE_SEM,111.29,2026-01-25 12:35:27
2026-01-26 14:00:00,IE_SEM,116.47,2026-01-25 12:35:27
2026-01-26 15:00:00,IE_SEM,123.665,2026-01-25 12:35:27
2026-01-26 16:00:00,IE_SEM,138.825,2026-01-25 12:35:27
2026-01-26 17:00:00,IE_SEM,171.905,2026-01-25 12:35:27
2026-01-26 18:00:00,IE_SEM,178.01,2026-01-25 12:35:27
2026-01-26 19:00:00,IE_SEM,169.005,2026-01-25 12:35:27
2026-01-26 20:00:00,IE_SEM,158.375,2026-01-25 12:35:27
2026-01-26 21:00:00,IE_SEM,140.485,2026-01-25 12:35:27
2026-01-26 22:00:00,IE_SEM,112.28,2026-01-25 12:35:27
2026-01-26 23:00:00,IE_SEM,102.85,2026-01-26 12:35:16
2026-01-27 00:00:00,IE_SEM,97.14,2026-01-26 12:35:16
2026-01-27 01:00:00,IE_SEM,88.42,2026-01-26 12:35:16
2026-01-27 02:00:00,IE_SEM,75.815,2026-01-26 12:35:16
2026-01-27 03:00:00,IE_SEM,65.935,2026-01-26 12:35:16
2026-01-27 04:00:00,IE_SEM,64.475,2026-01-26 12:35:16
2026-01-27 05:00:00,IE_SEM,78.625,2026-01-26 12:35:16
2026-01-27 06:00:00,IE_SEM,104.86,2026-01-26 12:35:16
2026-01-27 07:00:00,IE_SEM,110.945,2026-01-26 12:35:16
2026-01-27 08:00:00,IE_SEM,127.165,2026-01-26 12:35:16
2026-01-27 09:00:00,IE_SEM,131.03,2026-01-26 12:35:16
2026-01-27 10:00:00,IE_SEM,125.955,2026-01-26 12:35:16
2026-01-27 11:00:00,IE_SEM,118.84,2026-01-26 12:35:16
2026-01-27 12:00:00,IE_SEM,115.17,2026-01-26 12:35:16
2026-01-27 13:00:00,IE_SEM,115.165,2026-01-26 12:35:16
2026-01-27 14:00:00,IE_SEM,115.385,2026-01-26 12:35:16
2026-01-27 15:00:00,IE_SEM,122.73,2026-01-26 12:35:16
2026-01-27 16:00:00,IE_SEM,132.98,2026-01-26 12:35:16
2026-01-27 17:00:00,IE_SEM,142.415,2026-01-26 12:35:16
2026-01-27 18:00:00,IE_SEM,140.575,2026-01-26 12:35:16
2026-01-27 19:00:00,IE_SEM,132.84,2026-01-26 12:35:16
2026-01-27 20:00:00,IE_SEM,124.255,2026-01-26 12:35:16
2026-01-27 21:00:00,IE_SEM,117.03,2026-01-26 12:35:16
2026-01-27 22:00:00,IE_SEM,108.085,2026-01-26 12:35:16
2026-01-27 23:00:00,IE_SEM,103.09,2026-01-27 12:35:07
2026-01-28 00:00:00,IE_SEM,104.79,2026-01-27 12:35:07
2026-01-28 01:00:00,IE_SEM,104.995,2026-01-27 12:35:07
2026-01-28 02:00:00,IE_SEM,104.655,2026-01-27 12:35:07
2026-01-28 03:00:00,IE_SEM,104.62,2026-01-27 12:35:07
2026-01-28 04:00:00,IE_SEM,105,2026-01-27 12:35:07
2026-01-28 05:00:00,IE_SEM,113.975,2026-01-27 12:35:07
2026-01-28 06:00:00,IE_SEM,135.635,2026-01-27 12:35:07
2026-01-28 07:00:00,IE_SEM,151.425,2026-01-27 12:35:07
2026-01-28 08:00:00,IE_SEM,159.82,2026-01-27 12:35:07
2026-01-28 09:00:00,IE_SEM,150.475,2026-01-27 12:35:07
2026-01-28 10:00:00,IE_SEM,135.4,2026-01-27 12:35:07
2026-01-28 11:00:00,IE_SEM,123.87,2026-01-27 12:35:07
2026-01-28 12:00:00,IE_SEM,118.78,2026-01-27 12:35:07
2026-01-28 13:00:00,IE_SEM,118.925,2026-01-27 12:35:07
2026-01-28 14:00:00,IE_SEM,120,2026-01-27 12:35:07
2026-01-28 15:00:00,IE_SEM,133.08,2026-01-27 12:35:07
2026-01-28 16:00:00,IE_SEM,147.64,2026-01-27 12:35:07
2026-01-28 17:00:00,IE_SEM,158.36,2026-01-27 12:35:07
2026-01-28 18:00:00,IE_SEM,151.45,2026-01-27 12:35:07
2026-01-28 19:00:00,IE_SEM,132.32,2026-01-27 12:35:07
2026-01-28 20:00:00,IE_SEM,121.67,2026-01-27 12:35:07
2026-01-28 21:00:00,IE_SEM,117.57,2026-01-27 12:35:07
2026-01-28 22:00:00,IE_SEM,112.53,2026-01-27 12:35:07
2026-01-28 23:00:00,IE_SEM,109.135,2026-01-28 12:35:20
2026-01-29 00:00:00,IE_SEM,107.11,2026-01-28 12:35:20
2026-01-29 01:00:00,IE_SEM,106.195,2026-01-28 12:35:20
2026-01-29 02:00:00,IE_SEM,104.7,2026-01-28 12:35:20
2026-01-29 03:00:00,IE_SEM,104.155,2026-01-28 12:35:20
2026-01-29 04:00:00,IE_SEM,103.02,2026-01-28 12:35:20
2026-01-29 05:00:00,IE_SEM,105.375,2026-01-28 12:35:20
2026-01-29 06:00:00,IE_SEM,113.2,2026-01-28 12:35:20
2026-01-29 07:00:00,IE_SEM,140.32,2026-01-28 12:35:20
2026-01-29 08:00:00,IE_SEM,144.05,2026-01-28 12:35:20
2026-01-29 09:00:00,IE_SEM,137.51,2026-01-28 12:35:20
2026-01-29 10:00:00,IE_SEM,124.42,2026-01-28 12:35:20
2026-01-29 11:00:00,IE_SEM,116.345,2026-01-28 12:35:20
2026-01-29 12:00:00,IE_SEM,113.445,2026-01-28 12:35:20
2026-01-29 13:00:00,IE_SEM,111.79,2026-01-28 12:35:20
2026-01-29 14:00:00,IE_SEM,113.64,2026-01-28 12:35:20
2026-01-29 15:00:00,IE_SEM,120.985,2026-01-28 12:35:20
2026-01-29 16:00:00,IE_SEM,131.84,2026-01-28 12:35:20
2026-01-29 17:00:00,IE_SEM,144.23,2026-01-28 12:35:20
2026-01-29 18:00:00,IE_SEM,138.47,2026-01-28 12:35:20
2026-01-29 19:00:00,IE_SEM,119.42,2026-01-28 12:35:20
2026-01-29 20:00:00,IE_SEM,114.065,2026-01-28 12:35:20
2026-01-29 21:00:00,IE_SEM,110.535,2026-01-28 12:35:20
2026-01-29 22:00:00,IE_SEM,102.605,2026-01-28 12:35:20
2026-01-29 23:00:00,IE_SEM,105.155,2026-01-29 12:35:15
2026-01-30 00:00:00,IE_SEM,102.875,2026-01-29 12:35:15
2026-01-30 01:00:00,IE_SEM,97.63,2026-01-29 12:35:15
2026-01-30 02:00:00,IE_SEM,93.32,2026-01-29 12:35:15
2026-01-30 03:00:00,IE_SEM,91.43,2026-01-29 12:35:15
2026-01-30 04:00:00,IE_SEM,92.715,2026-01-29 12:35:15
2026-01-30 05:00:00,IE_SEM,97.78,2026-01-29 12:35:15
2026-01-30 06:00:00,IE_SEM,110.305,2026-01-29 12:35:15
2026-01-30 07:00:00,IE_SEM,125.97,2026-01-29 12:35:15
2026-01-30 08:00:00,IE_SEM,135.05,2026-01-29 12:35:15
2026-01-30 09:00:00,IE_SEM,128.79,2026-01-29 12:35:15
2026-01-30 10:00:00,IE_SEM,120.36,2026-01-29 12:35:15
2026-01-30 11:00:00,IE_SEM,118.34,2026-01-29 12:35:15
2026-01-30 12:00:00,IE_SEM,118.07,2026-01-29 12:35:15
2026-01-30 13:00:00,IE_SEM,121.505,2026-01-29 12:35:15
2026-01-30 14:00:00,IE_SEM,121.84,2026-01-29 12:35:15
2026-01-30 15:00:00,IE_SEM,140.695,2026-01-29 12:35:15
2026-01-30 16:00:00,IE_SEM,155.01,2026-01-29 12:35:15
2026-01-30 17:00:00,IE_SEM,176.755,2026-01-29 12:35:15
2026-01-30 18:00:00,IE_SEM,183.505,2026-01-29 12:35:15
2026-01-30 19:00:00,IE_SEM,181.62,2026-01-29 12:35:15
2026-01-30 20:00:00,IE_SEM,183.55,2026-01-29 12:35:15
2026-01-30 21:00:00,IE_SEM,151.365,2026-01-29 12:35:15
2026-01-30 22:00:00,IE_SEM,136.345,2026-01-29 12:35:15
2026-01-30 23:00:00,IE_SEM,116.535,2026-01-30 12:35:25
2026-01-31 00:00:00,IE_SEM,113.285,2026-01-30 12:35:25
2026-01-31 01:00:00,IE_SEM,110.64,2026-01-30 12:35:25
2026-01-31 02:00:00,IE_SEM,106.975,2026-01-30 12:35:25
2026-01-31 03:00:00,IE_SEM,105.66,2026-01-30 12:35:25
2026-01-31 04:00:00,IE_SEM,105.255,2026-01-30 12:35:25
2026-01-31 05:00:00,IE_SEM,102.89,2026-01-30 12:35:25
2026-01-31 06:00:00,IE_SEM,109.06,2026-01-30 12:35:25
2026-01-31 07:00:00,IE_SEM,114.69,2026-01-30 12:35:25
2026-01-31 08:00:00,IE_SEM,126.92,2026-01-30 12:35:25
2026-01-31 09:00:00,IE_SEM,157.5,2026-01-30 12:35:25
2026-01-31 10:00:00,IE_SEM,166.15,2026-01-30 12:35:25
2026-01-31 11:00:00,IE_SEM,171.46,2026-01-30 12:35:25
2026-01-31 12:00:00,IE_SEM,172.32,2026-01-30 12:35:25
2026-01-31 13:00:00,IE_SEM,161.25,2026-01-30 12:35:25
2026-01-31 14:00:00,IE_SEM,157.96,2026-01-30 12:35:25
2026-01-31 15:00:00,IE_SEM,182.215,2026-01-30 12:35:25
2026-01-31 16:00:00,IE_SEM,195.71,2026-01-30 12:35:25
2026-01-31 17:00:00,IE_SEM,230.955,2026-01-30 12:35:25
2026-01-31 18:00:00,IE_SEM,227.3,2026-01-30 12:35:25
2026-01-31 19:00:00,IE_SEM,191.455,2026-01-30 12:35:25
2026-01-31 20:00:00,IE_SEM,180.59,2026-01-30 12:35:25
2026-01-31 21:00:00,IE_SEM,137.165,2026-01-30 12:35:25
2026-01-31 22:00:00,IE_SEM,121.475,2026-01-30 12:35:25
2026-01-31 23:00:00,IE_SEM,117.945,2026-01-31 12:35:10
2026-01-02 06:00:00,GB,96.64,2026-01-03T05:44:37Z
2026-01-02 06:30:00,GB,59.66,2026-01-03T06:14:37Z
2026-01-02 07:00:00,GB,94.00029555,2026-01-03T06:44:33Z
2026-01-02 07:30:00,GB,96.9,2026-01-03T07:14:29Z
2026-01-02 08:00:00,GB,101.5,2026-01-03T07:44:36Z
2026-01-02 08:30:00,GB,101,2026-01-03T08:14:31Z
2026-01-02 09:00:00,GB,101,2026-01-03T08:44:33Z
2026-01-02 09:30:00,GB,99,2026-01-03T09:14:31Z
2026-01-02 10:00:00,GB,99,2026-01-03T09:44:40Z
2026-01-02 10:30:00,GB,99,2026-01-03T10:14:34Z
2026-01-02 11:00:00,GB,99,2026-01-03T10:44:34Z
2026-01-02 11:30:00,GB,99,2026-01-03T11:14:37Z
2026-01-02 12:00:00,GB,62.15,2026-01-03T11:44:35Z
2026-01-02 12:30:00,GB,89.57035928,2026-01-03T12:14:31Z
2026-01-02 13:00:00,GB,100,2026-01-03T12:44:43Z
2026-01-02 13:30:00,GB,100.5,2026-01-03T13:14:34Z
2026-01-02 14:00:00,GB,100,2026-01-03T13:44:36Z
2026-01-02 14:30:00,GB,100,2026-01-03T14:14:36Z
2026-01-02 15:00:00,GB,100.5,2026-01-03T14:44:55Z
2026-01-02 15:30:00,GB,100,2026-01-03T15:14:34Z
2026-01-02 16:00:00,GB,105,2026-01-03T15:44:52Z
2026-01-02 16:30:00,GB,115,2026-01-03T16:14:39Z
2026-01-02 17:00:00,GB,115,2026-01-03T16:44:42Z
2026-01-02 17:30:00,GB,116.0002099,2026-01-03T17:14:33Z
2026-01-02 18:00:00,GB,117,2026-01-03T17:44:35Z
2026-01-02 18:30:00,GB,124,2026-01-03T18:15:08Z
2026-01-02 19:00:00,GB,123.9,2026-01-03T18:44:42Z
2026-01-02 19:30:00,GB,125,2026-01-03T19:14:40Z
2026-01-02 20:00:00,GB,105,2026-01-03T19:44:34Z
2026-01-02 20:30:00,GB,100,2026-01-03T20:14:40Z
2026-01-02 21:00:00,GB,60.05,2026-01-03T20:44:43Z
2026-01-02 21:30:00,GB,96,2026-01-03T21:14:45Z
2026-01-02 22:00:00,GB,95.9,2026-01-03T21:44:40Z
2026-01-02 22:30:00,GB,94.9,2026-01-03T22:14:38Z
2026-01-02 23:00:00,GB,82.28,2026-01-03T22:44:43Z
2026-01-02 23:30:00,GB,94,2026-01-03T23:14:37Z
2026-01-03 00:00:00,GB,93.9,2026-01-03T23:44:34Z
2026-01-03 00:30:00,GB,93.9,2026-01-04T00:14:39Z
2026-01-03 01:00:00,GB,93.85,2026-01-04T00:44:33Z
2026-01-03 01:30:00,GB,93.9,2026-01-04T01:14:33Z
2026-01-03 02:00:00,GB,93.85,2026-01-04T01:44:36Z
2026-01-03 02:30:00,GB,70.52,2026-01-04T02:14:46Z
2026-01-03 03:00:00,GB,93.85,2026-01-04T02:44:38Z
2026-01-03 03:30:00,GB,33.08144504,2026-01-04T03:14:37Z
2026-01-03 04:00:00,GB,70.17,2026-01-04T03:44:37Z
2026-01-03 04:30:00,GB,69.94697557,2026-01-04T04:14:39Z
2026-01-03 05:00:00,GB,66.63,2026-01-04T04:44:36Z
2026-01-03 05:30:00,GB,26.71,2026-01-04T05:14:40Z
2026-01-03 06:00:00,GB,71.07,2026-01-04T05:44:35Z
2026-01-03 06:30:00,GB,48.44318978,2026-01-04T06:14:34Z
2026-01-03 07:00:00,GB,68.53,2026-01-04T06:44:36Z
2026-01-03 07:30:00,GB,71.45,2026-01-04T07:14:33Z
2026-01-03 08:00:00,GB,61.61,2026-01-04T07:44:36Z
2026-01-03 08:30:00,GB,51.88,2026-01-04T08:14:36Z
2026-01-03 09:00:00,GB,62.2,2026-01-04T08:44:34Z
2026-01-03 09:30:00,GB,93.9,2026-01-04T09:14:31Z
2026-01-03 10:00:00,GB,79.17,2026-01-04T09:44:34Z
2026-01-03 10:30:00,GB,93.9,2026-01-04T10:15:06Z
2026-01-03 11:00:00,GB,88.98,2026-01-04T10:44:29Z
2026-01-03 11:30:00,GB,75.86,2026-01-04T11:14:29Z
2026-01-03 12:00:00,GB,77.82,2026-01-04T11:44:35Z
2026-01-03 12:30:00,GB,65.28991781,2026-01-04T12:14:36Z
2026-01-03 13:00:00,GB,93.14989276,2026-01-04T12:44:37Z
2026-01-03 13:30:00,GB,67.83,2026-01-04T13:14:38Z
2026-01-03 14:00:00,GB,73.05,2026-01-04T13:44:30Z
2026-01-03 14:30:00,GB,93.9,2026-01-04T14:14:27Z
2026-01-03 15:00:00,GB,96.7,2026-01-04T14:44:38Z
2026-01-03 15:30:00,GB,100,2026-01-04T15:14:42Z
2026-01-03 16:00:00,GB,100,2026-01-04T15:44:39Z
2026-01-03 16:30:00,GB,107,2026-01-04T16:14:33Z
2026-01-05 04:00:00,GB,70.17,2026-01-06T03:44:31Z
2026-01-05 04:30:00,GB,70.17,2026-01-06T04:14:32Z
2026-01-05 05:00:00,GB,70.2,2026-01-06T04:44:40Z
2026-01-05 05:30:00,GB,70.21,2026-01-06T05:14:36Z
2026-01-05 06:00:00,GB,96,2026-01-06T05:44:32Z
2026-01-05 06:30:00,GB,70.2,2026-01-06T06:14:48Z
2026-01-05 07:00:00,GB,70.2,2026-01-06T06:44:36Z
2026-01-05 07:30:00,GB,70.22,2026-01-06T07:15:02Z
2026-01-05 08:00:00,GB,150,2026-01-06T07:44:31Z
2026-01-05 08:30:00,GB,150,2026-01-06T08:14:44Z
2026-01-05 09:00:00,GB,151.69,2026-01-06T08:44:34Z
2026-01-05 09:30:00,GB,149.710101,2026-01-06T09:14:34Z
2026-01-05 10:00:00,GB,141.54,2026-01-06T09:44:36Z
2026-01-05 10:30:00,GB,142.64,2026-01-06T10:14:46Z
2026-01-05 11:00:00,GB,136.95,2026-01-06T10:44:36Z
2026-01-05 11:30:00,GB,138.08,2026-01-06T11:14:33Z
2026-01-05 12:00:00,GB,130.83,2026-01-06T11:44:42Z
2026-01-05 12:30:00,GB,75.95,2026-01-06T12:14:39Z
2026-01-05 13:00:00,GB,72,2026-01-06T12:44:34Z
2026-01-05 13:30:00,GB,71.8,2026-01-06T13:14:38Z
2026-01-05 14:00:00,GB,71.85,2026-01-06T13:46:06Z
2026-01-05 14:30:00,GB,72.1,2026-01-06T14:14:53Z
2026-01-05 15:00:00,GB,75.95,2026-01-06T14:44:34Z
2026-01-05 15:30:00,GB,183,2026-01-06T15:14:29Z
2026-01-05 16:00:00,GB,194.18,2026-01-06T15:44:33Z
2026-01-05 16:30:00,GB,82.5,2026-01-06T16:14:29Z
2026-01-05 17:00:00,GB,433.3004063,2026-01-06T16:44:34Z
2026-01-05 17:30:00,GB,426.6502857,2026-01-06T17:14:37Z
2026-01-05 18:00:00,GB,82.77,2026-01-06T17:44:41Z
2026-01-05 18:30:00,GB,368.87,2026-01-06T18:14:40Z
2026-01-05 19:00:00,GB,297.67,2026-01-06T18:44:37Z
2026-01-05 19:30:00,GB,338.5343498,2026-01-06T19:14:32Z
2026-01-05 20:00:00,GB,750,2026-01-06T19:44:36Z
2026-01-05 20:30:00,GB,204.3950439,2026-01-06T20:14:38Z
2026-01-05 21:00:00,GB,87.02,2026-01-06T20:44:39Z
2026-01-05 21:30:00,GB,159,2026-01-06T21:14:41Z
2026-01-05 22:00:00,GB,81.7,2026-01-06T21:44:39Z
2026-01-05 22:30:00,GB,165.4161319,2026-01-06T22:14:36Z
2026-01-05 23:00:00,GB,145,2026-01-06T22:44:42Z
2026-01-05 23:30:00,GB,147.8262496,2026-01-06T23:14:37Z
2026-01-06 00:00:00,GB,123.56,2026-01-06T23:44:35Z
2026-01-06 00:30:00,GB,100,2026-01-07T00:14:38Z
2026-01-06 01:00:00,GB,100,2026-01-07T00:44:34Z
2026-01-06 01:30:00,GB,137.63,2026-01-07T01:14:38Z
2026-01-06 02:00:00,GB,151.2,2026-01-07T01:44:34Z
2026-01-06 02:30:00,GB,147.1406307,2026-01-07T02:15:16Z
2026-01-06 03:00:00,GB,122,2026-01-07T02:44:34Z
2026-01-06 03:30:00,GB,143.54,2026-01-07T03:14:35Z
2026-01-06 04:00:00,GB,169.13,2026-01-07T03:44:41Z
2026-01-06 04:30:00,GB,168.4381977,2026-01-07T04:14:37Z
2026-01-06 05:00:00,GB,195.9848986,2026-01-07T04:44:47Z
2026-01-06 05:30:00,GB,200,2026-01-07T05:14:32Z
2026-01-06 06:00:00,GB,200,2026-01-07T05:44:35Z
2026-01-06 06:30:00,GB,200,2026-01-07T06:14:56Z
2026-01-06 07:00:00,GB,180.38,2026-01-07T06:45:00Z
2026-01-06 07:30:00,GB,200,2026-01-07T07:14:36Z
2026-01-06 08:00:00,GB,198.75,2026-01-07T07:44:38Z
2026-01-06 08:30:00,GB,201.47,2026-01-07T08:14:30Z
2026-01-06 09:00:00,GB,229.49,2026-01-07T08:44:47Z
2026-01-06 09:30:00,GB,265.1,2026-01-07T09:14:52Z
2026-01-06 10:00:00,GB,323.2036549,2026-01-07T09:44:31Z
2026-01-06 10:30:00,GB,300.13,2026-01-07T10:14:27Z
2026-01-06 11:00:00,GB,318.13,2026-01-07T10:44:40Z
2026-01-06 11:30:00,GB,288.91,2026-01-07T11:14:35Z
2026-01-06 12:00:00,GB,241.99,2026-01-07T11:44:44Z
2026-01-06 12:30:00,GB,117,2026-01-07T12:14:40Z
2026-01-06 13:00:00,GB,85,2026-01-07T12:44:41Z
2026-01-06 13:30:00,GB,75,2026-01-07T13:14:37Z
2026-01-06 14:00:00,GB,85,2026-01-07T13:46:40Z
2026-01-06 14:30:00,GB,76,2026-01-07T14:14:54Z
2026-01-08 02:00:00,GB,72.3,2026-01-09T01:44:36Z
2026-01-08 02:30:00,GB,73.34,2026-01-09T02:15:22Z
2026-01-08 03:00:00,GB,73.34,2026-01-09T02:44:43Z
2026-01-08 03:30:00,GB,72.35,2026-01-09T03:14:45Z
2026-01-08 04:00:00,GB,73.34,2026-01-09T03:44:36Z
2026-01-08 04:30:00,GB,109.0003131,2026-01-09T04:14:41Z
2026-01-08 05:00:00,GB,73.34,2026-01-09T04:44:36Z
2026-01-08 05:30:00,GB,70.77,2026-01-09T05:14:41Z
2026-01-08 06:00:00,GB,70.77,2026-01-09T05:44:38Z
2026-01-08 06:30:00,GB,71.4,2026-01-09T06:14:38Z
2026-01-08 07:00:00,GB,73.36,2026-01-09T06:44:41Z
2026-01-08 07:30:00,GB,252.00075,2026-01-09T07:14:34Z
2026-01-08 08:00:00,GB,250,2026-01-09T07:44:34Z
2026-01-08 08:30:00,GB,250.884959,2026-01-09T08:14:49Z
2026-01-08 09:00:00,GB,249.71979,2026-01-09T08:44:35Z
2026-01-08 09:30:00,GB,181.16,2026-01-09T09:14:40Z
2026-01-08 10:00:00,GB,83.77,2026-01-09T09:44:41Z
2026-01-08 10:30:00,GB,86.6,2026-01-09T10:14:49Z
2026-01-08 11:00:00,GB,250,2026-01-09T10:44:36Z
2026-01-08 11:30:00,GB,250,2026-01-09T11:14:43Z
2026-01-08 12:00:00,GB,414.07,2026-01-09T11:44:41Z
2026-01-08 12:30:00,GB,143.75,2026-01-09T12:14:41Z
2026-01-08 13:00:00,GB,434.85,2026-01-09T12:44:36Z
2026-01-08 13:30:00,GB,410.8443141,2026-01-09T13:14:37Z
2026-01-08 14:00:00,GB,175,2026-01-09T13:44:50Z
2026-01-08 14:30:00,GB,156.1,2026-01-09T14:14:36Z
2026-01-08 15:00:00,GB,156.8917905,2026-01-09T14:44:39Z
2026-01-08 15:30:00,GB,150,2026-01-09T15:14:35Z
2026-01-08 16:00:00,GB,100.01,2026-01-09T15:44:33Z
2026-01-08 16:30:00,GB,145,2026-01-09T16:14:48Z
2026-01-08 17:00:00,GB,145,2026-01-09T16:44:39Z
2026-01-08 17:30:00,GB,145,2026-01-09T17:14:36Z
2026-01-08 18:00:00,GB,178.48,2026-01-09T17:44:36Z
2026-01-08 18:30:00,GB,178.48,2026-01-09T18:14:40Z
2026-01-08 19:00:00,GB,137.05,2026-01-09T18:44:41Z
2026-01-08 19:30:00,GB,125.84,2026-01-09T19:14:35Z
2026-01-08 20:00:00,GB,73.88,2026-01-09T19:44:38Z
2026-01-08 20:30:00,GB,109,2026-01-09T20:14:42Z
2026-01-08 21:00:00,GB,109,2026-01-09T20:44:37Z
2026-01-08 21:30:00,GB,98.49,2026-01-09T21:14:39Z
2026-01-08 22:00:00,GB,98.49,2026-01-09T21:44:42Z
2026-01-08 22:30:00,GB,72.26,2026-01-09T22:14:39Z
2026-01-08 23:00:00,GB,99.5,2026-01-09T22:44:42Z
2026-01-08 23:30:00,GB,99.5,2026-01-09T23:14:42Z
2026-01-09 00:00:00,GB,86.14,2026-01-09T23:44:42Z
2026-01-09 00:30:00,GB,109,2026-01-10T00:14:50Z
2026-01-09 01:00:00,GB,107,2026-01-10T00:44:36Z
2026-01-09 01:30:00,GB,98.98,2026-01-10T01:14:38Z
2026-01-09 02:00:00,GB,98.98,2026-01-10T01:44:40Z
2026-01-09 02:30:00,GB,90.59,2026-01-10T02:15:18Z
2026-01-09 03:00:00,GB,89.17,2026-01-10T02:44:42Z
2026-01-09 03:30:00,GB,77.56,2026-01-10T03:14:37Z
2026-01-09 04:00:00,GB,71,2026-01-10T03:44:38Z
2026-01-09 04:30:00,GB,106.994403,2026-01-10T04:14:42Z
2026-01-09 05:00:00,GB,109,2026-01-10T04:44:35Z
2026-01-09 05:30:00,GB,81.87,2026-01-10T05:14:40Z
2026-01-09 06:00:00,GB,118.884392,2026-01-10T05:44:36Z
2026-01-09 06:30:00,GB,83.69,2026-01-10T06:14:33Z
2026-01-09 07:00:00,GB,69.95,2026-01-10T06:44:37Z
2026-01-09 07:30:00,GB,72.2,2026-01-10T07:14:30Z
2026-01-09 08:00:00,GB,71.45,2026-01-10T07:44:31Z
2026-01-09 08:30:00,GB,70,2026-01-10T08:14:39Z
2026-01-09 09:00:00,GB,115,2026-01-10T08:44:35Z
2026-01-09 09:30:00,GB,115,2026-01-10T09:14:32Z
2026-01-09 10:00:00,GB,103.35,2026-01-10T09:44:34Z
2026-01-09 10:30:00,GB,70.1,2026-01-10T10:14:37Z
2026-01-09 11:00:00,GB,91.85,2026-01-10T10:44:41Z
2026-01-09 11:30:00,GB,103.07,2026-01-10T11:14:37Z
2026-01-09 12:00:00,GB,70.16,2026-01-10T11:44:35Z
2026-01-09 12:30:00,GB,70.25,2026-01-10T12:14:31Z
2026-01-27 01:00:00,GB,55.22,2026-01-28T00:44:32Z
2026-01-27 01:30:00,GB,88.92,2026-01-28T01:14:39Z
2026-01-27 02:00:00,GB,66.4,2026-01-28T01:45:27Z
2026-01-27 02:30:00,GB,65.08,2026-01-28T02:15:08Z
2026-01-27 03:00:00,GB,70,2026-01-28T02:44:58Z
2026-01-27 03:30:00,GB,76.84,2026-01-28T03:14:50Z
2026-01-27 04:00:00,GB,81.05,2026-01-28T03:44:35Z
2026-01-27 04:30:00,GB,65.94,2026-01-28T04:14:31Z
2026-01-27 05:00:00,GB,91.97,2026-01-28T04:44:35Z
2026-01-27 05:30:00,GB,23.01851402,2026-01-28T05:14:39Z
2026-01-27 06:00:00,GB,72.21,2026-01-28T05:44:31Z
2026-01-27 06:30:00,GB,105.8240253,2026-01-28T06:14:31Z
2026-01-27 07:00:00,GB,108.45,2026-01-28T06:45:07Z
2026-01-27 07:30:00,GB,123,2026-01-28T07:14:31Z
2026-01-27 08:00:00,GB,60.68,2026-01-28T07:44:34Z
2026-01-27 08:30:00,GB,129.5,2026-01-28T08:14:28Z
2026-01-27 09:00:00,GB,129.5,2026-01-28T08:44:28Z
2026-01-27 09:30:00,GB,129.5,2026-01-28T09:15:06Z
2026-01-27 10:00:00,GB,129.5,2026-01-28T09:44:30Z
2026-01-27 10:30:00,GB,129,2026-01-28T10:14:27Z
2026-01-27 11:00:00,GB,110.8,2026-01-28T10:44:26Z
2026-01-27 11:30:00,GB,109.12,2026-01-28T11:14:23Z
2026-01-27 12:00:00,GB,99.46,2026-01-28T11:44:29Z
2026-01-27 12:30:00,GB,129,2026-01-28T12:14:42Z
2026-01-27 13:00:00,GB,96.14,2026-01-28T12:44:27Z
2026-01-27 13:30:00,GB,129,2026-01-28T13:14:34Z
2026-01-27 14:00:00,GB,128,2026-01-28T13:45:26Z
2026-01-27 14:30:00,GB,103.59,2026-01-28T14:14:30Z
2026-01-27 15:00:00,GB,85.42,2026-01-28T14:44:32Z
2026-01-27 15:30:00,GB,85.42,2026-01-28T15:14:36Z
2026-01-27 16:00:00,GB,85.43,2026-01-28T15:44:38Z
2026-01-27 16:30:00,GB,129.5,2026-01-28T16:14:39Z
2026-01-27 17:00:00,GB,84.14,2026-01-28T16:44:42Z
2026-01-27 17:30:00,GB,100.2245426,2026-01-28T17:14:23Z
2026-01-27 18:00:00,GB,84.14,2026-01-28T17:44:29Z
2026-01-27 18:30:00,GB,134,2026-01-28T18:14:23Z
2026-01-27 19:00:00,GB,134,2026-01-28T18:44:29Z
2026-01-27 19:30:00,GB,84.32,2026-01-28T19:14:26Z
2026-01-27 20:00:00,GB,88,2026-01-28T19:44:29Z
2026-01-27 20:30:00,GB,130,2026-01-28T20:14:25Z
2026-01-27 21:00:00,GB,119.5,2026-01-28T20:44:42Z
2026-01-27 21:30:00,GB,117.9,2026-01-28T21:14:38Z
2026-01-27 22:00:00,GB,117.9,2026-01-28T21:44:46Z
2026-01-27 22:30:00,GB,117.9,2026-01-28T22:14:36Z
2026-01-27 23:00:00,GB,85,2026-01-28T22:44:39Z
2026-01-27 23:30:00,GB,90.88,2026-01-28T23:14:38Z
2026-01-28 00:00:00,GB,115.9,2026-01-28T23:44:47Z
2026-01-28 00:30:00,GB,114.75,2026-01-29T00:14:37Z
2026-01-28 01:00:00,GB,114.5,2026-01-29T00:44:43Z
2026-01-28 01:30:00,GB,115,2026-01-29T01:14:36Z
2026-01-28 02:00:00,GB,117,2026-01-29T01:44:37Z
2026-01-28 02:30:00,GB,115,2026-01-29T02:15:51Z
2026-01-28 03:00:00,GB,114,2026-01-29T02:44:46Z
2026-01-28 03:30:00,GB,114,2026-01-29T03:14:37Z
2026-01-28 04:00:00,GB,110,2026-01-29T03:44:37Z
2026-01-28 04:30:00,GB,110,2026-01-29T04:14:34Z
2026-01-28 05:00:00,GB,90.2,2026-01-29T04:44:37Z
2026-01-28 05:30:00,GB,99.46,2026-01-29T05:14:33Z
2026-01-28 06:00:00,GB,117,2026-01-29T05:44:35Z
2026-01-28 06:30:00,GB,112.95,2026-01-29T06:14:34Z
2026-01-28 07:00:00,GB,117.5,2026-01-29T06:44:30Z
2026-01-28 07:30:00,GB,125.1901333,2026-01-29T07:14:26Z
2026-01-28 08:00:00,GB,100.58,2026-01-29T07:44:34Z
2026-01-28 08:30:00,GB,136,2026-01-29T08:14:27Z
2026-01-28 09:00:00,GB,118.9201566,2026-01-29T08:44:26Z
2026-01-28 09:30:00,GB,92.30394373,2026-01-29T09:14:27Z
2026-01-28 10:00:00,GB,150.35,2026-01-29T09:44:33Z
2026-01-28 10:30:00,GB,82,2026-01-29T10:14:28Z
2026-01-28 11:00:00,GB,84.26,2026-01-29T10:44:33Z
2026-01-28 11:30:00,GB,135.2,2026-01-29T11:14:30Z
2026-01-28 12:00:00,GB,87.5,2026-01-29T11:44:39Z
2026-01-28 12:30:00,GB,84.26,2026-01-29T12:14:32Z
2026-01-28 13:00:00,GB,87.93,2026-01-29T12:44:28Z
2026-01-28 13:30:00,GB,84.26,2026-01-29T13:14:31Z
2026-01-28 14:00:00,GB,104.8,2026-01-29T13:45:21Z
2026-01-28 14:30:00,GB,110,2026-01-29T14:14:40Z
2026-01-28 15:00:00,GB,112.66,2026-01-29T14:45:47Z
2026-01-28 15:30:00,GB,118.26,2026-01-29T15:14:29Z
2026-01-28 16:00:00,GB,84.24,2026-01-29T15:44:37Z
2026-01-28 16:30:00,GB,82.91802652,2026-01-29T16:14:28Z
2026-01-28 17:00:00,GB,97.14,2026-01-29T16:44:31Z
2026-01-28 17:30:00,GB,89.13,2026-01-29T17:14:36Z
2026-01-28 18:00:00,GB,145.28,2026-01-29T17:44:36Z
2026-01-28 18:30:00,GB,145.28,2026-01-29T18:14:30Z
2026-01-28 19:00:00,GB,87.82,2026-01-29T18:44:34Z
2026-01-28 19:30:00,GB,132.23,2026-01-29T19:15:16Z
2026-01-28 20:00:00,GB,135,2026-01-29T19:44:45Z
2026-01-28 20:30:00,GB,126.9,2026-01-29T20:14:53Z
2026-01-28 21:00:00,GB,127,2026-01-29T20:44:39Z
2026-01-28 21:30:00,GB,125.9,2026-01-29T21:14:40Z
2026-01-28 22:00:00,GB,122.9,2026-01-29T21:44:39Z
2026-01-28 22:30:00,GB,121,2026-01-29T22:14:35Z
2026-01-28 23:00:00,GB,112.59,2026-01-29T22:44:42Z
2026-01-28 23:30:00,GB,113.29,2026-01-29T23:14:33Z
2026-01-29 00:00:00,GB,97.04,2026-01-29T23:44:37Z
2026-01-29 00:30:00,GB,113.9,2026-01-30T00:14:30Z
2026-01-29 01:00:00,GB,94.87,2026-01-30T00:44:39Z
2026-01-29 01:30:00,GB,113.2,2026-01-30T01:14:35Z
2026-01-29 02:00:00,GB,113.2,2026-01-30T01:44:34Z
2026-01-29 02:30:00,GB,47,2026-01-30T02:15:12Z
2026-01-29 03:00:00,GB,112,2026-01-30T02:44:30Z
2026-01-29 03:30:00,GB,111.9,2026-01-30T03:14:34Z
2026-01-29 04:00:00,GB,113.8,2026-01-30T03:44:41Z
2026-01-29 04:30:00,GB,113.8,2026-01-30T04:14:27Z
2026-01-29 05:00:00,GB,113.8,2026-01-30T04:44:25Z
2026-01-29 05:30:00,GB,113.9,2026-01-30T05:14:24Z
2026-01-29 06:00:00,GB,118.2453648,2026-01-30T05:44:27Z
2026-01-29 06:30:00,GB,89.95,2026-01-30T06:14:29Z
2026-01-29 07:00:00,GB,80.54,2026-01-30T06:44:26Z
2026-01-29 07:30:00,GB,84.6,2026-01-30T07:14:24Z
2026-01-29 08:00:00,GB,109.78,2026-01-30T07:44:30Z
2026-01-29 08:30:00,GB,85,2026-01-30T08:14:41Z
2026-01-29 09:00:00,GB,82.5,2026-01-30T08:44:30Z
2026-01-29 09:30:00,GB,142.55,2026-01-30T09:14:26Z
2026-01-29 10:00:00,GB,84.62,2026-01-30T09:44:30Z
2026-01-29 10:30:00,GB,136.89,2026-01-30T10:14:31Z
2026-01-29 11:00:00,GB,142.53,2026-01-30T10:44:29Z
2026-01-29 11:30:00,GB,141.33,2026-01-30T11:14:30Z
2026-01-29 12:00:00,GB,145,2026-01-30T11:44:32Z
2026-01-29 12:30:00,GB,126.63,2026-01-30T12:14:34Z
2026-01-29 13:00:00,GB,117.48,2026-01-30T12:44:34Z
2026-01-29 13:30:00,GB,119.44,2026-01-30T13:14:29Z
2026-01-29 14:00:00,GB,139.46,2026-01-30T13:44:41Z
2026-01-29 14:30:00,GB,146,2026-01-30T14:14:47Z
2026-01-29 15:00:00,GB,140,2026-01-30T14:44:27Z
2026-01-29 15:30:00,GB,128.7,2026-01-30T15:14:32Z
2026-01-29 16:00:00,GB,151.47,2026-01-30T15:44:28Z
2026-01-29 16:30:00,GB,151.2113991,2026-01-30T16:14:24Z
2026-01-29 17:00:00,GB,149,2026-01-30T16:44:32Z
2026-01-29 17:30:00,GB,142.72,2026-01-30T17:14:24Z
2026-01-29 18:00:00,GB,151.47,2026-01-30T17:44:34Z
2026-01-29 18:30:00,GB,150,2026-01-30T18:14:28Z
2026-01-29 19:00:00,GB,141.37,2026-01-30T18:44:28Z
2026-01-29 19:30:00,GB,124.8994326,2026-01-30T19:14:27Z
2026-01-29 20:00:00,GB,131,2026-01-30T19:44:36Z
2026-01-29 20:30:00,GB,126.47,2026-01-30T20:14:37Z
2026-01-29 21:00:00,GB,116.07,2026-01-30T20:44:25Z
2026-01-29 21:30:00,GB,123.45,2026-01-30T21:14:32Z
2026-01-29 22:00:00,GB,106.93,2026-01-30T21:44:29Z
2026-01-29 22:30:00,GB,85.88,2026-01-30T22:14:29Z
2026-01-29 23:00:00,GB,72,2026-01-30T22:44:36Z
2026-01-29 23:30:00,GB,45,2026-01-30T23:14:30Z
2026-01-30 00:00:00,GB,75.16,2026-01-30T23:44:29Z
2026-01-30 00:30:00,GB,109.9,2026-01-31T00:14:31Z
2026-01-30 01:00:00,GB,109.9,2026-01-31T00:44:32Z
2026-01-30 01:30:00,GB,110,2026-01-31T01:14:34Z
2026-01-30 02:00:00,GB,110,2026-01-31T01:44:31Z
2026-01-30 02:30:00,GB,110,2026-01-31T02:14:51Z
2026-01-30 03:00:00,GB,109.9,2026-01-31T02:44:30Z
2026-01-30 03:30:00,GB,65.48,2026-01-31T03:15:01Z
2026-01-30 04:00:00,GB,109.9,2026-01-31T03:44:27Z
2026-01-30 04:30:00,GB,109.9,2026-01-31T04:14:35Z
2026-01-30 05:00:00,GB,70.19,2026-01-31T04:44:40Z
2026-01-30 05:30:00,GB,109.9,2026-01-31T05:14:32Z
2026-01-30 06:00:00,GB,109.9,2026-01-31T05:44:36Z
2026-01-30 06:30:00,GB,90.09,2026-01-31T06:14:31Z
2026-01-30 07:00:00,GB,100.97,2026-01-31T06:44:30Z
2026-01-30 07:30:00,GB,103.6830775,2026-01-31T07:14:35Z
2026-01-30 08:00:00,GB,115,2026-01-31T07:44:26Z
2026-01-30 08:30:00,GB,118.76,2026-01-31T08:14:32Z
2026-01-30 09:00:00,GB,115,2026-01-31T08:44:29Z
2026-01-30 09:30:00,GB,121,2026-01-31T09:14:29Z
2026-01-30 10:00:00,GB,116.16,2026-01-31T09:44:27Z
2026-01-30 10:30:00,GB,120.5437397,2026-01-31T10:14:35Z
2026-01-30 11:00:00,GB,67.73,2026-01-31T10:44:30Z
2026-01-30 11:30:00,GB,68,2026-01-31T11:14:28Z
2026-01-30 12:00:00,GB,80.9,2026-01-31T11:44:34Z
2026-01-30 12:30:00,GB,123.6,2026-01-31T12:14:34Z
2026-01-30 13:00:00,GB,109.35,2026-01-31T12:44:36Z
2026-01-30 13:30:00,GB,82.21,2026-01-31T13:14:33Z
2026-01-30 14:00:00,GB,82.21,2026-01-31T13:44:28Z
2026-01-30 14:30:00,GB,82.21,2026-01-31T14:14:25Z
2026-01-30 15:00:00,GB,82.21,2026-01-31T14:44:27Z
2026-01-30 15:30:00,GB,82.21,2026-01-31T15:14:25Z
2026-01-30 16:00:00,GB,82.21,2026-01-31T15:44:28Z
2026-01-30 16:30:00,GB,85.18098923,2026-01-31T16:14:31Z
2026-01-30 17:00:00,GB,126.6844667,2026-01-31T16:44:28Z
2026-01-30 17:30:00,GB,129,2026-01-31T17:14:27Z
2026-01-30 18:00:00,GB,82.21,2026-01-31T17:44:36Z
2026-01-30 18:30:00,GB,82.21,2026-01-31T18:14:35Z
2026-01-30 19:00:00,GB,82,2026-01-31T18:44:29Z
2026-01-30 19:30:00,GB,82,2026-01-31T19:14:32Z
2026-01-30 20:00:00,GB,110.04,2026-01-31T19:44:34Z
2026-01-01 00:00:00,GB,4.169900513,2026-01-01T23:44:43Z
2026-01-01 00:30:00,GB,76.5,2026-01-02T00:14:34Z
2026-01-01 01:00:00,GB,46.67,2026-01-02T00:44:39Z
2026-01-01 01:30:00,GB,54.01,2026-01-02T01:14:34Z
2026-01-01 02:00:00,GB,91.9,2026-01-02T01:44:31Z
2026-01-01 02:30:00,GB,92,2026-01-02T02:15:10Z
2026-01-01 03:00:00,GB,91.9,2026-01-02T02:44:30Z
2026-01-01 03:30:00,GB,92,2026-01-02T03:14:27Z
2026-01-01 04:00:00,GB,70,2026-01-02T03:45:16Z
2026-01-01 04:30:00,GB,68,2026-01-02T04:15:05Z
2026-01-01 05:00:00,GB,41.51,2026-01-02T04:44:26Z
2026-01-01 05:30:00,GB,37.64,2026-01-02T05:14:52Z
2026-01-01 06:00:00,GB,66.41,2026-01-02T05:44:26Z
2026-01-01 06:30:00,GB,34.98,2026-01-02T06:14:33Z
2026-01-01 07:00:00,GB,-8.28,2026-01-02T06:44:30Z
2026-01-01 07:30:00,GB,41.12,2026-01-02T07:14:24Z
2026-01-01 08:00:00,GB,35.26,2026-01-02T07:44:27Z
2026-01-01 08:30:00,GB,65.84,2026-01-02T08:14:41Z
2026-01-01 09:00:00,GB,35.14,2026-01-02T08:44:29Z
2026-01-01 09:30:00,GB,29.48,2026-01-02T09:14:30Z
2026-01-01 10:00:00,GB,59.47,2026-01-02T09:44:31Z
2026-01-01 10:30:00,GB,34.58,2026-01-02T10:14:34Z
2026-01-01 11:00:00,GB,33.87,2026-01-02T10:44:27Z
2026-01-01 11:30:00,GB,49.6,2026-01-02T11:14:26Z
2026-01-01 12:00:00,GB,35.44,2026-01-02T11:44:33Z
2026-01-01 12:30:00,GB,37.02,2026-01-02T12:14:28Z
2026-01-01 13:00:00,GB,17.44,2026-01-02T12:44:38Z
2026-01-01 13:30:00,GB,32.03,2026-01-02T13:14:49Z
2026-01-01 14:00:00,GB,75.37,2026-01-02T13:44:55Z
2026-01-01 14:30:00,GB,85,2026-01-02T14:14:37Z
2026-01-01 15:00:00,GB,85,2026-01-02T14:44:35Z
2026-01-01 15:30:00,GB,57.69,2026-01-02T15:14:35Z
2026-01-01 16:00:00,GB,61.27,2026-01-02T15:44:33Z
2026-01-01 16:30:00,GB,75.08,2026-01-02T16:14:33Z
2026-01-01 17:00:00,GB,65,2026-01-02T16:44:36Z
2026-01-01 17:30:00,GB,99,2026-01-02T17:14:38Z
2026-01-01 18:00:00,GB,99,2026-01-02T17:44:45Z
2026-01-01 18:30:00,GB,99,2026-01-02T18:14:44Z
2026-01-01 19:00:00,GB,99,2026-01-02T18:45:03Z
2026-01-01 19:30:00,GB,99,2026-01-02T19:14:41Z
2026-01-01 20:00:00,GB,99,2026-01-02T19:44:37Z
2026-01-01 20:30:00,GB,99,2026-01-02T20:14:44Z
2026-01-01 21:00:00,GB,99,2026-01-02T20:44:41Z
2026-01-01 21:30:00,GB,99,2026-01-02T21:14:39Z
2026-01-01 22:00:00,GB,99,2026-01-02T21:44:36Z
2026-01-01 22:30:00,GB,99,2026-01-02T22:14:39Z
2026-01-01 23:00:00,GB,99,2026-01-02T22:44:36Z
2026-01-01 23:30:00,GB,73.5,2026-01-02T23:14:37Z
2026-01-02 00:00:00,GB,13.6,2026-01-02T23:44:41Z
2026-01-02 00:30:00,GB,31.07,2026-01-03T00:14:40Z
2026-01-02 01:00:00,GB,18.04,2026-01-03T00:44:39Z
2026-01-02 01:30:00,GB,30.07,2026-01-03T01:14:43Z
2026-01-02 02:00:00,GB,57.23,2026-01-03T01:44:48Z
2026-01-02 02:30:00,GB,31.89,2026-01-03T02:14:46Z
2026-01-02 03:00:00,GB,31.9343552,2026-01-03T02:44:45Z
2026-01-02 03:30:00,GB,43.03,2026-01-03T03:14:39Z
2026-01-02 04:00:00,GB,45.05904965,2026-01-03T03:44:49Z
2026-01-02 04:30:00,GB,49.04,2026-01-03T04:14:44Z
2026-01-02 05:00:00,GB,53.42,2026-01-03T04:44:41Z
2026-01-02 05:30:00,GB,54.25,2026-01-03T05:14:34Z
2026-01-06 15:00:00,GB,77.98378562,2026-01-07T14:44:37Z
2026-01-06 15:30:00,GB,77.78028789,2026-01-07T15:14:28Z
2026-01-06 16:00:00,GB,76,2026-01-07T15:44:36Z
2026-01-06 16:30:00,GB,80,2026-01-07T16:14:44Z
2026-01-06 17:00:00,GB,190,2026-01-07T16:44:31Z
2026-01-06 17:30:00,GB,75.5,2026-01-07T17:14:29Z
2026-01-06 18:00:00,GB,73.85,2026-01-07T17:44:33Z
2026-01-06 18:30:00,GB,73.45,2026-01-07T18:14:33Z
2026-01-06 19:00:00,GB,73.85,2026-01-07T18:44:34Z
2026-01-06 19:30:00,GB,75.5,2026-01-07T19:14:26Z
2026-01-06 20:00:00,GB,132.3,2026-01-07T19:44:33Z
2026-01-06 20:30:00,GB,76,2026-01-07T20:14:33Z
2026-01-06 21:00:00,GB,114,2026-01-07T20:44:33Z
2026-01-06 21:30:00,GB,86.66,2026-01-07T21:14:32Z
2026-01-06 22:00:00,GB,73.82,2026-01-07T21:44:29Z
2026-01-06 22:30:00,GB,73.41,2026-01-07T22:14:36Z
2026-01-06 23:00:00,GB,63.97,2026-01-07T22:44:32Z
2026-01-06 23:30:00,GB,76.95,2026-01-07T23:14:30Z
2026-01-07 00:00:00,GB,78.51,2026-01-07T23:44:30Z
2026-01-07 00:30:00,GB,62.44,2026-01-08T00:14:31Z
2026-01-07 01:00:00,GB,65.09164644,2026-01-08T00:44:31Z
2026-01-07 01:30:00,GB,89,2026-01-08T01:14:33Z
2026-01-07 02:00:00,GB,69.7,2026-01-08T01:44:31Z
2026-01-07 02:30:00,GB,70.93,2026-01-08T02:15:27Z
2026-01-07 03:00:00,GB,61.96,2026-01-08T02:44:40Z
2026-01-07 03:30:00,GB,39,2026-01-08T03:14:41Z
2026-01-07 04:00:00,GB,30.86758436,2026-01-08T03:44:27Z
2026-01-07 04:30:00,GB,65.81,2026-01-08T04:14:38Z
2026-01-07 05:00:00,GB,45,2026-01-08T04:44:31Z
2026-01-07 05:30:00,GB,69.4,2026-01-08T05:14:29Z
2026-01-07 06:00:00,GB,87.9,2026-01-08T05:44:35Z
2026-01-07 06:30:00,GB,84.5,2026-01-08T06:14:24Z
2026-01-07 07:00:00,GB,93.5,2026-01-08T06:44:25Z
2026-01-07 07:30:00,GB,94.75,2026-01-08T07:14:25Z
2026-01-07 08:00:00,GB,94.75,2026-01-08T07:44:30Z
2026-01-07 08:30:00,GB,94.75,2026-01-08T08:14:30Z
2026-01-07 09:00:00,GB,94.75,2026-01-08T08:44:36Z
2026-01-07 09:30:00,GB,80.51,2026-01-08T09:14:43Z
2026-01-07 10:00:00,GB,73.82,2026-01-08T09:44:39Z
2026-01-07 10:30:00,GB,72,2026-01-08T10:14:43Z
2026-01-07 11:00:00,GB,70.2,2026-01-08T10:44:37Z
2026-01-07 11:30:00,GB,72.2,2026-01-08T11:14:24Z
2026-01-07 12:00:00,GB,72.05,2026-01-08T11:44:22Z
2026-01-07 12:30:00,GB,71.1,2026-01-08T12:14:23Z
2026-01-07 13:00:00,GB,70.4,2026-01-08T12:44:26Z
2026-01-07 13:30:00,GB,71.1,2026-01-08T13:14:27Z
2026-01-07 14:00:00,GB,70.45,2026-01-08T13:45:19Z
2026-01-07 14:30:00,GB,70.45,2026-01-08T14:14:41Z
2026-01-07 15:00:00,GB,70.4,2026-01-08T14:44:35Z
2026-01-07 15:30:00,GB,70.46,2026-01-08T15:14:38Z
2026-01-07 16:00:00,GB,70.31,2026-01-08T15:44:36Z
2026-01-07 16:30:00,GB,127,2026-01-08T16:14:42Z
2026-01-07 17:00:00,GB,72,2026-01-08T16:44:32Z
2026-01-07 17:30:00,GB,72,2026-01-08T17:14:41Z
2026-01-07 18:00:00,GB,71.26,2026-01-08T17:44:36Z
2026-01-07 18:30:00,GB,71.26,2026-01-08T18:14:34Z
2026-01-07 19:00:00,GB,72,2026-01-08T18:44:39Z
2026-01-07 19:30:00,GB,72.3,2026-01-08T19:14:38Z
2026-01-07 20:00:00,GB,104,2026-01-08T19:44:37Z
2026-01-07 20:30:00,GB,103.48,2026-01-08T20:14:38Z
2026-01-07 21:00:00,GB,72.32,2026-01-08T20:44:35Z
2026-01-07 21:30:00,GB,72.32,2026-01-08T21:14:37Z
2026-01-07 22:00:00,GB,79.00287513,2026-01-08T21:44:39Z
2026-01-07 22:30:00,GB,72.32,2026-01-08T22:14:39Z
2026-01-07 23:00:00,GB,72.32,2026-01-08T22:44:40Z
2026-01-07 23:30:00,GB,72.3,2026-01-08T23:14:44Z
2026-01-08 00:00:00,GB,72.3,2026-01-08T23:44:45Z
2026-01-08 00:30:00,GB,72.32,2026-01-09T00:14:38Z
2026-01-08 01:00:00,GB,66.72,2026-01-09T00:44:39Z
2026-01-08 01:30:00,GB,70.77,2026-01-09T01:14:38Z
2026-01-09 13:00:00,GB,70.35,2026-01-10T12:44:33Z
2026-01-09 13:30:00,GB,93.88,2026-01-10T13:14:35Z
2026-01-09 14:00:00,GB,113,2026-01-10T13:44:30Z
2026-01-09 14:30:00,GB,114,2026-01-10T14:14:34Z
2026-01-09 15:00:00,GB,70.3,2026-01-10T14:45:08Z
2026-01-09 15:30:00,GB,70.35,2026-01-10T15:14:32Z
2026-01-09 16:00:00,GB,70.35,2026-01-10T15:44:32Z
2026-01-09 16:30:00,GB,118,2026-01-10T16:14:36Z
2026-01-09 17:00:00,GB,114.5318081,2026-01-10T16:44:35Z
2026-01-09 17:30:00,GB,76.15,2026-01-10T17:15:00Z
2026-01-09 18:00:00,GB,115,2026-01-10T17:44:32Z
2026-01-09 18:30:00,GB,123.1478746,2026-01-10T18:14:33Z
2026-01-09 19:00:00,GB,115.99,2026-01-10T18:45:04Z
2026-01-09 19:30:00,GB,115,2026-01-10T19:14:35Z
2026-01-09 20:00:00,GB,115,2026-01-10T19:44:40Z
2026-01-09 20:30:00,GB,109,2026-01-10T20:14:33Z
2026-01-09 21:00:00,GB,70.42,2026-01-10T20:44:39Z
2026-01-09 21:30:00,GB,70.55,2026-01-10T21:14:39Z
2026-01-09 22:00:00,GB,39,2026-01-10T21:44:33Z
2026-01-09 22:30:00,GB,95.9,2026-01-10T22:14:32Z
2026-01-09 23:00:00,GB,95.9,2026-01-10T22:44:35Z
2026-01-09 23:30:00,GB,74.88,2026-01-10T23:14:37Z
2026-01-10 00:00:00,GB,93.9,2026-01-10T23:44:32Z
2026-01-10 00:30:00,GB,93.9,2026-01-11T00:14:33Z
2026-01-10 01:00:00,GB,94.9,2026-01-11T00:45:23Z
2026-01-10 01:30:00,GB,93.9,2026-01-11T01:15:11Z
2026-01-10 02:00:00,GB,91.9,2026-01-11T01:44:37Z
2026-01-10 02:30:00,GB,90.85,2026-01-11T02:14:40Z
2026-01-10 03:00:00,GB,90.85,2026-01-11T02:44:37Z
2026-01-10 03:30:00,GB,90.85,2026-01-11T03:14:45Z
2026-01-10 04:00:00,GB,90.85,2026-01-11T03:44:42Z
2026-01-10 04:30:00,GB,90.85,2026-01-11T04:14:41Z
2026-01-10 05:00:00,GB,90.85,2026-01-11T04:44:38Z
2026-01-10 05:30:00,GB,90.85,2026-01-11T05:14:36Z
2026-01-10 06:00:00,GB,90.85,2026-01-11T05:44:37Z
2026-01-10 06:30:00,GB,90.85,2026-01-11T06:14:40Z
2026-01-10 07:00:00,GB,96.9,2026-01-11T06:44:31Z
2026-01-10 07:30:00,GB,68.5,2026-01-11T07:14:32Z
2026-01-10 08:00:00,GB,68.5,2026-01-11T07:44:30Z
2026-01-10 08:30:00,GB,63.78,2026-01-11T08:14:31Z
2026-01-10 09:00:00,GB,59.07113869,2026-01-11T08:44:50Z
2026-01-10 09:30:00,GB,63.45,2026-01-11T09:14:30Z
2026-01-10 10:00:00,GB,91.5,2026-01-11T09:44:38Z
2026-01-10 10:30:00,GB,68.51,2026-01-11T10:14:40Z
2026-01-10 11:00:00,GB,55.01,2026-01-11T10:44:43Z
2026-01-10 11:30:00,GB,53.03562888,2026-01-11T11:14:44Z
2026-01-10 12:00:00,GB,68.51,2026-01-11T11:44:41Z
2026-01-10 12:30:00,GB,54.21,2026-01-11T12:14:43Z
2026-01-10 13:00:00,GB,56.00680109,2026-01-11T12:44:33Z
2026-01-10 13:30:00,GB,63.43015232,2026-01-11T13:14:30Z
2026-01-10 14:00:00,GB,89.99,2026-01-11T13:44:36Z
2026-01-10 14:30:00,GB,88.49,2026-01-11T14:14:29Z
2026-01-10 15:00:00,GB,91.5,2026-01-11T14:45:05Z
2026-01-10 15:30:00,GB,90,2026-01-11T15:14:32Z
2026-01-10 16:00:00,GB,103,2026-01-11T15:44:32Z
2026-01-10 16:30:00,GB,108,2026-01-11T16:14:31Z
2026-01-10 17:00:00,GB,96.93,2026-01-11T16:45:13Z
2026-01-10 17:30:00,GB,113.78,2026-01-11T17:14:32Z
2026-01-10 18:00:00,GB,114,2026-01-11T17:44:35Z
2026-01-10 18:30:00,GB,118,2026-01-11T18:15:07Z
2026-01-10 19:00:00,GB,80.5,2026-01-11T18:44:29Z
2026-01-10 19:30:00,GB,96.01,2026-01-11T19:14:32Z
2026-01-10 20:00:00,GB,105,2026-01-11T19:44:42Z
2026-01-10 20:30:00,GB,84.97,2026-01-11T20:14:40Z
2026-01-10 21:00:00,GB,86.16,2026-01-11T20:44:33Z
2026-01-10 21:30:00,GB,82.56,2026-01-11T21:14:33Z
2026-01-10 22:00:00,GB,71.08,2026-01-11T21:44:40Z
2026-01-10 22:30:00,GB,80.36,2026-01-11T22:14:35Z
2026-01-10 23:00:00,GB,94,2026-01-11T22:44:42Z
2026-01-10 23:30:00,GB,94,2026-01-11T23:14:47Z
2026-01-11 00:00:00,GB,96.9,2026-01-11T23:44:59Z
2026-01-11 00:30:00,GB,96.89,2026-01-12T00:15:05Z
2026-01-11 01:00:00,GB,82.27,2026-01-12T00:44:41Z
2026-01-11 01:30:00,GB,94,2026-01-12T01:14:34Z
2026-01-11 02:00:00,GB,94,2026-01-12T01:44:42Z
2026-01-11 02:30:00,GB,39,2026-01-12T02:15:17Z
2026-01-11 03:00:00,GB,93.45,2026-01-12T02:45:04Z
2026-01-11 03:30:00,GB,72.95,2026-01-12T03:14:36Z
2026-01-11 04:00:00,GB,74.93,2026-01-12T03:44:36Z
2026-01-11 04:30:00,GB,93.45,2026-01-12T04:14:42Z
2026-01-11 05:00:00,GB,67.2,2026-01-12T04:44:37Z
2026-01-11 05:30:00,GB,72.89,2026-01-12T05:14:38Z
2026-01-11 06:00:00,GB,94,2026-01-12T05:44:37Z
2026-01-11 06:30:00,GB,94,2026-01-12T06:14:35Z
2026-01-11 07:00:00,GB,75.1,2026-01-12T06:44:59Z
2026-01-11 07:30:00,GB,75.21,2026-01-12T07:14:41Z
2026-01-11 08:00:00,GB,46.96,2026-01-12T07:45:00Z
2026-01-11 08:30:00,GB,76.47,2026-01-12T08:14:31Z
2026-01-11 09:00:00,GB,46.73,2026-01-12T08:44:36Z
2026-01-11 09:30:00,GB,96,2026-01-12T09:14:42Z
2026-01-11 10:00:00,GB,84.45498018,2026-01-12T09:44:40Z
2026-01-11 10:30:00,GB,94.73,2026-01-12T10:14:40Z
2026-01-11 11:00:00,GB,87.7400729,2026-01-12T10:44:46Z
2026-01-11 11:30:00,GB,96,2026-01-12T11:14:37Z
2026-01-11 12:00:00,GB,96,2026-01-12T11:44:29Z
2026-01-11 12:30:00,GB,96,2026-01-12T12:14:37Z
2026-01-11 13:00:00,GB,82.11,2026-01-12T12:44:40Z
2026-01-11 13:30:00,GB,96,2026-01-12T13:14:42Z
2026-01-11 14:00:00,GB,96,2026-01-12T13:44:32Z
2026-01-11 14:30:00,GB,96,2026-01-12T14:14:38Z
2026-01-11 15:00:00,GB,96,2026-01-12T14:44:26Z
2026-01-11 15:30:00,GB,83.3,2026-01-12T15:14:42Z
2026-01-11 16:00:00,GB,103.99,2026-01-12T15:44:44Z
2026-01-11 16:30:00,GB,103.99,2026-01-12T16:14:46Z
2026-01-11 17:00:00,GB,106,2026-01-12T16:44:40Z
2026-01-11 17:30:00,GB,106,2026-01-12T17:14:40Z
2026-01-11 18:00:00,GB,106,2026-01-12T17:44:35Z
2026-01-11 18:30:00,GB,106,2026-01-12T18:14:35Z
2026-01-11 19:00:00,GB,96.06,2026-01-12T18:44:39Z
2026-01-11 19:30:00,GB,99,2026-01-12T19:14:46Z
2026-01-11 20:00:00,GB,70.02,2026-01-12T19:44:39Z
2026-01-11 20:30:00,GB,92.46,2026-01-12T20:14:42Z
2026-01-11 21:00:00,GB,65.65,2026-01-12T20:44:41Z
2026-01-11 21:30:00,GB,94,2026-01-12T21:14:40Z
2026-01-11 22:00:00,GB,60.05,2026-01-12T21:44:40Z
2026-01-11 22:30:00,GB,72.83,2026-01-12T22:14:40Z
2026-01-11 23:00:00,GB,74.71,2026-01-12T22:44:44Z
2026-01-11 23:30:00,GB,64.28,2026-01-12T23:14:46Z
2026-01-12 00:00:00,GB,40,2026-01-12T23:44:39Z
2026-01-12 00:30:00,GB,74,2026-01-13T00:14:44Z
2026-01-12 01:00:00,GB,86.66,2026-01-13T00:44:43Z
2026-01-12 01:30:00,GB,93.7,2026-01-13T01:14:50Z
2026-01-12 02:00:00,GB,93.7,2026-01-13T01:44:40Z
2026-01-12 02:30:00,GB,72.26,2026-01-13T02:15:03Z
2026-01-12 03:00:00,GB,50.81,2026-01-13T02:44:46Z
2026-01-12 03:30:00,GB,46.67,2026-01-13T03:14:39Z
2026-01-12 04:00:00,GB,62.92828432,2026-01-13T03:44:41Z
2026-01-12 04:30:00,GB,65.65,2026-01-13T04:14:37Z
2026-01-12 05:00:00,GB,93.44,2026-01-13T04:44:33Z
2026-01-12 05:30:00,GB,71.52,2026-01-13T05:14:32Z
2026-01-12 06:00:00,GB,80.12,2026-01-13T05:44:41Z
2026-01-12 06:30:00,GB,79.81,2026-01-13T06:14:45Z
2026-01-12 07:00:00,GB,93.89,2026-01-13T06:44:43Z
2026-01-12 07:30:00,GB,96,2026-01-13T07:14:38Z
2026-01-12 08:00:00,GB,96,2026-01-13T07:44:57Z
2026-01-12 08:30:00,GB,96,2026-01-13T08:15:06Z
2026-01-12 09:00:00,GB,101,2026-01-13T08:44:51Z
2026-01-12 09:30:00,GB,99,2026-01-13T09:14:36Z
2026-01-12 10:00:00,GB,95.23012658,2026-01-13T09:45:01Z
2026-01-12 10:30:00,GB,99,2026-01-13T10:14:44Z
2026-01-12 11:00:00,GB,87.79,2026-01-13T10:44:35Z
2026-01-12 11:30:00,GB,97.88,2026-01-13T11:14:36Z
2026-01-12 12:00:00,GB,81.57,2026-01-13T11:44:24Z
2026-01-12 12:30:00,GB,65.2,2026-01-13T12:14:27Z
2026-01-12 13:00:00,GB,90.14,2026-01-13T12:45:16Z
2026-01-12 13:30:00,GB,87.7,2026-01-13T13:14:34Z
2026-01-12 14:00:00,GB,97.7,2026-01-13T13:45:10Z
2026-01-12 14:30:00,GB,98.10007156,2026-01-13T14:14:45Z
2026-01-12 15:00:00,GB,83.07,2026-01-13T14:44:31Z
2026-01-12 15:30:00,GB,68.57,2026-01-13T15:14:29Z
2026-01-12 16:00:00,GB,67.99,2026-01-13T15:44:28Z
2026-01-12 16:30:00,GB,74.62744289,2026-01-13T16:14:38Z
2026-01-12 17:00:00,GB,46.45,2026-01-13T16:44:34Z
2026-01-12 17:30:00,GB,85.69,2026-01-13T17:14:35Z
2026-01-12 18:00:00,GB,66,2026-01-13T17:44:30Z
2026-01-12 18:30:00,GB,114.5,2026-01-13T18:14:32Z
2026-01-12 19:00:00,GB,66,2026-01-13T18:44:30Z
2026-01-12 19:30:00,GB,114.49,2026-01-13T19:14:29Z
2026-01-12 20:00:00,GB,104.4,2026-01-13T19:44:30Z
2026-01-12 20:30:00,GB,69,2026-01-13T20:14:38Z
2026-01-12 21:00:00,GB,98,2026-01-13T20:44:35Z
2026-01-12 21:30:00,GB,98,2026-01-13T21:14:31Z
2026-01-12 22:00:00,GB,103.2572363,2026-01-13T21:44:37Z
2026-01-12 22:30:00,GB,103.03,2026-01-13T22:14:36Z
2026-01-12 23:00:00,GB,100.31,2026-01-13T22:44:34Z
2026-01-12 23:30:00,GB,99.9,2026-01-13T23:14:38Z
2026-01-13 00:00:00,GB,73.5983207,2026-01-13T23:44:30Z
2026-01-13 00:30:00,GB,66,2026-01-14T00:14:35Z
2026-01-13 01:00:00,GB,66,2026-01-14T00:44:41Z
2026-01-13 01:30:00,GB,102,2026-01-14T01:14:40Z
2026-01-13 02:00:00,GB,100,2026-01-14T01:44:24Z
2026-01-13 02:30:00,GB,100,2026-01-14T02:15:14Z
2026-01-13 03:00:00,GB,81.6,2026-01-14T02:44:44Z
2026-01-13 03:30:00,GB,82.44,2026-01-14T03:14:41Z
2026-01-13 04:00:00,GB,68.2,2026-01-14T03:44:36Z
2026-01-13 04:30:00,GB,69,2026-01-14T04:14:37Z
2026-01-13 05:00:00,GB,73.81,2026-01-14T04:44:36Z
2026-01-13 05:30:00,GB,100,2026-01-14T05:14:45Z
2026-01-13 06:00:00,GB,107.000049,2026-01-14T05:44:31Z
2026-01-13 06:30:00,GB,110,2026-01-14T06:14:33Z
2026-01-13 07:00:00,GB,122.69,2026-01-14T06:45:00Z
2026-01-13 07:30:00,GB,114.95,2026-01-14T07:15:03Z
2026-01-13 08:00:00,GB,110,2026-01-14T07:44:29Z
2026-01-13 08:30:00,GB,110,2026-01-14T08:14:35Z
2026-01-13 09:00:00,GB,121.9,2026-01-14T08:44:30Z
2026-01-13 09:30:00,GB,110,2026-01-14T09:14:29Z
2026-01-13 10:00:00,GB,110,2026-01-14T09:44:35Z
2026-01-13 10:30:00,GB,121.9,2026-01-14T10:14:31Z
2026-01-13 11:00:00,GB,110,2026-01-14T10:44:35Z
2026-01-13 11:30:00,GB,78,2026-01-14T11:14:32Z
2026-01-13 12:00:00,GB,73.15,2026-01-14T11:44:30Z
2026-01-13 12:30:00,GB,74.83471958,2026-01-14T12:14:33Z
2026-01-13 13:00:00,GB,73.2,2026-01-14T12:44:33Z
2026-01-13 13:30:00,GB,73.2,2026-01-14T13:14:41Z
2026-01-13 14:00:00,GB,75.44,2026-01-14T13:46:07Z
2026-01-13 14:30:00,GB,107,2026-01-14T14:15:02Z
2026-01-13 15:00:00,GB,107,2026-01-14T14:44:23Z
2026-01-13 15:30:00,GB,107,2026-01-14T15:14:23Z
2026-01-13 16:00:00,GB,84.03,2026-01-14T15:44:32Z
2026-01-13 16:30:00,GB,106,2026-01-14T16:14:42Z
2026-01-13 17:00:00,GB,124,2026-01-14T16:44:30Z
2026-01-13 17:30:00,GB,78.82,2026-01-14T17:14:44Z
2026-01-13 18:00:00,GB,75.13,2026-01-14T17:44:25Z
2026-01-13 18:30:00,GB,73.75,2026-01-14T18:14:34Z
2026-01-13 19:00:00,GB,75.51,2026-01-14T18:44:29Z
2026-01-13 19:30:00,GB,75.57,2026-01-14T19:14:25Z
2026-01-13 20:00:00,GB,75.57,2026-01-14T19:44:31Z
2026-01-13 20:30:00,GB,106.9,2026-01-14T20:14:24Z
2026-01-13 21:00:00,GB,103.9937304,2026-01-14T20:44:38Z
2026-01-13 21:30:00,GB,104,2026-01-14T21:14:53Z
2026-01-13 22:00:00,GB,105,2026-01-14T21:44:28Z
2026-01-13 22:30:00,GB,105,2026-01-14T22:14:25Z
2026-01-13 23:00:00,GB,102,2026-01-14T22:44:36Z
2026-01-13 23:30:00,GB,84.24,2026-01-14T23:14:31Z
2026-01-14 00:00:00,GB,79.46,2026-01-14T23:44:37Z
2026-01-14 00:30:00,GB,41,2026-01-15T00:14:28Z
2026-01-14 01:00:00,GB,41,2026-01-15T00:44:33Z
2026-01-14 01:30:00,GB,70.58443806,2026-01-15T01:14:32Z
2026-01-14 02:00:00,GB,41,2026-01-15T01:44:30Z
2026-01-14 02:30:00,GB,41,2026-01-15T02:15:49Z
2026-01-14 03:00:00,GB,75.17,2026-01-15T02:44:33Z
2026-01-14 03:30:00,GB,41,2026-01-15T03:14:31Z
2026-01-14 04:00:00,GB,41,2026-01-15T03:44:36Z
2026-01-14 04:30:00,GB,74.88,2026-01-15T04:14:30Z
2026-01-14 05:00:00,GB,57.91471324,2026-01-15T04:44:30Z
2026-01-14 05:30:00,GB,55.01491736,2026-01-15T05:14:25Z
2026-01-14 06:00:00,GB,71.7939957,2026-01-15T05:44:27Z
2026-01-14 06:30:00,GB,80.5,2026-01-15T06:14:31Z
2026-01-14 07:00:00,GB,109.4998151,2026-01-15T06:44:33Z
2026-01-14 07:30:00,GB,117.0948081,2026-01-15T07:14:27Z
2026-01-14 08:00:00,GB,122.8,2026-01-15T07:44:29Z
2026-01-14 08:30:00,GB,122.8,2026-01-15T08:14:26Z
2026-01-14 09:00:00,GB,92.88,2026-01-15T08:44:28Z
2026-01-14 09:30:00,GB,101.05,2026-01-15T09:14:34Z
2026-01-14 10:00:00,GB,90.84,2026-01-15T09:44:25Z
2026-01-14 10:30:00,GB,113.9641764,2026-01-15T10:14:32Z
2026-01-14 11:00:00,GB,98.85692729,2026-01-15T10:44:28Z
2026-01-14 11:30:00,GB,76.52,2026-01-15T11:14:24Z
2026-01-14 12:00:00,GB,76.37,2026-01-15T11:44:26Z
2026-01-14 12:30:00,GB,76.37,2026-01-15T12:14:27Z
2026-01-14 13:00:00,GB,78.71,2026-01-15T12:44:43Z
2026-01-14 13:30:00,GB,74.60003758,2026-01-15T13:14:40Z
2026-01-14 14:00:00,GB,81.04,2026-01-15T13:44:34Z
2026-01-14 14:30:00,GB,82.48,2026-01-15T14:14:45Z
2026-01-14 15:00:00,GB,100,2026-01-15T14:44:43Z
2026-01-14 15:30:00,GB,87.79,2026-01-15T15:14:35Z
2026-01-14 16:00:00,GB,114.4,2026-01-15T15:44:34Z
2026-01-14 16:30:00,GB,119,2026-01-15T16:14:41Z
2026-01-14 17:00:00,GB,139.74,2026-01-15T16:44:33Z
2026-01-14 17:30:00,GB,70,2026-01-15T17:14:37Z
2026-01-14 18:00:00,GB,161.35,2026-01-15T17:44:38Z
2026-01-14 18:30:00,GB,118.97,2026-01-15T18:14:45Z
2026-01-14 19:00:00,GB,135,2026-01-15T18:44:34Z
2026-01-14 19:30:00,GB,134.49,2026-01-15T19:14:31Z
2026-01-14 20:00:00,GB,124,2026-01-15T19:44:32Z
2026-01-14 20:30:00,GB,119,2026-01-15T20:14:34Z
2026-01-14 21:00:00,GB,114,2026-01-15T20:44:42Z
2026-01-14 21:30:00,GB,113.9,2026-01-15T21:14:36Z
2026-01-14 22:00:00,GB,111.8,2026-01-15T21:44:38Z
2026-01-14 22:30:00,GB,103.79,2026-01-15T22:14:33Z
2026-01-14 23:00:00,GB,88.27,2026-01-15T22:44:35Z
2026-01-14 23:30:00,GB,69.82,2026-01-15T23:14:30Z
2026-01-15 00:00:00,GB,109.6,2026-01-15T23:44:34Z
2026-01-15 00:30:00,GB,75.77,2026-01-16T00:14:33Z
2026-01-15 01:00:00,GB,73.44,2026-01-16T00:44:49Z
2026-01-15 01:30:00,GB,102.88,2026-01-16T01:14:37Z
2026-01-15 02:00:00,GB,79.33,2026-01-16T01:44:32Z
2026-01-15 02:30:00,GB,104,2026-01-16T02:15:16Z
2026-01-15 03:00:00,GB,99,2026-01-16T02:44:31Z
2026-01-15 03:30:00,GB,104,2026-01-16T03:14:29Z
2026-01-15 04:00:00,GB,95,2026-01-16T03:44:27Z
2026-01-15 04:30:00,GB,82.3,2026-01-16T04:14:29Z
2026-01-15 05:00:00,GB,43.5,2026-01-16T04:44:28Z
2026-01-15 05:30:00,GB,70,2026-01-16T05:14:36Z
2026-01-15 06:00:00,GB,76.49174725,2026-01-16T05:44:29Z
2026-01-15 06:30:00,GB,75.52,2026-01-16T06:14:32Z
2026-01-15 07:00:00,GB,76.11,2026-01-16T06:44:27Z
2026-01-15 07:30:00,GB,43.5,2026-01-16T07:14:26Z
2026-01-15 08:00:00,GB,62.95,2026-01-16T07:44:23Z
2026-01-15 08:30:00,GB,76.11,2026-01-16T08:14:35Z
2026-01-15 09:00:00,GB,76.11,2026-01-16T08:44:24Z
2026-01-15 09:30:00,GB,93.75013333,2026-01-16T09:14:23Z
2026-01-15 10:00:00,GB,76.4,2026-01-16T09:44:26Z
2026-01-15 10:30:00,GB,76.41,2026-01-16T10:14:39Z
2026-01-15 11:00:00,GB,76.41,2026-01-16T10:44:29Z
2026-01-15 11:30:00,GB,76.52,2026-01-16T11:14:32Z
2026-01-15 12:00:00,GB,115.49,2026-01-16T11:44:30Z
2026-01-15 12:30:00,GB,117.39,2026-01-16T12:14:28Z
2026-01-15 13:00:00,GB,76.56,2026-01-16T12:44:27Z
2026-01-15 13:30:00,GB,76,2026-01-16T13:14:31Z
2026-01-15 14:00:00,GB,76.56,2026-01-16T13:44:46Z
2026-01-15 14:30:00,GB,77.75,2026-01-16T14:14:38Z
2026-01-15 15:00:00,GB,164.39,2026-01-16T14:44:33Z
2026-01-15 15:30:00,GB,130.49,2026-01-16T15:14:36Z
2026-01-15 16:00:00,GB,130.49,2026-01-16T15:44:44Z
2026-01-15 16:30:00,GB,164.49,2026-01-16T16:14:37Z
2026-01-15 17:00:00,GB,173.65,2026-01-16T16:44:38Z
2026-01-15 17:30:00,GB,179.55,2026-01-16T17:14:36Z
2026-01-15 18:00:00,GB,179.5,2026-01-16T17:44:39Z
2026-01-15 18:30:00,GB,178.6,2026-01-16T18:14:32Z
2026-01-15 19:00:00,GB,169.65,2026-01-16T18:44:38Z
2026-01-15 19:30:00,GB,93.49,2026-01-16T19:14:35Z
2026-01-15 20:00:00,GB,98.8525895,2026-01-16T19:44:41Z
2026-01-15 20:30:00,GB,124.89,2026-01-16T20:14:37Z
2026-01-15 21:00:00,GB,127,2026-01-16T20:44:38Z
2026-01-15 21:30:00,GB,127,2026-01-16T21:14:40Z
2026-01-15 22:00:00,GB,122.9,2026-01-16T21:44:39Z
2026-01-15 22:30:00,GB,117.95,2026-01-16T22:14:39Z
2026-01-15 23:00:00,GB,100,2026-01-16T22:44:35Z
2026-01-15 23:30:00,GB,135,2026-01-16T23:14:50Z
2026-01-16 00:00:00,GB,130,2026-01-16T23:44:50Z
2026-01-16 00:30:00,GB,120,2026-01-17T00:14:51Z
2026-01-16 01:00:00,GB,120,2026-01-17T00:44:38Z
2026-01-16 01:30:00,GB,101.13,2026-01-17T01:14:44Z
2026-01-16 02:00:00,GB,120,2026-01-17T01:44:45Z
2026-01-16 02:30:00,GB,120,2026-01-17T02:15:11Z
2026-01-16 03:00:00,GB,82,2026-01-17T02:44:35Z
2026-01-16 03:30:00,GB,85.61,2026-01-17T03:14:35Z
2026-01-16 04:00:00,GB,77.89,2026-01-17T03:44:36Z
2026-01-16 04:30:00,GB,77.89,2026-01-17T04:14:33Z
2026-01-16 05:00:00,GB,76.1,2026-01-17T04:44:34Z
2026-01-16 05:30:00,GB,76.5,2026-01-17T05:14:36Z
2026-01-16 06:00:00,GB,77.89,2026-01-17T05:44:36Z
2026-01-16 06:30:00,GB,77.89,2026-01-17T06:14:30Z
2026-01-16 07:00:00,GB,120.3310641,2026-01-17T06:44:37Z
2026-01-16 07:30:00,GB,77.89,2026-01-17T07:14:38Z
2026-01-16 08:00:00,GB,76.7,2026-01-17T07:44:33Z
2026-01-16 08:30:00,GB,95.53,2026-01-17T08:14:37Z
2026-01-16 09:00:00,GB,113.72,2026-01-17T08:44:37Z
2026-01-16 09:30:00,GB,117.9,2026-01-17T09:14:35Z
2026-01-16 10:00:00,GB,117.9,2026-01-17T09:44:41Z
2026-01-16 10:30:00,GB,79.5,2026-01-17T10:14:40Z
2026-01-16 11:00:00,GB,79.5,2026-01-17T10:44:35Z
2026-01-16 11:30:00,GB,79.06590784,2026-01-17T11:14:40Z
2026-01-16 12:00:00,GB,79,2026-01-17T11:44:38Z
2026-01-16 12:30:00,GB,79.1,2026-01-17T12:14:37Z
2026-01-16 13:00:00,GB,79.2,2026-01-17T12:44:38Z
2026-01-16 13:30:00,GB,79.25,2026-01-17T13:14:35Z
2026-01-16 14:00:00,GB,79.6,2026-01-17T13:44:46Z
2026-01-16 14:30:00,GB,79.6,2026-01-17T14:14:43Z
2026-01-16 15:00:00,GB,79.6,2026-01-17T14:44:40Z
2026-01-16 15:30:00,GB,77.26,2026-01-17T15:14:29Z
2026-01-16 16:00:00,GB,73.30732899,2026-01-17T15:44:41Z
2026-01-16 16:30:00,GB,142,2026-01-17T16:14:32Z
2026-01-16 17:00:00,GB,86.32266756,2026-01-17T16:44:35Z
2026-01-16 17:30:00,GB,144.98,2026-01-17T17:14:39Z
2026-01-16 18:00:00,GB,140,2026-01-17T17:44:36Z
2026-01-16 18:30:00,GB,141.34,2026-01-17T18:14:40Z
2026-01-16 19:00:00,GB,137.9131997,2026-01-17T18:44:37Z
2026-01-16 19:30:00,GB,94.55,2026-01-17T19:14:40Z
2026-01-16 20:00:00,GB,118.9,2026-01-17T19:44:37Z
2026-01-16 20:30:00,GB,119.9196398,2026-01-17T20:14:36Z
2026-01-16 21:00:00,GB,88.05,2026-01-17T20:44:38Z
2026-01-16 21:30:00,GB,119,2026-01-17T21:14:39Z
2026-01-16 22:00:00,GB,121.0002173,2026-01-17T21:44:41Z
2026-01-16 22:30:00,GB,130,2026-01-17T22:14:36Z
2026-01-16 23:00:00,GB,130,2026-01-17T22:44:37Z
2026-01-16 23:30:00,GB,85.49,2026-01-17T23:14:40Z
2026-01-17 00:00:00,GB,82.62,2026-01-17T23:44:38Z
2026-01-17 00:30:00,GB,130,2026-01-18T00:14:39Z
2026-01-17 01:00:00,GB,116,2026-01-18T00:44:37Z
2026-01-17 01:30:00,GB,130,2026-01-18T01:14:35Z
2026-01-17 02:00:00,GB,130,2026-01-18T01:44:38Z
2026-01-17 02:30:00,GB,118,2026-01-18T02:14:55Z
2026-01-17 03:00:00,GB,130,2026-01-18T02:44:55Z
2026-01-17 03:30:00,GB,123.0007819,2026-01-18T03:14:45Z
2026-01-17 04:00:00,GB,120,2026-01-18T03:44:40Z
2026-01-17 04:30:00,GB,124.16,2026-01-18T04:14:44Z
2026-01-17 05:00:00,GB,105.42,2026-01-18T04:44:42Z
2026-01-17 05:30:00,GB,92.35,2026-01-18T05:14:47Z
2026-01-17 06:00:00,GB,93.05,2026-01-18T05:44:36Z
2026-01-17 06:30:00,GB,118.32,2026-01-18T06:14:39Z
2026-01-17 07:00:00,GB,92.28,2026-01-18T06:44:35Z
2026-01-17 07:30:00,GB,82.23,2026-01-18T07:14:36Z
2026-01-17 08:00:00,GB,82.23,2026-01-18T07:44:44Z
2026-01-17 08:30:00,GB,82.62,2026-01-18T08:14:40Z
2026-01-17 09:00:00,GB,82.62,2026-01-18T08:44:41Z
2026-01-17 09:30:00,GB,84.47,2026-01-18T09:14:46Z
2026-01-17 10:00:00,GB,79.05914147,2026-01-18T09:44:47Z
2026-01-17 10:30:00,GB,79.16723931,2026-01-18T10:14:38Z
2026-01-17 11:00:00,GB,72.63,2026-01-18T10:44:41Z
2026-01-17 11:30:00,GB,72.64,2026-01-18T11:14:38Z
2026-01-17 12:00:00,GB,82.82,2026-01-18T11:44:42Z
2026-01-17 12:30:00,GB,79.46105355,2026-01-18T12:14:39Z
2026-01-17 13:00:00,GB,79.96,2026-01-18T12:44:38Z
2026-01-17 13:30:00,GB,80.97,2026-01-18T13:14:34Z
2026-01-17 14:00:00,GB,82.63,2026-01-18T13:44:37Z
2026-01-17 14:30:00,GB,82.82,2026-01-18T14:14:33Z
2026-01-17 15:00:00,GB,96.68,2026-01-18T14:44:30Z
2026-01-17 15:30:00,GB,82.80016954,2026-01-18T15:14:25Z
2026-01-17 16:00:00,GB,82.7,2026-01-18T15:44:29Z
2026-01-17 16:30:00,GB,82.80009963,2026-01-18T16:14:29Z
2026-01-17 17:00:00,GB,83.52378888,2026-01-18T16:44:31Z
2026-01-17 17:30:00,GB,136.9998867,2026-01-18T17:14:25Z
2026-01-17 18:00:00,GB,121.91,2026-01-18T17:44:26Z
2026-01-17 18:30:00,GB,127.17,2026-01-18T18:14:24Z
2026-01-17 19:00:00,GB,128.8475594,2026-01-18T18:44:27Z
2026-01-17 19:30:00,GB,130,2026-01-18T19:14:25Z
2026-01-17 20:00:00,GB,131,2026-01-18T19:44:32Z
2026-01-17 20:30:00,GB,130,2026-01-18T20:14:26Z
2026-01-17 21:00:00,GB,130,2026-01-18T20:44:29Z
2026-01-17 21:30:00,GB,119.6,2026-01-18T21:14:24Z
2026-01-17 22:00:00,GB,116.9,2026-01-18T21:44:26Z
2026-01-17 22:30:00,GB,76.92,2026-01-18T22:14:29Z
2026-01-17 23:00:00,GB,89.28,2026-01-18T22:44:25Z
2026-01-17 23:30:00,GB,83.63,2026-01-18T23:14:23Z
2026-01-18 00:00:00,GB,125,2026-01-18T23:44:29Z
2026-01-18 00:30:00,GB,130,2026-01-19T00:14:32Z
2026-01-18 01:00:00,GB,142.9999674,2026-01-19T00:44:32Z
2026-01-18 01:30:00,GB,145,2026-01-19T01:14:30Z
2026-01-18 02:00:00,GB,145,2026-01-19T01:44:26Z
2026-01-18 02:30:00,GB,152.1442418,2026-01-19T02:21:56Z
2026-01-18 03:00:00,GB,143,2026-01-19T02:44:53Z
2026-01-18 03:30:00,GB,132,2026-01-19T03:14:35Z
2026-01-18 04:00:00,GB,115.61,2026-01-19T03:44:34Z
2026-01-18 04:30:00,GB,88.63,2026-01-19T04:14:35Z
2026-01-18 05:00:00,GB,91.01,2026-01-19T04:44:33Z
2026-01-18 05:30:00,GB,84.01,2026-01-19T05:14:42Z
2026-01-18 06:00:00,GB,83.6,2026-01-19T05:44:31Z
2026-01-18 06:30:00,GB,83.52,2026-01-19T06:14:29Z
2026-01-18 07:00:00,GB,84,2026-01-19T06:44:36Z
2026-01-18 07:30:00,GB,84.01,2026-01-19T07:14:40Z
2026-01-18 08:00:00,GB,122.49,2026-01-19T07:44:41Z
2026-01-18 08:30:00,GB,84.01,2026-01-19T08:14:37Z
2026-01-18 09:00:00,GB,84.01,2026-01-19T08:44:43Z
2026-01-18 09:30:00,GB,100.11,2026-01-19T09:14:37Z
2026-01-18 10:00:00,GB,99.7,2026-01-19T09:44:46Z
2026-01-18 10:30:00,GB,84.03,2026-01-19T10:14:48Z
2026-01-18 11:00:00,GB,83.33647234,2026-01-19T10:44:33Z
2026-01-18 11:30:00,GB,75.99532503,2026-01-19T11:14:29Z
2026-01-18 12:00:00,GB,45,2026-01-19T11:44:34Z
2026-01-18 12:30:00,GB,76.78,2026-01-19T12:14:29Z
2026-01-18 13:00:00,GB,84.05,2026-01-19T12:44:39Z
2026-01-18 13:30:00,GB,89.17,2026-01-19T13:14:16Z
2026-01-18 14:00:00,GB,95.08,2026-01-19T13:45:46Z
2026-01-18 14:30:00,GB,95.97,2026-01-19T14:14:40Z
2026-01-18 15:00:00,GB,125.38,2026-01-19T14:44:36Z
2026-01-18 15:30:00,GB,122.58,2026-01-19T15:14:39Z
2026-01-18 16:00:00,GB,108.49,2026-01-19T15:44:46Z
2026-01-18 16:30:00,GB,110.46,2026-01-19T16:14:36Z
2026-01-18 17:00:00,GB,133,2026-01-19T16:44:36Z
2026-01-18 17:30:00,GB,139.54,2026-01-19T17:14:27Z
2026-01-18 18:00:00,GB,141.92,2026-01-19T17:44:33Z
2026-01-18 18:30:00,GB,140.9999193,2026-01-19T18:14:29Z
2026-01-18 19:00:00,GB,139.37,2026-01-19T18:44:27Z
2026-01-18 19:30:00,GB,138.9998531,2026-01-19T19:14:31Z
2026-01-18 20:00:00,GB,101.13,2026-01-19T19:44:29Z
2026-01-18 20:30:00,GB,100.36,2026-01-19T20:14:27Z
2026-01-18 21:00:00,GB,122,2026-01-19T20:44:29Z
2026-01-18 21:30:00,GB,94,2026-01-19T21:14:30Z
2026-01-18 22:00:00,GB,120.5,2026-01-19T21:44:31Z
2026-01-18 22:30:00,GB,120.5,2026-01-19T22:14:28Z
2026-01-18 23:00:00,GB,84.07,2026-01-19T22:44:29Z
2026-01-18 23:30:00,GB,84.06,2026-01-19T23:14:34Z
2026-01-19 00:00:00,GB,84.06,2026-01-19T23:44:26Z
2026-01-19 00:30:00,GB,84.07,2026-01-20T00:14:25Z
2026-01-19 01:00:00,GB,84.07,2026-01-20T00:44:32Z
2026-01-19 01:30:00,GB,84.07,2026-01-20T01:14:27Z
2026-01-19 02:00:00,GB,84.08,2026-01-20T01:44:31Z
2026-01-19 02:30:00,GB,94.9,2026-01-20T02:14:42Z
2026-01-19 03:00:00,GB,84.09,2026-01-20T02:44:27Z
2026-01-19 03:30:00,GB,84.08,2026-01-20T03:14:29Z
2026-01-19 04:00:00,GB,84.08,2026-01-20T03:44:33Z
2026-01-19 04:30:00,GB,84.09,2026-01-20T04:14:32Z
2026-01-19 05:00:00,GB,84.09,2026-01-20T04:44:30Z
2026-01-19 05:30:00,GB,82.51,2026-01-20T05:14:25Z
2026-01-19 06:00:00,GB,123.45,2026-01-20T05:44:26Z
2026-01-19 06:30:00,GB,123.45,2026-01-20T06:14:28Z
2026-01-19 07:00:00,GB,143.17,2026-01-20T06:44:26Z
2026-01-19 07:30:00,GB,132,2026-01-20T07:14:28Z
2026-01-19 08:00:00,GB,138.67,2026-01-20T07:44:36Z
2026-01-19 08:30:00,GB,138.66,2026-01-20T08:14:38Z
2026-01-19 09:00:00,GB,140,2026-01-20T08:44:42Z
2026-01-19 09:30:00,GB,134.4398751,2026-01-20T09:14:40Z
2026-01-19 10:00:00,GB,137.97,2026-01-20T09:44:32Z
2026-01-19 10:30:00,GB,123.1,2026-01-20T10:14:41Z
2026-01-19 11:00:00,GB,84.3,2026-01-20T10:44:39Z
2026-01-19 11:30:00,GB,45.6,2026-01-20T11:14:36Z
2026-01-19 12:00:00,GB,63.91857014,2026-01-20T11:44:36Z
2026-01-19 12:30:00,GB,67.65,2026-01-20T12:15:49Z
2026-01-19 13:00:00,GB,81.92577429,2026-01-20T12:44:32Z
2026-01-19 13:30:00,GB,82.01,2026-01-20T13:14:30Z
2026-01-19 14:00:00,GB,82.01,2026-01-20T13:45:03Z
2026-01-19 14:30:00,GB,100.05,2026-01-20T14:14:28Z
2026-01-19 15:00:00,GB,128.76,2026-01-20T14:44:28Z
2026-01-19 15:30:00,GB,140,2026-01-20T15:15:16Z
2026-01-19 16:00:00,GB,126,2026-01-20T15:44:49Z
2026-01-19 16:30:00,GB,126,2026-01-20T16:14:33Z
2026-01-19 17:00:00,GB,141,2026-01-20T16:44:38Z
2026-01-19 17:30:00,GB,139.38,2026-01-20T17:14:36Z
2026-01-19 18:00:00,GB,134.8499492,2026-01-20T17:44:40Z
2026-01-19 18:30:00,GB,134.8499492,2026-01-20T18:14:28Z
2026-01-19 19:00:00,GB,138.1,2026-01-20T18:44:29Z
2026-01-19 19:30:00,GB,130.18,2026-01-20T19:14:35Z
2026-01-19 20:00:00,GB,119.82,2026-01-20T19:44:31Z
2026-01-19 20:30:00,GB,87.83,2026-01-20T20:14:35Z
2026-01-19 21:00:00,GB,104.4,2026-01-20T20:44:40Z
2026-01-19 21:30:00,GB,103.36,2026-01-20T21:14:32Z
2026-01-19 22:00:00,GB,136,2026-01-20T21:44:41Z
2026-01-19 22:30:00,GB,82.21,2026-01-20T22:14:45Z
2026-01-19 23:00:00,GB,81.55,2026-01-20T22:44:42Z
2026-01-19 23:30:00,GB,80,2026-01-20T23:14:49Z
2026-01-20 00:00:00,GB,61.27332992,2026-01-20T23:44:48Z
2026-01-20 00:30:00,GB,77.08507096,2026-01-21T00:14:42Z
2026-01-20 01:00:00,GB,76,2026-01-21T00:44:36Z
2026-01-20 01:30:00,GB,76,2026-01-21T01:14:44Z
2026-01-20 02:00:00,GB,77,2026-01-21T01:44:34Z
2026-01-20 02:30:00,GB,80.03,2026-01-21T02:15:04Z
2026-01-20 03:00:00,GB,93.9,2026-01-21T02:44:46Z
2026-01-20 03:30:00,GB,87,2026-01-21T03:14:40Z
2026-01-20 04:00:00,GB,92.9,2026-01-21T03:44:42Z
2026-01-20 04:30:00,GB,79.02,2026-01-21T04:14:38Z
2026-01-20 05:00:00,GB,78.83,2026-01-21T04:44:40Z
2026-01-20 05:30:00,GB,75.45532692,2026-01-21T05:14:41Z
2026-01-20 06:00:00,GB,72.83,2026-01-21T05:44:38Z
2026-01-20 06:30:00,GB,75.91,2026-01-21T06:14:37Z
2026-01-20 07:00:00,GB,44.55,2026-01-21T06:44:37Z
2026-01-20 07:30:00,GB,44.55,2026-01-21T07:14:39Z
2026-01-20 08:00:00,GB,77.13,2026-01-21T07:44:44Z
2026-01-20 08:30:00,GB,77,2026-01-21T08:14:42Z
2026-01-20 09:00:00,GB,96,2026-01-21T08:44:41Z
2026-01-20 09:30:00,GB,44.55,2026-01-21T09:14:39Z
2026-01-20 10:00:00,GB,85.7,2026-01-21T09:44:29Z
2026-01-20 10:30:00,GB,81,2026-01-21T10:14:30Z
2026-01-20 11:00:00,GB,77.68,2026-01-21T10:44:34Z
2026-01-20 11:30:00,GB,77.69,2026-01-21T11:14:30Z
2026-01-20 12:00:00,GB,71.81571118,2026-01-21T11:44:35Z
2026-01-20 12:30:00,GB,83.55,2026-01-21T12:14:34Z
2026-01-20 13:00:00,GB,70.99198433,2026-01-21T12:44:32Z
2026-01-20 13:30:00,GB,82.4,2026-01-21T13:14:34Z
2026-01-20 14:00:00,GB,82.57,2026-01-21T13:45:28Z
2026-01-20 14:30:00,GB,82.54,2026-01-21T14:14:46Z
2026-01-20 15:00:00,GB,67.5959122,2026-01-21T14:44:34Z
2026-01-20 15:30:00,GB,73.70430191,2026-01-21T15:14:34Z
2026-01-20 16:00:00,GB,89.48,2026-01-21T15:44:29Z
2026-01-20 16:30:00,GB,78,2026-01-21T16:14:41Z
2026-01-20 17:00:00,GB,119.94,2026-01-21T16:44:35Z
2026-01-20 17:30:00,GB,115.34,2026-01-21T17:14:37Z
2026-01-20 18:00:00,GB,116.2102041,2026-01-21T17:44:28Z
2026-01-20 18:30:00,GB,118.35,2026-01-21T18:14:30Z
2026-01-20 19:00:00,GB,109.8504,2026-01-21T18:44:35Z
2026-01-20 19:30:00,GB,106.14,2026-01-21T19:14:38Z
2026-01-20 20:00:00,GB,118,2026-01-21T19:44:38Z
2026-01-20 20:30:00,GB,115,2026-01-21T20:14:32Z
2026-01-20 21:00:00,GB,93.9,2026-01-21T20:44:39Z
2026-01-20 21:30:00,GB,112,2026-01-21T21:14:33Z
2026-01-20 22:00:00,GB,110,2026-01-21T21:44:33Z
2026-01-20 22:30:00,GB,90.06,2026-01-21T22:14:28Z
2026-01-20 23:00:00,GB,51.18,2026-01-21T22:44:30Z
2026-01-20 23:30:00,GB,62.13751182,2026-01-21T23:14:45Z
2026-01-21 00:00:00,GB,49.01,2026-01-21T23:44:39Z
2026-01-21 00:30:00,GB,70.6,2026-01-22T00:14:35Z
2026-01-21 01:00:00,GB,73.61,2026-01-22T00:44:34Z
2026-01-21 01:30:00,GB,103,2026-01-22T01:14:33Z
2026-01-21 02:00:00,GB,104,2026-01-22T01:44:41Z
2026-01-21 02:30:00,GB,103,2026-01-22T02:16:22Z
2026-01-21 03:00:00,GB,103,2026-01-22T02:44:43Z
2026-01-21 03:30:00,GB,103,2026-01-22T03:14:32Z
2026-01-21 04:00:00,GB,103,2026-01-22T03:44:32Z
2026-01-21 04:30:00,GB,77.81469736,2026-01-22T04:14:32Z
2026-01-21 05:00:00,GB,103,2026-01-22T04:44:28Z
2026-01-21 05:30:00,GB,103,2026-01-22T05:14:37Z
2026-01-21 06:00:00,GB,103,2026-01-22T05:44:27Z
2026-01-21 06:30:00,GB,103,2026-01-22T06:14:28Z
2026-01-21 07:00:00,GB,104.6597966,2026-01-22T06:44:33Z
2026-01-21 07:30:00,GB,115,2026-01-22T07:14:25Z
2026-01-21 08:00:00,GB,123.35,2026-01-22T07:44:26Z
2026-01-21 08:30:00,GB,123.35,2026-01-22T08:14:35Z
2026-01-21 09:00:00,GB,122.15,2026-01-22T08:44:35Z
2026-01-21 09:30:00,GB,122.15,2026-01-22T09:14:33Z
2026-01-21 10:00:00,GB,77.15,2026-01-22T09:44:40Z
2026-01-21 10:30:00,GB,79.96401135,2026-01-22T10:14:41Z
2026-01-21 11:00:00,GB,77.21,2026-01-22T10:44:32Z
2026-01-21 11:30:00,GB,77.21,2026-01-22T11:14:28Z
2026-01-21 12:00:00,GB,77.21,2026-01-22T11:44:29Z
2026-01-21 12:30:00,GB,77.21,2026-01-22T12:14:27Z
2026-01-21 13:00:00,GB,77.21,2026-01-22T12:44:30Z
2026-01-21 13:30:00,GB,72,2026-01-22T13:17:55Z
2026-01-21 14:00:00,GB,69.68,2026-01-22T13:50:31Z
2026-01-21 14:30:00,GB,110.45,2026-01-22T14:14:39Z
2026-01-21 15:00:00,GB,111,2026-01-22T14:44:40Z
2026-01-21 15:30:00,GB,113,2026-01-22T15:14:56Z
2026-01-21 16:00:00,GB,129,2026-01-22T15:44:33Z
2026-01-21 16:30:00,GB,109.5,2026-01-22T16:14:41Z
2026-01-21 17:00:00,GB,117.22,2026-01-22T16:45:57Z
2026-01-21 17:30:00,GB,120,2026-01-22T17:14:34Z
2026-01-21 18:00:00,GB,130,2026-01-22T17:44:47Z
2026-01-21 18:30:00,GB,129.5,2026-01-22T18:14:41Z
2026-01-21 19:00:00,GB,109.57,2026-01-22T18:44:41Z
2026-01-21 19:30:00,GB,23.65,2026-01-22T19:14:38Z
2026-01-21 20:00:00,GB,44.43497147,2026-01-22T19:44:40Z
2026-01-21 20:30:00,GB,110,2026-01-22T20:14:37Z
2026-01-21 21:00:00,GB,95.54,2026-01-22T20:44:43Z
2026-01-21 21:30:00,GB,71.73,2026-01-22T21:14:44Z
2026-01-21 22:00:00,GB,103.64,2026-01-22T21:44:44Z
2026-01-21 22:30:00,GB,79.57,2026-01-22T22:14:44Z
2026-01-21 23:00:00,GB,55.85,2026-01-22T22:44:41Z
2026-01-21 23:30:00,GB,77.13,2026-01-22T23:14:40Z
2026-01-22 00:00:00,GB,65.24,2026-01-22T23:44:39Z
2026-01-22 00:30:00,GB,65.05,2026-01-23T00:14:45Z
2026-01-22 01:00:00,GB,62.33,2026-01-23T00:44:42Z
2026-01-22 01:30:00,GB,104.46,2026-01-23T01:14:43Z
2026-01-22 02:00:00,GB,73.02,2026-01-23T01:44:46Z
2026-01-22 02:30:00,GB,68.65,2026-01-23T02:15:13Z
2026-01-22 03:00:00,GB,65.7,2026-01-23T02:44:40Z
2026-01-22 03:30:00,GB,97.96761118,2026-01-23T03:14:36Z
2026-01-22 04:00:00,GB,95.4,2026-01-23T03:44:40Z
2026-01-22 04:30:00,GB,107.23,2026-01-23T04:14:38Z
2026-01-22 05:00:00,GB,85.21,2026-01-23T04:44:36Z
2026-01-22 05:30:00,GB,87.37,2026-01-23T05:14:41Z
2026-01-22 06:00:00,GB,85.89,2026-01-23T05:44:34Z
2026-01-22 06:30:00,GB,90.01,2026-01-23T06:14:42Z
2026-01-22 07:00:00,GB,115,2026-01-23T06:44:36Z
2026-01-22 07:30:00,GB,118.9,2026-01-23T07:14:35Z
2026-01-22 08:00:00,GB,124.95,2026-01-23T07:44:35Z
2026-01-22 08:30:00,GB,115.21,2026-01-23T08:14:47Z
2026-01-22 09:00:00,GB,124.95,2026-01-23T08:44:40Z
2026-01-22 09:30:00,GB,125,2026-01-23T09:17:56Z
2026-01-22 10:00:00,GB,102.59,2026-01-23T09:44:38Z
2026-01-22 10:30:00,GB,109.5,2026-01-23T10:14:51Z
2026-01-22 11:00:00,GB,120,2026-01-23T10:44:39Z
2026-01-22 11:30:00,GB,88.48327671,2026-01-23T11:14:35Z
2026-01-22 12:00:00,GB,83.19274343,2026-01-23T11:44:46Z
2026-01-22 12:30:00,GB,120,2026-01-23T12:15:08Z
2026-01-22 13:00:00,GB,96.26,2026-01-23T12:44:34Z
2026-01-22 13:30:00,GB,96.99374847,2026-01-23T13:14:34Z
2026-01-22 14:00:00,GB,99.89161984,2026-01-23T13:46:12Z
2026-01-22 14:30:00,GB,98.12,2026-01-23T14:14:26Z
2026-01-22 15:00:00,GB,103.36,2026-01-23T14:44:29Z
2026-01-22 15:30:00,GB,101.97,2026-01-23T15:15:44Z
2026-01-22 16:00:00,GB,11,2026-01-23T16:31:58Z
2026-01-22 16:30:00,GB,61.1,2026-01-23T16:16:01Z
2026-01-22 17:00:00,GB,122.39,2026-01-23T16:44:43Z
2026-01-22 17:30:00,GB,125.9995346,2026-01-23T17:14:42Z
2026-01-22 18:00:00,GB,126.77,2026-01-23T17:44:35Z
2026-01-22 18:30:00,GB,125.8,2026-01-23T18:14:43Z
2026-01-22 19:00:00,GB,114.9897959,2026-01-23T18:44:36Z
2026-01-22 19:30:00,GB,111.93,2026-01-23T19:14:36Z
2026-01-22 20:00:00,GB,105.08,2026-01-23T19:44:48Z
2026-01-22 20:30:00,GB,118.85,2026-01-23T20:14:41Z
2026-01-22 21:00:00,GB,117.8,2026-01-23T20:44:39Z
2026-01-22 21:30:00,GB,116.4,2026-01-23T21:14:38Z
2026-01-22 22:00:00,GB,116,2026-01-23T21:44:37Z
2026-01-22 22:30:00,GB,69.48,2026-01-23T22:14:50Z
2026-01-22 23:00:00,GB,66.6752463,2026-01-23T22:44:42Z
2026-01-22 23:30:00,GB,81.85,2026-01-23T23:14:45Z
2026-01-23 00:00:00,GB,76.22641682,2026-01-23T23:44:46Z
2026-01-23 00:30:00,GB,80.51,2026-01-24T00:14:46Z
2026-01-23 01:00:00,GB,83.35,2026-01-24T00:44:46Z
2026-01-23 01:30:00,GB,76.70355043,2026-01-24T01:14:43Z
2026-01-23 02:00:00,GB,104.9050965,2026-01-24T01:44:54Z
2026-01-23 02:30:00,GB,100,2026-01-24T02:15:00Z
2026-01-23 03:00:00,GB,100,2026-01-24T02:44:41Z
2026-01-23 03:30:00,GB,80.69,2026-01-24T03:14:37Z
2026-01-23 04:00:00,GB,75.94,2026-01-24T03:44:36Z
2026-01-23 04:30:00,GB,76.15,2026-01-24T04:14:39Z
2026-01-23 05:00:00,GB,74.48,2026-01-24T04:44:34Z
2026-01-23 05:30:00,GB,72.22,2026-01-24T05:14:41Z
2026-01-23 06:00:00,GB,67.23,2026-01-24T05:44:37Z
2026-01-23 06:30:00,GB,60.48392152,2026-01-24T06:14:38Z
2026-01-23 07:00:00,GB,114,2026-01-24T06:44:33Z
2026-01-23 07:30:00,GB,118.9,2026-01-24T07:14:42Z
2026-01-23 08:00:00,GB,118.99,2026-01-24T07:44:43Z
2026-01-23 08:30:00,GB,82.48,2026-01-24T08:14:37Z
2026-01-23 09:00:00,GB,118.99,2026-01-24T08:44:38Z
2026-01-23 09:30:00,GB,118.99,2026-01-24T09:14:39Z
2026-01-23 10:00:00,GB,83.55,2026-01-24T09:44:36Z
2026-01-23 10:30:00,GB,83.85,2026-01-24T10:14:42Z
2026-01-23 11:00:00,GB,103.41,2026-01-24T10:44:43Z
2026-01-23 11:30:00,GB,78.18,2026-01-24T11:14:41Z
2026-01-23 12:00:00,GB,113,2026-01-24T11:44:36Z
2026-01-23 12:30:00,GB,113,2026-01-24T12:14:36Z
2026-01-23 13:00:00,GB,78.28353082,2026-01-24T12:44:39Z
2026-01-23 13:30:00,GB,78.72555613,2026-03-20T16:17:38Z
2026-01-23 14:00:00,GB,78.63714911,2026-01-24T13:44:39Z
2026-01-23 14:30:00,GB,112.14,2026-01-24T14:14:40Z
2026-01-23 15:00:00,GB,93.19,2026-01-24T14:44:45Z
2026-01-23 15:30:00,GB,77.27,2026-01-24T15:14:38Z
2026-01-23 16:00:00,GB,77.27,2026-01-24T15:44:35Z
2026-01-23 16:30:00,GB,77.26,2026-01-24T16:14:39Z
2026-01-23 17:00:00,GB,77.26005339,2026-01-24T16:44:34Z
2026-01-23 17:30:00,GB,118,2026-01-24T17:14:41Z
2026-01-23 18:00:00,GB,118,2026-01-24T17:44:39Z
2026-01-23 18:30:00,GB,129,2026-01-24T18:14:37Z
2026-01-23 19:00:00,GB,118,2026-01-24T18:44:35Z
2026-01-23 19:30:00,GB,104.76,2026-01-24T19:14:41Z
2026-01-23 20:00:00,GB,118,2026-01-24T19:44:35Z
2026-01-23 20:30:00,GB,99.03,2026-01-24T20:14:45Z
2026-01-23 21:00:00,GB,78.27251209,2026-01-24T20:44:39Z
2026-01-23 21:30:00,GB,86.2,2026-01-24T21:14:39Z
2026-01-23 22:00:00,GB,72.51,2026-01-24T21:44:43Z
2026-01-23 22:30:00,GB,72.51,2026-01-24T22:14:52Z
2026-01-23 23:00:00,GB,81.94,2026-01-24T22:44:41Z
2026-01-23 23:30:00,GB,81.49,2026-01-24T23:14:41Z
2026-01-24 00:00:00,GB,63.63,2026-01-24T23:44:43Z
2026-01-24 00:30:00,GB,77.52,2026-01-25T00:14:38Z
2026-01-24 01:00:00,GB,75.45,2026-01-25T00:45:02Z
2026-01-24 01:30:00,GB,80.87,2026-01-25T01:14:36Z
2026-01-24 02:00:00,GB,78.1,2026-01-25T01:44:42Z
2026-01-24 02:30:00,GB,79.6,2026-01-25T02:14:54Z
2026-01-24 03:00:00,GB,71.1178579,2026-01-25T02:44:47Z
2026-01-24 03:30:00,GB,70.41,2026-01-25T03:14:47Z
2026-01-24 04:00:00,GB,49.3300791,2026-01-25T03:44:37Z
2026-01-24 04:30:00,GB,75.48,2026-01-25T04:14:39Z
2026-01-24 05:00:00,GB,56.55,2026-01-25T04:44:48Z
2026-01-24 05:30:00,GB,61.15910493,2026-01-25T05:14:40Z
2026-01-24 06:00:00,GB,60.99885053,2026-01-25T05:44:40Z
2026-01-24 06:30:00,GB,66.78,2026-01-25T06:14:35Z
2026-01-24 07:00:00,GB,71.13,2026-01-25T06:44:33Z
2026-01-24 07:30:00,GB,77.72,2026-01-25T07:14:33Z
2026-01-24 08:00:00,GB,80.42,2026-01-25T07:44:34Z
2026-01-24 08:30:00,GB,94.96,2026-01-25T08:14:37Z
2026-01-24 09:00:00,GB,69.34217271,2026-01-25T08:44:35Z
2026-01-24 09:30:00,GB,117.04,2026-01-25T09:14:35Z
2026-01-24 10:00:00,GB,115.44,2026-01-25T09:44:42Z
2026-01-24 10:30:00,GB,104.19,2026-01-25T10:14:37Z
2026-01-24 11:00:00,GB,99.16,2026-01-25T10:44:38Z
2026-01-24 11:30:00,GB,115.8287915,2026-01-25T11:14:36Z
2026-01-24 12:00:00,GB,118,2026-01-25T11:44:35Z
2026-01-24 12:30:00,GB,112.3,2026-01-25T12:14:39Z
2026-01-24 13:00:00,GB,118.78,2026-01-25T12:44:36Z
2026-01-24 13:30:00,GB,118,2026-01-25T13:14:43Z
2026-01-24 14:00:00,GB,112.7199546,2026-01-25T13:44:36Z
2026-01-24 14:30:00,GB,116.2,2026-01-25T14:14:29Z
2026-01-24 15:00:00,GB,115.8,2026-01-25T14:44:24Z
2026-01-24 15:30:00,GB,76.24,2026-01-25T15:14:36Z
2026-01-24 16:00:00,GB,124.5,2026-01-25T15:44:33Z
2026-01-24 16:30:00,GB,128.5,2026-01-25T16:14:31Z
2026-01-24 17:00:00,GB,86.96,2026-01-25T16:44:33Z
2026-01-24 17:30:00,GB,88.81,2026-01-25T17:14:36Z
2026-01-24 18:00:00,GB,129,2026-01-25T17:44:35Z
2026-01-24 18:30:00,GB,114.1901042,2026-01-25T18:14:34Z
2026-01-24 19:00:00,GB,128,2026-01-25T18:44:30Z
2026-01-24 19:30:00,GB,127.2723222,2026-01-25T19:14:34Z
2026-01-24 20:00:00,GB,97.94,2026-01-25T19:44:39Z
2026-01-24 20:30:00,GB,94.98,2026-01-25T20:14:45Z
2026-01-24 21:00:00,GB,116.24,2026-01-25T20:44:36Z
2026-01-24 21:30:00,GB,71.38,2026-01-25T21:14:37Z
2026-01-24 22:00:00,GB,76.98245272,2026-01-25T21:44:45Z
2026-01-24 22:30:00,GB,109.5010592,2026-01-25T22:14:39Z
2026-01-24 23:00:00,GB,106.0228844,2026-01-25T22:44:34Z
2026-01-24 23:30:00,GB,85.51,2026-01-25T23:14:33Z
2026-01-25 00:00:00,GB,70.79,2026-01-25T23:44:39Z
2026-01-25 00:30:00,GB,113.75,2026-01-26T00:14:41Z
2026-01-25 01:00:00,GB,83.71,2026-01-26T00:44:39Z
2026-01-25 01:30:00,GB,79,2026-01-26T01:14:45Z
2026-01-25 02:00:00,GB,10,2026-01-26T01:44:39Z
2026-01-25 02:30:00,GB,79.59562236,2026-01-26T02:14:44Z
2026-01-25 03:00:00,GB,80.12,2026-01-26T02:44:54Z
2026-01-25 03:30:00,GB,78.48,2026-01-26T03:14:47Z
2026-01-25 04:00:00,GB,96.04,2026-01-26T03:44:34Z
2026-01-25 04:30:00,GB,96.56,2026-01-26T04:14:33Z
2026-01-25 05:00:00,GB,107.22,2026-01-26T04:44:30Z
2026-01-25 05:30:00,GB,79.04,2026-01-26T05:14:31Z
2026-01-25 06:00:00,GB,102,2026-01-26T05:44:24Z
2026-01-25 06:30:00,GB,84.74,2026-01-26T06:14:23Z
2026-01-25 07:00:00,GB,84.81,2026-01-26T06:44:30Z
2026-01-25 07:30:00,GB,89.39,2026-01-26T07:14:24Z
2026-01-25 08:00:00,GB,87.07,2026-01-26T07:44:24Z
2026-01-25 08:30:00,GB,114.45,2026-01-26T08:14:28Z
2026-01-25 09:00:00,GB,114.45,2026-01-26T08:44:26Z
2026-01-25 09:30:00,GB,119,2026-01-26T09:14:45Z
2026-01-25 10:00:00,GB,119,2026-01-26T09:44:32Z
2026-01-25 10:30:00,GB,120.95,2026-01-26T10:14:33Z
2026-01-25 11:00:00,GB,114.45,2026-01-26T10:44:32Z
2026-01-25 11:30:00,GB,114.45,2026-01-26T11:14:29Z
2026-01-25 12:00:00,GB,99.47,2026-01-26T11:44:26Z
2026-01-25 12:30:00,GB,101.81,2026-01-26T12:14:44Z
2026-01-25 13:00:00,GB,114.45,2026-01-26T12:44:43Z
2026-01-25 13:30:00,GB,101.01,2026-01-26T13:14:42Z
2026-01-25 14:00:00,GB,114.45,2026-01-26T13:44:57Z
2026-01-25 14:30:00,GB,87.31,2026-01-26T14:14:38Z
2026-01-25 15:00:00,GB,119.1,2026-01-26T14:44:37Z
2026-01-25 15:30:00,GB,120.94,2026-01-26T15:14:34Z
2026-01-25 16:00:00,GB,96.2501027,2026-01-26T15:44:38Z
2026-01-25 16:30:00,GB,118.8649696,2026-01-26T16:14:33Z
2026-01-25 17:00:00,GB,106.72,2026-01-26T16:44:32Z
2026-01-25 17:30:00,GB,129,2026-01-26T17:14:35Z
2026-01-25 18:00:00,GB,128.18,2026-01-26T17:44:34Z
2026-01-03 17:30:00,GB,107,2026-01-04T17:14:47Z
2026-01-03 18:00:00,GB,109,2026-01-04T17:44:35Z
2026-01-03 18:30:00,GB,109,2026-01-04T18:14:33Z
2026-01-03 19:00:00,GB,107,2026-01-04T18:44:35Z
2026-01-03 19:30:00,GB,107,2026-01-04T19:14:55Z
2026-01-03 20:00:00,GB,100,2026-01-04T19:44:38Z
2026-01-03 20:30:00,GB,100,2026-01-04T20:14:37Z
2026-01-03 21:00:00,GB,99.9,2026-01-04T20:44:33Z
2026-01-03 21:30:00,GB,99.9,2026-01-04T21:14:40Z
2026-01-03 22:00:00,GB,100,2026-01-04T21:44:35Z
2026-01-03 22:30:00,GB,99.9,2026-01-04T22:14:39Z
2026-01-03 23:00:00,GB,74.76,2026-01-04T22:44:41Z
2026-01-03 23:30:00,GB,65.1,2026-01-04T23:14:33Z
2026-01-04 00:00:00,GB,93,2026-01-04T23:44:32Z
2026-01-04 00:30:00,GB,76.54,2026-01-05T00:14:33Z
2026-01-04 01:00:00,GB,95,2026-01-05T00:44:38Z
2026-01-04 01:30:00,GB,95,2026-01-05T01:14:39Z
2026-01-04 02:00:00,GB,96,2026-01-05T01:44:40Z
2026-01-04 02:30:00,GB,95,2026-01-05T02:17:27Z
2026-01-04 03:00:00,GB,92.9,2026-01-05T02:44:32Z
2026-01-04 03:30:00,GB,92.9,2026-01-05T03:14:35Z
2026-01-04 04:00:00,GB,72,2026-01-05T03:44:43Z
2026-01-04 04:30:00,GB,93,2026-01-05T04:14:35Z
2026-01-04 05:00:00,GB,92.9,2026-01-05T04:44:37Z
2026-01-04 05:30:00,GB,93,2026-01-05T05:14:29Z
2026-01-04 06:00:00,GB,95.9,2026-01-05T05:44:37Z
2026-01-04 06:30:00,GB,93,2026-01-05T06:14:39Z
2026-01-04 07:00:00,GB,96,2026-01-05T06:44:35Z
2026-01-04 07:30:00,GB,96,2026-01-05T07:14:54Z
2026-01-04 08:00:00,GB,98.9,2026-01-05T07:44:30Z
2026-01-04 08:30:00,GB,98.9,2026-01-05T08:15:11Z
2026-01-04 09:00:00,GB,98.9,2026-01-05T08:45:06Z
2026-01-04 09:30:00,GB,99.6,2026-01-05T09:14:33Z
2026-01-04 10:00:00,GB,98.9,2026-01-05T09:44:37Z
2026-01-04 10:30:00,GB,99.5,2026-01-05T10:14:22Z
2026-01-04 11:00:00,GB,99,2026-01-05T10:44:24Z
2026-01-04 11:30:00,GB,98,2026-01-05T11:14:38Z
2026-01-04 12:00:00,GB,98.9,2026-01-05T11:44:31Z
2026-01-04 12:30:00,GB,98,2026-01-05T12:14:30Z
2026-01-04 13:00:00,GB,65.28,2026-01-05T12:44:33Z
2026-01-04 13:30:00,GB,71.72,2026-01-05T13:14:36Z
2026-01-04 14:00:00,GB,98,2026-01-05T13:45:02Z
2026-01-04 14:30:00,GB,69.62,2026-01-05T14:14:31Z
2026-01-04 15:00:00,GB,98,2026-01-05T14:44:27Z
2026-01-04 15:30:00,GB,67.63107824,2026-01-05T15:14:34Z
2026-01-04 16:00:00,GB,93.64,2026-01-05T15:44:35Z
2026-01-04 16:30:00,GB,110,2026-01-05T16:14:29Z
2026-01-04 17:00:00,GB,111.43,2026-01-05T16:44:36Z
2026-01-04 17:30:00,GB,115,2026-01-05T17:15:14Z
2026-01-04 18:00:00,GB,125,2026-01-05T17:44:30Z
2026-01-04 18:30:00,GB,125,2026-01-05T18:14:29Z
2026-01-04 19:00:00,GB,113.99,2026-01-05T18:44:49Z
2026-01-04 19:30:00,GB,114.28,2026-01-05T19:15:02Z
2026-01-04 20:00:00,GB,79.03,2026-01-05T19:44:33Z
2026-01-04 20:30:00,GB,100,2026-01-05T20:14:42Z
2026-01-04 21:00:00,GB,103.5,2026-01-05T20:44:33Z
2026-01-04 21:30:00,GB,71.15,2026-01-05T21:14:37Z
2026-01-04 22:00:00,GB,99.36,2026-01-05T21:44:35Z
2026-01-04 22:30:00,GB,99.36,2026-01-05T22:14:31Z
2026-01-04 23:00:00,GB,70.1,2026-01-05T22:44:32Z
2026-01-04 23:30:00,GB,67.96858106,2026-01-05T23:14:44Z
2026-01-05 00:00:00,GB,67,2026-01-05T23:44:41Z
2026-01-05 00:30:00,GB,70.12,2026-01-06T00:14:38Z
2026-01-05 01:00:00,GB,68.15,2026-01-06T00:44:40Z
2026-01-05 01:30:00,GB,70.16,2026-01-06T01:14:57Z
2026-01-05 02:00:00,GB,95.3,2026-01-06T01:44:32Z
2026-01-05 02:30:00,GB,70.15,2026-01-06T02:15:51Z
2026-01-05 03:00:00,GB,96,2026-01-06T02:44:34Z
2026-01-05 03:30:00,GB,70.16,2026-01-06T03:14:36Z
2026-01-25 18:30:00,GB,136.9,2026-01-26T18:14:33Z
2026-01-25 19:00:00,GB,135.01,2026-01-26T18:44:30Z
2026-01-25 19:30:00,GB,127,2026-01-26T19:15:14Z
2026-01-25 20:00:00,GB,120,2026-01-26T19:45:01Z
2026-01-25 20:30:00,GB,120,2026-01-26T20:14:33Z
2026-01-25 21:00:00,GB,85.53252029,2026-01-26T20:44:33Z
2026-01-25 21:30:00,GB,105.01,2026-01-26T21:14:30Z
2026-01-25 22:00:00,GB,83.03310673,2026-01-26T21:44:38Z
2026-01-25 22:30:00,GB,116.9,2026-01-26T22:14:38Z
2026-01-25 23:00:00,GB,112.87,2026-01-26T22:44:37Z
2026-01-25 23:30:00,GB,110,2026-01-26T23:14:38Z
2026-01-26 00:00:00,GB,112.6360999,2026-01-26T23:44:38Z
2026-01-26 00:30:00,GB,69.73804778,2026-01-27T00:14:38Z
2026-01-26 01:00:00,GB,79.86,2026-01-27T00:44:43Z
2026-01-26 01:30:00,GB,81.75,2026-01-27T01:14:34Z
2026-01-26 02:00:00,GB,110,2026-01-27T01:44:52Z
2026-01-26 02:30:00,GB,92.98,2026-01-27T02:15:44Z
2026-01-26 03:00:00,GB,91.48,2026-01-27T02:44:39Z
2026-01-26 03:30:00,GB,83.0519096,2026-01-27T03:14:27Z
2026-01-26 04:00:00,GB,81,2026-01-27T03:44:44Z
2026-01-26 04:30:00,GB,75.93559425,2026-01-27T04:16:13Z
2026-01-26 05:00:00,GB,76.25703144,2026-01-27T04:44:43Z
2026-01-26 05:30:00,GB,64.9,2026-01-27T05:15:02Z
2026-01-26 06:00:00,GB,112.3555346,2026-01-27T05:45:07Z
2026-01-26 06:30:00,GB,43,2026-01-27T06:14:50Z
2026-01-26 07:00:00,GB,81.05,2026-01-27T06:44:37Z
2026-01-26 07:30:00,GB,121.550026,2026-01-27T07:14:24Z
2026-01-26 08:00:00,GB,144.95,2026-01-27T07:44:32Z
2026-01-26 08:30:00,GB,137.5,2026-01-27T08:14:26Z
2026-01-26 09:00:00,GB,137.5,2026-01-27T08:44:27Z
2026-01-26 09:30:00,GB,137.5,2026-01-27T09:14:38Z
2026-01-26 10:00:00,GB,95.09,2026-01-27T09:44:34Z
2026-01-26 10:30:00,GB,95.62,2026-01-27T10:14:26Z
2026-01-26 11:00:00,GB,137.5,2026-01-27T10:44:23Z
2026-01-26 11:30:00,GB,135.7701053,2026-01-27T11:14:40Z
2026-01-26 12:00:00,GB,128.9852656,2026-01-27T11:44:37Z
2026-01-26 12:30:00,GB,129,2026-01-27T12:14:45Z
2026-01-26 13:00:00,GB,102.44,2026-01-27T12:44:35Z
2026-01-26 13:30:00,GB,103.26,2026-01-27T13:14:39Z
2026-01-26 14:00:00,GB,99.92,2026-01-27T13:45:04Z
2026-01-26 14:30:00,GB,105.0696552,2026-01-27T14:14:26Z
2026-01-26 15:00:00,GB,106.27,2026-01-27T14:44:28Z
2026-01-26 15:30:00,GB,107.6187807,2026-01-27T15:14:43Z
2026-01-26 16:00:00,GB,123.96,2026-01-27T15:44:41Z
2026-01-26 16:30:00,GB,128.45,2026-01-27T16:14:38Z
2026-01-26 17:00:00,GB,127.07,2026-01-27T16:44:36Z
2026-01-26 17:30:00,GB,149,2026-01-27T17:14:42Z
2026-01-26 18:00:00,GB,150.37,2026-01-27T17:44:40Z
2026-01-26 18:30:00,GB,151.24,2026-01-27T18:14:41Z
2026-01-26 19:00:00,GB,143.55,2026-01-27T18:44:34Z
2026-01-26 19:30:00,GB,142.14,2026-01-27T19:14:40Z
2026-01-26 20:00:00,GB,59.37,2026-01-27T19:44:45Z
2026-01-26 20:30:00,GB,68.69,2026-01-27T20:14:46Z
2026-01-26 21:00:00,GB,43,2026-01-27T20:44:38Z
2026-01-26 21:30:00,GB,83.4,2026-01-27T21:14:42Z
2026-01-26 22:00:00,GB,96.89,2026-01-27T21:44:40Z
2026-01-26 22:30:00,GB,113,2026-01-27T22:14:25Z
2026-01-26 23:00:00,GB,113,2026-01-27T22:44:29Z
2026-01-26 23:30:00,GB,108,2026-01-27T23:15:03Z
2026-01-27 00:00:00,GB,78.14,2026-01-27T23:44:50Z
2026-01-27 00:30:00,GB,60.68,2026-01-28T00:15:22Z
2026-01-30 20:30:00,GB,115.49,2026-01-31T20:14:26Z
2026-01-30 21:00:00,GB,95.25,2026-01-31T20:44:30Z
2026-01-30 21:30:00,GB,74.61383664,2026-01-31T21:14:39Z
2026-01-30 22:00:00,GB,117.25,2026-01-31T21:44:42Z
2026-01-30 22:30:00,GB,93.23,2026-01-31T22:14:34Z
2026-01-30 23:00:00,GB,76.06,2026-01-31T22:44:40Z
2026-01-30 23:30:00,GB,75.21920723,2026-01-31T23:14:42Z
2026-01-31 00:00:00,GB,65.88,2026-01-31T23:44:44Z
2026-01-31 00:30:00,GB,77.21,2026-02-01T00:14:39Z
2026-01-31 01:00:00,GB,103.71,2026-02-01T00:44:42Z
2026-01-31 01:30:00,GB,80.67,2026-02-01T01:14:39Z
2026-01-31 02:00:00,GB,84.66,2026-02-01T01:44:45Z
2026-01-31 02:30:00,GB,78.58,2026-02-01T02:14:57Z
2026-01-31 03:00:00,GB,82.77,2026-02-01T02:44:41Z
2026-01-31 03:30:00,GB,83.07,2026-02-01T03:14:46Z
2026-01-31 04:00:00,GB,103,2026-02-01T03:44:47Z
2026-01-31 04:30:00,GB,106.47,2026-02-01T04:14:37Z
2026-01-31 05:00:00,GB,91.42,2026-02-01T04:44:47Z
2026-01-31 05:30:00,GB,89.86614376,2026-02-01T05:14:34Z
2026-01-31 06:00:00,GB,86.91412495,2026-02-01T05:44:36Z
2026-01-31 06:30:00,GB,92.31,2026-02-01T06:14:36Z
2026-01-31 07:00:00,GB,95.27,2026-02-01T06:44:38Z
2026-01-31 07:30:00,GB,93.74,2026-02-01T07:14:36Z
2026-01-31 08:00:00,GB,94.38,2026-02-01T07:44:34Z
2026-01-31 08:30:00,GB,84.89,2026-02-01T08:14:31Z
2026-01-31 09:00:00,GB,97.8,2026-02-01T08:44:44Z
2026-01-31 09:30:00,GB,103.06,2026-02-01T09:14:44Z
2026-01-31 10:00:00,GB,84.74,2026-02-01T09:44:39Z
2026-01-31 10:30:00,GB,89.83,2026-02-01T10:14:40Z
2026-01-31 11:00:00,GB,94.18,2026-02-01T10:44:37Z
2026-01-31 11:30:00,GB,92.78,2026-02-01T11:14:46Z
2026-01-31 12:00:00,GB,113,2026-02-01T11:44:43Z
2026-01-31 12:30:00,GB,113,2026-02-01T12:14:44Z
2026-01-31 13:00:00,GB,92.40764967,2026-02-01T12:44:37Z
2026-01-31 13:30:00,GB,97.25,2026-02-01T13:14:37Z
2026-01-31 14:00:00,GB,94.54,2026-02-01T13:44:36Z
2026-01-31 14:30:00,GB,113,2026-02-01T14:14:24Z
2026-01-31 15:00:00,GB,92.71,2026-02-01T14:45:00Z
2026-01-31 15:30:00,GB,113,2026-02-01T15:15:06Z
2026-01-31 16:00:00,GB,85.98,2026-02-01T15:44:40Z
2026-01-31 16:30:00,GB,93.73,2026-02-01T16:14:32Z
2026-01-31 17:00:00,GB,94.93,2026-02-01T16:44:37Z
2026-01-31 17:30:00,GB,94.38,2026-02-01T17:14:49Z
2026-01-31 18:00:00,GB,120.28,2026-02-01T17:44:38Z
2026-01-31 18:30:00,GB,121.9,2026-02-01T18:14:36Z
2026-01-31 19:00:00,GB,128.24,2026-02-01T18:44:41Z
2026-01-31 19:30:00,GB,124.4998787,2026-02-01T19:14:39Z
2026-01-31 20:00:00,GB,122.98,2026-02-01T19:44:39Z
2026-01-31 20:30:00,GB,98.73,2026-02-01T20:14:38Z
2026-01-31 21:00:00,GB,95.92,2026-02-01T20:44:38Z
2026-01-31 21:30:00,GB,97.51,2026-02-01T21:14:36Z
2026-01-31 22:00:00,GB,93.49,2026-02-01T21:44:39Z
2026-01-31 22:30:00,GB,92.86,2026-02-01T22:14:38Z
2026-01-31 23:00:00,GB,78.45703334,2026-02-01T22:44:38Z
2026-01-31 23:30:00,GB,78.58999297,2026-02-01T23:14:37Z
