DateTime,Actual Load [actual-entsoe]
2025-12-31 23:00:00+00:00,3947.29
2025-12-31 23:30:00+00:00,4000.958
2026-01-01 00:00:00+00:00,3877.694
2026-01-01 00:30:00+00:00,3868.898
2026-01-01 01:00:00+00:00,3814.388
2026-01-01 01:30:00+00:00,3714.44
2026-01-01 02:00:00+00:00,3648.388
2026-01-01 02:30:00+00:00,3634.986
2026-01-01 03:00:00+00:00,3541.854
2026-01-01 03:30:00+00:00,3459.948
2026-01-01 04:00:00+00:00,3403.347
2026-01-01 04:30:00+00:00,3358.361
2026-01-01 05:00:00+00:00,3315.682
2026-01-01 05:30:00+00:00,3313.966
2026-01-01 06:00:00+00:00,3322.59
2026-01-01 06:30:00+00:00,3358.793
2026-01-01 07:00:00+00:00,3401.777
2026-01-01 07:30:00+00:00,3460.82
2026-01-01 08:00:00+00:00,3456.395
2026-01-01 08:30:00+00:00,3486.873
2026-01-01 09:00:00+00:00,3561.237
2026-01-01 09:30:00+00:00,3668.61
2026-01-01 10:00:00+00:00,3772.632
2026-01-01 10:30:00+00:00,3862.328
2026-01-01 11:00:00+00:00,3935.771
2026-01-01 11:30:00+00:00,4038.088
2026-01-01 12:00:00+00:00,4092.347
2026-01-01 12:30:00+00:00,4147.851
2026-01-01 13:00:00+00:00,4169.547
2026-01-01 13:30:00+00:00,4188.054
2026-01-01 14:00:00+00:00,4176.53
2026-01-01 14:30:00+00:00,4233.498
2026-01-01 15:00:00+00:00,4216.481
2026-01-01 15:30:00+00:00,4270.759
2026-01-01 16:00:00+00:00,4358.465
2026-01-01 16:30:00+00:00,4493.106
2026-01-01 17:00:00+00:00,4664.933
2026-01-01 17:30:00+00:00,4762.992
2026-01-01 18:00:00+00:00,4737.116
2026-01-01 18:30:00+00:00,4707.213
2026-01-01 19:00:00+00:00,4657.201
2026-01-01 19:30:00+00:00,4533.958
2026-01-01 20:00:00+00:00,4469.114
2026-01-01 20:30:00+00:00,4379.143
2026-01-01 21:00:00+00:00,4287.283
2026-01-01 21:30:00+00:00,4188.226
2026-01-01 22:00:00+00:00,4086.653
2026-01-01 22:30:00+00:00,3981.502
2026-01-01 23:00:00+00:00,3845.28
2026-01-01 23:30:00+00:00,3864.11
2026-01-02 00:00:00+00:00,3755.4
2026-01-02 00:30:00+00:00,3672.085
2026-01-02 01:00:00+00:00,3559.57
2026-01-02 01:30:00+00:00,3513.117
2026-01-02 02:00:00+00:00,3451.336
2026-01-02 02:30:00+00:00,3485.599
2026-01-02 03:00:00+00:00,3450.23
2026-01-02 03:30:00+00:00,3434.05
2026-01-02 04:00:00+00:00,3397.291
2026-01-02 04:30:00+00:00,3362.988
2026-01-02 05:00:00+00:00,3365.649
2026-01-02 05:30:00+00:00,3381.857
2026-01-02 06:00:00+00:00,3471.886
2026-01-02 06:30:00+00:00,3596.593
2026-01-02 07:00:00+00:00,3708.009
2026-01-02 07:30:00+00:00,3920.868
2026-01-02 08:00:00+00:00,3991.528
2026-01-02 08:30:00+00:00,4149.241
2026-01-02 09:00:00+00:00,4297.69
2026-01-02 09:30:00+00:00,4477.673
2026-01-02 10:00:00+00:00,4502.542
2026-01-02 10:30:00+00:00,4561.324
2026-01-02 11:00:00+00:00,4554.312
2026-01-02 11:30:00+00:00,4501.015
2026-01-02 12:00:00+00:00,4496.686
2026-01-02 12:30:00+00:00,4487.774
2026-01-02 13:00:00+00:00,4500.887
2026-01-02 13:30:00+00:00,4497.224
2026-01-02 14:00:00+00:00,4459.956
2026-01-02 14:30:00+00:00,4494.186
2026-01-02 15:00:00+00:00,4556.798
2026-01-02 15:30:00+00:00,4643.861
2026-01-02 16:00:00+00:00,4791.525
2026-01-02 16:30:00+00:00,4901.646
2026-01-02 17:00:00+00:00,5167.75
2026-01-02 17:30:00+00:00,5287.036
2026-01-02 18:00:00+00:00,5272.863
2026-01-02 18:30:00+00:00,5199.387
2026-01-02 19:00:00+00:00,5121.878
2026-01-02 19:30:00+00:00,5023.584
2026-01-02 20:00:00+00:00,4907.988
2026-01-02 20:30:00+00:00,4836.663
2026-01-02 21:00:00+00:00,4715.387
2026-01-02 21:30:00+00:00,4587.118
2026-01-02 22:00:00+00:00,4417.846
2026-01-02 22:30:00+00:00,4298.172
2026-01-02 23:00:00+00:00,4165.388
2026-01-02 23:30:00+00:00,4224.101
2026-01-03 00:00:00+00:00,4118.951
2026-01-03 00:30:00+00:00,4018.0
2026-01-03 01:00:00+00:00,3941.892
2026-01-03 01:30:00+00:00,3843.862
2026-01-03 02:00:00+00:00,3794.034
2026-01-03 02:30:00+00:00,3824.935
2026-01-03 03:00:00+00:00,3739.688
2026-01-03 03:30:00+00:00,3660.214
2026-01-03 04:00:00+00:00,3613.966
2026-01-03 04:30:00+00:00,3568.696
2026-01-03 05:00:00+00:00,3528.741
2026-01-03 05:30:00+00:00,3541.887
2026-01-03 06:00:00+00:00,3582.815
2026-01-03 06:30:00+00:00,3660.545
2026-01-03 07:00:00+00:00,3717.626
2026-01-03 07:30:00+00:00,3842.801
2026-01-03 08:00:00+00:00,3946.515
2026-01-03 08:30:00+00:00,4071.293
2026-01-03 09:00:00+00:00,4205.716
2026-01-03 09:30:00+00:00,4339.012
2026-01-03 10:00:00+00:00,4414.742
2026-01-03 10:30:00+00:00,4444.19
2026-01-03 11:00:00+00:00,4443.948
2026-01-03 11:30:00+00:00,4463.645
2026-01-03 12:00:00+00:00,4433.251
2026-01-03 12:30:00+00:00,4467.425
2026-01-03 13:00:00+00:00,4449.972
2026-01-03 13:30:00+00:00,4431.894
2026-01-03 14:00:00+00:00,4425.278
2026-01-03 14:30:00+00:00,4466.342
2026-01-03 15:00:00+00:00,4536.929
2026-01-03 15:30:00+00:00,4631.454
2026-01-03 16:00:00+00:00,4744.26
2026-01-03 16:30:00+00:00,4895.901
2026-01-03 17:00:00+00:00,5133.087
2026-01-03 17:30:00+00:00,5257.048
2026-01-03 18:00:00+00:00,5256.894
2026-01-03 18:30:00+00:00,5202.529
2026-01-03 19:00:00+00:00,5128.121
2026-01-03 19:30:00+00:00,5038.342
2026-01-03 20:00:00+00:00,4962.95
2026-01-03 20:30:00+00:00,4844.941
2026-01-03 21:00:00+00:00,4751.093
2026-01-03 21:30:00+00:00,4634.675
2026-01-03 22:00:00+00:00,4527.823
2026-01-03 22:30:00+00:00,4390.535
2026-01-03 23:00:00+00:00,4280.492
2026-01-03 23:30:00+00:00,4346.637
2026-01-04 00:00:00+00:00,4220.666
2026-01-04 00:30:00+00:00,4123.243
2026-01-04 01:00:00+00:00,3994.782
2026-01-04 01:30:00+00:00,3934.323
2026-01-04 02:00:00+00:00,3855.274
2026-01-04 02:30:00+00:00,3909.167
2026-01-04 03:00:00+00:00,3852.34
2026-01-04 03:30:00+00:00,3816.985
2026-01-04 04:00:00+00:00,3736.648
2026-01-04 04:30:00+00:00,3719.355
2026-01-04 05:00:00+00:00,3671.95
2026-01-04 05:30:00+00:00,3643.392
2026-01-04 06:00:00+00:00,3659.107
2026-01-04 06:30:00+00:00,3719.512
2026-01-04 07:00:00+00:00,3762.198
2026-01-04 07:30:00+00:00,3853.007
2026-01-04 08:00:00+00:00,3896.78
2026-01-04 08:30:00+00:00,3979.109
2026-01-04 09:00:00+00:00,4104.755
2026-01-04 09:30:00+00:00,4292.875
2026-01-04 10:00:00+00:00,4393.894
2026-01-04 10:30:00+00:00,4483.207
2026-01-04 11:00:00+00:00,4539.228
2026-01-04 11:30:00+00:00,4602.896
2026-01-04 12:00:00+00:00,4652.529
2026-01-04 12:30:00+00:00,4717.687
2026-01-04 13:00:00+00:00,4762.671
2026-01-04 13:30:00+00:00,4768.0
2026-01-04 14:00:00+00:00,4754.69
2026-01-04 14:30:00+00:00,4771.703
2026-01-04 15:00:00+00:00,4808.859
2026-01-04 15:30:00+00:00,4863.485
2026-01-04 16:00:00+00:00,4973.065
2026-01-04 16:30:00+00:00,5124.558
2026-01-04 17:00:00+00:00,5329.404
2026-01-04 17:30:00+00:00,5468.758
2026-01-04 18:00:00+00:00,5472.573
2026-01-04 18:30:00+00:00,5385.808
2026-01-04 19:00:00+00:00,5292.919
2026-01-04 19:30:00+00:00,5215.753
2026-01-04 20:00:00+00:00,5131.128
2026-01-04 20:30:00+00:00,5040.643
2026-01-04 21:00:00+00:00,4911.745
2026-01-04 21:30:00+00:00,4751.871
2026-01-04 22:00:00+00:00,4533.254
2026-01-04 22:30:00+00:00,4352.514
2026-01-04 23:00:00+00:00,4230.557
2026-01-04 23:30:00+00:00,4263.834
2026-01-05 00:00:00+00:00,4123.562
2026-01-05 00:30:00+00:00,4029.892
2026-01-05 01:00:00+00:00,3913.963
2026-01-05 01:30:00+00:00,3836.358
2026-01-05 02:00:00+00:00,3801.319
2026-01-05 02:30:00+00:00,3800.012
2026-01-05 03:00:00+00:00,3757.254
2026-01-05 03:30:00+00:00,3732.412
2026-01-05 04:00:00+00:00,3705.301
2026-01-05 04:30:00+00:00,3687.245
2026-01-05 05:00:00+00:00,3689.232
2026-01-05 05:30:00+00:00,3734.743
2026-01-05 06:00:00+00:00,3875.499
2026-01-05 06:30:00+00:00,4132.739
2026-01-05 07:00:00+00:00,4472.19
2026-01-05 07:30:00+00:00,4813.981
2026-01-05 08:00:00+00:00,5013.024
2026-01-05 08:30:00+00:00,5110.554
2026-01-05 09:00:00+00:00,5215.737
2026-01-05 09:30:00+00:00,5369.339
2026-01-05 10:00:00+00:00,5352.117
2026-01-05 10:30:00+00:00,5323.599
2026-01-05 11:00:00+00:00,5287.941
2026-01-05 11:30:00+00:00,5218.176
2026-01-05 12:00:00+00:00,5161.266
2026-01-05 12:30:00+00:00,5162.905
2026-01-05 13:00:00+00:00,5159.315
2026-01-05 13:30:00+00:00,5091.922
2026-01-05 14:00:00+00:00,5090.12
2026-01-05 14:30:00+00:00,5125.372
2026-01-05 15:00:00+00:00,5170.825
2026-01-05 15:30:00+00:00,5260.778
2026-01-05 16:00:00+00:00,5365.552
2026-01-05 16:30:00+00:00,5554.413
2026-01-05 17:00:00+00:00,5775.301
2026-01-05 17:30:00+00:00,5876.311
2026-01-05 18:00:00+00:00,5868.265
2026-01-05 18:30:00+00:00,5826.18
2026-01-05 19:00:00+00:00,5740.569
2026-01-05 19:30:00+00:00,5630.863
2026-01-05 20:00:00+00:00,5532.592
2026-01-05 20:30:00+00:00,5380.254
2026-01-05 21:00:00+00:00,5258.143
2026-01-05 21:30:00+00:00,5070.303
2026-01-05 22:00:00+00:00,4846.756
2026-01-05 22:30:00+00:00,4613.848
2026-01-05 23:00:00+00:00,4410.283
2026-01-05 23:30:00+00:00,4431.02
2026-01-06 00:00:00+00:00,4288.427
2026-01-06 00:30:00+00:00,4223.558
2026-01-06 01:00:00+00:00,4108.438
2026-01-06 01:30:00+00:00,4026.91
2026-01-06 02:00:00+00:00,4018.682
2026-01-06 02:30:00+00:00,4079.946
2026-01-06 03:00:00+00:00,4014.774
2026-01-06 03:30:00+00:00,3959.464
2026-01-06 04:00:00+00:00,3880.93
2026-01-06 04:30:00+00:00,3855.581
2026-01-06 05:00:00+00:00,3811.185
2026-01-06 05:30:00+00:00,3889.585
2026-01-06 06:00:00+00:00,3984.145
2026-01-06 06:30:00+00:00,4215.53
2026-01-06 07:00:00+00:00,4483.615
2026-01-06 07:30:00+00:00,4810.078
2026-01-06 08:00:00+00:00,4973.675
2026-01-06 08:30:00+00:00,5104.254
2026-01-06 10:00:00+00:00,5317.486
2026-01-06 10:30:00+00:00,5351.907
2026-01-06 11:00:00+00:00,5333.163
2026-01-06 11:30:00+00:00,5263.657
2026-01-06 12:00:00+00:00,5199.67
2026-01-06 12:30:00+00:00,5211.782
2026-01-06 13:00:00+00:00,5211.214
2026-01-06 13:30:00+00:00,5137.267
2026-01-06 15:00:00+00:00,5156.547
2026-01-06 15:30:00+00:00,5234.755
2026-01-06 16:00:00+00:00,5283.993
2026-01-06 16:30:00+00:00,5438.445
2026-01-06 17:00:00+00:00,5614.493
2026-01-06 17:30:00+00:00,5686.824
2026-01-06 18:00:00+00:00,5674.345
2026-01-06 18:30:00+00:00,5539.352
2026-01-06 19:00:00+00:00,5510.789
2026-01-06 19:30:00+00:00,5474.648
2026-01-06 20:00:00+00:00,5324.424
2026-01-06 20:30:00+00:00,5226.746
2026-01-06 21:00:00+00:00,5111.662
2026-01-06 21:30:00+00:00,4965.255
2026-01-06 22:00:00+00:00,4731.64
2026-01-06 22:30:00+00:00,4495.777
2026-01-06 23:00:00+00:00,4293.647
2026-01-06 23:30:00+00:00,4289.044
2026-01-07 00:00:00+00:00,4130.351
2026-01-07 00:30:00+00:00,4064.48
2026-01-07 01:00:00+00:00,3934.175
2026-01-07 01:30:00+00:00,3853.067
2026-01-07 02:00:00+00:00,3808.596
2026-01-07 02:30:00+00:00,3891.358
2026-01-07 03:00:00+00:00,3847.973
2026-01-07 03:30:00+00:00,3801.743
2026-01-07 04:00:00+00:00,3752.271
2026-01-07 04:30:00+00:00,3725.864
2026-01-07 05:00:00+00:00,3730.465
2026-01-07 05:30:00+00:00,3761.25
2026-01-07 06:00:00+00:00,3890.368
2026-01-07 06:30:00+00:00,4124.184
2026-01-07 07:00:00+00:00,4447.797
2026-01-07 07:30:00+00:00,4833.755
2026-01-07 08:00:00+00:00,4992.418
2026-01-07 08:30:00+00:00,5072.935
2026-01-07 09:00:00+00:00,5143.556
2026-01-07 09:30:00+00:00,5247.111
2026-01-07 10:00:00+00:00,5226.626
2026-01-07 10:30:00+00:00,5221.726
2026-01-07 11:00:00+00:00,5199.194
2026-01-07 11:30:00+00:00,5179.622
2026-01-07 12:00:00+00:00,5159.845
2026-01-07 12:30:00+00:00,5178.396
2026-01-07 13:00:00+00:00,5214.375
2026-01-07 13:30:00+00:00,5203.314
2026-01-07 14:00:00+00:00,5223.488
2026-01-07 14:30:00+00:00,5244.794
2026-01-07 15:00:00+00:00,5299.596
2026-01-07 15:30:00+00:00,5352.812
2026-01-07 16:00:00+00:00,5457.338
2026-01-07 16:30:00+00:00,5581.771
2026-01-07 17:00:00+00:00,5769.706
2026-01-07 17:30:00+00:00,5866.209
2026-01-07 18:00:00+00:00,5824.421
2026-01-07 18:30:00+00:00,5697.811
2026-01-07 19:00:00+00:00,5584.944
2026-01-07 19:30:00+00:00,5500.884
2026-01-07 20:00:00+00:00,5382.038
2026-01-07 20:30:00+00:00,5225.242
2026-01-07 21:00:00+00:00,5075.459
2026-01-07 21:30:00+00:00,4865.192
2026-01-07 22:00:00+00:00,4608.886
2026-01-07 22:30:00+00:00,4378.884
2026-01-07 23:00:00+00:00,4182.765
2026-01-07 23:30:00+00:00,4222.964
2026-01-08 00:00:00+00:00,4089.457
2026-01-08 00:30:00+00:00,3977.436
2026-01-08 01:00:00+00:00,3909.121
2026-01-08 01:30:00+00:00,3834.032
2026-01-08 02:00:00+00:00,3824.502
2026-01-08 02:30:00+00:00,3885.67
2026-01-08 03:00:00+00:00,3851.807
2026-01-08 03:30:00+00:00,3832.812
2026-01-08 04:00:00+00:00,3802.305
2026-01-08 04:30:00+00:00,3789.97
2026-01-08 05:00:00+00:00,3796.157
2026-01-08 05:30:00+00:00,3853.49
2026-01-08 06:00:00+00:00,3983.27
2026-01-08 06:30:00+00:00,4215.092
2026-01-08 07:00:00+00:00,4519.669
2026-01-08 07:30:00+00:00,4893.147
2026-01-08 08:00:00+00:00,5056.496
2026-01-08 08:30:00+00:00,5144.348
2026-01-08 09:00:00+00:00,5139.133
2026-01-08 09:30:00+00:00,5233.915
2026-01-08 10:00:00+00:00,5337.804
2026-01-08 10:30:00+00:00,5366.728
2026-01-08 11:00:00+00:00,5392.052
2026-01-08 11:30:00+00:00,5399.334
2026-01-08 12:00:00+00:00,5398.477
2026-01-08 12:30:00+00:00,5405.334
2026-01-08 13:00:00+00:00,5413.861
2026-01-08 13:30:00+00:00,5354.264
2026-01-08 14:00:00+00:00,5354.329
2026-01-08 14:30:00+00:00,5319.239
2026-01-08 15:00:00+00:00,5355.181
2026-01-08 15:30:00+00:00,5386.911
2026-01-08 16:00:00+00:00,5451.97
2026-01-08 16:30:00+00:00,5605.012
2026-01-08 17:00:00+00:00,5723.585
2026-01-08 17:30:00+00:00,5813.74
2026-01-08 18:00:00+00:00,5793.614
2026-01-08 18:30:00+00:00,5705.986
2026-01-08 19:00:00+00:00,5584.571
2026-01-08 19:30:00+00:00,5501.206
2026-01-08 20:00:00+00:00,5367.71
2026-01-08 20:30:00+00:00,5252.768
2026-01-08 21:00:00+00:00,5116.727
2026-01-08 21:30:00+00:00,4952.869
2026-01-08 22:00:00+00:00,4756.34
2026-01-08 22:30:00+00:00,4547.292
2026-01-08 23:00:00+00:00,4363.702
2026-01-08 23:30:00+00:00,4376.737
2026-01-09 00:00:00+00:00,4232.098
2026-01-09 00:30:00+00:00,4179.328
2026-01-09 01:00:00+00:00,4070.559
2026-01-09 01:30:00+00:00,4020.369
2026-01-09 02:00:00+00:00,3929.278
2026-01-09 02:30:00+00:00,3974.571
2026-01-09 03:00:00+00:00,3904.298
2026-01-09 03:30:00+00:00,3888.961
2026-01-09 04:00:00+00:00,3852.003
2026-01-09 04:30:00+00:00,3828.165
2026-01-09 05:00:00+00:00,3802.824
2026-01-09 05:30:00+00:00,3845.102
2026-01-09 06:00:00+00:00,3960.047
2026-01-09 06:30:00+00:00,4195.433
2026-01-09 07:00:00+00:00,4466.526
2026-01-09 07:30:00+00:00,4865.756
2026-01-09 08:00:00+00:00,5044.079
2026-01-09 08:30:00+00:00,5148.833
2026-01-09 09:00:00+00:00,5249.404
2026-01-09 09:30:00+00:00,5341.589
2026-01-09 10:00:00+00:00,5303.469
2026-01-09 10:30:00+00:00,5204.847
2026-01-09 11:00:00+00:00,5152.148
2026-01-09 11:30:00+00:00,5102.439
2026-01-09 12:00:00+00:00,5060.142
2026-01-09 12:30:00+00:00,5016.317
2026-01-09 13:00:00+00:00,4958.173
2026-01-09 13:30:00+00:00,4892.295
2026-01-09 14:00:00+00:00,4896.184
2026-01-09 14:30:00+00:00,4942.126
2026-01-09 15:00:00+00:00,4969.12
2026-01-09 15:30:00+00:00,5104.523
2026-01-09 16:00:00+00:00,5212.673
2026-01-09 16:30:00+00:00,5387.299
2026-01-09 17:00:00+00:00,5535.701
2026-01-09 17:30:00+00:00,5639.799
2026-01-09 18:00:00+00:00,5654.295
2026-01-09 18:30:00+00:00,5623.819
2026-01-09 19:00:00+00:00,5546.966
2026-01-09 19:30:00+00:00,5469.634
2026-01-09 20:00:00+00:00,5351.431
2026-01-09 20:30:00+00:00,5274.328
2026-01-09 21:00:00+00:00,5119.321
2026-01-09 21:30:00+00:00,4957.933
2026-01-09 22:00:00+00:00,4788.331
2026-01-09 22:30:00+00:00,4646.237
2026-01-09 23:00:00+00:00,4487.584
2026-01-09 23:30:00+00:00,4535.194
2026-01-10 00:00:00+00:00,4418.144
2026-01-10 00:30:00+00:00,4304.644
2026-01-10 01:00:00+00:00,4186.926
2026-01-10 01:30:00+00:00,4070.901
2026-01-10 02:00:00+00:00,4008.304
2026-01-10 02:30:00+00:00,4060.508
2026-01-10 03:00:00+00:00,3998.393
2026-01-10 03:30:00+00:00,3929.503
2026-01-10 04:00:00+00:00,3883.575
2026-01-10 04:30:00+00:00,3833.119
2026-01-10 05:00:00+00:00,3814.96
2026-01-10 05:30:00+00:00,3804.454
2026-01-10 06:00:00+00:00,3817.231
2026-01-10 06:30:00+00:00,3885.486
2026-01-10 07:00:00+00:00,3977.914
2026-01-10 07:30:00+00:00,4143.805
2026-01-10 08:00:00+00:00,4234.504
2026-01-10 08:30:00+00:00,4371.936
2026-01-10 09:00:00+00:00,4531.482
2026-01-10 09:30:00+00:00,4698.578
2026-01-10 10:00:00+00:00,4753.831
2026-01-10 10:30:00+00:00,4785.564
2026-01-10 11:00:00+00:00,4768.078
2026-01-10 11:30:00+00:00,4746.223
2026-01-10 12:00:00+00:00,4734.641
2026-01-10 12:30:00+00:00,4790.376
2026-01-10 13:00:00+00:00,4815.071
2026-01-10 13:30:00+00:00,4799.975
2026-01-10 14:00:00+00:00,4795.242
2026-01-10 14:30:00+00:00,4797.252
2026-01-10 15:00:00+00:00,4819.784
2026-01-10 15:30:00+00:00,4861.097
2026-01-10 16:00:00+00:00,4878.665
2026-01-10 16:30:00+00:00,5009.226
2026-01-10 17:00:00+00:00,5208.623
2026-01-10 17:30:00+00:00,5261.223
2026-01-10 18:00:00+00:00,5216.458
2026-01-10 18:30:00+00:00,5140.106
2026-01-10 19:00:00+00:00,5034.406
2026-01-10 19:30:00+00:00,4940.364
2026-01-10 20:00:00+00:00,4858.504
2026-01-10 20:30:00+00:00,4725.59
2026-01-10 21:00:00+00:00,4614.89
2026-01-10 21:30:00+00:00,4500.778
2026-01-10 22:00:00+00:00,4372.664
2026-01-10 22:30:00+00:00,4273.172
2026-01-10 23:00:00+00:00,4145.851
2026-01-10 23:30:00+00:00,4204.854
2026-01-11 00:00:00+00:00,4098.647
2026-01-11 00:30:00+00:00,4025.348
2026-01-11 01:00:00+00:00,3903.978
2026-01-11 01:30:00+00:00,3814.34
2026-01-11 02:00:00+00:00,3730.099
2026-01-11 02:30:00+00:00,3762.994
2026-01-11 03:00:00+00:00,3692.787
2026-01-11 03:30:00+00:00,3629.379
2026-01-11 04:00:00+00:00,3561.163
2026-01-11 04:30:00+00:00,3528.704
2026-01-11 05:00:00+00:00,3454.972
2026-01-11 05:30:00+00:00,3462.145
2026-01-11 06:00:00+00:00,3475.534
2026-01-11 06:30:00+00:00,3502.542
2026-01-11 07:00:00+00:00,3532.545
2026-01-11 07:30:00+00:00,3649.511
2026-01-11 08:00:00+00:00,3658.933
2026-01-11 08:30:00+00:00,3777.814
2026-01-11 09:00:00+00:00,3908.254
2026-01-11 09:30:00+00:00,4052.233
2026-01-11 10:00:00+00:00,4225.318
2026-01-11 10:30:00+00:00,4321.852
2026-01-11 11:00:00+00:00,4422.45
2026-01-11 11:30:00+00:00,4504.08
2026-01-11 12:00:00+00:00,4550.058
2026-01-11 12:30:00+00:00,4641.396
2026-01-11 13:00:00+00:00,4690.172
2026-01-11 13:30:00+00:00,4726.577
2026-01-11 14:00:00+00:00,4685.818
2026-01-11 14:30:00+00:00,4659.517
2026-01-11 15:00:00+00:00,4685.535
2026-01-11 15:30:00+00:00,4720.814
2026-01-11 16:00:00+00:00,4766.938
2026-01-11 16:30:00+00:00,4914.766
2026-01-11 17:00:00+00:00,5035.357
2026-01-11 17:30:00+00:00,5130.311
2026-01-11 18:00:00+00:00,5134.973
2026-01-11 18:30:00+00:00,5039.511
2026-01-11 19:00:00+00:00,4953.776
2026-01-11 19:30:00+00:00,4838.71
2026-01-11 20:00:00+00:00,4743.306
2026-01-11 20:30:00+00:00,4640.754
2026-01-11 21:00:00+00:00,4504.483
2026-01-11 21:30:00+00:00,4402.8
2026-01-11 22:00:00+00:00,4223.354
2026-01-11 22:30:00+00:00,4044.548
2026-01-11 23:00:00+00:00,3901.269
2026-01-11 23:30:00+00:00,3935.303
2026-01-12 00:00:00+00:00,3803.941
2026-01-12 00:30:00+00:00,3769.843
2026-01-12 01:00:00+00:00,3677.776
2026-01-12 01:30:00+00:00,3604.586
2026-01-12 02:00:00+00:00,3571.859
2026-01-12 02:30:00+00:00,3631.716
2026-01-12 03:00:00+00:00,3595.8
2026-01-12 03:30:00+00:00,3530.47
2026-01-12 04:00:00+00:00,3471.406
2026-01-12 04:30:00+00:00,3476.785
2026-01-12 05:00:00+00:00,3468.942
2026-01-12 05:30:00+00:00,3555.735
2026-01-12 06:00:00+00:00,3681.83
2026-01-12 06:30:00+00:00,3933.802
2026-01-12 07:00:00+00:00,4206.877
2026-01-12 07:30:00+00:00,4545.705
2026-01-12 08:00:00+00:00,4748.437
2026-01-12 08:30:00+00:00,4799.711
2026-01-12 09:00:00+00:00,4855.04
2026-01-12 09:30:00+00:00,4932.357
2026-01-12 10:00:00+00:00,4927.898
2026-01-12 10:30:00+00:00,4926.725
2026-01-12 11:00:00+00:00,4890.202
2026-01-12 11:30:00+00:00,4877.718
2026-01-12 12:00:00+00:00,4861.256
2026-01-12 12:30:00+00:00,4865.858
2026-01-12 13:00:00+00:00,4839.44
2026-01-12 13:30:00+00:00,4839.628
2026-01-12 14:00:00+00:00,4772.785
2026-01-12 14:30:00+00:00,4793.199
2026-01-12 15:00:00+00:00,4896.336
2026-01-12 15:30:00+00:00,4960.123
2026-01-12 16:00:00+00:00,5024.261
2026-01-12 16:30:00+00:00,5183.15
2026-01-12 17:00:00+00:00,5392.399
2026-01-12 17:30:00+00:00,5496.374
2026-01-12 18:00:00+00:00,5471.642
2026-01-12 18:30:00+00:00,5403.856
2026-01-12 19:00:00+00:00,5286.058
2026-01-12 19:30:00+00:00,5231.314
2026-01-12 20:00:00+00:00,5109.748
2026-01-12 20:30:00+00:00,4978.813
2026-01-12 21:00:00+00:00,4855.466
2026-01-12 21:30:00+00:00,4707.218
2026-01-12 22:00:00+00:00,4512.034
2026-01-12 22:30:00+00:00,4300.028
2026-01-12 23:00:00+00:00,4155.567
2026-01-12 23:30:00+00:00,4193.532
2026-01-13 00:00:00+00:00,4041.965
2026-01-13 00:30:00+00:00,3966.982
2026-01-13 01:00:00+00:00,3876.03
2026-01-13 01:30:00+00:00,3819.873
2026-01-13 02:00:00+00:00,3792.953
2026-01-13 02:30:00+00:00,3855.544
2026-01-13 03:00:00+00:00,3803.548
2026-01-13 03:30:00+00:00,3767.379
2026-01-13 04:00:00+00:00,3694.484
2026-01-13 04:30:00+00:00,3645.819
2026-01-13 05:00:00+00:00,3642.073
2026-01-13 05:30:00+00:00,3695.924
2026-01-13 06:00:00+00:00,3840.877
2026-01-13 06:30:00+00:00,4052.121
2026-01-13 07:00:00+00:00,4362.576
2026-01-13 07:30:00+00:00,4758.363
2026-01-13 08:00:00+00:00,4927.249
2026-01-13 08:30:00+00:00,4943.884
2026-01-13 09:00:00+00:00,4956.282
2026-01-13 09:30:00+00:00,5002.276
2026-01-13 10:00:00+00:00,4962.474
2026-01-13 10:30:00+00:00,4866.296
2026-01-13 11:00:00+00:00,4764.765
2026-01-13 11:30:00+00:00,4733.769
2026-01-13 12:00:00+00:00,4697.859
2026-01-13 12:30:00+00:00,4670.695
2026-01-13 13:00:00+00:00,4625.429
2026-01-13 13:30:00+00:00,4608.593
2026-01-13 14:00:00+00:00,4588.13
2026-01-13 14:30:00+00:00,4626.685
2026-01-13 15:00:00+00:00,4732.126
2026-01-13 15:30:00+00:00,4864.442
2026-01-13 16:00:00+00:00,4920.497
2026-01-13 16:30:00+00:00,5129.351
2026-01-13 17:00:00+00:00,5341.126
2026-01-13 17:30:00+00:00,5513.431
2026-01-13 18:00:00+00:00,5532.19
2026-01-13 18:30:00+00:00,5455.367
2026-01-13 19:00:00+00:00,5407.856
2026-01-13 19:30:00+00:00,5350.23
2026-01-13 20:00:00+00:00,5268.758
2026-01-13 20:30:00+00:00,5184.115
2026-01-13 21:00:00+00:00,5070.739
2026-01-13 21:30:00+00:00,4901.578
2026-01-13 22:00:00+00:00,4701.113
2026-01-13 22:30:00+00:00,4490.772
2026-01-13 23:00:00+00:00,4313.801
2026-01-13 23:30:00+00:00,4325.681
2026-01-14 00:00:00+00:00,4163.467
2026-01-14 00:30:00+00:00,4083.876
2026-01-14 01:00:00+00:00,3992.013
2026-01-14 01:30:00+00:00,3886.382
2026-01-14 02:00:00+00:00,3842.688
2026-01-14 02:30:00+00:00,3905.807
2026-01-14 03:00:00+00:00,3822.218
2026-01-14 03:30:00+00:00,3814.884
2026-01-14 04:00:00+00:00,3765.052
2026-01-14 04:30:00+00:00,3726.734
2026-01-14 05:00:00+00:00,3730.114
2026-01-14 05:30:00+00:00,3797.351
2026-01-14 06:00:00+00:00,3919.586
2026-01-14 06:30:00+00:00,4146.002
2026-01-14 07:00:00+00:00,4427.788
2026-01-14 07:30:00+00:00,4812.817
2026-01-14 08:00:00+00:00,4947.131
2026-01-14 08:30:00+00:00,5026.402
2026-01-14 09:00:00+00:00,5078.288
2026-01-14 09:30:00+00:00,5166.797
2026-01-14 10:00:00+00:00,5157.713
2026-01-14 10:30:00+00:00,5142.482
2026-01-14 11:00:00+00:00,5226.462
2026-01-14 11:30:00+00:00,5183.677
2026-01-14 12:00:00+00:00,5213.067
2026-01-14 12:30:00+00:00,5266.898
2026-01-14 13:00:00+00:00,5248.509
2026-01-14 13:30:00+00:00,5158.628
2026-01-14 16:00:00+00:00,5295.692
2026-01-14 16:30:00+00:00,5399.196
2026-01-14 17:00:00+00:00,5497.129
2026-01-14 17:30:00+00:00,5605.384
2026-01-14 18:00:00+00:00,5612.68
2026-01-14 18:30:00+00:00,5509.67
2026-01-14 19:00:00+00:00,5441.791
2026-01-14 19:30:00+00:00,5363.218
2026-01-14 20:00:00+00:00,5208.146
2026-01-14 20:30:00+00:00,5111.343
2026-01-14 21:00:00+00:00,4984.466
2026-01-14 21:30:00+00:00,4777.135
2026-01-14 22:00:00+00:00,4567.216
2026-01-14 22:30:00+00:00,4322.668
2026-01-14 23:00:00+00:00,4180.721
2026-01-14 23:30:00+00:00,4215.23
2026-01-15 00:00:00+00:00,4092.905
2026-01-15 00:30:00+00:00,3991.73
2026-01-15 01:00:00+00:00,3835.666
2026-01-15 01:30:00+00:00,3777.16
2026-01-15 02:00:00+00:00,3752.13
2026-01-15 02:30:00+00:00,3847.803
2026-01-15 03:00:00+00:00,3787.715
2026-01-15 03:30:00+00:00,3747.093
2026-01-15 04:00:00+00:00,3672.141
2026-01-15 04:30:00+00:00,3660.762
2026-01-15 05:00:00+00:00,3675.44
2026-01-15 05:30:00+00:00,3753.994
2026-01-15 06:00:00+00:00,3882.181
2026-01-15 06:30:00+00:00,4122.806
2026-01-15 07:00:00+00:00,4414.526
2026-01-15 07:30:00+00:00,4778.033
2026-01-15 08:00:00+00:00,4934.706
2026-01-15 08:30:00+00:00,4991.495
2026-01-15 09:00:00+00:00,5041.079
2026-01-15 09:30:00+00:00,5087.145
2026-01-15 10:00:00+00:00,5030.203
2026-01-15 10:30:00+00:00,4967.325
2026-01-15 11:00:00+00:00,4882.925
2026-01-15 11:30:00+00:00,4836.564
2026-01-15 12:00:00+00:00,4794.776
2026-01-15 12:30:00+00:00,4778.499
2026-01-15 13:00:00+00:00,4772.912
2026-01-15 13:30:00+00:00,4713.706
2026-01-15 14:00:00+00:00,4756.063
2026-01-15 14:30:00+00:00,4729.217
2026-01-15 15:00:00+00:00,4809.587
2026-01-15 15:30:00+00:00,4920.118
2026-01-15 16:00:00+00:00,5025.505
2026-01-15 16:30:00+00:00,5191.661
2026-01-15 17:00:00+00:00,5356.083
2026-01-15 17:30:00+00:00,5535.666
2026-01-15 18:00:00+00:00,5512.474
2026-01-15 18:30:00+00:00,5470.851
2026-01-15 19:00:00+00:00,5394.664
2026-01-15 19:30:00+00:00,5311.452
2026-01-15 20:00:00+00:00,5197.44
2026-01-15 20:30:00+00:00,5109.066
2026-01-15 21:00:00+00:00,4982.171
2026-01-15 21:30:00+00:00,4781.013
2026-01-15 22:00:00+00:00,4575.431
2026-01-15 22:30:00+00:00,4364.575
2026-01-15 23:00:00+00:00,4239.646
2026-01-15 23:30:00+00:00,4272.985
2026-01-16 00:00:00+00:00,4096.242
2026-01-16 00:30:00+00:00,4001.781
2026-01-16 01:00:00+00:00,3933.613
2026-01-16 01:30:00+00:00,3916.14
2026-01-16 03:00:00+00:00,3846.237
2026-01-16 03:30:00+00:00,3806.33
2026-01-16 04:00:00+00:00,3733.385
2026-01-16 04:30:00+00:00,3672.426
2026-01-16 05:00:00+00:00,3652.095
2026-01-16 05:30:00+00:00,3695.53
2026-01-16 07:00:00+00:00,4338.887
2026-01-16 07:30:00+00:00,4717.354
2026-01-16 08:00:00+00:00,4921.555
2026-01-16 08:30:00+00:00,4958.848
2026-01-16 09:00:00+00:00,5022.503
2026-01-16 09:30:00+00:00,5048.48
2026-01-16 10:00:00+00:00,5038.908
2026-01-16 10:30:00+00:00,4961.697
2026-01-16 11:00:00+00:00,4964.055
2026-01-16 11:30:00+00:00,4922.707
2026-01-16 12:00:00+00:00,4883.756
2026-01-16 12:30:00+00:00,4925.226
2026-01-16 13:00:00+00:00,4919.005
2026-01-16 13:30:00+00:00,4953.386
2026-01-16 14:00:00+00:00,4929.524
2026-01-16 14:30:00+00:00,4929.772
2026-01-16 15:00:00+00:00,4967.374
2026-01-16 15:30:00+00:00,5036.654
2026-01-16 16:00:00+00:00,5065.885
2026-01-16 16:30:00+00:00,5193.277
2026-01-16 17:00:00+00:00,5351.534
2026-01-16 17:30:00+00:00,5502.5
2026-01-16 18:00:00+00:00,5490.942
2026-01-16 18:30:00+00:00,5410.797
2026-01-16 19:00:00+00:00,5315.983
2026-01-16 19:30:00+00:00,5228.978
2026-01-16 21:00:00+00:00,4892.117
2026-01-16 21:30:00+00:00,4756.315
2026-01-16 22:00:00+00:00,4587.748
2026-01-16 22:30:00+00:00,4431.357
2026-01-16 23:00:00+00:00,4301.304
2026-01-16 23:30:00+00:00,4354.58
2026-01-17 00:00:00+00:00,4230.226
2026-01-17 00:30:00+00:00,4120.936
2026-01-17 01:00:00+00:00,4009.715
2026-01-17 01:30:00+00:00,3956.856
2026-01-17 02:00:00+00:00,3878.057
2026-01-17 02:30:00+00:00,3941.828
2026-01-17 03:00:00+00:00,3879.309
2026-01-17 03:30:00+00:00,3842.212
2026-01-17 04:00:00+00:00,3777.565
2026-01-17 04:30:00+00:00,3745.446
2026-01-17 05:00:00+00:00,3715.885
2026-01-17 05:30:00+00:00,3721.814
2026-01-17 06:00:00+00:00,3749.013
2026-01-17 06:30:00+00:00,3835.623
2026-01-17 07:00:00+00:00,3927.075
2026-01-17 07:30:00+00:00,4056.973
2026-01-17 08:00:00+00:00,4156.297
2026-01-17 08:30:00+00:00,4298.797
2026-01-17 10:00:00+00:00,4689.978
2026-01-17 10:30:00+00:00,4752.294
2026-01-17 11:00:00+00:00,4759.512
2026-01-17 11:30:00+00:00,4763.004
2026-01-17 12:00:00+00:00,4751.039
2026-01-17 12:30:00+00:00,4760.96
2026-01-17 13:00:00+00:00,4753.512
2026-01-17 13:30:00+00:00,4760.266
2026-01-17 14:00:00+00:00,4689.644
2026-01-17 14:30:00+00:00,4691.902
2026-01-17 15:00:00+00:00,4707.417
2026-01-17 15:30:00+00:00,4723.391
2026-01-17 16:00:00+00:00,4781.552
2026-01-17 16:30:00+00:00,4882.576
2026-01-17 17:00:00+00:00,5054.677
2026-01-17 17:30:00+00:00,5255.624
2026-01-17 18:00:00+00:00,5230.406
2026-01-17 18:30:00+00:00,5168.473
2026-01-17 19:00:00+00:00,5053.326
2026-01-17 19:30:00+00:00,4952.57
2026-01-17 20:00:00+00:00,4878.184
2026-01-17 20:30:00+00:00,4767.866
2026-01-17 21:00:00+00:00,4662.084
2026-01-17 21:30:00+00:00,4544.602
2026-01-17 22:00:00+00:00,4399.562
2026-01-17 22:30:00+00:00,4262.089
2026-01-17 23:00:00+00:00,4148.388
2026-01-17 23:30:00+00:00,4217.745
2026-01-18 00:00:00+00:00,4124.17
2026-01-18 00:30:00+00:00,4050.552
2026-01-18 01:00:00+00:00,3954.284
2026-01-18 01:30:00+00:00,3870.923
2026-01-18 02:00:00+00:00,3810.354
2026-01-18 02:30:00+00:00,3865.726
2026-01-18 03:00:00+00:00,3799.358
2026-01-18 03:30:00+00:00,3745.102
2026-01-18 04:00:00+00:00,3682.787
2026-01-18 04:30:00+00:00,3647.796
2026-01-18 05:00:00+00:00,3588.411
2026-01-18 05:30:00+00:00,3596.364
2026-01-18 06:00:00+00:00,3595.975
2026-01-18 06:30:00+00:00,3638.915
2026-01-18 07:00:00+00:00,3684.172
2026-01-18 07:30:00+00:00,3792.863
2026-01-18 08:00:00+00:00,3837.028
2026-01-18 08:30:00+00:00,3898.89
2026-01-18 09:00:00+00:00,4042.506
2026-01-18 09:30:00+00:00,4190.889
2026-01-18 10:00:00+00:00,4268.394
2026-01-18 10:30:00+00:00,4328.65
2026-01-18 11:00:00+00:00,4378.022
2026-01-18 11:30:00+00:00,4388.048
2026-01-18 12:00:00+00:00,4384.947
2026-01-18 12:30:00+00:00,4453.495
2026-01-18 13:00:00+00:00,4499.0
2026-01-18 13:30:00+00:00,4489.11
2026-01-18 14:00:00+00:00,4459.925
2026-01-18 14:30:00+00:00,4453.831
2026-01-18 15:00:00+00:00,4517.166
2026-01-18 15:30:00+00:00,4562.71
2026-01-18 16:00:00+00:00,4660.155
2026-01-18 16:30:00+00:00,4790.258
2026-01-18 17:00:00+00:00,4938.26
2026-01-18 17:30:00+00:00,5084.547
2026-01-18 18:00:00+00:00,5147.493
2026-01-18 18:30:00+00:00,5099.163
2026-01-18 19:00:00+00:00,5001.518
2026-01-18 19:30:00+00:00,4911.687
2026-01-18 20:00:00+00:00,4828.206
2026-01-18 20:30:00+00:00,4687.586
2026-01-18 21:00:00+00:00,4587.796
2026-01-18 21:30:00+00:00,4414.909
2026-01-18 22:00:00+00:00,4255.241
2026-01-18 22:30:00+00:00,4077.788
2026-01-18 23:00:00+00:00,3934.114
2026-01-18 23:30:00+00:00,3959.887
2026-01-19 00:00:00+00:00,3800.619
2026-01-19 00:30:00+00:00,3756.264
2026-01-19 01:00:00+00:00,3655.386
2026-01-19 01:30:00+00:00,3575.722
2026-01-19 02:00:00+00:00,3539.578
2026-01-19 02:30:00+00:00,3655.067
2026-01-19 03:00:00+00:00,3583.7
2026-01-19 03:30:00+00:00,3570.95
2026-01-19 04:00:00+00:00,3545.058
2026-01-19 04:30:00+00:00,3542.725
2026-01-19 05:00:00+00:00,3518.424
2026-01-19 05:30:00+00:00,3584.824
2026-01-19 06:00:00+00:00,3727.153
2026-01-19 06:30:00+00:00,3961.214
2026-01-19 07:00:00+00:00,4262.811
2026-01-19 07:30:00+00:00,4677.07
2026-01-19 08:00:00+00:00,4848.18
2026-01-19 08:30:00+00:00,4943.61
2026-01-19 09:00:00+00:00,5008.026
2026-01-19 09:30:00+00:00,5107.326
2026-01-19 10:00:00+00:00,5115.104
2026-01-19 10:30:00+00:00,5134.612
2026-01-19 11:00:00+00:00,5172.702
2026-01-19 11:30:00+00:00,5193.296
2026-01-19 12:00:00+00:00,5179.687
2026-01-19 12:30:00+00:00,5189.223
2026-01-19 13:00:00+00:00,5182.284
2026-01-19 13:30:00+00:00,5109.963
2026-01-19 14:00:00+00:00,5088.808
2026-01-19 14:30:00+00:00,5104.559
2026-01-19 15:00:00+00:00,5146.08
2026-01-19 15:30:00+00:00,5197.272
2026-01-19 16:00:00+00:00,5270.402
2026-01-19 16:30:00+00:00,5386.151
2026-01-19 17:00:00+00:00,5531.458
2026-01-19 17:30:00+00:00,5677.367
2026-01-19 18:00:00+00:00,5676.177
2026-01-19 18:30:00+00:00,5605.332
2026-01-19 19:00:00+00:00,5502.388
2026-01-19 19:30:00+00:00,5431.702
2026-01-19 20:00:00+00:00,5309.338
2026-01-19 20:30:00+00:00,5203.119
2026-01-19 21:00:00+00:00,5093.474
2026-01-19 21:30:00+00:00,4866.55
2026-01-19 22:00:00+00:00,4675.699
2026-01-19 22:30:00+00:00,4510.713
2026-01-19 23:00:00+00:00,4335.708
2026-01-19 23:30:00+00:00,4307.23
2026-01-20 00:00:00+00:00,4192.608
2026-01-20 00:30:00+00:00,4130.762
2026-01-20 01:00:00+00:00,3988.887
2026-01-20 01:30:00+00:00,3924.682
2026-01-20 02:00:00+00:00,3901.209
2026-01-20 02:30:00+00:00,3953.978
2026-01-20 03:00:00+00:00,3856.873
2026-01-20 03:30:00+00:00,3803.569
2026-01-20 04:00:00+00:00,3709.218
2026-01-20 04:30:00+00:00,3646.599
2026-01-20 05:00:00+00:00,3636.645
2026-01-20 05:30:00+00:00,3707.257
2026-01-20 06:00:00+00:00,3803.79
2026-01-20 06:30:00+00:00,4038.988
2026-01-20 07:00:00+00:00,4357.855
2026-01-20 07:30:00+00:00,4713.81
2026-01-20 08:00:00+00:00,4855.143
2026-01-20 08:30:00+00:00,4933.87
2026-01-20 09:00:00+00:00,5019.711
2026-01-20 09:30:00+00:00,5117.984
2026-01-20 10:00:00+00:00,5092.506
2026-01-20 10:30:00+00:00,5069.992
2026-01-20 11:00:00+00:00,5089.862
2026-01-20 11:30:00+00:00,5091.051
2026-01-20 12:00:00+00:00,5074.928
2026-01-20 12:30:00+00:00,5018.627
2026-01-20 13:00:00+00:00,5003.922
2026-01-20 13:30:00+00:00,4918.97
2026-01-20 14:00:00+00:00,4959.734
2026-01-20 14:30:00+00:00,4948.463
2026-01-20 15:00:00+00:00,4970.259
2026-01-20 15:30:00+00:00,4990.435
2026-01-20 16:00:00+00:00,5032.8
2026-01-20 16:30:00+00:00,5162.114
2026-01-20 17:00:00+00:00,5344.884
2026-01-20 17:30:00+00:00,5536.204
2026-01-20 18:00:00+00:00,5519.585
2026-01-20 18:30:00+00:00,5464.918
2026-01-20 19:00:00+00:00,5352.902
2026-01-20 19:30:00+00:00,5286.56
2026-01-20 20:00:00+00:00,5133.996
2026-01-20 20:30:00+00:00,5027.312
2026-01-20 21:00:00+00:00,4913.733
2026-01-20 21:30:00+00:00,4746.834
2026-01-20 22:00:00+00:00,4540.438
2026-01-20 22:30:00+00:00,4364.54
2026-01-20 23:00:00+00:00,4181.03
2026-01-20 23:30:00+00:00,4174.12
2026-01-21 00:00:00+00:00,4044.058
2026-01-21 00:30:00+00:00,3971.757
2026-01-21 01:00:00+00:00,3872.06
2026-01-21 01:30:00+00:00,3823.526
2026-01-21 02:00:00+00:00,3792.96
2026-01-21 02:30:00+00:00,3875.196
2026-01-21 03:00:00+00:00,3819.637
2026-01-21 03:30:00+00:00,3734.671
2026-01-21 04:00:00+00:00,3756.28
2026-01-21 04:30:00+00:00,3728.763
2026-01-21 05:00:00+00:00,3741.418
2026-01-21 05:30:00+00:00,3758.82
2026-01-21 06:00:00+00:00,3917.783
2026-01-21 06:30:00+00:00,4145.202
2026-01-21 07:00:00+00:00,4434.385
2026-01-21 07:30:00+00:00,4789.33
2026-01-21 08:00:00+00:00,4988.051
2026-01-21 08:30:00+00:00,5042.398
2026-01-21 09:00:00+00:00,5067.452
2026-01-21 09:30:00+00:00,5120.118
2026-01-21 10:00:00+00:00,5113.749
2026-01-21 10:30:00+00:00,5020.797
2026-01-21 11:00:00+00:00,5036.104
2026-01-21 11:30:00+00:00,5035.144
2026-01-21 12:00:00+00:00,5012.255
2026-01-21 12:30:00+00:00,5069.487
2026-01-21 13:00:00+00:00,5082.804
2026-01-21 13:30:00+00:00,5034.604
2026-01-21 14:00:00+00:00,5068.17
2026-01-21 14:30:00+00:00,5067.934
2026-01-21 15:00:00+00:00,5127.627
2026-01-21 15:30:00+00:00,5161.958
2026-01-21 16:00:00+00:00,5226.905
2026-01-21 16:30:00+00:00,5362.918
2026-01-21 17:00:00+00:00,5466.601
2026-01-21 17:30:00+00:00,5625.234
2026-01-21 18:00:00+00:00,5639.39
2026-01-21 18:30:00+00:00,5558.296
2026-01-21 19:00:00+00:00,5459.436
2026-01-21 19:30:00+00:00,5363.41
2026-01-21 20:00:00+00:00,5250.448
2026-01-21 20:30:00+00:00,5135.927
2026-01-21 21:00:00+00:00,5025.0
2026-01-21 21:30:00+00:00,4820.332
2026-01-21 22:00:00+00:00,4646.734
2026-01-21 22:30:00+00:00,4426.814
2026-01-21 23:00:00+00:00,4243.628
2026-01-21 23:30:00+00:00,4292.012
2026-01-22 00:00:00+00:00,4130.832
2026-01-22 00:30:00+00:00,4041.996
2026-01-22 01:00:00+00:00,3943.283
2026-01-22 01:30:00+00:00,3852.819
2026-01-22 02:00:00+00:00,3805.665
2026-01-22 02:30:00+00:00,3873.275
2026-01-22 03:00:00+00:00,3817.527
2026-01-22 03:30:00+00:00,3799.291
2026-01-22 04:00:00+00:00,3750.035
2026-01-22 04:30:00+00:00,3715.824
2026-01-22 05:00:00+00:00,3716.568
2026-01-22 05:30:00+00:00,3775.904
2026-01-22 06:00:00+00:00,3899.608
2026-01-22 06:30:00+00:00,4112.378
2026-01-22 07:00:00+00:00,4401.36
2026-01-22 07:30:00+00:00,4793.49
2026-01-22 08:00:00+00:00,4948.031
2026-01-22 08:30:00+00:00,5004.298
2026-01-22 09:00:00+00:00,5054.802
2026-01-22 09:30:00+00:00,5107.198
2026-01-22 10:00:00+00:00,5090.111
2026-01-22 10:30:00+00:00,5076.175
2026-01-22 11:00:00+00:00,5059.331
2026-01-22 11:30:00+00:00,5047.806
2026-01-22 12:00:00+00:00,5011.609
2026-01-22 12:30:00+00:00,5014.625
2026-01-22 13:00:00+00:00,5036.745
2026-01-22 13:30:00+00:00,4935.44
2026-01-22 14:00:00+00:00,4953.032
2026-01-22 14:30:00+00:00,4972.527
2026-01-22 15:00:00+00:00,5012.827
2026-01-22 15:30:00+00:00,5076.351
2026-01-22 16:00:00+00:00,5146.558
2026-01-22 16:30:00+00:00,5260.229
2026-01-22 17:00:00+00:00,5400.929
2026-01-22 17:30:00+00:00,5585.158
2026-01-22 18:00:00+00:00,5591.131
2026-01-22 18:30:00+00:00,5539.469
2026-01-22 19:00:00+00:00,5462.358
2026-01-22 19:30:00+00:00,5401.487
2026-01-22 20:00:00+00:00,5292.95
2026-01-22 20:30:00+00:00,5204.796
2026-01-22 21:00:00+00:00,5069.148
2026-01-22 21:30:00+00:00,4903.69
2026-01-22 22:00:00+00:00,4717.95
2026-01-22 22:30:00+00:00,4524.155
2026-01-22 23:00:00+00:00,4366.663
2026-01-22 23:30:00+00:00,4388.688
2026-01-23 00:00:00+00:00,4256.592
2026-01-23 00:30:00+00:00,4176.574
2026-01-23 01:00:00+00:00,4081.018
2026-01-23 01:30:00+00:00,4041.343
2026-01-23 02:00:00+00:00,3976.373
2026-01-23 02:30:00+00:00,4038.264
2026-01-23 03:00:00+00:00,3957.588
2026-01-23 03:30:00+00:00,3932.34
2026-01-23 04:00:00+00:00,3892.594
2026-01-23 04:30:00+00:00,3847.06
2026-01-23 05:00:00+00:00,3811.092
2026-01-23 05:30:00+00:00,3851.178
2026-01-23 06:00:00+00:00,3964.794
2026-01-23 06:30:00+00:00,4184.811
2026-01-23 07:00:00+00:00,4410.721
2026-01-23 07:30:00+00:00,4797.241
2026-01-23 08:00:00+00:00,4950.719
2026-01-23 08:30:00+00:00,4995.899
2026-01-23 09:00:00+00:00,5038.979
2026-01-23 09:30:00+00:00,5098.217
2026-01-23 10:00:00+00:00,5109.69
2026-01-23 10:30:00+00:00,5070.883
2026-01-23 11:00:00+00:00,5092.856
2026-01-23 11:30:00+00:00,5077.84
2026-01-23 12:00:00+00:00,5084.326
2026-01-23 12:30:00+00:00,5093.582
2026-01-23 13:00:00+00:00,5086.029
2026-01-23 13:30:00+00:00,5002.289
2026-01-23 14:00:00+00:00,4958.343
2026-01-23 14:30:00+00:00,4933.283
2026-01-23 15:00:00+00:00,4909.959
2026-01-23 15:30:00+00:00,4954.604
2026-01-23 16:00:00+00:00,4992.708
2026-01-23 16:30:00+00:00,5125.266
2026-01-23 17:00:00+00:00,5233.565
2026-01-23 17:30:00+00:00,5415.583
2026-01-23 18:00:00+00:00,5435.321
2026-01-23 18:30:00+00:00,5380.702
2026-01-23 19:00:00+00:00,5296.258
2026-01-23 19:30:00+00:00,5208.147
2026-01-23 20:00:00+00:00,5079.831
2026-01-23 20:30:00+00:00,4964.288
2026-01-23 21:00:00+00:00,4820.135
2026-01-23 21:30:00+00:00,4662.329
2026-01-23 22:00:00+00:00,4519.072
2026-01-23 22:30:00+00:00,4341.669
2026-01-23 23:00:00+00:00,4217.418
2026-01-23 23:30:00+00:00,4257.766
2026-01-24 00:00:00+00:00,4112.786
2026-01-24 00:30:00+00:00,4033.385
2026-01-24 01:00:00+00:00,3913.485
2026-01-24 01:30:00+00:00,3819.968
2026-01-24 02:00:00+00:00,3764.71
2026-01-24 02:30:00+00:00,3843.526
2026-01-24 03:00:00+00:00,3785.518
2026-01-24 03:30:00+00:00,3725.893
2026-01-24 04:00:00+00:00,3642.55
2026-01-24 04:30:00+00:00,3594.661
2026-01-24 05:00:00+00:00,3585.703
2026-01-24 05:30:00+00:00,3609.398
2026-01-24 06:00:00+00:00,3631.566
2026-01-24 06:30:00+00:00,3729.59
2026-01-24 07:00:00+00:00,3800.48
2026-01-24 07:30:00+00:00,3916.885
2026-01-24 08:00:00+00:00,3990.331
2026-01-24 08:30:00+00:00,4141.017
2026-01-24 09:00:00+00:00,4279.954
2026-01-24 09:30:00+00:00,4474.489
2026-01-24 10:00:00+00:00,4601.419
2026-01-24 10:30:00+00:00,4664.706
2026-01-24 11:00:00+00:00,4694.876
2026-01-24 11:30:00+00:00,4714.76
2026-01-24 12:00:00+00:00,4735.958
2026-01-24 12:30:00+00:00,4783.409
2026-01-24 13:00:00+00:00,4780.678
2026-01-24 13:30:00+00:00,4755.6
2026-01-24 14:00:00+00:00,4721.676
2026-01-24 14:30:00+00:00,4693.582
2026-01-24 15:00:00+00:00,4694.86
2026-01-24 15:30:00+00:00,4725.688
2026-01-24 16:00:00+00:00,4770.339
2026-01-24 16:30:00+00:00,4857.941
2026-01-24 17:00:00+00:00,5011.384
2026-01-24 17:30:00+00:00,5135.906
2026-01-24 18:00:00+00:00,5143.861
2026-01-24 18:30:00+00:00,5092.258
2026-01-24 19:00:00+00:00,4958.899
2026-01-24 19:30:00+00:00,4858.078
2026-01-24 20:00:00+00:00,4749.43
2026-01-24 20:30:00+00:00,4612.664
2026-01-24 21:00:00+00:00,4524.704
2026-01-24 21:30:00+00:00,4403.566
2026-01-24 22:00:00+00:00,4303.289
2026-01-24 22:30:00+00:00,4152.559
2026-01-24 23:00:00+00:00,4050.774
2026-01-24 23:30:00+00:00,4118.17
2026-01-25 00:00:00+00:00,4027.711
2026-01-25 00:30:00+00:00,3946.308
2026-01-25 01:00:00+00:00,3852.532
2026-01-25 01:30:00+00:00,3776.877
2026-01-25 02:00:00+00:00,3709.377
2026-01-25 02:30:00+00:00,3772.016
2026-01-25 03:00:00+00:00,3707.533
2026-01-25 03:30:00+00:00,3656.742
2026-01-25 04:00:00+00:00,3618.151
2026-01-25 04:30:00+00:00,3540.735
2026-01-25 05:00:00+00:00,3516.781
2026-01-25 05:30:00+00:00,3517.22
2026-01-25 06:00:00+00:00,3536.015
2026-01-25 06:30:00+00:00,3583.823
2026-01-25 07:00:00+00:00,3654.781
2026-01-25 07:30:00+00:00,3745.742
2026-01-25 08:00:00+00:00,3822.38
2026-01-25 08:30:00+00:00,3918.569
2026-01-25 09:00:00+00:00,4048.857
2026-01-25 09:30:00+00:00,4229.552
2026-01-25 10:00:00+00:00,4312.911
2026-01-25 10:30:00+00:00,4406.688
2026-01-25 11:00:00+00:00,4455.764
2026-01-25 11:30:00+00:00,4471.04
2026-01-25 12:00:00+00:00,4477.035
2026-01-25 12:30:00+00:00,4525.686
2026-01-25 13:00:00+00:00,4521.374
2026-01-25 13:30:00+00:00,4500.639
2026-01-25 14:00:00+00:00,4475.326
2026-01-25 14:30:00+00:00,4456.641
2026-01-25 15:00:00+00:00,4492.827
2026-01-25 15:30:00+00:00,4504.366
2026-01-25 16:00:00+00:00,4597.982
2026-01-25 16:30:00+00:00,4716.492
2026-01-25 17:00:00+00:00,4851.481
2026-01-25 17:30:00+00:00,5082.228
2026-01-25 18:00:00+00:00,5099.469
2026-01-25 18:30:00+00:00,5053.626
2026-01-25 19:00:00+00:00,5017.901
2026-01-25 19:30:00+00:00,4939.326
2026-01-25 20:00:00+00:00,4829.699
2026-01-25 20:30:00+00:00,4729.305
2026-01-25 21:00:00+00:00,4602.507
2026-01-25 21:30:00+00:00,4433.465
2026-01-25 22:00:00+00:00,4273.538
2026-01-25 22:30:00+00:00,4094.965
2026-01-25 23:00:00+00:00,3939.14
2026-01-25 23:30:00+00:00,3987.84
2026-01-26 00:00:00+00:00,3861.801
2026-01-26 00:30:00+00:00,3801.44
2026-01-26 01:00:00+00:00,3713.508
2026-01-26 01:30:00+00:00,3657.214
2026-01-26 02:00:00+00:00,3633.092
2026-01-26 02:30:00+00:00,3676.258
2026-01-26 03:00:00+00:00,3598.565
2026-01-26 03:30:00+00:00,3605.61
2026-01-26 04:00:00+00:00,3514.197
2026-01-26 04:30:00+00:00,3511.654
2026-01-26 05:00:00+00:00,3515.426
2026-01-26 05:30:00+00:00,3574.508
2026-01-26 06:00:00+00:00,3708.088
2026-01-26 06:30:00+00:00,3984.398
2026-01-26 07:00:00+00:00,4300.808
2026-01-26 07:30:00+00:00,4615.8
2026-01-26 08:00:00+00:00,4799.382
2026-01-26 08:30:00+00:00,4885.885
2026-01-26 09:00:00+00:00,4949.685
2026-01-26 09:30:00+00:00,5048.006
2026-01-26 10:00:00+00:00,5052.443
2026-01-26 10:30:00+00:00,5086.683
2026-01-26 11:00:00+00:00,5124.629
2026-01-26 11:30:00+00:00,5099.677
2026-01-26 12:00:00+00:00,5123.43
2026-01-26 12:30:00+00:00,5181.111
2026-01-26 14:00:00+00:00,5146.68
2026-01-26 14:30:00+00:00,5160.007
2026-01-26 16:00:00+00:00,5204.019
2026-01-26 16:30:00+00:00,5351.486
2026-01-26 17:00:00+00:00,5434.718
2026-01-26 17:30:00+00:00,5614.96
2026-01-26 18:00:00+00:00,5638.706
2026-01-26 18:30:00+00:00,5543.654
2026-01-26 19:00:00+00:00,5452.918
2026-01-26 19:30:00+00:00,5367.17
2026-01-26 20:00:00+00:00,5230.056
2026-01-26 20:30:00+00:00,5115.111
2026-01-26 21:00:00+00:00,5007.858
2026-01-26 21:30:00+00:00,4798.784
2026-01-26 22:00:00+00:00,4585.198
2026-01-26 22:30:00+00:00,4392.013
2026-01-26 23:00:00+00:00,4202.614
2026-01-26 23:30:00+00:00,4208.484
2026-01-27 00:00:00+00:00,4063.7
2026-01-27 00:30:00+00:00,3985.541
2026-01-27 01:00:00+00:00,3896.105
2026-01-27 01:30:00+00:00,3847.918
2026-01-27 02:00:00+00:00,3811.581
2026-01-27 02:30:00+00:00,3901.261
2026-01-27 03:00:00+00:00,3830.114
2026-01-27 03:30:00+00:00,3828.089
2026-01-27 04:00:00+00:00,3754.513
2026-01-27 04:30:00+00:00,3707.267
2026-01-27 05:00:00+00:00,3714.559
2026-01-27 05:30:00+00:00,3770.05
2026-01-27 06:00:00+00:00,3885.835
2026-01-27 06:30:00+00:00,4098.292
2026-01-27 07:00:00+00:00,4369.084
2026-01-27 07:30:00+00:00,4725.292
2026-01-27 08:00:00+00:00,4917.043
2026-01-27 08:30:00+00:00,4954.4
2026-01-27 09:00:00+00:00,4997.239
2026-01-27 09:30:00+00:00,5025.018
2026-01-27 10:00:00+00:00,4965.444
2026-01-27 10:30:00+00:00,4949.162
2026-01-27 11:00:00+00:00,4950.652
2026-01-27 11:30:00+00:00,4887.338
2026-01-27 12:00:00+00:00,4889.685
2026-01-27 12:30:00+00:00,4924.026
2026-01-27 13:00:00+00:00,4967.039
2026-01-27 13:30:00+00:00,4930.305
2026-01-27 14:00:00+00:00,5001.742
2026-01-27 14:30:00+00:00,5066.048
2026-01-27 15:00:00+00:00,5078.764
2026-01-27 15:30:00+00:00,5166.945
2026-01-27 16:00:00+00:00,5228.528
2026-01-27 16:30:00+00:00,5359.46
2026-01-27 17:00:00+00:00,5466.282
2026-01-27 17:30:00+00:00,5619.885
2026-01-27 18:00:00+00:00,5655.812
2026-01-27 18:30:00+00:00,5572.564
2026-01-27 19:00:00+00:00,5482.211
2026-01-27 19:30:00+00:00,5379.621
2026-01-27 20:00:00+00:00,5209.537
2026-01-27 20:30:00+00:00,5100.172
2026-01-27 21:00:00+00:00,4980.842
2026-01-27 21:30:00+00:00,4791.77
2026-01-27 22:00:00+00:00,4586.728
2026-01-27 22:30:00+00:00,4407.576
2026-01-27 23:00:00+00:00,4182.767
2026-01-27 23:30:00+00:00,4218.672
2026-01-28 00:00:00+00:00,4110.265
2026-01-28 00:30:00+00:00,4046.83
2026-01-28 01:00:00+00:00,3938.196
2026-01-28 01:30:00+00:00,3845.684
2026-01-28 02:00:00+00:00,3809.474
2026-01-28 02:30:00+00:00,3931.349
2026-01-28 03:00:00+00:00,3871.923
2026-01-28 03:30:00+00:00,3836.97
2026-01-28 04:00:00+00:00,3752.475
2026-01-28 04:30:00+00:00,3701.754
2026-01-28 05:00:00+00:00,3701.959
2026-01-28 05:30:00+00:00,3780.711
2026-01-28 06:00:00+00:00,3906.647
2026-01-28 06:30:00+00:00,4198.708
2026-01-28 07:00:00+00:00,4446.06
2026-01-28 07:30:00+00:00,4805.77
2026-01-28 08:00:00+00:00,4961.059
2026-01-28 08:30:00+00:00,4974.418
2026-01-28 09:00:00+00:00,4991.751
2026-01-28 09:30:00+00:00,5035.89
2026-01-28 10:00:00+00:00,4978.135
2026-01-28 10:30:00+00:00,4914.503
2026-01-28 11:00:00+00:00,4873.779
2026-01-28 11:30:00+00:00,4820.747
2026-01-28 12:00:00+00:00,4765.547
2026-01-28 12:30:00+00:00,4750.287
2026-01-28 13:00:00+00:00,4729.354
2026-01-28 13:30:00+00:00,4688.961
2026-01-28 14:00:00+00:00,4732.431
2026-01-28 14:30:00+00:00,4783.958
2026-01-28 15:00:00+00:00,4873.705
2026-01-28 15:30:00+00:00,4943.715
2026-01-28 16:00:00+00:00,5057.712
2026-01-28 16:30:00+00:00,5205.69
2026-01-28 17:00:00+00:00,5338.511
2026-01-28 17:30:00+00:00,5510.617
2026-01-28 18:00:00+00:00,5553.788
2026-01-28 18:30:00+00:00,5518.88
2026-01-28 19:00:00+00:00,5456.863
2026-01-28 19:30:00+00:00,5368.832
2026-01-28 20:00:00+00:00,5265.73
2026-01-28 20:30:00+00:00,5150.056
2026-01-28 21:00:00+00:00,5021.256
2026-01-28 21:30:00+00:00,4785.796
2026-01-28 22:00:00+00:00,4581.274
2026-01-28 22:30:00+00:00,4405.108
2026-01-28 23:00:00+00:00,4222.486
2026-01-28 23:30:00+00:00,4255.331
2026-01-29 00:00:00+00:00,4099.746
2026-01-29 00:30:00+00:00,4021.737
2026-01-29 01:00:00+00:00,3943.332
2026-01-29 01:30:00+00:00,3878.396
2026-01-29 02:00:00+00:00,3809.999
2026-01-29 02:30:00+00:00,3872.216
2026-01-29 03:00:00+00:00,3791.519
2026-01-29 03:30:00+00:00,3766.64
2026-01-29 04:00:00+00:00,3728.571
2026-01-29 04:30:00+00:00,3693.119
2026-01-29 05:00:00+00:00,3696.287
2026-01-29 05:30:00+00:00,3723.357
2026-01-29 06:00:00+00:00,3880.206
2026-01-29 06:30:00+00:00,4127.792
2026-01-29 07:00:00+00:00,4412.524
2026-01-29 07:30:00+00:00,4770.451
2026-01-29 08:00:00+00:00,4911.505
2026-01-29 08:30:00+00:00,4963.586
2026-01-29 09:00:00+00:00,4972.881
2026-01-29 09:30:00+00:00,5057.09
2026-01-29 10:00:00+00:00,5093.688
2026-01-29 10:30:00+00:00,5074.321
2026-01-29 11:00:00+00:00,5077.799
2026-01-29 11:30:00+00:00,5072.04
2026-01-29 12:00:00+00:00,5055.392
2026-01-29 12:30:00+00:00,5084.706
2026-01-29 13:00:00+00:00,5106.392
2026-01-29 13:30:00+00:00,5084.535
2026-01-29 14:00:00+00:00,5077.382
2026-01-29 14:30:00+00:00,5055.626
2026-01-29 15:00:00+00:00,5075.638
2026-01-29 15:30:00+00:00,5110.509
2026-01-29 16:00:00+00:00,5158.835
2026-01-29 16:30:00+00:00,5260.79
2026-01-29 17:00:00+00:00,5396.028
2026-01-29 17:30:00+00:00,5535.522
2026-01-29 18:00:00+00:00,5559.513
2026-01-29 18:30:00+00:00,5493.086
2026-01-29 19:00:00+00:00,5414.633
2026-01-29 19:30:00+00:00,5341.302
2026-01-29 20:00:00+00:00,5225.991
2026-01-29 20:30:00+00:00,5131.66
2026-01-29 21:00:00+00:00,4986.406
2026-01-29 21:30:00+00:00,4810.219
2026-01-29 22:00:00+00:00,4625.137
2026-01-29 22:30:00+00:00,4446.844
2026-01-29 23:00:00+00:00,4281.628
2026-01-29 23:30:00+00:00,4303.952
2026-01-30 00:00:00+00:00,4140.878
2026-01-30 00:30:00+00:00,4056.873
2026-01-30 01:00:00+00:00,3947.876
2026-01-30 01:30:00+00:00,3893.653
2026-01-30 02:00:00+00:00,3825.111
2026-01-30 02:30:00+00:00,3908.796
2026-01-30 03:00:00+00:00,3843.051
2026-01-30 03:30:00+00:00,3797.364
2026-01-30 04:00:00+00:00,3746.129
2026-01-30 04:30:00+00:00,3725.991
2026-01-30 05:00:00+00:00,3726.134
2026-01-30 05:30:00+00:00,3767.412
2026-01-30 06:00:00+00:00,3905.258
2026-01-30 06:30:00+00:00,4114.873
2026-01-30 07:00:00+00:00,4402.33
2026-01-30 07:30:00+00:00,4770.498
2026-01-30 08:00:00+00:00,4852.738
2026-01-30 08:30:00+00:00,4899.807
2026-01-30 09:00:00+00:00,4958.994
2026-01-30 09:30:00+00:00,4999.471
2026-01-30 10:00:00+00:00,4950.033
2026-01-30 10:30:00+00:00,4939.579
2026-01-30 11:00:00+00:00,4885.344
2026-01-30 11:30:00+00:00,4851.039
2026-01-30 12:00:00+00:00,4844.764
2026-01-30 12:30:00+00:00,4862.402
2026-01-30 13:00:00+00:00,4831.847
2026-01-30 13:30:00+00:00,4822.921
2026-01-30 14:00:00+00:00,4844.617
2026-01-30 14:30:00+00:00,4869.886
2026-01-30 15:00:00+00:00,4889.095
2026-01-30 15:30:00+00:00,4958.93
2026-01-30 16:00:00+00:00,5010.737
2026-01-30 16:30:00+00:00,5067.115
2026-01-30 17:00:00+00:00,5159.559
2026-01-30 17:30:00+00:00,5363.061
2026-01-30 18:00:00+00:00,5417.314
2026-01-30 18:30:00+00:00,5367.131
2026-01-30 19:00:00+00:00,5272.082
2026-01-30 19:30:00+00:00,5218.168
2026-01-30 20:00:00+00:00,5093.775
2026-01-30 20:30:00+00:00,4980.896
2026-01-30 21:00:00+00:00,4884.49
2026-01-30 21:30:00+00:00,4741.829
2026-01-30 22:00:00+00:00,4583.741
2026-01-30 22:30:00+00:00,4412.347
2026-01-30 23:00:00+00:00,4282.396
2026-01-30 23:30:00+00:00,4343.034
2026-01-31 01:00:00+00:00,3993.737
2026-01-31 01:30:00+00:00,3894.38
2026-01-31 02:00:00+00:00,3836.029
2026-01-31 02:30:00+00:00,3908.554
2026-01-31 03:00:00+00:00,3839.37
2026-01-31 03:30:00+00:00,3795.923
2026-01-31 04:00:00+00:00,3733.195
2026-01-31 04:30:00+00:00,3684.302
2026-01-31 05:00:00+00:00,3644.079
2026-01-31 05:30:00+00:00,3629.118
2026-01-31 06:00:00+00:00,3696.779
2026-01-31 06:30:00+00:00,3788.968
2026-01-31 07:00:00+00:00,3863.616
2026-01-31 07:30:00+00:00,4005.329
2026-01-31 08:00:00+00:00,4081.539
2026-01-31 08:30:00+00:00,4228.575
2026-01-31 09:00:00+00:00,4397.802
2026-01-31 09:30:00+00:00,4550.546
2026-01-31 10:00:00+00:00,4610.87
2026-01-31 10:30:00+00:00,4656.365
2026-01-31 11:00:00+00:00,4654.394
2026-01-31 11:30:00+00:00,4649.95
2026-01-31 12:00:00+00:00,4613.575
2026-01-31 12:30:00+00:00,4633.961
2026-01-31 13:00:00+00:00,4626.701
2026-01-31 13:30:00+00:00,4573.64
2026-01-31 14:00:00+00:00,4534.805
2026-01-31 14:30:00+00:00,4518.039
2026-01-31 15:00:00+00:00,4517.188
2026-01-31 15:30:00+00:00,4562.81
2026-01-31 16:00:00+00:00,4614.872
2026-01-31 16:30:00+00:00,4730.208
2026-01-31 17:00:00+00:00,4876.358
2026-01-31 17:30:00+00:00,5060.978
2026-01-31 18:00:00+00:00,5139.295
2026-01-31 18:30:00+00:00,5077.956
2026-01-31 19:00:00+00:00,4983.919
2026-01-31 19:30:00+00:00,4878.313
2026-01-31 20:00:00+00:00,4783.58
2026-01-31 20:30:00+00:00,4681.139
2026-01-31 21:00:00+00:00,4578.222
2026-01-31 21:30:00+00:00,4469.852
2026-01-31 22:00:00+00:00,4331.766
2026-01-31 22:30:00+00:00,4194.74
2026-01-31 23:00:00+00:00,4081.001
2026-01-31 23:30:00+00:00,4136.897
2026-02-01 00:00:00+00:00,4030.976
2026-02-01 00:30:00+00:00,3963.642
2026-02-01 01:00:00+00:00,3866.557
2026-02-01 01:30:00+00:00,3779.72
2026-02-01 02:00:00+00:00,3706.118
2026-02-01 02:30:00+00:00,3730.767
2026-02-01 03:00:00+00:00,3661.596
2026-02-01 03:30:00+00:00,3615.35
2026-02-01 04:00:00+00:00,3577.184
2026-02-01 04:30:00+00:00,3493.728
2026-02-01 05:00:00+00:00,3447.576
2026-02-01 05:30:00+00:00,3448.215
2026-02-01 06:00:00+00:00,3446.425
2026-02-01 06:30:00+00:00,3480.99
2026-02-01 07:00:00+00:00,3537.346
2026-02-01 07:30:00+00:00,3673.386
2026-02-01 08:00:00+00:00,3723.957
2026-02-01 08:30:00+00:00,3821.846
2026-02-01 09:00:00+00:00,3978.235
2026-02-01 09:30:00+00:00,4102.623
2026-02-01 10:00:00+00:00,4165.342
2026-02-01 10:30:00+00:00,4210.203
2026-02-01 11:00:00+00:00,4188.898
2026-02-01 11:30:00+00:00,4194.766
2026-02-01 12:00:00+00:00,4200.071
2026-02-01 12:30:00+00:00,4228.54
2026-02-01 13:00:00+00:00,4146.023
2026-02-01 13:30:00+00:00,4093.332
2026-02-01 14:00:00+00:00,4053.642
2026-02-01 14:30:00+00:00,4047.514
2026-02-01 15:00:00+00:00,4061.539
2026-02-01 15:30:00+00:00,4131.711
2026-02-01 16:00:00+00:00,4232.106
2026-02-01 16:30:00+00:00,4413.148
2026-02-01 17:00:00+00:00,4552.678
2026-02-01 17:30:00+00:00,4772.353
2026-02-01 18:00:00+00:00,4918.04
2026-02-01 18:30:00+00:00,4906.018
2026-02-01 19:00:00+00:00,4852.798
2026-02-01 19:30:00+00:00,4779.044
2026-02-01 20:00:00+00:00,4694.869
2026-02-01 20:30:00+00:00,4621.557
2026-02-01 21:00:00+00:00,4548.958
2026-02-01 21:30:00+00:00,4443.903
2026-02-01 22:00:00+00:00,4308.761
2026-02-01 22:30:00+00:00,4184.134
2026-02-01 23:00:00+00:00,4100.131
2026-02-01 23:30:00+00:00,4154.092
2026-02-02 00:00:00+00:00,4041.255
2026-02-02 00:30:00+00:00,3982.725
2026-02-02 01:00:00+00:00,3867.781
2026-02-02 01:30:00+00:00,3791.683
2026-02-02 02:00:00+00:00,3704.592
2026-02-02 02:30:00+00:00,3729.403
2026-02-02 03:00:00+00:00,3631.777
2026-02-02 03:30:00+00:00,3593.441
2026-02-02 04:00:00+00:00,3535.887
2026-02-02 04:30:00+00:00,3486.966
2026-02-02 05:00:00+00:00,3481.308
2026-02-02 05:30:00+00:00,3524.798
2026-02-02 06:00:00+00:00,3574.647
2026-02-02 06:30:00+00:00,3653.804
2026-02-02 07:00:00+00:00,3717.441
2026-02-02 07:30:00+00:00,3843.153
2026-02-02 08:00:00+00:00,3864.722
2026-02-02 08:30:00+00:00,3954.203
2026-02-02 09:00:00+00:00,4071.018
2026-02-02 09:30:00+00:00,4192.79
2026-02-02 10:00:00+00:00,4298.13
2026-02-02 10:30:00+00:00,4406.971
2026-02-02 11:00:00+00:00,4478.423
2026-02-02 11:30:00+00:00,4557.906
2026-02-02 12:00:00+00:00,4598.332
2026-02-02 12:30:00+00:00,4659.243
2026-02-02 13:00:00+00:00,4673.86
2026-02-02 13:30:00+00:00,4657.395
2026-02-02 14:00:00+00:00,4633.915
2026-02-02 14:30:00+00:00,4649.995
2026-02-02 15:00:00+00:00,4648.139
2026-02-02 15:30:00+00:00,4694.332
2026-02-02 16:00:00+00:00,4752.284
2026-02-02 16:30:00+00:00,4854.386
2026-02-02 17:00:00+00:00,4974.824
2026-02-02 17:30:00+00:00,5134.626
2026-02-02 18:00:00+00:00,5183.889
2026-02-02 18:30:00+00:00,5107.96
2026-02-02 19:00:00+00:00,5040.352
2026-02-02 19:30:00+00:00,4966.651
2026-02-02 20:00:00+00:00,4852.815
2026-02-02 20:30:00+00:00,4765.754
2026-02-02 21:00:00+00:00,4631.647
2026-02-02 21:30:00+00:00,4451.776
2026-02-02 22:00:00+00:00,4289.505
2026-02-02 22:30:00+00:00,4085.292
2026-02-02 23:00:00+00:00,3909.692
2026-02-02 23:30:00+00:00,3933.901
2026-02-03 00:00:00+00:00,3811.315
2026-02-03 00:30:00+00:00,3753.558
2026-02-03 01:00:00+00:00,3656.331
2026-02-03 01:30:00+00:00,3578.586
2026-02-03 02:00:00+00:00,3577.784
2026-02-03 02:30:00+00:00,3665.483
2026-02-03 03:00:00+00:00,3611.456
2026-02-03 03:30:00+00:00,3576.592
2026-02-03 04:00:00+00:00,3511.167
2026-02-03 04:30:00+00:00,3497.986
2026-02-03 05:00:00+00:00,3500.315
2026-02-03 05:30:00+00:00,3569.357
2026-02-03 06:00:00+00:00,3684.614
2026-02-03 06:30:00+00:00,3952.85
2026-02-03 07:00:00+00:00,4295.266
2026-02-03 07:30:00+00:00,4654.535
2026-02-03 08:00:00+00:00,4818.52
2026-02-03 08:30:00+00:00,4893.469
2026-02-03 09:00:00+00:00,4972.908
2026-02-03 09:30:00+00:00,5049.361
2026-02-03 13:00:00+00:00,5187.432
2026-02-03 13:30:00+00:00,5128.266
2026-02-03 14:00:00+00:00,5140.184
2026-02-03 14:30:00+00:00,5127.173
2026-02-03 15:00:00+00:00,5158.622
2026-02-03 15:30:00+00:00,5192.537
2026-02-03 16:00:00+00:00,5224.788
2026-02-03 16:30:00+00:00,5332.425
2026-02-03 17:00:00+00:00,5415.117
2026-02-03 17:30:00+00:00,5529.042
2026-02-03 18:00:00+00:00,5569.587
2026-02-03 18:30:00+00:00,5483.02
2026-02-03 19:00:00+00:00,5363.309
2026-02-03 19:30:00+00:00,5282.212
2026-02-03 20:00:00+00:00,5166.069
2026-02-03 20:30:00+00:00,5107.965
2026-02-03 21:00:00+00:00,4992.267
2026-02-03 21:30:00+00:00,4775.992
2026-02-03 22:00:00+00:00,4551.0
2026-02-03 22:30:00+00:00,4338.157
2026-02-03 23:00:00+00:00,4148.967
2026-02-03 23:30:00+00:00,4156.449
2026-02-04 00:00:00+00:00,4019.27
2026-02-04 00:30:00+00:00,3955.789
2026-02-04 01:00:00+00:00,3836.648
2026-02-04 01:30:00+00:00,3771.978
2026-02-04 02:00:00+00:00,3726.7
2026-02-04 02:30:00+00:00,3807.977
2026-02-04 03:00:00+00:00,3763.831
2026-02-04 03:30:00+00:00,3718.929
2026-02-04 04:00:00+00:00,3695.796
2026-02-04 04:30:00+00:00,3647.412
2026-02-04 05:00:00+00:00,3656.206
2026-02-04 05:30:00+00:00,3714.954
2026-02-04 06:00:00+00:00,3839.805
2026-02-04 06:30:00+00:00,4087.759
2026-02-04 07:00:00+00:00,4389.22
2026-02-04 07:30:00+00:00,4749.794
2026-02-04 08:00:00+00:00,4890.248
2026-02-04 08:30:00+00:00,4939.489
2026-02-04 09:00:00+00:00,4968.717
2026-02-04 09:30:00+00:00,5069.194
2026-02-04 10:00:00+00:00,5035.44
2026-02-04 10:30:00+00:00,5000.163
2026-02-04 11:00:00+00:00,4966.51
2026-02-04 11:30:00+00:00,4961.215
2026-02-04 12:00:00+00:00,4931.856
2026-02-04 12:30:00+00:00,4923.254
2026-02-04 13:00:00+00:00,4908.286
2026-02-04 13:30:00+00:00,4878.023
2026-02-04 14:00:00+00:00,4866.205
2026-02-04 14:30:00+00:00,4848.957
2026-02-04 15:00:00+00:00,4883.581
2026-02-04 15:30:00+00:00,4907.651
2026-02-04 16:00:00+00:00,5001.95
2026-02-04 16:30:00+00:00,5082.8
2026-02-04 17:00:00+00:00,5188.185
2026-02-04 17:30:00+00:00,5327.969
2026-02-04 18:00:00+00:00,5449.518
2026-02-04 18:30:00+00:00,5427.674
2026-02-04 19:00:00+00:00,5326.354
2026-02-04 19:30:00+00:00,5267.382
2026-02-04 20:00:00+00:00,5190.408
2026-02-04 20:30:00+00:00,5111.009
2026-02-04 21:00:00+00:00,4968.987
2026-02-04 21:30:00+00:00,4783.397
2026-02-04 22:00:00+00:00,4587.671
2026-02-04 22:30:00+00:00,4405.918
2026-02-04 23:00:00+00:00,4203.567
2026-02-04 23:30:00+00:00,4232.982
2026-02-05 00:00:00+00:00,4087.441
2026-02-05 00:30:00+00:00,3987.374
2026-02-05 01:00:00+00:00,3892.808
2026-02-05 01:30:00+00:00,3800.604
2026-02-05 02:00:00+00:00,3757.047
2026-02-05 02:30:00+00:00,3856.64
2026-02-05 03:00:00+00:00,3818.636
2026-02-05 03:30:00+00:00,3778.595
2026-02-05 04:00:00+00:00,3725.323
2026-02-05 04:30:00+00:00,3675.332
2026-02-05 05:00:00+00:00,3660.013
2026-02-05 05:30:00+00:00,3736.74
2026-02-05 06:00:00+00:00,3879.655
2026-02-05 06:30:00+00:00,4110.943
2026-02-05 07:00:00+00:00,4391.234
2026-02-05 07:30:00+00:00,4737.117
2026-02-05 08:00:00+00:00,4881.649
2026-02-05 08:30:00+00:00,4962.025
2026-02-05 09:00:00+00:00,5005.582
2026-02-05 09:30:00+00:00,5117.318
2026-02-24 14:00:00+00:00,4666.168
2026-02-24 14:30:00+00:00,4685.983
2026-02-24 15:00:00+00:00,4714.956
2026-02-24 15:30:00+00:00,4765.1
2026-02-24 16:00:00+00:00,4819.336
2026-02-24 16:30:00+00:00,4908.202
2026-02-24 17:00:00+00:00,5060.302
2026-02-24 17:30:00+00:00,5166.198
2026-02-24 18:00:00+00:00,5276.498
2026-02-24 18:30:00+00:00,5334.905
2026-02-24 19:00:00+00:00,5248.689
2026-02-24 19:30:00+00:00,5163.98
2026-02-24 20:00:00+00:00,5056.903
2026-02-24 20:30:00+00:00,4954.975
2026-02-24 21:00:00+00:00,4859.487
2026-02-24 21:30:00+00:00,4656.033
2026-02-24 22:00:00+00:00,4466.352
2026-02-24 22:30:00+00:00,4236.865
2026-02-24 23:00:00+00:00,4068.224
2026-02-24 23:30:00+00:00,4086.263
2026-02-25 00:00:00+00:00,3922.027
2026-02-25 00:30:00+00:00,3862.578
2026-02-25 01:00:00+00:00,3753.567
2026-02-25 01:30:00+00:00,3683.821
2026-02-25 02:00:00+00:00,3661.249
2026-02-25 02:30:00+00:00,3711.082
2026-02-25 03:00:00+00:00,3658.83
2026-02-25 03:30:00+00:00,3629.382
2026-02-25 04:00:00+00:00,3593.95
2026-02-25 04:30:00+00:00,3560.229
2026-02-25 05:00:00+00:00,3570.286
2026-02-25 05:30:00+00:00,3633.618
2026-02-25 06:00:00+00:00,3768.81
2026-02-25 06:30:00+00:00,4010.279
2026-02-25 07:00:00+00:00,4326.592
2026-02-25 07:30:00+00:00,4612.405
2026-02-25 08:00:00+00:00,4699.403
2026-02-25 08:30:00+00:00,4774.016
2026-02-25 09:00:00+00:00,4804.958
2026-02-25 09:30:00+00:00,4844.08
2026-02-25 10:00:00+00:00,4798.358
2026-02-25 10:30:00+00:00,4761.068
2026-02-25 11:00:00+00:00,4735.94
2026-02-25 11:30:00+00:00,4673.531
2026-02-25 12:00:00+00:00,4667.535
2026-02-25 12:30:00+00:00,4655.966
2026-02-25 13:00:00+00:00,4624.995
2026-02-25 13:30:00+00:00,4603.54
2026-02-25 14:00:00+00:00,4574.059
2026-02-25 14:30:00+00:00,4606.776
2026-02-25 15:00:00+00:00,4624.916
2026-02-25 15:30:00+00:00,4680.14
2026-02-25 16:00:00+00:00,4727.671
2026-02-25 16:30:00+00:00,4833.466
2026-02-25 17:00:00+00:00,4906.181
2026-02-25 17:30:00+00:00,5049.514
2026-02-25 18:00:00+00:00,5140.259
2026-02-25 18:30:00+00:00,5214.799
2026-02-25 19:00:00+00:00,5132.784
2026-02-25 19:30:00+00:00,5074.425
2026-02-25 20:00:00+00:00,4958.618
2026-02-25 20:30:00+00:00,4879.83
2026-02-25 21:00:00+00:00,4781.413
2026-02-25 21:30:00+00:00,4580.452
2026-02-25 22:00:00+00:00,4361.044
2026-02-25 22:30:00+00:00,4180.823
2026-02-25 23:00:00+00:00,4028.726
2026-02-25 23:30:00+00:00,4036.477
2026-02-26 00:00:00+00:00,3893.03
2026-02-26 00:30:00+00:00,3801.751
2026-02-26 01:00:00+00:00,3708.074
2026-02-26 01:30:00+00:00,3671.369
2026-02-26 02:00:00+00:00,3625.441
2026-02-26 02:30:00+00:00,3684.66
2026-02-26 03:00:00+00:00,3623.433
2026-02-26 03:30:00+00:00,3553.607
2026-02-26 04:00:00+00:00,3524.849
2026-02-26 04:30:00+00:00,3469.488
2026-02-26 05:00:00+00:00,3558.059
2026-02-26 05:30:00+00:00,3629.714
2026-02-26 06:00:00+00:00,3773.846
2026-02-26 06:30:00+00:00,4040.437
2026-02-26 07:00:00+00:00,4265.57
2026-02-26 07:30:00+00:00,4561.96
2026-02-26 08:00:00+00:00,4695.582
2026-02-26 08:30:00+00:00,4726.0
2026-02-26 09:00:00+00:00,4804.623
2026-02-26 09:30:00+00:00,4832.517
2026-02-26 10:00:00+00:00,4792.343
2026-02-26 10:30:00+00:00,4786.677
2026-02-26 11:00:00+00:00,4728.978
2026-02-26 11:30:00+00:00,4751.554
2026-02-26 14:00:00+00:00,4614.102
2026-02-26 14:30:00+00:00,4605.512
2026-02-26 15:00:00+00:00,4600.226
2026-02-26 15:30:00+00:00,4649.323
2026-02-26 17:00:00+00:00,4906.497
2026-02-26 17:30:00+00:00,5029.204
2026-02-26 18:00:00+00:00,5115.837
2026-02-26 18:30:00+00:00,5238.432
2026-02-26 19:00:00+00:00,5201.605
2026-02-26 19:30:00+00:00,5136.236
2026-02-26 20:00:00+00:00,5037.133
2026-02-26 20:30:00+00:00,4943.897
2026-02-26 21:00:00+00:00,4804.969
2026-02-26 21:30:00+00:00,4657.404
2026-02-26 22:00:00+00:00,4436.436
2026-02-26 22:30:00+00:00,4248.46
2026-02-26 23:00:00+00:00,4105.102
2026-02-26 23:30:00+00:00,4117.518
2026-02-27 00:00:00+00:00,4034.508
2026-02-27 00:30:00+00:00,3974.607
2026-02-27 01:00:00+00:00,3867.86
2026-02-27 01:30:00+00:00,3831.241
2026-02-27 02:00:00+00:00,3752.633
2026-02-27 02:30:00+00:00,3839.755
2026-02-27 03:00:00+00:00,3802.922
2026-02-27 03:30:00+00:00,3740.914
2026-02-27 04:00:00+00:00,3683.175
2026-02-27 04:30:00+00:00,3664.932
2026-02-27 05:00:00+00:00,3680.424
2026-02-27 05:30:00+00:00,3739.77
2026-02-27 07:00:00+00:00,4366.584
2026-02-27 07:30:00+00:00,4644.924
2026-02-27 08:00:00+00:00,4758.919
2026-02-27 08:30:00+00:00,4780.022
2026-02-27 09:00:00+00:00,4794.121
2026-02-27 09:30:00+00:00,4797.758
2026-02-27 10:00:00+00:00,4734.682
2026-02-27 10:30:00+00:00,4623.451
2026-02-27 11:00:00+00:00,4518.963
2026-02-27 11:30:00+00:00,4467.808
2026-02-27 12:00:00+00:00,4374.704
2026-02-27 12:30:00+00:00,4358.115
2026-02-27 13:00:00+00:00,4324.681
2026-02-27 13:30:00+00:00,4263.753
2026-02-27 14:00:00+00:00,4290.402
2026-02-27 14:30:00+00:00,4362.668
2026-02-27 15:00:00+00:00,4370.795
2026-02-27 15:30:00+00:00,4471.01
2026-02-27 16:00:00+00:00,4553.48
2026-02-27 16:30:00+00:00,4646.59
2026-02-27 17:00:00+00:00,4785.19
2026-02-27 17:30:00+00:00,4942.192
2026-02-27 18:00:00+00:00,5009.195
2026-02-27 18:30:00+00:00,5142.075
2026-02-27 19:00:00+00:00,5123.615
2026-02-27 19:30:00+00:00,5074.28
2026-02-27 20:00:00+00:00,4952.137
2026-02-27 20:30:00+00:00,4854.487
2026-02-27 21:00:00+00:00,4740.873
2026-02-27 21:30:00+00:00,4606.666
2026-02-27 22:00:00+00:00,4440.187
2026-02-27 22:30:00+00:00,4305.054
2026-02-27 23:00:00+00:00,4196.739
2026-02-27 23:30:00+00:00,4247.19
2026-02-28 00:00:00+00:00,4131.872
2026-02-28 00:30:00+00:00,4067.451
2026-02-28 01:00:00+00:00,3977.504
2026-02-28 01:30:00+00:00,3919.175
2026-02-28 02:00:00+00:00,3858.034
2026-02-28 02:30:00+00:00,3940.666
2026-02-28 03:00:00+00:00,3875.189
2026-02-28 03:30:00+00:00,3829.165
2026-02-28 04:00:00+00:00,3786.97
2026-02-28 04:30:00+00:00,3751.316
2026-02-28 05:00:00+00:00,3733.962
2026-02-28 05:30:00+00:00,3737.53
2026-02-28 06:00:00+00:00,3779.481
2026-02-28 06:30:00+00:00,3864.158
2026-02-28 07:00:00+00:00,3956.416
2026-02-28 07:30:00+00:00,4082.659
2026-02-28 08:00:00+00:00,4136.226
2026-02-28 08:30:00+00:00,4199.407
2026-02-28 09:00:00+00:00,4208.951
2026-02-28 09:30:00+00:00,4214.763
2026-02-28 10:00:00+00:00,4182.007
2026-02-28 10:30:00+00:00,4132.807
2026-02-28 11:00:00+00:00,4051.699
2026-02-28 11:30:00+00:00,4007.836
2026-02-28 12:00:00+00:00,3953.849
2026-02-28 12:30:00+00:00,3963.047
2026-02-28 13:00:00+00:00,3993.204
2026-02-28 13:30:00+00:00,4082.624
2026-02-28 14:00:00+00:00,4064.5
2026-02-28 14:30:00+00:00,4105.974
2026-02-28 15:00:00+00:00,4153.998
2026-02-28 15:30:00+00:00,4237.75
2026-02-28 16:00:00+00:00,4295.324
2026-02-28 16:30:00+00:00,4344.889
2026-02-28 17:00:00+00:00,4461.91
2026-02-28 17:30:00+00:00,4609.985
2026-02-28 18:00:00+00:00,4727.705
2026-02-28 18:30:00+00:00,4877.972
2026-02-28 19:00:00+00:00,4840.618
2026-02-28 19:30:00+00:00,4729.747
2026-02-28 20:00:00+00:00,4616.596
2026-02-28 20:30:00+00:00,4509.343
2026-02-28 21:00:00+00:00,4395.519
2026-02-28 21:30:00+00:00,4291.013
2026-02-28 22:00:00+00:00,4166.319
2026-02-28 22:30:00+00:00,4003.533
2026-02-28 23:00:00+00:00,3921.423
2026-02-28 23:30:00+00:00,3962.087
2026-03-01 00:00:00+00:00,3827.58
2026-03-01 00:30:00+00:00,3780.268
2026-03-01 01:00:00+00:00,3655.763
2026-03-01 01:30:00+00:00,3640.314
2026-03-01 02:00:00+00:00,3563.62
2026-03-01 02:30:00+00:00,3602.546
2026-03-01 03:00:00+00:00,3544.292
2026-03-01 03:30:00+00:00,3499.366
2026-03-01 04:00:00+00:00,3451.563
2026-03-01 04:30:00+00:00,3425.779
2026-03-01 05:00:00+00:00,3386.028
2026-03-01 05:30:00+00:00,3384.431
2026-03-01 06:00:00+00:00,3400.91
2026-03-01 06:30:00+00:00,3434.879
2026-03-01 07:00:00+00:00,3483.765
2026-03-01 07:30:00+00:00,3559.259
2026-03-01 08:00:00+00:00,3618.65
2026-03-01 08:30:00+00:00,3725.389
2026-03-01 09:00:00+00:00,3858.409
2026-03-01 09:30:00+00:00,3932.175
2026-03-01 10:00:00+00:00,4016.614
2026-03-01 10:30:00+00:00,4080.551
2026-03-01 11:00:00+00:00,4139.24
2026-03-01 11:30:00+00:00,4172.244
2026-03-01 12:00:00+00:00,4189.606
2026-03-01 12:30:00+00:00,4244.443
2026-03-01 13:00:00+00:00,4261.564
2026-03-01 13:30:00+00:00,4275.47
2026-03-01 14:00:00+00:00,4300.464
2026-03-01 14:30:00+00:00,4306.293
2026-03-01 15:00:00+00:00,4336.413
2026-03-01 15:30:00+00:00,4340.632
2026-03-01 16:00:00+00:00,4405.585
2026-03-01 16:30:00+00:00,4516.014
2026-03-01 17:00:00+00:00,4624.288
2026-03-01 17:30:00+00:00,4748.292
2026-03-01 18:00:00+00:00,4841.258
2026-03-01 18:30:00+00:00,4894.581
2026-03-01 19:00:00+00:00,4873.252
2026-03-01 19:30:00+00:00,4749.671
2026-03-01 20:00:00+00:00,4644.708
2026-03-01 20:30:00+00:00,4534.062
2026-03-01 21:00:00+00:00,4442.871
2026-03-01 21:30:00+00:00,4309.735
2026-03-01 22:00:00+00:00,4157.992
2026-03-01 22:30:00+00:00,3963.858
2026-03-01 23:00:00+00:00,3799.666
2026-03-01 23:30:00+00:00,3858.853
2026-03-02 00:00:00+00:00,3784.28
2026-03-02 00:30:00+00:00,3727.734
2026-03-02 01:00:00+00:00,3608.723
2026-03-02 01:30:00+00:00,3565.389
2026-03-02 02:00:00+00:00,3499.094
2026-03-02 02:30:00+00:00,3582.173
2026-03-02 03:00:00+00:00,3527.143
2026-03-02 03:30:00+00:00,3502.936
2026-03-02 04:00:00+00:00,3457.371
2026-03-02 04:30:00+00:00,3420.711
2026-03-02 05:00:00+00:00,3443.216
2026-03-02 05:30:00+00:00,3498.455
2026-03-02 06:00:00+00:00,3639.348
2026-03-02 06:30:00+00:00,3865.561
2026-03-02 07:00:00+00:00,4160.272
2026-03-02 07:30:00+00:00,4487.362
2026-03-02 08:00:00+00:00,4587.097
2026-03-02 08:30:00+00:00,4605.173
2026-03-02 09:00:00+00:00,4628.639
2026-03-02 09:30:00+00:00,4611.312
2026-03-02 10:00:00+00:00,4514.358
2026-03-02 10:30:00+00:00,4461.939
2026-03-02 11:00:00+00:00,4333.604
2026-03-02 11:30:00+00:00,4294.76
2026-03-02 12:00:00+00:00,4260.157
2026-03-02 12:30:00+00:00,4226.975
2026-03-02 13:00:00+00:00,4210.259
2026-03-02 13:30:00+00:00,4171.542
2026-03-02 14:00:00+00:00,4241.023
2026-03-02 14:30:00+00:00,4271.352
2026-03-02 15:00:00+00:00,4361.345
2026-03-02 15:30:00+00:00,4405.733
2026-03-02 16:00:00+00:00,4479.538
2026-03-02 16:30:00+00:00,4604.092
2026-03-02 18:00:00+00:00,5003.593
2026-03-02 18:30:00+00:00,5147.733
2026-03-02 19:00:00+00:00,5159.672
2026-03-02 19:30:00+00:00,5094.22
2026-03-02 20:00:00+00:00,4997.651
2026-03-02 20:30:00+00:00,4921.019
2026-03-02 21:00:00+00:00,4797.369
2026-03-02 21:30:00+00:00,4640.679
2026-03-02 22:00:00+00:00,4450.404
2026-03-02 22:30:00+00:00,4258.705
2026-03-02 23:00:00+00:00,4099.118
2026-03-02 23:30:00+00:00,4157.446
2026-03-03 00:00:00+00:00,4029.95
2026-03-03 00:30:00+00:00,3984.701
2026-03-03 01:00:00+00:00,3898.283
2026-03-03 01:30:00+00:00,3850.842
2026-03-03 02:00:00+00:00,3850.846
2026-03-03 02:30:00+00:00,3959.632
2026-03-03 03:00:00+00:00,3906.093
2026-03-03 03:30:00+00:00,3878.664
2026-03-03 04:00:00+00:00,3817.594
2026-03-03 04:30:00+00:00,3791.222
2026-03-03 05:00:00+00:00,3808.989
2026-03-03 05:30:00+00:00,3863.035
2026-03-03 07:00:00+00:00,4584.174
2026-03-03 07:30:00+00:00,4887.298
2026-03-03 08:00:00+00:00,4947.317
2026-03-03 08:30:00+00:00,4896.944
2026-03-03 09:00:00+00:00,4794.944
2026-03-03 09:30:00+00:00,4708.733
2026-03-03 10:00:00+00:00,4562.658
2026-03-03 10:30:00+00:00,4413.805
2026-03-03 11:00:00+00:00,4290.499
2026-03-03 11:30:00+00:00,4161.184
2026-03-03 12:00:00+00:00,4088.98
2026-03-03 12:30:00+00:00,4053.53
2026-03-03 13:00:00+00:00,4132.424
2026-03-03 13:30:00+00:00,4076.123
2026-03-03 14:00:00+00:00,4060.435
2026-03-03 14:30:00+00:00,4098.319
2026-03-03 15:00:00+00:00,4148.446
2026-03-03 15:30:00+00:00,4253.19
2026-03-03 16:00:00+00:00,4386.747
2026-03-03 16:30:00+00:00,4585.552
2026-03-03 17:00:00+00:00,4751.575
2026-03-03 17:30:00+00:00,4912.621
2026-03-03 18:00:00+00:00,5048.185
2026-03-03 18:30:00+00:00,5163.219
2026-03-03 19:00:00+00:00,5192.251
2026-03-03 19:30:00+00:00,5161.495
2026-03-03 20:00:00+00:00,5057.34
2026-03-03 20:30:00+00:00,4942.657
2026-03-03 21:00:00+00:00,4821.413
2026-03-03 21:30:00+00:00,4644.171
2026-03-03 22:00:00+00:00,4413.819
2026-03-03 22:30:00+00:00,4198.438
2026-03-03 23:00:00+00:00,4034.809
2026-03-03 23:30:00+00:00,4042.063
2026-03-04 00:00:00+00:00,3898.718
2026-03-04 00:30:00+00:00,3833.163
2026-03-04 01:00:00+00:00,3737.792
2026-03-04 01:30:00+00:00,3700.179
2026-03-04 02:00:00+00:00,3665.821
2026-03-04 02:30:00+00:00,3744.605
2026-03-04 03:00:00+00:00,3689.243
2026-03-04 03:30:00+00:00,3635.851
2026-03-04 04:00:00+00:00,3600.17
2026-03-04 04:30:00+00:00,3567.746
2026-03-04 05:00:00+00:00,3570.716
2026-03-04 05:30:00+00:00,3619.816
2026-03-04 06:00:00+00:00,3759.119
2026-03-04 06:30:00+00:00,3991.458
2026-03-04 07:00:00+00:00,4278.098
2026-03-04 07:30:00+00:00,4578.648
2026-03-04 08:00:00+00:00,4699.36
2026-03-04 08:30:00+00:00,4736.722
2026-03-04 09:00:00+00:00,4746.123
2026-03-04 09:30:00+00:00,4727.174
2026-03-04 10:00:00+00:00,4704.629
2026-03-04 10:30:00+00:00,4649.652
2026-03-04 11:00:00+00:00,4610.184
2026-03-04 11:30:00+00:00,4516.703
2026-03-04 12:00:00+00:00,4457.221
2026-03-04 12:30:00+00:00,4427.808
2026-03-04 13:00:00+00:00,4441.808
2026-03-04 13:30:00+00:00,4367.648
2026-03-04 14:00:00+00:00,4396.389
2026-03-04 14:30:00+00:00,4410.78
2026-03-04 15:00:00+00:00,4424.893
2026-03-04 15:30:00+00:00,4484.062
2026-03-04 16:00:00+00:00,4552.471
2026-03-04 16:30:00+00:00,4665.759
2026-03-04 17:00:00+00:00,4784.17
2026-03-04 17:30:00+00:00,4893.311
2026-03-04 18:00:00+00:00,4998.411
2026-03-04 18:30:00+00:00,5087.814
2026-03-04 19:00:00+00:00,5091.023
2026-03-04 19:30:00+00:00,5024.277
2026-03-04 20:00:00+00:00,4903.765
2026-03-04 20:30:00+00:00,4826.044
2026-03-04 21:00:00+00:00,4680.081
2026-03-04 21:30:00+00:00,4516.846
2026-03-04 22:00:00+00:00,4329.187
2026-03-04 22:30:00+00:00,4127.513
2026-03-04 23:00:00+00:00,3995.91
2026-03-04 23:30:00+00:00,4026.552
2026-03-05 00:00:00+00:00,3865.774
2026-03-05 00:30:00+00:00,3785.104
2026-03-05 01:00:00+00:00,3713.77
2026-03-05 01:30:00+00:00,3628.801
2026-03-05 02:00:00+00:00,3568.221
2026-03-05 02:30:00+00:00,3685.219
2026-03-05 03:00:00+00:00,3643.664
2026-03-05 03:30:00+00:00,3573.036
2026-03-05 04:00:00+00:00,3529.118
2026-03-05 04:30:00+00:00,3507.402
2026-03-05 05:00:00+00:00,3517.588
2026-03-05 05:30:00+00:00,3594.485
2026-03-05 06:00:00+00:00,3717.19
2026-03-05 06:30:00+00:00,3954.307
2026-03-05 07:00:00+00:00,4229.435
2026-03-05 07:30:00+00:00,4628.774
2026-03-05 08:00:00+00:00,4735.114
2026-03-05 08:30:00+00:00,4820.376
2026-03-05 09:00:00+00:00,4873.152
2026-03-05 09:30:00+00:00,4906.711
2026-03-05 10:00:00+00:00,4899.039
2026-03-05 10:30:00+00:00,4910.719
2026-03-05 11:00:00+00:00,4928.342
2026-03-05 11:30:00+00:00,4910.358
2026-03-05 12:00:00+00:00,4894.624
2026-03-05 12:30:00+00:00,4924.434
2026-03-05 13:00:00+00:00,4946.584
2026-03-05 13:30:00+00:00,4910.679
2026-03-05 14:00:00+00:00,4919.062
2026-03-05 14:30:00+00:00,4929.874
2026-03-05 15:00:00+00:00,4945.419
2026-03-05 15:30:00+00:00,5002.03
2026-03-05 16:00:00+00:00,5056.412
2026-03-05 16:30:00+00:00,5134.935
2026-03-05 17:00:00+00:00,5167.599
2026-03-05 17:30:00+00:00,5247.071
2026-03-05 18:00:00+00:00,5338.601
2026-03-05 18:30:00+00:00,5452.799
2026-03-05 19:00:00+00:00,5465.859
2026-03-05 19:30:00+00:00,5399.083
2026-03-05 20:00:00+00:00,5280.01
2026-03-05 20:30:00+00:00,5163.602
2026-03-05 22:00:00+00:00,4648.993
2026-03-05 22:30:00+00:00,4429.402
2026-03-05 23:00:00+00:00,4258.248
2026-03-05 23:30:00+00:00,4264.773
2026-03-06 00:00:00+00:00,4138.514
2026-03-06 00:30:00+00:00,4078.814
2026-03-06 01:00:00+00:00,3986.65
2026-03-06 01:30:00+00:00,3955.509
2026-03-06 02:00:00+00:00,3882.609
2026-03-06 02:30:00+00:00,3989.564
2026-03-06 03:00:00+00:00,3937.422
2026-03-06 03:30:00+00:00,3913.342
2026-03-06 04:00:00+00:00,3895.827
2026-03-06 04:30:00+00:00,3866.812
2026-03-06 05:00:00+00:00,3891.325
2026-03-06 05:30:00+00:00,3946.93
2026-03-06 06:00:00+00:00,4084.156
2026-03-06 06:30:00+00:00,4339.885
2026-03-06 07:00:00+00:00,4614.787
2026-03-06 07:30:00+00:00,4916.554
2026-03-06 08:00:00+00:00,4990.018
2026-03-06 08:30:00+00:00,4945.772
2026-03-06 09:00:00+00:00,4878.27
2026-03-06 09:30:00+00:00,4815.615
2026-03-06 12:00:00+00:00,4196.122
2026-03-06 12:30:00+00:00,4178.045
2026-03-06 13:00:00+00:00,4119.442
2026-03-06 13:30:00+00:00,4087.654
2026-03-06 14:00:00+00:00,4040.598
2026-03-06 14:30:00+00:00,4049.168
2026-03-06 15:00:00+00:00,4083.105
2026-03-06 15:30:00+00:00,4181.13
2026-03-06 16:00:00+00:00,4285.415
2026-03-06 16:30:00+00:00,4441.744
2026-03-06 17:00:00+00:00,4615.316
2026-03-06 17:30:00+00:00,4799.722
2026-03-06 18:00:00+00:00,4931.192
2026-03-06 18:30:00+00:00,5052.202
2026-03-06 19:00:00+00:00,5110.497
2026-03-06 19:30:00+00:00,5063.0
2026-03-06 20:00:00+00:00,4930.41
2026-03-06 20:30:00+00:00,4773.481
2026-03-06 21:00:00+00:00,4666.082
2026-03-06 21:30:00+00:00,4483.867
2026-03-06 22:00:00+00:00,4331.808
2026-03-06 22:30:00+00:00,4219.012
2026-03-06 23:00:00+00:00,4106.956
2026-03-06 23:30:00+00:00,4186.01
2026-03-07 00:00:00+00:00,4048.715
2026-03-07 00:30:00+00:00,3973.319
2026-03-07 01:00:00+00:00,3877.098
2026-03-07 01:30:00+00:00,3821.575
2026-03-07 02:00:00+00:00,3735.924
2026-03-07 02:30:00+00:00,3824.121
2026-03-07 03:00:00+00:00,3753.669
2026-03-07 03:30:00+00:00,3713.864
2026-03-07 04:00:00+00:00,3663.313
2026-03-07 04:30:00+00:00,3596.428
2026-03-07 05:00:00+00:00,3593.794
2026-03-07 05:30:00+00:00,3572.215
2026-03-07 06:00:00+00:00,3590.647
2026-03-07 06:30:00+00:00,3736.716
2026-03-07 07:00:00+00:00,3800.017
2026-03-07 07:30:00+00:00,3955.882
2026-03-07 08:00:00+00:00,3992.63
2026-03-07 08:30:00+00:00,4110.023
2026-03-07 09:00:00+00:00,4155.626
2026-03-07 09:30:00+00:00,4216.972
2026-03-07 10:00:00+00:00,4174.773
2026-03-07 10:30:00+00:00,4118.999
2026-03-07 11:00:00+00:00,4089.578
2026-03-07 11:30:00+00:00,4079.975
2026-03-07 12:00:00+00:00,4083.375
2026-03-07 12:30:00+00:00,4088.121
2026-03-07 13:00:00+00:00,4061.316
2026-03-07 13:30:00+00:00,4061.181
2026-03-07 14:00:00+00:00,4068.398
2026-03-07 14:30:00+00:00,4038.98
2026-03-07 15:00:00+00:00,4060.783
2026-03-07 15:30:00+00:00,4059.112
2026-03-07 16:00:00+00:00,4137.004
2026-03-07 16:30:00+00:00,4272.794
2026-03-07 17:00:00+00:00,4403.165
2026-03-07 17:30:00+00:00,4522.607
2026-03-07 18:00:00+00:00,4655.117
2026-03-07 18:30:00+00:00,4708.086
2026-03-07 19:00:00+00:00,4795.194
2026-03-07 19:30:00+00:00,4698.582
2026-03-07 20:00:00+00:00,4611.167
2026-03-07 20:30:00+00:00,4506.326
2026-03-07 21:00:00+00:00,4405.978
2026-03-07 21:30:00+00:00,4300.2
2026-03-07 22:00:00+00:00,4174.542
2026-03-07 22:30:00+00:00,4025.176
2026-03-07 23:00:00+00:00,3922.955
2026-03-07 23:30:00+00:00,3926.171
2026-03-08 00:00:00+00:00,3839.856
2026-03-08 00:30:00+00:00,3761.588
2026-03-08 01:00:00+00:00,3688.854
2026-03-08 01:30:00+00:00,3600.322
2026-03-08 02:00:00+00:00,3571.773
2026-03-08 02:30:00+00:00,3647.595
2026-03-08 03:00:00+00:00,3558.658
2026-03-08 03:30:00+00:00,3538.631
2026-03-08 04:00:00+00:00,3475.176
2026-03-08 04:30:00+00:00,3418.161
2026-03-08 05:00:00+00:00,3422.549
2026-03-08 05:30:00+00:00,3406.072
2026-03-08 06:00:00+00:00,3440.365
2026-03-08 06:30:00+00:00,3483.733
2026-03-08 07:00:00+00:00,3492.739
2026-03-08 07:30:00+00:00,3611.295
2026-03-08 09:00:00+00:00,3771.994
2026-03-08 09:30:00+00:00,3839.982
2026-03-08 10:00:00+00:00,3850.388
2026-03-08 10:30:00+00:00,3864.074
2026-03-08 11:00:00+00:00,3878.757
2026-03-08 11:30:00+00:00,3868.438
2026-03-08 12:00:00+00:00,3875.446
2026-03-08 12:30:00+00:00,3886.124
2026-03-08 13:00:00+00:00,3939.682
2026-03-08 13:30:00+00:00,3951.636
2026-03-08 14:00:00+00:00,3963.853
2026-03-08 14:30:00+00:00,3954.956
2026-03-08 15:00:00+00:00,3966.84
2026-03-08 15:30:00+00:00,4030.014
2026-03-08 16:00:00+00:00,4081.366
2026-03-08 16:30:00+00:00,4242.664
2026-03-08 17:00:00+00:00,4365.734
2026-03-08 17:30:00+00:00,4506.624
2026-03-08 18:00:00+00:00,4619.045
2026-03-08 18:30:00+00:00,4733.181
2026-03-08 19:00:00+00:00,4789.842
2026-03-08 19:30:00+00:00,4732.019
2026-03-08 20:00:00+00:00,4643.098
2026-03-08 20:30:00+00:00,4541.025
2026-03-08 21:00:00+00:00,4439.351
2026-03-08 21:30:00+00:00,4266.455
2026-03-08 22:00:00+00:00,4102.646
2026-03-08 22:30:00+00:00,3974.471
2026-03-08 23:00:00+00:00,3826.61
2026-03-08 23:30:00+00:00,3855.829
2026-03-09 00:00:00+00:00,3754.639
2026-03-09 00:30:00+00:00,3712.257
2026-03-09 01:00:00+00:00,3619.901
2026-03-09 01:30:00+00:00,3554.724
2026-03-09 02:00:00+00:00,3534.419
2026-03-09 02:30:00+00:00,3618.946
2026-03-09 03:00:00+00:00,3566.316
2026-03-09 03:30:00+00:00,3538.884
2026-03-09 04:00:00+00:00,3498.812
2026-03-09 04:30:00+00:00,3461.382
2026-03-09 05:00:00+00:00,3476.274
2026-03-09 05:30:00+00:00,3554.827
2026-03-09 06:00:00+00:00,3689.569
2026-03-09 06:30:00+00:00,3958.919
2026-03-09 07:00:00+00:00,4231.451
2026-03-09 07:30:00+00:00,4549.705
2026-03-09 08:00:00+00:00,4668.981
2026-03-09 08:30:00+00:00,4696.971
2026-03-09 09:00:00+00:00,4689.327
2026-03-09 09:30:00+00:00,4696.842
2026-03-09 10:00:00+00:00,4674.857
2026-03-09 10:30:00+00:00,4579.215
2026-03-09 11:00:00+00:00,4519.47
2026-03-09 11:30:00+00:00,4479.511
2026-03-09 12:00:00+00:00,4430.997
2026-03-09 12:30:00+00:00,4433.321
2026-03-09 14:00:00+00:00,4282.654
2026-03-09 14:30:00+00:00,4261.03
2026-03-09 15:00:00+00:00,4321.802
2026-03-09 15:30:00+00:00,4364.45
2026-03-09 16:00:00+00:00,4428.172
2026-03-09 16:30:00+00:00,4597.633
2026-03-09 18:00:00+00:00,4931.773
2026-03-09 18:30:00+00:00,5026.584
2026-03-09 19:00:00+00:00,5087.04
2026-03-09 19:30:00+00:00,5050.669
2026-03-09 20:00:00+00:00,4961.408
2026-03-09 20:30:00+00:00,4883.585
2026-03-09 21:00:00+00:00,4702.75
2026-03-09 21:30:00+00:00,4535.253
2026-03-09 22:00:00+00:00,4329.232
2026-03-09 22:30:00+00:00,4124.46
2026-03-09 23:00:00+00:00,3976.402
2026-03-09 23:30:00+00:00,3988.792
2026-03-10 00:00:00+00:00,3853.375
2026-03-10 00:30:00+00:00,3801.356
2026-03-10 01:00:00+00:00,3730.196
2026-03-10 01:30:00+00:00,3641.567
2026-03-10 02:00:00+00:00,3640.195
2026-03-10 02:30:00+00:00,3721.894
2026-03-10 03:00:00+00:00,3649.346
2026-03-10 03:30:00+00:00,3595.743
2026-03-10 04:00:00+00:00,3522.377
2026-03-10 04:30:00+00:00,3470.148
2026-03-10 05:00:00+00:00,3489.44
2026-03-10 05:30:00+00:00,3555.453
2026-03-10 06:00:00+00:00,3687.409
2026-03-10 06:30:00+00:00,3918.342
2026-03-10 07:00:00+00:00,4168.472
2026-03-10 07:30:00+00:00,4477.48
2026-03-10 08:00:00+00:00,4614.845
2026-03-10 08:30:00+00:00,4638.249
2026-03-10 09:00:00+00:00,4657.69
2026-03-10 09:30:00+00:00,4664.446
2026-03-10 10:00:00+00:00,4561.432
2026-03-10 10:30:00+00:00,4505.815
2026-03-10 11:00:00+00:00,4463.12
2026-03-10 11:30:00+00:00,4413.034
2026-03-10 12:00:00+00:00,4379.648
2026-03-10 12:30:00+00:00,4392.765
2026-03-10 13:00:00+00:00,4427.886
2026-03-10 13:30:00+00:00,4472.98
2026-03-10 14:00:00+00:00,4538.685
2026-03-10 14:30:00+00:00,4607.36
2026-03-10 15:00:00+00:00,4660.121
2026-03-10 15:30:00+00:00,4739.155
2026-03-10 16:00:00+00:00,4800.082
2026-03-10 16:30:00+00:00,4912.81
2026-03-10 17:00:00+00:00,5016.123
2026-03-10 17:30:00+00:00,5111.987
2026-03-10 18:00:00+00:00,5149.14
2026-03-10 18:30:00+00:00,5195.158
2026-03-10 19:00:00+00:00,5208.877
2026-03-10 19:30:00+00:00,5145.27
2026-03-10 20:00:00+00:00,5044.766
2026-03-10 20:30:00+00:00,4944.592
2026-03-10 21:00:00+00:00,4788.39
2026-03-10 21:30:00+00:00,4629.408
2026-03-10 22:00:00+00:00,4423.205
2026-03-10 22:30:00+00:00,4235.386
2026-03-10 23:00:00+00:00,4071.267
2026-03-10 23:30:00+00:00,4075.502
2026-03-11 01:00:00+00:00,3821.72
2026-03-11 01:30:00+00:00,3735.047
2026-03-11 02:00:00+00:00,3703.975
2026-03-11 02:30:00+00:00,3760.766
2026-03-11 03:00:00+00:00,3696.869
2026-03-11 03:30:00+00:00,3661.482
2026-03-11 04:00:00+00:00,3626.657
2026-03-11 04:30:00+00:00,3619.634
2026-03-11 05:00:00+00:00,3632.214
2026-03-11 05:30:00+00:00,3660.691
2026-03-11 06:00:00+00:00,3782.403
2026-03-11 06:30:00+00:00,4053.327
2026-03-11 07:00:00+00:00,4344.084
2026-03-11 07:30:00+00:00,4680.824
2026-03-11 08:00:00+00:00,4753.108
2026-03-11 08:30:00+00:00,4651.892
2026-03-11 09:00:00+00:00,4592.483
2026-03-11 09:30:00+00:00,4526.575
2026-03-11 10:00:00+00:00,4412.723
2026-03-11 10:30:00+00:00,4295.253
2026-03-11 11:00:00+00:00,4268.254
2026-03-11 11:30:00+00:00,4226.418
2026-03-11 12:00:00+00:00,4226.718
2026-03-11 12:30:00+00:00,4198.947
2026-03-11 13:00:00+00:00,4213.82
2026-03-11 13:30:00+00:00,4154.83
2026-03-11 14:00:00+00:00,4250.198
2026-03-11 14:30:00+00:00,4243.868
2026-03-11 15:00:00+00:00,4271.735
2026-03-11 15:30:00+00:00,4392.918
2026-03-11 16:00:00+00:00,4569.016
2026-03-11 16:30:00+00:00,4670.641
2026-03-11 17:00:00+00:00,4827.188
2026-03-11 17:30:00+00:00,4944.954
2026-03-11 18:00:00+00:00,5033.547
2026-03-11 18:30:00+00:00,5113.956
2026-03-11 19:00:00+00:00,5162.981
2026-03-11 19:30:00+00:00,5103.359
2026-03-11 20:00:00+00:00,5030.08
2026-03-11 20:30:00+00:00,4910.705
2026-03-11 21:00:00+00:00,4797.872
2026-03-11 21:30:00+00:00,4614.854
2026-03-11 22:00:00+00:00,4441.987
2026-03-11 22:30:00+00:00,4252.73
2026-03-11 23:00:00+00:00,4071.882
2026-03-11 23:30:00+00:00,4086.136
2026-03-12 00:00:00+00:00,3962.703
2026-03-12 00:30:00+00:00,3900.52
2026-03-12 01:00:00+00:00,3795.042
2026-03-12 01:30:00+00:00,3737.917
2026-03-12 02:00:00+00:00,3702.774
2026-03-12 02:30:00+00:00,3784.622
2026-03-12 03:00:00+00:00,3733.682
2026-03-12 03:30:00+00:00,3703.141
2026-03-12 04:00:00+00:00,3657.345
2026-03-12 04:30:00+00:00,3616.654
2026-03-12 05:00:00+00:00,3639.425
2026-03-12 05:30:00+00:00,3691.264
2026-03-12 06:00:00+00:00,3828.107
2026-03-12 06:30:00+00:00,4098.745
2026-03-12 07:00:00+00:00,4363.149
2026-03-12 07:30:00+00:00,4673.626
2026-03-12 08:00:00+00:00,4799.869
2026-03-12 08:30:00+00:00,4823.178
2026-03-12 09:00:00+00:00,4881.381
2026-03-12 09:30:00+00:00,4962.014
2026-03-12 10:00:00+00:00,4950.211
2026-03-12 10:30:00+00:00,4947.617
2026-03-12 11:00:00+00:00,4990.658
2026-03-12 11:30:00+00:00,4978.247
2026-03-12 12:00:00+00:00,4953.352
2026-03-12 12:30:00+00:00,4945.178
2026-03-12 13:00:00+00:00,4936.61
2026-03-12 13:30:00+00:00,4825.292
2026-03-12 14:00:00+00:00,4799.689
2026-03-12 14:30:00+00:00,4859.612
2026-03-12 15:00:00+00:00,4905.32
2026-03-12 15:30:00+00:00,4918.478
2026-03-12 16:00:00+00:00,4937.701
2026-03-12 16:30:00+00:00,5032.387
2026-03-12 17:00:00+00:00,5081.841
2026-03-12 17:30:00+00:00,5173.068
2026-03-12 18:00:00+00:00,5230.242
2026-03-12 18:30:00+00:00,5229.99
2026-03-12 19:00:00+00:00,5304.91
2026-03-12 19:30:00+00:00,5265.413
2026-03-12 20:00:00+00:00,5181.727
2026-03-12 20:30:00+00:00,5080.648
2026-03-12 21:00:00+00:00,4934.998
2026-03-12 21:30:00+00:00,4738.161
2026-03-12 22:00:00+00:00,4536.413
2026-03-12 22:30:00+00:00,4358.019
2026-03-12 23:00:00+00:00,4223.872
2026-03-12 23:30:00+00:00,4252.522
2026-03-13 00:00:00+00:00,4101.973
2026-03-13 00:30:00+00:00,4039.551
2026-03-13 01:00:00+00:00,3943.318
2026-03-13 01:30:00+00:00,3913.721
2026-03-13 02:00:00+00:00,3834.301
2026-03-13 02:30:00+00:00,3924.624
2026-03-13 03:00:00+00:00,3876.601
2026-03-13 03:30:00+00:00,3848.406
2026-03-13 04:00:00+00:00,3781.702
2026-03-13 04:30:00+00:00,3789.04
2026-03-13 05:00:00+00:00,3734.479
2026-03-13 05:30:00+00:00,3784.906
2026-03-13 06:00:00+00:00,3921.856
2026-03-13 06:30:00+00:00,4140.504
2026-03-13 07:00:00+00:00,4431.734
2026-03-13 07:30:00+00:00,4788.716
2026-03-13 08:00:00+00:00,4835.905
2026-03-13 08:30:00+00:00,4874.867
2026-03-13 09:00:00+00:00,4876.756
2026-03-13 09:30:00+00:00,4913.172
2026-03-13 10:00:00+00:00,4848.015
2026-03-13 10:30:00+00:00,4767.79
2026-03-13 11:00:00+00:00,4739.86
2026-03-13 11:30:00+00:00,4684.236
2026-03-13 12:00:00+00:00,4714.906
2026-03-13 12:30:00+00:00,4729.716
2026-03-13 13:00:00+00:00,4706.391
2026-03-13 13:30:00+00:00,4620.999
2026-03-13 14:00:00+00:00,4623.202
2026-03-13 14:30:00+00:00,4616.312
2026-03-13 15:00:00+00:00,4653.789
2026-03-13 15:30:00+00:00,4656.965
2026-03-13 16:00:00+00:00,4714.904
2026-03-13 16:30:00+00:00,4823.545
2026-03-13 17:00:00+00:00,4860.104
2026-03-13 17:30:00+00:00,4961.126
2026-03-13 18:00:00+00:00,5067.275
2026-03-13 18:30:00+00:00,5138.166
2026-03-13 19:00:00+00:00,5230.094
2026-03-13 19:30:00+00:00,5202.718
2026-03-13 20:00:00+00:00,5077.003
2026-03-13 20:30:00+00:00,4989.587
2026-03-13 21:00:00+00:00,4860.518
2026-03-13 21:30:00+00:00,4700.762
2026-03-13 22:00:00+00:00,4558.447
2026-03-13 22:30:00+00:00,4398.131
2026-03-13 23:00:00+00:00,4262.441
2026-03-13 23:30:00+00:00,4320.572
2026-03-14 00:00:00+00:00,4177.215
2026-03-14 00:30:00+00:00,4091.963
2026-03-14 01:00:00+00:00,4000.308
2026-03-14 01:30:00+00:00,3917.385
2026-03-14 02:00:00+00:00,3870.635
2026-03-14 02:30:00+00:00,3969.215
2026-03-14 03:00:00+00:00,3885.366
2026-03-14 03:30:00+00:00,3874.078
2026-03-14 04:00:00+00:00,3827.624
2026-03-14 04:30:00+00:00,3777.583
2026-03-14 05:00:00+00:00,3744.981
2026-03-14 05:30:00+00:00,3746.693
2026-03-14 06:00:00+00:00,3800.722
2026-03-14 06:30:00+00:00,3911.247
2026-03-14 07:00:00+00:00,3987.502
2026-03-14 07:30:00+00:00,4093.253
2026-03-14 08:00:00+00:00,4133.035
2026-03-14 08:30:00+00:00,4174.126
2026-03-14 09:00:00+00:00,4202.327
2026-03-14 09:30:00+00:00,4213.202
2026-03-14 10:00:00+00:00,4146.566
2026-03-14 10:30:00+00:00,4101.122
2026-03-14 11:00:00+00:00,4051.053
2026-03-14 11:30:00+00:00,4053.659
2026-03-14 12:00:00+00:00,4051.071
2026-03-14 12:30:00+00:00,4032.136
2026-03-14 13:00:00+00:00,3993.756
2026-03-14 13:30:00+00:00,4009.951
2026-03-14 14:00:00+00:00,3975.521
2026-03-14 14:30:00+00:00,3975.668
2026-03-14 15:00:00+00:00,4005.2
2026-03-14 15:30:00+00:00,4087.185
2026-03-14 16:00:00+00:00,4086.468
2026-03-14 16:30:00+00:00,4312.549
2026-03-14 17:00:00+00:00,4415.806
2026-03-14 17:30:00+00:00,4553.215
2026-03-14 18:00:00+00:00,4687.013
2026-03-14 18:30:00+00:00,4748.274
2026-03-14 19:00:00+00:00,4856.27
2026-03-14 19:30:00+00:00,4799.829
2026-03-14 20:00:00+00:00,4700.883
2026-03-14 20:30:00+00:00,4575.877
2026-03-14 21:00:00+00:00,4438.622
2026-03-14 21:30:00+00:00,4294.685
2026-03-14 22:00:00+00:00,4151.042
2026-03-14 22:30:00+00:00,4032.482
2026-03-14 23:00:00+00:00,3917.776
2026-03-14 23:30:00+00:00,3971.314
2026-03-15 00:00:00+00:00,3879.405
2026-03-15 00:30:00+00:00,3805.838
2026-03-15 01:00:00+00:00,3683.853
2026-03-15 01:30:00+00:00,3590.463
2026-03-15 02:00:00+00:00,3555.755
2026-03-15 02:30:00+00:00,3613.502
2026-03-15 03:00:00+00:00,3555.69
2026-03-15 03:30:00+00:00,3502.368
2026-03-15 04:00:00+00:00,3494.322
2026-03-15 04:30:00+00:00,3456.194
2026-03-15 05:00:00+00:00,3401.28
2026-03-15 05:30:00+00:00,3400.33
2026-03-15 06:00:00+00:00,3420.506
2026-03-15 06:30:00+00:00,3447.486
2026-03-15 07:00:00+00:00,3524.442
2026-03-15 07:30:00+00:00,3656.404
2026-03-15 08:00:00+00:00,3769.269
2026-03-15 08:30:00+00:00,3888.76
2026-03-15 09:00:00+00:00,3975.962
2026-03-15 09:30:00+00:00,4066.106
2026-03-15 10:00:00+00:00,4095.536
2026-03-15 10:30:00+00:00,4108.463
2026-03-15 11:00:00+00:00,4038.058
2026-03-15 11:30:00+00:00,3989.95
2026-03-15 12:00:00+00:00,3994.572
2026-03-15 12:30:00+00:00,3964.555
2026-03-15 13:00:00+00:00,3897.308
2026-03-15 13:30:00+00:00,3899.882
2026-03-15 14:00:00+00:00,3847.81
2026-03-15 14:30:00+00:00,3845.817
2026-03-15 15:00:00+00:00,3846.981
2026-03-15 15:30:00+00:00,3855.97
2026-03-15 16:00:00+00:00,3960.17
2026-03-15 16:30:00+00:00,4081.218
2026-03-15 17:00:00+00:00,4239.877
2026-03-15 17:30:00+00:00,4460.097
2026-03-15 18:00:00+00:00,4526.702
2026-03-15 18:30:00+00:00,4608.369
2026-03-15 19:00:00+00:00,4691.27
2026-03-15 19:30:00+00:00,4702.501
2026-03-15 20:00:00+00:00,4637.583
2026-03-15 20:30:00+00:00,4549.091
2026-03-15 21:00:00+00:00,4478.849
2026-03-15 21:30:00+00:00,4334.63
2026-03-15 22:00:00+00:00,4183.152
2026-03-15 22:30:00+00:00,3999.293
2026-03-15 23:00:00+00:00,3909.398
2026-03-15 23:30:00+00:00,3975.022
2026-03-16 00:00:00+00:00,3842.938
2026-03-16 00:30:00+00:00,3756.412
2026-03-16 01:00:00+00:00,3681.236
2026-03-16 01:30:00+00:00,3630.457
2026-03-16 02:00:00+00:00,3597.735
2026-03-16 02:30:00+00:00,3666.231
2026-03-16 03:00:00+00:00,3629.768
2026-03-16 03:30:00+00:00,3563.406
2026-03-16 04:00:00+00:00,3500.023
2026-03-16 04:30:00+00:00,3493.353
2026-03-16 05:00:00+00:00,3469.022
2026-03-16 05:30:00+00:00,3517.593
2026-03-16 06:00:00+00:00,3638.672
2026-03-16 06:30:00+00:00,3856.851
2026-03-16 07:00:00+00:00,4056.279
2026-03-16 07:30:00+00:00,4318.597
2026-03-16 08:00:00+00:00,4432.267
2026-03-16 08:30:00+00:00,4542.327
2026-03-16 09:00:00+00:00,4650.971
2026-03-16 09:30:00+00:00,4719.032
2026-03-16 10:00:00+00:00,4743.957
2026-03-16 10:30:00+00:00,4718.438
2026-03-16 11:00:00+00:00,4772.554
2026-03-16 11:30:00+00:00,4745.644
2026-03-16 12:00:00+00:00,4738.046
2026-03-16 12:30:00+00:00,4734.126
2026-03-16 13:00:00+00:00,4716.33
2026-03-16 13:30:00+00:00,4653.761
2026-03-16 14:00:00+00:00,4683.523
2026-03-16 14:30:00+00:00,4677.335
2026-03-16 15:00:00+00:00,4677.809
2026-03-16 15:30:00+00:00,4674.533
2026-03-16 16:00:00+00:00,4674.009
2026-03-16 16:30:00+00:00,4769.56
2026-03-16 17:00:00+00:00,4855.184
2026-03-16 17:30:00+00:00,4963.654
2026-03-16 18:00:00+00:00,4982.664
2026-03-16 18:30:00+00:00,5014.147
2026-03-16 19:00:00+00:00,5058.135
2026-03-16 19:30:00+00:00,4981.422
2026-03-16 20:00:00+00:00,4806.218
2026-03-16 20:30:00+00:00,4666.113
2026-03-16 21:00:00+00:00,4560.078
2026-03-16 21:30:00+00:00,4462.307
2026-03-16 22:00:00+00:00,4294.0
2026-03-16 22:30:00+00:00,4139.306
2026-03-16 23:00:00+00:00,4014.798
2026-03-16 23:30:00+00:00,4073.344
2026-03-17 00:00:00+00:00,3953.007
2026-03-17 00:30:00+00:00,3882.096
2026-03-17 01:00:00+00:00,3775.916
2026-03-17 01:30:00+00:00,3691.867
2026-03-17 02:00:00+00:00,3680.859
2026-03-17 02:30:00+00:00,3743.429
2026-03-17 03:00:00+00:00,3660.662
2026-03-17 03:30:00+00:00,3616.195
2026-03-17 04:00:00+00:00,3527.004
2026-03-17 04:30:00+00:00,3482.29
2026-03-17 05:00:00+00:00,3433.397
2026-03-17 05:30:00+00:00,3438.497
2026-03-17 06:00:00+00:00,3492.367
2026-03-17 06:30:00+00:00,3556.581
2026-03-17 07:00:00+00:00,3608.335
2026-03-17 07:30:00+00:00,3739.158
2026-03-17 08:00:00+00:00,3826.447
2026-03-17 08:30:00+00:00,3916.733
2026-03-17 09:00:00+00:00,4000.577
2026-03-17 09:30:00+00:00,4111.469
2026-03-17 10:00:00+00:00,4164.507
2026-03-17 10:30:00+00:00,4190.385
2026-03-17 11:00:00+00:00,4208.703
2026-03-17 11:30:00+00:00,4171.123
2026-03-17 12:00:00+00:00,4109.653
2026-03-17 12:30:00+00:00,4098.441
2026-03-17 13:00:00+00:00,4062.58
2026-03-17 13:30:00+00:00,4025.752
2026-03-17 14:00:00+00:00,3953.61
2026-03-17 14:30:00+00:00,3930.327
2026-03-17 15:00:00+00:00,3939.812
2026-03-17 15:30:00+00:00,4003.594
2026-03-17 16:00:00+00:00,4033.237
2026-03-17 16:30:00+00:00,4140.708
2026-03-17 17:00:00+00:00,4242.4
2026-03-17 17:30:00+00:00,4349.458
2026-03-17 18:00:00+00:00,4459.778
2026-03-17 18:30:00+00:00,4524.599
2026-03-17 19:00:00+00:00,4612.637
2026-03-17 19:30:00+00:00,4593.525
2026-03-17 20:00:00+00:00,4520.258
2026-03-17 20:30:00+00:00,4430.266
2026-03-17 21:00:00+00:00,4348.359
2026-03-17 21:30:00+00:00,4234.568
2026-03-17 22:00:00+00:00,4086.017
2026-03-17 22:30:00+00:00,3943.373
2026-03-17 23:00:00+00:00,3825.258
2026-03-17 23:30:00+00:00,3855.711
2026-03-18 00:00:00+00:00,3762.657
2026-03-18 00:30:00+00:00,3716.922
2026-03-18 01:00:00+00:00,3631.102
2026-03-18 01:30:00+00:00,3564.774
2026-03-18 02:00:00+00:00,3563.512
2026-03-18 02:30:00+00:00,3635.05
2026-03-18 03:00:00+00:00,3584.674
2026-03-18 03:30:00+00:00,3551.05
2026-03-18 04:00:00+00:00,3531.005
2026-03-18 04:30:00+00:00,3504.633
2026-03-18 05:00:00+00:00,3509.165
2026-03-18 05:30:00+00:00,3586.569
2026-03-18 06:00:00+00:00,3742.354
2026-03-18 06:30:00+00:00,3965.8
2026-03-18 07:00:00+00:00,4246.589
2026-03-18 07:30:00+00:00,4547.102
2026-03-18 08:00:00+00:00,4671.573
2026-03-18 08:30:00+00:00,4744.945
2026-03-18 09:00:00+00:00,4784.211
2026-03-18 09:30:00+00:00,4785.834
2026-03-18 10:00:00+00:00,4779.972
2026-03-18 10:30:00+00:00,4759.788
2026-03-18 11:00:00+00:00,4738.846
2026-03-18 11:30:00+00:00,4705.675
2026-03-18 12:00:00+00:00,4665.739
2026-03-18 12:30:00+00:00,4652.38
2026-03-18 13:00:00+00:00,4619.785
2026-03-18 13:30:00+00:00,4552.469
2026-03-18 14:00:00+00:00,4501.356
2026-03-18 14:30:00+00:00,4490.119
2026-03-18 15:00:00+00:00,4490.715
2026-03-18 15:30:00+00:00,4528.568
2026-03-18 16:00:00+00:00,4574.385
2026-03-18 16:30:00+00:00,4690.13
2026-03-18 17:00:00+00:00,4780.681
2026-03-18 17:30:00+00:00,4909.888
2026-03-18 18:00:00+00:00,4978.29
2026-03-18 18:30:00+00:00,5040.785
2026-03-18 19:00:00+00:00,5146.06
2026-03-18 19:30:00+00:00,5163.293
2026-03-18 20:00:00+00:00,5049.471
2026-03-18 20:30:00+00:00,4934.777
2026-03-18 21:00:00+00:00,4819.508
2026-03-18 21:30:00+00:00,4614.153
2026-03-18 22:00:00+00:00,4408.808
2026-03-18 22:30:00+00:00,4222.777
2026-03-18 23:00:00+00:00,4043.336
2026-03-18 23:30:00+00:00,4042.425
2026-03-19 00:00:00+00:00,3893.207
2026-03-19 00:30:00+00:00,3828.872
2026-03-19 01:00:00+00:00,3754.82
2026-03-19 01:30:00+00:00,3704.572
2026-03-19 02:00:00+00:00,3655.835
2026-03-19 02:30:00+00:00,3745.728
2026-03-19 03:00:00+00:00,3675.281
2026-03-19 03:30:00+00:00,3641.401
2026-03-19 04:00:00+00:00,3582.828
2026-03-19 04:30:00+00:00,3582.878
2026-03-19 05:00:00+00:00,3589.754
2026-03-19 05:30:00+00:00,3663.207
2026-03-19 06:00:00+00:00,3787.309
2026-03-19 06:30:00+00:00,3974.925
2026-03-19 07:00:00+00:00,4251.814
2026-03-19 07:30:00+00:00,4530.059
2026-03-19 08:00:00+00:00,4583.743
2026-03-19 08:30:00+00:00,4525.302
2026-03-19 09:00:00+00:00,4471.834
2026-03-19 09:30:00+00:00,4423.054
2026-03-19 10:00:00+00:00,4311.63
2026-03-19 10:30:00+00:00,4186.947
2026-03-19 11:00:00+00:00,4077.422
2026-03-19 11:30:00+00:00,3999.061
2026-03-19 12:00:00+00:00,3960.247
2026-03-19 12:30:00+00:00,3939.433
2026-03-19 13:00:00+00:00,3905.103
2026-03-19 13:30:00+00:00,3850.912
2026-03-19 14:00:00+00:00,3867.488
2026-03-19 14:30:00+00:00,3904.478
2026-03-19 15:00:00+00:00,3952.164
2026-03-19 15:30:00+00:00,4056.079
2026-03-19 16:00:00+00:00,4172.228
2026-03-19 16:30:00+00:00,4359.414
2026-03-19 17:00:00+00:00,4528.287
2026-03-19 17:30:00+00:00,4678.611
2026-03-19 18:00:00+00:00,4778.809
2026-03-19 18:30:00+00:00,4848.204
2026-03-19 19:00:00+00:00,4967.015
2026-03-19 19:30:00+00:00,5039.902
2026-03-19 20:00:00+00:00,4958.279
2026-03-19 20:30:00+00:00,4865.25
2026-03-19 21:00:00+00:00,4754.319
2026-03-19 21:30:00+00:00,4579.536
2026-03-19 22:00:00+00:00,4402.292
2026-03-19 22:30:00+00:00,4197.451
2026-03-19 23:00:00+00:00,4039.419
2026-03-19 23:30:00+00:00,4053.076
2026-03-20 00:00:00+00:00,3919.782
2026-03-20 00:30:00+00:00,3847.788
2026-03-20 01:00:00+00:00,3775.112
2026-03-20 01:30:00+00:00,3744.377
2026-03-20 02:00:00+00:00,3697.149
2026-03-20 02:30:00+00:00,3772.304
2026-03-20 03:00:00+00:00,3704.716
2026-03-20 03:30:00+00:00,3670.352
2026-03-20 04:00:00+00:00,3631.311
2026-03-20 04:30:00+00:00,3612.367
2026-03-20 05:00:00+00:00,3608.799
2026-03-20 05:30:00+00:00,3675.661
2026-03-20 06:00:00+00:00,3828.458
2026-03-20 06:30:00+00:00,4065.688
2026-03-20 07:00:00+00:00,4333.955
2026-03-20 07:30:00+00:00,4625.301
2026-03-20 08:00:00+00:00,4684.927
2026-03-20 08:30:00+00:00,4661.661
2026-03-20 09:00:00+00:00,4581.852
2026-03-20 09:30:00+00:00,4523.55
2026-03-20 10:00:00+00:00,4365.408
2026-03-20 10:30:00+00:00,4237.152
2026-03-20 11:00:00+00:00,4139.071
2026-03-20 11:30:00+00:00,4082.485
2026-03-20 12:00:00+00:00,3970.505
2026-03-20 12:30:00+00:00,3925.321
2026-03-20 13:00:00+00:00,3861.96
2026-03-20 13:30:00+00:00,3823.391
2026-03-20 14:00:00+00:00,3820.705
2026-03-20 14:30:00+00:00,3839.952
2026-03-20 15:00:00+00:00,3885.319
2026-03-20 15:30:00+00:00,3972.115
2026-03-20 16:00:00+00:00,4051.754
2026-03-20 16:30:00+00:00,4204.587
2026-03-20 17:00:00+00:00,4359.64
2026-03-20 17:30:00+00:00,4531.363
2026-03-20 18:00:00+00:00,4641.612
2026-03-20 18:30:00+00:00,4719.681
2026-03-20 19:00:00+00:00,4886.94
2026-03-20 19:30:00+00:00,4942.226
2026-03-20 20:00:00+00:00,4846.225
2026-03-20 20:30:00+00:00,4723.542
2026-03-20 21:00:00+00:00,4609.161
2026-03-20 21:30:00+00:00,4444.686
2026-03-20 22:00:00+00:00,4314.628
2026-03-20 22:30:00+00:00,4162.333
2026-03-20 23:00:00+00:00,4029.162
2026-03-20 23:30:00+00:00,4070.549
2026-03-21 00:00:00+00:00,3965.868
2026-03-21 00:30:00+00:00,3887.797
2026-03-21 01:00:00+00:00,3794.029
2026-03-21 01:30:00+00:00,3719.31
2026-03-21 02:00:00+00:00,3685.871
2026-03-21 02:30:00+00:00,3775.886
2026-03-21 03:00:00+00:00,3717.07
2026-03-21 03:30:00+00:00,3674.58
2026-03-21 04:00:00+00:00,3620.878
2026-03-21 04:30:00+00:00,3594.478
2026-03-21 05:00:00+00:00,3577.619
2026-03-21 05:30:00+00:00,3588.059
2026-03-21 06:00:00+00:00,3656.148
2026-03-21 06:30:00+00:00,3733.273
2026-03-21 07:00:00+00:00,3826.686
2026-03-21 07:30:00+00:00,3933.296
2026-03-21 08:00:00+00:00,3972.57
2026-03-21 08:30:00+00:00,4014.199
2026-03-21 09:00:00+00:00,4044.352
2026-03-21 09:30:00+00:00,4026.146
2026-03-21 10:00:00+00:00,3957.018
2026-03-21 10:30:00+00:00,3877.187
2026-03-21 11:00:00+00:00,3784.885
2026-03-21 11:30:00+00:00,3720.085
2026-03-21 12:00:00+00:00,3656.654
2026-03-21 12:30:00+00:00,3624.398
2026-03-21 13:00:00+00:00,3570.008
2026-03-21 13:30:00+00:00,3514.039
2026-03-21 14:00:00+00:00,3461.743
2026-03-21 14:30:00+00:00,3467.939
2026-03-21 15:00:00+00:00,3502.796
2026-03-21 15:30:00+00:00,3563.42
2026-03-21 16:00:00+00:00,3643.786
2026-03-21 16:30:00+00:00,3840.012
2026-03-21 17:00:00+00:00,4018.784
2026-03-21 17:30:00+00:00,4257.581
2026-03-21 18:00:00+00:00,4378.084
2026-03-21 18:30:00+00:00,4468.294
2026-03-21 19:00:00+00:00,4596.616
2026-03-21 19:30:00+00:00,4571.881
2026-03-21 20:00:00+00:00,4493.913
2026-03-21 20:30:00+00:00,4366.555
2026-03-21 21:00:00+00:00,4258.434
2026-03-21 21:30:00+00:00,4113.631
2026-03-21 22:00:00+00:00,3996.41
2026-03-21 22:30:00+00:00,3851.617
2026-03-21 23:00:00+00:00,3764.935
2026-03-21 23:30:00+00:00,3806.104
2026-03-22 00:00:00+00:00,3717.157
2026-03-22 00:30:00+00:00,3650.815
2026-03-22 01:00:00+00:00,3588.007
2026-03-22 01:30:00+00:00,3529.085
2026-03-22 02:00:00+00:00,3482.317
2026-03-22 02:30:00+00:00,3552.987
2026-03-22 03:00:00+00:00,3493.626
2026-03-22 03:30:00+00:00,3447.715
2026-03-22 04:00:00+00:00,3407.633
2026-03-22 04:30:00+00:00,3372.082
2026-03-22 05:00:00+00:00,3341.199
2026-03-22 05:30:00+00:00,3316.976
2026-03-22 06:00:00+00:00,3344.883
2026-03-22 06:30:00+00:00,3377.433
2026-03-22 07:00:00+00:00,3437.819
2026-03-22 07:30:00+00:00,3564.574
2026-03-22 08:00:00+00:00,3659.956
2026-03-22 08:30:00+00:00,3781.221
2026-03-22 09:00:00+00:00,3891.238
2026-03-22 09:30:00+00:00,3970.527
2026-03-22 10:00:00+00:00,4021.721
2026-03-22 10:30:00+00:00,4045.462
2026-03-22 11:00:00+00:00,4024.498
2026-03-22 11:30:00+00:00,4031.348
2026-03-22 12:00:00+00:00,4027.187
2026-03-22 12:30:00+00:00,4039.903
2026-03-22 13:00:00+00:00,4024.091
2026-03-22 13:30:00+00:00,3975.945
2026-03-22 14:00:00+00:00,3904.047
2026-03-22 14:30:00+00:00,3841.587
2026-03-22 15:00:00+00:00,3821.305
2026-03-22 15:30:00+00:00,3834.261
2026-03-22 16:00:00+00:00,3853.645
2026-03-22 16:30:00+00:00,3978.195
2026-03-22 17:00:00+00:00,4086.327
2026-03-22 17:30:00+00:00,4266.957
2026-03-22 18:00:00+00:00,4411.482
2026-03-22 18:30:00+00:00,4483.075
2026-03-22 19:00:00+00:00,4623.602
2026-03-22 19:30:00+00:00,4708.96
2026-03-22 20:00:00+00:00,4640.739
2026-03-22 20:30:00+00:00,4524.343
2026-03-22 21:00:00+00:00,4396.213
2026-03-22 21:30:00+00:00,4246.364
2026-03-22 22:00:00+00:00,4075.468
2026-03-22 22:30:00+00:00,3938.285
2026-03-22 23:00:00+00:00,3796.082
2026-03-22 23:30:00+00:00,3825.718
2026-03-23 00:00:00+00:00,3721.354
2026-03-23 00:30:00+00:00,3677.708
2026-03-23 01:00:00+00:00,3584.65
2026-03-23 01:30:00+00:00,3536.342
2026-03-23 02:00:00+00:00,3514.305
2026-03-23 02:30:00+00:00,3612.023
2026-03-23 03:00:00+00:00,3568.033
2026-03-23 03:30:00+00:00,3527.106
2026-03-23 04:00:00+00:00,3479.287
2026-03-23 04:30:00+00:00,3450.354
2026-03-23 05:00:00+00:00,3461.252
2026-03-23 05:30:00+00:00,3539.931
2026-03-23 06:00:00+00:00,3679.548
2026-03-23 06:30:00+00:00,3882.606
2026-03-23 07:00:00+00:00,4146.996
2026-03-23 07:30:00+00:00,4455.314
2026-03-23 08:00:00+00:00,4568.315
2026-03-23 08:30:00+00:00,4639.602
2026-03-23 09:00:00+00:00,4697.337
2026-03-23 09:30:00+00:00,4750.501
2026-03-23 10:00:00+00:00,4725.898
2026-03-23 10:30:00+00:00,4662.262
2026-03-23 11:00:00+00:00,4617.665
2026-03-23 11:30:00+00:00,4572.292
2026-03-23 12:00:00+00:00,4487.132
2026-03-23 12:30:00+00:00,4475.142
2026-03-23 13:00:00+00:00,4424.096
2026-03-23 13:30:00+00:00,4406.108
2026-03-23 14:00:00+00:00,4448.244
2026-03-23 14:30:00+00:00,4419.879
2026-03-23 15:00:00+00:00,4427.364
2026-03-23 15:30:00+00:00,4472.562
2026-03-23 16:00:00+00:00,4484.141
2026-03-23 16:30:00+00:00,4664.63
2026-03-23 17:00:00+00:00,4810.836
2026-03-23 17:30:00+00:00,4969.78
2026-03-23 18:00:00+00:00,4977.103
2026-03-23 18:30:00+00:00,4986.935
2026-03-23 19:00:00+00:00,5028.954
2026-03-23 19:30:00+00:00,5061.4
2026-03-23 20:00:00+00:00,4949.812
2026-03-23 20:30:00+00:00,4834.787
2026-03-23 21:00:00+00:00,4702.894
2026-03-23 21:30:00+00:00,4489.747
2026-03-23 22:00:00+00:00,4284.385
2026-03-23 22:30:00+00:00,4100.091
2026-03-23 23:00:00+00:00,3946.575
2026-03-23 23:30:00+00:00,3937.621
2026-03-24 00:00:00+00:00,3836.711
2026-03-24 00:30:00+00:00,3755.789
2026-03-24 01:00:00+00:00,3666.145
2026-03-24 01:30:00+00:00,3581.51
2026-03-24 02:00:00+00:00,3625.22
2026-03-24 02:30:00+00:00,3680.857
2026-03-24 03:00:00+00:00,3631.52
2026-03-24 03:30:00+00:00,3564.683
2026-03-24 04:00:00+00:00,3490.226
2026-03-24 04:30:00+00:00,3452.172
2026-03-24 05:00:00+00:00,3450.752
2026-03-24 05:30:00+00:00,3527.514
2026-03-24 06:00:00+00:00,3675.551
2026-03-24 06:30:00+00:00,3872.725
2026-03-24 07:00:00+00:00,4161.594
2026-03-24 07:30:00+00:00,4479.494
2026-03-24 08:00:00+00:00,4618.69
2026-03-24 08:30:00+00:00,4660.806
2026-03-24 09:00:00+00:00,4706.136
2026-03-24 09:30:00+00:00,4774.797
2026-03-24 10:00:00+00:00,4757.381
2026-03-24 10:30:00+00:00,4715.901
2026-03-24 11:00:00+00:00,4665.203
2026-03-24 11:30:00+00:00,4686.648
2026-03-24 12:00:00+00:00,4705.717
2026-03-24 12:30:00+00:00,4717.268
2026-03-24 13:00:00+00:00,4765.568
2026-03-24 13:30:00+00:00,4681.554
2026-03-24 14:00:00+00:00,4594.402
2026-03-24 14:30:00+00:00,4537.213
2026-03-24 15:00:00+00:00,4524.303
2026-03-24 15:30:00+00:00,4563.835
2026-03-24 16:00:00+00:00,4578.616
2026-03-24 16:30:00+00:00,4711.304
2026-03-24 17:00:00+00:00,4809.917
2026-03-24 17:30:00+00:00,4894.078
2026-03-24 18:00:00+00:00,4945.702
2026-03-24 18:30:00+00:00,4960.834
2026-03-24 19:00:00+00:00,5041.979
2026-03-24 19:30:00+00:00,5144.663
2026-03-24 20:00:00+00:00,5080.292
2026-03-24 20:30:00+00:00,4964.609
2026-03-24 21:00:00+00:00,4826.266
2026-03-24 21:30:00+00:00,4657.434
2026-03-24 22:00:00+00:00,4455.887
2026-03-24 22:30:00+00:00,4259.755
2026-03-24 23:00:00+00:00,4082.032
2026-03-24 23:30:00+00:00,4107.135
2026-03-25 00:00:00+00:00,3973.304
2026-03-25 00:30:00+00:00,3949.654
2026-03-25 01:00:00+00:00,3861.8
2026-03-25 01:30:00+00:00,3776.575
2026-03-25 02:00:00+00:00,3749.046
2026-03-25 02:30:00+00:00,3826.052
2026-03-25 03:00:00+00:00,3789.704
2026-03-25 03:30:00+00:00,3759.399
2026-03-25 04:00:00+00:00,3725.171
2026-03-25 04:30:00+00:00,3675.409
2026-03-25 05:00:00+00:00,3702.042
2026-03-25 05:30:00+00:00,3778.68
2026-03-25 06:00:00+00:00,3916.502
2026-03-25 06:30:00+00:00,4100.922
2026-03-25 07:00:00+00:00,4374.852
2026-03-25 07:30:00+00:00,4671.512
2026-03-25 08:00:00+00:00,4688.595
2026-03-25 08:30:00+00:00,4662.876
2026-03-25 09:00:00+00:00,4610.786
2026-03-25 09:30:00+00:00,4537.636
2026-03-25 10:00:00+00:00,4417.825
2026-03-25 10:30:00+00:00,4300.606
2026-03-25 11:00:00+00:00,4301.062
2026-03-25 11:30:00+00:00,4237.694
2026-03-25 12:00:00+00:00,4210.777
2026-03-25 12:30:00+00:00,4214.723
2026-03-25 13:00:00+00:00,4212.032
2026-03-25 13:30:00+00:00,4137.335
2026-03-25 14:00:00+00:00,4133.522
2026-03-25 14:30:00+00:00,4124.49
2026-03-25 15:00:00+00:00,4260.037
2026-03-25 15:30:00+00:00,4320.512
2026-03-25 16:00:00+00:00,4480.51
2026-03-25 16:30:00+00:00,4562.76
2026-03-25 17:00:00+00:00,4688.426
2026-03-25 17:30:00+00:00,4767.079
2026-03-25 18:00:00+00:00,4858.175
2026-03-25 18:30:00+00:00,4942.22
2026-03-25 19:00:00+00:00,5031.21
2026-03-25 19:30:00+00:00,5146.254
2026-03-25 20:00:00+00:00,5080.616
2026-03-25 20:30:00+00:00,4987.921
2026-03-25 21:00:00+00:00,4874.817
2026-03-25 21:30:00+00:00,4672.884
2026-03-25 22:00:00+00:00,4466.359
2026-03-25 22:30:00+00:00,4275.727
2026-03-25 23:00:00+00:00,4120.816
2026-03-25 23:30:00+00:00,4136.346
2026-03-26 00:00:00+00:00,4053.847
2026-03-26 00:30:00+00:00,3927.17
2026-03-26 01:00:00+00:00,3880.065
2026-03-26 01:30:00+00:00,3824.388
2026-03-26 02:00:00+00:00,3835.322
2026-03-26 02:30:00+00:00,3906.649
2026-03-26 03:00:00+00:00,3863.007
2026-03-26 03:30:00+00:00,3850.628
2026-03-26 04:00:00+00:00,3803.548
2026-03-26 04:30:00+00:00,3770.455
2026-03-26 05:00:00+00:00,3767.453
2026-03-26 05:30:00+00:00,3804.319
2026-03-26 06:00:00+00:00,3981.913
2026-03-26 06:30:00+00:00,4221.493
2026-03-26 07:00:00+00:00,4487.166
2026-03-26 07:30:00+00:00,4770.734
2026-03-26 08:00:00+00:00,4885.059
2026-03-26 08:30:00+00:00,4940.677
2026-03-26 09:00:00+00:00,4935.791
2026-03-26 09:30:00+00:00,4944.531
2026-03-26 10:00:00+00:00,4865.702
2026-03-26 10:30:00+00:00,4771.6
2026-03-26 11:00:00+00:00,4656.268
2026-03-26 11:30:00+00:00,4593.973
2026-03-26 12:00:00+00:00,4593.922
2026-03-26 12:30:00+00:00,4624.022
2026-03-26 13:00:00+00:00,4634.98
2026-03-26 13:30:00+00:00,4612.431
2026-03-26 14:00:00+00:00,4638.562
2026-03-26 14:30:00+00:00,4620.278
2026-03-26 15:00:00+00:00,4658.342
2026-03-26 15:30:00+00:00,4758.12
2026-03-26 16:00:00+00:00,4768.869
2026-03-26 16:30:00+00:00,4895.821
2026-03-26 17:00:00+00:00,4967.201
2026-03-26 17:30:00+00:00,5050.436
2026-03-26 18:00:00+00:00,5094.23
2026-03-26 18:30:00+00:00,5122.623
2026-03-26 19:00:00+00:00,5158.619
2026-03-26 19:30:00+00:00,5220.076
2026-03-26 20:00:00+00:00,5008.133
2026-03-26 20:30:00+00:00,4808.523
2026-03-26 21:00:00+00:00,4702.275
2026-03-26 21:30:00+00:00,4491.456
2026-03-26 22:00:00+00:00,4353.411
2026-03-26 22:30:00+00:00,4150.943
2026-03-26 23:00:00+00:00,4108.882
2026-03-26 23:30:00+00:00,4113.074
2026-03-27 00:00:00+00:00,3951.358
2026-03-27 00:30:00+00:00,3881.177
2026-03-27 01:00:00+00:00,3766.796
2026-03-27 01:30:00+00:00,3714.806
2026-03-27 02:00:00+00:00,3653.289
2026-03-27 02:30:00+00:00,3725.324
2026-03-27 03:00:00+00:00,3690.558
2026-03-27 03:30:00+00:00,3660.25
2026-03-27 04:00:00+00:00,3595.26
2026-03-27 04:30:00+00:00,3551.962
2026-03-27 05:00:00+00:00,3568.892
2026-03-27 05:30:00+00:00,3637.589
2026-03-27 06:00:00+00:00,3749.292
2026-03-27 06:30:00+00:00,3949.464
2026-03-27 07:00:00+00:00,4200.23
2026-03-27 07:30:00+00:00,4508.7
2026-03-27 08:00:00+00:00,4605.844
2026-03-27 08:30:00+00:00,4601.253
2026-03-27 09:00:00+00:00,4597.705
2026-03-27 09:30:00+00:00,4589.068
2026-03-27 10:00:00+00:00,4441.187
2026-03-27 10:30:00+00:00,4382.33
2026-03-27 11:00:00+00:00,4305.554
2026-03-27 11:30:00+00:00,4240.917
2026-03-27 12:00:00+00:00,4193.796
2026-03-27 12:30:00+00:00,4187.192
2026-03-27 13:00:00+00:00,4211.105
2026-03-27 13:30:00+00:00,4206.01
2026-03-27 14:00:00+00:00,4176.818
2026-03-27 14:30:00+00:00,4160.478
2026-03-27 15:00:00+00:00,4160.454
2026-03-27 15:30:00+00:00,4204.636
2026-03-27 16:00:00+00:00,4198.054
2026-03-27 16:30:00+00:00,4389.197
2026-03-27 17:00:00+00:00,4446.338
2026-03-27 17:30:00+00:00,4582.366
2026-03-27 18:00:00+00:00,4736.567
2026-03-27 18:30:00+00:00,4737.197
2026-03-27 19:00:00+00:00,4787.386
2026-03-27 19:30:00+00:00,4914.582
2026-03-27 20:00:00+00:00,4846.653
2026-03-27 20:30:00+00:00,4773.706
2026-03-27 21:00:00+00:00,4633.085
2026-03-27 21:30:00+00:00,4468.238
2026-03-27 22:00:00+00:00,4335.831
2026-03-27 22:30:00+00:00,4197.66
2026-03-27 23:00:00+00:00,4077.033
2026-03-27 23:30:00+00:00,4101.084
2026-03-28 00:00:00+00:00,3962.152
2026-03-28 00:30:00+00:00,3903.14
2026-03-28 01:00:00+00:00,3796.512
2026-03-28 01:30:00+00:00,3755.576
2026-03-28 02:00:00+00:00,3706.094
2026-03-28 02:30:00+00:00,3809.96
2026-03-28 03:00:00+00:00,3781.066
2026-03-28 03:30:00+00:00,3713.802
2026-03-28 04:00:00+00:00,3649.2
2026-03-28 04:30:00+00:00,3629.582
2026-03-28 05:00:00+00:00,3608.044
2026-03-28 05:30:00+00:00,3608.43
2026-03-28 06:00:00+00:00,3654.719
2026-03-28 06:30:00+00:00,3710.292
2026-03-28 07:00:00+00:00,3767.503
2026-03-28 07:30:00+00:00,3856.495
2026-03-28 08:00:00+00:00,3889.021
2026-03-28 08:30:00+00:00,3938.959
2026-03-28 09:00:00+00:00,3971.203
2026-03-28 09:30:00+00:00,4010.063
2026-03-28 10:00:00+00:00,3990.574
2026-03-28 10:30:00+00:00,3922.625
2026-03-28 11:00:00+00:00,3906.914
2026-03-28 11:30:00+00:00,3854.13
2026-03-28 12:00:00+00:00,3814.125
2026-03-28 12:30:00+00:00,3840.356
2026-03-28 13:00:00+00:00,3840.009
2026-03-28 13:30:00+00:00,3732.261
2026-03-28 14:00:00+00:00,3785.961
2026-03-28 14:30:00+00:00,3752.08
2026-03-28 15:00:00+00:00,3738.283
2026-03-28 15:30:00+00:00,3809.086
2026-03-28 16:00:00+00:00,3873.803
2026-03-28 16:30:00+00:00,3995.929
2026-03-28 17:00:00+00:00,4151.463
2026-03-28 17:30:00+00:00,4280.997
2026-03-28 18:00:00+00:00,4412.899
2026-03-28 18:30:00+00:00,4485.351
2026-03-28 19:00:00+00:00,4585.047
2026-03-28 19:30:00+00:00,4680.683
2026-03-28 20:00:00+00:00,4583.09
2026-03-28 20:30:00+00:00,4490.273
2026-03-28 21:00:00+00:00,4354.736
2026-03-28 21:30:00+00:00,4259.603
2026-03-28 22:00:00+00:00,4122.531
2026-03-28 22:30:00+00:00,3991.251
2026-03-28 23:00:00+00:00,3879.792
2026-03-28 23:30:00+00:00,3890.703
2026-03-29 00:00:00+00:00,3786.144
2026-03-29 00:30:00+00:00,3714.235
2026-03-29 02:00:00+01:00,3652.774
2026-03-29 02:30:00+01:00,3659.028
2026-03-29 03:00:00+01:00,3602.238
2026-03-29 03:30:00+01:00,3558.667
2026-03-29 04:00:00+01:00,3495.522
2026-03-29 04:30:00+01:00,3441.639
2026-03-29 05:00:00+01:00,3394.389
2026-03-29 05:30:00+01:00,3365.544
2026-03-29 06:00:00+01:00,3382.743
2026-03-29 06:30:00+01:00,3432.606
2026-03-29 07:00:00+01:00,3530.374
2026-03-29 07:30:00+01:00,3587.019
2026-03-29 08:00:00+01:00,3659.478
2026-03-29 08:30:00+01:00,3765.787
2026-03-29 09:00:00+01:00,3813.46
2026-03-29 09:30:00+01:00,3929.82
2026-03-29 10:00:00+01:00,4029.441
2026-03-29 10:30:00+01:00,4102.022
2026-03-29 11:00:00+01:00,4156.129
2026-03-29 11:30:00+01:00,4206.112
2026-03-29 12:00:00+01:00,4227.039
2026-03-29 12:30:00+01:00,4233.669
2026-03-29 13:00:00+01:00,4213.099
2026-03-29 13:30:00+01:00,4168.456
2026-03-29 14:00:00+01:00,4064.53
2026-03-29 14:30:00+01:00,3938.98
2026-03-29 15:00:00+01:00,3860.941
2026-03-29 15:30:00+01:00,3774.196
2026-03-29 16:00:00+01:00,3763.639
2026-03-29 16:30:00+01:00,3742.26
2026-03-29 17:00:00+01:00,3838.459
2026-03-29 17:30:00+01:00,3922.724
2026-03-29 18:00:00+01:00,4014.237
2026-03-29 18:30:00+01:00,4125.683
2026-03-29 19:00:00+01:00,4195.179
2026-03-29 19:30:00+01:00,4288.588
2026-03-29 20:00:00+01:00,4331.95
2026-03-29 20:30:00+01:00,4421.033
2026-03-29 21:00:00+01:00,4394.93
2026-03-29 21:30:00+01:00,4259.99
2026-03-29 22:00:00+01:00,4103.695
2026-03-29 22:30:00+01:00,3959.222
2026-03-29 23:00:00+01:00,3810.154
2026-03-29 23:30:00+01:00,3744.323
2026-03-30 00:00:00+01:00,3622.316
2026-03-30 00:30:00+01:00,3648.482
2026-03-30 01:00:00+01:00,3534.766
2026-03-30 01:30:00+01:00,3515.157
2026-03-30 02:00:00+01:00,3435.275
2026-03-30 02:30:00+01:00,3497.537
2026-03-30 03:00:00+01:00,3452.273
2026-03-30 03:30:00+01:00,3462.172
2026-03-30 04:00:00+01:00,3403.336
2026-03-30 04:30:00+01:00,3386.311
2026-03-30 05:00:00+01:00,3417.508
2026-03-30 05:30:00+01:00,3471.792
2026-03-30 06:00:00+01:00,3578.076
2026-03-30 06:30:00+01:00,3821.974
2026-03-30 07:00:00+01:00,4007.197
2026-03-30 07:30:00+01:00,4250.405
2026-03-30 08:00:00+01:00,4444.664
2026-03-30 08:30:00+01:00,4586.768
2026-03-30 09:00:00+01:00,4642.369
2026-03-30 09:30:00+01:00,4646.686
2026-03-30 10:00:00+01:00,4560.792
2026-03-30 10:30:00+01:00,4490.92
2026-03-30 11:00:00+01:00,4491.454
2026-03-30 11:30:00+01:00,4486.831
2026-03-30 12:00:00+01:00,4517.156
2026-03-30 12:30:00+01:00,4473.783
2026-03-30 13:00:00+01:00,4486.114
2026-03-30 13:30:00+01:00,4396.658
2026-03-30 14:00:00+01:00,4391.272
2026-03-30 14:30:00+01:00,4398.398
2026-03-30 15:00:00+01:00,4431.825
2026-03-30 15:30:00+01:00,4451.077
2026-03-30 16:00:00+01:00,4495.287
2026-03-30 16:30:00+01:00,4612.21
2026-03-30 17:00:00+01:00,4712.797
2026-03-30 17:30:00+01:00,4792.241
2026-03-30 18:00:00+01:00,4786.318
2026-03-30 18:30:00+01:00,4778.208
2026-03-30 19:00:00+01:00,4771.119
2026-03-30 19:30:00+01:00,4778.314
2026-03-30 20:00:00+01:00,4787.165
2026-03-30 20:30:00+01:00,4848.034
2026-03-30 21:00:00+01:00,4770.116
2026-03-30 21:30:00+01:00,4617.19
2026-03-30 22:00:00+01:00,4432.358
2026-03-30 22:30:00+01:00,4197.312
2026-03-30 23:00:00+01:00,3999.94
2026-03-30 23:30:00+01:00,3899.911
2026-03-31 00:00:00+01:00,3778.108
2026-03-31 00:30:00+01:00,3794.901
2026-03-31 01:00:00+01:00,3701.558
2026-03-31 01:30:00+01:00,3642.776
2026-03-31 02:00:00+01:00,3581.809
2026-03-31 02:30:00+01:00,3653.107
2026-03-31 03:00:00+01:00,3656.476
2026-03-31 03:30:00+01:00,3602.552
2026-03-31 04:00:00+01:00,3531.127
2026-03-31 04:30:00+01:00,3526.502
2026-03-31 05:00:00+01:00,3520.726
2026-03-31 05:30:00+01:00,3576.608
2026-03-31 06:00:00+01:00,3708.797
2026-03-31 06:30:00+01:00,3919.309
2026-03-31 07:00:00+01:00,4074.898
2026-03-31 07:30:00+01:00,4271.927
2026-03-31 08:00:00+01:00,4487.18
2026-03-31 08:30:00+01:00,4669.515
2026-03-31 09:00:00+01:00,4700.04
2026-03-31 09:30:00+01:00,4714.281
2026-03-31 10:00:00+01:00,4623.423
2026-03-31 10:30:00+01:00,4576.557
2026-03-31 11:00:00+01:00,4522.727
2026-03-31 11:30:00+01:00,4471.306
2026-03-31 12:00:00+01:00,4488.619
2026-03-31 12:30:00+01:00,4480.54
2026-03-31 13:00:00+01:00,4465.779
2026-03-31 13:30:00+01:00,4394.564
2026-03-31 14:00:00+01:00,4376.989
2026-03-31 14:30:00+01:00,4384.724
2026-03-31 15:00:00+01:00,4354.574
2026-03-31 15:30:00+01:00,4397.977
2026-03-31 16:00:00+01:00,4439.022
2026-03-31 16:30:00+01:00,4531.317
2026-03-31 17:00:00+01:00,4589.856
2026-03-31 17:30:00+01:00,4709.302
2026-03-31 18:00:00+01:00,4742.053
2026-03-31 18:30:00+01:00,4768.938
2026-03-31 19:00:00+01:00,4731.643
2026-03-31 19:30:00+01:00,4728.956
2026-03-31 20:00:00+01:00,4754.097
2026-03-31 20:30:00+01:00,4789.847
2026-03-31 21:00:00+01:00,4727.052
2026-03-31 21:30:00+01:00,4577.422
2026-03-31 22:00:00+01:00,4418.632
2026-03-31 22:30:00+01:00,4220.895
2026-03-31 23:00:00+01:00,4038.229
2026-03-31 23:30:00+01:00,3955.789
2026-04-01 00:00:00+01:00,3815.34
2026-04-01 00:30:00+01:00,3821.422
2026-04-01 01:00:00+01:00,3724.976
2026-04-01 01:30:00+01:00,3648.703
2026-04-01 02:00:00+01:00,3591.373
2026-04-01 02:30:00+01:00,3639.719
2026-04-01 03:00:00+01:00,3594.283
2026-04-01 03:30:00+01:00,3554.051
2026-04-01 04:00:00+01:00,3506.509
2026-04-01 04:30:00+01:00,3490.486
2026-04-01 05:00:00+01:00,3486.882
2026-04-01 05:30:00+01:00,3506.317
2026-04-01 06:00:00+01:00,3617.996
2026-04-01 06:30:00+01:00,3861.822
2026-04-01 07:00:00+01:00,4075.556
2026-04-01 07:30:00+01:00,4307.873
2026-04-01 08:00:00+01:00,4477.178
2026-04-01 08:30:00+01:00,4663.14
2026-04-01 09:00:00+01:00,4693.785
2026-04-01 09:30:00+01:00,4696.69
2026-04-01 10:00:00+01:00,4608.477
2026-04-01 10:30:00+01:00,4553.728
2026-04-01 11:00:00+01:00,4467.17
2026-04-01 11:30:00+01:00,4387.767
2026-04-01 12:00:00+01:00,4387.538
2026-04-01 12:30:00+01:00,4413.199
2026-04-01 13:00:00+01:00,4409.549
2026-04-01 13:30:00+01:00,4323.851
2026-04-01 14:00:00+01:00,4228.29
2026-04-01 14:30:00+01:00,4169.316
2026-04-01 15:00:00+01:00,4143.9
2026-04-01 15:30:00+01:00,4166.923
2026-04-01 16:00:00+01:00,4128.864
2026-04-01 16:30:00+01:00,4201.491
2026-04-01 17:00:00+01:00,4280.006
2026-04-01 17:30:00+01:00,4366.227
2026-04-01 18:00:00+01:00,4415.848
2026-04-01 18:30:00+01:00,4435.832
2026-04-01 19:00:00+01:00,4463.407
2026-04-01 19:30:00+01:00,4535.51
2026-04-01 20:00:00+01:00,4581.922
2026-04-01 20:30:00+01:00,4755.052
2026-04-01 21:00:00+01:00,4729.033
2026-04-01 21:30:00+01:00,4596.72
2026-04-01 22:00:00+01:00,4439.622
2026-04-01 22:30:00+01:00,4259.779
2026-04-01 23:00:00+01:00,4084.409
2026-04-01 23:30:00+01:00,4020.264
2026-04-02 00:00:00+01:00,3920.058
2026-04-02 00:30:00+01:00,3924.155
2026-04-02 01:00:00+01:00,3837.222
2026-04-02 01:30:00+01:00,3780.693
2026-04-02 02:00:00+01:00,3749.082
2026-04-02 02:30:00+01:00,3818.996
2026-04-02 03:00:00+01:00,3779.222
2026-04-02 03:30:00+01:00,3755.944
2026-04-02 04:00:00+01:00,3702.033
2026-04-02 04:30:00+01:00,3686.174
2026-04-02 05:00:00+01:00,3702.994
2026-04-02 05:30:00+01:00,3767.443
2026-04-02 06:00:00+01:00,3874.452
2026-04-02 06:30:00+01:00,4098.268
2026-04-02 07:00:00+01:00,4267.218
2026-04-02 07:30:00+01:00,4509.896
2026-04-02 08:00:00+01:00,4647.669
2026-04-02 08:30:00+01:00,4785.562
2026-04-02 09:00:00+01:00,4788.869
2026-04-02 09:30:00+01:00,4726.536
2026-04-02 10:00:00+01:00,4646.433
2026-04-02 10:30:00+01:00,4553.767
2026-04-02 11:00:00+01:00,4469.24
2026-04-02 11:30:00+01:00,4400.296
2026-04-02 12:00:00+01:00,4399.812
2026-04-02 12:30:00+01:00,4421.287
2026-04-02 15:00:00+01:00,4627.259
2026-04-02 15:30:00+01:00,4685.737
2026-04-02 17:00:00+01:00,4816.352
2026-04-02 17:30:00+01:00,4854.507
2026-04-02 18:00:00+01:00,4881.334
2026-04-02 18:30:00+01:00,4828.788
2026-04-02 19:00:00+01:00,4784.722
2026-04-02 19:30:00+01:00,4800.211
2026-04-02 20:00:00+01:00,4776.123
2026-04-02 20:30:00+01:00,4811.987
2026-04-02 21:00:00+01:00,4736.208
2026-04-02 21:30:00+01:00,4568.028
2026-04-02 22:00:00+01:00,4377.755
2026-04-02 22:30:00+01:00,4194.469
2026-04-02 23:00:00+01:00,4047.434
2026-04-02 23:30:00+01:00,3991.046
2026-04-03 00:00:00+01:00,3889.821
2026-04-03 00:30:00+01:00,3877.715
2026-04-03 01:00:00+01:00,3779.759
2026-04-03 01:30:00+01:00,3716.547
2026-04-03 02:00:00+01:00,3650.579
2026-04-03 02:30:00+01:00,3689.292
2026-04-03 03:00:00+01:00,3626.408
2026-04-03 03:30:00+01:00,3576.892
2026-04-03 04:00:00+01:00,3549.407
2026-04-03 04:30:00+01:00,3526.72
2026-04-03 05:00:00+01:00,3558.089
2026-04-03 05:30:00+01:00,3577.983
2026-04-03 06:00:00+01:00,3678.727
2026-04-03 06:30:00+01:00,3851.136
2026-04-03 07:00:00+01:00,3990.315
2026-04-03 07:30:00+01:00,4190.03
2026-04-03 08:00:00+01:00,4335.019
2026-04-03 08:30:00+01:00,4507.59
2026-04-03 09:00:00+01:00,4554.113
2026-04-03 09:30:00+01:00,4518.921
2026-04-03 10:00:00+01:00,4452.142
2026-04-03 10:30:00+01:00,4390.183
2026-04-03 11:00:00+01:00,4286.481
2026-04-03 11:30:00+01:00,4194.151
2026-04-03 12:00:00+01:00,4080.922
2026-04-03 12:30:00+01:00,4106.236
2026-04-03 13:00:00+01:00,4016.559
2026-04-03 13:30:00+01:00,3955.368
2026-04-03 14:00:00+01:00,3829.31
2026-04-03 14:30:00+01:00,3869.804
2026-04-03 15:00:00+01:00,3800.488
2026-04-03 15:30:00+01:00,3783.136
2026-04-03 16:00:00+01:00,3804.62
2026-04-03 16:30:00+01:00,3910.169
2026-04-03 17:00:00+01:00,3991.196
2026-04-03 17:30:00+01:00,4150.03
2026-04-03 18:00:00+01:00,4237.03
2026-04-03 18:30:00+01:00,4277.215
2026-04-03 19:00:00+01:00,4346.195
2026-04-03 19:30:00+01:00,4403.438
2026-04-03 20:00:00+01:00,4416.124
2026-04-03 20:30:00+01:00,4510.993
2026-04-03 21:00:00+01:00,4513.943
2026-04-03 21:30:00+01:00,4379.19
2026-04-03 22:00:00+01:00,4230.576
2026-04-03 22:30:00+01:00,4121.917
2026-04-03 23:00:00+01:00,3956.517
2026-04-03 23:30:00+01:00,3887.254
2026-04-04 00:00:00+01:00,3820.482
2026-04-04 00:30:00+01:00,3833.796
2026-04-04 01:00:00+01:00,3723.296
2026-04-04 01:30:00+01:00,3669.517
2026-04-04 02:00:00+01:00,3592.811
2026-04-04 02:30:00+01:00,3689.614
2026-04-04 03:00:00+01:00,3626.56
2026-04-04 03:30:00+01:00,3583.687
2026-04-04 04:00:00+01:00,3529.968
2026-04-04 04:30:00+01:00,3496.988
2026-04-04 05:00:00+01:00,3493.39
2026-04-04 05:30:00+01:00,3516.758
2026-04-04 06:00:00+01:00,3532.643
2026-04-04 06:30:00+01:00,3624.151
2026-04-04 07:00:00+01:00,3704.166
2026-04-04 07:30:00+01:00,3808.476
2026-04-04 08:00:00+01:00,3979.74
2026-04-04 08:30:00+01:00,4126.288
2026-04-04 09:00:00+01:00,4195.145
2026-04-04 09:30:00+01:00,4259.059
2026-04-04 10:00:00+01:00,4277.831
2026-04-04 10:30:00+01:00,4368.622
2026-04-04 11:00:00+01:00,4323.691
2026-04-04 11:30:00+01:00,4323.022
2026-04-04 12:00:00+01:00,4290.575
2026-04-04 12:30:00+01:00,4268.046
2026-04-04 13:00:00+01:00,4253.708
2026-04-04 13:30:00+01:00,4201.025
2026-04-04 14:00:00+01:00,4126.332
2026-04-04 14:30:00+01:00,4130.649
2026-04-04 15:00:00+01:00,4180.058
2026-04-04 15:30:00+01:00,4189.185
2026-04-04 16:00:00+01:00,4245.901
2026-04-04 16:30:00+01:00,4335.033
2026-04-04 17:00:00+01:00,4388.852
2026-04-04 17:30:00+01:00,4473.978
2026-04-04 18:00:00+01:00,4448.626
2026-04-04 18:30:00+01:00,4457.845
2026-04-04 19:00:00+01:00,4401.079
2026-04-04 19:30:00+01:00,4349.376
2026-04-04 20:00:00+01:00,4349.211
2026-04-04 20:30:00+01:00,4406.708
2026-04-04 21:00:00+01:00,4347.368
2026-04-04 21:30:00+01:00,4243.405
2026-04-04 22:00:00+01:00,4117.33
2026-04-04 22:30:00+01:00,4027.011
2026-04-04 23:00:00+01:00,3809.251
2026-04-04 23:30:00+01:00,3692.35
2026-04-05 00:00:00+01:00,3438.373
2026-04-05 00:30:00+01:00,3312.245
2026-04-05 01:00:00+01:00,3663.479
2026-04-05 01:30:00+01:00,3575.923
2026-04-05 02:00:00+01:00,3550.593
2026-04-05 02:30:00+01:00,3584.73
2026-04-05 03:00:00+01:00,3528.722
2026-04-05 03:30:00+01:00,3478.966
2026-04-05 04:00:00+01:00,3410.926
2026-04-05 04:30:00+01:00,3416.542
2026-04-05 05:00:00+01:00,3378.548
2026-04-05 05:30:00+01:00,3363.938
2026-04-05 06:00:00+01:00,3377.453
2026-04-05 06:30:00+01:00,3449.582
2026-04-05 07:00:00+01:00,3475.578
2026-04-05 07:30:00+01:00,3560.557
2026-04-05 08:00:00+01:00,3632.693
2026-04-05 08:30:00+01:00,3706.127
2026-04-05 09:00:00+01:00,3739.991
2026-04-05 09:30:00+01:00,3727.476
2026-04-05 10:00:00+01:00,3738.698
2026-04-05 10:30:00+01:00,3739.581
2026-04-05 11:00:00+01:00,3760.692
2026-04-05 11:30:00+01:00,3750.606
2026-04-05 12:00:00+01:00,3809.514
2026-04-05 12:30:00+01:00,3839.151
2026-04-05 13:00:00+01:00,3792.574
2026-04-05 13:30:00+01:00,3750.685
2026-04-05 14:00:00+01:00,3722.916
2026-04-05 14:30:00+01:00,3642.951
2026-04-05 15:00:00+01:00,3595.64
2026-04-05 15:30:00+01:00,3585.488
2026-04-05 16:00:00+01:00,3590.428
2026-04-05 16:30:00+01:00,3667.067
2026-04-05 17:00:00+01:00,3698.332
2026-04-05 17:30:00+01:00,3793.45
2026-04-05 18:00:00+01:00,3858.438
2026-04-05 18:30:00+01:00,3900.174
2026-04-05 19:00:00+01:00,3963.992
2026-04-05 19:30:00+01:00,4025.277
2026-04-05 20:00:00+01:00,4069.748
2026-04-05 20:30:00+01:00,4156.777
2026-04-05 21:00:00+01:00,4178.886
2026-04-05 21:30:00+01:00,4083.108
2026-04-05 22:00:00+01:00,3994.72
2026-04-05 22:30:00+01:00,3860.986
2026-04-05 23:00:00+01:00,3777.368
2026-04-05 23:30:00+01:00,3696.544
2026-04-06 00:00:00+01:00,3610.331
2026-04-06 00:30:00+01:00,3640.552
2026-04-06 02:00:00+01:00,3435.895
2026-04-06 02:30:00+01:00,3481.688
2026-04-06 03:00:00+01:00,3420.153
2026-04-06 03:30:00+01:00,3394.713
2026-04-06 04:00:00+01:00,3365.005
2026-04-06 04:30:00+01:00,3359.906
2026-04-06 05:00:00+01:00,3360.351
2026-04-06 05:30:00+01:00,3341.3
2026-04-06 06:00:00+01:00,3366.384
2026-04-06 06:30:00+01:00,3422.567
2026-04-06 07:00:00+01:00,3494.337
2026-04-06 07:30:00+01:00,3571.958
2026-04-06 08:00:00+01:00,3624.862
2026-04-06 08:30:00+01:00,3749.037
2026-04-06 09:00:00+01:00,3824.937
2026-04-06 09:30:00+01:00,3900.545
2026-04-06 10:00:00+01:00,3969.657
2026-04-06 10:30:00+01:00,4011.499
2026-04-06 11:00:00+01:00,4035.019
2026-04-06 11:30:00+01:00,4041.841
2026-04-06 12:00:00+01:00,4000.185
2026-04-06 12:30:00+01:00,4030.195
2026-04-06 13:00:00+01:00,4009.308
2026-04-06 13:30:00+01:00,3957.542
2026-04-06 14:00:00+01:00,3893.559
2026-04-06 14:30:00+01:00,3874.461
2026-04-06 15:00:00+01:00,3846.698
2026-04-06 15:30:00+01:00,3824.733
2026-04-06 16:00:00+01:00,3832.137
2026-04-06 16:30:00+01:00,3884.17
2026-04-06 17:00:00+01:00,3961.517
2026-04-06 17:30:00+01:00,4081.69
2026-04-06 18:00:00+01:00,4169.702
2026-04-06 18:30:00+01:00,4165.333
2026-04-06 19:00:00+01:00,4213.643
2026-04-06 19:30:00+01:00,4191.93
2026-04-06 20:00:00+01:00,4233.646
2026-04-06 20:30:00+01:00,4314.16
2026-04-06 21:00:00+01:00,4275.422
2026-04-06 21:30:00+01:00,4144.53
2026-04-06 22:00:00+01:00,4020.076
2026-04-06 22:30:00+01:00,3864.583
2026-04-06 23:00:00+01:00,3732.82
2026-04-06 23:30:00+01:00,3651.396
2026-04-07 00:00:00+01:00,3528.23
2026-04-07 00:30:00+01:00,3525.026
2026-04-07 01:00:00+01:00,3441.351
2026-04-07 01:30:00+01:00,3390.283
2026-04-07 02:00:00+01:00,3340.513
2026-04-07 02:30:00+01:00,3408.159
2026-04-07 03:00:00+01:00,3398.699
2026-04-07 03:30:00+01:00,3346.216
2026-04-07 04:00:00+01:00,3316.069
2026-04-07 04:30:00+01:00,3275.598
2026-04-07 05:00:00+01:00,3263.97
2026-04-07 05:30:00+01:00,3313.589
2026-04-07 06:00:00+01:00,3454.953
2026-04-07 06:30:00+01:00,3637.424
2026-04-07 07:00:00+01:00,3781.901
2026-04-07 07:30:00+01:00,4010.654
2026-04-07 08:00:00+01:00,4178.821
2026-04-07 08:30:00+01:00,4355.544
2026-04-07 09:00:00+01:00,4377.432
2026-04-07 09:30:00+01:00,4409.269
2026-04-07 10:00:00+01:00,4396.757
2026-04-07 10:30:00+01:00,4357.509
2026-04-07 11:00:00+01:00,4337.179
2026-04-07 11:30:00+01:00,4314.721
2026-04-07 12:00:00+01:00,4344.424
2026-04-07 12:30:00+01:00,4324.781
2026-04-07 13:00:00+01:00,4323.799
2026-04-07 13:30:00+01:00,4288.046
2026-04-07 14:00:00+01:00,4320.597
2026-04-07 14:30:00+01:00,4341.559
2026-04-07 15:00:00+01:00,4351.89
2026-04-07 15:30:00+01:00,4373.431
2026-04-07 16:00:00+01:00,4424.564
2026-04-07 16:30:00+01:00,4539.675
2026-04-07 17:00:00+01:00,4618.547
2026-04-07 17:30:00+01:00,4736.903
2026-04-07 18:00:00+01:00,4761.024
2026-04-07 18:30:00+01:00,4764.173
2026-04-07 19:00:00+01:00,4739.062
2026-04-07 19:30:00+01:00,4735.294
2026-04-07 20:00:00+01:00,4690.093
2026-04-07 20:30:00+01:00,4727.168
2026-04-07 21:00:00+01:00,4723.875
2026-04-07 21:30:00+01:00,4571.706
2026-04-07 22:00:00+01:00,4406.153
2026-04-07 22:30:00+01:00,4230.887
2026-04-07 23:00:00+01:00,4027.13
2026-04-07 23:30:00+01:00,3935.858
2026-04-08 00:00:00+01:00,3799.606
2026-04-08 00:30:00+01:00,3814.527
2026-04-08 01:00:00+01:00,3716.65
2026-04-08 01:30:00+01:00,3656.398
2026-04-08 02:00:00+01:00,3631.886
2026-04-08 02:30:00+01:00,3693.667
2026-04-08 03:00:00+01:00,3638.466
2026-04-08 03:30:00+01:00,3595.758
2026-04-08 04:00:00+01:00,3539.195
2026-04-08 04:30:00+01:00,3522.223
2026-04-08 05:00:00+01:00,3501.7
2026-04-08 05:30:00+01:00,3562.274
2026-04-08 06:00:00+01:00,3687.473
2026-04-08 06:30:00+01:00,3871.759
2026-04-08 07:00:00+01:00,4059.093
2026-04-08 07:30:00+01:00,4299.175
2026-04-08 09:00:00+01:00,4652.987
2026-04-08 09:30:00+01:00,4652.33
2026-04-08 10:00:00+01:00,4609.35
2026-04-08 10:30:00+01:00,4553.669
2026-04-08 11:00:00+01:00,4492.523
2026-04-08 11:30:00+01:00,4421.43
2026-04-08 12:00:00+01:00,4376.153
2026-04-08 12:30:00+01:00,4336.156
2026-04-08 13:00:00+01:00,4278.708
2026-04-08 13:30:00+01:00,4139.792
2026-04-08 14:00:00+01:00,4104.62
2026-04-08 14:30:00+01:00,4023.338
2026-04-08 15:00:00+01:00,3965.721
2026-04-08 15:30:00+01:00,3953.835
2026-04-08 16:00:00+01:00,3990.322
2026-04-08 16:30:00+01:00,4062.599
2026-04-08 17:00:00+01:00,4206.706
2026-04-08 17:30:00+01:00,4335.384
2026-04-08 18:00:00+01:00,4412.462
2026-04-08 18:30:00+01:00,4432.086
2026-04-08 19:00:00+01:00,4458.16
2026-04-08 19:30:00+01:00,4504.833
2026-04-08 20:00:00+01:00,4514.698
2026-04-08 20:30:00+01:00,4582.438
2026-04-08 21:00:00+01:00,4612.761
2026-04-08 21:30:00+01:00,4454.634
2026-04-08 22:00:00+01:00,4292.51
2026-04-08 22:30:00+01:00,4116.496
2026-04-08 23:00:00+01:00,3911.739
2026-04-08 23:30:00+01:00,3811.934
2026-04-09 01:00:00+01:00,3606.742
2026-04-09 01:30:00+01:00,3531.893
2026-04-09 02:00:00+01:00,3508.523
2026-04-09 02:30:00+01:00,3551.09
2026-04-09 03:00:00+01:00,3499.771
2026-04-09 03:30:00+01:00,3460.748
2026-04-09 04:00:00+01:00,3436.415
2026-04-09 04:30:00+01:00,3399.513
2026-04-09 05:00:00+01:00,3399.15
2026-04-09 05:30:00+01:00,3421.701
2026-04-09 06:00:00+01:00,3535.286
2026-04-09 06:30:00+01:00,3726.214
2026-04-09 07:00:00+01:00,3892.997
2026-04-09 07:30:00+01:00,4145.117
2026-04-09 08:00:00+01:00,4282.594
2026-04-09 08:30:00+01:00,4438.778
2026-04-09 09:00:00+01:00,4430.928
2026-04-09 09:30:00+01:00,4505.118
2026-04-09 10:00:00+01:00,4555.817
2026-04-09 10:30:00+01:00,4499.06
2026-04-09 11:00:00+01:00,4492.839
2026-04-09 11:30:00+01:00,4425.996
2026-04-09 12:00:00+01:00,4326.444
2026-04-09 12:30:00+01:00,4245.465
2026-04-09 13:00:00+01:00,4121.269
2026-04-09 13:30:00+01:00,4013.294
2026-04-09 14:00:00+01:00,3916.904
2026-04-09 14:30:00+01:00,3888.889
2026-04-09 15:00:00+01:00,3991.831
2026-04-09 15:30:00+01:00,3989.652
2026-04-09 16:00:00+01:00,4032.468
2026-04-09 16:30:00+01:00,4108.962
2026-04-09 17:00:00+01:00,4205.994
2026-04-09 17:30:00+01:00,4370.556
2026-04-09 18:00:00+01:00,4395.698
2026-04-09 18:30:00+01:00,4430.945
2026-04-09 19:00:00+01:00,4433.837
2026-04-09 19:30:00+01:00,4510.292
2026-04-09 20:00:00+01:00,4525.616
2026-04-09 20:30:00+01:00,4630.009
2026-04-09 21:00:00+01:00,4721.828
2026-04-09 21:30:00+01:00,4541.856
2026-04-09 22:00:00+01:00,4384.652
2026-04-09 22:30:00+01:00,4193.626
2026-04-09 23:00:00+01:00,4040.706
2026-04-09 23:30:00+01:00,3958.159
2026-04-10 00:00:00+01:00,3849.532
2026-04-10 00:30:00+01:00,3862.845
2026-04-10 01:00:00+01:00,3801.431
2026-04-10 01:30:00+01:00,3770.167
2026-04-10 02:00:00+01:00,3706.34
2026-04-10 02:30:00+01:00,3760.697
2026-04-10 03:00:00+01:00,3679.553
2026-04-10 03:30:00+01:00,3656.172
2026-04-10 04:00:00+01:00,3609.908
2026-04-10 04:30:00+01:00,3570.166
2026-04-10 05:00:00+01:00,3573.035
2026-04-10 05:30:00+01:00,3633.741
2026-04-10 06:00:00+01:00,3714.352
2026-04-10 06:30:00+01:00,3888.391
2026-04-10 07:00:00+01:00,4039.938
2026-04-10 07:30:00+01:00,4290.034
2026-04-10 08:00:00+01:00,4457.665
2026-04-10 08:30:00+01:00,4633.914
2026-04-10 09:00:00+01:00,4696.701
2026-04-10 09:30:00+01:00,4722.379
2026-04-10 10:00:00+01:00,4737.478
2026-04-10 10:30:00+01:00,4696.455
2026-04-10 11:00:00+01:00,4628.116
2026-04-10 11:30:00+01:00,4698.596
2026-04-10 12:00:00+01:00,4715.044
2026-04-10 12:30:00+01:00,4765.809
2026-04-10 13:00:00+01:00,4745.617
2026-04-10 13:30:00+01:00,4755.958
2026-04-10 14:00:00+01:00,4701.435
2026-04-10 14:30:00+01:00,4669.206
2026-04-10 15:00:00+01:00,4637.107
2026-04-10 15:30:00+01:00,4640.782
2026-04-10 16:00:00+01:00,4678.012
2026-04-10 16:30:00+01:00,4762.967
2026-04-10 17:00:00+01:00,4831.624
2026-04-10 17:30:00+01:00,4927.377
2026-04-10 18:00:00+01:00,4889.482
2026-04-10 18:30:00+01:00,4901.428
2026-04-10 19:00:00+01:00,4784.955
2026-04-10 19:30:00+01:00,4793.907
2026-04-10 20:00:00+01:00,4728.69
2026-04-10 20:30:00+01:00,4720.657
2026-04-10 21:00:00+01:00,4691.618
2026-04-10 21:30:00+01:00,4556.539
2026-04-10 22:00:00+01:00,4430.668
2026-04-10 22:30:00+01:00,4279.137
2026-04-10 23:00:00+01:00,4130.522
2026-04-10 23:30:00+01:00,4061.171
2026-04-11 00:00:00+01:00,3895.883
2026-04-11 00:30:00+01:00,3944.416
2026-04-11 01:00:00+01:00,3848.507
2026-04-11 01:30:00+01:00,3762.42
2026-04-11 02:00:00+01:00,3681.281
2026-04-11 02:30:00+01:00,3795.69
2026-04-11 03:00:00+01:00,3695.766
2026-04-11 03:30:00+01:00,3667.064
2026-04-11 04:00:00+01:00,3601.371
2026-04-11 04:30:00+01:00,3573.901
2026-04-11 05:00:00+01:00,3564.096
2026-04-11 05:30:00+01:00,3565.35
2026-04-11 06:00:00+01:00,3607.898
2026-04-11 06:30:00+01:00,3679.519
2026-04-11 07:00:00+01:00,3727.408
2026-04-11 07:30:00+01:00,3805.55
2026-04-11 08:00:00+01:00,3902.8
2026-04-11 08:30:00+01:00,3974.19
2026-04-11 09:00:00+01:00,4045.832
2026-04-11 09:30:00+01:00,4104.065
2026-04-11 10:00:00+01:00,4115.361
2026-04-11 10:30:00+01:00,4074.403
2026-04-11 11:00:00+01:00,4049.961
2026-04-11 11:30:00+01:00,4051.196
2026-04-11 12:00:00+01:00,4049.547
2026-04-11 12:30:00+01:00,4029.99
2026-04-11 13:00:00+01:00,3975.384
2026-04-11 13:30:00+01:00,3932.988
2026-04-11 14:00:00+01:00,3866.654
2026-04-11 14:30:00+01:00,3869.352
2026-04-11 15:00:00+01:00,3817.266
2026-04-11 15:30:00+01:00,3822.614
2026-04-11 16:00:00+01:00,3877.516
2026-04-11 16:30:00+01:00,3977.604
2026-04-11 17:00:00+01:00,4143.595
2026-04-11 17:30:00+01:00,4287.257
2026-04-11 18:00:00+01:00,4331.716
2026-04-11 18:30:00+01:00,4373.431
2026-04-11 19:00:00+01:00,4357.394
2026-04-11 19:30:00+01:00,4348.72
2026-04-11 20:00:00+01:00,4332.852
2026-04-11 20:30:00+01:00,4360.904
2026-04-11 21:00:00+01:00,4355.567
2026-04-11 21:30:00+01:00,4269.432
2026-04-11 22:00:00+01:00,4106.31
2026-04-11 22:30:00+01:00,3949.963
2026-04-11 23:00:00+01:00,3829.291
2026-04-11 23:30:00+01:00,3779.018
2026-04-12 00:00:00+01:00,3684.496
2026-04-12 00:30:00+01:00,3718.661
2026-04-12 01:00:00+01:00,3628.71
2026-04-12 01:30:00+01:00,3537.23
2026-04-12 02:00:00+01:00,3476.709
2026-04-12 02:30:00+01:00,3529.927
2026-04-12 03:00:00+01:00,3457.97
2026-04-12 03:30:00+01:00,3412.647
2026-04-12 05:00:00+01:00,3278.86
2026-04-12 05:30:00+01:00,3269.3
2026-04-12 06:00:00+01:00,3289.518
2026-04-12 06:30:00+01:00,3336.712
2026-04-12 07:00:00+01:00,3383.146
2026-04-12 07:30:00+01:00,3456.412
2026-04-12 08:00:00+01:00,3507.685
2026-04-12 08:30:00+01:00,3573.784
2026-04-12 09:00:00+01:00,3621.712
2026-04-12 09:30:00+01:00,3671.569
2026-04-12 10:00:00+01:00,3665.8
2026-04-12 10:30:00+01:00,3702.238
2026-04-12 11:00:00+01:00,3672.939
2026-04-12 11:30:00+01:00,3646.972
2026-04-12 12:00:00+01:00,3752.53
2026-04-12 12:30:00+01:00,3694.629
2026-04-12 13:00:00+01:00,3705.665
2026-04-12 13:30:00+01:00,3686.568
2026-04-12 14:00:00+01:00,3582.919
2026-04-12 14:30:00+01:00,3594.531
2026-04-12 15:00:00+01:00,3604.555
2026-04-12 15:30:00+01:00,3617.331
2026-04-12 16:00:00+01:00,3710.005
2026-04-12 16:30:00+01:00,3767.304
2026-04-12 17:00:00+01:00,3857.536
2026-04-12 17:30:00+01:00,3956.863
2026-04-12 18:00:00+01:00,4043.831
2026-04-12 18:30:00+01:00,4113.619
2026-04-12 19:00:00+01:00,4181.909
2026-04-12 19:30:00+01:00,4303.799
2026-04-12 20:00:00+01:00,4360.209
2026-04-12 20:30:00+01:00,4394.935
2026-04-12 21:00:00+01:00,4475.362
2026-04-12 21:30:00+01:00,4332.919
2026-04-12 22:00:00+01:00,4188.875
2026-04-12 22:30:00+01:00,4017.414
2026-04-12 23:00:00+01:00,3841.828
2026-04-12 23:30:00+01:00,3791.099
2026-04-13 01:00:00+01:00,3616.367
2026-04-13 01:30:00+01:00,3549.126
2026-04-13 02:00:00+01:00,3523.337
2026-04-13 02:30:00+01:00,3597.765
2026-04-13 03:00:00+01:00,3561.176
2026-04-13 03:30:00+01:00,3528.091
2026-04-13 04:00:00+01:00,3506.021
2026-04-13 04:30:00+01:00,3478.148
2026-04-13 05:00:00+01:00,3494.923
2026-04-13 05:30:00+01:00,3580.269
2026-04-13 06:00:00+01:00,3697.188
2026-04-13 06:30:00+01:00,3932.913
2026-04-13 07:00:00+01:00,4222.193
2026-04-13 07:30:00+01:00,4534.64
2026-04-13 08:00:00+01:00,4654.657
2026-04-13 08:30:00+01:00,4664.812
2026-04-13 09:00:00+01:00,4591.71
2026-04-13 09:30:00+01:00,4526.029
2026-04-13 10:00:00+01:00,4430.708
2026-04-13 10:30:00+01:00,4335.535
2026-04-13 11:00:00+01:00,4278.059
2026-04-13 11:30:00+01:00,4227.922
2026-04-13 13:00:00+01:00,4134.05
2026-04-13 13:30:00+01:00,4008.003
2026-04-13 14:00:00+01:00,4002.427
2026-04-13 14:30:00+01:00,3981.62
2026-04-13 15:00:00+01:00,4043.769
2026-04-13 15:30:00+01:00,4083.89
2026-04-13 16:00:00+01:00,4079.835
2026-04-13 16:30:00+01:00,4228.202
2026-04-13 17:00:00+01:00,4324.266
2026-04-13 17:30:00+01:00,4447.448
2026-04-13 18:00:00+01:00,4490.408
2026-04-13 18:30:00+01:00,4523.23
2026-04-13 19:00:00+01:00,4500.65
2026-04-13 19:30:00+01:00,4537.533
2026-04-13 20:00:00+01:00,4555.817
2026-04-13 20:30:00+01:00,4590.611
2026-04-13 21:00:00+01:00,4647.958
2026-04-13 21:30:00+01:00,4482.101
2026-04-13 22:00:00+01:00,4301.592
2026-04-13 22:30:00+01:00,4120.646
2026-04-13 23:00:00+01:00,3864.318
2026-04-13 23:30:00+01:00,3778.231
2026-04-14 00:00:00+01:00,3669.714
2026-04-14 00:30:00+01:00,3668.901
2026-04-14 01:00:00+01:00,3573.304
2026-04-14 01:30:00+01:00,3519.289
2026-04-14 02:00:00+01:00,3468.538
2026-04-14 02:30:00+01:00,3543.925
2026-04-14 03:00:00+01:00,3513.806
2026-04-14 03:30:00+01:00,3471.386
2026-04-14 04:00:00+01:00,3433.267
2026-04-14 04:30:00+01:00,3406.484
2026-04-14 05:00:00+01:00,3398.158
2026-04-14 05:30:00+01:00,3435.734
2026-04-14 06:00:00+01:00,3586.386
2026-04-14 06:30:00+01:00,3781.85
2026-04-14 07:00:00+01:00,4027.618
2026-04-14 07:30:00+01:00,4353.934
2026-04-14 08:00:00+01:00,4552.522
2026-04-14 08:30:00+01:00,4639.044
2026-04-14 09:00:00+01:00,4644.304
2026-04-14 09:30:00+01:00,4701.898
2026-04-14 10:00:00+01:00,4675.09
2026-04-14 10:30:00+01:00,4638.471
2026-04-14 11:00:00+01:00,4646.408
2026-04-14 11:30:00+01:00,4580.332
2026-04-14 12:00:00+01:00,4560.302
2026-04-14 12:30:00+01:00,4570.611
2026-04-14 13:00:00+01:00,4590.204
2026-04-14 13:30:00+01:00,4494.22
2026-04-14 14:00:00+01:00,4460.451
2026-04-14 14:30:00+01:00,4442.008
2026-04-14 15:00:00+01:00,4437.239
2026-04-14 15:30:00+01:00,4484.253
2026-04-14 16:00:00+01:00,4527.662
2026-04-14 16:30:00+01:00,4629.558
2026-04-14 17:00:00+01:00,4701.474
2026-04-14 17:30:00+01:00,4742.612
2026-04-14 18:00:00+01:00,4790.114
2026-04-14 18:30:00+01:00,4743.769
2026-04-14 19:00:00+01:00,4709.679
2026-04-14 19:30:00+01:00,4720.281
2026-04-14 20:00:00+01:00,4723.264
2026-04-14 20:30:00+01:00,4724.466
2026-04-14 21:00:00+01:00,4707.611
2026-04-14 21:30:00+01:00,4505.822
2026-04-14 22:00:00+01:00,4317.634
2026-04-14 22:30:00+01:00,4122.146
2026-04-14 23:00:00+01:00,3935.414
2026-04-14 23:30:00+01:00,3833.806
2026-04-15 00:00:00+01:00,3697.834
2026-04-15 00:30:00+01:00,3677.133
2026-04-15 01:00:00+01:00,3612.512
2026-04-15 01:30:00+01:00,3528.88
2026-04-15 02:00:00+01:00,3475.758
2026-04-15 02:30:00+01:00,3575.291
2026-04-15 03:00:00+01:00,3540.122
2026-04-15 03:30:00+01:00,3478.574
2026-04-15 04:00:00+01:00,3410.396
2026-04-15 04:30:00+01:00,3411.086
2026-04-15 05:00:00+01:00,3403.718
2026-04-15 05:30:00+01:00,3447.634
2026-04-15 07:00:00+01:00,4119.676
2026-04-15 07:30:00+01:00,4442.835
2026-04-15 08:00:00+01:00,4568.504
2026-04-15 08:30:00+01:00,4627.996
2026-04-15 09:00:00+01:00,4606.362
2026-04-15 09:30:00+01:00,4581.231
2026-04-15 10:00:00+01:00,4478.386
2026-04-15 10:30:00+01:00,4463.967
2026-04-15 11:00:00+01:00,4314.602
2026-04-15 11:30:00+01:00,4259.325
2026-04-15 12:00:00+01:00,4161.11
2026-04-15 12:30:00+01:00,4140.197
2026-04-15 13:00:00+01:00,4091.825
2026-04-15 13:30:00+01:00,3954.366
2026-04-15 14:00:00+01:00,3956.413
2026-04-15 14:30:00+01:00,3879.87
2026-04-15 15:00:00+01:00,3935.075
2026-04-15 15:30:00+01:00,3969.544
2026-04-15 16:00:00+01:00,4088.195
2026-04-15 16:30:00+01:00,4134.886
2026-04-15 17:00:00+01:00,4280.832
2026-04-15 17:30:00+01:00,4426.566
2026-04-15 18:00:00+01:00,4460.972
2026-04-15 18:30:00+01:00,4522.396
2026-04-15 19:00:00+01:00,4514.644
2026-04-15 19:30:00+01:00,4557.904
2026-04-15 20:00:00+01:00,4542.152
2026-04-15 20:30:00+01:00,4584.737
2026-04-15 21:00:00+01:00,4595.009
2026-04-15 21:30:00+01:00,4480.051
2026-04-15 22:00:00+01:00,4361.482
2026-04-15 22:30:00+01:00,4124.947
2026-04-15 23:00:00+01:00,3937.578
2026-04-15 23:30:00+01:00,3849.172
2026-04-16 00:00:00+01:00,3710.092
2026-04-16 00:30:00+01:00,3711.495
2026-04-16 01:00:00+01:00,3590.3
2026-04-16 01:30:00+01:00,3543.279
2026-04-16 02:00:00+01:00,3483.51
2026-04-16 02:30:00+01:00,3563.988
2026-04-16 03:00:00+01:00,3518.504
2026-04-16 03:30:00+01:00,3486.152
2026-04-16 04:00:00+01:00,3442.065
2026-04-16 04:30:00+01:00,3420.956
2026-04-16 05:00:00+01:00,3435.465
2026-04-16 05:30:00+01:00,3517.206
2026-04-16 06:00:00+01:00,3631.48
2026-04-16 06:30:00+01:00,3796.159
2026-04-16 07:00:00+01:00,4073.627
2026-04-16 07:30:00+01:00,4386.887
2026-04-16 08:00:00+01:00,4507.47
2026-04-16 08:30:00+01:00,4520.686
2026-04-16 09:00:00+01:00,4455.588
2026-04-16 09:30:00+01:00,4386.596
2026-04-16 10:00:00+01:00,4313.524
2026-04-16 10:30:00+01:00,4220.022
2026-04-16 11:00:00+01:00,4150.547
2026-04-16 11:30:00+01:00,4133.27
2026-04-16 12:00:00+01:00,4111.318
2026-04-16 12:30:00+01:00,4158.411
2026-04-16 13:00:00+01:00,4148.077
2026-04-16 13:30:00+01:00,4143.932
2026-04-16 15:00:00+01:00,4311.426
2026-04-16 15:30:00+01:00,4361.59
2026-04-16 16:00:00+01:00,4398.668
2026-04-16 16:30:00+01:00,4506.778
2026-04-16 17:00:00+01:00,4590.0
2026-04-16 17:30:00+01:00,4639.789
2026-04-16 18:00:00+01:00,4660.819
2026-04-16 18:30:00+01:00,4662.966
2026-04-16 19:00:00+01:00,4647.166
2026-04-16 19:30:00+01:00,4661.528
2026-04-16 20:00:00+01:00,4643.739
2026-04-16 20:30:00+01:00,4660.58
2026-04-16 21:00:00+01:00,4641.131
2026-04-16 21:30:00+01:00,4502.385
2026-04-16 22:00:00+01:00,4313.263
2026-04-16 22:30:00+01:00,4148.102
2026-04-16 23:00:00+01:00,3939.742
2026-04-16 23:30:00+01:00,3871.477
2026-04-17 00:00:00+01:00,3771.316
2026-04-17 00:30:00+01:00,3773.401
2026-04-17 01:00:00+01:00,3675.078
2026-04-17 01:30:00+01:00,3621.262
2026-04-17 02:00:00+01:00,3535.206
2026-04-17 02:30:00+01:00,3610.792
2026-04-17 03:00:00+01:00,3585.68
2026-04-17 03:30:00+01:00,3543.245
2026-04-17 04:00:00+01:00,3460.918
2026-04-17 04:30:00+01:00,3434.826
2026-04-17 05:00:00+01:00,3438.108
2026-04-17 05:30:00+01:00,3466.286
2026-04-17 06:00:00+01:00,3593.235
2026-04-17 06:30:00+01:00,3797.784
2026-04-17 07:00:00+01:00,4055.684
2026-04-17 07:30:00+01:00,4345.659
2026-04-17 08:00:00+01:00,4455.792
2026-04-17 08:30:00+01:00,4485.937
2026-04-17 09:00:00+01:00,4472.139
2026-04-17 09:30:00+01:00,4437.071
2026-04-17 10:00:00+01:00,4378.764
2026-04-17 10:30:00+01:00,4314.326
2026-04-17 11:00:00+01:00,4275.514
2026-04-17 11:30:00+01:00,4165.365
2026-04-17 12:00:00+01:00,4088.536
2026-04-17 12:30:00+01:00,4068.075
2026-04-17 13:00:00+01:00,3994.874
2026-04-17 13:30:00+01:00,3882.105
2026-04-17 14:00:00+01:00,3830.56
2026-04-17 14:30:00+01:00,3762.19
2026-04-17 15:00:00+01:00,3801.333
2026-04-17 15:30:00+01:00,3865.495
2026-04-17 16:00:00+01:00,3888.227
2026-04-17 16:30:00+01:00,3972.388
2026-04-17 17:00:00+01:00,4094.486
2026-04-17 17:30:00+01:00,4198.96
2026-04-17 19:00:00+01:00,4317.777
2026-04-17 19:30:00+01:00,4326.358
2026-04-17 20:00:00+01:00,4334.989
2026-04-17 20:30:00+01:00,4374.467
2026-04-17 21:00:00+01:00,4450.676
2026-04-17 21:30:00+01:00,4304.113
2026-04-17 22:00:00+01:00,4175.06
2026-04-17 22:30:00+01:00,4055.658
2026-04-17 23:00:00+01:00,3878.553
2026-04-17 23:30:00+01:00,3825.463
2026-04-18 00:00:00+01:00,3703.775
2026-04-18 00:30:00+01:00,3725.785
2026-04-18 01:00:00+01:00,3623.238
2026-04-18 01:30:00+01:00,3534.816
2026-04-18 02:00:00+01:00,3473.331
2026-04-18 02:30:00+01:00,3538.671
2026-04-18 03:00:00+01:00,3467.749
2026-04-18 03:30:00+01:00,3419.713
2026-04-18 04:00:00+01:00,3398.003
2026-04-18 04:30:00+01:00,3355.047
2026-04-18 05:00:00+01:00,3337.602
2026-04-18 05:30:00+01:00,3344.177
2026-04-18 06:00:00+01:00,3431.496
2026-04-18 06:30:00+01:00,3483.349
2026-04-18 07:00:00+01:00,3545.44
2026-04-18 07:30:00+01:00,3677.292
2026-04-18 08:00:00+01:00,3766.086
2026-04-18 08:30:00+01:00,3856.239
2026-04-18 09:00:00+01:00,3867.587
2026-04-18 09:30:00+01:00,3900.526
2026-04-18 10:00:00+01:00,3828.413
2026-04-18 10:30:00+01:00,3813.336
2026-04-18 11:00:00+01:00,3808.506
2026-04-18 11:30:00+01:00,3757.319
2026-04-18 12:00:00+01:00,3736.95
2026-04-18 12:30:00+01:00,3658.754
2026-04-18 13:00:00+01:00,3667.908
2026-04-18 13:30:00+01:00,3618.534
2026-04-18 14:00:00+01:00,3567.136
2026-04-18 14:30:00+01:00,3519.18
2026-04-18 15:00:00+01:00,3525.902
2026-04-18 15:30:00+01:00,3486.612
2026-04-18 16:00:00+01:00,3556.442
2026-04-18 16:30:00+01:00,3671.274
2026-04-18 17:00:00+01:00,3719.438
2026-04-18 17:30:00+01:00,3889.477
2026-04-18 18:00:00+01:00,3962.183
2026-04-18 18:30:00+01:00,4033.474
2026-04-18 19:00:00+01:00,4053.519
2026-04-18 19:30:00+01:00,4087.734
2026-04-18 20:00:00+01:00,4140.485
2026-04-18 20:30:00+01:00,4141.353
2026-04-18 21:00:00+01:00,4191.422
2026-04-18 21:30:00+01:00,4144.998
2026-04-18 22:00:00+01:00,4017.274
2026-04-18 22:30:00+01:00,3871.645
2026-04-18 23:00:00+01:00,3777.394
2026-04-18 23:30:00+01:00,3721.365
2026-04-19 00:00:00+01:00,3644.129
2026-04-19 00:30:00+01:00,3675.162
2026-04-19 01:00:00+01:00,3600.828
2026-04-19 01:30:00+01:00,3542.76
2026-04-19 02:00:00+01:00,3510.816
2026-04-19 02:30:00+01:00,3581.293
2026-04-19 03:00:00+01:00,3520.315
2026-04-19 03:30:00+01:00,3481.901
2026-04-19 04:00:00+01:00,3435.832
2026-04-19 04:30:00+01:00,3408.864
2026-04-19 05:00:00+01:00,3403.181
2026-04-19 05:30:00+01:00,3400.759
2026-04-19 06:00:00+01:00,3412.632
2026-04-19 06:30:00+01:00,3424.23
2026-04-19 07:00:00+01:00,3474.785
2026-04-19 07:30:00+01:00,3549.841
2026-04-19 08:00:00+01:00,3584.921
2026-04-19 08:30:00+01:00,3645.771
2026-04-19 09:00:00+01:00,3658.868
2026-04-19 09:30:00+01:00,3679.321
2026-04-19 10:00:00+01:00,3660.541
2026-04-19 10:30:00+01:00,3632.032
2026-04-19 11:00:00+01:00,3603.912
2026-04-19 11:30:00+01:00,3598.912
2026-04-19 12:00:00+01:00,3607.445
2026-04-19 12:30:00+01:00,3607.535
2026-04-19 13:00:00+01:00,3629.526
2026-04-19 13:30:00+01:00,3623.647
2026-04-19 14:00:00+01:00,3585.843
2026-04-19 14:30:00+01:00,3500.733
2026-04-19 15:00:00+01:00,3508.384
2026-04-19 15:30:00+01:00,3477.703
2026-04-19 16:00:00+01:00,3536.616
2026-04-19 16:30:00+01:00,3634.591
2026-04-19 17:00:00+01:00,3736.53
2026-04-19 17:30:00+01:00,3878.491
2026-04-19 18:00:00+01:00,3986.314
2026-04-19 18:30:00+01:00,4069.868
2026-04-19 19:00:00+01:00,4137.398
2026-04-19 19:30:00+01:00,4186.928
2026-04-19 20:00:00+01:00,4192.302
2026-04-19 20:30:00+01:00,4210.526
2026-04-19 21:00:00+01:00,4269.874
2026-04-19 21:30:00+01:00,4196.872
2026-04-19 22:00:00+01:00,4042.019
2026-04-19 22:30:00+01:00,3871.029
2026-04-19 23:00:00+01:00,3707.794
2026-04-19 23:30:00+01:00,3637.447
2026-04-20 00:00:00+01:00,3523.546
2026-04-20 00:30:00+01:00,3537.213
2026-04-20 01:00:00+01:00,3455.134
2026-04-20 01:30:00+01:00,3417.025
2026-04-20 02:00:00+01:00,3395.599
2026-04-20 02:30:00+01:00,3484.283
2026-04-20 03:00:00+01:00,3447.75
2026-04-20 03:30:00+01:00,3412.121
2026-04-20 04:00:00+01:00,3369.425
2026-04-20 04:30:00+01:00,3367.065
2026-04-20 05:00:00+01:00,3369.46
2026-04-20 05:30:00+01:00,3444.922
2026-04-20 06:00:00+01:00,3566.915
2026-04-20 06:30:00+01:00,3768.632
2026-04-20 07:00:00+01:00,4016.901
2026-04-20 07:30:00+01:00,4199.485
2026-04-20 08:00:00+01:00,4294.406
2026-04-20 08:30:00+01:00,4293.742
2026-04-20 09:00:00+01:00,4227.324
2026-04-20 09:30:00+01:00,4257.82
2026-04-20 10:00:00+01:00,4177.787
2026-04-20 10:30:00+01:00,4052.774
2026-04-20 11:00:00+01:00,3988.482
2026-04-20 11:30:00+01:00,3915.356
2026-04-20 12:00:00+01:00,3850.706
2026-04-20 12:30:00+01:00,3886.52
2026-04-20 13:00:00+01:00,3862.794
2026-04-20 13:30:00+01:00,3806.331
2026-04-20 14:00:00+01:00,3801.113
2026-04-20 14:30:00+01:00,3816.856
2026-04-20 15:00:00+01:00,3829.911
2026-04-20 15:30:00+01:00,3874.666
2026-04-20 16:00:00+01:00,3943.736
2026-04-20 16:30:00+01:00,4060.337
2026-04-20 17:00:00+01:00,4139.571
2026-04-20 17:30:00+01:00,4256.059
2026-04-20 18:00:00+01:00,4313.666
2026-04-20 18:30:00+01:00,4333.271
2026-04-20 19:00:00+01:00,4340.879
2026-04-20 19:30:00+01:00,4375.083
2026-04-20 20:00:00+01:00,4305.446
2026-04-20 20:30:00+01:00,4316.573
2026-04-20 21:00:00+01:00,4347.183
2026-04-20 21:30:00+01:00,4249.969
2026-04-20 22:00:00+01:00,4215.126
2026-04-20 22:30:00+01:00,4016.966
2026-04-20 23:00:00+01:00,3836.991
2026-04-20 23:30:00+01:00,3772.016
2026-04-21 00:00:00+01:00,3647.617
2026-04-21 00:30:00+01:00,3655.859
2026-04-21 01:00:00+01:00,3555.596
2026-04-21 01:30:00+01:00,3494.798
2026-04-21 02:00:00+01:00,3468.27
2026-04-21 02:30:00+01:00,3545.776
2026-04-21 03:00:00+01:00,3510.467
2026-04-21 03:30:00+01:00,3478.09
2026-04-21 04:00:00+01:00,3428.31
2026-04-21 04:30:00+01:00,3407.211
2026-04-21 05:00:00+01:00,3392.665
2026-04-21 05:30:00+01:00,3448.386
2026-04-21 06:00:00+01:00,3573.567
2026-04-21 06:30:00+01:00,3787.872
2026-04-21 07:00:00+01:00,4051.656
2026-04-21 07:30:00+01:00,4321.592
2026-04-21 08:00:00+01:00,4440.188
2026-04-21 08:30:00+01:00,4428.367
2026-04-21 09:00:00+01:00,4368.089
2026-04-21 09:30:00+01:00,4285.435
2026-04-21 10:00:00+01:00,4295.593
2026-04-21 10:30:00+01:00,4219.606
2026-04-21 11:00:00+01:00,4133.8
2026-04-21 11:30:00+01:00,4080.047
2026-04-21 12:00:00+01:00,4077.789
2026-04-21 12:30:00+01:00,4131.498
2026-04-21 13:00:00+01:00,4175.177
2026-04-21 13:30:00+01:00,4140.026
2026-04-21 14:00:00+01:00,4069.678
2026-04-21 14:30:00+01:00,4062.073
2026-04-21 15:00:00+01:00,4017.438
2026-04-21 15:30:00+01:00,4036.317
2026-04-21 16:00:00+01:00,4048.701
2026-04-21 16:30:00+01:00,4144.879
2026-04-21 17:00:00+01:00,4224.976
2026-04-21 17:30:00+01:00,4301.941
2026-04-21 18:00:00+01:00,4356.346
2026-04-21 18:30:00+01:00,4419.966
2026-04-21 19:00:00+01:00,4433.774
2026-04-21 19:30:00+01:00,4459.049
2026-04-21 20:00:00+01:00,4481.048
2026-04-21 20:30:00+01:00,4514.925
2026-04-21 21:00:00+01:00,4600.909
2026-04-21 21:30:00+01:00,4469.415
2026-04-21 22:00:00+01:00,4292.436
2026-04-21 22:30:00+01:00,4116.529
2026-04-21 23:00:00+01:00,3912.867
2026-04-21 23:30:00+01:00,3807.654
2026-04-22 00:00:00+01:00,3689.337
2026-04-22 00:30:00+01:00,3675.052
2026-04-22 01:00:00+01:00,3589.927
2026-04-22 01:30:00+01:00,3527.864
2026-04-22 02:00:00+01:00,3486.618
2026-04-22 02:30:00+01:00,3564.73
2026-04-22 03:00:00+01:00,3512.944
2026-04-22 03:30:00+01:00,3490.988
2026-04-22 04:00:00+01:00,3457.763
2026-04-22 04:30:00+01:00,3417.326
2026-04-22 05:00:00+01:00,3431.691
2026-04-22 05:30:00+01:00,3500.583
2026-04-22 06:00:00+01:00,3594.283
2026-04-22 06:30:00+01:00,3794.231
2026-04-22 07:00:00+01:00,4068.23
2026-04-22 07:30:00+01:00,4333.859
2026-04-22 08:00:00+01:00,4425.396
2026-04-22 08:30:00+01:00,4420.751
2026-04-22 09:00:00+01:00,4345.015
2026-04-22 09:30:00+01:00,4298.114
2026-04-22 10:00:00+01:00,4210.768
2026-04-22 10:30:00+01:00,4093.299
2026-04-22 11:00:00+01:00,3991.191
2026-04-22 11:30:00+01:00,3890.004
2026-04-22 12:00:00+01:00,3796.441
2026-04-22 12:30:00+01:00,3792.333
2026-04-22 13:00:00+01:00,3805.744
2026-04-22 13:30:00+01:00,3797.332
2026-04-22 14:00:00+01:00,3800.573
2026-04-22 14:30:00+01:00,3848.218
2026-04-22 15:00:00+01:00,3872.75
2026-04-22 15:30:00+01:00,3943.865
2026-04-22 16:00:00+01:00,4105.192
2026-04-22 16:30:00+01:00,4248.115
2026-04-22 17:00:00+01:00,4398.665
2026-04-22 17:30:00+01:00,4546.079
2026-04-22 18:00:00+01:00,4586.062
2026-04-22 18:30:00+01:00,4599.169
2026-04-22 19:00:00+01:00,4552.381
2026-04-22 19:30:00+01:00,4544.808
2026-04-22 20:00:00+01:00,4553.568
2026-04-22 20:30:00+01:00,4541.464
2026-04-22 21:00:00+01:00,4622.325
2026-04-22 21:30:00+01:00,4514.299
2026-04-22 22:00:00+01:00,4341.301
2026-04-22 22:30:00+01:00,4132.994
2026-04-22 23:00:00+01:00,3948.797
2026-04-22 23:30:00+01:00,3819.768
2026-04-23 00:00:00+01:00,3691.143
2026-04-23 00:30:00+01:00,3667.772
2026-04-23 01:00:00+01:00,3583.328
2026-04-23 01:30:00+01:00,3542.499
2026-04-23 02:00:00+01:00,3536.346
2026-04-23 02:30:00+01:00,3595.231
2026-04-23 03:00:00+01:00,3539.882
2026-04-23 03:30:00+01:00,3504.414
2026-04-23 04:00:00+01:00,3465.183
2026-04-23 04:30:00+01:00,3428.032
2026-04-23 05:00:00+01:00,3442.483
2026-04-23 05:30:00+01:00,3484.67
2026-04-23 06:00:00+01:00,3585.964
2026-04-23 06:30:00+01:00,3769.747
2026-04-23 07:00:00+01:00,4060.679
2026-04-23 07:30:00+01:00,4342.549
2026-04-23 08:00:00+01:00,4445.485
2026-04-23 08:30:00+01:00,4467.223
2026-04-23 09:00:00+01:00,4393.651
2026-04-23 09:30:00+01:00,4314.564
2026-04-23 10:00:00+01:00,4165.149
2026-04-23 10:30:00+01:00,4050.986
2026-04-23 11:00:00+01:00,3951.223
2026-04-23 11:30:00+01:00,3868.475
2026-04-23 12:00:00+01:00,3752.074
2026-04-23 12:30:00+01:00,3732.886
2026-04-23 13:00:00+01:00,3696.523
2026-04-23 13:30:00+01:00,3603.506
2026-04-23 14:00:00+01:00,3602.169
2026-04-23 14:30:00+01:00,3611.599
2026-04-23 15:00:00+01:00,3648.192
2026-04-23 15:30:00+01:00,3725.083
2026-04-23 16:00:00+01:00,3766.674
2026-04-23 16:30:00+01:00,3896.082
2026-04-23 17:00:00+01:00,4028.023
2026-04-23 17:30:00+01:00,4146.868
2026-04-23 18:00:00+01:00,4251.094
2026-04-23 18:30:00+01:00,4304.863
2026-04-23 19:00:00+01:00,4367.035
2026-04-23 19:30:00+01:00,4384.32
2026-04-23 20:00:00+01:00,4386.785
2026-04-23 20:30:00+01:00,4377.898
2026-04-23 21:00:00+01:00,4455.085
2026-04-23 21:30:00+01:00,4401.545
2026-04-23 22:00:00+01:00,4230.452
2026-04-23 22:30:00+01:00,4025.349
2026-04-23 23:00:00+01:00,3854.047
2026-04-23 23:30:00+01:00,3774.394
2026-04-24 00:00:00+01:00,3675.678
2026-04-24 00:30:00+01:00,3679.91
2026-04-24 01:00:00+01:00,3584.005
2026-04-24 01:30:00+01:00,3545.331
2026-04-24 02:00:00+01:00,3471.032
2026-04-24 02:30:00+01:00,3562.136
2026-04-24 03:00:00+01:00,3535.108
2026-04-24 03:30:00+01:00,3506.404
2026-04-24 04:00:00+01:00,3441.422
2026-04-24 04:30:00+01:00,3428.049
2026-04-24 05:00:00+01:00,3438.102
2026-04-24 05:30:00+01:00,3484.279
2026-04-24 06:00:00+01:00,3550.606
2026-04-24 06:30:00+01:00,3752.755
2026-04-24 07:00:00+01:00,3968.935
2026-04-24 07:30:00+01:00,4217.483
2026-04-24 08:00:00+01:00,4312.484
2026-04-24 08:30:00+01:00,4322.771
2026-04-24 09:00:00+01:00,4232.266
2026-04-24 09:30:00+01:00,4180.601
2026-04-24 10:00:00+01:00,4066.391
2026-04-24 10:30:00+01:00,3934.233
2026-04-24 11:00:00+01:00,3825.002
2026-04-24 11:30:00+01:00,3745.361
2026-04-24 12:00:00+01:00,3691.684
2026-04-24 12:30:00+01:00,3657.575
2026-04-24 13:00:00+01:00,3574.668
2026-04-24 13:30:00+01:00,3499.47
2026-04-24 14:00:00+01:00,3495.236
2026-04-24 14:30:00+01:00,3464.47
2026-04-24 15:00:00+01:00,3454.287
2026-04-24 15:30:00+01:00,3525.065
2026-04-24 16:00:00+01:00,3596.201
2026-04-24 16:30:00+01:00,3691.378
2026-04-24 17:00:00+01:00,3800.317
2026-04-24 17:30:00+01:00,3969.392
2026-04-24 18:00:00+01:00,4055.26
2026-04-24 18:30:00+01:00,4134.945
2026-04-24 19:00:00+01:00,4194.352
2026-04-24 19:30:00+01:00,4252.575
2026-04-24 20:00:00+01:00,4241.648
2026-04-24 20:30:00+01:00,4243.801
2026-04-24 21:00:00+01:00,4295.902
2026-04-24 21:30:00+01:00,4269.065
2026-04-24 22:00:00+01:00,4134.495
2026-04-24 22:30:00+01:00,3962.528
2026-04-24 23:00:00+01:00,3833.803
2026-04-24 23:30:00+01:00,3774.015
2026-04-25 00:00:00+01:00,3648.702
2026-04-25 00:30:00+01:00,3611.621
2026-04-25 01:00:00+01:00,3531.051
2026-04-25 01:30:00+01:00,3473.449
2026-04-25 02:00:00+01:00,3425.58
2026-04-25 02:30:00+01:00,3524.359
2026-04-25 03:00:00+01:00,3448.393
2026-04-25 03:30:00+01:00,3396.682
2026-04-25 04:00:00+01:00,3349.423
2026-04-25 04:30:00+01:00,3329.803
2026-04-25 05:00:00+01:00,3310.312
2026-04-25 05:30:00+01:00,3331.488
2026-04-25 06:00:00+01:00,3340.527
2026-04-25 06:30:00+01:00,3405.774
2026-04-25 07:00:00+01:00,3500.72
2026-04-25 07:30:00+01:00,3627.744
2026-04-25 08:00:00+01:00,3733.566
2026-04-25 08:30:00+01:00,3866.751
2026-04-25 09:00:00+01:00,3917.035
2026-04-25 09:30:00+01:00,3966.544
2026-04-25 10:00:00+01:00,3925.266
2026-04-25 10:30:00+01:00,3888.696
2026-04-25 11:00:00+01:00,3811.22
2026-04-25 11:30:00+01:00,3744.532
2026-04-25 12:00:00+01:00,3659.201
2026-04-25 12:30:00+01:00,3606.805
2026-04-25 13:00:00+01:00,3568.456
2026-04-25 13:30:00+01:00,3476.032
2026-04-25 14:00:00+01:00,3410.387
2026-04-25 14:30:00+01:00,3365.232
2026-04-25 15:00:00+01:00,3360.421
2026-04-25 15:30:00+01:00,3385.904
2026-04-25 16:00:00+01:00,3459.573
2026-04-25 16:30:00+01:00,3543.258
2026-04-25 17:00:00+01:00,3626.065
2026-04-25 17:30:00+01:00,3763.197
2026-04-25 18:00:00+01:00,3871.153
2026-04-25 18:30:00+01:00,3943.495
2026-04-25 19:00:00+01:00,3967.545
2026-04-25 19:30:00+01:00,3975.861
2026-04-25 20:00:00+01:00,3977.169
2026-04-25 20:30:00+01:00,3967.291
2026-04-25 21:00:00+01:00,3980.359
2026-04-25 21:30:00+01:00,3981.231
2026-04-25 22:00:00+01:00,3867.008
2026-04-25 22:30:00+01:00,3743.896
2026-04-25 23:00:00+01:00,3639.54
2026-04-25 23:30:00+01:00,3591.582
2026-04-26 00:00:00+01:00,3500.675
2026-04-26 00:30:00+01:00,3505.364
2026-04-26 01:00:00+01:00,3436.424
2026-04-26 01:30:00+01:00,3386.247
2026-04-26 02:00:00+01:00,3336.785
2026-04-26 02:30:00+01:00,3413.896
2026-04-26 03:00:00+01:00,3351.917
2026-04-26 03:30:00+01:00,3299.579
2026-04-26 04:00:00+01:00,3244.945
2026-04-26 04:30:00+01:00,3215.694
2026-04-26 05:00:00+01:00,3190.794
2026-04-26 05:30:00+01:00,3192.177
2026-04-26 06:00:00+01:00,3179.254
2026-04-26 06:30:00+01:00,3194.428
2026-04-26 07:00:00+01:00,3263.073
2026-04-26 07:30:00+01:00,3364.829
2026-04-26 08:00:00+01:00,3455.494
2026-04-26 08:30:00+01:00,3573.591
2026-04-26 09:00:00+01:00,3639.496
2026-04-26 09:30:00+01:00,3716.934
2026-04-26 10:00:00+01:00,3739.004
2026-04-26 10:30:00+01:00,3739.963
2026-04-26 11:00:00+01:00,3704.729
2026-04-26 11:30:00+01:00,3681.625
2026-04-26 12:00:00+01:00,3661.22
2026-04-26 12:30:00+01:00,3666.213
2026-04-26 13:00:00+01:00,3680.972
2026-04-26 13:30:00+01:00,3662.477
2026-04-26 14:00:00+01:00,3644.059
2026-04-26 14:30:00+01:00,3593.52
2026-04-26 15:00:00+01:00,3580.548
2026-04-26 15:30:00+01:00,3537.981
2026-04-26 16:00:00+01:00,3603.382
2026-04-26 16:30:00+01:00,3634.046
2026-04-26 17:00:00+01:00,3689.751
2026-04-26 17:30:00+01:00,3785.515
2026-04-26 18:00:00+01:00,3901.79
2026-04-26 18:30:00+01:00,3954.733
2026-04-26 19:00:00+01:00,3973.066
2026-04-26 19:30:00+01:00,4034.55
2026-04-26 20:00:00+01:00,4056.593
2026-04-26 20:30:00+01:00,4055.795
2026-04-26 21:00:00+01:00,4076.321
2026-04-26 21:30:00+01:00,4064.937
2026-04-26 22:00:00+01:00,3904.382
2026-04-26 22:30:00+01:00,3744.197
2026-04-26 23:00:00+01:00,3596.369
2026-04-26 23:30:00+01:00,3526.792
2026-04-27 00:00:00+01:00,3418.805
2026-04-27 00:30:00+01:00,3412.585
2026-04-27 01:00:00+01:00,3324.077
2026-04-27 01:30:00+01:00,3266.758
2026-04-27 02:00:00+01:00,3259.129
2026-04-27 02:30:00+01:00,3361.317
2026-04-27 03:00:00+01:00,3307.905
2026-04-27 03:30:00+01:00,3270.096
2026-04-27 04:00:00+01:00,3241.774
2026-04-27 04:30:00+01:00,3228.25
2026-04-27 05:00:00+01:00,3261.915
2026-04-27 05:30:00+01:00,3321.476
2026-04-27 06:00:00+01:00,3398.258
2026-04-27 06:30:00+01:00,3617.528
2026-04-27 07:00:00+01:00,3859.001
2026-04-27 07:30:00+01:00,4149.665
2026-04-27 08:00:00+01:00,4282.023
2026-04-27 08:30:00+01:00,4306.551
2026-04-27 09:00:00+01:00,4291.583
2026-04-27 09:30:00+01:00,4292.335
2026-04-27 10:00:00+01:00,4195.123
2026-04-27 10:30:00+01:00,4144.403
2026-04-27 11:00:00+01:00,4093.972
2026-04-27 11:30:00+01:00,4077.917
2026-04-27 12:00:00+01:00,4099.819
2026-04-27 12:30:00+01:00,4123.329
2026-04-27 13:00:00+01:00,4106.311
2026-04-27 13:30:00+01:00,3999.465
2026-04-27 14:00:00+01:00,4048.547
2026-04-27 14:30:00+01:00,4025.63
2026-04-27 15:00:00+01:00,4053.466
2026-04-27 15:30:00+01:00,4100.47
2026-04-27 16:00:00+01:00,4099.725
2026-04-27 16:30:00+01:00,4188.688
2026-04-27 17:00:00+01:00,4264.608
2026-04-27 17:30:00+01:00,4368.854
2026-04-27 18:00:00+01:00,4403.152
2026-04-27 18:30:00+01:00,4385.489
2026-04-27 19:00:00+01:00,4366.539
2026-04-27 19:30:00+01:00,4396.25
2026-04-27 20:00:00+01:00,4376.486
2026-04-27 20:30:00+01:00,4355.116
2026-04-27 21:00:00+01:00,4357.081
2026-04-27 21:30:00+01:00,4326.899
2026-04-27 22:00:00+01:00,4168.84
2026-04-27 22:30:00+01:00,3970.12
2026-04-27 23:00:00+01:00,3776.679
2026-04-27 23:30:00+01:00,3688.852
2026-04-28 00:00:00+01:00,3555.928
2026-04-28 00:30:00+01:00,3549.635
2026-04-28 01:00:00+01:00,3477.421
2026-04-28 01:30:00+01:00,3425.52
2026-04-28 02:00:00+01:00,3408.341
2026-04-28 02:30:00+01:00,3497.776
2026-04-28 03:00:00+01:00,3475.753
2026-04-28 03:30:00+01:00,3429.814
2026-04-28 04:00:00+01:00,3402.918
2026-04-28 04:30:00+01:00,3394.924
2026-04-28 05:00:00+01:00,3376.235
2026-04-28 05:30:00+01:00,3439.591
2026-04-28 06:00:00+01:00,3510.853
2026-04-28 06:30:00+01:00,3714.985
2026-04-28 07:00:00+01:00,3960.366
2026-04-28 07:30:00+01:00,4204.539
2026-04-28 08:00:00+01:00,4341.654
2026-04-28 08:30:00+01:00,4359.108
2026-04-28 09:00:00+01:00,4320.028
2026-04-28 09:30:00+01:00,4293.148
2026-04-28 10:00:00+01:00,4167.292
2026-04-28 10:30:00+01:00,4097.101
2026-04-28 11:00:00+01:00,4022.208
2026-04-28 11:30:00+01:00,3949.85
2026-04-28 12:00:00+01:00,3889.698
2026-04-28 12:30:00+01:00,3883.94
2026-04-28 13:00:00+01:00,3833.152
2026-04-28 13:30:00+01:00,3802.09
2026-04-28 14:00:00+01:00,3810.186
2026-04-28 14:30:00+01:00,3797.065
2026-04-28 15:00:00+01:00,3831.495
2026-04-28 15:30:00+01:00,3893.2
2026-04-28 16:00:00+01:00,3930.37
2026-04-28 16:30:00+01:00,3993.327
2026-04-28 17:00:00+01:00,4062.814
2026-04-28 17:30:00+01:00,4175.276
2026-04-28 18:00:00+01:00,4242.768
2026-04-28 18:30:00+01:00,4243.602
2026-04-28 19:00:00+01:00,4236.281
2026-04-28 19:30:00+01:00,4260.571
2026-04-28 20:00:00+01:00,4282.068
2026-04-28 20:30:00+01:00,4313.206
2026-04-28 21:00:00+01:00,4355.078
2026-04-28 21:30:00+01:00,4335.596
2026-04-28 22:00:00+01:00,4189.597
2026-04-28 22:30:00+01:00,4020.398
2026-04-28 23:00:00+01:00,3812.735
2026-04-28 23:30:00+01:00,3696.049
2026-04-29 00:00:00+01:00,3557.443
2026-04-29 00:30:00+01:00,3555.942
2026-04-29 01:00:00+01:00,3467.703
2026-04-29 01:30:00+01:00,3420.21
2026-04-29 02:00:00+01:00,3390.206
2026-04-29 02:30:00+01:00,3482.177
2026-04-29 03:00:00+01:00,3426.219
2026-04-29 03:30:00+01:00,3383.925
2026-04-29 04:00:00+01:00,3352.998
2026-04-29 04:30:00+01:00,3344.887
2026-04-29 05:00:00+01:00,3349.053
2026-04-29 05:30:00+01:00,3381.791
2026-04-29 06:00:00+01:00,3486.452
2026-04-29 06:30:00+01:00,3701.602
2026-04-29 07:00:00+01:00,3938.385
2026-04-29 07:30:00+01:00,4201.706
2026-04-29 08:00:00+01:00,4258.522
2026-04-29 08:30:00+01:00,4223.02
2026-04-29 09:00:00+01:00,4128.57
2026-04-29 09:30:00+01:00,4033.547
2026-04-29 10:00:00+01:00,3906.34
2026-04-29 10:30:00+01:00,3780.251
2026-04-29 11:00:00+01:00,3680.038
2026-04-29 11:30:00+01:00,3599.94
2026-04-29 12:00:00+01:00,3501.218
2026-04-29 12:30:00+01:00,3479.666
2026-04-29 13:00:00+01:00,3490.59
2026-04-29 13:30:00+01:00,3433.318
2026-04-29 14:00:00+01:00,3387.514
2026-04-29 14:30:00+01:00,3382.723
2026-04-29 15:00:00+01:00,3436.47
2026-04-29 15:30:00+01:00,3490.732
2026-04-29 16:00:00+01:00,3555.159
2026-04-29 16:30:00+01:00,3698.63
2026-04-29 17:00:00+01:00,3783.712
2026-04-29 17:30:00+01:00,3925.712
2026-04-29 18:00:00+01:00,4026.12
2026-04-29 18:30:00+01:00,4084.974
2026-04-29 19:00:00+01:00,4128.297
2026-04-29 19:30:00+01:00,4212.085
2026-04-29 20:00:00+01:00,4229.086
2026-04-29 20:30:00+01:00,4222.555
2026-04-29 21:00:00+01:00,4252.397
2026-04-29 21:30:00+01:00,4266.314
2026-04-29 22:00:00+01:00,4110.936
2026-04-29 22:30:00+01:00,3944.884
2026-04-29 23:00:00+01:00,3732.604
2026-04-29 23:30:00+01:00,3649.912
2026-04-30 00:00:00+01:00,3525.957
2026-04-30 00:30:00+01:00,3504.756
2026-04-30 01:00:00+01:00,3390.477
2026-04-30 01:30:00+01:00,3359.254
2026-04-30 02:00:00+01:00,3311.189
2026-04-30 02:30:00+01:00,3420.495
2026-04-30 03:00:00+01:00,3345.659
2026-04-30 03:30:00+01:00,3311.834
2026-04-30 04:00:00+01:00,3275.058
2026-04-30 04:30:00+01:00,3277.088
2026-04-30 05:00:00+01:00,3280.069
2026-04-30 05:30:00+01:00,3314.782
2026-04-30 06:00:00+01:00,3383.472
2026-04-30 06:30:00+01:00,3595.517
2026-04-30 07:00:00+01:00,3836.771
2026-04-30 07:30:00+01:00,4112.93
2026-04-30 08:00:00+01:00,4220.479
2026-04-30 08:30:00+01:00,4291.483
2026-04-30 09:00:00+01:00,4265.104
2026-04-30 09:30:00+01:00,4278.735
2026-04-30 10:00:00+01:00,4187.065
2026-04-30 10:30:00+01:00,4162.855
2026-04-30 11:00:00+01:00,4147.67
2026-04-30 11:30:00+01:00,4080.171
2026-04-30 12:00:00+01:00,3966.679
2026-04-30 12:30:00+01:00,3999.539
2026-04-30 13:00:00+01:00,4098.956
2026-04-30 13:30:00+01:00,4041.74
2026-04-30 14:00:00+01:00,4014.793
2026-04-30 14:30:00+01:00,4015.431
2026-04-30 15:00:00+01:00,4029.661
2026-04-30 15:30:00+01:00,4091.823
2026-04-30 16:00:00+01:00,4200.223
2026-04-30 16:30:00+01:00,4340.303
2026-04-30 17:00:00+01:00,4457.082
2026-04-30 17:30:00+01:00,4563.44
2026-04-30 18:00:00+01:00,4611.41
2026-04-30 18:30:00+01:00,4611.671
2026-04-30 19:00:00+01:00,4609.766
2026-04-30 19:30:00+01:00,4581.373
2026-04-30 21:00:00+01:00,4500.025
2026-04-30 21:30:00+01:00,4379.113
2026-04-30 22:00:00+01:00,4218.674
2026-04-30 22:30:00+01:00,4003.453
2026-04-30 23:00:00+01:00,3827.607
2026-04-30 23:30:00+01:00,3795.722
2026-05-01 00:00:00+01:00,3616.333
2026-05-01 00:30:00+01:00,3603.128
2026-05-01 01:00:00+01:00,3501.617
2026-05-01 01:30:00+01:00,3478.409
2026-05-01 02:00:00+01:00,3429.517
2026-05-01 02:30:00+01:00,3513.783
2026-05-01 03:00:00+01:00,3465.76
2026-05-01 03:30:00+01:00,3428.228
2026-05-01 04:00:00+01:00,3366.328
2026-05-01 04:30:00+01:00,3346.436
2026-05-01 05:00:00+01:00,3354.207
2026-05-01 05:30:00+01:00,3379.294
2026-05-01 06:00:00+01:00,3459.556
2026-05-01 06:30:00+01:00,3651.09
2026-05-01 07:00:00+01:00,3912.126
2026-05-01 07:30:00+01:00,4184.307
2026-05-01 08:00:00+01:00,4312.234
2026-05-01 08:30:00+01:00,4372.719
2026-05-01 09:00:00+01:00,4296.272
2026-05-01 09:30:00+01:00,4281.356
2026-05-01 10:00:00+01:00,4220.298
2026-05-01 10:30:00+01:00,4100.253
2026-05-01 11:00:00+01:00,3999.438
2026-05-01 11:30:00+01:00,3967.47
2026-05-01 12:00:00+01:00,3899.884
2026-05-01 12:30:00+01:00,3895.69
2026-05-01 13:00:00+01:00,3835.85
2026-05-01 13:30:00+01:00,3860.384
2026-05-01 14:00:00+01:00,3849.191
2026-05-01 14:30:00+01:00,3840.198
2026-05-01 15:00:00+01:00,3849.526
2026-05-01 15:30:00+01:00,3894.585
2026-05-01 16:00:00+01:00,3926.894
2026-05-01 16:30:00+01:00,3986.884
2026-05-01 17:00:00+01:00,4066.336
2026-05-01 17:30:00+01:00,4155.817
2026-05-01 18:00:00+01:00,4195.502
2026-05-01 18:30:00+01:00,4209.61
2026-05-01 19:00:00+01:00,4200.003
2026-05-01 19:30:00+01:00,4228.141
2026-05-01 20:00:00+01:00,4219.512
2026-05-01 20:30:00+01:00,4184.624
2026-05-01 21:00:00+01:00,4185.456
2026-05-01 21:30:00+01:00,4207.998
2026-05-01 22:00:00+01:00,4114.341
2026-05-01 22:30:00+01:00,3970.293
2026-05-01 23:00:00+01:00,3830.51
2026-05-01 23:30:00+01:00,3765.936
2026-05-02 00:00:00+01:00,3635.644
2026-05-02 00:30:00+01:00,3615.046
2026-05-02 01:00:00+01:00,3520.672
2026-05-02 01:30:00+01:00,3457.658
2026-05-02 02:00:00+01:00,3403.078
2026-05-02 02:30:00+01:00,3497.592
2026-05-02 03:00:00+01:00,3442.375
2026-05-02 03:30:00+01:00,3381.289
2026-05-02 04:00:00+01:00,3342.082
2026-05-02 04:30:00+01:00,3316.856
2026-05-02 05:00:00+01:00,3283.19
2026-05-02 05:30:00+01:00,3285.407
2026-05-02 06:00:00+01:00,3284.634
2026-05-02 06:30:00+01:00,3369.799
2026-05-02 07:00:00+01:00,3436.545
2026-05-02 07:30:00+01:00,3558.491
2026-05-02 08:00:00+01:00,3672.36
2026-05-02 08:30:00+01:00,3808.495
2026-05-02 09:00:00+01:00,3904.663
2026-05-02 09:30:00+01:00,3976.443
2026-05-02 10:00:00+01:00,3985.243
2026-05-02 10:30:00+01:00,3954.841
2026-05-02 11:00:00+01:00,3939.298
2026-05-02 11:30:00+01:00,3918.943
2026-05-02 12:00:00+01:00,3925.763
2026-05-02 12:30:00+01:00,3878.536
2026-05-02 13:00:00+01:00,3859.683
2026-05-02 13:30:00+01:00,3838.864
2026-05-02 14:00:00+01:00,3775.294
2026-05-02 14:30:00+01:00,3742.786
2026-05-02 15:00:00+01:00,3716.37
2026-05-02 15:30:00+01:00,3725.611
2026-05-02 16:00:00+01:00,3760.928
2026-05-02 16:30:00+01:00,3832.568
2026-05-02 17:00:00+01:00,3894.699
2026-05-02 17:30:00+01:00,4011.896
2026-05-02 18:00:00+01:00,4076.35
2026-05-02 18:30:00+01:00,4072.252
2026-05-02 19:00:00+01:00,4049.704
2026-05-02 19:30:00+01:00,4030.151
2026-05-02 20:00:00+01:00,4003.01
2026-05-02 20:30:00+01:00,3983.62
2026-05-02 21:00:00+01:00,3993.571
2026-05-02 21:30:00+01:00,3982.023
2026-05-02 22:00:00+01:00,3889.863
2026-05-02 22:30:00+01:00,3762.196
2026-05-02 23:00:00+01:00,3651.126
2026-05-02 23:30:00+01:00,3598.258
2026-05-03 00:00:00+01:00,3501.02
2026-05-03 00:30:00+01:00,3490.109
2026-05-03 01:00:00+01:00,3407.527
2026-05-03 01:30:00+01:00,3361.455
2026-05-03 02:00:00+01:00,3324.679
2026-05-03 02:30:00+01:00,3386.341
2026-05-03 03:00:00+01:00,3318.59
2026-05-03 03:30:00+01:00,3273.76
2026-05-03 04:00:00+01:00,3216.502
2026-05-03 04:30:00+01:00,3184.468
2026-05-03 05:00:00+01:00,3162.406
2026-05-03 05:30:00+01:00,3155.763
2026-05-03 06:00:00+01:00,3136.28
2026-05-03 06:30:00+01:00,3176.029
2026-05-03 07:00:00+01:00,3247.493
2026-05-03 07:30:00+01:00,3341.836
2026-05-03 08:00:00+01:00,3434.48
2026-05-03 08:30:00+01:00,3561.98
2026-05-03 09:00:00+01:00,3646.794
2026-05-03 09:30:00+01:00,3741.52
2026-05-03 10:00:00+01:00,3795.019
2026-05-03 10:30:00+01:00,3810.985
2026-05-03 11:00:00+01:00,3809.189
2026-05-03 11:30:00+01:00,3796.141
2026-05-03 12:00:00+01:00,3796.592
2026-05-03 12:30:00+01:00,3804.185
2026-05-03 13:00:00+01:00,3763.702
2026-05-03 13:30:00+01:00,3740.483
2026-05-03 14:00:00+01:00,3675.606
2026-05-03 14:30:00+01:00,3661.236
2026-05-03 15:00:00+01:00,3651.138
2026-05-03 15:30:00+01:00,3620.721
2026-05-03 16:00:00+01:00,3627.007
2026-05-03 16:30:00+01:00,3707.594
2026-05-03 17:00:00+01:00,3762.429
2026-05-03 17:30:00+01:00,3830.85
2026-05-03 18:00:00+01:00,3920.286
2026-05-03 18:30:00+01:00,3924.036
2026-05-03 19:00:00+01:00,3938.115
2026-05-03 19:30:00+01:00,3920.498
2026-05-03 20:00:00+01:00,3895.306
2026-05-03 20:30:00+01:00,3881.598
2026-05-03 21:00:00+01:00,3860.303
2026-05-03 21:30:00+01:00,3855.957
2026-05-03 22:00:00+01:00,3769.058
2026-05-03 22:30:00+01:00,3642.028
2026-05-03 23:00:00+01:00,3554.148
2026-05-03 23:30:00+01:00,3507.394
2026-05-04 00:00:00+01:00,3427.73
2026-05-04 00:30:00+01:00,3415.594
2026-05-04 01:00:00+01:00,3325.606
2026-05-04 01:30:00+01:00,3291.588
2026-05-04 02:00:00+01:00,3261.04
2026-05-04 02:30:00+01:00,3333.254
2026-05-04 03:00:00+01:00,3286.729
2026-05-04 03:30:00+01:00,3244.413
2026-05-04 04:00:00+01:00,3184.865
2026-05-04 04:30:00+01:00,3154.942
2026-05-04 05:00:00+01:00,3145.53
2026-05-04 05:30:00+01:00,3157.447
2026-05-04 06:00:00+01:00,3141.728
2026-05-04 06:30:00+01:00,3200.302
2026-05-04 07:00:00+01:00,3279.136
2026-05-04 07:30:00+01:00,3376.194
2026-05-04 08:00:00+01:00,3461.87
2026-05-04 08:30:00+01:00,3579.214
2026-05-04 09:00:00+01:00,3660.307
2026-05-04 09:30:00+01:00,3743.368
2026-05-04 10:00:00+01:00,3795.152
2026-05-04 10:30:00+01:00,3830.423
2026-05-04 11:00:00+01:00,3822.75
2026-05-04 11:30:00+01:00,3794.483
2026-05-04 12:00:00+01:00,3748.993
2026-05-04 12:30:00+01:00,3726.292
2026-05-04 13:00:00+01:00,3689.443
2026-05-04 13:30:00+01:00,3671.258
2026-05-04 14:00:00+01:00,3644.579
2026-05-04 14:30:00+01:00,3620.162
2026-05-04 15:00:00+01:00,3625.971
2026-05-04 15:30:00+01:00,3669.849
2026-05-04 16:00:00+01:00,3688.345
2026-05-04 16:30:00+01:00,3810.176
2026-05-04 17:00:00+01:00,3899.251
2026-05-04 17:30:00+01:00,3988.696
2026-05-04 18:00:00+01:00,4060.591
2026-05-04 18:30:00+01:00,4082.067
2026-05-04 19:00:00+01:00,4089.515
2026-05-04 19:30:00+01:00,4092.726
2026-05-04 20:00:00+01:00,4108.166
2026-05-04 20:30:00+01:00,4080.14
2026-05-04 21:00:00+01:00,4068.667
2026-05-04 21:30:00+01:00,4053.688
2026-05-04 22:00:00+01:00,3930.619
2026-05-04 22:30:00+01:00,3784.79
2026-05-04 23:00:00+01:00,3638.001
2026-05-04 23:30:00+01:00,3557.335
2026-05-05 00:00:00+01:00,3444.096
2026-05-05 00:30:00+01:00,3415.752
2026-05-05 01:00:00+01:00,3338.338
2026-05-05 01:30:00+01:00,3291.479
2026-05-05 02:00:00+01:00,3282.065
2026-05-05 02:30:00+01:00,3387.714
2026-05-05 03:00:00+01:00,3372.595
2026-05-05 03:30:00+01:00,3358.499
2026-05-05 04:00:00+01:00,3296.075
2026-05-05 04:30:00+01:00,3271.931
2026-05-05 05:00:00+01:00,3261.851
2026-05-05 05:30:00+01:00,3314.599
2026-05-05 06:00:00+01:00,3401.415
2026-05-05 06:30:00+01:00,3608.327
2026-05-05 07:00:00+01:00,3862.484
2026-05-05 07:30:00+01:00,4159.808
2026-05-05 08:00:00+01:00,4303.001
2026-05-05 08:30:00+01:00,4376.972
2026-05-05 09:00:00+01:00,4377.485
2026-05-05 09:30:00+01:00,4354.604
2026-05-05 10:00:00+01:00,4283.107
2026-05-05 10:30:00+01:00,4201.223
2026-05-05 11:00:00+01:00,4167.779
2026-05-05 11:30:00+01:00,4174.532
2026-05-05 12:00:00+01:00,4125.738
2026-05-05 12:30:00+01:00,4149.54
2026-05-05 13:00:00+01:00,4132.127
2026-05-05 13:30:00+01:00,4067.773
2026-05-05 14:00:00+01:00,4058.348
2026-05-05 14:30:00+01:00,4057.463
2026-05-05 15:00:00+01:00,4046.576
2026-05-05 15:30:00+01:00,4069.735
2026-05-05 16:00:00+01:00,4106.671
2026-05-05 16:30:00+01:00,4206.752
2026-05-05 17:00:00+01:00,4265.46
2026-05-05 17:30:00+01:00,4327.613
2026-05-05 18:00:00+01:00,4365.065
2026-05-05 18:30:00+01:00,4357.166
2026-05-05 19:00:00+01:00,4315.181
2026-05-05 19:30:00+01:00,4337.314
2026-05-05 20:00:00+01:00,4322.656
2026-05-05 20:30:00+01:00,4289.02
2026-05-05 21:00:00+01:00,4319.617
2026-05-05 21:30:00+01:00,4272.23
2026-05-05 22:00:00+01:00,4142.814
2026-05-05 22:30:00+01:00,3952.74
2026-05-05 23:00:00+01:00,3754.278
2026-05-05 23:30:00+01:00,3630.38
2026-05-06 00:00:00+01:00,3520.224
2026-05-06 00:30:00+01:00,3497.399
2026-05-06 01:00:00+01:00,3412.957
2026-05-06 01:30:00+01:00,3383.638
2026-05-06 02:00:00+01:00,3360.151
2026-05-06 02:30:00+01:00,3453.783
2026-05-06 03:00:00+01:00,3413.302
2026-05-06 03:30:00+01:00,3376.254
2026-05-06 04:00:00+01:00,3343.271
2026-05-06 04:30:00+01:00,3320.666
2026-05-06 05:00:00+01:00,3338.538
2026-05-06 05:30:00+01:00,3402.169
2026-05-06 06:00:00+01:00,3478.588
2026-05-06 06:30:00+01:00,3677.023
2026-05-06 07:00:00+01:00,3901.943
2026-05-06 07:30:00+01:00,4196.727
2026-05-06 08:00:00+01:00,4282.942
2026-05-06 08:30:00+01:00,4299.359
2026-05-06 09:00:00+01:00,4237.779
2026-05-06 09:30:00+01:00,4126.938
2026-05-06 10:00:00+01:00,4013.007
2026-05-06 10:30:00+01:00,3907.38
2026-05-06 11:00:00+01:00,3837.372
2026-05-06 11:30:00+01:00,3778.852
2026-05-06 12:00:00+01:00,3767.252
2026-05-06 12:30:00+01:00,3746.841
2026-05-06 13:00:00+01:00,3743.446
2026-05-06 13:30:00+01:00,3695.784
2026-05-06 14:00:00+01:00,3725.283
2026-05-06 14:30:00+01:00,3802.373
2026-05-06 15:00:00+01:00,3845.27
2026-05-06 15:30:00+01:00,3914.94
2026-05-06 16:00:00+01:00,3956.279
2026-05-06 16:30:00+01:00,4047.094
2026-05-06 17:00:00+01:00,4140.386
2026-05-06 17:30:00+01:00,4228.748
2026-05-06 18:00:00+01:00,4290.81
2026-05-06 18:30:00+01:00,4310.744
2026-05-06 19:00:00+01:00,4325.306
2026-05-06 19:30:00+01:00,4357.348
2026-05-06 20:00:00+01:00,4350.493
2026-05-06 20:30:00+01:00,4313.546
2026-05-06 21:00:00+01:00,4337.693
2026-05-06 21:30:00+01:00,4287.995
2026-05-06 22:00:00+01:00,4144.63
2026-05-06 22:30:00+01:00,3982.521
2026-05-06 23:00:00+01:00,3796.779
2026-05-06 23:30:00+01:00,3695.248
2026-05-07 00:00:00+01:00,3562.196
2026-05-07 00:30:00+01:00,3543.391
2026-05-07 01:00:00+01:00,3445.982
2026-05-07 01:30:00+01:00,3397.973
2026-05-07 02:00:00+01:00,3353.097
2026-05-07 02:30:00+01:00,3438.148
2026-05-07 03:00:00+01:00,3392.09
2026-05-07 03:30:00+01:00,3361.899
2026-05-07 04:00:00+01:00,3298.739
2026-05-07 04:30:00+01:00,3280.796
2026-05-07 05:00:00+01:00,3275.958
2026-05-07 05:30:00+01:00,3317.76
2026-05-07 06:00:00+01:00,3415.206
2026-05-07 06:30:00+01:00,3612.48
2026-05-07 07:00:00+01:00,3858.242
2026-05-07 07:30:00+01:00,4125.305
2026-05-07 08:00:00+01:00,4247.409
2026-05-07 08:30:00+01:00,4286.174
2026-05-07 09:00:00+01:00,4211.235
2026-05-07 09:30:00+01:00,4173.884
2026-05-07 10:00:00+01:00,4054.243
2026-05-07 10:30:00+01:00,4009.728
2026-05-07 11:00:00+01:00,3951.181
2026-05-07 11:30:00+01:00,3911.865
2026-05-07 12:00:00+01:00,3867.262
2026-05-07 12:30:00+01:00,3924.742
2026-05-07 13:00:00+01:00,3892.794
2026-05-07 13:30:00+01:00,3785.472
2026-05-07 14:00:00+01:00,3808.99
2026-05-07 14:30:00+01:00,3840.71
2026-05-07 15:00:00+01:00,3832.582
2026-05-07 15:30:00+01:00,3876.357
2026-05-07 16:00:00+01:00,3936.817
2026-05-07 16:30:00+01:00,4072.595
2026-05-07 17:00:00+01:00,4156.505
2026-05-07 17:30:00+01:00,4252.454
2026-05-07 18:00:00+01:00,4270.008
2026-05-07 18:30:00+01:00,4325.055
2026-05-07 19:00:00+01:00,4319.099
2026-05-07 19:30:00+01:00,4331.838
2026-05-07 20:00:00+01:00,4302.203
2026-05-07 20:30:00+01:00,4270.23
2026-05-07 21:00:00+01:00,4273.764
2026-05-07 21:30:00+01:00,4271.44
2026-05-07 22:00:00+01:00,4159.694
2026-05-07 22:30:00+01:00,3988.889
2026-05-07 23:00:00+01:00,3803.839
2026-05-07 23:30:00+01:00,3720.836
2026-05-08 00:00:00+01:00,3582.839
2026-05-08 00:30:00+01:00,3553.716
2026-05-08 01:00:00+01:00,3465.876
2026-05-08 01:30:00+01:00,3444.792
2026-05-08 02:00:00+01:00,3388.604
2026-05-08 02:30:00+01:00,3474.76
2026-05-08 03:00:00+01:00,3418.781
2026-05-08 03:30:00+01:00,3390.206
2026-05-08 04:00:00+01:00,3344.52
2026-05-08 04:30:00+01:00,3316.683
2026-05-08 05:00:00+01:00,3336.302
2026-05-08 05:30:00+01:00,3343.973
2026-05-08 06:00:00+01:00,3423.439
2026-05-08 06:30:00+01:00,3618.795
2026-05-08 07:00:00+01:00,3856.369
2026-05-08 07:30:00+01:00,4126.718
2026-05-08 08:00:00+01:00,4245.287
2026-05-08 08:30:00+01:00,4262.681
2026-05-08 09:00:00+01:00,4229.077
2026-05-08 09:30:00+01:00,4195.476
2026-05-08 10:00:00+01:00,4124.802
2026-05-08 10:30:00+01:00,4067.841
2026-05-08 11:00:00+01:00,4006.987
2026-05-08 11:30:00+01:00,4007.408
2026-05-08 12:00:00+01:00,4060.044
2026-05-08 12:30:00+01:00,4036.67
2026-05-08 13:00:00+01:00,4017.456
2026-05-08 13:30:00+01:00,4026.107
2026-05-08 14:00:00+01:00,3985.614
2026-05-08 14:30:00+01:00,3948.53
2026-05-08 15:00:00+01:00,3976.55
2026-05-08 15:30:00+01:00,3992.783
2026-05-08 16:00:00+01:00,4032.344
2026-05-08 16:30:00+01:00,4142.924
2026-05-08 17:00:00+01:00,4222.624
2026-05-08 17:30:00+01:00,4300.923
2026-05-08 18:00:00+01:00,4334.196
2026-05-08 18:30:00+01:00,4337.973
2026-05-08 19:00:00+01:00,4302.831
2026-05-08 19:30:00+01:00,4285.61
2026-05-08 20:00:00+01:00,4253.978
2026-05-08 20:30:00+01:00,4243.532
2026-05-08 21:00:00+01:00,4202.353
2026-05-08 21:30:00+01:00,4202.159
2026-05-08 22:00:00+01:00,4099.826
2026-05-08 22:30:00+01:00,3941.697
2026-05-08 23:00:00+01:00,3812.894
2026-05-08 23:30:00+01:00,3742.517
2026-05-09 00:00:00+01:00,3645.45
2026-05-09 00:30:00+01:00,3602.626
2026-05-09 01:00:00+01:00,3482.064
2026-05-09 01:30:00+01:00,3421.104
2026-05-09 02:00:00+01:00,3353.291
2026-05-09 02:30:00+01:00,3463.002
2026-05-09 03:00:00+01:00,3389.342
2026-05-09 03:30:00+01:00,3360.545
2026-05-09 04:00:00+01:00,3338.769
2026-05-09 04:30:00+01:00,3337.523
2026-05-09 05:00:00+01:00,3313.129
2026-05-09 05:30:00+01:00,3266.276
2026-05-09 06:00:00+01:00,3259.728
2026-05-09 06:30:00+01:00,3349.277
2026-05-09 07:00:00+01:00,3435.469
2026-05-09 07:30:00+01:00,3522.844
2026-05-09 08:00:00+01:00,3579.83
2026-05-09 08:30:00+01:00,3630.124
2026-05-09 09:00:00+01:00,3651.409
2026-05-09 09:30:00+01:00,3627.825
2026-05-09 10:00:00+01:00,3564.755
2026-05-09 10:30:00+01:00,3528.44
2026-05-09 11:00:00+01:00,3471.595
2026-05-09 11:30:00+01:00,3450.46
2026-05-09 12:00:00+01:00,3397.658
2026-05-09 12:30:00+01:00,3375.921
2026-05-09 13:00:00+01:00,3336.132
2026-05-09 13:30:00+01:00,3288.618
2026-05-09 14:00:00+01:00,3200.724
2026-05-09 14:30:00+01:00,3195.382
2026-05-09 15:00:00+01:00,3180.49
2026-05-09 15:30:00+01:00,3172.396
2026-05-09 16:00:00+01:00,3256.765
2026-05-09 16:30:00+01:00,3323.042
2026-05-09 17:00:00+01:00,3416.409
2026-05-09 17:30:00+01:00,3536.151
2026-05-09 18:00:00+01:00,3653.425
2026-05-09 18:30:00+01:00,3719.283
2026-05-09 19:00:00+01:00,3772.76
2026-05-09 19:30:00+01:00,3829.992
2026-05-09 20:00:00+01:00,3857.76
2026-05-09 20:30:00+01:00,3877.792
2026-05-09 21:00:00+01:00,3874.291
2026-05-09 21:30:00+01:00,3879.303
2026-05-09 22:00:00+01:00,3885.112
2026-05-09 22:30:00+01:00,3758.44
2026-05-09 23:00:00+01:00,3636.366
2026-05-09 23:30:00+01:00,3580.455
2026-05-10 00:00:00+01:00,3458.299
2026-05-10 00:30:00+01:00,3468.599
2026-05-10 01:00:00+01:00,3357.525
2026-05-10 01:30:00+01:00,3345.984
2026-05-10 02:00:00+01:00,3272.572
2026-05-10 02:30:00+01:00,3326.762
2026-05-10 03:00:00+01:00,3291.419
2026-05-10 03:30:00+01:00,3253.501
2026-05-10 04:00:00+01:00,3213.526
2026-05-10 04:30:00+01:00,3190.42
2026-05-10 05:00:00+01:00,3198.896
2026-05-10 05:30:00+01:00,3140.961
2026-05-10 06:00:00+01:00,3151.301
2026-05-10 06:30:00+01:00,3184.858
2026-05-10 07:00:00+01:00,3217.422
2026-05-10 07:30:00+01:00,3256.672
2026-05-10 08:00:00+01:00,3286.423
2026-05-10 08:30:00+01:00,3346.398
2026-05-10 09:00:00+01:00,3342.643
2026-05-10 09:30:00+01:00,3379.767
2026-05-10 10:00:00+01:00,3385.256
2026-05-10 10:30:00+01:00,3385.538
2026-05-10 11:00:00+01:00,3383.774
2026-05-10 11:30:00+01:00,3365.639
2026-05-10 12:00:00+01:00,3373.032
2026-05-10 12:30:00+01:00,3366.883
2026-05-10 13:00:00+01:00,3339.994
2026-05-10 13:30:00+01:00,3309.678
2026-05-10 14:00:00+01:00,3277.238
2026-05-10 14:30:00+01:00,3250.401
2026-05-10 15:00:00+01:00,3223.295
2026-05-10 15:30:00+01:00,3230.471
2026-05-10 16:00:00+01:00,3280.954
2026-05-10 16:30:00+01:00,3392.93
2026-05-10 17:00:00+01:00,3553.987
2026-05-10 17:30:00+01:00,3656.461
2026-05-10 18:00:00+01:00,3754.372
2026-05-10 18:30:00+01:00,3849.265
2026-05-10 19:00:00+01:00,3931.066
2026-05-10 19:30:00+01:00,3937.065
2026-05-10 20:00:00+01:00,3958.657
2026-05-10 20:30:00+01:00,3956.48
2026-05-10 21:00:00+01:00,3962.243
2026-05-10 21:30:00+01:00,3951.543
2026-05-10 22:00:00+01:00,3827.255
2026-05-10 22:30:00+01:00,3679.448
2026-05-10 23:00:00+01:00,3542.938
2026-05-10 23:30:00+01:00,3433.202
2026-05-11 00:00:00+01:00,3331.439
2026-05-11 00:30:00+01:00,3308.259
2026-05-11 01:00:00+01:00,3241.016
2026-05-11 01:30:00+01:00,3197.233
2026-05-11 02:00:00+01:00,3171.341
2026-05-11 02:30:00+01:00,3252.45
2026-05-11 03:00:00+01:00,3219.523
2026-05-11 03:30:00+01:00,3182.011
2026-05-11 04:00:00+01:00,3161.855
2026-05-11 04:30:00+01:00,3149.498
2026-05-11 05:00:00+01:00,3172.664
2026-05-11 05:30:00+01:00,3198.608
2026-05-11 06:00:00+01:00,3300.463
2026-05-11 06:30:00+01:00,3481.908
2026-05-11 07:00:00+01:00,3769.41
2026-05-11 07:30:00+01:00,4082.824
2026-05-11 08:00:00+01:00,4247.76
2026-05-11 08:30:00+01:00,4330.406
2026-05-11 09:00:00+01:00,4286.026
2026-05-11 09:30:00+01:00,4282.304
2026-05-11 10:00:00+01:00,4204.653
2026-05-11 10:30:00+01:00,4143.996
2026-05-11 11:00:00+01:00,4118.748
2026-05-11 11:30:00+01:00,4017.599
2026-05-11 12:00:00+01:00,3954.46
2026-05-11 12:30:00+01:00,3922.52
2026-05-11 13:00:00+01:00,3909.937
2026-05-11 13:30:00+01:00,3834.567
2026-05-11 14:00:00+01:00,3744.046
2026-05-11 14:30:00+01:00,3716.635
2026-05-11 15:00:00+01:00,3727.237
2026-05-11 15:30:00+01:00,3769.27
2026-05-11 16:00:00+01:00,3824.204
2026-05-11 16:30:00+01:00,3911.198
2026-05-11 17:00:00+01:00,3990.411
2026-05-11 17:30:00+01:00,4116.129
2026-05-11 18:00:00+01:00,4180.611
2026-05-11 18:30:00+01:00,4208.643
2026-05-11 19:00:00+01:00,4215.626
2026-05-11 19:30:00+01:00,4259.638
2026-05-11 20:00:00+01:00,4276.405
2026-05-11 20:30:00+01:00,4256.827
2026-05-11 21:00:00+01:00,4246.169
2026-05-11 21:30:00+01:00,4218.413
2026-05-11 22:00:00+01:00,4113.163
2026-05-11 22:30:00+01:00,3971.081
2026-05-11 23:00:00+01:00,3793.497
2026-05-11 23:30:00+01:00,3680.949
2026-05-12 00:00:00+01:00,3547.159
2026-05-12 00:30:00+01:00,3519.686
2026-05-12 01:00:00+01:00,3423.369
2026-05-12 01:30:00+01:00,3383.014
2026-05-12 02:00:00+01:00,3350.705
2026-05-12 02:30:00+01:00,3439.297
2026-05-12 03:00:00+01:00,3421.019
2026-05-12 03:30:00+01:00,3394.63
2026-05-12 04:00:00+01:00,3345.45
2026-05-12 04:30:00+01:00,3303.846
2026-05-12 05:00:00+01:00,3290.647
2026-05-12 05:30:00+01:00,3298.475
2026-05-12 06:00:00+01:00,3351.739
2026-05-12 06:30:00+01:00,3564.607
2026-05-12 07:00:00+01:00,3804.164
2026-05-12 07:30:00+01:00,4085.405
2026-05-12 08:00:00+01:00,4220.707
2026-05-12 08:30:00+01:00,4277.632
2026-05-12 09:00:00+01:00,4182.107
2026-05-12 09:30:00+01:00,4175.647
2026-05-12 10:00:00+01:00,4082.444
2026-05-12 10:30:00+01:00,3993.774
2026-05-12 11:00:00+01:00,3918.36
2026-05-12 11:30:00+01:00,3834.533
2026-05-12 12:00:00+01:00,3725.463
2026-05-12 12:30:00+01:00,3687.874
2026-05-12 13:00:00+01:00,3628.718
2026-05-12 13:30:00+01:00,3588.285
2026-05-12 14:00:00+01:00,3591.369
2026-05-12 14:30:00+01:00,3569.569
2026-05-12 15:00:00+01:00,3527.959
2026-05-12 15:30:00+01:00,3569.585
2026-05-12 16:00:00+01:00,3655.89
2026-05-12 16:30:00+01:00,3745.578
2026-05-12 17:00:00+01:00,3848.768
2026-05-12 17:30:00+01:00,4044.455
2026-05-12 18:00:00+01:00,4096.193
2026-05-12 18:30:00+01:00,4109.203
2026-05-12 19:00:00+01:00,4128.912
2026-05-12 19:30:00+01:00,4149.259
2026-05-12 20:00:00+01:00,4158.716
2026-05-12 20:30:00+01:00,4178.001
2026-05-12 21:00:00+01:00,4157.396
2026-05-12 21:30:00+01:00,4100.046
2026-05-12 22:00:00+01:00,4047.22
2026-05-12 22:30:00+01:00,3839.631
2026-05-12 23:00:00+01:00,3677.878
2026-05-12 23:30:00+01:00,3580.195
2026-05-13 00:00:00+01:00,3458.46
2026-05-13 00:30:00+01:00,3409.029
2026-05-13 01:00:00+01:00,3331.948
2026-05-13 01:30:00+01:00,3302.986
2026-05-13 02:00:00+01:00,3239.353
2026-05-13 02:30:00+01:00,3357.776
2026-05-13 03:00:00+01:00,3309.368
2026-05-13 03:30:00+01:00,3283.378
2026-05-13 04:00:00+01:00,3212.019
2026-05-13 04:30:00+01:00,3197.423
2026-05-13 05:00:00+01:00,3227.098
2026-05-13 05:30:00+01:00,3246.391
2026-05-13 06:00:00+01:00,3352.232
2026-05-13 06:30:00+01:00,3508.302
2026-05-13 07:00:00+01:00,3763.256
2026-05-13 07:30:00+01:00,4043.294
2026-05-13 08:00:00+01:00,4155.568
2026-05-13 08:30:00+01:00,4185.582
2026-05-13 09:00:00+01:00,4159.226
2026-05-13 09:30:00+01:00,4146.679
2026-05-13 10:00:00+01:00,4083.61
2026-05-13 10:30:00+01:00,3987.178
2026-05-13 11:00:00+01:00,3944.468
2026-05-13 11:30:00+01:00,3883.449
2026-05-13 12:00:00+01:00,3800.26
2026-05-13 12:30:00+01:00,3761.498
2026-05-13 13:00:00+01:00,3722.349
2026-05-13 13:30:00+01:00,3703.586
2026-05-13 14:00:00+01:00,3684.472
2026-05-13 14:30:00+01:00,3703.689
2026-05-13 15:00:00+01:00,3666.562
2026-05-13 15:30:00+01:00,3671.594
2026-05-13 16:00:00+01:00,3824.702
2026-05-13 16:30:00+01:00,3934.412
2026-05-13 17:00:00+01:00,4032.639
2026-05-13 17:30:00+01:00,4126.154
2026-05-13 18:00:00+01:00,4223.784
2026-05-13 18:30:00+01:00,4209.482
2026-05-13 19:00:00+01:00,4234.243
2026-05-13 19:30:00+01:00,4265.187
2026-05-13 20:00:00+01:00,4226.725
2026-05-13 20:30:00+01:00,4265.702
2026-05-13 21:00:00+01:00,4234.544
2026-05-13 21:30:00+01:00,4203.204
2026-05-13 22:00:00+01:00,4124.05
2026-05-13 22:30:00+01:00,3959.792
2026-05-13 23:00:00+01:00,3786.127
2026-05-13 23:30:00+01:00,3724.22
2026-05-14 00:00:00+01:00,3599.602
2026-05-14 00:30:00+01:00,3594.559
2026-05-14 01:00:00+01:00,3445.728
2026-05-14 01:30:00+01:00,3387.699
2026-05-14 02:00:00+01:00,3372.611
2026-05-14 02:30:00+01:00,3441.763
2026-05-14 03:00:00+01:00,3385.414
2026-05-14 03:30:00+01:00,3361.627
2026-05-14 04:00:00+01:00,3321.43
2026-05-14 04:30:00+01:00,3307.279
2026-05-14 05:00:00+01:00,3311.928
2026-05-14 05:30:00+01:00,3304.312
2026-05-14 06:00:00+01:00,3380.616
2026-05-14 06:30:00+01:00,3568.077
2026-05-14 07:00:00+01:00,3829.053
2026-05-14 07:30:00+01:00,4110.702
2026-05-14 08:00:00+01:00,4311.147
2026-05-14 08:30:00+01:00,4396.307
2026-05-14 09:00:00+01:00,4426.182
2026-05-14 09:30:00+01:00,4420.96
2026-05-14 10:00:00+01:00,4336.157
2026-05-14 10:30:00+01:00,4256.89
2026-05-14 11:00:00+01:00,4200.201
2026-05-14 11:30:00+01:00,4036.608
2026-05-14 12:00:00+01:00,3898.588
2026-05-14 12:30:00+01:00,3969.852
2026-05-14 13:00:00+01:00,3991.328
2026-05-14 13:30:00+01:00,3858.939
2026-05-14 14:00:00+01:00,3863.942
2026-05-14 14:30:00+01:00,3754.417
2026-05-14 15:00:00+01:00,3779.055
2026-05-14 15:30:00+01:00,3797.159
2026-05-14 16:00:00+01:00,3878.12
2026-05-14 16:30:00+01:00,3956.106
2026-05-14 17:00:00+01:00,3962.029
2026-05-14 17:30:00+01:00,4187.06
2026-05-14 18:00:00+01:00,4236.496
2026-05-14 18:30:00+01:00,4235.598
2026-05-14 19:00:00+01:00,4234.478
2026-05-14 19:30:00+01:00,4269.448
2026-05-14 20:00:00+01:00,4261.602
2026-05-14 20:30:00+01:00,4252.342
2026-05-14 21:00:00+01:00,4253.547
2026-05-14 21:30:00+01:00,4222.617
2026-05-14 22:00:00+01:00,4186.167
2026-05-14 22:30:00+01:00,4003.661
2026-05-14 23:00:00+01:00,3842.282
2026-05-14 23:30:00+01:00,3743.492
2026-05-15 00:00:00+01:00,3611.614
2026-05-15 00:30:00+01:00,3583.558
2026-05-15 01:00:00+01:00,3473.579
2026-05-15 01:30:00+01:00,3458.911
2026-05-15 02:00:00+01:00,3405.733
2026-05-15 02:30:00+01:00,3508.849
2026-05-15 03:00:00+01:00,3476.058
2026-05-15 03:30:00+01:00,3433.775
2026-05-15 04:00:00+01:00,3405.922
2026-05-15 04:30:00+01:00,3384.916
2026-05-15 05:00:00+01:00,3375.376
2026-05-15 05:30:00+01:00,3381.812
2026-05-15 06:00:00+01:00,3481.697
2026-05-15 06:30:00+01:00,3690.227
2026-05-15 07:00:00+01:00,3917.544
2026-05-15 07:30:00+01:00,4196.576
2026-05-15 08:00:00+01:00,4335.657
2026-05-15 08:30:00+01:00,4401.615
2026-05-15 09:00:00+01:00,4393.764
2026-05-15 09:30:00+01:00,4352.785
2026-05-15 10:00:00+01:00,4239.711
2026-05-15 10:30:00+01:00,4262.6
2026-05-15 11:00:00+01:00,4226.176
2026-05-15 11:30:00+01:00,4198.332
2026-05-15 12:00:00+01:00,4139.575
2026-05-15 12:30:00+01:00,4112.78
2026-05-15 13:00:00+01:00,4103.3
2026-05-15 13:30:00+01:00,4065.565
2026-05-15 14:00:00+01:00,4062.445
2026-05-15 14:30:00+01:00,4039.479
2026-05-15 15:00:00+01:00,4032.406
2026-05-15 15:30:00+01:00,4072.448
2026-05-15 16:00:00+01:00,4099.391
2026-05-15 16:30:00+01:00,4167.702
2026-05-15 17:00:00+01:00,4208.002
2026-05-15 17:30:00+01:00,4303.941
2026-05-15 18:00:00+01:00,4314.974
2026-05-15 18:30:00+01:00,4327.136
2026-05-15 19:00:00+01:00,4311.478
2026-05-15 19:30:00+01:00,4341.541
2026-05-15 20:00:00+01:00,4316.022
2026-05-15 20:30:00+01:00,4296.06
2026-05-15 21:00:00+01:00,4270.604
2026-05-15 21:30:00+01:00,4235.518
2026-05-15 22:00:00+01:00,4188.701
2026-05-15 22:30:00+01:00,4040.042
2026-05-15 23:00:00+01:00,3881.724
2026-05-15 23:30:00+01:00,3809.257
2026-05-16 00:00:00+01:00,3692.204
2026-05-16 00:30:00+01:00,3664.582
2026-05-16 01:00:00+01:00,3563.57
2026-05-16 01:30:00+01:00,3498.809
2026-05-16 02:00:00+01:00,3467.081
2026-05-16 02:30:00+01:00,3539.908
2026-05-16 03:00:00+01:00,3480.637
2026-05-16 03:30:00+01:00,3430.193
2026-05-16 04:00:00+01:00,3376.834
2026-05-16 04:30:00+01:00,3343.427
2026-05-16 05:00:00+01:00,3328.946
2026-05-16 05:30:00+01:00,3289.027
2026-05-16 06:00:00+01:00,3305.003
2026-05-16 06:30:00+01:00,3392.444
2026-05-16 07:00:00+01:00,3492.782
2026-05-16 07:30:00+01:00,3637.312
2026-05-16 08:00:00+01:00,3759.742
2026-05-16 08:30:00+01:00,3907.844
2026-05-16 09:00:00+01:00,3966.348
2026-05-16 09:30:00+01:00,4032.587
2026-05-16 10:00:00+01:00,4024.537
2026-05-16 10:30:00+01:00,4016.602
2026-05-16 11:00:00+01:00,3982.515
2026-05-16 11:30:00+01:00,3975.416
2026-05-16 12:00:00+01:00,3928.632
2026-05-16 12:30:00+01:00,3858.223
2026-05-16 13:00:00+01:00,3805.024
2026-05-16 13:30:00+01:00,3774.065
2026-05-16 14:00:00+01:00,3619.044
2026-05-16 14:30:00+01:00,3509.898
2026-05-16 15:00:00+01:00,3484.166
2026-05-16 15:30:00+01:00,3541.145
2026-05-16 16:00:00+01:00,3597.399
2026-05-16 16:30:00+01:00,3632.201
2026-05-16 17:00:00+01:00,3642.769
2026-05-16 17:30:00+01:00,3790.025
2026-05-16 18:00:00+01:00,3794.473
2026-05-16 18:30:00+01:00,3861.395
2026-05-16 19:00:00+01:00,3879.728
2026-05-16 19:30:00+01:00,3907.184
2026-05-16 20:00:00+01:00,3897.111
2026-05-16 20:30:00+01:00,3891.498
2026-05-16 21:00:00+01:00,3850.478
2026-05-16 21:30:00+01:00,3832.331
2026-05-16 22:00:00+01:00,3829.265
2026-05-16 22:30:00+01:00,3706.862
2026-05-16 23:00:00+01:00,3605.337
2026-05-16 23:30:00+01:00,3543.508
2026-05-17 00:00:00+01:00,3460.761
2026-05-17 00:30:00+01:00,3451.708
2026-05-17 01:00:00+01:00,3362.696
2026-05-17 01:30:00+01:00,3294.518
2026-05-17 02:00:00+01:00,3272.163
2026-05-17 02:30:00+01:00,3341.294
2026-05-17 03:00:00+01:00,3312.465
2026-05-17 03:30:00+01:00,3263.636
2026-05-17 04:00:00+01:00,3209.556
2026-05-17 04:30:00+01:00,3190.005
2026-05-17 05:00:00+01:00,3182.534
2026-05-17 05:30:00+01:00,3109.198
2026-05-17 06:00:00+01:00,3117.597
2026-05-17 06:30:00+01:00,3149.255
2026-05-17 07:00:00+01:00,3168.347
2026-05-17 07:30:00+01:00,3263.617
2026-05-17 08:00:00+01:00,3339.22
2026-05-17 08:30:00+01:00,3455.283
2026-05-17 09:00:00+01:00,3494.856
2026-05-17 09:30:00+01:00,3573.649
2026-05-17 10:00:00+01:00,3647.944
2026-05-17 10:30:00+01:00,3668.329
2026-05-17 11:00:00+01:00,3686.97
2026-05-17 11:30:00+01:00,3682.016
2026-05-17 12:00:00+01:00,3732.039
2026-05-17 12:30:00+01:00,3836.272
2026-05-17 13:00:00+01:00,3805.389
2026-05-17 13:30:00+01:00,3708.458
2026-05-17 14:00:00+01:00,3667.88
2026-05-17 14:30:00+01:00,3600.942
2026-05-17 15:00:00+01:00,3602.391
2026-05-17 15:30:00+01:00,3660.251
2026-05-17 16:00:00+01:00,3715.613
2026-05-17 16:30:00+01:00,3801.179
2026-05-17 17:00:00+01:00,3900.327
2026-05-17 17:30:00+01:00,4053.172
2026-05-17 18:00:00+01:00,4123.099
2026-05-17 18:30:00+01:00,4191.438
2026-05-17 19:00:00+01:00,4204.998
2026-05-17 19:30:00+01:00,4193.077
2026-05-17 20:00:00+01:00,4197.104
2026-05-17 20:30:00+01:00,4173.032
2026-05-17 21:00:00+01:00,4107.754
2026-05-17 21:30:00+01:00,4087.792
2026-05-17 22:00:00+01:00,4022.243
2026-05-17 22:30:00+01:00,3857.394
2026-05-17 23:00:00+01:00,3697.808
2026-05-17 23:30:00+01:00,3609.751
2026-05-18 00:00:00+01:00,3508.6
2026-05-18 00:30:00+01:00,3498.582
2026-05-18 01:00:00+01:00,3412.662
2026-05-18 01:30:00+01:00,3379.504
2026-05-18 02:00:00+01:00,3352.773
2026-05-18 02:30:00+01:00,3448.656
2026-05-18 03:00:00+01:00,3409.258
2026-05-18 03:30:00+01:00,3386.072
2026-05-18 04:00:00+01:00,3343.183
2026-05-18 04:30:00+01:00,3331.032
2026-05-18 05:00:00+01:00,3341.815
2026-05-18 05:30:00+01:00,3353.496
2026-05-18 06:00:00+01:00,3460.711
2026-05-18 06:30:00+01:00,3662.57
2026-05-18 07:00:00+01:00,3902.388
2026-05-18 07:30:00+01:00,4173.19
2026-05-18 08:00:00+01:00,4309.854
2026-05-18 08:30:00+01:00,4346.678
2026-05-18 09:00:00+01:00,4351.567
2026-05-18 09:30:00+01:00,4327.517
2026-05-18 10:00:00+01:00,4262.522
2026-05-18 10:30:00+01:00,4236.951
2026-05-18 11:00:00+01:00,4191.664
2026-05-18 11:30:00+01:00,4159.383
2026-05-18 12:00:00+01:00,4155.261
2026-05-18 12:30:00+01:00,4159.956
2026-05-18 13:00:00+01:00,4143.616
2026-05-18 13:30:00+01:00,4095.276
2026-05-18 14:00:00+01:00,4091.238
2026-05-18 14:30:00+01:00,4128.646
2026-05-18 15:00:00+01:00,4223.775
2026-05-18 15:30:00+01:00,4286.273
2026-05-18 16:00:00+01:00,4374.644
2026-05-18 16:30:00+01:00,4496.724
2026-05-18 17:00:00+01:00,4617.715
2026-05-18 17:30:00+01:00,4705.942
2026-05-18 18:00:00+01:00,4727.469
2026-05-18 18:30:00+01:00,4665.893
2026-05-18 19:00:00+01:00,4607.756
2026-05-18 19:30:00+01:00,4558.748
2026-05-18 20:00:00+01:00,4503.164
2026-05-18 20:30:00+01:00,4438.843
2026-05-18 21:00:00+01:00,4386.896
2026-05-18 21:30:00+01:00,4280.99
2026-05-18 22:00:00+01:00,4159.919
2026-05-18 22:30:00+01:00,3987.022
2026-05-18 23:00:00+01:00,3827.552
2026-05-18 23:30:00+01:00,3727.339
2026-05-19 00:00:00+01:00,3613.359
2026-05-19 00:30:00+01:00,3599.613
2026-05-19 01:00:00+01:00,3519.183
2026-05-19 01:30:00+01:00,3482.04
2026-05-19 02:00:00+01:00,3442.769
2026-05-19 02:30:00+01:00,3531.818
2026-05-19 03:00:00+01:00,3532.441
2026-05-19 03:30:00+01:00,3473.898
2026-05-19 04:00:00+01:00,3398.125
2026-05-19 04:30:00+01:00,3395.969
2026-05-19 05:00:00+01:00,3377.296
2026-05-19 05:30:00+01:00,3400.302
2026-05-19 06:00:00+01:00,3476.625
2026-05-19 06:30:00+01:00,3673.765
2026-05-19 07:00:00+01:00,3931.31
2026-05-19 07:30:00+01:00,4210.32
2026-05-19 08:00:00+01:00,4340.741
2026-05-19 08:30:00+01:00,4411.254
2026-05-19 09:00:00+01:00,4376.402
2026-05-19 09:30:00+01:00,4344.918
2026-05-19 10:00:00+01:00,4246.672
2026-05-19 10:30:00+01:00,4165.294
2026-05-19 11:00:00+01:00,4164.158
2026-05-19 11:30:00+01:00,4173.17
2026-05-19 12:00:00+01:00,4114.458
2026-05-19 12:30:00+01:00,4114.324
2026-05-19 13:00:00+01:00,4076.337
2026-05-19 13:30:00+01:00,4036.989
2026-05-19 14:00:00+01:00,4052.647
2026-05-19 14:30:00+01:00,4096.741
2026-05-19 15:00:00+01:00,4122.033
2026-05-19 15:30:00+01:00,4152.26
2026-05-19 16:00:00+01:00,4274.371
2026-05-19 16:30:00+01:00,4396.002
2026-05-19 17:00:00+01:00,4432.321
2026-05-19 17:30:00+01:00,4579.31
2026-05-19 18:00:00+01:00,4560.56
2026-05-19 18:30:00+01:00,4522.551
2026-05-19 19:00:00+01:00,4513.533
2026-05-19 19:30:00+01:00,4484.239
2026-05-19 20:00:00+01:00,4431.111
2026-05-19 20:30:00+01:00,4410.066
2026-05-19 21:00:00+01:00,4386.528
2026-05-19 21:30:00+01:00,4299.107
2026-05-19 22:00:00+01:00,4221.144
2026-05-19 22:30:00+01:00,4055.411
2026-05-19 23:00:00+01:00,3849.16
2026-05-19 23:30:00+01:00,3731.37
2026-05-20 00:00:00+01:00,3630.09
2026-05-20 00:30:00+01:00,3594.672
2026-05-20 01:00:00+01:00,3499.223
2026-05-20 01:30:00+01:00,3448.292
2026-05-20 02:00:00+01:00,3428.339
2026-05-20 02:30:00+01:00,3503.325
2026-05-20 03:00:00+01:00,3422.862
2026-05-20 03:30:00+01:00,3387.048
2026-05-20 04:00:00+01:00,3352.194
2026-05-20 04:30:00+01:00,3315.717
2026-05-20 05:00:00+01:00,3293.134
2026-05-20 05:30:00+01:00,3307.038
2026-05-20 06:00:00+01:00,3421.462
2026-05-20 06:30:00+01:00,3632.791
2026-05-20 07:00:00+01:00,3903.728
2026-05-20 07:30:00+01:00,4188.681
2026-05-20 08:00:00+01:00,4349.675
2026-05-20 08:30:00+01:00,4424.703
2026-05-20 09:00:00+01:00,4385.89
2026-05-20 09:30:00+01:00,4373.776
2026-05-20 10:00:00+01:00,4314.615
2026-05-20 10:30:00+01:00,4241.373
2026-05-20 11:00:00+01:00,4169.188
2026-05-20 11:30:00+01:00,4052.526
2026-05-20 12:00:00+01:00,4073.793
2026-05-20 12:30:00+01:00,4145.753
2026-05-20 15:00:00+01:00,4025.81
2026-05-20 15:30:00+01:00,4020.494
2026-05-20 16:00:00+01:00,4061.945
2026-05-20 16:30:00+01:00,4233.393
2026-05-20 17:00:00+01:00,4310.821
2026-05-20 17:30:00+01:00,4378.365
2026-05-20 18:00:00+01:00,4420.422
2026-05-20 18:30:00+01:00,4418.415
2026-05-20 19:00:00+01:00,4409.894
2026-05-20 19:30:00+01:00,4430.62
2026-05-20 20:00:00+01:00,4406.129
2026-05-20 20:30:00+01:00,4375.969
2026-05-20 21:00:00+01:00,4356.665
2026-05-20 21:30:00+01:00,4327.812
2026-05-20 22:00:00+01:00,4226.127
2026-05-20 22:30:00+01:00,4031.7
2026-05-20 23:00:00+01:00,3841.941
2026-05-20 23:30:00+01:00,3713.662
2026-05-21 00:00:00+01:00,3596.191
2026-05-21 00:30:00+01:00,3603.717
2026-05-21 01:00:00+01:00,3506.658
2026-05-21 01:30:00+01:00,3415.161
2026-05-21 02:00:00+01:00,3373.554
2026-05-21 02:30:00+01:00,3465.289
2026-05-21 03:00:00+01:00,3422.622
2026-05-21 03:30:00+01:00,3353.786
2026-05-21 04:00:00+01:00,3299.042
2026-05-21 04:30:00+01:00,3295.652
2026-05-21 05:00:00+01:00,3308.208
2026-05-21 05:30:00+01:00,3325.024
2026-05-21 06:00:00+01:00,3427.998
2026-05-21 06:30:00+01:00,3621.337
2026-05-21 07:00:00+01:00,3877.529
2026-05-21 07:30:00+01:00,4159.559
2026-05-21 08:00:00+01:00,4341.154
2026-05-21 08:30:00+01:00,4416.304
2026-05-21 09:00:00+01:00,4398.018
2026-05-21 09:30:00+01:00,4413.05
2026-05-21 10:00:00+01:00,4354.64
2026-05-21 10:30:00+01:00,4300.188
2026-05-21 11:00:00+01:00,4230.585
2026-05-21 11:30:00+01:00,4200.338
2026-05-21 12:00:00+01:00,4171.818
2026-05-21 12:30:00+01:00,4181.654
2026-05-21 13:00:00+01:00,4149.44
2026-05-21 13:30:00+01:00,4120.527
2026-05-21 14:00:00+01:00,4169.252
2026-05-21 14:30:00+01:00,4117.265
2026-05-21 15:00:00+01:00,4107.216
2026-05-21 15:30:00+01:00,4144.653
2026-05-21 16:00:00+01:00,4182.214
2026-05-21 16:30:00+01:00,4227.921
2026-05-21 17:00:00+01:00,4308.619
2026-05-21 17:30:00+01:00,4403.448
2026-05-21 18:00:00+01:00,4348.486
2026-05-21 18:30:00+01:00,4363.185
2026-05-21 19:00:00+01:00,4334.869
2026-05-21 19:30:00+01:00,4321.371
2026-05-21 21:00:00+01:00,4255.794
2026-05-21 21:30:00+01:00,4234.518
2026-05-21 22:00:00+01:00,4093.279
2026-05-21 22:30:00+01:00,3945.408
2026-05-21 23:00:00+01:00,3749.074
2026-05-21 23:30:00+01:00,3683.107
2026-05-22 00:00:00+01:00,3620.737
2026-05-22 00:30:00+01:00,3541.004
2026-05-22 01:00:00+01:00,3436.96
2026-05-22 01:30:00+01:00,3394.822
2026-05-22 02:00:00+01:00,3351.787
2026-05-22 02:30:00+01:00,3447.772
2026-05-22 03:00:00+01:00,3373.818
2026-05-22 03:30:00+01:00,3321.876
2026-05-22 04:00:00+01:00,3283.549
2026-05-22 04:30:00+01:00,3270.878
2026-05-22 05:00:00+01:00,3264.196
2026-05-22 05:30:00+01:00,3284.404
2026-05-22 06:00:00+01:00,3404.685
2026-05-22 06:30:00+01:00,3560.58
2026-05-22 07:00:00+01:00,3804.641
2026-05-22 07:30:00+01:00,4073.232
2026-05-22 08:00:00+01:00,4234.236
2026-05-22 08:30:00+01:00,4262.821
2026-05-22 09:00:00+01:00,4264.21
2026-05-22 09:30:00+01:00,4186.377
2026-05-22 10:00:00+01:00,4129.891
2026-05-22 10:30:00+01:00,4079.884
2026-05-22 11:00:00+01:00,4026.643
2026-05-22 11:30:00+01:00,3988.9
2026-05-22 12:00:00+01:00,4050.054
2026-05-22 12:30:00+01:00,4024.009
2026-05-22 13:00:00+01:00,4057.277
2026-05-22 13:30:00+01:00,4035.022
2026-05-22 14:00:00+01:00,4042.371
2026-05-22 14:30:00+01:00,3999.159
2026-05-22 15:00:00+01:00,4023.764
2026-05-22 15:30:00+01:00,4068.871
2026-05-22 16:00:00+01:00,4062.109
2026-05-22 16:30:00+01:00,4140.851
2026-05-22 17:00:00+01:00,4210.116
2026-05-22 17:30:00+01:00,4256.565
2026-05-22 18:00:00+01:00,4277.315
2026-05-22 18:30:00+01:00,4287.172
2026-05-22 19:00:00+01:00,4275.735
2026-05-22 19:30:00+01:00,4219.739
2026-05-22 20:00:00+01:00,4193.901
2026-05-22 20:30:00+01:00,4165.073
2026-05-22 21:00:00+01:00,4107.087
2026-05-22 21:30:00+01:00,4056.362
2026-05-22 22:00:00+01:00,4022.541
2026-05-22 22:30:00+01:00,3898.856
2026-05-22 23:00:00+01:00,3775.146
2026-05-22 23:30:00+01:00,3705.291
2026-05-23 00:00:00+01:00,3606.028
2026-05-23 00:30:00+01:00,3562.195
2026-05-23 01:00:00+01:00,3459.379
2026-05-23 01:30:00+01:00,3424.955
2026-05-23 02:00:00+01:00,3386.469
2026-05-23 02:30:00+01:00,3471.264
2026-05-23 03:00:00+01:00,3406.408
2026-05-23 03:30:00+01:00,3366.134
2026-05-23 04:00:00+01:00,3294.171
2026-05-23 04:30:00+01:00,3267.554
2026-05-23 05:00:00+01:00,3223.746
2026-05-23 05:30:00+01:00,3195.774
2026-05-23 06:00:00+01:00,3207.971
2026-05-23 06:30:00+01:00,3266.5
2026-05-23 07:00:00+01:00,3342.2
2026-05-23 07:30:00+01:00,3464.567
2026-05-23 08:00:00+01:00,3560.606
2026-05-23 08:30:00+01:00,3637.829
2026-05-23 09:00:00+01:00,3678.676
2026-05-23 09:30:00+01:00,3702.596
2026-05-23 10:00:00+01:00,3681.5
2026-05-23 10:30:00+01:00,3625.065
2026-05-23 11:00:00+01:00,3539.776
2026-05-23 11:30:00+01:00,3503.778
2026-05-23 12:00:00+01:00,3459.708
2026-05-23 12:30:00+01:00,3403.411
2026-05-23 13:00:00+01:00,3388.763
2026-05-23 13:30:00+01:00,3298.233
2026-05-23 14:00:00+01:00,3269.599
2026-05-23 14:30:00+01:00,3221.262
2026-05-23 15:00:00+01:00,3244.498
2026-05-23 15:30:00+01:00,3277.637
2026-05-23 16:00:00+01:00,3307.404
2026-05-23 16:30:00+01:00,3396.273
2026-05-23 17:00:00+01:00,3542.197
2026-05-23 17:30:00+01:00,3680.542
2026-05-23 18:00:00+01:00,3771.835
2026-05-23 18:30:00+01:00,3813.206
2026-05-23 19:00:00+01:00,3827.798
2026-05-23 19:30:00+01:00,3856.963
2026-05-23 20:00:00+01:00,3865.375
2026-05-23 20:30:00+01:00,3872.093
2026-05-23 21:00:00+01:00,3823.224
2026-05-23 21:30:00+01:00,3778.201
2026-05-23 22:00:00+01:00,3774.455
2026-05-23 22:30:00+01:00,3660.86
2026-05-23 23:00:00+01:00,3571.31
2026-05-23 23:30:00+01:00,3531.011
2026-05-24 00:00:00+01:00,3434.865
2026-05-24 00:30:00+01:00,3403.945
2026-05-24 01:00:00+01:00,3317.184
2026-05-24 01:30:00+01:00,3280.699
2026-05-24 02:00:00+01:00,3252.374
2026-05-24 02:30:00+01:00,3300.509
2026-05-24 03:00:00+01:00,3233.786
2026-05-24 03:30:00+01:00,3187.034
2026-05-24 04:00:00+01:00,3137.578
2026-05-24 04:30:00+01:00,3126.084
2026-05-24 05:00:00+01:00,3075.564
2026-05-24 05:30:00+01:00,3039.257
2026-05-24 06:00:00+01:00,3028.696
2026-05-24 06:30:00+01:00,3070.242
2026-05-24 07:00:00+01:00,3100.094
2026-05-24 07:30:00+01:00,3171.601
2026-05-24 08:00:00+01:00,3228.76
2026-05-24 08:30:00+01:00,3319.986
2026-05-24 09:00:00+01:00,3356.488
2026-05-24 09:30:00+01:00,3396.44
2026-05-24 10:00:00+01:00,3390.392
2026-05-24 10:30:00+01:00,3352.044
2026-05-24 11:00:00+01:00,3318.06
2026-05-24 11:30:00+01:00,3255.791
2026-05-24 12:00:00+01:00,3211.855
2026-05-24 12:30:00+01:00,3206.14
2026-05-24 13:00:00+01:00,3165.455
2026-05-24 13:30:00+01:00,3140.708
2026-05-24 14:00:00+01:00,3105.949
2026-05-24 14:30:00+01:00,3059.373
2026-05-24 15:00:00+01:00,3053.185
2026-05-24 15:30:00+01:00,3062.434
2026-05-24 16:00:00+01:00,3120.662
2026-05-24 16:30:00+01:00,3197.446
2026-05-24 17:00:00+01:00,3324.962
2026-05-24 17:30:00+01:00,3456.034
2026-05-24 18:00:00+01:00,3592.378
2026-05-24 18:30:00+01:00,3693.31
2026-05-24 19:00:00+01:00,3783.23
2026-05-24 19:30:00+01:00,3856.049
2026-05-24 20:00:00+01:00,3906.104
2026-05-24 20:30:00+01:00,3912.412
2026-05-24 21:00:00+01:00,3882.197
2026-05-24 21:30:00+01:00,3834.678
2026-05-24 22:00:00+01:00,3821.952
2026-05-24 22:30:00+01:00,3758.176
2026-05-24 23:00:00+01:00,3596.558
2026-05-24 23:30:00+01:00,3511.685
2026-05-25 00:00:00+01:00,3380.829
2026-05-25 00:30:00+01:00,3348.777
2026-05-25 01:00:00+01:00,3276.577
2026-05-25 01:30:00+01:00,3221.978
2026-05-25 02:00:00+01:00,3195.814
2026-05-25 02:30:00+01:00,3288.292
2026-05-25 03:00:00+01:00,3246.364
2026-05-25 03:30:00+01:00,3214.385
2026-05-25 04:00:00+01:00,3179.058
2026-05-25 04:30:00+01:00,3157.404
2026-05-25 05:00:00+01:00,3127.769
2026-05-25 05:30:00+01:00,3154.877
2026-05-25 06:00:00+01:00,3257.5
2026-05-25 06:30:00+01:00,3452.172
2026-05-25 07:00:00+01:00,3660.704
2026-05-25 07:30:00+01:00,3936.345
2026-05-25 08:00:00+01:00,4042.009
2026-05-25 08:30:00+01:00,4097.988
2026-05-25 09:00:00+01:00,4074.778
2026-05-25 09:30:00+01:00,4034.718
2026-05-25 10:00:00+01:00,3933.83
2026-05-25 10:30:00+01:00,3878.824
2026-05-25 11:00:00+01:00,3797.442
2026-05-25 11:30:00+01:00,3750.452
2026-05-25 12:00:00+01:00,3708.562
2026-05-25 12:30:00+01:00,3682.946
2026-05-25 13:00:00+01:00,3679.612
2026-05-25 13:30:00+01:00,3642.632
2026-05-25 14:00:00+01:00,3621.284
2026-05-25 14:30:00+01:00,3599.627
2026-05-25 15:00:00+01:00,3688.85
2026-05-25 15:30:00+01:00,3715.598
2026-05-25 16:00:00+01:00,3771.88
2026-05-25 16:30:00+01:00,3813.968
2026-05-25 17:00:00+01:00,3926.126
2026-05-25 17:30:00+01:00,4037.98
2026-05-25 18:00:00+01:00,4101.216
2026-05-25 18:30:00+01:00,4086.571
2026-05-25 19:00:00+01:00,4027.973
2026-05-25 19:30:00+01:00,4074.662
2026-05-25 20:00:00+01:00,4116.376
2026-05-25 20:30:00+01:00,4122.887
2026-05-25 21:00:00+01:00,4107.627
2026-05-25 21:30:00+01:00,4076.603
2026-05-25 22:00:00+01:00,4032.746
2026-05-25 22:30:00+01:00,3932.449
2026-05-25 23:00:00+01:00,3756.451
2026-05-25 23:30:00+01:00,3652.867
2026-05-26 01:00:00+01:00,3425.89
2026-05-26 01:30:00+01:00,3370.175
2026-05-26 02:00:00+01:00,3348.948
2026-05-26 02:30:00+01:00,3443.839
2026-05-26 03:00:00+01:00,3433.55
2026-05-26 03:30:00+01:00,3396.158
2026-05-26 04:00:00+01:00,3355.299
2026-05-26 04:30:00+01:00,3325.647
2026-05-26 05:00:00+01:00,3270.126
2026-05-26 05:30:00+01:00,3285.955
2026-05-26 06:00:00+01:00,3368.999
2026-05-26 06:30:00+01:00,3550.964
2026-05-26 07:00:00+01:00,3754.041
2026-05-26 07:30:00+01:00,4017.651
2026-05-26 08:00:00+01:00,4137.157
2026-05-26 08:30:00+01:00,4159.767
2026-05-26 09:00:00+01:00,4125.859
2026-05-26 09:30:00+01:00,4080.856
2026-05-26 10:00:00+01:00,3950.632
2026-05-26 10:30:00+01:00,3868.559
2026-05-26 11:00:00+01:00,3832.98
2026-05-26 11:30:00+01:00,3769.722
2026-05-26 12:00:00+01:00,3706.773
2026-05-26 12:30:00+01:00,3642.314
2026-05-26 13:00:00+01:00,3672.988
2026-05-26 13:30:00+01:00,3611.185
2026-05-26 14:00:00+01:00,3618.739
2026-05-26 14:30:00+01:00,3617.665
2026-05-26 15:00:00+01:00,3659.394
2026-05-26 15:30:00+01:00,3716.965
2026-05-26 16:00:00+01:00,3772.312
2026-05-26 16:30:00+01:00,3856.655
2026-05-26 17:00:00+01:00,3993.702
2026-05-26 17:30:00+01:00,4093.811
2026-05-26 18:00:00+01:00,4146.262
2026-05-26 18:30:00+01:00,4192.157
2026-05-26 19:00:00+01:00,4219.344
2026-05-26 19:30:00+01:00,4237.051
2026-05-26 21:00:00+01:00,4209.886
2026-05-26 21:30:00+01:00,4165.107
2026-05-26 22:00:00+01:00,4113.118
2026-05-26 22:30:00+01:00,3999.019
2026-05-26 23:00:00+01:00,3825.384
2026-05-26 23:30:00+01:00,3722.151
2026-05-27 00:00:00+01:00,3595.034
2026-05-27 00:30:00+01:00,3528.948
2026-05-27 01:00:00+01:00,3453.868
2026-05-27 01:30:00+01:00,3401.143
2026-05-27 02:00:00+01:00,3363.309
2026-05-27 02:30:00+01:00,3451.523
2026-05-27 03:00:00+01:00,3399.668
2026-05-27 03:30:00+01:00,3350.478
2026-05-27 04:00:00+01:00,3291.534
2026-05-27 04:30:00+01:00,3295.156
2026-05-27 05:00:00+01:00,3244.732
2026-05-27 05:30:00+01:00,3253.799
2026-05-27 06:00:00+01:00,3354.627
2026-05-27 06:30:00+01:00,3546.642
2026-05-27 07:00:00+01:00,3756.668
2026-05-27 07:30:00+01:00,4001.142
2026-05-27 08:00:00+01:00,4107.891
2026-05-27 08:30:00+01:00,4098.832
2026-05-27 09:00:00+01:00,4066.592
2026-05-27 09:30:00+01:00,4013.69
2026-05-27 10:00:00+01:00,3871.129
2026-05-27 10:30:00+01:00,3764.354
2026-05-27 11:00:00+01:00,3668.186
2026-05-27 11:30:00+01:00,3609.396
2026-05-27 12:00:00+01:00,3559.753
2026-05-27 12:30:00+01:00,3520.821
2026-05-27 13:00:00+01:00,3511.521
2026-05-27 13:30:00+01:00,3458.916
2026-05-27 14:00:00+01:00,3467.539
2026-05-27 14:30:00+01:00,3492.0
2026-05-27 15:00:00+01:00,3577.754
2026-05-27 15:30:00+01:00,3664.866
2026-05-27 16:00:00+01:00,3744.304
2026-05-27 16:30:00+01:00,3908.293
2026-05-27 17:00:00+01:00,3959.27
2026-05-27 17:30:00+01:00,4068.95
2026-05-27 18:00:00+01:00,4106.292
2026-05-27 18:30:00+01:00,4084.581
2026-05-27 19:00:00+01:00,4085.539
2026-05-27 19:30:00+01:00,4161.201
2026-05-27 20:00:00+01:00,4155.25
2026-05-27 20:30:00+01:00,4164.372
2026-05-27 21:00:00+01:00,4098.414
2026-05-27 21:30:00+01:00,4071.211
2026-05-27 22:00:00+01:00,4038.048
2026-05-27 22:30:00+01:00,3947.509
2026-05-27 23:00:00+01:00,3823.148
2026-05-27 23:30:00+01:00,3737.076
2026-05-28 00:00:00+01:00,3601.153
2026-05-28 00:30:00+01:00,3528.527
2026-05-28 01:00:00+01:00,3438.614
2026-05-28 01:30:00+01:00,3355.978
2026-05-28 02:00:00+01:00,3319.176
2026-05-28 02:30:00+01:00,3410.451
2026-05-28 03:00:00+01:00,3359.936
2026-05-28 03:30:00+01:00,3317.995
2026-05-28 04:00:00+01:00,3276.054
2026-05-28 04:30:00+01:00,3243.642
2026-05-28 05:00:00+01:00,3222.64
2026-05-28 05:30:00+01:00,3212.319
2026-05-28 06:00:00+01:00,3312.772
2026-05-28 06:30:00+01:00,3515.545
2026-05-28 07:00:00+01:00,3726.54
2026-05-28 07:30:00+01:00,3976.175
2026-05-28 08:00:00+01:00,4107.356
2026-05-28 08:30:00+01:00,4173.703
2026-05-28 09:00:00+01:00,4168.537
2026-05-28 09:30:00+01:00,4198.089
2026-05-28 10:00:00+01:00,4127.263
2026-05-28 10:30:00+01:00,4137.986
2026-05-28 11:00:00+01:00,4103.147
2026-05-28 11:30:00+01:00,4051.335
2026-05-28 12:00:00+01:00,4014.378
2026-05-28 12:30:00+01:00,4054.036
2026-05-28 13:00:00+01:00,4054.645
2026-05-28 13:30:00+01:00,3957.746
2026-05-28 15:00:00+01:00,4001.748
2026-05-28 15:30:00+01:00,4025.229
2026-05-28 16:00:00+01:00,4089.613
2026-05-28 16:30:00+01:00,4141.814
2026-05-28 17:00:00+01:00,4135.72
2026-05-28 17:30:00+01:00,4179.894
2026-05-28 18:00:00+01:00,4191.693
2026-05-28 18:30:00+01:00,4212.477
2026-05-28 19:00:00+01:00,4137.406
2026-05-28 19:30:00+01:00,4189.454
2026-05-28 20:00:00+01:00,4134.552
2026-05-28 20:30:00+01:00,4092.38
2026-05-28 21:00:00+01:00,4052.769
2026-05-28 21:30:00+01:00,3998.969
2026-05-28 22:00:00+01:00,3962.993
2026-05-28 22:30:00+01:00,3907.228
2026-05-28 23:00:00+01:00,3765.471
2026-05-28 23:30:00+01:00,3670.86
2026-05-29 00:00:00+01:00,3547.123
2026-05-29 00:30:00+01:00,3472.105
2026-05-29 01:00:00+01:00,3371.669
2026-05-29 01:30:00+01:00,3383.357
2026-05-29 02:00:00+01:00,3325.46
2026-05-29 02:30:00+01:00,3398.415
2026-05-29 03:00:00+01:00,3365.388
2026-05-29 03:30:00+01:00,3288.91
2026-05-29 04:00:00+01:00,3251.265
2026-05-29 04:30:00+01:00,3231.026
2026-05-29 05:00:00+01:00,3212.611
2026-05-29 05:30:00+01:00,3224.326
2026-05-29 06:00:00+01:00,3311.754
2026-05-29 06:30:00+01:00,3461.968
2026-05-29 07:00:00+01:00,3661.594
2026-05-29 07:30:00+01:00,3916.783
2026-05-29 08:00:00+01:00,4058.147
2026-05-29 08:30:00+01:00,4078.847
2026-05-29 09:00:00+01:00,4102.238
2026-05-29 09:30:00+01:00,4085.562
2026-05-29 10:00:00+01:00,3996.049
2026-05-29 10:30:00+01:00,3915.44
2026-05-29 11:00:00+01:00,3814.852
2026-05-29 11:30:00+01:00,3743.216
2026-05-29 12:00:00+01:00,3605.457
2026-05-29 12:30:00+01:00,3602.13
2026-05-29 13:00:00+01:00,3517.898
2026-05-29 13:30:00+01:00,3440.762
2026-05-29 14:00:00+01:00,3495.489
2026-05-29 14:30:00+01:00,3435.238
2026-05-29 15:00:00+01:00,3420.119
2026-05-29 15:30:00+01:00,3462.374
2026-05-29 16:00:00+01:00,3493.304
2026-05-29 16:30:00+01:00,3629.687
2026-05-29 17:00:00+01:00,3735.021
2026-05-29 17:30:00+01:00,3842.353
2026-05-29 18:00:00+01:00,3911.322
2026-05-29 18:30:00+01:00,3966.442
2026-05-29 19:00:00+01:00,3998.804
2026-05-29 19:30:00+01:00,4041.927
2026-05-29 20:00:00+01:00,4065.8
2026-05-29 20:30:00+01:00,4055.567
2026-05-29 21:00:00+01:00,4030.636
2026-05-29 21:30:00+01:00,3977.314
2026-05-29 22:00:00+01:00,3946.896
2026-05-29 22:30:00+01:00,3918.397
2026-05-29 23:00:00+01:00,3796.127
2026-05-29 23:30:00+01:00,3704.525
2026-05-30 00:00:00+01:00,3584.117
2026-05-30 00:30:00+01:00,3539.627
2026-05-30 01:00:00+01:00,3440.842
2026-05-30 01:30:00+01:00,3363.001
2026-05-30 02:00:00+01:00,3317.433
2026-05-30 02:30:00+01:00,3408.282
2026-05-30 03:00:00+01:00,3353.093
2026-05-30 03:30:00+01:00,3288.753
2026-05-30 04:00:00+01:00,3231.229
2026-05-30 04:30:00+01:00,3226.071
2026-05-30 05:00:00+01:00,3150.274
2026-05-30 05:30:00+01:00,3139.47
2026-05-30 06:00:00+01:00,3117.888
2026-05-30 06:30:00+01:00,3172.238
2026-05-30 07:00:00+01:00,3254.139
2026-05-30 07:30:00+01:00,3362.617
2026-05-30 08:00:00+01:00,3504.865
2026-05-30 08:30:00+01:00,3617.289
2026-05-30 09:00:00+01:00,3651.879
2026-05-30 09:30:00+01:00,3704.554
2026-05-30 10:00:00+01:00,3699.047
2026-05-30 10:30:00+01:00,3657.593
2026-05-30 11:00:00+01:00,3693.96
2026-05-30 11:30:00+01:00,3704.569
2026-05-30 12:00:00+01:00,3689.58
2026-05-30 12:30:00+01:00,3721.751
2026-05-30 13:00:00+01:00,3746.016
2026-05-30 13:30:00+01:00,3729.962
2026-05-30 14:00:00+01:00,3714.922
2026-05-30 14:30:00+01:00,3663.513
2026-05-30 15:00:00+01:00,3592.738
2026-05-30 15:30:00+01:00,3616.838
2026-05-30 16:00:00+01:00,3653.513
2026-05-30 16:30:00+01:00,3695.885
2026-05-30 17:00:00+01:00,3715.019
2026-05-30 17:30:00+01:00,3747.29
2026-05-30 18:00:00+01:00,3818.13
2026-05-30 18:30:00+01:00,3777.952
2026-05-30 19:00:00+01:00,3746.656
2026-05-30 19:30:00+01:00,3773.638
2026-05-30 20:00:00+01:00,3709.268
2026-05-30 20:30:00+01:00,3815.525
2026-05-30 21:00:00+01:00,3786.423
2026-05-30 21:30:00+01:00,3742.814
2026-05-30 22:00:00+01:00,3714.008
2026-05-30 22:30:00+01:00,3675.326
2026-05-30 23:00:00+01:00,3542.307
2026-05-30 23:30:00+01:00,3499.638
2026-05-31 00:00:00+01:00,3409.306
2026-05-31 00:30:00+01:00,3353.925
2026-05-31 01:00:00+01:00,3284.39
2026-05-31 01:30:00+01:00,3236.777
2026-05-31 02:00:00+01:00,3191.008
2026-05-31 02:30:00+01:00,3266.427
2026-05-31 03:00:00+01:00,3209.465
2026-05-31 03:30:00+01:00,3176.67
2026-05-31 04:00:00+01:00,3128.977
2026-05-31 04:30:00+01:00,3094.287
2026-05-31 05:00:00+01:00,3022.517
2026-05-31 05:30:00+01:00,3000.274
2026-05-31 06:00:00+01:00,3016.494
2026-05-31 06:30:00+01:00,3046.412
2026-05-31 07:00:00+01:00,3114.415
2026-05-31 07:30:00+01:00,3183.122
2026-05-31 08:00:00+01:00,3275.754
2026-05-31 08:30:00+01:00,3376.101
2026-05-31 09:00:00+01:00,3432.162
2026-05-31 09:30:00+01:00,3521.511
2026-05-31 10:00:00+01:00,3535.204
2026-05-31 10:30:00+01:00,3596.477
2026-05-31 11:00:00+01:00,3598.535
2026-05-31 11:30:00+01:00,3566.997
2026-05-31 12:00:00+01:00,3532.414
2026-05-31 12:30:00+01:00,3552.312
2026-05-31 13:00:00+01:00,3481.671
2026-05-31 13:30:00+01:00,3513.742
2026-05-31 14:00:00+01:00,3466.945
2026-05-31 14:30:00+01:00,3420.483
2026-05-31 15:00:00+01:00,3412.24
2026-05-31 15:30:00+01:00,3386.778
2026-05-31 16:00:00+01:00,3418.154
2026-05-31 16:30:00+01:00,3498.624
2026-05-31 17:00:00+01:00,3600.372
2026-05-31 17:30:00+01:00,3691.55
2026-05-31 18:00:00+01:00,3751.242
2026-05-31 18:30:00+01:00,3797.372
2026-05-31 19:00:00+01:00,3792.424
2026-05-31 19:30:00+01:00,3797.269
2026-05-31 20:00:00+01:00,3755.535
2026-05-31 20:30:00+01:00,3730.427
2026-05-31 21:00:00+01:00,3705.919
2026-05-31 21:30:00+01:00,3663.098
2026-05-31 22:00:00+01:00,3596.141
2026-05-31 22:30:00+01:00,3520.569
2026-05-31 23:00:00+01:00,3429.967
2026-05-31 23:30:00+01:00,3392.893
2026-06-01 00:00:00+01:00,3321.974
2026-06-01 00:30:00+01:00,3283.004
2026-06-01 01:00:00+01:00,3210.612
2026-06-01 01:30:00+01:00,3160.865
2026-06-01 02:00:00+01:00,3136.139
2026-06-01 02:30:00+01:00,3218.807
2026-06-01 03:00:00+01:00,3147.658
2026-06-01 03:30:00+01:00,3123.401
2026-06-01 04:00:00+01:00,3079.758
2026-06-01 04:30:00+01:00,3083.413
2026-06-01 05:00:00+01:00,3031.399
2026-06-01 05:30:00+01:00,2987.421
2026-06-01 06:00:00+01:00,3009.683
2026-06-01 06:30:00+01:00,3081.089
2026-06-01 07:00:00+01:00,3158.254
2026-06-01 07:30:00+01:00,3278.739
2026-06-01 08:00:00+01:00,3369.457
2026-06-01 08:30:00+01:00,3490.091
2026-06-01 09:00:00+01:00,3605.276
2026-06-01 09:30:00+01:00,3672.827
2026-06-01 10:00:00+01:00,3745.384
2026-06-01 10:30:00+01:00,3787.034
2026-06-01 11:00:00+01:00,3808.346
2026-06-01 11:30:00+01:00,3799.216
2026-06-01 12:00:00+01:00,3832.129
2026-06-01 12:30:00+01:00,3824.696
2026-06-01 13:00:00+01:00,3733.882
2026-06-01 13:30:00+01:00,3695.654
2026-06-01 14:00:00+01:00,3664.978
2026-06-01 14:30:00+01:00,3590.687
2026-06-01 15:00:00+01:00,3560.184
2026-06-01 15:30:00+01:00,3563.849
2026-06-01 16:00:00+01:00,3602.833
2026-06-01 16:30:00+01:00,3665.775
2026-06-01 17:00:00+01:00,3798.992
2026-06-01 17:30:00+01:00,3920.227
2026-06-01 18:00:00+01:00,3979.917
2026-06-01 18:30:00+01:00,3974.557
2026-06-01 19:00:00+01:00,3961.618
2026-06-01 19:30:00+01:00,3991.566
2026-06-01 20:00:00+01:00,3994.718
2026-06-01 20:30:00+01:00,3977.36
2026-06-01 21:00:00+01:00,3926.362
2026-06-01 21:30:00+01:00,3868.246
2026-06-01 22:00:00+01:00,3800.724
2026-06-01 22:30:00+01:00,3712.218
2026-06-01 23:00:00+01:00,3605.404
2026-06-01 23:30:00+01:00,3547.577
2026-06-02 00:00:00+01:00,3432.726
2026-06-02 00:30:00+01:00,3397.623
2026-06-02 01:00:00+01:00,3319.074
2026-06-02 01:30:00+01:00,3261.039
2026-06-02 02:00:00+01:00,3248.378
2026-06-02 02:30:00+01:00,3319.018
2026-06-02 03:00:00+01:00,3290.27
2026-06-02 03:30:00+01:00,3255.762
2026-06-02 04:00:00+01:00,3221.624
2026-06-02 04:30:00+01:00,3201.769
2026-06-02 05:00:00+01:00,3156.534
2026-06-02 05:30:00+01:00,3176.218
2026-06-02 06:00:00+01:00,3255.334
2026-06-02 06:30:00+01:00,3446.546
2026-06-02 07:00:00+01:00,3629.379
2026-06-02 07:30:00+01:00,3873.55
2026-06-02 08:00:00+01:00,4019.659
2026-06-02 08:30:00+01:00,4048.592
2026-06-02 09:00:00+01:00,4147.45
2026-06-02 09:30:00+01:00,4144.495
2026-06-02 10:00:00+01:00,4028.541
2026-06-02 10:30:00+01:00,3988.654
2026-06-02 11:00:00+01:00,3906.807
2026-06-02 11:30:00+01:00,3839.432
2026-06-02 12:00:00+01:00,3822.003
2026-06-02 12:30:00+01:00,3825.438
2026-06-02 13:00:00+01:00,3827.159
2026-06-02 13:30:00+01:00,3802.28
2026-06-02 14:00:00+01:00,3787.667
2026-06-02 14:30:00+01:00,3771.363
2026-06-02 15:00:00+01:00,3858.664
2026-06-02 15:30:00+01:00,3862.594
2026-06-02 16:00:00+01:00,3864.382
2026-06-02 16:30:00+01:00,3940.356
2026-06-02 17:00:00+01:00,4044.834
2026-06-02 17:30:00+01:00,4199.582
2026-06-02 18:00:00+01:00,4219.201
2026-06-02 18:30:00+01:00,4215.359
2026-06-02 19:00:00+01:00,4199.075
2026-06-02 19:30:00+01:00,4216.943
2026-06-02 20:00:00+01:00,4182.156
2026-06-02 20:30:00+01:00,4157.07
2026-06-02 21:00:00+01:00,4118.533
2026-06-02 21:30:00+01:00,4061.124
2026-06-02 22:00:00+01:00,3993.348
2026-06-02 22:30:00+01:00,3933.692
2026-06-02 23:00:00+01:00,3754.356
2026-06-02 23:30:00+01:00,3668.101
2026-06-03 00:00:00+01:00,3523.592
2026-06-03 00:30:00+01:00,3465.786
2026-06-03 01:00:00+01:00,3373.049
2026-06-03 01:30:00+01:00,3301.158
2026-06-03 02:00:00+01:00,3298.71
2026-06-03 02:30:00+01:00,3368.722
2026-06-03 03:00:00+01:00,3317.786
2026-06-03 03:30:00+01:00,3284.291
2026-06-03 04:00:00+01:00,3240.106
2026-06-03 04:30:00+01:00,3189.249
2026-06-03 05:00:00+01:00,3168.337
2026-06-03 05:30:00+01:00,3188.496
2026-06-03 06:00:00+01:00,3275.747
2026-06-03 06:30:00+01:00,3505.334
2026-06-03 07:00:00+01:00,3692.693
2026-06-03 07:30:00+01:00,3919.69
2026-06-03 08:00:00+01:00,4024.748
2026-06-03 08:30:00+01:00,4117.734
2026-06-03 09:00:00+01:00,4075.357
2026-06-03 09:30:00+01:00,4100.585
2026-06-03 10:00:00+01:00,3970.107
2026-06-03 10:30:00+01:00,3952.45
2026-06-03 11:00:00+01:00,3961.09
2026-06-03 11:30:00+01:00,3873.473
2026-06-03 12:00:00+01:00,3847.375
2026-06-03 12:30:00+01:00,3864.361
2026-06-03 13:00:00+01:00,3905.262
2026-06-03 13:30:00+01:00,3787.519
2026-06-03 14:00:00+01:00,3859.409
2026-06-03 14:30:00+01:00,3826.754
2026-06-03 15:00:00+01:00,3801.772
2026-06-03 15:30:00+01:00,3850.383
2026-06-03 16:00:00+01:00,3897.658
2026-06-03 16:30:00+01:00,3940.66
2026-06-03 17:00:00+01:00,4085.241
2026-06-03 17:30:00+01:00,4146.734
2026-06-03 19:00:00+01:00,4259.502
2026-06-03 19:30:00+01:00,4228.253
2026-06-03 20:00:00+01:00,4202.983
2026-06-03 20:30:00+01:00,4177.154
2026-06-03 21:00:00+01:00,4110.186
2026-06-03 21:30:00+01:00,4014.577
2026-06-03 22:00:00+01:00,3955.705
2026-06-03 22:30:00+01:00,3868.465
2026-06-03 23:00:00+01:00,3721.899
2026-06-03 23:30:00+01:00,3625.196
2026-06-04 00:00:00+01:00,3513.956
2026-06-04 00:30:00+01:00,3448.019
2026-06-04 01:00:00+01:00,3363.086
2026-06-04 01:30:00+01:00,3303.571
2026-06-04 02:00:00+01:00,3272.537
2026-06-04 02:30:00+01:00,3385.944
2026-06-04 03:00:00+01:00,3347.407
2026-06-04 03:30:00+01:00,3286.242
2026-06-04 04:00:00+01:00,3220.416
2026-06-04 04:30:00+01:00,3200.479
2026-06-04 05:00:00+01:00,3159.188
2026-06-04 05:30:00+01:00,3179.911
2026-06-04 06:00:00+01:00,3253.642
2026-06-04 06:30:00+01:00,3413.319
2026-06-04 07:00:00+01:00,3629.929
2026-06-04 07:30:00+01:00,3873.947
2026-06-04 08:00:00+01:00,4016.166
2026-06-04 08:30:00+01:00,4101.76
2026-06-04 09:00:00+01:00,4041.419
2026-06-04 09:30:00+01:00,4073.502
2026-06-04 11:00:00+01:00,3876.224
2026-06-04 11:30:00+01:00,3805.851
2026-06-04 12:00:00+01:00,3758.075
2026-06-04 12:30:00+01:00,3716.116
2026-06-04 15:00:00+01:00,3618.822
2026-06-04 15:30:00+01:00,3705.998
2026-06-04 16:00:00+01:00,3752.851
2026-06-04 16:30:00+01:00,3828.758
2026-06-04 17:00:00+01:00,3931.867
2026-06-04 17:30:00+01:00,4034.17
2026-06-04 18:00:00+01:00,4082.837
2026-06-04 18:30:00+01:00,4123.746
2026-06-04 19:00:00+01:00,4163.133
2026-06-04 19:30:00+01:00,4156.859
2026-06-04 20:00:00+01:00,4155.619
2026-06-04 20:30:00+01:00,4132.752
2026-06-04 21:00:00+01:00,4086.166
2026-06-04 21:30:00+01:00,4049.756
2026-06-04 22:00:00+01:00,3979.503
2026-06-04 22:30:00+01:00,3906.04
2026-06-04 23:00:00+01:00,3794.109
2026-06-04 23:30:00+01:00,3658.683
2026-06-05 00:00:00+01:00,3548.75
2026-06-05 00:30:00+01:00,3491.267
2026-06-05 01:00:00+01:00,3385.755
2026-06-05 01:30:00+01:00,3353.914
2026-06-05 02:00:00+01:00,3325.756
2026-06-05 02:30:00+01:00,3419.376
2026-06-05 03:00:00+01:00,3378.671
2026-06-05 03:30:00+01:00,3331.762
2026-06-05 04:00:00+01:00,3287.254
2026-06-05 04:30:00+01:00,3242.106
2026-06-05 06:00:00+01:00,3329.356
2026-06-05 06:30:00+01:00,3472.517
2026-06-05 07:00:00+01:00,3664.62
2026-06-05 07:30:00+01:00,3931.374
2026-06-05 08:00:00+01:00,4081.414
2026-06-05 08:30:00+01:00,4116.909
2026-06-05 09:00:00+01:00,4055.502
2026-06-05 09:30:00+01:00,3929.114
2026-06-05 10:00:00+01:00,3838.26
2026-06-05 10:30:00+01:00,3745.861
2026-06-05 11:00:00+01:00,3763.466
2026-06-05 11:30:00+01:00,3760.912
2026-06-05 14:00:00+01:00,3688.37
2026-06-05 14:30:00+01:00,3675.644
2026-06-05 15:00:00+01:00,3669.152
2026-06-05 15:30:00+01:00,3772.75
2026-06-05 16:00:00+01:00,3824.507
2026-06-05 16:30:00+01:00,4004.304
2026-06-05 17:00:00+01:00,4116.798
2026-06-05 17:30:00+01:00,4202.089
2026-06-05 19:00:00+01:00,4219.952
2026-06-05 19:30:00+01:00,4219.0
2026-06-05 20:00:00+01:00,4184.864
2026-06-05 20:30:00+01:00,4166.48
2026-06-05 21:00:00+01:00,4112.918
2026-06-05 21:30:00+01:00,4032.133
2026-06-05 22:00:00+01:00,3990.992
2026-06-05 22:30:00+01:00,3886.431
2026-06-05 23:00:00+01:00,3748.457
2026-06-05 23:30:00+01:00,3687.354
2026-06-06 00:00:00+01:00,3556.665
2026-06-06 00:30:00+01:00,3481.87
2026-06-06 01:00:00+01:00,3380.371
2026-06-06 01:30:00+01:00,3330.375
2026-06-06 02:00:00+01:00,3276.007
2026-06-06 02:30:00+01:00,3372.223
2026-06-06 03:00:00+01:00,3337.804
2026-06-06 03:30:00+01:00,3307.64
2026-06-06 04:00:00+01:00,3263.761
2026-06-06 04:30:00+01:00,3226.482
2026-06-06 05:00:00+01:00,3177.198
2026-06-06 05:30:00+01:00,3157.613
2026-06-06 06:00:00+01:00,3160.075
2026-06-06 06:30:00+01:00,3241.072
2026-06-06 07:00:00+01:00,3285.216
2026-06-06 07:30:00+01:00,3419.143
2026-06-06 08:00:00+01:00,3519.029
2026-06-06 08:30:00+01:00,3667.522
2026-06-06 09:00:00+01:00,3790.74
2026-06-06 09:30:00+01:00,3834.894
2026-06-06 10:00:00+01:00,3829.294
2026-06-06 10:30:00+01:00,3818.41
2026-06-06 11:00:00+01:00,3780.639
2026-06-06 11:30:00+01:00,3775.988
2026-06-06 12:00:00+01:00,3785.594
2026-06-06 12:30:00+01:00,3790.65
2026-06-06 13:00:00+01:00,3812.4
2026-06-06 13:30:00+01:00,3741.256
2026-06-06 14:00:00+01:00,3735.123
2026-06-06 14:30:00+01:00,3732.858
2026-06-06 15:00:00+01:00,3715.329
2026-06-06 15:30:00+01:00,3660.921
2026-06-06 16:00:00+01:00,3662.891
2026-06-06 16:30:00+01:00,3714.438
2026-06-06 17:00:00+01:00,3754.307
2026-06-06 17:30:00+01:00,3870.592
2026-06-06 18:00:00+01:00,3868.431
2026-06-06 18:30:00+01:00,3875.342
2026-06-06 19:00:00+01:00,3896.274
2026-06-06 19:30:00+01:00,3869.476
2026-06-06 20:00:00+01:00,3846.271
2026-06-06 20:30:00+01:00,3821.975
2026-06-06 21:00:00+01:00,3774.928
2026-06-06 21:30:00+01:00,3779.302
2026-06-06 22:00:00+01:00,3737.092
2026-06-06 22:30:00+01:00,3667.9
2026-06-06 23:00:00+01:00,3538.891
2026-06-06 23:30:00+01:00,3484.209
2026-06-07 00:00:00+01:00,3390.615
2026-06-07 00:30:00+01:00,3364.004
2026-06-07 01:00:00+01:00,3243.693
2026-06-07 01:30:00+01:00,3183.218
2026-06-07 02:00:00+01:00,3162.711
2026-06-07 02:30:00+01:00,3278.993
2026-06-07 03:00:00+01:00,3191.491
2026-06-07 03:30:00+01:00,3146.542
2026-06-07 04:00:00+01:00,3092.28
2026-06-07 04:30:00+01:00,3058.586
2026-06-07 05:00:00+01:00,3012.941
2026-06-07 05:30:00+01:00,2992.532
2026-06-07 06:00:00+01:00,2995.212
2026-06-07 06:30:00+01:00,3022.641
2026-06-07 07:00:00+01:00,3076.261
2026-06-07 07:30:00+01:00,3139.959
2026-06-07 08:00:00+01:00,3240.149
2026-06-07 08:30:00+01:00,3337.848
2026-06-07 09:00:00+01:00,3452.089
2026-06-07 09:30:00+01:00,3558.102
2026-06-07 10:00:00+01:00,3634.243
2026-06-07 10:30:00+01:00,3703.13
2026-06-07 11:00:00+01:00,3725.547
2026-06-07 11:30:00+01:00,3753.332
2026-06-07 12:00:00+01:00,3757.455
2026-06-07 12:30:00+01:00,3779.706
2026-06-07 13:00:00+01:00,3770.067
2026-06-07 13:30:00+01:00,3757.84
2026-06-07 14:00:00+01:00,3702.945
2026-06-07 14:30:00+01:00,3687.648
2026-06-07 15:00:00+01:00,3696.082
2026-06-07 15:30:00+01:00,3663.802
2026-06-07 16:00:00+01:00,3749.581
2026-06-07 16:30:00+01:00,3810.947
2026-06-07 17:00:00+01:00,3883.22
2026-06-07 17:30:00+01:00,3989.395
2026-06-07 18:00:00+01:00,4031.23
2026-06-07 18:30:00+01:00,4078.366
2026-06-07 19:00:00+01:00,4063.544
2026-06-07 19:30:00+01:00,4066.67
2026-06-07 20:00:00+01:00,4063.733
2026-06-07 20:30:00+01:00,4022.67
2026-06-07 21:00:00+01:00,3974.507
2026-06-07 21:30:00+01:00,3867.837
2026-06-07 22:00:00+01:00,3798.356
2026-06-07 22:30:00+01:00,3710.638
2026-06-07 23:00:00+01:00,3577.602
2026-06-07 23:30:00+01:00,3485.926
2026-06-08 00:00:00+01:00,3383.545
2026-06-08 00:30:00+01:00,3320.126
2026-06-08 01:00:00+01:00,3227.837
2026-06-08 01:30:00+01:00,3184.403
2026-06-08 02:00:00+01:00,3162.814
2026-06-08 02:30:00+01:00,3252.464
2026-06-08 03:00:00+01:00,3203.569
2026-06-08 03:30:00+01:00,3172.613
2026-06-08 04:00:00+01:00,3102.407
2026-06-08 04:30:00+01:00,3096.535
2026-06-08 05:00:00+01:00,3083.168
2026-06-08 05:30:00+01:00,3114.644
2026-06-08 06:00:00+01:00,3197.727
2026-06-08 06:30:00+01:00,3377.837
2026-06-08 07:00:00+01:00,3577.256
2026-06-08 07:30:00+01:00,3842.281
2026-06-08 08:00:00+01:00,3954.48
2026-06-08 08:30:00+01:00,3995.646
2026-06-08 09:00:00+01:00,3949.76
2026-06-08 09:30:00+01:00,3924.495
2026-06-08 10:00:00+01:00,3886.718
2026-06-08 10:30:00+01:00,3833.271
2026-06-08 11:00:00+01:00,3801.471
2026-06-08 11:30:00+01:00,3773.267
2026-06-08 12:00:00+01:00,3731.718
2026-06-08 12:30:00+01:00,3764.605
2026-06-08 13:00:00+01:00,3773.485
2026-06-08 13:30:00+01:00,3631.826
2026-06-08 14:00:00+01:00,3693.488
2026-06-08 14:30:00+01:00,3665.739
2026-06-08 15:00:00+01:00,3692.519
2026-06-08 15:30:00+01:00,3713.099
2026-06-08 16:00:00+01:00,3783.251
2026-06-08 16:30:00+01:00,3844.681
2026-06-08 17:00:00+01:00,3943.795
2026-06-08 17:30:00+01:00,4026.776
2026-06-08 18:00:00+01:00,4086.972
2026-06-08 18:30:00+01:00,4113.748
2026-06-08 19:00:00+01:00,4099.628
2026-06-08 19:30:00+01:00,4141.571
2026-06-08 20:00:00+01:00,4136.872
2026-06-08 20:30:00+01:00,4105.37
2026-06-08 21:00:00+01:00,4082.538
2026-06-08 21:30:00+01:00,3990.439
2026-06-08 22:00:00+01:00,3880.774
2026-06-08 22:30:00+01:00,3838.86
2026-06-08 23:00:00+01:00,3734.125
2026-06-08 23:30:00+01:00,3638.331
2026-06-09 00:00:00+01:00,3527.368
2026-06-09 00:30:00+01:00,3449.545
2026-06-09 01:00:00+01:00,3342.604
2026-06-09 01:30:00+01:00,3296.04
2026-06-09 02:00:00+01:00,3254.007
2026-06-09 02:30:00+01:00,3345.27
2026-06-09 03:00:00+01:00,3359.184
2026-06-09 03:30:00+01:00,3329.99
2026-06-09 04:00:00+01:00,3307.981
2026-06-09 04:30:00+01:00,3261.314
2026-06-09 05:00:00+01:00,3201.705
2026-06-09 05:30:00+01:00,3183.69
2026-06-09 06:00:00+01:00,3294.927
2026-06-09 06:30:00+01:00,3456.378
2026-06-09 07:00:00+01:00,3597.36
2026-06-09 07:30:00+01:00,3656.006
2026-06-09 08:00:00+01:00,3658.467
2026-06-09 08:30:00+01:00,3810.82
2026-06-09 09:00:00+01:00,3951.361
2026-06-09 09:30:00+01:00,3993.881
2026-06-09 10:00:00+01:00,3954.871
2026-06-09 10:30:00+01:00,3940.479
2026-06-09 11:00:00+01:00,3895.764
2026-06-09 11:30:00+01:00,3882.784
2026-06-09 12:00:00+01:00,3770.79
2026-06-09 12:30:00+01:00,3700.507
2026-06-09 13:00:00+01:00,3681.159
2026-06-09 13:30:00+01:00,3668.43
2026-06-09 15:00:00+01:00,3491.635
2026-06-09 15:30:00+01:00,3555.658
2026-06-09 16:00:00+01:00,3700.572
2026-06-09 16:30:00+01:00,3833.66
2026-06-09 17:00:00+01:00,3819.451
2026-06-09 17:30:00+01:00,3846.711
2026-06-09 18:00:00+01:00,3732.823
2026-06-09 18:30:00+01:00,3645.567
2026-06-09 19:00:00+01:00,3651.078
2026-06-09 19:30:00+01:00,4210.796
2026-06-09 20:00:00+01:00,4222.656
2026-06-09 20:30:00+01:00,4191.29
2026-06-09 21:00:00+01:00,4181.338
2026-06-09 21:30:00+01:00,4083.712
2026-06-09 22:00:00+01:00,4012.778
2026-06-09 22:30:00+01:00,3932.744
2026-06-09 23:00:00+01:00,3787.629
2026-06-09 23:30:00+01:00,3685.085
2026-06-10 00:00:00+01:00,3558.079
2026-06-10 00:30:00+01:00,3504.798
2026-06-10 01:00:00+01:00,3388.244
2026-06-10 01:30:00+01:00,3339.368
2026-06-10 02:00:00+01:00,3320.165
2026-06-10 02:30:00+01:00,3396.971
2026-06-10 03:00:00+01:00,3345.958
2026-06-10 03:30:00+01:00,3321.782
2026-06-10 04:00:00+01:00,3269.669
2026-06-10 04:30:00+01:00,3237.304
2026-06-10 05:00:00+01:00,3214.132
2026-06-10 05:30:00+01:00,3233.109
2026-06-10 06:00:00+01:00,3345.884
2026-06-10 06:30:00+01:00,3522.216
2026-06-10 07:00:00+01:00,3725.254
2026-06-10 07:30:00+01:00,3943.007
2026-06-10 08:00:00+01:00,4069.687
2026-06-10 08:30:00+01:00,4101.065
2026-06-10 09:00:00+01:00,4099.488
2026-06-10 09:30:00+01:00,4099.916
2026-06-10 10:00:00+01:00,4006.351
2026-06-10 10:30:00+01:00,3934.621
2026-06-10 11:00:00+01:00,3903.554
2026-06-10 11:30:00+01:00,3877.784
2026-06-10 12:00:00+01:00,3766.046
2026-06-10 12:30:00+01:00,3777.876
2026-06-10 13:00:00+01:00,3792.846
2026-06-10 13:30:00+01:00,3739.803
2026-06-10 14:00:00+01:00,3781.417
2026-06-10 14:30:00+01:00,3760.741
2026-06-10 15:00:00+01:00,3732.032
2026-06-10 15:30:00+01:00,3770.45
2026-06-10 16:00:00+01:00,3834.978
2026-06-10 16:30:00+01:00,3919.258
2026-06-10 17:00:00+01:00,4013.902
2026-06-10 17:30:00+01:00,4141.958
2026-06-10 18:00:00+01:00,4180.22
2026-06-10 18:30:00+01:00,4179.728
2026-06-10 19:00:00+01:00,4176.156
2026-06-10 19:30:00+01:00,4192.944
2026-06-10 20:00:00+01:00,4216.171
2026-06-10 20:30:00+01:00,4206.474
2026-06-10 21:00:00+01:00,4178.965
2026-06-10 21:30:00+01:00,4097.928
2026-06-10 22:00:00+01:00,4025.668
2026-06-10 22:30:00+01:00,3960.026
2026-06-10 23:00:00+01:00,3805.158
2026-06-10 23:30:00+01:00,3709.292
2026-06-11 00:00:00+01:00,3558.262
2026-06-11 00:30:00+01:00,3520.479
2026-06-11 01:00:00+01:00,3423.511
2026-06-11 01:30:00+01:00,3341.714
2026-06-11 02:00:00+01:00,3325.79
2026-06-11 02:30:00+01:00,3406.495
2026-06-11 03:00:00+01:00,3346.834
2026-06-11 03:30:00+01:00,3321.384
2026-06-11 04:00:00+01:00,3233.868
2026-06-11 04:30:00+01:00,3240.921
2026-06-11 05:00:00+01:00,3255.767
2026-06-11 05:30:00+01:00,3274.963
2026-06-11 06:00:00+01:00,3354.741
2026-06-11 06:30:00+01:00,3529.564
2026-06-11 07:00:00+01:00,3745.167
2026-06-11 07:30:00+01:00,4002.985
2026-06-11 08:00:00+01:00,4182.171
2026-06-11 08:30:00+01:00,4272.713
2026-06-11 09:00:00+01:00,4321.1
2026-06-11 09:30:00+01:00,4354.468
2026-06-11 10:00:00+01:00,4330.42
2026-06-11 10:30:00+01:00,4279.412
2026-06-11 11:00:00+01:00,4199.888
2026-06-11 11:30:00+01:00,4218.975
2026-06-11 12:00:00+01:00,4145.381
2026-06-11 12:30:00+01:00,4205.943
2026-06-11 13:00:00+01:00,4209.646
2026-06-11 13:30:00+01:00,4164.195
2026-06-11 14:00:00+01:00,4178.422
2026-06-11 14:30:00+01:00,4146.856
2026-06-11 15:00:00+01:00,4117.153
2026-06-11 15:30:00+01:00,4085.991
2026-06-11 16:00:00+01:00,4087.131
2026-06-11 16:30:00+01:00,4159.228
2026-06-11 17:00:00+01:00,4236.728
2026-06-11 17:30:00+01:00,4342.938
2026-06-11 18:00:00+01:00,4365.854
2026-06-11 18:30:00+01:00,4381.09
2026-06-11 19:00:00+01:00,4373.524
2026-06-11 19:30:00+01:00,4330.453
2026-06-11 20:00:00+01:00,4289.594
2026-06-11 20:30:00+01:00,4226.648
2026-06-11 21:00:00+01:00,4177.496
2026-06-11 21:30:00+01:00,4077.972
2026-06-11 22:00:00+01:00,3971.648
2026-06-11 22:30:00+01:00,3937.358
2026-06-11 23:00:00+01:00,3825.321
2026-06-11 23:30:00+01:00,3721.408
2026-06-12 00:00:00+01:00,3599.733
2026-06-12 00:30:00+01:00,3546.365
2026-06-12 01:00:00+01:00,3449.954
2026-06-12 01:30:00+01:00,3418.433
2026-06-12 02:00:00+01:00,3377.074
2026-06-12 02:30:00+01:00,3455.644
2026-06-12 03:00:00+01:00,3391.347
2026-06-12 03:30:00+01:00,3389.653
2026-06-12 04:00:00+01:00,3334.533
2026-06-12 04:30:00+01:00,3299.394
2026-06-12 05:00:00+01:00,3247.848
2026-06-12 05:30:00+01:00,3271.09
2026-06-12 06:00:00+01:00,3347.674
2026-06-12 06:30:00+01:00,3505.246
2026-06-12 07:00:00+01:00,3671.22
2026-06-12 07:30:00+01:00,3941.76
2026-06-12 08:00:00+01:00,4133.314
2026-06-12 08:30:00+01:00,4188.454
2026-06-12 09:00:00+01:00,4061.933
2026-06-12 09:30:00+01:00,4036.049
2026-06-12 10:00:00+01:00,3939.972
2026-06-12 10:30:00+01:00,3878.171
2026-06-12 11:00:00+01:00,3818.38
2026-06-12 11:30:00+01:00,3766.448
2026-06-12 12:00:00+01:00,3711.406
2026-06-12 12:30:00+01:00,3695.657
2026-06-12 13:00:00+01:00,3656.495
2026-06-12 13:30:00+01:00,3582.304
2026-06-12 14:00:00+01:00,3550.529
2026-06-12 14:30:00+01:00,3524.077
2026-06-12 15:00:00+01:00,3532.741
2026-06-12 15:30:00+01:00,3560.834
2026-06-12 16:00:00+01:00,3581.035
2026-06-12 16:30:00+01:00,3673.673
2026-06-12 17:00:00+01:00,3752.856
2026-06-12 17:30:00+01:00,3869.338
2026-06-12 19:00:00+01:00,3999.952
2026-06-12 19:30:00+01:00,4013.848
2026-06-12 20:00:00+01:00,3992.919
2026-06-12 20:30:00+01:00,3963.32
2026-06-12 21:00:00+01:00,3944.047
2026-06-12 21:30:00+01:00,3863.821
2026-06-12 22:00:00+01:00,3806.157
2026-06-12 22:30:00+01:00,3781.863
2026-06-12 23:00:00+01:00,3698.305
2026-06-12 23:30:00+01:00,3655.414
2026-06-13 00:00:00+01:00,3538.992
2026-06-13 00:30:00+01:00,3496.803
2026-06-13 01:00:00+01:00,3403.435
2026-06-13 01:30:00+01:00,3342.012
2026-06-13 02:00:00+01:00,3318.09
2026-06-13 02:30:00+01:00,3385.411
2026-06-13 03:00:00+01:00,3299.505
2026-06-13 03:30:00+01:00,3254.153
2026-06-13 04:00:00+01:00,3199.668
2026-06-13 04:30:00+01:00,3195.576
2026-06-13 05:00:00+01:00,3129.995
2026-06-13 05:30:00+01:00,3092.476
2026-06-13 06:00:00+01:00,3102.705
2026-06-13 06:30:00+01:00,3163.722
2026-06-13 07:00:00+01:00,3262.313
2026-06-13 07:30:00+01:00,3356.812
2026-06-13 08:00:00+01:00,3434.218
2026-06-13 08:30:00+01:00,3557.86
2026-06-13 09:00:00+01:00,3591.507
2026-06-13 09:30:00+01:00,3631.752
2026-06-13 10:00:00+01:00,3625.799
2026-06-13 10:30:00+01:00,3607.322
2026-06-13 11:00:00+01:00,3560.022
2026-06-13 11:30:00+01:00,3484.489
2026-06-13 12:00:00+01:00,3432.47
2026-06-13 12:30:00+01:00,3407.678
2026-06-13 13:00:00+01:00,3392.473
2026-06-13 13:30:00+01:00,3328.072
2026-06-13 14:00:00+01:00,3283.776
2026-06-13 14:30:00+01:00,3259.604
2026-06-13 15:00:00+01:00,3247.208
2026-06-13 15:30:00+01:00,3276.917
2026-06-13 16:00:00+01:00,3293.891
2026-06-13 16:30:00+01:00,3335.794
2026-06-13 17:00:00+01:00,3424.809
2026-06-13 17:30:00+01:00,3543.172
2026-06-13 18:00:00+01:00,3637.776
2026-06-13 18:30:00+01:00,3705.514
2026-06-13 19:00:00+01:00,3735.229
2026-06-13 19:30:00+01:00,3752.317
2026-06-13 20:00:00+01:00,3776.008
2026-06-13 20:30:00+01:00,3799.844
2026-06-13 21:00:00+01:00,3779.469
2026-06-13 21:30:00+01:00,3737.454
2026-06-13 22:00:00+01:00,3703.382
2026-06-13 22:30:00+01:00,3673.582
2026-06-13 23:00:00+01:00,3577.238
2026-06-13 23:30:00+01:00,3525.581
2026-06-14 00:00:00+01:00,3445.285
2026-06-14 00:30:00+01:00,3403.978
2026-06-14 01:00:00+01:00,3321.378
2026-06-14 01:30:00+01:00,3270.055
2026-06-14 02:00:00+01:00,3254.781
2026-06-14 02:30:00+01:00,3311.813
2026-06-14 03:00:00+01:00,3260.087
2026-06-14 03:30:00+01:00,3231.178
2026-06-14 04:00:00+01:00,3183.114
2026-06-14 04:30:00+01:00,3127.765
2026-06-14 05:00:00+01:00,3067.06
2026-06-14 05:30:00+01:00,3030.714
2026-06-14 06:00:00+01:00,3018.366
2026-06-14 06:30:00+01:00,3047.87
2026-06-14 07:00:00+01:00,3100.522
2026-06-14 07:30:00+01:00,3162.904
2026-06-14 08:00:00+01:00,3243.79
2026-06-14 08:30:00+01:00,3331.246
2026-06-14 09:00:00+01:00,3367.331
2026-06-14 09:30:00+01:00,3388.824
2026-06-14 10:00:00+01:00,3421.208
2026-06-14 10:30:00+01:00,3441.255
2026-06-14 11:00:00+01:00,3365.146
2026-06-14 11:30:00+01:00,3311.754
2026-06-14 12:00:00+01:00,3267.021
2026-06-14 12:30:00+01:00,3252.217
2026-06-14 13:00:00+01:00,3228.064
2026-06-14 13:30:00+01:00,3202.913
2026-06-14 14:00:00+01:00,3154.56
2026-06-14 14:30:00+01:00,3153.119
2026-06-14 15:00:00+01:00,3131.929
2026-06-14 15:30:00+01:00,3143.83
2026-06-14 16:00:00+01:00,3198.729
2026-06-14 16:30:00+01:00,3280.25
2026-06-14 17:00:00+01:00,3382.846
2026-06-14 17:30:00+01:00,3535.517
2026-06-14 18:00:00+01:00,3645.673
2026-06-14 18:30:00+01:00,3710.648
2026-06-14 19:00:00+01:00,3760.03
2026-06-14 19:30:00+01:00,3797.203
2026-06-14 20:00:00+01:00,3814.151
2026-06-14 20:30:00+01:00,3817.879
2026-06-14 21:00:00+01:00,3797.872
2026-06-14 21:30:00+01:00,3715.553
2026-06-14 22:00:00+01:00,3652.878
2026-06-14 22:30:00+01:00,3632.72
2026-06-14 23:00:00+01:00,3524.013
2026-06-14 23:30:00+01:00,3474.767
2026-06-15 00:00:00+01:00,3360.824
2026-06-15 00:30:00+01:00,3318.556
2026-06-15 01:00:00+01:00,3226.608
2026-06-15 01:30:00+01:00,3159.496
2026-06-15 02:00:00+01:00,3122.401
2026-06-15 02:30:00+01:00,3203.251
2026-06-15 03:00:00+01:00,3146.341
2026-06-15 03:30:00+01:00,3126.324
2026-06-15 04:00:00+01:00,3100.527
2026-06-15 04:30:00+01:00,3074.659
2026-06-15 05:00:00+01:00,3053.399
2026-06-15 05:30:00+01:00,3083.954
2026-06-15 06:00:00+01:00,3172.833
2026-06-15 06:30:00+01:00,3329.773
2026-06-15 07:00:00+01:00,3528.072
2026-06-15 07:30:00+01:00,3781.673
2026-06-15 08:00:00+01:00,3957.3
2026-06-15 08:30:00+01:00,4082.229
2026-06-15 09:00:00+01:00,4092.888
2026-06-15 09:30:00+01:00,4097.426
2026-06-15 10:00:00+01:00,3991.847
2026-06-15 10:30:00+01:00,3986.082
2026-06-15 11:00:00+01:00,3892.254
2026-06-15 11:30:00+01:00,3870.779
2026-06-15 12:00:00+01:00,3893.568
2026-06-15 12:30:00+01:00,3907.068
2026-06-15 13:00:00+01:00,3922.883
2026-06-15 13:30:00+01:00,3913.132
2026-06-15 14:00:00+01:00,4002.735
2026-06-15 14:30:00+01:00,3991.869
2026-06-15 15:00:00+01:00,4044.034
2026-06-15 15:30:00+01:00,4120.138
2026-06-15 16:00:00+01:00,4140.578
2026-06-15 16:30:00+01:00,4194.337
2026-06-15 17:00:00+01:00,4339.556
2026-06-15 17:30:00+01:00,4410.866
2026-06-15 18:00:00+01:00,4384.245
2026-06-15 18:30:00+01:00,4184.781
2026-06-15 19:00:00+01:00,4110.734
2026-06-15 19:30:00+01:00,4105.187
2026-06-15 20:00:00+01:00,4090.345
2026-06-15 20:30:00+01:00,4024.142
2026-06-15 21:00:00+01:00,4020.741
2026-06-15 21:30:00+01:00,3941.243
2026-06-15 22:00:00+01:00,4004.603
2026-06-15 22:30:00+01:00,3963.314
2026-06-15 23:00:00+01:00,3814.611
2026-06-15 23:30:00+01:00,3744.441
2026-06-16 00:00:00+01:00,3620.916
2026-06-16 00:30:00+01:00,3578.536
2026-06-16 01:00:00+01:00,3478.34
2026-06-16 01:30:00+01:00,3411.492
2026-06-16 02:00:00+01:00,3382.111
2026-06-16 02:30:00+01:00,3455.744
2026-06-16 03:00:00+01:00,3429.999
2026-06-16 03:30:00+01:00,3398.769
2026-06-16 04:00:00+01:00,3340.02
2026-06-16 04:30:00+01:00,3298.529
2026-06-16 05:00:00+01:00,3224.708
2026-06-16 05:30:00+01:00,3263.97
2026-06-16 06:00:00+01:00,3351.725
2026-06-16 06:30:00+01:00,3528.912
2026-06-16 07:00:00+01:00,3739.761
2026-06-16 07:30:00+01:00,4012.61
2026-06-16 08:00:00+01:00,4141.142
2026-06-16 08:30:00+01:00,4082.748
2026-06-16 09:00:00+01:00,4092.16
2026-06-16 09:30:00+01:00,4087.048
2026-06-16 10:00:00+01:00,4056.269
2026-06-16 10:30:00+01:00,3954.913
2026-06-16 11:00:00+01:00,4043.726
2026-06-16 11:30:00+01:00,3991.178
2026-06-16 12:00:00+01:00,3962.544
2026-06-16 12:30:00+01:00,3929.934
2026-06-16 13:00:00+01:00,3985.628
2026-06-16 13:30:00+01:00,3881.293
2026-06-16 14:00:00+01:00,3873.984
2026-06-16 14:30:00+01:00,3968.065
2026-06-16 15:00:00+01:00,4043.248
2026-06-16 15:30:00+01:00,4072.299
2026-06-16 16:00:00+01:00,4109.842
2026-06-16 16:30:00+01:00,4210.513
2026-06-16 17:00:00+01:00,4311.441
2026-06-16 17:30:00+01:00,4429.316
2026-06-16 18:00:00+01:00,4429.29
2026-06-16 18:30:00+01:00,4406.55
2026-06-16 19:00:00+01:00,4375.722
2026-06-16 19:30:00+01:00,4345.682
2026-06-16 20:00:00+01:00,4299.487
2026-06-16 20:30:00+01:00,4232.683
2026-06-16 21:00:00+01:00,4195.492
2026-06-16 21:30:00+01:00,4065.521
2026-06-16 22:00:00+01:00,3959.555
2026-06-16 22:30:00+01:00,3886.174
2026-06-16 23:00:00+01:00,3750.137
2026-06-16 23:30:00+01:00,3646.877
2026-06-17 00:00:00+01:00,3553.092
2026-06-17 00:30:00+01:00,3507.139
2026-06-17 01:00:00+01:00,3417.097
2026-06-17 01:30:00+01:00,3372.493
2026-06-17 02:00:00+01:00,3355.564
2026-06-17 02:30:00+01:00,3450.537
2026-06-17 03:00:00+01:00,3396.937
2026-06-17 03:30:00+01:00,3359.459
2026-06-17 04:00:00+01:00,3302.425
2026-06-17 04:30:00+01:00,3230.525
2026-06-17 05:00:00+01:00,3214.822
2026-06-17 05:30:00+01:00,3237.01
2026-06-17 06:00:00+01:00,3327.937
2026-06-17 06:30:00+01:00,3509.019
2026-06-17 07:00:00+01:00,3706.395
2026-06-17 07:30:00+01:00,3924.66
2026-06-17 08:00:00+01:00,4038.593
2026-06-17 08:30:00+01:00,4082.122
2026-06-17 09:00:00+01:00,4064.123
2026-06-17 09:30:00+01:00,4041.348
2026-06-17 10:00:00+01:00,3957.553
2026-06-17 10:30:00+01:00,3897.684
2026-06-17 11:00:00+01:00,3869.827
2026-06-17 11:30:00+01:00,3808.173
2026-06-17 12:00:00+01:00,3792.771
2026-06-17 12:30:00+01:00,3803.947
2026-06-17 13:00:00+01:00,3806.034
2026-06-17 13:30:00+01:00,3724.85
2026-06-17 14:00:00+01:00,3763.7
2026-06-17 14:30:00+01:00,3796.585
2026-06-17 15:00:00+01:00,3821.705
2026-06-17 15:30:00+01:00,3870.901
2026-06-17 16:00:00+01:00,3957.945
2026-06-17 16:30:00+01:00,4033.288
2026-06-17 17:00:00+01:00,4080.262
2026-06-17 17:30:00+01:00,4150.24
2026-06-17 18:00:00+01:00,4171.2
2026-06-17 18:30:00+01:00,4163.115
2026-06-17 19:00:00+01:00,4159.279
2026-06-17 19:30:00+01:00,4115.429
2026-06-17 20:00:00+01:00,4090.286
2026-06-17 20:30:00+01:00,4132.13
2026-06-17 21:00:00+01:00,4098.493
2026-06-17 21:30:00+01:00,4014.4
2026-06-17 22:00:00+01:00,3952.267
2026-06-17 22:30:00+01:00,3854.904
2026-06-17 23:00:00+01:00,3728.174
2026-06-17 23:30:00+01:00,3690.86
2026-06-18 00:00:00+01:00,3567.909
2026-06-18 00:30:00+01:00,3516.49
2026-06-18 01:00:00+01:00,3443.694
2026-06-18 01:30:00+01:00,3385.559
2026-06-18 02:00:00+01:00,3346.752
2026-06-18 02:30:00+01:00,3433.817
2026-06-18 03:00:00+01:00,3365.047
2026-06-18 03:30:00+01:00,3319.627
2026-06-18 04:00:00+01:00,3253.59
2026-06-18 04:30:00+01:00,3228.042
2026-06-18 05:00:00+01:00,3208.673
2026-06-18 05:30:00+01:00,3212.457
2026-06-18 06:00:00+01:00,3299.125
2026-06-18 06:30:00+01:00,3473.431
2026-06-18 07:00:00+01:00,3661.377
2026-06-18 07:30:00+01:00,3935.074
2026-06-18 08:00:00+01:00,4127.573
2026-06-18 08:30:00+01:00,4263.115
2026-06-18 09:00:00+01:00,4272.929
2026-06-18 09:30:00+01:00,4320.169
2026-06-18 10:00:00+01:00,4300.569
2026-06-18 10:30:00+01:00,4350.126
2026-06-18 11:00:00+01:00,4343.307
2026-06-18 11:30:00+01:00,4353.076
2026-06-18 12:00:00+01:00,4348.343
2026-06-18 12:30:00+01:00,4278.318
2026-06-18 13:00:00+01:00,4281.305
2026-06-18 13:30:00+01:00,4208.56
2026-06-18 14:00:00+01:00,4160.294
2026-06-18 14:30:00+01:00,4113.456
2026-06-18 15:00:00+01:00,4175.14
2026-06-18 15:30:00+01:00,4177.657
2026-06-18 16:00:00+01:00,4194.989
2026-06-18 16:30:00+01:00,4272.982
2026-06-18 17:00:00+01:00,4343.227
2026-06-18 17:30:00+01:00,4431.596
2026-06-18 18:00:00+01:00,4402.356
2026-06-18 18:30:00+01:00,4393.167
2026-06-18 19:00:00+01:00,4365.511
2026-06-18 19:30:00+01:00,4382.372
2026-06-18 20:00:00+01:00,4316.985
2026-06-18 20:30:00+01:00,4226.478
2026-06-18 21:00:00+01:00,4181.662
2026-06-18 21:30:00+01:00,4083.524
2026-06-18 22:00:00+01:00,4002.55
2026-06-18 22:30:00+01:00,3914.016
2026-06-18 23:00:00+01:00,3769.34
2026-06-18 23:30:00+01:00,3710.146
2026-06-19 00:00:00+01:00,3565.899
2026-06-19 00:30:00+01:00,3546.156
2026-06-19 01:00:00+01:00,3445.964
2026-06-19 01:30:00+01:00,3425.827
2026-06-19 02:00:00+01:00,3386.809
2026-06-19 02:30:00+01:00,3476.894
2026-06-19 03:00:00+01:00,3404.832
2026-06-19 03:30:00+01:00,3349.928
2026-06-19 04:00:00+01:00,3284.611
2026-06-19 04:30:00+01:00,3290.105
2026-06-19 05:00:00+01:00,3257.013
2026-06-19 05:30:00+01:00,3295.355
2026-06-19 06:00:00+01:00,3375.288
2026-06-19 06:30:00+01:00,3529.221
2026-06-19 07:00:00+01:00,3783.68
2026-06-19 07:30:00+01:00,4071.641
2026-06-19 08:00:00+01:00,4289.544
2026-06-19 08:30:00+01:00,4436.959
2026-06-19 09:00:00+01:00,4451.968
2026-06-19 09:30:00+01:00,4489.273
2026-06-19 10:00:00+01:00,4441.724
2026-06-19 10:30:00+01:00,4376.945
2026-06-19 11:00:00+01:00,4369.812
2026-06-19 11:30:00+01:00,4311.668
2026-06-19 12:00:00+01:00,4265.239
2026-06-19 12:30:00+01:00,4258.766
2026-06-19 13:00:00+01:00,4182.654
2026-06-19 13:30:00+01:00,4125.675
2026-06-19 14:00:00+01:00,4097.754
2026-06-19 14:30:00+01:00,4019.013
2026-06-19 15:00:00+01:00,3974.947
2026-06-19 15:30:00+01:00,3962.728
2026-06-19 16:00:00+01:00,3988.726
2026-06-19 16:30:00+01:00,4029.574
2026-06-19 17:00:00+01:00,4064.006
2026-06-19 17:30:00+01:00,4120.84
2026-06-19 18:00:00+01:00,4136.193
2026-06-19 18:30:00+01:00,4159.042
2026-06-19 19:00:00+01:00,4112.517
2026-06-19 19:30:00+01:00,4070.944
2026-06-19 20:00:00+01:00,4081.879
2026-06-19 20:30:00+01:00,4064.656
2026-06-19 21:00:00+01:00,4061.268
2026-06-19 21:30:00+01:00,3960.747
2026-06-19 22:00:00+01:00,3890.34
2026-06-19 22:30:00+01:00,3873.372
2026-06-19 23:00:00+01:00,3772.832
2026-06-19 23:30:00+01:00,3716.018
2026-06-20 00:00:00+01:00,3637.233
2026-06-20 00:30:00+01:00,3578.251
2026-06-20 01:00:00+01:00,3486.341
2026-06-20 01:30:00+01:00,3415.689
2026-06-20 02:00:00+01:00,3371.344
2026-06-20 02:30:00+01:00,3455.762
2026-06-20 03:00:00+01:00,3380.706
2026-06-20 03:30:00+01:00,3331.225
2026-06-20 04:00:00+01:00,3271.813
2026-06-20 04:30:00+01:00,3223.944
2026-06-20 05:00:00+01:00,3157.549
2026-06-20 05:30:00+01:00,3141.976
2026-06-20 06:00:00+01:00,3155.608
2026-06-20 06:30:00+01:00,3210.743
2026-06-20 07:00:00+01:00,3265.491
2026-06-20 07:30:00+01:00,3350.082
2026-06-20 08:00:00+01:00,3434.238
2026-06-20 08:30:00+01:00,3531.558
2026-06-20 09:00:00+01:00,3562.071
2026-06-20 09:30:00+01:00,3602.716
2026-06-20 10:00:00+01:00,3574.807
2026-06-20 10:30:00+01:00,3552.092
2026-06-20 11:00:00+01:00,3492.422
2026-06-20 11:30:00+01:00,3450.359
2026-06-20 12:00:00+01:00,3422.468
2026-06-20 12:30:00+01:00,3421.432
2026-06-20 13:00:00+01:00,3389.272
2026-06-20 13:30:00+01:00,3368.112
2026-06-20 14:00:00+01:00,3289.517
2026-06-20 14:30:00+01:00,3273.106
2026-06-20 15:00:00+01:00,3288.011
2026-06-20 15:30:00+01:00,3307.331
2026-06-20 16:00:00+01:00,3327.075
2026-06-20 16:30:00+01:00,3377.436
2026-06-20 17:00:00+01:00,3490.591
2026-06-20 17:30:00+01:00,3598.067
2026-06-20 18:00:00+01:00,3669.621
2026-06-20 18:30:00+01:00,3725.23
2026-06-20 19:00:00+01:00,3766.956
2026-06-20 19:30:00+01:00,3760.243
2026-06-20 20:00:00+01:00,3754.332
2026-06-20 20:30:00+01:00,3761.898
2026-06-20 21:00:00+01:00,3758.066
2026-06-20 21:30:00+01:00,3725.077
2026-06-20 22:00:00+01:00,3692.599
2026-06-20 22:30:00+01:00,3677.446
2026-06-20 23:00:00+01:00,3602.47
2026-06-20 23:30:00+01:00,3557.31
2026-06-21 00:00:00+01:00,3501.816
2026-06-21 00:30:00+01:00,3452.546
2026-06-21 01:00:00+01:00,3370.773
2026-06-21 01:30:00+01:00,3304.446
2026-06-21 02:00:00+01:00,3277.196
2026-06-21 02:30:00+01:00,3334.894
2026-06-21 03:00:00+01:00,3263.298
2026-06-21 03:30:00+01:00,3230.138
2026-06-21 04:00:00+01:00,3178.549
2026-06-21 04:30:00+01:00,3119.48
2026-06-21 05:00:00+01:00,3044.465
2026-06-21 05:30:00+01:00,2997.059
2026-06-21 06:00:00+01:00,2989.129
2026-06-21 06:30:00+01:00,3010.786
2026-06-21 07:00:00+01:00,3047.078
2026-06-21 07:30:00+01:00,3116.823
2026-06-21 08:00:00+01:00,3181.822
2026-06-21 08:30:00+01:00,3248.893
2026-06-21 09:00:00+01:00,3271.157
2026-06-21 09:30:00+01:00,3330.863
2026-06-21 10:00:00+01:00,3326.346
2026-06-21 10:30:00+01:00,3305.206
2026-06-21 11:00:00+01:00,3271.083
2026-06-21 11:30:00+01:00,3219.127
2026-06-21 12:00:00+01:00,3198.274
2026-06-21 12:30:00+01:00,3190.899
2026-06-21 13:00:00+01:00,3170.396
2026-06-21 13:30:00+01:00,3138.005
2026-06-21 14:00:00+01:00,3129.856
2026-06-21 14:30:00+01:00,3069.505
2026-06-21 15:00:00+01:00,3093.242
2026-06-21 15:30:00+01:00,3083.252
2026-06-21 16:00:00+01:00,3123.975
2026-06-21 16:30:00+01:00,3192.552
2026-06-21 17:00:00+01:00,3302.99
2026-06-21 17:30:00+01:00,3391.361
2026-06-21 18:00:00+01:00,3474.894
2026-06-21 18:30:00+01:00,3545.226
2026-06-21 19:00:00+01:00,3618.565
2026-06-21 19:30:00+01:00,3704.279
2026-06-21 20:00:00+01:00,3749.41
2026-06-21 20:30:00+01:00,3759.54
2026-06-21 21:00:00+01:00,3751.733
2026-06-21 21:30:00+01:00,3688.82
2026-06-21 22:00:00+01:00,3634.993
2026-06-21 22:30:00+01:00,3638.131
2026-06-21 23:00:00+01:00,3539.1
2026-06-21 23:30:00+01:00,3486.13
2026-06-22 00:00:00+01:00,3378.523
2026-06-22 00:30:00+01:00,3319.805
2026-06-22 01:00:00+01:00,3235.469
2026-06-22 01:30:00+01:00,3190.106
2026-06-22 02:00:00+01:00,3165.686
2026-06-22 02:30:00+01:00,3253.451
2026-06-22 03:00:00+01:00,3207.604
2026-06-22 03:30:00+01:00,3184.93
2026-06-22 04:00:00+01:00,3141.624
2026-06-22 04:30:00+01:00,3122.399
2026-06-22 05:00:00+01:00,3105.0
2026-06-22 05:30:00+01:00,3110.824
2026-06-22 06:00:00+01:00,3205.042
2026-06-22 06:30:00+01:00,3381.858
2026-06-22 07:00:00+01:00,3562.89
2026-06-22 07:30:00+01:00,3827.944
2026-06-22 08:00:00+01:00,4040.554
2026-06-22 08:30:00+01:00,4172.803
2026-06-22 09:00:00+01:00,4202.962
2026-06-22 09:30:00+01:00,4202.303
2026-06-22 10:00:00+01:00,4189.016
2026-06-22 10:30:00+01:00,4173.45
2026-06-22 11:00:00+01:00,4176.809
2026-06-22 11:30:00+01:00,4098.757
2026-06-22 12:00:00+01:00,4047.607
2026-06-22 12:30:00+01:00,4081.661
2026-06-22 13:00:00+01:00,4060.604
2026-06-22 13:30:00+01:00,3947.528
2026-06-22 14:00:00+01:00,3869.621
2026-06-22 14:30:00+01:00,3832.241
2026-06-22 15:00:00+01:00,3814.324
2026-06-22 15:30:00+01:00,3781.546
2026-06-22 16:00:00+01:00,3806.329
2026-06-22 16:30:00+01:00,3893.606
2026-06-22 17:00:00+01:00,4003.1
2026-06-22 17:30:00+01:00,4136.347
2026-06-22 18:00:00+01:00,4205.172
2026-06-22 18:30:00+01:00,4211.686
2026-06-22 19:00:00+01:00,4240.654
2026-06-22 19:30:00+01:00,4247.546
2026-06-22 20:00:00+01:00,4204.843
2026-06-22 20:30:00+01:00,4194.698
2026-06-22 21:00:00+01:00,4173.538
2026-06-22 21:30:00+01:00,4105.594
2026-06-22 22:00:00+01:00,4033.813
2026-06-22 22:30:00+01:00,4011.536
2026-06-22 23:00:00+01:00,3875.566
2026-06-22 23:30:00+01:00,3800.251
2026-06-23 00:00:00+01:00,3665.102
2026-06-23 00:30:00+01:00,3601.216
2026-06-23 01:00:00+01:00,3508.808
2026-06-23 01:30:00+01:00,3444.664
2026-06-23 02:00:00+01:00,3417.556
2026-06-23 02:30:00+01:00,3501.153
2026-06-23 03:00:00+01:00,3467.69
2026-06-23 03:30:00+01:00,3420.469
2026-06-23 04:00:00+01:00,3365.34
2026-06-23 04:30:00+01:00,3337.867
2026-06-23 05:00:00+01:00,3269.112
2026-06-23 05:30:00+01:00,3269.401
2026-06-23 06:00:00+01:00,3347.455
2026-06-23 06:30:00+01:00,3527.478
2026-06-23 07:00:00+01:00,3713.895
2026-06-23 07:30:00+01:00,3960.272
2026-06-23 08:00:00+01:00,4107.739
2026-06-23 08:30:00+01:00,4186.81
2026-06-23 09:00:00+01:00,4199.782
2026-06-23 09:30:00+01:00,4146.612
2026-06-23 10:00:00+01:00,4041.571
2026-06-23 10:30:00+01:00,3972.755
2026-06-23 11:00:00+01:00,3943.118
2026-06-23 11:30:00+01:00,3907.279
2026-06-23 12:00:00+01:00,3842.872
2026-06-23 12:30:00+01:00,3852.816
2026-06-23 13:00:00+01:00,3840.861
2026-06-23 13:30:00+01:00,3842.233
2026-06-23 14:00:00+01:00,3831.629
2026-06-23 14:30:00+01:00,3825.641
2026-06-23 15:00:00+01:00,3870.519
2026-06-23 15:30:00+01:00,3903.732
2026-06-23 16:00:00+01:00,3926.072
2026-06-23 16:30:00+01:00,3969.0
2026-06-23 17:00:00+01:00,4038.888
2026-06-23 17:30:00+01:00,4124.633
2026-06-23 18:00:00+01:00,4188.037
2026-06-23 18:30:00+01:00,4198.524
2026-06-23 19:00:00+01:00,4220.825
2026-06-23 19:30:00+01:00,4203.761
2026-06-23 20:00:00+01:00,4266.874
2026-06-23 20:30:00+01:00,4248.071
2026-06-23 21:00:00+01:00,4229.779
2026-06-23 21:30:00+01:00,4153.658
2026-06-23 22:00:00+01:00,4124.71
2026-06-23 22:30:00+01:00,4068.287
2026-06-23 23:00:00+01:00,3950.55
2026-06-23 23:30:00+01:00,3904.409
2026-06-24 00:00:00+01:00,3772.282
2026-06-24 00:30:00+01:00,3710.283
2026-06-24 01:00:00+01:00,3619.99
2026-06-24 01:30:00+01:00,3551.232
2026-06-24 02:00:00+01:00,3521.811
2026-06-24 02:30:00+01:00,3591.533
2026-06-24 03:00:00+01:00,3533.848
2026-06-24 03:30:00+01:00,3498.34
2026-06-24 04:00:00+01:00,3449.273
2026-06-24 04:30:00+01:00,3419.068
2026-06-24 05:00:00+01:00,3384.223
2026-06-24 05:30:00+01:00,3399.574
2026-06-24 06:00:00+01:00,3471.364
2026-06-24 06:30:00+01:00,3638.514
2026-06-24 07:00:00+01:00,3839.061
2026-06-24 07:30:00+01:00,4069.158
2026-06-24 08:00:00+01:00,4175.844
2026-06-24 08:30:00+01:00,4280.268
2026-06-24 09:00:00+01:00,4301.436
2026-06-24 09:30:00+01:00,4290.322
2026-06-24 10:00:00+01:00,4217.976
2026-06-24 10:30:00+01:00,4108.527
2026-06-24 11:00:00+01:00,4032.044
2026-06-24 11:30:00+01:00,3964.7
2026-06-24 12:00:00+01:00,3907.268
2026-06-24 12:30:00+01:00,3878.164
2026-06-24 13:00:00+01:00,3872.362
2026-06-24 13:30:00+01:00,3839.112
2026-06-24 14:00:00+01:00,3837.211
2026-06-24 14:30:00+01:00,3850.275
2026-06-24 15:00:00+01:00,3894.674
2026-06-24 15:30:00+01:00,3923.296
2026-06-24 16:00:00+01:00,3974.117
2026-06-24 16:30:00+01:00,4040.56
2026-06-24 17:00:00+01:00,4139.718
2026-06-24 17:30:00+01:00,4220.532
2026-06-24 18:00:00+01:00,4262.453
2026-06-24 18:30:00+01:00,4257.372
2026-06-24 19:00:00+01:00,4249.852
2026-06-24 19:30:00+01:00,4244.606
2026-06-24 20:00:00+01:00,4224.401
2026-06-24 20:30:00+01:00,4204.007
2026-06-24 21:00:00+01:00,4157.91
2026-06-24 21:30:00+01:00,4070.044
2026-06-24 22:00:00+01:00,4023.916
2026-06-24 22:30:00+01:00,3987.904
2026-06-24 23:00:00+01:00,3864.424
2026-06-24 23:30:00+01:00,3759.941
2026-06-25 00:00:00+01:00,3681.053
2026-06-25 00:30:00+01:00,3625.381
2026-06-25 01:00:00+01:00,3524.902
2026-06-25 01:30:00+01:00,3453.854
2026-06-25 02:00:00+01:00,3418.298
2026-06-25 02:30:00+01:00,3493.586
2026-06-25 03:00:00+01:00,3433.962
2026-06-25 03:30:00+01:00,3408.458
2026-06-25 04:00:00+01:00,3347.81
2026-06-25 04:30:00+01:00,3322.51
2026-06-25 05:00:00+01:00,3281.663
2026-06-25 05:30:00+01:00,3285.281
2026-06-25 06:00:00+01:00,3372.262
2026-06-25 06:30:00+01:00,3537.324
2026-06-25 07:00:00+01:00,3708.745
2026-06-25 07:30:00+01:00,3925.393
2026-06-25 08:00:00+01:00,4032.136
2026-06-25 08:30:00+01:00,4104.949
2026-06-25 09:00:00+01:00,4140.634
2026-06-25 09:30:00+01:00,4141.935
2026-06-25 10:00:00+01:00,4075.688
2026-06-25 10:30:00+01:00,4017.839
2026-06-25 11:00:00+01:00,3940.179
2026-06-25 11:30:00+01:00,3894.551
2026-06-25 12:00:00+01:00,3895.074
2026-06-25 12:30:00+01:00,3871.016
2026-06-25 13:00:00+01:00,3908.582
2026-06-25 13:30:00+01:00,3869.408
2026-06-25 14:00:00+01:00,3861.108
2026-06-25 14:30:00+01:00,3886.988
2026-06-25 15:00:00+01:00,3908.581
2026-06-25 15:30:00+01:00,3951.67
2026-06-25 16:00:00+01:00,3969.488
2026-06-25 16:30:00+01:00,4064.868
2026-06-25 17:00:00+01:00,4129.486
2026-06-25 17:30:00+01:00,4266.748
2026-06-25 18:00:00+01:00,4319.626
2026-06-25 18:30:00+01:00,4354.136
2026-06-25 19:00:00+01:00,4365.661
2026-06-25 19:30:00+01:00,4337.719
2026-06-25 20:00:00+01:00,4346.854
2026-06-25 20:30:00+01:00,4329.81
2026-06-25 21:00:00+01:00,4297.314
2026-06-25 21:30:00+01:00,4206.728
2026-06-25 22:00:00+01:00,4144.496
2026-06-25 22:30:00+01:00,4127.09
2026-06-25 23:00:00+01:00,4010.882
2026-06-25 23:30:00+01:00,3854.886
2026-06-26 00:00:00+01:00,3832.119
2026-06-26 00:30:00+01:00,3769.09
2026-06-26 01:00:00+01:00,3679.739
2026-06-26 01:30:00+01:00,3633.117
2026-06-26 02:00:00+01:00,3573.181
2026-06-26 02:30:00+01:00,3618.383
2026-06-26 03:00:00+01:00,3533.16
2026-06-26 03:30:00+01:00,3487.46
2026-06-26 04:00:00+01:00,3446.25
2026-06-26 04:30:00+01:00,3410.209
2026-06-26 05:00:00+01:00,3409.808
2026-06-26 05:30:00+01:00,3423.338
2026-06-26 06:00:00+01:00,3503.554
2026-06-26 06:30:00+01:00,3673.536
2026-06-26 07:00:00+01:00,3834.307
2026-06-26 07:30:00+01:00,4062.0
2026-06-26 08:00:00+01:00,4197.076
2026-06-26 08:30:00+01:00,4288.411
2026-06-26 09:00:00+01:00,4342.822
2026-06-26 09:30:00+01:00,4346.322
2026-06-26 10:00:00+01:00,4266.438
2026-06-26 10:30:00+01:00,4233.576
2026-06-26 11:00:00+01:00,4213.851
2026-06-26 11:30:00+01:00,4188.425
2026-06-26 12:00:00+01:00,4154.986
2026-06-26 12:30:00+01:00,4088.69
2026-06-26 13:00:00+01:00,4074.154
2026-06-26 13:30:00+01:00,3939.151
2026-06-26 14:00:00+01:00,3955.445
2026-06-26 14:30:00+01:00,3932.868
2026-06-26 15:00:00+01:00,3895.812
2026-06-26 15:30:00+01:00,3924.931
2026-06-26 16:00:00+01:00,3990.187
2026-06-26 16:30:00+01:00,4087.926
2026-06-26 17:00:00+01:00,4145.63
2026-06-26 17:30:00+01:00,4191.269
2026-06-26 18:00:00+01:00,4233.643
2026-06-26 18:30:00+01:00,4271.314
2026-06-26 19:00:00+01:00,4225.014
2026-06-26 19:30:00+01:00,4164.468
2026-06-26 20:00:00+01:00,4152.519
2026-06-26 20:30:00+01:00,4094.206
2026-06-26 21:00:00+01:00,3992.983
2026-06-26 21:30:00+01:00,3900.324
2026-06-26 22:00:00+01:00,3831.322
2026-06-26 22:30:00+01:00,3813.134
2026-06-26 23:00:00+01:00,3738.315
2026-06-26 23:30:00+01:00,3676.872
2026-06-27 00:00:00+01:00,3563.724
2026-06-27 00:30:00+01:00,3510.972
2026-06-27 01:00:00+01:00,3460.88
2026-06-27 01:30:00+01:00,3428.604
2026-06-27 02:00:00+01:00,3418.523
2026-06-27 02:30:00+01:00,3480.306
2026-06-27 03:00:00+01:00,3397.863
2026-06-27 03:30:00+01:00,3367.211
2026-06-27 04:00:00+01:00,3293.897
2026-06-27 04:30:00+01:00,3275.052
2026-06-27 05:00:00+01:00,3203.396
2026-06-27 05:30:00+01:00,3168.127
2026-06-27 06:00:00+01:00,3190.864
2026-06-27 06:30:00+01:00,3272.124
2026-06-27 07:00:00+01:00,3354.496
2026-06-27 07:30:00+01:00,3454.196
2026-06-27 08:00:00+01:00,3581.84
2026-06-27 08:30:00+01:00,3683.628
2026-06-27 09:00:00+01:00,3776.69
2026-06-27 09:30:00+01:00,3824.218
2026-06-27 10:00:00+01:00,3838.67
2026-06-27 10:30:00+01:00,3878.44
2026-06-27 11:00:00+01:00,3835.225
2026-06-27 11:30:00+01:00,3826.125
2026-06-27 12:00:00+01:00,3800.627
2026-06-27 12:30:00+01:00,3807.672
2026-06-27 13:00:00+01:00,3771.242
2026-06-27 13:30:00+01:00,3729.314
2026-06-27 14:00:00+01:00,3695.322
2026-06-27 14:30:00+01:00,3686.38
2026-06-27 15:00:00+01:00,3709.245
2026-06-27 15:30:00+01:00,3701.325
2026-06-27 16:00:00+01:00,3712.257
2026-06-27 16:30:00+01:00,3805.86
2026-06-27 17:00:00+01:00,3884.895
2026-06-27 17:30:00+01:00,3916.63
2026-06-27 18:00:00+01:00,4010.367
2026-06-27 18:30:00+01:00,3974.913
2026-06-27 19:00:00+01:00,3939.693
2026-06-27 19:30:00+01:00,3840.344
2026-06-27 20:00:00+01:00,3804.569
2026-06-27 20:30:00+01:00,3776.819
2026-06-27 21:00:00+01:00,3736.789
2026-06-27 21:30:00+01:00,3686.201
2026-06-27 22:00:00+01:00,3659.663
2026-06-27 22:30:00+01:00,3649.404
2026-06-27 23:00:00+01:00,3556.928
2026-06-27 23:30:00+01:00,3511.631
2026-06-28 00:00:00+01:00,3432.436
2026-06-28 00:30:00+01:00,3386.98
2026-06-28 01:00:00+01:00,3277.168
2026-06-28 01:30:00+01:00,3273.329
2026-06-28 02:00:00+01:00,3237.548
2026-06-28 02:30:00+01:00,3314.829
2026-06-28 03:00:00+01:00,3245.377
2026-06-28 03:30:00+01:00,3177.75
2026-06-28 04:00:00+01:00,3137.892
2026-06-28 04:30:00+01:00,3091.799
2026-06-28 05:00:00+01:00,3010.238
2026-06-28 05:30:00+01:00,2974.82
2026-06-28 06:00:00+01:00,2956.258
2026-06-28 06:30:00+01:00,2978.87
2026-06-28 07:00:00+01:00,3020.347
2026-06-28 07:30:00+01:00,3060.218
2026-06-28 08:00:00+01:00,3154.358
2026-06-28 08:30:00+01:00,3171.709
2026-06-28 09:00:00+01:00,3198.27
2026-06-28 09:30:00+01:00,3266.825
2026-06-28 10:00:00+01:00,3265.932
2026-06-28 10:30:00+01:00,3264.151
2026-06-28 11:00:00+01:00,3236.332
2026-06-28 11:30:00+01:00,3231.923
2026-06-28 12:00:00+01:00,3225.885
2026-06-28 12:30:00+01:00,3251.764
2026-06-28 14:00:00+01:00,3194.854
2026-06-28 14:30:00+01:00,3160.054
2026-06-28 15:00:00+01:00,3135.15
2026-06-28 15:30:00+01:00,3130.818
2026-06-28 16:00:00+01:00,3158.636
2026-06-28 16:30:00+01:00,3247.842
2026-06-28 17:00:00+01:00,3375.136
2026-06-28 17:30:00+01:00,3458.25
2026-06-28 18:00:00+01:00,3558.062
2026-06-28 18:30:00+01:00,3599.418
2026-06-28 19:00:00+01:00,3654.541
2026-06-28 19:30:00+01:00,3674.577
2026-06-28 20:00:00+01:00,3718.486
2026-06-28 20:30:00+01:00,3660.244
2026-06-28 21:00:00+01:00,3698.541
2026-06-28 21:30:00+01:00,3632.298
2026-06-28 22:00:00+01:00,3523.555
2026-06-28 22:30:00+01:00,3561.254
2026-06-28 23:00:00+01:00,3467.247
2026-06-28 23:30:00+01:00,3408.321
2026-06-29 00:00:00+01:00,3331.297
2026-06-29 00:30:00+01:00,3287.836
2026-06-29 01:00:00+01:00,3212.015
2026-06-29 01:30:00+01:00,3159.812
2026-06-29 02:00:00+01:00,3149.956
2026-06-29 02:30:00+01:00,3237.472
2026-06-29 03:00:00+01:00,3177.836
2026-06-29 03:30:00+01:00,3156.398
2026-06-29 04:00:00+01:00,3117.806
2026-06-29 04:30:00+01:00,3078.564
2026-06-29 05:00:00+01:00,3016.794
2026-06-29 05:30:00+01:00,3069.157
2026-06-29 06:00:00+01:00,3187.554
2026-06-29 06:30:00+01:00,3341.577
2026-06-29 07:00:00+01:00,3531.77
2026-06-29 07:30:00+01:00,3717.825
2026-06-29 08:00:00+01:00,3880.727
2026-06-29 08:30:00+01:00,4015.425
2026-06-29 09:00:00+01:00,4090.146
2026-06-29 09:30:00+01:00,4051.259
2026-06-29 10:00:00+01:00,4076.842
2026-06-29 10:30:00+01:00,3996.088
2026-06-29 11:00:00+01:00,4006.97
2026-06-29 11:30:00+01:00,3991.319
2026-06-29 12:00:00+01:00,3977.302
2026-06-29 12:30:00+01:00,4001.537
2026-06-29 13:00:00+01:00,4020.437
2026-06-29 13:30:00+01:00,3961.215
2026-06-29 14:00:00+01:00,3944.534
2026-06-29 14:30:00+01:00,3981.343
2026-06-29 15:00:00+01:00,4030.906
2026-06-29 15:30:00+01:00,4080.778
2026-06-29 16:00:00+01:00,4102.331
2026-06-29 16:30:00+01:00,4213.277
2026-06-29 17:00:00+01:00,4318.867
2026-06-29 17:30:00+01:00,4397.183
2026-06-29 18:00:00+01:00,4379.154
2026-06-29 18:30:00+01:00,4348.473
2026-06-29 19:00:00+01:00,4343.14
2026-06-29 19:30:00+01:00,4293.798
2026-06-29 20:00:00+01:00,4183.858
2026-06-29 20:30:00+01:00,4194.956
2026-06-29 21:00:00+01:00,4136.068
2026-06-29 21:30:00+01:00,4010.994
2026-06-29 22:00:00+01:00,3924.539
2026-06-29 22:30:00+01:00,3864.538
2026-06-29 23:00:00+01:00,3704.164
2026-06-29 23:30:00+01:00,3610.672
2026-06-30 01:00:00+01:00,3352.643
2026-06-30 01:30:00+01:00,3298.454
2026-06-30 02:00:00+01:00,3277.542
2026-06-30 02:30:00+01:00,3366.812
2026-06-30 03:00:00+01:00,3358.17
2026-06-30 03:30:00+01:00,3340.092
2026-06-30 04:00:00+01:00,3274.946
2026-06-30 04:30:00+01:00,3255.944
2026-06-30 05:00:00+01:00,3202.829
2026-06-30 05:30:00+01:00,3224.127
2026-06-30 06:00:00+01:00,3281.64
2026-06-30 06:30:00+01:00,3448.83
2026-06-30 07:00:00+01:00,3629.606
2026-06-30 07:30:00+01:00,3871.411
2026-06-30 08:00:00+01:00,4016.004
2026-06-30 08:30:00+01:00,4143.122
2026-06-30 09:00:00+01:00,4183.31
2026-06-30 09:30:00+01:00,4182.303
2026-06-30 10:00:00+01:00,4150.867
2026-06-30 10:30:00+01:00,4110.27
2026-06-30 11:00:00+01:00,4044.002
2026-06-30 11:30:00+01:00,4043.594
2026-06-30 12:00:00+01:00,3959.682
2026-06-30 12:30:00+01:00,3993.364
2026-06-30 13:00:00+01:00,3978.257
2026-06-30 13:30:00+01:00,3930.659
2026-06-30 14:00:00+01:00,3902.328
2026-06-30 14:30:00+01:00,3895.476
2026-06-30 16:00:00+01:00,3946.3
2026-06-30 16:30:00+01:00,4013.841
2026-06-30 17:00:00+01:00,4072.487
2026-06-30 17:30:00+01:00,4153.656
2026-06-30 18:00:00+01:00,4212.419
2026-06-30 18:30:00+01:00,4228.747
2026-06-30 19:00:00+01:00,4216.972
2026-06-30 19:30:00+01:00,4173.605
2026-06-30 20:00:00+01:00,4137.87
2026-06-30 20:30:00+01:00,4114.434
2026-06-30 21:00:00+01:00,4086.267
2026-06-30 21:30:00+01:00,4021.682
2026-06-30 22:00:00+01:00,3928.203
2026-06-30 22:30:00+01:00,3891.883
2026-06-30 23:00:00+01:00,3796.842
2026-06-30 23:30:00+01:00,3713.595
2026-07-01 00:00:00+01:00,3593.296
2026-07-01 00:30:00+01:00,3532.043
2026-07-01 01:00:00+01:00,3438.735
2026-07-01 01:30:00+01:00,3381.329
2026-07-01 02:00:00+01:00,3352.796
2026-07-01 02:30:00+01:00,3454.02
2026-07-01 03:00:00+01:00,3374.539
2026-07-01 03:30:00+01:00,3345.114
2026-07-01 04:00:00+01:00,3288.706
2026-07-01 04:30:00+01:00,3263.331
2026-07-01 05:00:00+01:00,3226.054
2026-07-01 05:30:00+01:00,3253.961
2026-07-01 06:00:00+01:00,3315.932
2026-07-01 06:30:00+01:00,3493.737
2026-07-01 07:00:00+01:00,3702.706
2026-07-01 07:30:00+01:00,3907.33
2026-07-01 08:00:00+01:00,4058.518
2026-07-01 08:30:00+01:00,4184.705
2026-07-01 09:00:00+01:00,4239.093
2026-07-01 09:30:00+01:00,4228.658
2026-07-01 10:00:00+01:00,4173.782
2026-07-01 10:30:00+01:00,4110.906
2026-07-01 11:00:00+01:00,4052.92
2026-07-01 11:30:00+01:00,4045.632
2026-07-01 12:00:00+01:00,4046.099
2026-07-01 12:30:00+01:00,4018.498
2026-07-01 13:00:00+01:00,4055.981
2026-07-01 13:30:00+01:00,4103.527
2026-07-01 14:00:00+01:00,4050.898
2026-07-01 14:30:00+01:00,4053.25
2026-07-01 15:00:00+01:00,4075.61
2026-07-01 15:30:00+01:00,4113.194
2026-07-01 16:00:00+01:00,4148.064
2026-07-01 16:30:00+01:00,4226.934
2026-07-01 17:00:00+01:00,4320.996
2026-07-01 17:30:00+01:00,4358.49
2026-07-01 18:00:00+01:00,4427.469
2026-07-01 18:30:00+01:00,4335.981
2026-07-01 19:00:00+01:00,4250.348
2026-07-01 19:30:00+01:00,4279.882
2026-07-01 20:00:00+01:00,4240.259
2026-07-01 20:30:00+01:00,4220.935
2026-07-01 21:00:00+01:00,4186.865
2026-07-01 21:30:00+01:00,4102.259
2026-07-01 22:00:00+01:00,3989.737
2026-07-01 22:30:00+01:00,3945.909
2026-07-01 23:00:00+01:00,3822.574
2026-07-01 23:30:00+01:00,3742.795
2026-07-02 00:00:00+01:00,3610.898
2026-07-02 00:30:00+01:00,3565.817
2026-07-02 01:00:00+01:00,3472.063
2026-07-02 01:30:00+01:00,3392.898
2026-07-02 02:00:00+01:00,3348.225
2026-07-02 02:30:00+01:00,3406.79
2026-07-02 03:00:00+01:00,3351.852
2026-07-02 03:30:00+01:00,3347.383
2026-07-02 04:00:00+01:00,3277.358
2026-07-02 04:30:00+01:00,3242.753
2026-07-02 05:00:00+01:00,3217.431
2026-07-02 05:30:00+01:00,3234.336
2026-07-02 06:00:00+01:00,3291.533
2026-07-02 06:30:00+01:00,3444.347
2026-07-02 07:00:00+01:00,3611.718
2026-07-02 07:30:00+01:00,3824.05
2026-07-02 08:00:00+01:00,3988.053
2026-07-02 08:30:00+01:00,4097.075
2026-07-02 09:00:00+01:00,4147.916
2026-07-02 09:30:00+01:00,4114.091
2026-07-02 10:00:00+01:00,4071.168
2026-07-02 10:30:00+01:00,3981.104
2026-07-02 11:00:00+01:00,3945.474
2026-07-02 11:30:00+01:00,3904.766
2026-07-02 12:00:00+01:00,3847.301
2026-07-02 12:30:00+01:00,3798.819
2026-07-02 13:00:00+01:00,3825.492
2026-07-02 13:30:00+01:00,3772.792
2026-07-02 14:00:00+01:00,3734.47
2026-07-02 14:30:00+01:00,3749.983
2026-07-02 15:00:00+01:00,3759.721
2026-07-02 15:30:00+01:00,3751.006
2026-07-02 16:00:00+01:00,3795.657
2026-07-02 16:30:00+01:00,3846.521
2026-07-02 17:00:00+01:00,3935.295
2026-07-02 17:30:00+01:00,4050.805
2026-07-02 18:00:00+01:00,4090.872
2026-07-02 18:30:00+01:00,4119.705
2026-07-02 19:00:00+01:00,4135.639
2026-07-02 19:30:00+01:00,4156.217
2026-07-02 20:00:00+01:00,4168.438
2026-07-02 20:30:00+01:00,4160.217
2026-07-02 21:00:00+01:00,4161.908
2026-07-02 21:30:00+01:00,4064.701
2026-07-02 22:00:00+01:00,4005.769
2026-07-02 22:30:00+01:00,3964.46
2026-07-02 23:00:00+01:00,3834.582
2026-07-02 23:30:00+01:00,3765.739
2026-07-03 00:00:00+01:00,3635.661
2026-07-03 00:30:00+01:00,3559.071
2026-07-03 01:00:00+01:00,3472.604
2026-07-03 01:30:00+01:00,3450.82
2026-07-03 02:00:00+01:00,3387.424
2026-07-03 02:30:00+01:00,3460.472
2026-07-03 04:00:00+01:00,3308.541
2026-07-03 04:30:00+01:00,3278.078
2026-07-03 05:00:00+01:00,3252.988
2026-07-03 05:30:00+01:00,3251.242
2026-07-03 06:00:00+01:00,3371.512
2026-07-03 06:30:00+01:00,3488.214
2026-07-03 07:00:00+01:00,3659.411
2026-07-03 07:30:00+01:00,3842.532
2026-07-03 08:00:00+01:00,3962.071
2026-07-03 08:30:00+01:00,4063.304
2026-07-03 09:00:00+01:00,4061.436
2026-07-03 09:30:00+01:00,4079.303
2026-07-03 10:00:00+01:00,3991.626
2026-07-03 10:30:00+01:00,3937.899
2026-07-03 11:00:00+01:00,3910.76
2026-07-03 11:30:00+01:00,3845.295
2026-07-03 12:00:00+01:00,3824.112
2026-07-03 12:30:00+01:00,3839.484
2026-07-03 13:00:00+01:00,3916.783
2026-07-03 13:30:00+01:00,3836.3
2026-07-03 14:00:00+01:00,3856.661
2026-07-03 14:30:00+01:00,3873.534
2026-07-03 15:00:00+01:00,3819.309
2026-07-03 15:30:00+01:00,3825.24
2026-07-03 16:00:00+01:00,3846.2
2026-07-03 16:30:00+01:00,3871.057
2026-07-03 17:00:00+01:00,3978.955
2026-07-03 17:30:00+01:00,4091.959
2026-07-03 18:00:00+01:00,4118.625
2026-07-03 18:30:00+01:00,4150.697
2026-07-03 19:00:00+01:00,4122.493
2026-07-03 19:30:00+01:00,4098.254
2026-07-03 20:00:00+01:00,4087.563
2026-07-03 20:30:00+01:00,4035.877
2026-07-03 21:00:00+01:00,3989.202
2026-07-03 21:30:00+01:00,3894.85
2026-07-03 22:00:00+01:00,3845.906
2026-07-03 22:30:00+01:00,3822.873
2026-07-03 23:00:00+01:00,3726.386
2026-07-03 23:30:00+01:00,3630.901
2026-07-04 00:00:00+01:00,3543.202
2026-07-04 00:30:00+01:00,3490.6
2026-07-04 01:00:00+01:00,3398.311
2026-07-04 01:30:00+01:00,3355.444
2026-07-04 02:00:00+01:00,3339.646
2026-07-04 02:30:00+01:00,3434.196
2026-07-04 03:00:00+01:00,3373.241
2026-07-04 03:30:00+01:00,3300.326
2026-07-04 04:00:00+01:00,3249.979
2026-07-04 04:30:00+01:00,3216.285
2026-07-04 05:00:00+01:00,3167.616
2026-07-04 05:30:00+01:00,3140.701
2026-07-04 06:00:00+01:00,3157.81
2026-07-04 06:30:00+01:00,3224.32
2026-07-04 07:00:00+01:00,3297.579
2026-07-04 07:30:00+01:00,3409.854
2026-07-04 08:00:00+01:00,3509.988
2026-07-04 08:30:00+01:00,3590.41
2026-07-04 09:00:00+01:00,3663.546
2026-07-04 09:30:00+01:00,3731.356
2026-07-04 10:00:00+01:00,3742.688
2026-07-04 10:30:00+01:00,3745.207
2026-07-04 11:00:00+01:00,3728.127
2026-07-04 11:30:00+01:00,3700.598
2026-07-04 12:00:00+01:00,3639.052
2026-07-04 12:30:00+01:00,3635.886
2026-07-04 13:00:00+01:00,3583.94
2026-07-04 13:30:00+01:00,3583.529
2026-07-04 14:00:00+01:00,3557.807
2026-07-04 14:30:00+01:00,3536.528
2026-07-04 15:00:00+01:00,3500.895
2026-07-04 15:30:00+01:00,3520.455
2026-07-04 16:00:00+01:00,3498.73
2026-07-04 16:30:00+01:00,3578.696
2026-07-04 17:00:00+01:00,3581.055
2026-07-04 17:30:00+01:00,3695.789
2026-07-04 18:00:00+01:00,3747.447
2026-07-04 18:30:00+01:00,3756.28
2026-07-04 19:00:00+01:00,3771.725
2026-07-04 19:30:00+01:00,3763.952
2026-07-04 20:00:00+01:00,3764.218
2026-07-04 20:30:00+01:00,3776.8
2026-07-04 21:00:00+01:00,3717.657
2026-07-04 21:30:00+01:00,3663.022
2026-07-04 22:00:00+01:00,3640.273
2026-07-04 22:30:00+01:00,3631.856
2026-07-04 23:00:00+01:00,3525.62
2026-07-04 23:30:00+01:00,3451.52
2026-07-05 00:00:00+01:00,3408.495
2026-07-05 00:30:00+01:00,3363.765
2026-07-05 01:00:00+01:00,3286.083
2026-07-05 01:30:00+01:00,3241.632
2026-07-05 02:00:00+01:00,3211.18
2026-07-05 02:30:00+01:00,3272.195
2026-07-05 03:00:00+01:00,3222.1
2026-07-05 03:30:00+01:00,3200.975
2026-07-05 04:00:00+01:00,3163.854
2026-07-05 04:30:00+01:00,3129.763
2026-07-05 05:00:00+01:00,3095.992
2026-07-05 05:30:00+01:00,3081.456
2026-07-05 06:00:00+01:00,3079.19
2026-07-05 06:30:00+01:00,3115.615
2026-07-05 07:00:00+01:00,3148.623
2026-07-05 07:30:00+01:00,3215.896
2026-07-05 08:00:00+01:00,3296.029
2026-07-05 08:30:00+01:00,3394.438
2026-07-05 09:00:00+01:00,3445.565
2026-07-05 09:30:00+01:00,3525.267
2026-07-05 10:00:00+01:00,3580.425
2026-07-05 10:30:00+01:00,3582.741
2026-07-05 11:00:00+01:00,3554.422
2026-07-05 11:30:00+01:00,3519.353
2026-07-05 12:00:00+01:00,3418.403
2026-07-05 12:30:00+01:00,3391.765
2026-07-05 13:00:00+01:00,3376.453
2026-07-05 13:30:00+01:00,3365.813
2026-07-05 14:00:00+01:00,3335.714
2026-07-05 14:30:00+01:00,3306.883
2026-07-05 15:00:00+01:00,3338.585
2026-07-05 15:30:00+01:00,3356.787
2026-07-05 16:00:00+01:00,3370.212
2026-07-05 16:30:00+01:00,3408.127
2026-07-05 17:00:00+01:00,3547.034
2026-07-05 17:30:00+01:00,3635.489
2026-07-05 18:00:00+01:00,3750.598
2026-07-05 18:30:00+01:00,3800.442
2026-07-05 19:00:00+01:00,3832.339
2026-07-05 19:30:00+01:00,3887.466
2026-07-05 20:00:00+01:00,3882.28
2026-07-05 20:30:00+01:00,3889.846
2026-07-05 21:00:00+01:00,3846.466
2026-07-05 21:30:00+01:00,3776.079
2026-07-05 22:00:00+01:00,3734.72
2026-07-05 22:30:00+01:00,3717.848
2026-07-05 23:00:00+01:00,3613.222
2026-07-05 23:30:00+01:00,3563.107
2026-07-06 00:00:00+01:00,3453.908
2026-07-06 00:30:00+01:00,3357.206
2026-07-06 01:00:00+01:00,3298.842
2026-07-06 01:30:00+01:00,3245.846
2026-07-06 02:00:00+01:00,3234.595
2026-07-06 02:30:00+01:00,3302.214
2026-07-06 03:00:00+01:00,3255.408
2026-07-06 03:30:00+01:00,3212.131
2026-07-06 04:00:00+01:00,3163.054
2026-07-06 04:30:00+01:00,3148.376
2026-07-06 05:00:00+01:00,3119.195
2026-07-06 05:30:00+01:00,3126.504
2026-07-06 06:00:00+01:00,3200.178
2026-07-06 06:30:00+01:00,3344.669
2026-07-06 07:00:00+01:00,3529.175
2026-07-06 07:30:00+01:00,3728.718
2026-07-06 08:00:00+01:00,3859.708
2026-07-06 08:30:00+01:00,3972.379
2026-07-06 09:00:00+01:00,4014.07
2026-07-06 09:30:00+01:00,3952.471
2026-07-06 11:00:00+01:00,3847.925
2026-07-06 11:30:00+01:00,3831.946
2026-07-06 12:00:00+01:00,3767.485
2026-07-06 12:30:00+01:00,3774.746
2026-07-06 13:00:00+01:00,3768.389
2026-07-06 13:30:00+01:00,3707.089
2026-07-06 14:00:00+01:00,3725.246
2026-07-06 14:30:00+01:00,3698.631
2026-07-06 15:00:00+01:00,3739.524
2026-07-06 15:30:00+01:00,3771.599
2026-07-06 16:00:00+01:00,3834.984
2026-07-06 16:30:00+01:00,3937.842
2026-07-06 17:00:00+01:00,4058.122
2026-07-06 17:30:00+01:00,4203.371
2026-07-06 18:00:00+01:00,4245.99
2026-07-06 18:30:00+01:00,4243.677
2026-07-06 19:00:00+01:00,4216.774
2026-07-06 19:30:00+01:00,4202.994
2026-07-06 20:00:00+01:00,4193.262
2026-07-06 20:30:00+01:00,4130.82
2026-07-06 21:00:00+01:00,4120.144
2026-07-06 21:30:00+01:00,4036.427
2026-07-06 22:00:00+01:00,3919.381
2026-07-06 22:30:00+01:00,3925.3
2026-07-06 23:00:00+01:00,3800.845
2026-07-06 23:30:00+01:00,3713.047
2026-07-07 00:00:00+01:00,3596.742
2026-07-07 00:30:00+01:00,3541.534
2026-07-07 01:00:00+01:00,3447.468
2026-07-07 01:30:00+01:00,3389.195
2026-07-07 02:00:00+01:00,3350.03
2026-07-07 02:30:00+01:00,3402.244
2026-07-07 03:00:00+01:00,3384.597
2026-07-07 03:30:00+01:00,3366.449
2026-07-07 04:00:00+01:00,3305.22
2026-07-07 04:30:00+01:00,3282.411
2026-07-07 05:00:00+01:00,3246.87
2026-07-07 05:30:00+01:00,3255.153
2026-07-07 06:00:00+01:00,3329.71
2026-07-07 06:30:00+01:00,3494.314
2026-07-07 07:00:00+01:00,3648.304
2026-07-07 07:30:00+01:00,3868.986
2026-07-07 08:00:00+01:00,3985.435
2026-07-07 08:30:00+01:00,4088.812
2026-07-07 09:00:00+01:00,4069.967
2026-07-07 09:30:00+01:00,4048.862
2026-07-07 10:00:00+01:00,3945.274
2026-07-07 10:30:00+01:00,3871.212
2026-07-07 11:00:00+01:00,3831.648
2026-07-07 11:30:00+01:00,3743.39
2026-07-07 12:00:00+01:00,3694.326
2026-07-07 12:30:00+01:00,3691.852
2026-07-07 13:00:00+01:00,3695.302
2026-07-07 13:30:00+01:00,3657.327
2026-07-07 14:00:00+01:00,3658.488
2026-07-07 14:30:00+01:00,3563.483
2026-07-07 15:00:00+01:00,3652.765
2026-07-07 15:30:00+01:00,3690.054
2026-07-07 16:00:00+01:00,3752.691
2026-07-07 16:30:00+01:00,3823.763
2026-07-07 17:00:00+01:00,3931.875
2026-07-07 17:30:00+01:00,4058.436
2026-07-07 18:00:00+01:00,4136.214
2026-07-07 18:30:00+01:00,4163.001
2026-07-07 19:00:00+01:00,4167.881
2026-07-07 19:30:00+01:00,4252.968
2026-07-07 20:00:00+01:00,4245.372
2026-07-07 20:30:00+01:00,4215.002
2026-07-07 21:00:00+01:00,4211.211
2026-07-07 21:30:00+01:00,4127.713
2026-07-07 22:00:00+01:00,4061.025
2026-07-07 22:30:00+01:00,4033.654
2026-07-07 23:00:00+01:00,3942.633
2026-07-07 23:30:00+01:00,3844.413
2026-07-08 00:00:00+01:00,3730.856
2026-07-08 00:30:00+01:00,3660.773
2026-07-08 01:00:00+01:00,3532.452
2026-07-08 01:30:00+01:00,3505.298
2026-07-08 02:00:00+01:00,3462.125
2026-07-08 02:30:00+01:00,3537.847
2026-07-08 03:00:00+01:00,3468.969
2026-07-08 03:30:00+01:00,3432.336
2026-07-08 04:00:00+01:00,3384.967
2026-07-08 04:30:00+01:00,3362.726
2026-07-08 05:00:00+01:00,3319.763
2026-07-08 05:30:00+01:00,3330.116
2026-07-08 07:00:00+01:00,3686.471
2026-07-08 07:30:00+01:00,3882.24
2026-07-08 08:00:00+01:00,4022.88
2026-07-08 08:30:00+01:00,4131.962
2026-07-08 09:00:00+01:00,4142.324
2026-07-08 09:30:00+01:00,4156.864
2026-07-08 10:00:00+01:00,4062.578
2026-07-08 10:30:00+01:00,3997.551
2026-07-08 11:00:00+01:00,3924.903
2026-07-08 11:30:00+01:00,3883.933
2026-07-08 12:00:00+01:00,3841.288
2026-07-08 12:30:00+01:00,3836.736
2026-07-08 13:00:00+01:00,3806.977
2026-07-08 13:30:00+01:00,3787.514
2026-07-08 14:00:00+01:00,3777.614
2026-07-08 14:30:00+01:00,3770.099
2026-07-08 15:00:00+01:00,3802.436
2026-07-08 15:30:00+01:00,3796.473
2026-07-08 16:00:00+01:00,3848.308
2026-07-08 16:30:00+01:00,3909.119
2026-07-08 17:00:00+01:00,3984.621
2026-07-08 17:30:00+01:00,4087.303
2026-07-08 18:00:00+01:00,4123.018
2026-07-08 18:30:00+01:00,4171.04
2026-07-08 20:00:00+01:00,4257.014
2026-07-08 20:30:00+01:00,4237.238
2026-07-08 21:00:00+01:00,4207.286
2026-07-08 21:30:00+01:00,4162.514
2026-07-08 22:00:00+01:00,4073.508
2026-07-08 22:30:00+01:00,4040.963
2026-07-08 23:00:00+01:00,3923.8
2026-07-08 23:30:00+01:00,3817.716
2026-07-09 00:00:00+01:00,3667.482
2026-07-09 00:30:00+01:00,3605.921
2026-07-09 01:00:00+01:00,3511.106
2026-07-09 01:30:00+01:00,3422.394
2026-07-09 02:00:00+01:00,3403.064
2026-07-09 02:30:00+01:00,3478.538
2026-07-09 03:00:00+01:00,3423.71
2026-07-09 03:30:00+01:00,3389.497
2026-07-09 04:00:00+01:00,3340.935
2026-07-09 04:30:00+01:00,3317.525
2026-07-09 05:00:00+01:00,3293.358
2026-07-09 05:30:00+01:00,3315.317
2026-07-09 06:00:00+01:00,3387.297
2026-07-09 06:30:00+01:00,3558.688
2026-07-09 07:00:00+01:00,3752.16
2026-07-09 07:30:00+01:00,3963.086
2026-07-09 08:00:00+01:00,4097.285
2026-07-09 08:30:00+01:00,4134.229
2026-07-09 09:00:00+01:00,4266.256
2026-07-09 09:30:00+01:00,4275.409
2026-07-09 10:00:00+01:00,4236.968
2026-07-09 10:30:00+01:00,4185.61
2026-07-09 11:00:00+01:00,4152.315
2026-07-09 11:30:00+01:00,4094.852
2026-07-09 12:00:00+01:00,4047.31
2026-07-09 12:30:00+01:00,4003.788
2026-07-09 13:00:00+01:00,3936.616
2026-07-09 13:30:00+01:00,3855.336
2026-07-09 14:00:00+01:00,3828.551
2026-07-09 14:30:00+01:00,3830.972
2026-07-09 15:00:00+01:00,3829.387
2026-07-09 15:30:00+01:00,3830.619
2026-07-09 16:00:00+01:00,3869.732
2026-07-09 16:30:00+01:00,3943.221
2026-07-09 17:00:00+01:00,4032.463
2026-07-09 17:30:00+01:00,4120.914
2026-07-09 18:00:00+01:00,4193.06
2026-07-09 18:30:00+01:00,4203.06
2026-07-09 19:00:00+01:00,4232.978
2026-07-09 19:30:00+01:00,4215.968
2026-07-09 20:00:00+01:00,4203.926
2026-07-09 20:30:00+01:00,4241.021
2026-07-09 21:00:00+01:00,4223.963
2026-07-09 21:30:00+01:00,4074.564
2026-07-09 22:00:00+01:00,4092.74
2026-07-09 22:30:00+01:00,4045.798
2026-07-09 23:00:00+01:00,3930.306
2026-07-09 23:30:00+01:00,3856.784
2026-07-10 00:00:00+01:00,3738.493
2026-07-10 00:30:00+01:00,3660.321
2026-07-10 01:00:00+01:00,3561.601
2026-07-10 01:30:00+01:00,3522.403
2026-07-10 02:00:00+01:00,3467.403
2026-07-10 02:30:00+01:00,3546.171
2026-07-10 03:00:00+01:00,3472.285
2026-07-10 03:30:00+01:00,3431.703
2026-07-10 04:00:00+01:00,3385.118
2026-07-10 04:30:00+01:00,3365.448
2026-07-10 05:00:00+01:00,3342.692
2026-07-10 05:30:00+01:00,3345.037
2026-07-10 06:00:00+01:00,3420.055
2026-07-10 06:30:00+01:00,3573.442
2026-07-10 07:00:00+01:00,3714.959
2026-07-10 07:30:00+01:00,3918.909
2026-07-10 08:00:00+01:00,4044.122
2026-07-10 08:30:00+01:00,4160.539
2026-07-10 09:00:00+01:00,4189.006
2026-07-10 09:30:00+01:00,4156.0
2026-07-10 10:00:00+01:00,4058.695
2026-07-10 10:30:00+01:00,3991.373
2026-07-10 11:00:00+01:00,3930.711
2026-07-10 11:30:00+01:00,3919.705
2026-07-10 12:00:00+01:00,3872.193
2026-07-10 12:30:00+01:00,3862.166
2026-07-10 13:00:00+01:00,3838.272
2026-07-10 13:30:00+01:00,3787.942
2026-07-10 14:00:00+01:00,3775.577
2026-07-10 14:30:00+01:00,3766.645
2026-07-10 15:00:00+01:00,3774.33
2026-07-10 15:30:00+01:00,3779.71
2026-07-10 16:00:00+01:00,3779.958
2026-07-10 16:30:00+01:00,3872.094
2026-07-10 17:00:00+01:00,3941.514
2026-07-10 17:30:00+01:00,4033.532
2026-07-10 18:00:00+01:00,4073.273
2026-07-10 18:30:00+01:00,4111.826
2026-07-10 19:00:00+01:00,4143.582
2026-07-10 19:30:00+01:00,4150.476
2026-07-10 20:00:00+01:00,4154.319
2026-07-10 20:30:00+01:00,4133.61
2026-07-10 21:00:00+01:00,4106.935
2026-07-10 21:30:00+01:00,4020.022
2026-07-10 22:00:00+01:00,3943.21
2026-07-10 22:30:00+01:00,3957.18
2026-07-10 23:00:00+01:00,3840.249
2026-07-10 23:30:00+01:00,3771.848
2026-07-11 00:00:00+01:00,3672.278
2026-07-11 00:30:00+01:00,3614.176
2026-07-11 01:00:00+01:00,3529.75
2026-07-11 01:30:00+01:00,3465.095
2026-07-11 02:00:00+01:00,3432.228
2026-07-11 02:30:00+01:00,3516.856
2026-07-11 03:00:00+01:00,3435.691
2026-07-11 03:30:00+01:00,3392.296
2026-07-11 04:00:00+01:00,3327.904
2026-07-11 04:30:00+01:00,3289.91
2026-07-11 05:00:00+01:00,3233.861
2026-07-11 05:30:00+01:00,3187.612
2026-07-11 06:00:00+01:00,3197.256
2026-07-11 06:30:00+01:00,3237.589
2026-07-11 07:00:00+01:00,3310.01
2026-07-11 07:30:00+01:00,3388.941
2026-07-11 08:00:00+01:00,3477.947
2026-07-11 08:30:00+01:00,3558.724
2026-07-11 09:00:00+01:00,3573.957
2026-07-11 09:30:00+01:00,3577.858
2026-07-11 10:00:00+01:00,3545.858
2026-07-11 10:30:00+01:00,3550.819
2026-07-11 11:00:00+01:00,3495.049
2026-07-11 11:30:00+01:00,3401.964
2026-07-11 12:00:00+01:00,3353.858
2026-07-11 12:30:00+01:00,3354.658
2026-07-11 13:00:00+01:00,3335.98
2026-07-11 13:30:00+01:00,3318.698
2026-07-11 15:00:00+01:00,3275.453
2026-07-11 15:30:00+01:00,3322.617
2026-07-11 16:00:00+01:00,3376.52
2026-07-11 16:30:00+01:00,3443.067
2026-07-11 17:00:00+01:00,3544.793
2026-07-11 17:30:00+01:00,3656.508
2026-07-11 18:00:00+01:00,3745.705
2026-07-11 18:30:00+01:00,3771.865
2026-07-11 19:00:00+01:00,3831.993
2026-07-11 19:30:00+01:00,3840.01
2026-07-11 20:00:00+01:00,3875.048
2026-07-11 20:30:00+01:00,3875.225
2026-07-11 21:00:00+01:00,3845.535
2026-07-11 21:30:00+01:00,3812.673
2026-07-11 22:00:00+01:00,3778.886
2026-07-11 22:30:00+01:00,3752.543
2026-07-11 23:00:00+01:00,3686.854
2026-07-11 23:30:00+01:00,3622.394
2026-07-12 00:00:00+01:00,3538.157
2026-07-12 00:30:00+01:00,3528.142
2026-07-12 01:00:00+01:00,3466.245
2026-07-12 01:30:00+01:00,3401.918
2026-07-12 02:00:00+01:00,3360.271
2026-07-12 02:30:00+01:00,3412.906
2026-07-12 03:00:00+01:00,3354.392
2026-07-12 03:30:00+01:00,3308.709
2026-07-12 04:00:00+01:00,3253.53
2026-07-12 04:30:00+01:00,3220.258
2026-07-12 05:00:00+01:00,3162.99
2026-07-12 05:30:00+01:00,3107.274
2026-07-12 06:00:00+01:00,3108.982
2026-07-12 06:30:00+01:00,3128.961
2026-07-12 07:00:00+01:00,3168.745
2026-07-12 07:30:00+01:00,3233.696
2026-07-12 08:00:00+01:00,3269.98
2026-07-12 08:30:00+01:00,3318.413
2026-07-12 09:00:00+01:00,3360.169
2026-07-12 09:30:00+01:00,3370.007
2026-07-12 10:00:00+01:00,3318.023
2026-07-12 10:30:00+01:00,3300.988
2026-07-12 11:00:00+01:00,3228.453
2026-07-12 11:30:00+01:00,3181.394
2026-07-12 12:00:00+01:00,3132.858
2026-07-12 12:30:00+01:00,3125.644
2026-07-12 13:00:00+01:00,3093.968
2026-07-12 13:30:00+01:00,3074.618
2026-07-12 14:00:00+01:00,3043.848
2026-07-12 14:30:00+01:00,3027.845
2026-07-12 15:00:00+01:00,3016.61
2026-07-12 15:30:00+01:00,3056.031
2026-07-12 16:00:00+01:00,3111.946
2026-07-12 16:30:00+01:00,3147.008
2026-07-12 17:00:00+01:00,3264.898
2026-07-12 17:30:00+01:00,3368.374
2026-07-12 18:00:00+01:00,3511.584
2026-07-12 18:30:00+01:00,3591.112
2026-07-12 19:00:00+01:00,3687.953
2026-07-12 19:30:00+01:00,3754.859
2026-07-12 20:00:00+01:00,3770.386
2026-07-12 20:30:00+01:00,3802.354
2026-07-12 21:00:00+01:00,3797.994
2026-07-12 21:30:00+01:00,3743.651
2026-07-12 22:00:00+01:00,3680.95
2026-07-12 22:30:00+01:00,3664.834
2026-07-12 23:00:00+01:00,3557.624
2026-07-12 23:30:00+01:00,3496.682
2026-07-13 00:00:00+01:00,3391.793
2026-07-13 00:30:00+01:00,3365.419
2026-07-13 01:00:00+01:00,3294.467
2026-07-13 01:30:00+01:00,3251.861
2026-07-13 02:00:00+01:00,3234.535
2026-07-13 02:30:00+01:00,3314.117
2026-07-13 03:00:00+01:00,3267.528
2026-07-13 03:30:00+01:00,3217.15
2026-07-13 04:00:00+01:00,3189.524
2026-07-13 04:30:00+01:00,3178.661
2026-07-13 05:00:00+01:00,3144.345
2026-07-13 05:30:00+01:00,3134.018
2026-07-13 06:00:00+01:00,3223.535
2026-07-13 06:30:00+01:00,3363.186
2026-07-13 07:00:00+01:00,3526.02
2026-07-13 07:30:00+01:00,3732.666
2026-07-13 08:00:00+01:00,3852.272
2026-07-13 08:30:00+01:00,3955.629
2026-07-13 09:00:00+01:00,3962.68
2026-07-13 09:30:00+01:00,3969.08
2026-07-13 10:00:00+01:00,3886.147
2026-07-13 10:30:00+01:00,3828.92
2026-07-13 11:00:00+01:00,3746.532
2026-07-13 11:30:00+01:00,3685.526
2026-07-13 12:00:00+01:00,3632.448
2026-07-13 12:30:00+01:00,3614.299
2026-07-13 13:00:00+01:00,3620.126
2026-07-13 13:30:00+01:00,3573.392
2026-07-13 14:00:00+01:00,3590.302
2026-07-13 14:30:00+01:00,3566.806
2026-07-13 15:00:00+01:00,3548.494
2026-07-13 15:30:00+01:00,3574.51
2026-07-13 16:00:00+01:00,3609.402
2026-07-13 16:30:00+01:00,3696.028
2026-07-13 17:00:00+01:00,3790.719
2026-07-13 17:30:00+01:00,3895.039
2026-07-13 18:00:00+01:00,3978.671
2026-07-13 18:30:00+01:00,4010.358
2026-07-13 19:00:00+01:00,4029.3
2026-07-13 19:30:00+01:00,4066.585
2026-07-13 20:00:00+01:00,4086.922
2026-07-13 20:30:00+01:00,4122.498
2026-07-13 21:00:00+01:00,4093.104
2026-07-13 21:30:00+01:00,4004.697
2026-07-13 23:00:00+01:00,3791.846
2026-07-13 23:30:00+01:00,3698.138
2026-07-14 00:00:00+01:00,3567.162
2026-07-14 00:30:00+01:00,3501.088
2026-07-14 01:00:00+01:00,3412.875
2026-07-14 01:30:00+01:00,3362.097
2026-07-14 02:00:00+01:00,3348.986
2026-07-14 02:30:00+01:00,3427.993
2026-07-14 03:00:00+01:00,3407.815
2026-07-14 03:30:00+01:00,3367.851
2026-07-14 04:00:00+01:00,3321.761
2026-07-14 04:30:00+01:00,3332.8
2026-07-14 05:00:00+01:00,3288.528
2026-07-14 05:30:00+01:00,3265.109
2026-07-14 06:00:00+01:00,3340.577
2026-07-14 06:30:00+01:00,3489.639
2026-07-14 07:00:00+01:00,3664.961
2026-07-14 07:30:00+01:00,3850.971
2026-07-14 08:00:00+01:00,3972.308
2026-07-14 08:30:00+01:00,4072.822
2026-07-14 09:00:00+01:00,4044.086
2026-07-14 09:30:00+01:00,4007.807
2026-07-14 10:00:00+01:00,3887.213
2026-07-14 10:30:00+01:00,3792.36
2026-07-14 11:00:00+01:00,3743.985
2026-07-14 11:30:00+01:00,3677.526
2026-07-14 12:00:00+01:00,3625.754
2026-07-14 12:30:00+01:00,3592.67
2026-07-14 13:00:00+01:00,3574.646
2026-07-14 13:30:00+01:00,3557.598
2026-07-14 14:00:00+01:00,3546.738
2026-07-14 14:30:00+01:00,3546.904
2026-07-14 15:00:00+01:00,3551.525
2026-07-14 15:30:00+01:00,3584.113
2026-07-14 16:00:00+01:00,3641.008
2026-07-14 16:30:00+01:00,3713.506
2026-07-14 17:00:00+01:00,3829.124
2026-07-14 17:30:00+01:00,3933.874
2026-07-14 18:00:00+01:00,4018.269
2026-07-14 18:30:00+01:00,4072.858
2026-07-14 19:00:00+01:00,4112.948
2026-07-14 19:30:00+01:00,4157.095
2026-07-14 20:00:00+01:00,4178.963
2026-07-14 20:30:00+01:00,4143.52
2026-07-14 21:00:00+01:00,4138.616
2026-07-14 21:30:00+01:00,4007.275
2026-07-14 22:00:00+01:00,3890.982
2026-07-14 22:30:00+01:00,3953.602
2026-07-14 23:00:00+01:00,3831.238
2026-07-14 23:30:00+01:00,3747.367
2026-07-15 00:00:00+01:00,3638.274
2026-07-15 00:30:00+01:00,3564.671
2026-07-15 01:00:00+01:00,3476.097
2026-07-15 01:30:00+01:00,3414.559
2026-07-15 02:00:00+01:00,3392.837
2026-07-15 02:30:00+01:00,3479.238
2026-07-15 03:00:00+01:00,3425.947
2026-07-15 03:30:00+01:00,3376.553
2026-07-15 04:00:00+01:00,3335.658
2026-07-15 04:30:00+01:00,3313.306
2026-07-15 05:00:00+01:00,3285.682
2026-07-15 05:30:00+01:00,3291.938
2026-07-15 06:00:00+01:00,3378.62
2026-07-15 06:30:00+01:00,3526.07
2026-07-15 07:00:00+01:00,3681.235
2026-07-15 07:30:00+01:00,3882.493
2026-07-15 08:00:00+01:00,3995.582
2026-07-15 08:30:00+01:00,4127.762
2026-07-15 09:00:00+01:00,4156.898
2026-07-15 09:30:00+01:00,4137.253
2026-07-15 10:00:00+01:00,4033.065
2026-07-15 10:30:00+01:00,3943.692
2026-07-15 11:00:00+01:00,3880.85
2026-07-15 11:30:00+01:00,3851.725
2026-07-15 12:00:00+01:00,3785.433
2026-07-15 12:30:00+01:00,3800.212
2026-07-15 14:00:00+01:00,3701.001
2026-07-15 14:30:00+01:00,3725.165
2026-07-15 15:00:00+01:00,3733.697
2026-07-15 15:30:00+01:00,3772.231
2026-07-15 16:00:00+01:00,3812.414
2026-07-15 16:30:00+01:00,3898.732
2026-07-15 17:00:00+01:00,3985.837
2026-07-15 17:30:00+01:00,4100.223
2026-07-15 18:00:00+01:00,4160.248
2026-07-15 18:30:00+01:00,4213.706
2026-07-15 19:00:00+01:00,4235.423
2026-07-15 19:30:00+01:00,4259.721
2026-07-15 20:00:00+01:00,4255.009
2026-07-15 20:30:00+01:00,4203.595
2026-07-15 21:00:00+01:00,4202.487
2026-07-15 21:30:00+01:00,4048.575
2026-07-15 22:00:00+01:00,3931.116
2026-07-15 22:30:00+01:00,4045.812
2026-07-15 23:00:00+01:00,3935.236
2026-07-15 23:30:00+01:00,3837.043
2026-07-16 00:00:00+01:00,3694.172
2026-07-16 00:30:00+01:00,3636.497
2026-07-16 01:00:00+01:00,3542.27
2026-07-16 01:30:00+01:00,3470.852
2026-07-16 02:00:00+01:00,3448.678
2026-07-16 02:30:00+01:00,3535.295
2026-07-16 03:00:00+01:00,3484.429
2026-07-16 03:30:00+01:00,3449.326
2026-07-16 04:00:00+01:00,3394.508
2026-07-16 04:30:00+01:00,3361.813
2026-07-16 05:00:00+01:00,3343.18
2026-07-16 05:30:00+01:00,3350.997
2026-07-16 07:00:00+01:00,3745.315
2026-07-16 07:30:00+01:00,3943.26
2026-07-16 08:00:00+01:00,4073.934
2026-07-16 08:30:00+01:00,4187.589
2026-07-16 09:00:00+01:00,4220.458
2026-07-16 09:30:00+01:00,4186.376
2026-07-16 10:00:00+01:00,4092.993
2026-07-16 10:30:00+01:00,4027.445
2026-07-16 11:00:00+01:00,3963.063
2026-07-16 11:30:00+01:00,3945.897
2026-07-16 12:00:00+01:00,3926.033
2026-07-16 12:30:00+01:00,3880.35
2026-07-16 13:00:00+01:00,3885.446
2026-07-16 13:30:00+01:00,3823.864
2026-07-16 14:00:00+01:00,3775.953
2026-07-16 14:30:00+01:00,3776.83
2026-07-16 15:00:00+01:00,3776.285
2026-07-16 15:30:00+01:00,3825.906
2026-07-16 16:00:00+01:00,3828.127
2026-07-16 16:30:00+01:00,3900.91
2026-07-16 17:00:00+01:00,3961.935
2026-07-16 17:30:00+01:00,4045.698
2026-07-16 18:00:00+01:00,4121.87
2026-07-16 18:30:00+01:00,4146.43
2026-07-16 19:00:00+01:00,4166.098
2026-07-16 19:30:00+01:00,4212.233
2026-07-16 20:00:00+01:00,4214.357
2026-07-16 20:30:00+01:00,4204.025
2026-07-16 21:00:00+01:00,4178.148
2026-07-16 21:30:00+01:00,4102.354
2026-07-16 22:00:00+01:00,4049.734
2026-07-16 22:30:00+01:00,4014.784
2026-07-16 23:00:00+01:00,3888.74
2026-07-16 23:30:00+01:00,3811.318
2026-07-17 00:00:00+01:00,3701.772
2026-07-17 00:30:00+01:00,3636.257
2026-07-17 01:00:00+01:00,3554.399
2026-07-17 01:30:00+01:00,3525.088
2026-07-17 02:00:00+01:00,3470.463
2026-07-17 02:30:00+01:00,3529.239
2026-07-17 03:00:00+01:00,3477.439
2026-07-17 03:30:00+01:00,3436.284
2026-07-17 04:00:00+01:00,3386.767
2026-07-17 04:30:00+01:00,3343.29
2026-07-17 05:00:00+01:00,3330.395
2026-07-17 05:30:00+01:00,3333.344
2026-07-17 06:00:00+01:00,3396.525
2026-07-17 06:30:00+01:00,3544.182
2026-07-17 07:00:00+01:00,3696.482
2026-07-17 07:30:00+01:00,3882.432
2026-07-17 08:00:00+01:00,4005.92
2026-07-17 08:30:00+01:00,4101.52
2026-07-17 09:00:00+01:00,4120.606
2026-07-17 09:30:00+01:00,4115.6
2026-07-17 10:00:00+01:00,4013.61
2026-07-17 10:30:00+01:00,3927.898
2026-07-17 11:00:00+01:00,3886.472
2026-07-17 11:30:00+01:00,3849.886
2026-07-17 12:00:00+01:00,3788.423
2026-07-17 12:30:00+01:00,3756.386
2026-07-17 13:00:00+01:00,3711.678
2026-07-17 13:30:00+01:00,3670.359
2026-07-17 14:00:00+01:00,3662.036
2026-07-17 14:30:00+01:00,3644.286
2026-07-17 15:00:00+01:00,3618.312
2026-07-17 15:30:00+01:00,3620.322
2026-07-17 16:00:00+01:00,3649.965
2026-07-17 16:30:00+01:00,3730.756
2026-07-17 17:00:00+01:00,3792.416
2026-07-17 17:30:00+01:00,3881.265
2026-07-17 18:00:00+01:00,3957.215
2026-07-17 18:30:00+01:00,4004.547
2026-07-17 19:00:00+01:00,4035.471
2026-07-17 19:30:00+01:00,4048.86
2026-07-17 20:00:00+01:00,4071.972
2026-07-17 20:30:00+01:00,4036.871
2026-07-17 21:00:00+01:00,4006.785
2026-07-17 21:30:00+01:00,3939.082
2026-07-17 22:00:00+01:00,3895.648
2026-07-17 22:30:00+01:00,3869.507
2026-07-17 23:00:00+01:00,3791.601
2026-07-17 23:30:00+01:00,3731.611
2026-07-18 00:00:00+01:00,3636.368
2026-07-18 00:30:00+01:00,3570.154
2026-07-18 01:00:00+01:00,3450.286
2026-07-18 01:30:00+01:00,3372.616
2026-07-18 02:00:00+01:00,3342.703
2026-07-18 02:30:00+01:00,3429.455
2026-07-18 03:00:00+01:00,3381.06
2026-07-18 03:30:00+01:00,3302.665
2026-07-18 04:00:00+01:00,3262.133
2026-07-18 04:30:00+01:00,3212.777
2026-07-18 05:00:00+01:00,3197.767
2026-07-18 05:30:00+01:00,3155.316
2026-07-18 06:00:00+01:00,3189.663
2026-07-18 06:30:00+01:00,3231.259
2026-07-18 07:00:00+01:00,3304.224
2026-07-18 07:30:00+01:00,3377.428
2026-07-18 08:00:00+01:00,3436.293
2026-07-18 08:30:00+01:00,3496.216
2026-07-18 09:00:00+01:00,3512.168
2026-07-18 09:30:00+01:00,3522.551
2026-07-18 10:00:00+01:00,3443.271
2026-07-18 10:30:00+01:00,3414.146
2026-07-18 11:00:00+01:00,3356.492
2026-07-18 11:30:00+01:00,3306.943
2026-07-18 12:00:00+01:00,3278.543
2026-07-18 12:30:00+01:00,3262.527
2026-07-18 13:00:00+01:00,3219.321
2026-07-18 13:30:00+01:00,3197.164
2026-07-18 14:00:00+01:00,3153.623
2026-07-18 14:30:00+01:00,3133.85
2026-07-18 15:00:00+01:00,3129.074
2026-07-18 15:30:00+01:00,3156.368
2026-07-18 16:00:00+01:00,3163.116
2026-07-18 16:30:00+01:00,3249.504
2026-07-18 17:00:00+01:00,3356.798
2026-07-18 17:30:00+01:00,3480.579
2026-07-18 18:00:00+01:00,3567.148
2026-07-18 18:30:00+01:00,3632.196
2026-07-18 19:00:00+01:00,3679.069
2026-07-18 19:30:00+01:00,3740.359
2026-07-18 20:00:00+01:00,3743.514
2026-07-18 20:30:00+01:00,3739.458
2026-07-18 21:00:00+01:00,3742.526
2026-07-18 21:30:00+01:00,3679.977
2026-07-18 22:00:00+01:00,3676.899
2026-07-18 22:30:00+01:00,3632.41
2026-07-18 23:00:00+01:00,3554.412
2026-07-18 23:30:00+01:00,3512.204
2026-07-19 00:00:00+01:00,3409.429
2026-07-19 00:30:00+01:00,3369.604
2026-07-19 01:00:00+01:00,3287.466
2026-07-19 01:30:00+01:00,3230.6
2026-07-19 02:00:00+01:00,3221.047
2026-07-19 02:30:00+01:00,3290.974
2026-07-19 03:00:00+01:00,3215.994
2026-07-19 03:30:00+01:00,3192.308
2026-07-19 04:00:00+01:00,3143.214
2026-07-19 04:30:00+01:00,3109.438
2026-07-19 05:00:00+01:00,3084.153
2026-07-19 05:30:00+01:00,3024.363
2026-07-19 06:00:00+01:00,3014.035
2026-07-19 06:30:00+01:00,3020.73
2026-07-19 07:00:00+01:00,3042.476
2026-07-19 07:30:00+01:00,3108.486
2026-07-19 08:00:00+01:00,3150.044
2026-07-19 08:30:00+01:00,3207.888
2026-07-19 09:00:00+01:00,3242.92
2026-07-19 09:30:00+01:00,3271.23
2026-07-19 11:00:00+01:00,3236.064
2026-07-19 11:30:00+01:00,3230.04
2026-07-19 12:00:00+01:00,3184.304
2026-07-19 12:30:00+01:00,3143.834
2026-07-19 13:00:00+01:00,3134.296
2026-07-19 13:30:00+01:00,3113.226
2026-07-19 14:00:00+01:00,3112.262
2026-07-19 14:30:00+01:00,3070.187
2026-07-19 15:00:00+01:00,3073.543
2026-07-19 15:30:00+01:00,3088.039
2026-07-19 16:00:00+01:00,3105.266
2026-07-19 16:30:00+01:00,3202.405
2026-07-19 17:00:00+01:00,3262.338
2026-07-19 17:30:00+01:00,3431.386
2026-07-19 18:00:00+01:00,3567.003
2026-07-19 18:30:00+01:00,3639.812
2026-07-19 19:00:00+01:00,3705.183
2026-07-19 19:30:00+01:00,3756.426
2026-07-19 20:00:00+01:00,3747.073
2026-07-19 20:30:00+01:00,3697.536
2026-07-19 21:00:00+01:00,3724.363
2026-07-19 21:30:00+01:00,3626.99
2026-07-19 22:00:00+01:00,3575.342
2026-07-19 22:30:00+01:00,3578.373
2026-07-19 23:00:00+01:00,3481.357
2026-07-19 23:30:00+01:00,3520.648
2026-07-20 00:00:00+01:00,3443.054
2026-07-20 00:30:00+01:00,3384.071
2026-07-20 01:00:00+01:00,3295.967
2026-07-20 01:30:00+01:00,3233.807
2026-07-20 03:00:00+01:00,3235.919
2026-07-20 03:30:00+01:00,3201.084
2026-07-20 04:00:00+01:00,3172.141
2026-07-20 04:30:00+01:00,3156.224
2026-07-20 05:00:00+01:00,3151.979
2026-07-20 05:30:00+01:00,3151.495
2026-07-20 06:00:00+01:00,3215.011
2026-07-20 06:30:00+01:00,3370.108
2026-07-20 07:00:00+01:00,3525.19
2026-07-20 07:30:00+01:00,3697.206
2026-07-20 08:00:00+01:00,3813.665
2026-07-20 08:30:00+01:00,3934.32
2026-07-20 09:00:00+01:00,4003.227
2026-07-20 09:30:00+01:00,4027.409
2026-07-20 11:00:00+01:00,3940.264
2026-07-20 11:30:00+01:00,3903.999
2026-07-20 12:00:00+01:00,3863.648
2026-07-20 12:30:00+01:00,3838.413
2026-07-20 14:00:00+01:00,3705.904
2026-07-20 14:30:00+01:00,3688.966
2026-07-20 15:00:00+01:00,3671.614
2026-07-20 15:30:00+01:00,3693.846
2026-07-20 18:00:00+01:00,4077.866
2026-07-20 18:30:00+01:00,4091.631
2026-07-20 19:00:00+01:00,4131.813
2026-07-20 19:30:00+01:00,4153.879
2026-07-20 20:00:00+01:00,4129.34
2026-07-20 20:30:00+01:00,4095.943
2026-07-20 21:00:00+01:00,4072.405
2026-07-20 21:30:00+01:00,4005.728
2026-07-20 22:00:00+01:00,3963.39
2026-07-20 22:30:00+01:00,3910.982
2026-07-20 23:00:00+01:00,3772.575
2026-07-20 23:30:00+01:00,3692.008
2026-07-21 01:00:00+01:00,3411.824
2026-07-21 01:30:00+01:00,3365.972
2026-07-21 02:00:00+01:00,3344.906
2026-07-21 02:30:00+01:00,3442.582
2026-07-21 04:00:00+01:00,3316.957
2026-07-21 04:30:00+01:00,3274.428
2026-07-21 05:00:00+01:00,3254.437
2026-07-21 05:30:00+01:00,3265.238
2026-07-21 06:00:00+01:00,3341.803
2026-07-21 06:30:00+01:00,3521.91
2026-07-21 07:00:00+01:00,3682.975
2026-07-21 07:30:00+01:00,3886.489
2026-07-21 08:00:00+01:00,4018.71
2026-07-21 08:30:00+01:00,4158.8
2026-07-21 09:00:00+01:00,4201.247
2026-07-21 09:30:00+01:00,4226.861
2026-07-21 10:00:00+01:00,4190.178
2026-07-21 10:30:00+01:00,4138.801
2026-07-21 11:00:00+01:00,4072.513
2026-07-21 11:30:00+01:00,4042.574
2026-07-21 12:00:00+01:00,3982.574
2026-07-21 12:30:00+01:00,3944.7
2026-07-21 13:00:00+01:00,3922.716
2026-07-21 13:30:00+01:00,3856.211
2026-07-21 14:00:00+01:00,3841.551
2026-07-21 14:30:00+01:00,3822.318
2026-07-21 15:00:00+01:00,3803.139
2026-07-21 15:30:00+01:00,3855.912
2026-07-21 16:00:00+01:00,3919.248
2026-07-21 16:30:00+01:00,3989.217
2026-07-21 17:00:00+01:00,4079.188
2026-07-21 17:30:00+01:00,4153.475
2026-07-21 18:00:00+01:00,4193.891
2026-07-21 18:30:00+01:00,4181.584
2026-07-21 19:00:00+01:00,4136.122
2026-07-21 19:30:00+01:00,4163.288
2026-07-21 20:00:00+01:00,4159.14
2026-07-21 20:30:00+01:00,4136.081
2026-07-21 21:00:00+01:00,4075.514
2026-07-21 21:30:00+01:00,4008.777
2026-07-21 22:00:00+01:00,3962.69
2026-07-21 22:30:00+01:00,3896.047
2026-07-21 23:00:00+01:00,3735.77
2026-07-21 23:30:00+01:00,3646.658
2026-07-22 00:00:00+01:00,3541.638
2026-07-22 00:30:00+01:00,3473.63
2026-07-22 01:00:00+01:00,3395.14
2026-07-22 01:30:00+01:00,3331.681
2026-07-22 02:00:00+01:00,3327.716
2026-07-22 02:30:00+01:00,3415.716
2026-07-22 03:00:00+01:00,3346.305
2026-07-22 03:30:00+01:00,3313.498
2026-07-22 04:00:00+01:00,3267.693
2026-07-22 04:30:00+01:00,3249.462
2026-07-22 05:00:00+01:00,3077.852
2026-07-22 05:30:00+01:00,3085.708
2026-07-22 06:00:00+01:00,3140.312
2026-07-22 06:30:00+01:00,3298.56
2026-07-22 07:00:00+01:00,3449.49
2026-07-22 07:30:00+01:00,3836.426
2026-07-22 08:00:00+01:00,3956.458
2026-07-22 08:30:00+01:00,4081.264
2026-07-22 09:00:00+01:00,4052.644
2026-07-22 09:30:00+01:00,3990.227
2026-07-22 10:00:00+01:00,3921.987
2026-07-22 10:30:00+01:00,3867.482
2026-07-22 11:00:00+01:00,3867.31
2026-07-22 11:30:00+01:00,3753.527
2026-07-22 12:00:00+01:00,3750.723
2026-07-22 12:30:00+01:00,3717.907
2026-07-22 13:00:00+01:00,3757.184
2026-07-22 13:30:00+01:00,3688.906
2026-07-22 14:00:00+01:00,3638.052
2026-07-22 14:30:00+01:00,3662.683
2026-07-22 15:00:00+01:00,3676.652
2026-07-22 15:30:00+01:00,3701.745
2026-07-22 16:00:00+01:00,3745.506
2026-07-22 16:30:00+01:00,3851.732
2026-07-22 17:00:00+01:00,3975.875
2026-07-22 17:30:00+01:00,4069.542
2026-07-22 18:00:00+01:00,4127.614
2026-07-22 18:30:00+01:00,4157.58
2026-07-22 19:00:00+01:00,4146.672
2026-07-22 19:30:00+01:00,4162.907
2026-07-22 20:00:00+01:00,4135.354
2026-07-22 20:30:00+01:00,4141.625
2026-07-22 21:00:00+01:00,4095.029
2026-07-22 21:30:00+01:00,4041.935
2026-07-22 22:00:00+01:00,4008.743
2026-07-22 22:30:00+01:00,3924.714
2026-07-22 23:00:00+01:00,3779.455
2026-07-22 23:30:00+01:00,3689.006
2026-07-23 00:00:00+01:00,3562.697
2026-07-23 00:30:00+01:00,3488.086
2026-07-23 01:00:00+01:00,3418.379
2026-07-23 01:30:00+01:00,3383.747
2026-07-23 02:00:00+01:00,3347.37
2026-07-23 02:30:00+01:00,3409.52
2026-07-23 03:00:00+01:00,3369.983
2026-07-23 03:30:00+01:00,3353.561
2026-07-23 04:00:00+01:00,3303.892
2026-07-23 04:30:00+01:00,3286.659
2026-07-23 05:00:00+01:00,3285.266
2026-07-23 05:30:00+01:00,3276.777
2026-07-23 06:00:00+01:00,3334.292
2026-07-23 06:30:00+01:00,3489.841
2026-07-23 07:00:00+01:00,3647.25
2026-07-23 07:30:00+01:00,3863.22
2026-07-23 08:00:00+01:00,3995.945
2026-07-23 08:30:00+01:00,4093.213
2026-07-23 09:00:00+01:00,4096.782
2026-07-23 09:30:00+01:00,4064.191
2026-07-23 10:00:00+01:00,3943.527
2026-07-23 10:30:00+01:00,3902.93
2026-07-23 11:00:00+01:00,3897.082
2026-07-23 11:30:00+01:00,3952.67
2026-07-23 12:00:00+01:00,3994.46
2026-07-23 12:30:00+01:00,4054.625
2026-07-23 13:00:00+01:00,4051.332
2026-07-23 13:30:00+01:00,3952.624
2026-07-23 14:00:00+01:00,3964.466
2026-07-23 14:30:00+01:00,3978.814
2026-07-23 15:00:00+01:00,3974.28
2026-07-23 15:30:00+01:00,3960.076
2026-07-23 16:00:00+01:00,3956.299
2026-07-23 16:30:00+01:00,4005.686
2026-07-23 17:00:00+01:00,4070.958
2026-07-23 17:30:00+01:00,4148.55
2026-07-23 18:00:00+01:00,4185.852
2026-07-23 18:30:00+01:00,4208.229
2026-07-23 19:00:00+01:00,4179.288
2026-07-23 19:30:00+01:00,4164.236
2026-07-23 20:00:00+01:00,4154.37
2026-07-23 20:30:00+01:00,4133.314
2026-07-23 21:00:00+01:00,4093.317
2026-07-23 21:30:00+01:00,4045.212
2026-07-23 22:00:00+01:00,3987.341
2026-07-23 22:30:00+01:00,3922.704
2026-07-24 00:00:00+01:00,3599.69
2026-07-24 00:30:00+01:00,3533.826
2026-07-24 01:00:00+01:00,3447.681
2026-07-24 01:30:00+01:00,3411.745
2026-07-24 02:00:00+01:00,3376.404
2026-07-24 02:30:00+01:00,3453.217
2026-07-24 03:00:00+01:00,3383.277
2026-07-24 03:30:00+01:00,3358.027
2026-07-24 04:00:00+01:00,3307.56
2026-07-24 04:30:00+01:00,3263.935
2026-07-24 05:00:00+01:00,3282.5
2026-07-24 05:30:00+01:00,3283.342
2026-07-24 06:00:00+01:00,3322.938
2026-07-24 06:30:00+01:00,3478.08
2026-07-24 07:00:00+01:00,3645.289
2026-07-24 07:30:00+01:00,3869.353
2026-07-24 08:00:00+01:00,3995.359
2026-07-24 08:30:00+01:00,4134.941
2026-07-24 09:00:00+01:00,4161.628
2026-07-24 09:30:00+01:00,4182.53
2026-07-24 10:00:00+01:00,4144.669
2026-07-24 10:30:00+01:00,4092.846
2026-07-24 11:00:00+01:00,4055.674
2026-07-24 11:30:00+01:00,4019.725
2026-07-24 12:00:00+01:00,3948.961
2026-07-24 12:30:00+01:00,3912.458
2026-07-24 13:00:00+01:00,3841.878
2026-07-24 13:30:00+01:00,3730.407
2026-07-24 14:00:00+01:00,3675.082
2026-07-24 14:30:00+01:00,3645.906
2026-07-24 15:00:00+01:00,3596.087
2026-07-24 15:30:00+01:00,3580.461
2026-07-24 16:00:00+01:00,3621.186
2026-07-24 16:30:00+01:00,3670.257
2026-07-24 17:00:00+01:00,3759.745
2026-07-24 17:30:00+01:00,3853.738
2026-07-24 18:00:00+01:00,3952.267
2026-07-24 18:30:00+01:00,4000.786
2026-07-24 19:00:00+01:00,4040.812
2026-07-24 19:30:00+01:00,4067.322
2026-07-24 20:00:00+01:00,4071.093
2026-07-24 20:30:00+01:00,4056.934
2026-07-24 21:00:00+01:00,4011.369
2026-07-24 21:30:00+01:00,3936.984
2026-07-24 22:00:00+01:00,3892.948
2026-07-24 22:30:00+01:00,3815.966
2026-07-24 23:00:00+01:00,3691.589
2026-07-24 23:30:00+01:00,3639.215
2026-07-25 00:00:00+01:00,3513.098
2026-07-25 00:30:00+01:00,3449.37
2026-07-25 01:00:00+01:00,3374.432
2026-07-25 01:30:00+01:00,3344.236
2026-07-25 02:00:00+01:00,3323.307
2026-07-25 02:30:00+01:00,3400.94
2026-07-25 03:00:00+01:00,3328.53
2026-07-25 03:30:00+01:00,3261.874
2026-07-25 04:00:00+01:00,3227.805
2026-07-25 04:30:00+01:00,3168.165
2026-07-25 06:00:00+01:00,3103.864
2026-07-25 06:30:00+01:00,3174.638
2026-07-25 07:00:00+01:00,3218.266
2026-07-25 07:30:00+01:00,3320.731
2026-07-25 08:00:00+01:00,3402.676
2026-07-25 08:30:00+01:00,3509.226
2026-07-25 09:00:00+01:00,3678.033
2026-07-25 09:30:00+01:00,3756.195
2026-07-25 10:00:00+01:00,3761.435
2026-07-25 10:30:00+01:00,3789.92
2026-07-25 11:00:00+01:00,3800.139
2026-07-25 11:30:00+01:00,3836.377
2026-07-25 12:00:00+01:00,3793.842
2026-07-25 12:30:00+01:00,3744.566
2026-07-25 13:00:00+01:00,3742.152
2026-07-25 13:30:00+01:00,3658.292
2026-07-25 14:00:00+01:00,3622.289
2026-07-25 14:30:00+01:00,3534.803
2026-07-25 15:00:00+01:00,3535.478
2026-07-25 15:30:00+01:00,3619.809
2026-07-25 16:00:00+01:00,3656.69
2026-07-25 16:30:00+01:00,3722.194
2026-07-25 17:00:00+01:00,3803.057
2026-07-25 17:30:00+01:00,3925.721
2026-07-25 18:00:00+01:00,3969.503
2026-07-25 18:30:00+01:00,3926.336
2026-07-25 19:00:00+01:00,3881.757
2026-07-25 19:30:00+01:00,3837.466
2026-07-25 20:00:00+01:00,3823.124
2026-07-25 20:30:00+01:00,3781.586
2026-07-25 21:00:00+01:00,3750.715
2026-07-25 21:30:00+01:00,3706.349
2026-07-25 23:00:00+01:00,3606.033
2026-07-25 23:30:00+01:00,3534.651
2026-07-26 00:00:00+01:00,3435.246
2026-07-26 00:30:00+01:00,3397.048
2026-07-26 01:00:00+01:00,3271.817
2026-07-26 01:30:00+01:00,3248.528
2026-07-26 02:00:00+01:00,3218.902
2026-07-26 02:30:00+01:00,3276.718
2026-07-26 03:00:00+01:00,3213.272
2026-07-26 03:30:00+01:00,3142.989
2026-07-26 04:00:00+01:00,3072.095
2026-07-26 04:30:00+01:00,3074.354
2026-07-26 05:00:00+01:00,3050.832
2026-07-26 05:30:00+01:00,2980.223
2026-07-26 06:00:00+01:00,2951.872
2026-07-26 06:30:00+01:00,3042.243
2026-07-26 07:00:00+01:00,3035.552
2026-07-26 07:30:00+01:00,3109.82
2026-07-26 08:00:00+01:00,3168.356
2026-07-26 08:30:00+01:00,3283.496
2026-07-26 09:00:00+01:00,3377.012
2026-07-26 09:30:00+01:00,3447.146
2026-07-26 10:00:00+01:00,3481.307
2026-07-26 10:30:00+01:00,3508.848
2026-07-26 11:00:00+01:00,3461.108
2026-07-26 11:30:00+01:00,3503.798
2026-07-26 12:00:00+01:00,3432.862
2026-07-26 12:30:00+01:00,3492.926
2026-07-26 13:00:00+01:00,3491.489
2026-07-26 13:30:00+01:00,3448.352
2026-07-26 14:00:00+01:00,3390.958
2026-07-26 14:30:00+01:00,3383.714
2026-07-26 15:00:00+01:00,3358.097
2026-07-26 15:30:00+01:00,3462.082
2026-07-26 16:00:00+01:00,3368.696
2026-07-26 16:30:00+01:00,3497.103
2026-07-26 17:00:00+01:00,3510.455
2026-07-26 17:30:00+01:00,3571.194
2026-07-26 18:00:00+01:00,3709.42
2026-07-26 18:30:00+01:00,3801.428
2026-07-26 19:00:00+01:00,3733.519
2026-07-26 19:30:00+01:00,3788.642
2026-07-26 20:00:00+01:00,3798.646
2026-07-26 20:30:00+01:00,3759.357
2026-07-26 21:00:00+01:00,3720.92
2026-07-26 21:30:00+01:00,3661.98
2026-07-26 22:00:00+01:00,3666.519
2026-07-26 22:30:00+01:00,3605.311
2026-07-26 23:00:00+01:00,3482.48
2026-07-26 23:30:00+01:00,3432.118
2026-07-27 00:00:00+01:00,3363.025
2026-07-27 00:30:00+01:00,3324.22
2026-07-27 01:00:00+01:00,3268.886
2026-07-27 01:30:00+01:00,3220.991
2026-07-27 02:00:00+01:00,3216.657
2026-07-27 02:30:00+01:00,3306.658
2026-07-27 03:00:00+01:00,3254.227
2026-07-27 03:30:00+01:00,3259.93
2026-07-27 04:00:00+01:00,3203.753
2026-07-27 04:30:00+01:00,3149.258
2026-07-27 05:00:00+01:00,3148.424
2026-07-27 05:30:00+01:00,3143.047
2026-07-27 06:00:00+01:00,3218.876
2026-07-27 06:30:00+01:00,3372.128
2026-07-27 07:00:00+01:00,3546.764
2026-07-27 07:30:00+01:00,3775.098
2026-07-27 08:00:00+01:00,3929.523
2026-07-27 08:30:00+01:00,4067.464
2026-07-27 09:00:00+01:00,4186.16
2026-07-27 09:30:00+01:00,4236.359
2026-07-27 10:00:00+01:00,4217.615
2026-07-27 10:30:00+01:00,4232.864
2026-07-27 11:00:00+01:00,4259.953
2026-07-27 11:30:00+01:00,4237.98
2026-07-27 12:00:00+01:00,4234.956
2026-07-27 12:30:00+01:00,4216.238
2026-07-27 13:00:00+01:00,4203.379
2026-07-27 13:30:00+01:00,4163.645
2026-07-27 14:00:00+01:00,4126.466
2026-07-27 14:30:00+01:00,4153.122
2026-07-27 15:00:00+01:00,4175.787
2026-07-27 15:30:00+01:00,4155.098
2026-07-27 16:00:00+01:00,4144.989
2026-07-27 16:30:00+01:00,4198.781
2026-07-27 17:00:00+01:00,4274.086
2026-07-27 17:30:00+01:00,4359.585
2026-07-27 18:00:00+01:00,4386.727
2026-07-27 18:30:00+01:00,4349.98
2026-07-27 19:00:00+01:00,4352.713
2026-07-27 19:30:00+01:00,4325.308
2026-07-27 20:00:00+01:00,4295.316
2026-07-27 20:30:00+01:00,4258.867
2026-07-27 21:00:00+01:00,4218.723
2026-07-27 21:30:00+01:00,4142.86
2026-07-27 22:00:00+01:00,4072.664
2026-07-27 22:30:00+01:00,3907.673
2026-07-27 23:00:00+01:00,3768.438
2026-07-27 23:30:00+01:00,3694.787
2026-07-28 00:00:00+01:00,3580.092
2026-07-28 00:30:00+01:00,3520.082
2026-07-28 01:00:00+01:00,3441.202
2026-07-28 01:30:00+01:00,3392.936
2026-07-28 02:00:00+01:00,3392.063
2026-07-28 02:30:00+01:00,3439.92
2026-07-28 03:00:00+01:00,3450.013
2026-07-28 03:30:00+01:00,3384.908
2026-07-28 04:00:00+01:00,3325.125
2026-07-28 04:30:00+01:00,3305.904
2026-07-28 05:00:00+01:00,3246.219
2026-07-28 05:30:00+01:00,3217.075
2026-07-28 06:00:00+01:00,3290.224
2026-07-28 06:30:00+01:00,3474.35
2026-07-28 07:00:00+01:00,3618.833
2026-07-28 07:30:00+01:00,3843.099
2026-07-28 08:00:00+01:00,4017.478
2026-07-28 08:30:00+01:00,4186.42
2026-07-28 09:00:00+01:00,4263.068
2026-07-28 09:30:00+01:00,4248.492
2026-07-28 10:00:00+01:00,4220.183
2026-07-28 10:30:00+01:00,4135.644
2026-07-28 11:00:00+01:00,4119.212
2026-07-28 11:30:00+01:00,4039.901
2026-07-28 12:00:00+01:00,4048.901
2026-07-28 12:30:00+01:00,4029.584
2026-07-28 13:00:00+01:00,4032.649
2026-07-28 13:30:00+01:00,3969.09
2026-07-28 14:00:00+01:00,3962.38
2026-07-28 14:30:00+01:00,3919.712
2026-07-28 15:00:00+01:00,3884.738
2026-07-28 15:30:00+01:00,3916.709
2026-07-28 16:00:00+01:00,4032.182
2026-07-28 16:30:00+01:00,4141.137
2026-07-28 17:00:00+01:00,4245.927
2026-07-28 17:30:00+01:00,4268.895
2026-07-28 18:00:00+01:00,4274.345
2026-07-28 18:30:00+01:00,4266.357
2026-07-28 19:00:00+01:00,4242.554
2026-07-28 19:30:00+01:00,4240.584
2026-07-28 20:00:00+01:00,4200.782
2026-07-28 20:30:00+01:00,4196.463
2026-07-28 21:00:00+01:00,4150.612
2026-07-28 21:30:00+01:00,4113.367
2026-07-28 22:00:00+01:00,4085.398
2026-07-28 22:30:00+01:00,3973.361
2026-07-28 23:00:00+01:00,3821.265
2026-07-28 23:30:00+01:00,3764.015
2026-07-29 00:00:00+01:00,3643.558
2026-07-29 00:30:00+01:00,3586.483
2026-07-29 01:00:00+01:00,3485.556
2026-07-29 01:30:00+01:00,3435.131
2026-07-29 03:00:00+01:00,3435.058
2026-07-29 03:30:00+01:00,3394.428
2026-07-29 04:00:00+01:00,3341.206
2026-07-29 04:30:00+01:00,3315.777
2026-07-29 05:00:00+01:00,3310.186
2026-07-29 05:30:00+01:00,3314.012
2026-07-29 06:00:00+01:00,3389.11
2026-07-29 06:30:00+01:00,3533.083
2026-07-29 07:00:00+01:00,3712.372
2026-07-29 07:30:00+01:00,3931.468
2026-07-29 08:00:00+01:00,4089.063
2026-07-29 08:30:00+01:00,4250.653
2026-07-29 10:00:00+01:00,4280.445
2026-07-29 10:30:00+01:00,4247.158
2026-07-29 11:00:00+01:00,4227.752
2026-07-29 11:30:00+01:00,4207.642
2026-07-29 12:00:00+01:00,4160.621
2026-07-29 12:30:00+01:00,4168.468
2026-07-29 13:00:00+01:00,4169.121
2026-07-29 13:30:00+01:00,4153.814
2026-07-29 14:00:00+01:00,4151.93
2026-07-29 14:30:00+01:00,4159.416
2026-07-29 19:00:00+01:00,4254.054
2026-07-29 19:30:00+01:00,4236.003
2026-07-29 20:00:00+01:00,4188.331
2026-07-29 20:30:00+01:00,4144.771
2026-07-29 21:00:00+01:00,4100.532
2026-07-29 21:30:00+01:00,4059.865
2026-07-29 23:00:00+01:00,3785.391
2026-07-29 23:30:00+01:00,3721.772
2026-07-30 00:00:00+01:00,3614.402
2026-07-30 00:30:00+01:00,3542.8
2026-07-30 01:00:00+01:00,3456.605
2026-07-30 01:30:00+01:00,3398.948
2026-07-30 02:00:00+01:00,3365.876
2026-07-30 02:30:00+01:00,3451.993
2026-07-30 03:00:00+01:00,3406.13
2026-07-30 03:30:00+01:00,3366.461
2026-07-30 04:00:00+01:00,3302.604
2026-07-30 04:30:00+01:00,3280.81
2026-07-30 05:00:00+01:00,3280.052
2026-07-30 05:30:00+01:00,3274.049
2026-07-30 06:00:00+01:00,3330.793
2026-07-30 06:30:00+01:00,3479.2
2026-07-30 07:00:00+01:00,3621.013
2026-07-30 07:30:00+01:00,3823.495
2026-07-30 10:00:00+01:00,3949.605
2026-07-30 10:30:00+01:00,3904.035
2026-07-30 11:00:00+01:00,3829.728
2026-07-30 11:30:00+01:00,3779.209
2026-07-30 12:00:00+01:00,3721.825
2026-07-30 12:30:00+01:00,3719.755
2026-07-30 13:00:00+01:00,3678.858
2026-07-30 13:30:00+01:00,3623.617
2026-07-30 14:00:00+01:00,3613.063
2026-07-30 14:30:00+01:00,3628.613
2026-07-30 15:00:00+01:00,3619.346
2026-07-30 15:30:00+01:00,3641.616
2026-07-30 16:00:00+01:00,3691.895
2026-07-30 16:30:00+01:00,3792.521
2026-07-30 17:00:00+01:00,3869.181
2026-07-30 17:30:00+01:00,3976.848
2026-07-30 18:00:00+01:00,4036.241
2026-07-30 18:30:00+01:00,4051.085
2026-07-30 19:00:00+01:00,4051.4
2026-07-30 19:30:00+01:00,4053.993
2026-07-30 20:00:00+01:00,4071.573
2026-07-30 20:30:00+01:00,4062.434
2026-07-30 21:00:00+01:00,4070.603
2026-07-30 21:30:00+01:00,4044.902
2026-07-30 22:00:00+01:00,4020.151
2026-07-30 22:30:00+01:00,3885.688
2026-07-30 23:00:00+01:00,3753.24
2026-07-30 23:30:00+01:00,3684.238
2026-07-31 00:00:00+01:00,3544.015
2026-07-31 00:30:00+01:00,3492.098
2026-07-31 01:00:00+01:00,3407.557
2026-07-31 01:30:00+01:00,3362.265
2026-07-31 02:00:00+01:00,3311.36
2026-07-31 02:30:00+01:00,3395.558
2026-07-31 03:00:00+01:00,3330.175
2026-07-31 03:30:00+01:00,3283.488
2026-07-31 04:00:00+01:00,3251.704
2026-07-31 04:30:00+01:00,3239.948
2026-07-31 05:00:00+01:00,3215.808
2026-07-31 05:30:00+01:00,3227.839
2026-07-31 06:00:00+01:00,3294.619
2026-07-31 06:30:00+01:00,3439.998
2026-07-31 07:00:00+01:00,3592.904
2026-07-31 07:30:00+01:00,3753.931
2026-07-31 08:00:00+01:00,3875.893
2026-07-31 08:30:00+01:00,3964.635
2026-07-31 09:00:00+01:00,3972.384
2026-07-31 09:30:00+01:00,3965.567
2026-07-31 10:00:00+01:00,3907.166
2026-07-31 10:30:00+01:00,3824.3
2026-07-31 11:00:00+01:00,3824.398
2026-07-31 11:30:00+01:00,3757.941
2026-07-31 12:00:00+01:00,3726.603
2026-07-31 12:30:00+01:00,3757.914
2026-07-31 13:00:00+01:00,3731.314
2026-07-31 13:30:00+01:00,3692.08
2026-07-31 14:00:00+01:00,3662.881
2026-07-31 14:30:00+01:00,3625.225
2026-07-31 15:00:00+01:00,3688.783
2026-07-31 15:30:00+01:00,3657.566
2026-07-31 16:00:00+01:00,3648.308
2026-07-31 16:30:00+01:00,3705.782
2026-07-31 17:00:00+01:00,3815.076
2026-07-31 17:30:00+01:00,3936.748
2026-07-31 18:00:00+01:00,3981.51
2026-07-31 18:30:00+01:00,3996.653
2026-07-31 19:00:00+01:00,3981.884
2026-07-31 19:30:00+01:00,4005.431
2026-07-31 20:00:00+01:00,4012.792
2026-07-31 20:30:00+01:00,4009.625
2026-07-31 21:00:00+01:00,3945.039
2026-07-31 21:30:00+01:00,3923.276
2026-07-31 22:00:00+01:00,3912.066
2026-07-31 22:30:00+01:00,3789.756
2026-07-31 23:00:00+01:00,3690.998
2026-07-31 23:30:00+01:00,3646.222
2026-08-01 00:00:00+01:00,3540.248
2026-08-01 00:30:00+01:00,3490.075
2026-08-01 01:00:00+01:00,3390.577
2026-08-01 01:30:00+01:00,3309.926
2026-08-01 02:00:00+01:00,3283.449
2026-08-01 02:30:00+01:00,3368.593
2026-08-01 03:00:00+01:00,3297.958
2026-08-01 03:30:00+01:00,3258.874
2026-08-01 04:00:00+01:00,3200.013
2026-08-01 04:30:00+01:00,3183.22
2026-08-01 05:00:00+01:00,3174.032
2026-08-01 05:30:00+01:00,3151.966
2026-08-01 06:00:00+01:00,3138.821
2026-08-01 06:30:00+01:00,3204.354
2026-08-01 07:00:00+01:00,3260.267
2026-08-01 07:30:00+01:00,3355.166
2026-08-01 08:00:00+01:00,3433.522
2026-08-01 08:30:00+01:00,3514.566
2026-08-01 09:00:00+01:00,3591.502
2026-08-01 09:30:00+01:00,3601.405
2026-08-01 10:00:00+01:00,3581.551
2026-08-01 10:30:00+01:00,3577.621
2026-08-01 11:00:00+01:00,3617.716
2026-08-01 11:30:00+01:00,3595.313
2026-08-01 12:00:00+01:00,3545.03
2026-08-01 12:30:00+01:00,3511.191
2026-08-01 13:00:00+01:00,3485.314
2026-08-01 13:30:00+01:00,3444.429
2026-08-01 14:00:00+01:00,3373.963
2026-08-01 14:30:00+01:00,3342.137
2026-08-01 15:00:00+01:00,3320.123
2026-08-01 15:30:00+01:00,3340.554
2026-08-01 16:00:00+01:00,3357.874
2026-08-01 16:30:00+01:00,3413.424
2026-08-01 17:00:00+01:00,3487.718
2026-08-01 17:30:00+01:00,3586.167
2026-08-01 18:00:00+01:00,3674.787
2026-08-01 18:30:00+01:00,3737.218
2026-08-01 19:00:00+01:00,3767.699
2026-08-01 19:30:00+01:00,3802.275
2026-08-01 20:00:00+01:00,3806.231
2026-08-01 20:30:00+01:00,3792.306
2026-08-01 21:00:00+01:00,3792.328
2026-08-01 21:30:00+01:00,3779.524
2026-08-01 22:00:00+01:00,3760.808
2026-08-01 22:30:00+01:00,3658.015
2026-08-01 23:00:00+01:00,3548.253
2026-08-01 23:30:00+01:00,3508.691
2026-08-02 00:00:00+01:00,3428.151
2026-08-02 00:30:00+01:00,3370.266
2026-08-02 01:00:00+01:00,3278.939
2026-08-02 01:30:00+01:00,3220.96
2026-08-02 02:00:00+01:00,3198.989
2026-08-02 02:30:00+01:00,3280.176
2026-08-02 03:00:00+01:00,3208.299
2026-08-02 03:30:00+01:00,3154.159
2026-08-02 04:00:00+01:00,3102.992
2026-08-02 04:30:00+01:00,3073.518
2026-08-02 05:00:00+01:00,3059.559
2026-08-02 05:30:00+01:00,3033.336
2026-08-02 06:00:00+01:00,3020.08
2026-08-02 06:30:00+01:00,3042.08
2026-08-02 07:00:00+01:00,3071.935
2026-08-02 07:30:00+01:00,3161.504
2026-08-02 08:00:00+01:00,3222.354
2026-08-02 08:30:00+01:00,3319.872
2026-08-02 09:00:00+01:00,3432.542
2026-08-02 09:30:00+01:00,3526.194
2026-08-02 10:00:00+01:00,3562.728
2026-08-02 10:30:00+01:00,3595.893
2026-08-02 11:00:00+01:00,3623.831
2026-08-02 11:30:00+01:00,3605.934
2026-08-02 12:00:00+01:00,3631.753
2026-08-02 12:30:00+01:00,3664.596
2026-08-02 13:00:00+01:00,3629.079
2026-08-02 13:30:00+01:00,3590.027
2026-08-02 14:00:00+01:00,3571.701
2026-08-02 14:30:00+01:00,3519.873
2026-08-02 15:00:00+01:00,3527.986
2026-08-02 15:30:00+01:00,3561.101
2026-08-02 16:00:00+01:00,3612.026
2026-08-02 16:30:00+01:00,3645.376
2026-08-02 17:00:00+01:00,3710.657
2026-08-02 17:30:00+01:00,3805.216
2026-08-02 18:00:00+01:00,3859.399
2026-08-02 18:30:00+01:00,3851.883
2026-08-02 19:00:00+01:00,3839.238
2026-08-02 19:30:00+01:00,3795.96
2026-08-02 20:00:00+01:00,3772.899
2026-08-02 20:30:00+01:00,3745.402
2026-08-02 21:00:00+01:00,3711.949
2026-08-02 21:30:00+01:00,3689.231
2026-08-02 22:00:00+01:00,3600.58
2026-08-02 22:30:00+01:00,3522.794
2026-08-02 23:00:00+01:00,3421.373
2026-08-02 23:30:00+01:00,3393.03
2026-08-03 00:00:00+01:00,3310.468
2026-08-03 00:30:00+01:00,3272.609
2026-08-03 01:00:00+01:00,3164.75
2026-08-03 01:30:00+01:00,3137.956
2026-08-03 02:00:00+01:00,3140.615
2026-08-03 02:30:00+01:00,3215.642
2026-08-03 03:00:00+01:00,3161.494
2026-08-03 03:30:00+01:00,3112.388
2026-08-03 04:00:00+01:00,3049.712
2026-08-03 04:30:00+01:00,3072.095
2026-08-03 05:00:00+01:00,3040.704
2026-08-03 05:30:00+01:00,3053.82
2026-08-03 06:00:00+01:00,3014.837
2026-08-03 06:30:00+01:00,3096.945
2026-08-03 07:00:00+01:00,3156.313
2026-08-03 07:30:00+01:00,3243.827
2026-08-03 08:00:00+01:00,3281.795
2026-08-03 08:30:00+01:00,3340.228
2026-08-03 09:00:00+01:00,3421.313
2026-08-03 09:30:00+01:00,3468.501
2026-08-03 10:00:00+01:00,3500.032
2026-08-03 10:30:00+01:00,3512.917
2026-08-03 11:00:00+01:00,3504.005
2026-08-03 11:30:00+01:00,3504.9
2026-08-03 12:00:00+01:00,3530.661
2026-08-03 12:30:00+01:00,3502.411
2026-08-03 13:00:00+01:00,3520.451
2026-08-03 13:30:00+01:00,3525.012
2026-08-03 14:00:00+01:00,3524.424
2026-08-03 14:30:00+01:00,3520.188
2026-08-03 15:00:00+01:00,3601.843
2026-08-03 15:30:00+01:00,3665.428
2026-08-03 16:00:00+01:00,3752.524
2026-08-03 16:30:00+01:00,3881.208
2026-08-03 17:00:00+01:00,4009.019
2026-08-03 17:30:00+01:00,4089.388
2026-08-03 18:00:00+01:00,4107.357
2026-08-03 18:30:00+01:00,4068.442
2026-08-03 19:00:00+01:00,4058.929
2026-08-03 19:30:00+01:00,3972.994
2026-08-03 20:00:00+01:00,3932.608
2026-08-03 20:30:00+01:00,3890.608
2026-08-03 21:00:00+01:00,3851.307
2026-08-03 21:30:00+01:00,3821.979
2026-08-03 22:00:00+01:00,3756.231
2026-08-03 22:30:00+01:00,3673.0
2026-08-03 23:00:00+01:00,3551.493
2026-08-03 23:30:00+01:00,3490.142
2026-08-04 00:00:00+01:00,3397.88
2026-08-04 00:30:00+01:00,3338.572
2026-08-04 01:00:00+01:00,3281.641
2026-08-04 01:30:00+01:00,3240.435
2026-08-04 02:00:00+01:00,3215.953
2026-08-04 02:30:00+01:00,3304.674
2026-08-04 03:00:00+01:00,3303.396
2026-08-04 03:30:00+01:00,3290.567
2026-08-04 04:00:00+01:00,3250.714
2026-08-04 04:30:00+01:00,3206.209
2026-08-04 05:00:00+01:00,3177.234
2026-08-04 05:30:00+01:00,3203.864
2026-08-04 07:00:00+01:00,3639.152
2026-08-04 07:30:00+01:00,3847.563
2026-08-04 08:00:00+01:00,4039.742
2026-08-04 08:30:00+01:00,4222.965
2026-08-04 09:00:00+01:00,4298.586
2026-08-04 09:30:00+01:00,4317.49
2026-08-04 10:00:00+01:00,4284.814
2026-08-04 10:30:00+01:00,4208.786
2026-08-04 11:00:00+01:00,4187.637
2026-08-04 11:30:00+01:00,4162.339
2026-08-04 12:00:00+01:00,4131.367
2026-08-04 12:30:00+01:00,4060.523
2026-08-04 13:00:00+01:00,4053.562
2026-08-04 13:30:00+01:00,3977.754
2026-08-04 14:00:00+01:00,3983.372
2026-08-04 14:30:00+01:00,4004.196
2026-08-04 15:00:00+01:00,4017.008
2026-08-04 15:30:00+01:00,4016.851
2026-08-04 16:00:00+01:00,4053.22
2026-08-04 16:30:00+01:00,4134.648
2026-08-04 17:00:00+01:00,4251.382
2026-08-04 17:30:00+01:00,4371.582
2026-08-04 18:00:00+01:00,4357.017
2026-08-04 18:30:00+01:00,4352.582
2026-08-04 19:00:00+01:00,4321.239
2026-08-04 19:30:00+01:00,4277.214
2026-08-04 20:00:00+01:00,4215.906
2026-08-04 20:30:00+01:00,4183.058
2026-08-04 21:00:00+01:00,4132.571
2026-08-04 21:30:00+01:00,4080.679
2026-08-04 22:00:00+01:00,4001.942
2026-08-04 22:30:00+01:00,3841.123
2026-08-04 23:00:00+01:00,3706.188
2026-08-04 23:30:00+01:00,3591.316
2026-08-05 00:00:00+01:00,3498.871
2026-08-05 00:30:00+01:00,3436.043
2026-08-05 01:00:00+01:00,3358.983
2026-08-05 01:30:00+01:00,3306.743
2026-08-05 02:00:00+01:00,3303.403
2026-08-05 02:30:00+01:00,3334.233
2026-08-05 03:00:00+01:00,3322.702
2026-08-05 03:30:00+01:00,3291.736
2026-08-05 04:00:00+01:00,3237.131
2026-08-05 04:30:00+01:00,3230.307
2026-08-05 05:00:00+01:00,3224.319
2026-08-05 05:30:00+01:00,3232.473
2026-08-05 06:00:00+01:00,3278.828
2026-08-05 06:30:00+01:00,3422.856
2026-08-05 07:00:00+01:00,3581.851
2026-08-05 07:30:00+01:00,3751.721
2026-08-05 08:00:00+01:00,3938.028
2026-08-05 08:30:00+01:00,4010.78
2026-08-05 09:00:00+01:00,4100.206
2026-08-05 09:30:00+01:00,4064.96
2026-08-05 10:00:00+01:00,3988.379
2026-08-05 10:30:00+01:00,3951.66
2026-08-05 11:00:00+01:00,3881.901
2026-08-05 11:30:00+01:00,3854.641
2026-08-05 12:00:00+01:00,3762.304
2026-08-05 12:30:00+01:00,3740.8
2026-08-05 13:00:00+01:00,3707.484
2026-08-05 13:30:00+01:00,3703.264
2026-08-05 14:00:00+01:00,3716.043
2026-08-05 14:30:00+01:00,3728.448
2026-08-05 15:00:00+01:00,3734.072
2026-08-05 15:30:00+01:00,3731.089
2026-08-05 16:00:00+01:00,3760.617
2026-08-05 16:30:00+01:00,3859.335
2026-08-05 17:00:00+01:00,3923.36
2026-08-05 17:30:00+01:00,4052.242
2026-08-05 18:00:00+01:00,4065.453
2026-08-05 18:30:00+01:00,4087.194
2026-08-05 19:00:00+01:00,4057.872
2026-08-05 19:30:00+01:00,4106.102
2026-08-05 20:00:00+01:00,4068.455
2026-08-05 20:30:00+01:00,4047.593
2026-08-05 21:00:00+01:00,4042.55
2026-08-05 21:30:00+01:00,4059.754
2026-08-05 22:00:00+01:00,3969.127
2026-08-05 22:30:00+01:00,3826.405
2026-08-05 23:00:00+01:00,3678.184
2026-08-05 23:30:00+01:00,3619.113
2026-08-06 00:00:00+01:00,3490.359
2026-08-06 00:30:00+01:00,3449.631
2026-08-06 01:00:00+01:00,3358.754
2026-08-06 01:30:00+01:00,3303.913
2026-08-06 02:00:00+01:00,3275.008
2026-08-06 02:30:00+01:00,3399.71
2026-08-06 03:00:00+01:00,3337.874
2026-08-06 03:30:00+01:00,3297.399
2026-08-06 04:00:00+01:00,3252.273
2026-08-06 04:30:00+01:00,3229.116
2026-08-06 05:00:00+01:00,3243.518
2026-08-06 05:30:00+01:00,3270.227
2026-08-06 06:00:00+01:00,3326.471
2026-08-06 06:30:00+01:00,3480.081
2026-08-06 07:00:00+01:00,3646.228
2026-08-06 07:30:00+01:00,3846.448
2026-08-06 08:00:00+01:00,4013.167
2026-08-06 08:30:00+01:00,4145.153
2026-08-06 09:00:00+01:00,4159.058
2026-08-06 09:30:00+01:00,4173.911
2026-08-06 10:00:00+01:00,4105.961
2026-08-06 10:30:00+01:00,4061.589
2026-08-06 11:00:00+01:00,4031.546
2026-08-06 11:30:00+01:00,4013.873
2026-08-06 12:00:00+01:00,4011.666
2026-08-06 12:30:00+01:00,3970.196
2026-08-06 15:00:00+01:00,3884.568
2026-08-06 15:30:00+01:00,3922.435
2026-08-06 16:00:00+01:00,3908.799
2026-08-06 16:30:00+01:00,3992.428
2026-08-06 17:00:00+01:00,4105.058
2026-08-06 17:30:00+01:00,4188.218
2026-08-06 18:00:00+01:00,4254.461
2026-08-06 18:30:00+01:00,4195.672
2026-08-06 19:00:00+01:00,4168.868
2026-08-06 19:30:00+01:00,4159.867
2026-08-06 20:00:00+01:00,4151.838
2026-08-06 20:30:00+01:00,4153.869
2026-08-06 21:00:00+01:00,4118.206
2026-08-06 21:30:00+01:00,4139.989
2026-08-06 22:00:00+01:00,4026.002
2026-08-06 22:30:00+01:00,3875.067
2026-08-06 23:00:00+01:00,3723.34
2026-08-06 23:30:00+01:00,3624.346
2026-08-07 00:00:00+01:00,3509.237
2026-08-07 00:30:00+01:00,3462.806
2026-08-07 01:00:00+01:00,3378.281
2026-08-07 01:30:00+01:00,3357.445
2026-08-07 02:00:00+01:00,3314.691
2026-08-07 02:30:00+01:00,3391.204
2026-08-07 03:00:00+01:00,3347.484
2026-08-07 03:30:00+01:00,3318.735
2026-08-07 04:00:00+01:00,3255.799
2026-08-07 04:30:00+01:00,3230.661
2026-08-07 05:00:00+01:00,3225.176
2026-08-07 05:30:00+01:00,3265.921
2026-08-07 06:00:00+01:00,3315.66
2026-08-07 06:30:00+01:00,3435.019
2026-08-07 07:00:00+01:00,3578.208
2026-08-07 07:30:00+01:00,3765.493
2026-08-07 08:00:00+01:00,3887.074
2026-08-07 08:30:00+01:00,3960.358
2026-08-07 09:00:00+01:00,3968.931
2026-08-07 09:30:00+01:00,3974.805
2026-08-07 10:00:00+01:00,3916.265
2026-08-07 10:30:00+01:00,3875.359
2026-08-07 11:00:00+01:00,3868.17
2026-08-07 11:30:00+01:00,3863.2
2026-08-07 12:00:00+01:00,3823.641
2026-08-07 12:30:00+01:00,3782.084
2026-08-07 13:00:00+01:00,3729.199
2026-08-07 13:30:00+01:00,3673.038
2026-08-07 14:00:00+01:00,3601.873
2026-08-07 14:30:00+01:00,3562.179
2026-08-07 15:00:00+01:00,3566.528
2026-08-07 15:30:00+01:00,3566.851
2026-08-07 16:00:00+01:00,3588.096
2026-08-07 16:30:00+01:00,3666.012
2026-08-07 17:00:00+01:00,3759.424
2026-08-07 17:30:00+01:00,3853.226
2026-08-07 18:00:00+01:00,3930.565
2026-08-07 18:30:00+01:00,4027.408
2026-08-07 19:00:00+01:00,4060.936
2026-08-07 19:30:00+01:00,4064.413
2026-08-07 20:00:00+01:00,4131.91
2026-08-07 20:30:00+01:00,4102.648
2026-08-07 21:00:00+01:00,4076.789
2026-08-07 21:30:00+01:00,4069.686
2026-08-07 22:00:00+01:00,3989.69
2026-08-07 22:30:00+01:00,3866.521
2026-08-07 23:00:00+01:00,3755.107
2026-08-07 23:30:00+01:00,3689.575
2026-08-08 00:00:00+01:00,3552.559
2026-08-08 00:30:00+01:00,3482.527
2026-08-08 01:00:00+01:00,3396.963
2026-08-08 01:30:00+01:00,3341.982
2026-08-08 02:00:00+01:00,3315.8
2026-08-08 02:30:00+01:00,3404.097
2026-08-08 03:00:00+01:00,3342.468
2026-08-08 03:30:00+01:00,3299.968
2026-08-08 04:00:00+01:00,3238.296
2026-08-08 04:30:00+01:00,3205.281
2026-08-08 05:00:00+01:00,3180.825
2026-08-08 05:30:00+01:00,3202.186
2026-08-08 06:00:00+01:00,3186.518
2026-08-08 06:30:00+01:00,3240.728
2026-08-08 07:00:00+01:00,3313.296
2026-08-08 07:30:00+01:00,3420.209
2026-08-08 08:00:00+01:00,3505.914
2026-08-08 08:30:00+01:00,3589.907
2026-08-08 09:00:00+01:00,3673.251
2026-08-08 09:30:00+01:00,3732.744
2026-08-08 10:00:00+01:00,3712.692
2026-08-08 10:30:00+01:00,3659.125
2026-08-08 11:00:00+01:00,3608.272
2026-08-08 11:30:00+01:00,3598.372
2026-08-08 12:00:00+01:00,3584.884
2026-08-08 12:30:00+01:00,3542.481
2026-08-08 13:00:00+01:00,3471.915
2026-08-08 13:30:00+01:00,3430.916
2026-08-08 14:00:00+01:00,3349.373
2026-08-08 14:30:00+01:00,3286.926
2026-08-08 15:00:00+01:00,3287.929
2026-08-08 15:30:00+01:00,3332.343
2026-08-08 16:00:00+01:00,3390.686
2026-08-08 16:30:00+01:00,3482.042
2026-08-08 17:00:00+01:00,3586.202
2026-08-08 17:30:00+01:00,3706.971
2026-08-08 18:00:00+01:00,3821.652
2026-08-08 18:30:00+01:00,3875.764
2026-08-08 19:00:00+01:00,3916.643
2026-08-08 19:30:00+01:00,3924.395
2026-08-08 20:00:00+01:00,3926.066
2026-08-08 20:30:00+01:00,3887.02
2026-08-08 21:00:00+01:00,3857.534
2026-08-08 21:30:00+01:00,3867.746
2026-08-08 22:00:00+01:00,3779.5
2026-08-08 22:30:00+01:00,3680.284
2026-08-08 23:00:00+01:00,3573.222
2026-08-08 23:30:00+01:00,3527.215
2026-08-09 00:00:00+01:00,3465.358
2026-08-09 00:30:00+01:00,3415.843
2026-08-09 01:00:00+01:00,3311.976
2026-08-09 01:30:00+01:00,3260.555
2026-08-09 02:00:00+01:00,3239.238
2026-08-09 02:30:00+01:00,3311.473
2026-08-09 03:00:00+01:00,3268.504
2026-08-09 03:30:00+01:00,3240.926
2026-08-09 04:00:00+01:00,3185.226
2026-08-09 04:30:00+01:00,3178.914
2026-08-09 05:00:00+01:00,3155.22
2026-08-09 05:30:00+01:00,3143.258
2026-08-09 06:00:00+01:00,3119.808
2026-08-09 06:30:00+01:00,3145.614
2026-08-09 07:00:00+01:00,3193.715
2026-08-09 07:30:00+01:00,3271.568
2026-08-09 08:00:00+01:00,3328.37
2026-08-09 08:30:00+01:00,3420.891
2026-08-09 09:00:00+01:00,3494.377
2026-08-09 09:30:00+01:00,3554.317
2026-08-09 10:00:00+01:00,3595.146
2026-08-09 10:30:00+01:00,3608.691
2026-08-09 11:00:00+01:00,3587.178
2026-08-09 11:30:00+01:00,3604.076
2026-08-09 12:00:00+01:00,3604.201
2026-08-09 12:30:00+01:00,3612.766
2026-08-09 13:00:00+01:00,3570.242
2026-08-09 13:30:00+01:00,3542.644
2026-08-09 14:00:00+01:00,3496.373
2026-08-09 14:30:00+01:00,3522.739
2026-08-09 15:00:00+01:00,3496.109
2026-08-09 15:30:00+01:00,3515.381
2026-08-09 16:00:00+01:00,3554.968
2026-08-09 16:30:00+01:00,3637.364
2026-08-09 17:00:00+01:00,3666.699
2026-08-09 17:30:00+01:00,3735.029
2026-08-09 18:00:00+01:00,3804.753
2026-08-09 18:30:00+01:00,3848.229
2026-08-09 19:00:00+01:00,3920.243
2026-08-09 19:30:00+01:00,3906.753
2026-08-09 20:00:00+01:00,3896.062
2026-08-09 20:30:00+01:00,3868.818
2026-08-09 21:00:00+01:00,3829.905
2026-08-09 21:30:00+01:00,3850.307
2026-08-09 22:00:00+01:00,3772.334
2026-08-09 22:30:00+01:00,3654.327
2026-08-09 23:00:00+01:00,3547.545
2026-08-09 23:30:00+01:00,3483.368
2026-08-10 00:00:00+01:00,3414.793
2026-08-10 00:30:00+01:00,3347.668
2026-08-10 01:00:00+01:00,3255.49
2026-08-10 01:30:00+01:00,3220.528
2026-08-10 02:00:00+01:00,3210.283
2026-08-10 02:30:00+01:00,3295.775
2026-08-10 03:00:00+01:00,3254.452
2026-08-10 03:30:00+01:00,3230.649
2026-08-10 04:00:00+01:00,3173.327
2026-08-10 04:30:00+01:00,3151.022
2026-08-10 05:00:00+01:00,3158.363
2026-08-10 05:30:00+01:00,3195.712
2026-08-10 06:00:00+01:00,3258.459
2026-08-10 06:30:00+01:00,3391.906
2026-08-10 07:00:00+01:00,3541.382
2026-08-10 07:30:00+01:00,3751.273
2026-08-10 08:00:00+01:00,3875.012
2026-08-10 08:30:00+01:00,4006.396
2026-08-10 09:00:00+01:00,4038.685
2026-08-10 09:30:00+01:00,4009.436
2026-08-10 10:00:00+01:00,3929.065
2026-08-10 10:30:00+01:00,3839.261
2026-08-10 11:00:00+01:00,3784.107
2026-08-10 11:30:00+01:00,3755.601
2026-08-10 12:00:00+01:00,3715.57
2026-08-10 12:30:00+01:00,3718.345
2026-08-10 13:00:00+01:00,3689.986
2026-08-10 13:30:00+01:00,3632.261
2026-08-10 15:00:00+01:00,3590.529
2026-08-10 15:30:00+01:00,3612.115
2026-08-10 16:00:00+01:00,3669.05
2026-08-10 16:30:00+01:00,3808.055
2026-08-10 17:00:00+01:00,3884.844
2026-08-10 17:30:00+01:00,4035.062
2026-08-10 18:00:00+01:00,4095.406
2026-08-10 18:30:00+01:00,4162.83
2026-08-10 19:00:00+01:00,4221.153
2026-08-10 19:30:00+01:00,4245.918
2026-08-10 20:00:00+01:00,4221.619
2026-08-10 20:30:00+01:00,4184.248
2026-08-10 21:00:00+01:00,4153.018
2026-08-10 21:30:00+01:00,4166.663
2026-08-10 22:00:00+01:00,4011.155
2026-08-10 22:30:00+01:00,3828.0
2026-08-10 23:00:00+01:00,3650.155
2026-08-10 23:30:00+01:00,3602.292
2026-08-11 00:00:00+01:00,3485.322
2026-08-11 00:30:00+01:00,3434.012
2026-08-11 01:00:00+01:00,3358.744
2026-08-11 01:30:00+01:00,3284.945
2026-08-11 02:00:00+01:00,3273.838
2026-08-11 02:30:00+01:00,3361.379
2026-08-11 03:00:00+01:00,3331.649
2026-08-11 03:30:00+01:00,3301.052
2026-08-11 04:00:00+01:00,3234.414
2026-08-11 04:30:00+01:00,3199.005
2026-08-11 05:00:00+01:00,3170.01
2026-08-11 05:30:00+01:00,3217.056
2026-08-11 06:00:00+01:00,3273.669
2026-08-11 06:30:00+01:00,3419.506
2026-08-11 07:00:00+01:00,3604.679
2026-08-11 07:30:00+01:00,3807.503
2026-08-11 09:00:00+01:00,4079.732
2026-08-11 09:30:00+01:00,4067.217
2026-08-11 10:00:00+01:00,3983.118
2026-08-11 10:30:00+01:00,3935.888
2026-08-11 11:00:00+01:00,3888.28
2026-08-11 11:30:00+01:00,3829.915
2026-08-11 12:00:00+01:00,3789.442
2026-08-11 12:30:00+01:00,3776.106
2026-08-11 13:00:00+01:00,3719.47
2026-08-11 13:30:00+01:00,3672.173
2026-08-11 14:00:00+01:00,3681.801
2026-08-11 14:30:00+01:00,3711.821
2026-08-11 15:00:00+01:00,3722.419
2026-08-11 15:30:00+01:00,3774.51
2026-08-11 16:00:00+01:00,3867.287
2026-08-11 16:30:00+01:00,4009.962
2026-08-11 17:00:00+01:00,4134.99
2026-08-11 17:30:00+01:00,4245.832
2026-08-11 18:00:00+01:00,4284.491
2026-08-11 18:30:00+01:00,4321.376
2026-08-11 19:00:00+01:00,4337.724
2026-08-11 19:30:00+01:00,4324.44
2026-08-11 20:00:00+01:00,4296.837
2026-08-11 20:30:00+01:00,4264.268
2026-08-11 21:00:00+01:00,4240.649
2026-08-11 21:30:00+01:00,4213.48
2026-08-11 22:00:00+01:00,4091.017
2026-08-11 22:30:00+01:00,3929.848
2026-08-11 23:00:00+01:00,3803.134
2026-08-11 23:30:00+01:00,3707.95
2026-08-12 00:00:00+01:00,3595.864
2026-08-12 00:30:00+01:00,3507.985
2026-08-12 01:00:00+01:00,3400.465
2026-08-12 01:30:00+01:00,3371.909
2026-08-12 02:00:00+01:00,3353.849
2026-08-12 02:30:00+01:00,3450.656
2026-08-12 03:00:00+01:00,3374.867
2026-08-12 03:30:00+01:00,3358.395
2026-08-12 04:00:00+01:00,3285.445
2026-08-12 04:30:00+01:00,3269.829
2026-08-12 05:00:00+01:00,3310.154
2026-08-12 05:30:00+01:00,3384.832
2026-08-12 06:00:00+01:00,3462.062
2026-08-12 06:30:00+01:00,3603.325
2026-08-12 07:00:00+01:00,3747.027
2026-08-12 07:30:00+01:00,3969.651
2026-08-12 08:00:00+01:00,4132.762
2026-08-12 08:30:00+01:00,4268.043
2026-08-12 09:00:00+01:00,4323.288
2026-08-12 09:30:00+01:00,4312.95
2026-08-12 10:00:00+01:00,4222.85
2026-08-12 10:30:00+01:00,4173.953
2026-08-12 11:00:00+01:00,4138.921
2026-08-12 11:30:00+01:00,4100.023
2026-08-12 12:00:00+01:00,4071.962
2026-08-12 12:30:00+01:00,4060.874
2026-08-12 13:00:00+01:00,4039.764
2026-08-12 13:30:00+01:00,3982.7
2026-08-12 14:00:00+01:00,3966.221
2026-08-12 14:30:00+01:00,3994.208
2026-08-12 15:00:00+01:00,4029.361
2026-08-12 15:30:00+01:00,4037.111
2026-08-12 16:00:00+01:00,4068.149
2026-08-12 16:30:00+01:00,4149.297
2026-08-12 17:00:00+01:00,4268.197
2026-08-12 17:30:00+01:00,4361.12
2026-08-12 18:00:00+01:00,4387.318
2026-08-12 18:30:00+01:00,4431.754
2026-08-12 19:00:00+01:00,4465.268
2026-08-12 19:30:00+01:00,4433.96
2026-08-12 20:00:00+01:00,4367.407
2026-08-12 20:30:00+01:00,4357.664
2026-08-12 21:00:00+01:00,4352.142
2026-08-12 21:30:00+01:00,4388.408
2026-08-12 22:00:00+01:00,4289.267
2026-08-12 22:30:00+01:00,4100.87
2026-08-12 23:00:00+01:00,3946.299
2026-08-12 23:30:00+01:00,3867.263
2026-08-13 00:00:00+01:00,3751.963
2026-08-13 00:30:00+01:00,3696.598
2026-08-13 01:00:00+01:00,3604.472
2026-08-13 01:30:00+01:00,3554.99
2026-08-13 02:00:00+01:00,3525.252
2026-08-13 02:30:00+01:00,3613.909
2026-08-13 03:00:00+01:00,3562.564
2026-08-13 03:30:00+01:00,3512.868
2026-08-13 04:00:00+01:00,3465.57
2026-08-13 04:30:00+01:00,3439.798
2026-08-13 05:00:00+01:00,3436.314
2026-08-13 05:30:00+01:00,3477.872
2026-08-13 06:00:00+01:00,3535.903
2026-08-13 06:30:00+01:00,3675.916
2026-08-13 07:00:00+01:00,3823.732
2026-08-13 07:30:00+01:00,4037.383
2026-08-13 08:00:00+01:00,4202.028
2026-08-13 08:30:00+01:00,4344.089
2026-08-13 10:00:00+01:00,4405.919
2026-08-13 10:30:00+01:00,4363.921
2026-08-13 11:00:00+01:00,4349.889
2026-08-13 11:30:00+01:00,4332.98
2026-08-13 12:00:00+01:00,4254.755
2026-08-13 12:30:00+01:00,4246.378
2026-08-13 13:00:00+01:00,4170.618
2026-08-13 13:30:00+01:00,4123.898
2026-08-13 15:00:00+01:00,4056.746
2026-08-13 15:30:00+01:00,4078.628
2026-08-13 16:00:00+01:00,4125.545
2026-08-13 16:30:00+01:00,4237.738
2026-08-13 17:00:00+01:00,4262.388
2026-08-13 17:30:00+01:00,4425.203
2026-08-13 18:00:00+01:00,4465.27
2026-08-13 18:30:00+01:00,4453.519
2026-08-13 19:00:00+01:00,4477.964
2026-08-13 19:30:00+01:00,4451.468
2026-08-13 20:00:00+01:00,4433.213
2026-08-13 20:30:00+01:00,4401.362
2026-08-13 21:00:00+01:00,4431.173
2026-08-13 21:30:00+01:00,4410.791
2026-08-13 22:00:00+01:00,4278.245
2026-08-13 22:30:00+01:00,4146.166
2026-08-13 23:00:00+01:00,4007.164
2026-08-13 23:30:00+01:00,3897.202
2026-08-14 00:00:00+01:00,3791.108
2026-08-14 00:30:00+01:00,3724.996
2026-08-14 01:00:00+01:00,3627.355
2026-08-14 01:30:00+01:00,3590.323
2026-08-14 02:00:00+01:00,3541.134
2026-08-14 02:30:00+01:00,3629.925
2026-08-14 03:00:00+01:00,3558.673
2026-08-14 03:30:00+01:00,3503.03
2026-08-14 04:00:00+01:00,3466.529
2026-08-14 04:30:00+01:00,3432.002
2026-08-14 05:00:00+01:00,3441.254
2026-08-14 05:30:00+01:00,3453.627
2026-08-14 06:00:00+01:00,3512.913
2026-08-14 06:30:00+01:00,3649.758
2026-08-14 07:00:00+01:00,3814.832
2026-08-14 07:30:00+01:00,4036.391
2026-08-14 08:00:00+01:00,4176.354
2026-08-14 08:30:00+01:00,4301.982
2026-08-14 09:00:00+01:00,4329.294
2026-08-14 09:30:00+01:00,4338.519
2026-08-14 10:00:00+01:00,4263.185
2026-08-14 10:30:00+01:00,4224.818
2026-08-14 11:00:00+01:00,4182.873
2026-08-14 11:30:00+01:00,4126.72
2026-08-14 12:00:00+01:00,4075.16
2026-08-14 12:30:00+01:00,4070.495
2026-08-14 13:00:00+01:00,4051.072
2026-08-14 13:30:00+01:00,3994.36
2026-08-14 14:00:00+01:00,3984.413
2026-08-14 14:30:00+01:00,4021.379
2026-08-14 15:00:00+01:00,3993.168
2026-08-14 15:30:00+01:00,4028.619
2026-08-14 16:00:00+01:00,4038.121
2026-08-14 16:30:00+01:00,4089.381
2026-08-14 18:00:00+01:00,4324.045
2026-08-14 18:30:00+01:00,4331.356
2026-08-14 19:00:00+01:00,4327.446
2026-08-14 19:30:00+01:00,4268.323
2026-08-14 20:00:00+01:00,4247.484
2026-08-14 20:30:00+01:00,4213.924
2026-08-14 21:00:00+01:00,4161.864
2026-08-14 21:30:00+01:00,4137.394
2026-08-14 22:00:00+01:00,4014.222
2026-08-14 22:30:00+01:00,3886.566
2026-08-14 23:00:00+01:00,3811.348
2026-08-14 23:30:00+01:00,3723.923
2026-08-15 00:00:00+01:00,3622.057
2026-08-15 00:30:00+01:00,3574.719
2026-08-15 01:00:00+01:00,3498.088
2026-08-15 01:30:00+01:00,3450.523
2026-08-15 02:00:00+01:00,3428.632
2026-08-15 02:30:00+01:00,3506.956
2026-08-15 03:00:00+01:00,3454.895
2026-08-15 03:30:00+01:00,3387.612
2026-08-15 04:00:00+01:00,3332.325
2026-08-15 04:30:00+01:00,3299.973
2026-08-15 05:00:00+01:00,3278.903
2026-08-15 05:30:00+01:00,3294.886
2026-08-15 06:00:00+01:00,3291.984
2026-08-15 06:30:00+01:00,3334.438
2026-08-15 07:00:00+01:00,3407.108
2026-08-15 07:30:00+01:00,3525.067
2026-08-15 08:00:00+01:00,3638.176
2026-08-15 08:30:00+01:00,3734.034
2026-08-15 09:00:00+01:00,3811.511
2026-08-15 09:30:00+01:00,3863.635
2026-08-15 10:00:00+01:00,3874.925
2026-08-15 10:30:00+01:00,3883.72
2026-08-15 11:00:00+01:00,3860.256
2026-08-15 11:30:00+01:00,3837.024
2026-08-15 12:00:00+01:00,3797.025
2026-08-15 12:30:00+01:00,3736.556
2026-08-15 13:00:00+01:00,3692.468
2026-08-15 13:30:00+01:00,3620.086
2026-08-15 14:00:00+01:00,3515.384
2026-08-15 14:30:00+01:00,3501.283
2026-08-15 15:00:00+01:00,3459.58
2026-08-15 15:30:00+01:00,3444.158
2026-08-15 16:00:00+01:00,3447.734
2026-08-15 16:30:00+01:00,3524.921
2026-08-15 17:00:00+01:00,3621.385
2026-08-15 17:30:00+01:00,3742.916
2026-08-15 18:00:00+01:00,3824.028
2026-08-15 18:30:00+01:00,3898.523
2026-08-15 19:00:00+01:00,3930.176
2026-08-15 19:30:00+01:00,3935.357
2026-08-15 20:00:00+01:00,3924.681
2026-08-15 20:30:00+01:00,3920.961
2026-08-15 21:00:00+01:00,3927.537
2026-08-15 21:30:00+01:00,3928.093
2026-08-15 22:00:00+01:00,3821.896
2026-08-15 22:30:00+01:00,3711.486
2026-08-15 23:00:00+01:00,3605.152
2026-08-15 23:30:00+01:00,3565.665
2026-08-16 00:00:00+01:00,3467.512
2026-08-16 00:30:00+01:00,3420.649
2026-08-16 02:00:00+01:00,3280.6
2026-08-16 02:30:00+01:00,3352.935
2026-08-16 03:00:00+01:00,3292.833
2026-08-16 03:30:00+01:00,3246.839
2026-08-16 04:00:00+01:00,3164.689
2026-08-16 04:30:00+01:00,3134.982
2026-08-16 05:00:00+01:00,3108.152
2026-08-16 05:30:00+01:00,3095.966
2026-08-16 06:00:00+01:00,3078.744
2026-08-16 06:30:00+01:00,3087.849
2026-08-16 07:00:00+01:00,3112.154
2026-08-16 07:30:00+01:00,3210.851
2026-08-16 08:00:00+01:00,3297.243
2026-08-16 08:30:00+01:00,3392.14
2026-08-16 09:00:00+01:00,3483.575
2026-08-16 09:30:00+01:00,3573.918
2026-08-16 10:00:00+01:00,3620.581
2026-08-16 10:30:00+01:00,3645.076
2026-08-16 12:00:00+01:00,3715.977
2026-08-16 12:30:00+01:00,3751.18
2026-08-16 13:00:00+01:00,3764.229
2026-08-16 13:30:00+01:00,3773.176
2026-08-16 15:00:00+01:00,3721.139
2026-08-16 15:30:00+01:00,3706.765
2026-08-16 16:00:00+01:00,3709.162
2026-08-16 16:30:00+01:00,3764.44
2026-08-16 17:00:00+01:00,3844.232
2026-08-16 17:30:00+01:00,3923.237
2026-08-16 18:00:00+01:00,3959.783
2026-08-16 18:30:00+01:00,3997.0
2026-08-16 19:00:00+01:00,4003.934
2026-08-16 19:30:00+01:00,4001.056
2026-08-16 20:00:00+01:00,4001.222
2026-08-16 20:30:00+01:00,3980.019
2026-08-16 21:00:00+01:00,3993.235
2026-08-16 21:30:00+01:00,3942.716
2026-08-16 22:00:00+01:00,3866.08
2026-08-16 22:30:00+01:00,3719.18
2026-08-16 23:00:00+01:00,3597.846
2026-08-16 23:30:00+01:00,3547.205
2026-08-17 00:00:00+01:00,3456.733
2026-08-17 00:30:00+01:00,3416.28
2026-08-17 01:00:00+01:00,3332.124
2026-08-17 01:30:00+01:00,3290.165
2026-08-17 02:00:00+01:00,3268.784
2026-08-17 02:30:00+01:00,3370.754
2026-08-17 03:00:00+01:00,3321.092
2026-08-17 03:30:00+01:00,3293.997
2026-08-17 04:00:00+01:00,3248.466
2026-08-17 04:30:00+01:00,3229.677
2026-08-17 05:00:00+01:00,3248.314
2026-08-17 05:30:00+01:00,3281.799
2026-08-17 06:00:00+01:00,3357.56
2026-08-17 06:30:00+01:00,3506.66
2026-08-17 07:00:00+01:00,3674.305
2026-08-17 07:30:00+01:00,3907.604
2026-08-17 08:00:00+01:00,4048.876
2026-08-17 08:30:00+01:00,4221.212
2026-08-17 09:00:00+01:00,4277.329
2026-08-17 09:30:00+01:00,4313.156
2026-08-17 10:00:00+01:00,4265.488
2026-08-17 10:30:00+01:00,4253.206
2026-08-17 12:00:00+01:00,4128.726
2026-08-17 12:30:00+01:00,4107.779
2026-08-17 13:00:00+01:00,4076.386
2026-08-17 13:30:00+01:00,4016.778
2026-08-17 14:00:00+01:00,3988.728
2026-08-17 14:30:00+01:00,4026.624
2026-08-17 15:00:00+01:00,4103.096
2026-08-17 15:30:00+01:00,4137.282
2026-08-17 16:00:00+01:00,4180.443
2026-08-17 16:30:00+01:00,4279.69
2026-08-17 17:00:00+01:00,4355.765
2026-08-17 17:30:00+01:00,4410.214
2026-08-17 18:00:00+01:00,4433.613
2026-08-17 18:30:00+01:00,4424.602
2026-08-17 20:00:00+01:00,4305.761
2026-08-17 20:30:00+01:00,4285.512
2026-08-17 21:00:00+01:00,4251.832
2026-08-17 21:30:00+01:00,4232.987
2026-08-17 22:00:00+01:00,4060.127
2026-08-17 22:30:00+01:00,3946.898
2026-08-17 23:00:00+01:00,3757.52
2026-08-17 23:30:00+01:00,3701.752
2026-08-18 00:00:00+01:00,3606.543
2026-08-18 00:30:00+01:00,3547.508
2026-08-18 01:00:00+01:00,3444.117
2026-08-18 01:30:00+01:00,3384.592
2026-08-18 02:00:00+01:00,3345.156
2026-08-18 02:30:00+01:00,3436.364
2026-08-18 03:00:00+01:00,3463.399
2026-08-18 03:30:00+01:00,3409.982
2026-08-18 04:00:00+01:00,3336.702
2026-08-18 04:30:00+01:00,3277.584
2026-08-18 05:00:00+01:00,3306.686
2026-08-18 05:30:00+01:00,3313.052
2026-08-18 06:00:00+01:00,3386.571
2026-08-18 06:30:00+01:00,3550.744
2026-08-18 07:00:00+01:00,3690.057
2026-08-18 07:30:00+01:00,3910.612
2026-08-18 08:00:00+01:00,4059.876
2026-08-18 08:30:00+01:00,4218.39
2026-08-18 09:00:00+01:00,4298.034
2026-08-18 09:30:00+01:00,4307.554
2026-08-18 10:00:00+01:00,4213.626
2026-08-18 10:30:00+01:00,4196.775
2026-08-18 11:00:00+01:00,4226.124
2026-08-18 11:30:00+01:00,4202.248
2026-08-18 12:00:00+01:00,4156.803
2026-08-18 12:30:00+01:00,4151.413
2026-08-18 13:00:00+01:00,4159.146
2026-08-18 13:30:00+01:00,4180.65
2026-08-18 14:00:00+01:00,4155.626
2026-08-18 14:30:00+01:00,4137.663
2026-08-18 15:00:00+01:00,4155.857
2026-08-18 15:30:00+01:00,4178.968
2026-08-18 16:00:00+01:00,4265.575
2026-08-18 16:30:00+01:00,4355.7
2026-08-18 17:00:00+01:00,4479.198
2026-08-18 17:30:00+01:00,4525.396
2026-08-18 18:00:00+01:00,4508.752
2026-08-18 18:30:00+01:00,4485.881
2026-08-18 19:00:00+01:00,4460.516
2026-08-18 19:30:00+01:00,4422.94
2026-08-18 20:00:00+01:00,4351.542
2026-08-18 20:30:00+01:00,4334.121
2026-08-18 21:00:00+01:00,4326.577
2026-08-18 21:30:00+01:00,4258.29
2026-08-18 22:00:00+01:00,4088.27
2026-08-18 22:30:00+01:00,3931.753
2026-08-18 23:00:00+01:00,3772.529
2026-08-18 23:30:00+01:00,3699.344
2026-08-19 00:00:00+01:00,3577.266
2026-08-19 00:30:00+01:00,3556.992
2026-08-19 01:00:00+01:00,3463.831
2026-08-19 01:30:00+01:00,3409.762
2026-08-19 02:00:00+01:00,3404.765
2026-08-19 02:30:00+01:00,3501.355
2026-08-19 03:00:00+01:00,3442.606
2026-08-19 03:30:00+01:00,3391.634
2026-08-19 04:00:00+01:00,3345.234
2026-08-19 04:30:00+01:00,3316.843
2026-08-19 05:00:00+01:00,3292.574
2026-08-19 05:30:00+01:00,3371.84
2026-08-19 06:00:00+01:00,3424.789
2026-08-19 06:30:00+01:00,3551.773
2026-08-19 07:00:00+01:00,3691.045
2026-08-19 07:30:00+01:00,3925.426
2026-08-19 08:00:00+01:00,4027.51
2026-08-19 08:30:00+01:00,4187.601
2026-08-19 09:00:00+01:00,4167.464
2026-08-19 09:30:00+01:00,4187.246
2026-08-19 10:00:00+01:00,4143.951
2026-08-19 10:30:00+01:00,4117.552
2026-08-19 11:00:00+01:00,4072.213
2026-08-19 11:30:00+01:00,4043.067
2026-08-19 12:00:00+01:00,4025.224
2026-08-19 12:30:00+01:00,3969.227
2026-08-19 13:00:00+01:00,3954.074
2026-08-19 13:30:00+01:00,3885.647
2026-08-19 14:00:00+01:00,3853.665
2026-08-19 14:30:00+01:00,3896.623
2026-08-19 15:00:00+01:00,3925.044
2026-08-19 15:30:00+01:00,3960.744
2026-08-19 16:00:00+01:00,3984.964
2026-08-19 16:30:00+01:00,4073.769
2026-08-19 17:00:00+01:00,4107.383
2026-08-19 17:30:00+01:00,4211.591
2026-08-19 18:00:00+01:00,4257.928
2026-08-19 18:30:00+01:00,4250.764
2026-08-19 19:00:00+01:00,4240.807
2026-08-19 19:30:00+01:00,4270.626
2026-08-19 20:00:00+01:00,4226.868
2026-08-19 20:30:00+01:00,4227.994
2026-08-19 21:00:00+01:00,4244.432
2026-08-19 21:30:00+01:00,4150.314
2026-08-19 22:00:00+01:00,4039.445
2026-08-19 22:30:00+01:00,3853.484
2026-08-19 23:00:00+01:00,3732.79
2026-08-19 23:30:00+01:00,3643.832
2026-08-20 00:00:00+01:00,3551.101
2026-08-20 00:30:00+01:00,3510.831
2026-08-20 01:00:00+01:00,3421.669
2026-08-20 01:30:00+01:00,3356.412
2026-08-20 02:00:00+01:00,3300.987
2026-08-20 02:30:00+01:00,3402.244
2026-08-20 03:00:00+01:00,3349.744
2026-08-20 03:30:00+01:00,3366.919
2026-08-20 04:00:00+01:00,3294.503
2026-08-20 04:30:00+01:00,3224.008
2026-08-20 05:00:00+01:00,3226.198
2026-08-20 05:30:00+01:00,3263.19
2026-08-20 06:00:00+01:00,3334.228
2026-08-20 06:30:00+01:00,3481.423
2026-08-20 07:00:00+01:00,3670.735
2026-08-20 07:30:00+01:00,3886.255
2026-08-20 08:00:00+01:00,4061.477
2026-08-20 08:30:00+01:00,4197.601
2026-08-20 09:00:00+01:00,4235.976
2026-08-20 09:30:00+01:00,4245.376
2026-08-20 10:00:00+01:00,4183.438
2026-08-20 10:30:00+01:00,4164.401
2026-08-20 11:00:00+01:00,4135.204
2026-08-20 11:30:00+01:00,4121.738
2026-08-20 12:00:00+01:00,4026.905
2026-08-20 12:30:00+01:00,4056.786
2026-08-20 13:00:00+01:00,4007.344
2026-08-20 13:30:00+01:00,3928.889
2026-08-20 14:00:00+01:00,3935.815
2026-08-20 14:30:00+01:00,3953.591
2026-08-20 15:00:00+01:00,4003.561
2026-08-20 15:30:00+01:00,3981.175
2026-08-20 16:00:00+01:00,4027.574
2026-08-20 16:30:00+01:00,4023.822
2026-08-20 17:00:00+01:00,4105.177
2026-08-20 17:30:00+01:00,4232.752
2026-08-20 18:00:00+01:00,4249.297
2026-08-20 18:30:00+01:00,4226.135
2026-08-20 19:00:00+01:00,4246.555
2026-08-20 19:30:00+01:00,4245.797
2026-08-20 20:00:00+01:00,4250.768
2026-08-20 20:30:00+01:00,4233.595
2026-08-20 21:00:00+01:00,4268.624
2026-08-20 21:30:00+01:00,4212.42
2026-08-20 22:00:00+01:00,4031.106
2026-08-20 22:30:00+01:00,3872.42
2026-08-20 23:00:00+01:00,3751.16
2026-08-20 23:30:00+01:00,3669.502
2026-08-21 00:00:00+01:00,3566.543
2026-08-21 00:30:00+01:00,3514.685
2026-08-21 01:00:00+01:00,3436.154
2026-08-21 01:30:00+01:00,3415.424
2026-08-21 02:00:00+01:00,3356.596
2026-08-21 02:30:00+01:00,3463.524
2026-08-21 03:00:00+01:00,3414.826
2026-08-21 03:30:00+01:00,3381.574
2026-08-21 04:00:00+01:00,3319.855
2026-08-21 04:30:00+01:00,3296.452
2026-08-21 05:00:00+01:00,3292.086
2026-08-21 05:30:00+01:00,3344.359
2026-08-21 06:00:00+01:00,3408.643
2026-08-21 06:30:00+01:00,3539.579
2026-08-21 07:00:00+01:00,3697.571
2026-08-21 07:30:00+01:00,3897.098
2026-08-21 08:00:00+01:00,4059.793
2026-08-21 08:30:00+01:00,4189.564
2026-08-21 09:00:00+01:00,4222.264
2026-08-21 09:30:00+01:00,4196.956
2026-08-21 10:00:00+01:00,4110.591
2026-08-21 10:30:00+01:00,4057.96
2026-08-21 11:00:00+01:00,4032.022
2026-08-21 11:30:00+01:00,3954.57
2026-08-21 12:00:00+01:00,3934.477
2026-08-21 12:30:00+01:00,3944.814
2026-08-21 13:00:00+01:00,3903.251
2026-08-21 13:30:00+01:00,3881.386
2026-08-21 14:00:00+01:00,3856.21
2026-08-21 14:30:00+01:00,3842.936
2026-08-21 15:00:00+01:00,3829.205
2026-08-21 15:30:00+01:00,3901.1
2026-08-21 16:00:00+01:00,3831.8
2026-08-21 16:30:00+01:00,3943.25
2026-08-21 17:00:00+01:00,3987.073
2026-08-21 17:30:00+01:00,4122.751
2026-08-21 18:00:00+01:00,4152.702
2026-08-21 18:30:00+01:00,4153.679
2026-08-21 19:00:00+01:00,4207.762
2026-08-21 19:30:00+01:00,4199.102
2026-08-21 20:00:00+01:00,4167.301
2026-08-21 20:30:00+01:00,4146.476
2026-08-21 21:00:00+01:00,4128.926
2026-08-21 21:30:00+01:00,4098.637
2026-08-21 22:00:00+01:00,3981.459
2026-08-21 22:30:00+01:00,3841.005
2026-08-21 23:00:00+01:00,3715.858
2026-08-21 23:30:00+01:00,3656.446
2026-08-22 00:00:00+01:00,3567.073
2026-08-22 00:30:00+01:00,3532.204
2026-08-22 01:00:00+01:00,3443.053
2026-08-22 01:30:00+01:00,3390.535
2026-08-22 02:00:00+01:00,3359.594
2026-08-22 02:30:00+01:00,3466.566
2026-08-22 03:00:00+01:00,3414.834
2026-08-22 03:30:00+01:00,3358.9
2026-08-22 04:00:00+01:00,3310.803
2026-08-22 04:30:00+01:00,3284.341
2026-08-22 05:00:00+01:00,3273.019
2026-08-22 05:30:00+01:00,3279.814
2026-08-22 06:00:00+01:00,3297.363
2026-08-22 06:30:00+01:00,3339.963
2026-08-22 07:00:00+01:00,3408.546
2026-08-22 07:30:00+01:00,3534.893
2026-08-22 08:00:00+01:00,3633.177
2026-08-22 08:30:00+01:00,3708.359
2026-08-22 09:00:00+01:00,3791.192
2026-08-22 09:30:00+01:00,3855.921
2026-08-22 10:00:00+01:00,3839.703
2026-08-22 10:30:00+01:00,3846.228
2026-08-22 11:00:00+01:00,3823.648
2026-08-22 11:30:00+01:00,3782.579
2026-08-22 12:00:00+01:00,3749.45
2026-08-22 12:30:00+01:00,3728.872
2026-08-22 13:00:00+01:00,3672.064
2026-08-22 13:30:00+01:00,3617.028
2026-08-22 14:00:00+01:00,3534.757
2026-08-22 14:30:00+01:00,3507.551
2026-08-22 15:00:00+01:00,3488.05
2026-08-22 15:30:00+01:00,3516.89
2026-08-22 16:00:00+01:00,3542.199
2026-08-22 16:30:00+01:00,3598.79
2026-08-22 17:00:00+01:00,3684.902
2026-08-22 17:30:00+01:00,3807.769
2026-08-22 19:00:00+01:00,3963.127
2026-08-22 19:30:00+01:00,3980.472
2026-08-22 20:00:00+01:00,3994.502
2026-08-22 20:30:00+01:00,3979.712
2026-08-22 21:00:00+01:00,4006.542
2026-08-22 21:30:00+01:00,3956.501
2026-08-22 22:00:00+01:00,3832.9
2026-08-22 22:30:00+01:00,3715.508
2026-08-22 23:00:00+01:00,3603.951
2026-08-22 23:30:00+01:00,3576.421
2026-08-23 00:00:00+01:00,3501.457
2026-08-23 00:30:00+01:00,3461.168
2026-08-23 01:00:00+01:00,3397.638
2026-08-23 01:30:00+01:00,3353.09
2026-08-23 02:00:00+01:00,3328.254
2026-08-23 02:30:00+01:00,3422.189
2026-08-23 03:00:00+01:00,3352.724
2026-08-23 03:30:00+01:00,3304.176
2026-08-23 05:00:00+01:00,3191.993
2026-08-23 05:30:00+01:00,3192.137
2026-08-23 06:00:00+01:00,3194.335
2026-08-23 06:30:00+01:00,3209.48
2026-08-23 07:00:00+01:00,3255.711
2026-08-23 07:30:00+01:00,3326.129
2026-08-23 08:00:00+01:00,3413.07
2026-08-23 08:30:00+01:00,3520.314
2026-08-23 09:00:00+01:00,3591.946
2026-08-23 09:30:00+01:00,3661.918
2026-08-23 10:00:00+01:00,3683.48
2026-08-23 10:30:00+01:00,3702.111
2026-08-23 11:00:00+01:00,3707.652
2026-08-23 11:30:00+01:00,3683.037
2026-08-23 12:00:00+01:00,3630.815
2026-08-23 12:30:00+01:00,3616.82
2026-08-23 13:00:00+01:00,3565.13
2026-08-23 13:30:00+01:00,3511.423
2026-08-23 14:00:00+01:00,3440.717
2026-08-23 14:30:00+01:00,3397.907
2026-08-23 15:00:00+01:00,3372.403
2026-08-23 15:30:00+01:00,3375.187
2026-08-23 16:00:00+01:00,3410.703
2026-08-23 16:30:00+01:00,3476.968
2026-08-23 17:00:00+01:00,3538.944
2026-08-23 17:30:00+01:00,3665.404
2026-08-23 18:00:00+01:00,3764.068
2026-08-23 18:30:00+01:00,3817.474
2026-08-23 19:00:00+01:00,3906.865
2026-08-23 19:30:00+01:00,3955.646
2026-08-23 20:00:00+01:00,3944.959
2026-08-23 20:30:00+01:00,3946.741
2026-08-23 21:00:00+01:00,3996.437
2026-08-23 21:30:00+01:00,3929.338
2026-08-23 22:00:00+01:00,3805.183
2026-08-23 22:30:00+01:00,3676.161
2026-08-23 23:00:00+01:00,3537.951
2026-08-23 23:30:00+01:00,3486.772
2026-08-24 00:00:00+01:00,3388.056
2026-08-24 00:30:00+01:00,3350.335
2026-08-24 01:00:00+01:00,3276.307
2026-08-24 01:30:00+01:00,3225.145
2026-08-24 02:00:00+01:00,3209.199
2026-08-24 02:30:00+01:00,3301.099
2026-08-24 03:00:00+01:00,3252.98
2026-08-24 03:30:00+01:00,3206.885
2026-08-24 04:00:00+01:00,3169.663
2026-08-24 04:30:00+01:00,3168.012
2026-08-24 05:00:00+01:00,3176.497
2026-08-24 05:30:00+01:00,3227.282
2026-08-24 06:00:00+01:00,3327.895
2026-08-24 06:30:00+01:00,3470.736
2026-08-24 07:00:00+01:00,3668.474
2026-08-24 07:30:00+01:00,3848.513
2026-08-24 08:00:00+01:00,3945.39
2026-08-24 08:30:00+01:00,4072.02
2026-08-24 09:00:00+01:00,4108.716
2026-08-24 09:30:00+01:00,4093.928
2026-08-24 10:00:00+01:00,3980.575
2026-08-24 10:30:00+01:00,3891.337
2026-08-24 11:00:00+01:00,3850.428
2026-08-24 11:30:00+01:00,3799.116
2026-08-24 12:00:00+01:00,3754.967
2026-08-24 12:30:00+01:00,3759.364
2026-08-24 13:00:00+01:00,3758.352
2026-08-24 13:30:00+01:00,3744.354
2026-08-24 14:00:00+01:00,3728.282
2026-08-24 14:30:00+01:00,3740.634
2026-08-24 15:00:00+01:00,3748.977
2026-08-24 15:30:00+01:00,3770.76
2026-08-24 16:00:00+01:00,3838.016
2026-08-24 16:30:00+01:00,3941.04
2026-08-24 17:00:00+01:00,4106.419
2026-08-24 17:30:00+01:00,4241.034
2026-08-24 19:00:00+01:00,4367.26
2026-08-24 19:30:00+01:00,4363.581
2026-08-24 20:00:00+01:00,4340.427
2026-08-24 20:30:00+01:00,4308.653
2026-08-24 22:00:00+01:00,4075.018
2026-08-24 22:30:00+01:00,3890.152
2026-08-24 23:00:00+01:00,3727.31
2026-08-24 23:30:00+01:00,3640.361
2026-08-25 00:00:00+01:00,3504.564
2026-08-25 00:30:00+01:00,3467.415
2026-08-25 01:00:00+01:00,3400.544
2026-08-25 01:30:00+01:00,3358.5
2026-08-25 02:00:00+01:00,3355.951
2026-08-25 02:30:00+01:00,3480.391
2026-08-25 03:00:00+01:00,3443.354
2026-08-25 03:30:00+01:00,3408.878
2026-08-25 04:00:00+01:00,3348.976
2026-08-25 04:30:00+01:00,3319.544
2026-08-25 05:00:00+01:00,3283.044
2026-08-25 05:30:00+01:00,3308.965
2026-08-25 06:00:00+01:00,3383.779
2026-08-25 06:30:00+01:00,3528.518
2026-08-25 07:00:00+01:00,3716.796
2026-08-25 07:30:00+01:00,3939.698
2026-08-25 08:00:00+01:00,4101.132
2026-08-25 08:30:00+01:00,4228.366
2026-08-25 10:00:00+01:00,4263.645
2026-08-25 10:30:00+01:00,4223.404
2026-08-25 11:00:00+01:00,4189.901
2026-08-25 11:30:00+01:00,4168.43
2026-08-25 12:00:00+01:00,4159.983
2026-08-25 12:30:00+01:00,4177.173
2026-08-25 13:00:00+01:00,4212.648
2026-08-25 13:30:00+01:00,4202.71
2026-08-25 14:00:00+01:00,4203.68
2026-08-25 14:30:00+01:00,4226.571
2026-08-25 15:00:00+01:00,4284.216
2026-08-25 15:30:00+01:00,4347.829
2026-08-25 16:00:00+01:00,4422.106
2026-08-25 16:30:00+01:00,4517.899
2026-08-25 17:00:00+01:00,4592.51
2026-08-25 17:30:00+01:00,4686.716
2026-08-25 18:00:00+01:00,4690.385
2026-08-25 18:30:00+01:00,4651.132
2026-08-25 19:00:00+01:00,4611.494
2026-08-25 19:30:00+01:00,4577.393
2026-08-25 20:00:00+01:00,4516.432
2026-08-25 20:30:00+01:00,4519.078
2026-08-25 21:00:00+01:00,4483.408
2026-08-25 21:30:00+01:00,4321.023
2026-08-25 22:00:00+01:00,4147.586
2026-08-25 22:30:00+01:00,3977.617
2026-08-25 23:00:00+01:00,3824.208
2026-08-25 23:30:00+01:00,3746.921
2026-08-26 00:00:00+01:00,3622.859
2026-08-26 00:30:00+01:00,3565.388
2026-08-26 01:00:00+01:00,3485.518
2026-08-26 01:30:00+01:00,3455.524
2026-08-26 02:00:00+01:00,3410.497
2026-08-26 02:30:00+01:00,3513.63
2026-08-26 03:00:00+01:00,3486.944
2026-08-26 03:30:00+01:00,3451.656
2026-08-26 04:00:00+01:00,3376.667
2026-08-26 04:30:00+01:00,3347.327
2026-08-26 05:00:00+01:00,3338.924
2026-08-26 05:30:00+01:00,3368.306
2026-08-26 06:00:00+01:00,3467.319
2026-08-26 06:30:00+01:00,3615.006
2026-08-26 07:00:00+01:00,3816.883
2026-08-26 07:30:00+01:00,4082.512
2026-08-26 08:00:00+01:00,4250.736
2026-08-26 08:30:00+01:00,4409.006
2026-08-26 09:00:00+01:00,4446.476
2026-08-26 09:30:00+01:00,4484.25
2026-08-26 10:00:00+01:00,4465.653
2026-08-26 10:30:00+01:00,4450.322
2026-08-26 11:00:00+01:00,4425.527
2026-08-26 11:30:00+01:00,4402.704
2026-08-26 12:00:00+01:00,4380.771
2026-08-26 12:30:00+01:00,4348.366
2026-08-26 13:00:00+01:00,4341.409
2026-08-26 13:30:00+01:00,4298.352
2026-08-26 14:00:00+01:00,4269.304
2026-08-26 14:30:00+01:00,4203.94
2026-08-26 15:00:00+01:00,4182.107
2026-08-26 15:30:00+01:00,4169.43
2026-08-26 16:00:00+01:00,4165.089
2026-08-26 16:30:00+01:00,4213.03
2026-08-26 17:00:00+01:00,4275.957
2026-08-26 17:30:00+01:00,4392.726
2026-08-26 18:00:00+01:00,4418.095
2026-08-26 18:30:00+01:00,4410.142
2026-08-26 19:00:00+01:00,4441.686
2026-08-26 19:30:00+01:00,4452.883
2026-08-26 20:00:00+01:00,4443.511
2026-08-26 20:30:00+01:00,4459.735
2026-08-26 21:00:00+01:00,4464.961
2026-08-26 21:30:00+01:00,4365.781
2026-08-26 22:00:00+01:00,4187.671
2026-08-26 22:30:00+01:00,4008.478
2026-08-26 23:00:00+01:00,3840.524
2026-08-26 23:30:00+01:00,3779.024
2026-08-27 00:00:00+01:00,3639.64
2026-08-27 00:30:00+01:00,3586.166
2026-08-27 01:00:00+01:00,3493.263
2026-08-27 01:30:00+01:00,3452.604
2026-08-27 03:00:00+01:00,3462.416
2026-08-27 03:30:00+01:00,3406.783
2026-08-27 04:00:00+01:00,3352.804
2026-08-27 04:30:00+01:00,3331.705
2026-08-27 05:00:00+01:00,3317.575
2026-08-27 05:30:00+01:00,3378.867
2026-08-27 06:00:00+01:00,3483.992
2026-08-27 06:30:00+01:00,3658.159
2026-08-27 08:00:00+01:00,4284.714
2026-08-27 08:30:00+01:00,4393.084
2026-08-27 09:00:00+01:00,4465.307
2026-08-27 09:30:00+01:00,4528.238
2026-08-27 11:00:00+01:00,4521.698
2026-08-27 11:30:00+01:00,4524.547
2026-08-27 12:00:00+01:00,4513.826
2026-08-27 12:30:00+01:00,4533.548
2026-08-27 13:00:00+01:00,4547.662
2026-08-27 13:30:00+01:00,4492.72
2026-08-27 14:00:00+01:00,4490.456
2026-08-27 14:30:00+01:00,4476.405
2026-08-27 15:00:00+01:00,4468.878
2026-08-27 15:30:00+01:00,4529.577
2026-08-27 16:00:00+01:00,4525.123
2026-08-27 16:30:00+01:00,4572.442
2026-08-27 17:00:00+01:00,4631.96
2026-08-27 17:30:00+01:00,4705.975
2026-08-28 00:00:00+01:00,3725.968
2026-08-28 00:30:00+01:00,3664.971
2026-08-28 01:00:00+01:00,3573.85
2026-08-28 01:30:00+01:00,3540.743
2026-08-28 02:00:00+01:00,3502.718
2026-08-28 02:30:00+01:00,3603.138
2026-08-28 03:00:00+01:00,3555.252
2026-08-28 03:30:00+01:00,3512.442
2026-08-28 04:00:00+01:00,3456.789
2026-08-28 04:30:00+01:00,3425.524
2026-08-28 05:00:00+01:00,3431.953
2026-08-28 05:30:00+01:00,3479.884
2026-08-28 06:00:00+01:00,3563.131
2026-08-28 06:30:00+01:00,3728.289
2026-08-28 07:00:00+01:00,3939.873
2026-08-28 07:30:00+01:00,4245.045
2026-08-28 08:00:00+01:00,4396.289
2026-08-28 08:30:00+01:00,4473.854
2026-08-28 09:00:00+01:00,4489.662
2026-08-28 09:30:00+01:00,4473.544
2026-08-28 10:00:00+01:00,4435.166
2026-08-28 10:30:00+01:00,4401.282
2026-08-28 11:00:00+01:00,4328.023
2026-08-28 11:30:00+01:00,4262.641
2026-08-28 12:00:00+01:00,4205.144
2026-08-28 12:30:00+01:00,4154.676
2026-08-28 13:00:00+01:00,4126.501
2026-08-28 13:30:00+01:00,4062.68
2026-08-28 14:00:00+01:00,4003.232
2026-08-28 14:30:00+01:00,3957.581
2026-08-28 15:00:00+01:00,3933.234
2026-08-28 15:30:00+01:00,3985.581
2026-08-28 16:00:00+01:00,3984.671
2026-08-28 16:30:00+01:00,4069.594
2026-08-28 17:00:00+01:00,4171.924
2026-08-28 17:30:00+01:00,4291.095
2026-08-28 18:00:00+01:00,4360.074
2026-08-28 18:30:00+01:00,4408.961
2026-08-28 19:00:00+01:00,4382.312
2026-08-28 19:30:00+01:00,4389.376
2026-08-28 20:00:00+01:00,4360.509
2026-08-28 20:30:00+01:00,4346.693
2026-08-28 21:00:00+01:00,4367.074
2026-08-28 21:30:00+01:00,4258.736
2026-08-28 22:00:00+01:00,4120.544
2026-08-28 22:30:00+01:00,3977.682
2026-08-28 23:00:00+01:00,3858.9
2026-08-28 23:30:00+01:00,3822.29
2026-08-29 00:00:00+01:00,3718.13
2026-08-29 00:30:00+01:00,3666.019
2026-08-29 02:00:00+01:00,3496.482
2026-08-29 02:30:00+01:00,3609.543
2026-08-29 03:00:00+01:00,3547.416
2026-08-29 03:30:00+01:00,3488.215
2026-08-29 04:00:00+01:00,3440.334
2026-08-29 04:30:00+01:00,3410.159
2026-08-29 05:00:00+01:00,3376.572
2026-08-29 05:30:00+01:00,3368.627
2026-08-29 06:00:00+01:00,3391.522
2026-08-29 06:30:00+01:00,3451.071
2026-08-29 07:00:00+01:00,3520.102
2026-08-29 07:30:00+01:00,3650.597
2026-08-29 08:00:00+01:00,3756.032
2026-08-29 08:30:00+01:00,3899.509
2026-08-29 09:00:00+01:00,4025.738
2026-08-29 09:30:00+01:00,4113.173
2026-08-29 10:00:00+01:00,4134.772
2026-08-29 10:30:00+01:00,4163.107
2026-08-29 11:00:00+01:00,4100.752
2026-08-29 11:30:00+01:00,4119.227
2026-08-29 12:00:00+01:00,4106.608
2026-08-29 12:30:00+01:00,4105.644
2026-08-29 13:00:00+01:00,4028.368
2026-08-29 13:30:00+01:00,3987.655
2026-08-29 14:00:00+01:00,3950.335
2026-08-29 14:30:00+01:00,3933.151
2026-08-29 15:00:00+01:00,3925.792
2026-08-29 15:30:00+01:00,3880.391
2026-08-29 16:00:00+01:00,3907.184
2026-08-29 16:30:00+01:00,3921.057
2026-08-29 17:00:00+01:00,4012.983
2026-08-29 17:30:00+01:00,4099.73
2026-08-29 18:00:00+01:00,4126.044
2026-08-29 18:30:00+01:00,4149.848
2026-08-29 19:00:00+01:00,4141.833
2026-08-29 19:30:00+01:00,4128.06
2026-08-29 20:00:00+01:00,4060.163
2026-08-29 20:30:00+01:00,4028.133
2026-08-29 21:00:00+01:00,4044.583
2026-08-29 21:30:00+01:00,3958.835
2026-08-29 22:00:00+01:00,3837.286
2026-08-29 22:30:00+01:00,3729.972
2026-08-29 23:00:00+01:00,3629.08
2026-08-29 23:30:00+01:00,3595.364
2026-08-30 00:00:00+01:00,3512.705
2026-08-30 00:30:00+01:00,3479.701
2026-08-30 01:00:00+01:00,3404.006
2026-08-30 01:30:00+01:00,3348.549
2026-08-30 02:00:00+01:00,3331.076
2026-08-30 02:30:00+01:00,3412.589
2026-08-30 03:00:00+01:00,3329.347
2026-08-30 03:30:00+01:00,3299.54
2026-08-30 04:00:00+01:00,3243.647
2026-08-30 04:30:00+01:00,3189.865
2026-08-30 05:00:00+01:00,3150.742
2026-08-30 05:30:00+01:00,3139.919
2026-08-30 06:00:00+01:00,3184.376
2026-08-30 06:30:00+01:00,3169.232
2026-08-30 07:00:00+01:00,3187.775
2026-08-30 07:30:00+01:00,3292.378
2026-08-30 08:00:00+01:00,3394.343
2026-08-30 08:30:00+01:00,3519.579
2026-08-30 09:00:00+01:00,3623.64
2026-08-30 09:30:00+01:00,3715.381
2026-08-30 10:00:00+01:00,3798.48
2026-08-30 10:30:00+01:00,3847.052
2026-08-30 11:00:00+01:00,3870.203
2026-08-30 11:30:00+01:00,3867.841
2026-08-30 12:00:00+01:00,3823.776
2026-08-30 12:30:00+01:00,3856.396
2026-08-30 13:00:00+01:00,3811.453
2026-08-30 13:30:00+01:00,3833.425
2026-08-30 14:00:00+01:00,3773.833
2026-08-30 14:30:00+01:00,3766.01
2026-08-30 15:00:00+01:00,3731.744
2026-08-30 15:30:00+01:00,3737.655
2026-08-30 16:00:00+01:00,3788.686
2026-08-30 16:30:00+01:00,3889.97
2026-08-30 17:00:00+01:00,3950.958
2026-08-30 17:30:00+01:00,4017.874
2026-08-30 18:00:00+01:00,4052.461
2026-08-30 18:30:00+01:00,4047.28
2026-08-30 19:00:00+01:00,4094.76
2026-08-30 19:30:00+01:00,4097.108
2026-08-30 20:00:00+01:00,4071.851
2026-08-30 20:30:00+01:00,4059.829
2026-08-30 21:00:00+01:00,4056.43
2026-08-30 21:30:00+01:00,3920.95
2026-08-30 22:00:00+01:00,3753.82
2026-08-30 22:30:00+01:00,3633.558
2026-08-30 23:00:00+01:00,3523.515
2026-08-30 23:30:00+01:00,3475.143
