DateTime,Wind Onshore [forecast-entsoe]
2025-12-31 23:00:00+00:00,819.402
2026-01-01 00:00:00+00:00,1041.6455
2026-01-01 01:00:00+00:00,1162.0885
2026-01-01 02:00:00+00:00,1280.41
2026-01-01 03:00:00+00:00,1386.6455
2026-01-01 04:00:00+00:00,1428.882
2026-01-01 05:00:00+00:00,1421.553
2026-01-01 06:00:00+00:00,1373.9795
2026-01-01 07:00:00+00:00,1267.0435
2026-01-01 08:00:00+00:00,1133.6975
2026-01-01 09:00:00+00:00,984.198
2026-01-01 10:00:00+00:00,840.1255
2026-01-01 11:00:00+00:00,711.002
2026-01-01 12:00:00+00:00,633.291
2026-01-01 13:00:00+00:00,627.1765
2026-01-01 14:00:00+00:00,661.5215
2026-01-01 15:00:00+00:00,707.663
2026-01-01 16:00:00+00:00,738.6445
2026-01-01 17:00:00+00:00,783.5015
2026-01-01 18:00:00+00:00,844.351
2026-01-01 19:00:00+00:00,874.6165
2026-01-01 20:00:00+00:00,886.783
2026-01-01 21:00:00+00:00,889.4845
2026-01-01 22:00:00+00:00,889.983
2026-01-01 23:00:00+00:00,890.5115
2026-01-02 00:00:00+00:00,1290.668
2026-01-02 01:00:00+00:00,1273.2325
2026-01-02 02:00:00+00:00,1270.957
2026-01-02 03:00:00+00:00,1288.367
2026-01-02 04:00:00+00:00,1291.0285
2026-01-02 05:00:00+00:00,1232.8605
2026-01-02 06:00:00+00:00,1131.569
2026-01-02 07:00:00+00:00,1045.6085
2026-01-02 08:00:00+00:00,1022.515
2026-01-02 09:00:00+00:00,1043.317
2026-01-02 10:00:00+00:00,1080.8915
2026-01-02 11:00:00+00:00,1104.0525
2026-01-02 12:00:00+00:00,1152.3345
2026-01-02 13:00:00+00:00,1220.82
2026-01-02 14:00:00+00:00,1262.672
2026-01-02 15:00:00+00:00,1296.4345
2026-01-02 16:00:00+00:00,1315.727
2026-01-02 17:00:00+00:00,1336.0765
2026-01-02 18:00:00+00:00,1393.528
2026-01-02 19:00:00+00:00,1454.887
2026-01-02 20:00:00+00:00,1487.5335
2026-01-02 21:00:00+00:00,1482.2775
2026-01-02 22:00:00+00:00,1478.08
2026-01-02 23:00:00+00:00,1511.5495
2026-01-03 00:00:00+00:00,1614.9355
2026-01-03 01:00:00+00:00,1645.4295
2026-01-03 02:00:00+00:00,1665.5945
2026-01-03 03:00:00+00:00,1670.2035
2026-01-03 04:00:00+00:00,1643.47
2026-01-03 05:00:00+00:00,1622.714
2026-01-03 06:00:00+00:00,1619.6865
2026-01-03 07:00:00+00:00,1627.643
2026-01-03 08:00:00+00:00,1600.268
2026-01-03 09:00:00+00:00,1540.363
2026-01-03 10:00:00+00:00,1445.3425
2026-01-03 11:00:00+00:00,1319.363
2026-01-03 12:00:00+00:00,1263.681
2026-01-03 13:00:00+00:00,1265.6005
2026-01-03 14:00:00+00:00,1245.6265
2026-01-03 15:00:00+00:00,1194.6585
2026-01-03 16:00:00+00:00,1092.477
2026-01-03 17:00:00+00:00,1016.7355
2026-01-03 18:00:00+00:00,1001.714
2026-01-03 19:00:00+00:00,995.2115
2026-01-03 20:00:00+00:00,970.58
2026-01-03 21:00:00+00:00,930.196
2026-01-03 22:00:00+00:00,887.2945
2026-01-03 23:00:00+00:00,841.0075
2026-01-04 00:00:00+00:00,785.889
2026-01-04 01:00:00+00:00,755.498
2026-01-04 02:00:00+00:00,722.7275
2026-01-04 03:00:00+00:00,701.7675
2026-01-04 04:00:00+00:00,670.153
2026-01-04 05:00:00+00:00,629.9105
2026-01-04 06:00:00+00:00,604.693
2026-01-04 07:00:00+00:00,601.307
2026-01-04 08:00:00+00:00,594.6895
2026-01-04 09:00:00+00:00,579.616
2026-01-04 10:00:00+00:00,580.5795
2026-01-04 11:00:00+00:00,589.912
2026-01-04 12:00:00+00:00,617.2945
2026-01-04 13:00:00+00:00,706.0315
2026-01-04 14:00:00+00:00,822.9465
2026-01-04 15:00:00+00:00,918.6585
2026-01-04 16:00:00+00:00,957.9205
2026-01-04 17:00:00+00:00,993.067
2026-01-04 18:00:00+00:00,1034.4775
2026-01-04 19:00:00+00:00,1037.485
2026-01-04 20:00:00+00:00,998.3985
2026-01-04 21:00:00+00:00,927.268
2026-01-04 22:00:00+00:00,856.243
2026-01-04 23:00:00+00:00,774.4125
2026-01-05 00:00:00+00:00,983.1045
2026-01-05 01:00:00+00:00,955.0915
2026-01-05 02:00:00+00:00,923.234
2026-01-05 03:00:00+00:00,918.7865
2026-01-05 04:00:00+00:00,920.9025
2026-01-05 05:00:00+00:00,918.6005
2026-01-05 06:00:00+00:00,912.821
2026-01-05 07:00:00+00:00,891.8175
2026-01-05 08:00:00+00:00,850.781
2026-01-05 09:00:00+00:00,776.618
2026-01-05 10:00:00+00:00,681.478
2026-01-05 11:00:00+00:00,553.235
2026-01-05 12:00:00+00:00,442.724
2026-01-05 13:00:00+00:00,375.6015
2026-01-05 14:00:00+00:00,333.1415
2026-01-05 15:00:00+00:00,303.1605
2026-01-05 16:00:00+00:00,283.807
2026-01-05 17:00:00+00:00,277.853
2026-01-05 18:00:00+00:00,267.7745
2026-01-05 19:00:00+00:00,242.517
2026-01-05 20:00:00+00:00,224.1445
2026-01-05 21:00:00+00:00,217.977
2026-01-05 22:00:00+00:00,219.348
2026-01-05 23:00:00+00:00,219.4865
2026-01-06 00:00:00+00:00,1905.457
2026-01-06 01:00:00+00:00,1963.8955
2026-01-06 02:00:00+00:00,2034.9495
2026-01-06 03:00:00+00:00,2133.4885
2026-01-06 04:00:00+00:00,2210.9935
2026-01-06 05:00:00+00:00,2257.258
2026-01-06 06:00:00+00:00,2317.8355
2026-01-06 07:00:00+00:00,2410.7
2026-01-06 08:00:00+00:00,2498.116
2026-01-06 09:00:00+00:00,2533.604
2026-01-06 10:00:00+00:00,2449.5595
2026-01-06 11:00:00+00:00,2222.181
2026-01-06 12:00:00+00:00,1977.1445
2026-01-06 13:00:00+00:00,1845.386
2026-01-06 14:00:00+00:00,1815.965
2026-01-06 15:00:00+00:00,1934.384
2026-01-06 16:00:00+00:00,2111.8705
2026-01-06 17:00:00+00:00,2329.2195
2026-01-06 18:00:00+00:00,2546.312
2026-01-06 19:00:00+00:00,2642.667
2026-01-06 20:00:00+00:00,2651.324
2026-01-06 21:00:00+00:00,2605.191
2026-01-06 22:00:00+00:00,2526.1905
2026-01-06 23:00:00+00:00,2394.6175
2026-01-07 00:00:00+00:00,2066.4565
2026-01-07 01:00:00+00:00,1723.56
2026-01-07 02:00:00+00:00,1359.569
2026-01-07 03:00:00+00:00,1030.185
2026-01-07 04:00:00+00:00,766.6025
2026-01-07 05:00:00+00:00,617.1245
2026-01-07 06:00:00+00:00,546.797
2026-01-07 07:00:00+00:00,498.1585
2026-01-07 08:00:00+00:00,470.1135
2026-01-07 09:00:00+00:00,493.4925
2026-01-07 10:00:00+00:00,594.952
2026-01-07 11:00:00+00:00,746.121
2026-01-07 12:00:00+00:00,934.278
2026-01-07 13:00:00+00:00,1212.785
2026-01-07 14:00:00+00:00,1591.7315
2026-01-07 15:00:00+00:00,2157.6575
2026-01-07 16:00:00+00:00,2650.6485
2026-01-07 17:00:00+00:00,2959.5055
2026-01-07 18:00:00+00:00,3240.7225
2026-01-07 19:00:00+00:00,3440.256
2026-01-07 20:00:00+00:00,3478.4185
2026-01-07 21:00:00+00:00,3414.3215
2026-01-07 22:00:00+00:00,3301.435
2026-01-07 23:00:00+00:00,3102.255
2026-01-08 00:00:00+00:00,1631.388
2026-01-08 01:00:00+00:00,1365.429
2026-01-08 02:00:00+00:00,1053.134
2026-01-08 03:00:00+00:00,777.615
2026-01-08 04:00:00+00:00,559.132
2026-01-08 05:00:00+00:00,404.8655
2026-01-08 06:00:00+00:00,305.486
2026-01-08 07:00:00+00:00,237.1665
2026-01-08 08:00:00+00:00,195.975
2026-01-08 09:00:00+00:00,179.619
2026-01-08 10:00:00+00:00,185.5705
2026-01-08 11:00:00+00:00,188.583
2026-01-08 12:00:00+00:00,185.2925
2026-01-08 13:00:00+00:00,193.1115
2026-01-08 14:00:00+00:00,241.5115
2026-01-08 15:00:00+00:00,346.7395
2026-01-08 16:00:00+00:00,474.476
2026-01-08 17:00:00+00:00,592.8215
2026-01-08 18:00:00+00:00,728.4485
2026-01-08 19:00:00+00:00,879.8305
2026-01-08 20:00:00+00:00,1061.853
2026-01-08 21:00:00+00:00,1263.6615
2026-01-08 22:00:00+00:00,1473.1865
2026-01-08 23:00:00+00:00,1680.4
2026-01-09 00:00:00+00:00,1523.741
2026-01-09 01:00:00+00:00,1608.689
2026-01-09 02:00:00+00:00,1714.349
2026-01-09 03:00:00+00:00,1851.292
2026-01-09 04:00:00+00:00,1859.086
2026-01-09 05:00:00+00:00,1853.9265
2026-01-09 06:00:00+00:00,1822.313
2026-01-09 07:00:00+00:00,1784.0415
2026-01-09 08:00:00+00:00,1870.5595
2026-01-09 09:00:00+00:00,2089.1085
2026-01-09 10:00:00+00:00,2290.365
2026-01-09 11:00:00+00:00,2456.6715
2026-01-09 12:00:00+00:00,2518.989
2026-01-09 13:00:00+00:00,2509.578
2026-01-09 14:00:00+00:00,2424.158
2026-01-09 15:00:00+00:00,2306.865
2026-01-09 16:00:00+00:00,2131.9945
2026-01-09 17:00:00+00:00,1984.5485
2026-01-09 18:00:00+00:00,1948.6945
2026-01-09 19:00:00+00:00,1957.4945
2026-01-09 20:00:00+00:00,2013.037
2026-01-09 21:00:00+00:00,2085.2675
2026-01-09 22:00:00+00:00,2124.8505
2026-01-09 23:00:00+00:00,2109.2535
2026-01-10 00:00:00+00:00,1183.3965
2026-01-10 01:00:00+00:00,1140.0375
2026-01-10 02:00:00+00:00,1082.448
2026-01-10 03:00:00+00:00,985.753
2026-01-10 04:00:00+00:00,924.3835
2026-01-10 05:00:00+00:00,721.3785
2026-01-10 06:00:00+00:00,537.9635
2026-01-10 07:00:00+00:00,405.23
2026-01-10 08:00:00+00:00,296.542
2026-01-10 09:00:00+00:00,230.5985
2026-01-10 10:00:00+00:00,212.181
2026-01-10 11:00:00+00:00,226.7695
2026-01-10 12:00:00+00:00,261.077
2026-01-10 13:00:00+00:00,287.766
2026-01-10 14:00:00+00:00,307.628
2026-01-10 15:00:00+00:00,332.833
2026-01-10 16:00:00+00:00,417.3445
2026-01-10 17:00:00+00:00,583.2115
2026-01-10 18:00:00+00:00,797.581
2026-01-10 19:00:00+00:00,1076.6655
2026-01-10 20:00:00+00:00,1484.348
2026-01-10 21:00:00+00:00,1944.7725
2026-01-10 22:00:00+00:00,2354.531
2026-01-10 23:00:00+00:00,2757.8065
2026-01-11 00:00:00+00:00,4036.6545
2026-01-11 01:00:00+00:00,3770.4215
2026-01-11 02:00:00+00:00,3539.671
2026-01-11 03:00:00+00:00,3566.83
2026-01-11 04:00:00+00:00,3458.8385
2026-01-11 05:00:00+00:00,3348.201
2026-01-11 06:00:00+00:00,3336.96
2026-01-11 07:00:00+00:00,3256.104
2026-01-11 08:00:00+00:00,3221.5515
2026-01-11 09:00:00+00:00,3283.019
2026-01-11 10:00:00+00:00,3468.564
2026-01-11 11:00:00+00:00,3733.0295
2026-01-11 12:00:00+00:00,3992.3225
2026-01-11 13:00:00+00:00,4187.0675
2026-01-11 14:00:00+00:00,4330.427
2026-01-11 15:00:00+00:00,4428.38
2026-01-11 16:00:00+00:00,4459.592
2026-01-11 17:00:00+00:00,4429.7965
2026-01-11 18:00:00+00:00,4345.892
2026-01-11 19:00:00+00:00,4240.576
2026-01-11 20:00:00+00:00,4171.8785
2026-01-11 21:00:00+00:00,4184.681
2026-01-11 22:00:00+00:00,4227.476
2026-01-11 23:00:00+00:00,4220.0705
2026-01-12 00:00:00+00:00,3761.658
2026-01-12 01:00:00+00:00,3627.9745
2026-01-12 02:00:00+00:00,3497.5725
2026-01-12 03:00:00+00:00,3393.947
2026-01-12 04:00:00+00:00,3302.468
2026-01-12 05:00:00+00:00,3197.181
2026-01-12 06:00:00+00:00,3070.417
2026-01-12 07:00:00+00:00,2864.0005
2026-01-12 08:00:00+00:00,2658.023
2026-01-12 09:00:00+00:00,2533.77
2026-01-12 10:00:00+00:00,2409.796
2026-01-12 11:00:00+00:00,2260.841
2026-01-12 12:00:00+00:00,2104.1635
2026-01-12 13:00:00+00:00,1993.9465
2026-01-12 14:00:00+00:00,1865.477
2026-01-12 15:00:00+00:00,1668.4115
2026-01-12 16:00:00+00:00,1433.685
2026-01-12 17:00:00+00:00,1215.931
2026-01-12 18:00:00+00:00,1036.544
2026-01-12 19:00:00+00:00,911.8495
2026-01-12 20:00:00+00:00,828.211
2026-01-12 21:00:00+00:00,789.951
2026-01-12 22:00:00+00:00,763.039
2026-01-12 23:00:00+00:00,730.77
2026-01-13 00:00:00+00:00,765.155
2026-01-13 01:00:00+00:00,583.057
2026-01-13 02:00:00+00:00,440.6565
2026-01-13 03:00:00+00:00,385.763
2026-01-13 04:00:00+00:00,400.987
2026-01-13 05:00:00+00:00,507.8265
2026-01-13 06:00:00+00:00,690.0835
2026-01-13 07:00:00+00:00,917.843
2026-01-13 08:00:00+00:00,1200.5875
2026-01-13 09:00:00+00:00,1492.8505
2026-01-13 10:00:00+00:00,1737.2755
2026-01-13 11:00:00+00:00,1930.978
2026-01-13 12:00:00+00:00,2065.182
2026-01-13 13:00:00+00:00,2145.046
2026-01-13 14:00:00+00:00,2143.586
2026-01-13 15:00:00+00:00,2036.0395
2026-01-13 16:00:00+00:00,1847.7155
2026-01-13 17:00:00+00:00,1661.9455
2026-01-13 18:00:00+00:00,1478.577
2026-01-13 19:00:00+00:00,1289.0315
2026-01-13 20:00:00+00:00,1089.1325
2026-01-13 21:00:00+00:00,912.8045
2026-01-13 22:00:00+00:00,766.4635
2026-01-13 23:00:00+00:00,649.9045
2026-01-14 00:00:00+00:00,816.3885
2026-01-14 01:00:00+00:00,915.189
2026-01-14 02:00:00+00:00,1075.223
2026-01-14 03:00:00+00:00,1321.381
2026-01-14 04:00:00+00:00,1607.3295
2026-01-14 05:00:00+00:00,1943.48
2026-01-14 06:00:00+00:00,2297.809
2026-01-14 07:00:00+00:00,2633.3675
2026-01-14 08:00:00+00:00,2974.117
2026-01-14 09:00:00+00:00,3339.737
2026-01-14 10:00:00+00:00,3651.996
2026-01-14 11:00:00+00:00,3913.904
2026-01-14 12:00:00+00:00,4103.3035
2026-01-14 13:00:00+00:00,4200.2665
2026-01-14 14:00:00+00:00,4181.436
2026-01-14 15:00:00+00:00,4028.7995
2026-01-14 16:00:00+00:00,3731.4015
2026-01-14 17:00:00+00:00,3314.212
2026-01-14 18:00:00+00:00,2869.2175
2026-01-14 19:00:00+00:00,2495.534
2026-01-14 20:00:00+00:00,2193.051
2026-01-14 21:00:00+00:00,2005.845
2026-01-14 22:00:00+00:00,1936.764
2026-01-14 23:00:00+00:00,1915.0885
2026-01-15 00:00:00+00:00,1393.897
2026-01-15 01:00:00+00:00,1424.407
2026-01-15 02:00:00+00:00,1425.207
2026-01-15 03:00:00+00:00,1416.1925
2026-01-15 04:00:00+00:00,1349.1705
2026-01-15 05:00:00+00:00,1268.508
2026-01-15 06:00:00+00:00,1160.499
2026-01-15 07:00:00+00:00,1050.4685
2026-01-15 08:00:00+00:00,982.602
2026-01-15 09:00:00+00:00,1001.3215
2026-01-15 10:00:00+00:00,1074.689
2026-01-15 11:00:00+00:00,1170.855
2026-01-15 12:00:00+00:00,1274.6675
2026-01-15 13:00:00+00:00,1393.0345
2026-01-15 14:00:00+00:00,1475.4505
2026-01-15 15:00:00+00:00,1504.4855
2026-01-15 16:00:00+00:00,1534.7345
2026-01-15 17:00:00+00:00,1570.896
2026-01-15 18:00:00+00:00,1569.6945
2026-01-15 19:00:00+00:00,1513.399
2026-01-15 20:00:00+00:00,1415.7905
2026-01-15 21:00:00+00:00,1333.8185
2026-01-15 22:00:00+00:00,1290.8555
2026-01-15 23:00:00+00:00,1284.5865
2026-01-16 00:00:00+00:00,820.6635
2026-01-16 01:00:00+00:00,897.1945
2026-01-16 02:00:00+00:00,995.2575
2026-01-16 03:00:00+00:00,1083.023
2026-01-16 04:00:00+00:00,1095.6325
2026-01-16 05:00:00+00:00,1106.948
2026-01-16 06:00:00+00:00,1077.7185
2026-01-16 07:00:00+00:00,1035.831
2026-01-16 08:00:00+00:00,998.3095
2026-01-16 09:00:00+00:00,954.488
2026-01-16 10:00:00+00:00,872.825
2026-01-16 11:00:00+00:00,760.044
2026-01-16 12:00:00+00:00,638.7195
2026-01-16 13:00:00+00:00,539.702
2026-01-16 14:00:00+00:00,472.699
2026-01-16 15:00:00+00:00,439.174
2026-01-16 16:00:00+00:00,412.7045
2026-01-16 17:00:00+00:00,387.6505
2026-01-16 18:00:00+00:00,364.95
2026-01-16 19:00:00+00:00,343.911
2026-01-16 20:00:00+00:00,333.812
2026-01-16 21:00:00+00:00,336.364
2026-01-16 22:00:00+00:00,346.76
2026-01-16 23:00:00+00:00,368.5935
2026-01-17 00:00:00+00:00,244.3695
2026-01-17 01:00:00+00:00,280.3325
2026-01-17 02:00:00+00:00,262.4545
2026-01-17 03:00:00+00:00,317.4485
2026-01-17 04:00:00+00:00,338.28
2026-01-17 05:00:00+00:00,345.6125
2026-01-17 06:00:00+00:00,350.9295
2026-01-17 07:00:00+00:00,379.0035
2026-01-17 08:00:00+00:00,405.0725
2026-01-17 09:00:00+00:00,413.4215
2026-01-17 10:00:00+00:00,403.4855
2026-01-17 11:00:00+00:00,382.5245
2026-01-17 12:00:00+00:00,361.576
2026-01-17 13:00:00+00:00,342.8925
2026-01-17 14:00:00+00:00,333.046
2026-01-17 15:00:00+00:00,346.057
2026-01-17 16:00:00+00:00,382.3735
2026-01-17 17:00:00+00:00,430.556
2026-01-17 18:00:00+00:00,484.05
2026-01-17 19:00:00+00:00,522.352
2026-01-17 20:00:00+00:00,527.716
2026-01-17 21:00:00+00:00,511.6525
2026-01-17 22:00:00+00:00,489.4375
2026-01-17 23:00:00+00:00,478.1455
2026-01-18 00:00:00+00:00,411.0175
2026-01-18 01:00:00+00:00,431.468
2026-01-18 02:00:00+00:00,433.233
2026-01-18 03:00:00+00:00,445.7845
2026-01-18 04:00:00+00:00,488.286
2026-01-18 05:00:00+00:00,534.137
2026-01-18 06:00:00+00:00,590.636
2026-01-18 07:00:00+00:00,658.845
2026-01-18 08:00:00+00:00,726.4475
2026-01-18 09:00:00+00:00,802.9575
2026-01-18 10:00:00+00:00,868.852
2026-01-18 11:00:00+00:00,937.221
2026-01-18 12:00:00+00:00,1007.081
2026-01-18 13:00:00+00:00,1092.475
2026-01-18 14:00:00+00:00,1184.017
2026-01-18 15:00:00+00:00,1283.482
2026-01-18 16:00:00+00:00,1407.873
2026-01-18 17:00:00+00:00,1574.7715
2026-01-18 18:00:00+00:00,1754.887
2026-01-18 19:00:00+00:00,1933.5695
2026-01-18 20:00:00+00:00,2088.165
2026-01-18 21:00:00+00:00,2214.176
2026-01-18 22:00:00+00:00,2306.2535
2026-01-18 23:00:00+00:00,2344.0695
2026-01-19 00:00:00+00:00,2061.722
2026-01-19 01:00:00+00:00,1784.0765
2026-01-19 02:00:00+00:00,1637.3775
2026-01-19 03:00:00+00:00,1504.628
2026-01-19 04:00:00+00:00,1399.184
2026-01-19 05:00:00+00:00,1288.161
2026-01-19 06:00:00+00:00,1177.0755
2026-01-19 07:00:00+00:00,1025.3515
2026-01-19 08:00:00+00:00,866.667
2026-01-19 09:00:00+00:00,731.914
2026-01-19 10:00:00+00:00,612.262
2026-01-19 11:00:00+00:00,503.177
2026-01-19 12:00:00+00:00,430.4925
2026-01-19 13:00:00+00:00,388.298
2026-01-19 14:00:00+00:00,343.861
2026-01-19 15:00:00+00:00,307.082
2026-01-19 16:00:00+00:00,287.9435
2026-01-19 17:00:00+00:00,296.6235
2026-01-19 18:00:00+00:00,345.2315
2026-01-19 19:00:00+00:00,421.6415
2026-01-19 20:00:00+00:00,525.088
2026-01-19 21:00:00+00:00,648.344
2026-01-19 22:00:00+00:00,777.0985
2026-01-19 23:00:00+00:00,904.435
2026-01-20 00:00:00+00:00,2152.8875
2026-01-20 01:00:00+00:00,2389.439
2026-01-20 02:00:00+00:00,2526.0215
2026-01-20 03:00:00+00:00,2654.5215
2026-01-20 04:00:00+00:00,2728.005
2026-01-20 05:00:00+00:00,2767.156
2026-01-20 06:00:00+00:00,2786.408
2026-01-20 07:00:00+00:00,2790.6285
2026-01-20 08:00:00+00:00,2728.9335
2026-01-20 09:00:00+00:00,2663.992
2026-01-20 10:00:00+00:00,2564.762
2026-01-20 11:00:00+00:00,2470.2165
2026-01-20 12:00:00+00:00,2386.757
2026-01-20 13:00:00+00:00,2276.681
2026-01-20 14:00:00+00:00,2139.5995
2026-01-20 15:00:00+00:00,2005.6645
2026-01-20 16:00:00+00:00,1888.268
2026-01-20 17:00:00+00:00,1777.4855
2026-01-20 18:00:00+00:00,1666.4565
2026-01-20 19:00:00+00:00,1567.818
2026-01-20 20:00:00+00:00,1474.9185
2026-01-20 21:00:00+00:00,1400.262
2026-01-20 22:00:00+00:00,1350.018
2026-01-20 23:00:00+00:00,1317.3455
2026-01-21 00:00:00+00:00,2917.54
2026-01-21 01:00:00+00:00,2887.179
2026-01-21 02:00:00+00:00,2800.8655
2026-01-21 03:00:00+00:00,2653.142
2026-01-21 04:00:00+00:00,2490.0745
2026-01-21 05:00:00+00:00,2342.872
2026-01-21 06:00:00+00:00,2214.5785
2026-01-21 07:00:00+00:00,2189.277
2026-01-21 08:00:00+00:00,2255.9615
2026-01-21 09:00:00+00:00,2422.2165
2026-01-21 10:00:00+00:00,2594.053
2026-01-21 11:00:00+00:00,2771.072
2026-01-21 12:00:00+00:00,2918.1245
2026-01-21 13:00:00+00:00,2986.31
2026-01-21 14:00:00+00:00,2979.187
2026-01-21 15:00:00+00:00,2925.7055
2026-01-21 16:00:00+00:00,2825.2085
2026-01-21 17:00:00+00:00,2734.8235
2026-01-21 18:00:00+00:00,2605.8295
2026-01-21 19:00:00+00:00,2460.0795
2026-01-21 20:00:00+00:00,2282.5325
2026-01-21 21:00:00+00:00,2081.826
2026-01-21 22:00:00+00:00,1849.3185
2026-01-21 23:00:00+00:00,1623.7715
2026-01-22 00:00:00+00:00,1041.406
2026-01-22 01:00:00+00:00,971.5135
2026-01-22 02:00:00+00:00,941.583
2026-01-22 03:00:00+00:00,942.0955
2026-01-22 04:00:00+00:00,983.886
2026-01-22 05:00:00+00:00,1100.5715
2026-01-22 06:00:00+00:00,1246.472
2026-01-22 07:00:00+00:00,1361.1165
2026-01-22 08:00:00+00:00,1386.1955
2026-01-22 09:00:00+00:00,1334.442
2026-01-22 10:00:00+00:00,1196.9075
2026-01-22 11:00:00+00:00,1024.751
2026-01-22 12:00:00+00:00,872.7205
2026-01-22 13:00:00+00:00,730.629
2026-01-22 14:00:00+00:00,606.916
2026-01-22 15:00:00+00:00,537.472
2026-01-22 16:00:00+00:00,603.9725
2026-01-22 17:00:00+00:00,850.908
2026-01-22 18:00:00+00:00,1221.952
2026-01-22 19:00:00+00:00,1659.1285
2026-01-22 20:00:00+00:00,2102.246
2026-01-22 21:00:00+00:00,2530.047
2026-01-22 22:00:00+00:00,2893.9865
2026-01-22 23:00:00+00:00,3209.677
2026-01-23 00:00:00+00:00,1325.361
2026-01-23 01:00:00+00:00,1685.2255
2026-01-23 02:00:00+00:00,2003.446
2026-01-23 03:00:00+00:00,2312.301
2026-01-23 04:00:00+00:00,2586.3535
2026-01-23 05:00:00+00:00,2783.799
2026-01-23 06:00:00+00:00,2948.5685
2026-01-23 07:00:00+00:00,3130.2925
2026-01-23 08:00:00+00:00,3276.617
2026-01-23 09:00:00+00:00,3403.4635
2026-01-23 10:00:00+00:00,3479.1245
2026-01-23 11:00:00+00:00,3568.689
2026-01-23 12:00:00+00:00,3645.1115
2026-01-23 13:00:00+00:00,3732.052
2026-01-23 14:00:00+00:00,3808.5925
2026-01-23 15:00:00+00:00,3879.5555
2026-01-23 16:00:00+00:00,3908.641
2026-01-23 17:00:00+00:00,3915.8805
2026-01-23 18:00:00+00:00,3906.1315
2026-01-23 19:00:00+00:00,3901.175
2026-01-23 20:00:00+00:00,3883.2845
2026-01-23 21:00:00+00:00,3856.118
2026-01-23 22:00:00+00:00,3808.0325
2026-01-23 23:00:00+00:00,3756.9685
2026-01-24 00:00:00+00:00,2483.9045
2026-01-24 01:00:00+00:00,2569.8845
2026-01-24 02:00:00+00:00,2622.426
2026-01-24 03:00:00+00:00,2674.37
2026-01-24 04:00:00+00:00,2700.5055
2026-01-24 05:00:00+00:00,2707.4475
2026-01-24 06:00:00+00:00,2677.8595
2026-01-24 07:00:00+00:00,2662.5865
2026-01-24 08:00:00+00:00,2603.7625
2026-01-24 09:00:00+00:00,2531.22
2026-01-24 10:00:00+00:00,2474.0155
2026-01-24 11:00:00+00:00,2444.861
2026-01-24 12:00:00+00:00,2403.8015
2026-01-24 13:00:00+00:00,2369.589
2026-01-24 14:00:00+00:00,2318.7505
2026-01-24 15:00:00+00:00,2274.832
2026-01-24 16:00:00+00:00,2268.0545
2026-01-24 17:00:00+00:00,2303.1695
2026-01-24 18:00:00+00:00,2296.493
2026-01-24 19:00:00+00:00,2231.648
2026-01-24 20:00:00+00:00,2106.0935
2026-01-24 21:00:00+00:00,1973.329
2026-01-24 22:00:00+00:00,1841.6515
2026-01-24 23:00:00+00:00,1720.1195
2026-01-25 00:00:00+00:00,1646.921
2026-01-25 01:00:00+00:00,1586.155
2026-01-25 02:00:00+00:00,1529.296
2026-01-25 03:00:00+00:00,1472.969
2026-01-25 04:00:00+00:00,1409.9485
2026-01-25 05:00:00+00:00,1353.5785
2026-01-25 06:00:00+00:00,1304.6205
2026-01-25 07:00:00+00:00,1292.364
2026-01-25 08:00:00+00:00,1269.906
2026-01-25 09:00:00+00:00,1253.147
2026-01-25 10:00:00+00:00,1223.825
2026-01-25 11:00:00+00:00,1187.1
2026-01-25 12:00:00+00:00,1152.0765
2026-01-25 13:00:00+00:00,1094.462
2026-01-25 14:00:00+00:00,1014.4205
2026-01-25 15:00:00+00:00,947.318
2026-01-25 16:00:00+00:00,885.368
2026-01-25 17:00:00+00:00,835.9335
2026-01-25 18:00:00+00:00,804.517
2026-01-25 19:00:00+00:00,794.522
2026-01-25 20:00:00+00:00,786.046
2026-01-25 21:00:00+00:00,788.755
2026-01-25 22:00:00+00:00,829.5435
2026-01-25 23:00:00+00:00,948.837
2026-01-26 00:00:00+00:00,1204.3755
2026-01-26 01:00:00+00:00,1434.153
2026-01-26 02:00:00+00:00,1644.3155
2026-01-26 03:00:00+00:00,1843.3175
2026-01-26 04:00:00+00:00,2049.44
2026-01-26 05:00:00+00:00,2287.261
2026-01-26 06:00:00+00:00,2571.127
2026-01-26 07:00:00+00:00,2942.2955
2026-01-26 08:00:00+00:00,3328.9175
2026-01-26 09:00:00+00:00,3679.805
2026-01-26 10:00:00+00:00,3819.9885
2026-01-26 11:00:00+00:00,3658.0705
2026-01-26 12:00:00+00:00,3357.1775
2026-01-26 13:00:00+00:00,3108.915
2026-01-26 14:00:00+00:00,2793.1165
2026-01-26 15:00:00+00:00,2423.927
2026-01-26 16:00:00+00:00,2011.7875
2026-01-26 17:00:00+00:00,1650.112
2026-01-26 18:00:00+00:00,1333.9965
2026-01-26 19:00:00+00:00,1085.1605
2026-01-26 20:00:00+00:00,881.92
2026-01-26 21:00:00+00:00,732.8245
2026-01-26 22:00:00+00:00,623.027
2026-01-26 23:00:00+00:00,566.4245
2026-01-27 00:00:00+00:00,1749.2775
2026-01-27 01:00:00+00:00,1978.935
2026-01-27 02:00:00+00:00,2154.849
2026-01-27 03:00:00+00:00,2283.354
2026-01-27 04:00:00+00:00,2376.288
2026-01-27 05:00:00+00:00,2483.709
2026-01-27 06:00:00+00:00,2620.393
2026-01-27 07:00:00+00:00,2775.819
2026-01-27 08:00:00+00:00,2909.521
2026-01-27 09:00:00+00:00,3015.1565
2026-01-27 10:00:00+00:00,3107.0025
2026-01-27 11:00:00+00:00,3199.259
2026-01-27 12:00:00+00:00,3237.161
2026-01-27 13:00:00+00:00,3273.7715
2026-01-27 14:00:00+00:00,3250.8965
2026-01-27 15:00:00+00:00,3188.1465
2026-01-27 16:00:00+00:00,3091.7375
2026-01-27 17:00:00+00:00,3002.476
2026-01-27 18:00:00+00:00,2900.896
2026-01-27 19:00:00+00:00,2779.7705
2026-01-27 20:00:00+00:00,2666.477
2026-01-27 21:00:00+00:00,2613.775
2026-01-27 22:00:00+00:00,2600.3655
2026-01-27 23:00:00+00:00,2647.2155
2026-01-28 00:00:00+00:00,3739.237
2026-01-28 01:00:00+00:00,3684.856
2026-01-28 02:00:00+00:00,3600.5135
2026-01-28 03:00:00+00:00,3501.31
2026-01-28 04:00:00+00:00,3407.745
2026-01-28 05:00:00+00:00,3321.957
2026-01-28 06:00:00+00:00,3219.4755
2026-01-28 07:00:00+00:00,3122.6385
2026-01-28 08:00:00+00:00,2992.744
2026-01-28 09:00:00+00:00,2891.1935
2026-01-28 10:00:00+00:00,2781.8145
2026-01-28 11:00:00+00:00,2675.873
2026-01-28 12:00:00+00:00,2541.6195
2026-01-28 13:00:00+00:00,2367.858
2026-01-28 14:00:00+00:00,2157.7815
2026-01-28 15:00:00+00:00,1952.7675
2026-01-28 16:00:00+00:00,1765.757
2026-01-28 17:00:00+00:00,1629.022
2026-01-28 18:00:00+00:00,1533.535
2026-01-28 19:00:00+00:00,1485.3735
2026-01-28 20:00:00+00:00,1471.5685
2026-01-28 21:00:00+00:00,1468.7025
2026-01-28 22:00:00+00:00,1452.4875
2026-01-28 23:00:00+00:00,1424.6025
2026-01-29 00:00:00+00:00,2196.0965
2026-01-29 01:00:00+00:00,2139.72
2026-01-29 02:00:00+00:00,2041.169
2026-01-29 03:00:00+00:00,1929.9195
2026-01-29 04:00:00+00:00,1825.6315
2026-01-29 05:00:00+00:00,1784.3595
2026-01-29 06:00:00+00:00,1830.84
2026-01-29 07:00:00+00:00,2003.905
2026-01-29 08:00:00+00:00,2238.368
2026-01-29 09:00:00+00:00,2506.3675
2026-01-29 10:00:00+00:00,2760.205
2026-01-29 11:00:00+00:00,3017.276
2026-01-29 12:00:00+00:00,3245.865
2026-01-29 13:00:00+00:00,3381.2385
2026-01-29 14:00:00+00:00,3373.214
2026-01-29 15:00:00+00:00,3231.177
2026-01-29 16:00:00+00:00,3025.1275
2026-01-29 17:00:00+00:00,2843.1275
2026-01-29 18:00:00+00:00,2646.3475
2026-01-29 19:00:00+00:00,2449.0515
2026-01-29 20:00:00+00:00,2259.559
2026-01-29 21:00:00+00:00,2125.1485
2026-01-29 22:00:00+00:00,2034.2595
2026-01-29 23:00:00+00:00,1967.258
2026-01-30 00:00:00+00:00,2572.379
2026-01-30 01:00:00+00:00,2685.6185
2026-01-30 02:00:00+00:00,2750.446
2026-01-30 03:00:00+00:00,2793.972
2026-01-30 04:00:00+00:00,2771.7555
2026-01-30 05:00:00+00:00,2686.01
2026-01-30 06:00:00+00:00,2533.888
2026-01-30 07:00:00+00:00,2348.776
2026-01-30 08:00:00+00:00,2131.0915
2026-01-30 09:00:00+00:00,1932.6705
2026-01-30 10:00:00+00:00,1738.44
2026-01-30 11:00:00+00:00,1571.6785
2026-01-30 12:00:00+00:00,1457.0665
2026-01-30 13:00:00+00:00,1391.934
2026-01-30 14:00:00+00:00,1333.6995
2026-01-30 15:00:00+00:00,1270.497
2026-01-30 16:00:00+00:00,1226.002
2026-01-30 17:00:00+00:00,1195.5235
2026-01-30 18:00:00+00:00,1158.1545
2026-01-30 19:00:00+00:00,1106.617
2026-01-30 20:00:00+00:00,1027.5655
2026-01-30 21:00:00+00:00,940.92
2026-01-30 22:00:00+00:00,870.22
2026-01-30 23:00:00+00:00,823.463
2026-01-31 00:00:00+00:00,485.727
2026-01-31 01:00:00+00:00,432.9395
2026-01-31 02:00:00+00:00,397.7485
2026-01-31 03:00:00+00:00,385.59
2026-01-31 04:00:00+00:00,377.6895
2026-01-31 05:00:00+00:00,374.5575
2026-01-31 06:00:00+00:00,370.0905
2026-01-31 07:00:00+00:00,359.766
2026-01-31 08:00:00+00:00,347.366
2026-01-31 09:00:00+00:00,342.426
2026-01-31 10:00:00+00:00,341.1725
2026-01-31 11:00:00+00:00,326.511
2026-01-31 12:00:00+00:00,325.2375
2026-01-31 13:00:00+00:00,359.356
2026-01-31 14:00:00+00:00,390.8295
2026-01-31 15:00:00+00:00,399.2735
2026-01-31 16:00:00+00:00,413.9225
2026-01-31 17:00:00+00:00,478.661
2026-01-31 18:00:00+00:00,595.067
2026-01-31 19:00:00+00:00,708.961
2026-01-31 20:00:00+00:00,782.871
2026-01-31 21:00:00+00:00,841.9135
2026-01-31 22:00:00+00:00,908.4575
2026-01-31 23:00:00+00:00,1020.979
2026-02-01 00:00:00+00:00,421.8635
2026-02-01 01:00:00+00:00,456.6215
2026-02-01 02:00:00+00:00,463.597
2026-02-01 03:00:00+00:00,465.7845
2026-02-01 04:00:00+00:00,475.8235
2026-02-01 05:00:00+00:00,480.818
2026-02-01 06:00:00+00:00,465.206
2026-02-01 07:00:00+00:00,433.7855
2026-02-01 08:00:00+00:00,391.1765
2026-02-01 09:00:00+00:00,341.9855
2026-02-01 10:00:00+00:00,285.1465
2026-02-01 11:00:00+00:00,227.546
2026-02-01 12:00:00+00:00,177.5325
2026-02-01 13:00:00+00:00,136.4395
2026-02-01 14:00:00+00:00,103.233
2026-02-01 15:00:00+00:00,93.7885
2026-02-01 16:00:00+00:00,114.6855
2026-02-01 17:00:00+00:00,163.3045
2026-02-01 18:00:00+00:00,243.483
2026-02-01 19:00:00+00:00,356.2185
2026-02-01 20:00:00+00:00,491.7845
2026-02-01 21:00:00+00:00,641.6675
2026-02-01 22:00:00+00:00,802.882
2026-02-01 23:00:00+00:00,978.0525
2026-02-02 00:00:00+00:00,1376.817
2026-02-02 01:00:00+00:00,1670.0665
2026-02-02 02:00:00+00:00,1995.5765
2026-02-02 03:00:00+00:00,2334.73
2026-02-02 04:00:00+00:00,2661.861
2026-02-02 05:00:00+00:00,2961.637
2026-02-02 06:00:00+00:00,3207.319
2026-02-02 07:00:00+00:00,3415.0115
2026-02-02 08:00:00+00:00,3565.197
2026-02-02 09:00:00+00:00,3679.747
2026-02-02 10:00:00+00:00,3782.616
2026-02-02 11:00:00+00:00,3904.9185
2026-02-02 12:00:00+00:00,4007.853
2026-02-02 13:00:00+00:00,4067.7865
2026-02-02 14:00:00+00:00,4079.112
2026-02-02 15:00:00+00:00,4065.509
2026-02-02 16:00:00+00:00,4036.7015
2026-02-02 17:00:00+00:00,3996.7905
2026-02-02 18:00:00+00:00,3932.5545
2026-02-02 19:00:00+00:00,3843.0855
2026-02-02 20:00:00+00:00,3710.702
2026-02-02 21:00:00+00:00,3544.3055
2026-02-02 22:00:00+00:00,3347.507
2026-02-02 23:00:00+00:00,3149.5025
2026-02-03 00:00:00+00:00,3981.804
2026-02-03 01:00:00+00:00,3917.2395
2026-02-03 02:00:00+00:00,3852.4275
2026-02-03 03:00:00+00:00,3803.0495
2026-02-03 04:00:00+00:00,3746.8115
2026-02-03 05:00:00+00:00,3696.888
2026-02-03 06:00:00+00:00,3628.3775
2026-02-03 07:00:00+00:00,3558.0705
2026-02-03 08:00:00+00:00,3440.2285
2026-02-03 09:00:00+00:00,3320.9075
2026-02-03 10:00:00+00:00,3178.8685
2026-02-03 11:00:00+00:00,3019.3645
2026-02-03 12:00:00+00:00,2829.1775
2026-02-03 13:00:00+00:00,2623.7245
2026-02-03 14:00:00+00:00,2409.9365
2026-02-03 15:00:00+00:00,2245.018
2026-02-03 16:00:00+00:00,2120.3415
2026-02-03 17:00:00+00:00,2030.7225
2026-02-03 18:00:00+00:00,1942.0955
2026-02-03 19:00:00+00:00,1874.516
2026-02-03 20:00:00+00:00,1781.8
2026-02-03 21:00:00+00:00,1686.996
2026-02-03 22:00:00+00:00,1587.19
2026-02-03 23:00:00+00:00,1506.031
2026-02-04 00:00:00+00:00,1981.9225
2026-02-04 01:00:00+00:00,1885.938
2026-02-04 02:00:00+00:00,1791.8255
2026-02-04 03:00:00+00:00,1716.6745
2026-02-04 04:00:00+00:00,1636.986
2026-02-04 05:00:00+00:00,1588.851
2026-02-04 06:00:00+00:00,1587.972
2026-02-04 07:00:00+00:00,1638.409
2026-02-04 08:00:00+00:00,1710.3265
2026-02-04 09:00:00+00:00,1794.337
2026-02-04 10:00:00+00:00,1870.8715
2026-02-04 11:00:00+00:00,2004.1105
2026-02-04 12:00:00+00:00,2145.264
2026-02-04 13:00:00+00:00,2242.968
2026-02-04 14:00:00+00:00,2323.1295
2026-02-04 15:00:00+00:00,2413.298
2026-02-04 16:00:00+00:00,2511.198
2026-02-04 17:00:00+00:00,2640.4755
2026-02-04 18:00:00+00:00,2789.6865
2026-02-04 19:00:00+00:00,2968.109
2026-02-04 20:00:00+00:00,3119.795
2026-02-04 21:00:00+00:00,3271.024
2026-02-04 22:00:00+00:00,3395.0985
2026-02-04 23:00:00+00:00,3504.165
2026-02-05 00:00:00+00:00,4117.8385
2026-02-05 01:00:00+00:00,4195.3615
2026-02-05 02:00:00+00:00,4233.047
2026-02-05 03:00:00+00:00,4223.91
2026-02-05 04:00:00+00:00,4153.128
2026-02-05 05:00:00+00:00,4032.901
2026-02-05 06:00:00+00:00,3862.35
2026-02-05 07:00:00+00:00,3656.0235
2026-02-05 08:00:00+00:00,3436.702
2026-02-05 09:00:00+00:00,3220.971
2026-02-05 10:00:00+00:00,2999.04
2026-02-05 11:00:00+00:00,2819.892
2026-02-05 12:00:00+00:00,2660.2255
2026-02-05 13:00:00+00:00,2505.967
2026-02-05 14:00:00+00:00,2345.8625
2026-02-05 15:00:00+00:00,2209.7195
2026-02-05 16:00:00+00:00,2106.69
2026-02-05 17:00:00+00:00,2055.2405
2026-02-05 18:00:00+00:00,2047.676
2026-02-05 19:00:00+00:00,2087.1335
2026-02-05 20:00:00+00:00,2100.9035
2026-02-05 21:00:00+00:00,2090.559
2026-02-05 22:00:00+00:00,2067.55
2026-02-05 23:00:00+00:00,2033.53
2026-02-06 00:00:00+00:00,2348.4745
2026-02-06 01:00:00+00:00,2185.029
2026-02-06 02:00:00+00:00,2026.92
2026-02-06 03:00:00+00:00,1888.8105
2026-02-06 04:00:00+00:00,1785.3075
2026-02-06 05:00:00+00:00,1719.256
2026-02-06 06:00:00+00:00,1678.777
2026-02-06 07:00:00+00:00,1690.1665
2026-02-06 08:00:00+00:00,1704.5625
2026-02-06 09:00:00+00:00,1701.7305
2026-02-06 10:00:00+00:00,1658.243
2026-02-06 11:00:00+00:00,1595.38
2026-02-06 12:00:00+00:00,1495.358
2026-02-06 13:00:00+00:00,1380.142
2026-02-06 14:00:00+00:00,1299.455
2026-02-06 15:00:00+00:00,1266.3825
2026-02-06 16:00:00+00:00,1243.836
2026-02-06 17:00:00+00:00,1227.6755
2026-02-06 18:00:00+00:00,1201.8115
2026-02-06 19:00:00+00:00,1187.5695
2026-02-06 20:00:00+00:00,1161.445
2026-02-06 21:00:00+00:00,1120.206
2026-02-06 22:00:00+00:00,1070.5625
2026-02-06 23:00:00+00:00,1031.9875
2026-03-08 00:00:00+00:00,2201.3505
2026-03-08 01:00:00+00:00,2186.2245
2026-03-08 02:00:00+00:00,2166.05
2026-03-08 03:00:00+00:00,2136.418
2026-03-08 04:00:00+00:00,2094.1585
2026-03-08 05:00:00+00:00,2076.172
2026-03-08 06:00:00+00:00,2087.8995
2026-03-08 07:00:00+00:00,2129.0365
2026-03-08 08:00:00+00:00,2140.9895
2026-03-08 09:00:00+00:00,2129.34
2026-03-08 10:00:00+00:00,2124.6265
2026-03-08 11:00:00+00:00,2151.481
2026-03-08 12:00:00+00:00,2131.323
2026-03-08 13:00:00+00:00,2057.7965
2026-03-08 14:00:00+00:00,1924.1685
2026-03-08 15:00:00+00:00,1722.4075
2026-03-08 16:00:00+00:00,1480.414
2026-03-08 17:00:00+00:00,1278.0635
2026-03-08 18:00:00+00:00,1106.1195
2026-03-08 19:00:00+00:00,976.5835
2026-03-08 20:00:00+00:00,863.4255
2026-03-08 21:00:00+00:00,785.66
2026-03-08 22:00:00+00:00,740.7405
2026-03-08 23:00:00+00:00,699.6625
2026-03-09 00:00:00+00:00,802.0835
2026-03-09 01:00:00+00:00,690.0995
2026-03-09 02:00:00+00:00,605.8875
2026-03-09 03:00:00+00:00,562.37
2026-03-09 04:00:00+00:00,546.424
2026-03-09 05:00:00+00:00,547.0225
2026-03-09 06:00:00+00:00,545.1105
2026-03-09 07:00:00+00:00,527.901
2026-03-09 08:00:00+00:00,487.875
2026-03-09 09:00:00+00:00,434.954
2026-03-09 10:00:00+00:00,404.0575
2026-03-09 11:00:00+00:00,374.7435
2026-03-09 12:00:00+00:00,346.178
2026-03-09 13:00:00+00:00,342.1955
2026-03-09 14:00:00+00:00,365.066
2026-03-09 15:00:00+00:00,410.473
2026-03-09 16:00:00+00:00,438.752
2026-03-09 17:00:00+00:00,451.1525
2026-03-09 18:00:00+00:00,441.6705
2026-03-09 19:00:00+00:00,445.1035
2026-03-09 20:00:00+00:00,495.7465
2026-03-09 21:00:00+00:00,612.7645
2026-03-09 22:00:00+00:00,774.609
2026-03-09 23:00:00+00:00,969.9985
2026-03-10 00:00:00+00:00,2544.8885
2026-03-10 01:00:00+00:00,2744.628
2026-03-10 02:00:00+00:00,2850.125
2026-03-10 03:00:00+00:00,2819.501
2026-03-10 04:00:00+00:00,2651.621
2026-03-10 05:00:00+00:00,2410.9785
2026-03-10 06:00:00+00:00,2136.027
2026-03-10 07:00:00+00:00,1917.1505
2026-03-10 08:00:00+00:00,1850.846
2026-03-10 09:00:00+00:00,1977.333
2026-03-10 10:00:00+00:00,2205.4365
2026-03-10 11:00:00+00:00,2517.7235
2026-03-10 12:00:00+00:00,2879.261
2026-03-10 13:00:00+00:00,3247.6715
2026-03-10 14:00:00+00:00,3548.7105
2026-03-10 15:00:00+00:00,3781.447
2026-03-10 16:00:00+00:00,3940.8965
2026-03-10 17:00:00+00:00,4062.312
2026-03-10 18:00:00+00:00,4149.3875
2026-03-10 19:00:00+00:00,4209.136
2026-03-10 20:00:00+00:00,4276.01
2026-03-10 21:00:00+00:00,4315.8535
2026-03-10 22:00:00+00:00,4321.8695
2026-03-10 23:00:00+00:00,4297.959
2026-03-12 00:00:00+00:00,4130.9515
2026-03-12 01:00:00+00:00,4175.222
2026-03-12 02:00:00+00:00,4229.9165
2026-03-12 03:00:00+00:00,4287.245
2026-03-12 04:00:00+00:00,4350.9055
2026-03-12 05:00:00+00:00,4430.0605
2026-03-12 06:00:00+00:00,4463.2705
2026-03-12 07:00:00+00:00,4417.279
2026-03-12 08:00:00+00:00,4345.3855
2026-03-12 09:00:00+00:00,4283.018
2026-03-12 10:00:00+00:00,4251.2965
2026-03-12 11:00:00+00:00,4222.572
2026-03-12 12:00:00+00:00,4185.0465
2026-03-12 13:00:00+00:00,4128.2665
2026-03-12 14:00:00+00:00,4040.854
2026-03-12 15:00:00+00:00,3927.6385
2026-03-12 16:00:00+00:00,3797.5265
2026-03-12 17:00:00+00:00,3667.6475
2026-03-12 18:00:00+00:00,3528.5515
2026-03-12 19:00:00+00:00,3467.8285
2026-03-12 20:00:00+00:00,3509.857
2026-03-12 21:00:00+00:00,3633.5055
2026-03-12 22:00:00+00:00,3742.4825
2026-03-12 23:00:00+00:00,3759.867
2026-03-13 00:00:00+00:00,4030.9745
2026-03-13 01:00:00+00:00,4089.6725
2026-03-13 02:00:00+00:00,4159.015
2026-03-13 03:00:00+00:00,4198.997
2026-03-13 04:00:00+00:00,4180.45
2026-03-13 05:00:00+00:00,4087.4015
2026-03-13 06:00:00+00:00,3927.8725
2026-03-13 07:00:00+00:00,3718.997
2026-03-13 08:00:00+00:00,3483.0245
2026-03-13 09:00:00+00:00,3297.984
2026-03-13 10:00:00+00:00,3155.6795
2026-03-13 11:00:00+00:00,3080.667
2026-03-13 12:00:00+00:00,3089.749
2026-03-13 13:00:00+00:00,3232.0915
2026-03-13 14:00:00+00:00,3434.865
2026-03-13 15:00:00+00:00,3550.742
2026-03-13 16:00:00+00:00,3508.785
2026-03-13 17:00:00+00:00,3378.6355
2026-03-13 18:00:00+00:00,3194.313
2026-03-13 19:00:00+00:00,3044.5205
2026-03-13 20:00:00+00:00,2931.0945
2026-03-13 21:00:00+00:00,2828.233
2026-03-13 22:00:00+00:00,2734.0405
2026-03-13 23:00:00+00:00,2668.2995
2026-03-14 00:00:00+00:00,1766.125
2026-03-14 01:00:00+00:00,1704.5005
2026-03-14 02:00:00+00:00,1671.91
2026-03-14 03:00:00+00:00,1636.932
2026-03-14 04:00:00+00:00,1597.0165
2026-03-14 05:00:00+00:00,1569.9035
2026-03-14 06:00:00+00:00,1533.069
2026-03-14 07:00:00+00:00,1445.9995
2026-03-14 08:00:00+00:00,1361.7385
2026-03-14 09:00:00+00:00,1351.5065
2026-03-14 10:00:00+00:00,1412.565
2026-03-14 11:00:00+00:00,1462.705
2026-03-14 12:00:00+00:00,1444.0505
2026-03-14 13:00:00+00:00,1412.9105
2026-03-14 14:00:00+00:00,1333.305
2026-03-14 15:00:00+00:00,1215.234
2026-03-14 16:00:00+00:00,1047.304
2026-03-14 17:00:00+00:00,879.7795
2026-03-14 18:00:00+00:00,774.758
2026-03-14 19:00:00+00:00,690.181
2026-03-14 20:00:00+00:00,653.797
2026-03-14 21:00:00+00:00,704.115
2026-03-14 22:00:00+00:00,832.7315
2026-03-14 23:00:00+00:00,987.669
2026-03-15 00:00:00+00:00,1318.972
2026-03-15 01:00:00+00:00,1661.1315
2026-03-15 02:00:00+00:00,2013.9105
2026-03-15 03:00:00+00:00,2302.6535
2026-03-15 04:00:00+00:00,2538.362
2026-03-15 05:00:00+00:00,2750.004
2026-03-15 06:00:00+00:00,2866.4425
2026-03-15 07:00:00+00:00,2907.975
2026-03-15 08:00:00+00:00,2945.013
2026-03-15 09:00:00+00:00,3097.3265
2026-03-15 10:00:00+00:00,3349.1535
2026-03-15 11:00:00+00:00,3612.022
2026-03-15 12:00:00+00:00,3837.6585
2026-03-15 13:00:00+00:00,4039.0895
2026-03-15 14:00:00+00:00,4140.506
2026-03-15 15:00:00+00:00,4132.6715
2026-03-15 16:00:00+00:00,4108.704
2026-03-15 17:00:00+00:00,4089.4115
2026-03-15 18:00:00+00:00,4074.4125
2026-03-15 19:00:00+00:00,4058.806
2026-03-15 20:00:00+00:00,4069.3095
2026-03-15 21:00:00+00:00,4063.8945
2026-03-15 22:00:00+00:00,4018.8865
2026-03-15 23:00:00+00:00,3954.172
2026-03-16 00:00:00+00:00,3762.175
2026-03-16 01:00:00+00:00,3729.1705
2026-03-16 02:00:00+00:00,3682.9805
2026-03-16 03:00:00+00:00,3592.087
2026-03-16 04:00:00+00:00,3454.803
2026-03-16 05:00:00+00:00,3312.8015
2026-03-16 06:00:00+00:00,3198.286
2026-03-16 07:00:00+00:00,3128.172
2026-03-16 08:00:00+00:00,3162.4085
2026-03-16 09:00:00+00:00,3368.758
2026-03-16 10:00:00+00:00,3633.0265
2026-03-16 11:00:00+00:00,3875.5905
2026-03-16 12:00:00+00:00,4050.4815
2026-03-16 13:00:00+00:00,4163.161
2026-03-16 14:00:00+00:00,4165.291
2026-03-16 15:00:00+00:00,4106.8925
2026-03-16 16:00:00+00:00,4045.792
2026-03-16 17:00:00+00:00,4018.754
2026-03-16 18:00:00+00:00,3965.148
2026-03-16 19:00:00+00:00,3908.3325
2026-03-16 20:00:00+00:00,3905.0915
2026-03-16 21:00:00+00:00,3954.0515
2026-03-16 22:00:00+00:00,4005.5465
2026-03-16 23:00:00+00:00,4055.874
2026-03-17 00:00:00+00:00,4026.468
2026-03-17 01:00:00+00:00,4079.933
2026-03-17 02:00:00+00:00,4130.6145
2026-03-17 03:00:00+00:00,4185.58
2026-03-17 04:00:00+00:00,4234.7505
2026-03-17 05:00:00+00:00,4284.7295
2026-03-17 06:00:00+00:00,4317.6575
2026-03-17 07:00:00+00:00,4324.9395
2026-03-17 08:00:00+00:00,4300.9445
2026-03-17 09:00:00+00:00,4251.9925
2026-03-17 10:00:00+00:00,4148.1025
2026-03-17 11:00:00+00:00,4002.3755
2026-03-17 12:00:00+00:00,3810.6895
2026-03-17 13:00:00+00:00,3568.3515
2026-03-17 14:00:00+00:00,3242.229
2026-03-17 15:00:00+00:00,2824.434
2026-03-17 16:00:00+00:00,2332.395
2026-03-17 17:00:00+00:00,1840.5625
2026-03-17 18:00:00+00:00,1421.9245
2026-03-17 19:00:00+00:00,1102.83
2026-03-17 20:00:00+00:00,888.5935
2026-03-17 21:00:00+00:00,747.5835
2026-03-17 22:00:00+00:00,627.9855
2026-03-17 23:00:00+00:00,515.0735
2026-03-18 00:00:00+00:00,475.4135
2026-03-18 01:00:00+00:00,363.9215
2026-03-18 02:00:00+00:00,273.5635
2026-03-18 03:00:00+00:00,213.8695
2026-03-18 04:00:00+00:00,192.4915
2026-03-18 05:00:00+00:00,209.7045
2026-03-18 06:00:00+00:00,267.573
2026-03-18 07:00:00+00:00,356.307
2026-03-18 08:00:00+00:00,448.6535
2026-03-18 09:00:00+00:00,521.8675
2026-03-18 10:00:00+00:00,574.782
2026-03-18 11:00:00+00:00,655.582
2026-03-18 12:00:00+00:00,776.7765
2026-03-18 13:00:00+00:00,922.6165
2026-03-18 14:00:00+00:00,1083.5775
2026-03-18 15:00:00+00:00,1267.9185
2026-03-18 16:00:00+00:00,1394.9435
2026-03-18 17:00:00+00:00,1474.379
2026-03-18 18:00:00+00:00,1554.529
2026-03-18 19:00:00+00:00,1683.13
2026-03-18 20:00:00+00:00,1770.094
2026-03-18 21:00:00+00:00,1776.189
2026-03-18 22:00:00+00:00,1700.0285
2026-03-18 23:00:00+00:00,1604.5045
2026-03-19 00:00:00+00:00,1788.698
2026-03-19 01:00:00+00:00,1645.581
2026-03-19 02:00:00+00:00,1470.8905
2026-03-19 03:00:00+00:00,1301.554
2026-03-19 04:00:00+00:00,1173.4425
2026-03-19 05:00:00+00:00,1118.877
2026-03-19 06:00:00+00:00,1096.168
2026-03-19 07:00:00+00:00,1098.7535
2026-03-19 08:00:00+00:00,1032.134
2026-03-19 09:00:00+00:00,920.575
2026-03-19 10:00:00+00:00,901.5155
2026-03-19 11:00:00+00:00,1005.8465
2026-03-19 12:00:00+00:00,1080.9605
2026-03-19 13:00:00+00:00,1084.644
2026-03-19 14:00:00+00:00,1066.533
2026-03-19 15:00:00+00:00,1041.8815
2026-03-19 16:00:00+00:00,1012.7975
2026-03-19 17:00:00+00:00,994.857
2026-03-19 18:00:00+00:00,958.679
2026-03-19 19:00:00+00:00,977.5615
2026-03-19 20:00:00+00:00,1037.211
2026-03-19 21:00:00+00:00,1088.375
2026-03-19 22:00:00+00:00,1108.504
2026-03-19 23:00:00+00:00,1125.5425
2026-03-20 00:00:00+00:00,954.9585
2026-03-20 01:00:00+00:00,935.3645
2026-03-20 02:00:00+00:00,882.916
2026-03-20 03:00:00+00:00,792.9135
2026-03-20 04:00:00+00:00,713.7705
2026-03-20 05:00:00+00:00,681.255
2026-03-20 06:00:00+00:00,657.2305
2026-03-20 07:00:00+00:00,598.806
2026-03-20 08:00:00+00:00,496.5295
2026-03-20 09:00:00+00:00,409.723
2026-03-20 10:00:00+00:00,376.4375
2026-03-20 11:00:00+00:00,403.1655
2026-03-20 12:00:00+00:00,445.7405
2026-03-20 13:00:00+00:00,465.037
2026-03-20 14:00:00+00:00,407.5635
2026-03-20 15:00:00+00:00,301.993
2026-03-20 16:00:00+00:00,214.253
2026-03-20 17:00:00+00:00,162.698
2026-03-20 18:00:00+00:00,125.1445
2026-03-20 19:00:00+00:00,101.5275
2026-03-20 20:00:00+00:00,81.313
2026-03-20 21:00:00+00:00,67.7565
2026-03-20 22:00:00+00:00,61.5585
2026-03-20 23:00:00+00:00,59.4205
2026-03-21 00:00:00+00:00,77.207
2026-03-21 01:00:00+00:00,66.814
2026-03-21 02:00:00+00:00,57.7465
2026-03-21 03:00:00+00:00,48.0415
2026-03-21 04:00:00+00:00,39.566
2026-03-21 05:00:00+00:00,36.437
2026-03-21 06:00:00+00:00,38.2375
2026-03-21 07:00:00+00:00,43.9825
2026-03-21 08:00:00+00:00,56.5265
2026-03-21 09:00:00+00:00,73.975
2026-03-21 10:00:00+00:00,81.102
2026-03-21 11:00:00+00:00,94.3925
2026-03-21 12:00:00+00:00,138.5545
2026-03-21 13:00:00+00:00,201.209
2026-03-21 14:00:00+00:00,257.5045
2026-03-21 15:00:00+00:00,299.4945
2026-03-21 16:00:00+00:00,329.8815
2026-03-21 17:00:00+00:00,339.1135
2026-03-21 18:00:00+00:00,315.775
2026-03-21 19:00:00+00:00,306.259
2026-03-21 20:00:00+00:00,340.567
2026-03-21 21:00:00+00:00,408.309
2026-03-21 22:00:00+00:00,493.7365
2026-03-21 23:00:00+00:00,575.8035
2026-03-22 00:00:00+00:00,875.2605
2026-03-22 01:00:00+00:00,921.7985
2026-03-22 02:00:00+00:00,951.904
2026-03-22 03:00:00+00:00,950.59
2026-03-22 04:00:00+00:00,930.783
2026-03-22 05:00:00+00:00,899.7405
2026-03-22 06:00:00+00:00,856.559
2026-03-22 07:00:00+00:00,776.6195
2026-03-22 08:00:00+00:00,669.914
2026-03-22 09:00:00+00:00,600.6945
2026-03-22 10:00:00+00:00,567.5195
2026-03-22 11:00:00+00:00,551.5005
2026-03-22 12:00:00+00:00,551.3105
2026-03-22 13:00:00+00:00,579.663
2026-03-22 14:00:00+00:00,630.3305
2026-03-22 15:00:00+00:00,694.5175
2026-03-22 16:00:00+00:00,753.622
2026-03-22 17:00:00+00:00,782.6895
2026-03-22 18:00:00+00:00,729.9395
2026-03-22 19:00:00+00:00,664.6605
2026-03-22 20:00:00+00:00,632.238
2026-03-22 21:00:00+00:00,610.0505
2026-03-22 22:00:00+00:00,570.4955
2026-03-22 23:00:00+00:00,512.7915
2026-03-23 00:00:00+00:00,390.3955
2026-03-23 01:00:00+00:00,316.54
2026-03-23 02:00:00+00:00,256.391
2026-03-23 03:00:00+00:00,222.4055
2026-03-23 04:00:00+00:00,210.258
2026-03-23 05:00:00+00:00,230.173
2026-03-23 06:00:00+00:00,289.6045
2026-03-23 07:00:00+00:00,390.3995
2026-03-23 08:00:00+00:00,507.7505
2026-03-23 09:00:00+00:00,617.8325
2026-03-23 10:00:00+00:00,774.9685
2026-03-23 11:00:00+00:00,983.9095
2026-03-23 12:00:00+00:00,1221.7865
2026-03-23 13:00:00+00:00,1437.035
2026-03-23 14:00:00+00:00,1598.629
2026-03-23 15:00:00+00:00,1720.246
2026-03-23 16:00:00+00:00,1811.18
2026-03-23 17:00:00+00:00,1904.081
2026-03-23 18:00:00+00:00,1997.178
2026-03-23 19:00:00+00:00,2142.8905
2026-03-23 20:00:00+00:00,2367.64
2026-03-23 21:00:00+00:00,2656.3095
2026-03-23 22:00:00+00:00,2923.0965
2026-03-23 23:00:00+00:00,3138.087
2026-03-24 00:00:00+00:00,3553.7745
2026-03-24 01:00:00+00:00,3625.875
2026-03-24 02:00:00+00:00,3674.367
2026-03-24 03:00:00+00:00,3711.3575
2026-03-24 04:00:00+00:00,3736.5195
2026-03-24 05:00:00+00:00,3729.312
2026-03-24 06:00:00+00:00,3697.286
2026-03-24 07:00:00+00:00,3668.268
2026-03-24 08:00:00+00:00,3614.029
2026-03-24 09:00:00+00:00,3585.6615
2026-03-24 10:00:00+00:00,3604.3545
2026-03-24 11:00:00+00:00,3708.5635
2026-03-24 12:00:00+00:00,3836.3825
2026-03-24 13:00:00+00:00,3972.7095
2026-03-24 14:00:00+00:00,4072.4195
2026-03-24 15:00:00+00:00,4132.73
2026-03-24 16:00:00+00:00,4155.151
2026-03-24 17:00:00+00:00,4153.6235
2026-03-24 18:00:00+00:00,4092.1215
2026-03-24 19:00:00+00:00,4029.6685
2026-03-24 20:00:00+00:00,4054.9055
2026-03-24 21:00:00+00:00,4164.39
2026-03-24 22:00:00+00:00,4273.7805
2026-03-24 23:00:00+00:00,4327.43
2026-03-25 00:00:00+00:00,3982.926
2026-03-25 01:00:00+00:00,4081.3655
2026-03-25 02:00:00+00:00,4065.3535
2026-03-25 03:00:00+00:00,4011.995
2026-03-25 04:00:00+00:00,3990.0615
2026-03-25 05:00:00+00:00,4038.786
2026-03-25 06:00:00+00:00,4116.726
2026-03-25 07:00:00+00:00,4162.9895
2026-03-25 08:00:00+00:00,4201.2655
2026-03-25 09:00:00+00:00,4270.28
2026-03-25 10:00:00+00:00,4313.129
2026-03-25 11:00:00+00:00,4314.976
2026-03-25 12:00:00+00:00,4300.5655
2026-03-25 13:00:00+00:00,4301.3275
2026-03-25 14:00:00+00:00,4330.0185
2026-03-25 15:00:00+00:00,4364.586
2026-03-25 16:00:00+00:00,4367.9815
2026-03-25 17:00:00+00:00,4306.1425
2026-03-25 18:00:00+00:00,4146.9975
2026-03-25 19:00:00+00:00,3935.2775
2026-03-25 20:00:00+00:00,3710.056
2026-03-25 21:00:00+00:00,3479.866
2026-03-25 22:00:00+00:00,3183.1005
2026-03-25 23:00:00+00:00,2840.3225
2026-03-26 00:00:00+00:00,1629.688
2026-03-26 01:00:00+00:00,1348.886
2026-03-26 02:00:00+00:00,1177.2475
2026-03-26 03:00:00+00:00,1077.1475
2026-03-26 04:00:00+00:00,982.146
2026-03-26 05:00:00+00:00,889.719
2026-03-26 06:00:00+00:00,816.561
2026-03-26 07:00:00+00:00,762.55
2026-03-26 08:00:00+00:00,690.203
2026-03-26 09:00:00+00:00,653.442
2026-03-26 10:00:00+00:00,746.864
2026-03-26 11:00:00+00:00,942.854
2026-03-26 12:00:00+00:00,1179.7695
2026-03-26 13:00:00+00:00,1453.0625
2026-03-26 14:00:00+00:00,1697.608
2026-03-26 15:00:00+00:00,1891.2915
2026-03-26 16:00:00+00:00,2046.5145
2026-03-26 17:00:00+00:00,2166.131
2026-03-26 18:00:00+00:00,2218.7205
2026-03-26 19:00:00+00:00,2255.147
2026-03-26 20:00:00+00:00,2336.9235
2026-03-26 21:00:00+00:00,2436.179
2026-03-26 22:00:00+00:00,2458.784
2026-03-26 23:00:00+00:00,2422.443
2026-03-27 00:00:00+00:00,1948.549
2026-03-27 01:00:00+00:00,1822.105
2026-03-27 02:00:00+00:00,1701.3405
2026-03-27 03:00:00+00:00,1588.1275
2026-03-27 04:00:00+00:00,1468.803
2026-03-27 05:00:00+00:00,1345.1945
2026-03-27 06:00:00+00:00,1199.658
2026-03-27 07:00:00+00:00,1045.4755
2026-03-27 08:00:00+00:00,932.4545
2026-03-27 09:00:00+00:00,916.02
2026-03-27 10:00:00+00:00,1019.703
2026-03-27 11:00:00+00:00,1191.6455
2026-03-27 12:00:00+00:00,1390.563
2026-03-27 13:00:00+00:00,1655.1205
2026-03-27 14:00:00+00:00,1892.517
2026-03-27 15:00:00+00:00,2029.541
2026-03-27 16:00:00+00:00,2040.248
2026-03-27 17:00:00+00:00,1943.1
2026-03-27 18:00:00+00:00,1752.677
2026-03-27 19:00:00+00:00,1581.985
2026-03-27 20:00:00+00:00,1506.261
2026-03-27 21:00:00+00:00,1587.6095
2026-03-27 22:00:00+00:00,1746.3005
2026-03-27 23:00:00+00:00,1930.6415
2026-03-29 00:00:00+00:00,2030.054
2026-03-29 02:00:00+01:00,2367.453
2026-03-29 03:00:00+01:00,2685.6245
2026-03-29 04:00:00+01:00,2947.602
2026-03-29 05:00:00+01:00,3192.1355
2026-03-29 06:00:00+01:00,3412.509
2026-03-29 07:00:00+01:00,3613.652
2026-03-29 08:00:00+01:00,3814.67
2026-03-29 09:00:00+01:00,3970.772
2026-03-29 10:00:00+01:00,4107.5535
2026-03-29 11:00:00+01:00,4205.5815
2026-03-29 12:00:00+01:00,4262.535
2026-03-29 13:00:00+01:00,4276.066
2026-03-29 14:00:00+01:00,4267.042
2026-03-29 15:00:00+01:00,4228.7295
2026-03-29 16:00:00+01:00,4167.269
2026-03-29 17:00:00+01:00,4065.9825
2026-03-29 18:00:00+01:00,3918.032
2026-03-29 19:00:00+01:00,3693.074
2026-03-29 20:00:00+01:00,3404.383
2026-03-29 21:00:00+01:00,3120.5015
2026-03-29 22:00:00+01:00,2939.757
2026-03-29 23:00:00+01:00,2834.15
2026-03-30 00:00:00+01:00,2596.3035
2026-03-30 01:00:00+01:00,2525.7615
2026-03-30 02:00:00+01:00,2467.51
2026-03-30 03:00:00+01:00,2400.5145
2026-03-30 04:00:00+01:00,2284.0745
2026-03-30 05:00:00+01:00,2133.367
2026-03-30 06:00:00+01:00,2003.869
2026-03-30 07:00:00+01:00,1859.008
2026-03-30 08:00:00+01:00,1687.142
2026-03-30 09:00:00+01:00,1499.3095
2026-03-30 10:00:00+01:00,1439.269
2026-03-30 11:00:00+01:00,1462.308
2026-03-30 12:00:00+01:00,1431.2575
2026-03-30 13:00:00+01:00,1353.585
2026-03-30 14:00:00+01:00,1342.634
2026-03-30 15:00:00+01:00,1407.4395
2026-03-30 16:00:00+01:00,1489.7115
2026-03-30 17:00:00+01:00,1441.461
2026-03-30 18:00:00+01:00,1267.5315
2026-03-30 19:00:00+01:00,1142.814
2026-03-30 20:00:00+01:00,1115.8605
2026-03-30 21:00:00+01:00,1116.917
2026-03-30 22:00:00+01:00,1120.8355
2026-03-30 23:00:00+01:00,1109.5895
2026-03-31 00:00:00+01:00,1351.582
2026-03-31 01:00:00+01:00,1329.7665
2026-03-31 02:00:00+01:00,1327.1815
2026-03-31 03:00:00+01:00,1323.7085
2026-03-31 04:00:00+01:00,1302.434
2026-03-31 05:00:00+01:00,1346.9485
2026-03-31 06:00:00+01:00,1447.6855
2026-03-31 07:00:00+01:00,1532.687
2026-03-31 08:00:00+01:00,1588.713
2026-03-31 09:00:00+01:00,1602.6595
2026-03-31 10:00:00+01:00,1597.9775
2026-03-31 11:00:00+01:00,1551.1625
2026-03-31 12:00:00+01:00,1480.141
2026-03-31 13:00:00+01:00,1405.9345
2026-03-31 14:00:00+01:00,1361.7955
2026-03-31 15:00:00+01:00,1315.1445
2026-03-31 16:00:00+01:00,1254.3575
2026-03-31 17:00:00+01:00,1155.735
2026-03-31 18:00:00+01:00,1032.3175
2026-03-31 19:00:00+01:00,897.861
2026-03-31 20:00:00+01:00,788.966
2026-03-31 21:00:00+01:00,767.5895
2026-03-31 22:00:00+01:00,837.337
2026-03-31 23:00:00+01:00,904.7555
2026-04-01 00:00:00+01:00,906.1535
2026-04-01 01:00:00+01:00,889.3665
2026-04-01 02:00:00+01:00,881.8695
2026-04-01 03:00:00+01:00,888.372
2026-04-01 04:00:00+01:00,880.986
2026-04-01 05:00:00+01:00,889.225
2026-04-01 06:00:00+01:00,925.6345
2026-04-01 07:00:00+01:00,977.622
2026-04-01 08:00:00+01:00,1047.2015
2026-04-01 09:00:00+01:00,1131.044
2026-04-01 10:00:00+01:00,1274.4565
2026-04-01 11:00:00+01:00,1456.1425
2026-04-01 12:00:00+01:00,1652.6555
2026-04-01 13:00:00+01:00,1813.216
2026-04-01 14:00:00+01:00,1975.7
2026-04-01 15:00:00+01:00,2064.8645
2026-04-01 16:00:00+01:00,2039.8045
2026-04-01 17:00:00+01:00,1897.6945
2026-04-01 18:00:00+01:00,1684.4815
2026-04-01 19:00:00+01:00,1415.207
2026-04-01 20:00:00+01:00,1142.632
2026-04-01 21:00:00+01:00,903.325
2026-04-01 22:00:00+01:00,755.378
2026-04-01 23:00:00+01:00,686.6265
2026-04-02 00:00:00+01:00,435.6065
2026-04-02 01:00:00+01:00,323.356
2026-04-02 02:00:00+01:00,243.0195
2026-04-02 03:00:00+01:00,192.3125
2026-04-02 04:00:00+01:00,171.7655
2026-04-02 05:00:00+01:00,182.202
2026-04-02 06:00:00+01:00,218.1545
2026-04-02 07:00:00+01:00,275.2365
2026-04-02 08:00:00+01:00,355.7625
2026-04-02 09:00:00+01:00,468.5125
2026-04-02 10:00:00+01:00,647.4815
2026-04-02 11:00:00+01:00,922.5675
2026-04-02 12:00:00+01:00,1244.5685
2026-04-02 13:00:00+01:00,1509.6465
2026-04-02 14:00:00+01:00,1730.2795
2026-04-02 15:00:00+01:00,1880.381
2026-04-02 16:00:00+01:00,1963.908
2026-04-02 17:00:00+01:00,1992.211
2026-04-02 18:00:00+01:00,2028.5515
2026-04-02 19:00:00+01:00,2023.786
2026-04-02 20:00:00+01:00,1996.2145
2026-04-02 21:00:00+01:00,1966.08
2026-04-02 22:00:00+01:00,1998.1825
2026-04-02 23:00:00+01:00,2051.259
2026-04-03 00:00:00+01:00,2649.547
2026-04-03 01:00:00+01:00,2692.9085
2026-04-03 02:00:00+01:00,2741.529
2026-04-03 03:00:00+01:00,2786.8875
2026-04-03 04:00:00+01:00,2808.442
2026-04-03 05:00:00+01:00,2821.085
2026-04-03 06:00:00+01:00,2855.508
2026-04-03 07:00:00+01:00,2912.127
2026-04-03 08:00:00+01:00,2949.1935
2026-04-03 09:00:00+01:00,2953.592
2026-04-03 10:00:00+01:00,2960.3715
2026-04-03 11:00:00+01:00,2954.1725
2026-04-03 12:00:00+01:00,2968.1415
2026-04-03 13:00:00+01:00,2972.9405
2026-04-03 14:00:00+01:00,2959.9605
2026-04-03 15:00:00+01:00,2883.221
2026-04-03 16:00:00+01:00,2724.362
2026-04-03 17:00:00+01:00,2469.2325
2026-04-03 18:00:00+01:00,2114.0735
2026-04-03 19:00:00+01:00,1673.567
2026-04-03 20:00:00+01:00,1233.033
2026-04-03 21:00:00+01:00,883.331
2026-04-03 22:00:00+01:00,641.804
2026-04-03 23:00:00+01:00,464.925
2026-04-04 00:00:00+01:00,379.775
2026-04-04 01:00:00+01:00,336.77
2026-04-04 02:00:00+01:00,358.9765
2026-04-04 03:00:00+01:00,439.7105
2026-04-04 04:00:00+01:00,609.8535
2026-04-04 05:00:00+01:00,901.161
2026-04-04 06:00:00+01:00,1349.689
2026-04-04 07:00:00+01:00,1923.455
2026-04-04 08:00:00+01:00,2507.6065
2026-04-04 09:00:00+01:00,3032.491
2026-04-04 10:00:00+01:00,3507.1085
2026-04-04 11:00:00+01:00,3838.734
2026-04-04 12:00:00+01:00,4066.821
2026-04-04 13:00:00+01:00,4228.0655
2026-04-04 14:00:00+01:00,4336.065
2026-04-04 15:00:00+01:00,4379.385
2026-04-04 16:00:00+01:00,4346.2235
2026-04-04 17:00:00+01:00,4247.0755
2026-04-04 18:00:00+01:00,4130.855
2026-04-04 19:00:00+01:00,4038.415
2026-04-04 20:00:00+01:00,3917.2065
2026-04-04 21:00:00+01:00,3760.3585
2026-04-04 22:00:00+01:00,3585.892
2026-04-04 23:00:00+01:00,3400.4675
2026-04-05 00:00:00+01:00,2385.2645
2026-04-05 01:00:00+01:00,2369.953
2026-04-05 02:00:00+01:00,2503.653
2026-04-05 03:00:00+01:00,2677.307
2026-04-05 04:00:00+01:00,2836.118
2026-04-05 05:00:00+01:00,2950.05
2026-04-05 06:00:00+01:00,3021.9075
2026-04-05 07:00:00+01:00,3027.486
2026-04-05 08:00:00+01:00,2912.366
2026-04-05 09:00:00+01:00,2781.0035
2026-04-05 10:00:00+01:00,2749.498
2026-04-05 11:00:00+01:00,2731.431
2026-04-05 12:00:00+01:00,2641.1155
2026-04-05 13:00:00+01:00,2535.1095
2026-04-05 14:00:00+01:00,2441.8865
2026-04-05 15:00:00+01:00,2284.309
2026-04-05 16:00:00+01:00,1999.3205
2026-04-05 17:00:00+01:00,1623.503
2026-04-05 18:00:00+01:00,1209.8375
2026-04-05 19:00:00+01:00,805.3225
2026-04-05 20:00:00+01:00,507.1845
2026-04-05 21:00:00+01:00,352.9385
2026-04-05 22:00:00+01:00,335.137
2026-04-05 23:00:00+01:00,430.6105
2026-04-06 00:00:00+01:00,1740.8715
2026-04-06 01:00:00+01:00,2106.8365
2026-04-06 02:00:00+01:00,2488.703
2026-04-06 03:00:00+01:00,2817.607
2026-04-06 04:00:00+01:00,3085.1845
2026-04-06 05:00:00+01:00,3313.679
2026-04-06 06:00:00+01:00,3511.596
2026-04-06 07:00:00+01:00,3672.9645
2026-04-06 08:00:00+01:00,3822.251
2026-04-06 09:00:00+01:00,3935.884
2026-04-06 10:00:00+01:00,4043.0265
2026-04-06 11:00:00+01:00,4115.64
2026-04-06 12:00:00+01:00,4178.5145
2026-04-06 13:00:00+01:00,4212.0615
2026-04-06 14:00:00+01:00,4227.4015
2026-04-06 15:00:00+01:00,4217.4645
2026-04-06 16:00:00+01:00,4172.406
2026-04-06 17:00:00+01:00,4063.8475
2026-04-06 18:00:00+01:00,3887.686
2026-04-06 19:00:00+01:00,3652.983
2026-04-06 20:00:00+01:00,3475.1345
2026-04-06 21:00:00+01:00,3373.84
2026-04-06 22:00:00+01:00,3302.477
2026-04-06 23:00:00+01:00,3171.703
2026-04-07 00:00:00+01:00,3505.5615
2026-04-07 01:00:00+01:00,3436.3215
2026-04-07 02:00:00+01:00,3344.689
2026-04-07 03:00:00+01:00,3215.5155
2026-04-07 04:00:00+01:00,3022.01
2026-04-07 05:00:00+01:00,2795.438
2026-04-07 06:00:00+01:00,2575.808
2026-04-07 07:00:00+01:00,2355.828
2026-04-07 08:00:00+01:00,2120.073
2026-04-07 09:00:00+01:00,1853.3335
2026-04-07 10:00:00+01:00,1617.3625
2026-04-07 11:00:00+01:00,1407.243
2026-04-07 12:00:00+01:00,1252.785
2026-04-07 13:00:00+01:00,1119.439
2026-04-07 14:00:00+01:00,989.4865
2026-04-07 15:00:00+01:00,839.6945
2026-04-07 16:00:00+01:00,661.784
2026-04-07 17:00:00+01:00,480.4755
2026-04-07 18:00:00+01:00,330.041
2026-04-07 19:00:00+01:00,229.457
2026-04-07 20:00:00+01:00,177.1185
2026-04-07 21:00:00+01:00,153.3015
2026-04-07 22:00:00+01:00,143.785
2026-04-07 23:00:00+01:00,146.427
2026-04-08 00:00:00+01:00,116.2075
2026-04-08 01:00:00+01:00,116.359
2026-04-08 02:00:00+01:00,117.014
2026-04-08 03:00:00+01:00,120.076
2026-04-08 04:00:00+01:00,126.249
2026-04-08 05:00:00+01:00,128.4795
2026-04-08 06:00:00+01:00,131.4875
2026-04-08 07:00:00+01:00,139.0515
2026-04-08 08:00:00+01:00,148.5435
2026-04-08 09:00:00+01:00,144.862
2026-04-08 10:00:00+01:00,134.154
2026-04-08 11:00:00+01:00,133.3915
2026-04-08 12:00:00+01:00,147.284
2026-04-08 13:00:00+01:00,192.3015
2026-04-08 14:00:00+01:00,289.993
2026-04-08 15:00:00+01:00,421.1325
2026-04-08 16:00:00+01:00,536.1755
2026-04-08 17:00:00+01:00,622.4175
2026-04-08 18:00:00+01:00,690.836
2026-04-08 19:00:00+01:00,726.7425
2026-04-08 20:00:00+01:00,749.877
2026-04-08 21:00:00+01:00,842.381
2026-04-08 22:00:00+01:00,999.2305
2026-04-08 23:00:00+01:00,1190.848
2026-04-09 00:00:00+01:00,1989.4075
2026-04-09 01:00:00+01:00,2087.689
2026-04-09 02:00:00+01:00,2113.703
2026-04-09 03:00:00+01:00,2101.553
2026-04-09 04:00:00+01:00,2111.0145
2026-04-09 05:00:00+01:00,2151.8285
2026-04-09 06:00:00+01:00,2218.5115
2026-04-09 07:00:00+01:00,2327.3675
2026-04-09 08:00:00+01:00,2450.5
2026-04-09 09:00:00+01:00,2721.9865
2026-04-09 10:00:00+01:00,3123.867
2026-04-09 11:00:00+01:00,3373.703
2026-04-09 12:00:00+01:00,3540.222
2026-04-09 13:00:00+01:00,3643.181
2026-04-09 14:00:00+01:00,3687.7985
2026-04-09 15:00:00+01:00,3637.802
2026-04-09 16:00:00+01:00,3471.015
2026-04-09 17:00:00+01:00,3150.049
2026-04-09 18:00:00+01:00,2700.576
2026-04-09 19:00:00+01:00,2114.863
2026-04-09 20:00:00+01:00,1491.1875
2026-04-09 21:00:00+01:00,1002.327
2026-04-09 22:00:00+01:00,691.832
2026-04-09 23:00:00+01:00,481.507
2026-04-10 00:00:00+01:00,842.883
2026-04-10 01:00:00+01:00,718.8295
2026-04-10 02:00:00+01:00,629.587
2026-04-10 03:00:00+01:00,609.7105
2026-04-10 04:00:00+01:00,728.0455
2026-04-10 05:00:00+01:00,1043.8065
2026-04-10 06:00:00+01:00,1544.0855
2026-04-10 07:00:00+01:00,2142.9935
2026-04-10 08:00:00+01:00,2772.819
2026-04-10 09:00:00+01:00,3341.4345
2026-04-10 10:00:00+01:00,3822.7065
2026-04-10 11:00:00+01:00,4146.56
2026-04-10 12:00:00+01:00,4336.4175
2026-04-10 13:00:00+01:00,4431.04
2026-04-10 14:00:00+01:00,4480.5925
2026-04-10 15:00:00+01:00,4499.608
2026-04-10 16:00:00+01:00,4500.1635
2026-04-10 17:00:00+01:00,4461.9135
2026-04-10 18:00:00+01:00,4365.308
2026-04-10 19:00:00+01:00,4228.074
2026-04-10 20:00:00+01:00,4071.9025
2026-04-10 21:00:00+01:00,3884.605
2026-04-10 22:00:00+01:00,3650.9385
2026-04-10 23:00:00+01:00,3365.928
2026-04-11 00:00:00+01:00,3427.767
2026-04-11 01:00:00+01:00,3244.9655
2026-04-11 02:00:00+01:00,3051.2495
2026-04-11 03:00:00+01:00,2882.145
2026-04-11 04:00:00+01:00,2770.8405
2026-04-11 05:00:00+01:00,2732.134
2026-04-11 06:00:00+01:00,2817.38
2026-04-11 07:00:00+01:00,3045.264
2026-04-11 08:00:00+01:00,3351.6965
2026-04-11 09:00:00+01:00,3664.5345
2026-04-11 10:00:00+01:00,3889.091
2026-04-11 11:00:00+01:00,4004.273
2026-04-11 12:00:00+01:00,4115.4115
2026-04-11 13:00:00+01:00,4212.608
2026-04-11 14:00:00+01:00,4286.541
2026-04-11 15:00:00+01:00,4343.587
2026-04-11 16:00:00+01:00,4382.7295
2026-04-11 17:00:00+01:00,4367.501
2026-04-11 18:00:00+01:00,4327.713
2026-04-11 19:00:00+01:00,4283.692
2026-04-11 20:00:00+01:00,4238.4985
2026-04-11 21:00:00+01:00,4188.5285
2026-04-11 22:00:00+01:00,4163.8505
2026-04-11 23:00:00+01:00,4158.1525
2026-04-12 00:00:00+01:00,4118.196
2026-04-12 01:00:00+01:00,4091.3365
2026-04-12 02:00:00+01:00,4065.977
2026-04-12 03:00:00+01:00,4015.962
2026-04-12 04:00:00+01:00,3969.5365
2026-04-12 05:00:00+01:00,3913.1905
2026-04-12 06:00:00+01:00,3856.3555
2026-04-12 07:00:00+01:00,3761.143
2026-04-12 08:00:00+01:00,3621.159
2026-04-12 09:00:00+01:00,3477.92
2026-04-12 10:00:00+01:00,3384.82
2026-04-12 11:00:00+01:00,3244.978
2026-04-12 12:00:00+01:00,3008.46
2026-04-12 13:00:00+01:00,2710.235
2026-04-12 14:00:00+01:00,2403.304
2026-04-12 15:00:00+01:00,2091.3765
2026-04-12 16:00:00+01:00,1764.819
2026-04-12 17:00:00+01:00,1442.49
2026-04-12 18:00:00+01:00,1155.7405
2026-04-12 19:00:00+01:00,875.076
2026-04-12 20:00:00+01:00,644.893
2026-04-12 21:00:00+01:00,510.7885
2026-04-12 22:00:00+01:00,462.826
2026-04-12 23:00:00+01:00,436.275
2026-04-13 00:00:00+01:00,613.2195
2026-04-13 01:00:00+01:00,599.148
2026-04-13 02:00:00+01:00,587.697
2026-04-13 03:00:00+01:00,578.135
2026-04-13 04:00:00+01:00,557.367
2026-04-13 05:00:00+01:00,519.5445
2026-04-13 06:00:00+01:00,483.9665
2026-04-13 07:00:00+01:00,444.331
2026-04-13 08:00:00+01:00,385.818
2026-04-13 09:00:00+01:00,322.435
2026-04-13 10:00:00+01:00,286.2465
2026-04-13 11:00:00+01:00,273.379
2026-04-13 12:00:00+01:00,269.786
2026-04-13 13:00:00+01:00,280.3875
2026-04-13 14:00:00+01:00,301.319
2026-04-13 15:00:00+01:00,310.134
2026-04-13 16:00:00+01:00,289.7905
2026-04-13 17:00:00+01:00,248.6835
2026-04-13 18:00:00+01:00,203.765
2026-04-13 19:00:00+01:00,163.223
2026-04-13 20:00:00+01:00,129.2335
2026-04-13 21:00:00+01:00,116.7595
2026-04-13 22:00:00+01:00,143.877
2026-04-13 23:00:00+01:00,208.322
2026-04-14 00:00:00+01:00,1449.2695
2026-04-14 01:00:00+01:00,1733.854
2026-04-14 02:00:00+01:00,1966.327
2026-04-14 03:00:00+01:00,2129.7905
2026-04-14 04:00:00+01:00,2229.7195
2026-04-14 05:00:00+01:00,2264.512
2026-04-14 06:00:00+01:00,2255.0555
2026-04-14 07:00:00+01:00,2220.8875
2026-04-14 08:00:00+01:00,2206.233
2026-04-14 09:00:00+01:00,2173.1625
2026-04-14 10:00:00+01:00,2165.518
2026-04-14 11:00:00+01:00,2156.5915
2026-04-14 12:00:00+01:00,2181.6825
2026-04-14 13:00:00+01:00,2199.0675
2026-04-14 14:00:00+01:00,2217.0815
2026-04-14 15:00:00+01:00,2212.019
2026-04-14 16:00:00+01:00,2196.2035
2026-04-14 17:00:00+01:00,2209.643
2026-04-14 18:00:00+01:00,2280.1515
2026-04-14 19:00:00+01:00,2349.1265
2026-04-14 20:00:00+01:00,2454.5335
2026-04-14 21:00:00+01:00,2602.6505
2026-04-14 22:00:00+01:00,2800.486
2026-04-14 23:00:00+01:00,2977.2275
2026-04-15 00:00:00+01:00,3492.0095
2026-04-15 01:00:00+01:00,3432.0745
2026-04-15 02:00:00+01:00,3285.2975
2026-04-15 03:00:00+01:00,3071.7255
2026-04-15 04:00:00+01:00,2859.0785
2026-04-15 05:00:00+01:00,2674.1315
2026-04-15 06:00:00+01:00,2588.6255
2026-04-15 07:00:00+01:00,2596.167
2026-04-15 08:00:00+01:00,2684.9555
2026-04-15 09:00:00+01:00,2782.3475
2026-04-15 10:00:00+01:00,2979.059
2026-04-15 11:00:00+01:00,3231.764
2026-04-15 12:00:00+01:00,3535.711
2026-04-15 13:00:00+01:00,3798.97
2026-04-15 14:00:00+01:00,3968.5915
2026-04-15 15:00:00+01:00,4059.662
2026-04-15 16:00:00+01:00,4107.8735
2026-04-15 17:00:00+01:00,4110.6945
2026-04-15 18:00:00+01:00,4048.556
2026-04-15 19:00:00+01:00,3924.7225
2026-04-15 20:00:00+01:00,3793.0335
2026-04-15 21:00:00+01:00,3661.1565
2026-04-15 22:00:00+01:00,3578.294
2026-04-15 23:00:00+01:00,3476.758
2026-04-16 00:00:00+01:00,3518.6905
2026-04-16 01:00:00+01:00,3313.784
2026-04-16 02:00:00+01:00,3158.1265
2026-04-16 03:00:00+01:00,3008.171
2026-04-16 04:00:00+01:00,2829.724
2026-04-16 05:00:00+01:00,2623.3835
2026-04-16 06:00:00+01:00,2450.775
2026-04-16 07:00:00+01:00,2251.489
2026-04-16 08:00:00+01:00,2034.926
2026-04-16 09:00:00+01:00,1814.627
2026-04-16 10:00:00+01:00,1678.301
2026-04-16 11:00:00+01:00,1528.9475
2026-04-16 12:00:00+01:00,1413.3965
2026-04-16 13:00:00+01:00,1368.0025
2026-04-16 14:00:00+01:00,1384.0
2026-04-16 15:00:00+01:00,1423.043
2026-04-16 16:00:00+01:00,1446.4925
2026-04-16 17:00:00+01:00,1478.6085
2026-04-16 18:00:00+01:00,1516.8685
2026-04-16 19:00:00+01:00,1550.063
2026-04-16 20:00:00+01:00,1621.9925
2026-04-16 21:00:00+01:00,1764.359
2026-04-16 22:00:00+01:00,1986.463
2026-04-16 23:00:00+01:00,2229.463
2026-04-17 00:00:00+01:00,3680.6055
2026-04-17 01:00:00+01:00,3751.292
2026-04-17 02:00:00+01:00,3787.3425
2026-04-17 03:00:00+01:00,3806.133
2026-04-17 04:00:00+01:00,3816.353
2026-04-17 05:00:00+01:00,3809.7405
2026-04-17 06:00:00+01:00,3793.3595
2026-04-17 07:00:00+01:00,3772.165
2026-04-17 08:00:00+01:00,3724.42
2026-04-17 09:00:00+01:00,3628.7725
2026-04-17 10:00:00+01:00,3562.7785
2026-04-17 11:00:00+01:00,3481.9345
2026-04-17 12:00:00+01:00,3417.9395
2026-04-17 13:00:00+01:00,3398.298
2026-04-17 14:00:00+01:00,3433.1445
2026-04-17 15:00:00+01:00,3463.869
2026-04-17 16:00:00+01:00,3462.8585
2026-04-17 17:00:00+01:00,3418.893
2026-04-17 18:00:00+01:00,3302.311
2026-04-17 19:00:00+01:00,3068.646
2026-04-17 20:00:00+01:00,2813.449
2026-04-17 21:00:00+01:00,2622.234
2026-04-17 22:00:00+01:00,2514.94
2026-04-17 23:00:00+01:00,2431.463
2026-04-18 00:00:00+01:00,1076.254
2026-04-18 01:00:00+01:00,1007.6835
2026-04-18 02:00:00+01:00,988.153
2026-04-18 03:00:00+01:00,998.215
2026-04-18 04:00:00+01:00,1012.686
2026-04-18 05:00:00+01:00,1005.7915
2026-04-18 06:00:00+01:00,962.995
2026-04-18 07:00:00+01:00,879.6675
2026-04-18 08:00:00+01:00,812.5185
2026-04-18 09:00:00+01:00,781.731
2026-04-18 10:00:00+01:00,785.8755
2026-04-18 11:00:00+01:00,775.8355
2026-04-18 12:00:00+01:00,773.6185
2026-04-18 13:00:00+01:00,761.536
2026-04-18 14:00:00+01:00,742.9285
2026-04-18 15:00:00+01:00,716.8065
2026-04-18 16:00:00+01:00,689.769
2026-04-18 17:00:00+01:00,660.455
2026-04-18 18:00:00+01:00,605.5255
2026-04-18 19:00:00+01:00,516.8425
2026-04-18 20:00:00+01:00,405.171
2026-04-18 21:00:00+01:00,302.743
2026-04-18 22:00:00+01:00,224.2665
2026-04-18 23:00:00+01:00,168.962
2026-04-19 00:00:00+01:00,120.9195
2026-04-19 01:00:00+01:00,100.088
2026-04-19 02:00:00+01:00,89.1705
2026-04-19 03:00:00+01:00,82.1475
2026-04-19 04:00:00+01:00,80.132
2026-04-19 05:00:00+01:00,84.7615
2026-04-19 06:00:00+01:00,98.4805
2026-04-19 07:00:00+01:00,117.6865
2026-04-19 08:00:00+01:00,133.4045
2026-04-19 09:00:00+01:00,137.3965
2026-04-19 10:00:00+01:00,138.8055
2026-04-19 11:00:00+01:00,155.7
2026-04-19 12:00:00+01:00,167.223
2026-04-19 13:00:00+01:00,185.92
2026-04-19 14:00:00+01:00,212.5545
2026-04-19 15:00:00+01:00,232.34
2026-04-19 16:00:00+01:00,247.6965
2026-04-19 17:00:00+01:00,264.9505
2026-04-19 18:00:00+01:00,295.696
2026-04-19 19:00:00+01:00,349.531
2026-04-19 20:00:00+01:00,427.546
2026-04-19 21:00:00+01:00,497.3185
2026-04-19 22:00:00+01:00,552.063
2026-04-19 23:00:00+01:00,596.686
2026-04-20 00:00:00+01:00,673.87
2026-04-20 01:00:00+01:00,733.794
2026-04-20 02:00:00+01:00,768.6565
2026-04-20 03:00:00+01:00,794.6195
2026-04-20 04:00:00+01:00,834.474
2026-04-20 05:00:00+01:00,903.557
2026-04-20 06:00:00+01:00,1012.223
2026-04-20 07:00:00+01:00,1124.449
2026-04-20 08:00:00+01:00,1201.8805
2026-04-20 09:00:00+01:00,1262.1725
2026-04-20 10:00:00+01:00,1410.848
2026-04-20 11:00:00+01:00,1616.99
2026-04-20 12:00:00+01:00,1790.742
2026-04-20 13:00:00+01:00,1895.1955
2026-04-20 14:00:00+01:00,1964.6165
2026-04-20 15:00:00+01:00,2032.6175
2026-04-20 16:00:00+01:00,2116.5895
2026-04-20 17:00:00+01:00,2193.104
2026-04-20 18:00:00+01:00,2269.8725
2026-04-20 19:00:00+01:00,2290.3435
2026-04-20 20:00:00+01:00,2284.795
2026-04-20 21:00:00+01:00,2321.899
2026-04-20 22:00:00+01:00,2425.4535
2026-04-20 23:00:00+01:00,2531.558
2026-04-21 00:00:00+01:00,991.779
2026-04-21 01:00:00+01:00,1117.579
2026-04-21 02:00:00+01:00,1249.1515
2026-04-21 03:00:00+01:00,1380.818
2026-04-21 04:00:00+01:00,1504.901
2026-04-21 05:00:00+01:00,1610.785
2026-04-21 06:00:00+01:00,1738.73
2026-04-21 07:00:00+01:00,1863.6935
2026-04-21 08:00:00+01:00,2012.2115
2026-04-21 09:00:00+01:00,2249.8105
2026-04-21 10:00:00+01:00,2584.417
2026-04-21 11:00:00+01:00,2851.0135
2026-04-21 12:00:00+01:00,3039.433
2026-04-21 13:00:00+01:00,3148.3785
2026-04-21 14:00:00+01:00,3217.7115
2026-04-21 15:00:00+01:00,3272.946
2026-04-21 16:00:00+01:00,3347.747
2026-04-21 17:00:00+01:00,3389.7275
2026-04-21 18:00:00+01:00,3389.7025
2026-04-21 19:00:00+01:00,3329.7685
2026-04-21 20:00:00+01:00,3256.4685
2026-04-21 21:00:00+01:00,3268.2605
2026-04-21 22:00:00+01:00,3370.32
2026-04-21 23:00:00+01:00,3487.1235
2026-04-22 00:00:00+01:00,3815.6535
2026-04-22 01:00:00+01:00,3814.046
2026-04-22 02:00:00+01:00,3775.444
2026-04-22 03:00:00+01:00,3714.0845
2026-04-22 04:00:00+01:00,3670.604
2026-04-22 05:00:00+01:00,3669.1965
2026-04-22 06:00:00+01:00,3709.8305
2026-04-22 07:00:00+01:00,3759.2555
2026-04-22 08:00:00+01:00,3855.406
2026-04-22 09:00:00+01:00,3955.536
2026-04-22 10:00:00+01:00,4066.4635
2026-04-22 11:00:00+01:00,4116.2345
2026-04-22 12:00:00+01:00,4130.516
2026-04-22 13:00:00+01:00,4109.9055
2026-04-22 14:00:00+01:00,4059.138
2026-04-22 15:00:00+01:00,3975.0605
2026-04-22 16:00:00+01:00,3881.7865
2026-04-22 17:00:00+01:00,3763.6075
2026-04-22 18:00:00+01:00,3603.1075
2026-04-22 19:00:00+01:00,3324.033
2026-04-22 20:00:00+01:00,2955.4035
2026-04-22 21:00:00+01:00,2706.713
2026-04-22 22:00:00+01:00,2589.754
2026-04-22 23:00:00+01:00,2542.048
2026-04-23 00:00:00+01:00,3013.8195
2026-04-23 01:00:00+01:00,3031.5705
2026-04-23 02:00:00+01:00,3039.0655
2026-04-23 03:00:00+01:00,2997.84
2026-04-23 04:00:00+01:00,2957.9245
2026-04-23 05:00:00+01:00,2954.988
2026-04-23 06:00:00+01:00,2972.913
2026-04-23 07:00:00+01:00,2957.218
2026-04-23 08:00:00+01:00,2964.9895
2026-04-23 09:00:00+01:00,3000.584
2026-04-23 10:00:00+01:00,3108.818
2026-04-23 11:00:00+01:00,3228.732
2026-04-23 12:00:00+01:00,3362.162
2026-04-23 13:00:00+01:00,3466.823
2026-04-23 14:00:00+01:00,3542.783
2026-04-23 15:00:00+01:00,3567.047
2026-04-23 16:00:00+01:00,3544.3795
2026-04-23 17:00:00+01:00,3485.357
2026-04-23 18:00:00+01:00,3392.978
2026-04-23 19:00:00+01:00,3198.698
2026-04-23 20:00:00+01:00,2975.2375
2026-04-23 21:00:00+01:00,2852.761
2026-04-23 22:00:00+01:00,2838.5475
2026-04-23 23:00:00+01:00,2873.258
2026-04-24 00:00:00+01:00,2571.825
2026-04-24 01:00:00+01:00,2600.128
2026-04-24 02:00:00+01:00,2568.8165
2026-04-24 03:00:00+01:00,2525.478
2026-04-24 04:00:00+01:00,2519.025
2026-04-24 05:00:00+01:00,2521.7905
2026-04-24 06:00:00+01:00,2489.939
2026-04-24 07:00:00+01:00,2393.782
2026-04-24 08:00:00+01:00,2254.102
2026-04-24 09:00:00+01:00,2100.308
2026-04-24 10:00:00+01:00,2055.0275
2026-04-24 11:00:00+01:00,2057.6845
2026-04-24 12:00:00+01:00,2053.682
2026-04-24 13:00:00+01:00,2063.0235
2026-04-24 14:00:00+01:00,2022.7385
2026-04-24 15:00:00+01:00,1923.1945
2026-04-24 16:00:00+01:00,1797.336
2026-04-24 17:00:00+01:00,1632.6055
2026-04-24 18:00:00+01:00,1468.5795
2026-04-24 19:00:00+01:00,1278.202
2026-04-24 20:00:00+01:00,1122.6145
2026-04-24 21:00:00+01:00,1046.7965
2026-04-24 22:00:00+01:00,1026.4835
2026-04-24 23:00:00+01:00,980.668
2026-04-25 00:00:00+01:00,1089.9365
2026-04-25 01:00:00+01:00,969.532
2026-04-25 02:00:00+01:00,852.8845
2026-04-25 03:00:00+01:00,747.462
2026-04-25 04:00:00+01:00,658.1095
2026-04-25 05:00:00+01:00,586.8325
2026-04-25 06:00:00+01:00,531.431
2026-04-25 07:00:00+01:00,466.3235
2026-04-25 08:00:00+01:00,386.9445
2026-04-25 09:00:00+01:00,300.447
2026-04-25 10:00:00+01:00,242.0595
2026-04-25 11:00:00+01:00,208.037
2026-04-25 12:00:00+01:00,191.773
2026-04-25 13:00:00+01:00,189.1385
2026-04-25 14:00:00+01:00,186.6945
2026-04-25 15:00:00+01:00,174.611
2026-04-25 16:00:00+01:00,155.999
2026-04-25 17:00:00+01:00,144.8915
2026-04-25 18:00:00+01:00,144.287
2026-04-25 19:00:00+01:00,145.592
2026-04-25 20:00:00+01:00,156.575
2026-04-25 21:00:00+01:00,178.2755
2026-04-25 22:00:00+01:00,196.656
2026-04-25 23:00:00+01:00,198.4255
2026-04-26 00:00:00+01:00,146.8565
2026-04-26 01:00:00+01:00,129.7
2026-04-26 02:00:00+01:00,115.802
2026-04-26 03:00:00+01:00,104.32
2026-04-26 04:00:00+01:00,94.85
2026-04-26 05:00:00+01:00,86.266
2026-04-26 06:00:00+01:00,79.737
2026-04-26 07:00:00+01:00,79.881
2026-04-26 08:00:00+01:00,85.5425
2026-04-26 09:00:00+01:00,85.0145
2026-04-26 10:00:00+01:00,76.5435
2026-04-26 11:00:00+01:00,66.2235
2026-04-26 12:00:00+01:00,62.068
2026-04-26 13:00:00+01:00,68.8125
2026-04-26 14:00:00+01:00,96.8815
2026-04-26 15:00:00+01:00,153.8825
2026-04-26 16:00:00+01:00,222.97
2026-04-26 17:00:00+01:00,272.0145
2026-04-26 18:00:00+01:00,299.6
2026-04-26 19:00:00+01:00,312.3875
2026-04-26 20:00:00+01:00,330.0015
2026-04-26 21:00:00+01:00,362.592
2026-04-26 22:00:00+01:00,395.3755
2026-04-26 23:00:00+01:00,411.228
2026-04-27 00:00:00+01:00,485.387
2026-04-27 01:00:00+01:00,450.5605
2026-04-27 02:00:00+01:00,404.873
2026-04-27 03:00:00+01:00,364.884
2026-04-27 04:00:00+01:00,326.935
2026-04-27 05:00:00+01:00,289.5485
2026-04-27 06:00:00+01:00,262.629
2026-04-27 07:00:00+01:00,240.0395
2026-04-27 08:00:00+01:00,210.9965
2026-04-27 09:00:00+01:00,182.0595
2026-04-27 10:00:00+01:00,164.6685
2026-04-27 11:00:00+01:00,157.537
2026-04-27 12:00:00+01:00,164.1575
2026-04-27 13:00:00+01:00,183.9765
2026-04-27 14:00:00+01:00,217.7185
2026-04-27 15:00:00+01:00,256.527
2026-04-27 16:00:00+01:00,287.813
2026-04-27 17:00:00+01:00,303.6165
2026-04-27 18:00:00+01:00,315.0995
2026-04-27 19:00:00+01:00,325.2715
2026-04-27 20:00:00+01:00,338.276
2026-04-27 21:00:00+01:00,353.6715
2026-04-27 22:00:00+01:00,368.958
2026-04-27 23:00:00+01:00,366.829
2026-04-28 00:00:00+01:00,557.298
2026-04-28 01:00:00+01:00,552.0965
2026-04-28 02:00:00+01:00,505.624
2026-04-28 03:00:00+01:00,446.656
2026-04-28 04:00:00+01:00,415.432
2026-04-28 05:00:00+01:00,413.1715
2026-04-28 06:00:00+01:00,430.261
2026-04-28 07:00:00+01:00,447.4945
2026-04-28 08:00:00+01:00,434.167
2026-04-28 09:00:00+01:00,373.447
2026-04-28 10:00:00+01:00,382.5175
2026-04-28 11:00:00+01:00,434.839
2026-04-28 12:00:00+01:00,510.8695
2026-04-28 13:00:00+01:00,587.932
2026-04-28 14:00:00+01:00,637.5465
2026-04-28 15:00:00+01:00,691.537
2026-04-28 16:00:00+01:00,776.877
2026-04-28 17:00:00+01:00,865.5235
2026-04-28 18:00:00+01:00,943.136
2026-04-28 19:00:00+01:00,981.892
2026-04-28 20:00:00+01:00,989.7775
2026-04-28 21:00:00+01:00,955.408
2026-04-28 22:00:00+01:00,931.468
2026-04-28 23:00:00+01:00,888.687
2026-04-29 00:00:00+01:00,1040.07
2026-04-29 01:00:00+01:00,1071.2825
2026-04-29 02:00:00+01:00,1091.957
2026-04-29 03:00:00+01:00,1095.021
2026-04-29 04:00:00+01:00,1127.927
2026-04-29 05:00:00+01:00,1211.5015
2026-04-29 06:00:00+01:00,1321.771
2026-04-29 07:00:00+01:00,1418.572
2026-04-29 08:00:00+01:00,1481.3535
2026-04-29 09:00:00+01:00,1646.5745
2026-04-29 10:00:00+01:00,1922.456
2026-04-29 11:00:00+01:00,2130.419
2026-04-29 12:00:00+01:00,2385.5125
2026-04-29 13:00:00+01:00,2606.59
2026-04-29 14:00:00+01:00,2787.955
2026-04-29 15:00:00+01:00,2935.693
2026-04-29 16:00:00+01:00,3081.918
2026-04-29 17:00:00+01:00,3209.733
2026-04-29 18:00:00+01:00,3262.8805
2026-04-29 19:00:00+01:00,3097.4925
2026-04-29 20:00:00+01:00,2824.561
2026-04-29 21:00:00+01:00,2710.893
2026-04-29 22:00:00+01:00,2770.265
2026-04-29 23:00:00+01:00,2917.407
2026-04-30 00:00:00+01:00,2897.3825
2026-04-30 01:00:00+01:00,2897.357
2026-04-30 02:00:00+01:00,2868.9625
2026-04-30 03:00:00+01:00,2843.315
2026-04-30 04:00:00+01:00,2841.588
2026-04-30 05:00:00+01:00,2867.0305
2026-04-30 06:00:00+01:00,2903.4735
2026-04-30 07:00:00+01:00,2922.7705
2026-04-30 08:00:00+01:00,2955.474
2026-04-30 09:00:00+01:00,2941.1405
2026-04-30 10:00:00+01:00,2932.42
2026-04-30 11:00:00+01:00,2914.9135
2026-04-30 12:00:00+01:00,2865.191
2026-04-30 13:00:00+01:00,2753.007
2026-04-30 14:00:00+01:00,2608.8315
2026-04-30 15:00:00+01:00,2443.901
2026-04-30 16:00:00+01:00,2257.9355
2026-04-30 17:00:00+01:00,2052.977
2026-04-30 18:00:00+01:00,1784.446
2026-04-30 19:00:00+01:00,1496.0735
2026-04-30 20:00:00+01:00,1293.088
2026-04-30 21:00:00+01:00,1159.476
2026-04-30 22:00:00+01:00,1081.281
2026-04-30 23:00:00+01:00,997.571
2026-05-01 00:00:00+01:00,1066.8155
2026-05-01 01:00:00+01:00,965.0855
2026-05-01 02:00:00+01:00,831.9805
2026-05-01 03:00:00+01:00,686.069
2026-05-01 04:00:00+01:00,549.4645
2026-05-01 05:00:00+01:00,438.694
2026-05-01 06:00:00+01:00,353.183
2026-05-01 07:00:00+01:00,289.2885
2026-05-01 08:00:00+01:00,242.696
2026-05-01 09:00:00+01:00,195.0725
2026-05-01 10:00:00+01:00,169.0615
2026-05-01 11:00:00+01:00,158.6945
2026-05-01 12:00:00+01:00,165.402
2026-05-01 13:00:00+01:00,191.6245
2026-05-01 14:00:00+01:00,231.7465
2026-05-01 15:00:00+01:00,261.7885
2026-05-01 16:00:00+01:00,262.433
2026-05-01 17:00:00+01:00,265.1415
2026-05-01 18:00:00+01:00,275.839
2026-05-01 19:00:00+01:00,273.046
2026-05-01 20:00:00+01:00,268.9455
2026-05-01 21:00:00+01:00,281.758
2026-05-01 22:00:00+01:00,304.891
2026-05-01 23:00:00+01:00,322.523
2026-05-02 00:00:00+01:00,555.728
2026-05-02 01:00:00+01:00,519.283
2026-05-02 02:00:00+01:00,478.5385
2026-05-02 03:00:00+01:00,438.4445
2026-05-02 04:00:00+01:00,391.4015
2026-05-02 05:00:00+01:00,354.224
2026-05-02 06:00:00+01:00,344.1495
2026-05-02 07:00:00+01:00,346.395
2026-05-02 08:00:00+01:00,343.8845
2026-05-02 09:00:00+01:00,333.788
2026-05-02 10:00:00+01:00,334.966
2026-05-02 11:00:00+01:00,333.141
2026-05-02 12:00:00+01:00,322.5095
2026-05-02 13:00:00+01:00,315.219
2026-05-02 14:00:00+01:00,308.5385
2026-05-02 15:00:00+01:00,297.545
2026-05-02 16:00:00+01:00,294.1295
2026-05-02 17:00:00+01:00,295.682
2026-05-02 18:00:00+01:00,298.2025
2026-05-02 19:00:00+01:00,296.6335
2026-05-02 20:00:00+01:00,300.1185
2026-05-02 21:00:00+01:00,311.637
2026-05-02 22:00:00+01:00,326.019
2026-05-02 23:00:00+01:00,325.075
2026-05-03 00:00:00+01:00,661.113
2026-05-03 01:00:00+01:00,645.1995
2026-05-03 02:00:00+01:00,608.1795
2026-05-03 03:00:00+01:00,575.1805
2026-05-03 04:00:00+01:00,548.2415
2026-05-03 05:00:00+01:00,515.761
2026-05-03 06:00:00+01:00,474.258
2026-05-03 07:00:00+01:00,432.1665
2026-05-03 08:00:00+01:00,404.145
2026-05-03 09:00:00+01:00,389.6285
2026-05-03 10:00:00+01:00,393.822
2026-05-03 11:00:00+01:00,414.408
2026-05-03 12:00:00+01:00,444.7725
2026-05-03 13:00:00+01:00,466.3545
2026-05-03 14:00:00+01:00,476.9615
2026-05-03 15:00:00+01:00,489.3505
2026-05-03 16:00:00+01:00,515.538
2026-05-03 17:00:00+01:00,527.2345
2026-05-03 18:00:00+01:00,519.508
2026-05-03 19:00:00+01:00,494.038
2026-05-03 20:00:00+01:00,460.33
2026-05-03 21:00:00+01:00,426.113
2026-05-03 22:00:00+01:00,399.2555
2026-05-03 23:00:00+01:00,370.097
2026-05-04 00:00:00+01:00,894.817
2026-05-04 01:00:00+01:00,849.0035
2026-05-04 02:00:00+01:00,762.307
2026-05-04 03:00:00+01:00,675.9895
2026-05-04 04:00:00+01:00,636.0595
2026-05-04 05:00:00+01:00,626.923
2026-05-04 06:00:00+01:00,613.4805
2026-05-04 07:00:00+01:00,581.626
2026-05-04 08:00:00+01:00,521.7165
2026-05-04 09:00:00+01:00,456.861
2026-05-04 10:00:00+01:00,411.5575
2026-05-04 11:00:00+01:00,376.19
2026-05-04 12:00:00+01:00,354.1865
2026-05-04 13:00:00+01:00,339.9315
2026-05-04 14:00:00+01:00,347.424
2026-05-04 15:00:00+01:00,381.04
2026-05-04 16:00:00+01:00,435.4365
2026-05-04 17:00:00+01:00,481.241
2026-05-04 18:00:00+01:00,544.296
2026-05-04 19:00:00+01:00,609.866
2026-05-04 20:00:00+01:00,626.966
2026-05-04 21:00:00+01:00,566.3955
2026-05-04 22:00:00+01:00,497.0285
2026-05-04 23:00:00+01:00,464.5035
2026-05-05 00:00:00+01:00,621.2415
2026-05-05 01:00:00+01:00,632.4775
2026-05-05 02:00:00+01:00,616.9005
2026-05-05 03:00:00+01:00,551.56
2026-05-05 04:00:00+01:00,481.9695
2026-05-05 05:00:00+01:00,446.0015
2026-05-05 06:00:00+01:00,434.7175
2026-05-05 07:00:00+01:00,427.5435
2026-05-05 08:00:00+01:00,399.066
2026-05-05 09:00:00+01:00,371.7805
2026-05-05 10:00:00+01:00,348.7545
2026-05-05 11:00:00+01:00,334.6135
2026-05-05 12:00:00+01:00,346.9375
2026-05-05 13:00:00+01:00,364.0255
2026-05-05 14:00:00+01:00,375.2665
2026-05-05 15:00:00+01:00,389.399
2026-05-05 16:00:00+01:00,414.639
2026-05-05 17:00:00+01:00,436.075
2026-05-05 18:00:00+01:00,451.715
2026-05-05 19:00:00+01:00,469.328
2026-05-05 20:00:00+01:00,485.773
2026-05-05 21:00:00+01:00,489.4265
2026-05-05 22:00:00+01:00,495.0025
2026-05-05 23:00:00+01:00,488.2675
2026-05-06 00:00:00+01:00,572.582
2026-05-06 01:00:00+01:00,510.658
2026-05-06 02:00:00+01:00,442.0375
2026-05-06 03:00:00+01:00,390.175
2026-05-06 04:00:00+01:00,357.628
2026-05-06 05:00:00+01:00,326.65
2026-05-06 06:00:00+01:00,292.089
2026-05-06 07:00:00+01:00,262.039
2026-05-06 08:00:00+01:00,234.326
2026-05-06 09:00:00+01:00,207.133
2026-05-06 10:00:00+01:00,177.975
2026-05-06 11:00:00+01:00,146.825
2026-05-06 12:00:00+01:00,126.9455
2026-05-06 13:00:00+01:00,120.055
2026-05-06 14:00:00+01:00,127.793
2026-05-06 15:00:00+01:00,149.3115
2026-05-06 16:00:00+01:00,182.1805
2026-05-06 17:00:00+01:00,214.1625
2026-05-06 18:00:00+01:00,248.0495
2026-05-06 19:00:00+01:00,280.3235
2026-05-06 20:00:00+01:00,303.5865
2026-05-06 21:00:00+01:00,320.1095
2026-05-06 22:00:00+01:00,337.206
2026-05-06 23:00:00+01:00,330.579
2026-05-07 00:00:00+01:00,215.184
2026-05-07 01:00:00+01:00,181.8005
2026-05-07 02:00:00+01:00,187.589
2026-05-07 03:00:00+01:00,210.831
2026-05-07 04:00:00+01:00,228.4915
2026-05-07 05:00:00+01:00,239.249
2026-05-07 06:00:00+01:00,255.328
2026-05-07 07:00:00+01:00,274.8205
2026-05-07 08:00:00+01:00,297.829
2026-05-07 09:00:00+01:00,341.385
2026-05-07 10:00:00+01:00,429.385
2026-05-07 11:00:00+01:00,514.239
2026-05-07 12:00:00+01:00,588.5725
2026-05-07 13:00:00+01:00,650.885
2026-05-07 14:00:00+01:00,698.268
2026-05-07 15:00:00+01:00,719.3605
2026-05-07 16:00:00+01:00,700.7025
2026-05-07 17:00:00+01:00,645.4685
2026-05-07 18:00:00+01:00,569.013
2026-05-07 19:00:00+01:00,480.5815
2026-05-07 20:00:00+01:00,396.165
2026-05-07 21:00:00+01:00,323.4175
2026-05-07 22:00:00+01:00,284.5905
2026-05-07 23:00:00+01:00,261.9595
2026-05-08 00:00:00+01:00,185.723
2026-05-08 01:00:00+01:00,168.5375
2026-05-08 02:00:00+01:00,154.9585
2026-05-08 03:00:00+01:00,141.038
2026-05-08 04:00:00+01:00,126.4325
2026-05-08 05:00:00+01:00,112.6185
2026-05-08 06:00:00+01:00,101.9235
2026-05-08 07:00:00+01:00,92.4515
2026-05-08 08:00:00+01:00,79.172
2026-05-08 09:00:00+01:00,64.244
2026-05-08 10:00:00+01:00,59.606
2026-05-08 11:00:00+01:00,60.847
2026-05-08 12:00:00+01:00,71.139
2026-05-08 13:00:00+01:00,95.065
2026-05-08 14:00:00+01:00,134.7455
2026-05-08 15:00:00+01:00,188.6815
2026-05-08 16:00:00+01:00,263.8065
2026-05-08 17:00:00+01:00,362.5665
2026-05-08 18:00:00+01:00,485.878
2026-05-08 19:00:00+01:00,622.715
2026-05-08 20:00:00+01:00,780.097
2026-05-08 21:00:00+01:00,929.807
2026-05-08 22:00:00+01:00,1078.825
2026-05-08 23:00:00+01:00,1219.4055
2026-05-09 00:00:00+01:00,1704.574
2026-05-09 01:00:00+01:00,1762.2725
2026-05-09 02:00:00+01:00,1829.581
2026-05-09 03:00:00+01:00,1931.2175
2026-05-09 04:00:00+01:00,2080.4845
2026-05-09 05:00:00+01:00,2243.2785
2026-05-09 06:00:00+01:00,2396.3225
2026-05-09 07:00:00+01:00,2559.088
2026-05-09 08:00:00+01:00,2804.0655
2026-05-09 09:00:00+01:00,2965.4955
2026-05-09 10:00:00+01:00,3080.693
2026-05-09 11:00:00+01:00,3178.714
2026-05-09 12:00:00+01:00,3275.5655
2026-05-09 13:00:00+01:00,3333.2335
2026-05-09 14:00:00+01:00,3373.596
2026-05-09 15:00:00+01:00,3387.467
2026-05-09 16:00:00+01:00,3419.7135
2026-05-09 17:00:00+01:00,3435.979
2026-05-09 18:00:00+01:00,3447.4415
2026-05-09 19:00:00+01:00,3446.2555
2026-05-09 20:00:00+01:00,3443.145
2026-05-09 21:00:00+01:00,3398.9655
2026-05-09 22:00:00+01:00,3354.7955
2026-05-09 23:00:00+01:00,3305.8245
2026-05-10 00:00:00+01:00,2839.989
2026-05-10 01:00:00+01:00,2742.947
2026-05-10 02:00:00+01:00,2594.666
2026-05-10 03:00:00+01:00,2454.814
2026-05-10 04:00:00+01:00,2352.9245
2026-05-10 05:00:00+01:00,2264.0565
2026-05-10 06:00:00+01:00,2173.838
2026-05-10 07:00:00+01:00,2058.179
2026-05-10 08:00:00+01:00,1983.0885
2026-05-10 09:00:00+01:00,1970.45
2026-05-10 10:00:00+01:00,1982.729
2026-05-10 11:00:00+01:00,1926.6395
2026-05-10 12:00:00+01:00,1862.203
2026-05-10 13:00:00+01:00,1779.398
2026-05-10 14:00:00+01:00,1704.267
2026-05-10 15:00:00+01:00,1666.9615
2026-05-10 16:00:00+01:00,1660.398
2026-05-10 17:00:00+01:00,1634.002
2026-05-10 18:00:00+01:00,1594.38
2026-05-10 19:00:00+01:00,1522.948
2026-05-10 20:00:00+01:00,1408.1035
2026-05-10 21:00:00+01:00,1229.3615
2026-05-10 22:00:00+01:00,1104.9595
2026-05-10 23:00:00+01:00,1057.1665
2026-05-11 00:00:00+01:00,925.3085
2026-05-11 01:00:00+01:00,834.2425
2026-05-11 02:00:00+01:00,774.29
2026-05-11 03:00:00+01:00,741.4055
2026-05-11 04:00:00+01:00,720.503
2026-05-11 05:00:00+01:00,695.282
2026-05-11 06:00:00+01:00,656.7955
2026-05-11 07:00:00+01:00,607.3245
2026-05-11 08:00:00+01:00,560.0415
2026-05-11 09:00:00+01:00,556.539
2026-05-11 10:00:00+01:00,570.23
2026-05-11 11:00:00+01:00,548.815
2026-05-11 12:00:00+01:00,512.202
2026-05-11 13:00:00+01:00,484.4135
2026-05-11 14:00:00+01:00,501.2575
2026-05-11 15:00:00+01:00,562.9755
2026-05-11 16:00:00+01:00,648.214
2026-05-11 17:00:00+01:00,724.0545
2026-05-11 18:00:00+01:00,765.6595
2026-05-11 19:00:00+01:00,745.9575
2026-05-11 20:00:00+01:00,688.3535
2026-05-11 21:00:00+01:00,612.2005
2026-05-11 22:00:00+01:00,574.8405
2026-05-11 23:00:00+01:00,594.3225
2026-05-12 00:00:00+01:00,603.2755
2026-05-12 01:00:00+01:00,646.148
2026-05-12 02:00:00+01:00,809.9045
2026-05-12 03:00:00+01:00,1031.111
2026-05-12 04:00:00+01:00,1226.7555
2026-05-12 05:00:00+01:00,1300.387
2026-05-12 06:00:00+01:00,1308.856
2026-05-12 07:00:00+01:00,1364.5535
2026-05-12 08:00:00+01:00,1475.161
2026-05-12 09:00:00+01:00,1605.6555
2026-05-12 10:00:00+01:00,1710.1195
2026-05-12 11:00:00+01:00,1740.1805
2026-05-12 12:00:00+01:00,1820.454
2026-05-12 13:00:00+01:00,2020.262
2026-05-12 14:00:00+01:00,2307.483
2026-05-12 15:00:00+01:00,2607.3285
2026-05-12 16:00:00+01:00,2847.5855
2026-05-12 17:00:00+01:00,3026.6785
2026-05-12 18:00:00+01:00,3191.22
2026-05-12 19:00:00+01:00,3302.4095
2026-05-12 20:00:00+01:00,3325.0135
2026-05-12 21:00:00+01:00,3274.1285
2026-05-12 22:00:00+01:00,3317.996
2026-05-12 23:00:00+01:00,3503.4715
2026-05-13 00:00:00+01:00,3706.9255
2026-05-13 01:00:00+01:00,3825.655
2026-05-13 02:00:00+01:00,3949.67
2026-05-13 03:00:00+01:00,4047.0985
2026-05-13 04:00:00+01:00,4101.4205
2026-05-13 05:00:00+01:00,4105.5855
2026-05-13 06:00:00+01:00,4067.164
2026-05-13 07:00:00+01:00,4025.089
2026-05-13 08:00:00+01:00,4000.4595
2026-05-13 09:00:00+01:00,4001.7085
2026-05-13 10:00:00+01:00,3987.0335
2026-05-13 11:00:00+01:00,4001.211
2026-05-13 12:00:00+01:00,4050.684
2026-05-13 13:00:00+01:00,4105.4355
2026-05-13 14:00:00+01:00,4168.3415
2026-05-13 15:00:00+01:00,4205.6845
2026-05-13 16:00:00+01:00,4233.8465
2026-05-13 17:00:00+01:00,4234.857
2026-05-13 18:00:00+01:00,4194.1965
2026-05-13 19:00:00+01:00,4123.125
2026-05-13 20:00:00+01:00,3988.931
2026-05-13 21:00:00+01:00,3761.8055
2026-05-13 22:00:00+01:00,3577.74
2026-05-13 23:00:00+01:00,3418.035
2026-05-14 00:00:00+01:00,3061.0365
2026-05-14 01:00:00+01:00,2913.6705
2026-05-14 02:00:00+01:00,2820.4485
2026-05-14 03:00:00+01:00,2730.79
2026-05-14 04:00:00+01:00,2598.5975
2026-05-14 05:00:00+01:00,2382.603
2026-05-14 06:00:00+01:00,2102.835
2026-05-14 07:00:00+01:00,1876.773
2026-05-14 08:00:00+01:00,1838.3435
2026-05-14 09:00:00+01:00,1890.587
2026-05-14 10:00:00+01:00,1961.2535
2026-05-14 11:00:00+01:00,2003.074
2026-05-14 12:00:00+01:00,2051.3365
2026-05-14 13:00:00+01:00,2119.6365
2026-05-14 14:00:00+01:00,2217.323
2026-05-14 15:00:00+01:00,2352.1255
2026-05-14 16:00:00+01:00,2548.75
2026-05-14 17:00:00+01:00,2715.495
2026-05-14 18:00:00+01:00,2772.117
2026-05-14 19:00:00+01:00,2708.084
2026-05-14 20:00:00+01:00,2540.0995
2026-05-14 21:00:00+01:00,2273.4405
2026-05-14 22:00:00+01:00,2014.228
2026-05-14 23:00:00+01:00,1778.379
2026-05-15 00:00:00+01:00,1534.2405
2026-05-15 01:00:00+01:00,1357.6065
2026-05-15 02:00:00+01:00,1192.107
2026-05-15 03:00:00+01:00,1038.549
2026-05-15 04:00:00+01:00,911.24
2026-05-15 05:00:00+01:00,812.645
2026-05-15 06:00:00+01:00,724.6195
2026-05-15 07:00:00+01:00,620.5225
2026-05-15 08:00:00+01:00,544.8875
2026-05-15 09:00:00+01:00,532.3285
2026-05-15 10:00:00+01:00,517.06
2026-05-15 11:00:00+01:00,489.43
2026-05-15 12:00:00+01:00,494.794
2026-05-15 13:00:00+01:00,528.7485
2026-05-15 14:00:00+01:00,580.9465
2026-05-15 15:00:00+01:00,635.754
2026-05-15 16:00:00+01:00,687.742
2026-05-15 17:00:00+01:00,692.5025
2026-05-15 18:00:00+01:00,624.015
2026-05-15 19:00:00+01:00,513.109
2026-05-15 20:00:00+01:00,413.387
2026-05-15 21:00:00+01:00,326.2695
2026-05-15 22:00:00+01:00,277.004
2026-05-15 23:00:00+01:00,266.2255
2026-05-16 00:00:00+01:00,400.9435
2026-05-16 01:00:00+01:00,363.711
2026-05-16 02:00:00+01:00,343.7515
2026-05-16 03:00:00+01:00,357.49
2026-05-16 04:00:00+01:00,392.382
2026-05-16 05:00:00+01:00,447.2645
2026-05-16 06:00:00+01:00,530.299
2026-05-16 07:00:00+01:00,620.242
2026-05-16 08:00:00+01:00,692.534
2026-05-16 09:00:00+01:00,790.097
2026-05-16 10:00:00+01:00,933.1175
2026-05-16 11:00:00+01:00,1085.3045
2026-05-16 12:00:00+01:00,1241.957
2026-05-16 13:00:00+01:00,1398.139
2026-05-16 14:00:00+01:00,1605.823
2026-05-16 15:00:00+01:00,1825.144
2026-05-16 16:00:00+01:00,2009.512
2026-05-16 17:00:00+01:00,2102.5895
2026-05-16 18:00:00+01:00,2128.3375
2026-05-16 19:00:00+01:00,2073.645
2026-05-16 20:00:00+01:00,1916.2295
2026-05-16 21:00:00+01:00,1677.477
2026-05-16 22:00:00+01:00,1464.5465
2026-05-16 23:00:00+01:00,1323.7515
2026-05-17 00:00:00+01:00,1871.431
2026-05-17 01:00:00+01:00,1823.1435
2026-05-17 02:00:00+01:00,1796.4825
2026-05-17 03:00:00+01:00,1760.0555
2026-05-17 04:00:00+01:00,1721.5075
2026-05-17 05:00:00+01:00,1693.0675
2026-05-17 06:00:00+01:00,1723.435
2026-05-17 07:00:00+01:00,1791.7195
2026-05-17 08:00:00+01:00,1851.258
2026-05-17 09:00:00+01:00,1944.6125
2026-05-17 10:00:00+01:00,2079.2115
2026-05-17 11:00:00+01:00,2180.732
2026-05-17 12:00:00+01:00,2269.9975
2026-05-17 13:00:00+01:00,2343.177
2026-05-17 14:00:00+01:00,2415.167
2026-05-17 15:00:00+01:00,2416.98
2026-05-17 16:00:00+01:00,2328.3225
2026-05-17 17:00:00+01:00,2129.452
2026-05-17 18:00:00+01:00,1885.7555
2026-05-17 19:00:00+01:00,1608.251
2026-05-17 20:00:00+01:00,1322.9975
2026-05-17 21:00:00+01:00,1052.7345
2026-05-17 22:00:00+01:00,844.6395
2026-05-17 23:00:00+01:00,677.662
2026-05-18 00:00:00+01:00,473.459
2026-05-18 01:00:00+01:00,374.384
2026-05-18 02:00:00+01:00,272.3425
2026-05-18 03:00:00+01:00,186.5005
2026-05-18 04:00:00+01:00,126.6725
2026-05-18 05:00:00+01:00,92.294
2026-05-18 06:00:00+01:00,81.9565
2026-05-18 07:00:00+01:00,101.827
2026-05-18 08:00:00+01:00,145.654
2026-05-18 09:00:00+01:00,215.652
2026-05-18 10:00:00+01:00,320.8675
2026-05-18 11:00:00+01:00,452.696
2026-05-18 12:00:00+01:00,602.7035
2026-05-18 13:00:00+01:00,760.724
2026-05-18 14:00:00+01:00,935.576
2026-05-18 15:00:00+01:00,1124.199
2026-05-18 16:00:00+01:00,1297.7675
2026-05-18 17:00:00+01:00,1451.2705
2026-05-18 18:00:00+01:00,1613.081
2026-05-18 19:00:00+01:00,1775.817
2026-05-18 20:00:00+01:00,1946.643
2026-05-18 21:00:00+01:00,2079.5555
2026-05-18 22:00:00+01:00,2191.1755
2026-05-18 23:00:00+01:00,2222.278
2026-05-19 00:00:00+01:00,2521.255
2026-05-19 01:00:00+01:00,2381.5625
2026-05-19 02:00:00+01:00,2209.6055
2026-05-19 03:00:00+01:00,1985.2455
2026-05-19 04:00:00+01:00,1746.618
2026-05-19 05:00:00+01:00,1588.719
2026-05-19 06:00:00+01:00,1571.0495
2026-05-19 07:00:00+01:00,1653.1285
2026-05-19 08:00:00+01:00,1753.7415
2026-05-19 09:00:00+01:00,1874.4765
2026-05-19 10:00:00+01:00,2043.1745
2026-05-19 11:00:00+01:00,2245.6395
2026-05-19 12:00:00+01:00,2479.964
2026-05-19 13:00:00+01:00,2650.7455
2026-05-19 14:00:00+01:00,2773.911
2026-05-19 15:00:00+01:00,2817.553
2026-05-19 16:00:00+01:00,2811.8915
2026-05-19 17:00:00+01:00,2759.5885
2026-05-19 18:00:00+01:00,2695.728
2026-05-19 19:00:00+01:00,2606.625
2026-05-19 20:00:00+01:00,2546.0195
2026-05-19 21:00:00+01:00,2507.788
2026-05-19 22:00:00+01:00,2481.083
2026-05-19 23:00:00+01:00,2442.6035
2026-05-20 00:00:00+01:00,2363.124
2026-05-20 01:00:00+01:00,2311.467
2026-05-20 02:00:00+01:00,2328.347
2026-05-20 03:00:00+01:00,2343.421
2026-05-20 04:00:00+01:00,2325.3215
2026-05-20 05:00:00+01:00,2291.2525
2026-05-20 06:00:00+01:00,2290.464
2026-05-20 07:00:00+01:00,2347.87
2026-05-20 08:00:00+01:00,2459.909
2026-05-20 09:00:00+01:00,2571.723
2026-05-20 10:00:00+01:00,2713.4275
2026-05-20 11:00:00+01:00,2785.5495
2026-05-20 12:00:00+01:00,2758.9705
2026-05-20 13:00:00+01:00,2680.148
2026-05-20 14:00:00+01:00,2587.4585
2026-05-20 15:00:00+01:00,2478.458
2026-05-20 16:00:00+01:00,2362.696
2026-05-20 17:00:00+01:00,2246.6365
2026-05-20 18:00:00+01:00,2122.9605
2026-05-20 19:00:00+01:00,1939.773
2026-05-20 20:00:00+01:00,1792.4755
2026-05-20 21:00:00+01:00,1802.4715
2026-05-20 22:00:00+01:00,1968.531
2026-05-20 23:00:00+01:00,2167.4075
2026-05-21 00:00:00+01:00,2167.855
2026-05-21 01:00:00+01:00,2359.468
2026-05-21 02:00:00+01:00,2512.9775
2026-05-21 03:00:00+01:00,2603.98
2026-05-21 04:00:00+01:00,2647.3525
2026-05-21 05:00:00+01:00,2654.5185
2026-05-21 06:00:00+01:00,2649.5385
2026-05-21 07:00:00+01:00,2611.346
2026-05-21 08:00:00+01:00,2517.2005
2026-05-21 09:00:00+01:00,2363.9995
2026-05-21 10:00:00+01:00,2257.717
2026-05-21 11:00:00+01:00,2163.547
2026-05-21 12:00:00+01:00,2088.6675
2026-05-21 13:00:00+01:00,2035.677
2026-05-21 14:00:00+01:00,2003.317
2026-05-21 15:00:00+01:00,1964.2765
2026-05-21 16:00:00+01:00,1913.5705
2026-05-21 17:00:00+01:00,1875.2795
2026-05-21 18:00:00+01:00,1869.898
2026-05-21 19:00:00+01:00,1879.922
2026-05-21 20:00:00+01:00,1928.113
2026-05-21 21:00:00+01:00,1971.623
2026-05-21 22:00:00+01:00,2021.2055
2026-05-21 23:00:00+01:00,2027.8355
2026-05-22 00:00:00+01:00,2263.369
2026-05-22 01:00:00+01:00,2074.358
2026-05-22 02:00:00+01:00,1872.0145
2026-05-22 03:00:00+01:00,1647.688
2026-05-22 04:00:00+01:00,1422.445
2026-05-22 05:00:00+01:00,1258.658
2026-05-22 06:00:00+01:00,1174.613
2026-05-22 07:00:00+01:00,1137.5525
2026-05-22 08:00:00+01:00,1123.259
2026-05-22 09:00:00+01:00,1183.046
2026-05-22 10:00:00+01:00,1341.503
2026-05-22 11:00:00+01:00,1517.152
2026-05-22 12:00:00+01:00,1672.0325
2026-05-22 13:00:00+01:00,1750.0945
2026-05-22 14:00:00+01:00,1760.9185
2026-05-22 15:00:00+01:00,1718.321
2026-05-22 16:00:00+01:00,1658.5005
2026-05-22 17:00:00+01:00,1598.246
2026-05-22 18:00:00+01:00,1523.5795
2026-05-22 19:00:00+01:00,1393.0615
2026-05-22 20:00:00+01:00,1227.8495
2026-05-22 21:00:00+01:00,1073.8025
2026-05-22 22:00:00+01:00,969.118
2026-05-22 23:00:00+01:00,900.2995
2026-05-23 00:00:00+01:00,967.3325
2026-05-23 01:00:00+01:00,903.28
2026-05-23 02:00:00+01:00,840.71
2026-05-23 03:00:00+01:00,789.562
2026-05-23 04:00:00+01:00,747.0635
2026-05-23 05:00:00+01:00,710.919
2026-05-23 06:00:00+01:00,700.2355
2026-05-23 07:00:00+01:00,707.817
2026-05-23 08:00:00+01:00,705.9215
2026-05-23 09:00:00+01:00,713.974
2026-05-23 10:00:00+01:00,742.57
2026-05-23 11:00:00+01:00,765.903
2026-05-23 12:00:00+01:00,785.06
2026-05-23 13:00:00+01:00,803.279
2026-05-23 14:00:00+01:00,794.2875
2026-05-23 15:00:00+01:00,739.3065
2026-05-23 16:00:00+01:00,644.5915
2026-05-23 17:00:00+01:00,542.8915
2026-05-23 18:00:00+01:00,457.5015
2026-05-23 19:00:00+01:00,382.147
2026-05-23 20:00:00+01:00,316.722
2026-05-23 21:00:00+01:00,275.894
2026-05-23 22:00:00+01:00,269.9975
2026-05-23 23:00:00+01:00,280.148
2026-05-24 00:00:00+01:00,696.485
2026-05-24 01:00:00+01:00,686.3415
2026-05-24 02:00:00+01:00,667.6385
2026-05-24 03:00:00+01:00,633.469
2026-05-24 04:00:00+01:00,583.946
2026-05-24 05:00:00+01:00,535.1175
2026-05-24 06:00:00+01:00,495.524
2026-05-24 07:00:00+01:00,455.4725
2026-05-24 08:00:00+01:00,404.092
2026-05-24 09:00:00+01:00,386.5195
2026-05-24 10:00:00+01:00,432.257
2026-05-24 11:00:00+01:00,515.1215
2026-05-24 12:00:00+01:00,605.408
2026-05-24 13:00:00+01:00,659.6315
2026-05-24 14:00:00+01:00,679.408
2026-05-24 15:00:00+01:00,660.3835
2026-05-24 16:00:00+01:00,595.1485
2026-05-24 17:00:00+01:00,514.38
2026-05-24 18:00:00+01:00,437.582
2026-05-24 19:00:00+01:00,353.9875
2026-05-24 20:00:00+01:00,276.657
2026-05-24 21:00:00+01:00,230.114
2026-05-24 22:00:00+01:00,208.622
2026-05-24 23:00:00+01:00,200.7725
2026-05-25 00:00:00+01:00,181.9555
2026-05-25 01:00:00+01:00,181.5
2026-05-25 02:00:00+01:00,184.062
2026-05-25 03:00:00+01:00,181.4375
2026-05-25 04:00:00+01:00,173.901
2026-05-25 05:00:00+01:00,161.344
2026-05-25 06:00:00+01:00,147.777
2026-05-25 07:00:00+01:00,137.696
2026-05-25 08:00:00+01:00,123.523
2026-05-25 09:00:00+01:00,90.655
2026-05-25 10:00:00+01:00,67.9845
2026-05-25 11:00:00+01:00,67.789
2026-05-25 12:00:00+01:00,85.6255
2026-05-25 13:00:00+01:00,109.795
2026-05-25 14:00:00+01:00,141.2595
2026-05-25 15:00:00+01:00,179.311
2026-05-25 16:00:00+01:00,233.0875
2026-05-25 17:00:00+01:00,292.632
2026-05-25 18:00:00+01:00,365.429
2026-05-25 19:00:00+01:00,455.89
2026-05-25 20:00:00+01:00,571.6465
2026-05-25 21:00:00+01:00,706.839
2026-05-25 22:00:00+01:00,844.6285
2026-05-25 23:00:00+01:00,945.1495
2026-05-26 00:00:00+01:00,626.25
2026-05-26 01:00:00+01:00,663.351
2026-05-26 02:00:00+01:00,695.3305
2026-05-26 03:00:00+01:00,722.484
2026-05-26 04:00:00+01:00,754.804
2026-05-26 05:00:00+01:00,797.1165
2026-05-26 06:00:00+01:00,850.36
2026-05-26 07:00:00+01:00,862.6115
2026-05-26 08:00:00+01:00,824.81
2026-05-26 09:00:00+01:00,784.541
2026-05-26 10:00:00+01:00,821.657
2026-05-26 11:00:00+01:00,888.5695
2026-05-26 12:00:00+01:00,943.721
2026-05-26 13:00:00+01:00,968.4205
2026-05-26 14:00:00+01:00,980.8835
2026-05-26 15:00:00+01:00,979.884
2026-05-26 16:00:00+01:00,998.7605
2026-05-26 17:00:00+01:00,1017.5525
2026-05-26 18:00:00+01:00,1038.011
2026-05-26 19:00:00+01:00,1067.2985
2026-05-26 20:00:00+01:00,1137.634
2026-05-26 21:00:00+01:00,1229.2335
2026-05-26 22:00:00+01:00,1363.9725
2026-05-26 23:00:00+01:00,1484.2585
2026-05-27 00:00:00+01:00,1588.3975
2026-05-27 01:00:00+01:00,1624.0695
2026-05-27 02:00:00+01:00,1599.946
2026-05-27 03:00:00+01:00,1566.8355
2026-05-27 04:00:00+01:00,1545.7415
2026-05-27 05:00:00+01:00,1534.048
2026-05-27 06:00:00+01:00,1525.2395
2026-05-27 07:00:00+01:00,1435.963
2026-05-27 08:00:00+01:00,1330.0175
2026-05-27 09:00:00+01:00,1250.759
2026-05-27 10:00:00+01:00,1270.2275
2026-05-27 11:00:00+01:00,1384.0875
2026-05-27 12:00:00+01:00,1582.518
2026-05-27 13:00:00+01:00,1733.1505
2026-05-27 14:00:00+01:00,1823.2625
2026-05-27 15:00:00+01:00,1853.368
2026-05-27 16:00:00+01:00,1866.8675
2026-05-27 17:00:00+01:00,1849.366
2026-05-27 18:00:00+01:00,1793.7445
2026-05-27 19:00:00+01:00,1659.66
2026-05-27 20:00:00+01:00,1502.156
2026-05-27 21:00:00+01:00,1357.365
2026-05-27 22:00:00+01:00,1304.7845
2026-05-27 23:00:00+01:00,1261.4445
2026-05-28 00:00:00+01:00,1106.1315
2026-05-28 01:00:00+01:00,1100.332
2026-05-28 02:00:00+01:00,1118.7055
2026-05-28 03:00:00+01:00,1099.0565
2026-05-28 04:00:00+01:00,1031.531
2026-05-28 05:00:00+01:00,937.33
2026-05-28 06:00:00+01:00,859.4745
2026-05-28 07:00:00+01:00,777.434
2026-05-28 08:00:00+01:00,697.963
2026-05-28 09:00:00+01:00,641.706
2026-05-28 10:00:00+01:00,647.878
2026-05-28 11:00:00+01:00,675.8755
2026-05-28 12:00:00+01:00,732.9915
2026-05-28 13:00:00+01:00,828.189
2026-05-28 14:00:00+01:00,969.1675
2026-05-28 15:00:00+01:00,1154.789
2026-05-28 16:00:00+01:00,1374.615
2026-05-28 17:00:00+01:00,1562.7885
2026-05-28 18:00:00+01:00,1695.4785
2026-05-28 19:00:00+01:00,1740.379
2026-05-28 20:00:00+01:00,1727.0685
2026-05-28 21:00:00+01:00,1659.737
2026-05-28 22:00:00+01:00,1563.758
2026-05-28 23:00:00+01:00,1445.7
2026-05-30 00:00:00+01:00,648.7075
2026-05-30 01:00:00+01:00,670.3015
2026-05-30 02:00:00+01:00,726.502
2026-05-30 03:00:00+01:00,795.582
2026-05-30 04:00:00+01:00,857.337
2026-05-30 05:00:00+01:00,912.628
2026-05-30 06:00:00+01:00,971.994
2026-05-30 07:00:00+01:00,1023.078
2026-05-30 08:00:00+01:00,1060.1165
2026-05-30 09:00:00+01:00,1114.1395
2026-05-30 10:00:00+01:00,1228.3415
2026-05-30 11:00:00+01:00,1344.5995
2026-05-30 12:00:00+01:00,1460.303
2026-05-30 13:00:00+01:00,1567.515
2026-05-30 14:00:00+01:00,1630.264
2026-05-30 15:00:00+01:00,1638.474
2026-05-30 16:00:00+01:00,1596.3785
2026-05-30 17:00:00+01:00,1528.7775
2026-05-30 18:00:00+01:00,1461.5435
2026-05-30 19:00:00+01:00,1358.525
2026-05-30 20:00:00+01:00,1239.794
2026-05-30 21:00:00+01:00,1137.0155
2026-05-30 22:00:00+01:00,1085.3475
2026-05-30 23:00:00+01:00,1067.007
2026-05-31 00:00:00+01:00,1340.0315
2026-05-31 01:00:00+01:00,1294.558
2026-05-31 02:00:00+01:00,1253.2645
2026-05-31 03:00:00+01:00,1211.3135
2026-05-31 04:00:00+01:00,1126.2305
2026-05-31 05:00:00+01:00,1036.207
2026-05-31 06:00:00+01:00,947.704
2026-05-31 07:00:00+01:00,892.219
2026-05-31 08:00:00+01:00,891.214
2026-05-31 09:00:00+01:00,935.8395
2026-05-31 10:00:00+01:00,1001.0145
2026-05-31 11:00:00+01:00,1050.659
2026-05-31 12:00:00+01:00,1096.9075
2026-05-31 13:00:00+01:00,1144.912
2026-05-31 14:00:00+01:00,1232.182
2026-05-31 15:00:00+01:00,1298.4095
2026-05-31 16:00:00+01:00,1272.067
2026-05-31 17:00:00+01:00,1169.6805
2026-05-31 18:00:00+01:00,1057.112
2026-05-31 19:00:00+01:00,933.666
2026-05-31 20:00:00+01:00,815.982
2026-05-31 21:00:00+01:00,721.723
2026-05-31 22:00:00+01:00,699.0985
2026-05-31 23:00:00+01:00,735.1465
2026-06-01 00:00:00+01:00,1017.2285
2026-06-01 01:00:00+01:00,1039.5105
2026-06-01 02:00:00+01:00,1029.609
2026-06-01 03:00:00+01:00,997.1885
2026-06-01 04:00:00+01:00,946.797
2026-06-01 05:00:00+01:00,900.3145
2026-06-01 06:00:00+01:00,898.638
2026-06-01 07:00:00+01:00,927.669
2026-06-01 08:00:00+01:00,961.9295
2026-06-01 09:00:00+01:00,1025.163
2026-06-01 10:00:00+01:00,1114.092
2026-06-01 11:00:00+01:00,1163.4205
2026-06-01 12:00:00+01:00,1176.8515
2026-06-01 13:00:00+01:00,1174.7045
2026-06-01 14:00:00+01:00,1190.861
2026-06-01 15:00:00+01:00,1190.9965
2026-06-01 16:00:00+01:00,1150.525
2026-06-01 17:00:00+01:00,1128.861
2026-06-01 18:00:00+01:00,1126.505
2026-06-01 19:00:00+01:00,1093.2595
2026-06-01 20:00:00+01:00,1068.0325
2026-06-01 21:00:00+01:00,1042.0015
2026-06-01 22:00:00+01:00,1028.883
2026-06-01 23:00:00+01:00,1021.824
2026-06-02 00:00:00+01:00,872.929
2026-06-02 01:00:00+01:00,820.9595
2026-06-02 02:00:00+01:00,801.1275
2026-06-02 03:00:00+01:00,809.451
2026-06-02 04:00:00+01:00,838.2005
2026-06-02 05:00:00+01:00,864.1475
2026-06-02 06:00:00+01:00,889.1345
2026-06-02 07:00:00+01:00,960.152
2026-06-02 08:00:00+01:00,1023.939
2026-06-02 09:00:00+01:00,1209.714
2026-06-02 10:00:00+01:00,1446.834
2026-06-02 11:00:00+01:00,1683.9955
2026-06-02 12:00:00+01:00,1919.3835
2026-06-02 13:00:00+01:00,2140.6625
2026-06-02 14:00:00+01:00,2343.848
2026-06-02 15:00:00+01:00,2479.9655
2026-06-02 16:00:00+01:00,2532.7115
2026-06-02 17:00:00+01:00,2499.0165
2026-06-02 18:00:00+01:00,2412.081
2026-06-02 19:00:00+01:00,2246.939
2026-06-02 20:00:00+01:00,2002.2115
2026-06-02 21:00:00+01:00,1703.1575
2026-06-02 22:00:00+01:00,1486.632
2026-06-02 23:00:00+01:00,1360.0785
2026-06-03 00:00:00+01:00,1122.986
2026-06-03 01:00:00+01:00,1178.7035
2026-06-03 02:00:00+01:00,1288.846
2026-06-03 03:00:00+01:00,1484.3705
2026-06-03 04:00:00+01:00,1766.4365
2026-06-03 05:00:00+01:00,2066.7105
2026-06-03 06:00:00+01:00,2353.0195
2026-06-03 07:00:00+01:00,2570.395
2026-06-03 08:00:00+01:00,2662.0375
2026-06-03 09:00:00+01:00,2704.7865
2026-06-03 10:00:00+01:00,2768.3185
2026-06-03 11:00:00+01:00,2880.8705
2026-06-03 12:00:00+01:00,3018.5215
2026-06-03 13:00:00+01:00,3143.967
2026-06-03 14:00:00+01:00,3241.1965
2026-06-03 15:00:00+01:00,3256.019
2026-06-03 16:00:00+01:00,3228.423
2026-06-03 17:00:00+01:00,3155.76
2026-06-03 18:00:00+01:00,3101.412
2026-06-03 19:00:00+01:00,3040.4425
2026-06-03 20:00:00+01:00,2974.899
2026-06-03 21:00:00+01:00,2927.622
2026-06-03 22:00:00+01:00,2907.7395
2026-06-03 23:00:00+01:00,2905.0925
2026-06-04 00:00:00+01:00,2503.039
2026-06-04 01:00:00+01:00,2552.302
2026-06-04 02:00:00+01:00,2690.6865
2026-06-04 03:00:00+01:00,2826.367
2026-06-04 04:00:00+01:00,2898.8325
2026-06-04 05:00:00+01:00,2900.048
2026-06-04 06:00:00+01:00,2881.924
2026-06-04 07:00:00+01:00,2881.3515
2026-06-04 08:00:00+01:00,2906.4925
2026-06-04 09:00:00+01:00,2933.9895
2026-06-04 10:00:00+01:00,2962.3795
2026-06-04 11:00:00+01:00,2989.568
2026-06-04 12:00:00+01:00,3040.02
2026-06-04 13:00:00+01:00,3093.2675
2026-06-04 14:00:00+01:00,3175.2985
2026-06-04 15:00:00+01:00,3281.7985
2026-06-04 16:00:00+01:00,3386.0135
2026-06-04 17:00:00+01:00,3411.557
2026-06-04 18:00:00+01:00,3395.6655
2026-06-04 19:00:00+01:00,3171.0235
2026-06-04 20:00:00+01:00,2849.251
2026-06-04 21:00:00+01:00,2503.478
2026-06-04 22:00:00+01:00,2216.6315
2026-06-04 23:00:00+01:00,1995.5015
2026-06-05 00:00:00+01:00,1888.4705
2026-06-05 01:00:00+01:00,1734.5105
2026-06-05 02:00:00+01:00,1619.852
2026-06-05 03:00:00+01:00,1507.993
2026-06-05 04:00:00+01:00,1387.705
2026-06-05 05:00:00+01:00,1271.9775
2026-06-05 06:00:00+01:00,1211.05
2026-06-05 07:00:00+01:00,1184.354
2026-06-05 08:00:00+01:00,1185.3095
2026-06-05 09:00:00+01:00,1291.483
2026-06-05 10:00:00+01:00,1466.2135
2026-06-05 11:00:00+01:00,1653.931
2026-06-05 12:00:00+01:00,1900.9275
2026-06-05 13:00:00+01:00,2186.5725
2026-06-05 14:00:00+01:00,2478.52
2026-06-05 15:00:00+01:00,2729.0635
2026-06-05 16:00:00+01:00,2962.0685
2026-06-05 17:00:00+01:00,3213.3065
2026-06-05 18:00:00+01:00,3570.6775
2026-06-05 19:00:00+01:00,3751.0895
2026-06-05 20:00:00+01:00,3833.4635
2026-06-05 21:00:00+01:00,3840.439
2026-06-05 22:00:00+01:00,3793.8485
2026-06-05 23:00:00+01:00,3641.645
2026-06-06 00:00:00+01:00,2832.295
2026-06-06 01:00:00+01:00,2493.8425
2026-06-06 02:00:00+01:00,2283.8375
2026-06-06 03:00:00+01:00,2192.721
2026-06-06 04:00:00+01:00,2211.7035
2026-06-06 05:00:00+01:00,2325.376
2026-06-06 06:00:00+01:00,2515.878
2026-06-06 07:00:00+01:00,2723.6965
2026-06-06 08:00:00+01:00,2923.4345
2026-06-06 09:00:00+01:00,3088.39
2026-06-06 10:00:00+01:00,3189.7965
2026-06-06 11:00:00+01:00,3222.0425
2026-06-06 12:00:00+01:00,3191.534
2026-06-06 13:00:00+01:00,3085.504
2026-06-06 14:00:00+01:00,2914.243
2026-06-06 15:00:00+01:00,2671.836
2026-06-06 16:00:00+01:00,2393.777
2026-06-06 17:00:00+01:00,2123.68
2026-06-06 18:00:00+01:00,1959.8305
2026-06-06 19:00:00+01:00,1893.9475
2026-06-06 20:00:00+01:00,1931.5025
2026-06-06 21:00:00+01:00,2063.393
2026-06-06 22:00:00+01:00,2279.154
2026-06-06 23:00:00+01:00,2486.0215
2026-06-07 00:00:00+01:00,2553.3865
2026-06-07 01:00:00+01:00,2551.389
2026-06-07 02:00:00+01:00,2545.1055
2026-06-07 03:00:00+01:00,2535.5035
2026-06-07 04:00:00+01:00,2499.884
2026-06-07 05:00:00+01:00,2453.406
2026-06-07 06:00:00+01:00,2465.264
2026-06-07 07:00:00+01:00,2539.4995
2026-06-07 08:00:00+01:00,2665.394
2026-06-07 09:00:00+01:00,2808.7655
2026-06-07 10:00:00+01:00,2977.0785
2026-06-07 11:00:00+01:00,3115.204
2026-06-07 12:00:00+01:00,3178.7245
2026-06-07 13:00:00+01:00,3175.1755
2026-06-07 14:00:00+01:00,3099.9995
2026-06-07 15:00:00+01:00,2946.75
2026-06-07 16:00:00+01:00,2698.169
2026-06-07 17:00:00+01:00,2392.2195
2026-06-07 18:00:00+01:00,2075.891
2026-06-07 19:00:00+01:00,1773.222
2026-06-07 20:00:00+01:00,1515.6885
2026-06-07 21:00:00+01:00,1313.8675
2026-06-07 22:00:00+01:00,1160.37
2026-06-07 23:00:00+01:00,1028.529
2026-06-08 00:00:00+01:00,630.35
2026-06-08 01:00:00+01:00,597.858
2026-06-08 02:00:00+01:00,613.58
2026-06-08 03:00:00+01:00,663.4725
2026-06-08 04:00:00+01:00,705.1025
2026-06-08 05:00:00+01:00,740.469
2026-06-08 06:00:00+01:00,765.2925
2026-06-08 07:00:00+01:00,786.1405
2026-06-08 08:00:00+01:00,835.9985
2026-06-08 09:00:00+01:00,980.92
2026-06-08 10:00:00+01:00,1168.59
2026-06-08 11:00:00+01:00,1390.3565
2026-06-08 12:00:00+01:00,1638.0705
2026-06-08 13:00:00+01:00,1900.596
2026-06-08 14:00:00+01:00,2169.7825
2026-06-08 15:00:00+01:00,2399.5465
2026-06-08 16:00:00+01:00,2559.656
2026-06-08 17:00:00+01:00,2618.392
2026-06-08 18:00:00+01:00,2601.721
2026-06-08 19:00:00+01:00,2511.1345
2026-06-08 20:00:00+01:00,2365.8715
2026-06-08 21:00:00+01:00,2191.781
2026-06-08 22:00:00+01:00,2072.2705
2026-06-08 23:00:00+01:00,2003.234
2026-06-09 00:00:00+01:00,2123.8635
2026-06-09 01:00:00+01:00,2244.989
2026-06-09 02:00:00+01:00,2376.475
2026-06-09 03:00:00+01:00,2445.33
2026-06-09 04:00:00+01:00,2445.987
2026-06-09 05:00:00+01:00,2401.0575
2026-06-09 06:00:00+01:00,2348.15
2026-06-09 07:00:00+01:00,2305.2905
2026-06-09 08:00:00+01:00,2286.042
2026-06-09 09:00:00+01:00,2267.336
2026-06-09 10:00:00+01:00,2247.39
2026-06-09 11:00:00+01:00,2217.599
2026-06-09 12:00:00+01:00,2150.757
2026-06-09 13:00:00+01:00,2050.3155
2026-06-09 14:00:00+01:00,1969.739
2026-06-09 15:00:00+01:00,1860.5545
2026-06-09 16:00:00+01:00,1714.2955
2026-06-09 17:00:00+01:00,1556.857
2026-06-09 18:00:00+01:00,1422.4505
2026-06-09 19:00:00+01:00,1301.795
2026-06-09 20:00:00+01:00,1215.594
2026-06-09 21:00:00+01:00,1177.1225
2026-06-09 22:00:00+01:00,1219.876
2026-06-09 23:00:00+01:00,1308.0655
2026-06-10 00:00:00+01:00,836.0005
2026-06-10 01:00:00+01:00,865.5695
2026-06-10 02:00:00+01:00,904.1095
2026-06-10 03:00:00+01:00,915.2055
2026-06-10 04:00:00+01:00,897.094
2026-06-10 05:00:00+01:00,892.3975
2026-06-10 06:00:00+01:00,907.2825
2026-06-10 07:00:00+01:00,924.287
2026-06-10 08:00:00+01:00,988.1475
2026-06-10 09:00:00+01:00,1134.6985
2026-06-10 10:00:00+01:00,1319.504
2026-06-10 11:00:00+01:00,1508.3365
2026-06-10 12:00:00+01:00,1668.1645
2026-06-10 13:00:00+01:00,1783.859
2026-06-10 14:00:00+01:00,1863.5945
2026-06-10 15:00:00+01:00,1892.4995
2026-06-10 16:00:00+01:00,1867.193
2026-06-10 17:00:00+01:00,1774.245
2026-06-10 18:00:00+01:00,1632.3015
2026-06-10 19:00:00+01:00,1445.4935
2026-06-10 20:00:00+01:00,1254.244
2026-06-10 21:00:00+01:00,1117.7885
2026-06-10 22:00:00+01:00,1101.9555
2026-06-10 23:00:00+01:00,1181.3895
2026-06-11 00:00:00+01:00,1077.2935
2026-06-11 01:00:00+01:00,1295.5605
2026-06-11 02:00:00+01:00,1600.804
2026-06-11 03:00:00+01:00,1958.9135
2026-06-11 04:00:00+01:00,2338.0745
2026-06-11 05:00:00+01:00,2706.058
2026-06-11 06:00:00+01:00,3006.837
2026-06-11 07:00:00+01:00,3165.2545
2026-06-11 08:00:00+01:00,3146.696
2026-06-11 09:00:00+01:00,3075.082
2026-06-11 10:00:00+01:00,3025.721
2026-06-11 11:00:00+01:00,2979.5685
2026-06-11 12:00:00+01:00,2941.492
2026-06-11 13:00:00+01:00,2908.1375
2026-06-11 14:00:00+01:00,2900.2575
2026-06-11 15:00:00+01:00,2855.7885
2026-06-11 16:00:00+01:00,2788.045
2026-06-11 17:00:00+01:00,2640.631
2026-06-11 18:00:00+01:00,2499.2205
2026-06-11 19:00:00+01:00,2341.7935
2026-06-11 20:00:00+01:00,2181.7545
2026-06-11 21:00:00+01:00,2054.95
2026-06-11 22:00:00+01:00,2004.3835
2026-06-11 23:00:00+01:00,1976.035
2026-06-12 00:00:00+01:00,2531.8415
2026-06-12 01:00:00+01:00,2610.7415
2026-06-12 02:00:00+01:00,2704.166
2026-06-12 03:00:00+01:00,2778.0175
2026-06-12 04:00:00+01:00,2803.479
2026-06-12 05:00:00+01:00,2786.6955
2026-06-12 06:00:00+01:00,2744.2135
2026-06-12 07:00:00+01:00,2702.7845
2026-06-12 08:00:00+01:00,2662.0745
2026-06-12 09:00:00+01:00,2631.426
2026-06-12 10:00:00+01:00,2651.002
2026-06-12 11:00:00+01:00,2671.5735
2026-06-12 12:00:00+01:00,2692.6055
2026-06-12 13:00:00+01:00,2682.7125
2026-06-12 14:00:00+01:00,2663.618
2026-06-12 15:00:00+01:00,2609.893
2026-06-12 16:00:00+01:00,2506.719
2026-06-12 17:00:00+01:00,2335.2455
2026-06-12 18:00:00+01:00,2115.143
2026-06-12 19:00:00+01:00,1838.479
2026-06-12 20:00:00+01:00,1538.2945
2026-06-12 21:00:00+01:00,1256.0845
2026-06-12 22:00:00+01:00,1070.8875
2026-06-12 23:00:00+01:00,970.6505
2026-06-13 00:00:00+01:00,2145.977
2026-06-13 01:00:00+01:00,2066.8305
2026-06-13 02:00:00+01:00,1999.81
2026-06-13 03:00:00+01:00,1890.7105
2026-06-13 04:00:00+01:00,1726.2735
2026-06-13 05:00:00+01:00,1536.291
2026-06-13 06:00:00+01:00,1382.207
2026-06-13 07:00:00+01:00,1277.9725
2026-06-13 08:00:00+01:00,1209.0405
2026-06-13 09:00:00+01:00,1140.064
2026-06-13 10:00:00+01:00,1058.146
2026-06-13 11:00:00+01:00,1001.566
2026-06-13 12:00:00+01:00,962.357
2026-06-13 13:00:00+01:00,921.997
2026-06-13 14:00:00+01:00,895.4605
2026-06-13 15:00:00+01:00,859.35
2026-06-13 16:00:00+01:00,816.598
2026-06-13 17:00:00+01:00,767.564
2026-06-13 18:00:00+01:00,708.2565
2026-06-13 19:00:00+01:00,622.7625
2026-06-13 20:00:00+01:00,516.048
2026-06-13 21:00:00+01:00,408.712
2026-06-13 22:00:00+01:00,334.5835
2026-06-13 23:00:00+01:00,302.7615
2026-06-14 00:00:00+01:00,352.955
2026-06-14 01:00:00+01:00,330.955
2026-06-14 02:00:00+01:00,314.3775
2026-06-14 03:00:00+01:00,308.9045
2026-06-14 04:00:00+01:00,316.3195
2026-06-14 05:00:00+01:00,324.403
2026-06-14 06:00:00+01:00,326.26
2026-06-14 07:00:00+01:00,304.769
2026-06-14 08:00:00+01:00,265.7385
2026-06-14 09:00:00+01:00,239.1905
2026-06-14 10:00:00+01:00,221.5135
2026-06-14 11:00:00+01:00,203.308
2026-06-14 12:00:00+01:00,186.887
2026-06-14 13:00:00+01:00,176.2335
2026-06-14 14:00:00+01:00,170.094
2026-06-14 15:00:00+01:00,167.0005
2026-06-14 16:00:00+01:00,176.018
2026-06-14 17:00:00+01:00,198.9575
2026-06-14 18:00:00+01:00,231.108
2026-06-14 19:00:00+01:00,267.122
2026-06-14 20:00:00+01:00,315.048
2026-06-14 21:00:00+01:00,371.7305
2026-06-14 22:00:00+01:00,452.56
2026-06-14 23:00:00+01:00,553.7145
2026-06-15 00:00:00+01:00,933.622
2026-06-15 01:00:00+01:00,968.427
2026-06-15 02:00:00+01:00,962.476
2026-06-15 03:00:00+01:00,942.131
2026-06-15 04:00:00+01:00,920.5985
2026-06-15 05:00:00+01:00,900.8425
2026-06-15 06:00:00+01:00,865.0465
2026-06-15 07:00:00+01:00,750.4915
2026-06-15 08:00:00+01:00,606.9585
2026-06-15 09:00:00+01:00,528.773
2026-06-15 10:00:00+01:00,510.2435
2026-06-15 11:00:00+01:00,510.4325
2026-06-15 12:00:00+01:00,508.01
2026-06-15 13:00:00+01:00,496.8925
2026-06-15 14:00:00+01:00,481.4175
2026-06-15 15:00:00+01:00,471.5875
2026-06-15 16:00:00+01:00,473.18
2026-06-15 17:00:00+01:00,488.222
2026-06-15 18:00:00+01:00,511.4565
2026-06-15 19:00:00+01:00,531.4535
2026-06-15 20:00:00+01:00,545.455
2026-06-15 21:00:00+01:00,538.339
2026-06-15 22:00:00+01:00,534.668
2026-06-15 23:00:00+01:00,537.947
2026-06-16 00:00:00+01:00,465.9415
2026-06-16 01:00:00+01:00,470.0245
2026-06-16 02:00:00+01:00,499.3655
2026-06-16 03:00:00+01:00,540.718
2026-06-16 04:00:00+01:00,566.2355
2026-06-16 05:00:00+01:00,577.118
2026-06-16 06:00:00+01:00,575.1675
2026-06-16 07:00:00+01:00,587.7695
2026-06-16 08:00:00+01:00,586.519
2026-06-16 09:00:00+01:00,613.0235
2026-06-16 10:00:00+01:00,669.6905
2026-06-16 11:00:00+01:00,746.2115
2026-06-16 12:00:00+01:00,844.0125
2026-06-16 13:00:00+01:00,923.016
2026-06-16 14:00:00+01:00,992.216
2026-06-16 15:00:00+01:00,1015.997
2026-06-16 16:00:00+01:00,979.4805
2026-06-16 17:00:00+01:00,927.3925
2026-06-16 18:00:00+01:00,871.753
2026-06-16 19:00:00+01:00,819.361
2026-06-16 20:00:00+01:00,786.36
2026-06-16 21:00:00+01:00,766.375
2026-06-16 22:00:00+01:00,772.2405
2026-06-16 23:00:00+01:00,796.329
2026-06-17 00:00:00+01:00,899.7695
2026-06-17 01:00:00+01:00,911.613
2026-06-17 02:00:00+01:00,920.5845
2026-06-17 03:00:00+01:00,926.9165
2026-06-17 04:00:00+01:00,924.9765
2026-06-17 05:00:00+01:00,913.7315
2026-06-17 06:00:00+01:00,917.477
2026-06-17 07:00:00+01:00,957.149
2026-06-17 08:00:00+01:00,1021.3535
2026-06-17 09:00:00+01:00,1147.546
2026-06-17 10:00:00+01:00,1334.4205
2026-06-17 11:00:00+01:00,1550.2595
2026-06-17 12:00:00+01:00,1775.3025
2026-06-17 13:00:00+01:00,1980.2135
2026-06-17 14:00:00+01:00,2134.898
2026-06-17 15:00:00+01:00,2215.193
2026-06-17 16:00:00+01:00,2275.5425
2026-06-17 17:00:00+01:00,2245.393
2026-06-17 18:00:00+01:00,2174.8695
2026-06-17 19:00:00+01:00,2015.865
2026-06-17 20:00:00+01:00,1804.357
2026-06-17 21:00:00+01:00,1575.8515
2026-06-17 22:00:00+01:00,1420.306
2026-06-17 23:00:00+01:00,1326.183
2026-06-18 00:00:00+01:00,1393.949
2026-06-18 01:00:00+01:00,1384.0595
2026-06-18 02:00:00+01:00,1357.714
2026-06-18 03:00:00+01:00,1329.254
2026-06-18 04:00:00+01:00,1302.5895
2026-06-18 05:00:00+01:00,1290.1525
2026-06-18 06:00:00+01:00,1288.23
2026-06-18 07:00:00+01:00,1286.5845
2026-06-18 08:00:00+01:00,1267.8465
2026-06-18 09:00:00+01:00,1239.196
2026-06-18 10:00:00+01:00,1211.8935
2026-06-18 11:00:00+01:00,1167.688
2026-06-18 12:00:00+01:00,1125.997
2026-06-18 13:00:00+01:00,1105.6625
2026-06-18 14:00:00+01:00,1111.0865
2026-06-18 15:00:00+01:00,1133.244
2026-06-18 16:00:00+01:00,1164.529
2026-06-18 17:00:00+01:00,1195.11
2026-06-18 18:00:00+01:00,1219.779
2026-06-18 19:00:00+01:00,1249.1015
2026-06-18 20:00:00+01:00,1333.485
2026-06-18 21:00:00+01:00,1472.127
2026-06-18 22:00:00+01:00,1691.8695
2026-06-18 23:00:00+01:00,1948.688
2026-06-19 00:00:00+01:00,1194.369
2026-06-19 01:00:00+01:00,1332.263
2026-06-19 02:00:00+01:00,1458.5355
2026-06-19 03:00:00+01:00,1508.873
2026-06-19 04:00:00+01:00,1472.258
2026-06-19 05:00:00+01:00,1353.182
2026-06-19 06:00:00+01:00,1190.043
2026-06-19 07:00:00+01:00,1025.4225
2026-06-19 08:00:00+01:00,857.3065
2026-06-19 09:00:00+01:00,695.7975
2026-06-19 10:00:00+01:00,555.8855
2026-06-19 11:00:00+01:00,437.6085
2026-06-19 12:00:00+01:00,357.554
2026-06-19 13:00:00+01:00,322.286
2026-06-19 14:00:00+01:00,322.004
2026-06-19 15:00:00+01:00,343.664
2026-06-19 16:00:00+01:00,369.6235
2026-06-19 17:00:00+01:00,391.513
2026-06-19 18:00:00+01:00,393.3445
2026-06-19 19:00:00+01:00,373.266
2026-06-19 20:00:00+01:00,334.7695
2026-06-19 21:00:00+01:00,300.1635
2026-06-19 22:00:00+01:00,298.7535
2026-06-19 23:00:00+01:00,317.689
2026-06-20 00:00:00+01:00,611.5585
2026-06-20 01:00:00+01:00,612.311
2026-06-20 02:00:00+01:00,617.342
2026-06-20 03:00:00+01:00,613.1265
2026-06-20 04:00:00+01:00,592.839
2026-06-20 05:00:00+01:00,545.724
2026-06-20 06:00:00+01:00,474.151
2026-06-20 07:00:00+01:00,400.612
2026-06-20 08:00:00+01:00,343.1855
2026-06-20 09:00:00+01:00,306.2095
2026-06-20 10:00:00+01:00,282.4055
2026-06-20 11:00:00+01:00,260.587
2026-06-20 12:00:00+01:00,236.79
2026-06-20 13:00:00+01:00,223.9155
2026-06-20 14:00:00+01:00,230.5365
2026-06-20 15:00:00+01:00,237.5485
2026-06-20 16:00:00+01:00,231.636
2026-06-20 17:00:00+01:00,212.155
2026-06-20 18:00:00+01:00,188.796
2026-06-20 19:00:00+01:00,159.5795
2026-06-20 20:00:00+01:00,130.624
2026-06-20 21:00:00+01:00,116.7915
2026-06-20 22:00:00+01:00,124.0785
2026-06-20 23:00:00+01:00,136.5585
2026-06-21 00:00:00+01:00,168.499
2026-06-21 01:00:00+01:00,146.1225
2026-06-21 02:00:00+01:00,126.7885
2026-06-21 03:00:00+01:00,115.924
2026-06-21 04:00:00+01:00,116.399
2026-06-21 05:00:00+01:00,125.9
2026-06-21 06:00:00+01:00,133.814
2026-06-21 07:00:00+01:00,129.123
2026-06-21 08:00:00+01:00,106.362
2026-06-21 09:00:00+01:00,85.104
2026-06-21 10:00:00+01:00,86.1635
2026-06-21 11:00:00+01:00,93.924
2026-06-21 12:00:00+01:00,104.2615
2026-06-21 13:00:00+01:00,111.301
2026-06-21 14:00:00+01:00,113.269
2026-06-21 15:00:00+01:00,115.869
2026-06-21 16:00:00+01:00,125.212
2026-06-21 17:00:00+01:00,140.917
2026-06-21 18:00:00+01:00,166.7005
2026-06-21 19:00:00+01:00,195.7265
2026-06-21 20:00:00+01:00,236.445
2026-06-21 21:00:00+01:00,282.2275
2026-06-21 22:00:00+01:00,330.8595
2026-06-21 23:00:00+01:00,370.312
2026-06-22 00:00:00+01:00,418.55
2026-06-22 01:00:00+01:00,437.186
2026-06-22 02:00:00+01:00,449.5585
2026-06-22 03:00:00+01:00,459.1225
2026-06-22 04:00:00+01:00,461.75
2026-06-22 05:00:00+01:00,464.6085
2026-06-22 06:00:00+01:00,468.223
2026-06-22 07:00:00+01:00,442.4725
2026-06-22 08:00:00+01:00,357.9375
2026-06-22 09:00:00+01:00,275.309
2026-06-22 10:00:00+01:00,227.64
2026-06-22 11:00:00+01:00,206.3345
2026-06-22 12:00:00+01:00,186.128
2026-06-22 13:00:00+01:00,166.242
2026-06-22 14:00:00+01:00,152.804
2026-06-22 15:00:00+01:00,149.705
2026-06-22 16:00:00+01:00,163.1885
2026-06-22 17:00:00+01:00,184.247
2026-06-22 18:00:00+01:00,212.7
2026-06-22 19:00:00+01:00,241.845
2026-06-22 20:00:00+01:00,278.3795
2026-06-22 21:00:00+01:00,326.9195
2026-06-22 22:00:00+01:00,385.927
2026-06-22 23:00:00+01:00,431.2835
2026-06-23 00:00:00+01:00,197.2365
2026-06-23 01:00:00+01:00,204.7495
2026-06-23 02:00:00+01:00,200.651
2026-06-23 03:00:00+01:00,190.501
2026-06-23 04:00:00+01:00,186.844
2026-06-23 05:00:00+01:00,187.391
2026-06-23 06:00:00+01:00,194.253
2026-06-23 07:00:00+01:00,194.4755
2026-06-23 08:00:00+01:00,162.954
2026-06-23 09:00:00+01:00,131.2955
2026-06-23 10:00:00+01:00,118.7405
2026-06-23 11:00:00+01:00,121.462
2026-06-23 12:00:00+01:00,123.1825
2026-06-23 13:00:00+01:00,119.8015
2026-06-23 14:00:00+01:00,121.116
2026-06-23 15:00:00+01:00,120.777
2026-06-23 16:00:00+01:00,125.6675
2026-06-23 17:00:00+01:00,139.356
2026-06-23 18:00:00+01:00,167.799
2026-06-23 19:00:00+01:00,201.2385
2026-06-23 20:00:00+01:00,237.092
2026-06-23 21:00:00+01:00,268.817
2026-06-23 22:00:00+01:00,291.121
2026-06-23 23:00:00+01:00,294.4665
2026-06-24 00:00:00+01:00,249.971
2026-06-24 01:00:00+01:00,224.9665
2026-06-24 02:00:00+01:00,215.703
2026-06-24 03:00:00+01:00,201.031
2026-06-24 04:00:00+01:00,184.9135
2026-06-24 05:00:00+01:00,180.432
2026-06-24 06:00:00+01:00,184.6665
2026-06-24 07:00:00+01:00,175.9725
2026-06-24 08:00:00+01:00,147.152
2026-06-24 09:00:00+01:00,122.5075
2026-06-24 10:00:00+01:00,109.2925
2026-06-24 11:00:00+01:00,105.282
2026-06-24 12:00:00+01:00,105.7715
2026-06-24 13:00:00+01:00,114.3995
2026-06-24 14:00:00+01:00,136.612
2026-06-24 15:00:00+01:00,177.3625
2026-06-24 16:00:00+01:00,240.523
2026-06-24 17:00:00+01:00,307.21
2026-06-24 18:00:00+01:00,372.9645
2026-06-24 19:00:00+01:00,453.6905
2026-06-24 20:00:00+01:00,559.5
2026-06-24 21:00:00+01:00,661.9895
2026-06-24 22:00:00+01:00,772.793
2026-06-24 23:00:00+01:00,872.5485
2026-06-25 00:00:00+01:00,911.715
2026-06-25 01:00:00+01:00,1009.376
2026-06-25 02:00:00+01:00,1093.5145
2026-06-25 03:00:00+01:00,1181.3035
2026-06-25 04:00:00+01:00,1261.111
2026-06-25 05:00:00+01:00,1312.605
2026-06-25 06:00:00+01:00,1330.606
2026-06-25 07:00:00+01:00,1279.7335
2026-06-25 08:00:00+01:00,1236.5005
2026-06-25 09:00:00+01:00,1206.0
2026-06-25 10:00:00+01:00,1249.8175
2026-06-25 11:00:00+01:00,1303.995
2026-06-25 12:00:00+01:00,1309.993
2026-06-25 13:00:00+01:00,1271.9105
2026-06-25 14:00:00+01:00,1193.283
2026-06-25 15:00:00+01:00,1067.679
2026-06-25 16:00:00+01:00,903.0
2026-06-25 17:00:00+01:00,738.492
2026-06-25 18:00:00+01:00,592.165
2026-06-25 19:00:00+01:00,466.975
2026-06-25 20:00:00+01:00,402.806
2026-06-25 21:00:00+01:00,403.0835
2026-06-25 22:00:00+01:00,453.7075
2026-06-25 23:00:00+01:00,510.7175
2026-06-26 00:00:00+01:00,725.202
2026-06-26 01:00:00+01:00,811.7475
2026-06-26 02:00:00+01:00,887.9075
2026-06-26 03:00:00+01:00,957.6285
2026-06-26 04:00:00+01:00,979.9045
2026-06-26 05:00:00+01:00,947.1815
2026-06-26 06:00:00+01:00,913.2065
2026-06-26 07:00:00+01:00,876.3145
2026-06-26 08:00:00+01:00,848.63
2026-06-26 09:00:00+01:00,816.3025
2026-06-26 10:00:00+01:00,770.2255
2026-06-26 11:00:00+01:00,696.119
2026-06-26 12:00:00+01:00,657.6195
2026-06-26 13:00:00+01:00,716.337
2026-06-26 14:00:00+01:00,875.189
2026-06-26 15:00:00+01:00,1068.9795
2026-06-26 16:00:00+01:00,1267.4595
2026-06-26 17:00:00+01:00,1456.279
2026-06-26 18:00:00+01:00,1630.705
2026-06-26 19:00:00+01:00,1734.725
2026-06-26 20:00:00+01:00,1810.748
2026-06-26 21:00:00+01:00,1862.088
2026-06-26 22:00:00+01:00,1931.7585
2026-06-26 23:00:00+01:00,2022.6255
2026-06-27 00:00:00+01:00,2094.4505
2026-06-27 01:00:00+01:00,2167.5915
2026-06-27 02:00:00+01:00,2298.983
2026-06-27 03:00:00+01:00,2443.3635
2026-06-27 04:00:00+01:00,2560.0505
2026-06-27 05:00:00+01:00,2654.1215
2026-06-27 06:00:00+01:00,2764.2605
2026-06-27 07:00:00+01:00,2901.764
2026-06-27 08:00:00+01:00,3044.329
2026-06-27 09:00:00+01:00,3096.673
2026-06-27 10:00:00+01:00,3078.655
2026-06-27 11:00:00+01:00,2974.8865
2026-06-27 12:00:00+01:00,2805.9235
2026-06-27 13:00:00+01:00,2592.4
2026-06-27 14:00:00+01:00,2397.6645
2026-06-27 15:00:00+01:00,2209.084
2026-06-27 16:00:00+01:00,2036.333
2026-06-27 17:00:00+01:00,1898.031
2026-06-27 18:00:00+01:00,1814.2945
2026-06-27 19:00:00+01:00,1711.85
2026-06-27 20:00:00+01:00,1607.3585
2026-06-27 21:00:00+01:00,1514.486
2026-06-27 22:00:00+01:00,1452.995
2026-06-27 23:00:00+01:00,1368.3015
2026-06-28 00:00:00+01:00,1490.7915
2026-06-28 01:00:00+01:00,1355.101
2026-06-28 02:00:00+01:00,1232.7555
2026-06-28 03:00:00+01:00,1148.014
2026-06-28 04:00:00+01:00,1072.4305
2026-06-28 05:00:00+01:00,1061.0635
2026-06-28 06:00:00+01:00,1137.392
2026-06-28 07:00:00+01:00,1251.637
2026-06-28 08:00:00+01:00,1379.3835
2026-06-28 09:00:00+01:00,1505.2035
2026-06-28 10:00:00+01:00,1633.4165
2026-06-28 11:00:00+01:00,1755.3095
2026-06-28 12:00:00+01:00,1874.2365
2026-06-28 13:00:00+01:00,1978.916
2026-06-28 14:00:00+01:00,2062.4725
2026-06-28 15:00:00+01:00,2114.8745
2026-06-28 16:00:00+01:00,2107.8185
2026-06-28 17:00:00+01:00,2051.7325
2026-06-28 18:00:00+01:00,1975.823
2026-06-28 19:00:00+01:00,1850.797
2026-06-28 20:00:00+01:00,1666.502
2026-06-28 21:00:00+01:00,1422.888
2026-06-28 22:00:00+01:00,1178.347
2026-06-28 23:00:00+01:00,983.1725
2026-06-29 00:00:00+01:00,1582.196
2026-06-29 01:00:00+01:00,1552.6225
2026-06-29 02:00:00+01:00,1561.3045
2026-06-29 03:00:00+01:00,1557.929
2026-06-29 04:00:00+01:00,1517.4365
2026-06-29 05:00:00+01:00,1430.3575
2026-06-29 06:00:00+01:00,1313.8595
2026-06-29 07:00:00+01:00,1191.423
2026-06-29 08:00:00+01:00,1066.7015
2026-06-29 09:00:00+01:00,1015.463
2026-06-29 10:00:00+01:00,992.6925
2026-06-29 11:00:00+01:00,1011.7905
2026-06-29 12:00:00+01:00,1061.08
2026-06-29 13:00:00+01:00,1108.2125
2026-06-29 14:00:00+01:00,1183.279
2026-06-29 15:00:00+01:00,1268.6475
2026-06-29 16:00:00+01:00,1334.4965
2026-06-29 17:00:00+01:00,1371.54
2026-06-29 18:00:00+01:00,1370.7885
2026-06-29 19:00:00+01:00,1325.35
2026-06-29 20:00:00+01:00,1290.0535
2026-06-29 21:00:00+01:00,1301.4655
2026-06-29 22:00:00+01:00,1402.067
2026-06-29 23:00:00+01:00,1568.702
2026-06-30 00:00:00+01:00,2084.4375
2026-06-30 01:00:00+01:00,2181.4425
2026-06-30 02:00:00+01:00,2188.4655
2026-06-30 03:00:00+01:00,2086.593
2026-06-30 04:00:00+01:00,1874.696
2026-06-30 05:00:00+01:00,1600.8745
2026-06-30 06:00:00+01:00,1328.7975
2026-06-30 07:00:00+01:00,1074.941
2026-06-30 08:00:00+01:00,849.3905
2026-06-30 09:00:00+01:00,688.135
2026-06-30 10:00:00+01:00,614.0635
2026-06-30 11:00:00+01:00,591.797
2026-06-30 12:00:00+01:00,604.076
2026-06-30 13:00:00+01:00,643.0645
2026-06-30 14:00:00+01:00,718.603
2026-06-30 15:00:00+01:00,821.9645
2026-06-30 16:00:00+01:00,937.9785
2026-06-30 17:00:00+01:00,1037.602
2026-06-30 18:00:00+01:00,1128.0545
2026-06-30 19:00:00+01:00,1170.8855
2026-06-30 20:00:00+01:00,1144.1885
2026-06-30 21:00:00+01:00,1065.2675
2026-06-30 22:00:00+01:00,975.5385
2026-06-30 23:00:00+01:00,883.4535
2026-07-01 00:00:00+01:00,1016.8055
2026-07-01 01:00:00+01:00,852.5185
2026-07-01 02:00:00+01:00,715.764
2026-07-01 03:00:00+01:00,614.085
2026-07-01 04:00:00+01:00,516.695
2026-07-01 05:00:00+01:00,412.9785
2026-07-01 06:00:00+01:00,327.2665
2026-07-01 07:00:00+01:00,282.455
2026-07-01 08:00:00+01:00,274.5225
2026-07-01 09:00:00+01:00,315.7685
2026-07-01 10:00:00+01:00,454.9275
2026-07-01 11:00:00+01:00,727.038
2026-07-01 12:00:00+01:00,1113.908
2026-07-01 13:00:00+01:00,1530.178
2026-07-01 14:00:00+01:00,1923.3365
2026-07-01 15:00:00+01:00,2243.575
2026-07-01 16:00:00+01:00,2456.1855
2026-07-01 17:00:00+01:00,2557.0315
2026-07-01 18:00:00+01:00,2629.1925
2026-07-01 19:00:00+01:00,2670.9685
2026-07-01 20:00:00+01:00,2727.293
2026-07-01 21:00:00+01:00,2806.068
2026-07-01 22:00:00+01:00,2914.162
2026-07-01 23:00:00+01:00,2972.337
2026-07-02 00:00:00+01:00,2867.8275
2026-07-02 01:00:00+01:00,2693.178
2026-07-02 02:00:00+01:00,2515.702
2026-07-02 03:00:00+01:00,2272.7945
2026-07-02 04:00:00+01:00,1961.3925
2026-07-02 05:00:00+01:00,1622.789
2026-07-02 06:00:00+01:00,1335.6715
2026-07-02 07:00:00+01:00,1107.662
2026-07-02 08:00:00+01:00,915.285
2026-07-02 09:00:00+01:00,725.9485
2026-07-02 10:00:00+01:00,573.5095
2026-07-02 11:00:00+01:00,484.313
2026-07-02 12:00:00+01:00,460.38
2026-07-02 13:00:00+01:00,459.6775
2026-07-02 14:00:00+01:00,476.074
2026-07-02 15:00:00+01:00,491.7835
2026-07-02 16:00:00+01:00,496.0185
2026-07-02 17:00:00+01:00,476.262
2026-07-02 18:00:00+01:00,450.5535
2026-07-02 19:00:00+01:00,416.1785
2026-07-02 20:00:00+01:00,372.0745
2026-07-02 21:00:00+01:00,332.0155
2026-07-02 22:00:00+01:00,313.7065
2026-07-02 23:00:00+01:00,296.9775
2026-07-03 00:00:00+01:00,449.342
2026-07-03 01:00:00+01:00,431.996
2026-07-03 02:00:00+01:00,423.595
2026-07-03 03:00:00+01:00,414.6105
2026-07-03 04:00:00+01:00,399.7585
2026-07-03 05:00:00+01:00,377.8065
2026-07-03 06:00:00+01:00,349.4345
2026-07-03 07:00:00+01:00,320.588
2026-07-03 08:00:00+01:00,313.413
2026-07-03 09:00:00+01:00,333.0405
2026-07-03 10:00:00+01:00,405.8625
2026-07-03 11:00:00+01:00,530.3565
2026-07-03 12:00:00+01:00,692.385
2026-07-03 13:00:00+01:00,890.6915
2026-07-03 14:00:00+01:00,1104.028
2026-07-03 15:00:00+01:00,1276.303
2026-07-03 16:00:00+01:00,1372.4815
2026-07-03 17:00:00+01:00,1414.699
2026-07-03 18:00:00+01:00,1503.024
2026-07-03 19:00:00+01:00,1551.3475
2026-07-03 20:00:00+01:00,1577.6525
2026-07-03 21:00:00+01:00,1612.223
2026-07-03 22:00:00+01:00,1677.702
2026-07-03 23:00:00+01:00,1746.5165
2026-07-04 00:00:00+01:00,1834.5555
2026-07-04 01:00:00+01:00,1900.311
2026-07-04 02:00:00+01:00,1958.822
2026-07-04 03:00:00+01:00,1999.1185
2026-07-04 04:00:00+01:00,2002.8715
2026-07-04 05:00:00+01:00,1967.474
2026-07-04 06:00:00+01:00,1924.947
2026-07-04 07:00:00+01:00,1882.647
2026-07-04 08:00:00+01:00,1848.586
2026-07-04 09:00:00+01:00,1855.964
2026-07-04 10:00:00+01:00,1949.278
2026-07-04 11:00:00+01:00,2060.4305
2026-07-04 12:00:00+01:00,2156.4615
2026-07-04 13:00:00+01:00,2237.123
2026-07-04 14:00:00+01:00,2319.002
2026-07-04 15:00:00+01:00,2370.027
2026-07-04 16:00:00+01:00,2385.7435
2026-07-04 17:00:00+01:00,2352.1645
2026-07-04 18:00:00+01:00,2258.2325
2026-07-04 19:00:00+01:00,2062.547
2026-07-04 20:00:00+01:00,1817.555
2026-07-04 21:00:00+01:00,1584.891
2026-07-04 22:00:00+01:00,1425.939
2026-07-04 23:00:00+01:00,1322.113
2026-07-05 00:00:00+01:00,1039.9515
2026-07-05 01:00:00+01:00,991.1755
2026-07-05 02:00:00+01:00,962.9065
2026-07-05 03:00:00+01:00,919.071
2026-07-05 04:00:00+01:00,852.0465
2026-07-05 05:00:00+01:00,781.793
2026-07-05 06:00:00+01:00,729.532
2026-07-05 07:00:00+01:00,692.939
2026-07-05 08:00:00+01:00,678.564
2026-07-05 09:00:00+01:00,690.307
2026-07-05 10:00:00+01:00,742.661
2026-07-05 11:00:00+01:00,813.8185
2026-07-05 12:00:00+01:00,908.444
2026-07-05 13:00:00+01:00,1015.7555
2026-07-05 14:00:00+01:00,1151.065
2026-07-05 15:00:00+01:00,1290.6725
2026-07-05 16:00:00+01:00,1400.8335
2026-07-05 17:00:00+01:00,1460.0855
2026-07-05 18:00:00+01:00,1470.8375
2026-07-05 19:00:00+01:00,1422.424
2026-07-05 20:00:00+01:00,1333.3545
2026-07-05 21:00:00+01:00,1215.8475
2026-07-05 22:00:00+01:00,1117.2875
2026-07-05 23:00:00+01:00,1050.628
2026-07-06 00:00:00+01:00,899.3775
2026-07-06 01:00:00+01:00,887.499
2026-07-06 02:00:00+01:00,872.3235
2026-07-06 03:00:00+01:00,833.2715
2026-07-06 04:00:00+01:00,773.4645
2026-07-06 05:00:00+01:00,714.8195
2026-07-06 06:00:00+01:00,672.6925
2026-07-06 07:00:00+01:00,640.3995
2026-07-06 08:00:00+01:00,597.8085
2026-07-06 09:00:00+01:00,589.731
2026-07-06 10:00:00+01:00,616.995
2026-07-06 11:00:00+01:00,660.698
2026-07-06 12:00:00+01:00,706.8005
2026-07-06 13:00:00+01:00,769.859
2026-07-06 14:00:00+01:00,861.184
2026-07-06 15:00:00+01:00,954.8515
2026-07-06 16:00:00+01:00,1008.236
2026-07-06 17:00:00+01:00,1016.81
2026-07-06 18:00:00+01:00,1007.595
2026-07-06 19:00:00+01:00,952.3855
2026-07-06 20:00:00+01:00,853.518
2026-07-06 21:00:00+01:00,736.2505
2026-07-06 22:00:00+01:00,650.8505
2026-07-06 23:00:00+01:00,591.3575
2026-07-07 00:00:00+01:00,596.5715
2026-07-07 01:00:00+01:00,555.8575
2026-07-07 02:00:00+01:00,524.042
2026-07-07 03:00:00+01:00,499.1315
2026-07-07 04:00:00+01:00,471.6285
2026-07-07 05:00:00+01:00,439.976
2026-07-07 06:00:00+01:00,414.2335
2026-07-07 07:00:00+01:00,386.6145
2026-07-07 08:00:00+01:00,359.3405
2026-07-07 09:00:00+01:00,350.9775
2026-07-07 10:00:00+01:00,356.75
2026-07-07 11:00:00+01:00,372.335
2026-07-07 12:00:00+01:00,398.6745
2026-07-07 13:00:00+01:00,437.7255
2026-07-07 14:00:00+01:00,487.4915
2026-07-07 15:00:00+01:00,526.793
2026-07-07 16:00:00+01:00,548.835
2026-07-07 17:00:00+01:00,560.214
2026-07-07 18:00:00+01:00,557.091
2026-07-07 19:00:00+01:00,519.086
2026-07-07 20:00:00+01:00,450.1735
2026-07-07 21:00:00+01:00,374.307
2026-07-07 22:00:00+01:00,318.7835
2026-07-07 23:00:00+01:00,275.475
2026-07-08 00:00:00+01:00,234.9475
2026-07-08 01:00:00+01:00,185.8105
2026-07-08 02:00:00+01:00,155.945
2026-07-08 03:00:00+01:00,139.664
2026-07-08 04:00:00+01:00,124.6565
2026-07-08 05:00:00+01:00,112.9435
2026-07-08 06:00:00+01:00,106.5695
2026-07-08 07:00:00+01:00,98.512
2026-07-08 08:00:00+01:00,84.407
2026-07-08 09:00:00+01:00,73.8035
2026-07-08 10:00:00+01:00,80.7725
2026-07-08 11:00:00+01:00,109.821
2026-07-08 12:00:00+01:00,155.9995
2026-07-08 13:00:00+01:00,219.495
2026-07-08 14:00:00+01:00,289.3095
2026-07-08 15:00:00+01:00,346.2775
2026-07-08 16:00:00+01:00,381.888
2026-07-08 17:00:00+01:00,391.874
2026-07-08 18:00:00+01:00,385.1735
2026-07-08 19:00:00+01:00,374.0465
2026-07-08 20:00:00+01:00,379.1725
2026-07-08 21:00:00+01:00,392.778
2026-07-08 22:00:00+01:00,403.029
2026-07-08 23:00:00+01:00,389.5015
2026-07-09 00:00:00+01:00,464.69
2026-07-09 01:00:00+01:00,445.112
2026-07-09 02:00:00+01:00,422.6345
2026-07-09 03:00:00+01:00,399.579
2026-07-09 04:00:00+01:00,367.17
2026-07-09 05:00:00+01:00,321.3915
2026-07-09 06:00:00+01:00,281.584
2026-07-09 07:00:00+01:00,250.325
2026-07-09 08:00:00+01:00,227.345
2026-07-09 09:00:00+01:00,219.9205
2026-07-09 10:00:00+01:00,227.4175
2026-07-09 11:00:00+01:00,241.5135
2026-07-09 12:00:00+01:00,249.8425
2026-07-09 13:00:00+01:00,255.65
2026-07-09 14:00:00+01:00,266.526
2026-07-09 15:00:00+01:00,271.577
2026-07-09 16:00:00+01:00,266.5155
2026-07-09 17:00:00+01:00,262.533
2026-07-09 18:00:00+01:00,246.8645
2026-07-09 19:00:00+01:00,223.4355
2026-07-09 20:00:00+01:00,203.6635
2026-07-09 21:00:00+01:00,196.852
2026-07-09 22:00:00+01:00,217.0255
2026-07-09 23:00:00+01:00,239.4245
2026-07-10 00:00:00+01:00,235.802
2026-07-10 01:00:00+01:00,215.4505
2026-07-10 02:00:00+01:00,208.304
2026-07-10 03:00:00+01:00,212.052
2026-07-10 04:00:00+01:00,225.6405
2026-07-10 05:00:00+01:00,245.168
2026-07-10 06:00:00+01:00,258.576
2026-07-10 07:00:00+01:00,239.9925
2026-07-10 08:00:00+01:00,200.062
2026-07-10 09:00:00+01:00,172.5635
2026-07-10 10:00:00+01:00,169.32
2026-07-10 11:00:00+01:00,183.082
2026-07-10 12:00:00+01:00,206.5305
2026-07-10 13:00:00+01:00,229.8665
2026-07-10 14:00:00+01:00,261.68
2026-07-10 15:00:00+01:00,305.578
2026-07-10 16:00:00+01:00,367.6015
2026-07-10 17:00:00+01:00,433.64
2026-07-10 18:00:00+01:00,509.847
2026-07-10 19:00:00+01:00,590.528
2026-07-10 20:00:00+01:00,676.581
2026-07-10 21:00:00+01:00,747.2015
2026-07-10 22:00:00+01:00,805.7645
2026-07-10 23:00:00+01:00,837.711
2026-07-11 00:00:00+01:00,1135.772
2026-07-11 01:00:00+01:00,1160.0975
2026-07-11 02:00:00+01:00,1145.5105
2026-07-11 03:00:00+01:00,1135.485
2026-07-11 04:00:00+01:00,1149.893
2026-07-11 05:00:00+01:00,1148.893
2026-07-11 06:00:00+01:00,1109.1295
2026-07-11 07:00:00+01:00,998.292
2026-07-11 08:00:00+01:00,896.162
2026-07-11 09:00:00+01:00,831.7705
2026-07-11 10:00:00+01:00,802.2575
2026-07-11 11:00:00+01:00,796.714
2026-07-11 12:00:00+01:00,792.756
2026-07-11 13:00:00+01:00,764.2025
2026-07-11 14:00:00+01:00,708.5935
2026-07-11 15:00:00+01:00,650.7755
2026-07-11 16:00:00+01:00,622.2755
2026-07-11 17:00:00+01:00,602.198
2026-07-11 18:00:00+01:00,609.2895
2026-07-11 19:00:00+01:00,634.992
2026-07-11 20:00:00+01:00,672.9605
2026-07-11 21:00:00+01:00,702.6315
2026-07-11 22:00:00+01:00,750.3175
2026-07-11 23:00:00+01:00,802.0865
2026-07-12 00:00:00+01:00,1091.3945
2026-07-12 01:00:00+01:00,1051.975
2026-07-12 02:00:00+01:00,963.2165
2026-07-12 03:00:00+01:00,890.655
2026-07-12 04:00:00+01:00,875.0745
2026-07-12 05:00:00+01:00,887.962
2026-07-12 06:00:00+01:00,890.9
2026-07-12 07:00:00+01:00,833.0995
2026-07-12 08:00:00+01:00,761.843
2026-07-12 09:00:00+01:00,782.217
2026-07-12 10:00:00+01:00,873.973
2026-07-12 11:00:00+01:00,978.005
2026-07-12 12:00:00+01:00,1115.0635
2026-07-12 13:00:00+01:00,1235.962
2026-07-12 14:00:00+01:00,1328.8515
2026-07-12 15:00:00+01:00,1394.479
2026-07-12 16:00:00+01:00,1453.779
2026-07-12 17:00:00+01:00,1478.5205
2026-07-12 18:00:00+01:00,1473.776
2026-07-12 19:00:00+01:00,1432.284
2026-07-12 20:00:00+01:00,1376.23
2026-07-12 21:00:00+01:00,1302.503
2026-07-12 22:00:00+01:00,1333.6765
2026-07-12 23:00:00+01:00,1456.095
2026-07-13 00:00:00+01:00,1851.3105
2026-07-13 01:00:00+01:00,1948.056
2026-07-13 02:00:00+01:00,1999.149
2026-07-13 03:00:00+01:00,2000.345
2026-07-13 04:00:00+01:00,1958.8075
2026-07-13 05:00:00+01:00,1903.27
2026-07-13 06:00:00+01:00,1862.946
2026-07-13 07:00:00+01:00,1800.2005
2026-07-13 08:00:00+01:00,1779.0105
2026-07-13 09:00:00+01:00,1805.731
2026-07-13 10:00:00+01:00,1831.94
2026-07-13 11:00:00+01:00,1882.7315
2026-07-13 12:00:00+01:00,1952.3805
2026-07-13 13:00:00+01:00,1999.589
2026-07-13 14:00:00+01:00,2016.939
2026-07-13 15:00:00+01:00,1987.4145
2026-07-13 16:00:00+01:00,1924.365
2026-07-13 17:00:00+01:00,1806.9675
2026-07-13 18:00:00+01:00,1673.1145
2026-07-13 19:00:00+01:00,1549.7005
2026-07-13 20:00:00+01:00,1465.057
2026-07-13 21:00:00+01:00,1374.2665
2026-07-13 22:00:00+01:00,1357.7265
2026-07-13 23:00:00+01:00,1399.8725
2026-07-14 00:00:00+01:00,1468.207
2026-07-14 01:00:00+01:00,1496.209
2026-07-14 02:00:00+01:00,1500.136
2026-07-14 03:00:00+01:00,1482.203
2026-07-14 04:00:00+01:00,1462.319
2026-07-14 05:00:00+01:00,1434.8085
2026-07-14 06:00:00+01:00,1385.018
2026-07-14 07:00:00+01:00,1239.2405
2026-07-14 08:00:00+01:00,1107.2665
2026-07-14 09:00:00+01:00,1136.7915
2026-07-14 10:00:00+01:00,1263.834
2026-07-14 11:00:00+01:00,1372.664
2026-07-14 12:00:00+01:00,1516.207
2026-07-14 13:00:00+01:00,1635.121
2026-07-14 14:00:00+01:00,1717.757
2026-07-14 15:00:00+01:00,1772.293
2026-07-14 16:00:00+01:00,1793.573
2026-07-14 17:00:00+01:00,1737.015
2026-07-14 18:00:00+01:00,1616.1355
2026-07-14 19:00:00+01:00,1439.146
2026-07-14 20:00:00+01:00,1255.539
2026-07-14 21:00:00+01:00,1081.005
2026-07-14 22:00:00+01:00,1035.648
2026-07-14 23:00:00+01:00,1083.7905
2026-07-15 00:00:00+01:00,800.088
2026-07-15 01:00:00+01:00,812.321
2026-07-15 02:00:00+01:00,847.435
2026-07-15 03:00:00+01:00,880.5305
2026-07-15 04:00:00+01:00,899.7935
2026-07-15 05:00:00+01:00,891.4245
2026-07-15 06:00:00+01:00,857.8175
2026-07-15 07:00:00+01:00,771.7445
2026-07-15 08:00:00+01:00,653.8675
2026-07-15 09:00:00+01:00,606.252
2026-07-15 10:00:00+01:00,610.411
2026-07-15 11:00:00+01:00,612.272
2026-07-15 12:00:00+01:00,625.4285
2026-07-15 13:00:00+01:00,639.9515
2026-07-15 14:00:00+01:00,650.0555
2026-07-15 15:00:00+01:00,651.0525
2026-07-15 16:00:00+01:00,635.3975
2026-07-15 17:00:00+01:00,606.669
2026-07-15 18:00:00+01:00,566.067
2026-07-15 19:00:00+01:00,513.021
2026-07-15 20:00:00+01:00,465.8805
2026-07-15 21:00:00+01:00,428.2225
2026-07-15 22:00:00+01:00,425.8805
2026-07-15 23:00:00+01:00,451.465
2026-07-16 00:00:00+01:00,467.4995
2026-07-16 01:00:00+01:00,471.857
2026-07-16 02:00:00+01:00,486.868
2026-07-16 03:00:00+01:00,497.914
2026-07-16 04:00:00+01:00,493.683
2026-07-16 05:00:00+01:00,465.341
2026-07-16 06:00:00+01:00,421.1625
2026-07-16 07:00:00+01:00,363.1215
2026-07-16 08:00:00+01:00,286.7635
2026-07-16 09:00:00+01:00,210.9325
2026-07-16 10:00:00+01:00,182.656
2026-07-16 11:00:00+01:00,216.096
2026-07-16 12:00:00+01:00,278.5755
2026-07-16 13:00:00+01:00,296.2415
2026-07-16 14:00:00+01:00,280.6075
2026-07-16 15:00:00+01:00,281.247
2026-07-16 16:00:00+01:00,303.9965
2026-07-16 17:00:00+01:00,334.188
2026-07-16 18:00:00+01:00,363.803
2026-07-16 19:00:00+01:00,397.1385
2026-07-16 20:00:00+01:00,438.2015
2026-07-16 21:00:00+01:00,462.691
2026-07-16 22:00:00+01:00,477.952
2026-07-16 23:00:00+01:00,480.522
2026-07-17 00:00:00+01:00,567.01
2026-07-17 01:00:00+01:00,503.2135
2026-07-17 02:00:00+01:00,439.3565
2026-07-17 03:00:00+01:00,417.6815
2026-07-17 04:00:00+01:00,431.091
2026-07-17 05:00:00+01:00,455.622
2026-07-17 06:00:00+01:00,465.977
2026-07-17 07:00:00+01:00,438.7145
2026-07-17 08:00:00+01:00,386.2635
2026-07-17 09:00:00+01:00,333.041
2026-07-17 10:00:00+01:00,329.593
2026-07-17 11:00:00+01:00,388.256
2026-07-17 12:00:00+01:00,479.8355
2026-07-17 13:00:00+01:00,577.7515
2026-07-17 14:00:00+01:00,651.623
2026-07-17 15:00:00+01:00,701.4795
2026-07-17 16:00:00+01:00,760.042
2026-07-17 17:00:00+01:00,811.329
2026-07-17 18:00:00+01:00,867.9315
2026-07-17 19:00:00+01:00,927.7925
2026-07-17 20:00:00+01:00,1009.022
2026-07-17 21:00:00+01:00,1098.911
2026-07-17 22:00:00+01:00,1181.938
2026-07-17 23:00:00+01:00,1204.8815
2026-07-18 00:00:00+01:00,1548.566
2026-07-18 01:00:00+01:00,1477.3265
2026-07-18 02:00:00+01:00,1414.404
2026-07-18 03:00:00+01:00,1380.5715
2026-07-18 04:00:00+01:00,1351.196
2026-07-18 05:00:00+01:00,1309.6915
2026-07-18 06:00:00+01:00,1252.566
2026-07-18 07:00:00+01:00,1174.0425
2026-07-18 08:00:00+01:00,1137.3205
2026-07-18 09:00:00+01:00,1110.97
2026-07-18 10:00:00+01:00,1098.406
2026-07-18 11:00:00+01:00,1118.652
2026-07-18 12:00:00+01:00,1185.9665
2026-07-18 13:00:00+01:00,1256.8925
2026-07-18 14:00:00+01:00,1307.527
2026-07-18 15:00:00+01:00,1316.53
2026-07-18 16:00:00+01:00,1330.1755
2026-07-18 17:00:00+01:00,1337.6075
2026-07-18 18:00:00+01:00,1378.994
2026-07-18 19:00:00+01:00,1429.2015
2026-07-18 20:00:00+01:00,1436.1715
2026-07-18 21:00:00+01:00,1345.9545
2026-07-18 22:00:00+01:00,1247.256
2026-07-18 23:00:00+01:00,1213.647
2026-07-19 00:00:00+01:00,1033.6585
2026-07-19 01:00:00+01:00,938.1615
2026-07-19 02:00:00+01:00,830.915
2026-07-19 03:00:00+01:00,732.939
2026-07-19 04:00:00+01:00,647.6085
2026-07-19 05:00:00+01:00,585.066
2026-07-19 06:00:00+01:00,531.453
2026-07-19 07:00:00+01:00,449.984
2026-07-19 08:00:00+01:00,366.299
2026-07-19 09:00:00+01:00,333.092
2026-07-19 10:00:00+01:00,329.868
2026-07-19 11:00:00+01:00,351.154
2026-07-19 12:00:00+01:00,400.7445
2026-07-19 13:00:00+01:00,446.886
2026-07-19 14:00:00+01:00,490.5635
2026-07-19 15:00:00+01:00,515.629
2026-07-19 16:00:00+01:00,531.104
2026-07-19 17:00:00+01:00,527.8845
2026-07-19 18:00:00+01:00,517.388
2026-07-19 19:00:00+01:00,527.141
2026-07-19 20:00:00+01:00,568.8215
2026-07-19 21:00:00+01:00,628.2535
2026-07-19 22:00:00+01:00,718.0785
2026-07-19 23:00:00+01:00,812.913
2026-07-20 00:00:00+01:00,674.069
2026-07-20 01:00:00+01:00,597.276
2026-07-20 02:00:00+01:00,543.566
2026-07-20 03:00:00+01:00,518.7385
2026-07-20 04:00:00+01:00,507.2025
2026-07-20 05:00:00+01:00,499.5515
2026-07-20 06:00:00+01:00,485.3365
2026-07-20 07:00:00+01:00,456.4735
2026-07-20 08:00:00+01:00,424.22
2026-07-20 09:00:00+01:00,412.3215
2026-07-20 10:00:00+01:00,428.5185
2026-07-20 11:00:00+01:00,471.87
2026-07-20 12:00:00+01:00,545.9075
2026-07-20 13:00:00+01:00,620.915
2026-07-20 14:00:00+01:00,690.762
2026-07-20 15:00:00+01:00,755.7555
2026-07-20 16:00:00+01:00,838.1315
2026-07-20 17:00:00+01:00,898.8585
2026-07-20 18:00:00+01:00,931.8815
2026-07-20 19:00:00+01:00,939.312
2026-07-20 20:00:00+01:00,930.809
2026-07-20 21:00:00+01:00,901.8835
2026-07-20 22:00:00+01:00,897.9645
2026-07-20 23:00:00+01:00,902.989
2026-07-21 00:00:00+01:00,881.6275
2026-07-21 01:00:00+01:00,818.6755
2026-07-21 02:00:00+01:00,730.85
2026-07-21 03:00:00+01:00,647.1185
2026-07-21 04:00:00+01:00,587.702
2026-07-21 05:00:00+01:00,554.4855
2026-07-21 06:00:00+01:00,532.2805
2026-07-21 07:00:00+01:00,480.466
2026-07-21 08:00:00+01:00,404.2485
2026-07-21 09:00:00+01:00,350.068
2026-07-21 10:00:00+01:00,317.0415
2026-07-21 11:00:00+01:00,313.892
2026-07-21 12:00:00+01:00,335.43
2026-07-21 13:00:00+01:00,366.5425
2026-07-21 14:00:00+01:00,409.897
2026-07-21 15:00:00+01:00,448.1935
2026-07-21 16:00:00+01:00,488.522
2026-07-21 17:00:00+01:00,520.844
2026-07-21 18:00:00+01:00,548.282
2026-07-21 19:00:00+01:00,586.358
2026-07-21 20:00:00+01:00,637.0495
2026-07-21 21:00:00+01:00,680.8155
2026-07-21 22:00:00+01:00,735.4245
2026-07-21 23:00:00+01:00,774.4155
2026-07-22 00:00:00+01:00,1078.028
2026-07-22 01:00:00+01:00,968.9225
2026-07-22 02:00:00+01:00,865.915
2026-07-22 03:00:00+01:00,782.5145
2026-07-22 04:00:00+01:00,734.8585
2026-07-22 05:00:00+01:00,693.5325
2026-07-22 06:00:00+01:00,646.2365
2026-07-22 07:00:00+01:00,596.1855
2026-07-22 08:00:00+01:00,578.627
2026-07-22 09:00:00+01:00,556.102
2026-07-22 10:00:00+01:00,519.596
2026-07-22 11:00:00+01:00,486.4955
2026-07-22 12:00:00+01:00,471.7825
2026-07-22 13:00:00+01:00,453.749
2026-07-22 14:00:00+01:00,431.741
2026-07-22 15:00:00+01:00,425.339
2026-07-22 16:00:00+01:00,448.7185
2026-07-22 17:00:00+01:00,474.2125
2026-07-22 18:00:00+01:00,491.264
2026-07-22 19:00:00+01:00,506.726
2026-07-22 20:00:00+01:00,531.1625
2026-07-22 21:00:00+01:00,546.8825
2026-07-22 22:00:00+01:00,563.1535
2026-07-22 23:00:00+01:00,569.625
2026-07-23 00:00:00+01:00,613.317
2026-07-23 01:00:00+01:00,553.2005
2026-07-23 02:00:00+01:00,470.82
2026-07-23 03:00:00+01:00,399.4525
2026-07-23 04:00:00+01:00,337.5745
2026-07-23 05:00:00+01:00,282.2575
2026-07-23 06:00:00+01:00,234.929
2026-07-23 07:00:00+01:00,190.5825
2026-07-23 08:00:00+01:00,144.772
2026-07-23 09:00:00+01:00,109.6375
2026-07-23 10:00:00+01:00,85.1075
2026-07-23 11:00:00+01:00,69.4585
2026-07-23 12:00:00+01:00,65.192
2026-07-23 13:00:00+01:00,68.6845
2026-07-23 14:00:00+01:00,78.6865
2026-07-23 15:00:00+01:00,96.1075
2026-07-23 16:00:00+01:00,132.1005
2026-07-23 17:00:00+01:00,183.6435
2026-07-23 18:00:00+01:00,234.9415
2026-07-23 19:00:00+01:00,267.626
2026-07-23 20:00:00+01:00,282.145
2026-07-23 21:00:00+01:00,285.8795
2026-07-23 22:00:00+01:00,286.2245
2026-07-23 23:00:00+01:00,278.493
2026-07-24 00:00:00+01:00,433.9625
2026-07-24 01:00:00+01:00,371.0475
2026-07-24 02:00:00+01:00,325.0415
2026-07-24 03:00:00+01:00,301.121
2026-07-24 04:00:00+01:00,295.839
2026-07-24 05:00:00+01:00,304.612
2026-07-24 06:00:00+01:00,319.067
2026-07-24 07:00:00+01:00,313.133
2026-07-24 08:00:00+01:00,303.7495
2026-07-24 09:00:00+01:00,327.5445
2026-07-24 10:00:00+01:00,370.0915
2026-07-24 11:00:00+01:00,420.2805
2026-07-24 12:00:00+01:00,468.9075
2026-07-24 13:00:00+01:00,512.947
2026-07-24 14:00:00+01:00,580.934
2026-07-24 15:00:00+01:00,649.8615
2026-07-24 16:00:00+01:00,700.9465
2026-07-24 17:00:00+01:00,743.366
2026-07-24 18:00:00+01:00,794.7455
2026-07-24 19:00:00+01:00,814.3315
2026-07-24 20:00:00+01:00,796.1845
2026-07-24 21:00:00+01:00,764.6605
2026-07-24 22:00:00+01:00,760.887
2026-07-24 23:00:00+01:00,778.4915
2026-07-25 00:00:00+01:00,1012.559
2026-07-25 01:00:00+01:00,1099.868
2026-07-25 02:00:00+01:00,1211.008
2026-07-25 03:00:00+01:00,1332.3245
2026-07-25 04:00:00+01:00,1439.2305
2026-07-25 05:00:00+01:00,1540.4295
2026-07-25 06:00:00+01:00,1667.1215
2026-07-25 07:00:00+01:00,1819.821
2026-07-25 08:00:00+01:00,2010.4475
2026-07-25 09:00:00+01:00,2106.8845
2026-07-25 10:00:00+01:00,2094.7865
2026-07-25 11:00:00+01:00,2026.063
2026-07-25 12:00:00+01:00,1976.298
2026-07-25 13:00:00+01:00,1930.5985
2026-07-25 14:00:00+01:00,1918.128
2026-07-25 15:00:00+01:00,1919.0495
2026-07-25 16:00:00+01:00,1932.842
2026-07-25 17:00:00+01:00,1906.166
2026-07-25 18:00:00+01:00,1866.666
2026-07-25 19:00:00+01:00,1764.43
2026-07-25 20:00:00+01:00,1613.1215
2026-07-25 21:00:00+01:00,1457.6445
2026-07-25 22:00:00+01:00,1382.2755
2026-07-25 23:00:00+01:00,1411.8245
2026-07-26 00:00:00+01:00,1690.914
2026-07-26 01:00:00+01:00,1907.8665
2026-07-26 02:00:00+01:00,2087.8545
2026-07-26 03:00:00+01:00,2184.818
2026-07-26 04:00:00+01:00,2221.614
2026-07-26 05:00:00+01:00,2231.348
2026-07-26 06:00:00+01:00,2222.788
2026-07-26 07:00:00+01:00,2214.093
2026-07-26 08:00:00+01:00,2251.8275
2026-07-26 09:00:00+01:00,2307.264
2026-07-26 10:00:00+01:00,2408.168
2026-07-26 11:00:00+01:00,2547.135
2026-07-26 12:00:00+01:00,2706.1535
2026-07-26 13:00:00+01:00,2781.48
2026-07-26 14:00:00+01:00,2804.039
2026-07-26 15:00:00+01:00,2758.956
2026-07-26 16:00:00+01:00,2640.0965
2026-07-26 17:00:00+01:00,2473.652
2026-07-26 18:00:00+01:00,2274.1965
2026-07-26 19:00:00+01:00,2020.186
2026-07-26 20:00:00+01:00,1717.2985
2026-07-26 21:00:00+01:00,1399.7655
2026-07-26 22:00:00+01:00,1163.4625
2026-07-26 23:00:00+01:00,1026.931
2026-07-27 00:00:00+01:00,1209.7885
2026-07-27 01:00:00+01:00,1198.5905
2026-07-27 02:00:00+01:00,1202.924
2026-07-27 03:00:00+01:00,1232.5835
2026-07-27 04:00:00+01:00,1230.0475
2026-07-27 05:00:00+01:00,1231.3425
2026-07-27 06:00:00+01:00,1266.546
2026-07-27 07:00:00+01:00,1294.804
2026-07-27 08:00:00+01:00,1274.984
2026-07-27 09:00:00+01:00,1236.905
2026-07-27 10:00:00+01:00,1255.7035
2026-07-27 11:00:00+01:00,1288.5215
2026-07-27 12:00:00+01:00,1314.3325
2026-07-27 13:00:00+01:00,1312.56
2026-07-27 14:00:00+01:00,1314.593
2026-07-27 15:00:00+01:00,1265.5465
2026-07-27 16:00:00+01:00,1182.177
2026-07-27 17:00:00+01:00,1076.7415
2026-07-27 18:00:00+01:00,983.699
2026-07-27 19:00:00+01:00,898.0945
2026-07-27 20:00:00+01:00,843.9265
2026-07-27 21:00:00+01:00,837.9515
2026-07-27 22:00:00+01:00,884.3275
2026-07-27 23:00:00+01:00,937.604
2026-07-28 00:00:00+01:00,961.447
2026-07-28 01:00:00+01:00,1041.092
2026-07-28 02:00:00+01:00,1128.393
2026-07-28 03:00:00+01:00,1212.068
2026-07-28 04:00:00+01:00,1290.184
2026-07-28 05:00:00+01:00,1355.186
2026-07-28 06:00:00+01:00,1389.2245
2026-07-28 07:00:00+01:00,1384.6815
2026-07-28 08:00:00+01:00,1330.8095
2026-07-28 09:00:00+01:00,1267.8395
2026-07-28 10:00:00+01:00,1258.8705
2026-07-28 11:00:00+01:00,1280.1795
2026-07-28 12:00:00+01:00,1322.9215
2026-07-28 13:00:00+01:00,1392.175
2026-07-28 14:00:00+01:00,1475.3955
2026-07-28 15:00:00+01:00,1526.44
2026-07-28 16:00:00+01:00,1528.2125
2026-07-28 17:00:00+01:00,1508.807
2026-07-28 18:00:00+01:00,1480.9415
2026-07-28 19:00:00+01:00,1394.804
2026-07-28 20:00:00+01:00,1259.706
2026-07-28 21:00:00+01:00,1106.252
2026-07-28 22:00:00+01:00,999.449
2026-07-28 23:00:00+01:00,925.335
2026-07-29 00:00:00+01:00,844.0625
2026-07-29 01:00:00+01:00,802.728
2026-07-29 02:00:00+01:00,751.984
2026-07-29 03:00:00+01:00,687.9225
2026-07-29 04:00:00+01:00,617.977
2026-07-29 05:00:00+01:00,551.7255
2026-07-29 06:00:00+01:00,503.604
2026-07-29 07:00:00+01:00,461.1545
2026-07-29 08:00:00+01:00,424.0375
2026-07-29 09:00:00+01:00,405.788
2026-07-29 10:00:00+01:00,409.4805
2026-07-29 11:00:00+01:00,417.869
2026-07-29 12:00:00+01:00,439.2995
2026-07-29 13:00:00+01:00,474.989
2026-07-29 14:00:00+01:00,530.3305
2026-07-29 15:00:00+01:00,585.0125
2026-07-29 16:00:00+01:00,619.8785
2026-07-29 17:00:00+01:00,636.079
2026-07-29 18:00:00+01:00,633.9745
2026-07-29 19:00:00+01:00,604.178
2026-07-29 20:00:00+01:00,548.782
2026-07-29 21:00:00+01:00,486.8635
2026-07-29 22:00:00+01:00,442.867
2026-07-29 23:00:00+01:00,413.061
2026-07-30 00:00:00+01:00,718.03
2026-07-30 01:00:00+01:00,751.033
2026-07-30 02:00:00+01:00,789.5945
2026-07-30 03:00:00+01:00,837.5305
2026-07-30 04:00:00+01:00,904.687
2026-07-30 05:00:00+01:00,980.609
2026-07-30 06:00:00+01:00,1044.985
2026-07-30 07:00:00+01:00,1089.8455
2026-07-30 08:00:00+01:00,1133.3445
2026-07-30 09:00:00+01:00,1167.8965
2026-07-30 10:00:00+01:00,1133.677
2026-07-30 11:00:00+01:00,1066.2785
2026-07-30 12:00:00+01:00,990.13
2026-07-30 13:00:00+01:00,920.077
2026-07-30 14:00:00+01:00,878.172
2026-07-30 15:00:00+01:00,855.36
2026-07-30 16:00:00+01:00,836.9255
2026-07-30 17:00:00+01:00,815.0295
2026-07-30 18:00:00+01:00,813.6815
2026-07-30 19:00:00+01:00,820.5055
2026-07-30 20:00:00+01:00,797.8575
2026-07-30 21:00:00+01:00,734.6695
2026-07-30 22:00:00+01:00,697.723
2026-07-30 23:00:00+01:00,715.668
2026-08-01 00:00:00+01:00,493.3
2026-08-01 01:00:00+01:00,476.532
2026-08-01 02:00:00+01:00,461.219
2026-08-01 03:00:00+01:00,438.0615
2026-08-01 04:00:00+01:00,401.3585
2026-08-01 05:00:00+01:00,357.6895
2026-08-01 06:00:00+01:00,324.9235
2026-08-01 07:00:00+01:00,308.1925
2026-08-01 08:00:00+01:00,289.126
2026-08-01 09:00:00+01:00,277.4905
2026-08-01 10:00:00+01:00,266.645
2026-08-01 11:00:00+01:00,249.4875
2026-08-01 12:00:00+01:00,236.9155
2026-08-01 13:00:00+01:00,239.5335
2026-08-01 14:00:00+01:00,260.655
2026-08-01 15:00:00+01:00,290.0795
2026-08-01 16:00:00+01:00,317.2785
2026-08-01 17:00:00+01:00,324.692
2026-08-01 18:00:00+01:00,323.748
2026-08-01 19:00:00+01:00,313.6255
2026-08-01 20:00:00+01:00,295.111
2026-08-01 21:00:00+01:00,287.39
2026-08-01 22:00:00+01:00,307.2025
2026-08-01 23:00:00+01:00,314.976
2026-08-02 00:00:00+01:00,141.4965
2026-08-02 01:00:00+01:00,112.9535
2026-08-02 02:00:00+01:00,95.398
2026-08-02 03:00:00+01:00,88.3445
2026-08-02 04:00:00+01:00,88.782
2026-08-02 05:00:00+01:00,94.5565
2026-08-02 06:00:00+01:00,100.49
2026-08-02 07:00:00+01:00,103.4585
2026-08-02 08:00:00+01:00,101.1075
2026-08-02 09:00:00+01:00,93.343
2026-08-02 10:00:00+01:00,85.49
2026-08-02 11:00:00+01:00,80.6845
2026-08-02 12:00:00+01:00,82.43
2026-08-02 13:00:00+01:00,90.878
2026-08-02 14:00:00+01:00,99.6875
2026-08-02 15:00:00+01:00,105.81
2026-08-02 16:00:00+01:00,108.552
2026-08-02 17:00:00+01:00,111.5435
2026-08-02 18:00:00+01:00,116.5325
2026-08-02 19:00:00+01:00,126.666
2026-08-02 20:00:00+01:00,150.23
2026-08-02 21:00:00+01:00,177.741
2026-08-02 22:00:00+01:00,205.0345
2026-08-02 23:00:00+01:00,226.1255
2026-08-03 00:00:00+01:00,462.897
2026-08-03 01:00:00+01:00,494.922
2026-08-03 02:00:00+01:00,517.4685
2026-08-03 03:00:00+01:00,529.6295
2026-08-03 04:00:00+01:00,541.222
2026-08-03 05:00:00+01:00,542.765
2026-08-03 06:00:00+01:00,534.1305
2026-08-03 07:00:00+01:00,511.2805
2026-08-03 08:00:00+01:00,481.118
2026-08-03 09:00:00+01:00,438.648
2026-08-03 10:00:00+01:00,397.011
2026-08-03 11:00:00+01:00,362.405
2026-08-03 12:00:00+01:00,346.059
2026-08-03 13:00:00+01:00,333.234
2026-08-03 14:00:00+01:00,323.395
2026-08-03 15:00:00+01:00,320.959
2026-08-03 16:00:00+01:00,322.2485
2026-08-03 17:00:00+01:00,328.337
2026-08-03 18:00:00+01:00,341.2765
2026-08-03 19:00:00+01:00,356.2225
2026-08-03 20:00:00+01:00,383.6015
2026-08-03 21:00:00+01:00,416.913
2026-08-03 22:00:00+01:00,461.883
2026-08-03 23:00:00+01:00,502.598
2026-08-04 00:00:00+01:00,939.3245
2026-08-04 01:00:00+01:00,905.9485
2026-08-04 02:00:00+01:00,875.7735
2026-08-04 03:00:00+01:00,841.9655
2026-08-04 04:00:00+01:00,797.8565
2026-08-04 05:00:00+01:00,750.178
2026-08-04 06:00:00+01:00,717.469
2026-08-04 07:00:00+01:00,685.9375
2026-08-04 08:00:00+01:00,629.9715
2026-08-04 09:00:00+01:00,556.2435
2026-08-04 10:00:00+01:00,519.504
2026-08-04 11:00:00+01:00,509.702
2026-08-04 12:00:00+01:00,525.088
2026-08-04 13:00:00+01:00,563.148
2026-08-04 14:00:00+01:00,617.433
2026-08-04 15:00:00+01:00,662.341
2026-08-04 16:00:00+01:00,676.485
2026-08-04 17:00:00+01:00,676.23
2026-08-04 18:00:00+01:00,665.729
2026-08-04 19:00:00+01:00,631.152
2026-08-04 20:00:00+01:00,593.5615
2026-08-04 21:00:00+01:00,557.2855
2026-08-04 22:00:00+01:00,540.8585
2026-08-04 23:00:00+01:00,539.4
2026-08-05 00:00:00+01:00,1554.25
2026-08-05 01:00:00+01:00,1634.643
2026-08-05 02:00:00+01:00,1772.0235
2026-08-05 03:00:00+01:00,1936.498
2026-08-05 04:00:00+01:00,2114.6
2026-08-05 05:00:00+01:00,2269.406
2026-08-05 06:00:00+01:00,2406.8145
2026-08-05 07:00:00+01:00,2569.186
2026-08-05 08:00:00+01:00,2754.3475
2026-08-05 09:00:00+01:00,2937.1145
2026-08-05 10:00:00+01:00,3112.5585
2026-08-05 11:00:00+01:00,3234.4715
2026-08-05 12:00:00+01:00,3307.5645
2026-08-05 13:00:00+01:00,3340.7595
2026-08-05 14:00:00+01:00,3370.6265
2026-08-05 15:00:00+01:00,3372.347
2026-08-05 16:00:00+01:00,3330.982
2026-08-05 17:00:00+01:00,3196.5255
2026-08-05 18:00:00+01:00,3031.9285
2026-08-05 19:00:00+01:00,2859.2645
2026-08-05 20:00:00+01:00,2634.3995
2026-08-05 21:00:00+01:00,2360.023
2026-08-05 22:00:00+01:00,2126.595
2026-08-05 23:00:00+01:00,1905.16
2026-08-06 00:00:00+01:00,1034.972
2026-08-06 01:00:00+01:00,953.7505
2026-08-06 02:00:00+01:00,889.171
2026-08-06 03:00:00+01:00,806.2255
2026-08-06 04:00:00+01:00,720.4415
2026-08-06 05:00:00+01:00,660.7385
2026-08-06 06:00:00+01:00,607.7355
2026-08-06 07:00:00+01:00,540.634
2026-08-06 08:00:00+01:00,465.323
2026-08-06 09:00:00+01:00,430.947
2026-08-06 10:00:00+01:00,429.007
2026-08-06 11:00:00+01:00,433.662
2026-08-06 12:00:00+01:00,458.5225
2026-08-06 13:00:00+01:00,502.0695
2026-08-06 14:00:00+01:00,576.8855
2026-08-06 15:00:00+01:00,648.122
2026-08-06 16:00:00+01:00,690.4065
2026-08-06 17:00:00+01:00,694.728
2026-08-06 18:00:00+01:00,677.5165
2026-08-06 19:00:00+01:00,624.818
2026-08-06 20:00:00+01:00,526.4445
2026-08-06 21:00:00+01:00,423.498
2026-08-06 22:00:00+01:00,372.1275
2026-08-06 23:00:00+01:00,366.063
2026-08-07 00:00:00+01:00,443.599
2026-08-07 01:00:00+01:00,469.49
2026-08-07 02:00:00+01:00,505.971
2026-08-07 03:00:00+01:00,538.469
2026-08-07 04:00:00+01:00,549.967
2026-08-07 05:00:00+01:00,551.969
2026-08-07 06:00:00+01:00,563.3615
2026-08-07 07:00:00+01:00,579.688
2026-08-07 08:00:00+01:00,583.6055
2026-08-07 09:00:00+01:00,614.617
2026-08-07 10:00:00+01:00,718.805
2026-08-07 11:00:00+01:00,828.3865
2026-08-07 12:00:00+01:00,932.854
2026-08-07 13:00:00+01:00,1028.67
2026-08-07 14:00:00+01:00,1134.221
2026-08-07 15:00:00+01:00,1228.2685
2026-08-07 16:00:00+01:00,1302.176
2026-08-07 17:00:00+01:00,1338.3865
2026-08-07 18:00:00+01:00,1370.3105
2026-08-07 19:00:00+01:00,1377.1365
2026-08-07 20:00:00+01:00,1394.2405
2026-08-07 21:00:00+01:00,1468.815
2026-08-07 22:00:00+01:00,1658.093
2026-08-07 23:00:00+01:00,1912.7335
2026-08-08 00:00:00+01:00,701.227
2026-08-08 01:00:00+01:00,759.166
2026-08-08 02:00:00+01:00,843.9925
2026-08-08 03:00:00+01:00,967.26
2026-08-08 04:00:00+01:00,1114.716
2026-08-08 05:00:00+01:00,1278.627
2026-08-08 06:00:00+01:00,1447.955
2026-08-08 07:00:00+01:00,1586.391
2026-08-08 08:00:00+01:00,1673.2435
2026-08-08 09:00:00+01:00,1759.3745
2026-08-08 10:00:00+01:00,1864.6885
2026-08-08 11:00:00+01:00,1883.175
2026-08-08 12:00:00+01:00,1818.506
2026-08-08 13:00:00+01:00,1735.411
2026-08-08 14:00:00+01:00,1659.5995
2026-08-08 15:00:00+01:00,1545.861
2026-08-08 16:00:00+01:00,1396.7595
2026-08-08 17:00:00+01:00,1236.028
2026-08-08 18:00:00+01:00,1082.489
2026-08-08 19:00:00+01:00,916.232
2026-08-08 20:00:00+01:00,756.236
2026-08-08 21:00:00+01:00,616.5135
2026-08-08 22:00:00+01:00,530.6245
2026-08-08 23:00:00+01:00,486.9505
2026-08-09 00:00:00+01:00,623.466
2026-08-09 01:00:00+01:00,586.701
2026-08-09 02:00:00+01:00,565.97
2026-08-09 03:00:00+01:00,554.2025
2026-08-09 04:00:00+01:00,543.561
2026-08-09 05:00:00+01:00,538.025
2026-08-09 06:00:00+01:00,548.4405
2026-08-09 07:00:00+01:00,563.709
2026-08-09 08:00:00+01:00,560.049
2026-08-09 09:00:00+01:00,560.309
2026-08-09 10:00:00+01:00,598.9695
2026-08-09 11:00:00+01:00,643.563
2026-08-09 12:00:00+01:00,667.7035
2026-08-09 13:00:00+01:00,679.3725
2026-08-09 14:00:00+01:00,702.194
2026-08-09 15:00:00+01:00,716.1035
2026-08-09 16:00:00+01:00,703.5405
2026-08-09 17:00:00+01:00,672.36
2026-08-09 18:00:00+01:00,637.8685
2026-08-09 19:00:00+01:00,589.751
2026-08-09 20:00:00+01:00,518.09
2026-08-09 21:00:00+01:00,438.7025
2026-08-09 22:00:00+01:00,380.425
2026-08-09 23:00:00+01:00,339.3825
2026-08-10 00:00:00+01:00,291.3825
2026-08-10 01:00:00+01:00,251.849
2026-08-10 02:00:00+01:00,214.625
2026-08-10 03:00:00+01:00,181.4565
2026-08-10 04:00:00+01:00,154.1345
2026-08-10 05:00:00+01:00,127.8565
2026-08-10 06:00:00+01:00,103.869
2026-08-10 07:00:00+01:00,82.5455
2026-08-10 08:00:00+01:00,63.3575
2026-08-10 09:00:00+01:00,53.077
2026-08-10 10:00:00+01:00,44.42
2026-08-10 11:00:00+01:00,39.3025
2026-08-10 12:00:00+01:00,37.527
2026-08-10 13:00:00+01:00,36.714
2026-08-10 14:00:00+01:00,36.1025
2026-08-10 15:00:00+01:00,36.1065
2026-08-10 16:00:00+01:00,40.642
2026-08-10 17:00:00+01:00,51.3375
2026-08-10 18:00:00+01:00,69.4905
2026-08-10 19:00:00+01:00,91.103
2026-08-10 20:00:00+01:00,116.5865
2026-08-10 21:00:00+01:00,152.3935
2026-08-10 22:00:00+01:00,204.0635
2026-08-10 23:00:00+01:00,257.363
2026-08-11 00:00:00+01:00,490.651
2026-08-11 01:00:00+01:00,581.097
2026-08-11 02:00:00+01:00,663.2005
2026-08-11 03:00:00+01:00,703.1155
2026-08-11 04:00:00+01:00,696.333
2026-08-11 05:00:00+01:00,671.7895
2026-08-11 06:00:00+01:00,658.2575
2026-08-11 07:00:00+01:00,641.7865
2026-08-11 08:00:00+01:00,592.8165
2026-08-11 09:00:00+01:00,570.9975
2026-08-11 10:00:00+01:00,607.315
2026-08-11 11:00:00+01:00,639.3155
2026-08-11 12:00:00+01:00,678.8765
2026-08-11 13:00:00+01:00,734.487
2026-08-11 14:00:00+01:00,784.9915
2026-08-11 15:00:00+01:00,819.496
2026-08-11 16:00:00+01:00,839.948
2026-08-11 17:00:00+01:00,856.7435
2026-08-11 18:00:00+01:00,868.525
2026-08-11 19:00:00+01:00,838.222
2026-08-11 20:00:00+01:00,776.929
2026-08-11 21:00:00+01:00,714.829
2026-08-11 22:00:00+01:00,704.569
2026-08-11 23:00:00+01:00,726.0285
2026-08-12 00:00:00+01:00,842.7395
2026-08-12 01:00:00+01:00,847.414
2026-08-12 02:00:00+01:00,840.9075
2026-08-12 03:00:00+01:00,833.685
2026-08-12 04:00:00+01:00,813.11
2026-08-12 05:00:00+01:00,791.089
2026-08-12 06:00:00+01:00,776.0125
2026-08-12 07:00:00+01:00,744.22
2026-08-12 08:00:00+01:00,687.965
2026-08-12 09:00:00+01:00,624.8345
2026-08-12 10:00:00+01:00,606.54
2026-08-12 11:00:00+01:00,602.2435
2026-08-12 12:00:00+01:00,593.282
2026-08-12 13:00:00+01:00,579.2745
2026-08-12 14:00:00+01:00,559.9925
2026-08-12 15:00:00+01:00,526.846
2026-08-12 16:00:00+01:00,473.4265
2026-08-12 17:00:00+01:00,426.8795
2026-08-12 18:00:00+01:00,387.283
2026-08-12 19:00:00+01:00,337.126
2026-08-12 20:00:00+01:00,290.0
2026-08-12 21:00:00+01:00,258.7015
2026-08-12 22:00:00+01:00,242.172
2026-08-12 23:00:00+01:00,226.9655
2026-08-13 00:00:00+01:00,148.2095
2026-08-13 01:00:00+01:00,145.3455
2026-08-13 02:00:00+01:00,145.37
2026-08-13 03:00:00+01:00,141.3415
2026-08-13 04:00:00+01:00,133.23
2026-08-13 05:00:00+01:00,126.036
2026-08-13 06:00:00+01:00,121.909
2026-08-13 07:00:00+01:00,123.826
2026-08-13 08:00:00+01:00,130.769
2026-08-13 09:00:00+01:00,139.855
2026-08-13 10:00:00+01:00,155.6265
2026-08-13 11:00:00+01:00,178.678
2026-08-13 12:00:00+01:00,212.5355
2026-08-13 13:00:00+01:00,258.062
2026-08-13 14:00:00+01:00,314.62
2026-08-13 15:00:00+01:00,368.7365
2026-08-13 16:00:00+01:00,442.2715
2026-08-13 17:00:00+01:00,465.605
2026-08-13 18:00:00+01:00,487.3985
2026-08-13 19:00:00+01:00,483.6885
2026-08-13 20:00:00+01:00,450.3265
2026-08-13 21:00:00+01:00,412.58
2026-08-13 22:00:00+01:00,393.95
2026-08-13 23:00:00+01:00,387.3095
2026-08-14 00:00:00+01:00,532.146
2026-08-14 01:00:00+01:00,551.0545
2026-08-14 02:00:00+01:00,542.2705
2026-08-14 03:00:00+01:00,523.725
2026-08-14 04:00:00+01:00,494.228
2026-08-14 05:00:00+01:00,452.874
2026-08-14 06:00:00+01:00,412.961
2026-08-14 07:00:00+01:00,393.5235
2026-08-14 08:00:00+01:00,397.9445
2026-08-14 09:00:00+01:00,412.1295
2026-08-14 10:00:00+01:00,439.5025
2026-08-14 11:00:00+01:00,468.307
2026-08-14 12:00:00+01:00,509.3455
2026-08-14 13:00:00+01:00,546.247
2026-08-14 14:00:00+01:00,594.193
2026-08-14 15:00:00+01:00,644.084
2026-08-14 16:00:00+01:00,685.7635
2026-08-14 17:00:00+01:00,693.6745
2026-08-14 18:00:00+01:00,701.923
2026-08-14 19:00:00+01:00,722.2125
2026-08-14 20:00:00+01:00,726.483
2026-08-14 21:00:00+01:00,697.2915
2026-08-14 22:00:00+01:00,663.102
2026-08-14 23:00:00+01:00,628.9655
2026-08-15 00:00:00+01:00,666.2885
2026-08-15 01:00:00+01:00,608.586
2026-08-15 02:00:00+01:00,539.547
2026-08-15 03:00:00+01:00,489.3385
2026-08-15 04:00:00+01:00,469.758
2026-08-15 05:00:00+01:00,474.1055
2026-08-15 06:00:00+01:00,479.7365
2026-08-15 07:00:00+01:00,465.0075
2026-08-15 08:00:00+01:00,438.86
2026-08-15 09:00:00+01:00,406.424
2026-08-15 10:00:00+01:00,362.636
2026-08-15 11:00:00+01:00,329.1655
2026-08-15 12:00:00+01:00,319.2025
2026-08-15 13:00:00+01:00,331.7715
2026-08-15 14:00:00+01:00,379.6085
2026-08-15 15:00:00+01:00,445.0195
2026-08-15 16:00:00+01:00,504.361
2026-08-15 17:00:00+01:00,539.8725
2026-08-15 18:00:00+01:00,567.162
2026-08-15 19:00:00+01:00,570.4835
2026-08-15 20:00:00+01:00,529.222
2026-08-15 21:00:00+01:00,447.694
2026-08-15 22:00:00+01:00,369.2135
2026-08-15 23:00:00+01:00,295.3285
2026-08-16 00:00:00+01:00,176.1655
2026-08-16 01:00:00+01:00,127.6465
2026-08-16 02:00:00+01:00,104.9325
2026-08-16 03:00:00+01:00,107.8195
2026-08-16 04:00:00+01:00,130.687
2026-08-16 05:00:00+01:00,172.7395
2026-08-16 06:00:00+01:00,234.2835
2026-08-16 07:00:00+01:00,318.168
2026-08-16 08:00:00+01:00,415.9985
2026-08-16 09:00:00+01:00,524.0835
2026-08-16 10:00:00+01:00,671.3415
2026-08-16 11:00:00+01:00,824.7685
2026-08-16 12:00:00+01:00,930.006
2026-08-16 13:00:00+01:00,986.9275
2026-08-16 14:00:00+01:00,1024.1035
2026-08-16 15:00:00+01:00,1027.607
2026-08-16 16:00:00+01:00,992.272
2026-08-16 17:00:00+01:00,946.226
2026-08-16 18:00:00+01:00,916.008
2026-08-16 19:00:00+01:00,871.7905
2026-08-16 20:00:00+01:00,809.744
2026-08-16 21:00:00+01:00,759.2535
2026-08-16 22:00:00+01:00,730.02
2026-08-16 23:00:00+01:00,693.418
2026-08-17 00:00:00+01:00,700.0785
2026-08-17 01:00:00+01:00,635.187
2026-08-17 02:00:00+01:00,597.679
2026-08-17 03:00:00+01:00,581.5635
2026-08-17 04:00:00+01:00,559.9975
2026-08-17 05:00:00+01:00,536.777
2026-08-17 06:00:00+01:00,517.305
2026-08-17 07:00:00+01:00,486.4535
2026-08-17 08:00:00+01:00,442.9345
2026-08-17 09:00:00+01:00,417.6085
2026-08-17 10:00:00+01:00,419.4705
2026-08-17 11:00:00+01:00,426.4875
2026-08-17 12:00:00+01:00,440.4835
2026-08-17 13:00:00+01:00,461.2715
2026-08-17 14:00:00+01:00,512.5595
2026-08-17 15:00:00+01:00,590.9035
2026-08-17 16:00:00+01:00,685.428
2026-08-17 17:00:00+01:00,788.4105
2026-08-17 18:00:00+01:00,920.1925
2026-08-17 19:00:00+01:00,1074.122
2026-08-17 20:00:00+01:00,1197.4775
2026-08-17 21:00:00+01:00,1295.459
2026-08-17 22:00:00+01:00,1431.7385
2026-08-17 23:00:00+01:00,1561.13
2026-08-18 00:00:00+01:00,1437.2915
2026-08-18 01:00:00+01:00,1368.422
2026-08-18 02:00:00+01:00,1271.916
2026-08-18 03:00:00+01:00,1160.0295
2026-08-18 04:00:00+01:00,1043.2045
2026-08-18 05:00:00+01:00,932.8275
2026-08-18 06:00:00+01:00,845.2015
2026-08-18 07:00:00+01:00,771.4385
2026-08-18 08:00:00+01:00,733.04
2026-08-18 09:00:00+01:00,727.6485
2026-08-18 10:00:00+01:00,758.655
2026-08-18 11:00:00+01:00,813.343
2026-08-18 12:00:00+01:00,901.408
2026-08-18 13:00:00+01:00,1006.706
2026-08-18 14:00:00+01:00,1118.407
2026-08-18 15:00:00+01:00,1205.7195
2026-08-18 16:00:00+01:00,1275.1145
2026-08-18 17:00:00+01:00,1320.668
2026-08-18 18:00:00+01:00,1363.944
2026-08-18 19:00:00+01:00,1388.2655
2026-08-18 20:00:00+01:00,1381.8485
2026-08-18 21:00:00+01:00,1360.323
2026-08-18 22:00:00+01:00,1385.8925
2026-08-18 23:00:00+01:00,1444.139
2026-08-19 00:00:00+01:00,1539.4425
2026-08-19 01:00:00+01:00,1588.3025
2026-08-19 02:00:00+01:00,1670.7995
2026-08-19 03:00:00+01:00,1757.8
2026-08-19 04:00:00+01:00,1837.9245
2026-08-19 05:00:00+01:00,1880.184
2026-08-19 06:00:00+01:00,1922.903
2026-08-19 07:00:00+01:00,1967.4295
2026-08-19 08:00:00+01:00,2035.4575
2026-08-19 09:00:00+01:00,2108.6805
2026-08-19 10:00:00+01:00,2192.933
2026-08-19 11:00:00+01:00,2265.0835
2026-08-19 12:00:00+01:00,2288.9035
2026-08-19 13:00:00+01:00,2267.7145
2026-08-19 14:00:00+01:00,2226.2545
2026-08-19 15:00:00+01:00,2154.8085
2026-08-19 16:00:00+01:00,2055.2965
2026-08-19 17:00:00+01:00,1928.995
2026-08-19 18:00:00+01:00,1787.135
2026-08-19 19:00:00+01:00,1599.005
2026-08-19 20:00:00+01:00,1392.4105
2026-08-19 21:00:00+01:00,1206.4585
2026-08-19 22:00:00+01:00,1105.386
2026-08-19 23:00:00+01:00,1041.8545
2026-08-20 00:00:00+01:00,971.342
2026-08-20 01:00:00+01:00,979.8675
2026-08-20 02:00:00+01:00,1015.657
2026-08-20 03:00:00+01:00,1084.3755
2026-08-20 04:00:00+01:00,1162.908
2026-08-20 05:00:00+01:00,1234.697
2026-08-20 06:00:00+01:00,1316.7265
2026-08-20 07:00:00+01:00,1414.185
2026-08-20 08:00:00+01:00,1515.709
2026-08-20 09:00:00+01:00,1563.526
2026-08-20 10:00:00+01:00,1577.644
2026-08-20 11:00:00+01:00,1566.9345
2026-08-20 12:00:00+01:00,1547.6315
2026-08-20 13:00:00+01:00,1506.4485
2026-08-20 14:00:00+01:00,1490.3365
2026-08-20 15:00:00+01:00,1500.2135
2026-08-20 16:00:00+01:00,1525.1615
2026-08-20 17:00:00+01:00,1501.97
2026-08-20 18:00:00+01:00,1438.796
2026-08-20 19:00:00+01:00,1351.7885
2026-08-20 20:00:00+01:00,1232.879
2026-08-20 21:00:00+01:00,1096.84
2026-08-20 22:00:00+01:00,1030.011
2026-08-20 23:00:00+01:00,997.7045
2026-08-21 00:00:00+01:00,976.457
2026-08-21 01:00:00+01:00,910.7495
2026-08-21 02:00:00+01:00,859.953
2026-08-21 03:00:00+01:00,821.889
2026-08-21 04:00:00+01:00,808.2655
2026-08-21 05:00:00+01:00,789.3055
2026-08-21 06:00:00+01:00,757.772
2026-08-21 07:00:00+01:00,705.0775
2026-08-21 08:00:00+01:00,647.4365
2026-08-21 09:00:00+01:00,633.8725
2026-08-21 10:00:00+01:00,674.5715
2026-08-21 11:00:00+01:00,711.098
2026-08-21 12:00:00+01:00,773.525
2026-08-21 13:00:00+01:00,844.1335
2026-08-21 14:00:00+01:00,921.0965
2026-08-21 15:00:00+01:00,986.5295
2026-08-21 16:00:00+01:00,1043.247
2026-08-21 17:00:00+01:00,1165.841
2026-08-21 18:00:00+01:00,1167.008
2026-08-21 19:00:00+01:00,1132.925
2026-08-21 20:00:00+01:00,1062.384
2026-08-21 21:00:00+01:00,954.605
2026-08-21 22:00:00+01:00,866.0785
2026-08-21 23:00:00+01:00,767.928
2026-08-22 00:00:00+01:00,694.424
2026-08-22 01:00:00+01:00,623.1375
2026-08-22 02:00:00+01:00,561.949
2026-08-22 03:00:00+01:00,522.843
2026-08-22 04:00:00+01:00,497.091
2026-08-22 05:00:00+01:00,460.162
2026-08-22 06:00:00+01:00,411.8565
2026-08-22 07:00:00+01:00,361.671
2026-08-22 08:00:00+01:00,308.0275
2026-08-22 09:00:00+01:00,250.513
2026-08-22 10:00:00+01:00,243.8145
2026-08-22 11:00:00+01:00,239.6395
2026-08-22 12:00:00+01:00,244.189
2026-08-22 13:00:00+01:00,262.8855
2026-08-22 14:00:00+01:00,303.231
2026-08-22 15:00:00+01:00,356.091
2026-08-22 16:00:00+01:00,403.5255
2026-08-22 17:00:00+01:00,422.1665
2026-08-22 18:00:00+01:00,421.949
2026-08-22 19:00:00+01:00,412.5605
2026-08-22 20:00:00+01:00,399.635
2026-08-22 21:00:00+01:00,384.11
2026-08-22 22:00:00+01:00,375.9725
2026-08-22 23:00:00+01:00,351.389
2026-08-23 00:00:00+01:00,338.218
2026-08-23 01:00:00+01:00,294.9415
2026-08-23 02:00:00+01:00,245.936
2026-08-23 03:00:00+01:00,197.7205
2026-08-23 04:00:00+01:00,158.463
2026-08-23 05:00:00+01:00,127.7315
2026-08-23 06:00:00+01:00,105.5555
2026-08-23 07:00:00+01:00,88.765
2026-08-23 08:00:00+01:00,76.3515
2026-08-23 09:00:00+01:00,60.7285
2026-08-23 10:00:00+01:00,43.1785
2026-08-23 11:00:00+01:00,32.932
2026-08-23 12:00:00+01:00,28.2675
2026-08-23 13:00:00+01:00,27.46
2026-08-23 14:00:00+01:00,30.186
2026-08-23 15:00:00+01:00,36.028
2026-08-23 16:00:00+01:00,42.449
2026-08-23 17:00:00+01:00,49.6065
2026-08-23 18:00:00+01:00,58.8095
2026-08-23 19:00:00+01:00,67.391
2026-08-23 20:00:00+01:00,78.577
2026-08-23 21:00:00+01:00,95.1445
2026-08-23 22:00:00+01:00,119.964
2026-08-23 23:00:00+01:00,142.97
2026-08-24 00:00:00+01:00,288.1015
2026-08-24 01:00:00+01:00,311.966
2026-08-24 02:00:00+01:00,341.749
2026-08-24 03:00:00+01:00,361.329
2026-08-24 04:00:00+01:00,375.224
2026-08-24 05:00:00+01:00,376.741
2026-08-24 06:00:00+01:00,382.363
2026-08-24 07:00:00+01:00,401.717
2026-08-24 08:00:00+01:00,384.759
2026-08-24 09:00:00+01:00,333.7555
2026-08-24 10:00:00+01:00,298.113
2026-08-24 11:00:00+01:00,308.8215
2026-08-24 12:00:00+01:00,351.437
2026-08-24 13:00:00+01:00,418.4405
2026-08-24 14:00:00+01:00,475.5925
2026-08-24 15:00:00+01:00,504.4925
2026-08-24 16:00:00+01:00,505.318
2026-08-24 17:00:00+01:00,498.221
2026-08-24 18:00:00+01:00,483.9485
2026-08-24 19:00:00+01:00,455.687
2026-08-24 20:00:00+01:00,440.8515
2026-08-24 21:00:00+01:00,446.6925
2026-08-24 22:00:00+01:00,489.6015
2026-08-24 23:00:00+01:00,548.825
2026-08-25 00:00:00+01:00,535.0455
2026-08-25 01:00:00+01:00,554.698
2026-08-25 02:00:00+01:00,579.8205
2026-08-25 03:00:00+01:00,593.479
2026-08-25 04:00:00+01:00,609.839
2026-08-25 05:00:00+01:00,622.122
2026-08-25 06:00:00+01:00,630.512
2026-08-25 07:00:00+01:00,644.4365
2026-08-25 08:00:00+01:00,661.203
2026-08-25 09:00:00+01:00,647.9505
2026-08-25 10:00:00+01:00,646.249
2026-08-25 11:00:00+01:00,654.5005
2026-08-25 12:00:00+01:00,667.9145
2026-08-25 13:00:00+01:00,672.3395
2026-08-25 14:00:00+01:00,654.5365
2026-08-25 15:00:00+01:00,630.266
2026-08-25 16:00:00+01:00,611.0175
2026-08-25 17:00:00+01:00,592.312
2026-08-25 18:00:00+01:00,568.5815
2026-08-25 19:00:00+01:00,534.455
2026-08-25 20:00:00+01:00,515.9725
2026-08-25 21:00:00+01:00,523.8765
2026-08-25 22:00:00+01:00,541.136
2026-08-25 23:00:00+01:00,550.7245
2026-08-26 00:00:00+01:00,785.8025
2026-08-26 01:00:00+01:00,823.7405
2026-08-26 02:00:00+01:00,805.7625
2026-08-26 03:00:00+01:00,752.247
2026-08-26 04:00:00+01:00,690.523
2026-08-26 05:00:00+01:00,621.2145
2026-08-26 06:00:00+01:00,553.001
2026-08-26 07:00:00+01:00,487.992
2026-08-26 08:00:00+01:00,439.4955
2026-08-26 09:00:00+01:00,381.844
2026-08-26 10:00:00+01:00,344.328
2026-08-26 11:00:00+01:00,317.374
2026-08-26 12:00:00+01:00,300.8875
2026-08-26 13:00:00+01:00,291.767
2026-08-26 14:00:00+01:00,290.1535
2026-08-26 15:00:00+01:00,292.222
2026-08-26 16:00:00+01:00,290.423
2026-08-26 17:00:00+01:00,280.3225
2026-08-26 18:00:00+01:00,268.3435
2026-08-26 19:00:00+01:00,258.9655
2026-08-26 20:00:00+01:00,262.352
2026-08-26 21:00:00+01:00,269.744
2026-08-26 22:00:00+01:00,275.22
2026-08-26 23:00:00+01:00,264.5585
2026-08-27 00:00:00+01:00,169.2635
2026-08-27 01:00:00+01:00,149.12
2026-08-27 02:00:00+01:00,135.036
2026-08-27 03:00:00+01:00,129.8355
2026-08-27 04:00:00+01:00,136.247
2026-08-27 05:00:00+01:00,154.0535
2026-08-27 06:00:00+01:00,183.042
2026-08-27 07:00:00+01:00,228.455
2026-08-27 08:00:00+01:00,281.386
2026-08-27 09:00:00+01:00,295.012
2026-08-27 10:00:00+01:00,301.4545
2026-08-27 11:00:00+01:00,333.7785
2026-08-27 12:00:00+01:00,374.09
2026-08-27 13:00:00+01:00,414.1255
2026-08-27 14:00:00+01:00,452.494
2026-08-27 15:00:00+01:00,493.3555
2026-08-27 16:00:00+01:00,557.906
2026-08-27 17:00:00+01:00,610.7785
2026-08-27 18:00:00+01:00,662.743
2026-08-27 19:00:00+01:00,709.2985
2026-08-27 20:00:00+01:00,753.5315
2026-08-27 21:00:00+01:00,785.1985
2026-08-27 22:00:00+01:00,807.815
2026-08-27 23:00:00+01:00,813.133
2026-08-28 00:00:00+01:00,248.3325
2026-08-28 01:00:00+01:00,256.9545
2026-08-28 02:00:00+01:00,275.8965
2026-08-28 03:00:00+01:00,304.511
2026-08-28 04:00:00+01:00,336.3925
2026-08-28 05:00:00+01:00,367.1235
2026-08-28 06:00:00+01:00,393.2575
2026-08-28 07:00:00+01:00,415.633
2026-08-28 08:00:00+01:00,427.89
2026-08-28 09:00:00+01:00,411.92
2026-08-28 10:00:00+01:00,410.07
2026-08-28 11:00:00+01:00,419.834
2026-08-28 12:00:00+01:00,440.1875
2026-08-28 13:00:00+01:00,465.938
2026-08-28 14:00:00+01:00,506.947
2026-08-28 15:00:00+01:00,565.232
2026-08-28 16:00:00+01:00,623.4825
2026-08-28 17:00:00+01:00,624.666
2026-08-28 18:00:00+01:00,593.457
2026-08-28 19:00:00+01:00,530.46
2026-08-28 20:00:00+01:00,452.1535
2026-08-28 21:00:00+01:00,387.4715
2026-08-28 22:00:00+01:00,342.3215
2026-08-28 23:00:00+01:00,303.485
2026-08-29 00:00:00+01:00,214.2615
2026-08-29 01:00:00+01:00,208.6665
2026-08-29 02:00:00+01:00,219.8645
2026-08-29 03:00:00+01:00,224.9505
2026-08-29 04:00:00+01:00,222.742
2026-08-29 05:00:00+01:00,224.183
2026-08-29 06:00:00+01:00,248.2575
2026-08-29 07:00:00+01:00,293.776
2026-08-29 08:00:00+01:00,331.255
2026-08-29 09:00:00+01:00,337.1655
2026-08-29 10:00:00+01:00,321.484
2026-08-29 11:00:00+01:00,338.599
2026-08-29 12:00:00+01:00,386.2
2026-08-29 13:00:00+01:00,458.7655
2026-08-29 14:00:00+01:00,559.6155
2026-08-29 15:00:00+01:00,654.824
2026-08-29 16:00:00+01:00,711.254
2026-08-29 17:00:00+01:00,701.6755
2026-08-29 18:00:00+01:00,642.1265
2026-08-29 19:00:00+01:00,548.357
2026-08-29 20:00:00+01:00,456.248
2026-08-29 21:00:00+01:00,397.8
2026-08-29 22:00:00+01:00,377.4985
2026-08-29 23:00:00+01:00,373.969
2026-08-30 00:00:00+01:00,277.138
2026-08-30 01:00:00+01:00,347.7695
2026-08-30 02:00:00+01:00,435.454
2026-08-30 03:00:00+01:00,512.0455
2026-08-30 04:00:00+01:00,603.006
2026-08-30 05:00:00+01:00,718.018
2026-08-30 06:00:00+01:00,833.253
2026-08-30 07:00:00+01:00,894.5765
2026-08-30 08:00:00+01:00,944.7695
2026-08-30 09:00:00+01:00,971.4325
2026-08-30 10:00:00+01:00,1002.247
2026-08-30 11:00:00+01:00,1004.65
2026-08-30 12:00:00+01:00,993.3645
2026-08-30 13:00:00+01:00,968.605
2026-08-30 14:00:00+01:00,907.3575
2026-08-30 15:00:00+01:00,830.1895
2026-08-30 16:00:00+01:00,771.0135
2026-08-30 17:00:00+01:00,753.408
2026-08-30 18:00:00+01:00,775.967
2026-08-30 19:00:00+01:00,804.4425
2026-08-30 20:00:00+01:00,820.4665
2026-08-30 21:00:00+01:00,862.429
2026-08-30 22:00:00+01:00,965.7125
2026-08-30 23:00:00+01:00,1130.386
2026-08-31 00:00:00+01:00,2014.8685
2026-08-31 01:00:00+01:00,2100.835
2026-08-31 02:00:00+01:00,2155.19
2026-08-31 03:00:00+01:00,2158.1115
2026-08-31 04:00:00+01:00,2110.3745
2026-08-31 05:00:00+01:00,1965.331
2026-08-31 06:00:00+01:00,1789.9065
2026-08-31 07:00:00+01:00,1614.068
2026-08-31 08:00:00+01:00,1434.6095
2026-08-31 09:00:00+01:00,1277.814
2026-08-31 10:00:00+01:00,1185.8925
2026-08-31 11:00:00+01:00,1075.516
2026-08-31 12:00:00+01:00,977.9475
2026-08-31 13:00:00+01:00,929.047
2026-08-31 14:00:00+01:00,950.937
2026-08-31 15:00:00+01:00,988.9585
2026-08-31 16:00:00+01:00,1002.6985
2026-08-31 17:00:00+01:00,983.8245
2026-08-31 18:00:00+01:00,976.7005
2026-08-31 19:00:00+01:00,985.0745
2026-08-31 20:00:00+01:00,1000.187
2026-08-31 21:00:00+01:00,1044.1215
2026-08-31 22:00:00+01:00,1161.261
