DateTime,Actual Load [actual-entsoe]
2024-12-31 23:00:00+00:00,3554.61
2024-12-31 23:30:00+00:00,3612.39
2025-01-01 00:00:00+00:00,3535.62
2025-01-01 00:30:00+00:00,3470.63
2025-01-01 01:00:00+00:00,3437.2
2025-01-01 01:30:00+00:00,3354.84
2025-01-01 02:00:00+00:00,3291.99
2025-01-01 02:30:00+00:00,3274.21
2025-01-01 03:00:00+00:00,3200.29
2025-01-01 03:30:00+00:00,3155.06
2025-01-01 04:00:00+00:00,3076.6
2025-01-01 04:30:00+00:00,3042.16
2025-01-01 05:00:00+00:00,2995.79
2025-01-01 05:30:00+00:00,2978.66
2025-01-01 06:00:00+00:00,3005.73
2025-01-01 06:30:00+00:00,3053.09
2025-01-01 07:00:00+00:00,3113.02
2025-01-01 07:30:00+00:00,3182.88
2025-01-01 08:00:00+00:00,3186.88
2025-01-01 08:30:00+00:00,3242.49
2025-01-01 09:00:00+00:00,3308.13
2025-01-01 09:30:00+00:00,3393.1
2025-01-01 10:00:00+00:00,3544.09
2025-01-01 10:30:00+00:00,3669.73
2025-01-01 11:00:00+00:00,3780.26
2025-01-01 11:30:00+00:00,3852.17
2025-01-01 12:00:00+00:00,3918.34
2025-01-01 12:30:00+00:00,3937.79
2025-01-01 13:00:00+00:00,3996.85
2025-01-01 13:30:00+00:00,4010.03
2025-01-01 14:00:00+00:00,4019.29
2025-01-01 14:30:00+00:00,3991.89
2025-01-01 15:00:00+00:00,4033.54
2025-01-01 15:30:00+00:00,4055.71
2025-01-01 16:00:00+00:00,4122.33
2025-01-01 16:30:00+00:00,4252.04
2025-01-01 17:00:00+00:00,4468.46
2025-01-01 17:30:00+00:00,4560.23
2025-01-01 18:00:00+00:00,4548.01
2025-01-01 18:30:00+00:00,4480.47
2025-01-01 19:00:00+00:00,4399.57
2025-01-01 19:30:00+00:00,4359.32
2025-01-01 20:00:00+00:00,4276.66
2025-01-01 20:30:00+00:00,4192.95
2025-01-01 21:00:00+00:00,4136.21
2025-01-01 21:30:00+00:00,4030.85
2025-01-01 22:00:00+00:00,3917.1
2025-01-01 22:30:00+00:00,3807.5
2025-01-01 23:00:00+00:00,3700.49
2025-01-01 23:30:00+00:00,3737.37
2025-01-02 00:00:00+00:00,3614.73
2025-01-02 00:30:00+00:00,3534.96
2025-01-02 01:00:00+00:00,3439.23
2025-01-02 01:30:00+00:00,3365.06
2025-01-02 02:00:00+00:00,3352.29
2025-01-02 02:30:00+00:00,3355.03
2025-01-02 03:00:00+00:00,3323.23
2025-01-02 03:30:00+00:00,3299.68
2025-01-02 04:00:00+00:00,3296.62
2025-01-02 04:30:00+00:00,3270.38
2025-01-02 05:00:00+00:00,3281.81
2025-01-02 05:30:00+00:00,3335.17
2025-01-02 06:00:00+00:00,3444.02
2025-01-02 06:30:00+00:00,3597.12
2025-01-02 07:00:00+00:00,3793.26
2025-01-02 07:30:00+00:00,4009.17
2025-01-02 08:00:00+00:00,4168.99
2025-01-02 08:30:00+00:00,4323.0
2025-01-02 09:00:00+00:00,4512.59
2025-01-02 09:30:00+00:00,4643.04
2025-01-02 10:00:00+00:00,4694.38
2025-01-02 10:30:00+00:00,4721.62
2025-01-02 11:00:00+00:00,4725.77
2025-01-02 11:30:00+00:00,4710.08
2025-01-02 12:00:00+00:00,4702.85
2025-01-02 12:30:00+00:00,4703.56
2025-01-02 14:00:00+00:00,4679.77
2025-01-02 14:30:00+00:00,4690.2
2025-01-02 15:00:00+00:00,4711.36
2025-01-02 15:30:00+00:00,4778.86
2025-01-02 16:00:00+00:00,4864.77
2025-01-02 16:30:00+00:00,5013.53
2025-01-02 17:00:00+00:00,5243.86
2025-01-02 17:30:00+00:00,5385.59
2025-01-02 18:00:00+00:00,5393.84
2025-01-02 18:30:00+00:00,5306.94
2025-01-02 19:00:00+00:00,5227.1
2025-01-02 19:30:00+00:00,5134.35
2025-01-02 20:00:00+00:00,5004.49
2025-01-02 20:30:00+00:00,4922.34
2025-01-02 21:00:00+00:00,4804.44
2025-01-02 21:30:00+00:00,4675.95
2025-01-02 22:00:00+00:00,4536.49
2025-01-02 22:30:00+00:00,4386.64
2025-01-02 23:00:00+00:00,4252.31
2025-01-02 23:30:00+00:00,4236.75
2025-01-03 00:00:00+00:00,4105.23
2025-01-03 00:30:00+00:00,3987.1
2025-01-03 01:00:00+00:00,3889.97
2025-01-03 01:30:00+00:00,3829.31
2025-01-03 02:00:00+00:00,3737.94
2025-01-03 02:30:00+00:00,3779.08
2025-01-03 03:00:00+00:00,3700.77
2025-01-03 03:30:00+00:00,3663.66
2025-01-03 04:00:00+00:00,3633.88
2025-01-03 04:30:00+00:00,3602.41
2025-01-03 05:00:00+00:00,3597.23
2025-01-03 05:30:00+00:00,3640.04
2025-01-03 06:00:00+00:00,3733.9
2025-01-03 06:30:00+00:00,3878.21
2025-01-03 07:00:00+00:00,4034.34
2025-01-03 07:30:00+00:00,4257.59
2025-01-03 08:00:00+00:00,4390.12
2025-01-03 08:30:00+00:00,4561.56
2025-01-03 09:00:00+00:00,4709.86
2025-01-03 09:30:00+00:00,4859.81
2025-01-03 10:00:00+00:00,4924.16
2025-01-03 10:30:00+00:00,4920.72
2025-01-03 11:00:00+00:00,4932.99
2025-01-03 11:30:00+00:00,4894.75
2025-01-03 12:00:00+00:00,4864.38
2025-01-03 12:30:00+00:00,4893.1
2025-01-03 13:00:00+00:00,4877.51
2025-01-03 13:30:00+00:00,4839.43
2025-01-03 14:00:00+00:00,4818.19
2025-01-03 14:30:00+00:00,4826.98
2025-01-03 15:00:00+00:00,4849.7
2025-01-03 15:30:00+00:00,4904.36
2025-01-03 16:00:00+00:00,4971.63
2025-01-03 16:30:00+00:00,5116.34
2025-01-03 17:00:00+00:00,5359.39
2025-01-03 17:30:00+00:00,5449.02
2025-01-03 18:00:00+00:00,5428.65
2025-01-03 18:30:00+00:00,5351.53
2025-01-03 19:00:00+00:00,5262.47
2025-01-03 19:30:00+00:00,5166.78
2025-01-03 20:00:00+00:00,5051.9
2025-01-03 20:30:00+00:00,4933.25
2025-01-03 21:00:00+00:00,4822.34
2025-01-03 21:30:00+00:00,4658.74
2025-01-03 22:00:00+00:00,4505.2
2025-01-03 22:30:00+00:00,4406.24
2025-01-03 23:00:00+00:00,4274.87
2025-01-03 23:30:00+00:00,4286.74
2025-01-04 00:00:00+00:00,4156.26
2025-01-04 00:30:00+00:00,4047.12
2025-01-04 01:00:00+00:00,3935.84
2025-01-04 01:30:00+00:00,3837.96
2025-01-04 02:00:00+00:00,3760.44
2025-01-04 02:30:00+00:00,3776.4
2025-01-04 03:00:00+00:00,3723.11
2025-01-04 03:30:00+00:00,3672.53
2025-01-04 04:00:00+00:00,3637.89
2025-01-04 04:30:00+00:00,3595.61
2025-01-04 05:00:00+00:00,3569.91
2025-01-04 05:30:00+00:00,3576.17
2025-01-04 06:00:00+00:00,3614.07
2025-01-04 06:30:00+00:00,3686.3
2025-01-04 07:00:00+00:00,3762.12
2025-01-04 07:30:00+00:00,3874.21
2025-01-04 08:00:00+00:00,3940.71
2025-01-04 08:30:00+00:00,4061.01
2025-01-04 09:00:00+00:00,4211.64
2025-01-04 09:30:00+00:00,4393.31
2025-01-04 10:00:00+00:00,4517.29
2025-01-04 10:30:00+00:00,4628.74
2025-01-04 11:00:00+00:00,4693.03
2025-01-04 11:30:00+00:00,4759.25
2025-01-04 12:00:00+00:00,4783.55
2025-01-04 12:30:00+00:00,4859.27
2025-01-04 13:00:00+00:00,4850.01
2025-01-04 13:30:00+00:00,4843.6
2025-01-04 14:00:00+00:00,4797.34
2025-01-04 14:30:00+00:00,4810.1
2025-01-04 15:00:00+00:00,4818.1
2025-01-04 15:30:00+00:00,4849.52
2025-01-04 16:00:00+00:00,4889.67
2025-01-04 16:30:00+00:00,5034.86
2025-01-04 17:00:00+00:00,5198.31
2025-01-04 17:30:00+00:00,5273.36
2025-01-04 18:00:00+00:00,5228.09
2025-01-04 18:30:00+00:00,5162.09
2025-01-04 19:00:00+00:00,5040.65
2025-01-04 19:30:00+00:00,4908.44
2025-01-04 20:00:00+00:00,4807.96
2025-01-04 20:30:00+00:00,4710.15
2025-01-04 21:00:00+00:00,4596.82
2025-01-04 21:30:00+00:00,4456.84
2025-01-04 22:00:00+00:00,4301.49
2025-01-04 22:30:00+00:00,4148.07
2025-01-04 23:00:00+00:00,4048.44
2025-01-04 23:30:00+00:00,4060.92
2025-01-05 00:00:00+00:00,3941.44
2025-01-05 00:30:00+00:00,3852.5
2025-01-05 01:00:00+00:00,3728.48
2025-01-05 01:30:00+00:00,3625.72
2025-01-05 02:00:00+00:00,3555.13
2025-01-05 02:30:00+00:00,3555.82
2025-01-05 03:00:00+00:00,3482.33
2025-01-05 03:30:00+00:00,3445.36
2025-01-05 04:00:00+00:00,3405.13
2025-01-05 04:30:00+00:00,3367.01
2025-01-05 05:00:00+00:00,3341.77
2025-01-05 05:30:00+00:00,3340.75
2025-01-05 06:00:00+00:00,3358.42
2025-01-05 06:30:00+00:00,3353.61
2025-01-05 07:00:00+00:00,3407.94
2025-01-05 07:30:00+00:00,3489.36
2025-01-05 08:00:00+00:00,3522.98
2025-01-05 08:30:00+00:00,3614.51
2025-01-05 09:00:00+00:00,3719.84
2025-01-05 09:30:00+00:00,3926.18
2025-01-05 10:00:00+00:00,4085.23
2025-01-05 10:30:00+00:00,4226.65
2025-01-05 11:00:00+00:00,4345.1
2025-01-05 11:30:00+00:00,4506.29
2025-01-05 12:00:00+00:00,4573.31
2025-01-05 12:30:00+00:00,4695.61
2025-01-05 13:00:00+00:00,4769.05
2025-01-05 13:30:00+00:00,4821.4
2025-01-05 14:00:00+00:00,4800.68
2025-01-05 14:30:00+00:00,4764.19
2025-01-05 15:00:00+00:00,4777.49
2025-01-05 15:30:00+00:00,4779.37
2025-01-05 16:00:00+00:00,4812.63
2025-01-05 16:30:00+00:00,4923.55
2025-01-05 17:00:00+00:00,5003.34
2025-01-05 17:30:00+00:00,5134.0
2025-01-05 18:00:00+00:00,5057.77
2025-01-05 18:30:00+00:00,4970.76
2025-01-05 19:00:00+00:00,4921.07
2025-01-05 19:30:00+00:00,4820.29
2025-01-05 20:00:00+00:00,4730.81
2025-01-05 20:30:00+00:00,4618.29
2025-01-05 21:00:00+00:00,4492.97
2025-01-05 21:30:00+00:00,4367.7
2025-01-05 22:00:00+00:00,4187.24
2025-01-05 22:30:00+00:00,4033.09
2025-01-05 23:00:00+00:00,3906.63
2025-01-05 23:30:00+00:00,3916.05
2025-01-06 00:00:00+00:00,3789.85
2025-01-06 00:30:00+00:00,3712.16
2025-01-06 01:00:00+00:00,3616.09
2025-01-06 01:30:00+00:00,3542.22
2025-01-06 02:00:00+00:00,3495.44
2025-01-06 02:30:00+00:00,3518.74
2025-01-06 03:00:00+00:00,3505.16
2025-01-06 03:30:00+00:00,3452.97
2025-01-06 04:00:00+00:00,3481.66
2025-01-06 04:30:00+00:00,3478.23
2025-01-06 05:00:00+00:00,3456.13
2025-01-06 05:30:00+00:00,3465.05
2025-01-06 06:00:00+00:00,3583.77
2025-01-06 06:30:00+00:00,3775.12
2025-01-06 07:00:00+00:00,4040.64
2025-01-06 07:30:00+00:00,4410.48
2025-01-06 08:00:00+00:00,4585.37
2025-01-06 08:30:00+00:00,4690.56
2025-01-06 09:00:00+00:00,4838.87
2025-01-06 09:30:00+00:00,4966.5
2025-01-06 10:00:00+00:00,5021.23
2025-01-06 10:30:00+00:00,5009.98
2025-01-06 11:00:00+00:00,5004.06
2025-01-06 11:30:00+00:00,5021.57
2025-01-06 12:00:00+00:00,5009.0
2025-01-06 12:30:00+00:00,5042.48
2025-01-06 13:00:00+00:00,5149.78
2025-01-06 13:30:00+00:00,5141.99
2025-01-06 14:00:00+00:00,5164.75
2025-01-06 14:30:00+00:00,5155.66
2025-01-06 15:00:00+00:00,5165.16
2025-01-06 15:30:00+00:00,5177.58
2025-01-06 16:00:00+00:00,5161.37
2025-01-06 16:30:00+00:00,5319.72
2025-01-06 17:00:00+00:00,5556.85
2025-01-06 17:30:00+00:00,5665.33
2025-01-06 18:00:00+00:00,5619.98
2025-01-06 18:30:00+00:00,5514.5
2025-01-06 19:00:00+00:00,5368.22
2025-01-06 19:30:00+00:00,5289.78
2025-01-06 20:00:00+00:00,5143.29
2025-01-06 20:30:00+00:00,5013.35
2025-01-06 21:00:00+00:00,4900.67
2025-01-06 21:30:00+00:00,4739.95
2025-01-06 22:00:00+00:00,4560.97
2025-01-06 22:30:00+00:00,4332.87
2025-01-06 23:00:00+00:00,4240.11
2025-01-06 23:30:00+00:00,4239.16
2025-01-07 00:00:00+00:00,4056.41
2025-01-07 00:30:00+00:00,3953.27
2025-01-07 01:00:00+00:00,3845.34
2025-01-07 01:30:00+00:00,3767.93
2025-01-07 02:00:00+00:00,3755.3
2025-01-07 02:30:00+00:00,3768.65
2025-01-07 03:00:00+00:00,3719.56
2025-01-07 03:30:00+00:00,3699.26
2025-01-07 04:00:00+00:00,3627.36
2025-01-07 04:30:00+00:00,3578.96
2025-01-07 05:00:00+00:00,3599.97
2025-01-07 05:30:00+00:00,3645.81
2025-01-07 06:00:00+00:00,3770.58
2025-01-07 06:30:00+00:00,3982.36
2025-01-07 07:00:00+00:00,4277.76
2025-01-07 07:30:00+00:00,4597.25
2025-01-07 08:00:00+00:00,4773.75
2025-01-07 08:30:00+00:00,4889.21
2025-01-07 09:00:00+00:00,4967.74
2025-01-07 09:30:00+00:00,5047.06
2025-01-07 10:00:00+00:00,5075.95
2025-01-07 10:30:00+00:00,5059.19
2025-01-07 11:00:00+00:00,5053.75
2025-01-07 11:30:00+00:00,5022.78
2025-01-07 12:00:00+00:00,5013.77
2025-01-07 12:30:00+00:00,5039.52
2025-01-07 13:00:00+00:00,5045.29
2025-01-07 13:30:00+00:00,4987.11
2025-01-07 14:00:00+00:00,4958.66
2025-01-07 14:30:00+00:00,4984.52
2025-01-07 15:00:00+00:00,5046.52
2025-01-07 15:30:00+00:00,5082.93
2025-01-07 16:00:00+00:00,5164.96
2025-01-07 16:30:00+00:00,5338.79
2025-01-07 17:00:00+00:00,5563.41
2025-01-07 17:30:00+00:00,5692.57
2025-01-07 18:00:00+00:00,5687.68
2025-01-07 18:30:00+00:00,5595.81
2025-01-07 19:00:00+00:00,5488.39
2025-01-07 19:30:00+00:00,5399.41
2025-01-07 20:00:00+00:00,5269.01
2025-01-07 20:30:00+00:00,5153.09
2025-01-07 21:00:00+00:00,5042.5
2025-01-07 21:30:00+00:00,4884.0
2025-01-07 22:00:00+00:00,4727.93
2025-01-07 22:30:00+00:00,4541.61
2025-01-07 23:00:00+00:00,4365.07
2025-01-07 23:30:00+00:00,4379.35
2025-01-08 00:00:00+00:00,4236.18
2025-01-08 00:30:00+00:00,4171.06
2025-01-08 01:00:00+00:00,4063.94
2025-01-08 01:30:00+00:00,4001.78
2025-01-08 02:00:00+00:00,3942.61
2025-01-08 02:30:00+00:00,3961.84
2025-01-08 03:00:00+00:00,3910.96
2025-01-08 03:30:00+00:00,3892.83
2025-01-08 04:00:00+00:00,3866.92
2025-01-08 04:30:00+00:00,3839.58
2025-01-08 05:00:00+00:00,3857.74
2025-01-08 05:30:00+00:00,3898.77
2025-01-08 06:00:00+00:00,4007.95
2025-01-08 06:30:00+00:00,4228.92
2025-01-08 07:00:00+00:00,4495.34
2025-01-08 07:30:00+00:00,4792.58
2025-01-08 08:00:00+00:00,4985.56
2025-01-08 08:30:00+00:00,5144.58
2025-01-08 09:00:00+00:00,5267.4
2025-01-08 09:30:00+00:00,5424.47
2025-01-08 10:00:00+00:00,5469.19
2025-01-08 10:30:00+00:00,5507.81
2025-01-08 11:00:00+00:00,5538.11
2025-01-08 11:30:00+00:00,5538.54
2025-01-08 12:00:00+00:00,5551.63
2025-01-08 12:30:00+00:00,5581.01
2025-01-08 13:00:00+00:00,5589.6
2025-01-08 13:30:00+00:00,5521.15
2025-01-08 14:00:00+00:00,5500.52
2025-01-08 14:30:00+00:00,5473.49
2025-01-08 15:00:00+00:00,5485.58
2025-01-08 15:30:00+00:00,5513.13
2025-01-08 16:00:00+00:00,5555.91
2025-01-08 16:30:00+00:00,5683.5
2025-01-08 17:00:00+00:00,5882.53
2025-01-08 17:30:00+00:00,6010.5
2025-01-08 18:00:00+00:00,5973.81
2025-01-08 18:30:00+00:00,5868.98
2025-01-08 19:00:00+00:00,5759.38
2025-01-08 19:30:00+00:00,5646.91
2025-01-08 20:00:00+00:00,5522.66
2025-01-08 20:30:00+00:00,5382.24
2025-01-08 21:00:00+00:00,5265.15
2025-01-08 21:30:00+00:00,5064.81
2025-01-08 22:00:00+00:00,4855.55
2025-01-08 22:30:00+00:00,4679.0
2025-01-08 23:00:00+00:00,4491.52
2025-01-08 23:30:00+00:00,4500.04
2025-01-09 00:00:00+00:00,4348.13
2025-01-09 00:30:00+00:00,4255.46
2025-01-09 01:00:00+00:00,4118.7
2025-01-09 01:30:00+00:00,4038.64
2025-01-09 02:00:00+00:00,3956.52
2025-01-09 02:30:00+00:00,4015.78
2025-01-09 03:00:00+00:00,3977.98
2025-01-09 03:30:00+00:00,4052.68
2025-01-09 04:00:00+00:00,4011.33
2025-01-09 04:30:00+00:00,3961.84
2025-01-09 05:00:00+00:00,3959.35
2025-01-09 05:30:00+00:00,4003.13
2025-01-09 06:00:00+00:00,4109.84
2025-01-09 06:30:00+00:00,4356.24
2025-01-09 07:00:00+00:00,4468.6
2025-01-09 07:30:00+00:00,4779.95
2025-01-09 08:00:00+00:00,4975.08
2025-01-09 08:30:00+00:00,5142.39
2025-01-09 09:00:00+00:00,5268.8
2025-01-09 09:30:00+00:00,5421.57
2025-01-09 10:00:00+00:00,5441.09
2025-01-09 10:30:00+00:00,5471.74
2025-01-09 11:00:00+00:00,5445.09
2025-01-09 11:30:00+00:00,5444.63
2025-01-09 12:00:00+00:00,5393.04
2025-01-09 12:30:00+00:00,5398.2
2025-01-09 13:00:00+00:00,5378.82
2025-01-09 13:30:00+00:00,5295.53
2025-01-09 14:00:00+00:00,5255.56
2025-01-09 14:30:00+00:00,5267.02
2025-01-09 15:00:00+00:00,5305.33
2025-01-09 15:30:00+00:00,5388.23
2025-01-09 16:00:00+00:00,5480.38
2025-01-09 16:30:00+00:00,5646.3
2025-01-09 17:00:00+00:00,5866.09
2025-01-09 17:30:00+00:00,5985.5
2025-01-09 18:00:00+00:00,5960.41
2025-01-09 18:30:00+00:00,5866.61
2025-01-09 19:00:00+00:00,5753.62
2025-01-09 19:30:00+00:00,5664.61
2025-01-09 20:00:00+00:00,5539.04
2025-01-09 20:30:00+00:00,5408.84
2025-01-09 21:00:00+00:00,5273.67
2025-01-09 21:30:00+00:00,5087.2
2025-01-09 22:00:00+00:00,4894.92
2025-01-09 22:30:00+00:00,4671.68
2025-01-09 23:00:00+00:00,4503.97
2025-01-09 23:30:00+00:00,4496.53
2025-01-10 00:00:00+00:00,4388.05
2025-01-10 00:30:00+00:00,4287.52
2025-01-10 01:00:00+00:00,4163.44
2025-01-10 01:30:00+00:00,4068.02
2025-01-10 02:00:00+00:00,3984.89
2025-01-10 02:30:00+00:00,4001.9
2025-01-10 03:00:00+00:00,3923.34
2025-01-10 03:30:00+00:00,3895.88
2025-01-10 04:00:00+00:00,3865.28
2025-01-10 04:30:00+00:00,3853.95
2025-01-10 06:00:00+00:00,4021.64
2025-01-10 06:30:00+00:00,4202.41
2025-01-10 07:00:00+00:00,4456.84
2025-01-10 07:30:00+00:00,4771.56
2025-01-10 08:00:00+00:00,4949.21
2025-01-10 08:30:00+00:00,5056.67
2025-01-10 09:00:00+00:00,5139.61
2025-01-10 09:30:00+00:00,5278.84
2025-01-10 10:00:00+00:00,5308.69
2025-01-10 10:30:00+00:00,5331.1
2025-01-10 11:00:00+00:00,5360.32
2025-01-10 11:30:00+00:00,5316.82
2025-01-10 12:00:00+00:00,5303.09
2025-01-10 12:30:00+00:00,5301.31
2025-01-10 13:00:00+00:00,5298.02
2025-01-10 13:30:00+00:00,5247.41
2025-01-10 14:00:00+00:00,5232.02
2025-01-10 14:30:00+00:00,5190.16
2025-01-10 15:00:00+00:00,5207.55
2025-01-10 15:30:00+00:00,5239.62
2025-01-10 16:00:00+00:00,5246.32
2025-01-10 16:30:00+00:00,5336.94
2025-01-10 17:00:00+00:00,5478.01
2025-01-10 17:30:00+00:00,5546.57
2025-01-10 18:00:00+00:00,5542.92
2025-01-10 18:30:00+00:00,5450.35
2025-01-10 19:00:00+00:00,5335.11
2025-01-10 19:30:00+00:00,5232.29
2025-01-10 20:00:00+00:00,5061.29
2025-01-10 20:30:00+00:00,4907.2
2025-01-10 21:00:00+00:00,4785.25
2025-01-10 21:30:00+00:00,4663.03
2025-01-10 22:00:00+00:00,4521.74
2025-01-10 22:30:00+00:00,4338.06
2025-01-10 23:00:00+00:00,4207.3
2025-01-10 23:30:00+00:00,4217.77
2025-01-11 00:00:00+00:00,4088.86
2025-01-11 00:30:00+00:00,3981.17
2025-01-11 01:00:00+00:00,3884.93
2025-01-11 01:30:00+00:00,3784.91
2025-01-11 02:00:00+00:00,3712.44
2025-01-11 02:30:00+00:00,3736.42
2025-01-11 03:00:00+00:00,3660.22
2025-01-11 03:30:00+00:00,3611.43
2025-01-11 04:00:00+00:00,3576.41
2025-01-11 04:30:00+00:00,3550.07
2025-01-11 05:00:00+00:00,3513.04
2025-01-11 05:30:00+00:00,3517.42
2025-01-11 06:00:00+00:00,3564.73
2025-01-11 06:30:00+00:00,3631.33
2025-01-11 07:00:00+00:00,3714.58
2025-01-11 07:30:00+00:00,3838.42
2025-01-11 08:00:00+00:00,3909.08
2025-01-11 08:30:00+00:00,4028.52
2025-01-11 09:00:00+00:00,4196.81
2025-01-11 09:30:00+00:00,4397.43
2025-01-11 10:00:00+00:00,4524.23
2025-01-11 10:30:00+00:00,4605.51
2025-01-11 11:00:00+00:00,4653.71
2025-01-11 11:30:00+00:00,4680.09
2025-01-11 12:00:00+00:00,4665.48
2025-01-11 12:30:00+00:00,4685.55
2025-01-11 13:00:00+00:00,4685.52
2025-01-11 13:30:00+00:00,4651.7
2025-01-11 14:00:00+00:00,4605.85
2025-01-11 14:30:00+00:00,4594.65
2025-01-11 15:00:00+00:00,4589.94
2025-01-11 15:30:00+00:00,4625.67
2025-01-11 16:00:00+00:00,4674.37
2025-01-11 16:30:00+00:00,4808.39
2025-01-11 17:00:00+00:00,5003.49
2025-01-11 17:30:00+00:00,5133.13
2025-01-11 18:00:00+00:00,5132.85
2025-01-11 18:30:00+00:00,5082.31
2025-01-11 19:00:00+00:00,4968.07
2025-01-11 19:30:00+00:00,4875.61
2025-01-11 20:00:00+00:00,4777.43
2025-01-11 20:30:00+00:00,4665.86
2025-01-11 21:00:00+00:00,4552.05
2025-01-11 21:30:00+00:00,4437.2
2025-01-11 22:00:00+00:00,4309.53
2025-01-11 22:30:00+00:00,4162.71
2025-01-11 23:00:00+00:00,4063.92
2025-01-11 23:30:00+00:00,4084.77
2025-01-12 00:00:00+00:00,3980.84
2025-01-12 00:30:00+00:00,3892.3
2025-01-12 01:00:00+00:00,3782.09
2025-01-12 01:30:00+00:00,3704.28
2025-01-12 02:00:00+00:00,3632.47
2025-01-12 02:30:00+00:00,3638.11
2025-01-12 03:00:00+00:00,3580.75
2025-01-12 03:30:00+00:00,3548.78
2025-01-12 04:00:00+00:00,3502.72
2025-01-12 04:30:00+00:00,3438.09
2025-01-12 05:00:00+00:00,3393.45
2025-01-12 05:30:00+00:00,3364.46
2025-01-12 06:00:00+00:00,3400.62
2025-01-12 06:30:00+00:00,3436.41
2025-01-12 07:00:00+00:00,3492.55
2025-01-12 07:30:00+00:00,3560.91
2025-01-12 08:00:00+00:00,3607.23
2025-01-12 08:30:00+00:00,3714.63
2025-01-12 09:00:00+00:00,3818.92
2025-01-12 09:30:00+00:00,4000.67
2025-01-12 10:00:00+00:00,4103.83
2025-01-12 10:30:00+00:00,4207.27
2025-01-12 11:00:00+00:00,4299.32
2025-01-12 11:30:00+00:00,4351.92
2025-01-12 12:00:00+00:00,4398.92
2025-01-12 12:30:00+00:00,4466.27
2025-01-12 13:00:00+00:00,4492.89
2025-01-12 13:30:00+00:00,4464.11
2025-01-12 14:00:00+00:00,4454.27
2025-01-12 14:30:00+00:00,4476.57
2025-01-12 15:00:00+00:00,4487.82
2025-01-12 15:30:00+00:00,4521.78
2025-01-12 16:00:00+00:00,4594.49
2025-01-12 16:30:00+00:00,4717.96
2025-01-12 17:00:00+00:00,4911.29
2025-01-12 17:30:00+00:00,5013.96
2025-01-12 18:00:00+00:00,5000.4
2025-01-12 18:30:00+00:00,4991.84
2025-01-12 19:00:00+00:00,4902.5
2025-01-12 19:30:00+00:00,4785.86
2025-01-12 20:00:00+00:00,4662.33
2025-01-12 20:30:00+00:00,4538.58
2025-01-12 21:00:00+00:00,4407.54
2025-01-12 21:30:00+00:00,4292.48
2025-01-12 22:00:00+00:00,4091.41
2025-01-12 22:30:00+00:00,3910.53
2025-01-12 23:00:00+00:00,3801.75
2025-01-12 23:30:00+00:00,3835.97
2025-01-13 00:00:00+00:00,3710.91
2025-01-13 00:30:00+00:00,3632.69
2025-01-13 01:00:00+00:00,3554.37
2025-01-13 01:30:00+00:00,3485.18
2025-01-13 02:00:00+00:00,3446.15
2025-01-13 02:30:00+00:00,3497.59
2025-01-13 03:00:00+00:00,3432.97
2025-01-13 03:30:00+00:00,3412.03
2025-01-13 04:00:00+00:00,3381.41
2025-01-13 04:30:00+00:00,3372.72
2025-01-13 05:00:00+00:00,3375.74
2025-01-13 05:30:00+00:00,3432.82
2025-01-13 06:00:00+00:00,3550.83
2025-01-13 06:30:00+00:00,3721.53
2025-01-13 07:00:00+00:00,4026.04
2025-01-13 07:30:00+00:00,4302.78
2025-01-13 08:00:00+00:00,4474.53
2025-01-13 08:30:00+00:00,4646.9
2025-01-13 09:00:00+00:00,4728.51
2025-01-13 09:30:00+00:00,4825.1
2025-01-13 10:00:00+00:00,4844.98
2025-01-13 10:30:00+00:00,4876.2
2025-01-13 11:00:00+00:00,4886.99
2025-01-13 11:30:00+00:00,4880.97
2025-01-13 12:00:00+00:00,4898.98
2025-01-13 12:30:00+00:00,4908.58
2025-01-13 13:00:00+00:00,4881.03
2025-01-13 13:30:00+00:00,4820.15
2025-01-13 14:00:00+00:00,4824.74
2025-01-13 14:30:00+00:00,4826.74
2025-01-13 15:00:00+00:00,4856.82
2025-01-13 15:30:00+00:00,4883.51
2025-01-13 16:00:00+00:00,4913.84
2025-01-13 16:30:00+00:00,5027.72
2025-01-13 17:00:00+00:00,5200.25
2025-01-13 17:30:00+00:00,5288.88
2025-01-13 18:00:00+00:00,5255.01
2025-01-13 18:30:00+00:00,5142.28
2025-01-13 19:00:00+00:00,5028.88
2025-01-13 19:30:00+00:00,4928.02
2025-01-13 20:00:00+00:00,4851.03
2025-01-13 20:30:00+00:00,4726.61
2025-01-13 21:00:00+00:00,4601.21
2025-01-13 21:30:00+00:00,4447.41
2025-01-13 22:00:00+00:00,4245.83
2025-01-13 22:30:00+00:00,4062.89
2025-01-13 23:00:00+00:00,3902.66
2025-01-13 23:30:00+00:00,3889.29
2025-01-14 00:00:00+00:00,3748.65
2025-01-14 00:30:00+00:00,3659.24
2025-01-14 01:00:00+00:00,3555.02
2025-01-14 01:30:00+00:00,3480.7
2025-01-14 02:00:00+00:00,3469.38
2025-01-14 02:30:00+00:00,3517.78
2025-01-14 03:00:00+00:00,3442.15
2025-01-14 03:30:00+00:00,3426.46
2025-01-14 04:00:00+00:00,3406.75
2025-01-14 04:30:00+00:00,3395.55
2025-01-14 05:00:00+00:00,3377.98
2025-01-14 05:30:00+00:00,3432.15
2025-01-14 06:00:00+00:00,3577.3
2025-01-14 06:30:00+00:00,3787.93
2025-01-14 07:00:00+00:00,4078.43
2025-01-14 07:30:00+00:00,4425.73
2025-01-14 08:00:00+00:00,4571.4
2025-01-14 08:30:00+00:00,4634.25
2025-01-14 09:00:00+00:00,4673.72
2025-01-14 09:30:00+00:00,4740.44
2025-01-14 10:00:00+00:00,4728.86
2025-01-14 10:30:00+00:00,4714.72
2025-01-14 11:00:00+00:00,4708.75
2025-01-14 11:30:00+00:00,4705.08
2025-01-14 12:00:00+00:00,4692.74
2025-01-14 12:30:00+00:00,4716.48
2025-01-14 13:00:00+00:00,4725.22
2025-01-14 13:30:00+00:00,4623.58
2025-01-14 14:00:00+00:00,4621.94
2025-01-14 14:30:00+00:00,4625.5
2025-01-14 15:00:00+00:00,4670.87
2025-01-14 15:30:00+00:00,4727.3
2025-01-14 16:00:00+00:00,4789.92
2025-01-14 16:30:00+00:00,4932.72
2025-01-14 17:00:00+00:00,5059.42
2025-01-14 17:30:00+00:00,5222.76
2025-01-14 18:00:00+00:00,5191.77
2025-01-14 18:30:00+00:00,5096.17
2025-01-14 19:00:00+00:00,4994.82
2025-01-14 19:30:00+00:00,4905.31
2025-01-14 20:00:00+00:00,4831.32
2025-01-14 20:30:00+00:00,4722.02
2025-01-14 21:00:00+00:00,4591.68
2025-01-14 21:30:00+00:00,4405.78
2025-01-14 22:00:00+00:00,4227.75
2025-01-14 22:30:00+00:00,4042.96
2025-01-14 23:00:00+00:00,3884.26
2025-01-14 23:30:00+00:00,3865.37
2025-01-15 00:00:00+00:00,3728.44
2025-01-15 00:30:00+00:00,3611.64
2025-01-15 01:00:00+00:00,3525.71
2025-01-15 01:30:00+00:00,3456.97
2025-01-15 02:00:00+00:00,3434.82
2025-01-15 02:30:00+00:00,3517.88
2025-01-15 03:00:00+00:00,3489.43
2025-01-15 03:30:00+00:00,3472.67
2025-01-15 04:00:00+00:00,3421.83
2025-01-15 04:30:00+00:00,3378.8
2025-01-15 05:00:00+00:00,3396.12
2025-01-15 05:30:00+00:00,3446.09
2025-01-15 06:00:00+00:00,3556.75
2025-01-15 06:30:00+00:00,3782.68
2025-01-15 07:00:00+00:00,4086.01
2025-01-15 07:30:00+00:00,4459.79
2025-01-15 08:00:00+00:00,4633.43
2025-01-15 08:30:00+00:00,4664.44
2025-01-15 09:00:00+00:00,4720.54
2025-01-15 09:30:00+00:00,4746.66
2025-01-15 10:00:00+00:00,4718.56
2025-01-15 10:30:00+00:00,4671.46
2025-01-15 11:00:00+00:00,4654.38
2025-01-15 11:30:00+00:00,4601.85
2025-01-15 12:00:00+00:00,4503.73
2025-01-15 12:30:00+00:00,4490.25
2025-01-15 13:00:00+00:00,4473.99
2025-01-15 13:30:00+00:00,4435.41
2025-01-15 14:00:00+00:00,4424.08
2025-01-15 14:30:00+00:00,4429.78
2025-01-15 15:00:00+00:00,4462.49
2025-01-15 15:30:00+00:00,4520.6
2025-01-15 16:00:00+00:00,4621.8
2025-01-15 16:30:00+00:00,4745.14
2025-01-15 17:00:00+00:00,4947.51
2025-01-15 17:30:00+00:00,5134.11
2025-01-15 18:00:00+00:00,5147.2
2025-01-15 18:30:00+00:00,5123.01
2025-01-15 19:00:00+00:00,5003.12
2025-01-15 19:30:00+00:00,4944.29
2025-01-15 20:00:00+00:00,4834.42
2025-01-15 20:30:00+00:00,4752.67
2025-01-15 21:00:00+00:00,4656.68
2025-01-15 21:30:00+00:00,4458.84
2025-01-15 22:00:00+00:00,4291.02
2025-01-15 22:30:00+00:00,4094.91
2025-01-15 23:00:00+00:00,3926.77
2025-01-15 23:30:00+00:00,3921.29
2025-01-16 00:00:00+00:00,3760.0
2025-01-16 00:30:00+00:00,3695.21
2025-01-16 01:00:00+00:00,3619.66
2025-01-16 01:30:00+00:00,3546.95
2025-01-16 02:00:00+00:00,3463.08
2025-01-16 02:30:00+00:00,3483.54
2025-01-16 03:00:00+00:00,3461.62
2025-01-16 03:30:00+00:00,3465.45
2025-01-16 04:00:00+00:00,3443.84
2025-01-16 04:30:00+00:00,3415.54
2025-01-16 05:00:00+00:00,3417.31
2025-01-16 05:30:00+00:00,3452.48
2025-01-16 06:00:00+00:00,3588.84
2025-01-16 06:30:00+00:00,3812.74
2025-01-16 07:00:00+00:00,4128.17
2025-01-16 07:30:00+00:00,4456.9
2025-01-16 08:00:00+00:00,4650.72
2025-01-16 08:30:00+00:00,4646.99
2025-01-16 09:00:00+00:00,4696.93
2025-01-16 09:30:00+00:00,4772.82
2025-01-16 10:00:00+00:00,4751.71
2025-01-16 10:30:00+00:00,4744.39
2025-01-16 11:00:00+00:00,4684.75
2025-01-16 11:30:00+00:00,4689.87
2025-01-16 12:00:00+00:00,4640.98
2025-01-16 12:30:00+00:00,4649.99
2025-01-16 13:00:00+00:00,4611.19
2025-01-16 13:30:00+00:00,4557.12
2025-01-16 14:00:00+00:00,4562.74
2025-01-16 14:30:00+00:00,4586.36
2025-01-16 15:00:00+00:00,4683.33
2025-01-16 15:30:00+00:00,4699.54
2025-01-16 16:00:00+00:00,4744.63
2025-01-16 16:30:00+00:00,4841.91
2025-01-16 17:00:00+00:00,5011.23
2025-01-16 17:30:00+00:00,5161.87
2025-01-16 18:00:00+00:00,5181.54
2025-01-16 18:30:00+00:00,5129.84
2025-01-16 19:00:00+00:00,5017.79
2025-01-16 19:30:00+00:00,4957.64
2025-01-16 20:00:00+00:00,4879.0
2025-01-16 20:30:00+00:00,4792.52
2025-01-16 21:00:00+00:00,4707.86
2025-01-16 21:30:00+00:00,4508.49
2025-01-16 22:00:00+00:00,4273.77
2025-01-16 22:30:00+00:00,4051.5
2025-01-16 23:00:00+00:00,3926.07
2025-01-16 23:30:00+00:00,3916.93
2025-01-17 00:00:00+00:00,3760.79
2025-01-17 00:30:00+00:00,3677.22
2025-01-17 01:00:00+00:00,3581.06
2025-01-17 01:30:00+00:00,3548.93
2025-01-17 02:00:00+00:00,3466.02
2025-01-17 02:30:00+00:00,3481.39
2025-01-17 03:00:00+00:00,3422.69
2025-01-17 03:30:00+00:00,3384.14
2025-01-17 04:00:00+00:00,3327.23
2025-01-17 04:30:00+00:00,3343.41
2025-01-17 05:00:00+00:00,3389.2
2025-01-17 05:30:00+00:00,3406.88
2025-01-17 06:00:00+00:00,3557.98
2025-01-17 06:30:00+00:00,3726.34
2025-01-17 07:00:00+00:00,4003.42
2025-01-17 07:30:00+00:00,4374.5
2025-01-17 08:00:00+00:00,4562.22
2025-01-17 08:30:00+00:00,4597.62
2025-01-17 09:00:00+00:00,4628.6
2025-01-17 09:30:00+00:00,4696.19
2025-01-17 10:00:00+00:00,4681.4
2025-01-17 10:30:00+00:00,4646.0
2025-01-17 11:00:00+00:00,4662.17
2025-01-17 11:30:00+00:00,4612.15
2025-01-17 12:00:00+00:00,4556.81
2025-01-17 12:30:00+00:00,4564.17
2025-01-17 13:00:00+00:00,4570.29
2025-01-17 13:30:00+00:00,4557.95
2025-01-17 14:00:00+00:00,4526.53
2025-01-17 14:30:00+00:00,4499.91
2025-01-17 15:00:00+00:00,4568.65
2025-01-17 15:30:00+00:00,4602.77
2025-01-17 16:00:00+00:00,4639.99
2025-01-17 16:30:00+00:00,4748.85
2025-01-17 17:00:00+00:00,4917.59
2025-01-17 17:30:00+00:00,5050.99
2025-01-17 18:00:00+00:00,5106.95
2025-01-17 18:30:00+00:00,5018.29
2025-01-17 19:00:00+00:00,4928.08
2025-01-17 19:30:00+00:00,4818.2
2025-01-17 20:00:00+00:00,4684.93
2025-01-17 20:30:00+00:00,4582.53
2025-01-17 21:00:00+00:00,4470.19
2025-01-17 21:30:00+00:00,4301.74
2025-01-17 22:00:00+00:00,4181.14
2025-01-17 22:30:00+00:00,4028.65
2025-01-17 23:00:00+00:00,3906.13
2025-01-17 23:30:00+00:00,3916.65
2025-01-18 00:00:00+00:00,3796.14
2025-01-18 00:30:00+00:00,3691.91
2025-01-18 01:00:00+00:00,3616.64
2025-01-18 01:30:00+00:00,3565.43
2025-01-18 02:00:00+00:00,3454.27
2025-01-18 02:30:00+00:00,3461.38
2025-01-18 03:00:00+00:00,3406.78
2025-01-18 03:30:00+00:00,3333.89
2025-01-18 04:00:00+00:00,3328.05
2025-01-18 04:30:00+00:00,3342.09
2025-01-18 05:00:00+00:00,3327.68
2025-01-18 05:30:00+00:00,3319.65
2025-01-18 06:00:00+00:00,3353.83
2025-01-18 06:30:00+00:00,3450.9
2025-01-18 07:00:00+00:00,3540.34
2025-01-18 07:30:00+00:00,3679.15
2025-01-18 08:00:00+00:00,3812.8
2025-01-18 08:30:00+00:00,3917.59
2025-01-18 09:00:00+00:00,4045.21
2025-01-18 09:30:00+00:00,4215.8
2025-01-18 10:00:00+00:00,4278.08
2025-01-18 10:30:00+00:00,4319.23
2025-01-18 11:00:00+00:00,4325.61
2025-01-18 11:30:00+00:00,4326.18
2025-01-18 12:00:00+00:00,4313.96
2025-01-18 12:30:00+00:00,4334.65
2025-01-18 13:00:00+00:00,4319.75
2025-01-18 13:30:00+00:00,4291.13
2025-01-18 14:00:00+00:00,4250.09
2025-01-18 14:30:00+00:00,4212.57
2025-01-18 15:00:00+00:00,4216.23
2025-01-18 15:30:00+00:00,4201.19
2025-01-18 16:00:00+00:00,4249.55
2025-01-18 16:30:00+00:00,4366.6
2025-01-18 17:00:00+00:00,4511.55
2025-01-18 17:30:00+00:00,4742.74
2025-01-18 18:00:00+00:00,4770.49
2025-01-18 18:30:00+00:00,4696.1
2025-01-18 19:00:00+00:00,4588.23
2025-01-18 19:30:00+00:00,4497.34
2025-01-18 20:00:00+00:00,4412.04
2025-01-18 20:30:00+00:00,4333.56
2025-01-18 21:00:00+00:00,4202.39
2025-01-18 21:30:00+00:00,4049.4
2025-01-18 22:00:00+00:00,3924.91
2025-01-18 22:30:00+00:00,3795.78
2025-01-18 23:00:00+00:00,3718.91
2025-01-18 23:30:00+00:00,3734.61
2025-01-19 00:00:00+00:00,3622.94
2025-01-19 00:30:00+00:00,3576.11
2025-01-19 01:00:00+00:00,3473.12
2025-01-19 01:30:00+00:00,3397.33
2025-01-19 02:00:00+00:00,3344.92
2025-01-19 02:30:00+00:00,3375.87
2025-01-19 03:00:00+00:00,3322.09
2025-01-19 03:30:00+00:00,3291.48
2025-01-19 04:00:00+00:00,3251.63
2025-01-19 04:30:00+00:00,3225.0
2025-01-19 05:00:00+00:00,3169.89
2025-01-19 05:30:00+00:00,3163.31
2025-01-19 06:00:00+00:00,3209.26
2025-01-19 06:30:00+00:00,3273.15
2025-01-19 07:00:00+00:00,3302.86
2025-01-19 07:30:00+00:00,3396.29
2025-01-19 08:00:00+00:00,3464.47
2025-01-19 08:30:00+00:00,3560.69
2025-01-19 09:00:00+00:00,3695.5
2025-01-19 09:30:00+00:00,3866.8
2025-01-19 10:00:00+00:00,4002.76
2025-01-19 10:30:00+00:00,4098.98
2025-01-19 11:00:00+00:00,4171.24
2025-01-19 11:30:00+00:00,4222.9
2025-01-19 12:00:00+00:00,4281.4
2025-01-19 12:30:00+00:00,4338.17
2025-01-19 13:00:00+00:00,4342.89
2025-01-19 13:30:00+00:00,4318.72
2025-01-19 14:00:00+00:00,4298.97
2025-01-19 14:30:00+00:00,4281.31
2025-01-19 15:00:00+00:00,4288.33
2025-01-19 15:30:00+00:00,4337.03
2025-01-19 16:00:00+00:00,4357.28
2025-01-19 16:30:00+00:00,4496.41
2025-01-19 17:00:00+00:00,4645.76
2025-01-19 17:30:00+00:00,4810.31
2025-01-19 18:00:00+00:00,4826.65
2025-01-19 18:30:00+00:00,4768.87
2025-01-19 19:00:00+00:00,4680.43
2025-01-19 19:30:00+00:00,4608.37
2025-01-19 20:00:00+00:00,4497.89
2025-01-19 20:30:00+00:00,4406.65
2025-01-19 21:00:00+00:00,4311.26
2025-01-19 21:30:00+00:00,4164.73
2025-01-19 22:00:00+00:00,3989.76
2025-01-19 22:30:00+00:00,3829.61
2025-01-19 23:00:00+00:00,3707.37
2025-01-19 23:30:00+00:00,3708.12
2025-01-20 00:00:00+00:00,3582.83
2025-01-20 00:30:00+00:00,3510.19
2025-01-20 01:00:00+00:00,3435.52
2025-01-20 01:30:00+00:00,3385.47
2025-01-20 02:00:00+00:00,3343.87
2025-01-20 02:30:00+00:00,3373.91
2025-01-20 03:00:00+00:00,3329.32
2025-01-20 03:30:00+00:00,3311.29
2025-01-20 04:00:00+00:00,3297.57
2025-01-20 04:30:00+00:00,3261.99
2025-01-20 05:00:00+00:00,3296.29
2025-01-20 05:30:00+00:00,3352.72
2025-01-20 06:00:00+00:00,3495.77
2025-01-20 06:30:00+00:00,3729.6
2025-01-20 07:00:00+00:00,4027.25
2025-01-20 07:30:00+00:00,4389.21
2025-01-20 08:00:00+00:00,4570.3
2025-01-20 08:30:00+00:00,4623.8
2025-01-20 09:00:00+00:00,4688.21
2025-01-20 09:30:00+00:00,4770.94
2025-01-20 10:00:00+00:00,4775.45
2025-01-20 10:30:00+00:00,4779.67
2025-01-20 11:00:00+00:00,4797.92
2025-01-20 11:30:00+00:00,4784.77
2025-01-20 12:00:00+00:00,4772.06
2025-01-20 12:30:00+00:00,4809.97
2025-01-20 13:00:00+00:00,4797.74
2025-01-20 13:30:00+00:00,4731.45
2025-01-20 14:00:00+00:00,4730.4
2025-01-20 14:30:00+00:00,4742.94
2025-01-20 15:00:00+00:00,4752.55
2025-01-20 15:30:00+00:00,4799.91
2025-01-20 16:00:00+00:00,4870.62
2025-01-20 16:30:00+00:00,4990.75
2025-01-20 17:00:00+00:00,5163.65
2025-01-20 17:30:00+00:00,5256.89
2025-01-20 18:00:00+00:00,5247.55
2025-01-20 18:30:00+00:00,5206.54
2025-01-20 19:00:00+00:00,5089.4
2025-01-20 19:30:00+00:00,5001.33
2025-01-20 20:00:00+00:00,4881.69
2025-01-20 20:30:00+00:00,4780.55
2025-01-20 21:00:00+00:00,4659.71
2025-01-20 21:30:00+00:00,4479.84
2025-01-20 22:00:00+00:00,4274.67
2025-01-20 22:30:00+00:00,4081.55
2025-01-20 23:00:00+00:00,3929.8
2025-01-20 23:30:00+00:00,3898.22
2025-01-21 00:00:00+00:00,3762.77
2025-01-21 00:30:00+00:00,3694.71
2025-01-21 01:00:00+00:00,3600.2
2025-01-21 01:30:00+00:00,3530.96
2025-01-21 02:00:00+00:00,3507.79
2025-01-21 02:30:00+00:00,3555.24
2025-01-21 03:00:00+00:00,3497.73
2025-01-21 03:30:00+00:00,3480.73
2025-01-21 04:00:00+00:00,3434.51
2025-01-21 04:30:00+00:00,3416.94
2025-01-21 05:00:00+00:00,3422.52
2025-01-21 05:30:00+00:00,3457.11
2025-01-21 06:00:00+00:00,3604.57
2025-01-21 06:30:00+00:00,3834.37
2025-01-21 07:00:00+00:00,4149.97
2025-01-21 07:30:00+00:00,4483.36
2025-01-21 08:00:00+00:00,4683.1
2025-01-21 08:30:00+00:00,4722.8
2025-01-21 09:00:00+00:00,4755.88
2025-01-21 09:30:00+00:00,4819.74
2025-01-21 10:00:00+00:00,4820.66
2025-01-21 10:30:00+00:00,4792.32
2025-01-21 11:00:00+00:00,4783.69
2025-01-21 11:30:00+00:00,4760.36
2025-01-21 12:00:00+00:00,4730.2
2025-01-21 12:30:00+00:00,4730.85
2025-01-21 13:00:00+00:00,4713.04
2025-01-21 13:30:00+00:00,4628.24
2025-01-21 14:00:00+00:00,4613.25
2025-01-21 14:30:00+00:00,4582.64
2025-01-21 15:00:00+00:00,4611.9
2025-01-21 15:30:00+00:00,4666.49
2025-01-21 16:00:00+00:00,4739.37
2025-01-21 16:30:00+00:00,4870.4
2025-01-21 17:00:00+00:00,5043.76
2025-01-21 17:30:00+00:00,5274.23
2025-01-21 18:00:00+00:00,5317.49
2025-01-21 18:30:00+00:00,5263.78
2025-01-21 19:00:00+00:00,5191.43
2025-01-21 19:30:00+00:00,5143.07
2025-01-21 20:00:00+00:00,5018.22
2025-01-21 20:30:00+00:00,4936.65
2025-01-21 21:00:00+00:00,4811.36
2025-01-21 21:30:00+00:00,4610.34
2025-01-21 22:00:00+00:00,4428.1
2025-01-21 22:30:00+00:00,4235.87
2025-01-21 23:00:00+00:00,4044.66
2025-01-21 23:30:00+00:00,4017.18
2025-01-22 00:00:00+00:00,3865.56
2025-01-22 00:30:00+00:00,3788.81
2025-01-22 01:00:00+00:00,3694.73
2025-01-22 01:30:00+00:00,3622.11
2025-01-22 02:00:00+00:00,3589.67
2025-01-22 02:30:00+00:00,3631.08
2025-01-22 03:00:00+00:00,3582.93
2025-01-22 03:30:00+00:00,3559.61
2025-01-22 04:00:00+00:00,3520.01
2025-01-22 04:30:00+00:00,3489.47
2025-01-22 05:00:00+00:00,3503.41
2025-01-22 05:30:00+00:00,3551.24
2025-01-22 06:00:00+00:00,3678.09
2025-01-22 06:30:00+00:00,3909.06
2025-01-22 07:00:00+00:00,4213.1
2025-01-22 07:30:00+00:00,4577.29
2025-01-22 08:00:00+00:00,4757.55
2025-01-22 08:30:00+00:00,4797.6
2025-01-22 09:00:00+00:00,4816.43
2025-01-22 09:30:00+00:00,4895.39
2025-01-22 10:00:00+00:00,4882.41
2025-01-22 10:30:00+00:00,4864.84
2025-01-22 11:00:00+00:00,4875.25
2025-01-22 11:30:00+00:00,4847.03
2025-01-22 12:00:00+00:00,4832.42
2025-01-22 12:30:00+00:00,4843.63
2025-01-22 13:00:00+00:00,4825.75
2025-01-22 13:30:00+00:00,4794.63
2025-01-22 14:00:00+00:00,4788.09
2025-01-22 14:30:00+00:00,4793.64
2025-01-22 15:00:00+00:00,4825.39
2025-01-22 15:30:00+00:00,4890.58
2025-01-22 16:00:00+00:00,4950.77
2025-01-22 16:30:00+00:00,5065.85
2025-01-22 17:00:00+00:00,5188.9
2025-01-22 17:30:00+00:00,5379.02
2025-01-22 18:00:00+00:00,5421.22
2025-01-22 18:30:00+00:00,5348.24
2025-01-22 19:00:00+00:00,5281.43
2025-01-22 19:30:00+00:00,5212.47
2025-01-22 20:00:00+00:00,5070.47
2025-01-22 20:30:00+00:00,4968.65
2025-01-22 21:00:00+00:00,4850.6
2025-01-22 21:30:00+00:00,4672.62
2025-01-22 22:00:00+00:00,4456.31
2025-01-22 22:30:00+00:00,4258.88
2025-01-22 23:00:00+00:00,4067.57
2025-01-22 23:30:00+00:00,4041.34
2025-01-23 00:00:00+00:00,3887.2
2025-01-23 00:30:00+00:00,3788.85
2025-01-23 01:00:00+00:00,3676.72
2025-01-23 01:30:00+00:00,3622.91
2025-01-23 02:00:00+00:00,3579.3
2025-01-23 02:30:00+00:00,3572.38
2025-01-23 03:00:00+00:00,3562.99
2025-01-23 03:30:00+00:00,3534.01
2025-01-23 04:00:00+00:00,3500.21
2025-01-23 04:30:00+00:00,3495.61
2025-01-23 05:00:00+00:00,3489.34
2025-01-23 05:30:00+00:00,3503.09
2025-01-23 06:00:00+00:00,3717.8
2025-01-23 06:30:00+00:00,3945.89
2025-01-23 07:00:00+00:00,4225.75
2025-01-23 07:30:00+00:00,4600.37
2025-01-23 08:00:00+00:00,4823.81
2025-01-23 08:30:00+00:00,4916.81
2025-01-23 09:00:00+00:00,4870.92
2025-01-23 09:30:00+00:00,4967.43
2025-01-23 10:00:00+00:00,4986.65
2025-01-23 10:30:00+00:00,4892.97
2025-01-23 11:00:00+00:00,4899.61
2025-01-23 11:30:00+00:00,4872.74
2025-01-23 12:00:00+00:00,4831.85
2025-01-23 12:30:00+00:00,4821.15
2025-01-23 13:00:00+00:00,4737.59
2025-01-23 13:30:00+00:00,4653.62
2025-01-23 14:00:00+00:00,4659.99
2025-01-23 14:30:00+00:00,4648.52
2025-01-23 15:00:00+00:00,4701.29
2025-01-23 15:30:00+00:00,4812.31
2025-01-23 16:00:00+00:00,4856.8
2025-01-23 16:30:00+00:00,5026.51
2025-01-23 17:00:00+00:00,5125.79
2025-01-23 17:30:00+00:00,5293.27
2025-01-23 18:00:00+00:00,5299.97
2025-01-23 18:30:00+00:00,5240.76
2025-01-23 19:00:00+00:00,5220.71
2025-01-23 19:30:00+00:00,5140.73
2025-01-23 20:00:00+00:00,5036.79
2025-01-23 20:30:00+00:00,4949.68
2025-01-23 21:00:00+00:00,4824.44
2025-01-23 21:30:00+00:00,4656.73
2025-01-23 22:00:00+00:00,4498.35
2025-01-23 22:30:00+00:00,4353.87
2025-01-23 23:00:00+00:00,4188.42
2025-01-23 23:30:00+00:00,4125.17
2025-01-24 00:00:00+00:00,3950.83
2025-01-24 00:30:00+00:00,3766.67
2025-01-24 01:00:00+00:00,3601.66
2025-01-24 01:30:00+00:00,3506.7
2025-01-24 02:00:00+00:00,3360.77
2025-01-24 02:30:00+00:00,3312.33
2025-01-24 03:00:00+00:00,3236.17
2025-01-24 03:30:00+00:00,3161.9
2025-01-24 04:00:00+00:00,3061.08
2025-01-24 04:30:00+00:00,2991.77
2025-01-24 05:00:00+00:00,2974.72
2025-01-24 05:30:00+00:00,2932.78
2025-01-24 06:00:00+00:00,2935.7
2025-01-24 06:30:00+00:00,2954.56
2025-01-24 07:00:00+00:00,2986.45
2025-01-24 07:30:00+00:00,3051.52
2025-01-24 08:00:00+00:00,3049.22
2025-01-24 08:30:00+00:00,3096.75
2025-01-24 09:00:00+00:00,3188.48
2025-01-24 09:30:00+00:00,3258.11
2025-01-24 10:00:00+00:00,3273.9
2025-01-24 10:30:00+00:00,3355.23
2025-01-24 11:00:00+00:00,3415.56
2025-01-24 11:30:00+00:00,3489.89
2025-01-24 12:00:00+00:00,3600.0
2025-01-24 12:30:00+00:00,3664.55
2025-01-24 13:00:00+00:00,3727.21
2025-01-24 13:30:00+00:00,3750.2
2025-01-24 14:00:00+00:00,3769.68
2025-01-24 14:30:00+00:00,3833.09
2025-01-24 15:00:00+00:00,3849.94
2025-01-24 15:30:00+00:00,3934.65
2025-01-24 16:00:00+00:00,4016.25
2025-01-24 16:30:00+00:00,4140.64
2025-01-24 17:00:00+00:00,4251.65
2025-01-24 17:30:00+00:00,4419.66
2025-01-24 18:00:00+00:00,4455.06
2025-01-24 18:30:00+00:00,4428.81
2025-01-24 19:00:00+00:00,4390.79
2025-01-24 19:30:00+00:00,4276.12
2025-01-24 20:00:00+00:00,4216.37
2025-01-24 20:30:00+00:00,4122.19
2025-01-24 21:00:00+00:00,4036.29
2025-01-24 21:30:00+00:00,3932.51
2025-01-24 22:00:00+00:00,3809.83
2025-01-24 22:30:00+00:00,3677.9
2025-01-24 23:00:00+00:00,3595.23
2025-01-24 23:30:00+00:00,3602.51
2025-01-25 00:00:00+00:00,3480.96
2025-01-25 00:30:00+00:00,3431.91
2025-01-25 01:00:00+00:00,3336.92
2025-01-25 01:30:00+00:00,3274.56
2025-01-25 02:00:00+00:00,3202.47
2025-01-25 02:30:00+00:00,3217.57
2025-01-25 03:00:00+00:00,3194.68
2025-01-25 03:30:00+00:00,3144.04
2025-01-25 04:00:00+00:00,3122.93
2025-01-25 04:30:00+00:00,3088.56
2025-01-25 05:00:00+00:00,3079.4
2025-01-25 05:30:00+00:00,3099.18
2025-01-25 06:00:00+00:00,3152.83
2025-01-25 06:30:00+00:00,3237.91
2025-01-25 07:00:00+00:00,3328.63
2025-01-25 07:30:00+00:00,3451.33
2025-01-25 08:00:00+00:00,3531.23
2025-01-25 08:30:00+00:00,3656.63
2025-01-25 09:00:00+00:00,3815.04
2025-01-25 09:30:00+00:00,3948.96
2025-01-25 10:00:00+00:00,3990.63
2025-01-25 10:30:00+00:00,4024.69
2025-01-25 11:00:00+00:00,4058.44
2025-01-25 11:30:00+00:00,4078.27
2025-01-25 12:00:00+00:00,4078.24
2025-01-25 12:30:00+00:00,4110.43
2025-01-25 13:00:00+00:00,4132.18
2025-01-25 13:30:00+00:00,4124.86
2025-01-25 14:00:00+00:00,4104.76
2025-01-25 14:30:00+00:00,4137.16
2025-01-25 15:00:00+00:00,4169.91
2025-01-25 15:30:00+00:00,4263.3
2025-01-25 16:00:00+00:00,4313.33
2025-01-25 16:30:00+00:00,4409.6
2025-01-25 17:00:00+00:00,4496.44
2025-01-25 17:30:00+00:00,4676.21
2025-01-25 18:00:00+00:00,4736.58
2025-01-25 18:30:00+00:00,4640.68
2025-01-25 19:00:00+00:00,4565.09
2025-01-25 19:30:00+00:00,4440.92
2025-01-25 20:00:00+00:00,4362.16
2025-01-25 20:30:00+00:00,4269.2
2025-01-25 21:00:00+00:00,4187.76
2025-01-25 21:30:00+00:00,4116.0
2025-01-25 22:00:00+00:00,3990.86
2025-01-25 22:30:00+00:00,3886.27
2025-01-25 23:00:00+00:00,3809.73
2025-01-25 23:30:00+00:00,3820.3
2025-01-26 00:00:00+00:00,3709.74
2025-01-26 00:30:00+00:00,3638.84
2025-01-26 01:00:00+00:00,3542.18
2025-01-26 01:30:00+00:00,3449.99
2025-01-26 02:00:00+00:00,3415.43
2025-01-26 02:30:00+00:00,3410.68
2025-01-26 03:00:00+00:00,3364.26
2025-01-26 03:30:00+00:00,3308.3
2025-01-26 04:00:00+00:00,3277.42
2025-01-26 04:30:00+00:00,3242.4
2025-01-26 05:00:00+00:00,3235.29
2025-01-26 05:30:00+00:00,3218.77
2025-01-26 06:00:00+00:00,3219.54
2025-01-26 06:30:00+00:00,3264.9
2025-01-26 07:00:00+00:00,3304.05
2025-01-26 07:30:00+00:00,3347.48
2025-01-26 08:00:00+00:00,3415.36
2025-01-26 08:30:00+00:00,3537.26
2025-01-26 09:00:00+00:00,3658.81
2025-01-26 09:30:00+00:00,3877.55
2025-01-26 10:00:00+00:00,4023.55
2025-01-26 10:30:00+00:00,4160.06
2025-01-26 11:00:00+00:00,4272.44
2025-01-26 11:30:00+00:00,4346.18
2025-01-26 12:00:00+00:00,4371.2
2025-01-26 12:30:00+00:00,4499.71
2025-01-26 13:00:00+00:00,4576.97
2025-01-26 13:30:00+00:00,4495.35
2025-01-26 14:00:00+00:00,4468.07
2025-01-26 14:30:00+00:00,4442.42
2025-01-26 15:00:00+00:00,4414.48
2025-01-26 15:30:00+00:00,4396.86
2025-01-26 16:00:00+00:00,4420.57
2025-01-26 16:30:00+00:00,4435.25
2025-01-26 17:00:00+00:00,4521.2
2025-01-26 17:30:00+00:00,4697.11
2025-01-26 18:00:00+00:00,4735.76
2025-01-26 18:30:00+00:00,4691.01
2025-01-26 19:00:00+00:00,4541.38
2025-01-26 19:30:00+00:00,4451.7
2025-01-26 20:00:00+00:00,4371.64
2025-01-26 20:30:00+00:00,4273.25
2025-01-26 21:00:00+00:00,4174.98
2025-01-26 21:30:00+00:00,4076.13
2025-01-26 22:00:00+00:00,3899.01
2025-01-26 22:30:00+00:00,3747.0
2025-01-26 23:00:00+00:00,3594.84
2025-01-26 23:30:00+00:00,3603.01
2025-01-27 00:00:00+00:00,3476.52
2025-01-27 00:30:00+00:00,3413.64
2025-01-27 01:00:00+00:00,3339.09
2025-01-27 01:30:00+00:00,3272.11
2025-01-27 02:00:00+00:00,3215.08
2025-01-27 02:30:00+00:00,3217.56
2025-01-27 03:00:00+00:00,3195.49
2025-01-27 03:30:00+00:00,3156.8
2025-01-27 04:00:00+00:00,3159.83
2025-01-27 04:30:00+00:00,3135.73
2025-01-27 05:00:00+00:00,3119.59
2025-01-27 05:30:00+00:00,3181.54
2025-01-27 06:00:00+00:00,3328.23
2025-01-27 06:30:00+00:00,3551.61
2025-01-27 07:00:00+00:00,3841.3
2025-01-27 07:30:00+00:00,4200.05
2025-01-27 08:00:00+00:00,4383.22
2025-01-27 08:30:00+00:00,4479.49
2025-01-27 09:00:00+00:00,4626.34
2025-01-27 09:30:00+00:00,4749.32
2025-01-27 10:00:00+00:00,4778.46
2025-01-27 10:30:00+00:00,4751.39
2025-01-27 11:00:00+00:00,4794.47
2025-01-27 11:30:00+00:00,4753.87
2025-01-27 12:00:00+00:00,4800.02
2025-01-27 12:30:00+00:00,4797.64
2025-01-27 13:00:00+00:00,4841.11
2025-01-27 13:30:00+00:00,4788.48
2025-01-27 14:00:00+00:00,4782.66
2025-01-27 14:30:00+00:00,4768.95
2025-01-27 15:00:00+00:00,4788.23
2025-01-27 15:30:00+00:00,4819.83
2025-01-27 16:00:00+00:00,4860.0
2025-01-27 16:30:00+00:00,4962.35
2025-01-27 17:00:00+00:00,5073.01
2025-01-27 17:30:00+00:00,5253.17
2025-01-27 18:00:00+00:00,5283.73
2025-01-27 18:30:00+00:00,5196.51
2025-01-27 19:00:00+00:00,5153.52
2025-01-27 19:30:00+00:00,5077.57
2025-01-27 20:00:00+00:00,4957.71
2025-01-27 20:30:00+00:00,4864.83
2025-01-27 21:00:00+00:00,4755.58
2025-01-27 21:30:00+00:00,4553.95
2025-01-27 22:00:00+00:00,4328.05
2025-01-27 22:30:00+00:00,4140.68
2025-01-27 23:00:00+00:00,3948.74
2025-01-27 23:30:00+00:00,3895.65
2025-01-28 00:00:00+00:00,3769.33
2025-01-28 00:30:00+00:00,3667.28
2025-01-28 01:00:00+00:00,3612.99
2025-01-28 01:30:00+00:00,3525.44
2025-01-28 02:00:00+00:00,3510.21
2025-01-28 02:30:00+00:00,3556.35
2025-01-28 03:00:00+00:00,3483.44
2025-01-28 03:30:00+00:00,3491.63
2025-01-28 04:00:00+00:00,3429.16
2025-01-28 04:30:00+00:00,3396.01
2025-01-28 05:00:00+00:00,3390.32
2025-01-28 05:30:00+00:00,3443.36
2025-01-28 06:00:00+00:00,3564.94
2025-01-28 06:30:00+00:00,3787.07
2025-01-28 07:00:00+00:00,4091.31
2025-01-28 07:30:00+00:00,4445.8
2025-01-28 08:00:00+00:00,4611.88
2025-01-28 08:30:00+00:00,4654.95
2025-01-28 09:00:00+00:00,4743.91
2025-01-28 09:30:00+00:00,4857.08
2025-01-28 10:00:00+00:00,4900.95
2025-01-28 10:30:00+00:00,4890.12
2025-01-28 11:00:00+00:00,4929.97
2025-01-28 11:30:00+00:00,4920.74
2025-01-28 12:00:00+00:00,4856.95
2025-01-28 12:30:00+00:00,4881.16
2025-01-28 13:00:00+00:00,4835.54
2025-01-28 13:30:00+00:00,4803.4
2025-01-28 14:00:00+00:00,4778.59
2025-01-28 14:30:00+00:00,4780.85
2025-01-28 15:00:00+00:00,4789.54
2025-01-28 15:30:00+00:00,4761.42
2025-01-28 16:00:00+00:00,4783.28
2025-01-28 16:30:00+00:00,4881.51
2025-01-28 17:00:00+00:00,5010.37
2025-01-28 17:30:00+00:00,5222.88
2025-01-28 18:00:00+00:00,5273.76
2025-01-28 18:30:00+00:00,5214.56
2025-01-28 19:00:00+00:00,5135.48
2025-01-28 19:30:00+00:00,5050.56
2025-01-28 20:00:00+00:00,4942.92
2025-01-28 20:30:00+00:00,4872.48
2025-01-28 21:00:00+00:00,4783.25
2025-01-28 21:30:00+00:00,4604.36
2025-01-28 22:00:00+00:00,4414.31
2025-01-28 22:30:00+00:00,4218.23
2025-01-28 23:00:00+00:00,4028.41
2025-01-28 23:30:00+00:00,3995.76
2025-01-29 00:00:00+00:00,3879.98
2025-01-29 00:30:00+00:00,3803.96
2025-01-29 01:00:00+00:00,3708.21
2025-01-29 01:30:00+00:00,3652.69
2025-01-29 02:00:00+00:00,3633.55
2025-01-29 02:30:00+00:00,3673.35
2025-01-29 03:00:00+00:00,3621.58
2025-01-29 03:30:00+00:00,3574.79
2025-01-29 04:00:00+00:00,3565.27
2025-01-29 04:30:00+00:00,3547.2
2025-01-29 05:00:00+00:00,3542.07
2025-01-29 05:30:00+00:00,3582.38
2025-01-29 06:00:00+00:00,3731.59
2025-01-29 06:30:00+00:00,3982.6
2025-01-29 07:00:00+00:00,4259.07
2025-01-29 07:30:00+00:00,4653.55
2025-01-29 08:00:00+00:00,4807.27
2025-01-29 08:30:00+00:00,4866.24
2025-01-29 09:00:00+00:00,4914.56
2025-01-29 09:30:00+00:00,4991.53
2025-01-29 10:00:00+00:00,4970.19
2025-01-29 10:30:00+00:00,4944.18
2025-01-29 11:00:00+00:00,4925.82
2025-01-29 11:30:00+00:00,4821.16
2025-01-29 12:00:00+00:00,4773.25
2025-01-29 12:30:00+00:00,4699.2
2025-01-29 13:00:00+00:00,4659.22
2025-01-29 13:30:00+00:00,4586.84
2025-01-29 14:00:00+00:00,4575.71
2025-01-29 14:30:00+00:00,4556.01
2025-01-29 15:00:00+00:00,4674.2
2025-01-29 15:30:00+00:00,4743.72
2025-01-29 16:00:00+00:00,4790.59
2025-01-29 16:30:00+00:00,4922.09
2025-01-29 17:00:00+00:00,5017.12
2025-01-29 17:30:00+00:00,5212.66
2025-01-29 18:00:00+00:00,5300.57
2025-01-29 18:30:00+00:00,5292.95
2025-01-29 19:00:00+00:00,5228.19
2025-01-29 19:30:00+00:00,5188.3
2025-01-29 20:00:00+00:00,5047.58
2025-01-29 20:30:00+00:00,4962.06
2025-01-29 21:00:00+00:00,4872.62
2025-01-29 21:30:00+00:00,4691.81
2025-01-29 22:00:00+00:00,4517.26
2025-01-29 22:30:00+00:00,4323.63
2025-01-29 23:00:00+00:00,4186.34
2025-01-29 23:30:00+00:00,4120.54
2025-01-30 00:00:00+00:00,3948.93
2025-01-30 00:30:00+00:00,3868.58
2025-01-30 01:00:00+00:00,3772.42
2025-01-30 01:30:00+00:00,3703.19
2025-01-30 02:00:00+00:00,3662.52
2025-01-30 02:30:00+00:00,3678.28
2025-01-30 03:00:00+00:00,3652.27
2025-01-30 03:30:00+00:00,3669.42
2025-01-30 04:00:00+00:00,3678.24
2025-01-30 04:30:00+00:00,3665.57
2025-01-30 05:00:00+00:00,3653.05
2025-01-30 05:30:00+00:00,3714.68
2025-01-30 06:00:00+00:00,3836.77
2025-01-30 06:30:00+00:00,4058.27
2025-01-30 07:00:00+00:00,4367.18
2025-01-30 07:30:00+00:00,4760.35
2025-01-30 08:00:00+00:00,4954.97
2025-01-30 08:30:00+00:00,5008.22
2025-01-30 09:00:00+00:00,5062.62
2025-01-30 09:30:00+00:00,5141.78
2025-01-30 10:00:00+00:00,5115.66
2025-01-30 10:30:00+00:00,5053.12
2025-01-30 11:00:00+00:00,5036.2
2025-01-30 11:30:00+00:00,4993.58
2025-01-30 12:00:00+00:00,4964.29
2025-01-30 12:30:00+00:00,4977.89
2025-01-30 13:00:00+00:00,4999.56
2025-01-30 13:30:00+00:00,4907.56
2025-01-30 14:00:00+00:00,4853.83
2025-01-30 14:30:00+00:00,4844.09
2025-01-30 15:00:00+00:00,4837.59
2025-01-30 15:30:00+00:00,4876.31
2025-01-30 16:00:00+00:00,4939.44
2025-01-30 16:30:00+00:00,5065.92
2025-01-30 17:00:00+00:00,5206.75
2025-01-30 17:30:00+00:00,5378.67
2025-01-30 18:00:00+00:00,5419.87
2025-01-30 18:30:00+00:00,5416.48
2025-01-30 19:00:00+00:00,5348.01
2025-01-30 19:30:00+00:00,5275.51
2025-01-30 20:00:00+00:00,5145.15
2025-01-30 20:30:00+00:00,5057.79
2025-01-30 21:00:00+00:00,4908.4
2025-01-30 21:30:00+00:00,4697.16
2025-01-30 22:00:00+00:00,4472.47
2025-01-30 22:30:00+00:00,4333.71
2025-01-30 23:00:00+00:00,4144.48
2025-01-30 23:30:00+00:00,4108.48
2025-01-31 00:00:00+00:00,3973.28
2025-01-31 00:30:00+00:00,3842.29
2025-01-31 01:00:00+00:00,3688.96
2025-01-31 01:30:00+00:00,3662.53
2025-01-31 02:00:00+00:00,3561.71
2025-01-31 02:30:00+00:00,3639.03
2025-01-31 03:00:00+00:00,3583.06
2025-01-31 03:30:00+00:00,3574.9
2025-01-31 04:00:00+00:00,3555.04
2025-01-31 04:30:00+00:00,3533.31
2025-01-31 05:00:00+00:00,3553.99
2025-01-31 05:30:00+00:00,3590.04
2025-01-31 06:00:00+00:00,3707.14
2025-01-31 06:30:00+00:00,3929.8
2025-01-31 07:00:00+00:00,4214.01
2025-01-31 07:30:00+00:00,4633.78
2025-01-31 08:00:00+00:00,4806.52
2025-01-31 08:30:00+00:00,4888.79
2025-01-31 09:00:00+00:00,4968.98
2025-01-31 09:30:00+00:00,5009.13
2025-01-31 10:00:00+00:00,4946.9
2025-01-31 10:30:00+00:00,4894.61
2025-01-31 11:00:00+00:00,4832.69
2025-01-31 11:30:00+00:00,4779.78
2025-01-31 12:00:00+00:00,4703.82
2025-01-31 12:30:00+00:00,4684.2
2025-01-31 13:00:00+00:00,4653.64
2025-01-31 13:30:00+00:00,4571.28
2025-01-31 14:00:00+00:00,4544.19
2025-01-31 14:30:00+00:00,4549.28
2025-01-31 15:00:00+00:00,4573.23
2025-01-31 15:30:00+00:00,4654.04
2025-01-31 16:00:00+00:00,4721.52
2025-01-31 16:30:00+00:00,4824.48
2025-01-31 17:00:00+00:00,4932.85
2025-01-31 17:30:00+00:00,5158.95
2025-01-31 18:00:00+00:00,5235.67
2025-01-31 18:30:00+00:00,5191.9
2025-01-31 19:00:00+00:00,5125.65
2025-01-31 19:30:00+00:00,5067.4
2025-01-31 20:00:00+00:00,4932.54
2025-01-31 20:30:00+00:00,4822.52
2025-01-31 21:00:00+00:00,4673.33
2025-01-31 21:30:00+00:00,4550.24
2025-01-31 22:00:00+00:00,4391.52
2025-01-31 22:30:00+00:00,4271.58
2025-01-31 23:00:00+00:00,4099.64
2025-01-31 23:30:00+00:00,4133.95
2025-02-01 00:00:00+00:00,3959.53
2025-02-01 00:30:00+00:00,3818.36
2025-02-01 01:00:00+00:00,3752.12
2025-02-01 01:30:00+00:00,3654.09
2025-02-01 02:00:00+00:00,3604.51
2025-02-01 02:30:00+00:00,3613.98
2025-02-01 03:00:00+00:00,3540.33
2025-02-01 03:30:00+00:00,3518.35
2025-02-01 04:00:00+00:00,3502.85
2025-02-01 04:30:00+00:00,3486.01
2025-02-01 05:00:00+00:00,3430.6
2025-02-01 05:30:00+00:00,3440.7
2025-02-01 06:00:00+00:00,3487.97
2025-02-01 06:30:00+00:00,3555.57
2025-02-01 07:00:00+00:00,3695.67
2025-02-01 07:30:00+00:00,3816.03
2025-02-01 08:00:00+00:00,3868.87
2025-02-01 08:30:00+00:00,3972.37
2025-02-01 09:00:00+00:00,4145.86
2025-02-01 09:30:00+00:00,4313.49
2025-02-01 10:00:00+00:00,4404.95
2025-02-01 10:30:00+00:00,4428.0
2025-02-01 11:00:00+00:00,4447.46
2025-02-01 11:30:00+00:00,4463.98
2025-02-01 12:00:00+00:00,4487.53
2025-02-01 12:30:00+00:00,4521.93
2025-02-01 13:00:00+00:00,4516.92
2025-02-01 13:30:00+00:00,4518.56
2025-02-01 14:00:00+00:00,4510.37
2025-02-01 14:30:00+00:00,4484.97
2025-02-01 15:00:00+00:00,4458.84
2025-02-01 15:30:00+00:00,4491.27
2025-02-01 16:00:00+00:00,4519.59
2025-02-01 16:30:00+00:00,4603.3
2025-02-01 17:00:00+00:00,4649.78
2025-02-01 17:30:00+00:00,4786.27
2025-02-01 18:00:00+00:00,4775.37
2025-02-01 18:30:00+00:00,4734.21
2025-02-01 19:00:00+00:00,4747.72
2025-02-01 19:30:00+00:00,4640.2
2025-02-01 20:00:00+00:00,4504.78
2025-02-01 20:30:00+00:00,4406.33
2025-02-01 21:00:00+00:00,4272.81
2025-02-01 21:30:00+00:00,4203.4
2025-02-01 22:00:00+00:00,4085.77
2025-02-01 22:30:00+00:00,3956.33
2025-02-01 23:00:00+00:00,3841.37
2025-02-01 23:30:00+00:00,3783.51
2025-02-02 00:00:00+00:00,3753.78
2025-02-02 00:30:00+00:00,3691.61
2025-02-02 01:00:00+00:00,3590.11
2025-02-02 01:30:00+00:00,3480.27
2025-02-02 02:00:00+00:00,3423.53
2025-02-02 02:30:00+00:00,3412.96
2025-02-02 03:00:00+00:00,3316.68
2025-02-02 03:30:00+00:00,3282.59
2025-02-02 04:00:00+00:00,3315.24
2025-02-02 04:30:00+00:00,3287.14
2025-02-02 05:00:00+00:00,3265.1
2025-02-02 05:30:00+00:00,3279.14
2025-02-02 06:00:00+00:00,3299.94
2025-02-02 06:30:00+00:00,3320.47
2025-02-02 07:00:00+00:00,3385.79
2025-02-02 07:30:00+00:00,3485.1
2025-02-02 08:00:00+00:00,3558.94
2025-02-02 08:30:00+00:00,3641.6
2025-02-02 09:00:00+00:00,3811.04
2025-02-02 09:30:00+00:00,3966.51
2025-02-02 10:00:00+00:00,4068.89
2025-02-02 10:30:00+00:00,4154.59
2025-02-02 11:00:00+00:00,4197.82
2025-02-02 11:30:00+00:00,4217.19
2025-02-02 12:00:00+00:00,4212.37
2025-02-02 12:30:00+00:00,4236.32
2025-02-02 13:00:00+00:00,4222.07
2025-02-02 13:30:00+00:00,4184.36
2025-02-02 14:00:00+00:00,4125.23
2025-02-02 14:30:00+00:00,4087.2
2025-02-02 15:00:00+00:00,4088.01
2025-02-02 15:30:00+00:00,4130.64
2025-02-02 16:00:00+00:00,4159.02
2025-02-02 16:30:00+00:00,4232.75
2025-02-02 17:00:00+00:00,4343.79
2025-02-02 17:30:00+00:00,4545.37
2025-02-02 18:00:00+00:00,4649.36
2025-02-02 18:30:00+00:00,4631.98
2025-02-02 19:00:00+00:00,4546.77
2025-02-02 19:30:00+00:00,4465.33
2025-02-02 20:00:00+00:00,4394.43
2025-02-02 20:30:00+00:00,4302.47
2025-02-02 21:00:00+00:00,4214.4
2025-02-02 21:30:00+00:00,4083.01
2025-02-02 22:00:00+00:00,3941.4
2025-02-02 22:30:00+00:00,3791.01
2025-02-02 23:00:00+00:00,3710.88
2025-02-02 23:30:00+00:00,3761.77
2025-02-03 00:00:00+00:00,3661.09
2025-02-03 00:30:00+00:00,3616.25
2025-02-03 01:00:00+00:00,3494.98
2025-02-03 01:30:00+00:00,3427.8
2025-02-03 02:00:00+00:00,3374.37
2025-02-03 02:30:00+00:00,3407.33
2025-02-03 03:00:00+00:00,3369.76
2025-02-03 03:30:00+00:00,3342.65
2025-02-03 04:00:00+00:00,3309.96
2025-02-03 04:30:00+00:00,3269.53
2025-02-03 05:00:00+00:00,3282.21
2025-02-03 05:30:00+00:00,3301.39
2025-02-03 06:00:00+00:00,3339.92
2025-02-03 06:30:00+00:00,3387.91
2025-02-03 07:00:00+00:00,3455.61
2025-02-03 07:30:00+00:00,3567.82
2025-02-03 08:00:00+00:00,3611.48
2025-02-03 08:30:00+00:00,3687.68
2025-02-03 09:00:00+00:00,3811.97
2025-02-03 09:30:00+00:00,3957.25
2025-02-03 10:00:00+00:00,4054.22
2025-02-03 10:30:00+00:00,4118.55
2025-02-03 11:00:00+00:00,4195.94
2025-02-03 11:30:00+00:00,4235.82
2025-02-03 12:00:00+00:00,4276.22
2025-02-03 12:30:00+00:00,4316.32
2025-02-03 13:00:00+00:00,4325.79
2025-02-03 13:30:00+00:00,4301.18
2025-02-03 14:00:00+00:00,4293.95
2025-02-03 14:30:00+00:00,4296.94
2025-02-03 15:00:00+00:00,4336.26
2025-02-03 15:30:00+00:00,4368.59
2025-02-03 16:00:00+00:00,4415.25
2025-02-03 16:30:00+00:00,4529.04
2025-02-03 17:00:00+00:00,4653.83
2025-02-03 17:30:00+00:00,4875.03
2025-02-03 18:00:00+00:00,4946.81
2025-02-03 18:30:00+00:00,4904.64
2025-02-03 19:00:00+00:00,4834.82
2025-02-03 19:30:00+00:00,4717.08
2025-02-03 20:00:00+00:00,4615.68
2025-02-03 20:30:00+00:00,4508.04
2025-02-03 21:00:00+00:00,4394.74
2025-02-03 21:30:00+00:00,4228.93
2025-02-03 22:00:00+00:00,4025.87
2025-02-03 22:30:00+00:00,3857.69
2025-02-03 23:00:00+00:00,3710.77
2025-02-03 23:30:00+00:00,3721.38
2025-02-04 00:00:00+00:00,3575.85
2025-02-04 00:30:00+00:00,3493.88
2025-02-04 01:00:00+00:00,3411.56
2025-02-04 01:30:00+00:00,3340.3
2025-02-04 02:00:00+00:00,3313.14
2025-02-04 02:30:00+00:00,3316.46
2025-02-04 03:00:00+00:00,3230.66
2025-02-04 03:30:00+00:00,3183.88
2025-02-04 04:00:00+00:00,3148.69
2025-02-04 04:30:00+00:00,3188.73
2025-02-04 05:00:00+00:00,3224.95
2025-02-04 05:30:00+00:00,3275.64
2025-02-04 06:00:00+00:00,3442.63
2025-02-04 06:30:00+00:00,3571.54
2025-02-04 07:00:00+00:00,4022.72
2025-02-04 07:30:00+00:00,4389.84
2025-02-04 08:00:00+00:00,4539.71
2025-02-04 08:30:00+00:00,4607.79
2025-02-04 09:00:00+00:00,4664.27
2025-02-04 09:30:00+00:00,4730.91
2025-02-04 10:00:00+00:00,4683.97
2025-02-04 10:30:00+00:00,4638.33
2025-02-04 11:00:00+00:00,4574.19
2025-02-04 11:30:00+00:00,4512.48
2025-02-04 12:00:00+00:00,4457.34
2025-02-04 12:30:00+00:00,4450.24
2025-02-04 13:00:00+00:00,4506.54
2025-02-04 13:30:00+00:00,4485.75
2025-02-04 14:00:00+00:00,4443.47
2025-02-04 14:30:00+00:00,4455.19
2025-02-04 15:00:00+00:00,4491.15
2025-02-04 15:30:00+00:00,4568.48
2025-02-04 16:00:00+00:00,4715.24
2025-02-04 16:30:00+00:00,4780.86
2025-02-04 17:00:00+00:00,4889.27
2025-02-04 17:30:00+00:00,5125.72
2025-02-04 18:00:00+00:00,5218.7
2025-02-04 18:30:00+00:00,5198.82
2025-02-04 19:00:00+00:00,5145.34
2025-02-04 19:30:00+00:00,5049.44
2025-02-04 20:00:00+00:00,4978.64
2025-02-04 20:30:00+00:00,4899.55
2025-02-04 21:00:00+00:00,4720.06
2025-02-04 21:30:00+00:00,4554.68
2025-02-04 22:00:00+00:00,4359.01
2025-02-04 22:30:00+00:00,4155.9
2025-02-04 23:00:00+00:00,4007.0
2025-02-04 23:30:00+00:00,3960.9
2025-02-05 00:00:00+00:00,3847.37
2025-02-05 00:30:00+00:00,3732.42
2025-02-05 01:00:00+00:00,3670.55
2025-02-05 01:30:00+00:00,3616.12
2025-02-05 02:00:00+00:00,3561.26
2025-02-05 02:30:00+00:00,3586.89
2025-02-05 03:00:00+00:00,3552.29
2025-02-05 03:30:00+00:00,3544.7
2025-02-05 04:00:00+00:00,3498.23
2025-02-05 04:30:00+00:00,3487.21
2025-02-05 05:00:00+00:00,3512.84
2025-02-05 05:30:00+00:00,3594.68
2025-02-05 06:00:00+00:00,3751.85
2025-02-05 06:30:00+00:00,4002.65
2025-02-05 07:00:00+00:00,4326.18
2025-02-05 07:30:00+00:00,4711.76
2025-02-05 08:00:00+00:00,4845.89
2025-02-05 08:30:00+00:00,4902.1
2025-02-05 09:00:00+00:00,4973.23
2025-02-05 09:30:00+00:00,5014.17
2025-02-05 10:00:00+00:00,4978.55
2025-02-05 10:30:00+00:00,4891.39
2025-02-05 11:00:00+00:00,4818.18
2025-02-05 11:30:00+00:00,4749.58
2025-02-05 12:00:00+00:00,4670.34
2025-02-05 12:30:00+00:00,4647.11
2025-02-05 13:00:00+00:00,4607.83
2025-02-05 13:30:00+00:00,4527.29
2025-02-05 14:00:00+00:00,4508.4
2025-02-05 14:30:00+00:00,4538.65
2025-02-05 15:00:00+00:00,4562.22
2025-02-05 15:30:00+00:00,4632.09
2025-02-05 16:00:00+00:00,4719.54
2025-02-05 16:30:00+00:00,4841.13
2025-02-05 17:00:00+00:00,4981.74
2025-02-05 17:30:00+00:00,5189.16
2025-02-05 18:00:00+00:00,5380.17
2025-02-05 18:30:00+00:00,5369.87
2025-02-05 19:00:00+00:00,5319.27
2025-02-05 19:30:00+00:00,5255.44
2025-02-05 20:00:00+00:00,5153.46
2025-02-05 20:30:00+00:00,5068.46
2025-02-05 21:00:00+00:00,4925.97
2025-02-05 21:30:00+00:00,4732.99
2025-02-05 22:00:00+00:00,4516.14
2025-02-05 22:30:00+00:00,4297.76
2025-02-05 23:00:00+00:00,4139.17
2025-02-05 23:30:00+00:00,4133.17
2025-02-06 00:00:00+00:00,4004.22
2025-02-06 00:30:00+00:00,3887.17
2025-02-06 01:00:00+00:00,3783.17
2025-02-06 01:30:00+00:00,3731.99
2025-02-06 02:00:00+00:00,3697.02
2025-02-06 02:30:00+00:00,3745.85
2025-02-06 03:00:00+00:00,3707.69
2025-02-06 03:30:00+00:00,3692.79
2025-02-06 04:00:00+00:00,3667.96
2025-02-06 04:30:00+00:00,3647.3
2025-02-06 05:00:00+00:00,3666.47
2025-02-06 05:30:00+00:00,3703.3
2025-02-06 06:00:00+00:00,3820.25
2025-02-06 06:30:00+00:00,4071.45
2025-02-06 07:00:00+00:00,4417.2
2025-02-06 07:30:00+00:00,4825.35
2025-02-06 08:00:00+00:00,4958.41
2025-02-06 08:30:00+00:00,5028.65
2025-02-06 09:00:00+00:00,5034.71
2025-02-06 09:30:00+00:00,5057.92
2025-02-06 10:00:00+00:00,4943.04
2025-02-06 10:30:00+00:00,4860.74
2025-02-06 11:00:00+00:00,4775.53
2025-02-06 11:30:00+00:00,4740.2
2025-02-06 12:00:00+00:00,4679.13
2025-02-06 12:30:00+00:00,4653.05
2025-02-06 13:00:00+00:00,4619.52
2025-02-06 13:30:00+00:00,4531.0
2025-02-06 14:00:00+00:00,4501.29
2025-02-06 14:30:00+00:00,4524.41
2025-02-06 15:00:00+00:00,4564.88
2025-02-06 15:30:00+00:00,4609.31
2025-02-06 16:00:00+00:00,4678.37
2025-02-06 16:30:00+00:00,4847.34
2025-02-06 17:00:00+00:00,4936.43
2025-02-06 17:30:00+00:00,4936.43
2025-02-06 18:00:00+00:00,4936.43
2025-02-06 18:30:00+00:00,5392.75
2025-02-06 19:00:00+00:00,5359.18
2025-02-06 19:30:00+00:00,5359.18
2025-02-06 20:00:00+00:00,5162.81
2025-02-06 20:30:00+00:00,5069.4
2025-02-06 21:00:00+00:00,4919.56
2025-02-06 21:30:00+00:00,4753.34
2025-02-06 22:00:00+00:00,4548.54
2025-02-06 22:30:00+00:00,4350.47
2025-02-06 23:00:00+00:00,4177.74
2025-02-06 23:30:00+00:00,4173.48
2025-02-07 00:00:00+00:00,4037.25
2025-02-07 00:30:00+00:00,3941.42
2025-02-07 01:00:00+00:00,3861.42
2025-02-07 01:30:00+00:00,3801.24
2025-02-07 02:00:00+00:00,3688.67
2025-02-07 02:30:00+00:00,3750.36
2025-02-07 03:00:00+00:00,3688.98
2025-02-07 03:30:00+00:00,3653.68
2025-02-07 04:00:00+00:00,3625.8
2025-02-07 04:30:00+00:00,3637.64
2025-02-07 05:00:00+00:00,3635.83
2025-02-07 05:30:00+00:00,3660.95
2025-02-07 06:00:00+00:00,3803.15
2025-02-07 06:30:00+00:00,4068.32
2025-02-07 07:00:00+00:00,4371.45
2025-02-07 07:30:00+00:00,4798.98
2025-02-07 08:00:00+00:00,4917.61
2025-02-07 08:30:00+00:00,4986.87
2025-02-07 09:00:00+00:00,5041.26
2025-02-07 09:30:00+00:00,5111.17
2025-02-07 10:00:00+00:00,5085.69
2025-02-07 10:30:00+00:00,5021.57
2025-02-07 11:00:00+00:00,4982.95
2025-02-07 11:30:00+00:00,4963.6
2025-02-07 12:00:00+00:00,4917.98
2025-02-07 12:30:00+00:00,4920.48
2025-02-07 13:00:00+00:00,4875.66
2025-02-07 13:30:00+00:00,4802.17
2025-02-07 14:00:00+00:00,4805.33
2025-02-07 14:30:00+00:00,4815.73
2025-02-07 15:00:00+00:00,4815.61
2025-02-07 15:30:00+00:00,4888.03
2025-02-07 16:00:00+00:00,4950.9
2025-02-07 16:30:00+00:00,5033.71
2025-02-07 17:00:00+00:00,5115.28
2025-02-07 17:30:00+00:00,5268.22
2025-02-07 18:00:00+00:00,5416.79
2025-02-07 18:30:00+00:00,5378.8
2025-02-07 19:00:00+00:00,5298.02
2025-02-07 19:30:00+00:00,5186.41
2025-02-07 20:00:00+00:00,5055.82
2025-02-07 20:30:00+00:00,4937.3
2025-02-07 21:00:00+00:00,4803.24
2025-02-07 21:30:00+00:00,4643.35
2025-02-07 22:00:00+00:00,4499.6
2025-02-07 22:30:00+00:00,4314.38
2025-02-07 23:00:00+00:00,4153.28
2025-02-07 23:30:00+00:00,4175.92
2025-02-08 00:00:00+00:00,4061.93
2025-02-08 00:30:00+00:00,3960.29
2025-02-08 01:00:00+00:00,3855.84
2025-02-08 01:30:00+00:00,3765.96
2025-02-08 02:00:00+00:00,3704.82
2025-02-08 02:30:00+00:00,3746.31
2025-02-08 03:00:00+00:00,3675.93
2025-02-08 03:30:00+00:00,3627.84
2025-02-08 04:00:00+00:00,3592.31
2025-02-08 04:30:00+00:00,3576.48
2025-02-08 05:00:00+00:00,3550.86
2025-02-08 05:30:00+00:00,3592.04
2025-02-08 06:00:00+00:00,3637.91
2025-02-08 06:30:00+00:00,3743.93
2025-02-08 07:00:00+00:00,3849.84
2025-02-08 07:30:00+00:00,4014.32
2025-02-08 08:00:00+00:00,4099.78
2025-02-08 08:30:00+00:00,4258.04
2025-02-08 09:00:00+00:00,4431.45
2025-02-08 09:30:00+00:00,4586.65
2025-02-08 10:00:00+00:00,4671.18
2025-02-08 10:30:00+00:00,4713.06
2025-02-08 11:00:00+00:00,4734.56
2025-02-08 11:30:00+00:00,4732.65
2025-02-08 12:00:00+00:00,4713.06
2025-02-08 12:30:00+00:00,4725.69
2025-02-08 13:00:00+00:00,4712.96
2025-02-08 13:30:00+00:00,4674.24
2025-02-08 14:00:00+00:00,4647.67
2025-02-08 14:30:00+00:00,4629.5
2025-02-08 15:00:00+00:00,4628.04
2025-02-08 15:30:00+00:00,4649.79
2025-02-08 16:00:00+00:00,4675.08
2025-02-08 16:30:00+00:00,4800.68
2025-02-08 17:00:00+00:00,4882.05
2025-02-08 17:30:00+00:00,5000.06
2025-02-08 18:00:00+00:00,5117.94
2025-02-08 18:30:00+00:00,5060.63
2025-02-08 19:00:00+00:00,5019.65
2025-02-08 19:30:00+00:00,4903.42
2025-02-08 20:00:00+00:00,4775.56
2025-02-08 20:30:00+00:00,4655.43
2025-02-08 21:00:00+00:00,4539.9
2025-02-08 21:30:00+00:00,4419.13
2025-02-08 22:00:00+00:00,4292.81
2025-02-08 22:30:00+00:00,4146.56
2025-02-08 23:00:00+00:00,4024.49
2025-02-08 23:30:00+00:00,4034.87
2025-02-09 00:00:00+00:00,3914.76
2025-02-09 00:30:00+00:00,3838.58
2025-02-09 01:00:00+00:00,3742.66
2025-02-09 01:30:00+00:00,3662.06
2025-02-09 02:00:00+00:00,3571.23
2025-02-09 02:30:00+00:00,3600.17
2025-02-09 03:00:00+00:00,3490.85
2025-02-09 03:30:00+00:00,3487.18
2025-02-09 04:00:00+00:00,3444.17
2025-02-09 04:30:00+00:00,3387.1
2025-02-09 05:00:00+00:00,3337.72
2025-02-09 05:30:00+00:00,3332.38
2025-02-09 06:00:00+00:00,3350.09
2025-02-09 06:30:00+00:00,3415.21
2025-02-09 07:00:00+00:00,3499.69
2025-02-09 07:30:00+00:00,3607.1
2025-02-09 08:00:00+00:00,3662.68
2025-02-09 08:30:00+00:00,3772.15
2025-02-09 09:00:00+00:00,3975.15
2025-02-09 09:30:00+00:00,4145.93
2025-02-09 10:00:00+00:00,4236.64
2025-02-09 10:30:00+00:00,4342.0
2025-02-09 11:00:00+00:00,4394.47
2025-02-09 11:30:00+00:00,4430.02
2025-02-09 12:00:00+00:00,4473.39
2025-02-09 12:30:00+00:00,4547.12
2025-02-09 13:00:00+00:00,4573.46
2025-02-09 13:30:00+00:00,4578.44
2025-02-09 14:00:00+00:00,4568.8
2025-02-09 14:30:00+00:00,4563.36
2025-02-09 15:00:00+00:00,4583.94
2025-02-09 15:30:00+00:00,4544.51
2025-02-09 16:00:00+00:00,4595.17
2025-02-09 16:30:00+00:00,4650.51
2025-02-09 17:00:00+00:00,4701.29
2025-02-09 17:30:00+00:00,4929.19
2025-02-09 18:00:00+00:00,5027.25
2025-02-09 18:30:00+00:00,5010.63
2025-02-09 19:00:00+00:00,4902.62
2025-02-09 19:30:00+00:00,4838.26
2025-02-09 20:00:00+00:00,4739.74
2025-02-09 20:30:00+00:00,4624.53
2025-02-09 21:00:00+00:00,4508.5
2025-02-09 21:30:00+00:00,4329.93
2025-02-09 22:00:00+00:00,4149.66
2025-02-09 22:30:00+00:00,3988.94
2025-02-09 23:00:00+00:00,3857.46
2025-02-09 23:30:00+00:00,3861.87
2025-02-10 00:00:00+00:00,3742.33
2025-02-10 00:30:00+00:00,3616.43
2025-02-10 01:00:00+00:00,3533.74
2025-02-10 01:30:00+00:00,3474.96
2025-02-10 02:00:00+00:00,3456.95
2025-02-10 02:30:00+00:00,3502.19
2025-02-10 03:00:00+00:00,3466.44
2025-02-10 03:30:00+00:00,3446.16
2025-02-10 04:00:00+00:00,3416.27
2025-02-10 04:30:00+00:00,3404.68
2025-02-10 05:00:00+00:00,3416.46
2025-02-10 05:30:00+00:00,3480.69
2025-02-10 06:00:00+00:00,3629.15
2025-02-10 06:30:00+00:00,3890.65
2025-02-10 07:00:00+00:00,4198.66
2025-02-10 07:30:00+00:00,4572.19
2025-02-10 08:00:00+00:00,4753.32
2025-02-10 08:30:00+00:00,4835.8
2025-02-10 09:00:00+00:00,4925.24
2025-02-10 09:30:00+00:00,5025.66
2025-02-10 10:00:00+00:00,5014.81
2025-02-10 10:30:00+00:00,5019.27
2025-02-10 11:00:00+00:00,5039.41
2025-02-10 11:30:00+00:00,5061.88
2025-02-10 12:00:00+00:00,5058.5
2025-02-10 12:30:00+00:00,5057.73
2025-02-10 13:00:00+00:00,5061.74
2025-02-10 13:30:00+00:00,4989.7
2025-02-10 14:00:00+00:00,4988.47
2025-02-10 14:30:00+00:00,4995.79
2025-02-10 15:00:00+00:00,4982.42
2025-02-10 15:30:00+00:00,5052.51
2025-02-10 16:00:00+00:00,5120.5
2025-02-10 16:30:00+00:00,5245.86
2025-02-10 17:00:00+00:00,5320.4
2025-02-10 17:30:00+00:00,5452.9
2025-02-10 18:00:00+00:00,5570.54
2025-02-10 18:30:00+00:00,5530.96
2025-02-10 19:00:00+00:00,5417.62
2025-02-10 19:30:00+00:00,5354.12
2025-02-10 20:00:00+00:00,5218.02
2025-02-10 20:30:00+00:00,5079.85
2025-02-10 21:00:00+00:00,4958.36
2025-02-10 21:30:00+00:00,4756.6
2025-02-10 22:00:00+00:00,4564.55
2025-02-10 22:30:00+00:00,4352.77
2025-02-10 23:00:00+00:00,4174.49
2025-02-10 23:30:00+00:00,4150.25
2025-02-11 00:00:00+00:00,4018.16
2025-02-11 00:30:00+00:00,3925.01
2025-02-11 01:00:00+00:00,3806.67
2025-02-11 01:30:00+00:00,3737.58
2025-02-11 02:00:00+00:00,3706.68
2025-02-11 02:30:00+00:00,3763.25
2025-02-11 03:00:00+00:00,3700.87
2025-02-11 03:30:00+00:00,3674.5
2025-02-11 04:00:00+00:00,3619.12
2025-02-11 04:30:00+00:00,3588.68
2025-02-11 05:00:00+00:00,3594.44
2025-02-11 05:30:00+00:00,3646.71
2025-02-11 06:00:00+00:00,3797.58
2025-02-11 06:30:00+00:00,4045.46
2025-02-11 07:00:00+00:00,4391.09
2025-02-11 07:30:00+00:00,4771.76
2025-02-11 08:00:00+00:00,4935.19
2025-02-11 08:30:00+00:00,4975.15
2025-02-11 09:00:00+00:00,5037.58
2025-02-11 09:30:00+00:00,5124.35
2025-02-11 10:00:00+00:00,5148.53
2025-02-11 10:30:00+00:00,5148.39
2025-02-11 11:00:00+00:00,5147.2
2025-02-11 11:30:00+00:00,5141.21
2025-02-11 12:00:00+00:00,5128.78
2025-02-11 12:30:00+00:00,5146.06
2025-02-11 13:00:00+00:00,5176.86
2025-02-11 13:30:00+00:00,5102.05
2025-02-11 14:00:00+00:00,5108.56
2025-02-11 14:30:00+00:00,5127.87
2025-02-11 15:00:00+00:00,5152.39
2025-02-11 15:30:00+00:00,5188.18
2025-02-11 16:00:00+00:00,5238.96
2025-02-11 16:30:00+00:00,5363.38
2025-02-11 17:00:00+00:00,5475.76
2025-02-11 17:30:00+00:00,5580.43
2025-02-11 18:00:00+00:00,5603.39
2025-02-11 18:30:00+00:00,5508.34
2025-02-11 19:00:00+00:00,5419.12
2025-02-11 19:30:00+00:00,5313.11
2025-02-11 20:00:00+00:00,5170.99
2025-02-11 20:30:00+00:00,5044.19
2025-02-11 21:00:00+00:00,4930.82
2025-02-11 21:30:00+00:00,4709.98
2025-02-11 22:00:00+00:00,4506.63
2025-02-11 22:30:00+00:00,4279.24
2025-02-11 23:00:00+00:00,4090.35
2025-02-11 23:30:00+00:00,4080.47
2025-02-12 00:00:00+00:00,3910.41
2025-02-12 00:30:00+00:00,3842.73
2025-02-12 01:00:00+00:00,3764.06
2025-02-12 01:30:00+00:00,3658.59
2025-02-12 02:00:00+00:00,3608.48
2025-02-12 02:30:00+00:00,3661.67
2025-02-12 03:00:00+00:00,3597.47
2025-02-12 03:30:00+00:00,3597.4
2025-02-12 04:00:00+00:00,3584.43
2025-02-12 04:30:00+00:00,3549.21
2025-02-12 05:00:00+00:00,3567.06
2025-02-12 05:30:00+00:00,3621.14
2025-02-12 06:00:00+00:00,3751.34
2025-02-12 06:30:00+00:00,4013.15
2025-02-12 07:00:00+00:00,4307.84
2025-02-12 07:30:00+00:00,4684.29
2025-02-12 08:00:00+00:00,4818.22
2025-02-12 08:30:00+00:00,4887.15
2025-02-12 09:00:00+00:00,4976.09
2025-02-12 09:30:00+00:00,5057.94
2025-02-12 10:00:00+00:00,5050.7
2025-02-12 10:30:00+00:00,5054.44
2025-02-12 11:00:00+00:00,5040.58
2025-02-12 11:30:00+00:00,5029.75
2025-02-12 12:00:00+00:00,5023.28
2025-02-12 12:30:00+00:00,5014.75
2025-02-12 13:00:00+00:00,5013.31
2025-02-12 13:30:00+00:00,4980.62
2025-02-12 14:00:00+00:00,4988.15
2025-02-12 14:30:00+00:00,4963.53
2025-02-12 15:00:00+00:00,4996.42
2025-02-12 15:30:00+00:00,5069.42
2025-02-12 16:00:00+00:00,5063.2
2025-02-12 16:30:00+00:00,5153.73
2025-02-12 17:00:00+00:00,5302.16
2025-02-12 17:30:00+00:00,5454.69
2025-02-12 18:00:00+00:00,5525.09
2025-02-12 18:30:00+00:00,5495.2
2025-02-12 19:00:00+00:00,5410.65
2025-02-12 19:30:00+00:00,5335.17
2025-02-12 20:00:00+00:00,5189.73
2025-02-12 20:30:00+00:00,5108.27
2025-02-12 21:00:00+00:00,4907.84
2025-02-12 21:30:00+00:00,4728.85
2025-02-12 22:00:00+00:00,4534.34
2025-02-12 22:30:00+00:00,4310.43
2025-02-12 23:00:00+00:00,4133.36
2025-02-12 23:30:00+00:00,4103.67
2025-02-13 00:00:00+00:00,3952.8
2025-02-13 00:30:00+00:00,3856.64
2025-02-13 01:00:00+00:00,3724.34
2025-02-13 01:30:00+00:00,3639.96
2025-02-13 02:00:00+00:00,3600.82
2025-02-13 02:30:00+00:00,3642.54
2025-02-13 03:00:00+00:00,3591.36
2025-02-13 03:30:00+00:00,3568.53
2025-02-13 04:00:00+00:00,3528.82
2025-02-13 04:30:00+00:00,3528.43
2025-02-13 05:00:00+00:00,3529.44
2025-02-13 05:30:00+00:00,3598.06
2025-02-13 06:00:00+00:00,3744.1
2025-02-13 06:30:00+00:00,3998.71
2025-02-13 07:00:00+00:00,4275.38
2025-02-13 07:30:00+00:00,4633.63
2025-02-13 08:00:00+00:00,4801.11
2025-02-13 08:30:00+00:00,4889.12
2025-02-13 09:00:00+00:00,4924.45
2025-02-13 09:30:00+00:00,5021.03
2025-02-13 10:00:00+00:00,5071.82
2025-02-13 10:30:00+00:00,5081.53
2025-02-13 11:00:00+00:00,5073.85
2025-02-13 11:30:00+00:00,5086.1
2025-02-13 12:00:00+00:00,5070.35
2025-02-13 12:30:00+00:00,5106.89
2025-02-13 13:00:00+00:00,5108.37
2025-02-13 13:30:00+00:00,5079.41
2025-02-13 14:00:00+00:00,5086.04
2025-02-13 14:30:00+00:00,5076.55
2025-02-13 15:00:00+00:00,5131.14
2025-02-13 15:30:00+00:00,5150.62
2025-02-13 16:00:00+00:00,5202.12
2025-02-13 16:30:00+00:00,5275.84
2025-02-13 17:00:00+00:00,5353.56
2025-02-13 17:30:00+00:00,5467.54
2025-02-13 18:00:00+00:00,5563.6
2025-02-13 18:30:00+00:00,5556.73
2025-02-13 19:00:00+00:00,5473.05
2025-02-13 19:30:00+00:00,5364.62
2025-02-13 20:00:00+00:00,5278.41
2025-02-13 20:30:00+00:00,5177.44
2025-02-13 21:00:00+00:00,5059.91
2025-02-13 21:30:00+00:00,4867.41
2025-02-13 22:00:00+00:00,4635.85
2025-02-13 22:30:00+00:00,4435.17
2025-02-13 23:00:00+00:00,4259.61
2025-02-13 23:30:00+00:00,4216.81
2025-02-14 00:00:00+00:00,4071.33
2025-02-14 00:30:00+00:00,3972.17
2025-02-14 01:00:00+00:00,3838.39
2025-02-14 01:30:00+00:00,3792.06
2025-02-14 02:00:00+00:00,3700.93
2025-02-14 02:30:00+00:00,3763.3
2025-02-14 03:00:00+00:00,3691.69
2025-02-14 03:30:00+00:00,3678.82
2025-02-14 04:00:00+00:00,3638.52
2025-02-14 04:30:00+00:00,3567.96
2025-02-14 05:00:00+00:00,3581.57
2025-02-14 05:30:00+00:00,3670.26
2025-02-14 06:00:00+00:00,3765.65
2025-02-14 06:30:00+00:00,3974.52
2025-02-14 07:00:00+00:00,4239.13
2025-02-14 07:30:00+00:00,4595.39
2025-02-14 08:00:00+00:00,4743.76
2025-02-14 08:30:00+00:00,4833.96
2025-02-14 10:00:00+00:00,5090.05
2025-02-14 10:30:00+00:00,5079.11
2025-02-14 11:00:00+00:00,5085.0
2025-02-14 11:30:00+00:00,5081.65
2025-02-14 12:00:00+00:00,5052.26
2025-02-14 12:30:00+00:00,5095.24
2025-02-14 13:00:00+00:00,5045.55
2025-02-14 13:30:00+00:00,4981.12
2025-02-14 14:00:00+00:00,4976.35
2025-02-14 14:30:00+00:00,4942.12
2025-02-14 15:00:00+00:00,4941.59
2025-02-14 15:30:00+00:00,4927.98
2025-02-14 16:00:00+00:00,4948.39
2025-02-14 16:30:00+00:00,5004.29
2025-02-14 17:00:00+00:00,5088.09
2025-02-14 17:30:00+00:00,5197.29
2025-02-14 18:00:00+00:00,5330.35
2025-02-14 18:30:00+00:00,5357.29
2025-02-14 19:00:00+00:00,5253.56
2025-02-14 19:30:00+00:00,5125.72
2025-02-14 20:00:00+00:00,4976.45
2025-02-14 20:30:00+00:00,4879.28
2025-02-14 21:00:00+00:00,4766.87
2025-02-14 21:30:00+00:00,4587.74
2025-02-14 22:00:00+00:00,4389.39
2025-02-14 22:30:00+00:00,4218.32
2025-02-14 23:00:00+00:00,4116.2
2025-02-14 23:30:00+00:00,4139.63
2025-02-15 00:00:00+00:00,4002.2
2025-02-15 00:30:00+00:00,3910.9
2025-02-15 01:00:00+00:00,3780.59
2025-02-15 01:30:00+00:00,3724.68
2025-02-15 02:00:00+00:00,3685.35
2025-02-15 02:30:00+00:00,3678.09
2025-02-15 03:00:00+00:00,3599.38
2025-02-15 03:30:00+00:00,3545.43
2025-02-15 04:00:00+00:00,3496.53
2025-02-15 04:30:00+00:00,3485.84
2025-02-15 05:00:00+00:00,3442.46
2025-02-15 05:30:00+00:00,3439.33
2025-02-15 06:00:00+00:00,3466.35
2025-02-15 06:30:00+00:00,3560.84
2025-02-15 07:00:00+00:00,3673.23
2025-02-15 07:30:00+00:00,3814.99
2025-02-15 08:00:00+00:00,3873.49
2025-02-15 08:30:00+00:00,4033.43
2025-02-15 09:00:00+00:00,4211.92
2025-02-15 09:30:00+00:00,4340.19
2025-02-15 10:00:00+00:00,4439.66
2025-02-15 10:30:00+00:00,4483.17
2025-02-15 11:00:00+00:00,4516.43
2025-02-15 11:30:00+00:00,4550.04
2025-02-15 12:00:00+00:00,4553.69
2025-02-15 12:30:00+00:00,4597.37
2025-02-15 13:00:00+00:00,4564.57
2025-02-15 13:30:00+00:00,4534.47
2025-02-15 14:00:00+00:00,4500.22
2025-02-15 14:30:00+00:00,4481.58
2025-02-15 15:00:00+00:00,4469.26
2025-02-15 15:30:00+00:00,4479.09
2025-02-15 16:00:00+00:00,4520.2
2025-02-15 16:30:00+00:00,4579.09
2025-02-15 17:00:00+00:00,4684.55
2025-02-15 17:30:00+00:00,4814.2
2025-02-15 18:00:00+00:00,4881.31
2025-02-15 18:30:00+00:00,4882.22
2025-02-15 19:00:00+00:00,4799.76
2025-02-15 19:30:00+00:00,4668.25
2025-02-15 20:00:00+00:00,4542.38
2025-02-15 20:30:00+00:00,4465.0
2025-02-15 21:00:00+00:00,4332.28
2025-02-15 21:30:00+00:00,4211.94
2025-02-15 22:00:00+00:00,4108.28
2025-02-15 22:30:00+00:00,3953.75
2025-02-15 23:00:00+00:00,3869.01
2025-02-15 23:30:00+00:00,3894.22
2025-02-16 00:00:00+00:00,3794.73
2025-02-16 00:30:00+00:00,3707.9
2025-02-16 01:00:00+00:00,3637.01
2025-02-16 01:30:00+00:00,3553.12
2025-02-16 02:00:00+00:00,3487.88
2025-02-16 02:30:00+00:00,3490.82
2025-02-16 03:00:00+00:00,3429.99
2025-02-16 03:30:00+00:00,3359.39
2025-02-16 04:00:00+00:00,3323.68
2025-02-16 04:30:00+00:00,3331.67
2025-02-16 05:00:00+00:00,3281.32
2025-02-16 05:30:00+00:00,3282.78
2025-02-16 06:00:00+00:00,3294.5
2025-02-16 06:30:00+00:00,3362.53
2025-02-16 07:00:00+00:00,3431.0
2025-02-16 07:30:00+00:00,3536.09
2025-02-16 08:00:00+00:00,3573.18
2025-02-16 08:30:00+00:00,3670.01
2025-02-16 09:00:00+00:00,3813.42
2025-02-16 09:30:00+00:00,3974.14
2025-02-16 10:00:00+00:00,4089.64
2025-02-16 10:30:00+00:00,4165.31
2025-02-16 11:00:00+00:00,4252.14
2025-02-16 11:30:00+00:00,4284.64
2025-02-16 12:00:00+00:00,4291.5
2025-02-16 12:30:00+00:00,4367.69
2025-02-16 13:00:00+00:00,4374.99
2025-02-16 13:30:00+00:00,4355.44
2025-02-16 14:00:00+00:00,4349.53
2025-02-16 14:30:00+00:00,4291.83
2025-02-16 15:00:00+00:00,4310.93
2025-02-16 15:30:00+00:00,4314.28
2025-02-16 16:00:00+00:00,4345.44
2025-02-16 16:30:00+00:00,4444.87
2025-02-16 17:00:00+00:00,4518.76
2025-02-16 17:30:00+00:00,4719.05
2025-02-16 18:00:00+00:00,4825.44
2025-02-16 18:30:00+00:00,4819.43
2025-02-16 19:00:00+00:00,4759.43
2025-02-16 19:30:00+00:00,4667.32
2025-02-16 20:00:00+00:00,4567.13
2025-02-16 20:30:00+00:00,4495.84
2025-02-16 21:00:00+00:00,4376.76
2025-02-16 21:30:00+00:00,4208.02
2025-02-16 22:00:00+00:00,4045.33
2025-02-16 22:30:00+00:00,3921.42
2025-02-16 23:00:00+00:00,3745.65
2025-02-16 23:30:00+00:00,3823.56
2025-02-17 00:00:00+00:00,3701.85
2025-02-17 00:30:00+00:00,3643.63
2025-02-17 01:00:00+00:00,3564.1
2025-02-17 01:30:00+00:00,3490.95
2025-02-17 02:00:00+00:00,3439.26
2025-02-17 02:30:00+00:00,3478.43
2025-02-17 03:00:00+00:00,3443.77
2025-02-17 03:30:00+00:00,3408.24
2025-02-17 04:00:00+00:00,3377.75
2025-02-17 04:30:00+00:00,3350.5
2025-02-17 05:00:00+00:00,3371.85
2025-02-17 05:30:00+00:00,3437.41
2025-02-17 06:00:00+00:00,3576.42
2025-02-17 06:30:00+00:00,3803.15
2025-02-17 07:00:00+00:00,4077.06
2025-02-17 07:30:00+00:00,4320.81
2025-02-17 08:00:00+00:00,4511.0
2025-02-17 08:30:00+00:00,4642.17
2025-02-17 09:00:00+00:00,4757.26
2025-02-17 09:30:00+00:00,4870.91
2025-02-17 10:00:00+00:00,4902.84
2025-02-17 10:30:00+00:00,4919.49
2025-02-17 11:00:00+00:00,4942.81
2025-02-17 11:30:00+00:00,4951.58
2025-02-17 12:00:00+00:00,4941.4
2025-02-17 12:30:00+00:00,4977.71
2025-02-17 13:00:00+00:00,4974.13
2025-02-17 13:30:00+00:00,4939.28
2025-02-17 14:00:00+00:00,4935.27
2025-02-17 14:30:00+00:00,4975.4
2025-02-17 15:00:00+00:00,4954.35
2025-02-17 15:30:00+00:00,5020.84
2025-02-17 16:00:00+00:00,5050.28
2025-02-17 16:30:00+00:00,5092.67
2025-02-17 17:00:00+00:00,5182.44
2025-02-17 17:30:00+00:00,5274.27
2025-02-17 18:00:00+00:00,5365.02
2025-02-17 18:30:00+00:00,5292.94
2025-02-17 19:00:00+00:00,5215.77
2025-02-17 19:30:00+00:00,5093.38
2025-02-17 20:00:00+00:00,4948.37
2025-02-17 20:30:00+00:00,4862.41
2025-02-17 21:00:00+00:00,4755.28
2025-02-17 21:30:00+00:00,4567.37
2025-02-17 22:00:00+00:00,4351.38
2025-02-17 22:30:00+00:00,4139.13
2025-02-17 23:00:00+00:00,3977.48
2025-02-17 23:30:00+00:00,3998.79
2025-02-18 00:00:00+00:00,3854.81
2025-02-18 00:30:00+00:00,3772.63
2025-02-18 01:00:00+00:00,3669.65
2025-02-18 01:30:00+00:00,3615.14
2025-02-18 02:00:00+00:00,3581.51
2025-02-18 02:30:00+00:00,3641.15
2025-02-18 03:00:00+00:00,3594.15
2025-02-18 03:30:00+00:00,3544.99
2025-02-18 04:00:00+00:00,3497.8
2025-02-18 04:30:00+00:00,3482.55
2025-02-18 05:00:00+00:00,3506.38
2025-02-18 05:30:00+00:00,3543.99
2025-02-18 06:00:00+00:00,3661.87
2025-02-18 06:30:00+00:00,3880.8
2025-02-18 07:00:00+00:00,4126.95
2025-02-18 07:30:00+00:00,4432.13
2025-02-18 08:00:00+00:00,4531.26
2025-02-18 08:30:00+00:00,4678.76
2025-02-18 09:00:00+00:00,4810.5
2025-02-18 09:30:00+00:00,4859.22
2025-02-18 10:00:00+00:00,4866.74
2025-02-18 10:30:00+00:00,4883.61
2025-02-18 11:00:00+00:00,4934.78
2025-02-18 11:30:00+00:00,4895.86
2025-02-18 12:00:00+00:00,4940.4
2025-02-18 12:30:00+00:00,4999.53
2025-02-18 13:00:00+00:00,5011.37
2025-02-18 13:30:00+00:00,4985.46
2025-02-18 14:00:00+00:00,4930.71
2025-02-18 14:30:00+00:00,4906.33
2025-02-18 15:00:00+00:00,4874.91
2025-02-18 15:30:00+00:00,4915.02
2025-02-18 16:00:00+00:00,4944.78
2025-02-18 16:30:00+00:00,4954.26
2025-02-18 17:00:00+00:00,5045.48
2025-02-18 17:30:00+00:00,5134.49
2025-02-18 18:00:00+00:00,5299.31
2025-02-18 18:30:00+00:00,5284.31
2025-02-18 19:00:00+00:00,5207.2
2025-02-18 19:30:00+00:00,5152.12
2025-02-18 20:00:00+00:00,5035.11
2025-02-18 20:30:00+00:00,4905.54
2025-02-18 21:00:00+00:00,4773.73
2025-02-18 21:30:00+00:00,4613.35
2025-02-18 22:00:00+00:00,4448.81
2025-02-18 22:30:00+00:00,4185.41
2025-02-18 23:00:00+00:00,4001.48
2025-02-18 23:30:00+00:00,4010.85
2025-02-19 00:00:00+00:00,3846.48
2025-02-19 00:30:00+00:00,3744.24
2025-02-19 01:00:00+00:00,3640.19
2025-02-19 01:30:00+00:00,3597.82
2025-02-19 02:00:00+00:00,3533.76
2025-02-19 02:30:00+00:00,3559.71
2025-02-19 03:00:00+00:00,3489.9
2025-02-19 03:30:00+00:00,3474.1
2025-02-19 04:00:00+00:00,3463.51
2025-02-19 04:30:00+00:00,3430.38
2025-02-19 05:00:00+00:00,3423.32
2025-02-19 05:30:00+00:00,3500.14
2025-02-19 06:00:00+00:00,3626.0
2025-02-19 06:30:00+00:00,3838.81
2025-02-19 07:00:00+00:00,4062.96
2025-02-19 07:30:00+00:00,4368.42
2025-02-19 08:00:00+00:00,4523.47
2025-02-19 08:30:00+00:00,4622.02
2025-02-19 09:00:00+00:00,4691.95
2025-02-19 09:30:00+00:00,4690.35
2025-02-19 10:00:00+00:00,4675.84
2025-02-19 10:30:00+00:00,4659.27
2025-02-19 11:00:00+00:00,4599.11
2025-02-19 11:30:00+00:00,4562.8
2025-02-19 12:00:00+00:00,4541.46
2025-02-19 12:30:00+00:00,4639.77
2025-02-19 13:00:00+00:00,4688.83
2025-02-19 13:30:00+00:00,4681.3
2025-02-19 14:00:00+00:00,4685.66
2025-02-19 14:30:00+00:00,4725.03
2025-02-19 15:00:00+00:00,4749.61
2025-02-19 15:30:00+00:00,4804.85
2025-02-19 16:00:00+00:00,4851.52
2025-02-19 16:30:00+00:00,4927.68
2025-02-19 17:00:00+00:00,5000.66
2025-02-19 17:30:00+00:00,5118.47
2025-02-19 18:00:00+00:00,5239.21
2025-02-19 18:30:00+00:00,5209.93
2025-02-19 19:00:00+00:00,5150.91
2025-02-19 19:30:00+00:00,5059.39
2025-02-19 20:00:00+00:00,4928.49
2025-02-19 20:30:00+00:00,4773.15
2025-02-19 21:00:00+00:00,4681.46
2025-02-19 21:30:00+00:00,4462.43
2025-02-19 22:00:00+00:00,4322.21
2025-02-19 22:30:00+00:00,4138.92
2025-02-19 23:00:00+00:00,3961.09
2025-02-19 23:30:00+00:00,3978.92
2025-02-20 00:00:00+00:00,3821.65
2025-02-20 00:30:00+00:00,3751.3
2025-02-20 01:00:00+00:00,3643.74
2025-02-20 01:30:00+00:00,3549.17
2025-02-20 02:00:00+00:00,3497.86
2025-02-20 02:30:00+00:00,3532.43
2025-02-20 03:00:00+00:00,3449.69
2025-02-20 03:30:00+00:00,3425.68
2025-02-20 05:00:00+00:00,3424.78
2025-02-20 05:30:00+00:00,3513.38
2025-02-20 06:00:00+00:00,3578.72
2025-02-20 06:30:00+00:00,3799.2
2025-02-20 07:00:00+00:00,3986.93
2025-02-20 07:30:00+00:00,4203.28
2025-02-20 08:00:00+00:00,4330.77
2025-02-20 08:30:00+00:00,4517.1
2025-02-20 09:00:00+00:00,4624.52
2025-02-20 09:30:00+00:00,4676.55
2025-02-20 10:00:00+00:00,4616.15
2025-02-20 10:30:00+00:00,4604.02
2025-02-20 11:00:00+00:00,4504.6
2025-02-20 11:30:00+00:00,4536.21
2025-02-20 12:00:00+00:00,4516.45
2025-02-20 12:30:00+00:00,4520.12
2025-02-20 13:00:00+00:00,4447.13
2025-02-20 13:30:00+00:00,4336.85
2025-02-20 14:00:00+00:00,4331.92
2025-02-20 14:30:00+00:00,4298.36
2025-02-20 15:00:00+00:00,4320.08
2025-02-20 15:30:00+00:00,4448.09
2025-02-20 16:00:00+00:00,4478.94
2025-02-20 16:30:00+00:00,4587.93
2025-02-20 17:00:00+00:00,4665.59
2025-02-20 17:30:00+00:00,4797.51
2025-02-20 18:00:00+00:00,4945.13
2025-02-20 18:30:00+00:00,5003.11
2025-02-20 19:00:00+00:00,4961.72
2025-02-20 19:30:00+00:00,4913.29
2025-02-20 20:00:00+00:00,4751.69
2025-02-20 20:30:00+00:00,4649.95
2025-02-20 21:00:00+00:00,4528.64
2025-02-20 21:30:00+00:00,4378.61
2025-02-20 22:00:00+00:00,4230.07
2025-02-20 22:30:00+00:00,4049.8
2025-02-20 23:00:00+00:00,3939.09
2025-02-20 23:30:00+00:00,3950.01
2025-02-21 00:00:00+00:00,3823.74
2025-02-21 00:30:00+00:00,3746.13
2025-02-21 01:00:00+00:00,3662.11
2025-02-21 01:30:00+00:00,3586.61
2025-02-21 02:00:00+00:00,3523.52
2025-02-21 02:30:00+00:00,3583.23
2025-02-21 03:00:00+00:00,3505.37
2025-02-21 03:30:00+00:00,3478.89
2025-02-21 04:00:00+00:00,3444.62
2025-02-21 04:30:00+00:00,3391.62
2025-02-21 05:00:00+00:00,3436.0
2025-02-21 05:30:00+00:00,3467.62
2025-02-21 06:00:00+00:00,3552.95
2025-02-21 06:30:00+00:00,3753.33
2025-02-21 07:00:00+00:00,3944.89
2025-02-21 07:30:00+00:00,4172.63
2025-02-21 08:00:00+00:00,4324.43
2025-02-21 08:30:00+00:00,4468.26
2025-02-21 09:00:00+00:00,4582.06
2025-02-21 09:30:00+00:00,4697.45
2025-02-21 10:00:00+00:00,4674.26
2025-02-21 10:30:00+00:00,4662.33
2025-02-21 11:00:00+00:00,4717.86
2025-02-21 11:30:00+00:00,4700.25
2025-02-21 12:00:00+00:00,4652.88
2025-02-21 12:30:00+00:00,4660.79
2025-02-21 13:00:00+00:00,4603.85
2025-02-21 13:30:00+00:00,4540.76
2025-02-21 14:00:00+00:00,4328.97
2025-02-21 14:30:00+00:00,4280.01
2025-02-21 15:00:00+00:00,4304.05
2025-02-21 15:30:00+00:00,4285.27
2025-02-21 16:00:00+00:00,4319.39
2025-02-21 16:30:00+00:00,4409.48
2025-02-21 17:00:00+00:00,4495.78
2025-02-21 17:30:00+00:00,4578.8
2025-02-21 18:00:00+00:00,4729.96
2025-02-21 18:30:00+00:00,4823.13
2025-02-21 19:00:00+00:00,4807.75
2025-02-21 19:30:00+00:00,4722.33
2025-02-21 20:00:00+00:00,4631.83
2025-02-21 20:30:00+00:00,4512.5
2025-02-21 21:00:00+00:00,4383.92
2025-02-21 21:30:00+00:00,4240.36
2025-02-21 22:00:00+00:00,4079.48
2025-02-21 22:30:00+00:00,3938.21
2025-02-21 23:00:00+00:00,3800.81
2025-02-21 23:30:00+00:00,3828.4
2025-02-22 00:00:00+00:00,3721.71
2025-02-22 00:30:00+00:00,3696.7
2025-02-22 01:00:00+00:00,3564.03
2025-02-22 01:30:00+00:00,3492.22
2025-02-22 02:00:00+00:00,3436.29
2025-02-22 02:30:00+00:00,3476.89
2025-02-22 03:00:00+00:00,3391.77
2025-02-22 03:30:00+00:00,3362.83
2025-02-22 04:00:00+00:00,3311.09
2025-02-22 04:30:00+00:00,3296.47
2025-02-22 05:00:00+00:00,3293.64
2025-02-22 05:30:00+00:00,3321.18
2025-02-22 06:00:00+00:00,3348.81
2025-02-22 06:30:00+00:00,3436.26
2025-02-22 07:00:00+00:00,3519.88
2025-02-22 07:30:00+00:00,3648.67
2025-02-22 08:00:00+00:00,3709.63
2025-02-22 08:30:00+00:00,3858.26
2025-02-22 09:00:00+00:00,3948.21
2025-02-22 09:30:00+00:00,4029.93
2025-02-22 10:00:00+00:00,4020.04
2025-02-22 10:30:00+00:00,4030.17
2025-02-22 11:00:00+00:00,3979.65
2025-02-22 11:30:00+00:00,3958.58
2025-02-22 12:00:00+00:00,3960.6
2025-02-22 12:30:00+00:00,3969.38
2025-02-22 13:00:00+00:00,3945.41
2025-02-22 13:30:00+00:00,3948.33
2025-02-22 14:00:00+00:00,3830.33
2025-02-22 14:30:00+00:00,3835.72
2025-02-22 15:00:00+00:00,3815.57
2025-02-22 15:30:00+00:00,3919.27
2025-02-22 16:00:00+00:00,3943.67
2025-02-22 16:30:00+00:00,4079.01
2025-02-22 17:00:00+00:00,4192.58
2025-02-22 17:30:00+00:00,4374.13
2025-02-22 18:00:00+00:00,4466.05
2025-02-22 18:30:00+00:00,4586.67
2025-02-22 19:00:00+00:00,4576.97
2025-02-22 19:30:00+00:00,4447.43
2025-02-22 20:00:00+00:00,4295.05
2025-02-22 20:30:00+00:00,4158.1
2025-02-22 21:00:00+00:00,4076.04
2025-02-22 21:30:00+00:00,3941.61
2025-02-22 22:00:00+00:00,3834.85
2025-02-22 22:30:00+00:00,3722.78
2025-02-22 23:00:00+00:00,3673.7
2025-02-22 23:30:00+00:00,3729.04
2025-02-23 00:00:00+00:00,3615.76
2025-02-23 00:30:00+00:00,3572.39
2025-02-23 01:00:00+00:00,3508.03
2025-02-23 01:30:00+00:00,3454.81
2025-02-23 02:00:00+00:00,3388.38
2025-02-23 02:30:00+00:00,3410.09
2025-02-23 03:00:00+00:00,3357.29
2025-02-23 03:30:00+00:00,3309.97
2025-02-23 04:00:00+00:00,3279.23
2025-02-23 04:30:00+00:00,3243.5
2025-02-23 05:00:00+00:00,3245.29
2025-02-23 05:30:00+00:00,3240.51
2025-02-23 06:00:00+00:00,3270.86
2025-02-23 06:30:00+00:00,3338.85
2025-02-23 07:00:00+00:00,3417.5
2025-02-23 07:30:00+00:00,3500.17
2025-02-23 08:00:00+00:00,3543.03
2025-02-23 08:30:00+00:00,3655.68
2025-02-23 09:00:00+00:00,3783.85
2025-02-23 09:30:00+00:00,3902.61
2025-02-23 10:00:00+00:00,4017.52
2025-02-23 10:30:00+00:00,4098.94
2025-02-23 11:00:00+00:00,4154.79
2025-02-23 11:30:00+00:00,4224.13
2025-02-23 12:00:00+00:00,4236.73
2025-02-23 12:30:00+00:00,4219.79
2025-02-23 13:00:00+00:00,4192.5
2025-02-23 13:30:00+00:00,4125.78
2025-02-23 14:00:00+00:00,4065.21
2025-02-23 14:30:00+00:00,4059.95
2025-02-23 15:00:00+00:00,4090.05
2025-02-23 15:30:00+00:00,4158.39
2025-02-23 16:00:00+00:00,4205.55
2025-02-23 16:30:00+00:00,4241.56
2025-02-23 17:00:00+00:00,4280.02
2025-02-23 17:30:00+00:00,4408.3
2025-02-23 18:00:00+00:00,4499.44
2025-02-23 18:30:00+00:00,4657.48
2025-02-23 19:00:00+00:00,4595.89
2025-02-23 19:30:00+00:00,4513.41
2025-02-23 20:00:00+00:00,4424.87
2025-02-23 20:30:00+00:00,4318.61
2025-02-23 21:00:00+00:00,4200.96
2025-02-23 21:30:00+00:00,4077.92
2025-02-23 22:00:00+00:00,3884.96
2025-02-23 22:30:00+00:00,3750.49
2025-02-23 23:00:00+00:00,3601.68
2025-02-23 23:30:00+00:00,3602.95
2025-02-24 00:00:00+00:00,3471.0
2025-02-24 00:30:00+00:00,3410.31
2025-02-24 01:00:00+00:00,3391.04
2025-02-24 01:30:00+00:00,3279.47
2025-02-24 02:00:00+00:00,3261.7
2025-02-24 02:30:00+00:00,3283.74
2025-02-24 03:00:00+00:00,3256.89
2025-02-24 03:30:00+00:00,3252.38
2025-02-24 04:00:00+00:00,3208.68
2025-02-24 04:30:00+00:00,3217.13
2025-02-24 05:00:00+00:00,3206.79
2025-02-24 05:30:00+00:00,3289.89
2025-02-24 06:00:00+00:00,3441.53
2025-02-24 06:30:00+00:00,3641.36
2025-02-24 07:00:00+00:00,3996.03
2025-02-24 07:30:00+00:00,4241.1
2025-02-24 08:00:00+00:00,4401.84
2025-02-24 08:30:00+00:00,4439.94
2025-02-24 09:00:00+00:00,4478.15
2025-02-24 09:30:00+00:00,4477.24
2025-02-24 10:00:00+00:00,4387.36
2025-02-24 10:30:00+00:00,4345.26
2025-02-24 11:00:00+00:00,4259.11
2025-02-24 11:30:00+00:00,4192.53
2025-02-24 12:00:00+00:00,4204.65
2025-02-24 12:30:00+00:00,4255.3
2025-02-24 13:00:00+00:00,4270.63
2025-02-24 13:30:00+00:00,4253.01
2025-02-24 14:00:00+00:00,4255.93
2025-02-24 14:30:00+00:00,4298.7
2025-02-24 15:00:00+00:00,4451.5
2025-02-24 15:30:00+00:00,4478.06
2025-02-24 16:00:00+00:00,4468.45
2025-02-24 16:30:00+00:00,4569.03
2025-02-24 17:00:00+00:00,4632.01
2025-02-24 17:30:00+00:00,4764.16
2025-02-24 18:00:00+00:00,4897.63
2025-02-24 18:30:00+00:00,4980.98
2025-02-24 19:00:00+00:00,4914.07
2025-02-24 19:30:00+00:00,4886.93
2025-02-24 20:00:00+00:00,4779.16
2025-02-24 20:30:00+00:00,4723.43
2025-02-24 21:00:00+00:00,4570.23
2025-02-24 21:30:00+00:00,4419.9
2025-02-24 22:00:00+00:00,4210.68
2025-02-24 22:30:00+00:00,4042.77
2025-02-24 23:00:00+00:00,3862.57
2025-02-24 23:30:00+00:00,3874.76
2025-02-25 00:00:00+00:00,3714.42
2025-02-25 00:30:00+00:00,3658.88
2025-02-25 01:00:00+00:00,3536.04
2025-02-25 01:30:00+00:00,3459.31
2025-02-25 02:00:00+00:00,3461.09
2025-02-25 02:30:00+00:00,3533.09
2025-02-25 03:00:00+00:00,3457.22
2025-02-25 03:30:00+00:00,3451.98
2025-02-25 04:00:00+00:00,3412.89
2025-02-25 04:30:00+00:00,3357.8
2025-02-25 05:00:00+00:00,3410.0
2025-02-25 05:30:00+00:00,3455.66
2025-02-25 06:00:00+00:00,3541.31
2025-02-25 06:30:00+00:00,3811.84
2025-02-25 07:00:00+00:00,4159.9
2025-02-25 07:30:00+00:00,4463.28
2025-02-25 08:00:00+00:00,4568.58
2025-02-25 08:30:00+00:00,4601.35
2025-02-25 09:00:00+00:00,4629.2
2025-02-25 09:30:00+00:00,4629.57
2025-02-25 10:00:00+00:00,4525.25
2025-02-25 10:30:00+00:00,4467.34
2025-02-25 11:00:00+00:00,4447.42
2025-02-25 11:30:00+00:00,4387.04
2025-02-25 12:00:00+00:00,4345.16
2025-02-25 12:30:00+00:00,4387.83
2025-02-25 13:00:00+00:00,4361.52
2025-02-25 13:30:00+00:00,4340.69
2025-02-25 14:00:00+00:00,4319.67
2025-02-25 14:30:00+00:00,4280.06
2025-02-25 15:00:00+00:00,4361.66
2025-02-25 15:30:00+00:00,4416.46
2025-02-25 16:00:00+00:00,4467.79
2025-02-25 16:30:00+00:00,4651.08
2025-02-25 17:00:00+00:00,4757.78
2025-02-25 17:30:00+00:00,4876.67
2025-02-25 18:00:00+00:00,5001.58
2025-02-25 18:30:00+00:00,5161.32
2025-02-25 19:00:00+00:00,5163.13
2025-02-25 19:30:00+00:00,5099.55
2025-02-25 20:00:00+00:00,4982.73
2025-02-25 20:30:00+00:00,4852.58
2025-02-25 21:00:00+00:00,4740.33
2025-02-25 21:30:00+00:00,4562.28
2025-02-25 22:00:00+00:00,4341.49
2025-02-25 22:30:00+00:00,4165.67
2025-02-25 23:00:00+00:00,3919.63
2025-02-25 23:30:00+00:00,3891.29
2025-02-26 00:00:00+00:00,3759.11
2025-02-26 00:30:00+00:00,3662.6
2025-02-26 01:00:00+00:00,3548.42
2025-02-26 01:30:00+00:00,3510.84
2025-02-26 02:00:00+00:00,3505.71
2025-02-26 02:30:00+00:00,3508.0
2025-02-26 03:00:00+00:00,3472.6
2025-02-26 03:30:00+00:00,3438.62
2025-02-26 04:00:00+00:00,3387.38
2025-02-26 04:30:00+00:00,3350.68
2025-02-26 05:00:00+00:00,3373.07
2025-02-26 05:30:00+00:00,3465.22
2025-02-26 06:00:00+00:00,3551.85
2025-02-26 06:30:00+00:00,3819.85
2025-02-26 07:00:00+00:00,4145.94
2025-02-26 07:30:00+00:00,4470.72
2025-02-26 08:00:00+00:00,4588.69
2025-02-26 08:30:00+00:00,4608.98
2025-02-26 09:00:00+00:00,4656.84
2025-02-26 09:30:00+00:00,4730.26
2025-02-26 10:00:00+00:00,4671.68
2025-02-26 10:30:00+00:00,4598.87
2025-02-26 11:00:00+00:00,4630.93
2025-02-26 11:30:00+00:00,4601.42
2025-02-26 12:00:00+00:00,4462.73
2025-02-26 12:30:00+00:00,4487.43
2025-02-26 13:00:00+00:00,4468.01
2025-02-26 13:30:00+00:00,4383.77
2025-02-26 14:00:00+00:00,4422.13
2025-02-26 14:30:00+00:00,4438.99
2025-02-26 15:00:00+00:00,4437.86
2025-02-26 15:30:00+00:00,4548.14
2025-02-26 16:00:00+00:00,4642.5
2025-02-26 16:30:00+00:00,4762.34
2025-02-26 17:00:00+00:00,4851.49
2025-02-26 17:30:00+00:00,4947.62
2025-02-26 18:00:00+00:00,5060.57
2025-02-26 18:30:00+00:00,5170.36
2025-02-26 19:00:00+00:00,5178.21
2025-02-26 19:30:00+00:00,5098.78
2025-02-26 20:00:00+00:00,5027.94
2025-02-26 20:30:00+00:00,4978.86
2025-02-26 21:00:00+00:00,4760.93
2025-02-26 21:30:00+00:00,4631.41
2025-02-26 22:00:00+00:00,4446.75
2025-02-26 22:30:00+00:00,4280.38
2025-02-26 23:00:00+00:00,4084.76
2025-02-26 23:30:00+00:00,4026.73
2025-02-27 00:00:00+00:00,3908.99
2025-02-27 00:30:00+00:00,3836.72
2025-02-27 01:00:00+00:00,3758.9
2025-02-27 01:30:00+00:00,3680.39
2025-02-27 02:00:00+00:00,3646.35
2025-02-27 02:30:00+00:00,3675.78
2025-02-27 03:00:00+00:00,3634.83
2025-02-27 03:30:00+00:00,3621.07
2025-02-27 04:00:00+00:00,3595.77
2025-02-27 04:30:00+00:00,3601.45
2025-02-27 05:00:00+00:00,3642.33
2025-02-27 05:30:00+00:00,3697.16
2025-02-27 06:00:00+00:00,3848.97
2025-02-27 06:30:00+00:00,4109.76
2025-02-27 07:00:00+00:00,4433.17
2025-02-27 07:30:00+00:00,4760.4
2025-02-27 08:00:00+00:00,4880.2
2025-02-27 08:30:00+00:00,4892.78
2025-02-27 09:00:00+00:00,4880.57
2025-02-27 09:30:00+00:00,4863.69
2025-02-27 10:00:00+00:00,4800.27
2025-02-27 10:30:00+00:00,4697.47
2025-02-27 11:00:00+00:00,4625.37
2025-02-27 11:30:00+00:00,4546.84
2025-02-27 12:00:00+00:00,4491.15
2025-02-27 12:30:00+00:00,4487.55
2025-02-27 13:00:00+00:00,4469.69
2025-02-27 13:30:00+00:00,4420.91
2025-02-27 14:00:00+00:00,4410.54
2025-02-27 14:30:00+00:00,4438.53
2025-02-27 15:00:00+00:00,4460.36
2025-02-27 15:30:00+00:00,4548.83
2025-02-27 16:00:00+00:00,4631.56
2025-02-27 16:30:00+00:00,4754.47
2025-02-27 17:00:00+00:00,4859.89
2025-02-27 17:30:00+00:00,4979.63
2025-02-27 18:00:00+00:00,5081.77
2025-02-27 18:30:00+00:00,5246.37
2025-02-27 19:00:00+00:00,5267.37
2025-02-27 19:30:00+00:00,5226.34
2025-02-27 20:00:00+00:00,5128.01
2025-02-27 20:30:00+00:00,5038.69
2025-02-27 21:00:00+00:00,4911.25
2025-02-27 21:30:00+00:00,4757.46
2025-02-27 22:00:00+00:00,4567.32
2025-02-27 22:30:00+00:00,4354.92
2025-02-27 23:00:00+00:00,4180.4
2025-02-27 23:30:00+00:00,4180.96
2025-02-28 00:00:00+00:00,4039.83
2025-02-28 00:30:00+00:00,3970.17
2025-02-28 01:00:00+00:00,3870.85
2025-02-28 01:30:00+00:00,3828.25
2025-02-28 03:00:00+00:00,3740.27
2025-02-28 03:30:00+00:00,3716.83
2025-02-28 04:00:00+00:00,3676.35
2025-02-28 04:30:00+00:00,3674.57
2025-02-28 05:00:00+00:00,3675.56
2025-02-28 05:30:00+00:00,3733.02
2025-02-28 06:00:00+00:00,3873.67
2025-02-28 06:30:00+00:00,4112.23
2025-02-28 07:00:00+00:00,4389.84
2025-02-28 07:30:00+00:00,4725.87
2025-02-28 08:00:00+00:00,4853.58
2025-02-28 08:30:00+00:00,4868.0
2025-02-28 09:00:00+00:00,4820.84
2025-02-28 09:30:00+00:00,4772.72
2025-02-28 10:00:00+00:00,4695.28
2025-02-28 10:30:00+00:00,4612.24
2025-02-28 11:00:00+00:00,4531.86
2025-02-28 11:30:00+00:00,4435.0
2025-02-28 12:00:00+00:00,4396.8
2025-02-28 12:30:00+00:00,4442.4
2025-02-28 13:00:00+00:00,4415.81
2025-02-28 13:30:00+00:00,4440.86
2025-02-28 14:00:00+00:00,4419.24
2025-02-28 14:30:00+00:00,4415.96
2025-02-28 15:00:00+00:00,4480.36
2025-02-28 15:30:00+00:00,4507.91
2025-02-28 16:00:00+00:00,4559.75
2025-02-28 16:30:00+00:00,4672.71
2025-02-28 17:00:00+00:00,4744.4
2025-02-28 17:30:00+00:00,4823.06
2025-02-28 18:00:00+00:00,4907.18
2025-02-28 18:30:00+00:00,5027.92
2025-02-28 19:00:00+00:00,5024.47
2025-02-28 19:30:00+00:00,4931.97
2025-02-28 20:00:00+00:00,4819.13
2025-02-28 20:30:00+00:00,4742.85
2025-02-28 21:00:00+00:00,4625.62
2025-02-28 21:30:00+00:00,4455.18
2025-02-28 22:00:00+00:00,4292.47
2025-02-28 22:30:00+00:00,4127.2
2025-02-28 23:00:00+00:00,4006.06
2025-02-28 23:30:00+00:00,4010.49
2025-03-01 00:00:00+00:00,3845.42
2025-03-01 00:30:00+00:00,3787.83
2025-03-01 01:00:00+00:00,3678.31
2025-03-01 01:30:00+00:00,3604.92
2025-03-01 02:00:00+00:00,3543.43
2025-03-01 02:30:00+00:00,3580.64
2025-03-01 03:00:00+00:00,3525.69
2025-03-01 03:30:00+00:00,3479.23
2025-03-01 04:00:00+00:00,3450.19
2025-03-01 04:30:00+00:00,3420.81
2025-03-01 05:00:00+00:00,3418.48
2025-03-01 05:30:00+00:00,3415.82
2025-03-01 06:00:00+00:00,3455.67
2025-03-01 06:30:00+00:00,3544.95
2025-03-01 07:00:00+00:00,3664.73
2025-03-01 07:30:00+00:00,3802.21
2025-03-01 08:00:00+00:00,3942.97
2025-03-01 08:30:00+00:00,4110.26
2025-03-01 09:00:00+00:00,4236.96
2025-03-01 09:30:00+00:00,4353.57
2025-03-01 10:00:00+00:00,4395.89
2025-03-01 10:30:00+00:00,4391.07
2025-03-01 11:00:00+00:00,4373.36
2025-03-01 11:30:00+00:00,4357.59
2025-03-01 12:00:00+00:00,4334.7
2025-03-01 12:30:00+00:00,4334.43
2025-03-01 13:00:00+00:00,4318.42
2025-03-01 13:30:00+00:00,4272.27
2025-03-01 14:00:00+00:00,4234.36
2025-03-01 14:30:00+00:00,4256.63
2025-03-01 15:00:00+00:00,4261.62
2025-03-01 15:30:00+00:00,4292.45
2025-03-01 16:00:00+00:00,4344.18
2025-03-01 16:30:00+00:00,4434.8
2025-03-01 17:00:00+00:00,4535.92
2025-03-01 17:30:00+00:00,4649.48
2025-03-01 18:00:00+00:00,4734.77
2025-03-01 18:30:00+00:00,4829.05
2025-03-01 19:00:00+00:00,4858.93
2025-03-01 19:30:00+00:00,4762.56
2025-03-01 20:00:00+00:00,4646.69
2025-03-01 20:30:00+00:00,4549.97
2025-03-01 21:00:00+00:00,4418.48
2025-03-01 21:30:00+00:00,4299.35
2025-03-01 22:00:00+00:00,4170.55
2025-03-01 22:30:00+00:00,4032.1
2025-03-01 23:00:00+00:00,3936.54
2025-03-01 23:30:00+00:00,3960.29
2025-03-02 00:00:00+00:00,3855.26
2025-03-02 00:30:00+00:00,3774.16
2025-03-02 01:00:00+00:00,3657.62
2025-03-02 01:30:00+00:00,3565.89
2025-03-02 02:00:00+00:00,3505.56
2025-03-02 02:30:00+00:00,3515.74
2025-03-02 03:00:00+00:00,3445.96
2025-03-02 03:30:00+00:00,3375.89
2025-03-02 04:00:00+00:00,3328.56
2025-03-02 04:30:00+00:00,3299.75
2025-03-02 05:00:00+00:00,3280.2
2025-03-02 05:30:00+00:00,3274.48
2025-03-02 06:00:00+00:00,3261.27
2025-03-02 06:30:00+00:00,3324.57
2025-03-02 07:00:00+00:00,3368.89
2025-03-02 07:30:00+00:00,3472.92
2025-03-02 08:00:00+00:00,3598.02
2025-03-02 08:30:00+00:00,3709.69
2025-03-02 09:00:00+00:00,3830.26
2025-03-02 09:30:00+00:00,3969.72
2025-03-02 10:00:00+00:00,4033.68
2025-03-02 10:30:00+00:00,4058.03
2025-03-02 11:00:00+00:00,4088.31
2025-03-02 11:30:00+00:00,4106.23
2025-03-02 12:00:00+00:00,4102.74
2025-03-02 12:30:00+00:00,4110.46
2025-03-02 13:00:00+00:00,4136.23
2025-03-02 13:30:00+00:00,4103.59
2025-03-02 14:00:00+00:00,4127.5
2025-03-02 14:30:00+00:00,4098.07
2025-03-02 15:00:00+00:00,4076.86
2025-03-02 15:30:00+00:00,4062.17
2025-03-02 16:00:00+00:00,4110.38
2025-03-02 16:30:00+00:00,4265.0
2025-03-02 17:00:00+00:00,4348.4
2025-03-02 17:30:00+00:00,4531.1
2025-03-02 18:00:00+00:00,4629.84
2025-03-02 18:30:00+00:00,4738.88
2025-03-02 19:00:00+00:00,4704.46
2025-03-02 19:30:00+00:00,4644.08
2025-03-02 20:00:00+00:00,4531.41
2025-03-02 20:30:00+00:00,4433.97
2025-03-02 21:00:00+00:00,4306.81
2025-03-02 21:30:00+00:00,4173.42
2025-03-02 22:00:00+00:00,3993.92
2025-03-02 22:30:00+00:00,3801.61
2025-03-02 23:00:00+00:00,3619.72
2025-03-02 23:30:00+00:00,3617.85
2025-03-03 00:00:00+00:00,3529.05
2025-03-03 00:30:00+00:00,3454.91
2025-03-03 01:00:00+00:00,3377.83
2025-03-03 01:30:00+00:00,3300.32
2025-03-03 02:00:00+00:00,3281.66
2025-03-03 02:30:00+00:00,3334.71
2025-03-03 03:00:00+00:00,3299.54
2025-03-03 03:30:00+00:00,3287.0
2025-03-03 04:00:00+00:00,3238.58
2025-03-03 04:30:00+00:00,3245.31
2025-03-03 05:00:00+00:00,3268.66
2025-03-03 05:30:00+00:00,3360.4
2025-03-03 06:00:00+00:00,3488.72
2025-03-03 06:30:00+00:00,3757.96
2025-03-03 07:00:00+00:00,4047.27
2025-03-03 07:30:00+00:00,4397.94
2025-03-03 08:00:00+00:00,4583.51
2025-03-03 08:30:00+00:00,4638.48
2025-03-03 09:00:00+00:00,4698.78
2025-03-03 09:30:00+00:00,4707.38
2025-03-03 10:00:00+00:00,4642.24
2025-03-03 10:30:00+00:00,4568.37
2025-03-03 11:00:00+00:00,4509.13
2025-03-03 11:30:00+00:00,4453.32
2025-03-03 12:00:00+00:00,4396.5
2025-03-03 12:30:00+00:00,4401.7
2025-03-03 13:00:00+00:00,4395.75
2025-03-03 13:30:00+00:00,4352.9
2025-03-03 14:00:00+00:00,4369.42
2025-03-03 14:30:00+00:00,4420.06
2025-03-03 15:00:00+00:00,4454.82
2025-03-03 15:30:00+00:00,4531.77
2025-03-03 16:00:00+00:00,4615.96
2025-03-03 16:30:00+00:00,4732.16
2025-03-03 17:00:00+00:00,4845.31
2025-03-03 17:30:00+00:00,4955.25
2025-03-03 18:00:00+00:00,5056.95
2025-03-03 18:30:00+00:00,5110.33
2025-03-03 19:00:00+00:00,5122.88
2025-03-03 19:30:00+00:00,5050.39
2025-03-03 20:00:00+00:00,4923.28
2025-03-03 20:30:00+00:00,4824.69
2025-03-03 21:00:00+00:00,4694.41
2025-03-03 21:30:00+00:00,4508.71
2025-03-03 22:00:00+00:00,4302.63
2025-03-03 22:30:00+00:00,4092.73
2025-03-03 23:00:00+00:00,3942.76
2025-03-03 23:30:00+00:00,3938.52
2025-03-04 00:00:00+00:00,3795.85
2025-03-04 00:30:00+00:00,3705.48
2025-03-04 01:00:00+00:00,3600.95
2025-03-04 01:30:00+00:00,3530.99
2025-03-04 02:00:00+00:00,3516.35
2025-03-04 02:30:00+00:00,3566.7
2025-03-04 03:00:00+00:00,3511.84
2025-03-04 03:30:00+00:00,3465.2
2025-03-04 04:00:00+00:00,3413.84
2025-03-04 04:30:00+00:00,3324.56
2025-03-04 05:00:00+00:00,3390.26
2025-03-04 05:30:00+00:00,3462.78
2025-03-04 06:00:00+00:00,3599.57
2025-03-04 06:30:00+00:00,3878.79
2025-03-04 07:00:00+00:00,4140.41
2025-03-04 07:30:00+00:00,4498.68
2025-03-04 08:00:00+00:00,4600.19
2025-03-04 08:30:00+00:00,4677.77
2025-03-04 09:00:00+00:00,4695.24
2025-03-04 09:30:00+00:00,4717.67
2025-03-04 10:00:00+00:00,4663.36
2025-03-04 10:30:00+00:00,4594.68
2025-03-04 11:00:00+00:00,4496.83
2025-03-04 11:30:00+00:00,4396.23
2025-03-04 12:00:00+00:00,4273.1
2025-03-04 12:30:00+00:00,4203.17
2025-03-04 13:00:00+00:00,4183.26
2025-03-04 13:30:00+00:00,4111.84
2025-03-04 14:00:00+00:00,4082.09
2025-03-04 14:30:00+00:00,4097.62
2025-03-04 15:00:00+00:00,4174.69
2025-03-04 15:30:00+00:00,4236.04
2025-03-04 16:00:00+00:00,4315.52
2025-03-04 16:30:00+00:00,4441.43
2025-03-04 17:00:00+00:00,4589.17
2025-03-04 17:30:00+00:00,4755.78
2025-03-04 18:00:00+00:00,4839.8
2025-03-04 18:30:00+00:00,4959.25
2025-03-04 19:00:00+00:00,4969.78
2025-03-04 19:30:00+00:00,4956.67
2025-03-04 20:00:00+00:00,4815.07
2025-03-04 20:30:00+00:00,4712.84
2025-03-04 21:00:00+00:00,4638.46
2025-03-04 21:30:00+00:00,4439.29
2025-03-04 22:00:00+00:00,4210.13
2025-03-04 22:30:00+00:00,4037.85
2025-03-04 23:00:00+00:00,3940.0
2025-03-04 23:30:00+00:00,3873.43
2025-03-05 00:00:00+00:00,3697.84
2025-03-05 00:30:00+00:00,3630.5
2025-03-05 01:00:00+00:00,3536.76
2025-03-05 01:30:00+00:00,3471.38
2025-03-05 02:00:00+00:00,3394.93
2025-03-05 02:30:00+00:00,3471.54
2025-03-05 03:00:00+00:00,3429.13
2025-03-05 03:30:00+00:00,3387.4
2025-03-05 04:00:00+00:00,3377.78
2025-03-05 04:30:00+00:00,3365.92
2025-03-05 05:00:00+00:00,3388.24
2025-03-05 05:30:00+00:00,3390.42
2025-03-05 06:00:00+00:00,3549.05
2025-03-05 06:30:00+00:00,3788.9
2025-03-05 07:00:00+00:00,4054.79
2025-03-05 07:30:00+00:00,4363.07
2025-03-05 08:00:00+00:00,4487.89
2025-03-05 08:30:00+00:00,4550.32
2025-03-05 09:00:00+00:00,4535.94
2025-03-05 09:30:00+00:00,4573.83
2025-03-05 10:00:00+00:00,4527.81
2025-03-05 10:30:00+00:00,4510.07
2025-03-05 11:00:00+00:00,4485.05
2025-03-05 11:30:00+00:00,4452.57
2025-03-05 12:00:00+00:00,4425.06
2025-03-05 12:30:00+00:00,4405.44
2025-03-05 13:00:00+00:00,4389.9
2025-03-05 13:30:00+00:00,4296.85
2025-03-05 14:00:00+00:00,4261.97
2025-03-05 14:30:00+00:00,4253.91
2025-03-05 15:00:00+00:00,4255.35
2025-03-05 15:30:00+00:00,4323.34
2025-03-05 16:00:00+00:00,4387.09
2025-03-05 16:30:00+00:00,4520.12
2025-03-05 17:00:00+00:00,4583.3
2025-03-05 17:30:00+00:00,4756.53
2025-03-05 18:00:00+00:00,4879.14
2025-03-05 18:30:00+00:00,4985.34
2025-03-05 19:00:00+00:00,4976.39
2025-03-05 19:30:00+00:00,4925.75
2025-03-05 20:00:00+00:00,4807.06
2025-03-05 20:30:00+00:00,4668.78
2025-03-05 21:00:00+00:00,4584.04
2025-03-05 21:30:00+00:00,4450.37
2025-03-05 22:00:00+00:00,4223.15
2025-03-05 22:30:00+00:00,4058.87
2025-03-05 23:00:00+00:00,3854.13
2025-03-05 23:30:00+00:00,3857.1
2025-03-06 00:00:00+00:00,3685.65
2025-03-06 00:30:00+00:00,3616.56
2025-03-06 01:00:00+00:00,3509.7
2025-03-06 01:30:00+00:00,3454.63
2025-03-06 02:00:00+00:00,3407.84
2025-03-06 02:30:00+00:00,3408.98
2025-03-06 03:00:00+00:00,3363.75
2025-03-06 03:30:00+00:00,3385.01
2025-03-06 04:00:00+00:00,3345.91
2025-03-06 04:30:00+00:00,3334.93
2025-03-06 05:00:00+00:00,3375.61
2025-03-06 05:30:00+00:00,3412.78
2025-03-06 06:00:00+00:00,3558.0
2025-03-06 06:30:00+00:00,3788.09
2025-03-06 07:00:00+00:00,4064.04
2025-03-06 07:30:00+00:00,4335.11
2025-03-06 08:00:00+00:00,4431.39
2025-03-06 08:30:00+00:00,4459.9
2025-03-06 09:00:00+00:00,4463.93
2025-03-06 09:30:00+00:00,4472.59
2025-03-06 10:00:00+00:00,4412.1
2025-03-06 10:30:00+00:00,4392.55
2025-03-06 11:00:00+00:00,4350.73
2025-03-06 11:30:00+00:00,4391.01
2025-03-06 12:00:00+00:00,4419.92
2025-03-06 12:30:00+00:00,4418.24
2025-03-06 13:00:00+00:00,4387.64
2025-03-06 13:30:00+00:00,4363.73
2025-03-06 14:00:00+00:00,4371.2
2025-03-06 14:30:00+00:00,4410.01
2025-03-06 15:00:00+00:00,4391.44
2025-03-06 15:30:00+00:00,4429.13
2025-03-06 16:00:00+00:00,4500.31
2025-03-06 16:30:00+00:00,4608.64
2025-03-06 17:00:00+00:00,4750.31
2025-03-06 17:30:00+00:00,4887.82
2025-03-06 18:00:00+00:00,4930.23
2025-03-06 18:30:00+00:00,4990.79
2025-03-06 19:00:00+00:00,4986.76
2025-03-06 19:30:00+00:00,4935.93
2025-03-06 20:00:00+00:00,4860.91
2025-03-06 20:30:00+00:00,4773.49
2025-03-06 21:00:00+00:00,4673.66
2025-03-06 21:30:00+00:00,4499.07
2025-03-06 22:00:00+00:00,4318.75
2025-03-06 22:30:00+00:00,4142.49
2025-03-06 23:00:00+00:00,3999.13
2025-03-06 23:30:00+00:00,4020.0
2025-03-07 00:00:00+00:00,3899.32
2025-03-07 00:30:00+00:00,3815.1
2025-03-07 01:00:00+00:00,3718.05
2025-03-07 01:30:00+00:00,3673.4
2025-03-07 02:00:00+00:00,3617.91
2025-03-07 02:30:00+00:00,3653.52
2025-03-07 03:00:00+00:00,3605.94
2025-03-07 03:30:00+00:00,3576.8
2025-03-07 04:00:00+00:00,3545.59
2025-03-07 04:30:00+00:00,3530.75
2025-03-07 05:00:00+00:00,3535.28
2025-03-07 05:30:00+00:00,3585.03
2025-03-07 06:00:00+00:00,3711.55
2025-03-07 06:30:00+00:00,3944.71
2025-03-07 07:00:00+00:00,4224.64
2025-03-07 07:30:00+00:00,4531.8
2025-03-07 08:00:00+00:00,4666.28
2025-03-07 08:30:00+00:00,4708.2
2025-03-07 09:00:00+00:00,4715.61
2025-03-07 09:30:00+00:00,4746.68
2025-03-07 10:00:00+00:00,4681.1
2025-03-07 10:30:00+00:00,4627.51
2025-03-07 11:00:00+00:00,4581.95
2025-03-07 11:30:00+00:00,4597.08
2025-03-07 12:00:00+00:00,4567.17
2025-03-07 12:30:00+00:00,4596.76
2025-03-07 13:00:00+00:00,4621.26
2025-03-07 13:30:00+00:00,4599.13
2025-03-07 14:00:00+00:00,4606.85
2025-03-07 14:30:00+00:00,4609.36
2025-03-07 15:00:00+00:00,4605.32
2025-03-07 15:30:00+00:00,4614.37
2025-03-07 16:00:00+00:00,4586.56
2025-03-07 16:30:00+00:00,4659.64
2025-03-07 17:00:00+00:00,4716.29
2025-03-07 17:30:00+00:00,4770.67
2025-03-07 18:00:00+00:00,4810.41
2025-03-07 18:30:00+00:00,4845.63
2025-03-07 19:00:00+00:00,4866.79
2025-03-07 19:30:00+00:00,4804.53
2025-03-07 20:00:00+00:00,4690.83
2025-03-07 20:30:00+00:00,4601.4
2025-03-07 21:00:00+00:00,4473.8
2025-03-07 21:30:00+00:00,4317.04
2025-03-07 22:00:00+00:00,4161.46
2025-03-07 22:30:00+00:00,3987.82
2025-03-07 23:00:00+00:00,3856.39
2025-03-07 23:30:00+00:00,3830.11
2025-03-08 00:00:00+00:00,3724.58
2025-03-08 00:30:00+00:00,3645.88
2025-03-08 01:00:00+00:00,3531.96
2025-03-08 01:30:00+00:00,3463.5
2025-03-08 02:00:00+00:00,3424.4
2025-03-08 02:30:00+00:00,3474.5
2025-03-08 03:00:00+00:00,3426.29
2025-03-08 03:30:00+00:00,3349.11
2025-03-08 04:00:00+00:00,3307.1
2025-03-08 04:30:00+00:00,3298.77
2025-03-08 05:00:00+00:00,3299.53
2025-03-08 05:30:00+00:00,3283.61
2025-03-08 06:00:00+00:00,3322.34
2025-03-08 06:30:00+00:00,3410.21
2025-03-08 07:00:00+00:00,3481.4
2025-03-08 07:30:00+00:00,3632.85
2025-03-08 08:00:00+00:00,3744.32
2025-03-08 08:30:00+00:00,3923.82
2025-03-08 09:00:00+00:00,4038.78
2025-03-08 09:30:00+00:00,4179.72
2025-03-08 10:00:00+00:00,4174.48
2025-03-08 10:30:00+00:00,4142.19
2025-03-08 11:00:00+00:00,4131.76
2025-03-08 11:30:00+00:00,4117.04
2025-03-08 12:00:00+00:00,4153.51
2025-03-08 12:30:00+00:00,4170.16
2025-03-08 13:00:00+00:00,4184.47
2025-03-08 13:30:00+00:00,4170.6
2025-03-08 14:00:00+00:00,4111.41
2025-03-08 14:30:00+00:00,4037.8
2025-03-08 15:00:00+00:00,3996.11
2025-03-08 15:30:00+00:00,4034.84
2025-03-08 16:00:00+00:00,4137.65
2025-03-08 16:30:00+00:00,4278.91
2025-03-08 17:00:00+00:00,4365.79
2025-03-08 17:30:00+00:00,4489.57
2025-03-08 18:00:00+00:00,4541.32
2025-03-08 18:30:00+00:00,4644.66
2025-03-08 19:00:00+00:00,4695.97
2025-03-08 19:30:00+00:00,4657.42
2025-03-08 20:00:00+00:00,4545.3
2025-03-08 20:30:00+00:00,4469.91
2025-03-08 21:00:00+00:00,4351.56
2025-03-08 21:30:00+00:00,4235.04
2025-03-08 22:00:00+00:00,4079.72
2025-03-08 22:30:00+00:00,3869.27
2025-03-08 23:00:00+00:00,3748.63
2025-03-08 23:30:00+00:00,3777.5
2025-03-09 00:00:00+00:00,3680.08
2025-03-09 00:30:00+00:00,3608.9
2025-03-09 01:00:00+00:00,3495.57
2025-03-09 01:30:00+00:00,3425.52
2025-03-09 02:00:00+00:00,3360.49
2025-03-09 02:30:00+00:00,3383.67
2025-03-09 03:00:00+00:00,3337.37
2025-03-09 03:30:00+00:00,3283.19
2025-03-09 04:00:00+00:00,3257.02
2025-03-09 04:30:00+00:00,3228.7
2025-03-09 05:00:00+00:00,3201.69
2025-03-09 05:30:00+00:00,3210.87
2025-03-09 06:00:00+00:00,3240.19
2025-03-09 06:30:00+00:00,3284.19
2025-03-09 07:00:00+00:00,3317.12
2025-03-09 07:30:00+00:00,3392.28
2025-03-09 08:00:00+00:00,3470.63
2025-03-09 08:30:00+00:00,3599.42
2025-03-09 09:00:00+00:00,3686.19
2025-03-09 09:30:00+00:00,3776.15
2025-03-09 10:00:00+00:00,3802.5
2025-03-09 10:30:00+00:00,3819.5
2025-03-09 11:00:00+00:00,3791.41
2025-03-09 11:30:00+00:00,3757.16
2025-03-09 12:00:00+00:00,3718.76
2025-03-09 12:30:00+00:00,3721.65
2025-03-09 13:00:00+00:00,3736.81
2025-03-09 13:30:00+00:00,3717.23
2025-03-09 14:00:00+00:00,3651.04
2025-03-09 14:30:00+00:00,3634.24
2025-03-09 15:00:00+00:00,3673.39
2025-03-09 15:30:00+00:00,3714.01
2025-03-09 16:00:00+00:00,3767.41
2025-03-09 16:30:00+00:00,3877.97
2025-03-09 17:00:00+00:00,4016.37
2025-03-09 17:30:00+00:00,4204.16
2025-03-09 18:00:00+00:00,4300.21
2025-03-09 18:30:00+00:00,4392.19
2025-03-09 19:00:00+00:00,4511.6
2025-03-09 19:30:00+00:00,4475.24
2025-03-09 20:00:00+00:00,4376.24
2025-03-09 20:30:00+00:00,4267.8
2025-03-09 21:00:00+00:00,4172.16
2025-03-09 21:30:00+00:00,4035.34
2025-03-09 22:00:00+00:00,3825.76
2025-03-09 22:30:00+00:00,3660.57
2025-03-09 23:00:00+00:00,3523.28
2025-03-09 23:30:00+00:00,3558.98
2025-03-10 00:00:00+00:00,3447.32
2025-03-10 00:30:00+00:00,3378.41
2025-03-10 01:00:00+00:00,3293.84
2025-03-10 01:30:00+00:00,3256.82
2025-03-10 02:00:00+00:00,3246.28
2025-03-10 02:30:00+00:00,3290.92
2025-03-10 03:00:00+00:00,3249.14
2025-03-10 03:30:00+00:00,3216.43
2025-03-10 04:00:00+00:00,3210.2
2025-03-10 04:30:00+00:00,3201.78
2025-03-10 05:00:00+00:00,3208.82
2025-03-10 05:30:00+00:00,3272.78
2025-03-10 06:00:00+00:00,3418.79
2025-03-10 06:30:00+00:00,3679.13
2025-03-10 07:00:00+00:00,3956.6
2025-03-10 07:30:00+00:00,4297.37
2025-03-10 08:00:00+00:00,4457.9
2025-03-10 08:30:00+00:00,4489.29
2025-03-10 09:00:00+00:00,4472.9
2025-03-10 09:30:00+00:00,4481.22
2025-03-10 10:00:00+00:00,4425.57
2025-03-10 10:30:00+00:00,4357.83
2025-03-10 11:00:00+00:00,4337.06
2025-03-10 11:30:00+00:00,4298.12
2025-03-10 12:00:00+00:00,4233.64
2025-03-10 12:30:00+00:00,4216.42
2025-03-10 13:00:00+00:00,4182.34
2025-03-10 13:30:00+00:00,4164.42
2025-03-10 14:00:00+00:00,4149.28
2025-03-10 14:30:00+00:00,4155.72
2025-03-10 15:00:00+00:00,4201.64
2025-03-10 15:30:00+00:00,4304.27
2025-03-10 16:00:00+00:00,4399.35
2025-03-10 16:30:00+00:00,4521.09
2025-03-10 17:00:00+00:00,4673.58
2025-03-10 17:30:00+00:00,4773.17
2025-03-10 18:00:00+00:00,4845.38
2025-03-10 18:30:00+00:00,4894.88
2025-03-10 19:00:00+00:00,4966.99
2025-03-10 19:30:00+00:00,4931.7
2025-03-10 20:00:00+00:00,4796.28
2025-03-10 20:30:00+00:00,4692.45
2025-03-10 21:00:00+00:00,4535.56
2025-03-10 21:30:00+00:00,4367.42
2025-03-10 22:00:00+00:00,4167.45
2025-03-10 22:30:00+00:00,3930.61
2025-03-10 23:00:00+00:00,3792.55
2025-03-10 23:30:00+00:00,3784.82
2025-03-11 00:00:00+00:00,3642.26
2025-03-11 00:30:00+00:00,3593.96
2025-03-11 01:00:00+00:00,3514.44
2025-03-11 01:30:00+00:00,3463.65
2025-03-11 02:00:00+00:00,3426.79
2025-03-11 02:30:00+00:00,3473.86
2025-03-11 03:00:00+00:00,3436.66
2025-03-11 03:30:00+00:00,3408.82
2025-03-11 04:00:00+00:00,3380.3
2025-03-11 04:30:00+00:00,3394.56
2025-03-11 05:00:00+00:00,3438.31
2025-03-11 05:30:00+00:00,3522.62
2025-03-11 06:00:00+00:00,3674.54
2025-03-11 06:30:00+00:00,3924.64
2025-03-11 07:00:00+00:00,4171.04
2025-03-11 07:30:00+00:00,4516.84
2025-03-11 08:00:00+00:00,4623.2
2025-03-11 08:30:00+00:00,4641.7
2025-03-11 09:00:00+00:00,4683.08
2025-03-11 09:30:00+00:00,4645.01
2025-03-11 10:00:00+00:00,4526.36
2025-03-11 10:30:00+00:00,4480.5
2025-03-11 11:00:00+00:00,4452.13
2025-03-11 11:30:00+00:00,4415.56
2025-03-11 12:00:00+00:00,4380.54
2025-03-11 12:30:00+00:00,4347.52
2025-03-11 13:00:00+00:00,4345.63
2025-03-11 13:30:00+00:00,4307.59
2025-03-11 14:00:00+00:00,4297.73
2025-03-11 14:30:00+00:00,4364.75
2025-03-11 15:00:00+00:00,4354.57
2025-03-11 15:30:00+00:00,4403.39
2025-03-11 16:00:00+00:00,4461.65
2025-03-11 16:30:00+00:00,4572.71
2025-03-11 17:00:00+00:00,4728.13
2025-03-11 17:30:00+00:00,4856.98
2025-03-11 18:00:00+00:00,4938.19
2025-03-11 18:30:00+00:00,4995.71
2025-03-11 19:00:00+00:00,5148.35
2025-03-11 19:30:00+00:00,5130.34
2025-03-11 20:00:00+00:00,5043.86
2025-03-11 20:30:00+00:00,4926.73
2025-03-11 21:00:00+00:00,4838.12
2025-03-11 21:30:00+00:00,4592.06
2025-03-11 22:00:00+00:00,4432.42
2025-03-11 22:30:00+00:00,4186.71
2025-03-11 23:00:00+00:00,4031.07
2025-03-11 23:30:00+00:00,4014.24
2025-03-12 00:00:00+00:00,3879.46
2025-03-12 00:30:00+00:00,3817.83
2025-03-12 01:00:00+00:00,3734.59
2025-03-12 01:30:00+00:00,3660.05
2025-03-12 02:00:00+00:00,3615.23
2025-03-12 02:30:00+00:00,3627.56
2025-03-12 03:00:00+00:00,3601.57
2025-03-12 03:30:00+00:00,3523.48
2025-03-12 04:00:00+00:00,3521.29
2025-03-12 04:30:00+00:00,3540.9
2025-03-12 05:00:00+00:00,3561.06
2025-03-12 05:30:00+00:00,3577.08
2025-03-12 06:00:00+00:00,3739.34
2025-03-12 06:30:00+00:00,4000.24
2025-03-12 07:00:00+00:00,4271.15
2025-03-12 07:30:00+00:00,4627.4
2025-03-12 08:00:00+00:00,4716.38
2025-03-12 08:30:00+00:00,4744.45
2025-03-12 09:00:00+00:00,4708.67
2025-03-12 09:30:00+00:00,4622.68
2025-03-12 10:00:00+00:00,4512.32
2025-03-12 10:30:00+00:00,4448.11
2025-03-12 11:00:00+00:00,4402.17
2025-03-12 11:30:00+00:00,4360.29
2025-03-12 12:00:00+00:00,4324.86
2025-03-12 12:30:00+00:00,4341.25
2025-03-12 13:00:00+00:00,4323.69
2025-03-12 13:30:00+00:00,4257.91
2025-03-12 14:00:00+00:00,4273.12
2025-03-12 14:30:00+00:00,4295.31
2025-03-12 15:00:00+00:00,4326.25
2025-03-12 15:30:00+00:00,4379.31
2025-03-12 16:00:00+00:00,4464.5
2025-03-12 16:30:00+00:00,4604.88
2025-03-12 17:00:00+00:00,4721.7
2025-03-12 17:30:00+00:00,4847.46
2025-03-12 18:00:00+00:00,4899.69
2025-03-12 18:30:00+00:00,4933.52
2025-03-12 19:00:00+00:00,5093.68
2025-03-12 19:30:00+00:00,5086.03
2025-03-12 20:00:00+00:00,5033.8
2025-03-12 20:30:00+00:00,4874.68
2025-03-12 21:00:00+00:00,4809.55
2025-03-12 21:30:00+00:00,4636.77
2025-03-12 22:00:00+00:00,4434.68
2025-03-12 22:30:00+00:00,4221.09
2025-03-12 23:00:00+00:00,4060.0
2025-03-12 23:30:00+00:00,4039.26
2025-03-13 00:00:00+00:00,3901.02
2025-03-13 00:30:00+00:00,3826.34
2025-03-13 01:00:00+00:00,3714.93
2025-03-13 01:30:00+00:00,3663.68
2025-03-13 02:00:00+00:00,3606.48
2025-03-13 02:30:00+00:00,3637.4
2025-03-13 03:00:00+00:00,3594.3
2025-03-13 03:30:00+00:00,3581.07
2025-03-13 04:00:00+00:00,3559.48
2025-03-13 04:30:00+00:00,3562.66
2025-03-13 05:00:00+00:00,3566.93
2025-03-13 05:30:00+00:00,3677.49
2025-03-13 06:00:00+00:00,3853.04
2025-03-13 06:30:00+00:00,4091.36
2025-03-13 07:00:00+00:00,4372.83
2025-03-13 07:30:00+00:00,4720.04
2025-03-13 08:00:00+00:00,4827.4
2025-03-13 08:30:00+00:00,4859.4
2025-03-13 09:00:00+00:00,4845.0
2025-03-13 09:30:00+00:00,4814.65
2025-03-13 10:00:00+00:00,4715.67
2025-03-13 10:30:00+00:00,4660.86
2025-03-13 11:00:00+00:00,4633.91
2025-03-13 11:30:00+00:00,4627.61
2025-03-13 12:00:00+00:00,4604.69
2025-03-13 12:30:00+00:00,4615.91
2025-03-13 13:00:00+00:00,4642.33
2025-03-13 13:30:00+00:00,4564.19
2025-03-13 14:00:00+00:00,4578.86
2025-03-13 14:30:00+00:00,4576.82
2025-03-13 15:00:00+00:00,4610.3
2025-03-13 15:30:00+00:00,4686.17
2025-03-13 16:00:00+00:00,4764.24
2025-03-13 16:30:00+00:00,4834.63
2025-03-13 17:00:00+00:00,4947.58
2025-03-13 17:30:00+00:00,5079.13
2025-03-13 18:00:00+00:00,5113.92
2025-03-13 18:30:00+00:00,5192.21
2025-03-13 19:00:00+00:00,5258.85
2025-03-13 19:30:00+00:00,5227.31
2025-03-13 20:00:00+00:00,5123.17
2025-03-13 20:30:00+00:00,5021.02
2025-03-13 21:00:00+00:00,4901.3
2025-03-13 21:30:00+00:00,4711.38
2025-03-13 22:00:00+00:00,4524.59
2025-03-13 22:30:00+00:00,4332.79
2025-03-13 23:00:00+00:00,4162.34
2025-03-13 23:30:00+00:00,4143.13
2025-03-14 00:00:00+00:00,4008.69
2025-03-14 00:30:00+00:00,3927.29
2025-03-14 01:00:00+00:00,3819.6
2025-03-14 01:30:00+00:00,3779.22
2025-03-14 02:00:00+00:00,3706.87
2025-03-14 02:30:00+00:00,3738.73
2025-03-14 03:00:00+00:00,3688.02
2025-03-14 03:30:00+00:00,3654.01
2025-03-14 04:00:00+00:00,3617.99
2025-03-14 04:30:00+00:00,3593.83
2025-03-14 05:00:00+00:00,3594.95
2025-03-14 05:30:00+00:00,3648.08
2025-03-14 06:00:00+00:00,3755.62
2025-03-14 06:30:00+00:00,3977.17
2025-03-14 07:00:00+00:00,4223.18
2025-03-14 07:30:00+00:00,4537.03
2025-03-14 08:00:00+00:00,4689.01
2025-03-14 08:30:00+00:00,4716.66
2025-03-14 09:00:00+00:00,4760.07
2025-03-14 09:30:00+00:00,4781.44
2025-03-14 10:00:00+00:00,4695.31
2025-03-14 10:30:00+00:00,4646.38
2025-03-14 11:00:00+00:00,4580.32
2025-03-14 11:30:00+00:00,4593.15
2025-03-14 12:00:00+00:00,4549.73
2025-03-14 12:30:00+00:00,4551.86
2025-03-14 13:00:00+00:00,4547.93
2025-03-14 13:30:00+00:00,4555.68
2025-03-14 14:00:00+00:00,4528.6
2025-03-14 14:30:00+00:00,4483.79
2025-03-14 15:00:00+00:00,4493.89
2025-03-14 15:30:00+00:00,4467.79
2025-03-14 16:00:00+00:00,4513.8
2025-03-14 16:30:00+00:00,4612.71
2025-03-14 17:00:00+00:00,4693.38
2025-03-14 17:30:00+00:00,4810.58
2025-03-14 18:00:00+00:00,4896.54
2025-03-14 18:30:00+00:00,4962.27
2025-03-14 19:00:00+00:00,5082.1
2025-03-14 19:30:00+00:00,5077.87
2025-03-14 20:00:00+00:00,4993.23
2025-03-14 20:30:00+00:00,4881.1
2025-03-14 21:00:00+00:00,4755.68
2025-03-14 21:30:00+00:00,4601.37
2025-03-14 22:00:00+00:00,4465.24
2025-03-14 22:30:00+00:00,4314.82
2025-03-14 23:00:00+00:00,4202.52
2025-03-14 23:30:00+00:00,4202.61
2025-03-15 00:00:00+00:00,4085.75
2025-03-15 00:30:00+00:00,4005.3
2025-03-15 01:00:00+00:00,3913.73
2025-03-15 01:30:00+00:00,3852.73
2025-03-15 02:00:00+00:00,3794.21
2025-03-15 02:30:00+00:00,3854.83
2025-03-15 03:00:00+00:00,3803.09
2025-03-15 03:30:00+00:00,3775.37
2025-03-15 04:00:00+00:00,3740.7
2025-03-15 04:30:00+00:00,3726.1
2025-03-15 05:00:00+00:00,3701.11
2025-03-15 05:30:00+00:00,3710.91
2025-03-15 06:00:00+00:00,3762.42
2025-03-15 06:30:00+00:00,3855.57
2025-03-15 07:00:00+00:00,3945.95
2025-03-15 07:30:00+00:00,4084.16
2025-03-15 08:00:00+00:00,4152.73
2025-03-15 08:30:00+00:00,4240.21
2025-03-15 09:00:00+00:00,4281.31
2025-03-15 09:30:00+00:00,4311.15
2025-03-15 10:00:00+00:00,4269.58
2025-03-15 10:30:00+00:00,4209.62
2025-03-15 11:00:00+00:00,4171.98
2025-03-15 11:30:00+00:00,4164.2
2025-03-15 12:00:00+00:00,4145.79
2025-03-15 12:30:00+00:00,4132.52
2025-03-15 13:00:00+00:00,4127.95
2025-03-15 13:30:00+00:00,4108.49
2025-03-15 14:00:00+00:00,4084.11
2025-03-15 14:30:00+00:00,4077.43
2025-03-15 15:00:00+00:00,4048.56
2025-03-15 15:30:00+00:00,4076.97
2025-03-15 16:00:00+00:00,4118.69
2025-03-15 16:30:00+00:00,4262.21
2025-03-15 17:00:00+00:00,4348.84
2025-03-15 17:30:00+00:00,4487.66
2025-03-15 18:00:00+00:00,4596.28
2025-03-15 18:30:00+00:00,4646.47
2025-03-15 19:00:00+00:00,4755.38
2025-03-15 19:30:00+00:00,4732.83
2025-03-15 20:00:00+00:00,4607.66
2025-03-15 20:30:00+00:00,4488.29
2025-03-15 21:00:00+00:00,4391.69
2025-03-15 21:30:00+00:00,4275.22
2025-03-15 22:00:00+00:00,4147.34
2025-03-15 22:30:00+00:00,4019.74
2025-03-15 23:00:00+00:00,3914.51
2025-03-15 23:30:00+00:00,3931.02
2025-03-16 00:00:00+00:00,3827.09
2025-03-16 00:30:00+00:00,3746.58
2025-03-16 01:00:00+00:00,3663.93
2025-03-16 01:30:00+00:00,3593.37
2025-03-16 02:00:00+00:00,3524.71
2025-03-16 02:30:00+00:00,3560.73
2025-03-16 03:00:00+00:00,3509.33
2025-03-16 03:30:00+00:00,3482.95
2025-03-16 04:00:00+00:00,3454.35
2025-03-16 04:30:00+00:00,3431.2
2025-03-16 05:00:00+00:00,3426.55
2025-03-16 05:30:00+00:00,3401.8
2025-03-16 06:00:00+00:00,3437.17
2025-03-16 06:30:00+00:00,3474.59
2025-03-16 07:00:00+00:00,3512.44
2025-03-16 07:30:00+00:00,3638.31
2025-03-16 08:00:00+00:00,3718.15
2025-03-16 08:30:00+00:00,3830.75
2025-03-16 09:00:00+00:00,3912.61
2025-03-16 09:30:00+00:00,4017.16
2025-03-16 10:00:00+00:00,4060.63
2025-03-16 10:30:00+00:00,4079.51
2025-03-16 11:00:00+00:00,4065.38
2025-03-16 11:30:00+00:00,4054.69
2025-03-16 12:00:00+00:00,4051.71
2025-03-16 12:30:00+00:00,4071.59
2025-03-16 13:00:00+00:00,4035.23
2025-03-16 13:30:00+00:00,4014.07
2025-03-16 14:00:00+00:00,3974.65
2025-03-16 14:30:00+00:00,3953.88
2025-03-16 15:00:00+00:00,3958.95
2025-03-16 15:30:00+00:00,4001.61
2025-03-16 16:00:00+00:00,4052.17
2025-03-16 16:30:00+00:00,4142.2
2025-03-16 17:00:00+00:00,4224.52
2025-03-16 17:30:00+00:00,4352.13
2025-03-16 18:00:00+00:00,4425.06
2025-03-16 18:30:00+00:00,4469.42
2025-03-16 19:00:00+00:00,4575.82
2025-03-16 19:30:00+00:00,4540.67
2025-03-16 20:00:00+00:00,4435.4
2025-03-16 20:30:00+00:00,4327.49
2025-03-16 21:00:00+00:00,4218.16
2025-03-16 21:30:00+00:00,4086.63
2025-03-16 22:00:00+00:00,3926.81
2025-03-16 22:30:00+00:00,3803.24
2025-03-16 23:00:00+00:00,3688.44
2025-03-16 23:30:00+00:00,3759.58
2025-03-17 00:00:00+00:00,3663.8
2025-03-17 00:30:00+00:00,3604.61
2025-03-17 01:00:00+00:00,3509.15
2025-03-17 01:30:00+00:00,3447.71
2025-03-17 02:00:00+00:00,3396.42
2025-03-17 02:30:00+00:00,3440.51
2025-03-17 03:00:00+00:00,3389.3
2025-03-17 03:30:00+00:00,3339.41
2025-03-17 04:00:00+00:00,3304.97
2025-03-17 04:30:00+00:00,3295.3
2025-03-17 05:00:00+00:00,3282.23
2025-03-17 05:30:00+00:00,3298.26
2025-03-17 06:00:00+00:00,3354.1
2025-03-17 06:30:00+00:00,3415.58
2025-03-17 07:00:00+00:00,3464.44
2025-03-17 07:30:00+00:00,3629.75
2025-03-17 08:00:00+00:00,3700.28
2025-03-17 08:30:00+00:00,3847.05
2025-03-17 09:00:00+00:00,3966.7
2025-03-17 09:30:00+00:00,4096.06
2025-03-17 10:00:00+00:00,4134.86
2025-03-17 10:30:00+00:00,4197.92
2025-03-17 11:00:00+00:00,4204.84
2025-03-17 11:30:00+00:00,4162.56
2025-03-17 12:00:00+00:00,4168.6
2025-03-17 12:30:00+00:00,4206.89
2025-03-17 13:00:00+00:00,4171.28
2025-03-17 13:30:00+00:00,4103.59
2025-03-17 14:00:00+00:00,4064.51
2025-03-17 14:30:00+00:00,4069.84
2025-03-17 15:00:00+00:00,4026.94
2025-03-17 15:30:00+00:00,4050.32
2025-03-17 16:00:00+00:00,4087.79
2025-03-17 16:30:00+00:00,4255.33
2025-03-17 17:00:00+00:00,4366.34
2025-03-17 17:30:00+00:00,4451.75
2025-03-17 18:00:00+00:00,4521.59
2025-03-17 18:30:00+00:00,4579.39
2025-03-17 19:00:00+00:00,4659.39
2025-03-17 19:30:00+00:00,4638.82
2025-03-17 20:00:00+00:00,4531.17
2025-03-17 20:30:00+00:00,4428.19
2025-03-17 21:00:00+00:00,4305.89
2025-03-17 21:30:00+00:00,4162.8
2025-03-17 22:00:00+00:00,3984.78
2025-03-17 22:30:00+00:00,3854.71
2025-03-17 23:00:00+00:00,3725.89
2025-03-17 23:30:00+00:00,3736.94
2025-03-18 00:00:00+00:00,3633.06
2025-03-18 00:30:00+00:00,3577.49
2025-03-18 01:00:00+00:00,3482.13
2025-03-18 01:30:00+00:00,3427.36
2025-03-18 02:00:00+00:00,3383.1
2025-03-18 02:30:00+00:00,3432.62
2025-03-18 03:00:00+00:00,3412.4
2025-03-18 03:30:00+00:00,3368.24
2025-03-18 04:00:00+00:00,3335.89
2025-03-18 04:30:00+00:00,3325.23
2025-03-18 05:00:00+00:00,3331.65
2025-03-18 05:30:00+00:00,3387.1
2025-03-18 06:00:00+00:00,3534.57
2025-03-18 06:30:00+00:00,3745.62
2025-03-18 07:00:00+00:00,3997.73
2025-03-18 07:30:00+00:00,4344.1
2025-03-18 08:00:00+00:00,4502.62
2025-03-18 08:30:00+00:00,4653.36
2025-03-18 09:00:00+00:00,4725.88
2025-03-18 09:30:00+00:00,4690.18
2025-03-18 10:00:00+00:00,4607.25
2025-03-18 10:30:00+00:00,4575.88
2025-03-18 11:00:00+00:00,4515.87
2025-03-18 11:30:00+00:00,4550.2
2025-03-18 12:00:00+00:00,4470.63
2025-03-18 12:30:00+00:00,4438.39
2025-03-18 13:00:00+00:00,4424.52
2025-03-18 13:30:00+00:00,4284.37
2025-03-18 14:00:00+00:00,4274.96
2025-03-18 14:30:00+00:00,4276.43
2025-03-18 15:00:00+00:00,4298.89
2025-03-18 15:30:00+00:00,4380.99
2025-03-18 16:00:00+00:00,4358.42
2025-03-18 16:30:00+00:00,4491.61
2025-03-18 17:00:00+00:00,4645.54
2025-03-18 17:30:00+00:00,4739.91
2025-03-18 18:00:00+00:00,4807.3
2025-03-18 18:30:00+00:00,4853.45
2025-03-18 19:00:00+00:00,4971.51
2025-03-18 19:30:00+00:00,5032.17
2025-03-18 20:00:00+00:00,4960.98
2025-03-18 20:30:00+00:00,4865.67
2025-03-18 21:00:00+00:00,4725.97
2025-03-18 21:30:00+00:00,4561.19
2025-03-18 23:00:00+00:00,3992.59
2025-03-18 23:30:00+00:00,3973.29
2025-03-19 00:00:00+00:00,3840.19
2025-03-19 00:30:00+00:00,3779.88
2025-03-19 01:00:00+00:00,3689.19
2025-03-19 01:30:00+00:00,3605.58
2025-03-19 02:00:00+00:00,3548.92
2025-03-19 02:30:00+00:00,3613.89
2025-03-19 03:00:00+00:00,3559.74
2025-03-19 03:30:00+00:00,3531.35
2025-03-19 04:00:00+00:00,3483.78
2025-03-19 04:30:00+00:00,3501.4
2025-03-19 05:00:00+00:00,3524.29
2025-03-19 05:30:00+00:00,3553.23
2025-03-19 06:00:00+00:00,3728.05
2025-03-19 06:30:00+00:00,3938.1
2025-03-19 07:00:00+00:00,4236.13
2025-03-19 07:30:00+00:00,4556.91
2025-03-19 08:00:00+00:00,4645.2
2025-03-19 08:30:00+00:00,4652.67
2025-03-19 09:00:00+00:00,4602.77
2025-03-19 09:30:00+00:00,4570.34
2025-03-19 10:00:00+00:00,4476.74
2025-03-19 10:30:00+00:00,4383.57
2025-03-19 11:00:00+00:00,4300.91
2025-03-19 11:30:00+00:00,4222.69
2025-03-19 12:00:00+00:00,4176.33
2025-03-19 12:30:00+00:00,4155.64
2025-03-19 13:00:00+00:00,4154.27
2025-03-19 13:30:00+00:00,4067.59
2025-03-19 14:00:00+00:00,4089.57
2025-03-19 14:30:00+00:00,4114.01
2025-03-19 15:00:00+00:00,4137.73
2025-03-19 15:30:00+00:00,4254.13
2025-03-19 16:00:00+00:00,4339.2
2025-03-19 16:30:00+00:00,4472.38
2025-03-19 17:00:00+00:00,4609.69
2025-03-19 17:30:00+00:00,4755.44
2025-03-19 18:00:00+00:00,4837.57
2025-03-19 18:30:00+00:00,4886.69
2025-03-19 19:00:00+00:00,4997.22
2025-03-19 19:30:00+00:00,5074.81
2025-03-19 20:00:00+00:00,4984.09
2025-03-19 20:30:00+00:00,4882.88
2025-03-19 21:00:00+00:00,4733.12
2025-03-19 21:30:00+00:00,4544.47
2025-03-19 22:00:00+00:00,4345.12
2025-03-19 22:30:00+00:00,4144.53
2025-03-19 23:00:00+00:00,3951.95
2025-03-19 23:30:00+00:00,3932.54
2025-03-20 00:00:00+00:00,3784.55
2025-03-20 00:30:00+00:00,3719.96
2025-03-20 01:00:00+00:00,3632.98
2025-03-20 01:30:00+00:00,3553.38
2025-03-20 02:00:00+00:00,3521.41
2025-03-20 02:30:00+00:00,3560.53
2025-03-20 03:00:00+00:00,3504.29
2025-03-20 03:30:00+00:00,3473.93
2025-03-20 04:00:00+00:00,3462.33
2025-03-20 04:30:00+00:00,3442.5
2025-03-20 05:00:00+00:00,3469.69
2025-03-20 05:30:00+00:00,3538.48
2025-03-20 06:00:00+00:00,3679.48
2025-03-20 06:30:00+00:00,3858.42
2025-03-20 07:00:00+00:00,4136.71
2025-03-20 07:30:00+00:00,4452.22
2025-03-20 08:00:00+00:00,4536.17
2025-03-20 08:30:00+00:00,4531.2
2025-03-20 09:00:00+00:00,4506.74
2025-03-20 09:30:00+00:00,4486.56
2025-03-20 10:00:00+00:00,4372.36
2025-03-20 10:30:00+00:00,4296.47
2025-03-20 11:00:00+00:00,4226.5
2025-03-20 11:30:00+00:00,4153.82
2025-03-20 12:00:00+00:00,4062.78
2025-03-20 12:30:00+00:00,4042.35
2025-03-20 13:00:00+00:00,4031.13
2025-03-20 13:30:00+00:00,3989.73
2025-03-20 15:00:00+00:00,4088.62
2025-03-20 15:30:00+00:00,4123.67
2025-03-20 16:00:00+00:00,4211.69
2025-03-20 16:30:00+00:00,4356.82
2025-03-20 17:00:00+00:00,4500.64
2025-03-20 17:30:00+00:00,4579.92
2025-03-20 18:00:00+00:00,4657.8
2025-03-20 18:30:00+00:00,4702.13
2025-03-20 19:00:00+00:00,4775.2
2025-03-20 19:30:00+00:00,4820.29
2025-03-20 20:00:00+00:00,4721.58
2025-03-20 20:30:00+00:00,4615.46
2025-03-20 21:00:00+00:00,4526.06
2025-03-20 21:30:00+00:00,4341.69
2025-03-20 22:00:00+00:00,4163.96
2025-03-20 22:30:00+00:00,4005.93
2025-03-20 23:00:00+00:00,3838.74
2025-03-20 23:30:00+00:00,3815.96
2025-03-21 00:00:00+00:00,3685.9
2025-03-21 00:30:00+00:00,3611.85
2025-03-21 01:00:00+00:00,3496.04
2025-03-21 01:30:00+00:00,3460.42
2025-03-21 02:00:00+00:00,3380.36
2025-03-21 02:30:00+00:00,3426.31
2025-03-21 03:00:00+00:00,3392.52
2025-03-21 03:30:00+00:00,3318.57
2025-03-21 04:00:00+00:00,3295.57
2025-03-21 04:30:00+00:00,3319.17
2025-03-21 05:00:00+00:00,3331.9
2025-03-21 05:30:00+00:00,3417.69
2025-03-21 06:00:00+00:00,3539.92
2025-03-21 06:30:00+00:00,3731.17
2025-03-21 07:00:00+00:00,3992.52
2025-03-21 07:30:00+00:00,4283.78
2025-03-21 08:00:00+00:00,4406.57
2025-03-21 08:30:00+00:00,4475.44
2025-03-21 09:00:00+00:00,4469.06
2025-03-21 09:30:00+00:00,4456.69
2025-03-21 11:00:00+00:00,4399.63
2025-03-21 11:30:00+00:00,4420.34
2025-03-21 12:00:00+00:00,4416.79
2025-03-21 12:30:00+00:00,4458.03
2025-03-21 13:00:00+00:00,4461.53
2025-03-21 13:30:00+00:00,4437.96
2025-03-21 14:00:00+00:00,4477.84
2025-03-21 14:30:00+00:00,4503.39
2025-03-21 15:00:00+00:00,4549.95
2025-03-21 15:30:00+00:00,4607.17
2025-03-21 16:00:00+00:00,4652.27
2025-03-21 16:30:00+00:00,4739.94
2025-03-21 17:00:00+00:00,4824.36
2025-03-21 17:30:00+00:00,4897.46
2025-03-21 18:00:00+00:00,4898.83
2025-03-21 18:30:00+00:00,4903.22
2025-03-21 19:00:00+00:00,4886.1
2025-03-21 19:30:00+00:00,4850.35
2025-03-21 20:00:00+00:00,4721.81
2025-03-21 20:30:00+00:00,4601.02
2025-03-21 21:00:00+00:00,4472.37
2025-03-21 21:30:00+00:00,4317.25
2025-03-21 22:00:00+00:00,4176.83
2025-03-21 22:30:00+00:00,4030.52
2025-03-21 23:00:00+00:00,3896.72
2025-03-21 23:30:00+00:00,3915.83
2025-03-22 00:00:00+00:00,3815.61
2025-03-22 00:30:00+00:00,3724.88
2025-03-22 01:00:00+00:00,3607.48
2025-03-22 01:30:00+00:00,3535.52
2025-03-22 02:00:00+00:00,3483.3
2025-03-22 02:30:00+00:00,3483.91
2025-03-22 03:00:00+00:00,3426.98
2025-03-22 03:30:00+00:00,3412.93
2025-03-22 04:00:00+00:00,3370.94
2025-03-22 04:30:00+00:00,3357.99
2025-03-22 05:00:00+00:00,3328.74
2025-03-22 05:30:00+00:00,3334.21
2025-03-22 06:00:00+00:00,3365.32
2025-03-22 06:30:00+00:00,3429.42
2025-03-22 07:00:00+00:00,3561.9
2025-03-22 07:30:00+00:00,3686.85
2025-03-22 08:00:00+00:00,3778.67
2025-03-22 08:30:00+00:00,3942.85
2025-03-22 09:00:00+00:00,4052.8
2025-03-22 09:30:00+00:00,4144.95
2025-03-22 10:00:00+00:00,4192.19
2025-03-22 10:30:00+00:00,4206.49
2025-03-22 11:00:00+00:00,4192.33
2025-03-22 11:30:00+00:00,4188.68
2025-03-22 12:00:00+00:00,4184.17
2025-03-22 12:30:00+00:00,4200.87
2025-03-22 13:00:00+00:00,4148.55
2025-03-22 13:30:00+00:00,4132.06
2025-03-22 14:00:00+00:00,4144.42
2025-03-22 14:30:00+00:00,4150.87
2025-03-22 15:00:00+00:00,4110.04
2025-03-22 15:30:00+00:00,4142.01
2025-03-22 16:00:00+00:00,4205.42
2025-03-22 16:30:00+00:00,4258.16
2025-03-22 17:00:00+00:00,4363.3
2025-03-22 17:30:00+00:00,4445.28
2025-03-22 18:00:00+00:00,4535.67
2025-03-22 18:30:00+00:00,4515.51
2025-03-22 19:00:00+00:00,4573.81
2025-03-22 19:30:00+00:00,4552.8
2025-03-22 20:00:00+00:00,4423.02
2025-03-22 20:30:00+00:00,4328.69
2025-03-22 21:00:00+00:00,4220.42
2025-03-22 21:30:00+00:00,4125.56
2025-03-22 22:00:00+00:00,4008.02
2025-03-22 22:30:00+00:00,3877.3
2025-03-22 23:00:00+00:00,3775.38
2025-03-22 23:30:00+00:00,3787.95
2025-03-23 00:00:00+00:00,3689.8
2025-03-23 00:30:00+00:00,3619.82
2025-03-23 01:00:00+00:00,3505.16
2025-03-23 01:30:00+00:00,3440.62
2025-03-23 02:00:00+00:00,3400.2
2025-03-23 02:30:00+00:00,3439.94
2025-03-23 03:00:00+00:00,3366.28
2025-03-23 03:30:00+00:00,3354.62
2025-03-23 04:00:00+00:00,3300.58
2025-03-23 04:30:00+00:00,3259.96
2025-03-23 05:00:00+00:00,3242.99
2025-03-23 05:30:00+00:00,3250.12
2025-03-23 06:00:00+00:00,3277.08
2025-03-23 06:30:00+00:00,3291.99
2025-03-23 07:00:00+00:00,3387.18
2025-03-23 07:30:00+00:00,3493.09
2025-03-23 08:00:00+00:00,3568.96
2025-03-23 08:30:00+00:00,3638.74
2025-03-23 09:00:00+00:00,3769.21
2025-03-23 09:30:00+00:00,3855.38
2025-03-23 10:00:00+00:00,3897.07
2025-03-23 10:30:00+00:00,3921.34
2025-03-23 11:00:00+00:00,3929.4
2025-03-23 11:30:00+00:00,3947.99
2025-03-23 12:00:00+00:00,3950.88
2025-03-23 12:30:00+00:00,3972.55
2025-03-23 13:00:00+00:00,4015.42
2025-03-23 13:30:00+00:00,4006.04
2025-03-23 14:00:00+00:00,3954.51
2025-03-23 14:30:00+00:00,3934.04
2025-03-23 15:00:00+00:00,3910.81
2025-03-23 15:30:00+00:00,3944.5
2025-03-23 16:00:00+00:00,4019.21
2025-03-23 16:30:00+00:00,4105.64
2025-03-23 17:00:00+00:00,4183.0
2025-03-23 17:30:00+00:00,4325.52
2025-03-23 18:00:00+00:00,4433.04
2025-03-23 18:30:00+00:00,4461.17
2025-03-23 19:00:00+00:00,4580.18
2025-03-23 19:30:00+00:00,4614.39
2025-03-23 20:00:00+00:00,4546.86
2025-03-23 20:30:00+00:00,4421.09
2025-03-23 21:00:00+00:00,4306.29
2025-03-23 21:30:00+00:00,4170.88
2025-03-23 22:00:00+00:00,4019.7
2025-03-23 22:30:00+00:00,3870.57
2025-03-23 23:00:00+00:00,3748.61
2025-03-23 23:30:00+00:00,3729.78
2025-03-24 00:00:00+00:00,3595.87
2025-03-24 00:30:00+00:00,3521.54
2025-03-24 01:00:00+00:00,3466.59
2025-03-24 01:30:00+00:00,3413.1
2025-03-24 02:00:00+00:00,3389.96
2025-03-24 02:30:00+00:00,3453.6
2025-03-24 03:00:00+00:00,3424.99
2025-03-24 03:30:00+00:00,3400.49
2025-03-24 04:00:00+00:00,3386.77
2025-03-24 04:30:00+00:00,3388.02
2025-03-24 05:00:00+00:00,3413.83
2025-03-24 05:30:00+00:00,3478.96
2025-03-24 06:00:00+00:00,3615.61
2025-03-24 06:30:00+00:00,3837.34
2025-03-24 07:00:00+00:00,4124.92
2025-03-24 07:30:00+00:00,4425.97
2025-03-24 08:00:00+00:00,4485.77
2025-03-24 08:30:00+00:00,4480.17
2025-03-24 09:00:00+00:00,4470.85
2025-03-24 09:30:00+00:00,4435.05
2025-03-24 10:00:00+00:00,4324.14
2025-03-24 10:30:00+00:00,4189.47
2025-03-24 11:00:00+00:00,4217.44
2025-03-24 11:30:00+00:00,4149.49
2025-03-24 12:00:00+00:00,4071.59
2025-03-24 12:30:00+00:00,4069.48
2025-03-24 13:00:00+00:00,4034.71
2025-03-24 13:30:00+00:00,3987.24
2025-03-24 14:00:00+00:00,3981.93
2025-03-24 14:30:00+00:00,3978.58
2025-03-24 15:00:00+00:00,4028.87
2025-03-24 15:30:00+00:00,4123.28
2025-03-24 16:00:00+00:00,4235.77
2025-03-24 16:30:00+00:00,4384.79
2025-03-24 17:00:00+00:00,4487.95
2025-03-24 17:30:00+00:00,4592.55
2025-03-24 18:00:00+00:00,4661.4
2025-03-24 18:30:00+00:00,4676.57
2025-03-24 19:00:00+00:00,4758.55
2025-03-24 19:30:00+00:00,4861.65
2025-03-24 20:00:00+00:00,4775.46
2025-03-24 20:30:00+00:00,4682.36
2025-03-24 21:00:00+00:00,4541.09
2025-03-24 21:30:00+00:00,4345.67
2025-03-24 22:00:00+00:00,4131.8
2025-03-24 22:30:00+00:00,3946.97
2025-03-24 23:00:00+00:00,3810.42
2025-03-24 23:30:00+00:00,3780.78
2025-03-25 00:00:00+00:00,3638.56
2025-03-25 00:30:00+00:00,3562.8
2025-03-25 01:00:00+00:00,3484.41
2025-03-25 01:30:00+00:00,3432.94
2025-03-25 02:00:00+00:00,3420.51
2025-03-25 02:30:00+00:00,3469.06
2025-03-25 03:00:00+00:00,3404.93
2025-03-25 03:30:00+00:00,3393.41
2025-03-25 04:00:00+00:00,3346.14
2025-03-25 04:30:00+00:00,3317.6
2025-03-25 05:00:00+00:00,3447.61
2025-03-25 05:30:00+00:00,3510.88
2025-03-25 06:00:00+00:00,3634.5
2025-03-25 06:30:00+00:00,3909.14
2025-03-25 07:00:00+00:00,4095.46
2025-03-25 07:30:00+00:00,4389.93
2025-03-25 08:00:00+00:00,4526.29
2025-03-25 08:30:00+00:00,4574.93
2025-03-25 09:00:00+00:00,4593.96
2025-03-25 09:30:00+00:00,4617.82
2025-03-25 10:00:00+00:00,4568.04
2025-03-25 10:30:00+00:00,4525.83
2025-03-25 11:00:00+00:00,4507.15
2025-03-25 11:30:00+00:00,4470.57
2025-03-25 12:00:00+00:00,4432.67
2025-03-25 12:30:00+00:00,4438.75
2025-03-25 13:00:00+00:00,4425.54
2025-03-25 13:30:00+00:00,4361.94
2025-03-25 14:00:00+00:00,4334.93
2025-03-25 14:30:00+00:00,4320.96
2025-03-25 15:00:00+00:00,4314.34
2025-03-25 15:30:00+00:00,4321.39
2025-03-25 16:00:00+00:00,4355.38
2025-03-25 16:30:00+00:00,4448.0
2025-03-25 17:00:00+00:00,4518.07
2025-03-25 17:30:00+00:00,4641.67
2025-03-25 18:00:00+00:00,4683.4
2025-03-25 18:30:00+00:00,4731.51
2025-03-25 19:00:00+00:00,4809.98
2025-03-25 19:30:00+00:00,4953.98
2025-03-25 20:00:00+00:00,4889.74
2025-03-25 20:30:00+00:00,4812.68
2025-03-25 21:00:00+00:00,4669.98
2025-03-25 21:30:00+00:00,4495.91
2025-03-25 22:00:00+00:00,4295.67
2025-03-25 22:30:00+00:00,4081.6
2025-03-25 23:00:00+00:00,3918.08
2025-03-25 23:30:00+00:00,3875.46
2025-03-26 00:00:00+00:00,3728.74
2025-03-26 00:30:00+00:00,3652.17
2025-03-26 01:00:00+00:00,3559.48
2025-03-26 01:30:00+00:00,3499.04
2025-03-26 02:00:00+00:00,3447.58
2025-03-26 02:30:00+00:00,3484.41
2025-03-26 03:00:00+00:00,3436.53
2025-03-26 03:30:00+00:00,3403.07
2025-03-26 04:00:00+00:00,3391.97
2025-03-26 04:30:00+00:00,3372.39
2025-03-26 05:00:00+00:00,3378.6
2025-03-26 05:30:00+00:00,3437.63
2025-03-26 06:00:00+00:00,3571.17
2025-03-26 06:30:00+00:00,3767.03
2025-03-26 07:00:00+00:00,4064.75
2025-03-26 07:30:00+00:00,4369.12
2025-03-26 08:00:00+00:00,4476.77
2025-03-26 08:30:00+00:00,4514.69
2025-03-26 09:00:00+00:00,4536.37
2025-03-26 09:30:00+00:00,4527.22
2025-03-26 10:00:00+00:00,4421.76
2025-03-26 10:30:00+00:00,4351.05
2025-03-26 11:00:00+00:00,4339.53
2025-03-26 11:30:00+00:00,4338.56
2025-03-26 12:00:00+00:00,4294.31
2025-03-26 12:30:00+00:00,4322.55
2025-03-26 13:00:00+00:00,4348.43
2025-03-26 13:30:00+00:00,4290.88
2025-03-26 14:00:00+00:00,4250.37
2025-03-26 14:30:00+00:00,4219.71
2025-03-26 15:00:00+00:00,4253.01
2025-03-26 15:30:00+00:00,4315.66
2025-03-26 16:00:00+00:00,4353.75
2025-03-26 16:30:00+00:00,4406.42
2025-03-26 17:00:00+00:00,4513.62
2025-03-26 17:30:00+00:00,4643.66
2025-03-26 18:00:00+00:00,4706.04
2025-03-26 18:30:00+00:00,4702.57
2025-03-26 19:00:00+00:00,4738.93
2025-03-26 19:30:00+00:00,4809.66
2025-03-26 20:00:00+00:00,4737.19
2025-03-26 20:30:00+00:00,4658.64
2025-03-26 21:00:00+00:00,4518.96
2025-03-26 21:30:00+00:00,4353.97
2025-03-26 22:00:00+00:00,4168.66
2025-03-26 22:30:00+00:00,4024.6
2025-03-26 23:00:00+00:00,3831.53
2025-03-26 23:30:00+00:00,3765.17
2025-03-27 00:00:00+00:00,3631.55
2025-03-27 00:30:00+00:00,3631.03
2025-03-27 01:00:00+00:00,3530.56
2025-03-27 01:30:00+00:00,3391.22
2025-03-27 02:00:00+00:00,3358.03
2025-03-27 02:30:00+00:00,3390.03
2025-03-27 03:00:00+00:00,3325.15
2025-03-27 03:30:00+00:00,3412.09
2025-03-27 04:00:00+00:00,3529.36
2025-03-27 04:30:00+00:00,3652.96
2025-03-27 05:00:00+00:00,3257.61
2025-03-27 05:30:00+00:00,3375.48
2025-03-27 06:00:00+00:00,3450.59
2025-03-27 06:30:00+00:00,3614.99
2025-03-27 07:00:00+00:00,3961.14
2025-03-27 07:30:00+00:00,4226.57
2025-03-27 08:00:00+00:00,4354.4
2025-03-27 08:30:00+00:00,4385.73
2025-03-27 09:00:00+00:00,4320.5
2025-03-27 09:30:00+00:00,4288.78
2025-03-27 10:00:00+00:00,4308.13
2025-03-27 10:30:00+00:00,4297.41
2025-03-27 11:00:00+00:00,4251.54
2025-03-27 11:30:00+00:00,4249.71
2025-03-27 12:00:00+00:00,4236.65
2025-03-27 12:30:00+00:00,4293.04
2025-03-27 13:00:00+00:00,4297.6
2025-03-27 13:30:00+00:00,4305.29
2025-03-27 14:00:00+00:00,4292.72
2025-03-27 14:30:00+00:00,4321.38
2025-03-27 15:00:00+00:00,4402.55
2025-03-27 15:30:00+00:00,4411.02
2025-03-27 16:00:00+00:00,4426.77
2025-03-27 16:30:00+00:00,4602.82
2025-03-27 17:00:00+00:00,4657.88
2025-03-27 17:30:00+00:00,4715.4
2025-03-27 18:00:00+00:00,4703.26
2025-03-27 18:30:00+00:00,4740.08
2025-03-27 19:00:00+00:00,4788.78
2025-03-27 19:30:00+00:00,4838.34
2025-03-27 20:00:00+00:00,4755.69
2025-03-27 20:30:00+00:00,4639.54
2025-03-27 21:00:00+00:00,4532.39
2025-03-27 21:30:00+00:00,4353.45
2025-03-27 22:00:00+00:00,4195.67
2025-03-27 22:30:00+00:00,4013.98
2025-03-27 23:00:00+00:00,3876.43
2025-03-27 23:30:00+00:00,3796.42
2025-03-28 00:00:00+00:00,3641.65
2025-03-28 00:30:00+00:00,3536.49
2025-03-28 01:00:00+00:00,3449.96
2025-03-28 01:30:00+00:00,3438.92
2025-03-28 02:00:00+00:00,3323.27
2025-03-28 02:30:00+00:00,3423.79
2025-03-28 03:00:00+00:00,3404.82
2025-03-28 03:30:00+00:00,3419.57
2025-03-28 04:00:00+00:00,3398.47
2025-03-28 04:30:00+00:00,3389.25
2025-03-28 05:00:00+00:00,3355.57
2025-03-28 05:30:00+00:00,3409.83
2025-03-28 06:00:00+00:00,3531.27
2025-03-28 06:30:00+00:00,3728.21
2025-03-28 07:00:00+00:00,3977.82
2025-03-28 07:30:00+00:00,4279.12
2025-03-28 08:00:00+00:00,4338.64
2025-03-28 08:30:00+00:00,4276.13
2025-03-28 09:00:00+00:00,4286.83
2025-03-28 09:30:00+00:00,4294.28
2025-03-28 10:00:00+00:00,4282.49
2025-03-28 10:30:00+00:00,4308.01
2025-03-28 11:00:00+00:00,4278.21
2025-03-28 11:30:00+00:00,4257.59
2025-03-28 12:00:00+00:00,4289.61
2025-03-28 12:30:00+00:00,4201.5
2025-03-28 13:00:00+00:00,4185.23
2025-03-28 13:30:00+00:00,4218.93
2025-03-28 14:00:00+00:00,4201.61
2025-03-28 14:30:00+00:00,4154.39
2025-03-28 15:00:00+00:00,4175.56
2025-03-28 15:30:00+00:00,4193.71
2025-03-28 16:00:00+00:00,4308.99
2025-03-28 16:30:00+00:00,4311.65
2025-03-28 17:00:00+00:00,4303.23
2025-03-28 17:30:00+00:00,4426.12
2025-03-28 18:00:00+00:00,4551.1
2025-03-28 18:30:00+00:00,4626.52
2025-03-28 19:00:00+00:00,4663.36
2025-03-28 19:30:00+00:00,4777.89
2025-03-28 20:00:00+00:00,4759.34
2025-03-28 20:30:00+00:00,4672.17
2025-03-28 21:00:00+00:00,4563.06
2025-03-28 21:30:00+00:00,4397.65
2025-03-28 22:00:00+00:00,4257.77
2025-03-28 22:30:00+00:00,4079.33
2025-03-28 23:00:00+00:00,3920.55
2025-03-28 23:30:00+00:00,3952.46
2025-03-29 00:00:00+00:00,3825.32
2025-03-29 00:30:00+00:00,3721.74
2025-03-29 01:00:00+00:00,3618.16
2025-03-29 01:30:00+00:00,3538.26
2025-03-29 02:00:00+00:00,3491.53
2025-03-29 02:30:00+00:00,3537.21
2025-03-29 03:00:00+00:00,3479.15
2025-03-29 03:30:00+00:00,3431.46
2025-03-29 04:00:00+00:00,3367.8
2025-03-29 04:30:00+00:00,3333.65
2025-03-29 05:00:00+00:00,3289.49
2025-03-29 05:30:00+00:00,3308.64
2025-03-29 06:00:00+00:00,3332.05
2025-03-29 06:30:00+00:00,3406.02
2025-03-29 07:00:00+00:00,3508.27
2025-03-29 07:30:00+00:00,3670.47
2025-03-29 08:00:00+00:00,3829.48
2025-03-29 08:30:00+00:00,3978.22
2025-03-29 09:00:00+00:00,4112.46
2025-03-29 09:30:00+00:00,4178.35
2025-03-29 10:00:00+00:00,4186.48
2025-03-29 10:30:00+00:00,4249.48
2025-03-29 11:00:00+00:00,4264.15
2025-03-29 11:30:00+00:00,4275.41
2025-03-29 12:00:00+00:00,4227.08
2025-03-29 12:30:00+00:00,4272.13
2025-03-29 13:00:00+00:00,4297.24
2025-03-29 13:30:00+00:00,4257.72
2025-03-29 14:00:00+00:00,4145.22
2025-03-29 14:30:00+00:00,4163.9
2025-03-29 15:00:00+00:00,4147.62
2025-03-29 15:30:00+00:00,4100.87
2025-03-29 16:00:00+00:00,4055.38
2025-03-29 16:30:00+00:00,4107.21
2025-03-29 17:00:00+00:00,4173.35
2025-03-29 17:30:00+00:00,4256.76
2025-03-29 18:00:00+00:00,4308.48
2025-03-29 18:30:00+00:00,4324.67
2025-03-29 19:00:00+00:00,4379.48
2025-03-29 19:30:00+00:00,4465.95
2025-03-29 20:00:00+00:00,4429.26
2025-03-29 20:30:00+00:00,4323.4
2025-03-29 21:00:00+00:00,4200.01
2025-03-29 21:30:00+00:00,4102.3
2025-03-29 22:00:00+00:00,3982.41
2025-03-29 22:30:00+00:00,3862.36
2025-03-29 23:00:00+00:00,3754.94
2025-03-29 23:30:00+00:00,3761.56
2025-03-30 00:00:00+00:00,3640.16
2025-03-30 00:30:00+00:00,3579.6
2025-03-30 02:00:00+01:00,3523.42
2025-03-30 02:30:00+01:00,3503.25
2025-03-30 03:00:00+01:00,3379.71
2025-03-30 03:30:00+01:00,3368.23
2025-03-30 04:00:00+01:00,3308.35
2025-03-30 04:30:00+01:00,3253.67
2025-03-30 05:00:00+01:00,3268.75
2025-03-30 05:30:00+01:00,3257.41
2025-03-30 06:00:00+01:00,3302.14
2025-03-30 06:30:00+01:00,3328.17
2025-03-30 07:00:00+01:00,3344.49
2025-03-30 07:30:00+01:00,3414.58
2025-03-30 08:00:00+01:00,3492.43
2025-03-30 08:30:00+01:00,3611.64
2025-03-30 09:00:00+01:00,3659.75
2025-03-30 09:30:00+01:00,3738.56
2025-03-30 10:00:00+01:00,3758.44
2025-03-30 10:30:00+01:00,3785.39
2025-03-30 11:00:00+01:00,3800.46
2025-03-30 11:30:00+01:00,3780.5
2025-03-30 12:00:00+01:00,3733.98
2025-03-30 12:30:00+01:00,3716.38
2025-03-30 13:00:00+01:00,3700.77
2025-03-30 13:30:00+01:00,3666.57
2025-03-30 14:00:00+01:00,3641.19
2025-03-30 14:30:00+01:00,3624.68
2025-03-30 15:00:00+01:00,3598.55
2025-03-30 15:30:00+01:00,3603.79
2025-03-30 16:00:00+01:00,3648.27
2025-03-30 16:30:00+01:00,3723.02
2025-03-30 17:00:00+01:00,3826.27
2025-03-30 17:30:00+01:00,3927.79
2025-03-30 18:00:00+01:00,4029.79
2025-03-30 18:30:00+01:00,4128.67
2025-03-30 19:00:00+01:00,4138.38
2025-03-30 19:30:00+01:00,4173.27
2025-03-30 20:00:00+01:00,4247.56
2025-03-30 20:30:00+01:00,4369.02
2025-03-30 21:00:00+01:00,4331.83
2025-03-30 21:30:00+01:00,4191.35
2025-03-30 22:00:00+01:00,4022.76
2025-03-30 22:30:00+01:00,3868.12
2025-03-30 23:00:00+01:00,3694.53
2025-03-30 23:30:00+01:00,3578.54
2025-03-31 00:00:00+01:00,3469.24
2025-03-31 00:30:00+01:00,3466.83
2025-03-31 01:00:00+01:00,3376.14
2025-03-31 01:30:00+01:00,3327.99
2025-03-31 02:00:00+01:00,3269.71
2025-03-31 02:30:00+01:00,3309.7
2025-03-31 03:00:00+01:00,3257.29
2025-03-31 03:30:00+01:00,3253.58
2025-03-31 04:00:00+01:00,3219.23
2025-03-31 04:30:00+01:00,3219.86
2025-03-31 05:00:00+01:00,3229.38
2025-03-31 05:30:00+01:00,3285.58
2025-03-31 06:00:00+01:00,3410.1
2025-03-31 06:30:00+01:00,3638.6
2025-03-31 07:00:00+01:00,3882.46
2025-03-31 07:30:00+01:00,4202.46
2025-03-31 08:00:00+01:00,4395.46
2025-03-31 08:30:00+01:00,4361.28
2025-03-31 09:00:00+01:00,4465.24
2025-03-31 09:30:00+01:00,4494.48
2025-03-31 10:00:00+01:00,4419.02
2025-03-31 10:30:00+01:00,4367.61
2025-03-31 11:00:00+01:00,4301.76
2025-03-31 11:30:00+01:00,4230.19
2025-03-31 12:00:00+01:00,4161.06
2025-03-31 12:30:00+01:00,4185.08
2025-03-31 13:00:00+01:00,4160.37
2025-03-31 13:30:00+01:00,4093.54
2025-03-31 14:00:00+01:00,4099.28
2025-03-31 14:30:00+01:00,4071.35
2025-03-31 15:00:00+01:00,4087.59
2025-03-31 15:30:00+01:00,4130.0
2025-03-31 16:00:00+01:00,4159.34
2025-03-31 16:30:00+01:00,4249.73
2025-03-31 17:00:00+01:00,4329.13
2025-03-31 17:30:00+01:00,4401.51
2025-03-31 18:00:00+01:00,4413.63
2025-03-31 18:30:00+01:00,4412.11
2025-03-31 19:00:00+01:00,4418.36
2025-03-31 19:30:00+01:00,4431.09
2025-03-31 20:00:00+01:00,4454.3
2025-03-31 20:30:00+01:00,4579.27
2025-03-31 21:00:00+01:00,4516.29
2025-03-31 21:30:00+01:00,4343.6
2025-03-31 22:00:00+01:00,4186.57
2025-03-31 22:30:00+01:00,3959.36
2025-03-31 23:00:00+01:00,3731.78
2025-03-31 23:30:00+01:00,3620.26
2025-04-01 00:00:00+01:00,3499.18
2025-04-01 00:30:00+01:00,3476.59
2025-04-01 01:00:00+01:00,3392.1
2025-04-01 01:30:00+01:00,3336.78
2025-04-01 02:00:00+01:00,3296.86
2025-04-01 02:30:00+01:00,3361.18
2025-04-01 03:00:00+01:00,3354.68
2025-04-01 03:30:00+01:00,3342.95
2025-04-01 04:00:00+01:00,3312.72
2025-04-01 04:30:00+01:00,3293.71
2025-04-01 05:00:00+01:00,3286.25
2025-04-01 05:30:00+01:00,3367.6
2025-04-01 06:00:00+01:00,3493.31
2025-04-01 06:30:00+01:00,3714.17
2025-04-01 07:00:00+01:00,3928.68
2025-04-01 07:30:00+01:00,4282.29
2025-04-01 08:00:00+01:00,4422.38
2025-04-01 08:30:00+01:00,4465.19
2025-04-01 09:00:00+01:00,4412.91
2025-04-01 09:30:00+01:00,4380.76
2025-04-01 10:00:00+01:00,4297.17
2025-04-01 10:30:00+01:00,4213.64
2025-04-01 11:00:00+01:00,4192.34
2025-04-01 11:30:00+01:00,4127.41
2025-04-01 12:00:00+01:00,4091.54
2025-04-01 12:30:00+01:00,4041.84
2025-04-01 13:00:00+01:00,3989.01
2025-04-01 13:30:00+01:00,3918.22
2025-04-01 14:00:00+01:00,3885.51
2025-04-01 14:30:00+01:00,3834.81
2025-04-01 15:00:00+01:00,3833.63
2025-04-01 15:30:00+01:00,3885.46
2025-04-01 16:00:00+01:00,3926.47
2025-04-01 16:30:00+01:00,4031.09
2025-04-01 17:00:00+01:00,4164.94
2025-04-01 17:30:00+01:00,4256.36
2025-04-01 18:00:00+01:00,4296.18
2025-04-01 18:30:00+01:00,4313.46
2025-04-01 19:00:00+01:00,4344.06
2025-04-01 19:30:00+01:00,4447.25
2025-04-01 20:00:00+01:00,4518.43
2025-04-01 20:30:00+01:00,4591.38
2025-04-01 21:00:00+01:00,4587.2
2025-04-01 21:30:00+01:00,4408.23
2025-04-01 22:00:00+01:00,4193.7
2025-04-01 22:30:00+01:00,3997.0
2025-04-01 23:00:00+01:00,3793.49
2025-04-01 23:30:00+01:00,3634.04
2025-04-02 00:00:00+01:00,3510.96
2025-04-02 00:30:00+01:00,3554.04
2025-04-02 01:00:00+01:00,3497.91
2025-04-02 01:30:00+01:00,3433.44
2025-04-02 02:00:00+01:00,3366.2
2025-04-02 02:30:00+01:00,3385.39
2025-04-02 03:00:00+01:00,3337.15
2025-04-02 03:30:00+01:00,3331.04
2025-04-02 04:00:00+01:00,3289.09
2025-04-02 04:30:00+01:00,3253.9
2025-04-02 05:00:00+01:00,3283.12
2025-04-02 05:30:00+01:00,3327.36
2025-04-02 06:00:00+01:00,3487.15
2025-04-02 06:30:00+01:00,3743.35
2025-04-02 07:00:00+01:00,4003.57
2025-04-02 07:30:00+01:00,4333.34
2025-04-02 08:00:00+01:00,4492.8
2025-04-02 08:30:00+01:00,4538.46
2025-04-02 09:00:00+01:00,4493.98
2025-04-02 09:30:00+01:00,4435.73
2025-04-02 10:00:00+01:00,4312.9
2025-04-02 10:30:00+01:00,4195.86
2025-04-02 11:00:00+01:00,4102.85
2025-04-02 11:30:00+01:00,4030.3
2025-04-02 12:00:00+01:00,3985.33
2025-04-02 12:30:00+01:00,3942.73
2025-04-02 13:00:00+01:00,3903.71
2025-04-02 13:30:00+01:00,3834.73
2025-04-02 14:00:00+01:00,3800.61
2025-04-02 14:30:00+01:00,3803.19
2025-04-02 15:00:00+01:00,3807.17
2025-04-02 15:30:00+01:00,3873.71
2025-04-02 16:00:00+01:00,3924.78
2025-04-02 16:30:00+01:00,4004.27
2025-04-02 17:00:00+01:00,4109.7
2025-04-02 17:30:00+01:00,4220.7
2025-04-02 18:00:00+01:00,4280.9
2025-04-02 18:30:00+01:00,4309.6
2025-04-02 19:00:00+01:00,4300.28
2025-04-02 19:30:00+01:00,4357.49
2025-04-02 20:00:00+01:00,4387.25
2025-04-02 20:30:00+01:00,4507.54
2025-04-02 21:00:00+01:00,4506.99
2025-04-02 21:30:00+01:00,4321.84
2025-04-02 22:00:00+01:00,4115.74
2025-04-02 22:30:00+01:00,3926.77
2025-04-02 23:00:00+01:00,3742.31
2025-04-02 23:30:00+01:00,3614.0
2025-04-03 00:00:00+01:00,3481.76
2025-04-03 00:30:00+01:00,3447.73
2025-04-03 01:00:00+01:00,3358.2
2025-04-03 01:30:00+01:00,3288.59
2025-04-03 02:00:00+01:00,3247.0
2025-04-03 02:30:00+01:00,3335.43
2025-04-03 03:00:00+01:00,3301.45
2025-04-03 03:30:00+01:00,3279.44
2025-04-03 04:00:00+01:00,3243.08
2025-04-03 04:30:00+01:00,3242.52
2025-04-03 05:00:00+01:00,3244.48
2025-04-03 05:30:00+01:00,3276.71
2025-04-03 06:00:00+01:00,3396.25
2025-04-03 06:30:00+01:00,3631.03
2025-04-03 07:00:00+01:00,3871.28
2025-04-03 07:30:00+01:00,4252.02
2025-04-03 08:00:00+01:00,4406.25
2025-04-03 08:30:00+01:00,4472.26
2025-04-03 09:00:00+01:00,4445.84
2025-04-03 09:30:00+01:00,4409.35
2025-04-03 10:00:00+01:00,4304.81
2025-04-03 10:30:00+01:00,4222.06
2025-04-03 11:00:00+01:00,4156.29
2025-04-03 11:30:00+01:00,4120.28
2025-04-03 12:00:00+01:00,4011.1
2025-04-03 12:30:00+01:00,3999.02
2025-04-03 13:00:00+01:00,3980.54
2025-04-03 13:30:00+01:00,3931.4
2025-04-03 14:00:00+01:00,3895.8
2025-04-03 14:30:00+01:00,3896.21
2025-04-03 15:00:00+01:00,3875.48
2025-04-03 15:30:00+01:00,3931.64
2025-04-03 16:00:00+01:00,3970.72
2025-04-03 16:30:00+01:00,4060.46
2025-04-03 17:00:00+01:00,4161.8
2025-04-03 17:30:00+01:00,4287.91
2025-04-03 18:00:00+01:00,4321.85
2025-04-03 18:30:00+01:00,4331.77
2025-04-03 19:00:00+01:00,4355.32
2025-04-03 19:30:00+01:00,4353.23
2025-04-03 20:00:00+01:00,4355.05
2025-04-03 20:30:00+01:00,4457.85
2025-04-03 21:00:00+01:00,4413.09
2025-04-03 21:30:00+01:00,4254.17
2025-04-03 22:00:00+01:00,4070.28
2025-04-03 22:30:00+01:00,3882.36
2025-04-03 23:00:00+01:00,3732.5
2025-04-03 23:30:00+01:00,3631.2
2025-04-04 00:00:00+01:00,3533.3
2025-04-04 00:30:00+01:00,3510.29
2025-04-04 01:00:00+01:00,3436.64
2025-04-04 01:30:00+01:00,3363.23
2025-04-04 02:00:00+01:00,3263.88
2025-04-04 02:30:00+01:00,3307.93
2025-04-04 03:00:00+01:00,3276.21
2025-04-04 03:30:00+01:00,3250.56
2025-04-04 04:00:00+01:00,3192.09
2025-04-04 04:30:00+01:00,3194.53
2025-04-04 05:00:00+01:00,3193.74
2025-04-04 05:30:00+01:00,3292.67
2025-04-04 06:00:00+01:00,3427.16
2025-04-04 06:30:00+01:00,3629.49
2025-04-04 07:00:00+01:00,3850.52
2025-04-04 07:30:00+01:00,4126.0
2025-04-04 08:00:00+01:00,4336.42
2025-04-04 08:30:00+01:00,4440.14
2025-04-04 09:00:00+01:00,4468.55
2025-04-04 09:30:00+01:00,4461.6
2025-04-04 10:00:00+01:00,4392.36
2025-04-04 10:30:00+01:00,4332.31
2025-04-04 11:00:00+01:00,4305.42
2025-04-04 11:30:00+01:00,4238.23
2025-04-04 12:00:00+01:00,4213.25
2025-04-04 12:30:00+01:00,4205.61
2025-04-04 13:00:00+01:00,4216.53
2025-04-04 13:30:00+01:00,4225.97
2025-04-04 14:00:00+01:00,4204.16
2025-04-04 14:30:00+01:00,4154.67
2025-04-04 15:00:00+01:00,4134.59
2025-04-04 15:30:00+01:00,4113.73
2025-04-04 16:00:00+01:00,4093.08
2025-04-04 16:30:00+01:00,4134.83
2025-04-04 17:00:00+01:00,4218.47
2025-04-04 17:30:00+01:00,4278.65
2025-04-04 18:00:00+01:00,4265.3
2025-04-04 18:30:00+01:00,4288.61
2025-04-04 19:00:00+01:00,4241.27
2025-04-04 19:30:00+01:00,4259.39
2025-04-04 20:00:00+01:00,4218.73
2025-04-04 20:30:00+01:00,4281.07
2025-04-04 21:00:00+01:00,4226.85
2025-04-04 21:30:00+01:00,4142.53
2025-04-04 22:00:00+01:00,4012.79
2025-04-04 22:30:00+01:00,3851.31
2025-04-04 23:00:00+01:00,3696.38
2025-04-04 23:30:00+01:00,3600.51
2025-04-05 00:00:00+01:00,3497.29
2025-04-05 00:30:00+01:00,3488.13
2025-04-05 01:00:00+01:00,3392.3
2025-04-05 01:30:00+01:00,3327.46
2025-04-05 02:00:00+01:00,3296.9
2025-04-05 02:30:00+01:00,3357.14
2025-04-05 03:00:00+01:00,3275.14
2025-04-05 03:30:00+01:00,3232.53
2025-04-05 04:00:00+01:00,3179.7
2025-04-05 04:30:00+01:00,3172.25
2025-04-05 05:00:00+01:00,3172.85
2025-04-05 05:30:00+01:00,3193.96
2025-04-05 06:00:00+01:00,3248.16
2025-04-05 06:30:00+01:00,3308.79
2025-04-05 07:00:00+01:00,3359.3
2025-04-05 07:30:00+01:00,3512.51
2025-04-05 08:00:00+01:00,3667.01
2025-04-05 08:30:00+01:00,3803.21
2025-04-05 09:00:00+01:00,3862.39
2025-04-05 09:30:00+01:00,3888.62
2025-04-05 10:00:00+01:00,3862.57
2025-04-05 10:30:00+01:00,3875.74
2025-04-05 11:00:00+01:00,3813.73
2025-04-05 11:30:00+01:00,3739.4
2025-04-05 12:00:00+01:00,3675.72
2025-04-05 12:30:00+01:00,3614.28
2025-04-05 13:00:00+01:00,3561.88
2025-04-05 13:30:00+01:00,3504.42
2025-04-05 14:00:00+01:00,3461.46
2025-04-05 14:30:00+01:00,3419.19
2025-04-05 15:00:00+01:00,3399.72
2025-04-05 15:30:00+01:00,3411.69
2025-04-05 16:00:00+01:00,3452.11
2025-04-05 16:30:00+01:00,3523.04
2025-04-05 17:00:00+01:00,3624.23
2025-04-05 17:30:00+01:00,3738.22
2025-04-05 18:00:00+01:00,3823.72
2025-04-05 18:30:00+01:00,3910.53
2025-04-05 19:00:00+01:00,3939.98
2025-04-05 19:30:00+01:00,3932.63
2025-04-05 20:00:00+01:00,3966.01
2025-04-05 20:30:00+01:00,4039.77
2025-04-05 21:00:00+01:00,4018.27
2025-04-05 21:30:00+01:00,3892.88
2025-04-05 22:00:00+01:00,3770.76
2025-04-05 22:30:00+01:00,3646.17
2025-04-05 23:00:00+01:00,3495.07
2025-04-05 23:30:00+01:00,3401.79
2025-04-06 00:00:00+01:00,3319.4
2025-04-06 00:30:00+01:00,3323.33
2025-04-06 01:00:00+01:00,3258.58
2025-04-06 01:30:00+01:00,3190.25
2025-04-06 02:00:00+01:00,3151.4
2025-04-06 02:30:00+01:00,3154.48
2025-04-06 03:00:00+01:00,3087.5
2025-04-06 03:30:00+01:00,3072.49
2025-04-06 04:00:00+01:00,3032.24
2025-04-06 04:30:00+01:00,3034.19
2025-04-06 05:00:00+01:00,3029.7
2025-04-06 05:30:00+01:00,3035.71
2025-04-06 06:00:00+01:00,3091.13
2025-04-06 06:30:00+01:00,3145.6
2025-04-06 07:00:00+01:00,3174.52
2025-04-06 07:30:00+01:00,3293.74
2025-04-06 08:00:00+01:00,3414.98
2025-04-06 08:30:00+01:00,3533.43
2025-04-06 09:00:00+01:00,3564.61
2025-04-06 09:30:00+01:00,3633.35
2025-04-06 10:00:00+01:00,3651.47
2025-04-06 10:30:00+01:00,3651.4
2025-04-06 11:00:00+01:00,3589.41
2025-04-06 11:30:00+01:00,3598.62
2025-04-06 12:00:00+01:00,3582.15
2025-04-06 12:30:00+01:00,3590.89
2025-04-06 13:00:00+01:00,3550.64
2025-04-06 13:30:00+01:00,3509.22
2025-04-06 14:00:00+01:00,3463.62
2025-04-06 14:30:00+01:00,3421.59
2025-04-06 15:00:00+01:00,3399.49
2025-04-06 15:30:00+01:00,3375.89
2025-04-06 16:00:00+01:00,3428.69
2025-04-06 16:30:00+01:00,3537.26
2025-04-06 17:00:00+01:00,3641.15
2025-04-06 17:30:00+01:00,3788.07
2025-04-06 18:00:00+01:00,3909.86
2025-04-06 18:30:00+01:00,4011.8
2025-04-06 19:00:00+01:00,4070.9
2025-04-06 19:30:00+01:00,4101.77
2025-04-06 20:00:00+01:00,4121.0
2025-04-06 20:30:00+01:00,4193.01
2025-04-06 21:00:00+01:00,4205.88
2025-04-06 21:30:00+01:00,4057.44
2025-04-06 22:00:00+01:00,3878.48
2025-04-06 22:30:00+01:00,3711.18
2025-04-06 23:00:00+01:00,3539.18
2025-04-06 23:30:00+01:00,3433.74
2025-04-07 00:00:00+01:00,3343.0
2025-04-07 00:30:00+01:00,3347.3
2025-04-07 01:00:00+01:00,3263.09
2025-04-07 01:30:00+01:00,3206.39
2025-04-07 02:00:00+01:00,3209.79
2025-04-07 02:30:00+01:00,3252.14
2025-04-07 03:00:00+01:00,3195.79
2025-04-07 03:30:00+01:00,3188.17
2025-04-07 04:00:00+01:00,3173.69
2025-04-07 04:30:00+01:00,3188.67
2025-04-07 05:00:00+01:00,3210.14
2025-04-07 05:30:00+01:00,3283.67
2025-04-07 06:00:00+01:00,3444.89
2025-04-07 06:30:00+01:00,3645.86
2025-04-07 07:00:00+01:00,3894.37
2025-04-07 07:30:00+01:00,4247.65
2025-04-07 08:00:00+01:00,4420.37
2025-04-07 08:30:00+01:00,4461.46
2025-04-07 09:00:00+01:00,4438.17
2025-04-07 09:30:00+01:00,4401.67
2025-04-07 10:00:00+01:00,4299.37
2025-04-07 10:30:00+01:00,4202.39
2025-04-07 12:00:00+01:00,3986.32
2025-04-07 12:30:00+01:00,3952.5
2025-04-07 13:00:00+01:00,3938.57
2025-04-07 13:30:00+01:00,3843.49
2025-04-07 14:00:00+01:00,3808.34
2025-04-07 14:30:00+01:00,3808.67
2025-04-07 15:00:00+01:00,3816.55
2025-04-07 15:30:00+01:00,3865.62
2025-04-07 16:00:00+01:00,3883.2
2025-04-07 16:30:00+01:00,4029.78
2025-04-07 17:00:00+01:00,4116.28
2025-04-07 17:30:00+01:00,4220.19
2025-04-07 18:00:00+01:00,4266.29
2025-04-07 18:30:00+01:00,4289.37
2025-04-07 19:00:00+01:00,4264.48
2025-04-07 19:30:00+01:00,4307.46
2025-04-07 20:00:00+01:00,4304.04
2025-04-07 20:30:00+01:00,4407.46
2025-04-07 21:00:00+01:00,4453.4
2025-04-07 21:30:00+01:00,4286.44
2025-04-07 22:00:00+01:00,4083.31
2025-04-07 22:30:00+01:00,3881.2
2025-04-07 23:00:00+01:00,3695.29
2025-04-07 23:30:00+01:00,3565.15
2025-04-08 00:00:00+01:00,3445.14
2025-04-08 00:30:00+01:00,3427.51
2025-04-08 01:00:00+01:00,3340.14
2025-04-08 01:30:00+01:00,3290.48
2025-04-08 02:00:00+01:00,3241.1
2025-04-08 02:30:00+01:00,3303.27
2025-04-08 03:00:00+01:00,3287.29
2025-04-08 03:30:00+01:00,3267.6
2025-04-08 04:00:00+01:00,3253.57
2025-04-08 04:30:00+01:00,3258.41
2025-04-08 05:00:00+01:00,3263.63
2025-04-08 05:30:00+01:00,3337.45
2025-04-08 06:00:00+01:00,3466.54
2025-04-08 06:30:00+01:00,3677.11
2025-04-08 07:00:00+01:00,3945.89
2025-04-08 07:30:00+01:00,4287.18
2025-04-08 08:00:00+01:00,4444.22
2025-04-08 08:30:00+01:00,4487.83
2025-04-08 09:00:00+01:00,4451.24
2025-04-08 09:30:00+01:00,4392.72
2025-04-08 10:00:00+01:00,4293.74
2025-04-08 10:30:00+01:00,4185.61
2025-04-08 11:00:00+01:00,4089.9
2025-04-08 11:30:00+01:00,3992.2
2025-04-08 12:00:00+01:00,3938.43
2025-04-08 12:30:00+01:00,3926.48
2025-04-08 13:00:00+01:00,3886.71
2025-04-08 13:30:00+01:00,3836.05
2025-04-08 14:00:00+01:00,3799.96
2025-04-08 14:30:00+01:00,3789.21
2025-04-08 15:00:00+01:00,3816.51
2025-04-08 15:30:00+01:00,3859.74
2025-04-08 16:00:00+01:00,3933.75
2025-04-08 16:30:00+01:00,4049.96
2025-04-08 17:00:00+01:00,4153.54
2025-04-08 17:30:00+01:00,4277.28
2025-04-08 18:00:00+01:00,4324.18
2025-04-08 18:30:00+01:00,4321.8
2025-04-08 19:00:00+01:00,4304.41
2025-04-08 19:30:00+01:00,4293.59
2025-04-08 20:00:00+01:00,4312.46
2025-04-08 20:30:00+01:00,4416.64
2025-04-08 21:00:00+01:00,4464.41
2025-04-08 21:30:00+01:00,4295.87
2025-04-08 22:00:00+01:00,4107.55
2025-04-08 22:30:00+01:00,3907.39
2025-04-08 23:00:00+01:00,3702.72
2025-04-08 23:30:00+01:00,3564.79
2025-04-09 00:00:00+01:00,3456.09
2025-04-09 00:30:00+01:00,3439.45
2025-04-09 01:00:00+01:00,3353.43
2025-04-09 01:30:00+01:00,3310.71
2025-04-09 02:00:00+01:00,3262.57
2025-04-09 02:30:00+01:00,3320.27
2025-04-09 03:00:00+01:00,3268.41
2025-04-09 03:30:00+01:00,3259.63
2025-04-09 04:00:00+01:00,3224.52
2025-04-09 04:30:00+01:00,3226.68
2025-04-09 05:00:00+01:00,3244.22
2025-04-09 05:30:00+01:00,3322.82
2025-04-09 06:00:00+01:00,3445.86
2025-04-09 06:30:00+01:00,3660.14
2025-04-09 07:00:00+01:00,3934.65
2025-04-09 07:30:00+01:00,4258.67
2025-04-09 08:00:00+01:00,4389.97
2025-04-09 08:30:00+01:00,4410.9
2025-04-09 09:00:00+01:00,4364.29
2025-04-09 09:30:00+01:00,4328.67
2025-04-09 10:00:00+01:00,4229.6
2025-04-09 10:30:00+01:00,4126.05
2025-04-09 11:00:00+01:00,4058.66
2025-04-09 11:30:00+01:00,3988.4
2025-04-09 12:00:00+01:00,3903.8
2025-04-09 12:30:00+01:00,3882.79
2025-04-09 13:00:00+01:00,3836.47
2025-04-09 13:30:00+01:00,3757.41
2025-04-09 14:00:00+01:00,3737.08
2025-04-09 14:30:00+01:00,3736.72
2025-04-09 15:00:00+01:00,3751.36
2025-04-09 15:30:00+01:00,3795.67
2025-04-09 16:00:00+01:00,3862.93
2025-04-09 16:30:00+01:00,3999.2
2025-04-09 17:00:00+01:00,4093.86
2025-04-09 17:30:00+01:00,4206.6
2025-04-09 19:00:00+01:00,4334.03
2025-04-09 19:30:00+01:00,4366.58
2025-04-09 20:00:00+01:00,4353.57
2025-04-09 20:30:00+01:00,4464.23
2025-04-09 21:00:00+01:00,4530.43
2025-04-09 21:30:00+01:00,4381.7
2025-04-09 22:00:00+01:00,4177.99
2025-04-09 22:30:00+01:00,3973.1
2025-04-09 23:00:00+01:00,3770.82
2025-04-09 23:30:00+01:00,3629.83
2025-04-10 00:00:00+01:00,3517.91
2025-04-10 00:30:00+01:00,3489.93
2025-04-10 01:00:00+01:00,3406.99
2025-04-10 01:30:00+01:00,3348.14
2025-04-10 02:00:00+01:00,3304.77
2025-04-10 02:30:00+01:00,3355.51
2025-04-10 03:00:00+01:00,3315.88
2025-04-10 03:30:00+01:00,3294.03
2025-04-10 04:00:00+01:00,3283.81
2025-04-10 04:30:00+01:00,3278.71
2025-04-10 05:00:00+01:00,3310.98
2025-04-10 05:30:00+01:00,3375.1
2025-04-10 06:00:00+01:00,3502.12
2025-04-10 06:30:00+01:00,3713.46
2025-04-10 07:00:00+01:00,3998.99
2025-04-10 07:30:00+01:00,4337.97
2025-04-10 08:00:00+01:00,4471.92
2025-04-10 08:30:00+01:00,4499.75
2025-04-10 09:00:00+01:00,4446.21
2025-04-10 09:30:00+01:00,4405.2
2025-04-10 10:00:00+01:00,4295.77
2025-04-10 10:30:00+01:00,4191.19
2025-04-10 11:00:00+01:00,4112.36
2025-04-10 11:30:00+01:00,4026.05
2025-04-10 12:00:00+01:00,3950.91
2025-04-10 12:30:00+01:00,3934.73
2025-04-10 13:00:00+01:00,3919.55
2025-04-10 13:30:00+01:00,3853.51
2025-04-10 14:00:00+01:00,3836.2
2025-04-10 14:30:00+01:00,3837.82
2025-04-10 15:00:00+01:00,3850.95
2025-04-10 15:30:00+01:00,3868.61
2025-04-10 16:00:00+01:00,3897.48
2025-04-10 16:30:00+01:00,4005.91
2025-04-10 17:00:00+01:00,4089.71
2025-04-10 17:30:00+01:00,4207.63
2025-04-10 18:00:00+01:00,4251.46
2025-04-10 18:30:00+01:00,4266.39
2025-04-10 19:00:00+01:00,4270.63
2025-04-10 19:30:00+01:00,4292.38
2025-04-10 20:00:00+01:00,4302.36
2025-04-10 20:30:00+01:00,4359.96
2025-04-10 21:00:00+01:00,4443.44
2025-04-10 21:30:00+01:00,4307.24
2025-04-10 22:00:00+01:00,4125.8
2025-04-10 22:30:00+01:00,3944.93
2025-04-10 23:00:00+01:00,3756.63
2025-04-10 23:30:00+01:00,3632.02
2025-04-11 00:00:00+01:00,3494.27
2025-04-11 00:30:00+01:00,3483.17
2025-04-11 01:00:00+01:00,3389.92
2025-04-11 01:30:00+01:00,3362.14
2025-04-11 02:00:00+01:00,3301.97
2025-04-11 02:30:00+01:00,3367.6
2025-04-11 03:00:00+01:00,3313.59
2025-04-11 03:30:00+01:00,3293.19
2025-04-11 04:00:00+01:00,3263.38
2025-04-11 04:30:00+01:00,3253.79
2025-04-11 05:00:00+01:00,3276.81
2025-04-11 05:30:00+01:00,3320.55
2025-04-11 06:00:00+01:00,3457.06
2025-04-11 06:30:00+01:00,3660.47
2025-04-11 07:00:00+01:00,3870.9
2025-04-11 07:30:00+01:00,4202.79
2025-04-11 08:00:00+01:00,4344.28
2025-04-11 08:30:00+01:00,4384.94
2025-04-11 09:00:00+01:00,4342.76
2025-04-11 09:30:00+01:00,4297.62
2025-04-11 10:00:00+01:00,4182.94
2025-04-11 10:30:00+01:00,4085.36
2025-04-11 11:00:00+01:00,4007.14
2025-04-11 11:30:00+01:00,3926.11
2025-04-11 12:00:00+01:00,3874.53
2025-04-11 12:30:00+01:00,3893.21
2025-04-11 13:00:00+01:00,3940.87
2025-04-11 13:30:00+01:00,3894.39
2025-04-11 14:00:00+01:00,3852.78
2025-04-11 14:30:00+01:00,3892.55
2025-04-11 15:00:00+01:00,3874.09
2025-04-11 15:30:00+01:00,3891.81
2025-04-11 16:00:00+01:00,3829.28
2025-04-11 16:30:00+01:00,3859.4
2025-04-11 17:00:00+01:00,3936.66
2025-04-11 17:30:00+01:00,4024.34
2025-04-11 18:00:00+01:00,4086.11
2025-04-11 18:30:00+01:00,4115.3
2025-04-11 19:00:00+01:00,4111.57
2025-04-11 19:30:00+01:00,4137.29
2025-04-11 20:00:00+01:00,4118.07
2025-04-11 20:30:00+01:00,4142.48
2025-04-11 21:00:00+01:00,4222.83
2025-04-11 21:30:00+01:00,4109.61
2025-04-11 22:00:00+01:00,3962.23
2025-04-11 22:30:00+01:00,3800.34
2025-04-11 23:00:00+01:00,3648.49
2025-04-11 23:30:00+01:00,3542.36
2025-04-12 00:00:00+01:00,3433.28
2025-04-12 00:30:00+01:00,3408.3
2025-04-12 01:00:00+01:00,3317.92
2025-04-12 01:30:00+01:00,3266.92
2025-04-12 02:00:00+01:00,3208.69
2025-04-12 02:30:00+01:00,3270.39
2025-04-12 03:00:00+01:00,3205.98
2025-04-12 03:30:00+01:00,3186.63
2025-04-12 04:00:00+01:00,3151.96
2025-04-12 04:30:00+01:00,3133.33
2025-04-12 05:00:00+01:00,3097.23
2025-04-12 05:30:00+01:00,3121.02
2025-04-12 06:00:00+01:00,3186.85
2025-04-12 06:30:00+01:00,3254.32
2025-04-12 07:00:00+01:00,3343.31
2025-04-12 07:30:00+01:00,3512.84
2025-04-12 08:00:00+01:00,3635.91
2025-04-12 08:30:00+01:00,3776.15
2025-04-12 09:00:00+01:00,3837.64
2025-04-12 09:30:00+01:00,3932.9
2025-04-12 10:00:00+01:00,3919.38
2025-04-12 10:30:00+01:00,3906.89
2025-04-12 11:00:00+01:00,3885.98
2025-04-12 11:30:00+01:00,3872.38
2025-04-12 12:00:00+01:00,3864.71
2025-04-12 12:30:00+01:00,3881.75
2025-04-12 13:00:00+01:00,3865.62
2025-04-12 13:30:00+01:00,3825.73
2025-04-12 14:00:00+01:00,3783.62
2025-04-12 14:30:00+01:00,3742.77
2025-04-12 15:00:00+01:00,3695.74
2025-04-12 15:30:00+01:00,3709.34
2025-04-12 16:00:00+01:00,3708.7
2025-04-12 16:30:00+01:00,3751.96
2025-04-12 17:00:00+01:00,3840.91
2025-04-12 17:30:00+01:00,3941.01
2025-04-12 18:00:00+01:00,3950.54
2025-04-12 18:30:00+01:00,3966.53
2025-04-12 19:00:00+01:00,3919.04
2025-04-12 19:30:00+01:00,3913.06
2025-04-12 20:00:00+01:00,3900.12
2025-04-12 20:30:00+01:00,3942.41
2025-04-12 21:00:00+01:00,3978.49
2025-04-12 21:30:00+01:00,3867.74
2025-04-12 22:00:00+01:00,3712.56
2025-04-12 22:30:00+01:00,3597.41
2025-04-12 23:00:00+01:00,3490.77
2025-04-12 23:30:00+01:00,3360.02
2025-04-13 00:00:00+01:00,3267.6
2025-04-13 00:30:00+01:00,3276.54
2025-04-13 01:00:00+01:00,3206.45
2025-04-13 01:30:00+01:00,3149.3
2025-04-13 02:00:00+01:00,3079.42
2025-04-13 02:30:00+01:00,3120.09
2025-04-13 03:00:00+01:00,3090.08
2025-04-13 03:30:00+01:00,3056.39
2025-04-13 04:00:00+01:00,3049.9
2025-04-13 04:30:00+01:00,3044.41
2025-04-13 05:00:00+01:00,3082.72
2025-04-13 05:30:00+01:00,3072.3
2025-04-13 06:00:00+01:00,3099.97
2025-04-13 06:30:00+01:00,3143.31
2025-04-13 07:00:00+01:00,3200.02
2025-04-13 07:30:00+01:00,3313.23
2025-04-13 08:00:00+01:00,3418.93
2025-04-13 08:30:00+01:00,3552.58
2025-04-13 09:00:00+01:00,3610.25
2025-04-13 09:30:00+01:00,3632.7
2025-04-13 10:00:00+01:00,3603.74
2025-04-13 10:30:00+01:00,3608.5
2025-04-13 11:00:00+01:00,3570.49
2025-04-13 11:30:00+01:00,3539.01
2025-04-13 12:00:00+01:00,3520.55
2025-04-13 12:30:00+01:00,3565.28
2025-04-13 13:00:00+01:00,3556.96
2025-04-13 13:30:00+01:00,3514.71
2025-04-13 14:00:00+01:00,3506.62
2025-04-13 14:30:00+01:00,3512.21
2025-04-13 15:00:00+01:00,3515.19
2025-04-13 15:30:00+01:00,3501.91
2025-04-13 16:00:00+01:00,3498.27
2025-04-13 16:30:00+01:00,3638.34
2025-04-13 17:00:00+01:00,3688.07
2025-04-13 17:30:00+01:00,3751.42
2025-04-13 18:00:00+01:00,3855.55
2025-04-13 18:30:00+01:00,3837.54
2025-04-13 19:00:00+01:00,3897.75
2025-04-13 19:30:00+01:00,3912.02
2025-04-13 20:00:00+01:00,3923.35
2025-04-13 20:30:00+01:00,3954.96
2025-04-13 21:00:00+01:00,4006.0
2025-04-13 21:30:00+01:00,3905.09
2025-04-13 22:00:00+01:00,3761.77
2025-04-13 22:30:00+01:00,3600.61
2025-04-13 23:00:00+01:00,3454.81
2025-04-13 23:30:00+01:00,3358.59
2025-04-14 00:00:00+01:00,3296.66
2025-04-14 00:30:00+01:00,3269.78
2025-04-14 01:00:00+01:00,3204.33
2025-04-14 01:30:00+01:00,3157.06
2025-04-14 02:00:00+01:00,3076.66
2025-04-14 02:30:00+01:00,3121.5
2025-04-14 03:00:00+01:00,3050.31
2025-04-14 03:30:00+01:00,3038.5
2025-04-14 04:00:00+01:00,3040.44
2025-04-14 04:30:00+01:00,3024.87
2025-04-14 05:00:00+01:00,3060.56
2025-04-14 05:30:00+01:00,3115.27
2025-04-14 06:00:00+01:00,3241.23
2025-04-14 06:30:00+01:00,3395.11
2025-04-14 07:00:00+01:00,3604.56
2025-04-14 07:30:00+01:00,3878.22
2025-04-14 08:00:00+01:00,4098.49
2025-04-14 08:30:00+01:00,4309.82
2025-04-14 09:00:00+01:00,4390.08
2025-04-14 09:30:00+01:00,4388.99
2025-04-14 10:00:00+01:00,4333.48
2025-04-14 10:30:00+01:00,4281.33
2025-04-14 11:00:00+01:00,4289.87
2025-04-14 11:30:00+01:00,4219.91
2025-04-14 12:00:00+01:00,4178.33
2025-04-14 12:30:00+01:00,4168.22
2025-04-14 13:00:00+01:00,4070.95
2025-04-14 13:30:00+01:00,3963.58
2025-04-14 14:00:00+01:00,3944.48
2025-04-14 14:30:00+01:00,3952.2
2025-04-14 15:00:00+01:00,3928.32
2025-04-14 15:30:00+01:00,3964.83
2025-04-14 16:00:00+01:00,3953.57
2025-04-14 16:30:00+01:00,4024.18
2025-04-14 17:00:00+01:00,4168.06
2025-04-14 17:30:00+01:00,4300.17
2025-04-14 18:00:00+01:00,4291.73
2025-04-14 18:30:00+01:00,4300.32
2025-04-14 19:00:00+01:00,4262.78
2025-04-14 19:30:00+01:00,4279.35
2025-04-14 20:00:00+01:00,4276.14
2025-04-14 20:30:00+01:00,4355.78
2025-04-14 21:00:00+01:00,4382.72
2025-04-14 21:30:00+01:00,4267.88
2025-04-14 22:00:00+01:00,4075.02
2025-04-14 22:30:00+01:00,3907.25
2025-04-14 23:00:00+01:00,3715.55
2025-04-14 23:30:00+01:00,3568.4
2025-04-15 00:00:00+01:00,3432.09
2025-04-15 00:30:00+01:00,3442.95
2025-04-15 01:00:00+01:00,3351.59
2025-04-15 01:30:00+01:00,3301.98
2025-04-15 02:00:00+01:00,3266.22
2025-04-15 02:30:00+01:00,3311.36
2025-04-15 03:00:00+01:00,3292.35
2025-04-15 03:30:00+01:00,3259.79
2025-04-15 04:00:00+01:00,3230.18
2025-04-15 04:30:00+01:00,3221.2
2025-04-15 05:00:00+01:00,3234.75
2025-04-15 05:30:00+01:00,3286.25
2025-04-15 06:00:00+01:00,3416.52
2025-04-15 06:30:00+01:00,3582.29
2025-04-15 07:00:00+01:00,3788.43
2025-04-15 07:30:00+01:00,4072.56
2025-04-15 08:00:00+01:00,4230.94
2025-04-15 08:30:00+01:00,4402.02
2025-04-15 09:00:00+01:00,4426.77
2025-04-15 09:30:00+01:00,4386.96
2025-04-15 10:00:00+01:00,4310.44
2025-04-15 10:30:00+01:00,4214.49
2025-04-15 11:00:00+01:00,4193.23
2025-04-15 11:30:00+01:00,4171.49
2025-04-15 12:00:00+01:00,4173.97
2025-04-15 12:30:00+01:00,4128.51
2025-04-15 13:00:00+01:00,4144.14
2025-04-15 13:30:00+01:00,4036.57
2025-04-15 14:00:00+01:00,4029.27
2025-04-15 14:30:00+01:00,4015.18
2025-04-15 15:00:00+01:00,4013.11
2025-04-15 15:30:00+01:00,4026.87
2025-04-15 16:00:00+01:00,4028.48
2025-04-15 16:30:00+01:00,4156.27
2025-04-15 17:00:00+01:00,4234.41
2025-04-15 17:30:00+01:00,4333.5
2025-04-15 18:00:00+01:00,4397.02
2025-04-15 18:30:00+01:00,4363.81
2025-04-15 19:00:00+01:00,4352.84
2025-04-15 19:30:00+01:00,4314.31
2025-04-15 20:00:00+01:00,4310.24
2025-04-15 20:30:00+01:00,4333.2
2025-04-15 21:00:00+01:00,4397.94
2025-04-15 21:30:00+01:00,4237.4
2025-04-15 22:00:00+01:00,4085.84
2025-04-15 22:30:00+01:00,3912.17
2025-04-15 23:00:00+01:00,3690.62
2025-04-15 23:30:00+01:00,3585.01
2025-04-16 00:00:00+01:00,3470.42
2025-04-16 00:30:00+01:00,3470.41
2025-04-16 01:00:00+01:00,3404.48
2025-04-16 01:30:00+01:00,3356.12
2025-04-16 02:00:00+01:00,3281.38
2025-04-16 02:30:00+01:00,3323.06
2025-04-16 03:00:00+01:00,3301.28
2025-04-16 03:30:00+01:00,3278.85
2025-04-16 04:00:00+01:00,3235.39
2025-04-16 04:30:00+01:00,3244.98
2025-04-16 05:00:00+01:00,3252.18
2025-04-16 05:30:00+01:00,3300.4
2025-04-16 06:00:00+01:00,3424.73
2025-04-16 06:30:00+01:00,3583.51
2025-04-16 07:00:00+01:00,3776.23
2025-04-16 07:30:00+01:00,4062.62
2025-04-16 08:00:00+01:00,4275.96
2025-04-16 08:30:00+01:00,4456.37
2025-04-16 09:00:00+01:00,4558.16
2025-04-16 09:30:00+01:00,4577.66
2025-04-16 10:00:00+01:00,4546.73
2025-04-16 10:30:00+01:00,4482.46
2025-04-16 11:00:00+01:00,4525.08
2025-04-16 11:30:00+01:00,4503.72
2025-04-16 12:00:00+01:00,4484.14
2025-04-16 12:30:00+01:00,4488.53
2025-04-16 13:00:00+01:00,4451.37
2025-04-16 13:30:00+01:00,4371.63
2025-04-16 14:00:00+01:00,4367.15
2025-04-16 14:30:00+01:00,4336.42
2025-04-16 15:00:00+01:00,4358.55
2025-04-16 15:30:00+01:00,4330.65
2025-04-16 16:00:00+01:00,4344.07
2025-04-16 16:30:00+01:00,4397.98
2025-04-16 17:00:00+01:00,4483.83
2025-04-16 17:30:00+01:00,4556.57
2025-04-16 18:00:00+01:00,4506.26
2025-04-16 18:30:00+01:00,4511.59
2025-04-16 19:00:00+01:00,4474.24
2025-04-16 19:30:00+01:00,4453.56
2025-04-16 20:00:00+01:00,4466.11
2025-04-16 20:30:00+01:00,4446.79
2025-04-16 21:00:00+01:00,4537.46
2025-04-16 21:30:00+01:00,4395.31
2025-04-16 22:00:00+01:00,4235.23
2025-04-16 22:30:00+01:00,4122.69
2025-04-16 23:00:00+01:00,3920.23
2025-04-16 23:30:00+01:00,3798.62
2025-04-17 00:00:00+01:00,3653.28
2025-04-17 00:30:00+01:00,3664.17
2025-04-17 01:00:00+01:00,3561.59
2025-04-17 01:30:00+01:00,3535.28
2025-04-17 02:00:00+01:00,3496.13
2025-04-17 02:30:00+01:00,3532.88
2025-04-17 03:00:00+01:00,3477.49
2025-04-17 03:30:00+01:00,3459.82
2025-04-17 04:00:00+01:00,3438.81
2025-04-17 04:30:00+01:00,3431.29
2025-04-17 05:00:00+01:00,3459.24
2025-04-17 05:30:00+01:00,3508.56
2025-04-17 06:00:00+01:00,3635.76
2025-04-17 06:30:00+01:00,3798.48
2025-04-17 07:00:00+01:00,3958.72
2025-04-17 07:30:00+01:00,4181.7
2025-04-17 08:00:00+01:00,4335.07
2025-04-17 08:30:00+01:00,4463.09
2025-04-17 09:00:00+01:00,4478.79
2025-04-17 09:30:00+01:00,4448.82
2025-04-17 10:00:00+01:00,4335.69
2025-04-17 10:30:00+01:00,4259.7
2025-04-17 11:00:00+01:00,4207.52
2025-04-17 11:30:00+01:00,4195.99
2025-04-17 12:00:00+01:00,4189.43
2025-04-17 12:30:00+01:00,4191.34
2025-04-17 13:00:00+01:00,4196.14
2025-04-17 13:30:00+01:00,4140.32
2025-04-17 14:00:00+01:00,4115.76
2025-04-17 14:30:00+01:00,4103.38
2025-04-17 15:00:00+01:00,4101.56
2025-04-17 15:30:00+01:00,4149.4
2025-04-17 16:00:00+01:00,4178.65
2025-04-17 16:30:00+01:00,4243.34
2025-04-17 17:00:00+01:00,4285.01
2025-04-17 17:30:00+01:00,4347.92
2025-04-17 18:00:00+01:00,4388.1
2025-04-17 18:30:00+01:00,4398.4
2025-04-17 19:00:00+01:00,4353.8
2025-04-17 19:30:00+01:00,4357.22
2025-04-17 20:00:00+01:00,4331.92
2025-04-17 20:30:00+01:00,4329.27
2025-04-17 21:00:00+01:00,4414.85
2025-04-17 21:30:00+01:00,4289.94
2025-04-17 22:00:00+01:00,4133.28
2025-04-17 22:30:00+01:00,3949.81
2025-04-17 23:00:00+01:00,3804.41
2025-04-17 23:30:00+01:00,3668.32
2025-04-18 00:00:00+01:00,3561.85
2025-04-18 00:30:00+01:00,3521.53
2025-04-18 01:00:00+01:00,3432.8
2025-04-18 01:30:00+01:00,3382.83
2025-04-18 02:00:00+01:00,3286.1
2025-04-18 02:30:00+01:00,3330.1
2025-04-18 03:00:00+01:00,3257.19
2025-04-18 03:30:00+01:00,3235.19
2025-04-18 04:00:00+01:00,3190.47
2025-04-18 04:30:00+01:00,3169.73
2025-04-18 05:00:00+01:00,3177.86
2025-04-18 05:30:00+01:00,3211.19
2025-04-18 06:00:00+01:00,3298.77
2025-04-18 06:30:00+01:00,3440.95
2025-04-18 07:00:00+01:00,3587.93
2025-04-18 07:30:00+01:00,3770.39
2025-04-18 08:00:00+01:00,3930.76
2025-04-18 08:30:00+01:00,4117.88
2025-04-18 09:00:00+01:00,4207.99
2025-04-18 09:30:00+01:00,4306.85
2025-04-18 10:00:00+01:00,4370.27
2025-04-18 10:30:00+01:00,4409.63
2025-04-18 11:00:00+01:00,4460.76
2025-04-18 11:30:00+01:00,4492.7
2025-04-18 12:00:00+01:00,4494.18
2025-04-18 12:30:00+01:00,4493.41
2025-04-18 13:00:00+01:00,4493.51
2025-04-18 13:30:00+01:00,4455.77
2025-04-18 14:00:00+01:00,4443.73
2025-04-18 14:30:00+01:00,4417.99
2025-04-18 15:00:00+01:00,4409.03
2025-04-18 15:30:00+01:00,4398.22
2025-04-18 16:00:00+01:00,4418.07
2025-04-18 16:30:00+01:00,4470.13
2025-04-18 17:00:00+01:00,4526.09
2025-04-18 17:30:00+01:00,4612.65
2025-04-18 18:00:00+01:00,4639.89
2025-04-18 18:30:00+01:00,4573.21
2025-04-18 19:00:00+01:00,4505.05
2025-04-18 19:30:00+01:00,4450.04
2025-04-18 20:00:00+01:00,4380.05
2025-04-18 20:30:00+01:00,4363.3
2025-04-18 21:00:00+01:00,4339.67
2025-04-18 21:30:00+01:00,4226.53
2025-04-18 22:00:00+01:00,4079.47
2025-04-18 22:30:00+01:00,3928.02
2025-04-18 23:00:00+01:00,3767.71
2025-04-18 23:30:00+01:00,3659.56
2025-04-19 00:00:00+01:00,3547.28
2025-04-19 00:30:00+01:00,3522.0
2025-04-19 01:00:00+01:00,3441.19
2025-04-19 01:30:00+01:00,3386.03
2025-04-19 02:00:00+01:00,3325.85
2025-04-19 02:30:00+01:00,3354.4
2025-04-19 03:00:00+01:00,3281.29
2025-04-19 03:30:00+01:00,3252.67
2025-04-19 04:00:00+01:00,3230.54
2025-04-19 04:30:00+01:00,3210.08
2025-04-19 05:00:00+01:00,3193.38
2025-04-19 05:30:00+01:00,3193.67
2025-04-19 06:00:00+01:00,3231.67
2025-04-19 06:30:00+01:00,3283.44
2025-04-19 07:00:00+01:00,3335.86
2025-04-19 07:30:00+01:00,3510.45
2025-04-19 08:00:00+01:00,3668.58
2025-04-19 08:30:00+01:00,3834.6
2025-04-19 09:00:00+01:00,3953.92
2025-04-19 09:30:00+01:00,4080.23
2025-04-19 10:00:00+01:00,4146.75
2025-04-19 10:30:00+01:00,4224.51
2025-04-19 11:00:00+01:00,4247.38
2025-04-19 11:30:00+01:00,4277.55
2025-04-19 12:00:00+01:00,4277.58
2025-04-19 12:30:00+01:00,4304.72
2025-04-19 13:00:00+01:00,4289.44
2025-04-19 13:30:00+01:00,4258.82
2025-04-19 14:00:00+01:00,4201.75
2025-04-19 14:30:00+01:00,4176.57
2025-04-19 15:00:00+01:00,4141.03
2025-04-19 15:30:00+01:00,4165.0
2025-04-19 16:00:00+01:00,4163.86
2025-04-19 16:30:00+01:00,4207.17
2025-04-19 17:00:00+01:00,4286.84
2025-04-19 17:30:00+01:00,4374.36
2025-04-19 18:00:00+01:00,4388.76
2025-04-19 18:30:00+01:00,4376.45
2025-04-19 19:00:00+01:00,4327.92
2025-04-19 19:30:00+01:00,4283.31
2025-04-19 20:00:00+01:00,4222.21
2025-04-19 20:30:00+01:00,4194.93
2025-04-19 21:00:00+01:00,4191.4
2025-04-19 21:30:00+01:00,4092.02
2025-04-19 22:00:00+01:00,3975.41
2025-04-19 22:30:00+01:00,3841.39
2025-04-19 23:00:00+01:00,3708.69
2025-04-19 23:30:00+01:00,3614.29
2025-04-20 00:00:00+01:00,3507.99
2025-04-20 00:30:00+01:00,3490.19
2025-04-20 01:00:00+01:00,3413.93
2025-04-20 01:30:00+01:00,3353.71
2025-04-20 02:00:00+01:00,3295.77
2025-04-20 02:30:00+01:00,3315.33
2025-04-20 03:00:00+01:00,3254.59
2025-04-20 03:30:00+01:00,3225.79
2025-04-20 04:00:00+01:00,3191.78
2025-04-20 04:30:00+01:00,3159.71
2025-04-20 05:00:00+01:00,3138.35
2025-04-20 05:30:00+01:00,3116.66
2025-04-20 06:00:00+01:00,3146.54
2025-04-20 06:30:00+01:00,3142.46
2025-04-20 07:00:00+01:00,3208.33
2025-04-20 07:30:00+01:00,3325.48
2025-04-20 08:00:00+01:00,3442.07
2025-04-20 08:30:00+01:00,3574.47
2025-04-20 09:00:00+01:00,3675.7
2025-04-20 09:30:00+01:00,3801.39
2025-04-20 10:00:00+01:00,3894.04
2025-04-20 10:30:00+01:00,3954.19
2025-04-20 11:00:00+01:00,3969.8
2025-04-20 11:30:00+01:00,3990.91
2025-04-20 12:00:00+01:00,4024.99
2025-04-20 12:30:00+01:00,4056.85
2025-04-20 13:00:00+01:00,4080.1
2025-04-20 13:30:00+01:00,4053.7
2025-04-20 14:00:00+01:00,3981.33
2025-04-20 14:30:00+01:00,3883.65
2025-04-20 15:00:00+01:00,3828.05
2025-04-20 15:30:00+01:00,3726.91
2025-04-20 16:00:00+01:00,3736.24
2025-04-20 16:30:00+01:00,3747.28
2025-04-20 17:00:00+01:00,3780.13
2025-04-20 17:30:00+01:00,3814.47
2025-04-20 18:00:00+01:00,3848.86
2025-04-20 18:30:00+01:00,3864.81
2025-04-20 19:00:00+01:00,3828.11
2025-04-20 19:30:00+01:00,3810.82
2025-04-20 20:00:00+01:00,3800.94
2025-04-20 20:30:00+01:00,3791.52
2025-04-20 21:00:00+01:00,3846.49
2025-04-20 21:30:00+01:00,3801.94
2025-04-20 22:00:00+01:00,3690.71
2025-04-20 22:30:00+01:00,3599.02
2025-04-20 23:00:00+01:00,3490.11
2025-04-20 23:30:00+01:00,3396.2
2025-04-21 00:00:00+01:00,3323.65
2025-04-21 00:30:00+01:00,3319.36
2025-04-21 01:00:00+01:00,3246.8
2025-04-21 01:30:00+01:00,3188.76
2025-04-21 02:00:00+01:00,3133.33
2025-04-21 02:30:00+01:00,3166.34
2025-04-21 03:00:00+01:00,3114.64
2025-04-21 03:30:00+01:00,3075.53
2025-04-21 04:00:00+01:00,3061.01
2025-04-21 04:30:00+01:00,3045.25
2025-04-21 05:00:00+01:00,3039.46
2025-04-21 05:30:00+01:00,3045.15
2025-04-21 06:00:00+01:00,3083.6
2025-04-21 06:30:00+01:00,3087.07
2025-04-21 07:00:00+01:00,3165.72
2025-04-21 07:30:00+01:00,3286.07
2025-04-21 08:00:00+01:00,3365.04
2025-04-21 08:30:00+01:00,3455.7
2025-04-21 10:00:00+01:00,3608.47
2025-04-21 10:30:00+01:00,3643.73
2025-04-21 11:00:00+01:00,3644.5
2025-04-21 11:30:00+01:00,3663.16
2025-04-21 12:00:00+01:00,3663.38
2025-04-21 12:30:00+01:00,3602.43
2025-04-21 13:00:00+01:00,3616.79
2025-04-21 13:30:00+01:00,3530.67
2025-04-21 14:00:00+01:00,3456.78
2025-04-21 14:30:00+01:00,3441.6
2025-04-21 15:00:00+01:00,3403.63
2025-04-21 15:30:00+01:00,3471.53
2025-04-21 16:00:00+01:00,3520.67
2025-04-21 16:30:00+01:00,3571.98
2025-04-21 17:00:00+01:00,3618.99
2025-04-21 17:30:00+01:00,3753.43
2025-04-21 18:00:00+01:00,3857.33
2025-04-21 18:30:00+01:00,3877.73
2025-04-21 19:00:00+01:00,3941.44
2025-04-21 19:30:00+01:00,3920.24
2025-04-21 20:00:00+01:00,3938.48
2025-04-21 20:30:00+01:00,3954.58
2025-04-21 21:00:00+01:00,4018.48
2025-04-21 21:30:00+01:00,3947.41
2025-04-21 22:00:00+01:00,3831.08
2025-04-21 22:30:00+01:00,3702.7
2025-04-21 23:00:00+01:00,3541.78
2025-04-21 23:30:00+01:00,3416.12
2025-04-22 00:00:00+01:00,3335.74
2025-04-22 00:30:00+01:00,3300.9
2025-04-22 01:00:00+01:00,3227.09
2025-04-22 01:30:00+01:00,3181.43
2025-04-22 02:00:00+01:00,3136.26
2025-04-22 02:30:00+01:00,3164.05
2025-04-22 03:00:00+01:00,3128.19
2025-04-22 03:30:00+01:00,3110.42
2025-04-22 04:00:00+01:00,3069.7
2025-04-22 04:30:00+01:00,3057.43
2025-04-22 05:00:00+01:00,3078.67
2025-04-22 05:30:00+01:00,3145.96
2025-04-22 06:00:00+01:00,3247.54
2025-04-22 06:30:00+01:00,3413.64
2025-04-22 07:00:00+01:00,3601.42
2025-04-22 07:30:00+01:00,3845.34
2025-04-22 08:00:00+01:00,4032.68
2025-04-22 08:30:00+01:00,4195.68
2025-04-22 09:00:00+01:00,4257.16
2025-04-22 09:30:00+01:00,4290.81
2025-04-22 10:00:00+01:00,4265.47
2025-04-22 10:30:00+01:00,4260.28
2025-04-22 11:00:00+01:00,4228.06
2025-04-22 11:30:00+01:00,4180.81
2025-04-22 12:00:00+01:00,4226.93
2025-04-22 12:30:00+01:00,4291.55
2025-04-22 13:00:00+01:00,4301.18
2025-04-22 13:30:00+01:00,4298.99
2025-04-22 14:00:00+01:00,4385.14
2025-04-22 14:30:00+01:00,4356.87
2025-04-22 15:00:00+01:00,4350.42
2025-04-22 15:30:00+01:00,4386.5
2025-04-22 16:00:00+01:00,4439.54
2025-04-22 16:30:00+01:00,4485.67
2025-04-22 17:00:00+01:00,4548.43
2025-04-22 17:30:00+01:00,4633.05
2025-04-22 18:00:00+01:00,4650.15
2025-04-22 18:30:00+01:00,4564.01
2025-04-22 19:00:00+01:00,4528.73
2025-04-22 19:30:00+01:00,4508.05
2025-04-22 20:00:00+01:00,4431.51
2025-04-22 20:30:00+01:00,4403.54
2025-04-22 21:00:00+01:00,4430.24
2025-04-22 21:30:00+01:00,4338.72
2025-04-22 22:00:00+01:00,4187.85
2025-04-22 22:30:00+01:00,4019.85
2025-04-22 23:00:00+01:00,3824.72
2025-04-22 23:30:00+01:00,3718.41
2025-04-23 00:00:00+01:00,3581.57
2025-04-23 00:30:00+01:00,3540.71
2025-04-23 01:00:00+01:00,3463.64
2025-04-23 01:30:00+01:00,3416.93
2025-04-23 02:00:00+01:00,3364.02
2025-04-23 02:30:00+01:00,3382.35
2025-04-23 03:00:00+01:00,3322.9
2025-04-23 03:30:00+01:00,3282.5
2025-04-23 04:00:00+01:00,3256.43
2025-04-23 04:30:00+01:00,3251.71
2025-04-23 05:00:00+01:00,3249.67
2025-04-23 05:30:00+01:00,3308.13
2025-04-23 06:00:00+01:00,3408.22
2025-04-23 06:30:00+01:00,3559.86
2025-04-23 07:00:00+01:00,3774.15
2025-04-23 07:30:00+01:00,4017.84
2025-04-23 08:00:00+01:00,4208.24
2025-04-23 08:30:00+01:00,4383.54
2025-04-23 09:00:00+01:00,4450.59
2025-04-23 09:30:00+01:00,4467.51
2025-04-23 10:00:00+01:00,4462.44
2025-04-23 10:30:00+01:00,4482.05
2025-04-23 11:00:00+01:00,4452.05
2025-04-23 11:30:00+01:00,4432.87
2025-04-23 12:00:00+01:00,4399.27
2025-04-23 12:30:00+01:00,4410.45
2025-04-23 13:00:00+01:00,4384.14
2025-04-23 13:30:00+01:00,4311.31
2025-04-23 14:00:00+01:00,4299.49
2025-04-23 14:30:00+01:00,4287.88
2025-04-23 15:00:00+01:00,4288.58
2025-04-23 15:30:00+01:00,4315.95
2025-04-23 16:00:00+01:00,4332.42
2025-04-23 16:30:00+01:00,4395.79
2025-04-23 17:00:00+01:00,4419.84
2025-04-23 17:30:00+01:00,4483.97
2025-04-23 19:00:00+01:00,4463.03
2025-04-23 19:30:00+01:00,4430.07
2025-04-23 20:00:00+01:00,4396.65
2025-04-23 20:30:00+01:00,4400.67
2025-04-23 21:00:00+01:00,4475.12
2025-04-23 21:30:00+01:00,4399.46
2025-04-23 22:00:00+01:00,4252.57
2025-04-23 22:30:00+01:00,4080.99
2025-04-23 23:00:00+01:00,3876.53
2025-04-23 23:30:00+01:00,3745.44
2025-04-24 00:00:00+01:00,3598.48
2025-04-24 00:30:00+01:00,3563.94
2025-04-24 01:00:00+01:00,3464.33
2025-04-24 01:30:00+01:00,3393.23
2025-04-24 02:00:00+01:00,3331.28
2025-04-24 02:30:00+01:00,3387.73
2025-04-24 03:00:00+01:00,3335.96
2025-04-24 03:30:00+01:00,3308.28
2025-04-24 04:00:00+01:00,3285.68
2025-04-24 04:30:00+01:00,3262.68
2025-04-24 05:00:00+01:00,3239.19
2025-04-24 05:30:00+01:00,3288.26
2025-04-24 06:00:00+01:00,3376.03
2025-04-24 06:30:00+01:00,3524.26
2025-04-24 07:00:00+01:00,3719.46
2025-04-24 07:30:00+01:00,3955.29
2025-04-24 08:00:00+01:00,4092.64
2025-04-24 08:30:00+01:00,4258.28
2025-04-24 09:00:00+01:00,4291.17
2025-04-24 09:30:00+01:00,4295.84
2025-04-24 10:00:00+01:00,4235.89
2025-04-24 10:30:00+01:00,4184.85
2025-04-24 11:00:00+01:00,4163.77
2025-04-24 11:30:00+01:00,4141.94
2025-04-24 12:00:00+01:00,4146.48
2025-04-24 12:30:00+01:00,4154.52
2025-04-24 13:00:00+01:00,4143.36
2025-04-24 13:30:00+01:00,4122.28
2025-04-24 14:00:00+01:00,4074.76
2025-04-24 14:30:00+01:00,4063.9
2025-04-24 15:00:00+01:00,4056.58
2025-04-24 15:30:00+01:00,4087.25
2025-04-24 16:00:00+01:00,4179.75
2025-04-24 16:30:00+01:00,4259.97
2025-04-24 17:00:00+01:00,4356.43
2025-04-24 17:30:00+01:00,4443.59
2025-04-24 18:00:00+01:00,4441.67
2025-04-24 18:30:00+01:00,4412.36
2025-04-24 19:00:00+01:00,4378.35
2025-04-24 19:30:00+01:00,4362.14
2025-04-24 20:00:00+01:00,4340.97
2025-04-24 20:30:00+01:00,4343.31
2025-04-24 21:00:00+01:00,4363.56
2025-04-24 21:30:00+01:00,4254.0
2025-04-24 22:00:00+01:00,4095.6
2025-04-24 22:30:00+01:00,3925.19
2025-04-24 23:00:00+01:00,3721.55
2025-04-24 23:30:00+01:00,3537.44
2025-04-25 00:00:00+01:00,3480.31
2025-04-25 00:30:00+01:00,3455.25
2025-04-25 01:00:00+01:00,3346.01
2025-04-25 01:30:00+01:00,3321.81
2025-04-25 02:00:00+01:00,3241.74
2025-04-25 02:30:00+01:00,3278.81
2025-04-25 03:00:00+01:00,3228.81
2025-04-25 03:30:00+01:00,3221.64
2025-04-25 04:00:00+01:00,3192.17
2025-04-25 04:30:00+01:00,3174.49
2025-04-25 05:00:00+01:00,3213.62
2025-04-25 05:30:00+01:00,3245.36
2025-04-25 06:00:00+01:00,3351.56
2025-04-25 06:30:00+01:00,3517.51
2025-04-25 07:00:00+01:00,3713.18
2025-04-25 07:30:00+01:00,3962.55
2025-04-25 08:00:00+01:00,4164.37
2025-04-25 08:30:00+01:00,4324.5
2025-04-25 09:00:00+01:00,4392.69
2025-04-25 09:30:00+01:00,4430.65
2025-04-25 10:00:00+01:00,4443.22
2025-04-25 10:30:00+01:00,4424.65
2025-04-25 11:00:00+01:00,4411.84
2025-04-25 11:30:00+01:00,4347.02
2025-04-25 12:00:00+01:00,4376.39
2025-04-25 12:30:00+01:00,4408.71
2025-04-25 13:00:00+01:00,4377.12
2025-04-25 13:30:00+01:00,4306.01
2025-04-25 14:00:00+01:00,4243.46
2025-04-25 14:30:00+01:00,4240.8
2025-04-25 15:00:00+01:00,4200.74
2025-04-25 15:30:00+01:00,4157.95
2025-04-25 16:00:00+01:00,4156.11
2025-04-25 16:30:00+01:00,4215.4
2025-04-25 17:00:00+01:00,4271.39
2025-04-25 17:30:00+01:00,4339.05
2025-04-25 18:00:00+01:00,4375.41
2025-04-25 18:30:00+01:00,4386.91
2025-04-25 19:00:00+01:00,4324.4
2025-04-25 19:30:00+01:00,4319.1
2025-04-25 20:00:00+01:00,4292.16
2025-04-25 20:30:00+01:00,4289.32
2025-04-25 21:00:00+01:00,4262.21
2025-04-25 21:30:00+01:00,4193.21
2025-04-25 22:00:00+01:00,4060.52
2025-04-25 22:30:00+01:00,3905.55
2025-04-25 23:00:00+01:00,3758.81
2025-04-25 23:30:00+01:00,3672.49
2025-04-26 00:00:00+01:00,3563.07
2025-04-26 00:30:00+01:00,3544.39
2025-04-26 01:00:00+01:00,3434.99
2025-04-26 01:30:00+01:00,3371.99
2025-04-26 02:00:00+01:00,3311.04
2025-04-26 02:30:00+01:00,3364.89
2025-04-26 03:00:00+01:00,3299.21
2025-04-26 03:30:00+01:00,3270.43
2025-04-26 04:00:00+01:00,3242.69
2025-04-26 04:30:00+01:00,3223.16
2025-04-26 05:00:00+01:00,3216.05
2025-04-26 05:30:00+01:00,3231.81
2025-04-26 06:00:00+01:00,3243.72
2025-04-26 06:30:00+01:00,3307.25
2025-04-26 07:00:00+01:00,3397.2
2025-04-26 07:30:00+01:00,3535.93
2025-04-26 08:00:00+01:00,3655.18
2025-04-26 08:30:00+01:00,3775.85
2025-04-26 09:00:00+01:00,3840.91
2025-04-26 09:30:00+01:00,3885.5
2025-04-26 10:00:00+01:00,3867.37
2025-04-26 10:30:00+01:00,3875.33
2025-04-26 11:00:00+01:00,3803.75
2025-04-26 11:30:00+01:00,3758.8
2025-04-26 12:00:00+01:00,3683.61
2025-04-26 12:30:00+01:00,3660.83
2025-04-26 13:00:00+01:00,3581.87
2025-04-26 13:30:00+01:00,3512.38
2025-04-26 14:00:00+01:00,3464.35
2025-04-26 14:30:00+01:00,3444.36
2025-04-26 15:00:00+01:00,3369.61
2025-04-26 15:30:00+01:00,3403.9
2025-04-26 16:00:00+01:00,3401.14
2025-04-26 16:30:00+01:00,3472.81
2025-04-26 17:00:00+01:00,3572.44
2025-04-26 17:30:00+01:00,3714.04
2025-04-26 18:00:00+01:00,3759.38
2025-04-26 18:30:00+01:00,3762.67
2025-04-26 19:00:00+01:00,3812.42
2025-04-26 19:30:00+01:00,3830.58
2025-04-26 20:00:00+01:00,3791.57
2025-04-26 20:30:00+01:00,3826.72
2025-04-26 21:00:00+01:00,3855.52
2025-04-26 21:30:00+01:00,3784.75
2025-04-26 22:00:00+01:00,3719.14
2025-04-26 22:30:00+01:00,3592.88
2025-04-26 23:00:00+01:00,3484.73
2025-04-26 23:30:00+01:00,3399.19
2025-04-27 00:00:00+01:00,3295.85
2025-04-27 00:30:00+01:00,3275.49
2025-04-27 01:00:00+01:00,3239.43
2025-04-27 01:30:00+01:00,3182.59
2025-04-27 02:00:00+01:00,3140.3
2025-04-27 02:30:00+01:00,3180.01
2025-04-27 03:00:00+01:00,3095.53
2025-04-27 03:30:00+01:00,3068.75
2025-04-27 04:00:00+01:00,2995.35
2025-04-27 04:30:00+01:00,2967.04
2025-04-27 05:00:00+01:00,2974.98
2025-04-27 05:30:00+01:00,2985.91
2025-04-27 06:00:00+01:00,2964.46
2025-04-27 06:30:00+01:00,2997.79
2025-04-27 07:00:00+01:00,3062.91
2025-04-27 07:30:00+01:00,3167.08
2025-04-27 08:00:00+01:00,3269.22
2025-04-27 08:30:00+01:00,3380.78
2025-04-27 09:00:00+01:00,3443.3
2025-04-27 09:30:00+01:00,3514.53
2025-04-27 10:00:00+01:00,3585.8
2025-04-27 10:30:00+01:00,3605.33
2025-04-27 11:00:00+01:00,3610.87
2025-04-27 11:30:00+01:00,3598.89
2025-04-27 12:00:00+01:00,3605.6
2025-04-27 12:30:00+01:00,3650.92
2025-04-27 13:00:00+01:00,3696.57
2025-04-27 13:30:00+01:00,3726.6
2025-04-27 14:00:00+01:00,3682.63
2025-04-27 14:30:00+01:00,3616.9
2025-04-27 15:00:00+01:00,3589.29
2025-04-27 15:30:00+01:00,3610.82
2025-04-27 16:00:00+01:00,3629.87
2025-04-27 16:30:00+01:00,3635.4
2025-04-27 17:00:00+01:00,3716.68
2025-04-27 17:30:00+01:00,3827.68
2025-04-27 18:00:00+01:00,3867.03
2025-04-27 18:30:00+01:00,3893.17
2025-04-27 19:00:00+01:00,3951.73
2025-04-27 19:30:00+01:00,3926.66
2025-04-27 20:00:00+01:00,3944.67
2025-04-27 20:30:00+01:00,3897.52
2025-04-27 21:00:00+01:00,3904.19
2025-04-27 21:30:00+01:00,3890.29
2025-04-27 22:00:00+01:00,3731.46
2025-04-27 22:30:00+01:00,3536.85
2025-04-27 23:00:00+01:00,3359.76
2025-04-27 23:30:00+01:00,3289.04
2025-04-28 00:00:00+01:00,3185.02
2025-04-28 00:30:00+01:00,3196.78
2025-04-28 01:00:00+01:00,3123.64
2025-04-28 01:30:00+01:00,3070.51
2025-04-28 02:00:00+01:00,3013.4
2025-04-28 02:30:00+01:00,3069.94
2025-04-28 03:00:00+01:00,3044.05
2025-04-28 03:30:00+01:00,3016.31
2025-04-28 04:00:00+01:00,2996.86
2025-04-28 04:30:00+01:00,2999.43
2025-04-28 05:00:00+01:00,3017.41
2025-04-28 05:30:00+01:00,3070.62
2025-04-28 06:00:00+01:00,3163.03
2025-04-28 06:30:00+01:00,3369.93
2025-04-28 07:00:00+01:00,3623.46
2025-04-28 07:30:00+01:00,3947.26
2025-04-28 08:00:00+01:00,4119.54
2025-04-28 08:30:00+01:00,4194.33
2025-04-28 09:00:00+01:00,4205.08
2025-04-28 09:30:00+01:00,4192.89
2025-04-28 10:00:00+01:00,4142.13
2025-04-28 10:30:00+01:00,4065.05
2025-04-28 11:00:00+01:00,4018.56
2025-04-28 11:30:00+01:00,3955.23
2025-04-28 12:00:00+01:00,3917.33
2025-04-28 12:30:00+01:00,3910.79
2025-04-28 13:00:00+01:00,3890.69
2025-04-28 13:30:00+01:00,3839.07
2025-04-28 14:00:00+01:00,3802.86
2025-04-28 14:30:00+01:00,3813.49
2025-04-28 15:00:00+01:00,3839.24
2025-04-28 15:30:00+01:00,3866.54
2025-04-28 16:00:00+01:00,3905.88
2025-04-28 16:30:00+01:00,3999.72
2025-04-28 17:00:00+01:00,4089.52
2025-04-28 17:30:00+01:00,4190.73
2025-04-28 18:00:00+01:00,4214.88
2025-04-28 18:30:00+01:00,4190.48
2025-04-28 19:00:00+01:00,4149.31
2025-04-28 19:30:00+01:00,4153.41
2025-04-28 20:00:00+01:00,4113.3
2025-04-28 20:30:00+01:00,4114.55
2025-04-28 21:00:00+01:00,4138.41
2025-04-28 21:30:00+01:00,4138.13
2025-04-28 22:00:00+01:00,3965.02
2025-04-28 22:30:00+01:00,3756.32
2025-04-28 23:00:00+01:00,3583.7
2025-04-28 23:30:00+01:00,3445.58
2025-04-29 00:00:00+01:00,3315.69
2025-04-29 00:30:00+01:00,3294.07
2025-04-29 01:00:00+01:00,3225.21
2025-04-29 01:30:00+01:00,3170.77
2025-04-29 02:00:00+01:00,3125.59
2025-04-29 02:30:00+01:00,3169.1
2025-04-29 03:00:00+01:00,3151.93
2025-04-29 03:30:00+01:00,3135.28
2025-04-29 04:00:00+01:00,3111.01
2025-04-29 04:30:00+01:00,3126.39
2025-04-29 05:00:00+01:00,3131.11
2025-04-29 05:30:00+01:00,3197.54
2025-04-29 06:00:00+01:00,3267.77
2025-04-29 06:30:00+01:00,3458.05
2025-04-29 07:00:00+01:00,3718.4
2025-04-29 07:30:00+01:00,4021.22
2025-04-29 08:00:00+01:00,4147.06
2025-04-29 08:30:00+01:00,4203.79
2025-04-29 09:00:00+01:00,4159.35
2025-04-29 09:30:00+01:00,4148.09
2025-04-29 10:00:00+01:00,4070.97
2025-04-29 10:30:00+01:00,3988.28
2025-04-29 11:00:00+01:00,3930.8
2025-04-29 11:30:00+01:00,3860.93
2025-04-29 12:00:00+01:00,3809.27
2025-04-29 12:30:00+01:00,3805.47
2025-04-29 13:00:00+01:00,3804.47
2025-04-29 13:30:00+01:00,3747.35
2025-04-29 14:00:00+01:00,3708.61
2025-04-29 14:30:00+01:00,3734.84
2025-04-29 15:00:00+01:00,3737.79
2025-04-29 15:30:00+01:00,3807.95
2025-04-29 16:00:00+01:00,3847.46
2025-04-29 16:30:00+01:00,3982.58
2025-04-29 17:00:00+01:00,4069.34
2025-04-29 17:30:00+01:00,4185.58
2025-04-29 18:00:00+01:00,4249.69
2025-04-29 18:30:00+01:00,4230.07
2025-04-29 19:00:00+01:00,4188.0
2025-04-29 19:30:00+01:00,4178.04
2025-04-29 20:00:00+01:00,4157.35
2025-04-29 20:30:00+01:00,4137.48
2025-04-29 21:00:00+01:00,4181.75
2025-04-29 21:30:00+01:00,4163.69
2025-04-29 22:00:00+01:00,4025.83
2025-04-29 22:30:00+01:00,3871.77
2025-04-29 23:00:00+01:00,3673.75
2025-04-29 23:30:00+01:00,3539.4
2025-04-30 00:00:00+01:00,3389.42
2025-04-30 00:30:00+01:00,3340.97
2025-04-30 01:00:00+01:00,3243.75
2025-04-30 01:30:00+01:00,3206.98
2025-04-30 02:00:00+01:00,3136.63
2025-04-30 02:30:00+01:00,3194.92
2025-04-30 03:00:00+01:00,3151.39
2025-04-30 03:30:00+01:00,3102.45
2025-04-30 04:00:00+01:00,3073.87
2025-04-30 04:30:00+01:00,3067.1
2025-04-30 05:00:00+01:00,3093.74
2025-04-30 05:30:00+01:00,3166.61
2025-04-30 06:00:00+01:00,3234.8
2025-04-30 06:30:00+01:00,3439.31
2025-04-30 07:00:00+01:00,3699.5
2025-04-30 07:30:00+01:00,4044.73
2025-04-30 08:00:00+01:00,4172.6
2025-04-30 08:30:00+01:00,4217.22
2025-04-30 09:00:00+01:00,4167.57
2025-04-30 09:30:00+01:00,4155.87
2025-04-30 10:00:00+01:00,4054.7
2025-04-30 10:30:00+01:00,3976.92
2025-04-30 11:00:00+01:00,3896.13
2025-04-30 11:30:00+01:00,3843.62
2025-04-30 12:00:00+01:00,3803.64
2025-04-30 12:30:00+01:00,3758.01
2025-04-30 13:00:00+01:00,3749.85
2025-04-30 13:30:00+01:00,3698.48
2025-04-30 14:00:00+01:00,3701.07
2025-04-30 14:30:00+01:00,3724.29
2025-04-30 15:00:00+01:00,3752.47
2025-04-30 15:30:00+01:00,3802.08
2025-04-30 16:00:00+01:00,3848.21
2025-04-30 16:30:00+01:00,3966.39
2025-04-30 17:00:00+01:00,4029.68
2025-04-30 17:30:00+01:00,4143.04
2025-04-30 18:00:00+01:00,4218.62
2025-04-30 18:30:00+01:00,4210.17
2025-04-30 19:00:00+01:00,4172.09
2025-04-30 19:30:00+01:00,4154.11
2025-04-30 20:00:00+01:00,4147.02
2025-04-30 20:30:00+01:00,4141.21
2025-04-30 21:00:00+01:00,4178.48
2025-04-30 21:30:00+01:00,4193.53
2025-04-30 22:00:00+01:00,4064.59
2025-04-30 22:30:00+01:00,3883.68
2025-04-30 23:00:00+01:00,3667.38
2025-04-30 23:30:00+01:00,3547.05
2025-05-01 00:00:00+01:00,3411.17
2025-05-01 00:30:00+01:00,3385.31
2025-05-01 01:00:00+01:00,3292.63
2025-05-01 01:30:00+01:00,3254.71
2025-05-01 02:00:00+01:00,3184.45
2025-05-01 02:30:00+01:00,3272.11
2025-05-01 03:00:00+01:00,3272.11
2025-05-01 03:30:00+01:00,3272.11
2025-05-01 04:00:00+01:00,3272.11
2025-05-01 04:30:00+01:00,3272.11
2025-05-01 05:00:00+01:00,3272.11
2025-05-01 05:30:00+01:00,3272.11
2025-05-01 06:00:00+01:00,3272.11
2025-05-01 06:30:00+01:00,3272.11
2025-05-01 07:00:00+01:00,3272.11
2025-05-01 07:30:00+01:00,3272.11
2025-05-01 08:00:00+01:00,3272.11
2025-05-01 08:30:00+01:00,3272.11
2025-05-01 09:00:00+01:00,3272.11
2025-05-01 09:30:00+01:00,3272.11
2025-05-01 10:00:00+01:00,3272.11
2025-05-01 10:30:00+01:00,4021.67
2025-05-01 11:00:00+01:00,3991.14
2025-05-01 11:30:00+01:00,3945.12
2025-05-01 12:00:00+01:00,3903.97
2025-05-01 12:30:00+01:00,3928.07
2025-05-01 13:00:00+01:00,3939.42
2025-05-01 13:30:00+01:00,3888.59
2025-05-01 14:00:00+01:00,3877.53
2025-05-01 14:30:00+01:00,3885.64
2025-05-01 15:00:00+01:00,3896.94
2025-05-01 15:30:00+01:00,3915.19
2025-05-01 16:00:00+01:00,3974.27
2025-05-01 16:30:00+01:00,4037.08
2025-05-01 17:00:00+01:00,4089.75
2025-05-01 17:30:00+01:00,4170.71
2025-05-01 18:00:00+01:00,4215.08
2025-05-01 18:30:00+01:00,4190.16
2025-05-01 19:00:00+01:00,4152.84
2025-05-01 19:30:00+01:00,4166.56
2025-05-01 20:00:00+01:00,4148.53
2025-05-01 20:30:00+01:00,4139.53
2025-05-01 21:00:00+01:00,4144.09
2025-05-01 21:30:00+01:00,4125.74
2025-05-01 22:00:00+01:00,3962.73
2025-05-01 22:30:00+01:00,3810.0
2025-05-01 23:00:00+01:00,3636.97
2025-05-01 23:30:00+01:00,3501.05
2025-05-02 00:00:00+01:00,3385.73
2025-05-02 00:30:00+01:00,3337.5
2025-05-02 01:00:00+01:00,3254.58
2025-05-02 01:30:00+01:00,3229.28
2025-05-02 02:00:00+01:00,3152.03
2025-05-02 02:30:00+01:00,3204.24
2025-05-02 03:00:00+01:00,3154.59
2025-05-02 03:30:00+01:00,3135.0
2025-05-02 04:00:00+01:00,3119.24
2025-05-02 04:30:00+01:00,3118.22
2025-05-02 05:00:00+01:00,3132.43
2025-05-02 05:30:00+01:00,3151.37
2025-05-02 06:00:00+01:00,3220.45
2025-05-02 06:30:00+01:00,3419.28
2025-05-02 07:00:00+01:00,3656.73
2025-05-02 07:30:00+01:00,3960.08
2025-05-02 08:00:00+01:00,4116.06
2025-05-02 08:30:00+01:00,4164.75
2025-05-02 09:00:00+01:00,4151.54
2025-05-02 09:30:00+01:00,4121.28
2025-05-02 10:00:00+01:00,4044.73
2025-05-02 10:30:00+01:00,3980.93
2025-05-02 11:00:00+01:00,3932.69
2025-05-02 11:30:00+01:00,3862.23
2025-05-02 12:00:00+01:00,3809.07
2025-05-02 12:30:00+01:00,3793.2
2025-05-02 13:00:00+01:00,3745.93
2025-05-02 13:30:00+01:00,3683.48
2025-05-02 14:00:00+01:00,3670.2
2025-05-02 14:30:00+01:00,3650.97
2025-05-02 15:00:00+01:00,3635.43
2025-05-02 15:30:00+01:00,3640.32
2025-05-02 16:00:00+01:00,3655.52
2025-05-02 16:30:00+01:00,3700.65
2025-05-02 17:00:00+01:00,3785.68
2025-05-02 17:30:00+01:00,3859.86
2025-05-02 18:00:00+01:00,3923.1
2025-05-02 18:30:00+01:00,3940.47
2025-05-02 19:00:00+01:00,3923.48
2025-05-02 19:30:00+01:00,3949.15
2025-05-02 20:00:00+01:00,3922.47
2025-05-02 20:30:00+01:00,3910.61
2025-05-02 21:00:00+01:00,3911.65
2025-05-02 21:30:00+01:00,3963.06
2025-05-02 22:00:00+01:00,3867.02
2025-05-02 22:30:00+01:00,3751.67
2025-05-02 23:00:00+01:00,3592.42
2025-05-02 23:30:00+01:00,3493.01
2025-05-03 00:00:00+01:00,3375.5
2025-05-03 00:30:00+01:00,3327.26
2025-05-03 01:00:00+01:00,3237.76
2025-05-03 01:30:00+01:00,3198.21
2025-05-03 02:00:00+01:00,3126.76
2025-05-03 02:30:00+01:00,3183.69
2025-05-03 03:00:00+01:00,3118.14
2025-05-03 03:30:00+01:00,3100.6
2025-05-03 04:00:00+01:00,3061.33
2025-05-03 04:30:00+01:00,3045.82
2025-05-03 05:00:00+01:00,3036.88
2025-05-03 05:30:00+01:00,3027.15
2025-05-03 06:00:00+01:00,3028.02
2025-05-03 06:30:00+01:00,3104.56
2025-05-03 07:00:00+01:00,3221.23
2025-05-03 07:30:00+01:00,3373.5
2025-05-03 08:00:00+01:00,3503.01
2025-05-03 08:30:00+01:00,3644.34
2025-05-03 09:00:00+01:00,3701.89
2025-05-03 09:30:00+01:00,3724.48
2025-05-03 10:00:00+01:00,3692.76
2025-05-03 10:30:00+01:00,3669.09
2025-05-03 11:00:00+01:00,3644.6
2025-05-03 11:30:00+01:00,3614.84
2025-05-03 12:00:00+01:00,3571.88
2025-05-03 12:30:00+01:00,3534.23
2025-05-03 13:00:00+01:00,3491.7
2025-05-03 13:30:00+01:00,3458.36
2025-05-03 14:00:00+01:00,3429.72
2025-05-03 14:30:00+01:00,3380.37
2025-05-03 15:00:00+01:00,3379.96
2025-05-03 15:30:00+01:00,3358.5
2025-05-03 16:00:00+01:00,3364.52
2025-05-03 16:30:00+01:00,3416.13
2025-05-03 17:00:00+01:00,3503.32
2025-05-03 17:30:00+01:00,3576.4
2025-05-03 18:00:00+01:00,3617.82
2025-05-03 18:30:00+01:00,3661.01
2025-05-03 19:00:00+01:00,3668.13
2025-05-03 19:30:00+01:00,3679.91
2025-05-03 20:00:00+01:00,3689.25
2025-05-03 20:30:00+01:00,3669.39
2025-05-03 21:00:00+01:00,3653.23
2025-05-03 21:30:00+01:00,3695.58
2025-05-03 22:00:00+01:00,3630.17
2025-05-03 22:30:00+01:00,3510.15
2025-05-03 23:00:00+01:00,3391.95
2025-05-03 23:30:00+01:00,3272.99
2025-05-04 00:00:00+01:00,3208.36
2025-05-04 00:30:00+01:00,3200.34
2025-05-04 01:00:00+01:00,3130.03
2025-05-04 01:30:00+01:00,3096.56
2025-05-04 02:00:00+01:00,3068.98
2025-05-04 02:30:00+01:00,3059.52
2025-05-04 03:00:00+01:00,3009.77
2025-05-04 03:30:00+01:00,2966.47
2025-05-04 04:00:00+01:00,2941.24
2025-05-04 04:30:00+01:00,2962.01
2025-05-04 05:00:00+01:00,2944.51
2025-05-04 05:30:00+01:00,2921.37
2025-05-04 06:00:00+01:00,2924.77
2025-05-04 06:30:00+01:00,2973.82
2025-05-04 07:00:00+01:00,3012.63
2025-05-04 07:30:00+01:00,3110.65
2025-05-04 08:00:00+01:00,3193.35
2025-05-04 08:30:00+01:00,3293.58
2025-05-04 09:00:00+01:00,3377.99
2025-05-04 09:30:00+01:00,3426.94
2025-05-04 10:00:00+01:00,3475.18
2025-05-04 10:30:00+01:00,3489.7
2025-05-04 11:00:00+01:00,3464.39
2025-05-04 11:30:00+01:00,3436.64
2025-05-04 12:00:00+01:00,3458.57
2025-05-04 12:30:00+01:00,3449.78
2025-05-04 13:00:00+01:00,3425.59
2025-05-04 13:30:00+01:00,3376.78
2025-05-04 14:00:00+01:00,3331.74
2025-05-04 14:30:00+01:00,3294.9
2025-05-04 15:00:00+01:00,3260.46
2025-05-04 15:30:00+01:00,3271.85
2025-05-04 16:00:00+01:00,3320.24
2025-05-04 16:30:00+01:00,3354.27
2025-05-04 17:00:00+01:00,3426.85
2025-05-04 17:30:00+01:00,3523.86
2025-05-04 18:00:00+01:00,3580.07
2025-05-04 18:30:00+01:00,3596.55
2025-05-04 19:00:00+01:00,3611.36
2025-05-04 19:30:00+01:00,3611.01
2025-05-04 20:00:00+01:00,3612.21
2025-05-04 20:30:00+01:00,3596.89
2025-05-04 21:00:00+01:00,3590.07
2025-05-04 21:30:00+01:00,3621.96
2025-05-04 22:00:00+01:00,3568.93
2025-05-04 22:30:00+01:00,3452.04
2025-05-04 23:00:00+01:00,3346.81
2025-05-04 23:30:00+01:00,3260.67
2025-05-05 00:00:00+01:00,3176.03
2025-05-05 00:30:00+01:00,3170.16
2025-05-05 01:00:00+01:00,3092.31
2025-05-05 01:30:00+01:00,3056.24
2025-05-05 02:00:00+01:00,2999.21
2025-05-05 02:30:00+01:00,3035.92
2025-05-05 03:00:00+01:00,2990.0
2025-05-05 03:30:00+01:00,2976.82
2025-05-05 04:00:00+01:00,2945.96
2025-05-05 04:30:00+01:00,2941.55
2025-05-05 05:00:00+01:00,2954.26
2025-05-05 05:30:00+01:00,2955.29
2025-05-05 06:00:00+01:00,2959.85
2025-05-05 06:30:00+01:00,3023.09
2025-05-05 07:00:00+01:00,3092.23
2025-05-05 07:30:00+01:00,3168.77
2025-05-05 08:00:00+01:00,3252.42
2025-05-05 08:30:00+01:00,3341.74
2025-05-05 09:00:00+01:00,3387.68
2025-05-05 09:30:00+01:00,3437.94
2025-05-05 10:00:00+01:00,3477.97
2025-05-05 10:30:00+01:00,3494.16
2025-05-05 11:00:00+01:00,3480.28
2025-05-05 11:30:00+01:00,3467.55
2025-05-05 12:00:00+01:00,3444.89
2025-05-05 12:30:00+01:00,3434.76
2025-05-05 13:00:00+01:00,3422.44
2025-05-05 13:30:00+01:00,3350.41
2025-05-05 14:00:00+01:00,3307.04
2025-05-05 14:30:00+01:00,3263.41
2025-05-05 15:00:00+01:00,3246.3
2025-05-05 15:30:00+01:00,3279.06
2025-05-05 16:00:00+01:00,3315.6
2025-05-05 16:30:00+01:00,3392.88
2025-05-05 17:00:00+01:00,3500.85
2025-05-05 17:30:00+01:00,3625.14
2025-05-05 18:00:00+01:00,3716.59
2025-05-05 18:30:00+01:00,3772.95
2025-05-05 19:00:00+01:00,3821.28
2025-05-05 19:30:00+01:00,3857.66
2025-05-05 20:00:00+01:00,3854.73
2025-05-05 20:30:00+01:00,3855.15
2025-05-05 21:00:00+01:00,3840.7
2025-05-05 21:30:00+01:00,3871.31
2025-05-05 22:00:00+01:00,3770.41
2025-05-05 22:30:00+01:00,3602.1
2025-05-05 23:00:00+01:00,3434.41
2025-05-05 23:30:00+01:00,3323.96
2025-05-06 00:00:00+01:00,3194.45
2025-05-06 00:30:00+01:00,3162.52
2025-05-06 01:00:00+01:00,3087.83
2025-05-06 01:30:00+01:00,3055.34
2025-05-06 02:00:00+01:00,3020.55
2025-05-06 02:30:00+01:00,3070.05
2025-05-06 03:00:00+01:00,3069.21
2025-05-06 03:30:00+01:00,3075.88
2025-05-06 04:00:00+01:00,3048.42
2025-05-06 04:30:00+01:00,3050.6
2025-05-06 05:00:00+01:00,3050.83
2025-05-06 05:30:00+01:00,3083.06
2025-05-06 06:00:00+01:00,3189.18
2025-05-06 06:30:00+01:00,3402.54
2025-05-06 07:00:00+01:00,3653.08
2025-05-06 07:30:00+01:00,3921.21
2025-05-06 08:00:00+01:00,4048.98
2025-05-06 08:30:00+01:00,4085.93
2025-05-06 09:00:00+01:00,4057.01
2025-05-06 09:30:00+01:00,4034.77
2025-05-06 10:00:00+01:00,3959.76
2025-05-06 10:30:00+01:00,3879.62
2025-05-06 11:00:00+01:00,3829.4
2025-05-06 11:30:00+01:00,3786.9
2025-05-06 12:00:00+01:00,3752.26
2025-05-06 12:30:00+01:00,3756.32
2025-05-06 13:00:00+01:00,3734.87
2025-05-06 13:30:00+01:00,3655.74
2025-05-06 14:00:00+01:00,3664.14
2025-05-06 14:30:00+01:00,3719.61
2025-05-06 15:00:00+01:00,3688.58
2025-05-06 15:30:00+01:00,3703.14
2025-05-06 16:00:00+01:00,3752.48
2025-05-06 16:30:00+01:00,3851.16
2025-05-06 17:00:00+01:00,3944.98
2025-05-06 17:30:00+01:00,4046.47
2025-05-06 18:00:00+01:00,4102.11
2025-05-06 18:30:00+01:00,4112.17
2025-05-06 19:00:00+01:00,4105.19
2025-05-06 19:30:00+01:00,4127.91
2025-05-06 20:00:00+01:00,4105.49
2025-05-06 20:30:00+01:00,4106.49
2025-05-06 21:00:00+01:00,4103.0
2025-05-06 21:30:00+01:00,4103.3
2025-05-06 22:00:00+01:00,3995.93
2025-05-06 22:30:00+01:00,3792.46
2025-05-06 23:00:00+01:00,3622.62
2025-05-06 23:30:00+01:00,3493.11
2025-05-07 00:00:00+01:00,3352.03
2025-05-07 00:30:00+01:00,3304.66
2025-05-07 01:00:00+01:00,3223.06
2025-05-07 01:30:00+01:00,3181.28
2025-05-07 02:00:00+01:00,3127.55
2025-05-07 02:30:00+01:00,3187.94
2025-05-07 03:00:00+01:00,3158.97
2025-05-07 03:30:00+01:00,3141.68
2025-05-07 04:00:00+01:00,3119.0
2025-05-07 04:30:00+01:00,3116.87
2025-05-07 05:00:00+01:00,3135.36
2025-05-07 05:30:00+01:00,3165.97
2025-05-07 06:00:00+01:00,3274.59
2025-05-07 06:30:00+01:00,3460.47
2025-05-07 07:00:00+01:00,3708.12
2025-05-07 07:30:00+01:00,3992.71
2025-05-07 08:00:00+01:00,4135.93
2025-05-07 08:30:00+01:00,4199.3
2025-05-07 09:00:00+01:00,4197.32
2025-05-07 09:30:00+01:00,4160.79
2025-05-07 10:00:00+01:00,4057.72
2025-05-07 10:30:00+01:00,3968.76
2025-05-07 11:00:00+01:00,3905.88
2025-05-07 11:30:00+01:00,3806.62
2025-05-07 12:00:00+01:00,3760.5
2025-05-07 12:30:00+01:00,3765.46
2025-05-07 13:00:00+01:00,3755.36
2025-05-07 13:30:00+01:00,3716.16
2025-05-07 14:00:00+01:00,3719.88
2025-05-07 14:30:00+01:00,3732.05
2025-05-07 15:00:00+01:00,3743.56
2025-05-07 15:30:00+01:00,3776.67
2025-05-07 16:00:00+01:00,3833.77
2025-05-07 16:30:00+01:00,3893.28
2025-05-07 17:00:00+01:00,3999.27
2025-05-07 17:30:00+01:00,4094.19
2025-05-07 18:00:00+01:00,4132.49
2025-05-07 18:30:00+01:00,4122.77
2025-05-07 19:00:00+01:00,4117.95
2025-05-07 19:30:00+01:00,4132.34
2025-05-07 20:00:00+01:00,4139.34
2025-05-07 20:30:00+01:00,4088.62
2025-05-07 21:00:00+01:00,4094.0
2025-05-07 21:30:00+01:00,4073.6
2025-05-07 22:00:00+01:00,3980.36
2025-05-07 22:30:00+01:00,3819.32
2025-05-07 23:00:00+01:00,3609.32
2025-05-07 23:30:00+01:00,3475.47
2025-05-08 00:00:00+01:00,3355.21
2025-05-08 00:30:00+01:00,3305.72
2025-05-08 01:00:00+01:00,3222.52
2025-05-08 01:30:00+01:00,3192.52
2025-05-08 02:00:00+01:00,3139.78
2025-05-08 02:30:00+01:00,3192.63
2025-05-08 03:00:00+01:00,3136.3
2025-05-08 03:30:00+01:00,3103.5
2025-05-08 04:00:00+01:00,3086.68
2025-05-08 04:30:00+01:00,3092.52
2025-05-08 05:00:00+01:00,3121.46
2025-05-08 05:30:00+01:00,3133.12
2025-05-08 06:00:00+01:00,3220.9
2025-05-08 06:30:00+01:00,3423.47
2025-05-08 07:00:00+01:00,3663.36
2025-05-08 07:30:00+01:00,3966.25
2025-05-08 08:00:00+01:00,4112.06
2025-05-08 08:30:00+01:00,4146.06
2025-05-08 09:00:00+01:00,4101.96
2025-05-08 09:30:00+01:00,4071.64
2025-05-08 10:00:00+01:00,4005.06
2025-05-08 10:30:00+01:00,3936.01
2025-05-08 11:00:00+01:00,3848.51
2025-05-08 11:30:00+01:00,3885.83
2025-05-08 12:00:00+01:00,3862.71
2025-05-08 12:30:00+01:00,3866.56
2025-05-08 13:00:00+01:00,3848.1
2025-05-08 13:30:00+01:00,3776.62
2025-05-08 14:00:00+01:00,3741.48
2025-05-08 14:30:00+01:00,3714.83
2025-05-08 15:00:00+01:00,3769.81
2025-05-08 15:30:00+01:00,3785.61
2025-05-08 16:00:00+01:00,3823.05
2025-05-08 16:30:00+01:00,3907.88
2025-05-08 17:00:00+01:00,3994.35
2025-05-08 17:30:00+01:00,4062.39
2025-05-08 18:00:00+01:00,4096.0
2025-05-08 18:30:00+01:00,4067.43
2025-05-08 19:00:00+01:00,4126.75
2025-05-08 19:30:00+01:00,4137.79
2025-05-08 20:00:00+01:00,4113.69
2025-05-08 20:30:00+01:00,4096.05
2025-05-08 21:00:00+01:00,4092.48
2025-05-08 21:30:00+01:00,4030.58
2025-05-08 22:00:00+01:00,3962.43
2025-05-08 22:30:00+01:00,3776.33
2025-05-08 23:00:00+01:00,3585.02
2025-05-08 23:30:00+01:00,3461.13
2025-05-09 00:00:00+01:00,3326.4
2025-05-09 00:30:00+01:00,3283.92
2025-05-09 01:00:00+01:00,3225.24
2025-05-09 01:30:00+01:00,3206.15
2025-05-09 02:00:00+01:00,3169.12
2025-05-09 02:30:00+01:00,3224.63
2025-05-09 03:00:00+01:00,3188.78
2025-05-09 03:30:00+01:00,3151.05
2025-05-09 04:00:00+01:00,3117.3
2025-05-09 04:30:00+01:00,3124.21
2025-05-09 05:00:00+01:00,3163.17
2025-05-09 05:30:00+01:00,3180.63
2025-05-09 06:00:00+01:00,3252.02
2025-05-09 06:30:00+01:00,3447.77
2025-05-09 07:00:00+01:00,3680.09
2025-05-09 07:30:00+01:00,3966.84
2025-05-09 08:00:00+01:00,4092.48
2025-05-09 08:30:00+01:00,4099.43
2025-05-09 09:00:00+01:00,4055.54
2025-05-09 09:30:00+01:00,4042.4
2025-05-09 10:00:00+01:00,3966.08
2025-05-09 10:30:00+01:00,3875.48
2025-05-09 11:00:00+01:00,3816.19
2025-05-09 11:30:00+01:00,3763.67
2025-05-09 12:00:00+01:00,3726.37
2025-05-09 12:30:00+01:00,3723.01
2025-05-09 13:00:00+01:00,3725.23
2025-05-09 13:30:00+01:00,3678.54
2025-05-09 14:00:00+01:00,3673.47
2025-05-09 14:30:00+01:00,3671.06
2025-05-09 15:00:00+01:00,3683.15
2025-05-09 15:30:00+01:00,3717.79
2025-05-09 16:00:00+01:00,3741.82
2025-05-09 16:30:00+01:00,3807.19
2025-05-09 17:00:00+01:00,3889.98
2025-05-09 17:30:00+01:00,3970.48
2025-05-09 18:00:00+01:00,4021.77
2025-05-09 18:30:00+01:00,4025.57
2025-05-09 19:00:00+01:00,3997.06
2025-05-09 19:30:00+01:00,3979.69
2025-05-09 20:00:00+01:00,3976.6
2025-05-09 20:30:00+01:00,3949.73
2025-05-09 21:00:00+01:00,3897.44
2025-05-09 21:30:00+01:00,3880.33
2025-05-09 22:00:00+01:00,3848.96
2025-05-09 22:30:00+01:00,3706.56
2025-05-09 23:00:00+01:00,3568.0
2025-05-09 23:30:00+01:00,3452.04
2025-05-10 00:00:00+01:00,3340.69
2025-05-10 00:30:00+01:00,3292.46
2025-05-10 01:00:00+01:00,3210.87
2025-05-10 01:30:00+01:00,3168.18
2025-05-10 02:00:00+01:00,3120.0
2025-05-10 02:30:00+01:00,3170.32
2025-05-10 03:00:00+01:00,3112.82
2025-05-10 03:30:00+01:00,3086.61
2025-05-10 04:00:00+01:00,3051.4
2025-05-10 04:30:00+01:00,3051.86
2025-05-10 05:00:00+01:00,3043.83
2025-05-10 05:30:00+01:00,3017.42
2025-05-10 06:00:00+01:00,3047.61
2025-05-10 06:30:00+01:00,3134.16
2025-05-10 07:00:00+01:00,3223.9
2025-05-10 07:30:00+01:00,3362.08
2025-05-10 08:00:00+01:00,3469.35
2025-05-10 08:30:00+01:00,3593.27
2025-05-10 09:00:00+01:00,3646.93
2025-05-10 09:30:00+01:00,3671.18
2025-05-10 10:00:00+01:00,3645.59
2025-05-10 10:30:00+01:00,3599.75
2025-05-10 11:00:00+01:00,3537.65
2025-05-10 11:30:00+01:00,3513.73
2025-05-10 12:00:00+01:00,3465.07
2025-05-10 12:30:00+01:00,3458.69
2025-05-10 13:00:00+01:00,3444.97
2025-05-10 13:30:00+01:00,3421.74
2025-05-10 14:00:00+01:00,3359.33
2025-05-10 14:30:00+01:00,3355.12
2025-05-10 15:00:00+01:00,3346.53
2025-05-10 15:30:00+01:00,3331.07
2025-05-10 16:00:00+01:00,3336.92
2025-05-10 16:30:00+01:00,3407.86
2025-05-10 17:00:00+01:00,3489.73
2025-05-10 17:30:00+01:00,3574.38
2025-05-10 18:00:00+01:00,3630.95
2025-05-10 18:30:00+01:00,3662.78
2025-05-10 19:00:00+01:00,3685.56
2025-05-10 19:30:00+01:00,3658.3
2025-05-10 20:00:00+01:00,3673.83
2025-05-10 20:30:00+01:00,3662.71
2025-05-10 21:00:00+01:00,3622.64
2025-05-10 21:30:00+01:00,3659.88
2025-05-10 22:00:00+01:00,3647.82
2025-05-10 22:30:00+01:00,3543.15
2025-05-10 23:00:00+01:00,3426.63
2025-05-10 23:30:00+01:00,3333.07
2025-05-11 00:00:00+01:00,3224.26
2025-05-11 00:30:00+01:00,3176.38
2025-05-11 01:00:00+01:00,3097.7
2025-05-11 01:30:00+01:00,3037.35
2025-05-11 02:00:00+01:00,2987.3
2025-05-11 02:30:00+01:00,3031.91
2025-05-11 03:00:00+01:00,2970.06
2025-05-11 03:30:00+01:00,2956.07
2025-05-11 04:00:00+01:00,2924.62
2025-05-11 04:30:00+01:00,2919.47
2025-05-11 05:00:00+01:00,2908.22
2025-05-11 05:30:00+01:00,2876.73
2025-05-11 06:00:00+01:00,2865.95
2025-05-11 06:30:00+01:00,2906.36
2025-05-11 07:00:00+01:00,2961.18
2025-05-11 07:30:00+01:00,3059.72
2025-05-11 08:00:00+01:00,3158.0
2025-05-11 08:30:00+01:00,3260.81
2025-05-11 09:00:00+01:00,3333.87
2025-05-11 09:30:00+01:00,3401.35
2025-05-11 10:00:00+01:00,3439.78
2025-05-11 10:30:00+01:00,3424.81
2025-05-11 11:00:00+01:00,3412.87
2025-05-11 11:30:00+01:00,3396.41
2025-05-11 12:00:00+01:00,3396.79
2025-05-11 12:30:00+01:00,3423.39
2025-05-11 13:00:00+01:00,3452.35
2025-05-11 13:30:00+01:00,3460.25
2025-05-11 14:00:00+01:00,3436.8
2025-05-11 14:30:00+01:00,3431.97
2025-05-11 15:00:00+01:00,3419.45
2025-05-11 15:30:00+01:00,3446.84
2025-05-11 16:00:00+01:00,3506.63
2025-05-11 16:30:00+01:00,3585.31
2025-05-11 17:00:00+01:00,3680.0
2025-05-11 17:30:00+01:00,3766.91
2025-05-11 18:00:00+01:00,3781.93
2025-05-11 18:30:00+01:00,3839.92
2025-05-11 19:00:00+01:00,3833.59
2025-05-11 19:30:00+01:00,3803.67
2025-05-11 20:00:00+01:00,3782.11
2025-05-11 20:30:00+01:00,3755.45
2025-05-11 21:00:00+01:00,3713.22
2025-05-11 21:30:00+01:00,3711.29
2025-05-11 22:00:00+01:00,3617.15
2025-05-11 22:30:00+01:00,3473.55
2025-05-11 23:00:00+01:00,3321.7
2025-05-11 23:30:00+01:00,3228.82
2025-05-12 00:00:00+01:00,3113.83
2025-05-12 00:30:00+01:00,3102.16
2025-05-12 01:00:00+01:00,3026.81
2025-05-12 01:30:00+01:00,2988.47
2025-05-12 02:00:00+01:00,2942.17
2025-05-12 02:30:00+01:00,2995.31
2025-05-12 03:00:00+01:00,2942.57
2025-05-12 03:30:00+01:00,2950.37
2025-05-12 04:00:00+01:00,2932.16
2025-05-12 04:30:00+01:00,2934.44
2025-05-12 05:00:00+01:00,2951.81
2025-05-12 05:30:00+01:00,2972.13
2025-05-12 06:00:00+01:00,3072.87
2025-05-12 06:30:00+01:00,3274.4
2025-05-12 07:00:00+01:00,3547.19
2025-05-12 07:30:00+01:00,3875.32
2025-05-12 08:00:00+01:00,4035.43
2025-05-12 08:30:00+01:00,4107.31
2025-05-12 09:00:00+01:00,4124.37
2025-05-12 09:30:00+01:00,4148.08
2025-05-12 10:00:00+01:00,4107.71
2025-05-12 10:30:00+01:00,4046.71
2025-05-12 11:00:00+01:00,4004.83
2025-05-12 11:30:00+01:00,3972.63
2025-05-12 12:00:00+01:00,3931.72
2025-05-12 12:30:00+01:00,3933.64
2025-05-12 13:00:00+01:00,3936.41
2025-05-12 13:30:00+01:00,3877.4
2025-05-12 14:00:00+01:00,3870.8
2025-05-12 14:30:00+01:00,3862.76
2025-05-12 15:00:00+01:00,3877.31
2025-05-12 15:30:00+01:00,3919.92
2025-05-12 16:00:00+01:00,3915.48
2025-05-12 16:30:00+01:00,4004.57
2025-05-12 17:00:00+01:00,4122.97
2025-05-12 17:30:00+01:00,4211.49
2025-05-12 18:00:00+01:00,4218.29
2025-05-12 18:30:00+01:00,4198.82
2025-05-12 19:00:00+01:00,4160.7
2025-05-12 19:30:00+01:00,4136.89
2025-05-12 20:00:00+01:00,4089.93
2025-05-12 20:30:00+01:00,4083.99
2025-05-12 21:00:00+01:00,4050.19
2025-05-12 21:30:00+01:00,4004.69
2025-05-12 22:00:00+01:00,3913.29
2025-05-12 22:30:00+01:00,3747.48
2025-05-12 23:00:00+01:00,3577.82
2025-05-12 23:30:00+01:00,3427.52
2025-05-13 00:00:00+01:00,3279.89
2025-05-13 00:30:00+01:00,3220.97
2025-05-13 01:00:00+01:00,3130.13
2025-05-13 01:30:00+01:00,3091.24
2025-05-13 02:00:00+01:00,3052.66
2025-05-13 02:30:00+01:00,3095.73
2025-05-13 03:00:00+01:00,3046.15
2025-05-13 03:30:00+01:00,3033.01
2025-05-13 04:00:00+01:00,3009.43
2025-05-13 04:30:00+01:00,3008.8
2025-05-13 05:00:00+01:00,2994.17
2025-05-13 05:30:00+01:00,3020.38
2025-05-13 06:00:00+01:00,3119.1
2025-05-13 06:30:00+01:00,3315.26
2025-05-13 07:00:00+01:00,3568.03
2025-05-13 07:30:00+01:00,3850.36
2025-05-13 08:00:00+01:00,4011.87
2025-05-13 08:30:00+01:00,4044.29
2025-05-13 09:00:00+01:00,4031.11
2025-05-13 09:30:00+01:00,3997.19
2025-05-13 10:00:00+01:00,3893.82
2025-05-13 10:30:00+01:00,3819.29
2025-05-13 11:00:00+01:00,3758.98
2025-05-13 11:30:00+01:00,3697.32
2025-05-13 12:00:00+01:00,3640.13
2025-05-13 12:30:00+01:00,3664.71
2025-05-13 13:00:00+01:00,3650.23
2025-05-13 13:30:00+01:00,3620.59
2025-05-13 14:00:00+01:00,3601.28
2025-05-13 14:30:00+01:00,3586.5
2025-05-13 15:00:00+01:00,3615.64
2025-05-13 15:30:00+01:00,3645.64
2025-05-13 16:00:00+01:00,3706.28
2025-05-13 16:30:00+01:00,3747.2
2025-05-13 17:00:00+01:00,3862.9
2025-05-13 17:30:00+01:00,3952.6
2025-05-13 18:00:00+01:00,4005.63
2025-05-13 18:30:00+01:00,4007.44
2025-05-13 19:00:00+01:00,4005.5
2025-05-13 19:30:00+01:00,4043.49
2025-05-13 20:00:00+01:00,4054.98
2025-05-13 20:30:00+01:00,4057.11
2025-05-13 21:00:00+01:00,4038.42
2025-05-13 21:30:00+01:00,3955.6
2025-05-13 22:00:00+01:00,3882.33
2025-05-13 22:30:00+01:00,3737.86
2025-05-13 23:00:00+01:00,3565.41
2025-05-13 23:30:00+01:00,3412.75
2025-05-14 00:00:00+01:00,3278.17
2025-05-14 00:30:00+01:00,3233.59
2025-05-14 01:00:00+01:00,3146.56
2025-05-14 01:30:00+01:00,3099.95
2025-05-14 02:00:00+01:00,3034.62
2025-05-14 02:30:00+01:00,3105.56
2025-05-14 03:00:00+01:00,3038.69
2025-05-14 03:30:00+01:00,3006.15
2025-05-14 04:00:00+01:00,2979.49
2025-05-14 04:30:00+01:00,2981.57
2025-05-14 05:00:00+01:00,2980.44
2025-05-14 05:30:00+01:00,2992.5
2025-05-14 06:00:00+01:00,3101.18
2025-05-14 06:30:00+01:00,3309.46
2025-05-14 07:00:00+01:00,3575.31
2025-05-14 07:30:00+01:00,3851.87
2025-05-14 08:00:00+01:00,3975.69
2025-05-14 08:30:00+01:00,4019.22
2025-05-14 09:00:00+01:00,3973.56
2025-05-14 09:30:00+01:00,3956.71
2025-05-14 10:00:00+01:00,3862.89
2025-05-14 10:30:00+01:00,3786.91
2025-05-14 11:00:00+01:00,3748.03
2025-05-14 11:30:00+01:00,3678.66
2025-05-14 12:00:00+01:00,3643.66
2025-05-14 12:30:00+01:00,3638.65
2025-05-14 13:00:00+01:00,3637.92
2025-05-14 13:30:00+01:00,3587.36
2025-05-14 14:00:00+01:00,3566.7
2025-05-14 14:30:00+01:00,3591.23
2025-05-14 15:00:00+01:00,3591.66
2025-05-14 15:30:00+01:00,3650.49
2025-05-14 16:00:00+01:00,3697.26
2025-05-14 16:30:00+01:00,3790.08
2025-05-14 17:00:00+01:00,3873.51
2025-05-14 17:30:00+01:00,3995.51
2025-05-14 18:00:00+01:00,4036.92
2025-05-14 18:30:00+01:00,4051.27
2025-05-14 19:00:00+01:00,4051.93
2025-05-14 19:30:00+01:00,4088.77
2025-05-14 20:00:00+01:00,4078.41
2025-05-14 20:30:00+01:00,4048.26
2025-05-14 21:00:00+01:00,4021.86
2025-05-14 21:30:00+01:00,3999.59
2025-05-14 22:00:00+01:00,3940.8
2025-05-14 22:30:00+01:00,3784.69
2025-05-14 23:00:00+01:00,3608.07
2025-05-14 23:30:00+01:00,3479.04
2025-05-15 00:00:00+01:00,3326.62
2025-05-15 00:30:00+01:00,3279.4
2025-05-15 01:00:00+01:00,3217.17
2025-05-15 01:30:00+01:00,3158.34
2025-05-15 02:00:00+01:00,3094.65
2025-05-15 02:30:00+01:00,3143.71
2025-05-15 03:00:00+01:00,3102.98
2025-05-15 03:30:00+01:00,3078.41
2025-05-15 04:00:00+01:00,3052.22
2025-05-15 04:30:00+01:00,3061.69
2025-05-15 05:00:00+01:00,3054.48
2025-05-15 05:30:00+01:00,3075.64
2025-05-15 06:00:00+01:00,3168.29
2025-05-15 06:30:00+01:00,3377.24
2025-05-15 07:00:00+01:00,3614.96
2025-05-15 07:30:00+01:00,3905.23
2025-05-15 08:00:00+01:00,4045.8
2025-05-15 08:30:00+01:00,4095.5
2025-05-15 09:00:00+01:00,4044.63
2025-05-15 09:30:00+01:00,4006.0
2025-05-15 10:00:00+01:00,3909.72
2025-05-15 10:30:00+01:00,3824.3
2025-05-15 11:00:00+01:00,3769.79
2025-05-15 11:30:00+01:00,3730.67
2025-05-15 12:00:00+01:00,3695.23
2025-05-15 12:30:00+01:00,3691.25
2025-05-15 13:00:00+01:00,3675.71
2025-05-15 13:30:00+01:00,3619.83
2025-05-15 14:00:00+01:00,3616.85
2025-05-15 14:30:00+01:00,3618.21
2025-05-15 15:00:00+01:00,3641.24
2025-05-15 15:30:00+01:00,3675.82
2025-05-15 16:00:00+01:00,3718.09
2025-05-15 16:30:00+01:00,3799.57
2025-05-15 17:00:00+01:00,3883.8
2025-05-15 17:30:00+01:00,3957.66
2025-05-15 18:00:00+01:00,3996.55
2025-05-15 18:30:00+01:00,4018.71
2025-05-15 19:00:00+01:00,4018.84
2025-05-15 19:30:00+01:00,4024.22
2025-05-15 20:00:00+01:00,4006.47
2025-05-15 20:30:00+01:00,4006.62
2025-05-15 21:00:00+01:00,3988.98
2025-05-15 21:30:00+01:00,3916.07
2025-05-15 22:00:00+01:00,3871.33
2025-05-15 22:30:00+01:00,3712.54
2025-05-15 23:00:00+01:00,3534.32
2025-05-15 23:30:00+01:00,3399.01
2025-05-16 00:00:00+01:00,3273.97
2025-05-16 00:30:00+01:00,3221.56
2025-05-16 01:00:00+01:00,3155.9
2025-05-16 01:30:00+01:00,3122.34
2025-05-16 02:00:00+01:00,3071.14
2025-05-16 02:30:00+01:00,3111.99
2025-05-16 03:00:00+01:00,3069.1
2025-05-16 03:30:00+01:00,3046.15
2025-05-16 04:00:00+01:00,3034.05
2025-05-16 04:30:00+01:00,3047.35
2025-05-16 05:00:00+01:00,3068.93
2025-05-16 05:30:00+01:00,3074.1
2025-05-16 06:00:00+01:00,3168.43
2025-05-16 06:30:00+01:00,3349.88
2025-05-16 07:00:00+01:00,3587.91
2025-05-16 07:30:00+01:00,3861.95
2025-05-16 08:00:00+01:00,4007.79
2025-05-16 08:30:00+01:00,4057.02
2025-05-16 09:00:00+01:00,4010.82
2025-05-16 09:30:00+01:00,3959.35
2025-05-16 10:00:00+01:00,3861.53
2025-05-16 10:30:00+01:00,3776.04
2025-05-16 11:00:00+01:00,3723.31
2025-05-16 11:30:00+01:00,3652.42
2025-05-16 12:00:00+01:00,3616.65
2025-05-16 12:30:00+01:00,3612.6
2025-05-16 13:00:00+01:00,3602.28
2025-05-16 13:30:00+01:00,3556.88
2025-05-16 14:00:00+01:00,3560.3
2025-05-16 14:30:00+01:00,3562.09
2025-05-16 15:00:00+01:00,3558.78
2025-05-16 15:30:00+01:00,3591.57
2025-05-16 16:00:00+01:00,3625.17
2025-05-16 16:30:00+01:00,3702.91
2025-05-16 17:00:00+01:00,3761.07
2025-05-16 17:30:00+01:00,3867.45
2025-05-16 18:00:00+01:00,3916.14
2025-05-16 18:30:00+01:00,3934.32
2025-05-16 19:00:00+01:00,3924.09
2025-05-16 19:30:00+01:00,3931.63
2025-05-16 20:00:00+01:00,3914.35
2025-05-16 20:30:00+01:00,3902.22
2025-05-16 21:00:00+01:00,3857.9
2025-05-16 21:30:00+01:00,3820.87
2025-05-16 22:00:00+01:00,3807.42
2025-05-16 22:30:00+01:00,3712.03
2025-05-16 23:00:00+01:00,3562.23
2025-05-16 23:30:00+01:00,3464.97
2025-05-17 00:00:00+01:00,3340.13
2025-05-17 00:30:00+01:00,3269.33
2025-05-17 01:00:00+01:00,3174.83
2025-05-17 01:30:00+01:00,3126.0
2025-05-17 02:00:00+01:00,3080.65
2025-05-17 02:30:00+01:00,3133.11
2025-05-17 03:00:00+01:00,3090.2
2025-05-17 03:30:00+01:00,3063.74
2025-05-17 04:00:00+01:00,3033.87
2025-05-17 04:30:00+01:00,3027.53
2025-05-17 05:00:00+01:00,3015.64
2025-05-17 05:30:00+01:00,2956.92
2025-05-17 06:00:00+01:00,2982.73
2025-05-17 06:30:00+01:00,3052.03
2025-05-17 07:00:00+01:00,3151.24
2025-05-17 07:30:00+01:00,3283.5
2025-05-17 08:00:00+01:00,3398.9
2025-05-17 08:30:00+01:00,3526.69
2025-05-17 09:00:00+01:00,3582.51
2025-05-17 09:30:00+01:00,3612.08
2025-05-17 10:00:00+01:00,3581.28
2025-05-17 10:30:00+01:00,3529.79
2025-05-17 11:00:00+01:00,3467.55
2025-05-17 11:30:00+01:00,3414.34
2025-05-17 12:00:00+01:00,3358.5
2025-05-17 12:30:00+01:00,3340.31
2025-05-17 13:00:00+01:00,3281.79
2025-05-17 13:30:00+01:00,3248.26
2025-05-17 14:00:00+01:00,3181.04
2025-05-17 14:30:00+01:00,3178.85
2025-05-17 15:00:00+01:00,3125.31
2025-05-17 15:30:00+01:00,3165.99
2025-05-17 16:00:00+01:00,3185.78
2025-05-17 16:30:00+01:00,3264.6
2025-05-17 17:00:00+01:00,3339.4
2025-05-17 17:30:00+01:00,3435.45
2025-05-17 18:00:00+01:00,3517.93
2025-05-17 18:30:00+01:00,3543.86
2025-05-17 19:00:00+01:00,3591.3
2025-05-17 19:30:00+01:00,3616.74
2025-05-17 20:00:00+01:00,3617.83
2025-05-17 20:30:00+01:00,3606.37
2025-05-17 21:00:00+01:00,3569.61
2025-05-17 21:30:00+01:00,3524.38
2025-05-17 22:00:00+01:00,3543.32
2025-05-17 22:30:00+01:00,3442.01
2025-05-17 23:00:00+01:00,3339.02
2025-05-17 23:30:00+01:00,3250.86
2025-05-18 00:00:00+01:00,3141.82
2025-05-18 00:30:00+01:00,3115.91
2025-05-18 01:00:00+01:00,3021.11
2025-05-18 01:30:00+01:00,2969.74
2025-05-18 02:00:00+01:00,2925.29
2025-05-18 02:30:00+01:00,3000.67
2025-05-18 03:00:00+01:00,2903.35
2025-05-18 03:30:00+01:00,2883.36
2025-05-18 04:00:00+01:00,2864.38
2025-05-18 04:30:00+01:00,2854.83
2025-05-18 05:00:00+01:00,2825.01
2025-05-18 05:30:00+01:00,2786.14
2025-05-18 06:00:00+01:00,2788.53
2025-05-18 06:30:00+01:00,2841.82
2025-05-18 07:00:00+01:00,2898.88
2025-05-18 07:30:00+01:00,2995.2
2025-05-18 08:00:00+01:00,3086.08
2025-05-18 08:30:00+01:00,3207.18
2025-05-18 09:00:00+01:00,3277.52
2025-05-18 09:30:00+01:00,3344.26
2025-05-18 10:00:00+01:00,3350.6
2025-05-18 10:30:00+01:00,3326.53
2025-05-18 11:00:00+01:00,3289.45
2025-05-18 11:30:00+01:00,3257.4
2025-05-18 12:00:00+01:00,3219.4
2025-05-18 12:30:00+01:00,3210.89
2025-05-18 13:00:00+01:00,3174.93
2025-05-18 13:30:00+01:00,3156.55
2025-05-18 14:00:00+01:00,3113.69
2025-05-18 14:30:00+01:00,3084.04
2025-05-18 15:00:00+01:00,3068.24
2025-05-18 15:30:00+01:00,3078.3
2025-05-18 16:00:00+01:00,3117.72
2025-05-18 16:30:00+01:00,3171.24
2025-05-18 17:00:00+01:00,3249.72
2025-05-18 17:30:00+01:00,3368.3
2025-05-18 18:00:00+01:00,3471.37
2025-05-18 18:30:00+01:00,3564.89
2025-05-18 19:00:00+01:00,3615.44
2025-05-18 19:30:00+01:00,3627.45
2025-05-18 20:00:00+01:00,3636.04
2025-05-18 20:30:00+01:00,3657.3
2025-05-18 21:00:00+01:00,3628.59
2025-05-18 21:30:00+01:00,3571.88
2025-05-18 22:00:00+01:00,3576.26
2025-05-18 22:30:00+01:00,3446.73
2025-05-18 23:00:00+01:00,3309.2
2025-05-18 23:30:00+01:00,3221.65
2025-05-19 00:00:00+01:00,3097.95
2025-05-19 00:30:00+01:00,3066.17
2025-05-19 01:00:00+01:00,2991.14
2025-05-19 01:30:00+01:00,2952.37
2025-05-19 02:00:00+01:00,2904.5
2025-05-19 02:30:00+01:00,2972.67
2025-05-19 03:00:00+01:00,2922.59
2025-05-19 03:30:00+01:00,2904.6
2025-05-19 04:00:00+01:00,2856.91
2025-05-19 04:30:00+01:00,2853.79
2025-05-19 05:00:00+01:00,2864.98
2025-05-19 05:30:00+01:00,2856.63
2025-05-19 06:00:00+01:00,2938.93
2025-05-19 06:30:00+01:00,3130.75
2025-05-19 07:00:00+01:00,3386.47
2025-05-19 07:30:00+01:00,3683.6
2025-05-19 08:00:00+01:00,3841.28
2025-05-19 08:30:00+01:00,3928.81
2025-05-19 09:00:00+01:00,3917.42
2025-05-19 09:30:00+01:00,3924.86
2025-05-19 10:00:00+01:00,3896.12
2025-05-19 10:30:00+01:00,3855.48
2025-05-19 11:00:00+01:00,3834.66
2025-05-19 11:30:00+01:00,3797.86
2025-05-19 12:00:00+01:00,3762.08
2025-05-19 12:30:00+01:00,3760.25
2025-05-19 13:00:00+01:00,3746.39
2025-05-19 13:30:00+01:00,3688.25
2025-05-19 14:00:00+01:00,3673.13
2025-05-19 14:30:00+01:00,3640.74
2025-05-19 15:00:00+01:00,3660.38
2025-05-19 15:30:00+01:00,3704.02
2025-05-19 16:00:00+01:00,3747.91
2025-05-19 16:30:00+01:00,3812.47
2025-05-19 18:00:00+01:00,4006.71
2025-05-19 18:30:00+01:00,4024.15
2025-05-19 19:00:00+01:00,4013.33
2025-05-19 19:30:00+01:00,3997.85
2025-05-19 20:00:00+01:00,3954.55
2025-05-19 20:30:00+01:00,3941.99
2025-05-19 21:00:00+01:00,3917.04
2025-05-19 21:30:00+01:00,3857.71
2025-05-19 23:00:00+01:00,3512.4
2025-05-19 23:30:00+01:00,3389.71
2025-05-20 00:00:00+01:00,3270.03
2025-05-20 00:30:00+01:00,3210.67
2025-05-20 01:00:00+01:00,3132.6
2025-05-20 01:30:00+01:00,3085.26
2025-05-20 02:00:00+01:00,3043.61
2025-05-20 02:30:00+01:00,3105.9
2025-05-20 03:00:00+01:00,3094.22
2025-05-20 03:30:00+01:00,3072.87
2025-05-20 04:00:00+01:00,3045.49
2025-05-20 04:30:00+01:00,3043.88
2025-05-20 05:00:00+01:00,3016.53
2025-05-20 05:30:00+01:00,3029.62
2025-05-20 06:00:00+01:00,3140.49
2025-05-20 06:30:00+01:00,3342.29
2025-05-20 07:00:00+01:00,3584.06
2025-05-20 07:30:00+01:00,3877.54
2025-05-20 08:00:00+01:00,4029.6
2025-05-20 08:30:00+01:00,4092.43
2025-05-20 09:00:00+01:00,4077.05
2025-05-20 09:30:00+01:00,4055.56
2025-05-20 10:00:00+01:00,3995.01
2025-05-20 10:30:00+01:00,3948.29
2025-05-20 11:00:00+01:00,3963.96
2025-05-20 11:30:00+01:00,3916.36
2025-05-20 12:00:00+01:00,3907.21
2025-05-20 12:30:00+01:00,3916.76
2025-05-20 13:00:00+01:00,3924.31
2025-05-20 13:30:00+01:00,3880.17
2025-05-20 14:00:00+01:00,3868.84
2025-05-20 14:30:00+01:00,3901.0
2025-05-20 15:00:00+01:00,3965.3
2025-05-20 15:30:00+01:00,4026.66
2025-05-20 16:00:00+01:00,4056.15
2025-05-20 16:30:00+01:00,4155.86
2025-05-20 17:00:00+01:00,4206.42
2025-05-20 17:30:00+01:00,4292.69
2025-05-20 18:00:00+01:00,4286.77
2025-05-20 18:30:00+01:00,4248.84
2025-05-20 19:00:00+01:00,4182.3
2025-05-20 19:30:00+01:00,4126.62
2025-05-20 20:00:00+01:00,4064.41
2025-05-20 20:30:00+01:00,4043.08
2025-05-20 21:00:00+01:00,3993.15
2025-05-20 21:30:00+01:00,3935.5
2025-05-20 22:00:00+01:00,3883.91
2025-05-20 22:30:00+01:00,3735.8
2025-05-20 23:00:00+01:00,3556.04
2025-05-20 23:30:00+01:00,3425.43
2025-05-21 00:00:00+01:00,3309.6
2025-05-21 00:30:00+01:00,3254.22
2025-05-21 01:00:00+01:00,3162.69
2025-05-21 01:30:00+01:00,3133.96
2025-05-21 02:00:00+01:00,3083.92
2025-05-21 02:30:00+01:00,3140.38
2025-05-21 03:00:00+01:00,3088.81
2025-05-21 03:30:00+01:00,3078.28
2025-05-21 04:00:00+01:00,3052.75
2025-05-21 04:30:00+01:00,3047.82
2025-05-21 05:00:00+01:00,3047.61
2025-05-21 05:30:00+01:00,3058.73
2025-05-21 06:00:00+01:00,3167.97
2025-05-21 06:30:00+01:00,3348.18
2025-05-21 07:00:00+01:00,3602.73
2025-05-21 07:30:00+01:00,3890.14
2025-05-21 08:00:00+01:00,4007.29
2025-05-21 08:30:00+01:00,4060.13
2025-05-21 09:00:00+01:00,4022.55
2025-05-21 09:30:00+01:00,4005.27
2025-05-21 10:00:00+01:00,3925.37
2025-05-21 10:30:00+01:00,3847.59
2025-05-21 11:00:00+01:00,3790.27
2025-05-21 11:30:00+01:00,3739.97
2025-05-21 12:00:00+01:00,3688.78
2025-05-21 12:30:00+01:00,3664.81
2025-05-21 13:00:00+01:00,3667.66
2025-05-21 13:30:00+01:00,3623.26
2025-05-21 14:00:00+01:00,3622.08
2025-05-21 14:30:00+01:00,3657.32
2025-05-21 15:00:00+01:00,3650.02
2025-05-21 15:30:00+01:00,3716.75
2025-05-21 16:00:00+01:00,3756.18
2025-05-21 16:30:00+01:00,3868.43
2025-05-21 17:00:00+01:00,3948.22
2025-05-21 17:30:00+01:00,4025.06
2025-05-21 18:00:00+01:00,4058.92
2025-05-21 18:30:00+01:00,4063.38
2025-05-21 19:00:00+01:00,4029.94
2025-05-21 19:30:00+01:00,4041.93
2025-05-21 20:00:00+01:00,4013.52
2025-05-21 20:30:00+01:00,3981.97
2025-05-21 21:00:00+01:00,3940.86
2025-05-21 21:30:00+01:00,3896.13
2025-05-21 22:00:00+01:00,3862.03
2025-05-21 22:30:00+01:00,3775.07
2025-05-21 23:00:00+01:00,3602.35
2025-05-21 23:30:00+01:00,3475.75
2025-05-22 00:00:00+01:00,3335.45
2025-05-22 00:30:00+01:00,3272.85
2025-05-22 01:00:00+01:00,3197.03
2025-05-22 01:30:00+01:00,3131.84
2025-05-22 02:00:00+01:00,3083.88
2025-05-22 02:30:00+01:00,3124.78
2025-05-22 03:00:00+01:00,3074.78
2025-05-22 03:30:00+01:00,3049.38
2025-05-22 04:00:00+01:00,3040.78
2025-05-22 04:30:00+01:00,3039.77
2025-05-22 05:00:00+01:00,3040.68
2025-05-22 05:30:00+01:00,3062.5
2025-05-22 06:00:00+01:00,3174.7
2025-05-22 06:30:00+01:00,3380.23
2025-05-22 07:00:00+01:00,3619.92
2025-05-22 07:30:00+01:00,3888.96
2025-05-22 08:00:00+01:00,4020.72
2025-05-22 08:30:00+01:00,4062.91
2025-05-22 09:00:00+01:00,4052.28
2025-05-22 09:30:00+01:00,4053.9
2025-05-22 10:00:00+01:00,3968.77
2025-05-22 10:30:00+01:00,3894.22
2025-05-22 11:00:00+01:00,3824.24
2025-05-22 11:30:00+01:00,3777.81
2025-05-22 12:00:00+01:00,3737.87
2025-05-22 12:30:00+01:00,3732.36
2025-05-22 13:00:00+01:00,3722.57
2025-05-22 13:30:00+01:00,3660.28
2025-05-22 14:00:00+01:00,3657.57
2025-05-22 14:30:00+01:00,3663.64
2025-05-22 15:00:00+01:00,3660.68
2025-05-22 15:30:00+01:00,3661.16
2025-05-22 16:00:00+01:00,3758.7
2025-05-22 16:30:00+01:00,3838.18
2025-05-22 17:00:00+01:00,3919.32
2025-05-22 17:30:00+01:00,3994.6
2025-05-22 18:00:00+01:00,4012.01
2025-05-22 18:30:00+01:00,4024.42
2025-05-22 19:00:00+01:00,4022.46
2025-05-22 19:30:00+01:00,4018.88
2025-05-22 20:00:00+01:00,3997.73
2025-05-22 20:30:00+01:00,3991.25
2025-05-22 21:00:00+01:00,3976.48
2025-05-22 21:30:00+01:00,3909.03
2025-05-22 22:00:00+01:00,3912.52
2025-05-22 22:30:00+01:00,3810.39
2025-05-23 00:00:00+01:00,3387.71
2025-05-23 00:30:00+01:00,3331.83
2025-05-23 01:00:00+01:00,3259.25
2025-05-23 01:30:00+01:00,3220.87
2025-05-23 02:00:00+01:00,3171.6
2025-05-23 02:30:00+01:00,3217.17
2025-05-23 03:00:00+01:00,3153.56
2025-05-23 03:30:00+01:00,3151.74
2025-05-23 04:00:00+01:00,3113.07
2025-05-23 04:30:00+01:00,3118.83
2025-05-23 05:00:00+01:00,3093.79
2025-05-23 05:30:00+01:00,3106.94
2025-05-23 06:00:00+01:00,3206.97
2025-05-23 06:30:00+01:00,3396.85
2025-05-23 07:00:00+01:00,3628.25
2025-05-23 07:30:00+01:00,3888.57
2025-05-23 08:00:00+01:00,4032.69
2025-05-23 08:30:00+01:00,4117.3
2025-05-23 09:00:00+01:00,4129.54
2025-05-23 09:30:00+01:00,4122.12
2025-05-23 10:00:00+01:00,4066.09
2025-05-23 10:30:00+01:00,4010.44
2025-05-23 11:00:00+01:00,4002.88
2025-05-23 11:30:00+01:00,3987.54
2025-05-23 12:00:00+01:00,3979.26
2025-05-23 12:30:00+01:00,4017.45
2025-05-23 13:00:00+01:00,4078.76
2025-05-23 13:30:00+01:00,4097.05
2025-05-23 14:00:00+01:00,4094.09
2025-05-23 14:30:00+01:00,4086.62
2025-05-23 15:00:00+01:00,4089.32
2025-05-23 15:30:00+01:00,4113.07
2025-05-23 16:00:00+01:00,4111.04
2025-05-23 16:30:00+01:00,4161.3
2025-05-23 17:00:00+01:00,4229.06
2025-05-23 17:30:00+01:00,4271.31
2025-05-23 18:00:00+01:00,4265.47
2025-05-23 18:30:00+01:00,4228.38
2025-05-23 19:00:00+01:00,4160.71
2025-05-23 19:30:00+01:00,4108.99
2025-05-23 20:00:00+01:00,4042.1
2025-05-23 20:30:00+01:00,3963.56
2025-05-23 21:00:00+01:00,3929.42
2025-05-23 21:30:00+01:00,3895.85
2025-05-23 22:00:00+01:00,3828.63
2025-05-23 22:30:00+01:00,3715.65
2025-05-23 23:00:00+01:00,3563.63
2025-05-23 23:30:00+01:00,3486.85
2025-05-24 00:00:00+01:00,3349.61
2025-05-24 00:30:00+01:00,3282.02
2025-05-24 01:00:00+01:00,3188.66
2025-05-24 01:30:00+01:00,3144.32
2025-05-24 02:00:00+01:00,3075.67
2025-05-24 02:30:00+01:00,3120.4
2025-05-24 03:00:00+01:00,3063.61
2025-05-24 03:30:00+01:00,3014.88
2025-05-24 04:00:00+01:00,3000.65
2025-05-24 04:30:00+01:00,2987.14
2025-05-24 05:00:00+01:00,2977.49
2025-05-24 05:30:00+01:00,2966.16
2025-05-24 06:00:00+01:00,2971.04
2025-05-24 06:30:00+01:00,3070.03
2025-05-24 07:00:00+01:00,3179.72
2025-05-24 07:30:00+01:00,3338.23
2025-05-24 08:00:00+01:00,3460.04
2025-05-24 08:30:00+01:00,3580.69
2025-05-24 09:00:00+01:00,3711.06
2025-05-24 09:30:00+01:00,3778.44
2025-05-24 10:00:00+01:00,3795.3
2025-05-24 10:30:00+01:00,3817.73
2025-05-24 11:00:00+01:00,3795.07
2025-05-24 11:30:00+01:00,3824.37
2025-05-24 12:00:00+01:00,3840.42
2025-05-24 12:30:00+01:00,3811.62
2025-05-24 13:00:00+01:00,3800.86
2025-05-24 13:30:00+01:00,3789.04
2025-05-24 14:00:00+01:00,3720.25
2025-05-24 14:30:00+01:00,3708.19
2025-05-24 15:00:00+01:00,3696.1
2025-05-24 15:30:00+01:00,3693.33
2025-05-24 16:00:00+01:00,3746.14
2025-05-24 16:30:00+01:00,3832.83
2025-05-24 17:00:00+01:00,3856.18
2025-05-24 17:30:00+01:00,3921.38
2025-05-24 18:00:00+01:00,3924.6
2025-05-24 18:30:00+01:00,3885.89
2025-05-24 19:00:00+01:00,3808.47
2025-05-24 19:30:00+01:00,3768.06
2025-05-24 20:00:00+01:00,3756.71
2025-05-24 20:30:00+01:00,3714.99
2025-05-24 21:00:00+01:00,3648.43
2025-05-24 21:30:00+01:00,3557.84
2025-05-24 22:00:00+01:00,3546.22
2025-05-24 22:30:00+01:00,3477.21
2025-05-24 23:00:00+01:00,3335.46
2025-05-24 23:30:00+01:00,3283.07
2025-05-25 00:00:00+01:00,3135.66
2025-05-25 00:30:00+01:00,3116.44
2025-05-25 01:00:00+01:00,3043.04
2025-05-25 01:30:00+01:00,3024.68
2025-05-25 02:00:00+01:00,2985.53
2025-05-25 02:30:00+01:00,3052.11
2025-05-25 03:00:00+01:00,2985.43
2025-05-25 03:30:00+01:00,2942.94
2025-05-25 04:00:00+01:00,2936.26
2025-05-25 04:30:00+01:00,2902.69
2025-05-25 05:00:00+01:00,2840.89
2025-05-25 05:30:00+01:00,2813.39
2025-05-25 06:00:00+01:00,2801.42
2025-05-25 06:30:00+01:00,2828.14
2025-05-25 07:00:00+01:00,2882.78
2025-05-25 07:30:00+01:00,2973.58
2025-05-25 08:00:00+01:00,3033.05
2025-05-25 08:30:00+01:00,3119.58
2025-05-25 09:00:00+01:00,3212.82
2025-05-25 09:30:00+01:00,3324.29
2025-05-25 10:00:00+01:00,3341.77
2025-05-25 10:30:00+01:00,3382.52
2025-05-25 11:00:00+01:00,3391.73
2025-05-25 11:30:00+01:00,3355.05
2025-05-25 12:00:00+01:00,3367.51
2025-05-25 12:30:00+01:00,3396.0
2025-05-25 13:00:00+01:00,3396.86
2025-05-25 13:30:00+01:00,3302.32
2025-05-25 14:00:00+01:00,3318.48
2025-05-25 14:30:00+01:00,3300.27
2025-05-25 15:00:00+01:00,3275.63
2025-05-25 15:30:00+01:00,3258.03
2025-05-25 16:00:00+01:00,3339.5
2025-05-25 16:30:00+01:00,3357.55
2025-05-25 17:00:00+01:00,3466.04
2025-05-25 17:30:00+01:00,3481.91
2025-05-25 18:00:00+01:00,3571.8
2025-05-25 18:30:00+01:00,3638.19
2025-05-25 19:00:00+01:00,3650.49
2025-05-25 19:30:00+01:00,3690.28
2025-05-25 20:00:00+01:00,3674.45
2025-05-25 20:30:00+01:00,3668.09
2025-05-25 21:00:00+01:00,3630.7
2025-05-25 21:30:00+01:00,3588.1
2025-05-25 22:00:00+01:00,3556.39
2025-05-25 22:30:00+01:00,3471.25
2025-05-25 23:00:00+01:00,3345.81
2025-05-25 23:30:00+01:00,3202.32
2025-05-26 00:00:00+01:00,3108.02
2025-05-26 00:30:00+01:00,3040.98
2025-05-26 01:00:00+01:00,3020.9
2025-05-26 01:30:00+01:00,2931.18
2025-05-26 02:00:00+01:00,2889.97
2025-05-26 02:30:00+01:00,2950.82
2025-05-26 03:00:00+01:00,2919.83
2025-05-26 03:30:00+01:00,2911.63
2025-05-26 04:00:00+01:00,2875.52
2025-05-26 04:30:00+01:00,2901.57
2025-05-26 05:00:00+01:00,2872.45
2025-05-26 05:30:00+01:00,2883.78
2025-05-26 06:00:00+01:00,3013.51
2025-05-26 06:30:00+01:00,3219.17
2025-05-26 07:00:00+01:00,3471.41
2025-05-26 07:30:00+01:00,3771.15
2025-05-26 08:00:00+01:00,3968.05
2025-05-26 08:30:00+01:00,4073.63
2025-05-26 09:00:00+01:00,4130.28
2025-05-26 09:30:00+01:00,4197.07
2025-05-26 10:00:00+01:00,4150.44
2025-05-26 10:30:00+01:00,4131.62
2025-05-26 11:00:00+01:00,4135.84
2025-05-26 11:30:00+01:00,4132.4
2025-05-26 12:00:00+01:00,4114.36
2025-05-26 12:30:00+01:00,4112.73
2025-05-26 13:00:00+01:00,4137.25
2025-05-26 13:30:00+01:00,4127.49
2025-05-26 14:00:00+01:00,4123.95
2025-05-26 14:30:00+01:00,4117.29
2025-05-26 15:00:00+01:00,4136.36
2025-05-26 15:30:00+01:00,4178.98
2025-05-26 16:00:00+01:00,4198.45
2025-05-26 16:30:00+01:00,4233.81
2025-05-26 17:00:00+01:00,4321.27
2025-05-26 17:30:00+01:00,4408.83
2025-05-26 18:00:00+01:00,4346.99
2025-05-26 18:30:00+01:00,4295.01
2025-05-26 19:00:00+01:00,4213.42
2025-05-26 19:30:00+01:00,4159.2
2025-05-26 20:00:00+01:00,4120.94
2025-05-26 20:30:00+01:00,4100.88
2025-05-26 21:00:00+01:00,4042.61
2025-05-26 21:30:00+01:00,3942.44
2025-05-26 22:00:00+01:00,3906.12
2025-05-26 22:30:00+01:00,3795.85
2025-05-26 23:00:00+01:00,3636.66
2025-05-26 23:30:00+01:00,3499.85
2025-05-27 00:00:00+01:00,3345.88
2025-05-27 00:30:00+01:00,3292.99
2025-05-27 01:00:00+01:00,3228.15
2025-05-27 01:30:00+01:00,3163.46
2025-05-27 02:00:00+01:00,3101.07
2025-05-27 02:30:00+01:00,3156.77
2025-05-27 03:00:00+01:00,3138.43
2025-05-27 03:30:00+01:00,3125.72
2025-05-27 04:00:00+01:00,3081.27
2025-05-27 04:30:00+01:00,3117.97
2025-05-27 05:00:00+01:00,3094.26
2025-05-27 05:30:00+01:00,3141.83
2025-05-27 06:00:00+01:00,3236.21
2025-05-27 06:30:00+01:00,3451.98
2025-05-27 07:00:00+01:00,3702.03
2025-05-27 07:30:00+01:00,3994.2
2025-05-27 08:00:00+01:00,4183.42
2025-05-27 08:30:00+01:00,4284.77
2025-05-27 09:00:00+01:00,4328.4
2025-05-27 09:30:00+01:00,4389.34
2025-05-27 10:00:00+01:00,4406.41
2025-05-27 10:30:00+01:00,4343.73
2025-05-27 11:00:00+01:00,4326.1
2025-05-27 11:30:00+01:00,4314.52
2025-05-27 12:00:00+01:00,4276.79
2025-05-27 12:30:00+01:00,4247.33
2025-05-27 13:00:00+01:00,4247.33
2025-05-27 13:30:00+01:00,4145.52
2025-05-27 14:00:00+01:00,4104.21
2025-05-27 14:30:00+01:00,4087.5
2025-05-27 15:00:00+01:00,4085.01
2025-05-27 15:30:00+01:00,4095.42
2025-05-27 16:00:00+01:00,4176.81
2025-05-27 16:30:00+01:00,4243.03
2025-05-27 17:00:00+01:00,4283.99
2025-05-27 17:30:00+01:00,4383.42
2025-05-27 18:00:00+01:00,4387.13
2025-05-27 18:30:00+01:00,4372.46
2025-05-27 19:00:00+01:00,4334.61
2025-05-27 19:30:00+01:00,4293.5
2025-05-27 20:00:00+01:00,4226.12
2025-05-27 20:30:00+01:00,4173.35
2025-05-27 21:00:00+01:00,4111.8
2025-05-27 21:30:00+01:00,4075.14
2025-05-27 22:00:00+01:00,3988.92
2025-05-27 22:30:00+01:00,3851.65
2025-05-27 23:00:00+01:00,3684.22
2025-05-27 23:30:00+01:00,3537.86
2025-05-28 00:00:00+01:00,3432.6
2025-05-28 00:30:00+01:00,3370.89
2025-05-28 01:00:00+01:00,3288.79
2025-05-28 01:30:00+01:00,3217.91
2025-05-28 02:00:00+01:00,3174.87
2025-05-28 02:30:00+01:00,3219.03
2025-05-28 03:00:00+01:00,3164.82
2025-05-28 03:30:00+01:00,3143.45
2025-05-28 04:00:00+01:00,3105.58
2025-05-28 04:30:00+01:00,3091.89
2025-05-28 05:00:00+01:00,3096.84
2025-05-28 05:30:00+01:00,3131.93
2025-05-28 06:00:00+01:00,3227.25
2025-05-28 06:30:00+01:00,3436.26
2025-05-28 07:00:00+01:00,3688.61
2025-05-28 07:30:00+01:00,3966.52
2025-05-28 08:00:00+01:00,4111.62
2025-05-28 08:30:00+01:00,4178.29
2025-05-28 09:00:00+01:00,4138.41
2025-05-28 09:30:00+01:00,4145.66
2025-05-28 11:00:00+01:00,3961.45
2025-05-28 11:30:00+01:00,3963.09
2025-05-28 12:00:00+01:00,3946.31
2025-05-28 12:30:00+01:00,3922.92
2025-05-28 13:00:00+01:00,3900.04
2025-05-28 13:30:00+01:00,3848.57
2025-05-28 15:00:00+01:00,3849.09
2025-05-28 15:30:00+01:00,3908.46
2025-05-28 16:00:00+01:00,3927.45
2025-05-28 16:30:00+01:00,4021.47
2025-05-28 17:00:00+01:00,4143.55
2025-05-28 17:30:00+01:00,4278.4
2025-05-28 18:00:00+01:00,4299.79
2025-05-28 18:30:00+01:00,4294.01
2025-05-28 19:00:00+01:00,4257.8
2025-05-28 19:30:00+01:00,4234.41
2025-05-28 21:00:00+01:00,4097.59
2025-05-28 21:30:00+01:00,4020.8
2025-05-28 22:00:00+01:00,3925.47
2025-05-28 22:30:00+01:00,3775.94
2025-05-28 23:00:00+01:00,3628.46
2025-05-28 23:30:00+01:00,3511.58
2025-05-29 00:00:00+01:00,3344.62
2025-05-29 00:30:00+01:00,3292.33
2025-05-29 01:00:00+01:00,3190.39
2025-05-29 01:30:00+01:00,3159.39
2025-05-29 02:00:00+01:00,3115.1
2025-05-29 02:30:00+01:00,3166.97
2025-05-29 03:00:00+01:00,3111.5
2025-05-29 03:30:00+01:00,3095.84
2025-05-29 04:00:00+01:00,3071.61
2025-05-29 04:30:00+01:00,3104.6
2025-05-29 05:00:00+01:00,3117.72
2025-05-29 05:30:00+01:00,3148.29
2025-05-29 06:00:00+01:00,3234.51
2025-05-29 06:30:00+01:00,3425.23
2025-05-29 07:00:00+01:00,3669.9
2025-05-29 07:30:00+01:00,3973.88
2025-05-29 08:00:00+01:00,4131.87
2025-05-29 08:30:00+01:00,4233.83
2025-05-29 09:00:00+01:00,4240.42
2025-05-29 09:30:00+01:00,4302.78
2025-05-29 10:00:00+01:00,4268.15
2025-05-29 10:30:00+01:00,4210.56
2025-05-29 11:00:00+01:00,4199.5
2025-05-29 11:30:00+01:00,4188.98
2025-05-29 12:00:00+01:00,4182.44
2025-05-29 12:30:00+01:00,4199.23
2025-05-29 13:00:00+01:00,4184.25
2025-05-29 13:30:00+01:00,4124.05
2025-05-29 14:00:00+01:00,4132.53
2025-05-29 14:30:00+01:00,4122.58
2025-05-29 15:00:00+01:00,4125.11
2025-05-29 15:30:00+01:00,4149.7
2025-05-29 16:00:00+01:00,4141.6
2025-05-29 16:30:00+01:00,4218.58
2025-05-29 17:00:00+01:00,4295.9
2025-05-29 17:30:00+01:00,4342.5
2025-05-29 18:00:00+01:00,4318.55
2025-05-29 18:30:00+01:00,4318.05
2025-05-29 19:00:00+01:00,4289.51
2025-05-29 19:30:00+01:00,4240.22
2025-05-29 20:00:00+01:00,4198.64
2025-05-29 20:30:00+01:00,4142.95
2025-05-29 21:00:00+01:00,4096.46
2025-05-29 21:30:00+01:00,4017.69
2025-05-29 22:00:00+01:00,3969.0
2025-05-29 22:30:00+01:00,3813.45
2025-05-29 23:00:00+01:00,3663.84
2025-05-29 23:30:00+01:00,3541.15
2025-05-30 00:00:00+01:00,3399.53
2025-05-30 00:30:00+01:00,3325.81
2025-05-30 01:00:00+01:00,3246.62
2025-05-30 01:30:00+01:00,3201.22
2025-05-30 02:00:00+01:00,3140.02
2025-05-30 02:30:00+01:00,3167.24
2025-05-30 03:00:00+01:00,3133.87
2025-05-30 03:30:00+01:00,3129.41
2025-05-30 04:00:00+01:00,3086.03
2025-05-30 04:30:00+01:00,3083.16
2025-05-30 05:00:00+01:00,3096.17
2025-05-30 05:30:00+01:00,3150.09
2025-05-30 06:00:00+01:00,3238.42
2025-05-30 06:30:00+01:00,3430.8
2025-05-30 07:00:00+01:00,3612.41
2025-05-30 07:30:00+01:00,3920.54
2025-05-30 08:00:00+01:00,4069.56
2025-05-30 08:30:00+01:00,4150.3
2025-05-30 09:00:00+01:00,4153.69
2025-05-30 09:30:00+01:00,4161.52
2025-05-30 10:00:00+01:00,4106.12
2025-05-30 10:30:00+01:00,4052.74
2025-05-30 11:00:00+01:00,4017.16
2025-05-30 11:30:00+01:00,3976.2
2025-05-30 12:00:00+01:00,3909.53
2025-05-30 12:30:00+01:00,3899.36
2025-05-30 13:00:00+01:00,3890.54
2025-05-30 13:30:00+01:00,3823.49
2025-05-30 14:00:00+01:00,3799.38
2025-05-30 14:30:00+01:00,3782.64
2025-05-30 15:00:00+01:00,3739.14
2025-05-30 15:30:00+01:00,3743.1
2025-05-30 16:00:00+01:00,3740.41
2025-05-30 16:30:00+01:00,3778.72
2025-05-30 17:00:00+01:00,3842.01
2025-05-30 17:30:00+01:00,3949.23
2025-05-30 18:00:00+01:00,3973.4
2025-05-30 18:30:00+01:00,4000.07
2025-05-30 19:00:00+01:00,3984.79
2025-05-30 19:30:00+01:00,3981.8
2025-05-30 20:00:00+01:00,3973.24
2025-05-30 20:30:00+01:00,3963.16
2025-05-30 21:00:00+01:00,3925.45
2025-05-30 21:30:00+01:00,3877.43
2025-05-30 22:00:00+01:00,3839.23
2025-05-30 22:30:00+01:00,3744.66
2025-05-30 23:00:00+01:00,3610.67
2025-05-30 23:30:00+01:00,3515.15
2025-05-31 00:00:00+01:00,3377.94
2025-05-31 00:30:00+01:00,3341.86
2025-05-31 01:00:00+01:00,3221.7
2025-05-31 01:30:00+01:00,3165.95
2025-05-31 02:00:00+01:00,3093.33
2025-05-31 02:30:00+01:00,3154.44
2025-05-31 03:00:00+01:00,3103.52
2025-05-31 03:30:00+01:00,3053.4
2025-05-31 04:00:00+01:00,3030.44
2025-05-31 04:30:00+01:00,3047.42
2025-05-31 05:00:00+01:00,3025.53
2025-05-31 05:30:00+01:00,3002.86
2025-05-31 06:00:00+01:00,2994.51
2025-05-31 06:30:00+01:00,3082.8
2025-05-31 07:00:00+01:00,3148.69
2025-05-31 07:30:00+01:00,3296.36
2025-05-31 08:00:00+01:00,3429.45
2025-05-31 08:30:00+01:00,3553.38
2025-05-31 09:00:00+01:00,3616.15
2025-05-31 09:30:00+01:00,3652.33
2025-05-31 10:00:00+01:00,3650.67
2025-05-31 10:30:00+01:00,3659.82
2025-05-31 11:00:00+01:00,3645.92
2025-05-31 11:30:00+01:00,3672.14
2025-05-31 12:00:00+01:00,3685.06
2025-05-31 12:30:00+01:00,3694.69
2025-05-31 13:00:00+01:00,3650.11
2025-05-31 13:30:00+01:00,3563.13
2025-05-31 14:00:00+01:00,3470.06
2025-05-31 14:30:00+01:00,3417.22
2025-05-31 15:00:00+01:00,3338.78
2025-05-31 15:30:00+01:00,3406.69
2025-05-31 16:00:00+01:00,3354.18
2025-05-31 16:30:00+01:00,3431.85
2025-05-31 17:00:00+01:00,3508.61
2025-05-31 17:30:00+01:00,3594.36
2025-05-31 18:00:00+01:00,3644.13
2025-05-31 18:30:00+01:00,3649.49
2025-05-31 19:00:00+01:00,3659.36
2025-05-31 19:30:00+01:00,3668.19
2025-05-31 20:00:00+01:00,3627.72
2025-05-31 20:30:00+01:00,3573.74
2025-05-31 21:00:00+01:00,3595.39
2025-05-31 21:30:00+01:00,3490.01
2025-05-31 22:00:00+01:00,3502.76
2025-05-31 22:30:00+01:00,3454.9
2025-05-31 23:00:00+01:00,3331.99
2025-05-31 23:30:00+01:00,3265.04
2025-06-01 00:00:00+01:00,3175.25
2025-06-01 00:30:00+01:00,3138.75
2025-06-01 01:00:00+01:00,3063.45
2025-06-01 01:30:00+01:00,3010.32
2025-06-01 02:00:00+01:00,2966.72
2025-06-01 02:30:00+01:00,2997.23
2025-06-01 03:00:00+01:00,2954.89
2025-06-01 03:30:00+01:00,2920.69
2025-06-01 04:00:00+01:00,2891.58
2025-06-01 04:30:00+01:00,2892.34
2025-06-01 05:00:00+01:00,2818.55
2025-06-01 05:30:00+01:00,2781.9
2025-06-01 06:00:00+01:00,2789.79
2025-06-01 06:30:00+01:00,2877.04
2025-06-01 07:00:00+01:00,2943.04
2025-06-01 07:30:00+01:00,3029.13
2025-06-01 08:00:00+01:00,3127.62
2025-06-01 08:30:00+01:00,3216.51
2025-06-01 09:00:00+01:00,3296.08
2025-06-01 09:30:00+01:00,3373.82
2025-06-01 10:00:00+01:00,3383.64
2025-06-01 10:30:00+01:00,3388.59
2025-06-01 11:00:00+01:00,3349.41
2025-06-01 11:30:00+01:00,3382.89
2025-06-01 12:00:00+01:00,3341.47
2025-06-01 12:30:00+01:00,3326.74
2025-06-01 13:00:00+01:00,3309.07
2025-06-01 13:30:00+01:00,3267.8
2025-06-01 14:00:00+01:00,3298.3
2025-06-01 14:30:00+01:00,3203.09
2025-06-01 15:00:00+01:00,3212.01
2025-06-01 15:30:00+01:00,3155.42
2025-06-01 16:00:00+01:00,3156.82
2025-06-01 16:30:00+01:00,3226.75
2025-06-01 17:00:00+01:00,3271.76
2025-06-01 17:30:00+01:00,3347.13
2025-06-01 18:00:00+01:00,3422.51
2025-06-01 18:30:00+01:00,3433.01
2025-06-01 19:00:00+01:00,3471.0
2025-06-01 19:30:00+01:00,3478.54
2025-06-01 20:00:00+01:00,3455.15
2025-06-01 20:30:00+01:00,3458.74
2025-06-01 21:00:00+01:00,3428.67
2025-06-01 21:30:00+01:00,3419.5
2025-06-01 22:00:00+01:00,3406.08
2025-06-01 22:30:00+01:00,3369.96
2025-06-01 23:00:00+01:00,3290.35
2025-06-01 23:30:00+01:00,3213.5
2025-06-02 00:00:00+01:00,3154.01
2025-06-02 00:30:00+01:00,3111.17
2025-06-02 01:00:00+01:00,3029.21
2025-06-02 01:30:00+01:00,2980.71
2025-06-02 02:00:00+01:00,2950.2
2025-06-02 02:30:00+01:00,2986.79
2025-06-02 03:00:00+01:00,2934.95
2025-06-02 03:30:00+01:00,2921.79
2025-06-02 04:00:00+01:00,2884.02
2025-06-02 04:30:00+01:00,2882.83
2025-06-02 05:00:00+01:00,2833.43
2025-06-02 05:30:00+01:00,2829.02
2025-06-02 06:00:00+01:00,2865.92
2025-06-02 06:30:00+01:00,2912.36
2025-06-02 07:00:00+01:00,2972.82
2025-06-02 07:30:00+01:00,3067.97
2025-06-02 08:00:00+01:00,3124.26
2025-06-02 08:30:00+01:00,3177.41
2025-06-02 09:00:00+01:00,3252.28
2025-06-02 09:30:00+01:00,3297.53
2025-06-02 10:00:00+01:00,3321.8
2025-06-02 10:30:00+01:00,3327.81
2025-06-02 11:00:00+01:00,3317.54
2025-06-02 11:30:00+01:00,3318.26
2025-06-02 12:00:00+01:00,3319.04
2025-06-02 12:30:00+01:00,3326.89
2025-06-02 13:00:00+01:00,3313.3
2025-06-02 13:30:00+01:00,3302.81
2025-06-02 14:00:00+01:00,3277.18
2025-06-02 14:30:00+01:00,3290.57
2025-06-02 15:00:00+01:00,3291.31
2025-06-02 15:30:00+01:00,3366.2
2025-06-02 16:00:00+01:00,3425.0
2025-06-02 16:30:00+01:00,3562.75
2025-06-02 17:00:00+01:00,3700.1
2025-06-02 17:30:00+01:00,3849.46
2025-06-02 18:00:00+01:00,3955.53
2025-06-02 18:30:00+01:00,3940.25
2025-06-02 19:00:00+01:00,3898.5
2025-06-02 19:30:00+01:00,3883.29
2025-06-02 20:00:00+01:00,3850.95
2025-06-02 20:30:00+01:00,3802.2
2025-06-02 21:00:00+01:00,3768.92
2025-06-02 21:30:00+01:00,3675.26
2025-06-02 22:00:00+01:00,3591.02
2025-06-02 22:30:00+01:00,3446.91
2025-06-02 23:00:00+01:00,3326.2
2025-06-02 23:30:00+01:00,3235.4
2025-06-03 00:00:00+01:00,3113.34
2025-06-03 00:30:00+01:00,3069.09
2025-06-03 01:00:00+01:00,3002.33
2025-06-03 01:30:00+01:00,2949.34
2025-06-03 02:00:00+01:00,2942.04
2025-06-03 02:30:00+01:00,3010.47
2025-06-03 03:00:00+01:00,2950.47
2025-06-03 03:30:00+01:00,2934.96
2025-06-03 04:00:00+01:00,2884.25
2025-06-03 04:30:00+01:00,2879.71
2025-06-03 05:00:00+01:00,2856.35
2025-06-03 05:30:00+01:00,2851.64
2025-06-03 06:00:00+01:00,2966.17
2025-06-03 06:30:00+01:00,3168.58
2025-06-03 07:00:00+01:00,3379.05
2025-06-03 07:30:00+01:00,3608.31
2025-06-03 08:00:00+01:00,3770.46
2025-06-03 08:30:00+01:00,3914.63
2025-06-03 10:00:00+01:00,3945.08
2025-06-03 10:30:00+01:00,3974.38
2025-06-03 11:00:00+01:00,4013.04
2025-06-03 11:30:00+01:00,3993.45
2025-06-03 12:00:00+01:00,3894.92
2025-06-03 12:30:00+01:00,3933.95
2025-06-03 13:00:00+01:00,3906.66
2025-06-03 13:30:00+01:00,3818.18
2025-06-03 14:00:00+01:00,3796.13
2025-06-03 14:30:00+01:00,3788.07
2025-06-03 15:00:00+01:00,3845.49
2025-06-03 15:30:00+01:00,3773.69
2025-06-03 16:00:00+01:00,3840.32
2025-06-03 16:30:00+01:00,3887.93
2025-06-03 17:00:00+01:00,3955.02
2025-06-03 17:30:00+01:00,4079.31
2025-06-03 18:00:00+01:00,4120.35
2025-06-03 18:30:00+01:00,4131.66
2025-06-03 19:00:00+01:00,4085.85
2025-06-03 19:30:00+01:00,4038.82
2025-06-03 20:00:00+01:00,4032.27
2025-06-03 20:30:00+01:00,4009.59
2025-06-03 21:00:00+01:00,3967.06
2025-06-03 21:30:00+01:00,3930.63
2025-06-03 22:00:00+01:00,3868.85
2025-06-03 22:30:00+01:00,3771.76
2025-06-03 23:00:00+01:00,3608.96
2025-06-03 23:30:00+01:00,3499.17
2025-06-04 00:00:00+01:00,3359.12
2025-06-04 00:30:00+01:00,3281.49
2025-06-04 01:00:00+01:00,3186.54
2025-06-04 01:30:00+01:00,3128.16
2025-06-04 02:00:00+01:00,3094.79
2025-06-04 02:30:00+01:00,3123.46
2025-06-04 03:00:00+01:00,3082.98
2025-06-04 03:30:00+01:00,3086.9
2025-06-04 04:00:00+01:00,3055.06
2025-06-04 04:30:00+01:00,3056.18
2025-06-04 05:00:00+01:00,3043.26
2025-06-04 05:30:00+01:00,3063.63
2025-06-04 06:00:00+01:00,3175.86
2025-06-04 06:30:00+01:00,3345.46
2025-06-04 07:00:00+01:00,3553.86
2025-06-04 07:30:00+01:00,3784.43
2025-06-04 08:00:00+01:00,3975.23
2025-06-04 08:30:00+01:00,4036.01
2025-06-04 09:00:00+01:00,3993.68
2025-06-04 09:30:00+01:00,3926.6
2025-06-04 10:00:00+01:00,3856.26
2025-06-04 10:30:00+01:00,3823.34
2025-06-04 11:00:00+01:00,3827.75
2025-06-04 11:30:00+01:00,3826.63
2025-06-04 12:00:00+01:00,3856.63
2025-06-04 12:30:00+01:00,3885.38
2025-06-04 13:00:00+01:00,3947.7
2025-06-04 13:30:00+01:00,3927.12
2025-06-04 14:00:00+01:00,3924.33
2025-06-04 14:30:00+01:00,3916.97
2025-06-04 15:00:00+01:00,3946.28
2025-06-04 15:30:00+01:00,3961.25
2025-06-04 16:00:00+01:00,3978.79
2025-06-04 16:30:00+01:00,4033.96
2025-06-04 17:00:00+01:00,4122.76
2025-06-04 17:30:00+01:00,4177.96
2025-06-04 18:00:00+01:00,4225.58
2025-06-04 18:30:00+01:00,4237.08
2025-06-04 19:00:00+01:00,4178.08
2025-06-04 19:30:00+01:00,4179.67
2025-06-04 20:00:00+01:00,4161.31
2025-06-04 20:30:00+01:00,4130.01
2025-06-04 21:00:00+01:00,4030.21
2025-06-04 21:30:00+01:00,3958.46
2025-06-04 22:00:00+01:00,3904.89
2025-06-04 22:30:00+01:00,3818.09
2025-06-04 23:00:00+01:00,3653.95
2025-06-04 23:30:00+01:00,3530.64
2025-06-05 00:00:00+01:00,3391.36
2025-06-05 00:30:00+01:00,3339.62
2025-06-05 01:00:00+01:00,3245.17
2025-06-05 01:30:00+01:00,3189.17
2025-06-05 02:00:00+01:00,3148.14
2025-06-05 02:30:00+01:00,3209.21
2025-06-05 03:00:00+01:00,3148.93
2025-06-05 03:30:00+01:00,3138.36
2025-06-05 04:00:00+01:00,3110.48
2025-06-05 04:30:00+01:00,3121.61
2025-06-05 05:00:00+01:00,3105.35
2025-06-05 05:30:00+01:00,3124.6
2025-06-05 06:00:00+01:00,3218.59
2025-06-05 06:30:00+01:00,3397.08
2025-06-05 07:00:00+01:00,3633.78
2025-06-05 07:30:00+01:00,3899.2
2025-06-05 08:00:00+01:00,4055.82
2025-06-05 08:30:00+01:00,4141.62
2025-06-05 09:00:00+01:00,4121.79
2025-06-05 09:30:00+01:00,4122.99
2025-06-05 10:00:00+01:00,4055.32
2025-06-05 10:30:00+01:00,4008.65
2025-06-05 11:00:00+01:00,3971.63
2025-06-05 11:30:00+01:00,3965.45
2025-06-05 12:00:00+01:00,3911.05
2025-06-05 12:30:00+01:00,3918.55
2025-06-05 13:00:00+01:00,3895.54
2025-06-05 13:30:00+01:00,3872.37
2025-06-05 14:00:00+01:00,3813.38
2025-06-05 14:30:00+01:00,3847.86
2025-06-05 15:00:00+01:00,3860.23
2025-06-05 15:30:00+01:00,3876.8
2025-06-05 16:00:00+01:00,3926.25
2025-06-05 16:30:00+01:00,3942.62
2025-06-05 17:00:00+01:00,4021.14
2025-06-05 17:30:00+01:00,4150.7
2025-06-05 18:00:00+01:00,4220.78
2025-06-05 18:30:00+01:00,4195.4
2025-06-05 19:00:00+01:00,4132.23
2025-06-05 19:30:00+01:00,4142.95
2025-06-05 20:00:00+01:00,4120.89
2025-06-05 20:30:00+01:00,4084.79
2025-06-05 21:00:00+01:00,4036.79
2025-06-05 21:30:00+01:00,3967.75
2025-06-05 22:00:00+01:00,3910.48
2025-06-05 22:30:00+01:00,3805.9
2025-06-05 23:00:00+01:00,3649.68
2025-06-05 23:30:00+01:00,3530.19
2025-06-06 00:00:00+01:00,3399.11
2025-06-06 00:30:00+01:00,3347.11
2025-06-06 01:00:00+01:00,3261.04
2025-06-06 01:30:00+01:00,3221.73
2025-06-06 02:00:00+01:00,3139.33
2025-06-06 02:30:00+01:00,3189.7
2025-06-06 03:00:00+01:00,3145.54
2025-06-06 03:30:00+01:00,3115.62
2025-06-06 04:00:00+01:00,3080.04
2025-06-06 04:30:00+01:00,3064.5
2025-06-06 05:00:00+01:00,3053.41
2025-06-06 05:30:00+01:00,3071.93
2025-06-06 06:00:00+01:00,3191.41
2025-06-06 06:30:00+01:00,3371.06
2025-06-06 07:00:00+01:00,3574.13
2025-06-06 07:30:00+01:00,3834.59
2025-06-06 08:00:00+01:00,3990.7
2025-06-06 08:30:00+01:00,4074.85
2025-06-06 09:00:00+01:00,4058.25
2025-06-06 09:30:00+01:00,4066.58
2025-06-06 10:00:00+01:00,4029.45
2025-06-06 10:30:00+01:00,3977.78
2025-06-06 11:00:00+01:00,3974.79
2025-06-06 11:30:00+01:00,3907.39
2025-06-06 12:00:00+01:00,3918.66
2025-06-06 12:30:00+01:00,3942.56
2025-06-06 13:00:00+01:00,3897.06
2025-06-06 13:30:00+01:00,3827.74
2025-06-06 14:00:00+01:00,3847.8
2025-06-06 14:30:00+01:00,3818.83
2025-06-06 15:00:00+01:00,3849.46
2025-06-06 15:30:00+01:00,3938.25
2025-06-06 16:00:00+01:00,3952.17
2025-06-06 16:30:00+01:00,3947.01
2025-06-06 17:00:00+01:00,4034.47
2025-06-06 17:30:00+01:00,4128.82
2025-06-06 18:00:00+01:00,4164.66
2025-06-06 18:30:00+01:00,4121.13
2025-06-06 19:00:00+01:00,4091.96
2025-06-06 19:30:00+01:00,4070.5
2025-06-06 20:00:00+01:00,4027.27
2025-06-06 20:30:00+01:00,3973.91
2025-06-06 21:00:00+01:00,3914.51
2025-06-06 21:30:00+01:00,3866.38
2025-06-06 22:00:00+01:00,3820.35
2025-06-06 22:30:00+01:00,3764.01
2025-06-06 23:00:00+01:00,3630.67
2025-06-06 23:30:00+01:00,3545.17
2025-06-07 00:00:00+01:00,3425.69
2025-06-07 00:30:00+01:00,3371.52
2025-06-07 01:00:00+01:00,3287.24
2025-06-07 01:30:00+01:00,3216.27
2025-06-07 02:00:00+01:00,3164.91
2025-06-07 02:30:00+01:00,3219.96
2025-06-07 03:00:00+01:00,3164.43
2025-06-07 03:30:00+01:00,3142.07
2025-06-07 04:00:00+01:00,3096.13
2025-06-07 04:30:00+01:00,3096.15
2025-06-07 05:00:00+01:00,3051.14
2025-06-07 05:30:00+01:00,3034.4
2025-06-07 06:00:00+01:00,3070.46
2025-06-07 06:30:00+01:00,3136.6
2025-06-07 07:00:00+01:00,3242.85
2025-06-07 07:30:00+01:00,3381.4
2025-06-07 08:00:00+01:00,3488.36
2025-06-07 08:30:00+01:00,3634.82
2025-06-07 09:00:00+01:00,3720.37
2025-06-07 09:30:00+01:00,3783.43
2025-06-07 10:00:00+01:00,3775.74
2025-06-07 10:30:00+01:00,3779.42
2025-06-07 11:00:00+01:00,3765.57
2025-06-07 11:30:00+01:00,3741.22
2025-06-07 12:00:00+01:00,3720.28
2025-06-07 12:30:00+01:00,3709.22
2025-06-07 13:00:00+01:00,3666.18
2025-06-07 13:30:00+01:00,3576.23
2025-06-07 14:00:00+01:00,3485.48
2025-06-07 14:30:00+01:00,3470.87
2025-06-07 15:00:00+01:00,3435.58
2025-06-07 15:30:00+01:00,3383.92
2025-06-07 16:00:00+01:00,3440.37
2025-06-07 16:30:00+01:00,3525.75
2025-06-07 17:00:00+01:00,3567.53
2025-06-07 17:30:00+01:00,3729.96
2025-06-07 18:00:00+01:00,3736.81
2025-06-07 18:30:00+01:00,3698.16
2025-06-07 19:00:00+01:00,3699.15
2025-06-07 19:30:00+01:00,3688.27
2025-06-07 20:00:00+01:00,3647.76
2025-06-07 20:30:00+01:00,3609.07
2025-06-07 21:00:00+01:00,3607.6
2025-06-07 21:30:00+01:00,3597.78
2025-06-07 22:00:00+01:00,3586.68
2025-06-07 22:30:00+01:00,3542.35
2025-06-07 23:00:00+01:00,3431.7
2025-06-07 23:30:00+01:00,3354.75
2025-06-08 00:00:00+01:00,3280.52
2025-06-08 00:30:00+01:00,3233.17
2025-06-08 01:00:00+01:00,3156.11
2025-06-08 01:30:00+01:00,3103.06
2025-06-08 02:00:00+01:00,3051.25
2025-06-08 02:30:00+01:00,3055.19
2025-06-08 03:00:00+01:00,2998.45
2025-06-08 03:30:00+01:00,2983.72
2025-06-08 04:00:00+01:00,2937.32
2025-06-08 04:30:00+01:00,2925.16
2025-06-08 05:00:00+01:00,2901.12
2025-06-08 05:30:00+01:00,2867.95
2025-06-08 06:00:00+01:00,2886.05
2025-06-08 06:30:00+01:00,2918.16
2025-06-08 07:00:00+01:00,2972.51
2025-06-08 07:30:00+01:00,3083.96
2025-06-08 08:00:00+01:00,3171.85
2025-06-08 08:30:00+01:00,3285.7
2025-06-08 09:00:00+01:00,3394.03
2025-06-08 09:30:00+01:00,3484.73
2025-06-08 10:00:00+01:00,3528.67
2025-06-08 10:30:00+01:00,3559.56
2025-06-08 11:00:00+01:00,3618.02
2025-06-08 11:30:00+01:00,3671.89
2025-06-08 12:00:00+01:00,3693.65
2025-06-08 12:30:00+01:00,3693.32
2025-06-08 13:00:00+01:00,3720.06
2025-06-08 13:30:00+01:00,3672.03
2025-06-08 14:00:00+01:00,3664.56
2025-06-08 14:30:00+01:00,3637.06
2025-06-08 15:00:00+01:00,3651.96
2025-06-08 15:30:00+01:00,3641.82
2025-06-08 16:00:00+01:00,3675.53
2025-06-08 16:30:00+01:00,3703.51
2025-06-08 17:00:00+01:00,3826.76
2025-06-08 17:30:00+01:00,3870.77
2025-06-08 18:00:00+01:00,3945.48
2025-06-08 18:30:00+01:00,3948.79
2025-06-08 19:00:00+01:00,3939.54
2025-06-08 19:30:00+01:00,3891.5
2025-06-08 20:00:00+01:00,3858.37
2025-06-08 20:30:00+01:00,3823.02
2025-06-08 21:00:00+01:00,3781.7
2025-06-08 21:30:00+01:00,3681.57
2025-06-08 22:00:00+01:00,3632.08
2025-06-08 22:30:00+01:00,3563.73
2025-06-08 23:00:00+01:00,3422.77
2025-06-08 23:30:00+01:00,3322.83
2025-06-09 00:00:00+01:00,3226.1
2025-06-09 00:30:00+01:00,3180.48
2025-06-09 01:00:00+01:00,3097.11
2025-06-09 01:30:00+01:00,3048.04
2025-06-09 02:00:00+01:00,3000.84
2025-06-09 02:30:00+01:00,3054.4
2025-06-09 03:00:00+01:00,3022.51
2025-06-09 03:30:00+01:00,3017.56
2025-06-09 04:00:00+01:00,2991.06
2025-06-09 04:30:00+01:00,2992.93
2025-06-09 05:00:00+01:00,2984.62
2025-06-09 05:30:00+01:00,3008.26
2025-06-09 06:00:00+01:00,3097.57
2025-06-09 06:30:00+01:00,3285.31
2025-06-09 07:00:00+01:00,3525.82
2025-06-09 07:30:00+01:00,3844.42
2025-06-09 08:00:00+01:00,4050.44
2025-06-09 08:30:00+01:00,4139.83
2025-06-09 09:00:00+01:00,4179.85
2025-06-09 09:30:00+01:00,4200.79
2025-06-09 10:00:00+01:00,4177.44
2025-06-09 10:30:00+01:00,4190.6
2025-06-09 11:00:00+01:00,4230.93
2025-06-09 11:30:00+01:00,4233.07
2025-06-09 12:00:00+01:00,4203.21
2025-06-09 12:30:00+01:00,4231.73
2025-06-09 13:00:00+01:00,4218.63
2025-06-09 13:30:00+01:00,4176.88
2025-06-09 14:00:00+01:00,4190.69
2025-06-09 14:30:00+01:00,4200.71
2025-06-09 15:00:00+01:00,4239.91
2025-06-09 15:30:00+01:00,4260.95
2025-06-09 16:00:00+01:00,4255.58
2025-06-09 16:30:00+01:00,4259.15
2025-06-09 17:00:00+01:00,4332.81
2025-06-09 17:30:00+01:00,4392.88
2025-06-09 18:00:00+01:00,4376.96
2025-06-09 18:30:00+01:00,4315.43
2025-06-09 19:00:00+01:00,4267.35
2025-06-09 19:30:00+01:00,4232.87
2025-06-09 20:00:00+01:00,4187.53
2025-06-09 20:30:00+01:00,4147.33
2025-06-09 21:00:00+01:00,4124.57
2025-06-09 21:30:00+01:00,3971.37
2025-06-09 22:00:00+01:00,3908.49
2025-06-09 22:30:00+01:00,3793.69
2025-06-09 23:00:00+01:00,3625.02
2025-06-09 23:30:00+01:00,3533.55
2025-06-10 00:00:00+01:00,3361.06
2025-06-10 00:30:00+01:00,3318.13
2025-06-10 01:00:00+01:00,3222.19
2025-06-10 01:30:00+01:00,3189.28
2025-06-10 02:00:00+01:00,3164.05
2025-06-10 02:30:00+01:00,3248.64
2025-06-10 03:00:00+01:00,3217.68
2025-06-10 03:30:00+01:00,3189.48
2025-06-10 04:00:00+01:00,3151.31
2025-06-10 04:30:00+01:00,3149.33
2025-06-10 05:00:00+01:00,3113.31
2025-06-10 05:30:00+01:00,3150.61
2025-06-10 06:00:00+01:00,3247.84
2025-06-10 06:30:00+01:00,3456.57
2025-06-10 07:00:00+01:00,3685.17
2025-06-10 07:30:00+01:00,3959.86
2025-06-10 08:00:00+01:00,4117.43
2025-06-10 08:30:00+01:00,4202.63
2025-06-10 09:00:00+01:00,4206.55
2025-06-10 09:30:00+01:00,4222.84
2025-06-10 10:00:00+01:00,4176.72
2025-06-10 10:30:00+01:00,4124.29
2025-06-10 11:00:00+01:00,4133.02
2025-06-10 11:30:00+01:00,4083.76
2025-06-10 12:00:00+01:00,4017.11
2025-06-10 12:30:00+01:00,4007.36
2025-06-10 13:00:00+01:00,3979.61
2025-06-10 13:30:00+01:00,3902.58
2025-06-10 14:00:00+01:00,3880.25
2025-06-10 14:30:00+01:00,3857.98
2025-06-10 15:00:00+01:00,3858.21
2025-06-10 15:30:00+01:00,3876.55
2025-06-10 16:00:00+01:00,3900.52
2025-06-10 16:30:00+01:00,3982.96
2025-06-10 17:00:00+01:00,4074.03
2025-06-10 17:30:00+01:00,4176.25
2025-06-10 18:00:00+01:00,4202.32
2025-06-10 18:30:00+01:00,4189.84
2025-06-10 19:00:00+01:00,4161.25
2025-06-10 19:30:00+01:00,4159.13
2025-06-10 20:00:00+01:00,4136.04
2025-06-10 20:30:00+01:00,4106.96
2025-06-10 21:00:00+01:00,4078.77
2025-06-10 21:30:00+01:00,3994.14
2025-06-10 22:00:00+01:00,3907.39
2025-06-10 22:30:00+01:00,3857.09
2025-06-10 23:00:00+01:00,3695.6
2025-06-10 23:30:00+01:00,3568.35
2025-06-11 00:00:00+01:00,3434.25
2025-06-11 00:30:00+01:00,3367.6
2025-06-11 01:00:00+01:00,3273.3
2025-06-11 01:30:00+01:00,3194.66
2025-06-11 02:00:00+01:00,3148.13
2025-06-11 02:30:00+01:00,3214.77
2025-06-11 03:00:00+01:00,3178.55
2025-06-11 03:30:00+01:00,3132.92
2025-06-11 04:00:00+01:00,3112.77
2025-06-11 04:30:00+01:00,3093.18
2025-06-11 05:00:00+01:00,3078.21
2025-06-11 05:30:00+01:00,3090.22
2025-06-11 06:00:00+01:00,3193.35
2025-06-11 06:30:00+01:00,3378.79
2025-06-11 07:00:00+01:00,3606.1
2025-06-11 07:30:00+01:00,3882.41
2025-06-11 08:00:00+01:00,4061.23
2025-06-11 08:30:00+01:00,4167.77
2025-06-11 09:00:00+01:00,4152.05
2025-06-11 09:30:00+01:00,4153.09
2025-06-11 10:00:00+01:00,4084.01
2025-06-11 10:30:00+01:00,4020.67
2025-06-11 11:00:00+01:00,4021.96
2025-06-11 11:30:00+01:00,3968.55
2025-06-11 12:00:00+01:00,3939.02
2025-06-11 12:30:00+01:00,3955.5
2025-06-11 13:00:00+01:00,3951.46
2025-06-11 13:30:00+01:00,3908.2
2025-06-11 14:00:00+01:00,3904.4
2025-06-11 14:30:00+01:00,3907.57
2025-06-11 15:00:00+01:00,3905.43
2025-06-11 15:30:00+01:00,3966.89
2025-06-11 16:00:00+01:00,4035.92
2025-06-11 16:30:00+01:00,4121.67
2025-06-11 17:00:00+01:00,4201.45
2025-06-11 17:30:00+01:00,4238.01
2025-06-11 18:00:00+01:00,4259.62
2025-06-11 18:30:00+01:00,4236.5
2025-06-11 19:00:00+01:00,4197.95
2025-06-11 19:30:00+01:00,4168.9
2025-06-11 20:00:00+01:00,4153.56
2025-06-11 20:30:00+01:00,4125.09
2025-06-11 21:00:00+01:00,4063.57
2025-06-11 21:30:00+01:00,3961.81
2025-06-11 22:00:00+01:00,3894.31
2025-06-11 22:30:00+01:00,3774.69
2025-06-11 23:00:00+01:00,3632.56
2025-06-11 23:30:00+01:00,3529.66
2025-06-12 00:00:00+01:00,3399.15
2025-06-12 00:30:00+01:00,3337.17
2025-06-12 01:00:00+01:00,3247.35
2025-06-12 01:30:00+01:00,3203.23
2025-06-12 02:00:00+01:00,3142.83
2025-06-12 02:30:00+01:00,3202.76
2025-06-12 03:00:00+01:00,3140.43
2025-06-12 03:30:00+01:00,3132.62
2025-06-12 04:00:00+01:00,3117.71
2025-06-12 04:30:00+01:00,3103.51
2025-06-12 05:00:00+01:00,3099.4
2025-06-12 05:30:00+01:00,3117.0
2025-06-12 06:00:00+01:00,3211.23
2025-06-12 06:30:00+01:00,3436.58
2025-06-12 07:00:00+01:00,3656.51
2025-06-12 07:30:00+01:00,3932.83
2025-06-12 08:00:00+01:00,4115.05
2025-06-12 08:30:00+01:00,4256.43
2025-06-12 09:00:00+01:00,4284.91
2025-06-12 09:30:00+01:00,4333.8
2025-06-12 10:00:00+01:00,4328.07
2025-06-12 10:30:00+01:00,4333.28
2025-06-12 11:00:00+01:00,4359.11
2025-06-12 11:30:00+01:00,4361.79
2025-06-12 12:00:00+01:00,4375.39
2025-06-12 12:30:00+01:00,4429.63
2025-06-12 13:00:00+01:00,4423.15
2025-06-12 13:30:00+01:00,4372.41
2025-06-12 14:00:00+01:00,4328.25
2025-06-12 14:30:00+01:00,4320.92
2025-06-12 15:00:00+01:00,4347.63
2025-06-12 15:30:00+01:00,4407.87
2025-06-12 16:00:00+01:00,4410.12
2025-06-12 16:30:00+01:00,4461.12
2025-06-12 17:00:00+01:00,4507.32
2025-06-12 17:30:00+01:00,4551.4
2025-06-12 18:00:00+01:00,4544.78
2025-06-12 18:30:00+01:00,4502.54
2025-06-12 19:00:00+01:00,4431.99
2025-06-12 19:30:00+01:00,4376.56
2025-06-12 20:00:00+01:00,4262.86
2025-06-12 20:30:00+01:00,4208.13
2025-06-12 21:00:00+01:00,4119.02
2025-06-12 21:30:00+01:00,4021.9
2025-06-12 22:00:00+01:00,3913.28
2025-06-12 22:30:00+01:00,3825.15
2025-06-12 23:00:00+01:00,3646.46
2025-06-12 23:30:00+01:00,3552.07
2025-06-13 00:00:00+01:00,3407.77
2025-06-13 00:30:00+01:00,3374.23
2025-06-13 01:00:00+01:00,3311.25
2025-06-13 01:30:00+01:00,3264.83
2025-06-13 02:00:00+01:00,3219.34
2025-06-13 02:30:00+01:00,3268.96
2025-06-13 03:00:00+01:00,3220.63
2025-06-13 03:30:00+01:00,3174.91
2025-06-13 04:00:00+01:00,3143.95
2025-06-13 04:30:00+01:00,3139.05
2025-06-13 05:00:00+01:00,3128.25
2025-06-13 05:30:00+01:00,3125.86
2025-06-13 06:00:00+01:00,3210.43
2025-06-13 06:30:00+01:00,3424.53
2025-06-13 07:00:00+01:00,3653.07
2025-06-13 07:30:00+01:00,3907.82
2025-06-13 08:00:00+01:00,4057.33
2025-06-13 08:30:00+01:00,4152.54
2025-06-13 09:00:00+01:00,4131.4
2025-06-13 09:30:00+01:00,4144.85
2025-06-13 10:00:00+01:00,4090.22
2025-06-13 10:30:00+01:00,4009.74
2025-06-13 11:00:00+01:00,3961.57
2025-06-13 11:30:00+01:00,3888.96
2025-06-13 12:00:00+01:00,3842.59
2025-06-13 12:30:00+01:00,3850.67
2025-06-13 13:00:00+01:00,3867.08
2025-06-13 13:30:00+01:00,3852.6
2025-06-13 14:00:00+01:00,3857.48
2025-06-13 14:30:00+01:00,3810.16
2025-06-13 15:00:00+01:00,3843.27
2025-06-13 15:30:00+01:00,3821.78
2025-06-13 16:00:00+01:00,3940.9
2025-06-13 16:30:00+01:00,3966.92
2025-06-13 17:00:00+01:00,4003.73
2025-06-13 17:30:00+01:00,4091.74
2025-06-13 18:00:00+01:00,4130.1
2025-06-13 18:30:00+01:00,4126.23
2025-06-13 19:00:00+01:00,4110.76
2025-06-13 19:30:00+01:00,4097.4
2025-06-13 20:00:00+01:00,4087.99
2025-06-13 20:30:00+01:00,4039.42
2025-06-13 21:00:00+01:00,3995.67
2025-06-13 21:30:00+01:00,3906.16
2025-06-13 22:00:00+01:00,3832.93
2025-06-13 22:30:00+01:00,3776.33
2025-06-13 23:00:00+01:00,3666.1
2025-06-13 23:30:00+01:00,3596.76
2025-06-14 00:00:00+01:00,3469.76
2025-06-14 00:30:00+01:00,3417.26
2025-06-14 01:00:00+01:00,3336.72
2025-06-14 01:30:00+01:00,3278.72
2025-06-14 02:00:00+01:00,3217.36
2025-06-14 02:30:00+01:00,3274.47
2025-06-14 03:00:00+01:00,3221.84
2025-06-14 03:30:00+01:00,3194.47
2025-06-14 04:00:00+01:00,3164.18
2025-06-14 04:30:00+01:00,3147.4
2025-06-14 05:00:00+01:00,3111.84
2025-06-14 05:30:00+01:00,3088.61
2025-06-14 06:00:00+01:00,3125.75
2025-06-14 06:30:00+01:00,3199.25
2025-06-14 07:00:00+01:00,3294.44
2025-06-14 07:30:00+01:00,3439.74
2025-06-14 08:00:00+01:00,3564.82
2025-06-14 08:30:00+01:00,3726.28
2025-06-14 09:00:00+01:00,3828.46
2025-06-14 09:30:00+01:00,3897.13
2025-06-14 10:00:00+01:00,3924.01
2025-06-14 10:30:00+01:00,3943.92
2025-06-14 11:00:00+01:00,3952.63
2025-06-14 11:30:00+01:00,3950.5
2025-06-14 12:00:00+01:00,3942.34
2025-06-14 12:30:00+01:00,3945.42
2025-06-14 13:00:00+01:00,3885.78
2025-06-14 13:30:00+01:00,3861.97
2025-06-14 14:00:00+01:00,3782.56
2025-06-14 14:30:00+01:00,3759.31
2025-06-14 15:00:00+01:00,3722.61
2025-06-14 15:30:00+01:00,3693.28
2025-06-14 16:00:00+01:00,3702.62
2025-06-14 16:30:00+01:00,3747.79
2025-06-14 17:00:00+01:00,3788.99
2025-06-14 17:30:00+01:00,3792.22
2025-06-14 18:00:00+01:00,3838.38
2025-06-14 18:30:00+01:00,3824.81
2025-06-14 19:00:00+01:00,3818.82
2025-06-14 19:30:00+01:00,3793.63
2025-06-14 20:00:00+01:00,3740.58
2025-06-14 20:30:00+01:00,3731.27
2025-06-14 21:00:00+01:00,3694.8
2025-06-14 21:30:00+01:00,3646.65
2025-06-14 22:00:00+01:00,3623.27
2025-06-14 22:30:00+01:00,3576.6
2025-06-14 23:00:00+01:00,3488.08
2025-06-14 23:30:00+01:00,3397.3
2025-06-15 00:00:00+01:00,3293.74
2025-06-15 00:30:00+01:00,3242.85
2025-06-15 01:00:00+01:00,3127.44
2025-06-15 01:30:00+01:00,3077.15
2025-06-15 02:00:00+01:00,3013.46
2025-06-15 02:30:00+01:00,3040.05
2025-06-15 03:00:00+01:00,2986.33
2025-06-15 03:30:00+01:00,2975.3
2025-06-15 04:00:00+01:00,2961.51
2025-06-15 04:30:00+01:00,2917.81
2025-06-15 05:00:00+01:00,2880.79
2025-06-15 05:30:00+01:00,2864.8
2025-06-15 06:00:00+01:00,2881.61
2025-06-15 06:30:00+01:00,2940.06
2025-06-15 07:00:00+01:00,3028.55
2025-06-15 07:30:00+01:00,3123.79
2025-06-15 08:00:00+01:00,3220.83
2025-06-15 08:30:00+01:00,3359.15
2025-06-15 09:00:00+01:00,3450.91
2025-06-15 09:30:00+01:00,3572.01
2025-06-15 10:00:00+01:00,3636.69
2025-06-15 10:30:00+01:00,3671.36
2025-06-15 11:00:00+01:00,3689.6
2025-06-15 11:30:00+01:00,3687.46
2025-06-15 12:00:00+01:00,3690.45
2025-06-15 12:30:00+01:00,3738.65
2025-06-15 13:00:00+01:00,3709.44
2025-06-15 13:30:00+01:00,3667.99
2025-06-15 14:00:00+01:00,3647.12
2025-06-15 14:30:00+01:00,3609.71
2025-06-15 15:00:00+01:00,3543.77
2025-06-15 15:30:00+01:00,3528.96
2025-06-15 16:00:00+01:00,3468.65
2025-06-15 16:30:00+01:00,3506.76
2025-06-15 17:00:00+01:00,3581.79
2025-06-15 17:30:00+01:00,3652.89
2025-06-15 18:00:00+01:00,3694.02
2025-06-15 18:30:00+01:00,3688.41
2025-06-15 19:00:00+01:00,3707.26
2025-06-15 19:30:00+01:00,3740.48
2025-06-15 20:00:00+01:00,3725.25
2025-06-15 20:30:00+01:00,3736.13
2025-06-15 21:00:00+01:00,3712.71
2025-06-15 21:30:00+01:00,3655.16
2025-06-15 22:00:00+01:00,3585.8
2025-06-15 22:30:00+01:00,3540.25
2025-06-15 23:00:00+01:00,3435.13
2025-06-15 23:30:00+01:00,3356.92
2025-06-16 00:00:00+01:00,3264.56
2025-06-16 00:30:00+01:00,3204.64
2025-06-16 01:00:00+01:00,3123.63
2025-06-16 01:30:00+01:00,3063.41
2025-06-16 02:00:00+01:00,3010.86
2025-06-16 02:30:00+01:00,3071.07
2025-06-16 03:00:00+01:00,3021.8
2025-06-16 03:30:00+01:00,2994.09
2025-06-16 04:00:00+01:00,2978.2
2025-06-16 04:30:00+01:00,2972.86
2025-06-16 05:00:00+01:00,2952.49
2025-06-16 05:30:00+01:00,2952.97
2025-06-16 06:00:00+01:00,3051.93
2025-06-16 06:30:00+01:00,3258.46
2025-06-16 07:00:00+01:00,3472.59
2025-06-16 07:30:00+01:00,3754.62
2025-06-16 08:00:00+01:00,3914.6
2025-06-16 08:30:00+01:00,4008.05
2025-06-16 09:00:00+01:00,3993.43
2025-06-16 09:30:00+01:00,4003.62
2025-06-16 10:00:00+01:00,3898.29
2025-06-16 10:30:00+01:00,3806.77
2025-06-16 11:00:00+01:00,3808.43
2025-06-16 11:30:00+01:00,3765.14
2025-06-16 12:00:00+01:00,3730.12
2025-06-16 12:30:00+01:00,3723.09
2025-06-16 13:00:00+01:00,3703.71
2025-06-16 13:30:00+01:00,3671.6
2025-06-16 14:00:00+01:00,3658.88
2025-06-16 14:30:00+01:00,3698.48
2025-06-16 15:00:00+01:00,3708.82
2025-06-16 15:30:00+01:00,3765.22
2025-06-16 16:00:00+01:00,3837.35
2025-06-16 16:30:00+01:00,3915.65
2025-06-16 17:00:00+01:00,4048.17
2025-06-16 17:30:00+01:00,4131.43
2025-06-16 18:00:00+01:00,4188.64
2025-06-16 18:30:00+01:00,4176.66
2025-06-16 19:00:00+01:00,4116.69
2025-06-16 19:30:00+01:00,4092.07
2025-06-16 20:00:00+01:00,4051.24
2025-06-16 20:30:00+01:00,3991.55
2025-06-16 21:00:00+01:00,3967.14
2025-06-16 21:30:00+01:00,3879.57
2025-06-16 22:00:00+01:00,3848.43
2025-06-16 22:30:00+01:00,3753.32
2025-06-16 23:00:00+01:00,3618.15
2025-06-16 23:30:00+01:00,3496.98
2025-06-17 00:00:00+01:00,3355.34
2025-06-17 00:30:00+01:00,3284.04
2025-06-17 01:00:00+01:00,3199.4
2025-06-17 01:30:00+01:00,3089.25
2025-06-17 02:00:00+01:00,3068.73
2025-06-17 02:30:00+01:00,3157.91
2025-06-17 03:00:00+01:00,3136.9
2025-06-17 03:30:00+01:00,3131.91
2025-06-17 04:00:00+01:00,3092.02
2025-06-17 04:30:00+01:00,3081.98
2025-06-17 05:00:00+01:00,3040.23
2025-06-17 05:30:00+01:00,3091.51
2025-06-17 06:00:00+01:00,3186.85
2025-06-17 06:30:00+01:00,3364.0
2025-06-17 07:00:00+01:00,3595.23
2025-06-17 07:30:00+01:00,3903.22
2025-06-17 08:00:00+01:00,4076.0
2025-06-17 08:30:00+01:00,4186.17
2025-06-17 09:00:00+01:00,4218.4
2025-06-17 09:30:00+01:00,4237.84
2025-06-17 10:00:00+01:00,4204.73
2025-06-17 10:30:00+01:00,4171.4
2025-06-17 11:00:00+01:00,4161.01
2025-06-17 11:30:00+01:00,4120.54
2025-06-17 12:00:00+01:00,4059.93
2025-06-17 12:30:00+01:00,4041.38
2025-06-17 13:00:00+01:00,4027.37
2025-06-17 13:30:00+01:00,3955.25
2025-06-17 14:00:00+01:00,3947.03
2025-06-17 14:30:00+01:00,3910.9
2025-06-17 15:00:00+01:00,3924.77
2025-06-17 15:30:00+01:00,3928.21
2025-06-17 16:00:00+01:00,3922.76
2025-06-17 16:30:00+01:00,4004.6
2025-06-17 17:00:00+01:00,4074.31
2025-06-17 17:30:00+01:00,4172.28
2025-06-17 18:00:00+01:00,4184.21
2025-06-17 18:30:00+01:00,4141.81
2025-06-17 19:00:00+01:00,4143.73
2025-06-17 19:30:00+01:00,4122.13
2025-06-17 20:00:00+01:00,4124.98
2025-06-17 20:30:00+01:00,4090.34
2025-06-17 21:00:00+01:00,4060.71
2025-06-17 21:30:00+01:00,3986.29
2025-06-17 22:00:00+01:00,3901.41
2025-06-17 22:30:00+01:00,3865.57
2025-06-17 23:00:00+01:00,3735.93
2025-06-17 23:30:00+01:00,3606.98
2025-06-18 00:00:00+01:00,3453.93
2025-06-18 00:30:00+01:00,3399.73
2025-06-18 01:00:00+01:00,3308.73
2025-06-18 01:30:00+01:00,3258.73
2025-06-18 02:00:00+01:00,3211.65
2025-06-18 02:30:00+01:00,3267.53
2025-06-18 03:00:00+01:00,3219.18
2025-06-18 03:30:00+01:00,3207.99
2025-06-18 04:00:00+01:00,3173.95
2025-06-18 04:30:00+01:00,3158.86
2025-06-18 05:00:00+01:00,3141.96
2025-06-18 05:30:00+01:00,3143.81
2025-06-18 06:00:00+01:00,3255.74
2025-06-18 06:30:00+01:00,3435.36
2025-06-18 07:00:00+01:00,3644.9
2025-06-18 07:30:00+01:00,3890.5
2025-06-18 08:00:00+01:00,4052.59
2025-06-18 08:30:00+01:00,4114.51
2025-06-18 09:00:00+01:00,4119.79
2025-06-18 09:30:00+01:00,4120.21
2025-06-18 10:00:00+01:00,4063.34
2025-06-18 10:30:00+01:00,3989.6
2025-06-18 11:00:00+01:00,3946.44
2025-06-18 11:30:00+01:00,3897.47
2025-06-18 12:00:00+01:00,3863.17
2025-06-18 12:30:00+01:00,3848.64
2025-06-18 13:00:00+01:00,3850.01
2025-06-18 13:30:00+01:00,3761.94
2025-06-18 14:00:00+01:00,3744.77
2025-06-18 14:30:00+01:00,3716.25
2025-06-18 15:00:00+01:00,3725.56
2025-06-18 15:30:00+01:00,3776.95
2025-06-18 16:00:00+01:00,3829.59
2025-06-18 16:30:00+01:00,3906.89
2025-06-18 17:00:00+01:00,4022.27
2025-06-18 17:30:00+01:00,4125.64
2025-06-18 18:00:00+01:00,4168.22
2025-06-18 18:30:00+01:00,4153.85
2025-06-18 19:00:00+01:00,4143.96
2025-06-18 19:30:00+01:00,4142.56
2025-06-18 20:00:00+01:00,4118.13
2025-06-18 20:30:00+01:00,4127.14
2025-06-18 21:00:00+01:00,4101.99
2025-06-18 21:30:00+01:00,4022.1
2025-06-18 22:00:00+01:00,3936.21
2025-06-18 22:30:00+01:00,3890.19
2025-06-18 23:00:00+01:00,3740.82
2025-06-18 23:30:00+01:00,3622.47
2025-06-19 00:00:00+01:00,3492.64
2025-06-19 00:30:00+01:00,3420.55
2025-06-19 01:00:00+01:00,3323.33
2025-06-19 01:30:00+01:00,3252.36
2025-06-19 02:00:00+01:00,3196.0
2025-06-19 02:30:00+01:00,3238.67
2025-06-19 03:00:00+01:00,3191.37
2025-06-19 03:30:00+01:00,3160.85
2025-06-19 04:00:00+01:00,3113.5
2025-06-19 04:30:00+01:00,3089.71
2025-06-19 05:00:00+01:00,3030.6
2025-06-19 05:30:00+01:00,3059.08
2025-06-19 06:00:00+01:00,3152.59
2025-06-19 06:30:00+01:00,3305.84
2025-06-19 07:00:00+01:00,3538.78
2025-06-19 07:30:00+01:00,3813.34
2025-06-19 08:00:00+01:00,3946.43
2025-06-19 08:30:00+01:00,4013.81
2025-06-19 09:00:00+01:00,4020.21
2025-06-19 09:30:00+01:00,3982.42
2025-06-19 10:00:00+01:00,3902.39
2025-06-19 10:30:00+01:00,3660.83
2025-06-19 11:00:00+01:00,3615.58
2025-06-19 11:30:00+01:00,3567.36
2025-06-19 12:00:00+01:00,3491.96
2025-06-19 12:30:00+01:00,3595.24
2025-06-19 13:00:00+01:00,3588.24
2025-06-19 13:30:00+01:00,3547.06
2025-06-19 14:00:00+01:00,3544.52
2025-06-19 14:30:00+01:00,3618.04
2025-06-19 15:00:00+01:00,3632.26
2025-06-19 15:30:00+01:00,3682.33
2025-06-19 16:00:00+01:00,3744.34
2025-06-19 16:30:00+01:00,3817.83
2025-06-19 17:00:00+01:00,3904.35
2025-06-19 17:30:00+01:00,3992.83
2025-06-19 18:00:00+01:00,4009.93
2025-06-19 18:30:00+01:00,4008.99
2025-06-19 19:00:00+01:00,4004.88
2025-06-19 19:30:00+01:00,3980.14
2025-06-19 20:00:00+01:00,3971.61
2025-06-19 20:30:00+01:00,3964.22
2025-06-19 21:00:00+01:00,3914.57
2025-06-19 21:30:00+01:00,3802.66
2025-06-19 22:00:00+01:00,3843.37
2025-06-19 22:30:00+01:00,3819.76
2025-06-19 23:00:00+01:00,3709.62
2025-06-19 23:30:00+01:00,3582.94
2025-06-20 00:00:00+01:00,3432.14
2025-06-20 00:30:00+01:00,3379.96
2025-06-20 01:00:00+01:00,3278.9
2025-06-20 01:30:00+01:00,3233.3
2025-06-20 02:00:00+01:00,3181.08
2025-06-20 02:30:00+01:00,3237.35
2025-06-20 03:00:00+01:00,3177.39
2025-06-20 03:30:00+01:00,3148.29
2025-06-20 04:00:00+01:00,3130.68
2025-06-20 04:30:00+01:00,3097.77
2025-06-20 05:00:00+01:00,3087.76
2025-06-20 05:30:00+01:00,3103.1
2025-06-20 06:00:00+01:00,3222.72
2025-06-20 06:30:00+01:00,3388.32
2025-06-20 07:00:00+01:00,3600.81
2025-06-20 07:30:00+01:00,3865.28
2025-06-20 08:00:00+01:00,4032.53
2025-06-20 08:30:00+01:00,4162.15
2025-06-20 09:00:00+01:00,4163.71
2025-06-20 09:30:00+01:00,4180.91
2025-06-20 10:00:00+01:00,4114.88
2025-06-20 10:30:00+01:00,4077.42
2025-06-20 11:00:00+01:00,4049.04
2025-06-20 11:30:00+01:00,4031.18
2025-06-20 12:00:00+01:00,4009.5
2025-06-20 12:30:00+01:00,3954.74
2025-06-20 13:00:00+01:00,3926.89
2025-06-20 13:30:00+01:00,3848.74
2025-06-20 14:00:00+01:00,3807.63
2025-06-20 14:30:00+01:00,3778.05
2025-06-20 15:00:00+01:00,3793.42
2025-06-20 15:30:00+01:00,3812.64
2025-06-20 16:00:00+01:00,3795.58
2025-06-20 16:30:00+01:00,3851.76
2025-06-20 17:00:00+01:00,3909.32
2025-06-20 17:30:00+01:00,3992.51
2025-06-20 18:00:00+01:00,3998.07
2025-06-20 18:30:00+01:00,3996.6
2025-06-20 19:00:00+01:00,3988.43
2025-06-20 19:30:00+01:00,4010.22
2025-06-20 20:00:00+01:00,4022.35
2025-06-20 20:30:00+01:00,4001.35
2025-06-20 21:00:00+01:00,3973.7
2025-06-20 21:30:00+01:00,3904.16
2025-06-20 22:00:00+01:00,3830.83
2025-06-20 22:30:00+01:00,3800.98
2025-06-20 23:00:00+01:00,3704.98
2025-06-20 23:30:00+01:00,3624.28
2025-06-21 00:00:00+01:00,3499.19
2025-06-21 00:30:00+01:00,3418.73
2025-06-21 01:00:00+01:00,3332.61
2025-06-21 01:30:00+01:00,3276.15
2025-06-21 02:00:00+01:00,3241.82
2025-06-21 02:30:00+01:00,3291.11
2025-06-21 03:00:00+01:00,3226.82
2025-06-21 03:30:00+01:00,3192.81
2025-06-21 04:00:00+01:00,3160.37
2025-06-21 04:30:00+01:00,3134.59
2025-06-21 05:00:00+01:00,3086.45
2025-06-21 05:30:00+01:00,3063.91
2025-06-21 06:00:00+01:00,3082.03
2025-06-21 06:30:00+01:00,3156.97
2025-06-21 07:00:00+01:00,3249.87
2025-06-21 07:30:00+01:00,3273.0
2025-06-21 08:00:00+01:00,3464.19
2025-06-21 08:30:00+01:00,3587.89
2025-06-21 09:00:00+01:00,3645.39
2025-06-21 09:30:00+01:00,3720.11
2025-06-21 10:00:00+01:00,3745.05
2025-06-21 10:30:00+01:00,3754.37
2025-06-21 11:00:00+01:00,3740.68
2025-06-21 11:30:00+01:00,3711.9
2025-06-21 12:00:00+01:00,3644.78
2025-06-21 12:30:00+01:00,3605.58
2025-06-21 13:00:00+01:00,3571.72
2025-06-21 13:30:00+01:00,3531.29
2025-06-21 14:00:00+01:00,3503.21
2025-06-21 14:30:00+01:00,3501.8
2025-06-21 15:00:00+01:00,3488.61
2025-06-21 15:30:00+01:00,3495.34
2025-06-21 16:00:00+01:00,3544.61
2025-06-21 16:30:00+01:00,3581.67
2025-06-21 17:00:00+01:00,3669.27
2025-06-21 17:30:00+01:00,3721.21
2025-06-21 18:00:00+01:00,3794.41
2025-06-21 18:30:00+01:00,3784.57
2025-06-21 19:00:00+01:00,3767.02
2025-06-21 19:30:00+01:00,3758.13
2025-06-21 20:00:00+01:00,3770.38
2025-06-21 20:30:00+01:00,3747.11
2025-06-21 21:00:00+01:00,3687.71
2025-06-21 21:30:00+01:00,3617.22
2025-06-21 22:00:00+01:00,3573.39
2025-06-21 22:30:00+01:00,3565.43
2025-06-21 23:00:00+01:00,3470.62
2025-06-21 23:30:00+01:00,3379.43
2025-06-22 00:00:00+01:00,3244.86
2025-06-22 00:30:00+01:00,3191.69
2025-06-22 01:00:00+01:00,3125.9
2025-06-22 01:30:00+01:00,3084.53
2025-06-22 02:00:00+01:00,3033.91
2025-06-22 02:30:00+01:00,3080.06
2025-06-22 03:00:00+01:00,3012.4
2025-06-22 03:30:00+01:00,2966.78
2025-06-22 04:00:00+01:00,2944.33
2025-06-22 04:30:00+01:00,2929.88
2025-06-22 05:00:00+01:00,2882.96
2025-06-22 05:30:00+01:00,2832.51
2025-06-22 06:00:00+01:00,2841.41
2025-06-22 06:30:00+01:00,2890.81
2025-06-22 07:00:00+01:00,2952.1
2025-06-22 07:30:00+01:00,3071.55
2025-06-22 08:00:00+01:00,3165.43
2025-06-22 08:30:00+01:00,3267.65
2025-06-22 09:00:00+01:00,3354.71
2025-06-22 09:30:00+01:00,3444.97
2025-06-22 10:00:00+01:00,3474.1
2025-06-22 10:30:00+01:00,3515.05
2025-06-22 11:00:00+01:00,3543.88
2025-06-22 11:30:00+01:00,3506.11
2025-06-22 12:00:00+01:00,3508.39
2025-06-22 12:30:00+01:00,3519.29
2025-06-22 13:00:00+01:00,3513.58
2025-06-22 13:30:00+01:00,3477.87
2025-06-22 14:00:00+01:00,3423.98
2025-06-22 14:30:00+01:00,3308.92
2025-06-22 15:00:00+01:00,3346.53
2025-06-22 15:30:00+01:00,3351.53
2025-06-22 16:00:00+01:00,3420.84
2025-06-22 16:30:00+01:00,3443.52
2025-06-22 17:00:00+01:00,3533.32
2025-06-22 17:30:00+01:00,3611.17
2025-06-22 18:00:00+01:00,3636.11
2025-06-22 18:30:00+01:00,3614.52
2025-06-22 19:00:00+01:00,3612.22
2025-06-22 19:30:00+01:00,3621.4
2025-06-22 20:00:00+01:00,3629.66
2025-06-22 20:30:00+01:00,3554.87
2025-06-22 21:00:00+01:00,3510.75
2025-06-22 21:30:00+01:00,3431.42
2025-06-22 22:00:00+01:00,3416.32
2025-06-22 22:30:00+01:00,3393.06
2025-06-22 23:00:00+01:00,3302.08
2025-06-22 23:30:00+01:00,3214.17
2025-06-23 00:00:00+01:00,3110.39
2025-06-23 00:30:00+01:00,3095.99
2025-06-23 01:00:00+01:00,2985.9
2025-06-23 01:30:00+01:00,2937.91
2025-06-23 02:00:00+01:00,2859.73
2025-06-23 02:30:00+01:00,2944.09
2025-06-23 03:00:00+01:00,2901.69
2025-06-23 03:30:00+01:00,2907.37
2025-06-23 04:00:00+01:00,2875.36
2025-06-23 04:30:00+01:00,2875.71
2025-06-23 05:00:00+01:00,2864.08
2025-06-23 05:30:00+01:00,2880.52
2025-06-23 06:00:00+01:00,2976.96
2025-06-23 06:30:00+01:00,3185.6
2025-06-23 07:00:00+01:00,3389.35
2025-06-23 07:30:00+01:00,3632.72
2025-06-23 08:00:00+01:00,3784.24
2025-06-23 08:30:00+01:00,3930.61
2025-06-23 09:00:00+01:00,3966.84
2025-06-23 09:30:00+01:00,3956.88
2025-06-23 10:00:00+01:00,3951.98
2025-06-23 10:30:00+01:00,3934.09
2025-06-23 11:00:00+01:00,3904.64
2025-06-23 11:30:00+01:00,3861.88
2025-06-23 12:00:00+01:00,3876.89
2025-06-23 12:30:00+01:00,3883.14
2025-06-23 13:00:00+01:00,3846.12
2025-06-23 13:30:00+01:00,3810.81
2025-06-23 14:00:00+01:00,3800.38
2025-06-23 14:30:00+01:00,3794.39
2025-06-23 15:00:00+01:00,3808.28
2025-06-23 15:30:00+01:00,3864.63
2025-06-23 16:00:00+01:00,3894.76
2025-06-23 16:30:00+01:00,4040.04
2025-06-23 17:00:00+01:00,4080.14
2025-06-23 17:30:00+01:00,4145.88
2025-06-23 18:00:00+01:00,4149.16
2025-06-23 18:30:00+01:00,4131.01
2025-06-23 19:00:00+01:00,4098.54
2025-06-23 19:30:00+01:00,4065.47
2025-06-23 20:00:00+01:00,4019.72
2025-06-23 20:30:00+01:00,3962.47
2025-06-23 21:00:00+01:00,3923.23
2025-06-23 21:30:00+01:00,3837.55
2025-06-23 22:00:00+01:00,3765.92
2025-06-23 22:30:00+01:00,3735.24
2025-06-23 23:00:00+01:00,3598.69
2025-06-23 23:30:00+01:00,3465.01
2025-06-24 00:00:00+01:00,3365.29
2025-06-24 00:30:00+01:00,3250.33
2025-06-24 01:00:00+01:00,3153.75
2025-06-24 01:30:00+01:00,3110.66
2025-06-24 02:00:00+01:00,3105.64
2025-06-24 02:30:00+01:00,3155.66
2025-06-24 03:00:00+01:00,3119.79
2025-06-24 03:30:00+01:00,3100.8
2025-06-24 04:00:00+01:00,3048.52
2025-06-24 04:30:00+01:00,3049.96
2025-06-24 05:00:00+01:00,3011.09
2025-06-24 05:30:00+01:00,3020.41
2025-06-24 06:00:00+01:00,3128.33
2025-06-24 06:30:00+01:00,3294.1
2025-06-24 07:00:00+01:00,3536.91
2025-06-24 07:30:00+01:00,3806.53
2025-06-24 08:00:00+01:00,3954.57
2025-06-24 08:30:00+01:00,4087.62
2025-06-24 09:00:00+01:00,4150.37
2025-06-24 09:30:00+01:00,4159.62
2025-06-24 10:00:00+01:00,4138.35
2025-06-24 10:30:00+01:00,4107.9
2025-06-24 11:00:00+01:00,4071.42
2025-06-24 11:30:00+01:00,4024.26
2025-06-24 12:00:00+01:00,4036.75
2025-06-24 12:30:00+01:00,4009.25
2025-06-24 13:00:00+01:00,3990.24
2025-06-24 13:30:00+01:00,3960.12
2025-06-24 14:00:00+01:00,3906.84
2025-06-24 14:30:00+01:00,3936.67
2025-06-24 15:00:00+01:00,3973.39
2025-06-24 15:30:00+01:00,3961.77
2025-06-24 16:00:00+01:00,4019.08
2025-06-24 16:30:00+01:00,4085.93
2025-06-24 17:00:00+01:00,4149.18
2025-06-24 17:30:00+01:00,4240.82
2025-06-24 18:00:00+01:00,4203.38
2025-06-24 18:30:00+01:00,4218.57
2025-06-24 19:00:00+01:00,4144.49
2025-06-24 19:30:00+01:00,4111.87
2025-06-24 20:00:00+01:00,4089.09
2025-06-24 20:30:00+01:00,4062.83
2025-06-24 21:00:00+01:00,4009.8
2025-06-24 21:30:00+01:00,3964.56
2025-06-24 22:00:00+01:00,3868.01
2025-06-24 22:30:00+01:00,3824.03
2025-06-24 23:00:00+01:00,3680.26
2025-06-24 23:30:00+01:00,3574.02
2025-06-25 00:00:00+01:00,3443.89
2025-06-25 00:30:00+01:00,3383.54
2025-06-25 01:00:00+01:00,3280.3
2025-06-25 01:30:00+01:00,3217.23
2025-06-25 02:00:00+01:00,3177.58
2025-06-25 02:30:00+01:00,3209.68
2025-06-25 03:00:00+01:00,3148.17
2025-06-25 03:30:00+01:00,3144.59
2025-06-25 04:00:00+01:00,3105.31
2025-06-25 04:30:00+01:00,3121.11
2025-06-25 05:00:00+01:00,3096.75
2025-06-25 05:30:00+01:00,3114.89
2025-06-25 06:00:00+01:00,3201.19
2025-06-25 06:30:00+01:00,3403.4
2025-06-25 07:00:00+01:00,3623.17
2025-06-25 07:30:00+01:00,3886.56
2025-06-25 08:00:00+01:00,4044.77
2025-06-25 08:30:00+01:00,4156.32
2025-06-25 09:00:00+01:00,4185.24
2025-06-25 09:30:00+01:00,4202.07
2025-06-25 10:00:00+01:00,4159.41
2025-06-25 10:30:00+01:00,4125.89
2025-06-25 11:00:00+01:00,4146.01
2025-06-25 11:30:00+01:00,4099.65
2025-06-25 12:00:00+01:00,4066.54
2025-06-25 12:30:00+01:00,4048.88
2025-06-25 13:00:00+01:00,4004.49
2025-06-25 13:30:00+01:00,3984.2
2025-06-25 14:00:00+01:00,3973.91
2025-06-25 14:30:00+01:00,3976.29
2025-06-25 15:00:00+01:00,4005.35
2025-06-25 15:30:00+01:00,4039.53
2025-06-25 16:00:00+01:00,4104.28
2025-06-25 16:30:00+01:00,4156.73
2025-06-25 17:00:00+01:00,4256.85
2025-06-25 17:30:00+01:00,4311.05
2025-06-25 18:00:00+01:00,4347.6
2025-06-25 18:30:00+01:00,4322.42
2025-06-25 19:00:00+01:00,4272.99
2025-06-25 19:30:00+01:00,4234.47
2025-06-25 20:00:00+01:00,4173.49
2025-06-25 20:30:00+01:00,4119.05
2025-06-25 21:00:00+01:00,4058.4
2025-06-25 21:30:00+01:00,3963.53
2025-06-25 22:00:00+01:00,3924.01
2025-06-25 22:30:00+01:00,3843.34
2025-06-25 23:00:00+01:00,3709.95
2025-06-25 23:30:00+01:00,3578.56
2025-06-26 00:00:00+01:00,3467.46
2025-06-26 00:30:00+01:00,3414.27
2025-06-26 01:00:00+01:00,3357.04
2025-06-26 01:30:00+01:00,3300.14
2025-06-26 02:00:00+01:00,3188.94
2025-06-26 02:30:00+01:00,3262.0
2025-06-26 03:00:00+01:00,3208.2
2025-06-26 03:30:00+01:00,3188.87
2025-06-26 04:00:00+01:00,3123.93
2025-06-26 04:30:00+01:00,3147.06
2025-06-26 05:00:00+01:00,3121.32
2025-06-26 05:30:00+01:00,3090.52
2025-06-26 06:00:00+01:00,3208.5
2025-06-26 06:30:00+01:00,3356.54
2025-06-26 07:00:00+01:00,3561.01
2025-06-26 07:30:00+01:00,3817.53
2025-06-26 08:00:00+01:00,3892.21
2025-06-26 08:30:00+01:00,3968.21
2025-06-26 09:00:00+01:00,3959.15
2025-06-26 09:30:00+01:00,3939.21
2025-06-26 10:00:00+01:00,3904.75
2025-06-26 10:30:00+01:00,3807.15
2025-06-26 11:00:00+01:00,3821.28
2025-06-26 11:30:00+01:00,3857.13
2025-06-26 12:00:00+01:00,3800.39
2025-06-26 12:30:00+01:00,3811.57
2025-06-26 13:00:00+01:00,3837.13
2025-06-26 13:30:00+01:00,3788.94
2025-06-26 14:00:00+01:00,3813.11
2025-06-26 14:30:00+01:00,3832.28
2025-06-26 15:00:00+01:00,3863.93
2025-06-26 15:30:00+01:00,3915.36
2025-06-26 16:00:00+01:00,4008.15
2025-06-26 16:30:00+01:00,4078.56
2025-06-26 17:00:00+01:00,4130.42
2025-06-26 17:30:00+01:00,4220.59
2025-06-26 18:00:00+01:00,4274.24
2025-06-26 18:30:00+01:00,4258.7
2025-06-26 19:00:00+01:00,4239.51
2025-06-26 19:30:00+01:00,4195.9
2025-06-26 20:00:00+01:00,4098.9
2025-06-26 20:30:00+01:00,4062.54
2025-06-26 21:00:00+01:00,3985.39
2025-06-26 21:30:00+01:00,3956.38
2025-06-26 22:00:00+01:00,3841.44
2025-06-26 22:30:00+01:00,3755.43
2025-06-26 23:00:00+01:00,3626.56
2025-06-26 23:30:00+01:00,3518.84
2025-06-27 00:00:00+01:00,3381.03
2025-06-27 00:30:00+01:00,3330.89
2025-06-27 01:00:00+01:00,3252.06
2025-06-27 01:30:00+01:00,3221.31
2025-06-27 02:00:00+01:00,3136.54
2025-06-27 02:30:00+01:00,3210.52
2025-06-27 03:00:00+01:00,3166.74
2025-06-27 03:30:00+01:00,3148.85
2025-06-27 04:00:00+01:00,3114.82
2025-06-27 04:30:00+01:00,3087.44
2025-06-27 05:00:00+01:00,3064.41
2025-06-27 05:30:00+01:00,3106.67
2025-06-27 06:00:00+01:00,3186.46
2025-06-27 06:30:00+01:00,3371.18
2025-06-27 07:00:00+01:00,3582.26
2025-06-27 07:30:00+01:00,3815.27
2025-06-27 08:00:00+01:00,3993.64
2025-06-27 08:30:00+01:00,4160.58
2025-06-27 09:00:00+01:00,4197.25
2025-06-27 09:30:00+01:00,4249.47
2025-06-27 10:00:00+01:00,4220.81
2025-06-27 10:30:00+01:00,4213.94
2025-06-27 11:00:00+01:00,4241.49
2025-06-27 11:30:00+01:00,4218.0
2025-06-27 12:00:00+01:00,4195.85
2025-06-27 12:30:00+01:00,4224.02
2025-06-27 13:00:00+01:00,4199.56
2025-06-27 13:30:00+01:00,4152.98
2025-06-27 14:00:00+01:00,4113.03
2025-06-27 14:30:00+01:00,4158.38
2025-06-27 15:00:00+01:00,4130.23
2025-06-27 15:30:00+01:00,4146.5
2025-06-27 16:00:00+01:00,4117.56
2025-06-27 16:30:00+01:00,4173.17
2025-06-27 17:00:00+01:00,4203.96
2025-06-27 17:30:00+01:00,4285.39
2025-06-27 18:00:00+01:00,4277.59
2025-06-27 18:30:00+01:00,4211.57
2025-06-27 19:00:00+01:00,4175.43
2025-06-27 19:30:00+01:00,4134.83
2025-06-27 20:00:00+01:00,4073.97
2025-06-27 20:30:00+01:00,4013.06
2025-06-27 21:00:00+01:00,3968.28
2025-06-27 21:30:00+01:00,3878.97
2025-06-27 22:00:00+01:00,3820.65
2025-06-27 22:30:00+01:00,3763.75
2025-06-27 23:00:00+01:00,3624.96
2025-06-27 23:30:00+01:00,3540.57
2025-06-28 00:00:00+01:00,3435.81
2025-06-28 00:30:00+01:00,3375.05
2025-06-28 01:00:00+01:00,3278.93
2025-06-28 01:30:00+01:00,3231.58
2025-06-28 02:00:00+01:00,3170.81
2025-06-28 02:30:00+01:00,3237.76
2025-06-28 03:00:00+01:00,3158.95
2025-06-28 03:30:00+01:00,3152.12
2025-06-28 04:00:00+01:00,3130.99
2025-06-28 04:30:00+01:00,3092.32
2025-06-28 05:00:00+01:00,3062.75
2025-06-28 05:30:00+01:00,3051.29
2025-06-28 06:00:00+01:00,3077.74
2025-06-28 06:30:00+01:00,3157.83
2025-06-28 07:00:00+01:00,3259.7
2025-06-28 07:30:00+01:00,3382.46
2025-06-28 08:00:00+01:00,3526.87
2025-06-28 08:30:00+01:00,3682.03
2025-06-28 09:00:00+01:00,3782.43
2025-06-28 09:30:00+01:00,3832.87
2025-06-28 10:00:00+01:00,3891.96
2025-06-28 10:30:00+01:00,3927.9
2025-06-28 11:00:00+01:00,3913.79
2025-06-28 11:30:00+01:00,3892.84
2025-06-28 12:00:00+01:00,3905.66
2025-06-28 12:30:00+01:00,3883.97
2025-06-28 13:00:00+01:00,3866.86
2025-06-28 13:30:00+01:00,3805.23
2025-06-28 14:00:00+01:00,3804.33
2025-06-28 14:30:00+01:00,3782.6
2025-06-28 15:00:00+01:00,3760.83
2025-06-28 15:30:00+01:00,3808.07
2025-06-28 16:00:00+01:00,3852.37
2025-06-28 16:30:00+01:00,3875.03
2025-06-28 17:00:00+01:00,3955.41
2025-06-28 17:30:00+01:00,3975.92
2025-06-28 18:00:00+01:00,3973.81
2025-06-28 18:30:00+01:00,3932.13
2025-06-28 19:00:00+01:00,3903.91
2025-06-28 19:30:00+01:00,3829.12
2025-06-28 20:00:00+01:00,3769.54
2025-06-28 20:30:00+01:00,3746.31
2025-06-28 21:00:00+01:00,3730.11
2025-06-28 21:30:00+01:00,3691.37
2025-06-28 22:00:00+01:00,3634.51
2025-06-28 22:30:00+01:00,3641.95
2025-06-28 23:00:00+01:00,3563.21
2025-06-28 23:30:00+01:00,3514.5
2025-06-29 00:00:00+01:00,3414.15
2025-06-29 00:30:00+01:00,3351.75
2025-06-29 01:00:00+01:00,3265.24
2025-06-29 01:30:00+01:00,3205.93
2025-06-29 02:00:00+01:00,3150.36
2025-06-29 02:30:00+01:00,3169.57
2025-06-29 03:00:00+01:00,3117.88
2025-06-29 03:30:00+01:00,3094.69
2025-06-29 04:00:00+01:00,3062.04
2025-06-29 04:30:00+01:00,3030.95
2025-06-29 05:00:00+01:00,2976.46
2025-06-29 05:30:00+01:00,2950.67
2025-06-29 06:00:00+01:00,2970.38
2025-06-29 06:30:00+01:00,2997.13
2025-06-29 07:00:00+01:00,3044.72
2025-06-29 07:30:00+01:00,3140.83
2025-06-29 08:00:00+01:00,3240.73
2025-06-29 08:30:00+01:00,3353.52
2025-06-29 09:00:00+01:00,3442.92
2025-06-29 09:30:00+01:00,3544.99
2025-06-29 10:00:00+01:00,3573.86
2025-06-29 10:30:00+01:00,3640.28
2025-06-29 11:00:00+01:00,3661.8
2025-06-29 11:30:00+01:00,3649.02
2025-06-29 12:00:00+01:00,3658.66
2025-06-29 12:30:00+01:00,3689.04
2025-06-29 13:00:00+01:00,3694.76
2025-06-29 13:30:00+01:00,3669.87
2025-06-29 14:00:00+01:00,3625.03
2025-06-29 14:30:00+01:00,3580.88
2025-06-29 15:00:00+01:00,3544.22
2025-06-29 15:30:00+01:00,3543.73
2025-06-29 16:00:00+01:00,3567.56
2025-06-29 16:30:00+01:00,3588.23
2025-06-29 17:00:00+01:00,3659.79
2025-06-29 17:30:00+01:00,3699.13
2025-06-29 18:00:00+01:00,3776.66
2025-06-29 18:30:00+01:00,3799.33
2025-06-29 19:00:00+01:00,3799.83
2025-06-29 19:30:00+01:00,3773.83
2025-06-29 20:00:00+01:00,3776.11
2025-06-29 20:30:00+01:00,3736.74
2025-06-29 21:00:00+01:00,3719.58
2025-06-29 21:30:00+01:00,3653.86
2025-06-29 22:00:00+01:00,3586.57
2025-06-29 22:30:00+01:00,3572.53
2025-06-29 23:00:00+01:00,3489.46
2025-06-29 23:30:00+01:00,3394.39
2025-06-30 00:00:00+01:00,3292.04
2025-06-30 00:30:00+01:00,3237.49
2025-06-30 01:00:00+01:00,3163.97
2025-06-30 01:30:00+01:00,3106.06
2025-06-30 02:00:00+01:00,3081.21
2025-06-30 02:30:00+01:00,3106.17
2025-06-30 03:00:00+01:00,3064.39
2025-06-30 03:30:00+01:00,3034.65
2025-06-30 04:00:00+01:00,3024.61
2025-06-30 04:30:00+01:00,3025.77
2025-06-30 05:00:00+01:00,3022.05
2025-06-30 05:30:00+01:00,3052.98
2025-06-30 06:00:00+01:00,3139.11
2025-06-30 06:30:00+01:00,3295.17
2025-06-30 07:00:00+01:00,3478.09
2025-06-30 07:30:00+01:00,3712.32
2025-06-30 08:00:00+01:00,3905.94
2025-06-30 08:30:00+01:00,4096.83
2025-06-30 09:00:00+01:00,4186.54
2025-06-30 09:30:00+01:00,4217.39
2025-06-30 10:00:00+01:00,4227.4
2025-06-30 10:30:00+01:00,4190.77
2025-06-30 11:00:00+01:00,4181.15
2025-06-30 11:30:00+01:00,4198.41
2025-06-30 12:00:00+01:00,4191.65
2025-06-30 12:30:00+01:00,4180.49
2025-06-30 13:00:00+01:00,3786.4
2025-06-30 13:30:00+01:00,4161.83
2025-06-30 14:00:00+01:00,4158.52
2025-06-30 14:30:00+01:00,4191.76
2025-06-30 15:00:00+01:00,4226.44
2025-06-30 15:30:00+01:00,4194.88
2025-06-30 16:00:00+01:00,4226.39
2025-06-30 16:30:00+01:00,4282.64
2025-06-30 17:00:00+01:00,4371.99
2025-06-30 17:30:00+01:00,4367.9
2025-06-30 18:00:00+01:00,4309.22
2025-06-30 18:30:00+01:00,4308.64
2025-06-30 19:00:00+01:00,4263.89
2025-06-30 19:30:00+01:00,4191.02
2025-06-30 20:00:00+01:00,4162.6
2025-06-30 20:30:00+01:00,4096.77
2025-06-30 21:00:00+01:00,4047.89
2025-06-30 21:30:00+01:00,3978.24
2025-06-30 22:00:00+01:00,3878.98
2025-06-30 22:30:00+01:00,3805.59
2025-06-30 23:00:00+01:00,3639.14
2025-06-30 23:30:00+01:00,3543.01
2025-07-01 00:00:00+01:00,3419.24
2025-07-01 00:30:00+01:00,3357.07
2025-07-01 01:00:00+01:00,3273.68
2025-07-01 01:30:00+01:00,3209.64
2025-07-01 02:00:00+01:00,3186.19
2025-07-01 02:30:00+01:00,3232.14
2025-07-01 03:00:00+01:00,3212.54
2025-07-01 03:30:00+01:00,3202.82
2025-07-01 04:00:00+01:00,3164.08
2025-07-01 04:30:00+01:00,3143.95
2025-07-01 05:00:00+01:00,3086.94
2025-07-01 05:30:00+01:00,3103.09
2025-07-01 06:00:00+01:00,3199.44
2025-07-01 06:30:00+01:00,3359.7
2025-07-01 07:00:00+01:00,3561.9
2025-07-01 07:30:00+01:00,3787.89
2025-07-01 08:00:00+01:00,3937.77
2025-07-01 08:30:00+01:00,4098.96
2025-07-01 09:00:00+01:00,4138.26
2025-07-01 09:30:00+01:00,4170.83
2025-07-01 10:00:00+01:00,4156.95
2025-07-01 10:30:00+01:00,4150.98
2025-07-01 11:00:00+01:00,4115.32
2025-07-01 11:30:00+01:00,4115.56
2025-07-01 12:00:00+01:00,4081.34
2025-07-01 12:30:00+01:00,4091.24
2025-07-01 13:00:00+01:00,4086.66
2025-07-01 13:30:00+01:00,4044.42
2025-07-01 14:00:00+01:00,4010.35
2025-07-01 14:30:00+01:00,3989.57
2025-07-01 15:00:00+01:00,3960.96
2025-07-01 15:30:00+01:00,3982.94
2025-07-01 16:00:00+01:00,3986.19
2025-07-01 16:30:00+01:00,4011.71
2025-07-01 17:00:00+01:00,4082.37
2025-07-01 17:30:00+01:00,4135.07
2025-07-01 18:00:00+01:00,4180.61
2025-07-01 18:30:00+01:00,4159.35
2025-07-01 19:00:00+01:00,4111.13
2025-07-01 19:30:00+01:00,4095.14
2025-07-01 20:00:00+01:00,4015.78
2025-07-01 20:30:00+01:00,3989.61
2025-07-01 21:00:00+01:00,3959.31
2025-07-01 21:30:00+01:00,3887.58
2025-07-01 22:00:00+01:00,3801.14
2025-07-01 22:30:00+01:00,3787.98
2025-07-01 23:00:00+01:00,3642.69
2025-07-01 23:30:00+01:00,3538.08
2025-07-02 00:00:00+01:00,3414.62
2025-07-02 00:30:00+01:00,3335.89
2025-07-02 01:00:00+01:00,3250.64
2025-07-02 01:30:00+01:00,3201.52
2025-07-02 02:00:00+01:00,3143.17
2025-07-02 02:30:00+01:00,3204.58
2025-07-02 03:00:00+01:00,3156.0
2025-07-02 03:30:00+01:00,3142.94
2025-07-02 04:00:00+01:00,3119.32
2025-07-02 04:30:00+01:00,3100.82
2025-07-02 05:00:00+01:00,3070.16
2025-07-02 05:30:00+01:00,3090.54
2025-07-02 06:00:00+01:00,3181.35
2025-07-02 06:30:00+01:00,3355.3
2025-07-02 07:00:00+01:00,3538.62
2025-07-02 07:30:00+01:00,3753.59
2025-07-02 08:00:00+01:00,3916.8
2025-07-02 08:30:00+01:00,4018.82
2025-07-02 09:00:00+01:00,4019.48
2025-07-02 09:30:00+01:00,3966.15
2025-07-02 10:00:00+01:00,3883.47
2025-07-02 10:30:00+01:00,3857.02
2025-07-02 11:00:00+01:00,3821.25
2025-07-02 11:30:00+01:00,3820.92
2025-07-02 12:00:00+01:00,3766.49
2025-07-02 12:30:00+01:00,3787.01
2025-07-02 13:00:00+01:00,3783.21
2025-07-02 13:30:00+01:00,3739.99
2025-07-02 14:00:00+01:00,3713.85
2025-07-02 14:30:00+01:00,3654.03
2025-07-02 15:00:00+01:00,3661.23
2025-07-02 15:30:00+01:00,3687.76
2025-07-02 16:00:00+01:00,3710.38
2025-07-02 16:30:00+01:00,3803.04
2025-07-02 17:00:00+01:00,3866.58
2025-07-02 17:30:00+01:00,3970.29
2025-07-02 18:00:00+01:00,3988.47
2025-07-02 18:30:00+01:00,4021.28
2025-07-02 19:00:00+01:00,3986.91
2025-07-02 19:30:00+01:00,3945.45
2025-07-02 20:00:00+01:00,3936.63
2025-07-02 20:30:00+01:00,3920.23
2025-07-02 21:00:00+01:00,3911.09
2025-07-02 21:30:00+01:00,3846.1
2025-07-02 22:00:00+01:00,3787.12
2025-07-02 22:30:00+01:00,3747.5
2025-07-02 23:00:00+01:00,3613.94
2025-07-02 23:30:00+01:00,3518.24
2025-07-03 00:00:00+01:00,3407.94
2025-07-03 00:30:00+01:00,3319.34
2025-07-03 01:00:00+01:00,3241.44
2025-07-03 01:30:00+01:00,3196.43
2025-07-03 02:00:00+01:00,3114.1
2025-07-03 02:30:00+01:00,3136.26
2025-07-03 03:00:00+01:00,3093.38
2025-07-03 03:30:00+01:00,3072.37
2025-07-03 04:00:00+01:00,3042.3
2025-07-03 04:30:00+01:00,3034.65
2025-07-03 05:00:00+01:00,2996.79
2025-07-03 05:30:00+01:00,3010.85
2025-07-03 06:00:00+01:00,3095.42
2025-07-03 06:30:00+01:00,3254.63
2025-07-03 07:00:00+01:00,3465.77
2025-07-03 07:30:00+01:00,3707.17
2025-07-03 08:00:00+01:00,3851.69
2025-07-03 08:30:00+01:00,4023.63
2025-07-03 09:00:00+01:00,4011.09
2025-07-03 09:30:00+01:00,4011.21
2025-07-03 10:00:00+01:00,3931.41
2025-07-03 10:30:00+01:00,3912.31
2025-07-03 11:00:00+01:00,3912.8
2025-07-03 11:30:00+01:00,3919.22
2025-07-03 12:00:00+01:00,3932.29
2025-07-03 12:30:00+01:00,3947.83
2025-07-03 13:00:00+01:00,3934.61
2025-07-03 13:30:00+01:00,3906.05
2025-07-03 14:00:00+01:00,3866.33
2025-07-03 14:30:00+01:00,3837.36
2025-07-03 15:00:00+01:00,3789.58
2025-07-03 15:30:00+01:00,3803.42
2025-07-03 16:00:00+01:00,3792.08
2025-07-03 16:30:00+01:00,3813.25
2025-07-03 17:00:00+01:00,3895.57
2025-07-03 17:30:00+01:00,3963.99
2025-07-03 18:00:00+01:00,4020.0
2025-07-03 18:30:00+01:00,4023.11
2025-07-03 19:00:00+01:00,4009.86
2025-07-03 19:30:00+01:00,3977.97
2025-07-03 20:00:00+01:00,3971.9
2025-07-03 20:30:00+01:00,3986.89
2025-07-03 21:00:00+01:00,3942.45
2025-07-03 21:30:00+01:00,3858.86
2025-07-03 22:00:00+01:00,3772.79
2025-07-03 22:30:00+01:00,3737.39
2025-07-03 23:00:00+01:00,3610.86
2025-07-03 23:30:00+01:00,3455.84
2025-07-04 00:00:00+01:00,3347.43
2025-07-04 00:30:00+01:00,3258.27
2025-07-04 01:00:00+01:00,3180.37
2025-07-04 01:30:00+01:00,3115.98
2025-07-04 02:00:00+01:00,3076.39
2025-07-04 02:30:00+01:00,3126.35
2025-07-04 03:00:00+01:00,3047.84
2025-07-04 03:30:00+01:00,3050.64
2025-07-04 04:00:00+01:00,3032.74
2025-07-04 04:30:00+01:00,3033.77
2025-07-04 05:00:00+01:00,3000.1
2025-07-04 05:30:00+01:00,3004.94
2025-07-04 06:00:00+01:00,3087.98
2025-07-04 06:30:00+01:00,3247.4
2025-07-04 07:00:00+01:00,3425.26
2025-07-04 07:30:00+01:00,3636.5
2025-07-04 08:00:00+01:00,3827.56
2025-07-04 08:30:00+01:00,3973.97
2025-07-04 09:00:00+01:00,4061.09
2025-07-04 09:30:00+01:00,4069.92
2025-07-04 10:00:00+01:00,4053.02
2025-07-04 10:30:00+01:00,4045.05
2025-07-04 11:00:00+01:00,4058.09
2025-07-04 11:30:00+01:00,4081.75
2025-07-04 12:00:00+01:00,4053.82
2025-07-04 12:30:00+01:00,4090.63
2025-07-04 13:00:00+01:00,4078.69
2025-07-04 13:30:00+01:00,4016.25
2025-07-04 14:00:00+01:00,4013.82
2025-07-04 14:30:00+01:00,4005.13
2025-07-04 15:00:00+01:00,3952.28
2025-07-04 15:30:00+01:00,4009.82
2025-07-04 16:00:00+01:00,4052.11
2025-07-04 16:30:00+01:00,4095.96
2025-07-04 17:00:00+01:00,4114.86
2025-07-04 17:30:00+01:00,4153.51
2025-07-04 18:00:00+01:00,4159.78
2025-07-04 18:30:00+01:00,4117.4
2025-07-04 19:00:00+01:00,4051.85
2025-07-04 19:30:00+01:00,4026.01
2025-07-04 20:00:00+01:00,3951.94
2025-07-04 20:30:00+01:00,3878.53
2025-07-04 21:00:00+01:00,3807.58
2025-07-04 21:30:00+01:00,3731.09
2025-07-04 22:00:00+01:00,3690.43
2025-07-04 22:30:00+01:00,3675.57
2025-07-04 23:00:00+01:00,3586.68
2025-07-04 23:30:00+01:00,3503.95
2025-07-05 00:00:00+01:00,3385.42
2025-07-05 00:30:00+01:00,3316.5
2025-07-05 01:00:00+01:00,3227.28
2025-07-05 01:30:00+01:00,3173.02
2025-07-05 02:00:00+01:00,3120.21
2025-07-05 02:30:00+01:00,3178.31
2025-07-05 03:00:00+01:00,3124.48
2025-07-05 03:30:00+01:00,3087.2
2025-07-05 04:00:00+01:00,3053.44
2025-07-05 04:30:00+01:00,3078.77
2025-07-05 05:00:00+01:00,3032.23
2025-07-05 05:30:00+01:00,3025.4
2025-07-05 06:00:00+01:00,3042.18
2025-07-05 06:30:00+01:00,3099.59
2025-07-05 07:00:00+01:00,3176.59
2025-07-05 07:30:00+01:00,3320.0
2025-07-05 08:00:00+01:00,3449.84
2025-07-05 08:30:00+01:00,3555.61
2025-07-05 09:00:00+01:00,3635.71
2025-07-05 09:30:00+01:00,3724.54
2025-07-05 10:00:00+01:00,3706.65
2025-07-05 10:30:00+01:00,3720.42
2025-07-05 11:00:00+01:00,3720.9
2025-07-05 11:30:00+01:00,3665.7
2025-07-05 12:00:00+01:00,3641.66
2025-07-05 12:30:00+01:00,3638.73
2025-07-05 13:00:00+01:00,3603.43
2025-07-05 13:30:00+01:00,3580.55
2025-07-05 14:00:00+01:00,3522.51
2025-07-05 14:30:00+01:00,3486.56
2025-07-05 15:00:00+01:00,3465.86
2025-07-05 15:30:00+01:00,3483.32
2025-07-05 16:00:00+01:00,3515.09
2025-07-05 16:30:00+01:00,3550.54
2025-07-05 17:00:00+01:00,3598.76
2025-07-05 17:30:00+01:00,3652.86
2025-07-05 18:00:00+01:00,3684.5
2025-07-05 18:30:00+01:00,3683.82
2025-07-05 19:00:00+01:00,3694.45
2025-07-05 19:30:00+01:00,3688.32
2025-07-05 20:00:00+01:00,3642.67
2025-07-05 20:30:00+01:00,3636.35
2025-07-05 21:00:00+01:00,3605.46
2025-07-05 21:30:00+01:00,3560.33
2025-07-05 22:00:00+01:00,3479.56
2025-07-05 22:30:00+01:00,3485.87
2025-07-05 23:00:00+01:00,3403.86
2025-07-05 23:30:00+01:00,3310.09
2025-07-06 00:00:00+01:00,3205.92
2025-07-06 00:30:00+01:00,3166.63
2025-07-06 01:00:00+01:00,3083.93
2025-07-06 01:30:00+01:00,3039.97
2025-07-06 02:00:00+01:00,2960.06
2025-07-06 02:30:00+01:00,3005.67
2025-07-06 03:00:00+01:00,2946.94
2025-07-06 03:30:00+01:00,2928.16
2025-07-06 04:00:00+01:00,2889.48
2025-07-06 04:30:00+01:00,2880.11
2025-07-06 05:00:00+01:00,2832.41
2025-07-06 05:30:00+01:00,2797.14
2025-07-06 06:00:00+01:00,2783.79
2025-07-06 06:30:00+01:00,2832.99
2025-07-06 07:00:00+01:00,2886.68
2025-07-06 07:30:00+01:00,2972.62
2025-07-06 08:00:00+01:00,3064.68
2025-07-06 08:30:00+01:00,3184.22
2025-07-06 09:00:00+01:00,3277.49
2025-07-06 09:30:00+01:00,3378.75
2025-07-06 10:00:00+01:00,3443.98
2025-07-06 10:30:00+01:00,3457.41
2025-07-06 11:00:00+01:00,3504.22
2025-07-06 11:30:00+01:00,3481.04
2025-07-06 12:00:00+01:00,3520.15
2025-07-06 12:30:00+01:00,3484.14
2025-07-06 13:00:00+01:00,3522.56
2025-07-06 13:30:00+01:00,3437.96
2025-07-06 14:00:00+01:00,3381.66
2025-07-06 14:30:00+01:00,3377.52
2025-07-06 15:00:00+01:00,3359.74
2025-07-06 15:30:00+01:00,3367.19
2025-07-06 16:00:00+01:00,3375.57
2025-07-06 16:30:00+01:00,3432.5
2025-07-06 17:00:00+01:00,3552.9
2025-07-06 17:30:00+01:00,3628.34
2025-07-06 18:00:00+01:00,3715.92
2025-07-06 18:30:00+01:00,3723.72
2025-07-06 19:00:00+01:00,3746.15
2025-07-06 19:30:00+01:00,3680.34
2025-07-06 20:00:00+01:00,3594.32
2025-07-06 20:30:00+01:00,3548.06
2025-07-06 21:00:00+01:00,3472.67
2025-07-06 21:30:00+01:00,3458.76
2025-07-06 22:00:00+01:00,3377.25
2025-07-06 22:30:00+01:00,3350.15
2025-07-06 23:00:00+01:00,3248.05
2025-07-06 23:30:00+01:00,3175.36
2025-07-07 00:00:00+01:00,3083.94
2025-07-07 00:30:00+01:00,3040.54
2025-07-07 02:00:00+01:00,2901.03
2025-07-07 02:30:00+01:00,2971.31
2025-07-07 03:00:00+01:00,2933.9
2025-07-07 03:30:00+01:00,2914.54
2025-07-07 04:00:00+01:00,2908.74
2025-07-07 04:30:00+01:00,2940.71
2025-07-07 05:00:00+01:00,2880.94
2025-07-07 05:30:00+01:00,2919.63
2025-07-07 06:00:00+01:00,2997.91
2025-07-07 06:30:00+01:00,3147.71
2025-07-07 07:00:00+01:00,3347.09
2025-07-07 07:30:00+01:00,3612.05
2025-07-07 08:00:00+01:00,3747.15
2025-07-07 08:30:00+01:00,3848.32
2025-07-07 09:00:00+01:00,3917.05
2025-07-07 09:30:00+01:00,3929.17
2025-07-07 10:00:00+01:00,3901.42
2025-07-07 10:30:00+01:00,3826.1
2025-07-07 11:00:00+01:00,3754.73
2025-07-07 11:30:00+01:00,3704.24
2025-07-07 12:00:00+01:00,3690.85
2025-07-07 12:30:00+01:00,3744.5
2025-07-07 13:00:00+01:00,3724.13
2025-07-07 13:30:00+01:00,3693.77
2025-07-07 14:00:00+01:00,3644.2
2025-07-07 14:30:00+01:00,3661.77
2025-07-07 15:00:00+01:00,3640.91
2025-07-07 15:30:00+01:00,3663.07
2025-07-07 16:00:00+01:00,3678.85
2025-07-07 16:30:00+01:00,3749.41
2025-07-07 17:00:00+01:00,3843.23
2025-07-07 17:30:00+01:00,3909.51
2025-07-07 18:00:00+01:00,3944.27
2025-07-07 18:30:00+01:00,3961.43
2025-07-07 19:00:00+01:00,3950.62
2025-07-07 19:30:00+01:00,3934.2
2025-07-07 20:00:00+01:00,3932.21
2025-07-07 20:30:00+01:00,3898.2
2025-07-07 21:00:00+01:00,3848.62
2025-07-07 21:30:00+01:00,3798.93
2025-07-07 22:00:00+01:00,3765.69
2025-07-07 22:30:00+01:00,3737.08
2025-07-07 23:00:00+01:00,3596.11
2025-07-07 23:30:00+01:00,3509.96
2025-07-08 00:00:00+01:00,3367.8
2025-07-08 00:30:00+01:00,3320.33
2025-07-08 01:00:00+01:00,3227.61
2025-07-08 01:30:00+01:00,3175.6
2025-07-08 02:00:00+01:00,3152.95
2025-07-08 02:30:00+01:00,3206.66
2025-07-08 03:00:00+01:00,3192.19
2025-07-08 03:30:00+01:00,3160.89
2025-07-08 04:00:00+01:00,3139.48
2025-07-08 04:30:00+01:00,3116.04
2025-07-08 05:00:00+01:00,3088.0
2025-07-08 05:30:00+01:00,3107.31
2025-07-08 06:00:00+01:00,3182.65
2025-07-08 06:30:00+01:00,3370.57
2025-07-08 07:00:00+01:00,3555.72
2025-07-08 07:30:00+01:00,3795.2
2025-07-08 08:00:00+01:00,3976.79
2025-07-08 08:30:00+01:00,4120.24
2025-07-08 09:00:00+01:00,4208.04
2025-07-08 09:30:00+01:00,4223.47
2025-07-08 10:00:00+01:00,4210.93
2025-07-08 10:30:00+01:00,4208.39
2025-07-08 11:00:00+01:00,4194.03
2025-07-08 11:30:00+01:00,4179.82
2025-07-08 12:00:00+01:00,4153.71
2025-07-08 12:30:00+01:00,4158.62
2025-07-08 13:00:00+01:00,4135.77
2025-07-08 13:30:00+01:00,4078.45
2025-07-08 14:00:00+01:00,4031.39
2025-07-08 14:30:00+01:00,3986.75
2025-07-08 15:00:00+01:00,4007.56
2025-07-08 15:30:00+01:00,4017.89
2025-07-08 16:00:00+01:00,4036.77
2025-07-08 16:30:00+01:00,4079.18
2025-07-08 17:00:00+01:00,4149.72
2025-07-08 17:30:00+01:00,4193.08
2025-07-08 18:00:00+01:00,4220.77
2025-07-08 18:30:00+01:00,4181.66
2025-07-08 19:00:00+01:00,4129.19
2025-07-08 19:30:00+01:00,4105.66
2025-07-08 20:00:00+01:00,4026.66
2025-07-08 20:30:00+01:00,4060.82
2025-07-08 21:00:00+01:00,4036.87
2025-07-08 21:30:00+01:00,3974.71
2025-07-08 22:00:00+01:00,3904.94
2025-07-08 22:30:00+01:00,3868.74
2025-07-08 23:00:00+01:00,3715.95
2025-07-08 23:30:00+01:00,3568.75
2025-07-09 00:00:00+01:00,3430.41
2025-07-09 00:30:00+01:00,3362.05
2025-07-09 01:00:00+01:00,3266.28
2025-07-09 01:30:00+01:00,3216.65
2025-07-09 02:00:00+01:00,3139.8
2025-07-09 02:30:00+01:00,3203.52
2025-07-09 03:00:00+01:00,3172.16
2025-07-09 03:30:00+01:00,3148.28
2025-07-09 04:00:00+01:00,3122.5
2025-07-09 04:30:00+01:00,3126.09
2025-07-09 05:00:00+01:00,3120.66
2025-07-09 05:30:00+01:00,3106.32
2025-07-09 06:00:00+01:00,3202.82
2025-07-09 06:30:00+01:00,3376.07
2025-07-09 07:00:00+01:00,3581.83
2025-07-09 07:30:00+01:00,3810.63
2025-07-09 08:00:00+01:00,3975.36
2025-07-09 08:30:00+01:00,4121.9
2025-07-09 09:00:00+01:00,4155.89
2025-07-09 09:30:00+01:00,4147.21
2025-07-09 11:00:00+01:00,4009.35
2025-07-09 11:30:00+01:00,3978.88
2025-07-09 12:00:00+01:00,3944.07
2025-07-09 12:30:00+01:00,3947.66
2025-07-09 13:00:00+01:00,3921.91
2025-07-09 13:30:00+01:00,3884.84
2025-07-09 14:00:00+01:00,3852.56
2025-07-09 14:30:00+01:00,3852.78
2025-07-09 15:00:00+01:00,3838.88
2025-07-09 15:30:00+01:00,3868.03
2025-07-09 16:00:00+01:00,3911.23
2025-07-09 16:30:00+01:00,3967.12
2025-07-09 17:00:00+01:00,4045.06
2025-07-09 17:30:00+01:00,4128.51
2025-07-09 18:00:00+01:00,4161.52
2025-07-09 18:30:00+01:00,4156.89
2025-07-09 19:00:00+01:00,4138.72
2025-07-09 19:30:00+01:00,4136.87
2025-07-09 20:00:00+01:00,4132.16
2025-07-09 20:30:00+01:00,4091.72
2025-07-09 21:00:00+01:00,4059.66
2025-07-09 21:30:00+01:00,3993.75
2025-07-09 22:00:00+01:00,3922.19
2025-07-09 22:30:00+01:00,3900.4
2025-07-09 23:00:00+01:00,3746.0
2025-07-09 23:30:00+01:00,3617.18
2025-07-10 00:00:00+01:00,3488.22
2025-07-10 00:30:00+01:00,3400.32
2025-07-10 01:00:00+01:00,3308.45
2025-07-10 01:30:00+01:00,3254.77
2025-07-10 02:00:00+01:00,3202.02
2025-07-10 02:30:00+01:00,3259.5
2025-07-10 03:00:00+01:00,3203.36
2025-07-10 03:30:00+01:00,3181.49
2025-07-10 04:00:00+01:00,3144.71
2025-07-10 04:30:00+01:00,3149.48
2025-07-10 05:00:00+01:00,3138.53
2025-07-10 05:30:00+01:00,3135.56
2025-07-10 06:00:00+01:00,3222.68
2025-07-10 06:30:00+01:00,3393.51
2025-07-10 07:00:00+01:00,3578.55
2025-07-10 07:30:00+01:00,3808.02
2025-07-10 08:00:00+01:00,3972.55
2025-07-10 08:30:00+01:00,4119.27
2025-07-10 09:00:00+01:00,4118.17
2025-07-10 09:30:00+01:00,4116.16
2025-07-10 10:00:00+01:00,4034.67
2025-07-10 10:30:00+01:00,3998.55
2025-07-10 11:00:00+01:00,3968.35
2025-07-10 11:30:00+01:00,3951.96
2025-07-10 12:00:00+01:00,3920.92
2025-07-10 12:30:00+01:00,3923.58
2025-07-10 13:00:00+01:00,3905.2
2025-07-10 13:30:00+01:00,3876.41
2025-07-10 14:00:00+01:00,3850.27
2025-07-10 14:30:00+01:00,3862.51
2025-07-10 15:00:00+01:00,3859.27
2025-07-10 15:30:00+01:00,3887.9
2025-07-10 16:00:00+01:00,3907.9
2025-07-10 16:30:00+01:00,3967.06
2025-07-10 17:00:00+01:00,3988.4
2025-07-10 17:30:00+01:00,4115.64
2025-07-10 18:00:00+01:00,4139.74
2025-07-10 18:30:00+01:00,4140.11
2025-07-10 19:00:00+01:00,4142.04
2025-07-10 19:30:00+01:00,4150.92
2025-07-10 20:00:00+01:00,4153.39
2025-07-10 20:30:00+01:00,4132.84
2025-07-10 21:00:00+01:00,4092.61
2025-07-10 21:30:00+01:00,4004.93
2025-07-10 22:00:00+01:00,3918.12
2025-07-10 22:30:00+01:00,3901.32
2025-07-10 23:00:00+01:00,3774.95
2025-07-10 23:30:00+01:00,3660.27
2025-07-11 00:00:00+01:00,3540.21
2025-07-11 00:30:00+01:00,3459.03
2025-07-11 01:00:00+01:00,3352.26
2025-07-11 01:30:00+01:00,3319.92
2025-07-11 02:00:00+01:00,3245.47
2025-07-11 02:30:00+01:00,3290.92
2025-07-11 03:00:00+01:00,3231.1
2025-07-11 03:30:00+01:00,3209.08
2025-07-11 04:00:00+01:00,3174.69
2025-07-11 04:30:00+01:00,3159.86
2025-07-11 05:00:00+01:00,3139.9
2025-07-11 05:30:00+01:00,3119.41
2025-07-11 06:00:00+01:00,3221.05
2025-07-11 06:30:00+01:00,3367.74
2025-07-11 07:00:00+01:00,3558.75
2025-07-11 07:30:00+01:00,3801.86
2025-07-11 08:00:00+01:00,3948.32
2025-07-11 08:30:00+01:00,4088.8
2025-07-11 09:00:00+01:00,4112.48
2025-07-11 09:30:00+01:00,4116.97
2025-07-11 10:00:00+01:00,4037.12
2025-07-11 10:30:00+01:00,3981.23
2025-07-11 11:00:00+01:00,3927.98
2025-07-11 11:30:00+01:00,3894.16
2025-07-11 12:00:00+01:00,3844.14
2025-07-11 12:30:00+01:00,3834.04
2025-07-11 13:00:00+01:00,3798.59
2025-07-11 13:30:00+01:00,3752.03
2025-07-11 14:00:00+01:00,3729.99
2025-07-11 14:30:00+01:00,3719.95
2025-07-11 15:00:00+01:00,3709.88
2025-07-11 15:30:00+01:00,3713.06
2025-07-11 16:00:00+01:00,3723.8
2025-07-11 16:30:00+01:00,3789.31
2025-07-11 17:00:00+01:00,3890.36
2025-07-11 17:30:00+01:00,3966.85
2025-07-11 18:00:00+01:00,4005.27
2025-07-11 18:30:00+01:00,4037.26
2025-07-11 19:00:00+01:00,4030.62
2025-07-11 19:30:00+01:00,4035.43
2025-07-11 20:00:00+01:00,4019.74
2025-07-11 20:30:00+01:00,3999.71
2025-07-11 21:00:00+01:00,3973.44
2025-07-11 21:30:00+01:00,3888.72
2025-07-11 22:00:00+01:00,3840.52
2025-07-11 22:30:00+01:00,3825.29
2025-07-11 23:00:00+01:00,3724.77
2025-07-11 23:30:00+01:00,3619.56
2025-07-12 00:00:00+01:00,3501.07
2025-07-12 00:30:00+01:00,3408.68
2025-07-12 01:00:00+01:00,3303.41
2025-07-12 01:30:00+01:00,3245.32
2025-07-12 02:00:00+01:00,3182.54
2025-07-12 02:30:00+01:00,3215.27
2025-07-12 03:00:00+01:00,3144.66
2025-07-12 03:30:00+01:00,3118.64
2025-07-12 04:00:00+01:00,3072.05
2025-07-12 04:30:00+01:00,3058.13
2025-07-12 05:00:00+01:00,3005.24
2025-07-12 05:30:00+01:00,2974.07
2025-07-12 06:00:00+01:00,3011.63
2025-07-12 06:30:00+01:00,3093.01
2025-07-12 07:00:00+01:00,3173.41
2025-07-12 07:30:00+01:00,3318.88
2025-07-12 08:00:00+01:00,3430.41
2025-07-12 08:30:00+01:00,3533.22
2025-07-12 09:00:00+01:00,3614.13
2025-07-12 09:30:00+01:00,3652.84
2025-07-12 10:00:00+01:00,3608.6
2025-07-12 10:30:00+01:00,3573.63
2025-07-12 11:00:00+01:00,3541.55
2025-07-12 11:30:00+01:00,3493.11
2025-07-12 12:00:00+01:00,3471.37
2025-07-12 12:30:00+01:00,3452.49
2025-07-12 13:00:00+01:00,3433.32
2025-07-12 13:30:00+01:00,3378.0
2025-07-12 14:00:00+01:00,3343.21
2025-07-12 14:30:00+01:00,3365.11
2025-07-12 15:00:00+01:00,3351.12
2025-07-12 15:30:00+01:00,3354.74
2025-07-12 16:00:00+01:00,3375.17
2025-07-12 16:30:00+01:00,3448.71
2025-07-12 17:00:00+01:00,3510.73
2025-07-12 17:30:00+01:00,3599.71
2025-07-12 18:00:00+01:00,3678.6
2025-07-12 18:30:00+01:00,3710.6
2025-07-12 19:00:00+01:00,3759.97
2025-07-12 19:30:00+01:00,3758.32
2025-07-12 20:00:00+01:00,3746.92
2025-07-12 20:30:00+01:00,3723.27
2025-07-12 21:00:00+01:00,3684.91
2025-07-12 21:30:00+01:00,3636.18
2025-07-12 22:00:00+01:00,3599.18
2025-07-12 22:30:00+01:00,3579.75
2025-07-12 23:00:00+01:00,3462.8
2025-07-12 23:30:00+01:00,3377.89
2025-07-13 00:00:00+01:00,3303.98
2025-07-13 00:30:00+01:00,3231.89
2025-07-13 01:00:00+01:00,3147.68
2025-07-13 01:30:00+01:00,3089.57
2025-07-13 02:00:00+01:00,3068.89
2025-07-13 02:30:00+01:00,3085.62
2025-07-13 03:00:00+01:00,3038.17
2025-07-13 03:30:00+01:00,3003.38
2025-07-13 04:00:00+01:00,2967.14
2025-07-13 04:30:00+01:00,2970.3
2025-07-13 05:00:00+01:00,2918.8
2025-07-13 05:30:00+01:00,2882.31
2025-07-13 06:00:00+01:00,2893.24
2025-07-13 06:30:00+01:00,2924.68
2025-07-13 07:00:00+01:00,3003.21
2025-07-13 07:30:00+01:00,3090.54
2025-07-13 08:00:00+01:00,3163.87
2025-07-13 08:30:00+01:00,3293.17
2025-07-13 09:00:00+01:00,3354.92
2025-07-13 09:30:00+01:00,3438.2
2025-07-13 10:00:00+01:00,3465.53
2025-07-13 10:30:00+01:00,3458.25
2025-07-13 11:00:00+01:00,3415.26
2025-07-13 11:30:00+01:00,3376.99
2025-07-13 12:00:00+01:00,3350.96
2025-07-13 12:30:00+01:00,3319.38
2025-07-13 13:00:00+01:00,3293.5
2025-07-13 13:30:00+01:00,3278.41
2025-07-13 14:00:00+01:00,3267.65
2025-07-13 14:30:00+01:00,3266.57
2025-07-13 15:00:00+01:00,3283.27
2025-07-13 15:30:00+01:00,3313.93
2025-07-13 16:00:00+01:00,3366.22
2025-07-13 16:30:00+01:00,3416.26
2025-07-13 17:00:00+01:00,3514.48
2025-07-13 17:30:00+01:00,3591.62
2025-07-13 18:00:00+01:00,3717.4
2025-07-13 18:30:00+01:00,3690.92
2025-07-13 19:00:00+01:00,3712.36
2025-07-13 19:30:00+01:00,3749.45
2025-07-13 20:00:00+01:00,3753.9
2025-07-13 20:30:00+01:00,3691.02
2025-07-13 21:00:00+01:00,3646.08
2025-07-13 21:30:00+01:00,3602.84
2025-07-13 22:00:00+01:00,3581.88
2025-07-13 22:30:00+01:00,3534.75
2025-07-13 23:00:00+01:00,3442.85
2025-07-13 23:30:00+01:00,3387.07
2025-07-14 00:00:00+01:00,3263.96
2025-07-14 00:30:00+01:00,3190.57
2025-07-14 01:00:00+01:00,3093.26
2025-07-14 01:30:00+01:00,3064.98
2025-07-14 02:00:00+01:00,3038.83
2025-07-14 02:30:00+01:00,3072.3
2025-07-14 03:00:00+01:00,3040.72
2025-07-14 03:30:00+01:00,3026.13
2025-07-14 04:00:00+01:00,2999.62
2025-07-14 04:30:00+01:00,3009.5
2025-07-14 05:00:00+01:00,2999.89
2025-07-14 05:30:00+01:00,2988.58
2025-07-14 06:00:00+01:00,3083.78
2025-07-14 06:30:00+01:00,3252.9
2025-07-14 07:00:00+01:00,3428.39
2025-07-14 07:30:00+01:00,3584.91
2025-07-14 08:00:00+01:00,3763.88
2025-07-14 08:30:00+01:00,3902.46
2025-07-14 09:00:00+01:00,3913.36
2025-07-14 09:30:00+01:00,3935.46
2025-07-14 10:00:00+01:00,3890.48
2025-07-14 10:30:00+01:00,3830.5
2025-07-14 11:00:00+01:00,3736.26
2025-07-14 11:30:00+01:00,3784.6
2025-07-14 12:00:00+01:00,3797.28
2025-07-14 12:30:00+01:00,3826.41
2025-07-14 13:00:00+01:00,3801.66
2025-07-14 13:30:00+01:00,3802.06
2025-07-14 14:00:00+01:00,3814.94
2025-07-14 14:30:00+01:00,3817.13
2025-07-14 15:00:00+01:00,3825.93
2025-07-14 15:30:00+01:00,3766.18
2025-07-14 16:00:00+01:00,3790.21
2025-07-14 16:30:00+01:00,3814.88
2025-07-14 17:00:00+01:00,3859.88
2025-07-14 17:30:00+01:00,4000.7
2025-07-14 18:00:00+01:00,4031.04
2025-07-14 18:30:00+01:00,3977.16
2025-07-14 19:00:00+01:00,3988.39
2025-07-14 19:30:00+01:00,3953.22
2025-07-14 20:00:00+01:00,3875.18
2025-07-14 20:30:00+01:00,3835.19
2025-07-14 21:00:00+01:00,3761.52
2025-07-14 21:30:00+01:00,3675.57
2025-07-14 22:00:00+01:00,3698.5
2025-07-14 22:30:00+01:00,3630.29
2025-07-14 23:00:00+01:00,3488.57
2025-07-14 23:30:00+01:00,3383.94
2025-07-15 00:00:00+01:00,3297.38
2025-07-15 00:30:00+01:00,3205.53
2025-07-15 01:00:00+01:00,3123.59
2025-07-15 01:30:00+01:00,3087.37
2025-07-15 02:00:00+01:00,3054.11
2025-07-15 02:30:00+01:00,3096.53
2025-07-15 03:00:00+01:00,3080.23
2025-07-15 03:30:00+01:00,3090.46
2025-07-15 04:00:00+01:00,3078.98
2025-07-15 04:30:00+01:00,3078.47
2025-07-15 05:00:00+01:00,3042.77
2025-07-15 05:30:00+01:00,3058.92
2025-07-15 06:00:00+01:00,3118.26
2025-07-15 06:30:00+01:00,3318.62
2025-07-15 07:00:00+01:00,3505.95
2025-07-15 07:30:00+01:00,3757.65
2025-07-15 08:00:00+01:00,3887.56
2025-07-15 08:30:00+01:00,4082.75
2025-07-15 09:00:00+01:00,4139.26
2025-07-15 09:30:00+01:00,4190.24
2025-07-15 10:00:00+01:00,4163.2
2025-07-15 10:30:00+01:00,4096.04
2025-07-15 11:00:00+01:00,4030.45
2025-07-15 11:30:00+01:00,3999.4
2025-07-15 12:00:00+01:00,3943.79
2025-07-15 12:30:00+01:00,3977.01
2025-07-15 13:00:00+01:00,3942.76
2025-07-15 13:30:00+01:00,3859.09
2025-07-15 14:00:00+01:00,3854.04
2025-07-15 14:30:00+01:00,3866.11
2025-07-15 15:00:00+01:00,3892.17
2025-07-15 15:30:00+01:00,3828.92
2025-07-15 16:00:00+01:00,3929.47
2025-07-15 16:30:00+01:00,3970.45
2025-07-15 17:00:00+01:00,3953.92
2025-07-15 17:30:00+01:00,4092.55
2025-07-15 18:00:00+01:00,4080.41
2025-07-15 18:30:00+01:00,4052.75
2025-07-15 19:00:00+01:00,4001.27
2025-07-15 19:30:00+01:00,3990.48
2025-07-15 20:00:00+01:00,3954.55
2025-07-15 20:30:00+01:00,3940.18
2025-07-15 21:00:00+01:00,3947.34
2025-07-15 21:30:00+01:00,3896.47
2025-07-15 22:00:00+01:00,3845.97
2025-07-15 22:30:00+01:00,3793.25
2025-07-15 23:00:00+01:00,3668.2
2025-07-15 23:30:00+01:00,3565.67
2025-07-16 00:00:00+01:00,3425.99
2025-07-16 00:30:00+01:00,3352.86
2025-07-16 01:00:00+01:00,3300.43
2025-07-16 01:30:00+01:00,3225.63
2025-07-16 02:00:00+01:00,3209.62
2025-07-16 02:30:00+01:00,3228.33
2025-07-16 03:00:00+01:00,3191.07
2025-07-16 03:30:00+01:00,3170.59
2025-07-16 04:00:00+01:00,3144.25
2025-07-16 04:30:00+01:00,3135.6
2025-07-16 05:00:00+01:00,3125.87
2025-07-16 05:30:00+01:00,3127.76
2025-07-16 06:00:00+01:00,3216.88
2025-07-16 06:30:00+01:00,3388.34
2025-07-16 07:00:00+01:00,3557.55
2025-07-16 07:30:00+01:00,3777.88
2025-07-16 08:00:00+01:00,3951.47
2025-07-16 08:30:00+01:00,4081.31
2025-07-16 09:00:00+01:00,4123.01
2025-07-16 09:30:00+01:00,4125.55
2025-07-16 10:00:00+01:00,4063.48
2025-07-16 10:30:00+01:00,4032.31
2025-07-16 11:00:00+01:00,4019.33
2025-07-16 11:30:00+01:00,4020.44
2025-07-16 12:00:00+01:00,4037.42
2025-07-16 12:30:00+01:00,4062.98
2025-07-16 13:00:00+01:00,4045.28
2025-07-16 13:30:00+01:00,4004.88
2025-07-16 14:00:00+01:00,3973.53
2025-07-16 14:30:00+01:00,3976.96
2025-07-16 15:00:00+01:00,4011.58
2025-07-16 15:30:00+01:00,4033.56
2025-07-16 16:00:00+01:00,4063.38
2025-07-16 16:30:00+01:00,4135.11
2025-07-16 17:00:00+01:00,4210.05
2025-07-16 17:30:00+01:00,4297.33
2025-07-16 18:00:00+01:00,4304.9
2025-07-16 18:30:00+01:00,4267.3
2025-07-16 19:00:00+01:00,4209.8
2025-07-16 19:30:00+01:00,4195.32
2025-07-16 20:00:00+01:00,4140.25
2025-07-16 20:30:00+01:00,4098.32
2025-07-16 21:00:00+01:00,4044.33
2025-07-16 21:30:00+01:00,3975.37
2025-07-16 22:00:00+01:00,3933.97
2025-07-16 22:30:00+01:00,3846.22
2025-07-16 23:00:00+01:00,3689.24
2025-07-16 23:30:00+01:00,3582.97
2025-07-17 00:00:00+01:00,3461.87
2025-07-17 00:30:00+01:00,3389.38
2025-07-17 01:00:00+01:00,3306.94
2025-07-17 01:30:00+01:00,3230.19
2025-07-17 02:00:00+01:00,3189.77
2025-07-17 02:30:00+01:00,3233.3
2025-07-17 03:00:00+01:00,3197.03
2025-07-17 03:30:00+01:00,3166.52
2025-07-17 04:00:00+01:00,3137.97
2025-07-17 04:30:00+01:00,3113.78
2025-07-17 05:00:00+01:00,3105.49
2025-07-17 05:30:00+01:00,3120.02
2025-07-17 06:00:00+01:00,3189.0
2025-07-17 06:30:00+01:00,3356.22
2025-07-17 07:00:00+01:00,3546.39
2025-07-17 07:30:00+01:00,3792.57
2025-07-17 08:00:00+01:00,3918.72
2025-07-17 08:30:00+01:00,4064.62
2025-07-17 09:00:00+01:00,4171.6
2025-07-17 09:30:00+01:00,4184.79
2025-07-17 10:00:00+01:00,4180.16
2025-07-17 10:30:00+01:00,4188.77
2025-07-17 11:00:00+01:00,4170.45
2025-07-17 11:30:00+01:00,4158.21
2025-07-17 12:00:00+01:00,4169.64
2025-07-17 12:30:00+01:00,4154.83
2025-07-17 13:00:00+01:00,4127.84
2025-07-17 13:30:00+01:00,4101.65
2025-07-17 14:00:00+01:00,4162.5
2025-07-17 14:30:00+01:00,4150.36
2025-07-17 15:00:00+01:00,4114.3
2025-07-17 15:30:00+01:00,4144.07
2025-07-17 16:00:00+01:00,4178.49
2025-07-17 16:30:00+01:00,4215.83
2025-07-17 17:00:00+01:00,4275.18
2025-07-17 17:30:00+01:00,4347.06
2025-07-17 18:00:00+01:00,4296.6
2025-07-17 18:30:00+01:00,4244.63
2025-07-17 19:00:00+01:00,4214.52
2025-07-17 19:30:00+01:00,4134.85
2025-07-17 20:00:00+01:00,4068.09
2025-07-17 20:30:00+01:00,4069.96
2025-07-17 21:00:00+01:00,4021.01
2025-07-17 21:30:00+01:00,3938.53
2025-07-17 22:00:00+01:00,3905.59
2025-07-17 22:30:00+01:00,3847.8
2025-07-17 23:00:00+01:00,3725.11
2025-07-17 23:30:00+01:00,3603.74
2025-07-18 00:00:00+01:00,3489.05
2025-07-18 00:30:00+01:00,3384.2
2025-07-18 01:00:00+01:00,3291.68
2025-07-18 01:30:00+01:00,3216.48
2025-07-18 02:00:00+01:00,3186.18
2025-07-18 02:30:00+01:00,3221.13
2025-07-18 03:00:00+01:00,3187.1
2025-07-18 03:30:00+01:00,3162.72
2025-07-18 04:00:00+01:00,3124.4
2025-07-18 04:30:00+01:00,3114.26
2025-07-18 05:00:00+01:00,3135.1
2025-07-18 05:30:00+01:00,3120.07
2025-07-18 06:00:00+01:00,3226.27
2025-07-18 06:30:00+01:00,3381.2
2025-07-18 07:00:00+01:00,3550.91
2025-07-18 07:30:00+01:00,3774.05
2025-07-18 08:00:00+01:00,3979.71
2025-07-18 08:30:00+01:00,4156.54
2025-07-18 09:00:00+01:00,4240.67
2025-07-18 09:30:00+01:00,4250.24
2025-07-18 10:00:00+01:00,4231.76
2025-07-18 10:30:00+01:00,4194.39
2025-07-18 11:00:00+01:00,4167.1
2025-07-18 11:30:00+01:00,4130.43
2025-07-18 12:00:00+01:00,4120.82
2025-07-18 12:30:00+01:00,4130.22
2025-07-18 13:00:00+01:00,4130.45
2025-07-18 13:30:00+01:00,4088.77
2025-07-18 14:00:00+01:00,4041.57
2025-07-18 14:30:00+01:00,4037.2
2025-07-18 15:00:00+01:00,4022.31
2025-07-18 15:30:00+01:00,4038.29
2025-07-18 16:00:00+01:00,4030.6
2025-07-18 16:30:00+01:00,4070.59
2025-07-18 17:00:00+01:00,4132.64
2025-07-18 17:30:00+01:00,4218.66
2025-07-18 18:00:00+01:00,4220.5
2025-07-18 18:30:00+01:00,4179.8
2025-07-18 19:00:00+01:00,4130.3
2025-07-18 19:30:00+01:00,4079.04
2025-07-18 20:00:00+01:00,4065.0
2025-07-18 20:30:00+01:00,3998.4
2025-07-18 21:00:00+01:00,3944.16
2025-07-18 21:30:00+01:00,3882.74
2025-07-18 22:00:00+01:00,3857.96
2025-07-18 22:30:00+01:00,3803.12
2025-07-18 23:00:00+01:00,3685.45
2025-07-18 23:30:00+01:00,3599.51
2025-07-19 00:00:00+01:00,3490.18
2025-07-19 00:30:00+01:00,3427.63
2025-07-19 01:00:00+01:00,3329.91
2025-07-19 01:30:00+01:00,3266.81
2025-07-19 02:00:00+01:00,3227.21
2025-07-19 02:30:00+01:00,3262.98
2025-07-19 03:00:00+01:00,3217.02
2025-07-19 03:30:00+01:00,3174.51
2025-07-19 04:00:00+01:00,3138.84
2025-07-19 04:30:00+01:00,3124.56
2025-07-19 05:00:00+01:00,3112.76
2025-07-19 05:30:00+01:00,3087.97
2025-07-19 06:00:00+01:00,3086.48
2025-07-19 06:30:00+01:00,3155.69
2025-07-19 07:00:00+01:00,3227.9
2025-07-19 07:30:00+01:00,3362.58
2025-07-19 08:00:00+01:00,3476.49
2025-07-19 08:30:00+01:00,3605.85
2025-07-19 09:00:00+01:00,3694.71
2025-07-19 09:30:00+01:00,3764.93
2025-07-19 10:00:00+01:00,3764.36
2025-07-19 10:30:00+01:00,3803.61
2025-07-19 11:00:00+01:00,3810.71
2025-07-19 11:30:00+01:00,3769.47
2025-07-19 12:00:00+01:00,3777.02
2025-07-19 12:30:00+01:00,3723.01
2025-07-19 13:00:00+01:00,3710.42
2025-07-19 13:30:00+01:00,3706.7
2025-07-19 14:00:00+01:00,3715.07
2025-07-19 14:30:00+01:00,3673.01
2025-07-19 15:00:00+01:00,3605.15
2025-07-19 15:30:00+01:00,3645.72
2025-07-19 16:00:00+01:00,3617.19
2025-07-19 16:30:00+01:00,3693.22
2025-07-19 17:00:00+01:00,3733.72
2025-07-19 17:30:00+01:00,3827.5
2025-07-19 18:00:00+01:00,3885.0
2025-07-19 18:30:00+01:00,3881.48
2025-07-19 19:00:00+01:00,3858.18
2025-07-19 19:30:00+01:00,3781.44
2025-07-19 20:00:00+01:00,3750.28
2025-07-19 20:30:00+01:00,3734.21
2025-07-19 21:00:00+01:00,3647.26
2025-07-19 21:30:00+01:00,3587.67
2025-07-19 22:00:00+01:00,3546.71
2025-07-19 22:30:00+01:00,3477.77
2025-07-19 23:00:00+01:00,3364.52
2025-07-19 23:30:00+01:00,3330.19
2025-07-20 00:00:00+01:00,3265.77
2025-07-20 00:30:00+01:00,3216.28
2025-07-20 01:00:00+01:00,3139.74
2025-07-20 01:30:00+01:00,3094.24
2025-07-20 02:00:00+01:00,3059.37
2025-07-20 02:30:00+01:00,3107.86
2025-07-20 03:00:00+01:00,3047.45
2025-07-20 03:30:00+01:00,3006.49
2025-07-20 04:00:00+01:00,2960.03
2025-07-20 04:30:00+01:00,2948.94
2025-07-20 05:00:00+01:00,2929.98
2025-07-20 05:30:00+01:00,2885.3
2025-07-20 06:00:00+01:00,2881.05
2025-07-20 06:30:00+01:00,2935.05
2025-07-20 07:00:00+01:00,2974.91
2025-07-20 07:30:00+01:00,3075.68
2025-07-20 08:00:00+01:00,3171.44
2025-07-20 08:30:00+01:00,3294.59
2025-07-20 09:00:00+01:00,3366.25
2025-07-20 09:30:00+01:00,3468.69
2025-07-20 10:00:00+01:00,3553.34
2025-07-20 10:30:00+01:00,3615.43
2025-07-20 11:00:00+01:00,3611.29
2025-07-20 11:30:00+01:00,3633.4
2025-07-20 12:00:00+01:00,3667.93
2025-07-20 12:30:00+01:00,3687.03
2025-07-20 13:00:00+01:00,3688.2
2025-07-20 13:30:00+01:00,3656.95
2025-07-20 14:00:00+01:00,3610.84
2025-07-20 14:30:00+01:00,3584.76
2025-07-20 15:00:00+01:00,3513.59
2025-07-20 15:30:00+01:00,3502.84
2025-07-20 16:00:00+01:00,3509.09
2025-07-20 16:30:00+01:00,3575.16
2025-07-20 17:00:00+01:00,3576.59
2025-07-20 17:30:00+01:00,3698.17
2025-07-20 18:00:00+01:00,3808.47
2025-07-20 18:30:00+01:00,3825.67
2025-07-20 19:00:00+01:00,3840.82
2025-07-20 19:30:00+01:00,3825.09
2025-07-20 20:00:00+01:00,3805.27
2025-07-20 20:30:00+01:00,3745.0
2025-07-20 21:00:00+01:00,3706.5
2025-07-20 21:30:00+01:00,3666.05
2025-07-20 22:00:00+01:00,3630.18
2025-07-20 22:30:00+01:00,3556.98
2025-07-20 23:00:00+01:00,3420.67
2025-07-20 23:30:00+01:00,3363.92
2025-07-21 00:00:00+01:00,3230.44
2025-07-21 00:30:00+01:00,3163.79
2025-07-21 01:00:00+01:00,3069.87
2025-07-21 01:30:00+01:00,3018.76
2025-07-21 02:00:00+01:00,2987.32
2025-07-21 02:30:00+01:00,3046.08
2025-07-21 03:00:00+01:00,2985.22
2025-07-21 03:30:00+01:00,2928.18
2025-07-21 04:00:00+01:00,2889.84
2025-07-21 04:30:00+01:00,2904.7
2025-07-21 05:00:00+01:00,2899.48
2025-07-21 05:30:00+01:00,2915.9
2025-07-21 06:00:00+01:00,3016.8
2025-07-21 06:30:00+01:00,3180.19
2025-07-21 07:00:00+01:00,3359.22
2025-07-21 07:30:00+01:00,3607.15
2025-07-21 08:00:00+01:00,3765.22
2025-07-21 08:30:00+01:00,3980.82
2025-07-21 09:00:00+01:00,4082.73
2025-07-21 09:30:00+01:00,4189.98
2025-07-21 10:00:00+01:00,4154.8
2025-07-21 10:30:00+01:00,4171.6
2025-07-21 11:00:00+01:00,4169.65
2025-07-21 11:30:00+01:00,4172.27
2025-07-21 12:00:00+01:00,4175.69
2025-07-21 12:30:00+01:00,4242.15
2025-07-21 13:00:00+01:00,4192.79
2025-07-21 13:30:00+01:00,4152.09
2025-07-21 14:00:00+01:00,4143.56
2025-07-21 14:30:00+01:00,4140.03
2025-07-21 15:00:00+01:00,4085.54
2025-07-21 15:30:00+01:00,4117.45
2025-07-21 16:00:00+01:00,4128.38
2025-07-21 16:30:00+01:00,4139.48
2025-07-21 17:00:00+01:00,4197.3
2025-07-21 17:30:00+01:00,4256.07
2025-07-21 18:00:00+01:00,4231.07
2025-07-21 18:30:00+01:00,4159.87
2025-07-21 19:00:00+01:00,4130.04
2025-07-21 19:30:00+01:00,4091.66
2025-07-21 20:00:00+01:00,4066.23
2025-07-21 20:30:00+01:00,4005.7
2025-07-21 21:00:00+01:00,3975.91
2025-07-21 21:30:00+01:00,3901.51
2025-07-21 22:00:00+01:00,3859.84
2025-07-21 22:30:00+01:00,3762.87
2025-07-21 23:00:00+01:00,3611.56
2025-07-21 23:30:00+01:00,3488.43
2025-07-22 00:00:00+01:00,3397.31
2025-07-22 00:30:00+01:00,3330.86
2025-07-22 01:00:00+01:00,3251.48
2025-07-22 01:30:00+01:00,3194.02
2025-07-22 02:00:00+01:00,3127.48
2025-07-22 02:30:00+01:00,3216.97
2025-07-22 03:00:00+01:00,3208.84
2025-07-22 03:30:00+01:00,3187.5
2025-07-22 04:00:00+01:00,3168.7
2025-07-22 04:30:00+01:00,3142.52
2025-07-22 05:00:00+01:00,3136.4
2025-07-22 05:30:00+01:00,3147.38
2025-07-22 06:00:00+01:00,3205.64
2025-07-22 06:30:00+01:00,3357.53
2025-07-22 07:00:00+01:00,3540.99
2025-07-22 07:30:00+01:00,3790.64
2025-07-22 08:00:00+01:00,3976.62
2025-07-22 08:30:00+01:00,4118.48
2025-07-22 09:00:00+01:00,4193.92
2025-07-22 09:30:00+01:00,4207.08
2025-07-22 10:00:00+01:00,4186.38
2025-07-22 10:30:00+01:00,4157.43
2025-07-22 11:00:00+01:00,4164.86
2025-07-22 11:30:00+01:00,4127.43
2025-07-22 12:00:00+01:00,4138.4
2025-07-22 12:30:00+01:00,4175.4
2025-07-22 13:00:00+01:00,4178.92
2025-07-22 13:30:00+01:00,4101.59
2025-07-22 14:00:00+01:00,4098.95
2025-07-22 14:30:00+01:00,4133.06
2025-07-22 15:00:00+01:00,4135.84
2025-07-22 15:30:00+01:00,4110.91
2025-07-22 16:00:00+01:00,4149.37
2025-07-22 16:30:00+01:00,4214.95
2025-07-22 17:00:00+01:00,4287.78
2025-07-22 17:30:00+01:00,4302.79
2025-07-22 18:00:00+01:00,4304.76
2025-07-22 18:30:00+01:00,4270.05
2025-07-22 19:00:00+01:00,4220.69
2025-07-22 19:30:00+01:00,4207.19
2025-07-22 20:00:00+01:00,4135.51
2025-07-22 20:30:00+01:00,4084.78
2025-07-22 21:00:00+01:00,4064.4
2025-07-22 21:30:00+01:00,3992.21
2025-07-22 22:00:00+01:00,3959.97
2025-07-22 22:30:00+01:00,3851.93
2025-07-22 23:00:00+01:00,3682.49
2025-07-22 23:30:00+01:00,3564.31
2025-07-23 00:00:00+01:00,3430.59
2025-07-23 00:30:00+01:00,3371.1
2025-07-23 01:00:00+01:00,3262.52
2025-07-23 01:30:00+01:00,3200.07
2025-07-23 02:00:00+01:00,3162.77
2025-07-23 02:30:00+01:00,3205.63
2025-07-23 03:00:00+01:00,3172.02
2025-07-23 03:30:00+01:00,3150.25
2025-07-23 04:00:00+01:00,3119.52
2025-07-23 04:30:00+01:00,3109.65
2025-07-23 05:00:00+01:00,3115.87
2025-07-23 05:30:00+01:00,3120.6
2025-07-23 06:00:00+01:00,3206.54
2025-07-23 06:30:00+01:00,3385.98
2025-07-23 07:00:00+01:00,3560.33
2025-07-23 07:30:00+01:00,3783.37
2025-07-23 08:00:00+01:00,3974.6
2025-07-23 08:30:00+01:00,4105.32
2025-07-23 09:00:00+01:00,4152.81
2025-07-23 09:30:00+01:00,4165.34
2025-07-23 10:00:00+01:00,4148.16
2025-07-23 10:30:00+01:00,4110.02
2025-07-23 11:00:00+01:00,4111.7
2025-07-23 11:30:00+01:00,4127.14
2025-07-23 12:00:00+01:00,4102.72
2025-07-23 12:30:00+01:00,4133.07
2025-07-23 13:00:00+01:00,4115.46
2025-07-23 13:30:00+01:00,4035.1
2025-07-23 14:00:00+01:00,4022.59
2025-07-23 14:30:00+01:00,4066.55
2025-07-23 15:00:00+01:00,3986.62
2025-07-23 15:30:00+01:00,4045.7
2025-07-23 16:00:00+01:00,4053.92
2025-07-23 16:30:00+01:00,4108.13
2025-07-23 17:00:00+01:00,4170.65
2025-07-23 17:30:00+01:00,4224.13
2025-07-23 18:00:00+01:00,4206.05
2025-07-23 18:30:00+01:00,4199.16
2025-07-23 19:00:00+01:00,4159.05
2025-07-23 19:30:00+01:00,4118.66
2025-07-23 20:00:00+01:00,4072.26
2025-07-23 20:30:00+01:00,3996.54
2025-07-23 21:00:00+01:00,3954.19
2025-07-23 21:30:00+01:00,3901.59
2025-07-23 22:00:00+01:00,3882.51
2025-07-23 22:30:00+01:00,3789.21
2025-07-23 23:00:00+01:00,3640.65
2025-07-23 23:30:00+01:00,3524.82
2025-07-24 00:00:00+01:00,3382.28
2025-07-24 00:30:00+01:00,3325.99
2025-07-24 01:00:00+01:00,3244.75
2025-07-24 01:30:00+01:00,3198.11
2025-07-24 02:00:00+01:00,3156.34
2025-07-24 02:30:00+01:00,3205.31
2025-07-24 03:00:00+01:00,3161.78
2025-07-24 03:30:00+01:00,3135.16
2025-07-24 04:00:00+01:00,3108.83
2025-07-24 04:30:00+01:00,3116.28
2025-07-24 05:00:00+01:00,3126.03
2025-07-24 05:30:00+01:00,3139.9
2025-07-24 06:00:00+01:00,3211.32
2025-07-24 06:30:00+01:00,3373.31
2025-07-24 07:00:00+01:00,3570.31
2025-07-24 07:30:00+01:00,3794.84
2025-07-24 08:00:00+01:00,3937.55
2025-07-24 08:30:00+01:00,4078.48
2025-07-24 09:00:00+01:00,4119.58
2025-07-24 09:30:00+01:00,4116.82
2025-07-24 10:00:00+01:00,4085.85
2025-07-24 10:30:00+01:00,4041.18
2025-07-24 11:00:00+01:00,4024.37
2025-07-24 11:30:00+01:00,3985.55
2025-07-24 12:00:00+01:00,3961.45
2025-07-24 12:30:00+01:00,3940.54
2025-07-24 13:00:00+01:00,3931.23
2025-07-24 13:30:00+01:00,3878.46
2025-07-24 14:00:00+01:00,3839.82
2025-07-24 14:30:00+01:00,3828.25
2025-07-24 15:00:00+01:00,3823.19
2025-07-24 15:30:00+01:00,3874.43
2025-07-24 16:00:00+01:00,3882.48
2025-07-24 16:30:00+01:00,3914.26
2025-07-24 17:00:00+01:00,3985.82
2025-07-24 17:30:00+01:00,4092.86
2025-07-24 18:00:00+01:00,4094.9
2025-07-24 18:30:00+01:00,4091.06
2025-07-24 19:00:00+01:00,4111.46
2025-07-24 19:30:00+01:00,4095.49
2025-07-24 20:00:00+01:00,4057.91
2025-07-24 20:30:00+01:00,4033.71
2025-07-24 21:00:00+01:00,3994.48
2025-07-24 21:30:00+01:00,3921.57
2025-07-24 22:00:00+01:00,3897.22
2025-07-24 22:30:00+01:00,3787.18
2025-07-24 23:00:00+01:00,3617.37
2025-07-24 23:30:00+01:00,3520.09
2025-07-25 00:00:00+01:00,3420.06
2025-07-25 00:30:00+01:00,3338.74
2025-07-25 01:00:00+01:00,3263.79
2025-07-25 01:30:00+01:00,3227.37
2025-07-25 02:00:00+01:00,3167.06
2025-07-25 02:30:00+01:00,3209.74
2025-07-25 03:00:00+01:00,3164.92
2025-07-25 03:30:00+01:00,3142.63
2025-07-25 04:00:00+01:00,3126.81
2025-07-25 04:30:00+01:00,3115.98
2025-07-25 05:00:00+01:00,3131.29
2025-07-25 05:30:00+01:00,3146.36
2025-07-25 06:00:00+01:00,3210.74
2025-07-25 06:30:00+01:00,3368.29
2025-07-25 07:00:00+01:00,3536.7
2025-07-25 07:30:00+01:00,3770.94
2025-07-25 08:00:00+01:00,3922.43
2025-07-25 08:30:00+01:00,4113.28
2025-07-25 09:00:00+01:00,4183.73
2025-07-25 09:30:00+01:00,4192.24
2025-07-25 10:00:00+01:00,4181.95
2025-07-25 10:30:00+01:00,4135.86
2025-07-25 11:00:00+01:00,4139.94
2025-07-25 11:30:00+01:00,4120.46
2025-07-25 12:00:00+01:00,4087.15
2025-07-25 12:30:00+01:00,4066.29
2025-07-25 13:00:00+01:00,4048.45
2025-07-25 13:30:00+01:00,3969.52
2025-07-25 14:00:00+01:00,3954.05
2025-07-25 14:30:00+01:00,3956.74
2025-07-25 15:00:00+01:00,3896.54
2025-07-25 15:30:00+01:00,3905.84
2025-07-25 16:00:00+01:00,3931.77
2025-07-25 16:30:00+01:00,3975.32
2025-07-25 17:00:00+01:00,3999.92
2025-07-25 17:30:00+01:00,4070.69
2025-07-25 18:00:00+01:00,4074.39
2025-07-25 18:30:00+01:00,4074.7
2025-07-25 19:00:00+01:00,4061.01
2025-07-25 19:30:00+01:00,4020.38
2025-07-25 20:00:00+01:00,3991.64
2025-07-25 20:30:00+01:00,3936.06
2025-07-25 21:00:00+01:00,3890.28
2025-07-25 21:30:00+01:00,3803.05
2025-07-25 22:00:00+01:00,3809.29
2025-07-25 22:30:00+01:00,3704.74
2025-07-25 23:00:00+01:00,3575.23
2025-07-25 23:30:00+01:00,3493.61
2025-07-26 00:00:00+01:00,3377.2
2025-07-26 00:30:00+01:00,3311.61
2025-07-26 01:00:00+01:00,3253.25
2025-07-26 01:30:00+01:00,3181.97
2025-07-26 02:00:00+01:00,3150.98
2025-07-26 02:30:00+01:00,3199.47
2025-07-26 03:00:00+01:00,3124.78
2025-07-26 03:30:00+01:00,3095.07
2025-07-26 04:00:00+01:00,3077.8
2025-07-26 04:30:00+01:00,3075.96
2025-07-26 05:00:00+01:00,3009.89
2025-07-26 05:30:00+01:00,3023.22
2025-07-26 06:00:00+01:00,3033.31
2025-07-26 06:30:00+01:00,3085.21
2025-07-26 07:00:00+01:00,3163.14
2025-07-26 07:30:00+01:00,3288.19
2025-07-26 08:00:00+01:00,3393.25
2025-07-26 08:30:00+01:00,3513.67
2025-07-26 09:00:00+01:00,3603.17
2025-07-26 09:30:00+01:00,3673.44
2025-07-26 10:00:00+01:00,3680.27
2025-07-26 10:30:00+01:00,3649.33
2025-07-26 11:00:00+01:00,3649.78
2025-07-26 11:30:00+01:00,3652.42
2025-07-26 12:00:00+01:00,3683.08
2025-07-26 12:30:00+01:00,3627.61
2025-07-26 13:00:00+01:00,3543.81
2025-07-26 13:30:00+01:00,3483.87
2025-07-26 14:00:00+01:00,3449.44
2025-07-26 14:30:00+01:00,3403.35
2025-07-26 15:00:00+01:00,3388.16
2025-07-26 15:30:00+01:00,3383.81
2025-07-26 16:00:00+01:00,3434.09
2025-07-26 16:30:00+01:00,3470.42
2025-07-26 17:00:00+01:00,3570.5
2025-07-26 17:30:00+01:00,3699.63
2025-07-26 18:00:00+01:00,3767.97
2025-07-26 18:30:00+01:00,3795.9
2025-07-26 19:00:00+01:00,3769.57
2025-07-26 19:30:00+01:00,3718.96
2025-07-26 20:00:00+01:00,3718.11
2025-07-26 20:30:00+01:00,3686.67
2025-07-26 21:00:00+01:00,3633.03
2025-07-26 21:30:00+01:00,3617.38
2025-07-26 22:00:00+01:00,3590.09
2025-07-26 22:30:00+01:00,3485.45
2025-07-26 23:00:00+01:00,3373.71
2025-07-26 23:30:00+01:00,3300.4
2025-07-27 00:00:00+01:00,3203.75
2025-07-27 00:30:00+01:00,3154.38
2025-07-27 01:00:00+01:00,3078.19
2025-07-27 01:30:00+01:00,3030.27
2025-07-27 02:00:00+01:00,3005.1
2025-07-27 02:30:00+01:00,3036.73
2025-07-27 03:00:00+01:00,2998.46
2025-07-27 03:30:00+01:00,2970.38
2025-07-27 04:00:00+01:00,2940.2
2025-07-27 04:30:00+01:00,2927.63
2025-07-27 05:00:00+01:00,2907.11
2025-07-27 05:30:00+01:00,2891.37
2025-07-27 06:00:00+01:00,2876.26
2025-07-27 06:30:00+01:00,2924.49
2025-07-27 07:00:00+01:00,2975.65
2025-07-27 07:30:00+01:00,3089.68
2025-07-27 08:00:00+01:00,3165.43
2025-07-27 08:30:00+01:00,3300.92
2025-07-27 09:00:00+01:00,3381.28
2025-07-27 09:30:00+01:00,3436.3
2025-07-27 10:00:00+01:00,3482.65
2025-07-27 10:30:00+01:00,3508.63
2025-07-27 11:00:00+01:00,3501.27
2025-07-27 11:30:00+01:00,3520.39
2025-07-27 12:00:00+01:00,3524.54
2025-07-27 12:30:00+01:00,3553.79
2025-07-27 13:00:00+01:00,3572.93
2025-07-27 13:30:00+01:00,3556.75
2025-07-27 14:00:00+01:00,3509.29
2025-07-27 14:30:00+01:00,3506.43
2025-07-27 15:00:00+01:00,3514.82
2025-07-27 15:30:00+01:00,3492.72
2025-07-27 16:00:00+01:00,3489.02
2025-07-27 16:30:00+01:00,3576.43
2025-07-27 17:00:00+01:00,3591.75
2025-07-27 17:30:00+01:00,3718.54
2025-07-27 18:00:00+01:00,3780.88
2025-07-27 18:30:00+01:00,3779.94
2025-07-27 19:00:00+01:00,3762.07
2025-07-27 19:30:00+01:00,3716.7
2025-07-27 20:00:00+01:00,3698.7
2025-07-27 20:30:00+01:00,3695.38
2025-07-27 21:00:00+01:00,3653.61
2025-07-27 21:30:00+01:00,3612.17
2025-07-27 22:00:00+01:00,3587.34
2025-07-27 22:30:00+01:00,3487.14
2025-07-27 23:00:00+01:00,3381.74
2025-07-27 23:30:00+01:00,3290.67
2025-07-28 00:00:00+01:00,3205.88
2025-07-28 00:30:00+01:00,3150.51
2025-07-28 01:00:00+01:00,3064.47
2025-07-28 01:30:00+01:00,3020.35
2025-07-28 02:00:00+01:00,2987.36
2025-07-28 02:30:00+01:00,3045.06
2025-07-28 03:00:00+01:00,3012.16
2025-07-28 03:30:00+01:00,2977.66
2025-07-28 04:00:00+01:00,2948.19
2025-07-28 04:30:00+01:00,2952.62
2025-07-28 05:00:00+01:00,2983.88
2025-07-28 05:30:00+01:00,3004.03
2025-07-28 06:00:00+01:00,3076.54
2025-07-28 06:30:00+01:00,3236.67
2025-07-28 07:00:00+01:00,3413.78
2025-07-28 07:30:00+01:00,3638.64
2025-07-28 08:00:00+01:00,3822.94
2025-07-28 08:30:00+01:00,3977.44
2025-07-28 09:00:00+01:00,4039.86
2025-07-28 09:30:00+01:00,4071.89
2025-07-28 10:00:00+01:00,4072.66
2025-07-28 10:30:00+01:00,4030.07
2025-07-28 11:00:00+01:00,4012.9
2025-07-28 11:30:00+01:00,3976.8
2025-07-28 12:00:00+01:00,3960.7
2025-07-28 12:30:00+01:00,3969.79
2025-07-28 13:00:00+01:00,3998.13
2025-07-28 13:30:00+01:00,3972.02
2025-07-28 14:00:00+01:00,3934.59
2025-07-28 14:30:00+01:00,3921.54
2025-07-28 15:00:00+01:00,3909.6
2025-07-28 15:30:00+01:00,3927.96
2025-07-28 16:00:00+01:00,3940.66
2025-07-28 16:30:00+01:00,4000.52
2025-07-28 17:00:00+01:00,4075.14
2025-07-28 17:30:00+01:00,4180.2
2025-07-28 18:00:00+01:00,4185.55
2025-07-28 18:30:00+01:00,4178.59
2025-07-28 19:00:00+01:00,4152.57
2025-07-28 19:30:00+01:00,4112.98
2025-07-28 20:00:00+01:00,4071.7
2025-07-28 20:30:00+01:00,4052.48
2025-07-28 21:00:00+01:00,4006.72
2025-07-28 21:30:00+01:00,3957.56
2025-07-28 22:00:00+01:00,3899.23
2025-07-28 22:30:00+01:00,3753.57
2025-07-28 23:00:00+01:00,3587.96
2025-07-28 23:30:00+01:00,3468.29
2025-07-29 00:00:00+01:00,3327.24
2025-07-29 00:30:00+01:00,3301.33
2025-07-29 01:00:00+01:00,3220.43
2025-07-29 01:30:00+01:00,3153.21
2025-07-29 02:00:00+01:00,3100.37
2025-07-29 02:30:00+01:00,3158.56
2025-07-29 03:00:00+01:00,3170.3
2025-07-29 03:30:00+01:00,3143.82
2025-07-29 04:00:00+01:00,3102.92
2025-07-29 04:30:00+01:00,3092.1
2025-07-29 05:00:00+01:00,3089.44
2025-07-29 05:30:00+01:00,3103.82
2025-07-29 06:00:00+01:00,3140.82
2025-07-29 06:30:00+01:00,3304.43
2025-07-29 07:00:00+01:00,3485.46
2025-07-29 07:30:00+01:00,3683.36
2025-07-29 08:00:00+01:00,3877.34
2025-07-29 08:30:00+01:00,4061.77
2025-07-29 09:00:00+01:00,4121.36
2025-07-29 09:30:00+01:00,4121.9
2025-07-29 10:00:00+01:00,4063.81
2025-07-29 10:30:00+01:00,4042.76
2025-07-29 11:00:00+01:00,4029.16
2025-07-29 11:30:00+01:00,3961.37
2025-07-29 12:00:00+01:00,3934.32
2025-07-29 12:30:00+01:00,3969.32
2025-07-29 13:00:00+01:00,3968.2
2025-07-29 13:30:00+01:00,3914.66
2025-07-29 14:00:00+01:00,3891.42
2025-07-29 14:30:00+01:00,3916.25
2025-07-29 15:00:00+01:00,3930.54
2025-07-29 15:30:00+01:00,3924.75
2025-07-29 16:00:00+01:00,3967.89
2025-07-29 16:30:00+01:00,4032.77
2025-07-29 17:00:00+01:00,4106.08
2025-07-29 17:30:00+01:00,4198.08
2025-07-29 18:00:00+01:00,4201.91
2025-07-29 18:30:00+01:00,4180.65
2025-07-29 19:00:00+01:00,4152.04
2025-07-29 19:30:00+01:00,4112.65
2025-07-29 20:00:00+01:00,4062.66
2025-07-29 20:30:00+01:00,4034.95
2025-07-29 21:00:00+01:00,4007.78
2025-07-29 21:30:00+01:00,3945.37
2025-07-29 22:00:00+01:00,3897.24
2025-07-29 22:30:00+01:00,3763.91
2025-07-29 23:00:00+01:00,3611.99
2025-07-29 23:30:00+01:00,3501.58
2025-07-30 00:00:00+01:00,3381.24
2025-07-30 00:30:00+01:00,3335.58
2025-07-30 01:00:00+01:00,3233.92
2025-07-30 01:30:00+01:00,3190.56
2025-07-30 02:00:00+01:00,3151.51
2025-07-30 02:30:00+01:00,3178.27
2025-07-30 03:00:00+01:00,3131.23
2025-07-30 03:30:00+01:00,3111.2
2025-07-30 04:00:00+01:00,3105.35
2025-07-30 04:30:00+01:00,3103.91
2025-07-30 05:00:00+01:00,3114.85
2025-07-30 05:30:00+01:00,3122.61
2025-07-30 06:00:00+01:00,3172.64
2025-07-30 06:30:00+01:00,3347.24
2025-07-30 07:00:00+01:00,3521.76
2025-07-30 07:30:00+01:00,3746.86
2025-07-30 08:00:00+01:00,3904.04
2025-07-30 08:30:00+01:00,4038.78
2025-07-30 09:00:00+01:00,4109.8
2025-07-30 09:30:00+01:00,4158.82
2025-07-30 10:00:00+01:00,4138.47
2025-07-30 10:30:00+01:00,4117.97
2025-07-30 11:00:00+01:00,4116.2
2025-07-30 11:30:00+01:00,4114.26
2025-07-30 12:00:00+01:00,4086.14
2025-07-30 12:30:00+01:00,4094.62
2025-07-30 13:00:00+01:00,4109.79
2025-07-30 13:30:00+01:00,4098.18
2025-07-30 14:00:00+01:00,4112.75
2025-07-30 14:30:00+01:00,4113.3
2025-07-30 15:00:00+01:00,4102.09
2025-07-30 15:30:00+01:00,4158.1
2025-07-30 16:00:00+01:00,4178.57
2025-07-30 16:30:00+01:00,4187.09
2025-07-30 17:00:00+01:00,4242.95
2025-07-30 17:30:00+01:00,4309.78
2025-07-30 18:00:00+01:00,4289.59
2025-07-30 18:30:00+01:00,4267.22
2025-07-30 19:00:00+01:00,4224.31
2025-07-30 19:30:00+01:00,4185.17
2025-07-30 20:00:00+01:00,4120.72
2025-07-30 20:30:00+01:00,4084.44
2025-07-30 21:00:00+01:00,4065.22
2025-07-30 21:30:00+01:00,4022.55
2025-07-30 22:00:00+01:00,3971.29
2025-07-30 22:30:00+01:00,3827.17
2025-07-30 23:00:00+01:00,3687.64
2025-07-30 23:30:00+01:00,3574.55
2025-07-31 00:00:00+01:00,3466.74
2025-07-31 00:30:00+01:00,3388.8
2025-07-31 01:00:00+01:00,3305.84
2025-07-31 01:30:00+01:00,3232.93
2025-07-31 02:00:00+01:00,3206.82
2025-07-31 02:30:00+01:00,3249.25
2025-07-31 03:00:00+01:00,3203.4
2025-07-31 03:30:00+01:00,3187.43
2025-07-31 04:00:00+01:00,3158.62
2025-07-31 04:30:00+01:00,3148.29
2025-07-31 05:00:00+01:00,3150.29
2025-07-31 05:30:00+01:00,3175.34
2025-07-31 06:00:00+01:00,3239.23
2025-07-31 06:30:00+01:00,3395.0
2025-07-31 07:00:00+01:00,3586.64
2025-07-31 07:30:00+01:00,3803.81
2025-07-31 08:00:00+01:00,3979.63
2025-07-31 08:30:00+01:00,4123.19
2025-07-31 09:00:00+01:00,4172.63
2025-07-31 09:30:00+01:00,4147.49
2025-07-31 10:00:00+01:00,4116.21
2025-07-31 10:30:00+01:00,4089.26
2025-07-31 11:00:00+01:00,4044.85
2025-07-31 11:30:00+01:00,4029.88
2025-07-31 12:00:00+01:00,4005.45
2025-07-31 12:30:00+01:00,3960.14
2025-07-31 13:00:00+01:00,3928.62
2025-07-31 13:30:00+01:00,3862.22
2025-07-31 14:00:00+01:00,3847.55
2025-07-31 14:30:00+01:00,3834.63
2025-07-31 15:00:00+01:00,3836.93
2025-07-31 15:30:00+01:00,3868.65
2025-07-31 16:00:00+01:00,3877.82
2025-07-31 16:30:00+01:00,3939.74
2025-07-31 17:00:00+01:00,3950.39
2025-07-31 17:30:00+01:00,4042.21
2025-07-31 18:00:00+01:00,4045.31
2025-07-31 18:30:00+01:00,4042.04
2025-07-31 19:00:00+01:00,3999.74
2025-07-31 19:30:00+01:00,4003.85
2025-07-31 20:00:00+01:00,3941.36
2025-07-31 20:30:00+01:00,3948.52
2025-07-31 21:00:00+01:00,3944.83
2025-07-31 21:30:00+01:00,3877.05
2025-07-31 22:00:00+01:00,3833.4
2025-07-31 22:30:00+01:00,3704.77
2025-07-31 23:00:00+01:00,3570.12
2025-07-31 23:30:00+01:00,3464.82
2025-08-01 00:00:00+01:00,3350.66
2025-08-01 00:30:00+01:00,3279.79
2025-08-01 01:00:00+01:00,3235.54
2025-08-01 01:30:00+01:00,3158.28
2025-08-01 02:00:00+01:00,3095.83
2025-08-01 02:30:00+01:00,3137.42
2025-08-01 03:00:00+01:00,3109.64
2025-08-01 03:30:00+01:00,3088.54
2025-08-01 04:00:00+01:00,3046.2
2025-08-01 04:30:00+01:00,3034.12
2025-08-01 05:00:00+01:00,3052.38
2025-08-01 05:30:00+01:00,3089.82
2025-08-01 06:00:00+01:00,3140.2
2025-08-01 06:30:00+01:00,3296.44
2025-08-01 07:00:00+01:00,3455.65
2025-08-01 07:30:00+01:00,3670.94
2025-08-01 08:00:00+01:00,3836.55
2025-08-01 08:30:00+01:00,3977.93
2025-08-01 09:00:00+01:00,4044.0
2025-08-01 09:30:00+01:00,4056.29
2025-08-01 10:00:00+01:00,4021.05
2025-08-01 10:30:00+01:00,4012.54
2025-08-01 11:00:00+01:00,3983.56
2025-08-01 11:30:00+01:00,3960.37
2025-08-01 12:00:00+01:00,3956.71
2025-08-01 12:30:00+01:00,3970.38
2025-08-01 13:00:00+01:00,3943.24
2025-08-01 13:30:00+01:00,3870.04
2025-08-01 14:00:00+01:00,3833.06
2025-08-01 14:30:00+01:00,3822.53
2025-08-01 15:00:00+01:00,3800.54
2025-08-01 15:30:00+01:00,3777.82
2025-08-01 16:00:00+01:00,3807.78
2025-08-01 16:30:00+01:00,3870.17
2025-08-01 17:00:00+01:00,3909.84
2025-08-01 17:30:00+01:00,3984.65
2025-08-01 18:00:00+01:00,4034.0
2025-08-01 18:30:00+01:00,4026.74
2025-08-01 19:00:00+01:00,3990.8
2025-08-01 19:30:00+01:00,3970.36
2025-08-01 20:00:00+01:00,3918.26
2025-08-01 20:30:00+01:00,3883.61
2025-08-01 21:00:00+01:00,3848.45
2025-08-01 21:30:00+01:00,3826.65
2025-08-01 22:00:00+01:00,3799.82
2025-08-01 22:30:00+01:00,3700.47
2025-08-01 23:00:00+01:00,3564.85
2025-08-01 23:30:00+01:00,3474.39
2025-08-02 00:00:00+01:00,3372.67
2025-08-02 00:30:00+01:00,3312.09
2025-08-02 01:00:00+01:00,3234.84
2025-08-02 01:30:00+01:00,3171.12
2025-08-02 02:00:00+01:00,3133.42
2025-08-02 02:30:00+01:00,3176.64
2025-08-02 03:00:00+01:00,3124.55
2025-08-02 03:30:00+01:00,3097.35
2025-08-02 04:00:00+01:00,3056.71
2025-08-02 04:30:00+01:00,3040.95
2025-08-02 05:00:00+01:00,3015.18
2025-08-02 05:30:00+01:00,2989.02
2025-08-02 06:00:00+01:00,2991.78
2025-08-02 06:30:00+01:00,3061.39
2025-08-02 07:00:00+01:00,3150.72
2025-08-02 07:30:00+01:00,3264.5
2025-08-02 08:00:00+01:00,3355.71
2025-08-02 08:30:00+01:00,3487.55
2025-08-02 09:00:00+01:00,3559.05
2025-08-02 09:30:00+01:00,3647.51
2025-08-02 10:00:00+01:00,3689.42
2025-08-02 10:30:00+01:00,3689.39
2025-08-02 11:00:00+01:00,3674.14
2025-08-02 11:30:00+01:00,3640.98
2025-08-02 12:00:00+01:00,3618.24
2025-08-02 12:30:00+01:00,3587.51
2025-08-02 13:00:00+01:00,3557.83
2025-08-02 13:30:00+01:00,3468.07
2025-08-02 14:00:00+01:00,3443.19
2025-08-02 14:30:00+01:00,3433.3
2025-08-02 15:00:00+01:00,3422.14
2025-08-02 15:30:00+01:00,3445.7
2025-08-02 16:00:00+01:00,3456.59
2025-08-02 16:30:00+01:00,3541.56
2025-08-02 17:00:00+01:00,3605.25
2025-08-02 17:30:00+01:00,3701.17
2025-08-02 18:00:00+01:00,3779.58
2025-08-02 18:30:00+01:00,3794.03
2025-08-02 19:00:00+01:00,3809.64
2025-08-02 19:30:00+01:00,3753.3
2025-08-02 20:00:00+01:00,3729.82
2025-08-02 20:30:00+01:00,3659.12
2025-08-02 21:00:00+01:00,3628.82
2025-08-02 21:30:00+01:00,3624.71
2025-08-02 22:00:00+01:00,3584.64
2025-08-02 22:30:00+01:00,3457.02
2025-08-02 23:00:00+01:00,3349.17
2025-08-02 23:30:00+01:00,3258.43
2025-08-03 00:00:00+01:00,3166.69
2025-08-03 00:30:00+01:00,3096.46
2025-08-03 01:00:00+01:00,3025.38
2025-08-03 01:30:00+01:00,3004.51
2025-08-03 02:00:00+01:00,2974.24
2025-08-03 02:30:00+01:00,3042.08
2025-08-03 03:00:00+01:00,2976.15
2025-08-03 03:30:00+01:00,2964.24
2025-08-03 04:00:00+01:00,2944.92
2025-08-03 04:30:00+01:00,2904.85
2025-08-03 05:00:00+01:00,2900.32
2025-08-03 05:30:00+01:00,2899.61
2025-08-03 06:00:00+01:00,2871.09
2025-08-03 06:30:00+01:00,2911.62
2025-08-03 07:00:00+01:00,2961.19
2025-08-03 07:30:00+01:00,3059.43
2025-08-03 08:00:00+01:00,3168.54
2025-08-03 08:30:00+01:00,3268.06
2025-08-03 09:00:00+01:00,3327.09
2025-08-03 09:30:00+01:00,3429.93
2025-08-03 10:00:00+01:00,3446.21
2025-08-03 10:30:00+01:00,3441.32
2025-08-03 11:00:00+01:00,3364.93
2025-08-03 11:30:00+01:00,3307.52
2025-08-03 12:00:00+01:00,3316.37
2025-08-03 12:30:00+01:00,3318.11
2025-08-03 13:00:00+01:00,3287.08
2025-08-03 13:30:00+01:00,3286.77
2025-08-03 14:00:00+01:00,3266.16
2025-08-03 14:30:00+01:00,3254.09
2025-08-03 15:00:00+01:00,3319.21
2025-08-03 15:30:00+01:00,3406.79
2025-08-03 16:00:00+01:00,3473.39
2025-08-03 16:30:00+01:00,3533.14
2025-08-03 17:00:00+01:00,3626.64
2025-08-03 17:30:00+01:00,3698.73
2025-08-03 18:00:00+01:00,3727.62
2025-08-03 18:30:00+01:00,3706.77
2025-08-03 19:00:00+01:00,3687.46
2025-08-03 19:30:00+01:00,3648.15
2025-08-03 20:00:00+01:00,3622.6
2025-08-03 20:30:00+01:00,3587.06
2025-08-03 21:00:00+01:00,3551.02
2025-08-03 21:30:00+01:00,3515.66
2025-08-03 22:00:00+01:00,3415.49
2025-08-03 22:30:00+01:00,3273.43
2025-08-03 23:00:00+01:00,3168.37
2025-08-03 23:30:00+01:00,3083.7
2025-08-04 00:00:00+01:00,3040.66
2025-08-04 00:30:00+01:00,2990.57
2025-08-04 01:00:00+01:00,2928.63
2025-08-04 01:30:00+01:00,2895.43
2025-08-04 02:00:00+01:00,2874.1
2025-08-04 02:30:00+01:00,2898.95
2025-08-04 03:00:00+01:00,2898.41
2025-08-04 03:30:00+01:00,2885.26
2025-08-04 04:00:00+01:00,2883.28
2025-08-04 04:30:00+01:00,2898.25
2025-08-04 05:00:00+01:00,2888.94
2025-08-04 05:30:00+01:00,2917.4
2025-08-04 06:00:00+01:00,2932.32
2025-08-04 06:30:00+01:00,2970.41
2025-08-04 07:00:00+01:00,3056.75
2025-08-04 07:30:00+01:00,3135.05
2025-08-04 08:00:00+01:00,3224.34
2025-08-04 08:30:00+01:00,3295.94
2025-08-04 09:00:00+01:00,3337.78
2025-08-04 09:30:00+01:00,3326.39
2025-08-04 10:00:00+01:00,3348.31
2025-08-04 10:30:00+01:00,3316.64
2025-08-04 11:00:00+01:00,3336.25
2025-08-04 11:30:00+01:00,3289.49
2025-08-04 12:00:00+01:00,3285.54
2025-08-04 12:30:00+01:00,3290.81
2025-08-04 13:00:00+01:00,3286.93
2025-08-04 13:30:00+01:00,3257.65
2025-08-04 14:00:00+01:00,3183.58
2025-08-04 14:30:00+01:00,3212.11
2025-08-04 15:00:00+01:00,3160.53
2025-08-04 15:30:00+01:00,3220.5
2025-08-04 16:00:00+01:00,3273.64
2025-08-04 16:30:00+01:00,3288.82
2025-08-04 17:00:00+01:00,3384.11
2025-08-04 17:30:00+01:00,3500.22
2025-08-04 18:00:00+01:00,3560.13
2025-08-04 18:30:00+01:00,3588.87
2025-08-04 19:00:00+01:00,3597.39
2025-08-04 19:30:00+01:00,3620.99
2025-08-04 20:00:00+01:00,3598.34
2025-08-04 20:30:00+01:00,3569.16
2025-08-04 21:00:00+01:00,3578.6
2025-08-04 21:30:00+01:00,3519.3
2025-08-04 22:00:00+01:00,3482.52
2025-08-04 22:30:00+01:00,3372.06
2025-08-04 23:00:00+01:00,3210.47
2025-08-04 23:30:00+01:00,3143.36
2025-08-05 00:00:00+01:00,3044.29
2025-08-05 00:30:00+01:00,3010.65
2025-08-05 01:00:00+01:00,2917.34
2025-08-05 01:30:00+01:00,2905.85
2025-08-05 02:00:00+01:00,2896.03
2025-08-05 02:30:00+01:00,2927.65
2025-08-05 03:00:00+01:00,2909.25
2025-08-05 03:30:00+01:00,2893.95
2025-08-05 04:00:00+01:00,2885.39
2025-08-05 04:30:00+01:00,2904.06
2025-08-05 05:00:00+01:00,2865.4
2025-08-05 05:30:00+01:00,2894.45
2025-08-05 06:00:00+01:00,2932.52
2025-08-05 06:30:00+01:00,3090.66
2025-08-05 07:00:00+01:00,3282.2
2025-08-05 07:30:00+01:00,3451.06
2025-08-05 08:00:00+01:00,3614.07
2025-08-05 08:30:00+01:00,3754.07
2025-08-05 09:00:00+01:00,3793.2
2025-08-05 09:30:00+01:00,3778.49
2025-08-05 10:00:00+01:00,3756.63
2025-08-05 10:30:00+01:00,3787.58
2025-08-05 11:00:00+01:00,3719.89
2025-08-05 11:30:00+01:00,3688.8
2025-08-05 12:00:00+01:00,3689.6
2025-08-05 12:30:00+01:00,3694.22
2025-08-05 13:00:00+01:00,3529.7
2025-08-05 13:30:00+01:00,3590.79
2025-08-05 14:00:00+01:00,3563.18
2025-08-05 14:30:00+01:00,3582.44
2025-08-05 15:00:00+01:00,3577.99
2025-08-05 15:30:00+01:00,3626.94
2025-08-05 16:00:00+01:00,3652.66
2025-08-05 16:30:00+01:00,3733.47
2025-08-05 17:00:00+01:00,3828.89
2025-08-05 17:30:00+01:00,3931.84
2025-08-05 18:00:00+01:00,3949.16
2025-08-05 18:30:00+01:00,3933.94
2025-08-05 19:00:00+01:00,3938.91
2025-08-05 19:30:00+01:00,3919.54
2025-08-05 20:00:00+01:00,3871.38
2025-08-05 20:30:00+01:00,3879.75
2025-08-05 21:00:00+01:00,3845.91
2025-08-05 21:30:00+01:00,3850.29
2025-08-05 22:00:00+01:00,3776.78
2025-08-05 22:30:00+01:00,3641.83
2025-08-05 23:00:00+01:00,3483.64
2025-08-05 23:30:00+01:00,3380.57
2025-08-06 00:00:00+01:00,3272.13
2025-08-06 00:30:00+01:00,3193.59
2025-08-06 01:00:00+01:00,3140.55
2025-08-06 01:30:00+01:00,3088.09
2025-08-06 02:00:00+01:00,3068.95
2025-08-06 02:30:00+01:00,3075.92
2025-08-06 03:00:00+01:00,3060.14
2025-08-06 03:30:00+01:00,3024.41
2025-08-06 04:00:00+01:00,2990.87
2025-08-06 04:30:00+01:00,2972.26
2025-08-06 05:00:00+01:00,2999.69
2025-08-06 05:30:00+01:00,3034.23
2025-08-06 06:00:00+01:00,3089.17
2025-08-06 06:30:00+01:00,3229.56
2025-08-06 07:00:00+01:00,3419.81
2025-08-06 07:30:00+01:00,3626.95
2025-08-06 08:00:00+01:00,3776.51
2025-08-06 08:30:00+01:00,3920.63
2025-08-06 09:00:00+01:00,4003.69
2025-08-06 09:30:00+01:00,4023.86
2025-08-06 10:00:00+01:00,3982.97
2025-08-06 10:30:00+01:00,3965.1
2025-08-06 11:00:00+01:00,3949.25
2025-08-06 11:30:00+01:00,3935.25
2025-08-06 12:00:00+01:00,3911.75
2025-08-06 12:30:00+01:00,3920.39
2025-08-06 13:00:00+01:00,3922.42
2025-08-06 13:30:00+01:00,3865.71
2025-08-06 14:00:00+01:00,3831.91
2025-08-06 14:30:00+01:00,3815.47
2025-08-06 15:00:00+01:00,3797.09
2025-08-06 15:30:00+01:00,3798.84
2025-08-06 16:00:00+01:00,3827.31
2025-08-06 16:30:00+01:00,3943.18
2025-08-06 17:00:00+01:00,4005.7
2025-08-06 17:30:00+01:00,4033.34
2025-08-06 18:00:00+01:00,4015.09
2025-08-06 18:30:00+01:00,4001.46
2025-08-06 19:00:00+01:00,3983.76
2025-08-06 19:30:00+01:00,3985.49
2025-08-06 20:00:00+01:00,3974.82
2025-08-06 20:30:00+01:00,3937.48
2025-08-06 21:00:00+01:00,3935.46
2025-08-06 21:30:00+01:00,3929.24
2025-08-06 22:00:00+01:00,3852.1
2025-08-06 22:30:00+01:00,3666.74
2025-08-06 23:00:00+01:00,3489.67
2025-08-06 23:30:00+01:00,3370.21
2025-08-07 00:00:00+01:00,3258.76
2025-08-07 00:30:00+01:00,3193.29
2025-08-07 01:00:00+01:00,3105.71
2025-08-07 01:30:00+01:00,3037.47
2025-08-07 02:00:00+01:00,3024.3
2025-08-07 02:30:00+01:00,3067.02
2025-08-07 03:00:00+01:00,3033.82
2025-08-07 03:30:00+01:00,3018.69
2025-08-07 04:00:00+01:00,2987.23
2025-08-07 04:30:00+01:00,2994.26
2025-08-07 05:00:00+01:00,3003.59
2025-08-07 05:30:00+01:00,3063.9
2025-08-07 06:00:00+01:00,3112.37
2025-08-07 06:30:00+01:00,3267.21
2025-08-07 07:00:00+01:00,3438.7
2025-08-07 07:30:00+01:00,3646.66
2025-08-07 08:00:00+01:00,3792.48
2025-08-07 08:30:00+01:00,3948.08
2025-08-07 09:00:00+01:00,4019.04
2025-08-07 09:30:00+01:00,4048.99
2025-08-07 10:00:00+01:00,4009.48
2025-08-07 10:30:00+01:00,3955.29
2025-08-07 11:00:00+01:00,3910.19
2025-08-07 11:30:00+01:00,3915.49
2025-08-07 12:00:00+01:00,3855.57
2025-08-07 12:30:00+01:00,3856.9
2025-08-07 13:00:00+01:00,3867.11
2025-08-07 13:30:00+01:00,3801.29
2025-08-07 14:00:00+01:00,3744.58
2025-08-07 14:30:00+01:00,3744.55
2025-08-07 16:00:00+01:00,3793.34
2025-08-07 16:30:00+01:00,3844.63
2025-08-07 17:00:00+01:00,3940.56
2025-08-07 17:30:00+01:00,4036.58
2025-08-07 18:00:00+01:00,4061.3
2025-08-07 18:30:00+01:00,4075.63
2025-08-07 19:00:00+01:00,4013.67
2025-08-07 19:30:00+01:00,3977.35
2025-08-07 20:00:00+01:00,3931.15
2025-08-07 20:30:00+01:00,3918.27
2025-08-07 21:00:00+01:00,3888.32
2025-08-07 21:30:00+01:00,3889.55
2025-08-07 22:00:00+01:00,3783.01
2025-08-07 22:30:00+01:00,3645.2
2025-08-07 23:00:00+01:00,3482.0
2025-08-07 23:30:00+01:00,3415.58
2025-08-08 00:00:00+01:00,3300.53
2025-08-08 00:30:00+01:00,3230.45
2025-08-08 01:00:00+01:00,3120.55
2025-08-08 01:30:00+01:00,3076.71
2025-08-08 02:00:00+01:00,3055.99
2025-08-08 02:30:00+01:00,3072.52
2025-08-08 03:00:00+01:00,3022.75
2025-08-08 03:30:00+01:00,2992.01
2025-08-08 04:00:00+01:00,2947.82
2025-08-08 04:30:00+01:00,2961.46
2025-08-08 05:00:00+01:00,2955.78
2025-08-08 05:30:00+01:00,3038.35
2025-08-08 06:00:00+01:00,3061.44
2025-08-08 06:30:00+01:00,3222.19
2025-08-08 07:00:00+01:00,3367.04
2025-08-08 07:30:00+01:00,3607.82
2025-08-08 08:00:00+01:00,3775.0
2025-08-08 08:30:00+01:00,3922.99
2025-08-08 09:00:00+01:00,3962.88
2025-08-08 09:30:00+01:00,3979.04
2025-08-08 10:00:00+01:00,3937.01
2025-08-08 10:30:00+01:00,3917.15
2025-08-08 11:00:00+01:00,3920.95
2025-08-08 11:30:00+01:00,3824.3
2025-08-08 12:00:00+01:00,3800.86
2025-08-08 12:30:00+01:00,3829.32
2025-08-08 13:00:00+01:00,3781.15
2025-08-08 13:30:00+01:00,3723.85
2025-08-08 14:00:00+01:00,3660.54
2025-08-08 14:30:00+01:00,3627.47
2025-08-08 15:00:00+01:00,3635.84
2025-08-08 15:30:00+01:00,3594.04
2025-08-08 16:00:00+01:00,3586.51
2025-08-08 16:30:00+01:00,3652.04
2025-08-08 17:00:00+01:00,3718.1
2025-08-08 17:30:00+01:00,3811.74
2025-08-08 18:00:00+01:00,3851.24
2025-08-08 18:30:00+01:00,3854.67
2025-08-08 19:00:00+01:00,3849.32
2025-08-08 19:30:00+01:00,3881.97
2025-08-08 20:00:00+01:00,3866.44
2025-08-08 20:30:00+01:00,3817.99
2025-08-08 21:00:00+01:00,3780.87
2025-08-08 21:30:00+01:00,3800.49
2025-08-08 22:00:00+01:00,3752.16
2025-08-08 22:30:00+01:00,3593.1
2025-08-08 23:00:00+01:00,3474.68
2025-08-08 23:30:00+01:00,3383.3
2025-08-09 00:00:00+01:00,3283.46
2025-08-09 00:30:00+01:00,3221.78
2025-08-09 01:00:00+01:00,3142.35
2025-08-09 01:30:00+01:00,3077.98
2025-08-09 02:00:00+01:00,3028.8
2025-08-09 02:30:00+01:00,3100.21
2025-08-09 03:00:00+01:00,3061.81
2025-08-09 03:30:00+01:00,3036.0
2025-08-09 04:00:00+01:00,2995.37
2025-08-09 04:30:00+01:00,2962.33
2025-08-09 05:00:00+01:00,2920.49
2025-08-09 05:30:00+01:00,2942.1
2025-08-09 06:00:00+01:00,2913.07
2025-08-09 06:30:00+01:00,2970.09
2025-08-09 07:00:00+01:00,3054.11
2025-08-09 07:30:00+01:00,3192.67
2025-08-09 08:00:00+01:00,3280.65
2025-08-09 08:30:00+01:00,3418.88
2025-08-09 09:00:00+01:00,3511.14
2025-08-09 09:30:00+01:00,3574.06
2025-08-09 10:00:00+01:00,3657.07
2025-08-09 10:30:00+01:00,3667.15
2025-08-09 11:00:00+01:00,3654.25
2025-08-09 11:30:00+01:00,3608.14
2025-08-09 12:00:00+01:00,3570.11
2025-08-09 12:30:00+01:00,3518.16
2025-08-09 13:00:00+01:00,3506.53
2025-08-09 13:30:00+01:00,3439.96
2025-08-09 14:00:00+01:00,3365.35
2025-08-09 14:30:00+01:00,3309.14
2025-08-09 15:00:00+01:00,3304.26
2025-08-09 15:30:00+01:00,3316.89
2025-08-09 16:00:00+01:00,3360.08
2025-08-09 16:30:00+01:00,3400.39
2025-08-09 17:00:00+01:00,3473.95
2025-08-09 17:30:00+01:00,3581.94
2025-08-09 18:00:00+01:00,3652.58
2025-08-09 18:30:00+01:00,3670.51
2025-08-09 19:00:00+01:00,3686.3
2025-08-09 19:30:00+01:00,3660.51
2025-08-09 20:00:00+01:00,3662.03
2025-08-09 20:30:00+01:00,3650.52
2025-08-09 21:00:00+01:00,3620.16
2025-08-09 21:30:00+01:00,3658.0
2025-08-09 22:00:00+01:00,3614.24
2025-08-09 22:30:00+01:00,3500.96
2025-08-09 23:00:00+01:00,3390.32
2025-08-09 23:30:00+01:00,3305.21
2025-08-10 00:00:00+01:00,3204.62
2025-08-10 00:30:00+01:00,3156.38
2025-08-10 01:00:00+01:00,3083.61
2025-08-10 01:30:00+01:00,3021.96
2025-08-10 02:00:00+01:00,2988.47
2025-08-10 02:30:00+01:00,3029.05
2025-08-10 03:00:00+01:00,2985.9
2025-08-10 03:30:00+01:00,2954.9
2025-08-10 04:00:00+01:00,2917.07
2025-08-10 04:30:00+01:00,2908.15
2025-08-10 05:00:00+01:00,2899.25
2025-08-10 05:30:00+01:00,2891.24
2025-08-10 06:00:00+01:00,2865.72
2025-08-10 06:30:00+01:00,2896.73
2025-08-10 07:00:00+01:00,2967.25
2025-08-10 07:30:00+01:00,3043.84
2025-08-10 08:00:00+01:00,3136.16
2025-08-10 08:30:00+01:00,3261.7
2025-08-10 09:00:00+01:00,3362.39
2025-08-10 09:30:00+01:00,3468.85
2025-08-10 10:00:00+01:00,3535.82
2025-08-10 10:30:00+01:00,3595.17
2025-08-10 11:00:00+01:00,3623.65
2025-08-10 11:30:00+01:00,3620.01
2025-08-10 12:00:00+01:00,3655.06
2025-08-10 12:30:00+01:00,3677.36
2025-08-10 13:00:00+01:00,3677.85
2025-08-10 13:30:00+01:00,3641.27
2025-08-10 14:00:00+01:00,3575.44
2025-08-10 14:30:00+01:00,3548.61
2025-08-10 15:00:00+01:00,3535.67
2025-08-10 15:30:00+01:00,3562.2
2025-08-10 16:00:00+01:00,3582.68
2025-08-10 16:30:00+01:00,3627.6
2025-08-10 17:00:00+01:00,3707.09
2025-08-10 17:30:00+01:00,3792.31
2025-08-10 18:00:00+01:00,3841.52
2025-08-10 18:30:00+01:00,3868.38
2025-08-10 19:00:00+01:00,3854.4
2025-08-10 19:30:00+01:00,3852.21
2025-08-10 20:00:00+01:00,3825.5
2025-08-10 20:30:00+01:00,3787.11
2025-08-10 21:00:00+01:00,3784.15
2025-08-10 21:30:00+01:00,3763.75
2025-08-10 22:00:00+01:00,3673.58
2025-08-10 22:30:00+01:00,3544.71
2025-08-10 23:00:00+01:00,3421.15
2025-08-10 23:30:00+01:00,3346.52
2025-08-11 00:00:00+01:00,3248.48
2025-08-11 00:30:00+01:00,3196.7
2025-08-11 01:00:00+01:00,3113.44
2025-08-11 01:30:00+01:00,3073.56
2025-08-11 02:00:00+01:00,3025.77
2025-08-11 02:30:00+01:00,3078.87
2025-08-11 03:00:00+01:00,3042.16
2025-08-11 03:30:00+01:00,3029.24
2025-08-11 04:00:00+01:00,3003.4
2025-08-11 04:30:00+01:00,2997.86
2025-08-11 05:00:00+01:00,3017.4
2025-08-11 05:30:00+01:00,3068.93
2025-08-11 06:00:00+01:00,3155.23
2025-08-11 06:30:00+01:00,3294.61
2025-08-11 07:00:00+01:00,3469.86
2025-08-11 07:30:00+01:00,3702.17
2025-08-11 08:00:00+01:00,3901.74
2025-08-11 08:30:00+01:00,4044.59
2025-08-11 09:00:00+01:00,4154.37
2025-08-11 09:30:00+01:00,4149.06
2025-08-11 10:00:00+01:00,4152.7
2025-08-11 10:30:00+01:00,4155.64
2025-08-11 11:00:00+01:00,4153.32
2025-08-11 11:30:00+01:00,4144.08
2025-08-11 12:00:00+01:00,4162.38
2025-08-11 12:30:00+01:00,4192.87
2025-08-11 13:00:00+01:00,4160.88
2025-08-11 13:30:00+01:00,4069.42
2025-08-11 14:00:00+01:00,4061.58
2025-08-11 14:30:00+01:00,4089.39
2025-08-11 15:00:00+01:00,4076.48
2025-08-11 15:30:00+01:00,4085.04
2025-08-11 16:00:00+01:00,4046.07
2025-08-11 16:30:00+01:00,4049.17
2025-08-11 17:00:00+01:00,4106.72
2025-08-11 17:30:00+01:00,4151.18
2025-08-11 18:00:00+01:00,4151.55
2025-08-11 18:30:00+01:00,4141.25
2025-08-11 19:00:00+01:00,4133.23
2025-08-11 19:30:00+01:00,4133.2
2025-08-11 20:00:00+01:00,4094.76
2025-08-11 20:30:00+01:00,4052.68
2025-08-11 21:00:00+01:00,4038.36
2025-08-11 21:30:00+01:00,4030.57
2025-08-11 22:00:00+01:00,3915.38
2025-08-11 22:30:00+01:00,3725.39
2025-08-11 23:00:00+01:00,3561.15
2025-08-11 23:30:00+01:00,3438.59
2025-08-12 00:00:00+01:00,3343.02
2025-08-12 00:30:00+01:00,3283.3
2025-08-12 01:00:00+01:00,3191.51
2025-08-12 01:30:00+01:00,3149.13
2025-08-12 02:00:00+01:00,3122.81
2025-08-12 02:30:00+01:00,3180.28
2025-08-12 03:00:00+01:00,3180.3
2025-08-12 03:30:00+01:00,3153.99
2025-08-12 04:00:00+01:00,3118.06
2025-08-12 04:30:00+01:00,3120.81
2025-08-12 05:00:00+01:00,3104.11
2025-08-12 05:30:00+01:00,3150.19
2025-08-12 06:00:00+01:00,3211.24
2025-08-12 06:30:00+01:00,3364.95
2025-08-12 07:00:00+01:00,3541.18
2025-08-12 07:30:00+01:00,3757.98
2025-08-12 08:00:00+01:00,3919.75
2025-08-12 08:30:00+01:00,4075.7
2025-08-12 09:00:00+01:00,4140.26
2025-08-12 09:30:00+01:00,4169.56
2025-08-12 10:00:00+01:00,4122.56
2025-08-12 10:30:00+01:00,4075.9
2025-08-12 11:00:00+01:00,4017.75
2025-08-12 11:30:00+01:00,3961.91
2025-08-12 12:00:00+01:00,3898.7
2025-08-12 12:30:00+01:00,3877.69
2025-08-12 13:00:00+01:00,3873.01
2025-08-12 13:30:00+01:00,3833.15
2025-08-12 14:00:00+01:00,3813.38
2025-08-12 14:30:00+01:00,3832.87
2025-08-12 15:00:00+01:00,3828.4
2025-08-12 15:30:00+01:00,3857.58
2025-08-12 16:00:00+01:00,3919.16
2025-08-12 16:30:00+01:00,4026.21
2025-08-12 17:00:00+01:00,4112.67
2025-08-12 17:30:00+01:00,4224.53
2025-08-12 18:00:00+01:00,4272.71
2025-08-12 18:30:00+01:00,4249.74
2025-08-12 19:00:00+01:00,4234.78
2025-08-12 19:30:00+01:00,4223.95
2025-08-12 20:00:00+01:00,4175.0
2025-08-12 20:30:00+01:00,4139.74
2025-08-12 21:00:00+01:00,4123.29
2025-08-12 21:30:00+01:00,4142.26
2025-08-12 22:00:00+01:00,4025.7
2025-08-12 22:30:00+01:00,3856.47
2025-08-12 23:00:00+01:00,3681.81
2025-08-12 23:30:00+01:00,3563.91
2025-08-13 00:00:00+01:00,3447.84
2025-08-13 00:30:00+01:00,3389.18
2025-08-13 01:00:00+01:00,3307.73
2025-08-13 01:30:00+01:00,3259.13
2025-08-13 02:00:00+01:00,3215.68
2025-08-13 02:30:00+01:00,3245.01
2025-08-13 03:00:00+01:00,3213.86
2025-08-13 03:30:00+01:00,3185.61
2025-08-13 04:00:00+01:00,3156.58
2025-08-13 04:30:00+01:00,3125.33
2025-08-13 05:00:00+01:00,3135.96
2025-08-13 05:30:00+01:00,3178.56
2025-08-13 06:00:00+01:00,3257.6
2025-08-13 06:30:00+01:00,3413.45
2025-08-13 07:00:00+01:00,3604.25
2025-08-13 07:30:00+01:00,3834.68
2025-08-13 08:00:00+01:00,3993.28
2025-08-13 08:30:00+01:00,4156.49
2025-08-13 09:00:00+01:00,4194.46
2025-08-13 09:30:00+01:00,4228.47
2025-08-13 10:00:00+01:00,4181.55
2025-08-13 10:30:00+01:00,4094.95
2025-08-13 11:00:00+01:00,4063.61
2025-08-13 11:30:00+01:00,4009.32
2025-08-13 12:00:00+01:00,3978.22
2025-08-13 12:30:00+01:00,3972.61
2025-08-13 13:00:00+01:00,3975.02
2025-08-13 13:30:00+01:00,3935.01
2025-08-13 14:00:00+01:00,3957.39
2025-08-13 14:30:00+01:00,3961.02
2025-08-13 15:00:00+01:00,3932.59
2025-08-13 15:30:00+01:00,3995.54
2025-08-13 16:00:00+01:00,4011.83
2025-08-13 16:30:00+01:00,4057.25
2025-08-13 17:00:00+01:00,4148.7
2025-08-13 17:30:00+01:00,4277.98
2025-08-13 18:00:00+01:00,4285.1
2025-08-13 18:30:00+01:00,4278.47
2025-08-13 19:00:00+01:00,4262.01
2025-08-13 19:30:00+01:00,4244.14
2025-08-13 20:00:00+01:00,4211.75
2025-08-13 20:30:00+01:00,4177.55
2025-08-13 21:00:00+01:00,4173.25
2025-08-13 21:30:00+01:00,4171.25
2025-08-13 22:00:00+01:00,4059.84
2025-08-13 22:30:00+01:00,3895.89
2025-08-13 23:00:00+01:00,3726.37
2025-08-13 23:30:00+01:00,3620.61
2025-08-14 00:00:00+01:00,3501.08
2025-08-14 00:30:00+01:00,3421.97
2025-08-14 01:00:00+01:00,3341.28
2025-08-14 01:30:00+01:00,3288.05
2025-08-14 02:00:00+01:00,3240.21
2025-08-14 02:30:00+01:00,3297.91
2025-08-14 03:00:00+01:00,3251.61
2025-08-14 03:30:00+01:00,3222.5
2025-08-14 04:00:00+01:00,3207.9
2025-08-14 04:30:00+01:00,3195.23
2025-08-14 05:00:00+01:00,3213.14
2025-08-14 05:30:00+01:00,3266.04
2025-08-14 06:00:00+01:00,3338.54
2025-08-14 06:30:00+01:00,3449.04
2025-08-14 07:00:00+01:00,3623.48
2025-08-14 07:30:00+01:00,3851.15
2025-08-14 08:00:00+01:00,4044.51
2025-08-14 08:30:00+01:00,4204.67
2025-08-14 09:00:00+01:00,4286.87
2025-08-14 09:30:00+01:00,4345.53
2025-08-14 10:00:00+01:00,4300.54
2025-08-14 10:30:00+01:00,4248.96
2025-08-14 11:00:00+01:00,4230.6
2025-08-14 11:30:00+01:00,4183.77
2025-08-14 12:00:00+01:00,4143.42
2025-08-14 12:30:00+01:00,4135.16
2025-08-14 13:00:00+01:00,4147.7
2025-08-14 13:30:00+01:00,4047.94
2025-08-14 14:00:00+01:00,4013.61
2025-08-14 14:30:00+01:00,4036.61
2025-08-14 15:00:00+01:00,4037.67
2025-08-14 15:30:00+01:00,4055.26
2025-08-14 16:00:00+01:00,4094.31
2025-08-14 16:30:00+01:00,4166.4
2025-08-14 17:00:00+01:00,4231.08
2025-08-14 17:30:00+01:00,4302.57
2025-08-14 18:00:00+01:00,4334.56
2025-08-14 18:30:00+01:00,4331.83
2025-08-14 19:00:00+01:00,4296.68
2025-08-14 19:30:00+01:00,4264.33
2025-08-14 20:00:00+01:00,4211.42
2025-08-14 20:30:00+01:00,4173.35
2025-08-14 21:00:00+01:00,4157.21
2025-08-14 21:30:00+01:00,4182.98
2025-08-14 22:00:00+01:00,4050.52
2025-08-14 22:30:00+01:00,3885.39
2025-08-14 23:00:00+01:00,3737.15
2025-08-14 23:30:00+01:00,3620.78
2025-08-15 00:00:00+01:00,3489.22
2025-08-15 00:30:00+01:00,3418.77
2025-08-15 01:00:00+01:00,3338.64
2025-08-15 01:30:00+01:00,3313.15
2025-08-15 02:00:00+01:00,3257.23
2025-08-15 02:30:00+01:00,3294.36
2025-08-15 03:00:00+01:00,3244.5
2025-08-15 03:30:00+01:00,3208.65
2025-08-15 04:00:00+01:00,3180.16
2025-08-15 04:30:00+01:00,3174.59
2025-08-15 05:00:00+01:00,3187.41
2025-08-15 05:30:00+01:00,3222.69
2025-08-15 06:00:00+01:00,3292.35
2025-08-15 06:30:00+01:00,3439.15
2025-08-15 07:00:00+01:00,3625.43
2025-08-15 07:30:00+01:00,3856.33
2025-08-15 08:00:00+01:00,4005.89
2025-08-15 08:30:00+01:00,4163.84
2025-08-15 09:00:00+01:00,4234.17
2025-08-15 09:30:00+01:00,4246.88
2025-08-15 10:00:00+01:00,4203.94
2025-08-15 10:30:00+01:00,4168.92
2025-08-15 11:00:00+01:00,4089.69
2025-08-15 11:30:00+01:00,3990.65
2025-08-15 12:00:00+01:00,3960.37
2025-08-15 12:30:00+01:00,3950.12
2025-08-15 13:00:00+01:00,3933.96
2025-08-15 13:30:00+01:00,3872.94
2025-08-15 14:00:00+01:00,3847.14
2025-08-15 14:30:00+01:00,3829.43
2025-08-15 15:00:00+01:00,3828.98
2025-08-15 15:30:00+01:00,3823.42
2025-08-15 16:00:00+01:00,3856.24
2025-08-15 16:30:00+01:00,3920.55
2025-08-15 17:00:00+01:00,3965.15
2025-08-15 17:30:00+01:00,4048.15
2025-08-15 18:00:00+01:00,4086.92
2025-08-15 18:30:00+01:00,4101.87
2025-08-15 19:00:00+01:00,4095.44
2025-08-15 19:30:00+01:00,4077.56
2025-08-15 20:00:00+01:00,4039.71
2025-08-15 20:30:00+01:00,3980.67
2025-08-15 21:00:00+01:00,3967.27
2025-08-15 21:30:00+01:00,3976.02
2025-08-15 22:00:00+01:00,3865.28
2025-08-15 22:30:00+01:00,3740.76
2025-08-15 23:00:00+01:00,3612.33
2025-08-15 23:30:00+01:00,3523.01
2025-08-16 00:00:00+01:00,3432.47
2025-08-16 00:30:00+01:00,3365.78
2025-08-16 01:00:00+01:00,3272.17
2025-08-16 01:30:00+01:00,3219.17
2025-08-16 02:00:00+01:00,3175.16
2025-08-16 02:30:00+01:00,3247.96
2025-08-16 03:00:00+01:00,3188.45
2025-08-16 03:30:00+01:00,3143.18
2025-08-16 04:00:00+01:00,3112.82
2025-08-16 04:30:00+01:00,3101.57
2025-08-16 05:00:00+01:00,3099.86
2025-08-16 05:30:00+01:00,3106.47
2025-08-16 06:00:00+01:00,3095.79
2025-08-16 06:30:00+01:00,3133.47
2025-08-16 07:00:00+01:00,3239.34
2025-08-16 07:30:00+01:00,3354.53
2025-08-16 08:00:00+01:00,3477.58
2025-08-16 08:30:00+01:00,3636.37
2025-08-16 09:00:00+01:00,3690.75
2025-08-16 09:30:00+01:00,3751.6
2025-08-16 10:00:00+01:00,3776.68
2025-08-16 10:30:00+01:00,3770.67
2025-08-16 11:00:00+01:00,3729.3
2025-08-16 11:30:00+01:00,3698.03
2025-08-16 12:00:00+01:00,3639.08
2025-08-16 12:30:00+01:00,3593.06
2025-08-16 13:00:00+01:00,3550.2
2025-08-16 13:30:00+01:00,3497.68
2025-08-16 14:00:00+01:00,3434.08
2025-08-16 14:30:00+01:00,3432.23
2025-08-16 15:00:00+01:00,3429.4
2025-08-16 15:30:00+01:00,3472.1
2025-08-16 16:00:00+01:00,3496.82
2025-08-16 16:30:00+01:00,3588.27
2025-08-16 17:00:00+01:00,3654.95
2025-08-16 17:30:00+01:00,3764.22
2025-08-16 18:00:00+01:00,3812.91
2025-08-16 18:30:00+01:00,3847.37
2025-08-16 19:00:00+01:00,3796.0
2025-08-16 19:30:00+01:00,3822.54
2025-08-16 20:00:00+01:00,3759.55
2025-08-16 20:30:00+01:00,3737.8
2025-08-16 21:00:00+01:00,3713.55
2025-08-16 21:30:00+01:00,3683.1
2025-08-16 22:00:00+01:00,3601.13
2025-08-16 22:30:00+01:00,3475.45
2025-08-16 23:00:00+01:00,3376.16
2025-08-16 23:30:00+01:00,3316.42
2025-08-17 00:00:00+01:00,3231.38
2025-08-17 00:30:00+01:00,3173.16
2025-08-17 01:00:00+01:00,3111.44
2025-08-17 01:30:00+01:00,3053.0
2025-08-17 02:00:00+01:00,3040.42
2025-08-17 02:30:00+01:00,3043.37
2025-08-17 03:00:00+01:00,3005.56
2025-08-17 03:30:00+01:00,2965.15
2025-08-17 04:00:00+01:00,2928.82
2025-08-17 04:30:00+01:00,2921.46
2025-08-17 05:00:00+01:00,2908.73
2025-08-17 05:30:00+01:00,2912.49
2025-08-17 06:00:00+01:00,2924.11
2025-08-17 06:30:00+01:00,2932.31
2025-08-17 07:00:00+01:00,2982.2
2025-08-17 07:30:00+01:00,3087.23
2025-08-17 08:00:00+01:00,3178.23
2025-08-17 08:30:00+01:00,3305.54
2025-08-17 09:00:00+01:00,3371.28
2025-08-17 09:30:00+01:00,3441.9
2025-08-17 10:00:00+01:00,3456.88
2025-08-17 10:30:00+01:00,3459.15
2025-08-17 11:00:00+01:00,3430.84
2025-08-17 11:30:00+01:00,3390.46
2025-08-17 12:00:00+01:00,3360.31
2025-08-17 12:30:00+01:00,3340.09
2025-08-17 13:00:00+01:00,3355.33
2025-08-17 13:30:00+01:00,3308.64
2025-08-17 14:00:00+01:00,3270.52
2025-08-17 14:30:00+01:00,3225.48
2025-08-17 15:00:00+01:00,3215.74
2025-08-17 15:30:00+01:00,3232.25
2025-08-17 16:00:00+01:00,3243.67
2025-08-17 16:30:00+01:00,3351.05
2025-08-17 17:00:00+01:00,3440.32
2025-08-17 17:30:00+01:00,3561.89
2025-08-17 18:00:00+01:00,3627.26
2025-08-17 18:30:00+01:00,3664.07
2025-08-17 19:00:00+01:00,3692.07
2025-08-17 19:30:00+01:00,3717.28
2025-08-17 20:00:00+01:00,3716.47
2025-08-17 20:30:00+01:00,3690.26
2025-08-17 21:00:00+01:00,3689.2
2025-08-17 21:30:00+01:00,3689.02
2025-08-17 22:00:00+01:00,3573.32
2025-08-17 22:30:00+01:00,3438.48
2025-08-17 23:00:00+01:00,3306.68
2025-08-17 23:30:00+01:00,3246.62
2025-08-18 00:00:00+01:00,3145.96
2025-08-18 00:30:00+01:00,3103.82
2025-08-18 01:00:00+01:00,3036.5
2025-08-18 01:30:00+01:00,2983.89
2025-08-18 02:00:00+01:00,2958.35
2025-08-18 02:30:00+01:00,3007.07
2025-08-18 03:00:00+01:00,2951.05
2025-08-18 03:30:00+01:00,2946.95
2025-08-18 04:00:00+01:00,2926.19
2025-08-18 04:30:00+01:00,2899.68
2025-08-18 05:00:00+01:00,2923.17
2025-08-18 05:30:00+01:00,2969.23
2025-08-18 06:00:00+01:00,3061.36
2025-08-18 06:30:00+01:00,3211.62
2025-08-18 07:00:00+01:00,3386.29
2025-08-18 07:30:00+01:00,3607.11
2025-08-18 08:00:00+01:00,3810.11
2025-08-18 08:30:00+01:00,3964.99
2025-08-18 09:00:00+01:00,4041.03
2025-08-18 09:30:00+01:00,4131.51
2025-08-18 10:00:00+01:00,4133.21
2025-08-18 10:30:00+01:00,4133.55
2025-08-18 11:00:00+01:00,4106.69
2025-08-18 11:30:00+01:00,4098.93
2025-08-18 12:00:00+01:00,4108.25
2025-08-18 12:30:00+01:00,4096.72
2025-08-18 13:00:00+01:00,4130.14
2025-08-18 13:30:00+01:00,4080.31
2025-08-18 14:00:00+01:00,4056.27
2025-08-18 14:30:00+01:00,4062.13
2025-08-18 15:00:00+01:00,4075.27
2025-08-18 15:30:00+01:00,4092.3
2025-08-18 16:00:00+01:00,4139.04
2025-08-18 16:30:00+01:00,4213.61
2025-08-18 17:00:00+01:00,4248.18
2025-08-18 17:30:00+01:00,4341.42
2025-08-18 18:00:00+01:00,4347.67
2025-08-18 18:30:00+01:00,4298.06
2025-08-18 19:00:00+01:00,4252.54
2025-08-18 19:30:00+01:00,4193.65
2025-08-18 20:00:00+01:00,4150.14
2025-08-18 20:30:00+01:00,4118.57
2025-08-18 21:00:00+01:00,4142.28
2025-08-18 21:30:00+01:00,4075.14
2025-08-18 22:00:00+01:00,3928.5
2025-08-18 22:30:00+01:00,3761.36
2025-08-18 23:00:00+01:00,3634.18
2025-08-18 23:30:00+01:00,3533.96
2025-08-19 00:00:00+01:00,3420.77
2025-08-19 00:30:00+01:00,3363.37
2025-08-19 01:00:00+01:00,3279.65
2025-08-19 01:30:00+01:00,3223.27
2025-08-19 02:00:00+01:00,3191.93
2025-08-19 02:30:00+01:00,3254.0
2025-08-19 03:00:00+01:00,3233.3
2025-08-19 03:30:00+01:00,3193.85
2025-08-19 04:00:00+01:00,3168.3
2025-08-19 04:30:00+01:00,3151.31
2025-08-19 05:00:00+01:00,3145.67
2025-08-19 05:30:00+01:00,3183.11
2025-08-19 06:00:00+01:00,3278.31
2025-08-19 06:30:00+01:00,3405.97
2025-08-19 07:00:00+01:00,3608.89
2025-08-19 07:30:00+01:00,3839.72
2025-08-19 08:00:00+01:00,4016.73
2025-08-19 08:30:00+01:00,4153.81
2025-08-19 09:00:00+01:00,4237.82
2025-08-19 09:30:00+01:00,4275.14
2025-08-19 10:00:00+01:00,4253.68
2025-08-19 10:30:00+01:00,4218.69
2025-08-19 11:00:00+01:00,4205.73
2025-08-19 11:30:00+01:00,4218.99
2025-08-19 12:00:00+01:00,4205.07
2025-08-19 12:30:00+01:00,4243.08
2025-08-19 13:00:00+01:00,4246.88
2025-08-19 13:30:00+01:00,4165.98
2025-08-19 14:00:00+01:00,4161.86
2025-08-19 14:30:00+01:00,4158.46
2025-08-19 15:00:00+01:00,4146.5
2025-08-19 15:30:00+01:00,4145.14
2025-08-19 16:00:00+01:00,4169.92
2025-08-19 16:30:00+01:00,4217.62
2025-08-19 17:00:00+01:00,4267.64
2025-08-19 17:30:00+01:00,4320.24
2025-08-19 18:00:00+01:00,4314.61
2025-08-19 18:30:00+01:00,4255.07
2025-08-19 19:00:00+01:00,4201.3
2025-08-19 19:30:00+01:00,4196.02
2025-08-19 20:00:00+01:00,4143.91
2025-08-19 20:30:00+01:00,4122.66
2025-08-19 21:00:00+01:00,4151.29
2025-08-19 21:30:00+01:00,4102.82
2025-08-19 22:00:00+01:00,3937.39
2025-08-19 22:30:00+01:00,3769.37
2025-08-19 23:00:00+01:00,3632.34
2025-08-19 23:30:00+01:00,3524.33
2025-08-20 00:00:00+01:00,3403.63
2025-08-20 00:30:00+01:00,3324.48
2025-08-20 01:00:00+01:00,3233.6
2025-08-20 01:30:00+01:00,3183.27
2025-08-20 02:00:00+01:00,3158.27
2025-08-20 02:30:00+01:00,3214.32
2025-08-20 03:00:00+01:00,3178.17
2025-08-20 03:30:00+01:00,3158.49
2025-08-20 04:00:00+01:00,3122.43
2025-08-20 04:30:00+01:00,3111.39
2025-08-20 05:00:00+01:00,3113.77
2025-08-20 05:30:00+01:00,3163.92
2025-08-20 06:00:00+01:00,3265.3
2025-08-20 06:30:00+01:00,3412.27
2025-08-20 07:00:00+01:00,3592.26
2025-08-20 07:30:00+01:00,3841.5
2025-08-20 08:00:00+01:00,4005.91
2025-08-20 08:30:00+01:00,4168.15
2025-08-20 09:00:00+01:00,4255.86
2025-08-20 09:30:00+01:00,4268.58
2025-08-20 10:00:00+01:00,4236.61
2025-08-20 10:30:00+01:00,4209.35
2025-08-20 11:00:00+01:00,4227.53
2025-08-20 11:30:00+01:00,4224.55
2025-08-20 12:00:00+01:00,4213.92
2025-08-20 12:30:00+01:00,4217.62
2025-08-20 13:00:00+01:00,4213.73
2025-08-20 13:30:00+01:00,4161.13
2025-08-20 14:00:00+01:00,4157.93
2025-08-20 14:30:00+01:00,4157.47
2025-08-20 15:00:00+01:00,4161.14
2025-08-20 15:30:00+01:00,4181.64
2025-08-20 16:00:00+01:00,4210.23
2025-08-20 16:30:00+01:00,4250.91
2025-08-20 17:00:00+01:00,4297.68
2025-08-20 17:30:00+01:00,4368.27
2025-08-20 18:00:00+01:00,4376.01
2025-08-20 18:30:00+01:00,4322.29
2025-08-20 19:00:00+01:00,4267.8
2025-08-20 19:30:00+01:00,4243.07
2025-08-20 20:00:00+01:00,4189.68
2025-08-20 20:30:00+01:00,4178.23
2025-08-20 21:00:00+01:00,4201.6
2025-08-20 21:30:00+01:00,4128.34
2025-08-20 22:00:00+01:00,3984.07
2025-08-20 22:30:00+01:00,3809.47
2025-08-20 23:00:00+01:00,3659.78
2025-08-20 23:30:00+01:00,3564.85
2025-08-21 00:00:00+01:00,3441.95
2025-08-21 00:30:00+01:00,3376.57
2025-08-21 01:00:00+01:00,3287.06
2025-08-21 01:30:00+01:00,3232.87
2025-08-21 02:00:00+01:00,3191.03
2025-08-21 02:30:00+01:00,3247.04
2025-08-21 03:00:00+01:00,3204.29
2025-08-21 03:30:00+01:00,3171.54
2025-08-21 04:00:00+01:00,3136.65
2025-08-21 04:30:00+01:00,3132.82
2025-08-21 05:00:00+01:00,3147.22
2025-08-21 05:30:00+01:00,3191.22
2025-08-21 06:00:00+01:00,3280.46
2025-08-21 06:30:00+01:00,3424.37
2025-08-21 07:00:00+01:00,3616.92
2025-08-21 07:30:00+01:00,3858.23
2025-08-21 08:00:00+01:00,4018.78
2025-08-21 08:30:00+01:00,4163.22
2025-08-21 09:00:00+01:00,4229.36
2025-08-21 09:30:00+01:00,4242.6
2025-08-21 10:00:00+01:00,4170.87
2025-08-21 10:30:00+01:00,4127.65
2025-08-21 11:00:00+01:00,4091.67
2025-08-21 11:30:00+01:00,4057.9
2025-08-21 12:00:00+01:00,4027.48
2025-08-21 12:30:00+01:00,4009.33
2025-08-21 13:00:00+01:00,3979.93
2025-08-21 13:30:00+01:00,3922.34
2025-08-21 14:00:00+01:00,3910.75
2025-08-21 14:30:00+01:00,3896.59
2025-08-21 15:00:00+01:00,3878.97
2025-08-21 15:30:00+01:00,3922.88
2025-08-21 16:00:00+01:00,3960.49
2025-08-21 16:30:00+01:00,4033.48
2025-08-21 17:00:00+01:00,4102.97
2025-08-21 17:30:00+01:00,4178.87
2025-08-21 18:00:00+01:00,4175.42
2025-08-21 18:30:00+01:00,4195.59
2025-08-21 19:00:00+01:00,4188.17
2025-08-21 19:30:00+01:00,4179.83
2025-08-21 20:00:00+01:00,4150.48
2025-08-21 20:30:00+01:00,4152.68
2025-08-21 21:00:00+01:00,4199.68
2025-08-21 21:30:00+01:00,4149.33
2025-08-21 22:00:00+01:00,3993.63
2025-08-21 22:30:00+01:00,3813.8
2025-08-21 23:00:00+01:00,3651.27
2025-08-21 23:30:00+01:00,3552.91
2025-08-22 00:00:00+01:00,3441.64
2025-08-22 00:30:00+01:00,3359.56
2025-08-22 01:00:00+01:00,3279.8
2025-08-22 01:30:00+01:00,3245.16
2025-08-22 02:00:00+01:00,3193.38
2025-08-22 02:30:00+01:00,3235.02
2025-08-22 03:00:00+01:00,3199.68
2025-08-22 03:30:00+01:00,3173.59
2025-08-22 04:00:00+01:00,3148.5
2025-08-22 04:30:00+01:00,3139.68
2025-08-22 05:00:00+01:00,3137.75
2025-08-22 05:30:00+01:00,3182.24
2025-08-22 06:00:00+01:00,3270.06
2025-08-22 06:30:00+01:00,3401.24
2025-08-22 07:00:00+01:00,3585.66
2025-08-22 07:30:00+01:00,3821.38
2025-08-22 08:00:00+01:00,3988.33
2025-08-22 08:30:00+01:00,4141.78
2025-08-22 09:00:00+01:00,4205.11
2025-08-22 09:30:00+01:00,4235.06
2025-08-22 10:00:00+01:00,4191.66
2025-08-22 10:30:00+01:00,4156.04
2025-08-22 11:00:00+01:00,4143.5
2025-08-22 11:30:00+01:00,4139.8
2025-08-22 12:00:00+01:00,4101.43
2025-08-22 12:30:00+01:00,4103.99
2025-08-22 13:00:00+01:00,4095.53
2025-08-22 13:30:00+01:00,4082.78
2025-08-22 14:00:00+01:00,4065.36
2025-08-22 14:30:00+01:00,4048.8
2025-08-22 15:00:00+01:00,4042.33
2025-08-22 15:30:00+01:00,4070.95
2025-08-22 16:00:00+01:00,4111.01
2025-08-22 16:30:00+01:00,4150.52
2025-08-22 17:00:00+01:00,4199.11
2025-08-22 17:30:00+01:00,4250.35
2025-08-22 18:00:00+01:00,4257.12
2025-08-22 18:30:00+01:00,4218.27
2025-08-22 19:00:00+01:00,4197.14
2025-08-22 19:30:00+01:00,4171.88
2025-08-22 20:00:00+01:00,4123.96
2025-08-22 20:30:00+01:00,4122.91
2025-08-22 21:00:00+01:00,4128.07
2025-08-22 21:30:00+01:00,4037.23
2025-08-22 22:00:00+01:00,3900.06
2025-08-22 22:30:00+01:00,3759.79
2025-08-22 23:00:00+01:00,3636.68
2025-08-22 23:30:00+01:00,3561.82
2025-08-23 00:00:00+01:00,3463.01
2025-08-23 00:30:00+01:00,3410.94
2025-08-23 01:00:00+01:00,3318.96
2025-08-23 01:30:00+01:00,3259.82
2025-08-23 02:00:00+01:00,3223.82
2025-08-23 02:30:00+01:00,3279.75
2025-08-23 03:00:00+01:00,3214.67
2025-08-23 03:30:00+01:00,3190.25
2025-08-23 04:00:00+01:00,3157.39
2025-08-23 04:30:00+01:00,3140.18
2025-08-23 05:00:00+01:00,3120.68
2025-08-23 05:30:00+01:00,3144.6
2025-08-23 06:00:00+01:00,3169.97
2025-08-23 06:30:00+01:00,3216.09
2025-08-23 07:00:00+01:00,3293.26
2025-08-23 07:30:00+01:00,3430.93
2025-08-23 08:00:00+01:00,3564.01
2025-08-23 08:30:00+01:00,3706.55
2025-08-23 09:00:00+01:00,3803.51
2025-08-23 09:30:00+01:00,3896.92
2025-08-23 10:00:00+01:00,3910.23
2025-08-23 10:30:00+01:00,3955.8
2025-08-23 11:00:00+01:00,3939.11
2025-08-23 11:30:00+01:00,3937.46
2025-08-23 12:00:00+01:00,3914.08
2025-08-23 12:30:00+01:00,3878.76
2025-08-23 13:00:00+01:00,3862.68
2025-08-23 13:30:00+01:00,3824.03
2025-08-23 14:00:00+01:00,3771.28
2025-08-23 14:30:00+01:00,3727.1
2025-08-23 15:00:00+01:00,3738.59
2025-08-23 15:30:00+01:00,3753.3
2025-08-23 16:00:00+01:00,3791.86
2025-08-23 16:30:00+01:00,3839.11
2025-08-23 17:00:00+01:00,3889.43
2025-08-23 17:30:00+01:00,3988.14
2025-08-23 18:00:00+01:00,4005.72
2025-08-23 18:30:00+01:00,4011.94
2025-08-23 19:00:00+01:00,3982.12
2025-08-23 19:30:00+01:00,3942.56
2025-08-23 20:00:00+01:00,3909.4
2025-08-23 20:30:00+01:00,3885.16
2025-08-23 21:00:00+01:00,3896.52
2025-08-23 21:30:00+01:00,3830.74
2025-08-23 22:00:00+01:00,3724.23
2025-08-23 22:30:00+01:00,3586.03
2025-08-23 23:00:00+01:00,3479.97
2025-08-23 23:30:00+01:00,3408.29
2025-08-24 00:00:00+01:00,3307.29
2025-08-24 00:30:00+01:00,3255.45
2025-08-24 01:00:00+01:00,3191.04
2025-08-24 01:30:00+01:00,3145.32
2025-08-24 02:00:00+01:00,3108.48
2025-08-24 02:30:00+01:00,3138.0
2025-08-24 03:00:00+01:00,3085.93
2025-08-24 03:30:00+01:00,3048.2
2025-08-24 04:00:00+01:00,3014.97
2025-08-24 04:30:00+01:00,2984.15
2025-08-24 05:00:00+01:00,2976.08
2025-08-24 05:30:00+01:00,2958.59
2025-08-24 06:00:00+01:00,2960.4
2025-08-24 06:30:00+01:00,2967.28
2025-08-24 07:00:00+01:00,3018.69
2025-08-24 07:30:00+01:00,3108.89
2025-08-24 08:00:00+01:00,3195.18
2025-08-24 08:30:00+01:00,3338.9
2025-08-24 09:00:00+01:00,3431.3
2025-08-24 09:30:00+01:00,3530.82
2025-08-24 10:00:00+01:00,3581.63
2025-08-24 10:30:00+01:00,3618.76
2025-08-24 11:00:00+01:00,3613.6
2025-08-24 11:30:00+01:00,3561.2
2025-08-24 12:00:00+01:00,3552.01
2025-08-24 12:30:00+01:00,3570.74
2025-08-24 13:00:00+01:00,3565.31
2025-08-24 13:30:00+01:00,3526.37
2025-08-24 14:00:00+01:00,3518.83
2025-08-24 14:30:00+01:00,3479.45
2025-08-24 15:00:00+01:00,3440.37
2025-08-24 15:30:00+01:00,3417.64
2025-08-24 16:00:00+01:00,3437.4
2025-08-24 16:30:00+01:00,3535.01
2025-08-24 17:00:00+01:00,3569.78
2025-08-24 17:30:00+01:00,3686.18
2025-08-24 18:00:00+01:00,3731.85
2025-08-24 18:30:00+01:00,3777.08
2025-08-24 19:00:00+01:00,3817.87
2025-08-24 19:30:00+01:00,3815.17
2025-08-24 20:00:00+01:00,3796.39
2025-08-24 20:30:00+01:00,3784.24
2025-08-24 21:00:00+01:00,3813.89
2025-08-24 21:30:00+01:00,3729.93
2025-08-24 22:00:00+01:00,3573.22
2025-08-24 22:30:00+01:00,3441.12
2025-08-24 23:00:00+01:00,3332.94
2025-08-24 23:30:00+01:00,3251.73
2025-08-25 00:00:00+01:00,3140.49
2025-08-25 00:30:00+01:00,3099.72
2025-08-25 01:00:00+01:00,2991.54
2025-08-25 01:30:00+01:00,2947.27
2025-08-25 02:00:00+01:00,2875.85
2025-08-25 02:30:00+01:00,2936.73
2025-08-25 03:00:00+01:00,2944.05
2025-08-25 03:30:00+01:00,2931.1
2025-08-25 04:00:00+01:00,2934.61
2025-08-25 04:30:00+01:00,2914.16
2025-08-25 05:00:00+01:00,2955.41
2025-08-25 05:30:00+01:00,3028.55
2025-08-25 06:00:00+01:00,3069.81
2025-08-25 06:30:00+01:00,3211.24
2025-08-25 07:00:00+01:00,3403.91
2025-08-25 07:30:00+01:00,3649.97
2025-08-25 08:00:00+01:00,3779.22
2025-08-25 08:30:00+01:00,3919.91
2025-08-25 09:00:00+01:00,3969.29
2025-08-25 09:30:00+01:00,4002.8
2025-08-25 10:00:00+01:00,3974.83
2025-08-25 10:30:00+01:00,3935.43
2025-08-25 11:00:00+01:00,3906.72
2025-08-25 11:30:00+01:00,3883.47
2025-08-25 12:00:00+01:00,3901.07
2025-08-25 12:30:00+01:00,3993.46
2025-08-25 13:00:00+01:00,3984.93
2025-08-25 13:30:00+01:00,3949.85
2025-08-25 14:00:00+01:00,3962.78
2025-08-25 14:30:00+01:00,3997.58
2025-08-25 15:00:00+01:00,4007.22
2025-08-25 15:30:00+01:00,4059.06
2025-08-25 16:00:00+01:00,4083.94
2025-08-25 16:30:00+01:00,4159.59
2025-08-25 17:00:00+01:00,4275.39
2025-08-25 17:30:00+01:00,4343.27
2025-08-25 18:00:00+01:00,4352.9
2025-08-25 18:30:00+01:00,4289.96
2025-08-25 19:00:00+01:00,4204.36
2025-08-25 19:30:00+01:00,4130.83
2025-08-25 20:00:00+01:00,4074.68
2025-08-25 20:30:00+01:00,4052.05
2025-08-25 21:00:00+01:00,4141.03
2025-08-25 21:30:00+01:00,3998.37
2025-08-25 22:00:00+01:00,3839.4
2025-08-25 22:30:00+01:00,3679.77
2025-08-25 23:00:00+01:00,3529.84
2025-08-25 23:30:00+01:00,3431.02
2025-08-26 00:00:00+01:00,3308.6
2025-08-26 00:30:00+01:00,3235.99
2025-08-26 01:00:00+01:00,3179.5
2025-08-26 01:30:00+01:00,3123.25
2025-08-26 02:00:00+01:00,3089.36
2025-08-26 02:30:00+01:00,3142.76
2025-08-26 03:00:00+01:00,3134.62
2025-08-26 03:30:00+01:00,3116.9
2025-08-26 04:00:00+01:00,3094.72
2025-08-26 04:30:00+01:00,3045.85
2025-08-26 05:00:00+01:00,3040.47
2025-08-26 05:30:00+01:00,3116.95
2025-08-26 06:00:00+01:00,3250.72
2025-08-26 06:30:00+01:00,3355.19
2025-08-26 07:00:00+01:00,3570.92
2025-08-26 07:30:00+01:00,3819.03
2025-08-26 08:00:00+01:00,3973.05
2025-08-26 08:30:00+01:00,4078.6
2025-08-26 09:00:00+01:00,4120.08
2025-08-26 09:30:00+01:00,4064.12
2025-08-26 10:00:00+01:00,4005.3
2025-08-26 10:30:00+01:00,3980.94
2025-08-26 11:00:00+01:00,3979.31
2025-08-26 11:30:00+01:00,3945.54
2025-08-26 12:00:00+01:00,3937.99
2025-08-26 12:30:00+01:00,3858.26
2025-08-26 13:00:00+01:00,3893.63
2025-08-26 13:30:00+01:00,3851.32
2025-08-26 14:00:00+01:00,3849.29
2025-08-26 14:30:00+01:00,3869.8
2025-08-26 15:00:00+01:00,3892.56
2025-08-26 15:30:00+01:00,3989.15
2025-08-26 16:00:00+01:00,3917.64
2025-08-26 16:30:00+01:00,4049.76
2025-08-26 17:00:00+01:00,4072.59
2025-08-26 17:30:00+01:00,4214.11
2025-08-26 18:00:00+01:00,4218.99
2025-08-26 18:30:00+01:00,4177.02
2025-08-26 19:00:00+01:00,4169.55
2025-08-26 19:30:00+01:00,4197.16
2025-08-26 20:00:00+01:00,4217.45
2025-08-26 20:30:00+01:00,4238.84
2025-08-26 21:00:00+01:00,4256.88
2025-08-26 21:30:00+01:00,4149.28
2025-08-26 22:00:00+01:00,3933.95
2025-08-26 22:30:00+01:00,3723.39
2025-08-26 23:00:00+01:00,3563.01
2025-08-26 23:30:00+01:00,3446.36
2025-08-27 00:00:00+01:00,3338.74
2025-08-27 00:30:00+01:00,3252.9
2025-08-27 01:00:00+01:00,3178.69
2025-08-27 01:30:00+01:00,3119.34
2025-08-27 02:00:00+01:00,3104.64
2025-08-27 02:30:00+01:00,3118.55
2025-08-27 03:00:00+01:00,3074.78
2025-08-27 03:30:00+01:00,3075.67
2025-08-27 04:00:00+01:00,3039.83
2025-08-27 04:30:00+01:00,3008.92
2025-08-27 05:00:00+01:00,3087.56
2025-08-27 05:30:00+01:00,3120.05
2025-08-27 06:00:00+01:00,3242.7
2025-08-27 06:30:00+01:00,3451.97
2025-08-27 07:00:00+01:00,3657.84
2025-08-27 07:30:00+01:00,3940.31
2025-08-27 08:00:00+01:00,4071.91
2025-08-27 08:30:00+01:00,4192.67
2025-08-27 09:00:00+01:00,4215.89
2025-08-27 09:30:00+01:00,4184.18
2025-08-27 10:00:00+01:00,4070.15
2025-08-27 10:30:00+01:00,4002.14
2025-08-27 11:00:00+01:00,3951.95
2025-08-27 11:30:00+01:00,3917.59
2025-08-27 12:00:00+01:00,3903.6
2025-08-27 12:30:00+01:00,3889.23
2025-08-27 13:00:00+01:00,3879.33
2025-08-27 13:30:00+01:00,3862.39
2025-08-27 14:00:00+01:00,3904.64
2025-08-27 14:30:00+01:00,3878.52
2025-08-27 15:00:00+01:00,3936.43
2025-08-27 15:30:00+01:00,3897.91
2025-08-27 16:00:00+01:00,3940.71
2025-08-27 16:30:00+01:00,4107.01
2025-08-27 17:00:00+01:00,4191.37
2025-08-27 17:30:00+01:00,4231.13
2025-08-27 18:00:00+01:00,4213.41
2025-08-27 18:30:00+01:00,4191.17
2025-08-27 19:00:00+01:00,4190.31
2025-08-27 19:30:00+01:00,4168.87
2025-08-27 20:00:00+01:00,4164.22
2025-08-27 20:30:00+01:00,4163.06
2025-08-27 21:00:00+01:00,4190.16
2025-08-27 21:30:00+01:00,4046.96
2025-08-27 22:00:00+01:00,3875.65
2025-08-27 22:30:00+01:00,3731.11
2025-08-27 23:00:00+01:00,3536.58
2025-08-27 23:30:00+01:00,3427.79
2025-08-28 00:00:00+01:00,3310.4
2025-08-28 00:30:00+01:00,3246.22
2025-08-28 01:00:00+01:00,3170.64
2025-08-28 01:30:00+01:00,3131.14
2025-08-28 02:00:00+01:00,3086.02
2025-08-28 02:30:00+01:00,3134.8
2025-08-28 03:00:00+01:00,3106.22
2025-08-28 03:30:00+01:00,3061.76
2025-08-28 04:00:00+01:00,3043.73
2025-08-28 04:30:00+01:00,3042.9
2025-08-28 05:00:00+01:00,3059.39
2025-08-28 05:30:00+01:00,3122.23
2025-08-28 06:00:00+01:00,3214.76
2025-08-28 06:30:00+01:00,3392.99
2025-08-28 07:00:00+01:00,3636.79
2025-08-28 07:30:00+01:00,3934.04
2025-08-28 08:00:00+01:00,4098.2
2025-08-28 08:30:00+01:00,4162.65
2025-08-28 09:00:00+01:00,4146.37
2025-08-28 09:30:00+01:00,4182.32
2025-08-28 10:00:00+01:00,4175.37
2025-08-28 10:30:00+01:00,4128.51
2025-08-28 11:00:00+01:00,4113.66
2025-08-28 11:30:00+01:00,4025.4
2025-08-28 12:00:00+01:00,4026.06
2025-08-28 12:30:00+01:00,4062.22
2025-08-28 13:00:00+01:00,4030.55
2025-08-28 13:30:00+01:00,3963.83
2025-08-28 14:00:00+01:00,3978.74
2025-08-28 14:30:00+01:00,3996.16
2025-08-28 15:00:00+01:00,4037.77
2025-08-28 15:30:00+01:00,4071.7
2025-08-28 16:00:00+01:00,4099.61
2025-08-28 16:30:00+01:00,4119.54
2025-08-28 17:00:00+01:00,4163.99
2025-08-28 17:30:00+01:00,4222.6
2025-08-28 18:00:00+01:00,4220.76
2025-08-28 18:30:00+01:00,4190.83
2025-08-28 19:00:00+01:00,4153.45
2025-08-28 19:30:00+01:00,4176.04
2025-08-28 20:00:00+01:00,4142.55
2025-08-28 20:30:00+01:00,4154.79
2025-08-28 21:00:00+01:00,4185.98
2025-08-28 21:30:00+01:00,4046.24
2025-08-28 22:00:00+01:00,3874.57
2025-08-28 22:30:00+01:00,3721.54
2025-08-28 23:00:00+01:00,3588.27
2025-08-28 23:30:00+01:00,3499.52
2025-08-29 00:00:00+01:00,3374.48
2025-08-29 00:30:00+01:00,3303.99
2025-08-29 01:00:00+01:00,3226.79
2025-08-29 01:30:00+01:00,3209.59
2025-08-29 02:00:00+01:00,3140.51
2025-08-29 02:30:00+01:00,3192.55
2025-08-29 03:00:00+01:00,3146.47
2025-08-29 03:30:00+01:00,3134.97
2025-08-29 04:00:00+01:00,3080.2
2025-08-29 04:30:00+01:00,3071.23
2025-08-29 05:00:00+01:00,3086.52
2025-08-29 05:30:00+01:00,3087.3
2025-08-29 06:00:00+01:00,3188.8
2025-08-29 06:30:00+01:00,3354.76
2025-08-29 07:00:00+01:00,3576.36
2025-08-29 07:30:00+01:00,3881.42
2025-08-29 08:00:00+01:00,4012.23
2025-08-29 08:30:00+01:00,4086.04
2025-08-29 09:00:00+01:00,4073.21
2025-08-29 09:30:00+01:00,4094.17
2025-08-29 10:00:00+01:00,4032.45
2025-08-29 10:30:00+01:00,3999.04
2025-08-29 11:00:00+01:00,3980.7
2025-08-29 11:30:00+01:00,3941.13
2025-08-29 12:00:00+01:00,3917.55
2025-08-29 12:30:00+01:00,3912.15
2025-08-29 13:00:00+01:00,3861.73
2025-08-29 13:30:00+01:00,3808.6
2025-08-29 14:00:00+01:00,3829.57
2025-08-29 14:30:00+01:00,3750.09
2025-08-29 15:00:00+01:00,3789.94
2025-08-29 15:30:00+01:00,3760.41
2025-08-29 16:00:00+01:00,3759.01
2025-08-29 16:30:00+01:00,3837.0
2025-08-29 17:00:00+01:00,3895.25
2025-08-29 17:30:00+01:00,3968.91
2025-08-29 18:00:00+01:00,4027.89
2025-08-29 18:30:00+01:00,4027.49
2025-08-29 19:00:00+01:00,3986.19
2025-08-29 19:30:00+01:00,4002.95
2025-08-29 20:00:00+01:00,3971.07
2025-08-29 20:30:00+01:00,3993.72
2025-08-29 21:00:00+01:00,4002.4
2025-08-29 21:30:00+01:00,3907.98
2025-08-29 22:00:00+01:00,3775.51
2025-08-29 22:30:00+01:00,3626.43
2025-08-29 23:00:00+01:00,3499.17
2025-08-29 23:30:00+01:00,3434.39
2025-08-30 00:00:00+01:00,3345.58
2025-08-30 00:30:00+01:00,3287.18
2025-08-30 01:00:00+01:00,3209.3
2025-08-30 01:30:00+01:00,3158.64
2025-08-30 02:00:00+01:00,3114.64
2025-08-30 02:30:00+01:00,3168.09
2025-08-30 03:00:00+01:00,3110.17
2025-08-30 03:30:00+01:00,3072.79
2025-08-30 04:00:00+01:00,3027.28
2025-08-30 04:30:00+01:00,3014.02
2025-08-30 05:00:00+01:00,2986.42
2025-08-30 05:30:00+01:00,2997.58
2025-08-30 06:00:00+01:00,3019.13
2025-08-30 06:30:00+01:00,3074.14
2025-08-30 07:00:00+01:00,3167.63
2025-08-30 07:30:00+01:00,3282.59
2025-08-30 08:00:00+01:00,3417.02
2025-08-30 08:30:00+01:00,3514.99
2025-08-30 09:00:00+01:00,3670.08
2025-08-30 09:30:00+01:00,3770.37
2025-08-30 10:00:00+01:00,3853.47
2025-08-30 10:30:00+01:00,3930.17
2025-08-30 11:00:00+01:00,3951.9
2025-08-30 11:30:00+01:00,3991.89
2025-08-30 12:00:00+01:00,4000.93
2025-08-30 12:30:00+01:00,3964.64
2025-08-30 13:00:00+01:00,3924.55
2025-08-30 13:30:00+01:00,3825.17
2025-08-30 14:00:00+01:00,3754.92
2025-08-30 14:30:00+01:00,3695.45
2025-08-30 15:00:00+01:00,3631.95
2025-08-30 15:30:00+01:00,3590.31
2025-08-30 16:00:00+01:00,3620.07
2025-08-30 16:30:00+01:00,3664.79
2025-08-30 17:00:00+01:00,3686.17
2025-08-30 17:30:00+01:00,3788.9
2025-08-30 18:00:00+01:00,3798.13
2025-08-30 18:30:00+01:00,3799.98
2025-08-30 19:00:00+01:00,3815.91
2025-08-30 19:30:00+01:00,3733.85
2025-08-30 20:00:00+01:00,3715.72
2025-08-30 20:30:00+01:00,3729.04
2025-08-30 21:00:00+01:00,3735.53
2025-08-30 21:30:00+01:00,3654.92
2025-08-30 22:00:00+01:00,3513.01
2025-08-30 22:30:00+01:00,3397.03
2025-08-31 00:00:00+01:00,3127.97
2025-08-31 00:30:00+01:00,3073.41
2025-08-31 01:00:00+01:00,3000.42
2025-08-31 01:30:00+01:00,2967.15
2025-08-31 02:00:00+01:00,2938.49
2025-08-31 02:30:00+01:00,2976.94
2025-08-31 03:00:00+01:00,2933.06
2025-08-31 03:30:00+01:00,2913.76
2025-08-31 04:00:00+01:00,2881.27
2025-08-31 04:30:00+01:00,2852.62
2025-08-31 05:00:00+01:00,2855.48
2025-08-31 05:30:00+01:00,2846.93
2025-08-31 06:00:00+01:00,2884.92
2025-08-31 06:30:00+01:00,2879.89
2025-08-31 07:00:00+01:00,2915.53
2025-08-31 07:30:00+01:00,3004.91
2025-08-31 09:00:00+01:00,3281.46
2025-08-31 09:30:00+01:00,3343.35
2025-08-31 10:00:00+01:00,3427.8
2025-08-31 10:30:00+01:00,3438.37
2025-08-31 11:00:00+01:00,3442.62
2025-08-31 11:30:00+01:00,3459.04
2025-08-31 12:00:00+01:00,3472.63
2025-08-31 12:30:00+01:00,3508.26
2025-08-31 13:00:00+01:00,3528.87
2025-08-31 13:30:00+01:00,3518.05
2025-08-31 14:00:00+01:00,3511.38
2025-08-31 14:30:00+01:00,3489.2
2025-08-31 15:00:00+01:00,3512.83
2025-08-31 15:30:00+01:00,3520.86
2025-08-31 16:00:00+01:00,3617.08
2025-08-31 16:30:00+01:00,3652.01
2025-08-31 17:00:00+01:00,3736.38
2025-08-31 17:30:00+01:00,3846.52
2025-08-31 18:00:00+01:00,3845.76
2025-08-31 18:30:00+01:00,3870.91
2025-08-31 19:00:00+01:00,3888.58
2025-08-31 19:30:00+01:00,3882.58
2025-08-31 20:00:00+01:00,3840.6
2025-08-31 20:30:00+01:00,3865.42
2025-08-31 21:00:00+01:00,3845.34
2025-08-31 21:30:00+01:00,3728.66
2025-08-31 22:00:00+01:00,3562.68
2025-08-31 22:30:00+01:00,3423.25
2025-08-31 23:00:00+01:00,3262.15
2025-08-31 23:30:00+01:00,3201.71
2025-09-01 00:00:00+01:00,3100.73
2025-09-01 00:30:00+01:00,3052.41
2025-09-01 01:00:00+01:00,2953.44
2025-09-01 01:30:00+01:00,2899.24
2025-09-01 02:00:00+01:00,2885.39
2025-09-01 02:30:00+01:00,2941.22
2025-09-01 03:00:00+01:00,2904.83
2025-09-01 03:30:00+01:00,2889.6
2025-09-01 04:00:00+01:00,2873.31
2025-09-01 04:30:00+01:00,2876.38
2025-09-01 05:00:00+01:00,2889.15
2025-09-01 05:30:00+01:00,2923.32
2025-09-01 06:00:00+01:00,3055.67
2025-09-01 06:30:00+01:00,3256.65
2025-09-01 07:00:00+01:00,3501.83
2025-09-01 07:30:00+01:00,3821.59
2025-09-01 08:00:00+01:00,3945.59
2025-09-01 08:30:00+01:00,3998.82
2025-09-01 09:00:00+01:00,4029.8
2025-09-01 09:30:00+01:00,4043.95
2025-09-01 10:00:00+01:00,4040.03
2025-09-01 10:30:00+01:00,4016.95
2025-09-01 11:00:00+01:00,4016.76
2025-09-01 11:30:00+01:00,3997.7
2025-09-01 12:00:00+01:00,3947.56
2025-09-01 12:30:00+01:00,3995.71
2025-09-01 13:00:00+01:00,3960.06
2025-09-01 13:30:00+01:00,3936.64
2025-09-01 14:00:00+01:00,3843.04
2025-09-01 14:30:00+01:00,3838.4
2025-09-01 15:00:00+01:00,3880.67
2025-09-01 15:30:00+01:00,3920.96
2025-09-01 16:00:00+01:00,3954.4
2025-09-01 16:30:00+01:00,4048.08
2025-09-01 17:00:00+01:00,4077.47
2025-09-01 17:30:00+01:00,4189.13
2025-09-01 18:00:00+01:00,4208.02
2025-09-01 18:30:00+01:00,4193.4
2025-09-01 19:00:00+01:00,4164.12
2025-09-01 19:30:00+01:00,4163.22
2025-09-01 20:00:00+01:00,4145.27
2025-09-01 20:30:00+01:00,4177.88
2025-09-01 21:00:00+01:00,4186.07
2025-09-01 21:30:00+01:00,4028.93
2025-09-01 22:00:00+01:00,3854.15
2025-09-01 22:30:00+01:00,3663.37
2025-09-01 23:00:00+01:00,3497.9
2025-09-01 23:30:00+01:00,3401.96
2025-09-02 00:00:00+01:00,3291.59
2025-09-02 00:30:00+01:00,3243.99
2025-09-02 01:00:00+01:00,3195.13
2025-09-02 01:30:00+01:00,3147.72
2025-09-02 02:00:00+01:00,3125.88
2025-09-02 02:30:00+01:00,3168.79
2025-09-02 03:00:00+01:00,3158.75
2025-09-02 03:30:00+01:00,3145.66
2025-09-02 04:00:00+01:00,3117.92
2025-09-02 04:30:00+01:00,3106.53
2025-09-02 05:00:00+01:00,3097.36
2025-09-02 05:30:00+01:00,3133.93
2025-09-02 06:00:00+01:00,3254.31
2025-09-02 06:30:00+01:00,3444.0
2025-09-02 07:00:00+01:00,3711.2
2025-09-02 07:30:00+01:00,4030.42
2025-09-02 08:00:00+01:00,4147.5
2025-09-02 08:30:00+01:00,4197.72
2025-09-02 09:00:00+01:00,4154.75
2025-09-02 09:30:00+01:00,4139.28
2025-09-02 10:00:00+01:00,4055.32
2025-09-02 10:30:00+01:00,4025.14
2025-09-02 11:00:00+01:00,3994.99
2025-09-02 11:30:00+01:00,3962.79
2025-09-02 12:00:00+01:00,3946.09
2025-09-02 12:30:00+01:00,3969.96
2025-09-02 13:00:00+01:00,3977.32
2025-09-02 13:30:00+01:00,3913.55
2025-09-02 14:00:00+01:00,3916.43
2025-09-02 14:30:00+01:00,3966.35
2025-09-02 15:00:00+01:00,4013.11
2025-09-02 15:30:00+01:00,4115.42
2025-09-02 16:00:00+01:00,4203.8
2025-09-02 16:30:00+01:00,4305.17
2025-09-02 17:00:00+01:00,4382.32
2025-09-02 17:30:00+01:00,4410.37
2025-09-02 18:00:00+01:00,4398.87
2025-09-02 18:30:00+01:00,4376.28
2025-09-02 19:00:00+01:00,4333.75
2025-09-02 19:30:00+01:00,4324.08
2025-09-02 20:00:00+01:00,4307.56
2025-09-02 20:30:00+01:00,4350.99
2025-09-02 21:00:00+01:00,4298.25
2025-09-02 21:30:00+01:00,4136.75
2025-09-02 22:00:00+01:00,3941.59
2025-09-02 22:30:00+01:00,3738.89
2025-09-02 23:00:00+01:00,3571.85
2025-09-02 23:30:00+01:00,3482.68
2025-09-03 00:00:00+01:00,3370.41
2025-09-03 00:30:00+01:00,3302.95
2025-09-03 01:00:00+01:00,3219.09
2025-09-03 01:30:00+01:00,3180.98
2025-09-03 02:00:00+01:00,3169.69
2025-09-03 02:30:00+01:00,3231.75
2025-09-03 03:00:00+01:00,3206.76
2025-09-03 03:30:00+01:00,3182.61
2025-09-03 04:00:00+01:00,3165.98
2025-09-03 04:30:00+01:00,3161.03
2025-09-03 05:00:00+01:00,3180.62
2025-09-03 05:30:00+01:00,3234.4
2025-09-03 06:00:00+01:00,3347.57
2025-09-03 06:30:00+01:00,3538.75
2025-09-03 07:00:00+01:00,3780.16
2025-09-03 07:30:00+01:00,4092.97
2025-09-03 08:00:00+01:00,4228.72
2025-09-03 08:30:00+01:00,4285.61
2025-09-03 09:00:00+01:00,4279.83
2025-09-03 09:30:00+01:00,4270.76
2025-09-03 10:00:00+01:00,4234.29
2025-09-03 10:30:00+01:00,4191.9
2025-09-03 11:00:00+01:00,4160.22
2025-09-03 11:30:00+01:00,4077.84
2025-09-03 12:00:00+01:00,4040.38
2025-09-03 12:30:00+01:00,3979.77
2025-09-03 13:00:00+01:00,3958.29
2025-09-03 13:30:00+01:00,3909.79
2025-09-03 14:00:00+01:00,3922.03
2025-09-03 14:30:00+01:00,3888.44
2025-09-03 15:00:00+01:00,3912.16
2025-09-03 15:30:00+01:00,3965.48
2025-09-03 16:00:00+01:00,3995.06
2025-09-03 16:30:00+01:00,4087.1
2025-09-03 17:00:00+01:00,4193.64
2025-09-03 17:30:00+01:00,4256.94
2025-09-03 18:00:00+01:00,4276.97
2025-09-03 18:30:00+01:00,4263.83
2025-09-03 19:00:00+01:00,4268.03
2025-09-03 19:30:00+01:00,4252.55
2025-09-03 20:00:00+01:00,4261.08
2025-09-03 20:30:00+01:00,4323.92
2025-09-03 21:00:00+01:00,4299.42
2025-09-03 21:30:00+01:00,4159.77
2025-09-03 22:00:00+01:00,3936.48
2025-09-03 22:30:00+01:00,3748.64
2025-09-03 23:00:00+01:00,3578.54
2025-09-03 23:30:00+01:00,3483.65
2025-09-04 00:00:00+01:00,3368.76
2025-09-04 00:30:00+01:00,3306.5
2025-09-04 01:00:00+01:00,3225.03
2025-09-04 01:30:00+01:00,3173.79
2025-09-04 02:00:00+01:00,3151.4
2025-09-04 02:30:00+01:00,3198.86
2025-09-04 03:00:00+01:00,3153.58
2025-09-04 03:30:00+01:00,3125.68
2025-09-04 04:00:00+01:00,3087.04
2025-09-04 04:30:00+01:00,3082.64
2025-09-04 05:00:00+01:00,3084.47
2025-09-04 05:30:00+01:00,3127.85
2025-09-04 06:00:00+01:00,3254.46
2025-09-04 06:30:00+01:00,3444.34
2025-09-04 07:00:00+01:00,3685.96
2025-09-04 07:30:00+01:00,4016.15
2025-09-04 08:00:00+01:00,4157.27
2025-09-04 08:30:00+01:00,4206.84
2025-09-04 09:00:00+01:00,4220.72
2025-09-04 09:30:00+01:00,4188.59
2025-09-04 10:00:00+01:00,4145.4
2025-09-04 10:30:00+01:00,4098.5
2025-09-04 11:00:00+01:00,4065.71
2025-09-04 11:30:00+01:00,3982.65
2025-09-04 12:00:00+01:00,3877.35
2025-09-04 12:30:00+01:00,3856.19
2025-09-04 13:00:00+01:00,3811.85
2025-09-04 13:30:00+01:00,3773.88
2025-09-04 14:00:00+01:00,3751.95
2025-09-04 14:30:00+01:00,3785.29
2025-09-04 15:00:00+01:00,3798.88
2025-09-04 15:30:00+01:00,3844.24
2025-09-04 16:00:00+01:00,3882.34
2025-09-04 16:30:00+01:00,3891.86
2025-09-04 17:00:00+01:00,4024.94
2025-09-04 17:30:00+01:00,4113.07
2025-09-04 18:00:00+01:00,4179.68
2025-09-04 18:30:00+01:00,4162.68
2025-09-04 19:00:00+01:00,4141.77
2025-09-04 19:30:00+01:00,4165.79
2025-09-04 20:00:00+01:00,4171.11
2025-09-04 20:30:00+01:00,4276.27
2025-09-04 21:00:00+01:00,4261.29
2025-09-04 21:30:00+01:00,4103.18
2025-09-04 22:00:00+01:00,3920.53
2025-09-04 22:30:00+01:00,3717.36
2025-09-04 23:00:00+01:00,3537.31
2025-09-04 23:30:00+01:00,3409.83
2025-09-05 00:00:00+01:00,3312.06
2025-09-05 00:30:00+01:00,3258.76
2025-09-05 01:00:00+01:00,3171.53
2025-09-05 01:30:00+01:00,3150.09
2025-09-05 02:00:00+01:00,3091.42
2025-09-05 02:30:00+01:00,3165.18
2025-09-05 03:00:00+01:00,3126.12
2025-09-05 03:30:00+01:00,3091.44
2025-09-05 04:00:00+01:00,3084.66
2025-09-05 04:30:00+01:00,3069.18
2025-09-05 05:00:00+01:00,3074.21
2025-09-05 05:30:00+01:00,3129.15
2025-09-05 06:00:00+01:00,3250.84
2025-09-05 06:30:00+01:00,3443.56
2025-09-05 07:00:00+01:00,3666.4
2025-09-05 07:30:00+01:00,3980.06
2025-09-05 09:00:00+01:00,4168.45
2025-09-05 09:30:00+01:00,4169.32
2025-09-05 10:00:00+01:00,4104.3
2025-09-05 10:30:00+01:00,4046.41
2025-09-05 11:00:00+01:00,4040.78
2025-09-05 11:30:00+01:00,4036.72
2025-09-05 13:00:00+01:00,4006.94
2025-09-05 13:30:00+01:00,3941.49
2025-09-05 18:00:00+01:00,4192.23
2025-09-05 18:30:00+01:00,4172.93
2025-09-05 19:00:00+01:00,4154.54
2025-09-05 19:30:00+01:00,4140.46
2025-09-06 01:00:00+01:00,3191.48
2025-09-06 01:30:00+01:00,3131.75
2025-09-06 05:00:00+01:00,3032.45
2025-09-06 05:30:00+01:00,3055.61
2025-09-06 06:00:00+01:00,3065.65
2025-09-06 06:30:00+01:00,3181.98
2025-09-06 07:00:00+01:00,3214.38
2025-09-06 07:30:00+01:00,3379.66
2025-09-06 08:00:00+01:00,3536.1
2025-09-06 08:30:00+01:00,3714.03
2025-09-06 10:00:00+01:00,3891.4
2025-09-06 10:30:00+01:00,3976.66
2025-09-06 12:00:00+01:00,3978.93
2025-09-06 12:30:00+01:00,3967.3
2025-09-06 14:00:00+01:00,3894.73
2025-09-06 14:30:00+01:00,3884.17
2025-09-06 16:00:00+01:00,3883.9
2025-09-06 16:30:00+01:00,3948.47
2025-09-06 17:00:00+01:00,3984.92
2025-09-06 17:30:00+01:00,4068.42
2025-09-06 18:00:00+01:00,4099.83
2025-09-06 18:30:00+01:00,4081.9
2025-09-06 19:00:00+01:00,4045.21
2025-09-06 19:30:00+01:00,3996.53
2025-09-06 20:00:00+01:00,3949.41
2025-09-06 20:30:00+01:00,3954.66
2025-09-06 22:00:00+01:00,3660.44
2025-09-06 22:30:00+01:00,3555.18
2025-09-06 23:00:00+01:00,3444.52
2025-09-06 23:30:00+01:00,3348.87
2025-09-07 00:00:00+01:00,3281.97
2025-09-07 00:30:00+01:00,3238.49
2025-09-07 06:00:00+01:00,2988.94
2025-09-07 06:30:00+01:00,3065.92
2025-09-07 07:00:00+01:00,3098.76
2025-09-07 07:30:00+01:00,3204.14
2025-09-07 08:00:00+01:00,3315.44
2025-09-07 08:30:00+01:00,3468.2
2025-09-07 09:00:00+01:00,3540.26
2025-09-07 09:30:00+01:00,3633.39
2025-09-07 10:00:00+01:00,3720.58
2025-09-07 10:30:00+01:00,3759.25
2025-09-07 11:00:00+01:00,3789.8
2025-09-07 11:30:00+01:00,3804.67
2025-09-07 12:00:00+01:00,3806.41
2025-09-07 12:30:00+01:00,3807.33
2025-09-07 13:00:00+01:00,3764.55
2025-09-07 13:30:00+01:00,3737.96
2025-09-07 14:00:00+01:00,3631.49
2025-09-07 14:30:00+01:00,3579.5
2025-09-07 15:00:00+01:00,3561.92
2025-09-07 15:30:00+01:00,3533.07
2025-09-07 16:00:00+01:00,3591.98
2025-09-07 16:30:00+01:00,3660.27
2025-09-07 17:00:00+01:00,3709.41
2025-09-07 17:30:00+01:00,3837.17
2025-09-07 18:00:00+01:00,3863.75
2025-09-07 18:30:00+01:00,3942.47
2025-09-07 19:00:00+01:00,3994.28
2025-09-07 19:30:00+01:00,3948.51
2025-09-07 20:00:00+01:00,3937.3
2025-09-07 20:30:00+01:00,3999.28
2025-09-07 21:00:00+01:00,3918.03
2025-09-07 21:30:00+01:00,3780.76
2025-09-07 22:00:00+01:00,3638.53
2025-09-07 22:30:00+01:00,3474.62
2025-09-07 23:00:00+01:00,3342.84
2025-09-07 23:30:00+01:00,3227.88
2025-09-08 00:00:00+01:00,3145.58
2025-09-08 00:30:00+01:00,3112.95
2025-09-08 01:00:00+01:00,3043.4
2025-09-08 01:30:00+01:00,3003.44
2025-09-08 02:00:00+01:00,2998.36
2025-09-08 02:30:00+01:00,3047.79
2025-09-08 03:00:00+01:00,2989.46
2025-09-08 03:30:00+01:00,2973.3
2025-09-08 05:00:00+01:00,2951.45
2025-09-08 05:30:00+01:00,2982.54
2025-09-08 06:00:00+01:00,3132.91
2025-09-08 06:30:00+01:00,3334.13
2025-09-08 07:00:00+01:00,3565.36
2025-09-08 07:30:00+01:00,3894.27
2025-09-08 08:00:00+01:00,4031.6
2025-09-08 08:30:00+01:00,4069.3
2025-09-08 09:00:00+01:00,4062.98
2025-09-08 09:30:00+01:00,4053.26
2025-09-08 10:00:00+01:00,3962.71
2025-09-08 10:30:00+01:00,3902.3
2025-09-08 11:00:00+01:00,3855.76
2025-09-08 11:30:00+01:00,3823.31
2025-09-08 12:00:00+01:00,3821.72
2025-09-08 12:30:00+01:00,3830.58
2025-09-08 13:00:00+01:00,3810.98
2025-09-08 13:30:00+01:00,3773.78
2025-09-08 14:00:00+01:00,3782.85
2025-09-08 14:30:00+01:00,3766.56
2025-09-08 15:00:00+01:00,3751.45
2025-09-08 15:30:00+01:00,3804.9
2025-09-08 16:00:00+01:00,3815.97
2025-09-08 16:30:00+01:00,4014.01
2025-09-08 17:00:00+01:00,4092.75
2025-09-08 17:30:00+01:00,4202.46
2025-09-08 18:00:00+01:00,4241.49
2025-09-08 18:30:00+01:00,4218.45
2025-09-08 19:00:00+01:00,4218.09
2025-09-08 19:30:00+01:00,4210.57
2025-09-08 20:00:00+01:00,4225.16
2025-09-08 20:30:00+01:00,4293.91
2025-09-08 21:00:00+01:00,4200.28
2025-09-08 21:30:00+01:00,4028.71
2025-09-08 22:00:00+01:00,3828.83
2025-09-08 22:30:00+01:00,3643.26
2025-09-08 23:00:00+01:00,3503.72
2025-09-08 23:30:00+01:00,3388.43
2025-09-09 00:00:00+01:00,3279.17
2025-09-09 00:30:00+01:00,3235.02
2025-09-09 01:00:00+01:00,3167.75
2025-09-09 01:30:00+01:00,3110.62
2025-09-09 02:00:00+01:00,3105.21
2025-09-09 02:30:00+01:00,3152.81
2025-09-09 03:00:00+01:00,3155.83
2025-09-09 03:30:00+01:00,3110.43
2025-09-09 04:00:00+01:00,3062.19
2025-09-09 04:30:00+01:00,3045.56
2025-09-09 05:00:00+01:00,3006.08
2025-09-09 05:30:00+01:00,3046.87
2025-09-09 06:00:00+01:00,3199.53
2025-09-09 06:30:00+01:00,3394.91
2025-09-09 07:00:00+01:00,3690.51
2025-09-09 07:30:00+01:00,3984.46
2025-09-09 08:00:00+01:00,4124.19
2025-09-09 08:30:00+01:00,4202.42
2025-09-09 09:00:00+01:00,4180.54
2025-09-09 09:30:00+01:00,4223.91
2025-09-09 10:00:00+01:00,4165.67
2025-09-09 10:30:00+01:00,4109.31
2025-09-09 11:00:00+01:00,4102.86
2025-09-09 11:30:00+01:00,4080.99
2025-09-09 12:00:00+01:00,4043.97
2025-09-09 12:30:00+01:00,3994.3
2025-09-09 13:00:00+01:00,4008.18
2025-09-09 13:30:00+01:00,3929.37
2025-09-09 15:00:00+01:00,3889.18
2025-09-09 15:30:00+01:00,3880.64
2025-09-09 16:00:00+01:00,3929.78
2025-09-09 16:30:00+01:00,4083.2
2025-09-09 17:00:00+01:00,4146.61
2025-09-09 17:30:00+01:00,4260.81
2025-09-09 18:00:00+01:00,4296.62
2025-09-09 18:30:00+01:00,4239.6
2025-09-09 19:00:00+01:00,4215.71
2025-09-09 19:30:00+01:00,4287.57
2025-09-09 20:00:00+01:00,4278.7
2025-09-09 20:30:00+01:00,4367.59
2025-09-09 21:00:00+01:00,4257.23
2025-09-09 21:30:00+01:00,4106.98
2025-09-09 22:00:00+01:00,3893.29
2025-09-09 22:30:00+01:00,3705.6
2025-09-09 23:00:00+01:00,3544.11
2025-09-09 23:30:00+01:00,3441.33
2025-09-10 00:00:00+01:00,3333.1
2025-09-10 00:30:00+01:00,3307.39
2025-09-10 01:00:00+01:00,3232.02
2025-09-10 01:30:00+01:00,3183.35
2025-09-10 02:00:00+01:00,3148.8
2025-09-10 02:30:00+01:00,3200.46
2025-09-10 03:00:00+01:00,3176.6
2025-09-10 03:30:00+01:00,3156.62
2025-09-10 04:00:00+01:00,3124.34
2025-09-10 04:30:00+01:00,3117.76
2025-09-10 05:00:00+01:00,3110.4
2025-09-10 05:30:00+01:00,3162.1
2025-09-10 06:00:00+01:00,3283.91
2025-09-10 06:30:00+01:00,3498.43
2025-09-10 07:00:00+01:00,3739.65
2025-09-10 07:30:00+01:00,4055.63
2025-09-10 08:00:00+01:00,4203.14
2025-09-10 08:30:00+01:00,4276.83
2025-09-10 09:00:00+01:00,4259.21
2025-09-10 09:30:00+01:00,4277.98
2025-09-10 10:00:00+01:00,4229.71
2025-09-10 10:30:00+01:00,4187.53
2025-09-10 11:00:00+01:00,4172.19
2025-09-10 11:30:00+01:00,4139.94
2025-09-10 12:00:00+01:00,4095.21
2025-09-10 12:30:00+01:00,4088.81
2025-09-10 13:00:00+01:00,4037.4
2025-09-10 13:30:00+01:00,3972.26
2025-09-10 14:00:00+01:00,3889.71
2025-09-10 14:30:00+01:00,3852.3
2025-09-10 15:00:00+01:00,3913.18
2025-09-10 15:30:00+01:00,3927.5
2025-09-10 16:00:00+01:00,3923.08
2025-09-10 16:30:00+01:00,3955.81
2025-09-10 17:00:00+01:00,4028.63
2025-09-10 17:30:00+01:00,4144.18
2025-09-10 18:00:00+01:00,4153.19
2025-09-10 18:30:00+01:00,4142.73
2025-09-10 19:00:00+01:00,4134.73
2025-09-10 19:30:00+01:00,4149.75
2025-09-10 20:00:00+01:00,4215.12
2025-09-10 20:30:00+01:00,4319.0
2025-09-10 21:00:00+01:00,4210.38
2025-09-10 21:30:00+01:00,4056.85
2025-09-10 22:00:00+01:00,3856.99
2025-09-10 22:30:00+01:00,3681.71
2025-09-10 23:00:00+01:00,3516.65
2025-09-10 23:30:00+01:00,3438.63
2025-09-11 00:00:00+01:00,3294.67
2025-09-11 00:30:00+01:00,3249.15
2025-09-11 01:00:00+01:00,3167.9
2025-09-11 01:30:00+01:00,3132.14
2025-09-11 02:00:00+01:00,3102.05
2025-09-11 02:30:00+01:00,3162.89
2025-09-11 03:00:00+01:00,3117.9
2025-09-11 03:30:00+01:00,3092.35
2025-09-11 04:00:00+01:00,3046.86
2025-09-11 04:30:00+01:00,3049.01
2025-09-11 05:00:00+01:00,3064.68
2025-09-11 05:30:00+01:00,3108.09
2025-09-11 07:00:00+01:00,3649.05
2025-09-11 07:30:00+01:00,3965.33
2025-09-11 08:00:00+01:00,4139.27
2025-09-11 08:30:00+01:00,4170.46
2025-09-11 09:00:00+01:00,4129.94
2025-09-11 09:30:00+01:00,4130.75
2025-09-11 10:00:00+01:00,4014.99
2025-09-11 10:30:00+01:00,4031.65
2025-09-11 11:00:00+01:00,3942.82
2025-09-11 11:30:00+01:00,3944.94
2025-09-11 12:00:00+01:00,3973.03
2025-09-11 12:30:00+01:00,3965.88
2025-09-11 13:00:00+01:00,3917.79
2025-09-11 13:30:00+01:00,3853.27
2025-09-11 14:00:00+01:00,3854.32
2025-09-11 14:30:00+01:00,3881.18
2025-09-11 15:00:00+01:00,3950.92
2025-09-11 15:30:00+01:00,3978.41
2025-09-11 16:00:00+01:00,4021.1
2025-09-11 16:30:00+01:00,4075.65
2025-09-11 17:00:00+01:00,4188.79
2025-09-11 17:30:00+01:00,4313.26
2025-09-11 18:00:00+01:00,4273.14
2025-09-11 18:30:00+01:00,4269.01
2025-09-11 19:00:00+01:00,4217.54
2025-09-11 19:30:00+01:00,4294.84
2025-09-11 20:00:00+01:00,4269.31
2025-09-11 20:30:00+01:00,4361.79
2025-09-11 21:00:00+01:00,4260.75
2025-09-11 21:30:00+01:00,4090.56
2025-09-11 22:00:00+01:00,3919.3
2025-09-11 22:30:00+01:00,3714.53
2025-09-11 23:00:00+01:00,3549.21
2025-09-11 23:30:00+01:00,3442.72
2025-09-12 00:00:00+01:00,3334.57
2025-09-12 00:30:00+01:00,3283.7
2025-09-12 01:00:00+01:00,3202.49
2025-09-12 01:30:00+01:00,3186.29
2025-09-12 02:00:00+01:00,3140.09
2025-09-12 02:30:00+01:00,3174.27
2025-09-12 03:00:00+01:00,3125.87
2025-09-12 03:30:00+01:00,3111.0
2025-09-12 04:00:00+01:00,3088.53
2025-09-12 04:30:00+01:00,3078.65
2025-09-12 05:00:00+01:00,3110.7
2025-09-12 05:30:00+01:00,3154.4
2025-09-12 06:00:00+01:00,3249.77
2025-09-12 06:30:00+01:00,3450.75
2025-09-12 07:00:00+01:00,3685.78
2025-09-12 07:30:00+01:00,4014.47
2025-09-12 08:00:00+01:00,4122.29
2025-09-12 08:30:00+01:00,4137.21
2025-09-12 09:00:00+01:00,4122.27
2025-09-12 09:30:00+01:00,4103.78
2025-09-12 10:00:00+01:00,4042.22
2025-09-12 10:30:00+01:00,3987.89
2025-09-12 11:00:00+01:00,3971.45
2025-09-12 11:30:00+01:00,3905.46
2025-09-12 12:00:00+01:00,3900.58
2025-09-12 12:30:00+01:00,3891.28
2025-09-12 13:00:00+01:00,3898.29
2025-09-12 13:30:00+01:00,3843.05
2025-09-12 15:00:00+01:00,3833.49
2025-09-12 15:30:00+01:00,3932.36
2025-09-12 16:00:00+01:00,3957.88
2025-09-12 16:30:00+01:00,4031.11
2025-09-12 17:00:00+01:00,4110.33
2025-09-12 17:30:00+01:00,4188.48
2025-09-12 18:00:00+01:00,4220.92
2025-09-12 18:30:00+01:00,4247.55
2025-09-12 19:00:00+01:00,4204.46
2025-09-12 19:30:00+01:00,4211.77
2025-09-12 20:00:00+01:00,4221.62
2025-09-12 20:30:00+01:00,4206.31
2025-09-12 21:00:00+01:00,4148.31
2025-09-12 21:30:00+01:00,3968.08
2025-09-12 22:00:00+01:00,3789.5
2025-09-12 22:30:00+01:00,3648.31
2025-09-12 23:00:00+01:00,3527.09
2025-09-12 23:30:00+01:00,3437.18
2025-09-13 01:00:00+01:00,3189.15
2025-09-13 01:30:00+01:00,3128.66
2025-09-13 02:00:00+01:00,3113.27
2025-09-13 02:30:00+01:00,3157.01
2025-09-13 03:00:00+01:00,3115.15
2025-09-13 03:30:00+01:00,3072.1
2025-09-13 04:00:00+01:00,3064.48
2025-09-13 04:30:00+01:00,3004.67
2025-09-13 05:00:00+01:00,2986.5
2025-09-13 05:30:00+01:00,2988.45
2025-09-13 06:00:00+01:00,3047.4
2025-09-13 06:30:00+01:00,3129.85
2025-09-13 07:00:00+01:00,3185.6
2025-09-13 07:30:00+01:00,3311.99
2025-09-13 08:00:00+01:00,3444.0
2025-09-13 08:30:00+01:00,3581.84
2025-09-13 09:00:00+01:00,3699.62
2025-09-13 09:30:00+01:00,3739.31
2025-09-13 10:00:00+01:00,3722.0
2025-09-13 10:30:00+01:00,3700.06
2025-09-13 11:00:00+01:00,3680.37
2025-09-13 11:30:00+01:00,3635.54
2025-09-13 12:00:00+01:00,3645.93
2025-09-13 12:30:00+01:00,3595.72
2025-09-13 13:00:00+01:00,3573.33
2025-09-13 13:30:00+01:00,3586.89
2025-09-13 14:00:00+01:00,3549.93
2025-09-13 14:30:00+01:00,3538.98
2025-09-13 15:00:00+01:00,3506.12
2025-09-13 15:30:00+01:00,3530.95
2025-09-13 16:00:00+01:00,3555.0
2025-09-13 16:30:00+01:00,3634.45
2025-09-13 17:00:00+01:00,3658.31
2025-09-13 17:30:00+01:00,3792.65
2025-09-13 18:00:00+01:00,3943.57
2025-09-13 18:30:00+01:00,3913.9
2025-09-13 19:00:00+01:00,3932.98
2025-09-13 19:30:00+01:00,3933.64
2025-09-13 20:00:00+01:00,3927.97
2025-09-13 20:30:00+01:00,3959.72
2025-09-13 21:00:00+01:00,3873.16
2025-09-13 21:30:00+01:00,3766.41
2025-09-13 22:00:00+01:00,3650.99
2025-09-13 22:30:00+01:00,3518.87
2025-09-13 23:00:00+01:00,3401.7
2025-09-13 23:30:00+01:00,3334.97
2025-09-14 00:00:00+01:00,3244.88
2025-09-14 00:30:00+01:00,3224.0
2025-09-14 01:00:00+01:00,3172.96
2025-09-14 01:30:00+01:00,3094.15
2025-09-14 02:00:00+01:00,3045.27
2025-09-14 02:30:00+01:00,3087.38
2025-09-14 03:00:00+01:00,3042.33
2025-09-14 03:30:00+01:00,3010.31
2025-09-14 04:00:00+01:00,2948.47
2025-09-14 04:30:00+01:00,2922.17
2025-09-14 05:00:00+01:00,2917.78
2025-09-14 05:30:00+01:00,2908.62
2025-09-14 06:00:00+01:00,2903.08
2025-09-14 06:30:00+01:00,2962.04
2025-09-14 07:00:00+01:00,2995.86
2025-09-14 07:30:00+01:00,3091.16
2025-09-14 08:00:00+01:00,3184.29
2025-09-14 08:30:00+01:00,3374.78
2025-09-14 09:00:00+01:00,3486.2
2025-09-14 09:30:00+01:00,3633.89
2025-09-14 10:00:00+01:00,3729.63
2025-09-14 10:30:00+01:00,3770.47
2025-09-14 11:00:00+01:00,3820.59
2025-09-14 11:30:00+01:00,3831.06
2025-09-14 12:00:00+01:00,3841.55
2025-09-14 12:30:00+01:00,3855.46
2025-09-14 13:00:00+01:00,3831.85
2025-09-14 13:30:00+01:00,3779.33
2025-09-14 14:00:00+01:00,3680.77
2025-09-14 14:30:00+01:00,3619.45
2025-09-14 15:00:00+01:00,3645.54
2025-09-14 15:30:00+01:00,3663.83
2025-09-14 16:00:00+01:00,3671.76
2025-09-14 16:30:00+01:00,3746.16
2025-09-14 17:00:00+01:00,3802.24
2025-09-14 17:30:00+01:00,3862.7
2025-09-14 18:00:00+01:00,3906.7
2025-09-14 18:30:00+01:00,3943.34
2025-09-14 19:00:00+01:00,3955.4
2025-09-14 19:30:00+01:00,3959.85
2025-09-14 20:00:00+01:00,4006.58
2025-09-14 20:30:00+01:00,3990.95
2025-09-14 21:00:00+01:00,3932.74
2025-09-14 21:30:00+01:00,3807.55
2025-09-14 22:00:00+01:00,3614.72
2025-09-14 22:30:00+01:00,3443.5
2025-09-14 23:00:00+01:00,3304.72
2025-09-14 23:30:00+01:00,3244.44
2025-09-15 00:00:00+01:00,3140.26
2025-09-15 00:30:00+01:00,3104.02
2025-09-15 01:00:00+01:00,3023.11
2025-09-15 01:30:00+01:00,2958.61
2025-09-15 02:00:00+01:00,2935.48
2025-09-15 02:30:00+01:00,2998.6
2025-09-15 03:00:00+01:00,2966.19
2025-09-15 03:30:00+01:00,2950.8
2025-09-15 04:00:00+01:00,2925.96
2025-09-15 04:30:00+01:00,2913.62
2025-09-15 05:00:00+01:00,2948.67
2025-09-15 05:30:00+01:00,2982.86
2025-09-15 06:00:00+01:00,3070.3
2025-09-15 06:30:00+01:00,3298.13
2025-09-15 07:00:00+01:00,3541.32
2025-09-15 07:30:00+01:00,3855.84
2025-09-15 08:00:00+01:00,3995.86
2025-09-15 08:30:00+01:00,4084.83
2025-09-15 09:00:00+01:00,4102.47
2025-09-15 09:30:00+01:00,4133.3
2025-09-15 11:00:00+01:00,4034.28
2025-09-15 11:30:00+01:00,4010.12
2025-09-15 12:00:00+01:00,4010.08
2025-09-15 12:30:00+01:00,4027.24
2025-09-15 13:00:00+01:00,3972.1
2025-09-15 13:30:00+01:00,3897.68
2025-09-15 14:00:00+01:00,3874.63
2025-09-15 14:30:00+01:00,3871.16
2025-09-15 15:00:00+01:00,3836.87
2025-09-15 15:30:00+01:00,3903.2
2025-09-15 16:00:00+01:00,3912.4
2025-09-15 16:30:00+01:00,4018.17
2025-09-15 17:00:00+01:00,4145.05
2025-09-15 17:30:00+01:00,4244.67
2025-09-15 18:00:00+01:00,4267.73
2025-09-15 18:30:00+01:00,4252.29
2025-09-15 19:00:00+01:00,4232.21
2025-09-15 19:30:00+01:00,4244.46
2025-09-15 20:00:00+01:00,4306.86
2025-09-15 20:30:00+01:00,4319.71
2025-09-15 21:00:00+01:00,4195.11
2025-09-15 21:30:00+01:00,4007.38
2025-09-15 22:00:00+01:00,3805.31
2025-09-15 22:30:00+01:00,3633.8
2025-09-15 23:00:00+01:00,3484.72
2025-09-15 23:30:00+01:00,3384.42
2025-09-16 00:00:00+01:00,3279.33
2025-09-16 00:30:00+01:00,3243.45
2025-09-16 01:00:00+01:00,3141.67
2025-09-16 01:30:00+01:00,3092.19
2025-09-16 02:00:00+01:00,3070.19
2025-09-16 02:30:00+01:00,3133.22
2025-09-16 03:00:00+01:00,3129.72
2025-09-16 03:30:00+01:00,3103.6
2025-09-16 04:00:00+01:00,3092.78
2025-09-16 04:30:00+01:00,3096.38
2025-09-16 05:00:00+01:00,3102.29
2025-09-16 05:30:00+01:00,3145.17
2025-09-16 06:00:00+01:00,3258.41
2025-09-16 06:30:00+01:00,3498.72
2025-09-16 07:00:00+01:00,3754.75
2025-09-16 07:30:00+01:00,4048.21
2025-09-16 08:00:00+01:00,4196.84
2025-09-16 08:30:00+01:00,4245.62
2025-09-16 09:00:00+01:00,4215.56
2025-09-16 09:30:00+01:00,4203.37
2025-09-16 10:00:00+01:00,4132.11
2025-09-16 10:30:00+01:00,4097.85
2025-09-16 11:00:00+01:00,4079.42
2025-09-16 11:30:00+01:00,3995.78
2025-09-16 12:00:00+01:00,3965.88
2025-09-16 12:30:00+01:00,3927.91
2025-09-16 13:00:00+01:00,3943.16
2025-09-16 13:30:00+01:00,3911.26
2025-09-16 14:00:00+01:00,3963.14
2025-09-16 14:30:00+01:00,4018.37
2025-09-16 15:00:00+01:00,4041.58
2025-09-16 15:30:00+01:00,4117.84
2025-09-16 16:00:00+01:00,4168.02
2025-09-16 16:30:00+01:00,4287.63
2025-09-16 17:00:00+01:00,4410.59
2025-09-16 17:30:00+01:00,4508.16
2025-09-16 18:00:00+01:00,4516.85
2025-09-16 18:30:00+01:00,4511.17
2025-09-16 19:00:00+01:00,4447.51
2025-09-16 19:30:00+01:00,4477.72
2025-09-16 20:00:00+01:00,4512.78
2025-09-16 20:30:00+01:00,4442.47
2025-09-16 21:00:00+01:00,4300.86
2025-09-16 21:30:00+01:00,4123.74
2025-09-16 22:00:00+01:00,3897.73
2025-09-16 22:30:00+01:00,3706.23
2025-09-16 23:00:00+01:00,3545.13
2025-09-16 23:30:00+01:00,3458.96
2025-09-17 00:00:00+01:00,3327.78
2025-09-17 00:30:00+01:00,3263.61
2025-09-17 01:00:00+01:00,3187.19
2025-09-17 01:30:00+01:00,3131.17
2025-09-17 02:00:00+01:00,3128.47
2025-09-17 02:30:00+01:00,3202.65
2025-09-17 03:00:00+01:00,3181.81
2025-09-17 03:30:00+01:00,3197.15
2025-09-17 04:00:00+01:00,3166.39
2025-09-17 04:30:00+01:00,3189.8
2025-09-17 05:00:00+01:00,3187.37
2025-09-17 05:30:00+01:00,3220.29
2025-09-17 06:00:00+01:00,3314.19
2025-09-17 06:30:00+01:00,3502.55
2025-09-17 07:00:00+01:00,3726.24
2025-09-17 07:30:00+01:00,4010.21
2025-09-17 08:00:00+01:00,4177.42
2025-09-17 08:30:00+01:00,4193.93
2025-09-17 09:00:00+01:00,4185.16
2025-09-17 09:30:00+01:00,4188.0
2025-09-17 10:00:00+01:00,4148.03
2025-09-17 10:30:00+01:00,4069.57
2025-09-17 11:00:00+01:00,4028.69
2025-09-17 11:30:00+01:00,3947.15
2025-09-17 12:00:00+01:00,4001.0
2025-09-17 12:30:00+01:00,3950.05
2025-09-17 13:00:00+01:00,3917.07
2025-09-17 13:30:00+01:00,3840.94
2025-09-17 14:00:00+01:00,3795.53
2025-09-17 14:30:00+01:00,3795.66
2025-09-17 15:00:00+01:00,3840.96
2025-09-17 15:30:00+01:00,3911.51
2025-09-17 16:00:00+01:00,3903.45
2025-09-17 16:30:00+01:00,3961.86
2025-09-17 17:00:00+01:00,4090.24
2025-09-17 17:30:00+01:00,4195.95
2025-09-17 18:00:00+01:00,4243.56
2025-09-17 18:30:00+01:00,4239.27
2025-09-17 19:00:00+01:00,4234.28
2025-09-17 19:30:00+01:00,4255.45
2025-09-17 20:00:00+01:00,4351.03
2025-09-17 20:30:00+01:00,4325.75
2025-09-17 21:00:00+01:00,4247.44
2025-09-17 21:30:00+01:00,4044.97
2025-09-17 22:00:00+01:00,3863.63
2025-09-17 22:30:00+01:00,3685.04
2025-09-17 23:00:00+01:00,3526.4
2025-09-17 23:30:00+01:00,3422.33
2025-09-18 00:00:00+01:00,3315.4
2025-09-18 00:30:00+01:00,3277.54
2025-09-18 01:00:00+01:00,3214.71
2025-09-18 01:30:00+01:00,3184.08
2025-09-18 02:00:00+01:00,3151.97
2025-09-18 02:30:00+01:00,3231.93
2025-09-18 03:00:00+01:00,3196.35
2025-09-18 03:30:00+01:00,3168.64
2025-09-18 04:00:00+01:00,3113.37
2025-09-18 04:30:00+01:00,3107.25
2025-09-18 05:00:00+01:00,3134.25
2025-09-18 05:30:00+01:00,3176.38
2025-09-18 06:00:00+01:00,3312.75
2025-09-18 06:30:00+01:00,3498.95
2025-09-18 07:00:00+01:00,3812.77
2025-09-18 07:30:00+01:00,4064.5
2025-09-18 08:00:00+01:00,4214.6
2025-09-18 08:30:00+01:00,4250.66
2025-09-18 09:00:00+01:00,4302.53
2025-09-18 09:30:00+01:00,4352.43
2025-09-18 10:00:00+01:00,4310.92
2025-09-18 10:30:00+01:00,4287.14
2025-09-18 11:00:00+01:00,4296.33
2025-09-18 11:30:00+01:00,4288.95
2025-09-18 12:00:00+01:00,4287.03
2025-09-18 12:30:00+01:00,4312.53
2025-09-18 13:00:00+01:00,4280.27
2025-09-18 13:30:00+01:00,4218.39
2025-09-18 14:00:00+01:00,4214.85
2025-09-18 14:30:00+01:00,4201.79
2025-09-18 15:00:00+01:00,4264.76
2025-09-18 15:30:00+01:00,4285.41
2025-09-18 16:00:00+01:00,4272.67
2025-09-18 16:30:00+01:00,4329.36
2025-09-18 17:00:00+01:00,4351.09
2025-09-18 17:30:00+01:00,4433.4
2025-09-18 18:00:00+01:00,4463.13
2025-09-18 18:30:00+01:00,4458.6
2025-09-18 19:00:00+01:00,4460.38
2025-09-18 19:30:00+01:00,4470.49
2025-09-18 20:00:00+01:00,4506.9
2025-09-18 20:30:00+01:00,4437.6
2025-09-18 21:00:00+01:00,4290.15
2025-09-18 21:30:00+01:00,4099.93
2025-09-18 22:00:00+01:00,3921.22
2025-09-18 22:30:00+01:00,3735.96
2025-09-18 23:00:00+01:00,3582.71
2025-09-18 23:30:00+01:00,3525.68
2025-09-19 00:00:00+01:00,3382.49
2025-09-19 00:30:00+01:00,3349.64
2025-09-19 01:00:00+01:00,3257.92
2025-09-19 01:30:00+01:00,3216.91
2025-09-19 02:00:00+01:00,3194.6
2025-09-19 02:30:00+01:00,3279.42
2025-09-19 03:00:00+01:00,3256.19
2025-09-19 03:30:00+01:00,3233.07
2025-09-19 04:00:00+01:00,3208.43
2025-09-19 04:30:00+01:00,3190.86
2025-09-19 05:00:00+01:00,3191.57
2025-09-19 05:30:00+01:00,3266.02
2025-09-19 06:00:00+01:00,3372.89
2025-09-19 06:30:00+01:00,3568.43
2025-09-19 07:00:00+01:00,3817.19
2025-09-19 07:30:00+01:00,4125.21
2025-09-19 08:00:00+01:00,4280.89
2025-09-19 08:30:00+01:00,4342.77
2025-09-19 09:00:00+01:00,4351.02
2025-09-19 09:30:00+01:00,4378.36
2025-09-19 10:00:00+01:00,4407.57
2025-09-19 10:30:00+01:00,4298.14
2025-09-19 11:00:00+01:00,4290.39
2025-09-19 11:30:00+01:00,4273.22
2025-09-19 12:00:00+01:00,4222.79
2025-09-19 12:30:00+01:00,4237.49
2025-09-19 13:00:00+01:00,4239.16
2025-09-19 13:30:00+01:00,4190.13
2025-09-19 14:00:00+01:00,4175.45
2025-09-19 14:30:00+01:00,4204.35
2025-09-19 15:00:00+01:00,4187.76
2025-09-19 15:30:00+01:00,4240.92
2025-09-19 16:00:00+01:00,4262.48
2025-09-19 16:30:00+01:00,4312.68
2025-09-19 17:00:00+01:00,4379.22
2025-09-19 17:30:00+01:00,4448.54
2025-09-19 18:00:00+01:00,4435.38
2025-09-19 18:30:00+01:00,4410.99
2025-09-19 19:00:00+01:00,4377.33
2025-09-19 19:30:00+01:00,4416.79
2025-09-19 20:00:00+01:00,4458.51
2025-09-19 20:30:00+01:00,4368.14
2025-09-19 21:00:00+01:00,4272.05
2025-09-19 21:30:00+01:00,4119.46
2025-09-19 22:00:00+01:00,3972.22
2025-09-19 22:30:00+01:00,3829.29
2025-09-19 23:00:00+01:00,3690.23
2025-09-19 23:30:00+01:00,3624.0
2025-09-20 00:00:00+01:00,3521.13
2025-09-20 00:30:00+01:00,3461.34
2025-09-20 01:00:00+01:00,3369.83
2025-09-20 01:30:00+01:00,3294.47
2025-09-20 02:00:00+01:00,3255.62
2025-09-20 02:30:00+01:00,3306.25
2025-09-20 03:00:00+01:00,3252.77
2025-09-20 03:30:00+01:00,3217.31
2025-09-20 04:00:00+01:00,3185.26
2025-09-20 04:30:00+01:00,3169.88
2025-09-20 05:00:00+01:00,3170.47
2025-09-20 05:30:00+01:00,3180.59
2025-09-20 06:00:00+01:00,3204.28
2025-09-20 06:30:00+01:00,3294.28
2025-09-20 07:00:00+01:00,3388.28
2025-09-20 07:30:00+01:00,3525.89
2025-09-20 08:00:00+01:00,3647.7
2025-09-20 08:30:00+01:00,3779.14
2025-09-20 09:00:00+01:00,3829.46
2025-09-20 09:30:00+01:00,3915.16
2025-09-20 10:00:00+01:00,3979.15
2025-09-20 10:30:00+01:00,3969.97
2025-09-20 11:00:00+01:00,3980.34
2025-09-20 11:30:00+01:00,3948.65
2025-09-20 12:00:00+01:00,3928.19
2025-09-20 12:30:00+01:00,3937.85
2025-09-20 13:00:00+01:00,3915.37
2025-09-20 13:30:00+01:00,3924.98
2025-09-20 14:00:00+01:00,3874.72
2025-09-20 14:30:00+01:00,3842.76
2025-09-20 15:00:00+01:00,3833.32
2025-09-20 15:30:00+01:00,3879.2
2025-09-20 16:00:00+01:00,3842.5
2025-09-20 16:30:00+01:00,3917.9
2025-09-20 17:00:00+01:00,3980.86
2025-09-20 17:30:00+01:00,4044.76
2025-09-20 18:00:00+01:00,4073.58
2025-09-20 18:30:00+01:00,4078.02
2025-09-20 19:00:00+01:00,4067.6
2025-09-20 19:30:00+01:00,4072.34
2025-09-20 20:00:00+01:00,4059.8
2025-09-20 20:30:00+01:00,3999.11
2025-09-20 21:00:00+01:00,3872.54
2025-09-20 21:30:00+01:00,3759.47
2025-09-20 22:00:00+01:00,3620.03
2025-09-20 22:30:00+01:00,3499.7
2025-09-20 23:00:00+01:00,3382.18
2025-09-20 23:30:00+01:00,3304.7
2025-09-21 00:00:00+01:00,3257.29
2025-09-21 00:30:00+01:00,3230.84
2025-09-21 01:00:00+01:00,3166.77
2025-09-21 01:30:00+01:00,3092.44
2025-09-21 02:00:00+01:00,3039.21
2025-09-21 02:30:00+01:00,3103.28
2025-09-21 03:00:00+01:00,3054.63
2025-09-21 03:30:00+01:00,3014.54
2025-09-21 04:00:00+01:00,2990.26
2025-09-21 04:30:00+01:00,2980.72
2025-09-21 05:00:00+01:00,2975.49
2025-09-21 05:30:00+01:00,2980.02
2025-09-21 06:00:00+01:00,2994.21
2025-09-21 06:30:00+01:00,3042.97
2025-09-21 07:00:00+01:00,3087.38
2025-09-21 07:30:00+01:00,3177.56
2025-09-21 08:00:00+01:00,3296.77
2025-09-21 08:30:00+01:00,3421.01
2025-09-21 09:00:00+01:00,3476.69
2025-09-21 09:30:00+01:00,3547.17
2025-09-21 10:00:00+01:00,3534.37
2025-09-21 10:30:00+01:00,3529.63
2025-09-21 11:00:00+01:00,3508.98
2025-09-21 11:30:00+01:00,3484.21
2025-09-21 12:00:00+01:00,3490.6
2025-09-21 12:30:00+01:00,3490.23
2025-09-21 13:00:00+01:00,3504.66
2025-09-21 13:30:00+01:00,3465.73
2025-09-21 14:00:00+01:00,3441.2
2025-09-21 14:30:00+01:00,3407.16
2025-09-21 15:00:00+01:00,3432.62
2025-09-21 15:30:00+01:00,3416.34
2025-09-21 16:00:00+01:00,3513.86
2025-09-21 16:30:00+01:00,3584.4
2025-09-21 17:00:00+01:00,3723.2
2025-09-21 17:30:00+01:00,3796.48
2025-09-21 18:00:00+01:00,3913.57
2025-09-21 18:30:00+01:00,3950.56
2025-09-21 19:00:00+01:00,4028.9
2025-09-21 19:30:00+01:00,4098.58
2025-09-21 20:00:00+01:00,4178.42
2025-09-21 20:30:00+01:00,4098.64
2025-09-21 21:00:00+01:00,4006.45
2025-09-21 21:30:00+01:00,3844.37
2025-09-21 22:00:00+01:00,3651.38
2025-09-21 22:30:00+01:00,3511.65
2025-09-21 23:00:00+01:00,3389.47
2025-09-21 23:30:00+01:00,3283.14
2025-09-22 00:00:00+01:00,3224.47
2025-09-22 00:30:00+01:00,3173.38
2025-09-22 01:00:00+01:00,3113.89
2025-09-22 01:30:00+01:00,3038.31
2025-09-22 02:00:00+01:00,3028.97
2025-09-22 02:30:00+01:00,3111.05
2025-09-22 03:00:00+01:00,3080.64
2025-09-22 03:30:00+01:00,3058.77
2025-09-22 04:00:00+01:00,3036.83
2025-09-22 04:30:00+01:00,3038.81
2025-09-22 05:00:00+01:00,3075.06
2025-09-22 05:30:00+01:00,3148.15
2025-09-22 06:00:00+01:00,3279.15
2025-09-22 06:30:00+01:00,3540.23
2025-09-22 07:00:00+01:00,3836.77
2025-09-22 07:30:00+01:00,4185.68
2025-09-22 08:00:00+01:00,4344.26
2025-09-22 08:30:00+01:00,4379.08
2025-09-22 09:00:00+01:00,4348.36
2025-09-22 09:30:00+01:00,4311.47
2025-09-22 10:00:00+01:00,4221.12
2025-09-22 10:30:00+01:00,4145.69
2025-09-22 11:00:00+01:00,4076.15
2025-09-22 11:30:00+01:00,3999.85
2025-09-22 12:00:00+01:00,3964.15
2025-09-22 12:30:00+01:00,3985.84
2025-09-22 13:00:00+01:00,3987.36
2025-09-22 13:30:00+01:00,3957.2
2025-09-22 14:00:00+01:00,3936.19
2025-09-22 14:30:00+01:00,3928.43
2025-09-22 15:00:00+01:00,3944.29
2025-09-22 15:30:00+01:00,4001.51
2025-09-22 16:00:00+01:00,4064.67
2025-09-22 16:30:00+01:00,4177.08
2025-09-22 17:00:00+01:00,4297.1
2025-09-22 17:30:00+01:00,4424.1
2025-09-22 18:00:00+01:00,4472.1
2025-09-22 18:30:00+01:00,4463.58
2025-09-22 19:00:00+01:00,4459.99
2025-09-22 19:30:00+01:00,4532.04
2025-09-22 20:00:00+01:00,4630.77
2025-09-22 20:30:00+01:00,4577.07
2025-09-22 21:00:00+01:00,4452.98
2025-09-22 21:30:00+01:00,4296.53
2025-09-22 22:00:00+01:00,4070.91
2025-09-22 22:30:00+01:00,3872.27
2025-09-22 23:00:00+01:00,3710.47
2025-09-22 23:30:00+01:00,3590.51
2025-09-23 00:00:00+01:00,3472.47
2025-09-23 00:30:00+01:00,3439.38
2025-09-23 01:00:00+01:00,3362.09
2025-09-23 01:30:00+01:00,3309.1
2025-09-23 02:00:00+01:00,3276.12
2025-09-23 02:30:00+01:00,3332.43
2025-09-23 03:00:00+01:00,3325.57
2025-09-23 03:30:00+01:00,3309.86
2025-09-23 04:00:00+01:00,3265.27
2025-09-23 04:30:00+01:00,3258.27
2025-09-23 05:00:00+01:00,3265.13
2025-09-23 05:30:00+01:00,3324.08
2025-09-23 06:00:00+01:00,3461.78
2025-09-23 06:30:00+01:00,3703.74
2025-09-23 07:00:00+01:00,3992.26
2025-09-23 07:30:00+01:00,4322.97
2025-09-23 08:00:00+01:00,4478.81
2025-09-23 08:30:00+01:00,4488.79
2025-09-23 09:00:00+01:00,4429.24
2025-09-23 09:30:00+01:00,4375.79
2025-09-23 10:00:00+01:00,4262.45
2025-09-23 10:30:00+01:00,4171.21
2025-09-23 11:00:00+01:00,4087.51
2025-09-23 11:30:00+01:00,4017.19
2025-09-23 12:00:00+01:00,3956.98
2025-09-23 12:30:00+01:00,3943.24
2025-09-23 13:00:00+01:00,3939.36
2025-09-23 13:30:00+01:00,3868.59
2025-09-23 14:00:00+01:00,3876.81
2025-09-23 14:30:00+01:00,3867.74
2025-09-23 15:00:00+01:00,3888.22
2025-09-23 15:30:00+01:00,3950.22
2025-09-23 16:00:00+01:00,4019.49
2025-09-23 16:30:00+01:00,4120.66
2025-09-23 17:00:00+01:00,4229.79
2025-09-23 17:30:00+01:00,4369.21
2025-09-23 18:00:00+01:00,4424.92
2025-09-23 18:30:00+01:00,4450.58
2025-09-23 19:00:00+01:00,4454.77
2025-09-23 19:30:00+01:00,4547.48
2025-09-23 20:00:00+01:00,4626.16
2025-09-23 20:30:00+01:00,4548.13
2025-09-23 21:00:00+01:00,4411.31
2025-09-23 21:30:00+01:00,4241.57
2025-09-23 22:00:00+01:00,4007.41
2025-09-23 22:30:00+01:00,3801.57
2025-09-23 23:00:00+01:00,3651.59
2025-09-23 23:30:00+01:00,3557.15
2025-09-24 00:00:00+01:00,3435.06
2025-09-24 00:30:00+01:00,3412.6
2025-09-24 01:00:00+01:00,3320.14
2025-09-24 01:30:00+01:00,3284.03
2025-09-24 02:00:00+01:00,3247.91
2025-09-24 02:30:00+01:00,3305.47
2025-09-24 03:00:00+01:00,3264.55
2025-09-24 03:30:00+01:00,3246.98
2025-09-24 04:00:00+01:00,3228.0
2025-09-24 04:30:00+01:00,3209.26
2025-09-24 05:00:00+01:00,3230.48
2025-09-24 05:30:00+01:00,3310.83
2025-09-24 06:00:00+01:00,3427.2
2025-09-24 06:30:00+01:00,3658.59
2025-09-24 07:00:00+01:00,3950.52
2025-09-24 07:30:00+01:00,4272.2
2025-09-24 08:00:00+01:00,4395.46
2025-09-24 08:30:00+01:00,4419.53
2025-09-24 09:00:00+01:00,4384.11
2025-09-24 09:30:00+01:00,4349.37
2025-09-24 10:00:00+01:00,4268.52
2025-09-24 10:30:00+01:00,4170.64
2025-09-24 11:00:00+01:00,4134.14
2025-09-24 11:30:00+01:00,4038.99
2025-09-24 12:00:00+01:00,4011.51
2025-09-24 12:30:00+01:00,4030.97
2025-09-24 13:00:00+01:00,4023.91
2025-09-24 13:30:00+01:00,3987.91
2025-09-24 14:00:00+01:00,3983.93
2025-09-24 14:30:00+01:00,4002.26
2025-09-24 15:00:00+01:00,4044.6
2025-09-24 15:30:00+01:00,4115.18
2025-09-24 16:00:00+01:00,4167.65
2025-09-24 16:30:00+01:00,4264.08
2025-09-24 17:00:00+01:00,4356.0
2025-09-24 17:30:00+01:00,4451.53
2025-09-24 18:00:00+01:00,4473.34
2025-09-24 18:30:00+01:00,4455.18
2025-09-24 19:00:00+01:00,4455.08
2025-09-24 19:30:00+01:00,4556.58
2025-09-24 20:00:00+01:00,4623.1
2025-09-24 20:30:00+01:00,4531.06
2025-09-24 21:00:00+01:00,4387.65
2025-09-24 21:30:00+01:00,4202.65
2025-09-24 22:00:00+01:00,4014.32
2025-09-24 22:30:00+01:00,3812.35
2025-09-24 23:00:00+01:00,3619.56
2025-09-24 23:30:00+01:00,3515.6
2025-09-25 00:00:00+01:00,3408.59
2025-09-25 00:30:00+01:00,3367.84
2025-09-25 01:00:00+01:00,3299.56
2025-09-25 01:30:00+01:00,3265.56
2025-09-25 02:00:00+01:00,3220.92
2025-09-25 02:30:00+01:00,3279.06
2025-09-25 03:00:00+01:00,3239.84
2025-09-25 03:30:00+01:00,3218.27
2025-09-25 04:00:00+01:00,3198.02
2025-09-25 04:30:00+01:00,3180.13
2025-09-25 05:00:00+01:00,3207.94
2025-09-25 05:30:00+01:00,3266.5
2025-09-25 06:00:00+01:00,3405.97
2025-09-25 06:30:00+01:00,3598.72
2025-09-25 07:00:00+01:00,3908.12
2025-09-25 07:30:00+01:00,4222.84
2025-09-25 08:00:00+01:00,4379.52
2025-09-25 08:30:00+01:00,4366.56
2025-09-25 09:00:00+01:00,4320.43
2025-09-25 09:30:00+01:00,4289.02
2025-09-25 10:00:00+01:00,4185.27
2025-09-25 10:30:00+01:00,4117.98
2025-09-25 11:00:00+01:00,4025.68
2025-09-25 11:30:00+01:00,3957.1
2025-09-25 12:00:00+01:00,4330.48
2025-09-25 12:30:00+01:00,3875.88
2025-09-25 13:00:00+01:00,3866.44
2025-09-25 13:30:00+01:00,3830.98
2025-09-25 14:00:00+01:00,3834.56
2025-09-25 14:30:00+01:00,3853.56
2025-09-25 15:00:00+01:00,3893.66
2025-09-25 15:30:00+01:00,3954.9
2025-09-25 16:00:00+01:00,4012.25
2025-09-25 16:30:00+01:00,4106.92
2025-09-25 17:00:00+01:00,4178.38
2025-09-25 17:30:00+01:00,4268.99
2025-09-25 18:00:00+01:00,4338.97
2025-09-25 18:30:00+01:00,4346.87
2025-09-25 19:00:00+01:00,4350.35
2025-09-25 19:30:00+01:00,4436.74
2025-09-25 20:00:00+01:00,4494.09
2025-09-25 20:30:00+01:00,4428.84
2025-09-25 21:00:00+01:00,4287.46
2025-09-25 21:30:00+01:00,4082.57
2025-09-25 22:00:00+01:00,3883.55
2025-09-25 22:30:00+01:00,3739.85
2025-09-25 23:00:00+01:00,3566.91
2025-09-25 23:30:00+01:00,3493.32
2025-09-26 00:00:00+01:00,3357.1
2025-09-26 00:30:00+01:00,3337.63
2025-09-26 01:00:00+01:00,3277.44
2025-09-26 01:30:00+01:00,3243.86
2025-09-26 02:00:00+01:00,3188.02
2025-09-26 02:30:00+01:00,3236.32
2025-09-26 03:00:00+01:00,3187.79
2025-09-26 03:30:00+01:00,3181.36
2025-09-26 04:00:00+01:00,3165.82
2025-09-26 04:30:00+01:00,3162.44
2025-09-26 05:00:00+01:00,3174.97
2025-09-26 05:30:00+01:00,3207.71
2025-09-26 06:00:00+01:00,3298.62
2025-09-26 06:30:00+01:00,3530.76
2025-09-26 07:00:00+01:00,3763.84
2025-09-26 07:30:00+01:00,4054.79
2025-09-26 08:00:00+01:00,4203.29
2025-09-26 08:30:00+01:00,4233.51
2025-09-26 09:00:00+01:00,4244.73
2025-09-26 09:30:00+01:00,4226.24
2025-09-26 10:00:00+01:00,4142.08
2025-09-26 10:30:00+01:00,4060.56
2025-09-26 11:00:00+01:00,3968.25
2025-09-26 11:30:00+01:00,3954.55
2025-09-26 12:00:00+01:00,3909.81
2025-09-26 12:30:00+01:00,3925.37
2025-09-26 13:00:00+01:00,3901.62
2025-09-26 13:30:00+01:00,3865.71
2025-09-26 14:00:00+01:00,3843.77
2025-09-26 14:30:00+01:00,3854.21
2025-09-26 15:00:00+01:00,3866.6
2025-09-26 15:30:00+01:00,3960.64
2025-09-26 16:00:00+01:00,3941.54
2025-09-26 16:30:00+01:00,4066.18
2025-09-26 17:00:00+01:00,4125.22
2025-09-26 17:30:00+01:00,4215.77
2025-09-26 18:00:00+01:00,4257.22
2025-09-26 18:30:00+01:00,4290.53
2025-09-26 19:00:00+01:00,4260.51
2025-09-26 19:30:00+01:00,4368.53
2025-09-26 20:00:00+01:00,4349.58
2025-09-26 20:30:00+01:00,4253.87
2025-09-26 21:00:00+01:00,4134.53
2025-09-26 21:30:00+01:00,4006.95
2025-09-26 22:00:00+01:00,3891.05
2025-09-26 22:30:00+01:00,3732.0
2025-09-26 23:00:00+01:00,3603.09
2025-09-26 23:30:00+01:00,3598.17
2025-09-27 00:00:00+01:00,3504.21
2025-09-27 00:30:00+01:00,3435.18
2025-09-27 01:00:00+01:00,3328.82
2025-09-27 01:30:00+01:00,3256.32
2025-09-27 02:00:00+01:00,3182.49
2025-09-27 02:30:00+01:00,3228.85
2025-09-27 03:00:00+01:00,3118.09
2025-09-27 03:30:00+01:00,3107.68
2025-09-27 04:00:00+01:00,3091.78
2025-09-27 04:30:00+01:00,3094.92
2025-09-27 05:00:00+01:00,3080.48
2025-09-27 05:30:00+01:00,3106.38
2025-09-27 06:00:00+01:00,3144.42
2025-09-27 06:30:00+01:00,3226.57
2025-09-27 07:00:00+01:00,3341.41
2025-09-27 07:30:00+01:00,3480.52
2025-09-27 08:00:00+01:00,3623.18
2025-09-27 08:30:00+01:00,3778.57
2025-09-27 09:00:00+01:00,3909.67
2025-09-27 09:30:00+01:00,3998.19
2025-09-27 10:00:00+01:00,4029.63
2025-09-27 10:30:00+01:00,4046.59
2025-09-27 11:00:00+01:00,4030.35
2025-09-27 11:30:00+01:00,4035.43
2025-09-27 12:00:00+01:00,4012.64
2025-09-27 12:30:00+01:00,3992.18
2025-09-27 13:00:00+01:00,3932.95
2025-09-27 13:30:00+01:00,3855.47
2025-09-27 14:00:00+01:00,3779.7
2025-09-27 14:30:00+01:00,3706.01
2025-09-27 15:00:00+01:00,3642.29
2025-09-27 15:30:00+01:00,3607.92
2025-09-27 16:00:00+01:00,3597.56
2025-09-27 16:30:00+01:00,3657.57
2025-09-27 17:00:00+01:00,3729.42
2025-09-27 17:30:00+01:00,3891.87
2025-09-27 18:00:00+01:00,3971.57
2025-09-27 18:30:00+01:00,4048.79
2025-09-27 19:00:00+01:00,4069.26
2025-09-27 19:30:00+01:00,4151.17
2025-09-27 20:00:00+01:00,4161.37
2025-09-27 20:30:00+01:00,4065.7
2025-09-27 21:00:00+01:00,3948.92
2025-09-27 21:30:00+01:00,3824.7
2025-09-27 22:00:00+01:00,3716.02
2025-09-27 22:30:00+01:00,3580.65
2025-09-27 23:00:00+01:00,3478.74
2025-09-27 23:30:00+01:00,3410.44
2025-09-28 00:00:00+01:00,3328.48
2025-09-28 00:30:00+01:00,3301.4
2025-09-28 01:00:00+01:00,3234.93
2025-09-28 01:30:00+01:00,3167.09
2025-09-28 02:00:00+01:00,3117.01
2025-09-28 02:30:00+01:00,3154.92
2025-09-28 03:00:00+01:00,3105.66
2025-09-28 03:30:00+01:00,3082.95
2025-09-28 04:00:00+01:00,3036.38
2025-09-28 04:30:00+01:00,3026.71
2025-09-28 05:00:00+01:00,3010.65
2025-09-28 05:30:00+01:00,3004.82
2025-09-28 06:00:00+01:00,3031.27
2025-09-28 06:30:00+01:00,3087.54
2025-09-28 07:00:00+01:00,3179.21
2025-09-28 07:30:00+01:00,3238.52
2025-09-28 08:00:00+01:00,3353.84
2025-09-28 08:30:00+01:00,3477.76
2025-09-28 09:00:00+01:00,3582.58
2025-09-28 09:30:00+01:00,3666.75
2025-09-28 10:00:00+01:00,3690.62
2025-09-28 10:30:00+01:00,3710.85
2025-09-28 11:00:00+01:00,3697.8
2025-09-28 11:30:00+01:00,3673.92
2025-09-28 12:00:00+01:00,3667.61
2025-09-28 12:30:00+01:00,3682.31
2025-09-28 13:00:00+01:00,3674.92
2025-09-28 13:30:00+01:00,3661.3
2025-09-28 14:00:00+01:00,3619.6
2025-09-28 14:30:00+01:00,3572.54
2025-09-28 15:00:00+01:00,3554.56
2025-09-28 15:30:00+01:00,3566.67
2025-09-28 16:00:00+01:00,3613.97
2025-09-28 16:30:00+01:00,3682.87
2025-09-28 17:00:00+01:00,3771.5
2025-09-28 17:30:00+01:00,3931.33
2025-09-28 18:00:00+01:00,4007.08
2025-09-28 18:30:00+01:00,4068.04
2025-09-28 19:00:00+01:00,4136.38
2025-09-28 19:30:00+01:00,4232.57
2025-09-28 20:00:00+01:00,4246.56
2025-09-28 20:30:00+01:00,4160.72
2025-09-28 21:00:00+01:00,4015.45
2025-09-28 21:30:00+01:00,3876.33
2025-09-28 22:00:00+01:00,3717.94
2025-09-28 22:30:00+01:00,3577.5
2025-09-28 23:00:00+01:00,3427.88
2025-09-28 23:30:00+01:00,3356.5
2025-09-29 00:00:00+01:00,3249.6
2025-09-29 00:30:00+01:00,3225.31
2025-09-29 01:00:00+01:00,3143.83
2025-09-29 01:30:00+01:00,3086.54
2025-09-29 02:00:00+01:00,3043.89
2025-09-29 02:30:00+01:00,3105.73
2025-09-29 03:00:00+01:00,3063.05
2025-09-29 03:30:00+01:00,3039.92
2025-09-29 04:00:00+01:00,3010.46
2025-09-29 04:30:00+01:00,2997.6
2025-09-29 05:00:00+01:00,3017.39
2025-09-29 05:30:00+01:00,3092.33
2025-09-29 06:00:00+01:00,3224.95
2025-09-29 06:30:00+01:00,3433.63
2025-09-29 07:00:00+01:00,3710.02
2025-09-29 07:30:00+01:00,3984.66
2025-09-29 08:00:00+01:00,4190.51
2025-09-29 08:30:00+01:00,4291.85
2025-09-29 09:00:00+01:00,4319.21
2025-09-29 09:30:00+01:00,4364.75
2025-09-29 10:00:00+01:00,4336.5
2025-09-29 10:30:00+01:00,4298.93
2025-09-29 11:00:00+01:00,4290.24
2025-09-29 11:30:00+01:00,4271.01
2025-09-29 12:00:00+01:00,4265.34
2025-09-29 12:30:00+01:00,4261.07
2025-09-29 13:00:00+01:00,4246.46
2025-09-29 13:30:00+01:00,4136.94
2025-09-29 14:00:00+01:00,4119.87
2025-09-29 14:30:00+01:00,4110.22
2025-09-29 15:00:00+01:00,4109.76
2025-09-29 15:30:00+01:00,4146.3
2025-09-29 16:00:00+01:00,4176.69
2025-09-29 16:30:00+01:00,4257.18
2025-09-29 17:00:00+01:00,4335.39
2025-09-29 17:30:00+01:00,4437.77
2025-09-29 18:00:00+01:00,4557.83
2025-09-29 18:30:00+01:00,4437.07
2025-09-29 19:00:00+01:00,4439.1
2025-09-29 19:30:00+01:00,4542.38
2025-09-29 20:00:00+01:00,4508.03
2025-09-29 20:30:00+01:00,4424.22
2025-09-29 21:00:00+01:00,4309.7
2025-09-29 21:30:00+01:00,4164.22
2025-09-29 22:00:00+01:00,3945.23
2025-09-29 22:30:00+01:00,3752.75
2025-09-29 23:00:00+01:00,3587.68
2025-09-29 23:30:00+01:00,3466.29
2025-09-30 00:00:00+01:00,3377.23
2025-09-30 00:30:00+01:00,3323.16
2025-09-30 01:00:00+01:00,3276.5
2025-09-30 01:30:00+01:00,3214.36
2025-09-30 02:00:00+01:00,3162.24
2025-09-30 02:30:00+01:00,3244.49
2025-09-30 03:00:00+01:00,3217.84
2025-09-30 03:30:00+01:00,3232.59
2025-09-30 04:00:00+01:00,3204.18
2025-09-30 04:30:00+01:00,3168.65
2025-09-30 05:00:00+01:00,3160.8
2025-09-30 05:30:00+01:00,3201.15
2025-09-30 06:00:00+01:00,3305.84
2025-09-30 06:30:00+01:00,3563.25
2025-09-30 07:00:00+01:00,3847.55
2025-09-30 07:30:00+01:00,4146.07
2025-09-30 08:00:00+01:00,4299.14
2025-09-30 08:30:00+01:00,4367.41
2025-09-30 09:00:00+01:00,4357.37
2025-09-30 09:30:00+01:00,4386.7
2025-09-30 10:00:00+01:00,4354.3
2025-09-30 10:30:00+01:00,4291.33
2025-09-30 11:00:00+01:00,4238.59
2025-09-30 11:30:00+01:00,4214.91
2025-09-30 12:00:00+01:00,4211.76
2025-09-30 12:30:00+01:00,4244.74
2025-09-30 13:00:00+01:00,4261.1
2025-09-30 13:30:00+01:00,4235.99
2025-09-30 14:00:00+01:00,4207.96
2025-09-30 14:30:00+01:00,4213.44
2025-09-30 15:00:00+01:00,4217.02
2025-09-30 15:30:00+01:00,4275.44
2025-09-30 16:00:00+01:00,4342.02
2025-09-30 16:30:00+01:00,4473.66
2025-09-30 17:00:00+01:00,4485.28
2025-09-30 17:30:00+01:00,4583.87
2025-09-30 18:00:00+01:00,4576.95
2025-09-30 18:30:00+01:00,4561.3
2025-09-30 19:00:00+01:00,4592.55
2025-09-30 19:30:00+01:00,4646.06
2025-09-30 20:00:00+01:00,4603.2
2025-09-30 20:30:00+01:00,4494.82
2025-09-30 21:00:00+01:00,4384.28
2025-09-30 21:30:00+01:00,4226.5
2025-09-30 22:00:00+01:00,3983.63
2025-09-30 22:30:00+01:00,3804.57
2025-09-30 23:00:00+01:00,3616.93
2025-09-30 23:30:00+01:00,3539.87
2025-10-01 00:00:00+01:00,3411.0
2025-10-01 00:30:00+01:00,3369.93
2025-10-01 01:00:00+01:00,3302.14
2025-10-01 01:30:00+01:00,3241.67
2025-10-01 02:00:00+01:00,3188.23
2025-10-01 02:30:00+01:00,3238.49
2025-10-01 03:00:00+01:00,3198.87
2025-10-01 03:30:00+01:00,3165.5
2025-10-01 04:00:00+01:00,3143.07
2025-10-01 04:30:00+01:00,3117.95
2025-10-01 05:00:00+01:00,3143.49
2025-10-01 05:30:00+01:00,3187.13
2025-10-01 06:00:00+01:00,3323.48
2025-10-01 06:30:00+01:00,3520.96
2025-10-01 07:00:00+01:00,3795.07
2025-10-01 07:30:00+01:00,4085.18
2025-10-01 08:00:00+01:00,4254.29
2025-10-01 08:30:00+01:00,4311.41
2025-10-01 09:00:00+01:00,4332.53
2025-10-01 09:30:00+01:00,4354.07
2025-10-01 10:00:00+01:00,4318.58
2025-10-01 10:30:00+01:00,4289.69
2025-10-01 11:00:00+01:00,4246.66
2025-10-01 11:30:00+01:00,4205.81
2025-10-01 12:00:00+01:00,4187.17
2025-10-01 12:30:00+01:00,4229.27
2025-10-01 14:00:00+01:00,4140.83
2025-10-01 14:30:00+01:00,4110.12
2025-10-01 15:00:00+01:00,4107.33
2025-10-01 15:30:00+01:00,4146.67
2025-10-01 16:00:00+01:00,4188.96
2025-10-01 16:30:00+01:00,4262.72
2025-10-01 17:00:00+01:00,4325.17
2025-10-01 17:30:00+01:00,4414.92
2025-10-01 18:00:00+01:00,4453.75
2025-10-01 18:30:00+01:00,4477.89
2025-10-01 19:00:00+01:00,4442.61
2025-10-01 19:30:00+01:00,4602.67
2025-10-01 20:00:00+01:00,4582.7
2025-10-01 20:30:00+01:00,4453.15
2025-10-01 21:00:00+01:00,4343.23
2025-10-01 21:30:00+01:00,4178.12
2025-10-01 22:00:00+01:00,3969.39
2025-10-01 22:30:00+01:00,3751.48
2025-10-01 23:00:00+01:00,3591.68
2025-10-01 23:30:00+01:00,3534.31
2025-10-02 00:00:00+01:00,3379.97
2025-10-02 00:30:00+01:00,3376.93
2025-10-02 01:00:00+01:00,3285.33
2025-10-02 01:30:00+01:00,3253.1
2025-10-02 02:00:00+01:00,3194.57
2025-10-02 02:30:00+01:00,3241.5
2025-10-02 03:00:00+01:00,3190.83
2025-10-02 03:30:00+01:00,3170.29
2025-10-02 04:00:00+01:00,3134.25
2025-10-02 04:30:00+01:00,3118.57
2025-10-02 05:00:00+01:00,3154.09
2025-10-02 05:30:00+01:00,3178.35
2025-10-02 06:00:00+01:00,3316.32
2025-10-02 06:30:00+01:00,3526.54
2025-10-02 07:00:00+01:00,3821.95
2025-10-02 07:30:00+01:00,4112.64
2025-10-02 08:00:00+01:00,4257.19
2025-10-02 08:30:00+01:00,4312.7
2025-10-02 09:00:00+01:00,4339.02
2025-10-02 09:30:00+01:00,4373.04
2025-10-02 10:00:00+01:00,4388.93
2025-10-02 10:30:00+01:00,4361.16
2025-10-02 11:00:00+01:00,4356.65
2025-10-02 11:30:00+01:00,4388.48
2025-10-02 12:00:00+01:00,4371.12
2025-10-02 12:30:00+01:00,4344.63
2025-10-02 13:00:00+01:00,4379.85
2025-10-02 13:30:00+01:00,4342.86
2025-10-02 14:00:00+01:00,4381.74
2025-10-02 14:30:00+01:00,4398.62
2025-10-02 15:00:00+01:00,4401.18
2025-10-02 15:30:00+01:00,4445.59
2025-10-02 16:00:00+01:00,4488.22
2025-10-02 16:30:00+01:00,4568.5
2025-10-02 17:00:00+01:00,4613.77
2025-10-02 17:30:00+01:00,4682.62
2025-10-02 18:00:00+01:00,4734.63
2025-10-02 18:30:00+01:00,4660.36
2025-10-02 19:00:00+01:00,4653.06
2025-10-02 19:30:00+01:00,4702.52
2025-10-02 20:00:00+01:00,4583.63
2025-10-02 20:30:00+01:00,4450.76
2025-10-02 21:00:00+01:00,4320.44
2025-10-02 21:30:00+01:00,4156.78
2025-10-02 22:00:00+01:00,3978.62
2025-10-02 22:30:00+01:00,3802.45
2025-10-02 23:00:00+01:00,3598.55
2025-10-02 23:30:00+01:00,3537.55
2025-10-03 00:00:00+01:00,3376.77
2025-10-03 00:30:00+01:00,3335.56
2025-10-03 01:00:00+01:00,3213.24
2025-10-03 01:30:00+01:00,3193.16
2025-10-03 02:00:00+01:00,3183.59
2025-10-03 02:30:00+01:00,3223.38
2025-10-03 03:00:00+01:00,3200.3
2025-10-03 03:30:00+01:00,3184.02
2025-10-03 04:00:00+01:00,3165.2
2025-10-03 04:30:00+01:00,3138.17
2025-10-03 05:00:00+01:00,3157.97
2025-10-03 05:30:00+01:00,3201.78
2025-10-03 06:00:00+01:00,3302.95
2025-10-03 06:30:00+01:00,3520.96
2025-10-03 07:00:00+01:00,3794.93
2025-10-03 07:30:00+01:00,4104.93
2025-10-03 08:00:00+01:00,4297.05
2025-10-03 08:30:00+01:00,4357.42
2025-10-03 09:00:00+01:00,4394.78
2025-10-03 09:30:00+01:00,4480.85
2025-10-03 10:00:00+01:00,4480.51
2025-10-03 10:30:00+01:00,4507.81
2025-10-03 11:00:00+01:00,4543.04
2025-10-03 11:30:00+01:00,4546.73
2025-10-03 12:00:00+01:00,4542.45
2025-10-03 12:30:00+01:00,4550.15
2025-10-03 13:00:00+01:00,4556.25
2025-10-03 13:30:00+01:00,4520.72
2025-10-03 14:00:00+01:00,4492.73
2025-10-03 14:30:00+01:00,4437.29
2025-10-03 15:00:00+01:00,4368.18
2025-10-03 15:30:00+01:00,4359.45
2025-10-03 16:00:00+01:00,4285.48
2025-10-03 16:30:00+01:00,4233.33
2025-10-03 17:00:00+01:00,4189.0
2025-10-03 17:30:00+01:00,4229.61
2025-10-03 18:00:00+01:00,4271.48
2025-10-03 18:30:00+01:00,4286.92
2025-10-03 19:00:00+01:00,4260.96
2025-10-03 19:30:00+01:00,4371.11
2025-10-03 20:00:00+01:00,4300.05
2025-10-03 20:30:00+01:00,4214.29
2025-10-03 21:00:00+01:00,4122.27
2025-10-03 21:30:00+01:00,3981.61
2025-10-03 22:00:00+01:00,3838.05
2025-10-03 22:30:00+01:00,3706.3
2025-10-03 23:00:00+01:00,3576.36
2025-10-03 23:30:00+01:00,3504.93
2025-10-04 00:00:00+01:00,3388.79
2025-10-04 00:30:00+01:00,3377.76
2025-10-04 01:00:00+01:00,3278.74
2025-10-04 01:30:00+01:00,3236.95
2025-10-04 02:00:00+01:00,3207.92
2025-10-04 02:30:00+01:00,3246.54
2025-10-04 03:00:00+01:00,3176.42
2025-10-04 03:30:00+01:00,3147.2
2025-10-04 04:00:00+01:00,3124.8
2025-10-04 04:30:00+01:00,3111.19
2025-10-04 05:00:00+01:00,3093.91
2025-10-04 05:30:00+01:00,3100.08
2025-10-04 06:00:00+01:00,3141.46
2025-10-04 06:30:00+01:00,3204.34
2025-10-04 07:00:00+01:00,3324.12
2025-10-04 07:30:00+01:00,3461.26
2025-10-04 08:00:00+01:00,3599.43
2025-10-04 08:30:00+01:00,3751.1
2025-10-04 09:00:00+01:00,3860.8
2025-10-04 09:30:00+01:00,3985.39
2025-10-04 10:00:00+01:00,4039.68
2025-10-04 10:30:00+01:00,4024.96
2025-10-04 11:00:00+01:00,4026.33
2025-10-04 11:30:00+01:00,3970.74
2025-10-04 12:00:00+01:00,3949.66
2025-10-04 12:30:00+01:00,3923.51
2025-10-04 13:00:00+01:00,3874.55
2025-10-04 13:30:00+01:00,3848.97
2025-10-04 14:00:00+01:00,3770.72
2025-10-04 14:30:00+01:00,3735.22
2025-10-04 15:00:00+01:00,3715.38
2025-10-04 15:30:00+01:00,3733.25
2025-10-04 16:00:00+01:00,3811.13
2025-10-04 16:30:00+01:00,3875.65
2025-10-04 17:00:00+01:00,3942.05
2025-10-04 17:30:00+01:00,4069.13
2025-10-04 18:00:00+01:00,4134.43
2025-10-04 18:30:00+01:00,4177.96
2025-10-04 19:00:00+01:00,4182.54
2025-10-04 19:30:00+01:00,4257.72
2025-10-04 20:00:00+01:00,4177.83
2025-10-04 20:30:00+01:00,4037.91
2025-10-04 21:00:00+01:00,3950.64
2025-10-04 21:30:00+01:00,3829.35
2025-10-04 22:00:00+01:00,3718.08
2025-10-04 22:30:00+01:00,3553.71
2025-10-04 23:00:00+01:00,3425.82
2025-10-04 23:30:00+01:00,3368.81
2025-10-05 00:00:00+01:00,3314.29
2025-10-05 00:30:00+01:00,3299.65
2025-10-05 01:00:00+01:00,3215.11
2025-10-05 01:30:00+01:00,3138.62
2025-10-05 02:00:00+01:00,3100.67
2025-10-05 02:30:00+01:00,3163.68
2025-10-05 03:00:00+01:00,3099.72
2025-10-05 03:30:00+01:00,3075.24
2025-10-05 04:00:00+01:00,3014.84
2025-10-05 04:30:00+01:00,2989.12
2025-10-05 05:00:00+01:00,2963.15
2025-10-05 05:30:00+01:00,2955.51
2025-10-05 06:00:00+01:00,2960.23
2025-10-05 06:30:00+01:00,2988.31
2025-10-05 07:00:00+01:00,3063.97
2025-10-05 07:30:00+01:00,3154.32
2025-10-05 08:00:00+01:00,3292.84
2025-10-05 08:30:00+01:00,3419.41
2025-10-05 09:00:00+01:00,3518.89
2025-10-05 09:30:00+01:00,3592.45
2025-10-05 10:00:00+01:00,3647.02
2025-10-05 10:30:00+01:00,3674.39
2025-10-05 11:00:00+01:00,3688.54
2025-10-05 11:30:00+01:00,3674.1
2025-10-05 12:00:00+01:00,3693.59
2025-10-05 12:30:00+01:00,3755.14
2025-10-05 13:00:00+01:00,3781.67
2025-10-05 13:30:00+01:00,3789.48
2025-10-05 14:00:00+01:00,3778.67
2025-10-05 14:30:00+01:00,3754.36
2025-10-05 15:00:00+01:00,3797.06
2025-10-05 15:30:00+01:00,3827.16
2025-10-05 16:00:00+01:00,3874.32
2025-10-05 16:30:00+01:00,3933.95
2025-10-05 17:00:00+01:00,4046.38
2025-10-05 17:30:00+01:00,4171.69
2025-10-05 18:00:00+01:00,4207.68
2025-10-05 18:30:00+01:00,4224.62
2025-10-05 19:00:00+01:00,4283.02
2025-10-05 19:30:00+01:00,4346.71
2025-10-05 20:00:00+01:00,4269.77
2025-10-05 20:30:00+01:00,4175.48
2025-10-05 21:00:00+01:00,4059.13
2025-10-05 21:30:00+01:00,3908.15
2025-10-05 22:00:00+01:00,3732.71
2025-10-05 22:30:00+01:00,3568.76
2025-10-05 23:00:00+01:00,3398.94
2025-10-05 23:30:00+01:00,3320.74
2025-10-06 00:00:00+01:00,3218.96
2025-10-06 00:30:00+01:00,3210.82
2025-10-06 01:00:00+01:00,3155.68
2025-10-06 01:30:00+01:00,3123.92
2025-10-06 02:00:00+01:00,3099.03
2025-10-06 02:30:00+01:00,3181.97
2025-10-06 03:00:00+01:00,3172.56
2025-10-06 03:30:00+01:00,3113.73
2025-10-06 04:00:00+01:00,3076.04
2025-10-06 04:30:00+01:00,3054.9
2025-10-06 05:00:00+01:00,3099.61
2025-10-06 05:30:00+01:00,3160.98
2025-10-06 06:00:00+01:00,3274.74
2025-10-06 06:30:00+01:00,3493.94
2025-10-06 07:00:00+01:00,3781.76
2025-10-06 07:30:00+01:00,4094.8
2025-10-06 08:00:00+01:00,4246.08
2025-10-06 08:30:00+01:00,4343.56
2025-10-06 09:00:00+01:00,4378.36
2025-10-06 09:30:00+01:00,4338.43
2025-10-06 10:00:00+01:00,4278.76
2025-10-06 10:30:00+01:00,4188.67
2025-10-06 11:00:00+01:00,4152.87
2025-10-06 11:30:00+01:00,4122.08
2025-10-06 12:00:00+01:00,4118.04
2025-10-06 12:30:00+01:00,4108.55
2025-10-06 13:00:00+01:00,4097.37
2025-10-06 13:30:00+01:00,4035.7
2025-10-06 14:00:00+01:00,3989.06
2025-10-06 14:30:00+01:00,4017.59
2025-10-06 15:00:00+01:00,4092.23
2025-10-06 15:30:00+01:00,4153.35
2025-10-06 16:00:00+01:00,4226.25
2025-10-06 16:30:00+01:00,4329.7
2025-10-06 17:00:00+01:00,4488.31
2025-10-06 17:30:00+01:00,4534.16
2025-10-06 18:00:00+01:00,4545.34
2025-10-06 18:30:00+01:00,4546.64
2025-10-06 19:00:00+01:00,4565.73
2025-10-06 19:30:00+01:00,4651.76
2025-10-06 20:00:00+01:00,4582.94
2025-10-06 20:30:00+01:00,4449.98
2025-10-06 21:00:00+01:00,4323.6
2025-10-06 21:30:00+01:00,4156.57
2025-10-06 22:00:00+01:00,3992.55
2025-10-06 22:30:00+01:00,3837.39
2025-10-06 23:00:00+01:00,3651.79
2025-10-06 23:30:00+01:00,3558.18
2025-10-07 00:00:00+01:00,3408.84
2025-10-07 00:30:00+01:00,3417.05
2025-10-07 01:00:00+01:00,3355.48
2025-10-07 01:30:00+01:00,3289.27
2025-10-07 02:00:00+01:00,3263.95
2025-10-07 02:30:00+01:00,3330.83
2025-10-07 03:00:00+01:00,3319.47
2025-10-07 03:30:00+01:00,3264.46
2025-10-07 04:00:00+01:00,3200.37
2025-10-07 04:30:00+01:00,3164.77
2025-10-07 05:00:00+01:00,3137.5
2025-10-07 05:30:00+01:00,3188.49
2025-10-07 06:00:00+01:00,3318.41
2025-10-07 06:30:00+01:00,3534.57
2025-10-07 07:00:00+01:00,3800.89
2025-10-07 07:30:00+01:00,4128.9
2025-10-07 08:00:00+01:00,4268.17
2025-10-07 08:30:00+01:00,4355.92
2025-10-07 09:00:00+01:00,4393.62
2025-10-07 09:30:00+01:00,4416.06
2025-10-07 10:00:00+01:00,4401.73
2025-10-07 10:30:00+01:00,4373.56
2025-10-07 11:00:00+01:00,4372.8
2025-10-07 11:30:00+01:00,4359.31
2025-10-07 12:00:00+01:00,4366.74
2025-10-07 12:30:00+01:00,4381.97
2025-10-07 13:00:00+01:00,4359.47
2025-10-07 13:30:00+01:00,4314.58
2025-10-07 14:00:00+01:00,4294.35
2025-10-07 14:30:00+01:00,4287.56
2025-10-07 15:00:00+01:00,4300.12
2025-10-07 15:30:00+01:00,4339.96
2025-10-07 16:00:00+01:00,4360.64
2025-10-07 16:30:00+01:00,4438.57
2025-10-07 17:00:00+01:00,4535.44
2025-10-07 17:30:00+01:00,4611.37
2025-10-07 18:00:00+01:00,4644.72
2025-10-07 18:30:00+01:00,4667.09
2025-10-07 19:00:00+01:00,4712.46
2025-10-07 19:30:00+01:00,4788.82
2025-10-07 20:00:00+01:00,4704.51
2025-10-07 20:30:00+01:00,4586.58
2025-10-07 21:00:00+01:00,4453.75
2025-10-07 21:30:00+01:00,4265.92
2025-10-07 22:00:00+01:00,4079.37
2025-10-07 22:30:00+01:00,3885.22
2025-10-07 23:00:00+01:00,3708.27
2025-10-07 23:30:00+01:00,3614.35
2025-10-08 00:00:00+01:00,3490.94
2025-10-08 00:30:00+01:00,3450.29
2025-10-08 01:00:00+01:00,3355.81
2025-10-08 01:30:00+01:00,3282.41
2025-10-08 02:00:00+01:00,3249.73
2025-10-08 02:30:00+01:00,3322.41
2025-10-08 03:00:00+01:00,3289.7
2025-10-08 03:30:00+01:00,3253.59
2025-10-08 04:00:00+01:00,3224.97
2025-10-08 04:30:00+01:00,3221.78
2025-10-08 05:00:00+01:00,3233.45
2025-10-08 05:30:00+01:00,3287.9
2025-10-08 06:00:00+01:00,3416.51
2025-10-08 06:30:00+01:00,3643.98
2025-10-08 07:00:00+01:00,3946.53
2025-10-08 07:30:00+01:00,4303.14
2025-10-08 08:00:00+01:00,4407.99
2025-10-08 08:30:00+01:00,4454.92
2025-10-08 09:00:00+01:00,4453.36
2025-10-08 09:30:00+01:00,4424.83
2025-10-08 10:00:00+01:00,4328.17
2025-10-08 10:30:00+01:00,4256.33
2025-10-08 11:00:00+01:00,4213.3
2025-10-08 11:30:00+01:00,4160.98
2025-10-08 12:00:00+01:00,4091.85
2025-10-08 12:30:00+01:00,4094.14
2025-10-08 13:00:00+01:00,4090.87
2025-10-08 13:30:00+01:00,4041.6
2025-10-08 14:00:00+01:00,4001.87
2025-10-08 14:30:00+01:00,3998.35
2025-10-08 15:00:00+01:00,4015.06
2025-10-08 15:30:00+01:00,4081.17
2025-10-08 16:00:00+01:00,4156.36
2025-10-08 16:30:00+01:00,4266.65
2025-10-08 17:00:00+01:00,4359.11
2025-10-08 17:30:00+01:00,4481.21
2025-10-08 18:00:00+01:00,4534.09
2025-10-08 18:30:00+01:00,4530.55
2025-10-08 19:00:00+01:00,4631.04
2025-10-08 19:30:00+01:00,4705.16
2025-10-08 20:00:00+01:00,4645.47
2025-10-08 20:30:00+01:00,4550.47
2025-10-08 21:00:00+01:00,4430.73
2025-10-08 21:30:00+01:00,4233.31
2025-10-08 22:00:00+01:00,4032.77
2025-10-08 22:30:00+01:00,3872.59
2025-10-08 23:00:00+01:00,3683.83
2025-10-08 23:30:00+01:00,3563.08
2025-10-09 00:00:00+01:00,3431.61
2025-10-09 00:30:00+01:00,3403.91
2025-10-09 01:00:00+01:00,3334.0
2025-10-09 01:30:00+01:00,3273.74
2025-10-09 02:00:00+01:00,3236.6
2025-10-09 02:30:00+01:00,3301.27
2025-10-09 03:00:00+01:00,3243.39
2025-10-09 03:30:00+01:00,3245.55
2025-10-09 04:00:00+01:00,3216.59
2025-10-09 04:30:00+01:00,3190.29
2025-10-09 05:00:00+01:00,3217.42
2025-10-09 05:30:00+01:00,3254.65
2025-10-09 06:00:00+01:00,3393.18
2025-10-09 06:30:00+01:00,3634.74
2025-10-09 07:00:00+01:00,3922.89
2025-10-09 07:30:00+01:00,4283.04
2025-10-09 08:00:00+01:00,4418.2
2025-10-09 08:30:00+01:00,4483.96
2025-10-09 09:00:00+01:00,4484.67
2025-10-09 09:30:00+01:00,4473.49
2025-10-09 10:00:00+01:00,4421.19
2025-10-09 10:30:00+01:00,4413.27
2025-10-09 11:00:00+01:00,4376.64
2025-10-09 11:30:00+01:00,4333.21
2025-10-09 12:00:00+01:00,4313.44
2025-10-09 12:30:00+01:00,4302.44
2025-10-09 13:00:00+01:00,4305.05
2025-10-09 13:30:00+01:00,4248.27
2025-10-09 14:00:00+01:00,4210.66
2025-10-09 14:30:00+01:00,4206.48
2025-10-09 15:00:00+01:00,4243.51
2025-10-09 15:30:00+01:00,4296.38
2025-10-09 16:00:00+01:00,4317.64
2025-10-09 16:30:00+01:00,4423.71
2025-10-09 17:00:00+01:00,4484.95
2025-10-09 17:30:00+01:00,4579.05
2025-10-09 18:00:00+01:00,4618.85
2025-10-09 18:30:00+01:00,4634.78
2025-10-09 19:00:00+01:00,4694.28
2025-10-09 19:30:00+01:00,4750.34
2025-10-09 20:00:00+01:00,4676.87
2025-10-09 20:30:00+01:00,4569.86
2025-10-09 21:00:00+01:00,4448.28
2025-10-09 21:30:00+01:00,4260.34
2025-10-09 22:00:00+01:00,4072.62
2025-10-09 22:30:00+01:00,3871.31
2025-10-09 23:00:00+01:00,3702.14
2025-10-09 23:30:00+01:00,3591.92
2025-10-10 00:00:00+01:00,3465.78
2025-10-10 00:30:00+01:00,3467.63
2025-10-10 01:00:00+01:00,3404.81
2025-10-10 01:30:00+01:00,3356.6
2025-10-10 02:00:00+01:00,3297.6
2025-10-10 02:30:00+01:00,3356.31
2025-10-10 03:00:00+01:00,3307.72
2025-10-10 03:30:00+01:00,3278.72
2025-10-10 04:00:00+01:00,3239.27
2025-10-10 04:30:00+01:00,3234.79
2025-10-10 05:00:00+01:00,3234.18
2025-10-10 05:30:00+01:00,3296.31
2025-10-10 06:00:00+01:00,3413.57
2025-10-10 06:30:00+01:00,3626.26
2025-10-10 07:00:00+01:00,3926.62
2025-10-10 07:30:00+01:00,4279.72
2025-10-10 08:00:00+01:00,4441.17
2025-10-10 08:30:00+01:00,4519.97
2025-10-10 09:00:00+01:00,4523.65
2025-10-10 09:30:00+01:00,4541.36
2025-10-10 10:00:00+01:00,4489.93
2025-10-10 10:30:00+01:00,4480.45
2025-10-10 11:00:00+01:00,4455.36
2025-10-10 11:30:00+01:00,4432.94
2025-10-10 12:00:00+01:00,4400.11
2025-10-10 12:30:00+01:00,4381.56
2025-10-10 13:00:00+01:00,4378.6
2025-10-10 13:30:00+01:00,4288.44
2025-10-10 14:00:00+01:00,4208.04
2025-10-10 14:30:00+01:00,4249.19
2025-10-10 15:00:00+01:00,4269.71
2025-10-10 15:30:00+01:00,4317.62
2025-10-10 16:00:00+01:00,4384.38
2025-10-10 16:30:00+01:00,4416.33
2025-10-10 17:00:00+01:00,4469.94
2025-10-10 17:30:00+01:00,4568.96
2025-10-10 18:00:00+01:00,4610.3
2025-10-10 18:30:00+01:00,4640.56
2025-10-10 19:00:00+01:00,4707.15
2025-10-10 19:30:00+01:00,4700.58
2025-10-10 20:00:00+01:00,4597.0
2025-10-10 20:30:00+01:00,4483.81
2025-10-10 21:00:00+01:00,4359.41
2025-10-10 21:30:00+01:00,4184.84
2025-10-10 22:00:00+01:00,4043.17
2025-10-10 22:30:00+01:00,3885.01
2025-10-10 23:00:00+01:00,3748.17
2025-10-10 23:30:00+01:00,3672.94
2025-10-11 00:00:00+01:00,3565.09
2025-10-11 00:30:00+01:00,3537.4
2025-10-11 01:00:00+01:00,3457.34
2025-10-11 01:30:00+01:00,3394.13
2025-10-11 02:00:00+01:00,3343.28
2025-10-11 02:30:00+01:00,3399.66
2025-10-11 03:00:00+01:00,3343.57
2025-10-11 03:30:00+01:00,3307.76
2025-10-11 04:00:00+01:00,3260.09
2025-10-11 04:30:00+01:00,3223.45
2025-10-11 05:00:00+01:00,3213.43
2025-10-11 05:30:00+01:00,3227.32
2025-10-11 06:00:00+01:00,3262.98
2025-10-11 06:30:00+01:00,3347.07
2025-10-11 07:00:00+01:00,3468.05
2025-10-11 07:30:00+01:00,3633.94
2025-10-11 08:00:00+01:00,3757.44
2025-10-11 08:30:00+01:00,3925.78
2025-10-11 09:00:00+01:00,4024.9
2025-10-11 09:30:00+01:00,4131.06
2025-10-11 10:00:00+01:00,4157.34
2025-10-11 10:30:00+01:00,4161.13
2025-10-11 11:00:00+01:00,4164.6
2025-10-11 11:30:00+01:00,4170.22
2025-10-11 12:00:00+01:00,4150.17
2025-10-11 12:30:00+01:00,4141.85
2025-10-11 13:00:00+01:00,4122.63
2025-10-11 13:30:00+01:00,4070.21
2025-10-11 14:00:00+01:00,4032.98
2025-10-11 14:30:00+01:00,3993.68
2025-10-11 15:00:00+01:00,3979.1
2025-10-11 15:30:00+01:00,3976.22
2025-10-11 16:00:00+01:00,3998.49
2025-10-11 16:30:00+01:00,4061.88
2025-10-11 17:00:00+01:00,4131.29
2025-10-11 17:30:00+01:00,4233.74
2025-10-11 18:00:00+01:00,4313.82
2025-10-11 18:30:00+01:00,4368.1
2025-10-11 19:00:00+01:00,4433.94
2025-10-11 19:30:00+01:00,4436.26
2025-10-11 20:00:00+01:00,4323.28
2025-10-11 20:30:00+01:00,4192.36
2025-10-11 21:00:00+01:00,4081.32
2025-10-11 21:30:00+01:00,3953.54
2025-10-11 22:00:00+01:00,3854.42
2025-10-11 22:30:00+01:00,3712.12
2025-10-11 23:00:00+01:00,3599.77
2025-10-11 23:30:00+01:00,3540.76
2025-10-12 00:00:00+01:00,3458.83
2025-10-12 00:30:00+01:00,3434.5
2025-10-12 01:00:00+01:00,3361.7
2025-10-12 01:30:00+01:00,3297.91
2025-10-12 02:00:00+01:00,3242.36
2025-10-12 02:30:00+01:00,3293.96
2025-10-12 03:00:00+01:00,3253.08
2025-10-12 03:30:00+01:00,3210.54
2025-10-12 04:00:00+01:00,3157.43
2025-10-12 04:30:00+01:00,3129.09
2025-10-12 05:00:00+01:00,3110.76
2025-10-12 05:30:00+01:00,3106.33
2025-10-12 06:00:00+01:00,3128.82
2025-10-12 06:30:00+01:00,3177.63
2025-10-12 07:00:00+01:00,3247.54
2025-10-12 07:30:00+01:00,3356.25
2025-10-12 08:00:00+01:00,3440.18
2025-10-12 08:30:00+01:00,3599.35
2025-10-12 09:00:00+01:00,3712.77
2025-10-12 09:30:00+01:00,3842.8
2025-10-12 10:00:00+01:00,3920.51
2025-10-12 10:30:00+01:00,3978.14
2025-10-12 11:00:00+01:00,3995.95
2025-10-12 11:30:00+01:00,4005.57
2025-10-12 12:00:00+01:00,4027.15
2025-10-12 12:30:00+01:00,4051.12
2025-10-12 13:00:00+01:00,4050.63
2025-10-12 13:30:00+01:00,4020.69
2025-10-12 14:00:00+01:00,3977.87
2025-10-12 14:30:00+01:00,3947.87
2025-10-12 15:00:00+01:00,3924.14
2025-10-12 15:30:00+01:00,3935.88
2025-10-12 16:00:00+01:00,3985.47
2025-10-12 16:30:00+01:00,4065.64
2025-10-12 17:00:00+01:00,4147.62
2025-10-12 17:30:00+01:00,4252.69
2025-10-12 18:00:00+01:00,4330.26
2025-10-12 18:30:00+01:00,4360.66
2025-10-12 19:00:00+01:00,4454.16
2025-10-12 19:30:00+01:00,4460.16
2025-10-12 20:00:00+01:00,4368.6
2025-10-12 20:30:00+01:00,4239.06
2025-10-12 21:00:00+01:00,4138.03
2025-10-12 21:30:00+01:00,3979.01
2025-10-12 22:00:00+01:00,3815.59
2025-10-12 22:30:00+01:00,3636.26
2025-10-12 23:00:00+01:00,3481.63
2025-10-12 23:30:00+01:00,3411.52
2025-10-13 00:00:00+01:00,3319.18
2025-10-13 00:30:00+01:00,3309.48
2025-10-13 01:00:00+01:00,3254.81
2025-10-13 01:30:00+01:00,3195.91
2025-10-13 02:00:00+01:00,3162.45
2025-10-13 02:30:00+01:00,3222.28
2025-10-13 03:00:00+01:00,3194.26
2025-10-13 03:30:00+01:00,3159.39
2025-10-13 04:00:00+01:00,3113.3
2025-10-13 04:30:00+01:00,3108.35
2025-10-13 05:00:00+01:00,3121.61
2025-10-13 05:30:00+01:00,3193.27
2025-10-13 06:00:00+01:00,3330.32
2025-10-13 06:30:00+01:00,3573.37
2025-10-13 07:00:00+01:00,3869.55
2025-10-13 07:30:00+01:00,4219.79
2025-10-13 08:00:00+01:00,4394.35
2025-10-13 08:30:00+01:00,4480.67
2025-10-13 09:00:00+01:00,4496.4
2025-10-13 09:30:00+01:00,4546.1
2025-10-13 10:00:00+01:00,4511.3
2025-10-13 10:30:00+01:00,4482.51
2025-10-13 11:00:00+01:00,4479.48
2025-10-13 11:30:00+01:00,4462.12
2025-10-13 12:00:00+01:00,4446.58
2025-10-13 12:30:00+01:00,4470.01
2025-10-13 13:00:00+01:00,4470.33
2025-10-13 13:30:00+01:00,4432.37
2025-10-13 14:00:00+01:00,4417.7
2025-10-13 14:30:00+01:00,4410.34
2025-10-13 15:00:00+01:00,4438.56
2025-10-13 15:30:00+01:00,4453.03
2025-10-13 17:00:00+01:00,4681.02
2025-10-13 17:30:00+01:00,4776.03
2025-10-13 18:00:00+01:00,4810.47
2025-10-13 18:30:00+01:00,4773.87
2025-10-13 19:00:00+01:00,4804.74
2025-10-13 19:30:00+01:00,4831.76
2025-10-13 20:00:00+01:00,4709.04
2025-10-13 20:30:00+01:00,4605.55
2025-10-13 21:00:00+01:00,4463.82
2025-10-13 21:30:00+01:00,4285.24
2025-10-13 22:00:00+01:00,4092.98
2025-10-13 22:30:00+01:00,3896.86
2025-10-13 23:00:00+01:00,3718.59
2025-10-13 23:30:00+01:00,3622.48
2025-10-14 00:00:00+01:00,3500.1
2025-10-14 00:30:00+01:00,3494.02
2025-10-14 01:00:00+01:00,3417.49
2025-10-14 01:30:00+01:00,3354.05
2025-10-14 02:00:00+01:00,3316.3
2025-10-14 02:30:00+01:00,3394.96
2025-10-14 03:00:00+01:00,3384.32
2025-10-14 03:30:00+01:00,3356.77
2025-10-14 04:00:00+01:00,3316.52
2025-10-14 04:30:00+01:00,3286.7
2025-10-14 05:00:00+01:00,3270.75
2025-10-14 05:30:00+01:00,3337.26
2025-10-14 06:00:00+01:00,3464.19
2025-10-14 06:30:00+01:00,3711.69
2025-10-14 07:00:00+01:00,4000.72
2025-10-14 07:30:00+01:00,4360.69
2025-10-14 08:00:00+01:00,4520.55
2025-10-14 08:30:00+01:00,4576.2
2025-10-14 09:00:00+01:00,4592.12
2025-10-14 09:30:00+01:00,4617.68
2025-10-14 10:00:00+01:00,4560.71
2025-10-14 10:30:00+01:00,4534.14
2025-10-14 11:00:00+01:00,4535.97
2025-10-14 11:30:00+01:00,4514.12
2025-10-14 12:00:00+01:00,4482.28
2025-10-14 12:30:00+01:00,4517.16
2025-10-14 14:00:00+01:00,4469.01
2025-10-14 14:30:00+01:00,4477.76
2025-10-14 15:00:00+01:00,4478.4
2025-10-14 15:30:00+01:00,4531.53
2025-10-14 16:00:00+01:00,4571.86
2025-10-14 16:30:00+01:00,4673.41
2025-10-14 17:00:00+01:00,4725.9
2025-10-14 17:30:00+01:00,4795.99
2025-10-14 18:00:00+01:00,4829.08
2025-10-14 18:30:00+01:00,4842.12
2025-10-14 19:00:00+01:00,4909.29
2025-10-14 19:30:00+01:00,4876.21
2025-10-14 20:00:00+01:00,4772.92
2025-10-14 20:30:00+01:00,4632.89
2025-10-14 21:00:00+01:00,4518.29
2025-10-14 21:30:00+01:00,4341.34
2025-10-14 22:00:00+01:00,4171.32
2025-10-14 22:30:00+01:00,3952.34
2025-10-14 23:00:00+01:00,3766.83
2025-10-14 23:30:00+01:00,3680.09
2025-10-15 00:00:00+01:00,3552.65
2025-10-15 00:30:00+01:00,3522.94
2025-10-15 01:00:00+01:00,3429.09
2025-10-15 01:30:00+01:00,3375.36
2025-10-15 02:00:00+01:00,3350.25
2025-10-15 02:30:00+01:00,3406.15
2025-10-15 03:00:00+01:00,3358.18
2025-10-15 03:30:00+01:00,3334.45
2025-10-15 04:00:00+01:00,3294.11
2025-10-15 04:30:00+01:00,3270.7
2025-10-15 05:00:00+01:00,3294.8
2025-10-15 05:30:00+01:00,3350.71
2025-10-15 06:00:00+01:00,3474.37
2025-10-15 06:30:00+01:00,3722.3
2025-10-15 07:00:00+01:00,4030.25
2025-10-15 07:30:00+01:00,4383.57
2025-10-15 08:00:00+01:00,4536.38
2025-10-15 08:30:00+01:00,4609.14
2025-10-15 09:00:00+01:00,4587.24
2025-10-15 09:30:00+01:00,4615.61
2025-10-15 10:00:00+01:00,4584.75
2025-10-15 10:30:00+01:00,4593.35
2025-10-15 11:00:00+01:00,4564.72
2025-10-15 11:30:00+01:00,4557.62
2025-10-15 12:00:00+01:00,4525.39
2025-10-15 12:30:00+01:00,4540.82
2025-10-15 13:00:00+01:00,4520.85
2025-10-15 13:30:00+01:00,4485.68
2025-10-15 14:00:00+01:00,4497.06
2025-10-15 14:30:00+01:00,4481.77
2025-10-15 15:00:00+01:00,4511.89
2025-10-15 15:30:00+01:00,4545.7
2025-10-15 16:00:00+01:00,4600.53
2025-10-15 16:30:00+01:00,4699.7
2025-10-15 17:00:00+01:00,4747.83
2025-10-15 17:30:00+01:00,4841.47
2025-10-15 18:00:00+01:00,4837.83
2025-10-15 18:30:00+01:00,4851.41
2025-10-15 19:00:00+01:00,4905.24
2025-10-15 19:30:00+01:00,4861.48
2025-10-15 21:00:00+01:00,4543.19
2025-10-15 21:30:00+01:00,4378.81
2025-10-15 22:00:00+01:00,4182.32
2025-10-15 22:30:00+01:00,3968.67
2025-10-15 23:00:00+01:00,3800.11
2025-10-15 23:30:00+01:00,3693.23
2025-10-16 00:00:00+01:00,3575.04
2025-10-16 00:30:00+01:00,3557.27
2025-10-16 01:00:00+01:00,3470.16
2025-10-16 01:30:00+01:00,3402.1
2025-10-16 02:00:00+01:00,3365.73
2025-10-16 02:30:00+01:00,3425.57
2025-10-16 03:00:00+01:00,3366.39
2025-10-16 03:30:00+01:00,3342.01
2025-10-16 04:00:00+01:00,3310.27
2025-10-16 04:30:00+01:00,3290.57
2025-10-16 05:00:00+01:00,3296.82
2025-10-16 05:30:00+01:00,3362.63
2025-10-16 06:00:00+01:00,3492.29
2025-10-16 06:30:00+01:00,3735.42
2025-10-16 07:00:00+01:00,4015.97
2025-10-16 07:30:00+01:00,4377.31
2025-10-16 08:00:00+01:00,4558.47
2025-10-16 08:30:00+01:00,4630.37
2025-10-16 09:00:00+01:00,4595.87
2025-10-16 09:30:00+01:00,4633.52
2025-10-16 10:00:00+01:00,4600.39
2025-10-16 10:30:00+01:00,4591.36
2025-10-16 11:00:00+01:00,4609.69
2025-10-16 11:30:00+01:00,4602.2
2025-10-16 12:00:00+01:00,4571.43
2025-10-16 12:30:00+01:00,4599.54
2025-10-16 13:00:00+01:00,4585.57
2025-10-16 13:30:00+01:00,4527.97
2025-10-16 14:00:00+01:00,4532.25
2025-10-16 14:30:00+01:00,4491.64
2025-10-16 15:00:00+01:00,4533.95
2025-10-16 15:30:00+01:00,4568.77
2025-10-16 16:00:00+01:00,4602.45
2025-10-16 16:30:00+01:00,4669.0
2025-10-16 17:00:00+01:00,4730.76
2025-10-16 17:30:00+01:00,4780.21
2025-10-16 18:00:00+01:00,4802.82
2025-10-16 18:30:00+01:00,4834.93
2025-10-16 19:00:00+01:00,4892.87
2025-10-16 19:30:00+01:00,4875.65
2025-10-16 20:00:00+01:00,4799.77
2025-10-16 20:30:00+01:00,4726.66
2025-10-16 21:00:00+01:00,4586.55
2025-10-16 21:30:00+01:00,4354.75
2025-10-16 22:00:00+01:00,4173.55
2025-10-16 22:30:00+01:00,3986.52
2025-10-16 23:00:00+01:00,3807.53
2025-10-16 23:30:00+01:00,3704.08
2025-10-17 00:00:00+01:00,3582.36
2025-10-17 00:30:00+01:00,3552.61
2025-10-17 01:00:00+01:00,3464.05
2025-10-17 01:30:00+01:00,3427.26
2025-10-17 02:00:00+01:00,3366.49
2025-10-17 02:30:00+01:00,3422.3
2025-10-17 03:00:00+01:00,3372.8
2025-10-17 03:30:00+01:00,3345.6
2025-10-17 04:00:00+01:00,3304.43
2025-10-17 04:30:00+01:00,3288.4
2025-10-17 05:00:00+01:00,3296.28
2025-10-17 05:30:00+01:00,3324.55
2025-10-17 06:00:00+01:00,3430.18
2025-10-17 06:30:00+01:00,3661.5
2025-10-17 07:00:00+01:00,3954.66
2025-10-17 07:30:00+01:00,4298.78
2025-10-17 08:00:00+01:00,4479.55
2025-10-17 08:30:00+01:00,4569.14
2025-10-17 09:00:00+01:00,4596.73
2025-10-17 09:30:00+01:00,4606.88
2025-10-17 10:00:00+01:00,4539.98
2025-10-17 10:30:00+01:00,4486.64
2025-10-17 11:00:00+01:00,4456.26
2025-10-17 11:30:00+01:00,4419.46
2025-10-17 12:00:00+01:00,4390.65
2025-10-17 12:30:00+01:00,4401.84
2025-10-17 13:00:00+01:00,4388.02
2025-10-17 13:30:00+01:00,4328.52
2025-10-17 15:00:00+01:00,4293.65
2025-10-17 15:30:00+01:00,4332.0
2025-10-17 16:00:00+01:00,4383.47
2025-10-17 16:30:00+01:00,4462.32
2025-10-17 17:00:00+01:00,4526.67
2025-10-17 17:30:00+01:00,4621.44
2025-10-17 18:00:00+01:00,4659.02
2025-10-17 18:30:00+01:00,4692.85
2025-10-17 19:00:00+01:00,4718.82
2025-10-17 19:30:00+01:00,4680.1
2025-10-17 20:00:00+01:00,4543.35
2025-10-17 20:30:00+01:00,4446.66
2025-10-17 21:00:00+01:00,4293.06
2025-10-17 21:30:00+01:00,4132.79
2025-10-17 22:00:00+01:00,3953.91
2025-10-17 22:30:00+01:00,3803.36
2025-10-17 23:00:00+01:00,3697.2
2025-10-17 23:30:00+01:00,3621.31
2025-10-18 00:00:00+01:00,3518.34
2025-10-18 00:30:00+01:00,3478.39
2025-10-18 01:00:00+01:00,3386.65
2025-10-18 01:30:00+01:00,3312.89
2025-10-18 02:00:00+01:00,3294.94
2025-10-18 02:30:00+01:00,3333.73
2025-10-18 03:00:00+01:00,3284.52
2025-10-18 03:30:00+01:00,3252.48
2025-10-18 04:00:00+01:00,3208.65
2025-10-18 04:30:00+01:00,3164.26
2025-10-18 05:00:00+01:00,3143.26
2025-10-18 05:30:00+01:00,3165.46
2025-10-18 06:00:00+01:00,3189.54
2025-10-18 06:30:00+01:00,3259.17
2025-10-18 07:00:00+01:00,3363.62
2025-10-18 07:30:00+01:00,3527.99
2025-10-18 08:00:00+01:00,3664.56
2025-10-18 08:30:00+01:00,3822.21
2025-10-18 09:00:00+01:00,3967.1
2025-10-18 09:30:00+01:00,4078.03
2025-10-18 10:00:00+01:00,4134.65
2025-10-18 10:30:00+01:00,4130.85
2025-10-18 11:00:00+01:00,4134.83
2025-10-18 11:30:00+01:00,4154.87
2025-10-18 12:00:00+01:00,4172.08
2025-10-18 12:30:00+01:00,4174.77
2025-10-18 13:00:00+01:00,4173.09
2025-10-18 13:30:00+01:00,4134.33
2025-10-18 14:00:00+01:00,4108.68
2025-10-18 14:30:00+01:00,4086.32
2025-10-18 15:00:00+01:00,4064.78
2025-10-18 15:30:00+01:00,4061.79
2025-10-18 16:00:00+01:00,4142.74
2025-10-18 16:30:00+01:00,4212.13
2025-10-18 17:00:00+01:00,4312.8
2025-10-18 17:30:00+01:00,4395.44
2025-10-18 18:00:00+01:00,4435.34
2025-10-18 18:30:00+01:00,4456.96
2025-10-18 19:00:00+01:00,4447.45
2025-10-18 19:30:00+01:00,4395.44
2025-10-18 20:00:00+01:00,4291.44
2025-10-18 20:30:00+01:00,4182.55
2025-10-18 21:00:00+01:00,4064.9
2025-10-18 21:30:00+01:00,3941.97
2025-10-18 22:00:00+01:00,3831.54
2025-10-18 22:30:00+01:00,3708.05
2025-10-18 23:00:00+01:00,3578.1
2025-10-18 23:30:00+01:00,3513.87
2025-10-19 00:00:00+01:00,3439.1
2025-10-19 00:30:00+01:00,3422.36
2025-10-19 01:00:00+01:00,3377.27
2025-10-19 01:30:00+01:00,3285.36
2025-10-19 02:00:00+01:00,3241.52
2025-10-19 02:30:00+01:00,3262.83
2025-10-19 03:00:00+01:00,3184.84
2025-10-19 03:30:00+01:00,3166.06
2025-10-19 04:00:00+01:00,3113.64
2025-10-19 04:30:00+01:00,3064.3
2025-10-19 05:00:00+01:00,3049.96
2025-10-19 05:30:00+01:00,3065.35
2025-10-19 06:00:00+01:00,3087.55
2025-10-19 06:30:00+01:00,3146.25
2025-10-19 07:00:00+01:00,3206.46
2025-10-19 07:30:00+01:00,3322.7
2025-10-19 08:00:00+01:00,3412.46
2025-10-19 08:30:00+01:00,3532.04
2025-10-19 09:00:00+01:00,3641.35
2025-10-19 09:30:00+01:00,3787.91
2025-10-19 10:00:00+01:00,3896.04
2025-10-19 10:30:00+01:00,3936.87
2025-10-19 11:00:00+01:00,3962.88
2025-10-19 11:30:00+01:00,3981.89
2025-10-19 12:00:00+01:00,3973.02
2025-10-19 12:30:00+01:00,3999.53
2025-10-19 13:00:00+01:00,3998.66
2025-10-19 13:30:00+01:00,3991.38
2025-10-19 14:00:00+01:00,3902.15
2025-10-19 14:30:00+01:00,3856.83
2025-10-19 15:00:00+01:00,3854.87
2025-10-19 15:30:00+01:00,3802.96
2025-10-19 16:00:00+01:00,3864.65
2025-10-19 16:30:00+01:00,3967.16
2025-10-19 17:00:00+01:00,4051.79
2025-10-19 17:30:00+01:00,4212.31
2025-10-19 18:00:00+01:00,4267.02
2025-10-19 18:30:00+01:00,4313.59
2025-10-19 19:00:00+01:00,4452.34
2025-10-19 19:30:00+01:00,4428.54
2025-10-19 20:00:00+01:00,4325.21
2025-10-19 20:30:00+01:00,4184.03
2025-10-19 21:00:00+01:00,4061.1
2025-10-19 21:30:00+01:00,3928.98
2025-10-19 22:00:00+01:00,3740.63
2025-10-19 22:30:00+01:00,3596.35
2025-10-19 23:00:00+01:00,3443.59
2025-10-19 23:30:00+01:00,3375.68
2025-10-20 00:00:00+01:00,3272.46
2025-10-20 00:30:00+01:00,3266.02
2025-10-20 01:00:00+01:00,3191.69
2025-10-20 01:30:00+01:00,3154.06
2025-10-20 02:00:00+01:00,3133.57
2025-10-20 02:30:00+01:00,3208.73
2025-10-20 03:00:00+01:00,3169.17
2025-10-20 03:30:00+01:00,3144.25
2025-10-20 04:00:00+01:00,3119.98
2025-10-20 04:30:00+01:00,3115.19
2025-10-20 05:00:00+01:00,3132.56
2025-10-20 05:30:00+01:00,3192.47
2025-10-20 06:00:00+01:00,3316.01
2025-10-20 06:30:00+01:00,3554.28
2025-10-20 07:00:00+01:00,3859.32
2025-10-20 07:30:00+01:00,4234.81
2025-10-20 08:00:00+01:00,4388.64
2025-10-20 08:30:00+01:00,4459.99
2025-10-20 09:00:00+01:00,4484.69
2025-10-20 09:30:00+01:00,4522.64
2025-10-20 10:00:00+01:00,4502.09
2025-10-20 10:30:00+01:00,4474.93
2025-10-20 11:00:00+01:00,4455.96
2025-10-20 11:30:00+01:00,4398.8
2025-10-20 12:00:00+01:00,4355.86
2025-10-20 12:30:00+01:00,4335.06
2025-10-20 13:00:00+01:00,4319.53
2025-10-20 13:30:00+01:00,4283.75
2025-10-20 14:00:00+01:00,4257.87
2025-10-20 14:30:00+01:00,4240.61
2025-10-20 15:00:00+01:00,4259.16
2025-10-20 15:30:00+01:00,4280.97
2025-10-20 16:00:00+01:00,4335.43
2025-10-20 16:30:00+01:00,4428.36
2025-10-20 17:00:00+01:00,4530.81
2025-10-20 17:30:00+01:00,4653.46
2025-10-20 18:00:00+01:00,4724.55
2025-10-20 18:30:00+01:00,4776.16
2025-10-20 19:00:00+01:00,4836.04
2025-10-20 19:30:00+01:00,4770.56
2025-10-20 20:00:00+01:00,4669.96
2025-10-20 20:30:00+01:00,4550.86
2025-10-20 21:00:00+01:00,4411.06
2025-10-20 21:30:00+01:00,4213.65
2025-10-20 22:00:00+01:00,4015.89
2025-10-20 22:30:00+01:00,3845.5
2025-10-20 23:00:00+01:00,3700.11
2025-10-20 23:30:00+01:00,3598.69
2025-10-21 00:00:00+01:00,3463.42
2025-10-21 00:30:00+01:00,3441.26
2025-10-21 01:00:00+01:00,3352.49
2025-10-21 01:30:00+01:00,3290.6
2025-10-21 02:00:00+01:00,3270.33
2025-10-21 02:30:00+01:00,3330.84
2025-10-21 03:00:00+01:00,3295.3
2025-10-21 03:30:00+01:00,3279.22
2025-10-21 04:00:00+01:00,3218.18
2025-10-21 04:30:00+01:00,3201.8
2025-10-21 05:00:00+01:00,3189.36
2025-10-21 05:30:00+01:00,3230.78
2025-10-21 06:00:00+01:00,3358.35
2025-10-21 06:30:00+01:00,3594.11
2025-10-21 07:00:00+01:00,3860.46
2025-10-21 07:30:00+01:00,4210.98
2025-10-21 08:00:00+01:00,4341.29
2025-10-21 08:30:00+01:00,4395.28
2025-10-21 09:00:00+01:00,4442.07
2025-10-21 09:30:00+01:00,4449.64
2025-10-21 10:00:00+01:00,4415.73
2025-10-21 10:30:00+01:00,4373.0
2025-10-21 11:00:00+01:00,4335.95
2025-10-21 11:30:00+01:00,4296.4
2025-10-21 12:00:00+01:00,4266.65
2025-10-21 12:30:00+01:00,4257.45
2025-10-21 13:00:00+01:00,4206.15
2025-10-21 13:30:00+01:00,4125.82
2025-10-21 14:00:00+01:00,4134.56
2025-10-21 14:30:00+01:00,4162.58
2025-10-21 15:00:00+01:00,4139.96
2025-10-21 15:30:00+01:00,4131.98
2025-10-21 16:00:00+01:00,4202.49
2025-10-21 16:30:00+01:00,4361.39
2025-10-21 17:00:00+01:00,4474.43
2025-10-21 17:30:00+01:00,4586.57
2025-10-21 18:00:00+01:00,4651.32
2025-10-21 18:30:00+01:00,4751.23
2025-10-21 19:00:00+01:00,4815.67
2025-10-21 19:30:00+01:00,4779.04
2025-10-21 20:00:00+01:00,4689.71
2025-10-21 20:30:00+01:00,4576.65
2025-10-21 21:00:00+01:00,4447.56
2025-10-21 21:30:00+01:00,4268.92
2025-10-21 22:00:00+01:00,4100.31
2025-10-21 22:30:00+01:00,3912.69
2025-10-21 23:00:00+01:00,3754.42
2025-10-21 23:30:00+01:00,3668.53
2025-10-22 00:00:00+01:00,3528.11
2025-10-22 00:30:00+01:00,3500.82
2025-10-22 01:00:00+01:00,3417.88
2025-10-22 01:30:00+01:00,3337.59
2025-10-22 02:00:00+01:00,3309.41
2025-10-22 02:30:00+01:00,3360.79
2025-10-22 03:00:00+01:00,3331.73
2025-10-22 03:30:00+01:00,3322.49
2025-10-22 04:00:00+01:00,3285.91
2025-10-22 04:30:00+01:00,3272.05
2025-10-22 05:00:00+01:00,3292.59
2025-10-22 05:30:00+01:00,3339.35
2025-10-22 06:00:00+01:00,3476.91
2025-10-22 06:30:00+01:00,3732.76
2025-10-22 07:00:00+01:00,4038.16
2025-10-22 07:30:00+01:00,4388.2
2025-10-22 08:00:00+01:00,4553.98
2025-10-22 08:30:00+01:00,4637.14
2025-10-22 09:00:00+01:00,4636.55
2025-10-22 09:30:00+01:00,4619.11
2025-10-22 10:00:00+01:00,4508.99
2025-10-22 10:30:00+01:00,4405.97
2025-10-22 11:00:00+01:00,4341.63
2025-10-22 11:30:00+01:00,4295.18
2025-10-22 12:00:00+01:00,4235.84
2025-10-22 12:30:00+01:00,4262.87
2025-10-22 13:00:00+01:00,4253.61
2025-10-22 13:30:00+01:00,4244.07
2025-10-22 14:00:00+01:00,4254.66
2025-10-22 14:30:00+01:00,4279.17
2025-10-22 15:00:00+01:00,4330.0
2025-10-22 15:30:00+01:00,4410.06
2025-10-22 16:00:00+01:00,4500.03
2025-10-22 16:30:00+01:00,4616.28
2025-10-22 17:00:00+01:00,4711.2
2025-10-22 17:30:00+01:00,4823.18
2025-10-22 18:00:00+01:00,4873.4
2025-10-22 18:30:00+01:00,4960.56
2025-10-22 19:00:00+01:00,4995.32
2025-10-22 19:30:00+01:00,4959.7
2025-10-22 20:00:00+01:00,4831.59
2025-10-22 20:30:00+01:00,4751.39
2025-10-22 21:00:00+01:00,4617.32
2025-10-22 21:30:00+01:00,4413.32
2025-10-22 22:00:00+01:00,4218.61
2025-10-22 22:30:00+01:00,4035.35
2025-10-22 23:00:00+01:00,3886.37
2025-10-22 23:30:00+01:00,3752.86
2025-10-23 00:00:00+01:00,3579.06
2025-10-23 00:30:00+01:00,3550.86
2025-10-23 01:00:00+01:00,3435.82
2025-10-23 01:30:00+01:00,3399.68
2025-10-23 02:00:00+01:00,3353.98
2025-10-23 02:30:00+01:00,3402.78
2025-10-23 03:00:00+01:00,3325.22
2025-10-23 03:30:00+01:00,3290.62
2025-10-23 04:00:00+01:00,3260.36
2025-10-23 04:30:00+01:00,3237.35
2025-10-23 05:00:00+01:00,3259.42
2025-10-23 05:30:00+01:00,3343.63
2025-10-23 06:00:00+01:00,3457.89
2025-10-23 06:30:00+01:00,3692.06
2025-10-23 07:00:00+01:00,3965.77
2025-10-23 07:30:00+01:00,4326.35
2025-10-23 08:00:00+01:00,4494.57
2025-10-23 08:30:00+01:00,4561.16
2025-10-23 10:00:00+01:00,4617.49
2025-10-23 10:30:00+01:00,4573.86
2025-10-23 11:00:00+01:00,4511.22
2025-10-23 11:30:00+01:00,4467.92
2025-10-23 12:00:00+01:00,4397.23
2025-10-23 12:30:00+01:00,4325.02
2025-10-23 13:00:00+01:00,4310.62
2025-10-23 13:30:00+01:00,4143.13
2025-10-23 14:00:00+01:00,4121.24
2025-10-23 14:30:00+01:00,4110.12
2025-10-23 15:00:00+01:00,4134.7
2025-10-23 15:30:00+01:00,4225.47
2025-10-23 16:00:00+01:00,4313.77
2025-10-23 16:30:00+01:00,4370.86
2025-10-23 17:00:00+01:00,4476.72
2025-10-23 17:30:00+01:00,4626.4
2025-10-23 18:00:00+01:00,4726.13
2025-10-23 18:30:00+01:00,4790.4
2025-10-23 19:00:00+01:00,4849.8
2025-10-23 19:30:00+01:00,4811.09
2025-10-23 20:00:00+01:00,4724.9
2025-10-23 20:30:00+01:00,4611.37
2025-10-23 21:00:00+01:00,4525.43
2025-10-23 21:30:00+01:00,4306.78
2025-10-23 22:00:00+01:00,4147.35
2025-10-23 22:30:00+01:00,3970.55
2025-10-23 23:00:00+01:00,3818.54
2025-10-23 23:30:00+01:00,3728.52
2025-10-24 00:00:00+01:00,3601.55
2025-10-24 00:30:00+01:00,3593.78
2025-10-24 01:00:00+01:00,3491.84
2025-10-24 01:30:00+01:00,3461.1
2025-10-24 02:00:00+01:00,3375.84
2025-10-24 02:30:00+01:00,3443.98
2025-10-24 03:00:00+01:00,3398.26
2025-10-24 03:30:00+01:00,3369.65
2025-10-24 06:00:00+01:00,3515.64
2025-10-24 06:30:00+01:00,3716.48
2025-10-24 07:00:00+01:00,4015.16
2025-10-24 07:30:00+01:00,4369.52
2025-10-24 08:00:00+01:00,4558.5
2025-10-24 08:30:00+01:00,4660.13
2025-10-24 09:00:00+01:00,4719.6
2025-10-24 09:30:00+01:00,4736.38
2025-10-24 10:00:00+01:00,4695.23
2025-10-24 10:30:00+01:00,4650.77
2025-10-24 11:00:00+01:00,4602.56
2025-10-24 11:30:00+01:00,4565.03
2025-10-24 12:00:00+01:00,4519.55
2025-10-24 12:30:00+01:00,4489.72
2025-10-24 13:00:00+01:00,4458.04
2025-10-24 13:30:00+01:00,4384.36
2025-10-24 14:00:00+01:00,4376.84
2025-10-24 14:30:00+01:00,4342.82
2025-10-24 15:00:00+01:00,4317.21
2025-10-24 15:30:00+01:00,4327.92
2025-10-24 16:00:00+01:00,4339.87
2025-10-24 16:30:00+01:00,4423.84
2025-10-24 17:00:00+01:00,4467.46
2025-10-24 17:30:00+01:00,4560.28
2025-10-24 18:00:00+01:00,4619.65
2025-10-24 18:30:00+01:00,4709.14
2025-10-24 19:00:00+01:00,4710.84
2025-10-24 19:30:00+01:00,4677.12
2025-10-24 20:00:00+01:00,4587.26
2025-10-24 20:30:00+01:00,4479.23
2025-10-24 21:00:00+01:00,4359.47
2025-10-24 21:30:00+01:00,4236.19
2025-10-24 22:00:00+01:00,4063.08
2025-10-24 22:30:00+01:00,3923.82
2025-10-24 23:00:00+01:00,3822.88
2025-10-24 23:30:00+01:00,3707.86
2025-10-25 00:00:00+01:00,3588.58
2025-10-25 00:30:00+01:00,3613.87
2025-10-25 01:00:00+01:00,3470.66
2025-10-25 01:30:00+01:00,3428.11
2025-10-25 02:00:00+01:00,3362.78
2025-10-25 02:30:00+01:00,3432.89
2025-10-25 03:00:00+01:00,3359.59
2025-10-25 03:30:00+01:00,3344.63
2025-10-25 04:00:00+01:00,3294.91
2025-10-25 04:30:00+01:00,3271.63
2025-10-25 05:00:00+01:00,3240.79
2025-10-25 05:30:00+01:00,3250.73
2025-10-25 06:00:00+01:00,3278.18
2025-10-25 06:30:00+01:00,3397.91
2025-10-25 07:00:00+01:00,3504.42
2025-10-25 07:30:00+01:00,3662.24
2025-10-25 08:00:00+01:00,3811.55
2025-10-25 08:30:00+01:00,3945.38
2025-10-25 09:00:00+01:00,4055.39
2025-10-25 09:30:00+01:00,4140.35
2025-10-25 10:00:00+01:00,4080.9
2025-10-25 10:30:00+01:00,4041.33
2025-10-25 11:00:00+01:00,4005.79
2025-10-25 11:30:00+01:00,3965.65
2025-10-25 12:00:00+01:00,3908.64
2025-10-25 12:30:00+01:00,3899.25
2025-10-25 13:00:00+01:00,3868.14
2025-10-25 13:30:00+01:00,3844.15
2025-10-25 14:00:00+01:00,3844.83
2025-10-25 14:30:00+01:00,3835.97
2025-10-25 15:00:00+01:00,3844.49
2025-10-25 15:30:00+01:00,3885.62
2025-10-25 16:00:00+01:00,3971.93
2025-10-25 16:30:00+01:00,4073.91
2025-10-25 17:00:00+01:00,4144.49
2025-10-25 17:30:00+01:00,4288.12
2025-10-25 18:00:00+01:00,4371.52
2025-10-25 18:30:00+01:00,4513.05
2025-10-25 19:00:00+01:00,4532.83
2025-10-25 19:30:00+01:00,4451.9
2025-10-25 20:00:00+01:00,4343.99
2025-10-25 20:30:00+01:00,4230.21
2025-10-25 21:00:00+01:00,4127.31
2025-10-25 21:30:00+01:00,3988.55
2025-10-25 22:00:00+01:00,3874.26
2025-10-25 22:30:00+01:00,3746.63
2025-10-25 23:00:00+01:00,3612.25
2025-10-25 23:30:00+01:00,3514.92
2025-10-26 01:00:00+00:00,3407.08
2025-10-26 01:30:00+00:00,3323.03
2025-10-26 02:00:00+00:00,3227.74
2025-10-26 02:30:00+00:00,3267.08
2025-10-26 03:00:00+00:00,3199.75
2025-10-26 03:30:00+00:00,3179.82
2025-10-26 04:00:00+00:00,3158.37
2025-10-26 04:30:00+00:00,3146.04
2025-10-26 05:00:00+00:00,3136.65
2025-10-26 05:30:00+00:00,3150.56
2025-10-26 06:00:00+00:00,3193.25
2025-10-26 06:30:00+00:00,3221.31
2025-10-26 07:00:00+00:00,3326.35
2025-10-26 07:30:00+00:00,3415.72
2025-10-26 08:00:00+00:00,3528.97
2025-10-26 08:30:00+00:00,3697.77
2025-10-26 09:00:00+00:00,3824.11
2025-10-26 09:30:00+00:00,3938.33
2025-10-26 10:00:00+00:00,3979.14
2025-10-26 10:30:00+00:00,4013.17
2025-10-26 11:00:00+00:00,4059.39
2025-10-26 11:30:00+00:00,4071.25
2025-10-26 12:00:00+00:00,4137.33
2025-10-26 12:30:00+00:00,4181.22
2025-10-26 13:00:00+00:00,4173.37
2025-10-26 13:30:00+00:00,4142.2
2025-10-26 14:00:00+00:00,4101.5
2025-10-26 14:30:00+00:00,4083.62
2025-10-26 15:00:00+00:00,4072.23
2025-10-26 15:30:00+00:00,4083.58
2025-10-26 16:00:00+00:00,4144.38
2025-10-26 16:30:00+00:00,4229.08
2025-10-26 17:00:00+00:00,4289.2
2025-10-26 17:30:00+00:00,4442.82
2025-10-26 18:00:00+00:00,4452.59
2025-10-26 18:30:00+00:00,4398.87
2025-10-26 19:00:00+00:00,4316.43
2025-10-26 19:30:00+00:00,4227.24
2025-10-26 20:00:00+00:00,4115.39
2025-10-26 20:30:00+00:00,4027.49
2025-10-26 21:00:00+00:00,3944.22
2025-10-26 21:30:00+00:00,3803.9
2025-10-26 22:00:00+00:00,3663.81
2025-10-26 22:30:00+00:00,3553.24
2025-10-26 23:00:00+00:00,3441.12
2025-10-26 23:30:00+00:00,3473.18
2025-10-27 00:00:00+00:00,3417.45
2025-10-27 00:30:00+00:00,3353.23
2025-10-27 01:00:00+00:00,3289.09
2025-10-27 01:30:00+00:00,3247.14
2025-10-27 02:00:00+00:00,3189.82
2025-10-27 02:30:00+00:00,3256.96
2025-10-27 03:00:00+00:00,3183.92
2025-10-27 03:30:00+00:00,3163.54
2025-10-27 04:00:00+00:00,3144.41
2025-10-27 04:30:00+00:00,3116.61
2025-10-27 05:00:00+00:00,3123.26
2025-10-27 05:30:00+00:00,3110.5
2025-10-27 06:00:00+00:00,3166.4
2025-10-27 06:30:00+00:00,3237.97
2025-10-27 07:00:00+00:00,3331.66
2025-10-27 07:30:00+00:00,3421.48
2025-10-27 08:00:00+00:00,3553.84
2025-10-27 08:30:00+00:00,3693.28
2025-10-27 09:00:00+00:00,3813.55
2025-10-27 09:30:00+00:00,3973.99
2025-10-27 10:00:00+00:00,4036.01
2025-10-27 10:30:00+00:00,4101.26
2025-10-27 11:00:00+00:00,4146.39
2025-10-27 11:30:00+00:00,4152.81
2025-10-27 12:00:00+00:00,4194.74
2025-10-27 12:30:00+00:00,4206.25
2025-10-27 13:00:00+00:00,4189.1
2025-10-27 13:30:00+00:00,4158.7
2025-10-27 14:00:00+00:00,4125.89
2025-10-27 14:30:00+00:00,4127.19
2025-10-27 15:00:00+00:00,4124.57
2025-10-27 15:30:00+00:00,4142.68
2025-10-27 16:00:00+00:00,4174.55
2025-10-27 16:30:00+00:00,4271.27
2025-10-27 17:00:00+00:00,4412.28
2025-10-27 17:30:00+00:00,4572.26
2025-10-27 18:00:00+00:00,4634.99
2025-10-27 18:30:00+00:00,4535.6
2025-10-27 19:00:00+00:00,4430.61
2025-10-27 19:30:00+00:00,4318.36
2025-10-27 20:00:00+00:00,4227.02
2025-10-27 20:30:00+00:00,4128.31
2025-10-27 22:00:00+00:00,3750.08
2025-10-27 22:30:00+00:00,3619.55
2025-10-27 23:00:00+00:00,3492.13
2025-10-27 23:30:00+00:00,3499.67
2025-10-28 00:00:00+00:00,3389.57
2025-10-28 00:30:00+00:00,3308.91
2025-10-28 01:00:00+00:00,3210.71
2025-10-28 01:30:00+00:00,3182.12
2025-10-28 02:00:00+00:00,3194.25
2025-10-28 02:30:00+00:00,3244.17
2025-10-28 03:00:00+00:00,3198.36
2025-10-28 03:30:00+00:00,3185.43
2025-10-28 04:00:00+00:00,3102.25
2025-10-28 04:30:00+00:00,3110.44
2025-10-28 05:00:00+00:00,3105.55
2025-10-28 05:30:00+00:00,3169.28
2025-10-28 06:00:00+00:00,3274.49
2025-10-28 06:30:00+00:00,3503.63
2025-10-28 07:00:00+00:00,3724.14
2025-10-28 07:30:00+00:00,3971.7
2025-10-28 08:00:00+00:00,4146.52
2025-10-28 08:30:00+00:00,4330.87
2025-10-28 09:00:00+00:00,4435.55
2025-10-28 09:30:00+00:00,4427.94
2025-10-28 10:00:00+00:00,4389.14
2025-10-28 10:30:00+00:00,4380.86
2025-10-28 11:00:00+00:00,4355.57
2025-10-28 11:30:00+00:00,4294.18
2025-10-28 12:00:00+00:00,4349.77
2025-10-28 12:30:00+00:00,4381.89
2025-10-28 13:00:00+00:00,4378.02
2025-10-28 13:30:00+00:00,4312.85
2025-10-28 14:00:00+00:00,4278.01
2025-10-28 14:30:00+00:00,4358.42
2025-10-28 15:00:00+00:00,4369.23
2025-10-28 15:30:00+00:00,4427.03
2025-10-28 16:00:00+00:00,4530.74
2025-10-28 16:30:00+00:00,4678.59
2025-10-28 17:00:00+00:00,4790.05
2025-10-28 17:30:00+00:00,4988.45
2025-10-28 18:00:00+00:00,5017.03
2025-10-28 18:30:00+00:00,4929.73
2025-10-28 19:00:00+00:00,4833.87
2025-10-28 19:30:00+00:00,4752.5
2025-10-28 20:00:00+00:00,4596.41
2025-10-28 20:30:00+00:00,4497.33
2025-10-28 21:00:00+00:00,4361.75
2025-10-28 21:30:00+00:00,4213.03
2025-10-28 22:00:00+00:00,4073.55
2025-10-28 22:30:00+00:00,3915.43
2025-10-28 23:00:00+00:00,3707.23
2025-10-28 23:30:00+00:00,3727.75
2025-10-29 00:00:00+00:00,3596.23
2025-10-29 00:30:00+00:00,3511.86
2025-10-29 01:00:00+00:00,3408.96
2025-10-29 01:30:00+00:00,3375.81
2025-10-29 02:00:00+00:00,3311.03
2025-10-29 02:30:00+00:00,3401.97
2025-10-29 03:00:00+00:00,3345.5
2025-10-29 03:30:00+00:00,3310.27
2025-10-29 04:00:00+00:00,3318.03
2025-10-29 04:30:00+00:00,3276.72
2025-10-29 05:00:00+00:00,3284.21
2025-10-29 05:30:00+00:00,3314.25
2025-10-29 06:00:00+00:00,3449.31
2025-10-29 06:30:00+00:00,3627.28
2025-10-29 07:00:00+00:00,3850.9
2025-10-29 07:30:00+00:00,4058.34
2025-10-29 08:00:00+00:00,4234.88
2025-10-29 08:30:00+00:00,4381.08
2025-10-29 09:00:00+00:00,4409.6
2025-10-29 09:30:00+00:00,4374.84
2025-10-29 10:00:00+00:00,4307.99
2025-10-29 10:30:00+00:00,4265.12
2025-10-29 11:00:00+00:00,4178.45
2025-10-29 11:30:00+00:00,4183.14
2025-10-29 12:00:00+00:00,4132.6
2025-10-29 12:30:00+00:00,4122.89
2025-10-29 13:00:00+00:00,4208.96
2025-10-29 13:30:00+00:00,4152.82
2025-10-29 14:00:00+00:00,4145.92
2025-10-29 14:30:00+00:00,4220.73
2025-10-29 15:00:00+00:00,4248.41
2025-10-29 15:30:00+00:00,4376.45
2025-10-29 18:00:00+00:00,5028.21
2025-10-29 18:30:00+00:00,4953.6
2025-10-29 20:00:00+00:00,4709.38
2025-10-29 20:30:00+00:00,4615.77
2025-10-30 00:00:00+00:00,3811.32
2025-10-30 00:30:00+00:00,3745.57
2025-10-30 02:00:00+00:00,3556.1
2025-10-30 02:30:00+00:00,3609.14
2025-10-30 03:00:00+00:00,3536.05
2025-10-30 03:30:00+00:00,3496.68
2025-10-30 04:00:00+00:00,3461.65
2025-10-30 04:30:00+00:00,3432.44
2025-10-30 05:00:00+00:00,3427.37
2025-10-30 05:30:00+00:00,3454.64
2025-10-30 06:00:00+00:00,3573.2
2025-10-30 06:30:00+00:00,3743.99
2025-10-30 07:00:00+00:00,3954.15
2025-10-30 07:30:00+00:00,4189.73
2025-10-30 08:00:00+00:00,4342.74
2025-10-30 08:30:00+00:00,4522.22
2025-10-30 09:00:00+00:00,4647.31
2025-10-30 09:30:00+00:00,4728.12
2025-10-30 10:00:00+00:00,4753.21
2025-10-30 10:30:00+00:00,4724.64
2025-10-30 11:00:00+00:00,4724.6
2025-10-30 11:30:00+00:00,4746.5
2025-10-30 12:00:00+00:00,4767.11
2025-10-30 12:30:00+00:00,4821.63
2025-10-30 13:00:00+00:00,4842.99
2025-10-30 13:30:00+00:00,4797.93
2025-10-30 16:00:00+00:00,4812.23
2025-10-30 16:30:00+00:00,4932.2
2025-10-30 17:00:00+00:00,5051.63
2025-10-30 17:30:00+00:00,5181.9
2025-10-30 18:00:00+00:00,5194.18
2025-10-30 18:30:00+00:00,5059.07
2025-10-30 19:00:00+00:00,4955.46
2025-10-30 19:30:00+00:00,4848.69
2025-10-30 20:00:00+00:00,4721.7
2025-10-30 20:30:00+00:00,4590.98
2025-10-30 22:00:00+00:00,4129.89
2025-10-30 22:30:00+00:00,3978.54
2025-10-30 23:00:00+00:00,3826.76
2025-10-30 23:30:00+00:00,3810.02
2025-10-31 00:00:00+00:00,3686.62
2025-10-31 00:30:00+00:00,3620.55
2025-10-31 01:00:00+00:00,3533.75
2025-10-31 01:30:00+00:00,3482.6
2025-10-31 02:00:00+00:00,3441.05
2025-10-31 02:30:00+00:00,3448.04
2025-10-31 03:00:00+00:00,3378.36
2025-10-31 03:30:00+00:00,3353.07
2025-10-31 04:00:00+00:00,3319.13
2025-10-31 04:30:00+00:00,3279.41
2025-10-31 05:00:00+00:00,3319.1
2025-10-31 05:30:00+00:00,3360.13
2025-10-31 06:00:00+00:00,3498.48
2025-10-31 06:30:00+00:00,3638.19
2025-10-31 07:00:00+00:00,3819.35
2025-10-31 07:30:00+00:00,4039.77
2025-10-31 08:00:00+00:00,4203.74
2025-10-31 08:30:00+00:00,4390.57
2025-10-31 09:00:00+00:00,4516.13
2025-10-31 09:30:00+00:00,4627.97
2025-10-31 10:00:00+00:00,4622.04
2025-10-31 10:30:00+00:00,4624.99
2025-10-31 11:00:00+00:00,4572.23
2025-10-31 11:30:00+00:00,4495.86
2025-10-31 12:00:00+00:00,4379.18
2025-10-31 12:30:00+00:00,4350.81
2025-10-31 13:00:00+00:00,4354.6
2025-10-31 13:30:00+00:00,4266.43
2025-10-31 14:00:00+00:00,4229.76
2025-10-31 14:30:00+00:00,4218.45
2025-10-31 15:00:00+00:00,4224.75
2025-10-31 15:30:00+00:00,4300.56
2025-10-31 16:00:00+00:00,4346.51
2025-10-31 16:30:00+00:00,4460.7
2025-10-31 17:00:00+00:00,4545.01
2025-10-31 17:30:00+00:00,4708.22
2025-10-31 18:00:00+00:00,4658.18
2025-10-31 18:30:00+00:00,4587.54
2025-10-31 19:00:00+00:00,4547.29
2025-10-31 19:30:00+00:00,4480.64
2025-10-31 20:00:00+00:00,4381.14
2025-10-31 20:30:00+00:00,4343.94
2025-10-31 21:00:00+00:00,4271.45
2025-10-31 21:30:00+00:00,4154.91
2025-10-31 22:00:00+00:00,4037.44
2025-10-31 22:30:00+00:00,3898.21
2025-10-31 23:00:00+00:00,3754.65
2025-10-31 23:30:00+00:00,3771.72
2025-11-01 00:00:00+00:00,3655.05
2025-11-01 00:30:00+00:00,3563.83
2025-11-01 01:00:00+00:00,3468.08
2025-11-01 01:30:00+00:00,3404.72
2025-11-01 02:00:00+00:00,3373.62
2025-11-01 02:30:00+00:00,3417.75
2025-11-01 03:00:00+00:00,3358.08
2025-11-01 03:30:00+00:00,3284.65
2025-11-01 04:00:00+00:00,3209.34
2025-11-01 04:30:00+00:00,3168.52
2025-11-01 05:00:00+00:00,3157.52
2025-11-01 05:30:00+00:00,3174.0
2025-11-01 06:00:00+00:00,3234.92
2025-11-01 06:30:00+00:00,3327.5
2025-11-01 07:00:00+00:00,3444.49
2025-11-01 07:30:00+00:00,3537.9
2025-11-01 08:00:00+00:00,3614.61
2025-11-01 08:30:00+00:00,3749.86
2025-11-01 09:00:00+00:00,3839.92
2025-11-01 09:30:00+00:00,3933.79
2025-11-01 10:00:00+00:00,3953.17
2025-11-01 10:30:00+00:00,3954.07
2025-11-01 11:00:00+00:00,3949.93
2025-11-01 11:30:00+00:00,3938.52
2025-11-01 12:00:00+00:00,3950.64
2025-11-01 12:30:00+00:00,3900.46
2025-11-01 13:00:00+00:00,3865.93
2025-11-01 13:30:00+00:00,3814.44
2025-11-01 14:00:00+00:00,3833.98
2025-11-01 14:30:00+00:00,3865.17
2025-11-01 15:00:00+00:00,3963.28
2025-11-01 15:30:00+00:00,4063.41
2025-11-01 16:00:00+00:00,4161.41
2025-11-01 16:30:00+00:00,4288.95
2025-11-01 17:00:00+00:00,4409.73
2025-11-01 17:30:00+00:00,4623.08
2025-11-01 18:00:00+00:00,4639.55
2025-11-01 18:30:00+00:00,4581.5
2025-11-01 19:00:00+00:00,4455.23
2025-11-01 19:30:00+00:00,4359.4
2025-11-01 20:00:00+00:00,4269.54
2025-11-01 20:30:00+00:00,4159.02
2025-11-01 21:00:00+00:00,4064.12
2025-11-01 21:30:00+00:00,3961.45
2025-11-01 22:00:00+00:00,3858.28
2025-11-01 22:30:00+00:00,3759.65
2025-11-01 23:00:00+00:00,3649.82
2025-11-01 23:30:00+00:00,3670.67
2025-11-02 00:00:00+00:00,3588.58
2025-11-02 00:30:00+00:00,3514.39
2025-11-02 01:00:00+00:00,3435.72
2025-11-02 01:30:00+00:00,3353.87
2025-11-02 02:00:00+00:00,3273.2
2025-11-02 02:30:00+00:00,3348.95
2025-11-02 03:00:00+00:00,3295.8
2025-11-02 03:30:00+00:00,3267.92
2025-11-02 04:00:00+00:00,3237.04
2025-11-02 04:30:00+00:00,3174.63
2025-11-02 05:00:00+00:00,3147.02
2025-11-02 05:30:00+00:00,3123.64
2025-11-02 06:00:00+00:00,3150.76
2025-11-02 06:30:00+00:00,3203.7
2025-11-02 07:00:00+00:00,3293.66
2025-11-02 07:30:00+00:00,3307.9
2025-11-02 08:00:00+00:00,3441.69
2025-11-02 08:30:00+00:00,3527.6
2025-11-02 09:00:00+00:00,3627.8
2025-11-02 09:30:00+00:00,3709.65
2025-11-02 10:00:00+00:00,3783.22
2025-11-02 10:30:00+00:00,3781.64
2025-11-02 11:00:00+00:00,3792.0
2025-11-02 11:30:00+00:00,3765.48
2025-11-02 12:00:00+00:00,3826.44
2025-11-02 12:30:00+00:00,3862.85
2025-11-02 13:00:00+00:00,3900.88
2025-11-02 13:30:00+00:00,3873.5
2025-11-02 14:00:00+00:00,3870.33
2025-11-02 14:30:00+00:00,3957.54
2025-11-02 15:00:00+00:00,3968.39
2025-11-02 15:30:00+00:00,4063.84
2025-11-02 16:00:00+00:00,4186.15
2025-11-02 16:30:00+00:00,4309.8
2025-11-02 17:00:00+00:00,4519.1
2025-11-02 17:30:00+00:00,4664.11
2025-11-02 18:00:00+00:00,4681.28
2025-11-02 18:30:00+00:00,4622.29
2025-11-02 19:00:00+00:00,4573.16
2025-11-02 19:30:00+00:00,4452.46
2025-11-02 20:00:00+00:00,4333.78
2025-11-02 20:30:00+00:00,4220.37
2025-11-02 21:00:00+00:00,4118.83
2025-11-02 21:30:00+00:00,4016.17
2025-11-02 22:00:00+00:00,3859.7
2025-11-02 22:30:00+00:00,3689.28
2025-11-02 23:00:00+00:00,3548.31
2025-11-02 23:30:00+00:00,3537.36
2025-11-03 00:00:00+00:00,3438.77
2025-11-03 00:30:00+00:00,3391.25
2025-11-03 01:00:00+00:00,3316.31
2025-11-03 01:30:00+00:00,3276.56
2025-11-03 02:00:00+00:00,3236.83
2025-11-03 02:30:00+00:00,3303.96
2025-11-03 03:00:00+00:00,3253.23
2025-11-03 03:30:00+00:00,3209.5
2025-11-03 04:00:00+00:00,3189.0
2025-11-03 04:30:00+00:00,3175.8
2025-11-03 05:00:00+00:00,3177.13
2025-11-03 05:30:00+00:00,3243.46
2025-11-03 06:00:00+00:00,3351.77
2025-11-03 06:30:00+00:00,3599.71
2025-11-03 07:00:00+00:00,3931.94
2025-11-03 07:30:00+00:00,4241.2
2025-11-03 08:00:00+00:00,4377.1
2025-11-03 08:30:00+00:00,4442.74
2025-11-03 09:00:00+00:00,4500.8
2025-11-03 09:30:00+00:00,4549.58
2025-11-03 10:00:00+00:00,4528.68
2025-11-03 10:30:00+00:00,4530.93
2025-11-03 11:00:00+00:00,4535.27
2025-11-03 11:30:00+00:00,4529.84
2025-11-03 12:00:00+00:00,4534.93
2025-11-03 12:30:00+00:00,4551.88
2025-11-03 13:00:00+00:00,4573.26
2025-11-03 13:30:00+00:00,4532.98
2025-11-03 14:00:00+00:00,4525.39
2025-11-03 14:30:00+00:00,4553.22
2025-11-03 15:00:00+00:00,4591.36
2025-11-03 15:30:00+00:00,4629.2
2025-11-03 16:00:00+00:00,4704.72
2025-11-03 16:30:00+00:00,4802.0
2025-11-03 17:00:00+00:00,4993.32
2025-11-03 17:30:00+00:00,5123.47
2025-11-03 18:00:00+00:00,5098.18
2025-11-03 18:30:00+00:00,4999.13
2025-11-03 19:00:00+00:00,4884.81
2025-11-03 19:30:00+00:00,4788.0
2025-11-03 20:00:00+00:00,4669.15
2025-11-03 20:30:00+00:00,4554.96
2025-11-03 21:00:00+00:00,4402.35
2025-11-03 21:30:00+00:00,4274.03
2025-11-03 22:00:00+00:00,4068.88
2025-11-03 22:30:00+00:00,3879.87
2025-11-03 23:00:00+00:00,3719.95
2025-11-03 23:30:00+00:00,3715.5
2025-11-04 00:00:00+00:00,3622.61
2025-11-04 00:30:00+00:00,3563.49
2025-11-04 01:00:00+00:00,3469.45
2025-11-04 01:30:00+00:00,3384.47
2025-11-04 02:00:00+00:00,3353.75
2025-11-04 02:30:00+00:00,3457.72
2025-11-04 03:00:00+00:00,3436.86
2025-11-04 03:30:00+00:00,3387.13
2025-11-04 04:00:00+00:00,3327.98
2025-11-04 04:30:00+00:00,3331.91
2025-11-04 05:00:00+00:00,3348.4
2025-11-04 05:30:00+00:00,3391.12
2025-11-04 06:00:00+00:00,3525.06
2025-11-04 06:30:00+00:00,3772.7
2025-11-04 07:00:00+00:00,4048.28
2025-11-04 07:30:00+00:00,4378.28
2025-11-04 08:00:00+00:00,4447.13
2025-11-04 08:30:00+00:00,4498.17
2025-11-04 09:00:00+00:00,4532.86
2025-11-04 09:30:00+00:00,4611.31
2025-11-04 10:00:00+00:00,4578.95
2025-11-04 10:30:00+00:00,4533.83
2025-11-04 11:00:00+00:00,4523.41
2025-11-04 11:30:00+00:00,4534.54
2025-11-04 13:00:00+00:00,4535.55
2025-11-04 13:30:00+00:00,4483.2
2025-11-04 14:00:00+00:00,4509.77
2025-11-04 14:30:00+00:00,4548.57
2025-11-04 15:00:00+00:00,4589.06
2025-11-04 15:30:00+00:00,4657.85
2025-11-04 16:00:00+00:00,4734.31
2025-11-04 16:30:00+00:00,4875.38
2025-11-04 17:00:00+00:00,5028.54
2025-11-04 17:30:00+00:00,5196.0
2025-11-04 18:00:00+00:00,5193.45
2025-11-04 18:30:00+00:00,5124.57
2025-11-04 19:00:00+00:00,5025.86
2025-11-04 19:30:00+00:00,4948.85
2025-11-04 20:00:00+00:00,4836.85
2025-11-04 20:30:00+00:00,4682.49
2025-11-04 21:00:00+00:00,4593.02
2025-11-04 21:30:00+00:00,4431.19
2025-11-04 22:00:00+00:00,4188.98
2025-11-04 22:30:00+00:00,4019.04
2025-11-04 23:00:00+00:00,3854.81
2025-11-04 23:30:00+00:00,3797.27
2025-11-05 00:00:00+00:00,3651.7
2025-11-05 00:30:00+00:00,3565.43
2025-11-05 01:00:00+00:00,3468.68
2025-11-05 01:30:00+00:00,3376.15
2025-11-05 02:00:00+00:00,3373.0
2025-11-05 02:30:00+00:00,3446.05
2025-11-05 03:00:00+00:00,3406.51
2025-11-05 03:30:00+00:00,3381.04
2025-11-05 04:00:00+00:00,3383.49
2025-11-05 04:30:00+00:00,3375.07
2025-11-05 05:00:00+00:00,3388.44
2025-11-05 05:30:00+00:00,3439.93
2025-11-05 06:00:00+00:00,3570.66
2025-11-05 06:30:00+00:00,3788.83
2025-11-05 07:00:00+00:00,4078.35
2025-11-05 07:30:00+00:00,4410.67
2025-11-05 08:00:00+00:00,4537.83
2025-11-05 08:30:00+00:00,4593.04
2025-11-05 09:00:00+00:00,4619.19
2025-11-05 09:30:00+00:00,4664.49
2025-11-05 10:00:00+00:00,4649.95
2025-11-05 10:30:00+00:00,4608.25
2025-11-05 11:00:00+00:00,4602.91
2025-11-05 11:30:00+00:00,4585.7
2025-11-05 12:00:00+00:00,4573.84
2025-11-05 12:30:00+00:00,4594.37
2025-11-05 13:00:00+00:00,4608.02
2025-11-05 13:30:00+00:00,4548.46
2025-11-05 14:00:00+00:00,4540.76
2025-11-05 14:30:00+00:00,4590.79
2025-11-05 15:00:00+00:00,4631.04
2025-11-05 15:30:00+00:00,4683.29
2025-11-05 16:00:00+00:00,4753.7
2025-11-05 16:30:00+00:00,4874.88
2025-11-05 17:00:00+00:00,5050.44
2025-11-05 17:30:00+00:00,5219.02
2025-11-05 18:00:00+00:00,5207.7
2025-11-05 18:30:00+00:00,5120.96
2025-11-05 19:00:00+00:00,5014.86
2025-11-05 19:30:00+00:00,4952.11
2025-11-05 20:00:00+00:00,4824.84
2025-11-05 20:30:00+00:00,4718.47
2025-11-05 21:00:00+00:00,4598.68
2025-11-05 21:30:00+00:00,4412.64
2025-11-05 22:00:00+00:00,4244.22
2025-11-05 22:30:00+00:00,4074.09
2025-11-05 23:00:00+00:00,3904.42
2025-11-05 23:30:00+00:00,3878.44
2025-11-06 00:00:00+00:00,3730.92
2025-11-06 00:30:00+00:00,3657.33
2025-11-06 01:00:00+00:00,3550.21
2025-11-06 01:30:00+00:00,3488.45
2025-11-06 02:00:00+00:00,3439.03
2025-11-06 02:30:00+00:00,3503.9
2025-11-06 03:00:00+00:00,3459.18
2025-11-06 03:30:00+00:00,3421.03
2025-11-06 04:00:00+00:00,3385.31
2025-11-06 04:30:00+00:00,3343.33
2025-11-06 05:00:00+00:00,3349.5
2025-11-06 05:30:00+00:00,3396.17
2025-11-06 06:00:00+00:00,3518.36
2025-11-06 06:30:00+00:00,3755.5
2025-11-06 07:00:00+00:00,4062.46
2025-11-06 07:30:00+00:00,4380.52
2025-11-06 08:00:00+00:00,4463.97
2025-11-06 08:30:00+00:00,4499.77
2025-11-06 09:00:00+00:00,4519.24
2025-11-06 09:30:00+00:00,4549.76
2025-11-06 10:00:00+00:00,4474.62
2025-11-06 10:30:00+00:00,4434.58
2025-11-06 11:00:00+00:00,4393.08
2025-11-06 11:30:00+00:00,4371.03
2025-11-06 12:00:00+00:00,4338.37
2025-11-06 12:30:00+00:00,4333.35
2025-11-06 13:00:00+00:00,4341.67
2025-11-06 13:30:00+00:00,4288.27
2025-11-06 14:00:00+00:00,4337.64
2025-11-06 14:30:00+00:00,4365.87
2025-11-06 15:00:00+00:00,4445.58
2025-11-06 15:30:00+00:00,4499.32
2025-11-06 16:00:00+00:00,4585.5
2025-11-06 16:30:00+00:00,4697.43
2025-11-06 17:00:00+00:00,4872.61
2025-11-06 17:30:00+00:00,5046.41
2025-11-06 18:00:00+00:00,5010.19
2025-11-06 18:30:00+00:00,4945.96
2025-11-06 19:00:00+00:00,4845.6
2025-11-06 19:30:00+00:00,4757.32
2025-11-06 20:00:00+00:00,4619.31
2025-11-06 20:30:00+00:00,4532.7
2025-11-06 21:00:00+00:00,4422.38
2025-11-06 21:30:00+00:00,4230.66
2025-11-06 22:00:00+00:00,4058.02
2025-11-06 22:30:00+00:00,3897.48
2025-11-06 23:00:00+00:00,3763.21
2025-11-06 23:30:00+00:00,3729.88
2025-11-07 00:00:00+00:00,3610.86
2025-11-07 00:30:00+00:00,3543.75
2025-11-07 01:00:00+00:00,3438.85
2025-11-07 01:30:00+00:00,3383.63
2025-11-07 02:00:00+00:00,3342.05
2025-11-07 02:30:00+00:00,3419.03
2025-11-07 03:00:00+00:00,3375.48
2025-11-07 03:30:00+00:00,3336.99
2025-11-07 04:00:00+00:00,3320.19
2025-11-07 04:30:00+00:00,3274.8
2025-11-07 05:00:00+00:00,3286.14
2025-11-07 05:30:00+00:00,3317.98
2025-11-07 07:00:00+00:00,3944.28
2025-11-07 07:30:00+00:00,4271.76
2025-11-07 08:00:00+00:00,4394.78
2025-11-07 08:30:00+00:00,4468.63
2025-11-07 09:00:00+00:00,4470.25
2025-11-07 09:30:00+00:00,4534.46
2025-11-07 10:00:00+00:00,4514.48
2025-11-07 10:30:00+00:00,4527.9
2025-11-07 11:00:00+00:00,4516.54
2025-11-07 11:30:00+00:00,4512.44
2025-11-07 12:00:00+00:00,4535.82
2025-11-07 12:30:00+00:00,4560.11
2025-11-07 13:00:00+00:00,4553.74
2025-11-07 13:30:00+00:00,4477.63
2025-11-07 14:00:00+00:00,4517.58
2025-11-07 14:30:00+00:00,4513.37
2025-11-07 15:00:00+00:00,4540.58
2025-11-07 15:30:00+00:00,4604.46
2025-11-07 16:00:00+00:00,4634.04
2025-11-07 16:30:00+00:00,4734.64
2025-11-07 17:00:00+00:00,4867.67
2025-11-07 17:30:00+00:00,5009.83
2025-11-07 18:00:00+00:00,5024.6
2025-11-07 18:30:00+00:00,4940.91
2025-11-07 19:00:00+00:00,4864.25
2025-11-07 19:30:00+00:00,4756.21
2025-11-07 20:00:00+00:00,4624.99
2025-11-07 20:30:00+00:00,4517.15
2025-11-07 21:00:00+00:00,4398.55
2025-11-07 21:30:00+00:00,4259.81
2025-11-07 22:00:00+00:00,4122.65
2025-11-07 22:30:00+00:00,3983.84
2025-11-07 23:00:00+00:00,3858.61
2025-11-07 23:30:00+00:00,3857.01
2025-11-08 00:00:00+00:00,3732.45
2025-11-08 00:30:00+00:00,3668.85
2025-11-08 01:00:00+00:00,3578.25
2025-11-08 01:30:00+00:00,3515.45
2025-11-08 02:00:00+00:00,3454.99
2025-11-08 02:30:00+00:00,3533.42
2025-11-08 03:00:00+00:00,3471.17
2025-11-08 03:30:00+00:00,3420.34
2025-11-08 04:00:00+00:00,3379.65
2025-11-08 04:30:00+00:00,3328.86
2025-11-08 05:00:00+00:00,3321.12
2025-11-08 05:30:00+00:00,3332.67
2025-11-08 06:00:00+00:00,3368.09
2025-11-08 06:30:00+00:00,3460.93
2025-11-08 07:00:00+00:00,3557.68
2025-11-08 07:30:00+00:00,3673.96
2025-11-08 08:00:00+00:00,3785.68
2025-11-08 08:30:00+00:00,3945.86
2025-11-08 09:00:00+00:00,4023.8
2025-11-08 09:30:00+00:00,4095.25
2025-11-08 10:00:00+00:00,4090.0
2025-11-08 10:30:00+00:00,4075.7
2025-11-08 11:00:00+00:00,4069.76
2025-11-08 11:30:00+00:00,4045.35
2025-11-08 12:00:00+00:00,4050.14
2025-11-08 12:30:00+00:00,4085.84
2025-11-08 13:00:00+00:00,4096.95
2025-11-08 13:30:00+00:00,4117.2
2025-11-08 14:00:00+00:00,4093.71
2025-11-08 14:30:00+00:00,4102.47
2025-11-08 15:00:00+00:00,4150.03
2025-11-08 15:30:00+00:00,4196.98
2025-11-08 16:00:00+00:00,4266.06
2025-11-08 16:30:00+00:00,4381.3
2025-11-08 17:00:00+00:00,4578.9
2025-11-08 17:30:00+00:00,4700.57
2025-11-08 18:00:00+00:00,4660.31
2025-11-08 18:30:00+00:00,4557.54
2025-11-08 19:00:00+00:00,4459.82
2025-11-08 19:30:00+00:00,4383.48
2025-11-08 20:00:00+00:00,4250.5
2025-11-08 20:30:00+00:00,4154.49
2025-11-08 21:00:00+00:00,4042.92
2025-11-08 21:30:00+00:00,3934.53
2025-11-08 22:00:00+00:00,3831.75
2025-11-08 22:30:00+00:00,3724.53
2025-11-08 23:00:00+00:00,3643.13
2025-11-08 23:30:00+00:00,3661.41
2025-11-09 00:00:00+00:00,3553.16
2025-11-09 00:30:00+00:00,3464.66
2025-11-09 01:00:00+00:00,3367.72
2025-11-09 01:30:00+00:00,3278.31
2025-11-09 02:00:00+00:00,3209.39
2025-11-09 02:30:00+00:00,3286.79
2025-11-09 03:00:00+00:00,3210.91
2025-11-09 03:30:00+00:00,3194.26
2025-11-09 04:00:00+00:00,3184.3
2025-11-09 04:30:00+00:00,3165.24
2025-11-09 05:00:00+00:00,3154.26
2025-11-09 05:30:00+00:00,3179.36
2025-11-09 06:00:00+00:00,3164.08
2025-11-09 06:30:00+00:00,3234.83
2025-11-09 07:00:00+00:00,3318.75
2025-11-09 07:30:00+00:00,3366.61
2025-11-09 08:00:00+00:00,3428.18
2025-11-09 08:30:00+00:00,3556.99
2025-11-09 09:00:00+00:00,3651.29
2025-11-09 09:30:00+00:00,3738.98
2025-11-09 10:00:00+00:00,3788.49
2025-11-09 10:30:00+00:00,3836.31
2025-11-09 11:00:00+00:00,3855.56
2025-11-09 11:30:00+00:00,3854.78
2025-11-09 12:00:00+00:00,3865.04
2025-11-09 12:30:00+00:00,3870.94
2025-11-09 13:00:00+00:00,3911.33
2025-11-09 13:30:00+00:00,3956.47
2025-11-09 14:00:00+00:00,3983.16
2025-11-09 14:30:00+00:00,4012.17
2025-11-09 15:00:00+00:00,4056.37
2025-11-09 15:30:00+00:00,4125.69
2025-11-09 16:00:00+00:00,4213.48
2025-11-09 16:30:00+00:00,4343.22
2025-11-09 17:00:00+00:00,4570.69
2025-11-09 17:30:00+00:00,4742.31
2025-11-09 18:00:00+00:00,4739.18
2025-11-09 18:30:00+00:00,4655.96
2025-11-09 19:00:00+00:00,4590.67
2025-11-09 19:30:00+00:00,4520.38
2025-11-09 20:00:00+00:00,4407.81
2025-11-09 20:30:00+00:00,4292.1
2025-11-09 22:00:00+00:00,3903.58
2025-11-09 22:30:00+00:00,3733.82
2025-11-09 23:00:00+00:00,3598.73
2025-11-09 23:30:00+00:00,3611.01
2025-11-10 00:00:00+00:00,3502.76
2025-11-10 00:30:00+00:00,3433.2
2025-11-10 01:00:00+00:00,3343.11
2025-11-10 01:30:00+00:00,3274.83
2025-11-10 02:00:00+00:00,3217.34
2025-11-10 02:30:00+00:00,3258.94
2025-11-10 03:00:00+00:00,3221.67
2025-11-10 03:30:00+00:00,3213.14
2025-11-10 04:00:00+00:00,3188.12
2025-11-10 04:30:00+00:00,3186.14
2025-11-10 05:00:00+00:00,3219.56
2025-11-10 05:30:00+00:00,3284.43
2025-11-10 06:00:00+00:00,3407.39
2025-11-10 06:30:00+00:00,3671.93
2025-11-10 07:00:00+00:00,3965.51
2025-11-10 07:30:00+00:00,4326.38
2025-11-10 08:00:00+00:00,4480.45
2025-11-10 08:30:00+00:00,4559.53
2025-11-10 10:00:00+00:00,4558.431
2025-11-10 10:30:00+00:00,4532.577
2025-11-10 11:00:00+00:00,4502.592
2025-11-10 11:30:00+00:00,4457.981
2025-11-10 12:00:00+00:00,4438.992
2025-11-10 12:30:00+00:00,4425.129
2025-11-10 13:00:00+00:00,4428.497
2025-11-10 13:30:00+00:00,4375.769
2025-11-10 14:00:00+00:00,4403.627
2025-11-10 14:30:00+00:00,4443.56
2025-11-10 15:00:00+00:00,4498.317
2025-11-10 15:30:00+00:00,4581.012
2025-11-10 16:00:00+00:00,4691.462
2025-11-10 16:30:00+00:00,4863.156
2025-11-10 17:00:00+00:00,5103.394
2025-11-10 17:30:00+00:00,5272.332
2025-11-10 18:00:00+00:00,5232.612
2025-11-10 18:30:00+00:00,5129.608
2025-11-10 19:00:00+00:00,5033.907
2025-11-10 19:30:00+00:00,4958.122
2025-11-19 10:00:00+00:00,4960.158
2025-11-19 10:30:00+00:00,4902.096
2025-11-19 11:00:00+00:00,4845.343
2025-11-19 11:30:00+00:00,4792.463
2025-11-19 12:00:00+00:00,4754.558
2025-11-19 12:30:00+00:00,4767.863
2025-11-19 13:00:00+00:00,4748.82
2025-11-19 13:30:00+00:00,4715.974
2025-11-19 14:00:00+00:00,4731.084
2025-11-19 14:30:00+00:00,4816.852
2025-11-19 15:00:00+00:00,4891.533
2025-11-19 15:30:00+00:00,4994.304
2025-11-19 17:00:00+00:00,5567.993
2025-11-19 17:30:00+00:00,5695.857
2025-11-19 18:00:00+00:00,5660.064
2025-11-19 18:30:00+00:00,5592.876
2025-11-19 19:00:00+00:00,5543.889
2025-11-19 19:30:00+00:00,5464.871
2025-11-19 20:00:00+00:00,5306.193
2025-11-19 20:30:00+00:00,5202.194
2025-11-19 21:00:00+00:00,5103.638
2025-11-19 21:30:00+00:00,4891.161
2025-11-19 22:00:00+00:00,4689.152
2025-11-19 22:30:00+00:00,4510.471
2025-11-19 23:00:00+00:00,4321.853
2025-11-19 23:30:00+00:00,4320.643
2025-11-20 00:00:00+00:00,4185.05
2025-11-20 00:30:00+00:00,4101.069
2025-11-20 01:00:00+00:00,3996.948
2025-11-20 01:30:00+00:00,3948.69
2025-11-20 02:00:00+00:00,3897.58
2025-11-20 02:30:00+00:00,3980.119
2025-11-20 03:00:00+00:00,3913.44
2025-11-20 03:30:00+00:00,3869.792
2025-11-20 06:00:00+00:00,3996.456
2025-11-20 06:30:00+00:00,4286.463
2025-11-20 08:00:00+00:00,5138.154
2025-11-20 08:30:00+00:00,5183.634
2025-11-20 09:00:00+00:00,5216.834
2025-11-20 09:30:00+00:00,5248.848
2025-11-20 10:00:00+00:00,5160.488
2025-11-20 10:30:00+00:00,5050.24
2025-11-20 11:00:00+00:00,5011.082
2025-11-20 11:30:00+00:00,4952.654
2025-11-20 12:00:00+00:00,4862.197
2025-11-20 12:30:00+00:00,4824.823
2025-11-20 13:00:00+00:00,4850.223
2025-11-20 13:30:00+00:00,4818.0
2025-11-20 14:00:00+00:00,4808.614
2025-11-20 14:30:00+00:00,4831.331
2025-11-20 15:00:00+00:00,4944.678
2025-11-20 15:30:00+00:00,5078.499
2025-11-20 16:00:00+00:00,5213.734
2025-11-20 16:30:00+00:00,5354.166
2025-11-20 17:00:00+00:00,5581.227
2025-11-20 17:30:00+00:00,5711.63
2025-11-20 18:00:00+00:00,5677.005
2025-11-20 18:30:00+00:00,5632.365
2025-11-20 19:00:00+00:00,5551.684
2025-11-20 19:30:00+00:00,5505.713
2025-11-20 20:00:00+00:00,5408.072
2025-11-20 20:30:00+00:00,5310.183
2025-11-20 21:00:00+00:00,5223.738
2025-11-20 21:30:00+00:00,5032.561
2025-11-20 22:00:00+00:00,4842.945
2025-11-20 22:30:00+00:00,4667.108
2025-11-20 23:00:00+00:00,4475.633
2025-11-20 23:30:00+00:00,4492.494
2025-11-21 00:00:00+00:00,4312.205
2025-11-21 00:30:00+00:00,4228.022
2025-11-21 01:00:00+00:00,4123.224
2025-11-21 01:30:00+00:00,4099.357
2025-11-21 02:00:00+00:00,4044.754
2025-11-21 02:30:00+00:00,4116.213
2025-11-21 03:00:00+00:00,4056.651
2025-11-21 03:30:00+00:00,4036.826
2025-11-21 04:00:00+00:00,3986.146
2025-11-21 04:30:00+00:00,3963.718
2025-11-21 05:00:00+00:00,3959.858
2025-11-21 05:30:00+00:00,4004.741
2025-11-21 06:00:00+00:00,4143.034
2025-11-21 06:30:00+00:00,4386.98
2025-11-21 07:00:00+00:00,4693.587
2025-11-21 07:30:00+00:00,5082.257
2025-11-21 08:00:00+00:00,5221.914
2025-11-21 08:30:00+00:00,5284.905
2025-11-21 09:00:00+00:00,5333.92
2025-11-21 09:30:00+00:00,5333.969
2025-11-21 10:00:00+00:00,5308.017
2025-11-21 10:30:00+00:00,5241.062
2025-11-21 11:00:00+00:00,5201.355
2025-11-21 11:30:00+00:00,5187.253
2025-11-21 12:00:00+00:00,5146.598
2025-11-21 12:30:00+00:00,5179.401
2025-11-21 13:00:00+00:00,5143.876
2025-11-21 13:30:00+00:00,5106.66
2025-11-21 14:00:00+00:00,5129.586
2025-11-21 14:30:00+00:00,5128.048
2025-11-21 15:00:00+00:00,5150.467
2025-11-21 15:30:00+00:00,5242.021
2025-11-21 16:00:00+00:00,5270.453
2025-11-21 16:30:00+00:00,5439.279
2025-11-21 17:00:00+00:00,5585.082
2025-11-21 17:30:00+00:00,5622.384
2025-11-21 18:00:00+00:00,5575.728
2025-11-21 18:30:00+00:00,5464.927
2025-11-21 19:00:00+00:00,5323.355
2025-11-21 19:30:00+00:00,5232.465
2025-11-21 20:00:00+00:00,5099.078
2025-11-21 20:30:00+00:00,4961.612
2025-11-21 21:00:00+00:00,4792.997
2025-11-21 21:30:00+00:00,4666.979
2025-11-21 22:00:00+00:00,4505.918
2025-11-21 22:30:00+00:00,4331.323
2025-11-21 23:00:00+00:00,4215.935
2025-11-21 23:30:00+00:00,4234.522
2025-11-22 00:00:00+00:00,4132.822
2025-11-22 00:30:00+00:00,4022.204
2025-11-22 01:00:00+00:00,3905.08
2025-11-22 01:30:00+00:00,3829.7
2025-11-22 02:00:00+00:00,3766.188
2025-11-22 02:30:00+00:00,3848.666
2025-11-22 03:00:00+00:00,3758.91
2025-11-22 03:30:00+00:00,3721.54
2025-11-22 04:00:00+00:00,3685.117
2025-11-22 04:30:00+00:00,3634.123
2025-11-22 05:00:00+00:00,3615.108
2025-11-22 05:30:00+00:00,3626.535
2025-11-22 06:00:00+00:00,3667.172
2025-11-22 06:30:00+00:00,3768.41
2025-11-22 07:00:00+00:00,3849.158
2025-11-22 07:30:00+00:00,4025.094
2025-11-22 08:00:00+00:00,4116.747
2025-11-22 08:30:00+00:00,4282.757
2025-11-22 09:00:00+00:00,4393.469
2025-11-22 09:30:00+00:00,4526.75
2025-11-22 10:00:00+00:00,4582.272
2025-11-22 10:30:00+00:00,4600.85
2025-11-22 11:00:00+00:00,4658.706
2025-11-22 11:30:00+00:00,4672.267
2025-11-22 12:00:00+00:00,4677.187
2025-11-22 12:30:00+00:00,4631.081
2025-11-22 13:00:00+00:00,4589.79
2025-11-22 13:30:00+00:00,4564.335
2025-11-22 14:00:00+00:00,4505.455
2025-11-22 14:30:00+00:00,4514.842
2025-11-22 15:00:00+00:00,4552.84
2025-11-22 15:30:00+00:00,4613.613
2025-11-22 16:00:00+00:00,4707.153
2025-11-22 16:30:00+00:00,4848.799
2025-11-22 17:00:00+00:00,5063.067
2025-11-22 17:30:00+00:00,5152.312
2025-11-22 18:00:00+00:00,5067.346
2025-11-22 18:30:00+00:00,4949.547
2025-11-22 19:00:00+00:00,4853.439
2025-11-22 19:30:00+00:00,4714.148
2025-11-22 20:00:00+00:00,4653.383
2025-11-22 20:30:00+00:00,4538.069
2025-11-22 21:00:00+00:00,4394.83
2025-11-22 21:30:00+00:00,4213.551
2025-11-22 22:00:00+00:00,4117.206
2025-11-22 22:30:00+00:00,4002.268
2025-11-22 23:00:00+00:00,3909.298
2025-11-22 23:30:00+00:00,3942.171
2025-11-23 00:00:00+00:00,3852.893
2025-11-23 00:30:00+00:00,3799.454
2025-11-23 01:00:00+00:00,3700.713
2025-11-23 01:30:00+00:00,3609.722
2025-11-23 02:00:00+00:00,3578.634
2025-11-23 02:30:00+00:00,3607.809
2025-11-23 03:00:00+00:00,3556.256
2025-11-23 03:30:00+00:00,3499.21
2025-11-23 04:00:00+00:00,3445.856
2025-11-23 04:30:00+00:00,3399.109
2025-11-23 05:00:00+00:00,3376.487
2025-11-23 05:30:00+00:00,3347.978
2025-11-23 06:00:00+00:00,3428.562
2025-11-23 06:30:00+00:00,3480.121
2025-11-23 07:00:00+00:00,3498.961
2025-11-23 07:30:00+00:00,3679.942
2025-11-23 08:00:00+00:00,3671.479
2025-11-23 08:30:00+00:00,3831.419
2025-11-23 09:00:00+00:00,3969.389
2025-11-23 09:30:00+00:00,4049.79
2025-11-23 10:00:00+00:00,4108.941
2025-11-23 10:30:00+00:00,4125.901
2025-11-23 11:00:00+00:00,4128.684
2025-11-23 11:30:00+00:00,4126.301
2025-11-23 12:00:00+00:00,4128.627
2025-11-23 12:30:00+00:00,4182.192
2025-11-23 13:00:00+00:00,4202.672
2025-11-23 13:30:00+00:00,4222.002
2025-11-23 14:00:00+00:00,4228.258
2025-11-23 14:30:00+00:00,4256.373
2025-11-23 15:00:00+00:00,4311.466
2025-11-23 15:30:00+00:00,4403.858
2025-11-23 16:00:00+00:00,4453.164
2025-11-23 16:30:00+00:00,4658.285
2025-11-23 17:00:00+00:00,4832.27
2025-11-23 17:30:00+00:00,4945.881
2025-11-23 18:00:00+00:00,4952.685
2025-11-23 18:30:00+00:00,4895.907
2025-11-23 19:00:00+00:00,4824.579
2025-11-23 19:30:00+00:00,4782.489
2025-11-23 20:00:00+00:00,4721.858
2025-11-23 20:30:00+00:00,4650.109
2025-11-23 21:00:00+00:00,4603.723
2025-11-23 21:30:00+00:00,4434.232
2025-11-23 22:00:00+00:00,4248.547
2025-11-23 22:30:00+00:00,4069.341
2025-11-23 23:00:00+00:00,3919.214
2025-11-23 23:30:00+00:00,3949.087
2025-11-24 00:00:00+00:00,3817.816
2025-11-24 00:30:00+00:00,3748.193
2025-11-24 01:00:00+00:00,3635.512
2025-11-24 01:30:00+00:00,3569.537
2025-11-24 02:00:00+00:00,3529.489
2025-11-24 02:30:00+00:00,3602.675
2025-11-24 03:00:00+00:00,3567.768
2025-11-24 03:30:00+00:00,3519.254
2025-11-24 04:00:00+00:00,3454.108
2025-11-24 04:30:00+00:00,3453.704
2025-11-24 05:00:00+00:00,3495.119
2025-11-24 05:30:00+00:00,3550.136
2025-11-24 06:00:00+00:00,3685.73
2025-11-24 06:30:00+00:00,3921.617
2025-11-24 07:00:00+00:00,4213.076
2025-11-24 07:30:00+00:00,4580.784
2025-11-24 08:00:00+00:00,4733.597
2025-11-24 08:30:00+00:00,4807.177
2025-11-24 10:00:00+00:00,4823.481
2025-11-24 10:30:00+00:00,4781.511
2025-11-24 11:00:00+00:00,4819.506
2025-11-24 11:30:00+00:00,4777.135
2025-11-24 12:00:00+00:00,4759.596
2025-11-24 12:30:00+00:00,4762.514
2025-11-24 13:00:00+00:00,4703.559
2025-11-24 13:30:00+00:00,4693.432
2025-11-24 14:00:00+00:00,4646.698
2025-11-24 14:30:00+00:00,4680.229
2025-11-24 15:00:00+00:00,4793.7
2025-11-24 15:30:00+00:00,4858.614
2025-11-24 16:00:00+00:00,4925.014
2025-11-24 16:30:00+00:00,5126.157
2025-11-24 17:00:00+00:00,5348.842
2025-11-24 17:30:00+00:00,5472.385
2025-11-24 18:00:00+00:00,5413.699
2025-11-24 18:30:00+00:00,5292.83
2025-11-24 19:00:00+00:00,5230.942
2025-11-24 19:30:00+00:00,5137.92
2025-11-24 20:00:00+00:00,5041.394
2025-11-24 20:30:00+00:00,4912.598
2025-11-24 21:00:00+00:00,4832.56
2025-11-24 21:30:00+00:00,4634.092
2025-11-24 22:00:00+00:00,4423.398
2025-11-24 22:30:00+00:00,4266.358
2025-11-24 23:00:00+00:00,4078.123
2025-11-24 23:30:00+00:00,4072.448
2025-11-25 00:00:00+00:00,3970.158
2025-11-25 00:30:00+00:00,3897.879
2025-11-25 01:00:00+00:00,3791.153
2025-11-25 01:30:00+00:00,3711.71
2025-11-25 02:00:00+00:00,3690.272
2025-11-25 02:30:00+00:00,3798.113
2025-11-25 03:00:00+00:00,3726.317
2025-11-25 03:30:00+00:00,3712.715
2025-11-25 04:00:00+00:00,3658.608
2025-11-25 04:30:00+00:00,3633.591
2025-11-25 05:00:00+00:00,3662.422
2025-11-25 05:30:00+00:00,3731.652
2025-11-25 06:00:00+00:00,3879.241
2025-11-25 06:30:00+00:00,4149.856
2025-11-25 07:00:00+00:00,4462.522
2025-11-25 07:30:00+00:00,4867.63
2025-11-25 08:00:00+00:00,5035.475
2025-11-25 08:30:00+00:00,5116.74
2025-11-25 09:00:00+00:00,5130.658
2025-11-25 09:30:00+00:00,5124.268
2025-11-25 10:00:00+00:00,5033.093
2025-11-25 10:30:00+00:00,4963.976
2025-11-25 11:00:00+00:00,4920.144
2025-11-25 11:30:00+00:00,4857.864
2025-11-25 12:00:00+00:00,4802.777
2025-11-25 12:30:00+00:00,4816.262
2025-11-25 13:00:00+00:00,4795.831
2025-11-25 13:30:00+00:00,4742.421
2025-11-25 14:00:00+00:00,4758.519
2025-11-25 14:30:00+00:00,4805.062
2025-11-25 15:00:00+00:00,4881.824
2025-11-25 15:30:00+00:00,5005.327
2025-11-25 16:00:00+00:00,5108.47
2025-11-25 16:30:00+00:00,5337.126
2025-11-25 17:00:00+00:00,5566.486
2025-11-25 17:30:00+00:00,5654.28
2025-11-25 18:00:00+00:00,5615.315
2025-11-25 18:30:00+00:00,5522.668
2025-11-25 19:00:00+00:00,5486.091
2025-11-25 19:30:00+00:00,5402.808
2025-11-25 20:00:00+00:00,5299.331
2025-11-25 20:30:00+00:00,5176.576
2025-11-25 21:00:00+00:00,5067.655
2025-11-25 21:30:00+00:00,4856.391
2025-11-25 22:00:00+00:00,4630.579
2025-11-25 22:30:00+00:00,4414.057
2025-11-25 23:00:00+00:00,4208.886
2025-11-25 23:30:00+00:00,4214.232
2025-11-26 00:00:00+00:00,4048.162
2025-11-26 00:30:00+00:00,3963.52
2025-11-26 01:00:00+00:00,3853.983
2025-11-26 01:30:00+00:00,3755.316
2025-11-26 02:00:00+00:00,3740.156
2025-11-26 02:30:00+00:00,3813.106
2025-11-26 03:00:00+00:00,3760.486
2025-11-26 03:30:00+00:00,3741.856
2025-11-26 04:00:00+00:00,3682.473
2025-11-26 04:30:00+00:00,3645.988
2025-11-26 05:00:00+00:00,3645.554
2025-11-26 05:30:00+00:00,3667.367
2025-11-26 06:00:00+00:00,3754.929
2025-11-26 06:30:00+00:00,4022.633
2025-11-26 07:00:00+00:00,4310.948
2025-11-26 07:30:00+00:00,4661.505
2025-11-26 08:00:00+00:00,4819.003
2025-11-26 08:30:00+00:00,4900.055
2025-11-26 09:00:00+00:00,4956.278
2025-11-26 09:30:00+00:00,5018.825
2025-11-26 10:00:00+00:00,5043.664
2025-11-26 10:30:00+00:00,5005.606
2025-11-26 11:00:00+00:00,5022.038
2025-11-26 11:30:00+00:00,4947.655
2025-11-26 12:00:00+00:00,4962.186
2025-11-26 12:30:00+00:00,4980.228
2025-11-26 13:00:00+00:00,4971.611
2025-11-26 13:30:00+00:00,4917.672
2025-11-26 14:00:00+00:00,4914.632
2025-11-26 14:30:00+00:00,4931.279
2025-11-26 15:00:00+00:00,4980.025
2025-11-26 15:30:00+00:00,5025.185
2025-11-26 16:00:00+00:00,5092.839
2025-11-26 16:30:00+00:00,5269.516
2025-11-26 17:00:00+00:00,5409.186
2025-11-26 17:30:00+00:00,5476.978
2025-11-26 18:00:00+00:00,5437.091
2025-11-26 18:30:00+00:00,5349.294
2025-11-26 19:00:00+00:00,5223.799
2025-11-26 19:30:00+00:00,5184.4
2025-11-26 20:00:00+00:00,5048.748
2025-11-26 20:30:00+00:00,4925.456
2025-11-26 21:00:00+00:00,4823.805
2025-11-26 21:30:00+00:00,4608.242
2025-11-26 22:00:00+00:00,4418.882
2025-11-26 22:30:00+00:00,4209.885
2025-11-26 23:00:00+00:00,4033.65
2025-11-26 23:30:00+00:00,4047.094
2025-11-27 00:00:00+00:00,3875.2
2025-11-27 00:30:00+00:00,3801.925
2025-11-27 01:00:00+00:00,3724.963
2025-11-27 01:30:00+00:00,3651.41
2025-11-27 02:00:00+00:00,3601.502
2025-11-27 02:30:00+00:00,3659.445
2025-11-27 03:00:00+00:00,3589.077
2025-11-27 03:30:00+00:00,3588.994
2025-11-27 04:00:00+00:00,3503.223
2025-11-27 04:30:00+00:00,3486.669
2025-11-27 05:00:00+00:00,3508.718
2025-11-27 05:30:00+00:00,3585.022
2025-11-27 06:00:00+00:00,3700.628
2025-11-27 06:30:00+00:00,3897.633
2025-11-27 07:00:00+00:00,4237.605
2025-11-27 07:30:00+00:00,4603.409
2025-11-27 08:00:00+00:00,4737.803
2025-11-27 08:30:00+00:00,4771.064
2025-11-27 09:00:00+00:00,4822.738
2025-11-27 09:30:00+00:00,4846.89
2025-11-27 10:00:00+00:00,4807.585
2025-11-27 10:30:00+00:00,4800.141
2025-11-27 11:00:00+00:00,4735.44
2025-11-27 11:30:00+00:00,4751.18
2025-11-27 12:00:00+00:00,4735.429
2025-11-27 12:30:00+00:00,4741.949
2025-11-27 13:00:00+00:00,4682.005
2025-11-27 13:30:00+00:00,4685.222
2025-11-27 14:00:00+00:00,4663.384
2025-11-27 14:30:00+00:00,4637.942
2025-11-27 15:00:00+00:00,4729.367
2025-11-27 15:30:00+00:00,4812.329
2025-11-27 16:00:00+00:00,4917.083
2025-11-27 16:30:00+00:00,5095.262
2025-11-27 17:00:00+00:00,5247.352
2025-11-27 17:30:00+00:00,5353.972
2025-11-27 18:00:00+00:00,5319.498
2025-11-27 18:30:00+00:00,5251.299
2025-11-27 19:00:00+00:00,5193.534
2025-11-27 19:30:00+00:00,5141.539
2025-11-27 20:00:00+00:00,5008.28
2025-11-27 20:30:00+00:00,4911.563
2025-11-27 21:00:00+00:00,4788.094
2025-11-27 21:30:00+00:00,4617.26
2025-11-27 22:00:00+00:00,4468.874
2025-11-27 22:30:00+00:00,4291.203
2025-11-27 23:00:00+00:00,4139.735
2025-11-27 23:30:00+00:00,4119.946
2025-11-28 00:00:00+00:00,3876.838
2025-11-28 00:30:00+00:00,3890.968
2025-11-28 01:00:00+00:00,3798.876
2025-11-28 01:30:00+00:00,3757.902
2025-11-28 02:00:00+00:00,3682.291
2025-11-28 02:30:00+00:00,3723.465
2025-11-28 03:00:00+00:00,3671.322
2025-11-28 03:30:00+00:00,3656.536
2025-11-28 04:00:00+00:00,3602.85
2025-11-28 04:30:00+00:00,3573.221
2025-11-28 05:00:00+00:00,3550.784
2025-11-28 05:30:00+00:00,3633.127
2025-11-28 06:00:00+00:00,3723.658
2025-11-28 06:30:00+00:00,3986.49
2025-11-28 07:00:00+00:00,4218.221
2025-11-28 07:30:00+00:00,4579.96
2025-11-28 08:00:00+00:00,4731.878
2025-11-28 08:30:00+00:00,4836.819
2025-11-28 09:00:00+00:00,4910.213
2025-11-28 09:30:00+00:00,5017.41
2025-11-28 10:00:00+00:00,4934.11
2025-11-28 10:30:00+00:00,4821.407
2025-11-28 11:00:00+00:00,4766.08
2025-11-28 11:30:00+00:00,4723.439
2025-11-28 12:00:00+00:00,4663.175
2025-11-28 12:30:00+00:00,4683.243
2025-11-28 13:00:00+00:00,4663.546
2025-11-28 13:30:00+00:00,4643.464
2025-11-28 14:00:00+00:00,4654.909
2025-11-28 14:30:00+00:00,4665.842
2025-11-28 15:00:00+00:00,4721.107
2025-11-28 15:30:00+00:00,4823.444
2025-11-28 16:00:00+00:00,4886.049
2025-11-28 16:30:00+00:00,5058.961
2025-11-28 17:00:00+00:00,5231.518
2025-11-28 17:30:00+00:00,5312.952
2025-11-28 18:00:00+00:00,5283.913
2025-11-28 18:30:00+00:00,5193.519
2025-11-28 19:00:00+00:00,5106.028
2025-11-28 19:30:00+00:00,5021.39
2025-11-28 20:00:00+00:00,4900.274
2025-11-28 20:30:00+00:00,4824.523
2025-11-28 21:00:00+00:00,4684.063
2025-11-28 21:30:00+00:00,4461.553
2025-11-28 22:00:00+00:00,4312.549
2025-11-28 22:30:00+00:00,4167.078
2025-11-28 23:00:00+00:00,4062.643
2025-11-28 23:30:00+00:00,4098.838
2025-11-29 00:00:00+00:00,3997.332
2025-11-29 00:30:00+00:00,3944.0
2025-11-29 01:00:00+00:00,3871.044
2025-11-29 01:30:00+00:00,3808.943
2025-11-29 02:00:00+00:00,3763.909
2025-11-29 02:30:00+00:00,3837.428
2025-11-29 03:00:00+00:00,3782.179
2025-11-29 03:30:00+00:00,3734.666
2025-11-29 04:00:00+00:00,3673.102
2025-11-29 04:30:00+00:00,3668.283
2025-11-29 05:00:00+00:00,3627.214
2025-11-29 05:30:00+00:00,3617.79
2025-11-29 06:00:00+00:00,3640.203
2025-11-29 06:30:00+00:00,3743.955
2025-11-29 07:00:00+00:00,3826.884
2025-11-29 07:30:00+00:00,3995.779
2025-11-29 08:00:00+00:00,4134.138
2025-11-29 08:30:00+00:00,4254.233
2025-11-29 09:00:00+00:00,4401.577
2025-11-29 09:30:00+00:00,4512.364
2025-11-29 10:00:00+00:00,4564.089
2025-11-29 10:30:00+00:00,4576.036
2025-11-29 11:00:00+00:00,4564.084
2025-11-29 11:30:00+00:00,4567.817
2025-11-29 12:00:00+00:00,4548.946
2025-11-29 12:30:00+00:00,4481.587
2025-11-29 13:00:00+00:00,4441.5
2025-11-29 13:30:00+00:00,4395.571
2025-11-29 14:00:00+00:00,4392.398
2025-11-29 14:30:00+00:00,4416.806
2025-11-29 15:00:00+00:00,4474.405
2025-11-29 15:30:00+00:00,4546.404
2025-11-29 16:00:00+00:00,4637.14
2025-11-29 16:30:00+00:00,4800.051
2025-11-29 17:00:00+00:00,5028.911
2025-11-29 17:30:00+00:00,5091.891
2025-11-29 18:00:00+00:00,5093.112
2025-11-29 18:30:00+00:00,5036.635
2025-11-29 19:00:00+00:00,4951.623
2025-11-29 19:30:00+00:00,4849.777
2025-11-29 20:00:00+00:00,4772.377
2025-11-29 20:30:00+00:00,4708.786
2025-11-29 21:00:00+00:00,4589.845
2025-11-29 21:30:00+00:00,4463.504
2025-11-29 22:00:00+00:00,4361.444
2025-11-29 22:30:00+00:00,4224.274
2025-11-29 23:00:00+00:00,4107.737
2025-11-29 23:30:00+00:00,4164.028
2025-11-30 00:00:00+00:00,4049.499
2025-11-30 00:30:00+00:00,3992.274
2025-11-30 01:00:00+00:00,3891.511
2025-11-30 01:30:00+00:00,3840.506
2025-11-30 02:00:00+00:00,3783.014
2025-11-30 02:30:00+00:00,3804.48
2025-11-30 03:00:00+00:00,3743.604
2025-11-30 03:30:00+00:00,3707.535
2025-11-30 04:00:00+00:00,3670.77
2025-11-30 04:30:00+00:00,3620.659
2025-11-30 05:00:00+00:00,3599.142
2025-11-30 05:30:00+00:00,3609.117
2025-11-30 06:00:00+00:00,3636.219
2025-11-30 06:30:00+00:00,3696.023
2025-11-30 07:00:00+00:00,3763.601
2025-11-30 07:30:00+00:00,3884.308
2025-11-30 08:00:00+00:00,3936.483
2025-11-30 08:30:00+00:00,4048.809
2025-11-30 09:00:00+00:00,4183.276
2025-11-30 09:30:00+00:00,4328.59
2025-11-30 10:00:00+00:00,4402.144
2025-11-30 10:30:00+00:00,4445.424
2025-11-30 11:00:00+00:00,4472.362
2025-11-30 11:30:00+00:00,4502.426
2025-11-30 12:00:00+00:00,4531.245
2025-11-30 12:30:00+00:00,4582.111
2025-11-30 13:00:00+00:00,4617.682
2025-11-30 13:30:00+00:00,4617.266
2025-11-30 14:00:00+00:00,4625.51
2025-11-30 14:30:00+00:00,4658.891
2025-11-30 15:00:00+00:00,4668.108
2025-11-30 15:30:00+00:00,4722.304
2025-11-30 16:00:00+00:00,4840.223
2025-11-30 16:30:00+00:00,5003.553
2025-11-30 17:00:00+00:00,5096.354
2025-11-30 17:30:00+00:00,5137.47
2025-11-30 18:00:00+00:00,5070.389
2025-11-30 18:30:00+00:00,5010.571
2025-11-30 19:00:00+00:00,4920.039
2025-11-30 19:30:00+00:00,4830.342
2025-11-30 20:00:00+00:00,4744.971
2025-11-30 20:30:00+00:00,4644.27
2025-11-30 21:00:00+00:00,4523.581
2025-11-30 21:30:00+00:00,4303.085
2025-11-30 22:00:00+00:00,4153.691
2025-11-30 22:30:00+00:00,3995.759
2025-11-30 23:00:00+00:00,3876.29
2025-11-30 23:30:00+00:00,3880.512
2025-12-01 00:00:00+00:00,3769.534
2025-12-01 00:30:00+00:00,3691.626
2025-12-01 01:00:00+00:00,3613.059
2025-12-01 01:30:00+00:00,3550.768
2025-12-01 02:00:00+00:00,3499.871
2025-12-01 02:30:00+00:00,3550.934
2025-12-01 03:00:00+00:00,3529.316
2025-12-01 03:30:00+00:00,3525.873
2025-12-01 04:00:00+00:00,3472.713
2025-12-01 04:30:00+00:00,3423.742
2025-12-01 05:00:00+00:00,3430.665
2025-12-01 05:30:00+00:00,3487.577
2025-12-01 06:00:00+00:00,3641.222
2025-12-01 06:30:00+00:00,3910.679
2025-12-01 07:00:00+00:00,4173.849
2025-12-01 07:30:00+00:00,4540.445
2025-12-01 08:00:00+00:00,4717.536
2025-12-01 08:30:00+00:00,4824.268
2025-12-01 09:00:00+00:00,4907.235
2025-12-01 09:30:00+00:00,4963.226
2025-12-01 11:00:00+00:00,4978.215
2025-12-01 11:30:00+00:00,4970.916
2025-12-01 13:00:00+00:00,5063.574
2025-12-01 13:30:00+00:00,5045.546
2025-12-01 14:00:00+00:00,5066.085
2025-12-01 14:30:00+00:00,5025.648
2025-12-01 15:00:00+00:00,5090.374
2025-12-01 15:30:00+00:00,5167.381
2025-12-01 16:00:00+00:00,5219.407
2025-12-01 16:30:00+00:00,5342.76
2025-12-01 17:00:00+00:00,5498.193
2025-12-01 17:30:00+00:00,5563.257
2025-12-01 18:00:00+00:00,5485.754
2025-12-01 18:30:00+00:00,5403.14
2025-12-01 19:00:00+00:00,5314.753
2025-12-01 19:30:00+00:00,5224.678
2025-12-01 20:00:00+00:00,5073.097
2025-12-01 20:30:00+00:00,4956.639
2025-12-01 21:00:00+00:00,4856.55
2025-12-01 21:30:00+00:00,4664.268
2025-12-01 22:00:00+00:00,4469.338
2025-12-01 22:30:00+00:00,4306.423
2025-12-01 23:00:00+00:00,4138.056
2025-12-01 23:30:00+00:00,4128.363
2025-12-02 01:00:00+00:00,3807.967
2025-12-02 01:30:00+00:00,3716.845
2025-12-02 02:00:00+00:00,3681.907
2025-12-02 02:30:00+00:00,3783.96
2025-12-02 04:00:00+00:00,3595.933
2025-12-02 04:30:00+00:00,3570.79
2025-12-02 05:00:00+00:00,3594.152
2025-12-02 05:30:00+00:00,3632.858
2025-12-02 06:00:00+00:00,3749.279
2025-12-02 06:30:00+00:00,3988.261
2025-12-02 07:00:00+00:00,4310.312
2025-12-02 07:30:00+00:00,4722.343
2025-12-02 08:00:00+00:00,4918.578
2025-12-02 08:30:00+00:00,4972.578
2025-12-02 09:00:00+00:00,5006.106
2025-12-02 09:30:00+00:00,4990.072
2025-12-02 10:00:00+00:00,4938.406
2025-12-02 10:30:00+00:00,4894.753
2025-12-02 11:00:00+00:00,4822.971
2025-12-02 11:30:00+00:00,4727.592
2025-12-02 12:00:00+00:00,4723.334
2025-12-02 12:30:00+00:00,4746.352
2025-12-02 13:00:00+00:00,4785.801
2025-12-02 13:30:00+00:00,4666.141
2025-12-02 14:00:00+00:00,4755.027
2025-12-02 14:30:00+00:00,4811.892
2025-12-02 15:00:00+00:00,4861.514
2025-12-02 15:30:00+00:00,4986.017
2025-12-02 16:00:00+00:00,5061.396
2025-12-02 16:30:00+00:00,5271.233
2025-12-02 17:00:00+00:00,5495.652
2025-12-02 17:30:00+00:00,5570.549
2025-12-02 18:00:00+00:00,5540.332
2025-12-02 18:30:00+00:00,5429.277
2025-12-02 19:00:00+00:00,5348.447
2025-12-02 19:30:00+00:00,5279.281
2025-12-02 20:00:00+00:00,5181.488
2025-12-02 20:30:00+00:00,5120.451
2025-12-02 21:00:00+00:00,5010.128
2025-12-02 21:30:00+00:00,4792.19
2025-12-02 22:00:00+00:00,4577.232
2025-12-02 22:30:00+00:00,4396.688
2025-12-02 23:00:00+00:00,4186.42
2025-12-02 23:30:00+00:00,4183.166
2025-12-03 00:00:00+00:00,4054.042
2025-12-03 00:30:00+00:00,3976.199
2025-12-03 01:00:00+00:00,3878.015
2025-12-03 01:30:00+00:00,3784.891
2025-12-03 02:00:00+00:00,3738.682
2025-12-03 02:30:00+00:00,3801.565
2025-12-03 03:00:00+00:00,3751.575
2025-12-03 03:30:00+00:00,3702.547
2025-12-03 04:00:00+00:00,3665.24
2025-12-03 04:30:00+00:00,3626.353
2025-12-03 05:00:00+00:00,3620.804
2025-12-03 05:30:00+00:00,3697.686
2025-12-03 07:00:00+00:00,4405.921
2025-12-03 07:30:00+00:00,4822.355
2025-12-03 08:00:00+00:00,4971.578
2025-12-03 08:30:00+00:00,5022.637
2025-12-03 09:00:00+00:00,5069.902
2025-12-03 09:30:00+00:00,5077.565
2025-12-03 10:00:00+00:00,5019.355
2025-12-03 10:30:00+00:00,4991.27
2025-12-03 11:00:00+00:00,4965.783
2025-12-03 11:30:00+00:00,4918.252
2025-12-03 12:00:00+00:00,4864.638
2025-12-03 12:30:00+00:00,4893.711
2025-12-03 16:00:00+00:00,5190.809
2025-12-03 16:30:00+00:00,5400.982
2025-12-03 17:00:00+00:00,5536.67
2025-12-03 17:30:00+00:00,5509.842
2025-12-03 18:00:00+00:00,5462.55
2025-12-03 18:30:00+00:00,5442.851
2025-12-03 19:00:00+00:00,5297.418
2025-12-03 19:30:00+00:00,5240.485
2025-12-03 20:00:00+00:00,5123.224
2025-12-03 20:30:00+00:00,5005.292
2025-12-03 21:00:00+00:00,4854.812
2025-12-03 21:30:00+00:00,4687.869
2025-12-03 22:00:00+00:00,4487.4
2025-12-03 22:30:00+00:00,4303.693
2025-12-03 23:00:00+00:00,4102.342
2025-12-03 23:30:00+00:00,4122.497
2025-12-04 00:00:00+00:00,4021.618
2025-12-04 00:30:00+00:00,3958.223
2025-12-04 01:00:00+00:00,3865.6
2025-12-04 01:30:00+00:00,3771.532
2025-12-04 02:00:00+00:00,3758.747
2025-12-04 02:30:00+00:00,3824.315
2025-12-04 03:00:00+00:00,3744.631
2025-12-04 03:30:00+00:00,3722.95
2025-12-04 04:00:00+00:00,3682.304
2025-12-04 04:30:00+00:00,3633.458
2025-12-04 05:00:00+00:00,3630.671
2025-12-04 05:30:00+00:00,3711.501
2025-12-04 06:00:00+00:00,3865.997
2025-12-04 06:30:00+00:00,4099.72
2025-12-04 07:00:00+00:00,4411.441
2025-12-04 07:30:00+00:00,4792.336
2025-12-04 08:00:00+00:00,4954.359
2025-12-04 08:30:00+00:00,4995.641
2025-12-04 12:00:00+00:00,4743.629
2025-12-04 12:30:00+00:00,4745.976
2025-12-04 13:00:00+00:00,4754.616
2025-12-04 13:30:00+00:00,4717.978
2025-12-04 14:00:00+00:00,4730.282
2025-12-04 14:30:00+00:00,4778.409
2025-12-04 15:00:00+00:00,4865.993
2025-12-04 15:30:00+00:00,4992.065
2025-12-04 16:00:00+00:00,5091.673
2025-12-04 16:30:00+00:00,5332.037
2025-12-04 17:00:00+00:00,5476.484
2025-12-04 17:30:00+00:00,5498.802
2025-12-04 18:00:00+00:00,5430.536
2025-12-04 18:30:00+00:00,5381.134
2025-12-04 19:00:00+00:00,5312.292
2025-12-04 19:30:00+00:00,5267.812
2025-12-04 20:00:00+00:00,5168.849
2025-12-04 20:30:00+00:00,5078.205
2025-12-04 21:00:00+00:00,4935.926
2025-12-04 21:30:00+00:00,4709.338
2025-12-04 22:00:00+00:00,4540.789
2025-12-04 22:30:00+00:00,4322.923
2025-12-04 23:00:00+00:00,4125.578
2025-12-04 23:30:00+00:00,4140.581
2025-12-05 00:00:00+00:00,3990.863
2025-12-05 00:30:00+00:00,3914.532
2025-12-05 01:00:00+00:00,3798.94
2025-12-05 01:30:00+00:00,3765.878
2025-12-05 02:00:00+00:00,3691.899
2025-12-05 02:30:00+00:00,3757.279
2025-12-05 03:00:00+00:00,3714.31
2025-12-05 03:30:00+00:00,3666.985
2025-12-05 04:00:00+00:00,3642.56
2025-12-05 04:30:00+00:00,3602.508
2025-12-05 05:00:00+00:00,3586.418
2025-12-05 05:30:00+00:00,3631.873
2025-12-05 06:00:00+00:00,3795.266
2025-12-05 06:30:00+00:00,4024.076
2025-12-05 07:00:00+00:00,4319.81
2025-12-05 07:30:00+00:00,4622.589
2025-12-05 08:00:00+00:00,4783.07
2025-12-05 08:30:00+00:00,4925.219
2025-12-05 09:00:00+00:00,4977.088
2025-12-05 09:30:00+00:00,5092.688
2025-12-05 10:00:00+00:00,5124.394
2025-12-05 10:30:00+00:00,5096.339
2025-12-05 11:00:00+00:00,5089.192
2025-12-05 11:30:00+00:00,5105.385
2025-12-05 12:00:00+00:00,5117.768
2025-12-05 12:30:00+00:00,5154.364
2025-12-05 13:00:00+00:00,5138.484
2025-12-05 13:30:00+00:00,5089.473
2025-12-05 14:00:00+00:00,5065.188
2025-12-05 14:30:00+00:00,5048.182
2025-12-05 15:00:00+00:00,5057.716
2025-12-05 15:30:00+00:00,5153.797
2025-12-05 16:00:00+00:00,5108.71
2025-12-05 16:30:00+00:00,5229.302
2025-12-05 17:00:00+00:00,5302.649
2025-12-05 17:30:00+00:00,5351.988
2025-12-05 18:00:00+00:00,5327.604
2025-12-05 18:30:00+00:00,5218.767
2025-12-05 19:00:00+00:00,5099.201
2025-12-05 19:30:00+00:00,4974.226
2025-12-05 20:00:00+00:00,4851.663
2025-12-05 20:30:00+00:00,4738.454
2025-12-05 21:00:00+00:00,4633.518
2025-12-05 21:30:00+00:00,4490.75
2025-12-05 22:00:00+00:00,4260.669
2025-12-05 22:30:00+00:00,4141.638
2025-12-05 23:00:00+00:00,4041.863
2025-12-05 23:30:00+00:00,4076.958
2025-12-06 00:00:00+00:00,4028.376
2025-12-06 00:30:00+00:00,3955.242
2025-12-06 01:00:00+00:00,3858.395
2025-12-06 01:30:00+00:00,3778.15
2025-12-06 02:00:00+00:00,3709.212
2025-12-06 02:30:00+00:00,3774.721
2025-12-06 03:00:00+00:00,3686.56
2025-12-06 03:30:00+00:00,3613.934
2025-12-06 04:00:00+00:00,3571.226
2025-12-06 04:30:00+00:00,3520.728
2025-12-06 05:00:00+00:00,3510.508
2025-12-06 05:30:00+00:00,3522.86
2025-12-06 06:00:00+00:00,3597.639
2025-12-06 06:30:00+00:00,3685.883
2025-12-06 07:00:00+00:00,3783.766
2025-12-06 07:30:00+00:00,3949.501
2025-12-06 08:00:00+00:00,4027.398
2025-12-06 08:30:00+00:00,4152.171
2025-12-06 09:00:00+00:00,4266.075
2025-12-06 09:30:00+00:00,4394.379
2025-12-06 10:00:00+00:00,4494.485
2025-12-06 10:30:00+00:00,4533.557
2025-12-06 11:00:00+00:00,4526.282
2025-12-06 11:30:00+00:00,4543.73
2025-12-06 12:00:00+00:00,4497.436
2025-12-06 12:30:00+00:00,4531.769
2025-12-06 13:00:00+00:00,4495.123
2025-12-06 13:30:00+00:00,4536.902
2025-12-06 14:00:00+00:00,4488.227
2025-12-06 14:30:00+00:00,4486.684
2025-12-06 15:00:00+00:00,4474.947
2025-12-06 15:30:00+00:00,4490.266
2025-12-06 16:00:00+00:00,4565.861
2025-12-06 16:30:00+00:00,4749.376
2025-12-06 17:00:00+00:00,4832.476
2025-12-06 17:30:00+00:00,4897.093
2025-12-06 18:00:00+00:00,4832.622
2025-12-06 18:30:00+00:00,4784.298
2025-12-06 19:00:00+00:00,4709.132
2025-12-06 19:30:00+00:00,4606.947
2025-12-06 20:00:00+00:00,4558.143
2025-12-06 20:30:00+00:00,4471.423
2025-12-06 21:00:00+00:00,4398.812
2025-12-06 21:30:00+00:00,4242.987
2025-12-06 22:00:00+00:00,4132.25
2025-12-06 22:30:00+00:00,4025.88
2025-12-06 23:00:00+00:00,3938.303
2025-12-06 23:30:00+00:00,3957.154
2025-12-07 01:00:00+00:00,3684.973
2025-12-07 01:30:00+00:00,3603.937
2025-12-07 02:00:00+00:00,3520.314
2025-12-07 02:30:00+00:00,3588.142
2025-12-07 03:00:00+00:00,3513.294
2025-12-07 03:30:00+00:00,3489.259
2025-12-07 04:00:00+00:00,3416.855
2025-12-07 04:30:00+00:00,3358.811
2025-12-07 05:00:00+00:00,3323.259
2025-12-07 05:30:00+00:00,3335.503
2025-12-07 06:00:00+00:00,3360.274
2025-12-07 06:30:00+00:00,3413.957
2025-12-07 07:00:00+00:00,3459.69
2025-12-07 07:30:00+00:00,3590.025
2025-12-07 08:00:00+00:00,3669.81
2025-12-07 08:30:00+00:00,3777.95
2025-12-07 09:00:00+00:00,3881.887
2025-12-07 09:30:00+00:00,4073.018
2025-12-07 10:00:00+00:00,4182.97
2025-12-07 10:30:00+00:00,4305.04
2025-12-07 11:00:00+00:00,4385.695
2025-12-07 11:30:00+00:00,4437.348
2025-12-07 12:00:00+00:00,4415.662
2025-12-07 12:30:00+00:00,4466.968
2025-12-07 13:00:00+00:00,4451.817
2025-12-07 13:30:00+00:00,4406.939
2025-12-07 15:00:00+00:00,4350.843
2025-12-07 15:30:00+00:00,4407.706
2025-12-07 16:00:00+00:00,4446.3
2025-12-07 16:30:00+00:00,4641.354
2025-12-07 17:00:00+00:00,4804.963
2025-12-07 17:30:00+00:00,4878.109
2025-12-07 18:00:00+00:00,4866.381
2025-12-07 18:30:00+00:00,4789.581
2025-12-07 19:00:00+00:00,4727.383
2025-12-07 19:30:00+00:00,4688.767
2025-12-07 20:00:00+00:00,4611.419
2025-12-07 20:30:00+00:00,4546.74
2025-12-07 21:00:00+00:00,4466.82
2025-12-07 21:30:00+00:00,4295.041
2025-12-07 22:00:00+00:00,4142.078
2025-12-07 22:30:00+00:00,3969.507
2025-12-07 23:00:00+00:00,3795.702
2025-12-07 23:30:00+00:00,3827.059
2025-12-08 00:00:00+00:00,3724.164
2025-12-08 00:30:00+00:00,3653.784
2025-12-08 01:00:00+00:00,3556.803
2025-12-08 01:30:00+00:00,3473.151
2025-12-08 02:00:00+00:00,3439.012
2025-12-08 02:30:00+00:00,3507.834
2025-12-08 03:00:00+00:00,3423.624
2025-12-08 03:30:00+00:00,3398.877
2025-12-08 04:00:00+00:00,3381.792
2025-12-08 04:30:00+00:00,3356.896
2025-12-08 05:00:00+00:00,3383.763
2025-12-08 05:30:00+00:00,3449.938
2025-12-08 06:00:00+00:00,3592.706
2025-12-08 06:30:00+00:00,3835.336
2025-12-08 07:00:00+00:00,4111.541
2025-12-08 07:30:00+00:00,4451.909
2025-12-08 08:00:00+00:00,4635.9
2025-12-08 08:30:00+00:00,4735.472
2025-12-08 09:00:00+00:00,4774.434
2025-12-08 09:30:00+00:00,4816.938
2025-12-08 10:00:00+00:00,4755.958
2025-12-08 10:30:00+00:00,4751.44
2025-12-08 11:00:00+00:00,4727.21
2025-12-08 11:30:00+00:00,4730.276
2025-12-08 12:00:00+00:00,4725.954
2025-12-08 12:30:00+00:00,4781.967
2025-12-08 13:00:00+00:00,4794.91
2025-12-08 13:30:00+00:00,4760.991
2025-12-08 14:00:00+00:00,4777.315
2025-12-08 14:30:00+00:00,4820.77
2025-12-08 15:00:00+00:00,4843.699
2025-12-08 15:30:00+00:00,4937.197
2025-12-08 16:00:00+00:00,5021.665
2025-12-08 16:30:00+00:00,5230.489
2025-12-08 17:00:00+00:00,5379.583
2025-12-08 17:30:00+00:00,5416.266
2025-12-08 18:00:00+00:00,5344.684
2025-12-08 18:30:00+00:00,5253.816
2025-12-08 19:00:00+00:00,5155.992
2025-12-08 19:30:00+00:00,5089.396
2025-12-08 20:00:00+00:00,4980.606
2025-12-08 20:30:00+00:00,4862.658
2025-12-08 21:00:00+00:00,4758.414
2025-12-08 21:30:00+00:00,4594.915
2025-12-08 22:00:00+00:00,4405.961
2025-12-08 22:30:00+00:00,4191.601
2025-12-08 23:00:00+00:00,4018.274
2025-12-08 23:30:00+00:00,4049.956
2025-12-09 00:00:00+00:00,3891.41
2025-12-09 00:30:00+00:00,3803.935
2025-12-09 01:00:00+00:00,3717.805
2025-12-09 01:30:00+00:00,3629.366
2025-12-09 02:00:00+00:00,3649.786
2025-12-09 02:30:00+00:00,3698.065
2025-12-09 03:00:00+00:00,3639.857
2025-12-09 03:30:00+00:00,3611.644
2025-12-09 04:00:00+00:00,3542.343
2025-12-09 04:30:00+00:00,3505.901
2025-12-09 05:00:00+00:00,3508.762
2025-12-09 05:30:00+00:00,3556.121
2025-12-09 06:00:00+00:00,3697.649
2025-12-09 06:30:00+00:00,3928.818
2025-12-09 07:00:00+00:00,4196.453
2025-12-09 07:30:00+00:00,4526.274
2025-12-09 08:00:00+00:00,4676.548
2025-12-09 08:30:00+00:00,4724.891
2025-12-09 09:00:00+00:00,4812.749
2025-12-09 09:30:00+00:00,4906.406
2025-12-09 10:00:00+00:00,4880.673
2025-12-09 10:30:00+00:00,4898.373
2025-12-09 11:00:00+00:00,4905.5
2025-12-09 11:30:00+00:00,4906.192
2025-12-09 12:00:00+00:00,4878.381
2025-12-09 12:30:00+00:00,4890.006
2025-12-09 13:00:00+00:00,4874.149
2025-12-09 13:30:00+00:00,4848.546
2025-12-09 14:00:00+00:00,4843.69
2025-12-09 14:30:00+00:00,4868.2
2025-12-09 15:00:00+00:00,4914.876
2025-12-09 15:30:00+00:00,4997.646
2025-12-09 16:00:00+00:00,5098.261
2025-12-09 16:30:00+00:00,5287.676
2025-12-09 17:00:00+00:00,5406.753
2025-12-09 17:30:00+00:00,5490.418
2025-12-09 18:00:00+00:00,5403.977
2025-12-09 18:30:00+00:00,5325.079
2025-12-09 19:00:00+00:00,5240.486
2025-12-09 19:30:00+00:00,5155.02
2025-12-09 20:00:00+00:00,5035.947
2025-12-09 20:30:00+00:00,4879.693
2025-12-09 21:00:00+00:00,4799.018
2025-12-09 21:30:00+00:00,4599.338
2025-12-09 22:00:00+00:00,4414.179
2025-12-09 22:30:00+00:00,4226.659
2025-12-09 23:00:00+00:00,4079.152
2025-12-09 23:30:00+00:00,4075.767
2025-12-10 00:00:00+00:00,3880.696
2025-12-10 00:30:00+00:00,3809.825
2025-12-10 01:00:00+00:00,3707.914
2025-12-10 01:30:00+00:00,3631.169
2025-12-10 02:00:00+00:00,3600.351
2025-12-10 02:30:00+00:00,3652.684
2025-12-10 03:00:00+00:00,3608.67
2025-12-10 03:30:00+00:00,3570.663
2025-12-10 04:00:00+00:00,3530.605
2025-12-10 04:30:00+00:00,3508.139
2025-12-10 05:00:00+00:00,3510.141
2025-12-10 05:30:00+00:00,3558.018
2025-12-10 06:00:00+00:00,3688.319
2025-12-10 06:30:00+00:00,3946.195
2025-12-10 07:00:00+00:00,4227.246
2025-12-10 07:30:00+00:00,4587.138
2025-12-10 08:00:00+00:00,4742.045
2025-12-10 08:30:00+00:00,4771.015
2025-12-10 09:00:00+00:00,4821.447
2025-12-10 09:30:00+00:00,4836.547
2025-12-10 10:00:00+00:00,4807.242
2025-12-10 10:30:00+00:00,4788.652
2025-12-10 11:00:00+00:00,4767.435
2025-12-10 11:30:00+00:00,4692.573
2025-12-10 12:00:00+00:00,4677.688
2025-12-10 12:30:00+00:00,4699.081
2025-12-10 13:00:00+00:00,4709.116
2025-12-10 13:30:00+00:00,4692.321
2025-12-10 14:00:00+00:00,4727.812
2025-12-10 14:30:00+00:00,4748.703
2025-12-10 15:00:00+00:00,4826.69
2025-12-10 15:30:00+00:00,4867.401
2025-12-10 16:00:00+00:00,4976.292
2025-12-10 16:30:00+00:00,5116.922
2025-12-10 17:00:00+00:00,5318.431
2025-12-10 17:30:00+00:00,5368.866
2025-12-10 18:00:00+00:00,5370.098
2025-12-10 18:30:00+00:00,5306.32
2025-12-10 19:00:00+00:00,5195.122
2025-12-10 19:30:00+00:00,5110.674
2025-12-10 20:00:00+00:00,5002.759
2025-12-10 20:30:00+00:00,4951.924
2025-12-10 21:00:00+00:00,4860.388
2025-12-10 21:30:00+00:00,4678.404
2025-12-10 22:00:00+00:00,4489.246
2025-12-10 22:30:00+00:00,4310.817
2025-12-10 23:00:00+00:00,4163.882
2025-12-10 23:30:00+00:00,4161.011
2025-12-11 00:00:00+00:00,4033.591
2025-12-11 00:30:00+00:00,3973.624
2025-12-11 01:00:00+00:00,3833.947
2025-12-11 01:30:00+00:00,3749.94
2025-12-11 02:00:00+00:00,3718.805
2025-12-11 02:30:00+00:00,3792.43
2025-12-11 03:00:00+00:00,3721.188
2025-12-11 03:30:00+00:00,3679.347
2025-12-11 04:00:00+00:00,3631.595
2025-12-11 04:30:00+00:00,3576.768
2025-12-11 05:00:00+00:00,3589.954
2025-12-11 05:30:00+00:00,3648.748
2025-12-11 06:00:00+00:00,3770.176
2025-12-11 06:30:00+00:00,4006.22
2025-12-11 07:00:00+00:00,4292.013
2025-12-11 07:30:00+00:00,4623.25
2025-12-11 08:00:00+00:00,4769.016
2025-12-11 08:30:00+00:00,4802.178
2025-12-11 09:00:00+00:00,4834.139
2025-12-11 09:30:00+00:00,4891.459
2025-12-11 10:00:00+00:00,4899.027
2025-12-11 10:30:00+00:00,4952.7
2025-12-11 11:00:00+00:00,4890.818
2025-12-11 11:30:00+00:00,4875.777
2025-12-11 12:00:00+00:00,4868.54
2025-12-11 12:30:00+00:00,4993.128
2025-12-11 15:00:00+00:00,5038.107
2025-12-11 15:30:00+00:00,5121.258
2025-12-11 16:00:00+00:00,5183.085
2025-12-11 16:30:00+00:00,5354.909
2025-12-11 17:00:00+00:00,5418.007
2025-12-11 17:30:00+00:00,5452.199
2025-12-11 18:00:00+00:00,5429.277
2025-12-11 18:30:00+00:00,5345.829
2025-12-11 19:00:00+00:00,5250.697
2025-12-11 19:30:00+00:00,5154.916
2025-12-11 20:00:00+00:00,5063.73
2025-12-11 20:30:00+00:00,4966.483
2025-12-11 21:00:00+00:00,4845.989
2025-12-11 21:30:00+00:00,4674.756
2025-12-11 22:00:00+00:00,4507.873
2025-12-11 22:30:00+00:00,4314.648
2025-12-11 23:00:00+00:00,4156.513
2025-12-11 23:30:00+00:00,4156.558
2025-12-12 00:00:00+00:00,4017.918
2025-12-12 00:30:00+00:00,3950.637
2025-12-12 01:00:00+00:00,3854.32
2025-12-12 01:30:00+00:00,3812.488
2025-12-12 02:00:00+00:00,3740.962
2025-12-12 02:30:00+00:00,3811.785
2025-12-12 03:00:00+00:00,3748.632
2025-12-12 03:30:00+00:00,3726.975
2025-12-12 04:00:00+00:00,3686.625
2025-12-12 04:30:00+00:00,3632.738
2025-12-12 05:00:00+00:00,3617.227
2025-12-12 05:30:00+00:00,3663.896
2025-12-12 06:00:00+00:00,3772.966
2025-12-12 06:30:00+00:00,4043.257
2025-12-12 07:00:00+00:00,4304.662
2025-12-12 07:30:00+00:00,4677.991
2025-12-12 08:00:00+00:00,4802.333
2025-12-12 08:30:00+00:00,4892.149
2025-12-12 09:00:00+00:00,4962.091
2025-12-12 09:30:00+00:00,4958.155
2025-12-12 10:00:00+00:00,4917.842
2025-12-12 10:30:00+00:00,4841.402
2025-12-12 11:00:00+00:00,4805.326
2025-12-12 11:30:00+00:00,4736.101
2025-12-12 12:00:00+00:00,4722.641
2025-12-12 12:30:00+00:00,4676.636
2025-12-12 13:00:00+00:00,4663.44
2025-12-12 13:30:00+00:00,4660.207
2025-12-12 14:00:00+00:00,4651.811
2025-12-12 14:30:00+00:00,4707.837
2025-12-12 15:00:00+00:00,4753.318
2025-12-12 15:30:00+00:00,4857.628
2025-12-12 16:00:00+00:00,4933.161
2025-12-12 16:30:00+00:00,5107.106
2025-12-12 17:00:00+00:00,5232.54
2025-12-12 17:30:00+00:00,5307.4
2025-12-12 18:00:00+00:00,5264.836
2025-12-12 18:30:00+00:00,5219.127
2025-12-12 19:00:00+00:00,5099.647
2025-12-12 19:30:00+00:00,5053.504
2025-12-12 20:00:00+00:00,4947.683
2025-12-12 20:30:00+00:00,4853.279
2025-12-12 21:00:00+00:00,4760.347
2025-12-12 21:30:00+00:00,4617.093
2025-12-12 22:00:00+00:00,4460.451
2025-12-12 22:30:00+00:00,4292.799
2025-12-12 23:00:00+00:00,4209.312
2025-12-12 23:30:00+00:00,4231.551
2025-12-13 00:00:00+00:00,4081.399
2025-12-13 00:30:00+00:00,4005.953
2025-12-13 01:00:00+00:00,3870.411
2025-12-13 01:30:00+00:00,3800.414
2025-12-13 02:00:00+00:00,3733.807
2025-12-13 02:30:00+00:00,3782.647
2025-12-13 03:00:00+00:00,3721.007
2025-12-13 03:30:00+00:00,3670.894
2025-12-13 04:00:00+00:00,3618.186
2025-12-13 04:30:00+00:00,3574.238
2025-12-13 05:00:00+00:00,3534.991
2025-12-13 05:30:00+00:00,3547.631
2025-12-13 06:00:00+00:00,3590.07
2025-12-13 06:30:00+00:00,3746.286
2025-12-13 07:00:00+00:00,3841.484
2025-12-13 07:30:00+00:00,3983.18
2025-12-13 08:00:00+00:00,4108.813
2025-12-13 08:30:00+00:00,4195.177
2025-12-13 09:00:00+00:00,4344.959
2025-12-13 09:30:00+00:00,4443.598
2025-12-13 10:00:00+00:00,4519.691
2025-12-13 10:30:00+00:00,4565.03
2025-12-13 11:00:00+00:00,4599.845
2025-12-13 11:30:00+00:00,4643.55
2025-12-13 12:00:00+00:00,4682.282
2025-12-13 12:30:00+00:00,4713.918
2025-12-13 13:00:00+00:00,4728.454
2025-12-13 13:30:00+00:00,4711.608
2025-12-13 14:00:00+00:00,4687.68
2025-12-13 14:30:00+00:00,4684.918
2025-12-13 15:00:00+00:00,4695.58
2025-12-13 15:30:00+00:00,4715.938
2025-12-13 16:00:00+00:00,4776.106
2025-12-13 16:30:00+00:00,4924.508
2025-12-13 17:00:00+00:00,5044.671
2025-12-13 17:30:00+00:00,5083.803
2025-12-13 18:00:00+00:00,5040.29
2025-12-13 18:30:00+00:00,4958.311
2025-12-13 19:00:00+00:00,4872.146
2025-12-13 19:30:00+00:00,4760.749
2025-12-13 20:00:00+00:00,4642.272
2025-12-13 20:30:00+00:00,4547.969
2025-12-13 21:00:00+00:00,4454.053
2025-12-13 21:30:00+00:00,4335.721
2025-12-13 22:00:00+00:00,4213.192
2025-12-13 22:30:00+00:00,4075.725
2025-12-13 23:00:00+00:00,3963.365
2025-12-13 23:30:00+00:00,4014.152
2025-12-14 00:00:00+00:00,3917.768
2025-12-14 00:30:00+00:00,3836.878
2025-12-14 01:00:00+00:00,3754.396
2025-12-14 01:30:00+00:00,3651.488
2025-12-14 02:00:00+00:00,3597.215
2025-12-14 02:30:00+00:00,3641.834
2025-12-14 03:00:00+00:00,3572.521
2025-12-14 03:30:00+00:00,3520.266
2025-12-14 04:00:00+00:00,3461.484
2025-12-14 04:30:00+00:00,3409.406
2025-12-14 05:00:00+00:00,3383.809
2025-12-14 05:30:00+00:00,3351.685
2025-12-14 06:00:00+00:00,3351.488
2025-12-14 06:30:00+00:00,3404.404
2025-12-14 07:00:00+00:00,3478.862
2025-12-14 07:30:00+00:00,3588.611
2025-12-14 08:00:00+00:00,3635.938
2025-12-14 08:30:00+00:00,3757.133
2025-12-14 09:00:00+00:00,3889.237
2025-12-14 09:30:00+00:00,4032.216
2025-12-14 10:00:00+00:00,4170.665
2025-12-14 10:30:00+00:00,4273.63
2025-12-14 11:00:00+00:00,4330.48
2025-12-14 11:30:00+00:00,4399.793
2025-12-14 12:00:00+00:00,4432.466
2025-12-14 12:30:00+00:00,4497.85
2025-12-14 13:00:00+00:00,4499.31
2025-12-14 13:30:00+00:00,4516.047
2025-12-14 14:00:00+00:00,4516.335
2025-12-14 14:30:00+00:00,4487.712
2025-12-14 15:00:00+00:00,4482.287
2025-12-14 15:30:00+00:00,4534.64
2025-12-14 16:00:00+00:00,4615.694
2025-12-14 16:30:00+00:00,4774.779
2025-12-14 17:00:00+00:00,4906.777
2025-12-14 17:30:00+00:00,4928.131
2025-12-14 18:00:00+00:00,4865.286
2025-12-14 18:30:00+00:00,4790.068
2025-12-14 19:00:00+00:00,4718.622
2025-12-14 19:30:00+00:00,4658.615
2025-12-14 20:00:00+00:00,4579.153
2025-12-14 20:30:00+00:00,4495.518
2025-12-14 21:00:00+00:00,4437.783
2025-12-14 21:30:00+00:00,4317.637
2025-12-14 22:00:00+00:00,4159.481
2025-12-14 22:30:00+00:00,3977.215
2025-12-14 23:00:00+00:00,3832.203
2025-12-14 23:30:00+00:00,3847.909
2025-12-15 00:00:00+00:00,3747.181
2025-12-15 00:30:00+00:00,3684.756
2025-12-15 01:00:00+00:00,3593.232
2025-12-15 01:30:00+00:00,3521.718
2025-12-15 02:00:00+00:00,3494.954
2025-12-15 02:30:00+00:00,3554.862
2025-12-15 03:00:00+00:00,3512.725
2025-12-15 03:30:00+00:00,3488.475
2025-12-15 04:00:00+00:00,3470.374
2025-12-15 04:30:00+00:00,3457.417
2025-12-15 05:00:00+00:00,3464.499
2025-12-15 05:30:00+00:00,3511.27
2025-12-15 06:00:00+00:00,3640.735
2025-12-15 06:30:00+00:00,3898.998
2025-12-15 07:00:00+00:00,4183.042
2025-12-15 07:30:00+00:00,4556.794
2025-12-15 08:00:00+00:00,4748.171
2025-12-15 08:30:00+00:00,4825.396
2025-12-15 09:00:00+00:00,4900.934
2025-12-15 09:30:00+00:00,4967.602
2025-12-15 10:00:00+00:00,4958.277
2025-12-15 10:30:00+00:00,4923.98
2025-12-15 11:00:00+00:00,4891.084
2025-12-15 11:30:00+00:00,4875.661
2025-12-15 12:00:00+00:00,4853.068
2025-12-15 12:30:00+00:00,4805.889
2025-12-15 13:00:00+00:00,4798.945
2025-12-15 13:30:00+00:00,4721.904
2025-12-15 14:00:00+00:00,4716.947
2025-12-15 14:30:00+00:00,4764.568
2025-12-15 15:00:00+00:00,4812.546
2025-12-15 15:30:00+00:00,4896.467
2025-12-15 16:00:00+00:00,5014.6
2025-12-15 16:30:00+00:00,5242.16
2025-12-15 17:00:00+00:00,5450.11
2025-12-15 17:30:00+00:00,5527.363
2025-12-15 18:00:00+00:00,5488.025
2025-12-15 18:30:00+00:00,5406.179
2025-12-15 19:00:00+00:00,5339.035
2025-12-15 19:30:00+00:00,5269.558
2025-12-15 20:00:00+00:00,5151.337
2025-12-15 20:30:00+00:00,5054.564
2025-12-15 21:00:00+00:00,4969.692
2025-12-15 21:30:00+00:00,4781.502
2025-12-15 22:00:00+00:00,4592.075
2025-12-15 22:30:00+00:00,4410.665
2025-12-15 23:00:00+00:00,4227.862
2025-12-15 23:30:00+00:00,4246.522
2025-12-16 00:00:00+00:00,4098.687
2025-12-16 00:30:00+00:00,4025.656
2025-12-16 01:00:00+00:00,3919.193
2025-12-16 01:30:00+00:00,3847.296
2025-12-16 02:00:00+00:00,3829.782
2025-12-16 02:30:00+00:00,3903.998
2025-12-16 03:00:00+00:00,3848.742
2025-12-16 03:30:00+00:00,3814.876
2025-12-16 04:00:00+00:00,3749.946
2025-12-16 04:30:00+00:00,3699.022
2025-12-16 05:00:00+00:00,3712.91
2025-12-16 05:30:00+00:00,3756.621
2025-12-16 07:00:00+00:00,4448.174
2025-12-16 07:30:00+00:00,4851.713
2025-12-16 08:00:00+00:00,5039.727
2025-12-16 08:30:00+00:00,5119.945
2025-12-16 09:00:00+00:00,5166.693
2025-12-16 09:30:00+00:00,5192.421
2025-12-16 10:00:00+00:00,5110.441
2025-12-16 10:30:00+00:00,5033.8
2025-12-16 11:00:00+00:00,4965.144
2025-12-16 11:30:00+00:00,4877.203
2025-12-16 12:00:00+00:00,4862.25
2025-12-16 12:30:00+00:00,4844.268
2025-12-16 13:00:00+00:00,4822.551
2025-12-16 13:30:00+00:00,4738.055
2025-12-16 14:00:00+00:00,4749.518
2025-12-16 14:30:00+00:00,4801.605
2025-12-16 15:00:00+00:00,4876.932
2025-12-16 15:30:00+00:00,4986.716
2025-12-16 16:00:00+00:00,5098.28
2025-12-16 16:30:00+00:00,5303.411
2025-12-16 17:00:00+00:00,5474.848
2025-12-16 17:30:00+00:00,5559.753
2025-12-16 18:00:00+00:00,5520.505
2025-12-16 18:30:00+00:00,5442.478
2025-12-16 19:00:00+00:00,5323.758
2025-12-16 19:30:00+00:00,5284.95
2025-12-16 20:00:00+00:00,5178.28
2025-12-16 20:30:00+00:00,5096.88
2025-12-16 21:00:00+00:00,4988.883
2025-12-16 21:30:00+00:00,4857.704
2025-12-16 22:00:00+00:00,4607.141
2025-12-16 22:30:00+00:00,4408.619
2025-12-16 23:00:00+00:00,4254.606
2025-12-16 23:30:00+00:00,4251.334
2025-12-17 00:00:00+00:00,4080.178
2025-12-17 00:30:00+00:00,4004.414
2025-12-17 01:00:00+00:00,3903.695
2025-12-17 01:30:00+00:00,3839.635
2025-12-17 02:00:00+00:00,3768.224
2025-12-17 02:30:00+00:00,3842.356
2025-12-17 03:00:00+00:00,3776.698
2025-12-17 03:30:00+00:00,3750.973
2025-12-17 04:00:00+00:00,3684.854
2025-12-17 04:30:00+00:00,3647.516
2025-12-17 05:00:00+00:00,3646.13
2025-12-17 05:30:00+00:00,3697.72
2025-12-17 06:00:00+00:00,3823.28
2025-12-17 06:30:00+00:00,4060.86
2025-12-17 07:00:00+00:00,4331.336
2025-12-17 07:30:00+00:00,4668.495
2025-12-17 08:00:00+00:00,4842.377
2025-12-17 08:30:00+00:00,4874.139
2025-12-17 09:00:00+00:00,4889.403
2025-12-17 09:30:00+00:00,4959.149
2025-12-17 10:00:00+00:00,4886.996
2025-12-17 10:30:00+00:00,4863.095
2025-12-17 11:00:00+00:00,4880.944
2025-12-17 11:30:00+00:00,4895.376
2025-12-17 12:00:00+00:00,4904.632
2025-12-17 12:30:00+00:00,4929.291
2025-12-17 13:00:00+00:00,4943.503
2025-12-17 13:30:00+00:00,4932.562
2025-12-17 14:00:00+00:00,4939.468
2025-12-17 14:30:00+00:00,4939.387
2025-12-17 15:00:00+00:00,4959.136
2025-12-17 15:30:00+00:00,4979.552
2025-12-17 16:00:00+00:00,5041.919
2025-12-17 16:30:00+00:00,5235.132
2025-12-17 17:00:00+00:00,5369.073
2025-12-17 17:30:00+00:00,5400.559
2025-12-17 18:00:00+00:00,5370.864
2025-12-17 18:30:00+00:00,5259.693
2025-12-17 19:00:00+00:00,5147.512
2025-12-17 19:30:00+00:00,5064.104
2025-12-17 20:00:00+00:00,4989.59
2025-12-17 20:30:00+00:00,4901.66
2025-12-17 21:00:00+00:00,4800.33
2025-12-17 21:30:00+00:00,4625.698
2025-12-17 22:00:00+00:00,4453.758
2025-12-17 22:30:00+00:00,4257.999
2025-12-17 23:00:00+00:00,4094.245
2025-12-17 23:30:00+00:00,4086.864
2025-12-18 00:00:00+00:00,3967.286
2025-12-18 00:30:00+00:00,3907.348
2025-12-18 01:00:00+00:00,3813.622
2025-12-18 01:30:00+00:00,3732.253
2025-12-18 02:00:00+00:00,3728.215
2025-12-18 02:30:00+00:00,3772.181
2025-12-18 03:00:00+00:00,3686.569
2025-12-18 03:30:00+00:00,3633.73
2025-12-18 04:00:00+00:00,3601.196
2025-12-18 04:30:00+00:00,3569.616
2025-12-18 05:00:00+00:00,3586.441
2025-12-18 05:30:00+00:00,3588.096
2025-12-18 06:00:00+00:00,3757.528
2025-12-18 06:30:00+00:00,3963.116
2025-12-18 07:00:00+00:00,4179.253
2025-12-18 07:30:00+00:00,4558.034
2025-12-18 08:00:00+00:00,4741.168
2025-12-18 08:30:00+00:00,4807.626
2025-12-18 09:00:00+00:00,4870.701
2025-12-18 09:30:00+00:00,4936.377
2025-12-18 10:00:00+00:00,4920.981
2025-12-18 10:30:00+00:00,4923.971
2025-12-18 11:00:00+00:00,4918.145
2025-12-18 11:30:00+00:00,4963.011
2025-12-18 12:00:00+00:00,4881.381
2025-12-18 12:30:00+00:00,4874.095
2025-12-18 13:00:00+00:00,4903.205
2025-12-18 13:30:00+00:00,4846.752
2025-12-18 14:00:00+00:00,4878.51
2025-12-18 14:30:00+00:00,4924.121
2025-12-18 15:00:00+00:00,4975.602
2025-12-18 15:30:00+00:00,5061.754
2025-12-18 16:00:00+00:00,5141.75
2025-12-18 16:30:00+00:00,5308.514
2025-12-18 17:00:00+00:00,5407.494
2025-12-18 17:30:00+00:00,5429.47
2025-12-18 18:00:00+00:00,5389.278
2025-12-18 18:30:00+00:00,5370.03
2025-12-18 19:00:00+00:00,5230.009
2025-12-18 19:30:00+00:00,5119.607
2025-12-18 20:00:00+00:00,5054.498
2025-12-18 20:30:00+00:00,4939.836
2025-12-18 21:00:00+00:00,4857.69
2025-12-18 21:30:00+00:00,4729.961
2025-12-18 22:00:00+00:00,4564.258
2025-12-18 22:30:00+00:00,4407.157
2025-12-18 23:00:00+00:00,4194.426
2025-12-18 23:30:00+00:00,4199.516
2025-12-19 00:00:00+00:00,4031.823
2025-12-19 00:30:00+00:00,3967.24
2025-12-19 01:00:00+00:00,3873.702
2025-12-19 01:30:00+00:00,3803.461
2025-12-19 02:00:00+00:00,3693.656
2025-12-19 02:30:00+00:00,3750.563
2025-12-19 03:00:00+00:00,3690.503
2025-12-19 03:30:00+00:00,3650.708
2025-12-19 04:00:00+00:00,3633.438
2025-12-19 04:30:00+00:00,3572.618
2025-12-19 05:00:00+00:00,3590.913
2025-12-19 05:30:00+00:00,3657.475
2025-12-19 07:00:00+00:00,4192.188
2025-12-19 07:30:00+00:00,4537.144
2025-12-19 08:00:00+00:00,4729.607
2025-12-19 08:30:00+00:00,4802.612
2025-12-19 09:00:00+00:00,4834.541
2025-12-19 09:30:00+00:00,4904.281
2025-12-19 10:00:00+00:00,4885.414
2025-12-19 10:30:00+00:00,4831.29
2025-12-19 11:00:00+00:00,4727.071
2025-12-19 11:30:00+00:00,4674.579
2025-12-19 12:00:00+00:00,4630.767
2025-12-19 12:30:00+00:00,4649.11
2025-12-19 13:00:00+00:00,4627.214
2025-12-19 13:30:00+00:00,4589.883
2025-12-19 14:00:00+00:00,4595.385
2025-12-19 14:30:00+00:00,4616.468
2025-12-19 15:00:00+00:00,4661.13
2025-12-19 15:30:00+00:00,4730.154
2025-12-19 17:00:00+00:00,5121.179
2025-12-19 17:30:00+00:00,5172.487
2025-12-19 18:00:00+00:00,5145.769
2025-12-19 18:30:00+00:00,5074.003
2025-12-19 19:00:00+00:00,5001.542
2025-12-19 19:30:00+00:00,4918.319
2025-12-19 20:00:00+00:00,4797.008
2025-12-19 20:30:00+00:00,4712.321
2025-12-19 21:00:00+00:00,4594.507
2025-12-19 21:30:00+00:00,4424.466
2025-12-19 22:00:00+00:00,4290.231
2025-12-19 22:30:00+00:00,4169.398
2025-12-19 23:00:00+00:00,4078.329
2025-12-19 23:30:00+00:00,4082.461
2025-12-20 00:00:00+00:00,3994.132
2025-12-20 00:30:00+00:00,3954.429
2025-12-20 01:00:00+00:00,3840.301
2025-12-20 01:30:00+00:00,3736.416
2025-12-20 02:00:00+00:00,3648.276
2025-12-20 02:30:00+00:00,3718.323
2025-12-20 03:00:00+00:00,3639.49
2025-12-20 03:30:00+00:00,3583.15
2025-12-20 04:00:00+00:00,3546.55
2025-12-20 04:30:00+00:00,3516.352
2025-12-20 05:00:00+00:00,3497.144
2025-12-20 05:30:00+00:00,3478.354
2025-12-20 06:00:00+00:00,3511.336
2025-12-20 06:30:00+00:00,3600.819
2025-12-20 07:00:00+00:00,3701.936
2025-12-20 07:30:00+00:00,3815.34
2025-12-20 08:00:00+00:00,3904.149
2025-12-20 08:30:00+00:00,4022.72
2025-12-20 09:00:00+00:00,4178.772
2025-12-20 09:30:00+00:00,4319.778
2025-12-20 10:00:00+00:00,4367.484
2025-12-20 10:30:00+00:00,4419.25
2025-12-20 11:00:00+00:00,4454.106
2025-12-20 11:30:00+00:00,4480.44
2025-12-20 12:00:00+00:00,4494.874
2025-12-20 12:30:00+00:00,4518.847
2025-12-20 13:00:00+00:00,4519.77
2025-12-20 13:30:00+00:00,4506.987
2025-12-20 14:00:00+00:00,4484.377
2025-12-20 14:30:00+00:00,4463.819
2025-12-20 15:00:00+00:00,4486.702
2025-12-20 15:30:00+00:00,4569.067
2025-12-20 16:00:00+00:00,4643.693
2025-12-20 16:30:00+00:00,4783.64
2025-12-20 17:00:00+00:00,4885.929
2025-12-20 17:30:00+00:00,4923.891
2025-12-20 18:00:00+00:00,4883.026
2025-12-20 18:30:00+00:00,4838.164
2025-12-20 19:00:00+00:00,4742.97
2025-12-20 19:30:00+00:00,4661.507
2025-12-20 20:00:00+00:00,4577.446
2025-12-20 20:30:00+00:00,4502.472
2025-12-20 21:00:00+00:00,4420.87
2025-12-20 21:30:00+00:00,4298.139
2025-12-20 23:00:00+00:00,3939.46
2025-12-20 23:30:00+00:00,3972.177
2025-12-21 00:00:00+00:00,3888.935
2025-12-21 00:30:00+00:00,3813.338
2025-12-21 01:00:00+00:00,3725.606
2025-12-21 01:30:00+00:00,3664.562
2025-12-21 02:00:00+00:00,3597.477
2025-12-21 02:30:00+00:00,3627.857
2025-12-21 03:00:00+00:00,3549.981
2025-12-21 03:30:00+00:00,3530.039
2025-12-21 04:00:00+00:00,3469.435
2025-12-21 04:30:00+00:00,3408.77
2025-12-21 05:00:00+00:00,3366.847
2025-12-21 05:30:00+00:00,3360.229
2025-12-21 06:00:00+00:00,3407.173
2025-12-21 06:30:00+00:00,3456.074
2025-12-21 07:00:00+00:00,3509.488
2025-12-21 07:30:00+00:00,3605.755
2025-12-21 08:00:00+00:00,3689.47
2025-12-21 08:30:00+00:00,3828.476
2025-12-21 09:00:00+00:00,3977.747
2025-12-21 09:30:00+00:00,4143.503
2025-12-21 10:00:00+00:00,4238.762
2025-12-21 10:30:00+00:00,4308.616
2025-12-21 11:00:00+00:00,4324.211
2025-12-21 11:30:00+00:00,4329.58
2025-12-21 12:00:00+00:00,4347.405
2025-12-21 12:30:00+00:00,4374.794
2025-12-21 13:00:00+00:00,4392.927
2025-12-21 13:30:00+00:00,4387.693
2025-12-21 14:00:00+00:00,4391.062
2025-12-21 14:30:00+00:00,4389.538
2025-12-21 15:00:00+00:00,4416.434
2025-12-21 15:30:00+00:00,4474.385
2025-12-21 16:00:00+00:00,4554.374
2025-12-21 16:30:00+00:00,4742.022
2025-12-21 17:00:00+00:00,4818.891
2025-12-21 17:30:00+00:00,4886.5
2025-12-21 18:00:00+00:00,4855.648
2025-12-21 18:30:00+00:00,4800.496
2025-12-21 19:00:00+00:00,4754.671
2025-12-21 19:30:00+00:00,4680.621
2025-12-21 20:00:00+00:00,4600.221
2025-12-21 20:30:00+00:00,4525.595
2025-12-21 21:00:00+00:00,4425.027
2025-12-21 21:30:00+00:00,4304.518
2025-12-21 22:00:00+00:00,4189.192
2025-12-21 22:30:00+00:00,4042.659
2025-12-21 23:00:00+00:00,3913.228
2025-12-21 23:30:00+00:00,3947.546
2025-12-22 00:00:00+00:00,3838.401
2025-12-22 00:30:00+00:00,3754.151
2025-12-22 01:00:00+00:00,3630.319
2025-12-22 01:30:00+00:00,3562.846
2025-12-22 02:00:00+00:00,3510.399
2025-12-22 02:30:00+00:00,3571.954
2025-12-22 03:00:00+00:00,3520.392
2025-12-22 03:30:00+00:00,3483.626
2025-12-22 04:00:00+00:00,3433.928
2025-12-22 04:30:00+00:00,3406.427
2025-12-22 05:00:00+00:00,3414.088
2025-12-22 05:30:00+00:00,3460.674
2025-12-22 06:00:00+00:00,3549.806
2025-12-22 06:30:00+00:00,3731.023
2025-12-22 07:00:00+00:00,3907.327
2025-12-22 07:30:00+00:00,4154.709
2025-12-22 08:00:00+00:00,4311.437
2025-12-22 08:30:00+00:00,4503.095
2025-12-22 09:00:00+00:00,4625.847
2025-12-22 09:30:00+00:00,4782.629
2025-12-22 10:00:00+00:00,4823.275
2025-12-22 10:30:00+00:00,4866.006
2025-12-22 11:00:00+00:00,4898.176
2025-12-22 11:30:00+00:00,4912.697
2025-12-22 12:00:00+00:00,4915.914
2025-12-22 12:30:00+00:00,4906.056
2025-12-22 13:00:00+00:00,4881.908
2025-12-22 13:30:00+00:00,4834.757
2025-12-22 14:00:00+00:00,4816.059
2025-12-22 14:30:00+00:00,4790.708
2025-12-22 15:00:00+00:00,4769.712
2025-12-22 15:30:00+00:00,4779.779
2025-12-22 16:00:00+00:00,4846.474
2025-12-22 16:30:00+00:00,5011.489
2025-12-22 17:00:00+00:00,5146.857
2025-12-22 17:30:00+00:00,5199.884
2025-12-22 18:00:00+00:00,5180.27
2025-12-22 18:30:00+00:00,5124.386
2025-12-22 19:00:00+00:00,5044.276
2025-12-22 19:30:00+00:00,4968.668
2025-12-22 20:00:00+00:00,4834.695
2025-12-22 20:30:00+00:00,4766.278
2025-12-22 21:00:00+00:00,4665.619
2025-12-22 21:30:00+00:00,4528.252
2025-12-22 22:00:00+00:00,4388.914
2025-12-22 22:30:00+00:00,4229.776
2025-12-22 23:00:00+00:00,4101.814
2025-12-22 23:30:00+00:00,4089.218
2025-12-23 00:00:00+00:00,3954.014
2025-12-23 00:30:00+00:00,3853.998
2025-12-23 01:00:00+00:00,3741.942
2025-12-23 01:30:00+00:00,3656.389
2025-12-23 02:00:00+00:00,3607.923
2025-12-23 02:30:00+00:00,3680.876
2025-12-23 03:00:00+00:00,3612.176
2025-12-23 03:30:00+00:00,3574.108
2025-12-23 04:00:00+00:00,3497.1
2025-12-23 04:30:00+00:00,3459.201
2025-12-23 05:00:00+00:00,3452.416
2025-12-23 05:30:00+00:00,3508.814
2025-12-23 06:00:00+00:00,3600.828
2025-12-23 06:30:00+00:00,3732.576
2025-12-23 07:00:00+00:00,3883.721
2025-12-23 07:30:00+00:00,4105.097
2025-12-23 08:00:00+00:00,4239.918
2025-12-23 08:30:00+00:00,4391.444
2025-12-23 09:00:00+00:00,4515.409
2025-12-23 09:30:00+00:00,4628.113
2025-12-23 10:00:00+00:00,4665.997
2025-12-23 10:30:00+00:00,4665.139
2025-12-23 11:00:00+00:00,4655.873
2025-12-23 11:30:00+00:00,4688.462
2025-12-23 12:00:00+00:00,4684.609
2025-12-23 12:30:00+00:00,4693.955
2025-12-23 13:00:00+00:00,4693.051
2025-12-23 13:30:00+00:00,4667.908
2025-12-23 14:00:00+00:00,4626.982
2025-12-23 14:30:00+00:00,4635.681
2025-12-23 15:00:00+00:00,4620.036
2025-12-23 15:30:00+00:00,4681.991
2025-12-23 16:00:00+00:00,4742.749
2025-12-23 16:30:00+00:00,4875.983
2025-12-23 17:00:00+00:00,4990.072
2025-12-23 17:30:00+00:00,5053.248
2025-12-23 18:00:00+00:00,5016.237
2025-12-23 18:30:00+00:00,4943.509
2025-12-23 19:00:00+00:00,4873.895
2025-12-23 19:30:00+00:00,4780.624
2025-12-23 20:00:00+00:00,4705.855
2025-12-23 20:30:00+00:00,4597.681
2025-12-23 21:00:00+00:00,4511.002
2025-12-23 21:30:00+00:00,4402.666
2025-12-23 22:00:00+00:00,4265.268
2025-12-23 22:30:00+00:00,4135.99
2025-12-24 00:00:00+00:00,3863.775
2025-12-24 00:30:00+00:00,3748.468
2025-12-24 01:00:00+00:00,3625.628
2025-12-24 01:30:00+00:00,3501.161
2025-12-24 02:00:00+00:00,3452.582
2025-12-24 02:30:00+00:00,3485.665
2025-12-24 03:00:00+00:00,3436.366
2025-12-24 03:30:00+00:00,3381.086
2025-12-24 04:00:00+00:00,3311.806
2025-12-24 04:30:00+00:00,3299.964
2025-12-24 05:00:00+00:00,3263.383
2025-12-24 05:30:00+00:00,3294.653
2025-12-24 06:00:00+00:00,3337.952
2025-12-24 06:30:00+00:00,3430.81
2025-12-24 07:00:00+00:00,3544.665
2025-12-24 07:30:00+00:00,3735.545
2025-12-24 08:00:00+00:00,3853.483
2025-12-24 08:30:00+00:00,4008.29
2025-12-24 09:00:00+00:00,4143.905
2025-12-24 09:30:00+00:00,4292.569
2025-12-24 10:00:00+00:00,4354.201
2025-12-24 10:30:00+00:00,4403.238
2025-12-24 11:00:00+00:00,4390.986
2025-12-24 11:30:00+00:00,4382.318
2025-12-24 12:00:00+00:00,4351.325
2025-12-24 12:30:00+00:00,4319.451
2025-12-24 13:00:00+00:00,4288.512
2025-12-24 13:30:00+00:00,4261.447
2025-12-24 14:00:00+00:00,4211.084
2025-12-24 14:30:00+00:00,4239.117
2025-12-24 15:00:00+00:00,4279.849
2025-12-24 15:30:00+00:00,4351.309
2025-12-24 16:00:00+00:00,4419.697
2025-12-24 16:30:00+00:00,4576.025
2025-12-24 17:00:00+00:00,4720.988
2025-12-24 17:30:00+00:00,4754.443
2025-12-24 18:00:00+00:00,4702.686
2025-12-24 18:30:00+00:00,4638.731
2025-12-24 19:00:00+00:00,4534.798
2025-12-24 19:30:00+00:00,4459.985
2025-12-24 20:00:00+00:00,4421.738
2025-12-24 20:30:00+00:00,4327.98
2025-12-24 21:00:00+00:00,4213.698
2025-12-24 21:30:00+00:00,4142.47
2025-12-24 22:00:00+00:00,3991.991
2025-12-24 22:30:00+00:00,3890.118
2025-12-24 23:00:00+00:00,3792.393
2025-12-24 23:30:00+00:00,3811.499
2025-12-25 00:00:00+00:00,3689.68
2025-12-25 00:30:00+00:00,3649.916
2025-12-25 01:00:00+00:00,3531.379
2025-12-25 01:30:00+00:00,3433.358
2025-12-25 02:00:00+00:00,3338.131
2025-12-25 02:30:00+00:00,3367.415
2025-12-25 03:00:00+00:00,3310.157
2025-12-25 03:30:00+00:00,3284.384
2025-12-25 04:00:00+00:00,3243.072
2025-12-25 04:30:00+00:00,3216.722
2025-12-25 05:00:00+00:00,3166.831
2025-12-25 05:30:00+00:00,3151.918
2025-12-25 06:00:00+00:00,3176.92
2025-12-25 06:30:00+00:00,3258.162
2025-12-25 07:00:00+00:00,3353.4
2025-12-25 07:30:00+00:00,3480.87
2025-12-25 08:00:00+00:00,3582.508
2025-12-25 08:30:00+00:00,3747.278
2025-12-25 09:00:00+00:00,3919.673
2025-12-25 09:30:00+00:00,4111.888
2025-12-25 10:00:00+00:00,4199.473
2025-12-25 10:30:00+00:00,4219.458
2025-12-25 11:00:00+00:00,4202.602
2025-12-25 11:30:00+00:00,4204.743
2025-12-25 12:00:00+00:00,4220.472
2025-12-25 12:30:00+00:00,4283.919
2025-12-25 13:00:00+00:00,4358.356
2025-12-25 13:30:00+00:00,4417.646
2025-12-25 14:00:00+00:00,4413.679
2025-12-25 14:30:00+00:00,4420.804
2025-12-25 15:00:00+00:00,4386.211
2025-12-25 15:30:00+00:00,4316.971
2025-12-25 16:00:00+00:00,4232.321
2025-12-25 16:30:00+00:00,4218.733
2025-12-25 17:00:00+00:00,4184.449
2025-12-25 17:30:00+00:00,4102.475
2025-12-25 18:00:00+00:00,4027.762
2025-12-25 18:30:00+00:00,3956.705
2025-12-25 19:00:00+00:00,3926.471
2025-12-25 19:30:00+00:00,3865.731
2025-12-25 20:00:00+00:00,3813.259
2025-12-25 20:30:00+00:00,3795.595
2025-12-25 21:00:00+00:00,3750.948
2025-12-25 21:30:00+00:00,3733.385
2025-12-25 22:00:00+00:00,3729.542
2025-12-25 22:30:00+00:00,3696.659
2025-12-25 23:00:00+00:00,3593.951
2025-12-25 23:30:00+00:00,3680.879
2025-12-26 00:00:00+00:00,3564.317
2025-12-26 00:30:00+00:00,3507.567
2025-12-26 01:00:00+00:00,3396.563
2025-12-26 01:30:00+00:00,3359.653
2025-12-26 02:00:00+00:00,3278.331
2025-12-26 02:30:00+00:00,3266.452
2025-12-26 03:00:00+00:00,3207.34
2025-12-26 03:30:00+00:00,3164.982
2025-12-26 04:00:00+00:00,3127.168
2025-12-26 04:30:00+00:00,3099.142
2025-12-26 05:00:00+00:00,3114.305
2025-12-26 05:30:00+00:00,3079.385
2025-12-26 06:00:00+00:00,3106.329
2025-12-26 06:30:00+00:00,3171.662
2025-12-26 07:00:00+00:00,3236.952
2025-12-26 07:30:00+00:00,3302.065
2025-12-26 08:00:00+00:00,3323.264
2025-12-26 08:30:00+00:00,3394.624
2025-12-26 09:00:00+00:00,3500.701
2025-12-26 09:30:00+00:00,3643.53
2025-12-26 10:00:00+00:00,3781.592
2025-12-26 10:30:00+00:00,3925.45
2025-12-26 11:00:00+00:00,3986.871
2025-12-26 11:30:00+00:00,4010.122
2025-12-26 12:00:00+00:00,4085.081
2025-12-26 12:30:00+00:00,4117.843
2025-12-26 13:00:00+00:00,4149.436
2025-12-26 13:30:00+00:00,4148.841
2025-12-26 14:00:00+00:00,4153.537
2025-12-26 14:30:00+00:00,4126.699
2025-12-26 15:00:00+00:00,4138.371
2025-12-26 15:30:00+00:00,4148.239
2025-12-26 16:00:00+00:00,4199.736
2025-12-26 16:30:00+00:00,4312.124
2025-12-26 17:00:00+00:00,4489.293
2025-12-26 17:30:00+00:00,4489.868
2025-12-26 18:00:00+00:00,4478.713
2025-12-26 18:30:00+00:00,4404.13
2025-12-26 19:00:00+00:00,4327.732
2025-12-26 19:30:00+00:00,4216.284
2025-12-26 20:00:00+00:00,4150.666
2025-12-26 20:30:00+00:00,4078.234
2025-12-26 21:00:00+00:00,4030.552
2025-12-26 21:30:00+00:00,3956.881
2025-12-26 22:00:00+00:00,3852.996
2025-12-26 22:30:00+00:00,3754.924
2025-12-26 23:00:00+00:00,3674.372
2025-12-26 23:30:00+00:00,3735.782
2025-12-27 00:00:00+00:00,3618.57
2025-12-27 00:30:00+00:00,3544.547
2025-12-27 01:00:00+00:00,3472.023
2025-12-27 01:30:00+00:00,3416.857
2025-12-27 02:00:00+00:00,3334.97
2025-12-27 02:30:00+00:00,3387.935
2025-12-27 03:00:00+00:00,3327.643
2025-12-27 03:30:00+00:00,3318.346
2025-12-27 04:00:00+00:00,3234.746
2025-12-27 04:30:00+00:00,3224.808
2025-12-27 05:00:00+00:00,3192.697
2025-12-27 05:30:00+00:00,3205.396
2025-12-27 06:00:00+00:00,3235.137
2025-12-27 06:30:00+00:00,3288.277
2025-12-27 07:00:00+00:00,3347.3
2025-12-27 07:30:00+00:00,3451.932
2025-12-27 08:00:00+00:00,3532.78
2025-12-27 08:30:00+00:00,3608.735
2025-12-27 09:00:00+00:00,3726.943
2025-12-27 09:30:00+00:00,3848.526
2025-12-27 10:00:00+00:00,3920.57
2025-12-27 10:30:00+00:00,3999.153
2025-12-27 11:00:00+00:00,4048.464
2025-12-27 11:30:00+00:00,4018.43
2025-12-27 12:00:00+00:00,3996.045
2025-12-27 12:30:00+00:00,4018.118
2025-12-27 13:00:00+00:00,4053.888
2025-12-27 13:30:00+00:00,4044.273
2025-12-27 14:00:00+00:00,4025.571
2025-12-27 14:30:00+00:00,4043.722
2025-12-27 15:00:00+00:00,4096.776
2025-12-27 15:30:00+00:00,4222.546
2025-12-27 16:00:00+00:00,4302.877
2025-12-27 16:30:00+00:00,4481.44
2025-12-27 17:00:00+00:00,4659.193
2025-12-27 17:30:00+00:00,4755.332
2025-12-27 18:00:00+00:00,4717.256
2025-12-27 18:30:00+00:00,4677.013
2025-12-27 19:00:00+00:00,4580.841
2025-12-27 19:30:00+00:00,4497.39
2025-12-27 20:00:00+00:00,4386.685
2025-12-27 20:30:00+00:00,4308.138
2025-12-27 21:00:00+00:00,4213.075
2025-12-27 21:30:00+00:00,4109.498
2025-12-27 22:00:00+00:00,3971.56
2025-12-27 22:30:00+00:00,3878.38
2025-12-27 23:00:00+00:00,3761.563
2025-12-27 23:30:00+00:00,3787.624
2025-12-28 00:00:00+00:00,3683.889
2025-12-28 00:30:00+00:00,3588.621
2025-12-28 01:00:00+00:00,3492.363
2025-12-28 01:30:00+00:00,3426.314
2025-12-28 02:00:00+00:00,3350.564
2025-12-28 02:30:00+00:00,3384.356
2025-12-28 03:00:00+00:00,3331.005
2025-12-28 03:30:00+00:00,3312.033
2025-12-28 04:00:00+00:00,3260.128
2025-12-28 04:30:00+00:00,3226.111
2025-12-28 05:00:00+00:00,3207.426
2025-12-28 05:30:00+00:00,3214.857
2025-12-28 06:00:00+00:00,3239.448
2025-12-28 06:30:00+00:00,3270.3
2025-12-28 08:00:00+00:00,3470.445
2025-12-28 08:30:00+00:00,3564.535
2025-12-28 09:00:00+00:00,3681.258
2025-12-28 09:30:00+00:00,3841.331
2025-12-28 10:00:00+00:00,3997.688
2025-12-28 10:30:00+00:00,4121.731
2025-12-28 11:00:00+00:00,4204.887
2025-12-28 11:30:00+00:00,4291.396
2025-12-28 12:00:00+00:00,4333.856
2025-12-28 12:30:00+00:00,4404.597
2025-12-28 13:00:00+00:00,4423.57
2025-12-28 13:30:00+00:00,4438.856
2025-12-28 14:00:00+00:00,4414.701
2025-12-28 14:30:00+00:00,4395.342
2025-12-28 15:00:00+00:00,4392.983
2025-12-28 15:30:00+00:00,4421.233
2025-12-28 16:00:00+00:00,4473.307
2025-12-28 16:30:00+00:00,4629.172
2025-12-28 17:00:00+00:00,4743.483
2025-12-28 17:30:00+00:00,4796.276
2025-12-28 19:00:00+00:00,4627.421
2025-12-28 19:30:00+00:00,4544.056
2025-12-28 20:00:00+00:00,4444.819
2025-12-28 20:30:00+00:00,4377.683
2025-12-28 21:00:00+00:00,4289.991
2025-12-28 21:30:00+00:00,4180.743
2025-12-28 22:00:00+00:00,4076.849
2025-12-28 22:30:00+00:00,3954.465
2025-12-28 23:00:00+00:00,3844.196
2025-12-28 23:30:00+00:00,3898.215
2025-12-29 00:00:00+00:00,3792.553
2025-12-29 00:30:00+00:00,3720.214
2025-12-29 01:00:00+00:00,3611.395
2025-12-29 01:30:00+00:00,3526.91
2025-12-29 02:00:00+00:00,3458.345
2025-12-29 02:30:00+00:00,3503.309
2025-12-29 03:00:00+00:00,3430.827
2025-12-29 03:30:00+00:00,3386.508
2025-12-29 04:00:00+00:00,3337.669
2025-12-29 04:30:00+00:00,3306.308
2025-12-29 05:00:00+00:00,3297.436
2025-12-29 05:30:00+00:00,3322.493
2025-12-29 06:00:00+00:00,3385.683
2025-12-29 06:30:00+00:00,3508.765
2025-12-29 07:00:00+00:00,3611.223
2025-12-29 07:30:00+00:00,3758.076
2025-12-29 08:00:00+00:00,3830.042
2025-12-29 08:30:00+00:00,3961.857
2025-12-29 09:00:00+00:00,4097.389
2025-12-29 09:30:00+00:00,4276.122
2025-12-29 10:00:00+00:00,4396.634
2025-12-29 10:30:00+00:00,4493.242
2025-12-29 11:00:00+00:00,4568.702
2025-12-29 11:30:00+00:00,4611.008
2025-12-29 12:00:00+00:00,4650.582
2025-12-29 12:30:00+00:00,4691.75
2025-12-29 13:00:00+00:00,4722.885
2025-12-29 13:30:00+00:00,4724.358
2025-12-29 14:00:00+00:00,4702.61
2025-12-29 14:30:00+00:00,4691.263
2025-12-29 15:00:00+00:00,4704.685
2025-12-29 15:30:00+00:00,4741.425
2025-12-29 16:00:00+00:00,4781.604
2025-12-29 16:30:00+00:00,4949.342
2025-12-29 17:00:00+00:00,5088.427
2025-12-29 17:30:00+00:00,5138.387
2025-12-29 19:00:00+00:00,4895.209
2025-12-29 19:30:00+00:00,4800.431
2025-12-29 20:00:00+00:00,4670.241
2025-12-29 20:30:00+00:00,4569.432
2025-12-29 21:00:00+00:00,4456.527
2025-12-29 21:30:00+00:00,4358.69
2025-12-29 22:00:00+00:00,4212.668
2025-12-29 22:30:00+00:00,4059.785
2025-12-29 23:00:00+00:00,3958.426
2025-12-29 23:30:00+00:00,4007.835
2025-12-30 01:00:00+00:00,3647.768
2025-12-30 01:30:00+00:00,3576.477
2025-12-30 02:00:00+00:00,3554.159
2025-12-30 02:30:00+00:00,3602.186
2025-12-30 03:00:00+00:00,3541.093
2025-12-30 03:30:00+00:00,3526.517
2025-12-30 04:00:00+00:00,3452.005
2025-12-30 04:30:00+00:00,3399.05
2025-12-30 05:00:00+00:00,3388.862
2025-12-30 05:30:00+00:00,3412.802
2025-12-30 06:00:00+00:00,3452.731
2025-12-30 06:30:00+00:00,3566.24
2025-12-30 07:00:00+00:00,3676.272
2025-12-30 07:30:00+00:00,3808.931
2025-12-30 08:00:00+00:00,3880.433
2025-12-30 08:30:00+00:00,3993.891
2025-12-30 09:00:00+00:00,4117.881
2025-12-30 09:30:00+00:00,4266.876
2025-12-30 10:00:00+00:00,4372.878
2025-12-30 10:30:00+00:00,4461.7
2025-12-30 11:00:00+00:00,4489.728
2025-12-30 11:30:00+00:00,4534.219
2025-12-30 12:00:00+00:00,4543.794
2025-12-30 12:30:00+00:00,4588.111
2025-12-30 13:00:00+00:00,4605.742
2025-12-30 13:30:00+00:00,4605.538
2025-12-30 14:00:00+00:00,4587.761
2025-12-30 14:30:00+00:00,4606.362
2025-12-30 15:00:00+00:00,4603.717
2025-12-30 15:30:00+00:00,4667.509
2025-12-30 16:00:00+00:00,4751.086
2025-12-30 16:30:00+00:00,4932.433
2025-12-30 17:00:00+00:00,5139.86
2025-12-30 17:30:00+00:00,5203.364
2025-12-30 18:00:00+00:00,5181.367
2025-12-30 18:30:00+00:00,5109.7
2025-12-30 19:00:00+00:00,5024.838
2025-12-30 19:30:00+00:00,4929.503
2025-12-30 20:00:00+00:00,4816.884
2025-12-30 20:30:00+00:00,4727.118
2025-12-30 21:00:00+00:00,4623.742
2025-12-30 21:30:00+00:00,4510.701
2025-12-30 22:00:00+00:00,4371.008
2025-12-30 22:30:00+00:00,4259.326
2025-12-30 23:00:00+00:00,4124.978
2025-12-30 23:30:00+00:00,4157.752
2025-12-31 00:00:00+00:00,4027.48
2025-12-31 00:30:00+00:00,3950.328
2025-12-31 01:00:00+00:00,3833.227
2025-12-31 01:30:00+00:00,3745.015
2025-12-31 02:00:00+00:00,3675.243
2025-12-31 02:30:00+00:00,3725.294
2025-12-31 03:00:00+00:00,3648.104
2025-12-31 03:30:00+00:00,3611.569
2025-12-31 04:00:00+00:00,3559.417
2025-12-31 04:30:00+00:00,3516.058
2025-12-31 05:00:00+00:00,3495.561
2025-12-31 05:30:00+00:00,3522.32
2025-12-31 06:00:00+00:00,3558.657
2025-12-31 06:30:00+00:00,3653.516
2025-12-31 07:00:00+00:00,3761.728
2025-12-31 07:30:00+00:00,3907.458
2025-12-31 08:00:00+00:00,3974.356
2025-12-31 08:30:00+00:00,4081.469
2025-12-31 09:00:00+00:00,4228.625
2025-12-31 09:30:00+00:00,4394.113
2025-12-31 10:00:00+00:00,4472.028
2025-12-31 10:30:00+00:00,4541.116
2025-12-31 11:00:00+00:00,4593.41
2025-12-31 11:30:00+00:00,4620.896
2025-12-31 12:00:00+00:00,4621.396
2025-12-31 12:30:00+00:00,4654.129
2025-12-31 13:00:00+00:00,4666.609
2025-12-31 13:30:00+00:00,4673.953
2025-12-31 14:00:00+00:00,4669.112
2025-12-31 14:30:00+00:00,4678.497
2025-12-31 15:00:00+00:00,4699.158
2025-12-31 15:30:00+00:00,4760.95
2025-12-31 16:00:00+00:00,4820.196
2025-12-31 16:30:00+00:00,4995.169
2025-12-31 17:00:00+00:00,5120.748
2025-12-31 17:30:00+00:00,5154.725
2025-12-31 18:00:00+00:00,5096.122
2025-12-31 18:30:00+00:00,5017.312
2025-12-31 19:00:00+00:00,4867.122
2025-12-31 19:30:00+00:00,4733.426
2025-12-31 20:00:00+00:00,4575.754
2025-12-31 20:30:00+00:00,4434.341
2025-12-31 21:00:00+00:00,4341.512
2025-12-31 21:30:00+00:00,4202.614
2025-12-31 22:00:00+00:00,4106.212
2025-12-31 22:30:00+00:00,4004.789
