DateTime,Wind Onshore [forecast-entsoe]
2024-12-31 23:00:00+00:00,2457.755
2025-01-01 00:00:00+00:00,1972.755
2025-01-01 01:00:00+00:00,1900.115
2025-01-01 02:00:00+00:00,2104.335
2025-01-01 03:00:00+00:00,2348.995
2025-01-01 04:00:00+00:00,2307.62
2025-01-01 05:00:00+00:00,2450.51
2025-01-01 06:00:00+00:00,2456.96
2025-01-01 07:00:00+00:00,2508.1
2025-01-01 08:00:00+00:00,2368.12
2025-01-01 09:00:00+00:00,2129.57
2025-01-01 10:00:00+00:00,1808.375
2025-01-01 11:00:00+00:00,1577.635
2025-01-01 12:00:00+00:00,1613.875
2025-01-01 13:00:00+00:00,1587.375
2025-01-01 14:00:00+00:00,1495.715
2025-01-01 15:00:00+00:00,1359.38
2025-01-01 16:00:00+00:00,1223.095
2025-01-01 17:00:00+00:00,1082.26
2025-01-01 18:00:00+00:00,1048.49
2025-01-01 19:00:00+00:00,896.905
2025-01-01 20:00:00+00:00,783.56
2025-01-01 21:00:00+00:00,738.115
2025-01-01 22:00:00+00:00,736.89
2025-01-01 23:00:00+00:00,791.34
2025-01-02 00:00:00+00:00,737.03
2025-01-02 01:00:00+00:00,766.055
2025-01-02 02:00:00+00:00,817.025
2025-01-02 03:00:00+00:00,867.315
2025-01-02 04:00:00+00:00,862.61
2025-01-02 05:00:00+00:00,843.09
2025-01-02 06:00:00+00:00,745.165
2025-01-02 07:00:00+00:00,706.715
2025-01-02 08:00:00+00:00,677.535
2025-01-02 09:00:00+00:00,628.935
2025-01-02 10:00:00+00:00,579.355
2025-01-02 11:00:00+00:00,526.71
2025-01-02 12:00:00+00:00,439.89
2025-01-02 13:00:00+00:00,409.74
2025-01-02 14:00:00+00:00,395.595
2025-01-02 15:00:00+00:00,392.35
2025-01-02 16:00:00+00:00,347.915
2025-01-02 17:00:00+00:00,298.23
2025-01-02 18:00:00+00:00,379.285
2025-01-02 19:00:00+00:00,381.085
2025-01-02 20:00:00+00:00,370.525
2025-01-02 21:00:00+00:00,325.12
2025-01-02 22:00:00+00:00,277.865
2025-01-02 23:00:00+00:00,267.065
2025-01-03 00:00:00+00:00,316.41
2025-01-03 01:00:00+00:00,334.355
2025-01-03 02:00:00+00:00,333.025
2025-01-03 03:00:00+00:00,343.525
2025-01-03 04:00:00+00:00,348.56
2025-01-03 05:00:00+00:00,348.235
2025-01-03 06:00:00+00:00,384.03
2025-01-03 07:00:00+00:00,383.135
2025-01-03 08:00:00+00:00,362.88
2025-01-03 09:00:00+00:00,327.245
2025-01-03 10:00:00+00:00,292.52
2025-01-03 11:00:00+00:00,263.33
2025-01-03 12:00:00+00:00,266.765
2025-01-03 13:00:00+00:00,220.255
2025-01-03 14:00:00+00:00,172.625
2025-01-03 15:00:00+00:00,156.075
2025-01-03 16:00:00+00:00,150.42
2025-01-03 17:00:00+00:00,139.565
2025-01-03 18:00:00+00:00,151.56
2025-01-03 19:00:00+00:00,165.75
2025-01-03 20:00:00+00:00,160.69
2025-01-03 21:00:00+00:00,160.035
2025-01-03 22:00:00+00:00,188.305
2025-01-03 23:00:00+00:00,221.28
2025-01-04 00:00:00+00:00,284.62
2025-01-04 01:00:00+00:00,283.2
2025-01-04 02:00:00+00:00,281.71
2025-01-04 03:00:00+00:00,294.83
2025-01-04 04:00:00+00:00,349.35
2025-01-04 05:00:00+00:00,419.485
2025-01-04 06:00:00+00:00,402.12
2025-01-04 07:00:00+00:00,419.43
2025-01-04 08:00:00+00:00,454.505
2025-01-04 09:00:00+00:00,540.835
2025-01-04 10:00:00+00:00,671.945
2025-01-04 11:00:00+00:00,765.26
2025-01-04 12:00:00+00:00,695.59
2025-01-04 13:00:00+00:00,799.695
2025-01-04 14:00:00+00:00,975.225
2025-01-04 15:00:00+00:00,1154.855
2025-01-04 16:00:00+00:00,1353.625
2025-01-04 17:00:00+00:00,1585.245
2025-01-04 18:00:00+00:00,1772.73
2025-01-04 19:00:00+00:00,1998.49
2025-01-04 20:00:00+00:00,2139.85
2025-01-04 21:00:00+00:00,2240.14
2025-01-04 22:00:00+00:00,2343.07
2025-01-04 23:00:00+00:00,2439.93
2025-01-05 00:00:00+00:00,2470.68
2025-01-05 01:00:00+00:00,2462.72
2025-01-05 02:00:00+00:00,2418.69
2025-01-05 03:00:00+00:00,2390.38
2025-01-05 04:00:00+00:00,2437.145
2025-01-05 05:00:00+00:00,2520.14
2025-01-05 06:00:00+00:00,2364.06
2025-01-05 07:00:00+00:00,2265.26
2025-01-05 08:00:00+00:00,2223.505
2025-01-05 09:00:00+00:00,2338.08
2025-01-05 10:00:00+00:00,2445.96
2025-01-05 11:00:00+00:00,2517.39
2025-01-05 12:00:00+00:00,2383.335
2025-01-05 13:00:00+00:00,2523.335
2025-01-05 14:00:00+00:00,2759.835
2025-01-05 15:00:00+00:00,3049.795
2025-01-05 16:00:00+00:00,3139.185
2025-01-05 17:00:00+00:00,3087.02
2025-01-05 18:00:00+00:00,2751.405
2025-01-05 19:00:00+00:00,2933.495
2025-01-05 20:00:00+00:00,2982.815
2025-01-05 21:00:00+00:00,2913.02
2025-01-05 22:00:00+00:00,2779.5
2025-01-05 23:00:00+00:00,2683.11
2025-01-06 00:00:00+00:00,2368.255
2025-01-06 01:00:00+00:00,2178.58
2025-01-06 02:00:00+00:00,2011.28
2025-01-06 03:00:00+00:00,2079.59
2025-01-06 04:00:00+00:00,2331.085
2025-01-06 05:00:00+00:00,2656.55
2025-01-06 06:00:00+00:00,2788.905
2025-01-06 07:00:00+00:00,2929.48
2025-01-06 08:00:00+00:00,3042.615
2025-01-06 09:00:00+00:00,3105.57
2025-01-06 10:00:00+00:00,3093.81
2025-01-06 11:00:00+00:00,3130.97
2025-01-06 12:00:00+00:00,3047.565
2025-01-06 13:00:00+00:00,3113.71
2025-01-06 14:00:00+00:00,3173.825
2025-01-06 15:00:00+00:00,3167.575
2025-01-06 16:00:00+00:00,3089.75
2025-01-06 17:00:00+00:00,3058.185
2025-01-06 18:00:00+00:00,2899.835
2025-01-06 19:00:00+00:00,2958.785
2025-01-06 20:00:00+00:00,3127.01
2025-01-06 21:00:00+00:00,3340.255
2025-01-06 22:00:00+00:00,3445.895
2025-01-06 23:00:00+00:00,3471.38
2025-01-07 00:00:00+00:00,3367.06
2025-01-07 01:00:00+00:00,3108.405
2025-01-07 02:00:00+00:00,2715.435
2025-01-07 03:00:00+00:00,2386.555
2025-01-07 04:00:00+00:00,2088.295
2025-01-07 05:00:00+00:00,1834.16
2025-01-07 06:00:00+00:00,1558.4
2025-01-07 07:00:00+00:00,1440.165
2025-01-07 08:00:00+00:00,1360.07
2025-01-07 09:00:00+00:00,1364.685
2025-01-07 10:00:00+00:00,1376.24
2025-01-07 11:00:00+00:00,1362.315
2025-01-07 12:00:00+00:00,1187.1
2025-01-07 13:00:00+00:00,1186.935
2025-01-07 14:00:00+00:00,1158.46
2025-01-07 15:00:00+00:00,1114.115
2025-01-07 16:00:00+00:00,959.15
2025-01-07 17:00:00+00:00,822.0
2025-01-07 18:00:00+00:00,697.32
2025-01-07 19:00:00+00:00,628.235
2025-01-07 20:00:00+00:00,607.36
2025-01-07 21:00:00+00:00,545.34
2025-01-07 22:00:00+00:00,399.31
2025-01-07 23:00:00+00:00,308.055
2025-01-08 00:00:00+00:00,259.735
2025-01-08 01:00:00+00:00,225.595
2025-01-08 02:00:00+00:00,216.865
2025-01-08 03:00:00+00:00,283.61
2025-01-08 04:00:00+00:00,351.235
2025-01-08 05:00:00+00:00,387.635
2025-01-08 06:00:00+00:00,618.9
2025-01-08 07:00:00+00:00,750.695
2025-01-08 08:00:00+00:00,850.11
2025-01-08 09:00:00+00:00,739.085
2025-01-08 10:00:00+00:00,630.66
2025-01-08 11:00:00+00:00,612.52
2025-01-08 12:00:00+00:00,601.98
2025-01-08 13:00:00+00:00,640.52
2025-01-08 14:00:00+00:00,634.645
2025-01-08 15:00:00+00:00,635.905
2025-01-08 16:00:00+00:00,625.4
2025-01-08 17:00:00+00:00,578.39
2025-01-08 18:00:00+00:00,602.24
2025-01-08 19:00:00+00:00,552.73
2025-01-08 20:00:00+00:00,456.34
2025-01-08 21:00:00+00:00,362.925
2025-01-08 22:00:00+00:00,329.645
2025-01-08 23:00:00+00:00,315.87
2025-01-09 00:00:00+00:00,355.17
2025-01-09 01:00:00+00:00,377.72
2025-01-09 02:00:00+00:00,433.93
2025-01-09 03:00:00+00:00,487.555
2025-01-09 04:00:00+00:00,499.655
2025-01-09 05:00:00+00:00,532.055
2025-01-09 06:00:00+00:00,782.62
2025-01-09 07:00:00+00:00,835.52
2025-01-09 08:00:00+00:00,892.785
2025-01-09 09:00:00+00:00,809.96
2025-01-09 10:00:00+00:00,665.3
2025-01-09 11:00:00+00:00,493.395
2025-01-09 12:00:00+00:00,346.535
2025-01-09 13:00:00+00:00,283.59
2025-01-09 14:00:00+00:00,207.13
2025-01-09 15:00:00+00:00,137.105
2025-01-09 16:00:00+00:00,90.565
2025-01-09 17:00:00+00:00,86.485
2025-01-09 18:00:00+00:00,143.245
2025-01-09 19:00:00+00:00,251.72
2025-01-09 20:00:00+00:00,434.77
2025-01-09 21:00:00+00:00,733.37
2025-01-09 22:00:00+00:00,1044.05
2025-01-09 23:00:00+00:00,1268.425
2025-01-10 00:00:00+00:00,1591.96
2025-01-10 01:00:00+00:00,1760.1
2025-01-10 02:00:00+00:00,1955.04
2025-01-10 03:00:00+00:00,2059.755
2025-01-10 04:00:00+00:00,2260.775
2025-01-10 05:00:00+00:00,2449.115
2025-01-10 06:00:00+00:00,2462.13
2025-01-10 07:00:00+00:00,2639.56
2025-01-10 08:00:00+00:00,2726.485
2025-01-10 09:00:00+00:00,2767.125
2025-01-10 10:00:00+00:00,2785.995
2025-01-10 11:00:00+00:00,2747.725
2025-01-10 12:00:00+00:00,2690.085
2025-01-10 13:00:00+00:00,2617.82
2025-01-10 14:00:00+00:00,2568.975
2025-01-10 15:00:00+00:00,2471.36
2025-01-10 16:00:00+00:00,2339.81
2025-01-10 17:00:00+00:00,2216.35
2025-01-10 18:00:00+00:00,1964.98
2025-01-10 19:00:00+00:00,1884.62
2025-01-10 20:00:00+00:00,1827.03
2025-01-10 21:00:00+00:00,1777.625
2025-01-10 22:00:00+00:00,1761.865
2025-01-10 23:00:00+00:00,1804.95
2025-01-11 00:00:00+00:00,1646.24
2025-01-11 01:00:00+00:00,1689.075
2025-01-11 02:00:00+00:00,1652.425
2025-01-11 03:00:00+00:00,1520.87
2025-01-11 04:00:00+00:00,1430.26
2025-01-11 05:00:00+00:00,1291.5
2025-01-11 06:00:00+00:00,1083.08
2025-01-11 07:00:00+00:00,922.61
2025-01-11 08:00:00+00:00,790.79
2025-01-11 09:00:00+00:00,642.73
2025-01-11 10:00:00+00:00,468.045
2025-01-11 11:00:00+00:00,349.58
2025-01-11 12:00:00+00:00,228.48
2025-01-11 13:00:00+00:00,223.815
2025-01-11 14:00:00+00:00,217.115
2025-01-11 15:00:00+00:00,213.225
2025-01-11 16:00:00+00:00,190.215
2025-01-11 17:00:00+00:00,150.79
2025-01-11 18:00:00+00:00,123.68
2025-01-11 19:00:00+00:00,128.185
2025-01-11 20:00:00+00:00,127.265
2025-01-11 21:00:00+00:00,151.42
2025-01-11 22:00:00+00:00,230.055
2025-01-11 23:00:00+00:00,338.31
2025-01-12 00:00:00+00:00,562.26
2025-01-12 01:00:00+00:00,637.45
2025-01-12 02:00:00+00:00,722.82
2025-01-12 03:00:00+00:00,862.88
2025-01-12 04:00:00+00:00,1060.305
2025-01-12 05:00:00+00:00,1335.745
2025-01-12 06:00:00+00:00,1621.595
2025-01-12 07:00:00+00:00,1884.07
2025-01-12 08:00:00+00:00,2119.57
2025-01-12 09:00:00+00:00,2299.645
2025-01-12 10:00:00+00:00,2455.75
2025-01-12 11:00:00+00:00,2556.335
2025-01-12 12:00:00+00:00,2718.895
2025-01-12 13:00:00+00:00,2871.265
2025-01-12 14:00:00+00:00,2998.705
2025-01-12 15:00:00+00:00,3110.99
2025-01-12 16:00:00+00:00,3212.63
2025-01-12 17:00:00+00:00,3311.025
2025-01-12 18:00:00+00:00,3399.485
2025-01-12 19:00:00+00:00,3402.995
2025-01-12 20:00:00+00:00,3423.31
2025-01-12 21:00:00+00:00,3455.465
2025-01-12 22:00:00+00:00,3526.45
2025-01-12 23:00:00+00:00,3609.125
2025-01-13 00:00:00+00:00,3594.11
2025-01-13 01:00:00+00:00,3615.875
2025-01-13 02:00:00+00:00,3660.815
2025-01-13 03:00:00+00:00,3690.595
2025-01-13 04:00:00+00:00,3709.55
2025-01-13 05:00:00+00:00,3703.175
2025-01-13 06:00:00+00:00,3676.05
2025-01-13 07:00:00+00:00,3633.675
2025-01-13 08:00:00+00:00,3581.315
2025-01-13 09:00:00+00:00,3554.665
2025-01-13 10:00:00+00:00,3504.99
2025-01-13 11:00:00+00:00,3379.92
2025-01-13 12:00:00+00:00,3306.05
2025-01-13 13:00:00+00:00,3200.29
2025-01-13 14:00:00+00:00,2943.255
2025-01-13 15:00:00+00:00,2729.77
2025-01-13 16:00:00+00:00,2513.365
2025-01-13 17:00:00+00:00,2283.45
2025-01-13 18:00:00+00:00,2111.985
2025-01-13 19:00:00+00:00,1842.545
2025-01-13 20:00:00+00:00,1692.76
2025-01-13 21:00:00+00:00,1643.47
2025-01-13 22:00:00+00:00,1572.475
2025-01-13 23:00:00+00:00,1465.56
2025-01-14 00:00:00+00:00,1414.99
2025-01-14 01:00:00+00:00,1289.34
2025-01-14 02:00:00+00:00,1181.575
2025-01-14 03:00:00+00:00,1080.215
2025-01-14 04:00:00+00:00,998.43
2025-01-14 05:00:00+00:00,931.58
2025-01-14 06:00:00+00:00,962.01
2025-01-14 07:00:00+00:00,980.105
2025-01-14 08:00:00+00:00,969.66
2025-01-14 09:00:00+00:00,987.875
2025-01-14 10:00:00+00:00,1009.87
2025-01-14 11:00:00+00:00,1027.02
2025-01-14 12:00:00+00:00,1003.59
2025-01-14 13:00:00+00:00,1067.85
2025-01-14 14:00:00+00:00,1114.18
2025-01-14 15:00:00+00:00,1168.405
2025-01-14 16:00:00+00:00,1311.15
2025-01-14 17:00:00+00:00,1452.7
2025-01-14 18:00:00+00:00,1418.695
2025-01-14 19:00:00+00:00,1446.97
2025-01-14 20:00:00+00:00,1493.81
2025-01-14 21:00:00+00:00,1557.885
2025-01-14 22:00:00+00:00,1673.055
2025-01-14 23:00:00+00:00,1839.27
2025-01-15 00:00:00+00:00,1807.6
2025-01-15 01:00:00+00:00,1834.355
2025-01-15 02:00:00+00:00,1913.975
2025-01-15 03:00:00+00:00,1941.02
2025-01-15 04:00:00+00:00,1917.055
2025-01-15 05:00:00+00:00,1936.03
2025-01-15 06:00:00+00:00,2006.455
2025-01-15 07:00:00+00:00,2029.06
2025-01-15 08:00:00+00:00,1983.435
2025-01-15 09:00:00+00:00,2005.52
2025-01-15 10:00:00+00:00,2086.1
2025-01-15 11:00:00+00:00,2126.965
2025-01-15 12:00:00+00:00,2110.555
2025-01-15 13:00:00+00:00,2050.665
2025-01-15 14:00:00+00:00,1995.05
2025-01-15 15:00:00+00:00,1929.295
2025-01-15 16:00:00+00:00,1844.225
2025-01-15 17:00:00+00:00,1733.0
2025-01-15 18:00:00+00:00,1900.68
2025-01-15 19:00:00+00:00,1947.66
2025-01-15 20:00:00+00:00,1967.865
2025-01-15 21:00:00+00:00,1947.755
2025-01-15 22:00:00+00:00,1855.1
2025-01-15 23:00:00+00:00,1815.74
2025-01-16 00:00:00+00:00,1876.205
2025-01-16 01:00:00+00:00,2046.99
2025-01-16 02:00:00+00:00,2104.095
2025-01-16 03:00:00+00:00,2102.55
2025-01-16 04:00:00+00:00,2059.77
2025-01-16 05:00:00+00:00,2099.05
2025-01-16 06:00:00+00:00,2230.995
2025-01-16 07:00:00+00:00,2323.04
2025-01-16 08:00:00+00:00,2316.36
2025-01-16 09:00:00+00:00,2297.76
2025-01-16 10:00:00+00:00,2298.065
2025-01-16 11:00:00+00:00,2304.52
2025-01-16 12:00:00+00:00,2468.24
2025-01-16 13:00:00+00:00,2581.075
2025-01-16 14:00:00+00:00,2702.745
2025-01-16 15:00:00+00:00,2745.99
2025-01-16 16:00:00+00:00,2730.325
2025-01-16 17:00:00+00:00,2815.14
2025-01-16 18:00:00+00:00,3145.19
2025-01-16 19:00:00+00:00,3233.885
2025-01-16 20:00:00+00:00,3243.745
2025-01-16 21:00:00+00:00,3225.09
2025-01-16 22:00:00+00:00,3230.205
2025-01-16 23:00:00+00:00,3254.405
2025-01-17 00:00:00+00:00,3270.895
2025-01-17 01:00:00+00:00,3153.575
2025-01-17 02:00:00+00:00,2941.225
2025-01-17 03:00:00+00:00,2650.045
2025-01-17 04:00:00+00:00,2336.8
2025-01-17 05:00:00+00:00,2119.215
2025-01-17 06:00:00+00:00,2127.665
2025-01-17 07:00:00+00:00,2025.6
2025-01-17 08:00:00+00:00,2014.7
2025-01-17 09:00:00+00:00,2112.42
2025-01-17 10:00:00+00:00,2249.92
2025-01-17 11:00:00+00:00,2297.72
2025-01-17 12:00:00+00:00,2461.545
2025-01-17 13:00:00+00:00,2487.315
2025-01-17 14:00:00+00:00,2434.355
2025-01-17 15:00:00+00:00,2390.15
2025-01-17 16:00:00+00:00,2420.805
2025-01-17 17:00:00+00:00,2527.19
2025-01-17 18:00:00+00:00,2623.16
2025-01-17 19:00:00+00:00,2755.175
2025-01-17 20:00:00+00:00,2901.145
2025-01-17 21:00:00+00:00,3021.115
2025-01-17 22:00:00+00:00,3113.17
2025-01-17 23:00:00+00:00,3131.295
2025-01-18 00:00:00+00:00,2869.93
2025-01-18 01:00:00+00:00,2932.84
2025-01-18 02:00:00+00:00,3003.54
2025-01-18 03:00:00+00:00,3096.78
2025-01-18 04:00:00+00:00,3105.92
2025-01-18 05:00:00+00:00,3066.145
2025-01-18 06:00:00+00:00,2975.075
2025-01-18 07:00:00+00:00,2985.315
2025-01-18 08:00:00+00:00,2981.145
2025-01-18 09:00:00+00:00,3002.22
2025-01-18 10:00:00+00:00,3079.025
2025-01-18 11:00:00+00:00,3129.875
2025-01-18 12:00:00+00:00,2958.275
2025-01-18 13:00:00+00:00,2914.53
2025-01-18 14:00:00+00:00,2869.4
2025-01-18 15:00:00+00:00,2792.8
2025-01-18 16:00:00+00:00,2627.805
2025-01-18 17:00:00+00:00,2513.545
2025-01-18 18:00:00+00:00,2319.205
2025-01-18 19:00:00+00:00,2296.165
2025-01-18 20:00:00+00:00,2342.2
2025-01-18 21:00:00+00:00,2353.13
2025-01-18 22:00:00+00:00,2388.82
2025-01-18 23:00:00+00:00,2339.335
2025-01-19 00:00:00+00:00,2061.465
2025-01-19 01:00:00+00:00,2003.19
2025-01-19 02:00:00+00:00,1931.87
2025-01-19 03:00:00+00:00,1770.2
2025-01-19 04:00:00+00:00,1586.23
2025-01-19 05:00:00+00:00,1515.25
2025-01-19 06:00:00+00:00,1584.58
2025-01-19 07:00:00+00:00,1605.325
2025-01-19 08:00:00+00:00,1508.28
2025-01-19 09:00:00+00:00,1431.33
2025-01-19 10:00:00+00:00,1427.22
2025-01-19 11:00:00+00:00,1383.735
2025-01-19 12:00:00+00:00,1340.05
2025-01-19 13:00:00+00:00,1241.865
2025-01-19 14:00:00+00:00,1106.675
2025-01-19 15:00:00+00:00,976.6
2025-01-19 16:00:00+00:00,870.855
2025-01-19 17:00:00+00:00,800.3
2025-01-19 18:00:00+00:00,821.405
2025-01-19 19:00:00+00:00,771.86
2025-01-19 20:00:00+00:00,640.675
2025-01-19 21:00:00+00:00,500.53
2025-01-19 22:00:00+00:00,399.595
2025-01-19 23:00:00+00:00,350.385
2025-01-20 00:00:00+00:00,311.315
2025-01-20 01:00:00+00:00,307.84
2025-01-20 02:00:00+00:00,277.505
2025-01-20 03:00:00+00:00,226.105
2025-01-20 04:00:00+00:00,166.52
2025-01-20 05:00:00+00:00,143.195
2025-01-20 06:00:00+00:00,114.23
2025-01-20 07:00:00+00:00,111.91
2025-01-20 08:00:00+00:00,104.655
2025-01-20 09:00:00+00:00,98.12
2025-01-20 10:00:00+00:00,91.685
2025-01-20 11:00:00+00:00,89.325
2025-01-20 12:00:00+00:00,98.98
2025-01-20 13:00:00+00:00,100.215
2025-01-20 14:00:00+00:00,93.97
2025-01-20 15:00:00+00:00,99.865
2025-01-20 16:00:00+00:00,110.23
2025-01-20 17:00:00+00:00,138.11
2025-01-20 18:00:00+00:00,171.305
2025-01-20 19:00:00+00:00,212.715
2025-01-20 20:00:00+00:00,244.555
2025-01-20 21:00:00+00:00,281.855
2025-01-20 22:00:00+00:00,298.38
2025-01-20 23:00:00+00:00,283.63
2025-01-21 00:00:00+00:00,220.455
2025-01-21 01:00:00+00:00,219.365
2025-01-21 02:00:00+00:00,214.315
2025-01-21 03:00:00+00:00,207.58
2025-01-21 04:00:00+00:00,201.315
2025-01-21 05:00:00+00:00,200.565
2025-01-21 06:00:00+00:00,185.225
2025-01-21 07:00:00+00:00,210.58
2025-01-21 08:00:00+00:00,232.93
2025-01-21 09:00:00+00:00,259.405
2025-01-21 10:00:00+00:00,280.14
2025-01-21 11:00:00+00:00,276.83
2025-01-21 12:00:00+00:00,256.535
2025-01-21 13:00:00+00:00,231.96
2025-01-21 14:00:00+00:00,195.365
2025-01-21 15:00:00+00:00,157.935
2025-01-21 16:00:00+00:00,136.585
2025-01-21 17:00:00+00:00,135.505
2025-01-21 18:00:00+00:00,142.12
2025-01-21 19:00:00+00:00,124.705
2025-01-21 20:00:00+00:00,117.095
2025-01-21 21:00:00+00:00,103.63
2025-01-21 22:00:00+00:00,94.88
2025-01-21 23:00:00+00:00,102.695
2025-01-22 00:00:00+00:00,89.3
2025-01-22 01:00:00+00:00,83.855
2025-01-22 02:00:00+00:00,79.705
2025-01-22 03:00:00+00:00,85.675
2025-01-22 04:00:00+00:00,92.77
2025-01-22 05:00:00+00:00,99.33
2025-01-22 06:00:00+00:00,155.13
2025-01-22 07:00:00+00:00,141.36
2025-01-22 08:00:00+00:00,160.105
2025-01-22 09:00:00+00:00,174.95
2025-01-22 10:00:00+00:00,178.325
2025-01-22 11:00:00+00:00,179.9
2025-01-22 12:00:00+00:00,220.775
2025-01-22 13:00:00+00:00,295.935
2025-01-22 14:00:00+00:00,376.345
2025-01-22 15:00:00+00:00,417.26
2025-01-22 16:00:00+00:00,466.405
2025-01-22 17:00:00+00:00,446.095
2025-01-22 18:00:00+00:00,427.67
2025-01-22 19:00:00+00:00,462.645
2025-01-22 20:00:00+00:00,462.38
2025-01-22 21:00:00+00:00,447.79
2025-01-22 22:00:00+00:00,504.875
2025-01-22 23:00:00+00:00,650.125
2025-01-23 00:00:00+00:00,1008.31
2025-01-23 01:00:00+00:00,1328.495
2025-01-23 02:00:00+00:00,1800.98
2025-01-23 03:00:00+00:00,2413.765
2025-01-23 04:00:00+00:00,3056.82
2025-01-23 05:00:00+00:00,3513.065
2025-01-23 06:00:00+00:00,3609.05
2025-01-23 07:00:00+00:00,3658.08
2025-01-23 08:00:00+00:00,3787.93
2025-01-23 09:00:00+00:00,3946.995
2025-01-23 10:00:00+00:00,4087.26
2025-01-23 11:00:00+00:00,4098.75
2025-01-23 12:00:00+00:00,3992.71
2025-01-23 13:00:00+00:00,3781.95
2025-01-23 14:00:00+00:00,3304.855
2025-01-23 15:00:00+00:00,2569.915
2025-01-23 16:00:00+00:00,1718.77
2025-01-23 17:00:00+00:00,1271.22
2025-01-23 18:00:00+00:00,1250.325
2025-01-23 19:00:00+00:00,2079.455
2025-01-23 20:00:00+00:00,3135.91
2025-01-23 21:00:00+00:00,3805.795
2025-01-23 22:00:00+00:00,3915.475
2025-01-23 23:00:00+00:00,3982.43
2025-01-24 00:00:00+00:00,3361.4
2025-01-24 01:00:00+00:00,2833.75
2025-01-24 02:00:00+00:00,2059.865
2025-01-24 03:00:00+00:00,1563.41
2025-01-24 04:00:00+00:00,1526.565
2025-01-24 05:00:00+00:00,1668.465
2025-01-24 06:00:00+00:00,1962.22
2025-01-24 07:00:00+00:00,2362.945
2025-01-24 08:00:00+00:00,2585.645
2025-01-24 09:00:00+00:00,2744.47
2025-01-24 10:00:00+00:00,2856.66
2025-01-24 11:00:00+00:00,2864.6
2025-01-24 12:00:00+00:00,2873.4
2025-01-24 13:00:00+00:00,2775.025
2025-01-24 14:00:00+00:00,2641.02
2025-01-24 15:00:00+00:00,2422.555
2025-01-24 16:00:00+00:00,2144.95
2025-01-24 17:00:00+00:00,1901.115
2025-01-24 18:00:00+00:00,1953.805
2025-01-24 19:00:00+00:00,1879.545
2025-01-24 20:00:00+00:00,1770.7
2025-01-24 21:00:00+00:00,1616.3
2025-01-24 22:00:00+00:00,1496.045
2025-01-24 23:00:00+00:00,1430.83
2025-01-25 00:00:00+00:00,1379.425
2025-01-25 01:00:00+00:00,1288.655
2025-01-25 02:00:00+00:00,1217.785
2025-01-25 03:00:00+00:00,1129.3
2025-01-25 04:00:00+00:00,1036.34
2025-01-25 05:00:00+00:00,971.05
2025-01-25 06:00:00+00:00,876.675
2025-01-25 07:00:00+00:00,718.405
2025-01-25 08:00:00+00:00,637.48
2025-01-25 09:00:00+00:00,691.52
2025-01-25 10:00:00+00:00,862.145
2025-01-25 11:00:00+00:00,1166.835
2025-01-25 12:00:00+00:00,1651.99
2025-01-25 13:00:00+00:00,1878.24
2025-01-25 14:00:00+00:00,1914.63
2025-01-25 15:00:00+00:00,1974.2
2025-01-25 16:00:00+00:00,2014.36
2025-01-25 17:00:00+00:00,1771.56
2025-01-25 18:00:00+00:00,1280.93
2025-01-25 19:00:00+00:00,1207.745
2025-01-25 20:00:00+00:00,1214.725
2025-01-25 21:00:00+00:00,1212.43
2025-01-25 22:00:00+00:00,1064.19
2025-01-25 23:00:00+00:00,942.885
2025-01-26 00:00:00+00:00,884.035
2025-01-26 01:00:00+00:00,1035.205
2025-01-26 02:00:00+00:00,1250.97
2025-01-26 03:00:00+00:00,1604.76
2025-01-26 04:00:00+00:00,2060.145
2025-01-26 05:00:00+00:00,2548.905
2025-01-26 06:00:00+00:00,3090.44
2025-01-26 07:00:00+00:00,3447.375
2025-01-26 08:00:00+00:00,3669.765
2025-01-26 09:00:00+00:00,3669.205
2025-01-26 10:00:00+00:00,3480.765
2025-01-26 11:00:00+00:00,3448.085
2025-01-26 12:00:00+00:00,3543.585
2025-01-26 13:00:00+00:00,3558.425
2025-01-26 14:00:00+00:00,3584.2
2025-01-26 15:00:00+00:00,3505.41
2025-01-26 16:00:00+00:00,3442.745
2025-01-26 17:00:00+00:00,3398.79
2025-01-26 18:00:00+00:00,3344.865
2025-01-26 19:00:00+00:00,3256.885
2025-01-26 20:00:00+00:00,3191.435
2025-01-26 21:00:00+00:00,3185.215
2025-01-26 22:00:00+00:00,3198.405
2025-01-26 23:00:00+00:00,3233.625
2025-01-27 00:00:00+00:00,3225.095
2025-01-27 01:00:00+00:00,3298.615
2025-01-27 02:00:00+00:00,3330.19
2025-01-27 03:00:00+00:00,3300.945
2025-01-27 04:00:00+00:00,3273.5
2025-01-27 05:00:00+00:00,3265.13
2025-01-27 06:00:00+00:00,3184.45
2025-01-27 07:00:00+00:00,3101.765
2025-01-27 08:00:00+00:00,2902.5
2025-01-27 09:00:00+00:00,2701.07
2025-01-27 10:00:00+00:00,2411.085
2025-01-27 11:00:00+00:00,2077.24
2025-01-27 12:00:00+00:00,1964.15
2025-01-27 13:00:00+00:00,1704.815
2025-01-27 14:00:00+00:00,1454.255
2025-01-27 15:00:00+00:00,1188.16
2025-01-27 16:00:00+00:00,906.47
2025-01-27 17:00:00+00:00,745.26
2025-01-27 18:00:00+00:00,602.125
2025-01-27 19:00:00+00:00,685.35
2025-01-27 20:00:00+00:00,821.395
2025-01-27 21:00:00+00:00,1101.415
2025-01-27 22:00:00+00:00,1448.22
2025-01-27 23:00:00+00:00,1818.27
2025-01-28 00:00:00+00:00,2004.8
2025-01-28 01:00:00+00:00,2283.115
2025-01-28 02:00:00+00:00,2551.575
2025-01-28 03:00:00+00:00,2739.725
2025-01-28 04:00:00+00:00,2837.98
2025-01-28 05:00:00+00:00,3002.07
2025-01-28 06:00:00+00:00,3158.38
2025-01-28 07:00:00+00:00,3190.305
2025-01-28 08:00:00+00:00,3252.735
2025-01-28 09:00:00+00:00,3325.21
2025-01-28 10:00:00+00:00,3349.335
2025-01-28 11:00:00+00:00,3325.355
2025-01-28 12:00:00+00:00,3249.57
2025-01-28 13:00:00+00:00,3224.155
2025-01-28 14:00:00+00:00,3116.24
2025-01-28 15:00:00+00:00,3031.55
2025-01-28 16:00:00+00:00,2891.295
2025-01-28 17:00:00+00:00,2629.29
2025-01-28 18:00:00+00:00,2405.01
2025-01-28 19:00:00+00:00,2092.77
2025-01-28 20:00:00+00:00,1740.435
2025-01-28 21:00:00+00:00,1327.765
2025-01-28 22:00:00+00:00,1022.145
2025-01-28 23:00:00+00:00,788.16
2025-01-29 00:00:00+00:00,567.59
2025-01-29 01:00:00+00:00,418.73
2025-01-29 02:00:00+00:00,337.42
2025-01-29 03:00:00+00:00,308.56
2025-01-29 04:00:00+00:00,323.68
2025-01-29 05:00:00+00:00,371.03
2025-01-29 06:00:00+00:00,536.005
2025-01-29 07:00:00+00:00,847.98
2025-01-29 08:00:00+00:00,1161.025
2025-01-29 09:00:00+00:00,1433.945
2025-01-29 10:00:00+00:00,1675.445
2025-01-29 11:00:00+00:00,1930.115
2025-01-29 12:00:00+00:00,2297.7
2025-01-29 13:00:00+00:00,2376.4
2025-01-29 14:00:00+00:00,2368.275
2025-01-29 15:00:00+00:00,2471.29
2025-01-29 16:00:00+00:00,2423.5
2025-01-29 17:00:00+00:00,2216.49
2025-01-29 18:00:00+00:00,1806.89
2025-01-29 19:00:00+00:00,1802.38
2025-01-29 20:00:00+00:00,1785.13
2025-01-29 21:00:00+00:00,1707.405
2025-01-29 22:00:00+00:00,1602.865
2025-01-29 23:00:00+00:00,1477.36
2025-01-30 00:00:00+00:00,1197.145
2025-01-30 01:00:00+00:00,1232.655
2025-01-30 02:00:00+00:00,1182.175
2025-01-30 03:00:00+00:00,994.86
2025-01-30 04:00:00+00:00,880.325
2025-01-30 05:00:00+00:00,735.78
2025-01-30 06:00:00+00:00,581.86
2025-01-30 07:00:00+00:00,533.535
2025-01-30 08:00:00+00:00,422.935
2025-01-30 09:00:00+00:00,431.525
2025-01-30 10:00:00+00:00,530.305
2025-01-30 11:00:00+00:00,629.65
2025-01-30 12:00:00+00:00,720.025
2025-01-30 13:00:00+00:00,823.5
2025-01-30 14:00:00+00:00,1089.1
2025-01-30 15:00:00+00:00,1466.795
2025-01-30 16:00:00+00:00,1829.79
2025-01-30 17:00:00+00:00,2287.785
2025-01-30 18:00:00+00:00,2691.835
2025-01-30 19:00:00+00:00,3130.795
2025-01-30 20:00:00+00:00,3342.975
2025-01-30 21:00:00+00:00,3316.545
2025-01-30 22:00:00+00:00,3110.245
2025-01-30 23:00:00+00:00,2896.49
2025-01-31 00:00:00+00:00,2561.905
2025-01-31 01:00:00+00:00,2269.73
2025-01-31 02:00:00+00:00,1971.195
2025-01-31 03:00:00+00:00,1657.755
2025-01-31 04:00:00+00:00,1354.55
2025-01-31 05:00:00+00:00,962.05
2025-01-31 06:00:00+00:00,637.835
2025-01-31 07:00:00+00:00,434.715
2025-01-31 08:00:00+00:00,292.25
2025-01-31 09:00:00+00:00,190.585
2025-01-31 10:00:00+00:00,125.45
2025-01-31 11:00:00+00:00,87.77
2025-01-31 12:00:00+00:00,102.96
2025-01-31 13:00:00+00:00,123.49
2025-01-31 14:00:00+00:00,155.965
2025-01-31 15:00:00+00:00,213.11
2025-01-31 16:00:00+00:00,301.375
2025-01-31 17:00:00+00:00,477.925
2025-01-31 18:00:00+00:00,750.62
2025-01-31 19:00:00+00:00,968.925
2025-01-31 20:00:00+00:00,1196.11
2025-01-31 21:00:00+00:00,1549.115
2025-01-31 22:00:00+00:00,1931.88
2025-01-31 23:00:00+00:00,2205.035
2025-02-01 00:00:00+00:00,2182.36
2025-02-01 01:00:00+00:00,2305.815
2025-02-01 02:00:00+00:00,2558.75
2025-02-01 03:00:00+00:00,2786.91
2025-02-01 04:00:00+00:00,2976.965
2025-02-01 05:00:00+00:00,3102.86
2025-02-01 06:00:00+00:00,3110.265
2025-02-01 07:00:00+00:00,3196.23
2025-02-01 08:00:00+00:00,3311.21
2025-02-01 09:00:00+00:00,3454.96
2025-02-01 10:00:00+00:00,3575.695
2025-02-01 11:00:00+00:00,3619.83
2025-02-01 12:00:00+00:00,3516.7
2025-02-01 13:00:00+00:00,3599.145
2025-02-01 14:00:00+00:00,3701.775
2025-02-01 15:00:00+00:00,3768.065
2025-02-01 16:00:00+00:00,3836.47
2025-02-01 17:00:00+00:00,3906.775
2025-02-01 18:00:00+00:00,3880.19
2025-02-01 19:00:00+00:00,3852.42
2025-02-01 20:00:00+00:00,3845.295
2025-02-01 21:00:00+00:00,3786.99
2025-02-01 22:00:00+00:00,3554.435
2025-02-01 23:00:00+00:00,3123.21
2025-02-02 00:00:00+00:00,2603.7
2025-02-02 01:00:00+00:00,2281.52
2025-02-02 02:00:00+00:00,2257.03
2025-02-02 03:00:00+00:00,2171.81
2025-02-02 04:00:00+00:00,2271.67
2025-02-02 05:00:00+00:00,2449.275
2025-02-02 06:00:00+00:00,2646.61
2025-02-02 07:00:00+00:00,2341.37
2025-02-02 08:00:00+00:00,1976.255
2025-02-02 09:00:00+00:00,1400.535
2025-02-02 10:00:00+00:00,836.815
2025-02-02 11:00:00+00:00,671.055
2025-02-02 12:00:00+00:00,850.01
2025-02-02 13:00:00+00:00,779.6
2025-02-02 14:00:00+00:00,618.4
2025-02-02 15:00:00+00:00,650.535
2025-02-02 16:00:00+00:00,893.35
2025-02-02 17:00:00+00:00,1268.6
2025-02-02 18:00:00+00:00,1593.12
2025-02-02 19:00:00+00:00,2014.755
2025-02-02 20:00:00+00:00,2337.39
2025-02-02 21:00:00+00:00,2564.35
2025-02-02 22:00:00+00:00,2792.62
2025-02-02 23:00:00+00:00,2968.475
2025-02-03 00:00:00+00:00,2983.815
2025-02-03 01:00:00+00:00,3040.955
2025-02-03 02:00:00+00:00,3031.05
2025-02-03 03:00:00+00:00,3082.395
2025-02-03 04:00:00+00:00,3213.005
2025-02-03 05:00:00+00:00,3326.295
2025-02-03 06:00:00+00:00,3377.125
2025-02-03 07:00:00+00:00,3446.13
2025-02-03 08:00:00+00:00,3627.595
2025-02-03 09:00:00+00:00,3776.695
2025-02-03 10:00:00+00:00,3885.55
2025-02-03 11:00:00+00:00,3971.92
2025-02-03 12:00:00+00:00,3939.135
2025-02-03 13:00:00+00:00,4015.08
2025-02-03 14:00:00+00:00,4070.2
2025-02-03 15:00:00+00:00,4102.81
2025-02-03 16:00:00+00:00,4116.795
2025-02-03 17:00:00+00:00,4140.355
2025-02-03 18:00:00+00:00,4146.57
2025-02-03 19:00:00+00:00,4160.905
2025-02-03 20:00:00+00:00,4186.09
2025-02-03 21:00:00+00:00,4197.295
2025-02-03 22:00:00+00:00,4189.345
2025-02-03 23:00:00+00:00,4161.61
2025-02-04 00:00:00+00:00,4098.045
2025-02-04 01:00:00+00:00,3922.095
2025-02-04 02:00:00+00:00,3622.535
2025-02-04 03:00:00+00:00,3272.245
2025-02-04 04:00:00+00:00,2944.29
2025-02-04 05:00:00+00:00,2822.435
2025-02-04 06:00:00+00:00,2496.28
2025-02-04 07:00:00+00:00,2525.65
2025-02-04 08:00:00+00:00,2872.65
2025-02-04 09:00:00+00:00,3183.605
2025-02-04 10:00:00+00:00,3356.185
2025-02-04 11:00:00+00:00,3399.965
2025-02-04 12:00:00+00:00,3512.635
2025-02-04 13:00:00+00:00,3260.37
2025-02-04 14:00:00+00:00,3032.32
2025-02-04 15:00:00+00:00,2910.465
2025-02-04 16:00:00+00:00,2760.66
2025-02-04 17:00:00+00:00,2536.935
2025-02-04 18:00:00+00:00,2516.835
2025-02-04 19:00:00+00:00,2586.61
2025-02-04 20:00:00+00:00,2608.08
2025-02-04 21:00:00+00:00,2606.105
2025-02-04 22:00:00+00:00,2512.205
2025-02-04 23:00:00+00:00,2374.825
2025-02-05 00:00:00+00:00,2206.735
2025-02-05 01:00:00+00:00,2141.89
2025-02-05 02:00:00+00:00,1909.755
2025-02-05 03:00:00+00:00,1687.26
2025-02-05 04:00:00+00:00,1413.08
2025-02-05 05:00:00+00:00,1164.305
2025-02-05 06:00:00+00:00,926.995
2025-02-05 07:00:00+00:00,832.755
2025-02-05 08:00:00+00:00,844.115
2025-02-05 09:00:00+00:00,803.55
2025-02-05 10:00:00+00:00,728.57
2025-02-05 11:00:00+00:00,695.12
2025-02-05 12:00:00+00:00,667.88
2025-02-05 13:00:00+00:00,622.535
2025-02-05 14:00:00+00:00,517.765
2025-02-05 15:00:00+00:00,391.11
2025-02-05 16:00:00+00:00,316.695
2025-02-05 17:00:00+00:00,286.825
2025-02-05 18:00:00+00:00,354.8
2025-02-05 19:00:00+00:00,376.03
2025-02-05 20:00:00+00:00,391.275
2025-02-05 21:00:00+00:00,446.01
2025-02-05 22:00:00+00:00,538.615
2025-02-05 23:00:00+00:00,617.465
2025-02-06 00:00:00+00:00,716.395
2025-02-06 01:00:00+00:00,701.965
2025-02-06 02:00:00+00:00,739.14
2025-02-06 03:00:00+00:00,893.92
2025-02-06 04:00:00+00:00,1086.08
2025-02-06 05:00:00+00:00,1365.99
2025-02-06 06:00:00+00:00,1599.955
2025-02-06 07:00:00+00:00,1669.325
2025-02-06 08:00:00+00:00,1742.88
2025-02-06 09:00:00+00:00,1644.295
2025-02-06 10:00:00+00:00,1558.905
2025-02-06 11:00:00+00:00,1629.075
2025-02-06 12:00:00+00:00,1784.93
2025-02-06 13:00:00+00:00,1822.925
2025-02-06 14:00:00+00:00,1812.87
2025-02-06 15:00:00+00:00,1755.94
2025-02-06 16:00:00+00:00,1824.575
2025-02-06 17:00:00+00:00,1939.135
2025-02-06 18:00:00+00:00,2009.345
2025-02-06 19:00:00+00:00,1976.64
2025-02-06 20:00:00+00:00,1997.635
2025-02-06 21:00:00+00:00,1993.86
2025-02-06 22:00:00+00:00,2006.29
2025-02-06 23:00:00+00:00,2051.295
2025-02-07 00:00:00+00:00,1879.655
2025-02-07 01:00:00+00:00,1706.51
2025-02-07 02:00:00+00:00,1521.875
2025-02-07 03:00:00+00:00,1386.82
2025-02-07 04:00:00+00:00,1432.485
2025-02-07 05:00:00+00:00,1543.815
2025-02-07 06:00:00+00:00,1587.725
2025-02-07 07:00:00+00:00,1461.665
2025-02-07 08:00:00+00:00,1230.985
2025-02-07 09:00:00+00:00,1175.06
2025-02-07 10:00:00+00:00,1148.825
2025-02-07 11:00:00+00:00,1085.875
2025-02-07 12:00:00+00:00,950.005
2025-02-07 13:00:00+00:00,899.47
2025-02-07 14:00:00+00:00,887.45
2025-02-07 15:00:00+00:00,907.325
2025-02-07 16:00:00+00:00,929.425
2025-02-07 17:00:00+00:00,889.535
2025-02-07 18:00:00+00:00,729.435
2025-02-07 19:00:00+00:00,782.745
2025-02-07 20:00:00+00:00,815.22
2025-02-07 21:00:00+00:00,870.565
2025-02-07 22:00:00+00:00,848.91
2025-02-07 23:00:00+00:00,794.345
2025-02-08 00:00:00+00:00,693.17
2025-02-08 01:00:00+00:00,645.445
2025-02-08 02:00:00+00:00,542.31
2025-02-08 03:00:00+00:00,452.83
2025-02-08 04:00:00+00:00,432.985
2025-02-08 05:00:00+00:00,361.66
2025-02-08 06:00:00+00:00,298.91
2025-02-08 07:00:00+00:00,238.61
2025-02-08 08:00:00+00:00,197.295
2025-02-08 09:00:00+00:00,192.375
2025-02-08 10:00:00+00:00,200.89
2025-02-08 11:00:00+00:00,217.2
2025-02-08 12:00:00+00:00,214.62
2025-02-08 13:00:00+00:00,203.72
2025-02-08 14:00:00+00:00,192.19
2025-02-08 15:00:00+00:00,222.415
2025-02-08 16:00:00+00:00,294.59
2025-02-08 17:00:00+00:00,363.735
2025-02-08 18:00:00+00:00,352.145
2025-02-08 19:00:00+00:00,391.45
2025-02-08 20:00:00+00:00,428.825
2025-02-08 21:00:00+00:00,529.17
2025-02-08 22:00:00+00:00,654.875
2025-02-08 23:00:00+00:00,766.405
2025-02-09 00:00:00+00:00,777.025
2025-02-09 01:00:00+00:00,899.035
2025-02-09 02:00:00+00:00,1007.005
2025-02-09 03:00:00+00:00,1087.915
2025-02-09 04:00:00+00:00,1119.32
2025-02-09 05:00:00+00:00,1144.14
2025-02-09 06:00:00+00:00,1153.04
2025-02-09 07:00:00+00:00,1234.25
2025-02-09 08:00:00+00:00,1330.13
2025-02-09 09:00:00+00:00,1393.365
2025-02-09 10:00:00+00:00,1396.955
2025-02-09 11:00:00+00:00,1407.15
2025-02-09 12:00:00+00:00,1436.755
2025-02-09 13:00:00+00:00,1499.28
2025-02-09 14:00:00+00:00,1566.68
2025-02-09 15:00:00+00:00,1594.91
2025-02-09 16:00:00+00:00,1563.665
2025-02-09 17:00:00+00:00,1551.255
2025-02-09 18:00:00+00:00,1621.35
2025-02-09 19:00:00+00:00,1674.745
2025-02-09 20:00:00+00:00,1735.065
2025-02-09 21:00:00+00:00,1812.65
2025-02-09 22:00:00+00:00,1858.88
2025-02-09 23:00:00+00:00,1907.5
2025-02-10 00:00:00+00:00,1682.24
2025-02-10 01:00:00+00:00,1559.505
2025-02-10 02:00:00+00:00,1484.725
2025-02-10 03:00:00+00:00,1498.505
2025-02-10 04:00:00+00:00,1562.2
2025-02-10 05:00:00+00:00,1728.095
2025-02-10 06:00:00+00:00,1716.28
2025-02-10 07:00:00+00:00,1809.095
2025-02-10 08:00:00+00:00,1796.705
2025-02-10 09:00:00+00:00,1747.815
2025-02-10 10:00:00+00:00,1689.99
2025-02-10 11:00:00+00:00,1716.38
2025-02-10 12:00:00+00:00,1737.335
2025-02-10 13:00:00+00:00,1619.785
2025-02-10 14:00:00+00:00,1496.975
2025-02-10 15:00:00+00:00,1415.14
2025-02-10 16:00:00+00:00,1377.855
2025-02-10 17:00:00+00:00,1347.41
2025-02-10 18:00:00+00:00,1253.68
2025-02-10 19:00:00+00:00,1257.045
2025-02-10 20:00:00+00:00,1262.365
2025-02-10 21:00:00+00:00,1223.61
2025-02-10 22:00:00+00:00,1186.615
2025-02-10 23:00:00+00:00,1161.26
2025-02-11 00:00:00+00:00,1061.89
2025-02-11 01:00:00+00:00,1074.065
2025-02-11 02:00:00+00:00,1101.45
2025-02-11 03:00:00+00:00,1102.865
2025-02-11 04:00:00+00:00,1059.355
2025-02-11 05:00:00+00:00,1063.04
2025-02-11 06:00:00+00:00,1202.875
2025-02-11 07:00:00+00:00,1113.82
2025-02-11 08:00:00+00:00,1081.6
2025-02-11 09:00:00+00:00,1102.28
2025-02-11 10:00:00+00:00,1163.535
2025-02-11 11:00:00+00:00,1184.23
2025-02-11 12:00:00+00:00,1354.85
2025-02-11 13:00:00+00:00,1312.635
2025-02-11 14:00:00+00:00,1304.62
2025-02-11 15:00:00+00:00,1332.995
2025-02-11 16:00:00+00:00,1378.9
2025-02-11 17:00:00+00:00,1441.21
2025-02-11 18:00:00+00:00,1923.045
2025-02-11 19:00:00+00:00,2044.445
2025-02-11 20:00:00+00:00,2189.665
2025-02-11 21:00:00+00:00,2310.685
2025-02-11 22:00:00+00:00,2323.88
2025-02-11 23:00:00+00:00,2280.775
2025-02-12 00:00:00+00:00,2483.45
2025-02-12 01:00:00+00:00,2357.355
2025-02-12 02:00:00+00:00,2295.58
2025-02-12 03:00:00+00:00,2306.44
2025-02-12 04:00:00+00:00,2367.655
2025-02-12 05:00:00+00:00,2414.415
2025-02-12 06:00:00+00:00,2571.93
2025-02-12 07:00:00+00:00,2426.36
2025-02-12 08:00:00+00:00,2279.265
2025-02-12 09:00:00+00:00,2254.745
2025-02-12 10:00:00+00:00,2239.72
2025-02-12 11:00:00+00:00,2196.41
2025-02-12 12:00:00+00:00,2098.005
2025-02-12 13:00:00+00:00,2008.155
2025-02-12 14:00:00+00:00,1925.315
2025-02-12 15:00:00+00:00,1848.75
2025-02-12 16:00:00+00:00,1761.22
2025-02-12 17:00:00+00:00,1725.74
2025-02-12 18:00:00+00:00,2094.875
2025-02-12 19:00:00+00:00,2073.795
2025-02-12 20:00:00+00:00,2044.945
2025-02-12 21:00:00+00:00,2056.33
2025-02-12 22:00:00+00:00,2024.79
2025-02-12 23:00:00+00:00,2020.57
2025-02-13 00:00:00+00:00,2153.155
2025-02-13 01:00:00+00:00,2026.96
2025-02-13 02:00:00+00:00,1969.265
2025-02-13 03:00:00+00:00,1985.96
2025-02-13 04:00:00+00:00,2063.04
2025-02-13 05:00:00+00:00,2195.96
2025-02-13 06:00:00+00:00,2423.385
2025-02-13 07:00:00+00:00,2435.9
2025-02-13 08:00:00+00:00,2572.58
2025-02-13 09:00:00+00:00,2811.705
2025-02-13 10:00:00+00:00,3223.795
2025-02-13 11:00:00+00:00,3525.76
2025-02-13 12:00:00+00:00,3687.025
2025-02-13 13:00:00+00:00,3801.215
2025-02-13 14:00:00+00:00,3943.055
2025-02-13 15:00:00+00:00,4060.88
2025-02-13 16:00:00+00:00,4106.51
2025-02-13 17:00:00+00:00,4153.945
2025-02-13 18:00:00+00:00,4193.115
2025-02-13 19:00:00+00:00,4255.295
2025-02-13 20:00:00+00:00,4295.2
2025-02-13 21:00:00+00:00,4311.89
2025-02-13 22:00:00+00:00,4306.08
2025-02-13 23:00:00+00:00,4272.44
2025-02-14 00:00:00+00:00,4197.8
2025-02-14 01:00:00+00:00,4079.095
2025-02-14 02:00:00+00:00,3925.285
2025-02-14 03:00:00+00:00,3827.945
2025-02-14 04:00:00+00:00,3729.5
2025-02-14 05:00:00+00:00,3611.98
2025-02-14 06:00:00+00:00,3372.835
2025-02-14 07:00:00+00:00,3120.555
2025-02-14 08:00:00+00:00,2801.975
2025-02-14 09:00:00+00:00,2485.855
2025-02-14 10:00:00+00:00,2163.25
2025-02-14 11:00:00+00:00,1857.41
2025-02-14 12:00:00+00:00,1441.735
2025-02-14 13:00:00+00:00,1202.195
2025-02-14 14:00:00+00:00,1056.28
2025-02-14 15:00:00+00:00,969.48
2025-02-14 16:00:00+00:00,925.99
2025-02-14 17:00:00+00:00,853.53
2025-02-14 18:00:00+00:00,870.11
2025-02-14 19:00:00+00:00,924.245
2025-02-14 20:00:00+00:00,983.94
2025-02-14 21:00:00+00:00,971.375
2025-02-14 22:00:00+00:00,938.675
2025-02-14 23:00:00+00:00,914.945
2025-02-15 00:00:00+00:00,1133.13
2025-02-15 01:00:00+00:00,1291.73
2025-02-15 02:00:00+00:00,1484.995
2025-02-15 03:00:00+00:00,1481.705
2025-02-15 04:00:00+00:00,1359.82
2025-02-15 05:00:00+00:00,1268.37
2025-02-15 06:00:00+00:00,1500.225
2025-02-15 07:00:00+00:00,1553.82
2025-02-15 08:00:00+00:00,1603.24
2025-02-15 09:00:00+00:00,1623.28
2025-02-15 10:00:00+00:00,1565.85
2025-02-15 11:00:00+00:00,1518.43
2025-02-15 12:00:00+00:00,1491.27
2025-02-15 13:00:00+00:00,1422.245
2025-02-15 14:00:00+00:00,1437.72
2025-02-15 15:00:00+00:00,1588.855
2025-02-15 16:00:00+00:00,1823.225
2025-02-15 17:00:00+00:00,2025.65
2025-02-15 18:00:00+00:00,2273.355
2025-02-15 19:00:00+00:00,2290.54
2025-02-15 20:00:00+00:00,2287.395
2025-02-15 21:00:00+00:00,2354.015
2025-02-15 22:00:00+00:00,2435.99
2025-02-15 23:00:00+00:00,2512.96
2025-02-16 00:00:00+00:00,2475.11
2025-02-16 01:00:00+00:00,2485.635
2025-02-16 02:00:00+00:00,2555.425
2025-02-16 03:00:00+00:00,2617.64
2025-02-16 04:00:00+00:00,2661.295
2025-02-16 05:00:00+00:00,2681.515
2025-02-16 06:00:00+00:00,2767.44
2025-02-16 07:00:00+00:00,2824.4
2025-02-16 08:00:00+00:00,2878.87
2025-02-16 09:00:00+00:00,2932.44
2025-02-16 10:00:00+00:00,2995.14
2025-02-16 11:00:00+00:00,3036.48
2025-02-16 12:00:00+00:00,2969.335
2025-02-16 13:00:00+00:00,2966.925
2025-02-16 14:00:00+00:00,2917.64
2025-02-16 15:00:00+00:00,2882.79
2025-02-16 16:00:00+00:00,2858.1
2025-02-16 17:00:00+00:00,2905.765
2025-02-16 18:00:00+00:00,2843.34
2025-02-16 19:00:00+00:00,2749.495
2025-02-16 20:00:00+00:00,2628.13
2025-02-16 21:00:00+00:00,2679.395
2025-02-16 22:00:00+00:00,2769.965
2025-02-16 23:00:00+00:00,2866.79
2025-02-17 00:00:00+00:00,2851.855
2025-02-17 01:00:00+00:00,2871.715
2025-02-17 02:00:00+00:00,2870.22
2025-02-17 03:00:00+00:00,2815.915
2025-02-17 04:00:00+00:00,2788.495
2025-02-17 05:00:00+00:00,2841.225
2025-02-17 06:00:00+00:00,2993.54
2025-02-17 07:00:00+00:00,3019.86
2025-02-17 08:00:00+00:00,3033.155
2025-02-17 09:00:00+00:00,3141.105
2025-02-17 10:00:00+00:00,3262.07
2025-02-17 11:00:00+00:00,3291.49
2025-02-17 12:00:00+00:00,3323.44
2025-02-17 13:00:00+00:00,3263.84
2025-02-17 14:00:00+00:00,3265.28
2025-02-17 15:00:00+00:00,3268.79
2025-02-17 16:00:00+00:00,3349.03
2025-02-17 17:00:00+00:00,3461.405
2025-02-17 18:00:00+00:00,3628.08
2025-02-17 19:00:00+00:00,3598.6
2025-02-17 20:00:00+00:00,3483.36
2025-02-17 21:00:00+00:00,3380.3
2025-02-17 22:00:00+00:00,3331.115
2025-02-17 23:00:00+00:00,3314.575
2025-02-18 00:00:00+00:00,3179.935
2025-02-18 01:00:00+00:00,3073.545
2025-02-18 02:00:00+00:00,3020.52
2025-02-18 03:00:00+00:00,3009.275
2025-02-18 04:00:00+00:00,3110.395
2025-02-18 05:00:00+00:00,3284.83
2025-02-18 06:00:00+00:00,3490.49
2025-02-18 07:00:00+00:00,3483.975
2025-02-18 08:00:00+00:00,3497.205
2025-02-18 09:00:00+00:00,3548.165
2025-02-18 10:00:00+00:00,3625.865
2025-02-18 11:00:00+00:00,3700.71
2025-02-18 12:00:00+00:00,3777.44
2025-02-18 13:00:00+00:00,3783.86
2025-02-18 14:00:00+00:00,3865.395
2025-02-18 15:00:00+00:00,3935.13
2025-02-18 16:00:00+00:00,3953.59
2025-02-18 17:00:00+00:00,4002.545
2025-02-18 18:00:00+00:00,4014.555
2025-02-18 19:00:00+00:00,4021.515
2025-02-18 20:00:00+00:00,4038.18
2025-02-18 21:00:00+00:00,4066.825
2025-02-18 22:00:00+00:00,4063.28
2025-02-18 23:00:00+00:00,3977.43
2025-02-19 00:00:00+00:00,3644.17
2025-02-19 01:00:00+00:00,3170.455
2025-02-19 02:00:00+00:00,2825.695
2025-02-19 03:00:00+00:00,2558.33
2025-02-19 04:00:00+00:00,2201.35
2025-02-19 05:00:00+00:00,1935.42
2025-02-19 06:00:00+00:00,1785.125
2025-02-19 07:00:00+00:00,1679.055
2025-02-19 08:00:00+00:00,1748.84
2025-02-19 09:00:00+00:00,2034.76
2025-02-19 10:00:00+00:00,2386.89
2025-02-19 11:00:00+00:00,2791.0
2025-02-19 12:00:00+00:00,3245.88
2025-02-19 13:00:00+00:00,3358.675
2025-02-19 14:00:00+00:00,3439.57
2025-02-19 15:00:00+00:00,3489.615
2025-02-19 16:00:00+00:00,3549.125
2025-02-19 17:00:00+00:00,3614.46
2025-02-19 18:00:00+00:00,3610.105
2025-02-19 19:00:00+00:00,3419.9
2025-02-19 20:00:00+00:00,3249.63
2025-02-19 21:00:00+00:00,3239.415
2025-02-19 22:00:00+00:00,3318.885
2025-02-19 23:00:00+00:00,3466.54
2025-02-20 00:00:00+00:00,3641.89
2025-02-20 01:00:00+00:00,3786.57
2025-02-20 02:00:00+00:00,3914.495
2025-02-20 03:00:00+00:00,4048.64
2025-02-20 04:00:00+00:00,4171.9
2025-02-20 05:00:00+00:00,4266.825
2025-02-20 06:00:00+00:00,4296.185
2025-02-20 07:00:00+00:00,4290.485
2025-02-20 08:00:00+00:00,4246.71
2025-02-20 09:00:00+00:00,4212.855
2025-02-20 10:00:00+00:00,4190.87
2025-02-20 11:00:00+00:00,4179.335
2025-02-20 12:00:00+00:00,4203.36
2025-02-20 13:00:00+00:00,4164.28
2025-02-20 14:00:00+00:00,4075.67
2025-02-20 15:00:00+00:00,3923.49
2025-02-20 16:00:00+00:00,3754.895
2025-02-20 17:00:00+00:00,3664.425
2025-02-20 18:00:00+00:00,3508.125
2025-02-20 19:00:00+00:00,3553.55
2025-02-20 20:00:00+00:00,3565.16
2025-02-20 21:00:00+00:00,3642.12
2025-02-20 22:00:00+00:00,3826.695
2025-02-20 23:00:00+00:00,4019.48
2025-02-21 00:00:00+00:00,4219.885
2025-02-21 01:00:00+00:00,4278.825
2025-02-21 02:00:00+00:00,4336.855
2025-02-21 03:00:00+00:00,4382.4
2025-02-21 04:00:00+00:00,4407.72
2025-02-21 05:00:00+00:00,4358.0
2025-02-21 06:00:00+00:00,4310.68
2025-02-21 07:00:00+00:00,4395.715
2025-02-21 08:00:00+00:00,4399.895
2025-02-21 09:00:00+00:00,4300.37
2025-02-21 10:00:00+00:00,4096.27
2025-02-21 11:00:00+00:00,3839.6
2025-02-21 12:00:00+00:00,3299.975
2025-02-21 13:00:00+00:00,3345.705
2025-02-21 14:00:00+00:00,3304.615
2025-02-21 15:00:00+00:00,3251.33
2025-02-21 16:00:00+00:00,3245.695
2025-02-21 17:00:00+00:00,3236.17
2025-02-21 18:00:00+00:00,3044.025
2025-02-21 19:00:00+00:00,3097.335
2025-02-21 20:00:00+00:00,3122.565
2025-02-21 21:00:00+00:00,3198.2
2025-02-21 22:00:00+00:00,3299.14
2025-02-21 23:00:00+00:00,3280.18
2025-02-22 00:00:00+00:00,3049.675
2025-02-22 01:00:00+00:00,2862.465
2025-02-22 02:00:00+00:00,2661.53
2025-02-22 03:00:00+00:00,2494.26
2025-02-22 04:00:00+00:00,2346.88
2025-02-22 05:00:00+00:00,2243.34
2025-02-22 06:00:00+00:00,2063.42
2025-02-22 07:00:00+00:00,2121.225
2025-02-22 08:00:00+00:00,2096.35
2025-02-22 09:00:00+00:00,2010.345
2025-02-22 10:00:00+00:00,1879.66
2025-02-22 11:00:00+00:00,1821.315
2025-02-22 12:00:00+00:00,1843.49
2025-02-22 13:00:00+00:00,1893.955
2025-02-22 14:00:00+00:00,1811.435
2025-02-22 15:00:00+00:00,1668.255
2025-02-22 16:00:00+00:00,1512.305
2025-02-22 17:00:00+00:00,1439.79
2025-02-22 18:00:00+00:00,1591.43
2025-02-22 19:00:00+00:00,1924.565
2025-02-22 20:00:00+00:00,2214.865
2025-02-22 21:00:00+00:00,2704.05
2025-02-22 22:00:00+00:00,3245.115
2025-02-22 23:00:00+00:00,3619.995
2025-02-23 00:00:00+00:00,3934.415
2025-02-23 01:00:00+00:00,4186.14
2025-02-23 02:00:00+00:00,4367.13
2025-02-23 03:00:00+00:00,4445.705
2025-02-23 04:00:00+00:00,4444.61
2025-02-23 05:00:00+00:00,4456.935
2025-02-23 06:00:00+00:00,4476.905
2025-02-23 07:00:00+00:00,4490.07
2025-02-23 08:00:00+00:00,4495.32
2025-02-23 09:00:00+00:00,4477.725
2025-02-23 10:00:00+00:00,4444.195
2025-02-23 11:00:00+00:00,4434.505
2025-02-23 12:00:00+00:00,4409.505
2025-02-23 13:00:00+00:00,4399.075
2025-02-23 14:00:00+00:00,4384.755
2025-02-23 15:00:00+00:00,4355.49
2025-02-23 16:00:00+00:00,4310.595
2025-02-23 17:00:00+00:00,4259.13
2025-02-23 18:00:00+00:00,4173.23
2025-02-23 19:00:00+00:00,4078.29
2025-02-23 20:00:00+00:00,3980.115
2025-02-23 21:00:00+00:00,3836.645
2025-02-23 22:00:00+00:00,3655.545
2025-02-23 23:00:00+00:00,3486.485
2025-02-24 00:00:00+00:00,3245.71
2025-02-24 01:00:00+00:00,3094.105
2025-02-24 02:00:00+00:00,2935.755
2025-02-24 03:00:00+00:00,2831.07
2025-02-24 04:00:00+00:00,2709.995
2025-02-24 05:00:00+00:00,2584.525
2025-02-24 06:00:00+00:00,2496.22
2025-02-24 07:00:00+00:00,2368.4
2025-02-24 08:00:00+00:00,2325.085
2025-02-24 09:00:00+00:00,2338.74
2025-02-24 10:00:00+00:00,2486.12
2025-02-24 11:00:00+00:00,2727.575
2025-02-24 12:00:00+00:00,2667.995
2025-02-24 13:00:00+00:00,2825.14
2025-02-24 14:00:00+00:00,2867.3
2025-02-24 15:00:00+00:00,2772.94
2025-02-24 16:00:00+00:00,2674.895
2025-02-24 17:00:00+00:00,2613.315
2025-02-24 18:00:00+00:00,2467.28
2025-02-24 19:00:00+00:00,2417.06
2025-02-24 20:00:00+00:00,2402.365
2025-02-24 21:00:00+00:00,2423.125
2025-02-24 22:00:00+00:00,2410.19
2025-02-24 23:00:00+00:00,2355.51
2025-02-25 00:00:00+00:00,2387.03
2025-02-25 01:00:00+00:00,2309.4
2025-02-25 02:00:00+00:00,2220.535
2025-02-25 03:00:00+00:00,2137.385
2025-02-25 04:00:00+00:00,2057.185
2025-02-25 05:00:00+00:00,1977.77
2025-02-25 06:00:00+00:00,1991.3
2025-02-25 07:00:00+00:00,1931.105
2025-02-25 08:00:00+00:00,1803.26
2025-02-25 09:00:00+00:00,1685.58
2025-02-25 10:00:00+00:00,1656.965
2025-02-25 11:00:00+00:00,1787.595
2025-02-25 12:00:00+00:00,1940.895
2025-02-25 13:00:00+00:00,1911.75
2025-02-25 14:00:00+00:00,1794.2
2025-02-25 15:00:00+00:00,1635.97
2025-02-25 16:00:00+00:00,1389.625
2025-02-25 17:00:00+00:00,1063.73
2025-02-25 18:00:00+00:00,1002.485
2025-02-25 19:00:00+00:00,957.6
2025-02-25 20:00:00+00:00,1061.535
2025-02-25 21:00:00+00:00,1393.34
2025-02-25 22:00:00+00:00,1872.585
2025-02-25 23:00:00+00:00,2222.65
2025-02-26 00:00:00+00:00,2261.675
2025-02-26 01:00:00+00:00,2383.075
2025-02-26 02:00:00+00:00,2355.355
2025-02-26 03:00:00+00:00,2259.85
2025-02-26 04:00:00+00:00,2197.83
2025-02-26 05:00:00+00:00,2303.135
2025-02-26 06:00:00+00:00,2526.085
2025-02-26 07:00:00+00:00,2492.81
2025-02-26 08:00:00+00:00,2607.205
2025-02-26 09:00:00+00:00,2812.23
2025-02-26 10:00:00+00:00,3152.505
2025-02-26 11:00:00+00:00,3426.575
2025-02-26 12:00:00+00:00,3553.735
2025-02-26 13:00:00+00:00,3600.06
2025-02-26 14:00:00+00:00,3544.11
2025-02-26 15:00:00+00:00,3446.1
2025-02-26 16:00:00+00:00,3218.185
2025-02-26 17:00:00+00:00,2774.66
2025-02-26 18:00:00+00:00,2487.135
2025-02-26 19:00:00+00:00,2044.815
2025-02-26 20:00:00+00:00,1708.79
2025-02-26 21:00:00+00:00,1489.175
2025-02-26 22:00:00+00:00,1223.625
2025-02-26 23:00:00+00:00,1030.455
2025-02-27 00:00:00+00:00,1019.615
2025-02-27 01:00:00+00:00,839.56
2025-02-27 02:00:00+00:00,696.68
2025-02-27 03:00:00+00:00,584.015
2025-02-27 04:00:00+00:00,533.385
2025-02-27 05:00:00+00:00,500.115
2025-02-27 06:00:00+00:00,467.18
2025-02-27 07:00:00+00:00,396.775
2025-02-27 08:00:00+00:00,350.835
2025-02-27 09:00:00+00:00,293.695
2025-02-27 10:00:00+00:00,255.73
2025-02-27 11:00:00+00:00,245.5
2025-02-27 12:00:00+00:00,310.27
2025-02-27 13:00:00+00:00,331.95
2025-02-27 14:00:00+00:00,323.905
2025-02-27 15:00:00+00:00,332.445
2025-02-27 16:00:00+00:00,296.965
2025-02-27 17:00:00+00:00,244.865
2025-02-27 18:00:00+00:00,220.29
2025-02-27 19:00:00+00:00,210.61
2025-02-27 20:00:00+00:00,161.975
2025-02-27 21:00:00+00:00,102.89
2025-02-27 22:00:00+00:00,75.305
2025-02-27 23:00:00+00:00,69.45
2025-02-28 00:00:00+00:00,110.27
2025-02-28 01:00:00+00:00,147.37
2025-02-28 02:00:00+00:00,195.145
2025-02-28 03:00:00+00:00,220.085
2025-02-28 04:00:00+00:00,258.94
2025-02-28 05:00:00+00:00,355.625
2025-02-28 06:00:00+00:00,532.855
2025-02-28 07:00:00+00:00,605.08
2025-02-28 08:00:00+00:00,683.245
2025-02-28 09:00:00+00:00,718.73
2025-02-28 10:00:00+00:00,751.315
2025-02-28 11:00:00+00:00,877.64
2025-02-28 12:00:00+00:00,1131.045
2025-02-28 13:00:00+00:00,1294.545
2025-02-28 14:00:00+00:00,1410.395
2025-02-28 15:00:00+00:00,1451.41
2025-02-28 16:00:00+00:00,1397.755
2025-02-28 17:00:00+00:00,1361.355
2025-02-28 18:00:00+00:00,1431.385
2025-02-28 19:00:00+00:00,1451.36
2025-02-28 20:00:00+00:00,1490.765
2025-02-28 21:00:00+00:00,1552.3
2025-02-28 22:00:00+00:00,1597.905
2025-02-28 23:00:00+00:00,1571.855
2025-03-01 00:00:00+00:00,1485.515
2025-03-01 01:00:00+00:00,1421.08
2025-03-01 02:00:00+00:00,1352.325
2025-03-01 03:00:00+00:00,1165.26
2025-03-01 04:00:00+00:00,987.465
2025-03-01 05:00:00+00:00,873.615
2025-03-01 06:00:00+00:00,907.99
2025-03-01 07:00:00+00:00,824.755
2025-03-01 08:00:00+00:00,687.435
2025-03-01 09:00:00+00:00,638.28
2025-03-01 10:00:00+00:00,541.1
2025-03-01 11:00:00+00:00,428.735
2025-03-01 12:00:00+00:00,306.545
2025-03-01 13:00:00+00:00,285.835
2025-03-01 14:00:00+00:00,268.925
2025-03-01 15:00:00+00:00,207.995
2025-03-01 16:00:00+00:00,144.525
2025-03-01 17:00:00+00:00,109.46
2025-03-01 18:00:00+00:00,57.04
2025-03-01 19:00:00+00:00,124.54
2025-03-01 20:00:00+00:00,176.64
2025-03-01 21:00:00+00:00,164.01
2025-03-01 22:00:00+00:00,162.95
2025-03-01 23:00:00+00:00,197.58
2025-03-02 00:00:00+00:00,208.335
2025-03-02 01:00:00+00:00,251.68
2025-03-02 02:00:00+00:00,312.34
2025-03-02 03:00:00+00:00,383.205
2025-03-02 04:00:00+00:00,488.305
2025-03-02 05:00:00+00:00,638.86
2025-03-02 06:00:00+00:00,673.535
2025-03-02 07:00:00+00:00,762.025
2025-03-02 08:00:00+00:00,893.785
2025-03-02 09:00:00+00:00,987.885
2025-03-02 10:00:00+00:00,1065.085
2025-03-02 11:00:00+00:00,1159.955
2025-03-02 12:00:00+00:00,1338.26
2025-03-02 13:00:00+00:00,1367.49
2025-03-02 14:00:00+00:00,1367.465
2025-03-02 15:00:00+00:00,1380.99
2025-03-02 16:00:00+00:00,1422.435
2025-03-02 17:00:00+00:00,1439.375
2025-03-02 18:00:00+00:00,1470.795
2025-03-02 19:00:00+00:00,1434.955
2025-03-02 20:00:00+00:00,1440.385
2025-03-02 21:00:00+00:00,1421.055
2025-03-02 22:00:00+00:00,1374.925
2025-03-02 23:00:00+00:00,1281.14
2025-03-03 00:00:00+00:00,1275.495
2025-03-03 01:00:00+00:00,1221.395
2025-03-03 02:00:00+00:00,1110.52
2025-03-03 03:00:00+00:00,990.705
2025-03-03 04:00:00+00:00,949.455
2025-03-03 05:00:00+00:00,927.375
2025-03-03 06:00:00+00:00,850.61
2025-03-03 07:00:00+00:00,715.135
2025-03-03 08:00:00+00:00,607.18
2025-03-03 09:00:00+00:00,515.955
2025-03-03 10:00:00+00:00,461.39
2025-03-03 11:00:00+00:00,510.38
2025-03-03 12:00:00+00:00,687.12
2025-03-03 13:00:00+00:00,712.435
2025-03-03 14:00:00+00:00,744.8
2025-03-03 15:00:00+00:00,763.715
2025-03-03 16:00:00+00:00,743.99
2025-03-03 17:00:00+00:00,729.93
2025-03-03 18:00:00+00:00,813.02
2025-03-03 19:00:00+00:00,815.54
2025-03-03 20:00:00+00:00,803.245
2025-03-03 21:00:00+00:00,789.83
2025-03-03 22:00:00+00:00,792.265
2025-03-03 23:00:00+00:00,835.185
2025-03-04 00:00:00+00:00,941.915
2025-03-04 01:00:00+00:00,1028.825
2025-03-04 02:00:00+00:00,1070.435
2025-03-04 03:00:00+00:00,1104.655
2025-03-04 04:00:00+00:00,1203.115
2025-03-04 05:00:00+00:00,1368.81
2025-03-04 06:00:00+00:00,1457.59
2025-03-04 07:00:00+00:00,1459.955
2025-03-04 08:00:00+00:00,1586.52
2025-03-04 09:00:00+00:00,1779.455
2025-03-04 10:00:00+00:00,1963.045
2025-03-04 11:00:00+00:00,2112.97
2025-03-04 12:00:00+00:00,2315.645
2025-03-04 13:00:00+00:00,2353.4
2025-03-04 14:00:00+00:00,2448.43
2025-03-04 15:00:00+00:00,2496.35
2025-03-04 16:00:00+00:00,2525.345
2025-03-04 17:00:00+00:00,2530.825
2025-03-04 18:00:00+00:00,2779.695
2025-03-04 19:00:00+00:00,2747.86
2025-03-04 20:00:00+00:00,2785.78
2025-03-04 21:00:00+00:00,2835.075
2025-03-04 22:00:00+00:00,2863.89
2025-03-04 23:00:00+00:00,2915.44
2025-03-05 00:00:00+00:00,3004.475
2025-03-05 01:00:00+00:00,3017.22
2025-03-05 02:00:00+00:00,3104.35
2025-03-05 03:00:00+00:00,3126.57
2025-03-05 04:00:00+00:00,3106.105
2025-03-05 05:00:00+00:00,3130.85
2025-03-05 06:00:00+00:00,3222.03
2025-03-05 07:00:00+00:00,3247.085
2025-03-05 08:00:00+00:00,3206.245
2025-03-05 09:00:00+00:00,3132.32
2025-03-05 10:00:00+00:00,3040.615
2025-03-05 11:00:00+00:00,3023.935
2025-03-05 12:00:00+00:00,3203.875
2025-03-05 13:00:00+00:00,3194.74
2025-03-05 14:00:00+00:00,3074.44
2025-03-05 15:00:00+00:00,2973.51
2025-03-05 16:00:00+00:00,2909.925
2025-03-05 17:00:00+00:00,2834.12
2025-03-05 18:00:00+00:00,2758.905
2025-03-05 19:00:00+00:00,2635.76
2025-03-05 20:00:00+00:00,2563.22
2025-03-05 21:00:00+00:00,2572.465
2025-03-05 22:00:00+00:00,2603.38
2025-03-05 23:00:00+00:00,2569.83
2025-03-06 00:00:00+00:00,2481.96
2025-03-06 01:00:00+00:00,2374.375
2025-03-06 02:00:00+00:00,2417.88
2025-03-06 03:00:00+00:00,2477.155
2025-03-06 04:00:00+00:00,2512.795
2025-03-06 05:00:00+00:00,2529.75
2025-03-06 06:00:00+00:00,2566.365
2025-03-06 07:00:00+00:00,2577.97
2025-03-06 08:00:00+00:00,2667.17
2025-03-06 09:00:00+00:00,2840.035
2025-03-06 10:00:00+00:00,3042.74
2025-03-06 11:00:00+00:00,3145.97
2025-03-06 12:00:00+00:00,3252.1
2025-03-06 13:00:00+00:00,3237.815
2025-03-06 14:00:00+00:00,3154.245
2025-03-06 15:00:00+00:00,2897.735
2025-03-06 16:00:00+00:00,2514.94
2025-03-06 17:00:00+00:00,1949.505
2025-03-06 18:00:00+00:00,1544.405
2025-03-06 19:00:00+00:00,1151.795
2025-03-06 20:00:00+00:00,911.385
2025-03-06 21:00:00+00:00,714.07
2025-03-06 22:00:00+00:00,554.345
2025-03-06 23:00:00+00:00,414.84
2025-03-07 00:00:00+00:00,330.065
2025-03-07 01:00:00+00:00,252.4
2025-03-07 02:00:00+00:00,178.1
2025-03-07 03:00:00+00:00,106.735
2025-03-07 04:00:00+00:00,60.98
2025-03-07 05:00:00+00:00,75.225
2025-03-07 06:00:00+00:00,184.88
2025-03-07 07:00:00+00:00,316.58
2025-03-07 08:00:00+00:00,437.94
2025-03-07 09:00:00+00:00,540.345
2025-03-07 10:00:00+00:00,570.7
2025-03-07 11:00:00+00:00,605.55
2025-03-07 12:00:00+00:00,727.62
2025-03-07 13:00:00+00:00,850.325
2025-03-07 14:00:00+00:00,971.835
2025-03-07 15:00:00+00:00,1063.58
2025-03-07 16:00:00+00:00,1151.85
2025-03-07 17:00:00+00:00,1257.295
2025-03-07 18:00:00+00:00,1538.25
2025-03-07 19:00:00+00:00,1648.65
2025-03-07 20:00:00+00:00,1746.48
2025-03-07 21:00:00+00:00,1792.265
2025-03-07 22:00:00+00:00,1807.045
2025-03-07 23:00:00+00:00,1801.17
2025-03-08 00:00:00+00:00,1860.66
2025-03-08 01:00:00+00:00,1850.93
2025-03-08 02:00:00+00:00,1842.91
2025-03-08 03:00:00+00:00,1926.96
2025-03-08 04:00:00+00:00,2031.685
2025-03-08 05:00:00+00:00,2133.94
2025-03-08 06:00:00+00:00,2301.63
2025-03-08 07:00:00+00:00,2439.15
2025-03-08 08:00:00+00:00,2592.445
2025-03-08 09:00:00+00:00,2715.165
2025-03-08 10:00:00+00:00,2745.93
2025-03-08 11:00:00+00:00,2703.01
2025-03-08 12:00:00+00:00,2399.33
2025-03-08 13:00:00+00:00,2431.62
2025-03-08 14:00:00+00:00,2316.435
2025-03-08 15:00:00+00:00,2010.76
2025-03-08 16:00:00+00:00,1681.74
2025-03-08 17:00:00+00:00,1418.615
2025-03-08 18:00:00+00:00,1251.52
2025-03-08 19:00:00+00:00,1292.89
2025-03-08 20:00:00+00:00,1152.465
2025-03-08 21:00:00+00:00,1073.185
2025-03-08 22:00:00+00:00,990.955
2025-03-08 23:00:00+00:00,941.335
2025-03-09 00:00:00+00:00,990.745
2025-03-09 01:00:00+00:00,995.915
2025-03-09 02:00:00+00:00,1044.0
2025-03-09 03:00:00+00:00,1096.025
2025-03-09 04:00:00+00:00,1124.62
2025-03-09 05:00:00+00:00,1152.68
2025-03-09 06:00:00+00:00,1203.445
2025-03-09 07:00:00+00:00,1305.905
2025-03-09 08:00:00+00:00,1331.265
2025-03-09 09:00:00+00:00,1237.895
2025-03-09 10:00:00+00:00,1156.025
2025-03-09 11:00:00+00:00,1143.86
2025-03-09 12:00:00+00:00,941.425
2025-03-09 13:00:00+00:00,980.25
2025-03-09 14:00:00+00:00,1034.86
2025-03-09 15:00:00+00:00,1072.015
2025-03-09 16:00:00+00:00,1141.36
2025-03-09 17:00:00+00:00,1167.53
2025-03-09 18:00:00+00:00,973.92
2025-03-09 19:00:00+00:00,930.025
2025-03-09 20:00:00+00:00,926.85
2025-03-09 21:00:00+00:00,946.885
2025-03-09 22:00:00+00:00,967.51
2025-03-09 23:00:00+00:00,1020.155
2025-03-10 00:00:00+00:00,1070.265
2025-03-10 01:00:00+00:00,1126.355
2025-03-10 02:00:00+00:00,1189.755
2025-03-10 03:00:00+00:00,1303.635
2025-03-10 04:00:00+00:00,1304.43
2025-03-10 05:00:00+00:00,1296.85
2025-03-10 06:00:00+00:00,1213.765
2025-03-10 07:00:00+00:00,1176.685
2025-03-10 08:00:00+00:00,1117.245
2025-03-10 09:00:00+00:00,1058.87
2025-03-10 10:00:00+00:00,1048.325
2025-03-10 11:00:00+00:00,1132.975
2025-03-10 12:00:00+00:00,1308.04
2025-03-10 13:00:00+00:00,1547.62
2025-03-10 14:00:00+00:00,1733.385
2025-03-10 15:00:00+00:00,1887.035
2025-03-10 16:00:00+00:00,2000.13
2025-03-10 17:00:00+00:00,2082.55
2025-03-10 18:00:00+00:00,2061.47
2025-03-10 19:00:00+00:00,2094.875
2025-03-10 20:00:00+00:00,2103.395
2025-03-10 21:00:00+00:00,2223.3
2025-03-10 22:00:00+00:00,2292.805
2025-03-10 23:00:00+00:00,2278.045
2025-03-11 00:00:00+00:00,2009.045
2025-03-11 01:00:00+00:00,1925.745
2025-03-11 02:00:00+00:00,1885.97
2025-03-11 03:00:00+00:00,1835.96
2025-03-11 04:00:00+00:00,1704.395
2025-03-11 05:00:00+00:00,1522.775
2025-03-11 06:00:00+00:00,1385.035
2025-03-11 07:00:00+00:00,1400.74
2025-03-11 08:00:00+00:00,1290.095
2025-03-11 09:00:00+00:00,1121.625
2025-03-11 10:00:00+00:00,969.145
2025-03-11 11:00:00+00:00,849.275
2025-03-11 12:00:00+00:00,719.7
2025-03-11 13:00:00+00:00,753.715
2025-03-11 14:00:00+00:00,796.43
2025-03-11 15:00:00+00:00,786.315
2025-03-11 16:00:00+00:00,731.08
2025-03-11 17:00:00+00:00,697.855
2025-03-11 18:00:00+00:00,647.565
2025-03-11 19:00:00+00:00,633.505
2025-03-11 20:00:00+00:00,702.25
2025-03-11 21:00:00+00:00,806.52
2025-03-11 22:00:00+00:00,900.43
2025-03-11 23:00:00+00:00,966.47
2025-03-12 00:00:00+00:00,1103.415
2025-03-12 01:00:00+00:00,1156.135
2025-03-12 02:00:00+00:00,1184.405
2025-03-12 03:00:00+00:00,1269.41
2025-03-12 04:00:00+00:00,1366.23
2025-03-12 05:00:00+00:00,1380.21
2025-03-12 06:00:00+00:00,1502.175
2025-03-12 07:00:00+00:00,1564.165
2025-03-12 08:00:00+00:00,1663.64
2025-03-12 09:00:00+00:00,1698.96
2025-03-12 10:00:00+00:00,1611.74
2025-03-12 11:00:00+00:00,1593.845
2025-03-12 12:00:00+00:00,1643.13
2025-03-12 13:00:00+00:00,1629.52
2025-03-12 14:00:00+00:00,1588.875
2025-03-12 15:00:00+00:00,1643.575
2025-03-12 16:00:00+00:00,1606.6
2025-03-12 17:00:00+00:00,1534.9
2025-03-12 18:00:00+00:00,1241.35
2025-03-12 19:00:00+00:00,1161.605
2025-03-12 20:00:00+00:00,1128.915
2025-03-12 21:00:00+00:00,1157.725
2025-03-12 22:00:00+00:00,1233.175
2025-03-12 23:00:00+00:00,1279.105
2025-03-13 00:00:00+00:00,1200.75
2025-03-13 01:00:00+00:00,1135.46
2025-03-13 02:00:00+00:00,1086.405
2025-03-13 03:00:00+00:00,1021.35
2025-03-13 04:00:00+00:00,903.885
2025-03-13 05:00:00+00:00,772.85
2025-03-13 06:00:00+00:00,537.215
2025-03-13 07:00:00+00:00,497.9
2025-03-13 08:00:00+00:00,502.95
2025-03-13 09:00:00+00:00,502.255
2025-03-13 10:00:00+00:00,588.79
2025-03-13 11:00:00+00:00,632.705
2025-03-13 12:00:00+00:00,589.54
2025-03-13 13:00:00+00:00,571.045
2025-03-13 14:00:00+00:00,530.855
2025-03-13 15:00:00+00:00,489.385
2025-03-13 16:00:00+00:00,473.775
2025-03-13 17:00:00+00:00,430.64
2025-03-13 18:00:00+00:00,287.8
2025-03-13 19:00:00+00:00,237.325
2025-03-13 20:00:00+00:00,210.88
2025-03-13 21:00:00+00:00,173.78
2025-03-13 22:00:00+00:00,143.185
2025-03-13 23:00:00+00:00,132.645
2025-03-14 00:00:00+00:00,120.56
2025-03-14 01:00:00+00:00,104.925
2025-03-14 02:00:00+00:00,99.625
2025-03-14 03:00:00+00:00,119.955
2025-03-14 04:00:00+00:00,173.295
2025-03-14 05:00:00+00:00,251.48
2025-03-14 06:00:00+00:00,298.975
2025-03-14 07:00:00+00:00,396.94
2025-03-14 08:00:00+00:00,534.225
2025-03-14 09:00:00+00:00,693.025
2025-03-14 10:00:00+00:00,853.84
2025-03-14 11:00:00+00:00,1015.84
2025-03-14 12:00:00+00:00,1272.135
2025-03-14 13:00:00+00:00,1297.88
2025-03-14 14:00:00+00:00,1202.86
2025-03-14 15:00:00+00:00,1054.78
2025-03-14 16:00:00+00:00,978.89
2025-03-14 17:00:00+00:00,906.375
2025-03-14 18:00:00+00:00,791.49
2025-03-14 19:00:00+00:00,669.025
2025-03-14 20:00:00+00:00,561.87
2025-03-14 21:00:00+00:00,488.825
2025-03-14 22:00:00+00:00,441.745
2025-03-14 23:00:00+00:00,387.185
2025-03-15 00:00:00+00:00,249.805
2025-03-15 01:00:00+00:00,218.305
2025-03-15 02:00:00+00:00,208.23
2025-03-15 03:00:00+00:00,203.755
2025-03-15 04:00:00+00:00,191.015
2025-03-15 05:00:00+00:00,183.525
2025-03-15 06:00:00+00:00,79.775
2025-03-15 07:00:00+00:00,73.44
2025-03-15 08:00:00+00:00,76.015
2025-03-15 09:00:00+00:00,74.59
2025-03-15 10:00:00+00:00,69.63
2025-03-15 11:00:00+00:00,83.935
2025-03-15 12:00:00+00:00,106.895
2025-03-15 13:00:00+00:00,113.03
2025-03-15 14:00:00+00:00,105.3
2025-03-15 15:00:00+00:00,109.315
2025-03-15 16:00:00+00:00,121.325
2025-03-15 17:00:00+00:00,148.665
2025-03-15 18:00:00+00:00,174.975
2025-03-15 19:00:00+00:00,198.445
2025-03-15 20:00:00+00:00,210.045
2025-03-15 21:00:00+00:00,218.155
2025-03-15 22:00:00+00:00,223.025
2025-03-15 23:00:00+00:00,221.655
2025-03-16 00:00:00+00:00,230.095
2025-03-16 01:00:00+00:00,207.81
2025-03-16 02:00:00+00:00,206.835
2025-03-16 03:00:00+00:00,190.51
2025-03-16 04:00:00+00:00,175.15
2025-03-16 05:00:00+00:00,206.435
2025-03-16 06:00:00+00:00,215.055
2025-03-16 07:00:00+00:00,230.485
2025-03-16 08:00:00+00:00,236.775
2025-03-16 09:00:00+00:00,209.855
2025-03-16 10:00:00+00:00,198.565
2025-03-16 11:00:00+00:00,235.785
2025-03-16 12:00:00+00:00,236.435
2025-03-16 13:00:00+00:00,243.97
2025-03-16 14:00:00+00:00,253.045
2025-03-16 15:00:00+00:00,282.47
2025-03-16 16:00:00+00:00,326.45
2025-03-16 17:00:00+00:00,358.915
2025-03-16 18:00:00+00:00,324.89
2025-03-16 19:00:00+00:00,345.93
2025-03-16 20:00:00+00:00,403.185
2025-03-16 21:00:00+00:00,515.05
2025-03-16 22:00:00+00:00,644.39
2025-03-16 23:00:00+00:00,741.545
2025-03-17 00:00:00+00:00,554.535
2025-03-17 01:00:00+00:00,590.3
2025-03-17 02:00:00+00:00,676.705
2025-03-17 03:00:00+00:00,787.03
2025-03-17 04:00:00+00:00,865.08
2025-03-17 05:00:00+00:00,957.215
2025-03-17 06:00:00+00:00,1006.905
2025-03-17 07:00:00+00:00,1102.57
2025-03-17 08:00:00+00:00,1177.925
2025-03-17 09:00:00+00:00,1282.415
2025-03-17 10:00:00+00:00,1400.955
2025-03-17 11:00:00+00:00,1483.99
2025-03-17 12:00:00+00:00,1517.87
2025-03-17 13:00:00+00:00,1614.665
2025-03-17 14:00:00+00:00,1689.215
2025-03-17 15:00:00+00:00,1727.145
2025-03-17 16:00:00+00:00,1733.49
2025-03-17 17:00:00+00:00,1759.935
2025-03-17 18:00:00+00:00,1623.345
2025-03-17 19:00:00+00:00,1490.73
2025-03-17 20:00:00+00:00,1456.605
2025-03-17 21:00:00+00:00,1526.105
2025-03-17 22:00:00+00:00,1632.235
2025-03-17 23:00:00+00:00,1732.495
2025-03-18 00:00:00+00:00,1520.305
2025-03-18 01:00:00+00:00,1519.825
2025-03-18 02:00:00+00:00,1556.175
2025-03-18 03:00:00+00:00,1661.515
2025-03-18 04:00:00+00:00,1762.26
2025-03-18 05:00:00+00:00,1951.75
2025-03-18 06:00:00+00:00,2018.855
2025-03-18 07:00:00+00:00,2184.23
2025-03-18 08:00:00+00:00,2377.105
2025-03-18 09:00:00+00:00,2538.27
2025-03-18 10:00:00+00:00,2678.91
2025-03-18 11:00:00+00:00,2781.045
2025-03-18 12:00:00+00:00,2532.23
2025-03-18 13:00:00+00:00,2514.425
2025-03-18 14:00:00+00:00,2415.165
2025-03-18 15:00:00+00:00,2288.315
2025-03-18 16:00:00+00:00,2222.61
2025-03-18 17:00:00+00:00,2187.5
2025-03-18 18:00:00+00:00,1895.315
2025-03-18 19:00:00+00:00,1650.935
2025-03-18 20:00:00+00:00,1511.385
2025-03-18 21:00:00+00:00,1458.395
2025-03-18 22:00:00+00:00,1396.815
2025-03-18 23:00:00+00:00,1448.955
2025-03-19 00:00:00+00:00,1378.915
2025-03-19 01:00:00+00:00,1266.825
2025-03-19 02:00:00+00:00,1141.375
2025-03-19 03:00:00+00:00,1007.915
2025-03-19 04:00:00+00:00,938.295
2025-03-19 05:00:00+00:00,961.075
2025-03-19 06:00:00+00:00,959.535
2025-03-19 07:00:00+00:00,1004.84
2025-03-19 08:00:00+00:00,1004.21
2025-03-19 09:00:00+00:00,918.485
2025-03-19 10:00:00+00:00,827.545
2025-03-19 11:00:00+00:00,833.745
2025-03-19 12:00:00+00:00,703.855
2025-03-19 13:00:00+00:00,664.455
2025-03-19 14:00:00+00:00,679.8
2025-03-19 15:00:00+00:00,682.275
2025-03-19 16:00:00+00:00,704.125
2025-03-19 17:00:00+00:00,731.405
2025-03-19 18:00:00+00:00,771.49
2025-03-19 19:00:00+00:00,760.085
2025-03-19 20:00:00+00:00,799.11
2025-03-19 21:00:00+00:00,905.44
2025-03-19 22:00:00+00:00,984.32
2025-03-19 23:00:00+00:00,1021.13
2025-03-20 00:00:00+00:00,908.34
2025-03-20 01:00:00+00:00,828.62
2025-03-20 02:00:00+00:00,812.93
2025-03-20 03:00:00+00:00,847.535
2025-03-20 04:00:00+00:00,966.875
2025-03-20 05:00:00+00:00,1091.04
2025-03-20 06:00:00+00:00,1036.99
2025-03-20 07:00:00+00:00,1091.1
2025-03-20 08:00:00+00:00,1215.12
2025-03-20 09:00:00+00:00,1312.845
2025-03-20 10:00:00+00:00,1451.755
2025-03-20 11:00:00+00:00,1658.57
2025-03-20 12:00:00+00:00,1838.385
2025-03-20 13:00:00+00:00,2268.65
2025-03-20 14:00:00+00:00,2641.885
2025-03-20 15:00:00+00:00,2893.55
2025-03-20 16:00:00+00:00,2925.435
2025-03-20 17:00:00+00:00,2881.05
2025-03-20 18:00:00+00:00,2855.425
2025-03-20 19:00:00+00:00,2855.04
2025-03-20 20:00:00+00:00,2881.17
2025-03-20 21:00:00+00:00,2927.655
2025-03-20 22:00:00+00:00,2943.91
2025-03-20 23:00:00+00:00,2877.94
2025-03-21 00:00:00+00:00,2576.37
2025-03-21 01:00:00+00:00,2515.365
2025-03-21 02:00:00+00:00,2567.575
2025-03-21 03:00:00+00:00,2520.085
2025-03-21 04:00:00+00:00,2321.275
2025-03-21 05:00:00+00:00,2106.3
2025-03-21 06:00:00+00:00,1939.98
2025-03-21 07:00:00+00:00,1890.665
2025-03-21 08:00:00+00:00,1612.385
2025-03-21 09:00:00+00:00,1199.82
2025-03-21 10:00:00+00:00,931.87
2025-03-21 11:00:00+00:00,804.785
2025-03-21 12:00:00+00:00,750.225
2025-03-21 13:00:00+00:00,669.04
2025-03-21 14:00:00+00:00,591.025
2025-03-21 15:00:00+00:00,629.125
2025-03-21 16:00:00+00:00,678.505
2025-03-21 17:00:00+00:00,680.65
2025-03-21 18:00:00+00:00,652.985
2025-03-21 19:00:00+00:00,613.725
2025-03-21 20:00:00+00:00,570.43
2025-03-21 21:00:00+00:00,548.125
2025-03-21 22:00:00+00:00,587.655
2025-03-21 23:00:00+00:00,704.34
2025-03-22 00:00:00+00:00,828.31
2025-03-22 01:00:00+00:00,1320.325
2025-03-22 02:00:00+00:00,1913.185
2025-03-22 03:00:00+00:00,2308.44
2025-03-22 04:00:00+00:00,2498.6
2025-03-22 05:00:00+00:00,2645.125
2025-03-22 06:00:00+00:00,2627.23
2025-03-22 07:00:00+00:00,2731.86
2025-03-22 08:00:00+00:00,2757.205
2025-03-22 09:00:00+00:00,2781.225
2025-03-22 10:00:00+00:00,2835.995
2025-03-22 11:00:00+00:00,2917.21
2025-03-22 12:00:00+00:00,3028.45
2025-03-22 13:00:00+00:00,3116.57
2025-03-22 14:00:00+00:00,3164.955
2025-03-22 15:00:00+00:00,3196.47
2025-03-22 16:00:00+00:00,3216.845
2025-03-22 17:00:00+00:00,3210.13
2025-03-22 18:00:00+00:00,3201.405
2025-03-22 19:00:00+00:00,3197.005
2025-03-22 20:00:00+00:00,3242.04
2025-03-22 21:00:00+00:00,3300.44
2025-03-22 22:00:00+00:00,3345.435
2025-03-22 23:00:00+00:00,3421.045
2025-03-23 00:00:00+00:00,3397.095
2025-03-23 01:00:00+00:00,3411.75
2025-03-23 02:00:00+00:00,3460.005
2025-03-23 03:00:00+00:00,3486.435
2025-03-23 04:00:00+00:00,3450.225
2025-03-23 05:00:00+00:00,3413.72
2025-03-23 06:00:00+00:00,3160.78
2025-03-23 07:00:00+00:00,3111.69
2025-03-23 08:00:00+00:00,3134.275
2025-03-23 09:00:00+00:00,3165.925
2025-03-23 10:00:00+00:00,3147.78
2025-03-23 11:00:00+00:00,2919.025
2025-03-23 12:00:00+00:00,3056.09
2025-03-23 13:00:00+00:00,2999.49
2025-03-23 14:00:00+00:00,2834.46
2025-03-23 15:00:00+00:00,2733.775
2025-03-23 16:00:00+00:00,2549.61
2025-03-23 17:00:00+00:00,2228.215
2025-03-23 18:00:00+00:00,1586.7
2025-03-23 19:00:00+00:00,1393.845
2025-03-23 20:00:00+00:00,1270.9
2025-03-23 21:00:00+00:00,1129.305
2025-03-23 22:00:00+00:00,987.535
2025-03-23 23:00:00+00:00,827.1
2025-03-24 00:00:00+00:00,721.425
2025-03-24 01:00:00+00:00,595.835
2025-03-24 02:00:00+00:00,480.345
2025-03-24 03:00:00+00:00,347.645
2025-03-24 04:00:00+00:00,262.855
2025-03-24 05:00:00+00:00,215.33
2025-03-24 06:00:00+00:00,145.68
2025-03-24 07:00:00+00:00,180.68
2025-03-24 08:00:00+00:00,200.665
2025-03-24 09:00:00+00:00,175.885
2025-03-24 10:00:00+00:00,168.505
2025-03-24 11:00:00+00:00,211.74
2025-03-24 12:00:00+00:00,234.66
2025-03-24 13:00:00+00:00,283.15
2025-03-24 14:00:00+00:00,377.21
2025-03-24 15:00:00+00:00,487.85
2025-03-24 16:00:00+00:00,608.585
2025-03-24 17:00:00+00:00,692.495
2025-03-24 18:00:00+00:00,674.795
2025-03-24 19:00:00+00:00,718.12
2025-03-24 20:00:00+00:00,786.13
2025-03-24 21:00:00+00:00,805.075
2025-03-24 22:00:00+00:00,792.57
2025-03-24 23:00:00+00:00,726.765
2025-03-25 00:00:00+00:00,840.51
2025-03-25 01:00:00+00:00,799.39
2025-03-25 02:00:00+00:00,668.71
2025-03-25 03:00:00+00:00,544.025
2025-03-25 04:00:00+00:00,459.28
2025-03-25 05:00:00+00:00,423.91
2025-03-25 06:00:00+00:00,376.725
2025-03-25 07:00:00+00:00,286.815
2025-03-25 08:00:00+00:00,212.555
2025-03-25 09:00:00+00:00,181.655
2025-03-25 10:00:00+00:00,147.37
2025-03-25 11:00:00+00:00,107.895
2025-03-25 12:00:00+00:00,74.56
2025-03-25 13:00:00+00:00,70.755
2025-03-25 14:00:00+00:00,61.93
2025-03-25 15:00:00+00:00,46.82
2025-03-25 16:00:00+00:00,32.01
2025-03-25 17:00:00+00:00,27.395
2025-03-25 18:00:00+00:00,18.885
2025-03-25 19:00:00+00:00,18.775
2025-03-25 20:00:00+00:00,20.05
2025-03-25 21:00:00+00:00,26.09
2025-03-25 22:00:00+00:00,40.53
2025-03-25 23:00:00+00:00,69.37
2025-03-26 00:00:00+00:00,63.5
2025-03-26 01:00:00+00:00,88.57
2025-03-26 02:00:00+00:00,155.415
2025-03-26 03:00:00+00:00,241.86
2025-03-26 04:00:00+00:00,329.305
2025-03-26 05:00:00+00:00,404.885
2025-03-26 06:00:00+00:00,364.33
2025-03-26 07:00:00+00:00,449.63
2025-03-26 08:00:00+00:00,539.35
2025-03-26 09:00:00+00:00,651.865
2025-03-26 10:00:00+00:00,744.83
2025-03-26 11:00:00+00:00,790.855
2025-03-26 12:00:00+00:00,776.965
2025-03-26 13:00:00+00:00,889.675
2025-03-26 14:00:00+00:00,1004.215
2025-03-26 15:00:00+00:00,1071.765
2025-03-26 16:00:00+00:00,1102.64
2025-03-26 17:00:00+00:00,1098.38
2025-03-26 18:00:00+00:00,1206.515
2025-03-26 19:00:00+00:00,1187.92
2025-03-26 20:00:00+00:00,1156.62
2025-03-26 21:00:00+00:00,1093.54
2025-03-26 22:00:00+00:00,1089.655
2025-03-26 23:00:00+00:00,1131.63
2025-03-27 00:00:00+00:00,1337.425
2025-03-27 01:00:00+00:00,1370.52
2025-03-27 02:00:00+00:00,1422.3
2025-03-27 03:00:00+00:00,1520.985
2025-03-27 04:00:00+00:00,1628.735
2025-03-27 05:00:00+00:00,1849.525
2025-03-27 06:00:00+00:00,2242.185
2025-03-27 07:00:00+00:00,2417.715
2025-03-27 08:00:00+00:00,2604.065
2025-03-27 09:00:00+00:00,2810.495
2025-03-27 10:00:00+00:00,2979.44
2025-03-27 11:00:00+00:00,3179.065
2025-03-27 12:00:00+00:00,3284.35
2025-03-27 13:00:00+00:00,3436.015
2025-03-27 14:00:00+00:00,3546.61
2025-03-27 15:00:00+00:00,3620.925
2025-03-27 16:00:00+00:00,3654.035
2025-03-27 17:00:00+00:00,3612.275
2025-03-27 18:00:00+00:00,3611.885
2025-03-27 19:00:00+00:00,3583.315
2025-03-27 20:00:00+00:00,3510.625
2025-03-27 21:00:00+00:00,3399.855
2025-03-27 22:00:00+00:00,3244.68
2025-03-27 23:00:00+00:00,3143.165
2025-03-28 00:00:00+00:00,3013.32
2025-03-28 01:00:00+00:00,2889.305
2025-03-28 02:00:00+00:00,2871.635
2025-03-28 03:00:00+00:00,2982.59
2025-03-28 04:00:00+00:00,3019.465
2025-03-28 05:00:00+00:00,3097.965
2025-03-28 06:00:00+00:00,3208.49
2025-03-28 07:00:00+00:00,3278.9
2025-03-28 08:00:00+00:00,3328.655
2025-03-28 09:00:00+00:00,3485.205
2025-03-28 10:00:00+00:00,3587.815
2025-03-28 11:00:00+00:00,3567.98
2025-03-28 12:00:00+00:00,3680.515
2025-03-28 13:00:00+00:00,3695.825
2025-03-28 14:00:00+00:00,3568.85
2025-03-28 15:00:00+00:00,3451.785
2025-03-28 16:00:00+00:00,3244.755
2025-03-28 17:00:00+00:00,2874.16
2025-03-28 18:00:00+00:00,2303.325
2025-03-28 19:00:00+00:00,1764.435
2025-03-28 20:00:00+00:00,1321.545
2025-03-28 21:00:00+00:00,1107.45
2025-03-28 22:00:00+00:00,993.375
2025-03-28 23:00:00+00:00,890.9
2025-03-29 00:00:00+00:00,759.765
2025-03-29 01:00:00+00:00,693.25
2025-03-29 02:00:00+00:00,729.365
2025-03-29 03:00:00+00:00,868.57
2025-03-29 04:00:00+00:00,1096.8
2025-03-29 05:00:00+00:00,1342.59
2025-03-29 06:00:00+00:00,1725.82
2025-03-29 07:00:00+00:00,2113.465
2025-03-29 08:00:00+00:00,2481.42
2025-03-29 09:00:00+00:00,2773.775
2025-03-29 10:00:00+00:00,2903.185
2025-03-29 11:00:00+00:00,2805.275
2025-03-29 12:00:00+00:00,2621.4
2025-03-29 13:00:00+00:00,2740.575
2025-03-29 14:00:00+00:00,2909.96
2025-03-29 15:00:00+00:00,3046.385
2025-03-29 16:00:00+00:00,3190.755
2025-03-29 17:00:00+00:00,3306.685
2025-03-29 18:00:00+00:00,3395.53
2025-03-29 19:00:00+00:00,3358.445
2025-03-29 20:00:00+00:00,3347.83
2025-03-29 21:00:00+00:00,3270.245
2025-03-29 22:00:00+00:00,3095.19
2025-03-29 23:00:00+00:00,2901.06
2025-03-30 00:00:00+00:00,2341.56
2025-03-30 02:00:00+01:00,2069.345
2025-03-30 03:00:00+01:00,1895.655
2025-03-30 04:00:00+01:00,1758.23
2025-03-30 05:00:00+01:00,1579.67
2025-03-30 06:00:00+01:00,1364.31
2025-03-30 07:00:00+01:00,969.435
2025-03-30 08:00:00+01:00,815.97
2025-03-30 09:00:00+01:00,666.725
2025-03-30 10:00:00+01:00,528.055
2025-03-30 11:00:00+01:00,438.315
2025-03-30 12:00:00+01:00,360.64
2025-03-30 13:00:00+01:00,379.585
2025-03-30 14:00:00+01:00,401.28
2025-03-30 15:00:00+01:00,412.93
2025-03-30 16:00:00+01:00,419.59
2025-03-30 17:00:00+01:00,387.91
2025-03-30 18:00:00+01:00,374.065
2025-03-30 19:00:00+01:00,391.19
2025-03-30 20:00:00+01:00,361.19
2025-03-30 21:00:00+01:00,319.985
2025-03-30 22:00:00+01:00,303.44
2025-03-30 23:00:00+01:00,292.25
2025-03-31 00:00:00+01:00,285.495
2025-03-31 01:00:00+01:00,319.015
2025-03-31 02:00:00+01:00,306.81
2025-03-31 03:00:00+01:00,287.055
2025-03-31 04:00:00+01:00,254.605
2025-03-31 05:00:00+01:00,229.165
2025-03-31 06:00:00+01:00,232.095
2025-03-31 07:00:00+01:00,284.945
2025-03-31 08:00:00+01:00,310.685
2025-03-31 09:00:00+01:00,334.75
2025-03-31 10:00:00+01:00,352.735
2025-03-31 11:00:00+01:00,379.445
2025-03-31 12:00:00+01:00,419.685
2025-03-31 13:00:00+01:00,420.015
2025-03-31 14:00:00+01:00,414.985
2025-03-31 15:00:00+01:00,484.84
2025-03-31 16:00:00+01:00,602.925
2025-03-31 17:00:00+01:00,691.34
2025-03-31 18:00:00+01:00,864.555
2025-03-31 19:00:00+01:00,1070.835
2025-03-31 20:00:00+01:00,1252.74
2025-03-31 21:00:00+01:00,1434.04
2025-03-31 22:00:00+01:00,1638.675
2025-03-31 23:00:00+01:00,1817.825
2025-04-01 00:00:00+01:00,2016.585
2025-04-01 01:00:00+01:00,2104.1
2025-04-01 02:00:00+01:00,2114.07
2025-04-01 03:00:00+01:00,2133.09
2025-04-01 04:00:00+01:00,2143.515
2025-04-01 05:00:00+01:00,2202.58
2025-04-01 06:00:00+01:00,2329.885
2025-04-01 07:00:00+01:00,2599.55
2025-04-01 08:00:00+01:00,2665.35
2025-04-01 09:00:00+01:00,2716.375
2025-04-01 10:00:00+01:00,2883.515
2025-04-01 11:00:00+01:00,3084.99
2025-04-01 12:00:00+01:00,3220.61
2025-04-01 13:00:00+01:00,3191.55
2025-04-01 14:00:00+01:00,3213.135
2025-04-01 15:00:00+01:00,3306.685
2025-04-01 16:00:00+01:00,3313.92
2025-04-01 17:00:00+01:00,3326.835
2025-04-01 18:00:00+01:00,3328.895
2025-04-01 19:00:00+01:00,3292.99
2025-04-01 20:00:00+01:00,2916.68
2025-04-01 21:00:00+01:00,2705.16
2025-04-01 22:00:00+01:00,2765.025
2025-04-01 23:00:00+01:00,2788.165
2025-04-02 00:00:00+01:00,2795.1
2025-04-02 01:00:00+01:00,2630.045
2025-04-02 02:00:00+01:00,2646.835
2025-04-02 03:00:00+01:00,2622.555
2025-04-02 04:00:00+01:00,2532.98
2025-04-02 05:00:00+01:00,2377.805
2025-04-02 06:00:00+01:00,2094.19
2025-04-02 07:00:00+01:00,1965.975
2025-04-02 08:00:00+01:00,1999.99
2025-04-02 09:00:00+01:00,1965.38
2025-04-02 10:00:00+01:00,1916.17
2025-04-02 11:00:00+01:00,1803.125
2025-04-02 12:00:00+01:00,1778.525
2025-04-02 13:00:00+01:00,1732.285
2025-04-02 14:00:00+01:00,1532.73
2025-04-02 15:00:00+01:00,1319.865
2025-04-02 16:00:00+01:00,1348.99
2025-04-02 17:00:00+01:00,1427.605
2025-04-02 18:00:00+01:00,1554.775
2025-04-02 19:00:00+01:00,1359.87
2025-04-02 20:00:00+01:00,1115.36
2025-04-02 21:00:00+01:00,1080.84
2025-04-02 22:00:00+01:00,1280.725
2025-04-02 23:00:00+01:00,1387.335
2025-04-03 00:00:00+01:00,1473.34
2025-04-03 01:00:00+01:00,1457.34
2025-04-03 02:00:00+01:00,1504.365
2025-04-03 03:00:00+01:00,1534.29
2025-04-03 04:00:00+01:00,1562.87
2025-04-03 05:00:00+01:00,1596.3
2025-04-03 06:00:00+01:00,1645.74
2025-04-03 07:00:00+01:00,1604.315
2025-04-03 08:00:00+01:00,1651.74
2025-04-03 09:00:00+01:00,1718.385
2025-04-03 10:00:00+01:00,1894.08
2025-04-03 11:00:00+01:00,2128.105
2025-04-03 12:00:00+01:00,2293.845
2025-04-03 13:00:00+01:00,2352.955
2025-04-03 14:00:00+01:00,2472.88
2025-04-03 15:00:00+01:00,2595.26
2025-04-03 16:00:00+01:00,2685.495
2025-04-03 17:00:00+01:00,2749.4
2025-04-03 18:00:00+01:00,2724.085
2025-04-03 19:00:00+01:00,2412.56
2025-04-03 20:00:00+01:00,2252.015
2025-04-03 21:00:00+01:00,2220.62
2025-04-03 22:00:00+01:00,2358.09
2025-04-03 23:00:00+01:00,2508.07
2025-04-04 00:00:00+01:00,2675.275
2025-04-04 01:00:00+01:00,2886.75
2025-04-04 02:00:00+01:00,2781.385
2025-04-04 03:00:00+01:00,2644.21
2025-04-04 04:00:00+01:00,2517.98
2025-04-04 05:00:00+01:00,2368.875
2025-04-04 06:00:00+01:00,2181.715
2025-04-04 07:00:00+01:00,2093.675
2025-04-04 08:00:00+01:00,1727.255
2025-04-04 09:00:00+01:00,1490.14
2025-04-04 10:00:00+01:00,1371.305
2025-04-04 11:00:00+01:00,1317.425
2025-04-04 12:00:00+01:00,1234.545
2025-04-04 13:00:00+01:00,1173.47
2025-04-04 14:00:00+01:00,1305.425
2025-04-04 15:00:00+01:00,1506.78
2025-04-04 16:00:00+01:00,1652.785
2025-04-04 17:00:00+01:00,1665.835
2025-04-04 18:00:00+01:00,1628.8
2025-04-04 19:00:00+01:00,1937.605
2025-04-04 20:00:00+01:00,2100.315
2025-04-04 21:00:00+01:00,2324.825
2025-04-04 22:00:00+01:00,2506.47
2025-04-04 23:00:00+01:00,2632.585
2025-04-05 00:00:00+01:00,2834.14
2025-04-05 01:00:00+01:00,3096.185
2025-04-05 02:00:00+01:00,3065.19
2025-04-05 03:00:00+01:00,3038.52
2025-04-05 04:00:00+01:00,3016.125
2025-04-05 05:00:00+01:00,2971.075
2025-04-05 06:00:00+01:00,2925.11
2025-04-05 07:00:00+01:00,2916.325
2025-04-05 08:00:00+01:00,2926.65
2025-04-05 09:00:00+01:00,2912.305
2025-04-05 10:00:00+01:00,2891.29
2025-04-05 11:00:00+01:00,2964.525
2025-04-05 12:00:00+01:00,2995.21
2025-04-05 13:00:00+01:00,3187.12
2025-04-05 14:00:00+01:00,3208.82
2025-04-05 15:00:00+01:00,3166.455
2025-04-05 16:00:00+01:00,3113.965
2025-04-05 17:00:00+01:00,3049.135
2025-04-05 18:00:00+01:00,2953.84
2025-04-05 19:00:00+01:00,2927.345
2025-04-05 20:00:00+01:00,2797.64
2025-04-05 21:00:00+01:00,2825.3
2025-04-05 22:00:00+01:00,2827.69
2025-04-05 23:00:00+01:00,2785.03
2025-04-06 00:00:00+01:00,2745.82
2025-04-06 01:00:00+01:00,2755.29
2025-04-06 02:00:00+01:00,2677.905
2025-04-06 03:00:00+01:00,2567.09
2025-04-06 04:00:00+01:00,2449.28
2025-04-06 05:00:00+01:00,2318.265
2025-04-06 06:00:00+01:00,2241.575
2025-04-06 07:00:00+01:00,2351.355
2025-04-06 08:00:00+01:00,2284.445
2025-04-06 09:00:00+01:00,2138.655
2025-04-06 10:00:00+01:00,2000.395
2025-04-06 11:00:00+01:00,1832.625
2025-04-06 12:00:00+01:00,1666.845
2025-04-06 13:00:00+01:00,1485.69
2025-04-06 14:00:00+01:00,1299.135
2025-04-06 15:00:00+01:00,1092.2
2025-04-06 16:00:00+01:00,927.91
2025-04-06 17:00:00+01:00,791.615
2025-04-06 18:00:00+01:00,694.005
2025-04-06 19:00:00+01:00,567.69
2025-04-06 20:00:00+01:00,536.13
2025-04-06 21:00:00+01:00,514.66
2025-04-06 22:00:00+01:00,527.26
2025-04-06 23:00:00+01:00,555.625
2025-04-07 00:00:00+01:00,541.655
2025-04-07 01:00:00+01:00,296.915
2025-04-07 02:00:00+01:00,235.72
2025-04-07 03:00:00+01:00,219.685
2025-04-07 04:00:00+01:00,208.3
2025-04-07 05:00:00+01:00,197.05
2025-04-07 06:00:00+01:00,210.37
2025-04-07 07:00:00+01:00,162.835
2025-04-07 08:00:00+01:00,179.505
2025-04-07 09:00:00+01:00,171.03
2025-04-07 10:00:00+01:00,121.705
2025-04-07 11:00:00+01:00,127.255
2025-04-07 12:00:00+01:00,172.93
2025-04-07 13:00:00+01:00,152.925
2025-04-07 14:00:00+01:00,188.865
2025-04-07 15:00:00+01:00,209.585
2025-04-07 16:00:00+01:00,231.43
2025-04-07 17:00:00+01:00,265.14
2025-04-07 18:00:00+01:00,322.71
2025-04-07 19:00:00+01:00,334.815
2025-04-07 20:00:00+01:00,325.14
2025-04-07 21:00:00+01:00,361.68
2025-04-07 22:00:00+01:00,454.405
2025-04-07 23:00:00+01:00,552.965
2025-04-08 00:00:00+01:00,562.855
2025-04-08 01:00:00+01:00,504.495
2025-04-08 02:00:00+01:00,510.055
2025-04-08 03:00:00+01:00,512.83
2025-04-08 04:00:00+01:00,526.355
2025-04-08 05:00:00+01:00,561.495
2025-04-08 06:00:00+01:00,602.315
2025-04-08 07:00:00+01:00,607.8
2025-04-08 08:00:00+01:00,543.89
2025-04-08 09:00:00+01:00,433.335
2025-04-08 10:00:00+01:00,324.49
2025-04-08 11:00:00+01:00,295.995
2025-04-08 12:00:00+01:00,324.175
2025-04-08 13:00:00+01:00,257.065
2025-04-08 14:00:00+01:00,250.975
2025-04-08 15:00:00+01:00,225.275
2025-04-08 16:00:00+01:00,171.11
2025-04-08 17:00:00+01:00,128.18
2025-04-08 18:00:00+01:00,112.215
2025-04-08 19:00:00+01:00,128.79
2025-04-08 20:00:00+01:00,164.615
2025-04-08 21:00:00+01:00,202.135
2025-04-08 22:00:00+01:00,238.26
2025-04-08 23:00:00+01:00,272.555
2025-04-09 00:00:00+01:00,282.57
2025-04-09 01:00:00+01:00,163.745
2025-04-09 02:00:00+01:00,148.9
2025-04-09 03:00:00+01:00,144.295
2025-04-09 04:00:00+01:00,141.675
2025-04-09 05:00:00+01:00,182.12
2025-04-09 06:00:00+01:00,248.83
2025-04-09 07:00:00+01:00,245.07
2025-04-09 08:00:00+01:00,280.96
2025-04-09 09:00:00+01:00,258.065
2025-04-09 10:00:00+01:00,182.685
2025-04-09 11:00:00+01:00,141.31
2025-04-09 12:00:00+01:00,190.305
2025-04-09 13:00:00+01:00,167.05
2025-04-09 14:00:00+01:00,212.395
2025-04-09 15:00:00+01:00,243.73
2025-04-09 16:00:00+01:00,244.19
2025-04-09 17:00:00+01:00,240.7
2025-04-09 18:00:00+01:00,237.73
2025-04-09 19:00:00+01:00,227.525
2025-04-09 20:00:00+01:00,212.62
2025-04-09 21:00:00+01:00,217.035
2025-04-09 22:00:00+01:00,228.51
2025-04-09 23:00:00+01:00,239.815
2025-04-10 00:00:00+01:00,250.935
2025-04-10 01:00:00+01:00,181.105
2025-04-10 02:00:00+01:00,175.27
2025-04-10 03:00:00+01:00,165.005
2025-04-10 04:00:00+01:00,166.605
2025-04-10 05:00:00+01:00,142.075
2025-04-10 06:00:00+01:00,119.74
2025-04-10 07:00:00+01:00,89.325
2025-04-10 08:00:00+01:00,74.34
2025-04-10 09:00:00+01:00,58.25
2025-04-10 10:00:00+01:00,44.175
2025-04-10 11:00:00+01:00,33.695
2025-04-10 12:00:00+01:00,30.69
2025-04-10 13:00:00+01:00,29.045
2025-04-10 14:00:00+01:00,30.03
2025-04-10 15:00:00+01:00,33.075
2025-04-10 16:00:00+01:00,35.815
2025-04-10 17:00:00+01:00,39.91
2025-04-10 18:00:00+01:00,50.65
2025-04-10 19:00:00+01:00,49.255
2025-04-10 20:00:00+01:00,54.53
2025-04-10 21:00:00+01:00,54.2
2025-04-10 22:00:00+01:00,52.7
2025-04-10 23:00:00+01:00,60.345
2025-04-11 00:00:00+01:00,85.31
2025-04-11 01:00:00+01:00,119.66
2025-04-11 02:00:00+01:00,105.07
2025-04-11 03:00:00+01:00,60.32
2025-04-11 04:00:00+01:00,48.695
2025-04-11 05:00:00+01:00,42.115
2025-04-11 06:00:00+01:00,41.445
2025-04-11 07:00:00+01:00,45.98
2025-04-11 08:00:00+01:00,37.33
2025-04-11 09:00:00+01:00,32.13
2025-04-11 10:00:00+01:00,30.44
2025-04-11 11:00:00+01:00,26.12
2025-04-11 12:00:00+01:00,26.895
2025-04-11 13:00:00+01:00,34.205
2025-04-11 14:00:00+01:00,48.765
2025-04-11 15:00:00+01:00,72.995
2025-04-11 16:00:00+01:00,101.015
2025-04-11 17:00:00+01:00,143.76
2025-04-11 18:00:00+01:00,180.225
2025-04-11 19:00:00+01:00,147.25
2025-04-11 20:00:00+01:00,165.32
2025-04-11 21:00:00+01:00,163.43
2025-04-11 22:00:00+01:00,176.05
2025-04-11 23:00:00+01:00,207.59
2025-04-12 00:00:00+01:00,230.665
2025-04-12 01:00:00+01:00,210.58
2025-04-12 02:00:00+01:00,198.705
2025-04-12 03:00:00+01:00,177.545
2025-04-12 04:00:00+01:00,165.22
2025-04-12 05:00:00+01:00,163.43
2025-04-12 06:00:00+01:00,181.85
2025-04-12 07:00:00+01:00,249.915
2025-04-12 08:00:00+01:00,265.955
2025-04-12 09:00:00+01:00,241.835
2025-04-12 10:00:00+01:00,207.86
2025-04-12 11:00:00+01:00,219.925
2025-04-12 12:00:00+01:00,287.54
2025-04-12 13:00:00+01:00,471.575
2025-04-12 14:00:00+01:00,577.5
2025-04-12 15:00:00+01:00,679.805
2025-04-12 16:00:00+01:00,836.14
2025-04-12 17:00:00+01:00,1046.805
2025-04-12 18:00:00+01:00,1255.97
2025-04-12 19:00:00+01:00,1336.05
2025-04-12 20:00:00+01:00,1327.505
2025-04-12 21:00:00+01:00,1240.9
2025-04-12 22:00:00+01:00,1218.85
2025-04-12 23:00:00+01:00,1263.975
2025-04-13 00:00:00+01:00,1237.055
2025-04-13 01:00:00+01:00,957.16
2025-04-13 02:00:00+01:00,861.695
2025-04-13 03:00:00+01:00,797.19
2025-04-13 04:00:00+01:00,762.41
2025-04-13 05:00:00+01:00,695.4
2025-04-13 06:00:00+01:00,646.29
2025-04-13 07:00:00+01:00,481.88
2025-04-13 08:00:00+01:00,586.61
2025-04-13 09:00:00+01:00,762.2
2025-04-13 10:00:00+01:00,1012.935
2025-04-13 11:00:00+01:00,1233.135
2025-04-13 12:00:00+01:00,1331.95
2025-04-13 13:00:00+01:00,1269.47
2025-04-13 14:00:00+01:00,1399.345
2025-04-13 15:00:00+01:00,1611.98
2025-04-13 16:00:00+01:00,1759.845
2025-04-13 17:00:00+01:00,1877.585
2025-04-13 18:00:00+01:00,1922.975
2025-04-13 19:00:00+01:00,1785.11
2025-04-13 20:00:00+01:00,1694.54
2025-04-13 21:00:00+01:00,1590.465
2025-04-13 22:00:00+01:00,1483.81
2025-04-13 23:00:00+01:00,1379.19
2025-04-14 00:00:00+01:00,1237.545
2025-04-14 01:00:00+01:00,1193.285
2025-04-14 02:00:00+01:00,1081.925
2025-04-14 03:00:00+01:00,953.12
2025-04-14 04:00:00+01:00,897.56
2025-04-14 05:00:00+01:00,856.71
2025-04-14 06:00:00+01:00,813.725
2025-04-14 07:00:00+01:00,679.275
2025-04-14 08:00:00+01:00,674.55
2025-04-14 09:00:00+01:00,678.835
2025-04-14 10:00:00+01:00,721.385
2025-04-14 11:00:00+01:00,744.665
2025-04-14 12:00:00+01:00,728.38
2025-04-14 13:00:00+01:00,912.865
2025-04-14 14:00:00+01:00,880.425
2025-04-14 15:00:00+01:00,865.62
2025-04-14 16:00:00+01:00,852.775
2025-04-14 17:00:00+01:00,819.425
2025-04-14 18:00:00+01:00,781.015
2025-04-14 19:00:00+01:00,608.585
2025-04-14 20:00:00+01:00,542.55
2025-04-14 21:00:00+01:00,482.905
2025-04-14 22:00:00+01:00,470.72
2025-04-14 23:00:00+01:00,473.035
2025-04-15 00:00:00+01:00,466.115
2025-04-15 01:00:00+01:00,570.43
2025-04-15 02:00:00+01:00,587.185
2025-04-15 03:00:00+01:00,646.555
2025-04-15 04:00:00+01:00,750.57
2025-04-15 05:00:00+01:00,872.66
2025-04-15 06:00:00+01:00,947.475
2025-04-15 07:00:00+01:00,1078.585
2025-04-15 08:00:00+01:00,1070.615
2025-04-15 09:00:00+01:00,1126.53
2025-04-15 10:00:00+01:00,1264.765
2025-04-15 11:00:00+01:00,1305.455
2025-04-15 12:00:00+01:00,1256.13
2025-04-15 13:00:00+01:00,1260.43
2025-04-15 14:00:00+01:00,1197.135
2025-04-15 15:00:00+01:00,1172.305
2025-04-15 16:00:00+01:00,1156.355
2025-04-15 17:00:00+01:00,1129.795
2025-04-15 18:00:00+01:00,1024.825
2025-04-15 19:00:00+01:00,851.855
2025-04-15 20:00:00+01:00,772.89
2025-04-15 21:00:00+01:00,732.43
2025-04-15 22:00:00+01:00,732.175
2025-04-15 23:00:00+01:00,784.345
2025-04-16 00:00:00+01:00,814.86
2025-04-16 01:00:00+01:00,869.52
2025-04-16 02:00:00+01:00,955.985
2025-04-16 03:00:00+01:00,1042.765
2025-04-16 04:00:00+01:00,1149.3
2025-04-16 05:00:00+01:00,1263.34
2025-04-16 06:00:00+01:00,1363.275
2025-04-16 07:00:00+01:00,1516.295
2025-04-16 08:00:00+01:00,1589.945
2025-04-16 09:00:00+01:00,1686.875
2025-04-16 10:00:00+01:00,1825.215
2025-04-16 11:00:00+01:00,1906.37
2025-04-16 12:00:00+01:00,1959.455
2025-04-16 13:00:00+01:00,1759.35
2025-04-16 14:00:00+01:00,1723.98
2025-04-16 15:00:00+01:00,1611.1
2025-04-16 16:00:00+01:00,1529.97
2025-04-16 17:00:00+01:00,1408.12
2025-04-16 18:00:00+01:00,1204.025
2025-04-16 19:00:00+01:00,778.605
2025-04-16 20:00:00+01:00,573.15
2025-04-16 21:00:00+01:00,415.14
2025-04-16 22:00:00+01:00,333.625
2025-04-16 23:00:00+01:00,283.84
2025-04-17 00:00:00+01:00,232.1
2025-04-17 01:00:00+01:00,121.835
2025-04-17 02:00:00+01:00,87.905
2025-04-17 03:00:00+01:00,71.895
2025-04-17 04:00:00+01:00,55.305
2025-04-17 05:00:00+01:00,45.255
2025-04-17 06:00:00+01:00,40.945
2025-04-17 07:00:00+01:00,48.875
2025-04-17 08:00:00+01:00,63.83
2025-04-17 09:00:00+01:00,76.97
2025-04-17 10:00:00+01:00,72.21
2025-04-17 11:00:00+01:00,88.68
2025-04-17 12:00:00+01:00,86.57
2025-04-17 13:00:00+01:00,127.02
2025-04-17 14:00:00+01:00,158.86
2025-04-17 15:00:00+01:00,187.265
2025-04-17 16:00:00+01:00,192.62
2025-04-17 17:00:00+01:00,224.315
2025-04-17 18:00:00+01:00,270.33
2025-04-17 19:00:00+01:00,425.555
2025-04-17 20:00:00+01:00,501.52
2025-04-17 21:00:00+01:00,531.875
2025-04-17 22:00:00+01:00,598.18
2025-04-17 23:00:00+01:00,714.575
2025-04-18 00:00:00+01:00,866.745
2025-04-18 01:00:00+01:00,1105.54
2025-04-18 02:00:00+01:00,1283.81
2025-04-18 03:00:00+01:00,1470.69
2025-04-18 04:00:00+01:00,1642.055
2025-04-18 05:00:00+01:00,1781.46
2025-04-18 06:00:00+01:00,1900.935
2025-04-18 07:00:00+01:00,2200.725
2025-04-18 08:00:00+01:00,2150.14
2025-04-18 09:00:00+01:00,2077.695
2025-04-18 10:00:00+01:00,2035.675
2025-04-18 11:00:00+01:00,1982.465
2025-04-18 12:00:00+01:00,1891.75
2025-04-18 13:00:00+01:00,1972.975
2025-04-18 14:00:00+01:00,1860.895
2025-04-18 15:00:00+01:00,1777.465
2025-04-18 16:00:00+01:00,1700.485
2025-04-18 17:00:00+01:00,1571.755
2025-04-18 18:00:00+01:00,1443.25
2025-04-18 19:00:00+01:00,1678.04
2025-04-18 20:00:00+01:00,1503.73
2025-04-18 21:00:00+01:00,1354.24
2025-04-18 22:00:00+01:00,1292.13
2025-04-18 23:00:00+01:00,1230.075
2025-04-19 00:00:00+01:00,1153.745
2025-04-19 01:00:00+01:00,1316.275
2025-04-19 02:00:00+01:00,1213.94
2025-04-19 03:00:00+01:00,1110.385
2025-04-19 04:00:00+01:00,1050.01
2025-04-19 05:00:00+01:00,972.205
2025-04-19 06:00:00+01:00,895.84
2025-04-19 07:00:00+01:00,887.36
2025-04-19 08:00:00+01:00,838.26
2025-04-19 09:00:00+01:00,794.315
2025-04-19 10:00:00+01:00,748.405
2025-04-19 11:00:00+01:00,694.255
2025-04-19 12:00:00+01:00,665.015
2025-04-19 13:00:00+01:00,622.535
2025-04-19 14:00:00+01:00,552.19
2025-04-19 15:00:00+01:00,495.34
2025-04-19 16:00:00+01:00,520.93
2025-04-19 17:00:00+01:00,582.25
2025-04-19 18:00:00+01:00,610.32
2025-04-19 19:00:00+01:00,497.565
2025-04-19 20:00:00+01:00,484.065
2025-04-19 21:00:00+01:00,501.795
2025-04-19 22:00:00+01:00,539.885
2025-04-19 23:00:00+01:00,561.09
2025-04-20 00:00:00+01:00,536.09
2025-04-20 01:00:00+01:00,337.975
2025-04-20 02:00:00+01:00,312.83
2025-04-20 03:00:00+01:00,288.585
2025-04-20 04:00:00+01:00,272.045
2025-04-20 05:00:00+01:00,236.27
2025-04-20 06:00:00+01:00,222.995
2025-04-20 07:00:00+01:00,217.15
2025-04-20 08:00:00+01:00,218.42
2025-04-20 09:00:00+01:00,215.975
2025-04-20 10:00:00+01:00,215.7
2025-04-20 11:00:00+01:00,213.055
2025-04-20 12:00:00+01:00,232.21
2025-04-20 13:00:00+01:00,336.66
2025-04-20 14:00:00+01:00,356.855
2025-04-20 15:00:00+01:00,400.07
2025-04-20 16:00:00+01:00,490.155
2025-04-20 17:00:00+01:00,530.625
2025-04-20 18:00:00+01:00,542.715
2025-04-20 19:00:00+01:00,507.345
2025-04-20 20:00:00+01:00,508.86
2025-04-20 21:00:00+01:00,568.545
2025-04-20 22:00:00+01:00,606.67
2025-04-20 23:00:00+01:00,603.69
2025-04-21 00:00:00+01:00,619.03
2025-04-21 01:00:00+01:00,570.37
2025-04-21 02:00:00+01:00,682.77
2025-04-21 03:00:00+01:00,734.105
2025-04-21 04:00:00+01:00,746.315
2025-04-21 05:00:00+01:00,773.225
2025-04-21 06:00:00+01:00,782.28
2025-04-21 07:00:00+01:00,727.205
2025-04-21 08:00:00+01:00,754.29
2025-04-21 09:00:00+01:00,781.335
2025-04-21 10:00:00+01:00,801.105
2025-04-21 11:00:00+01:00,790.39
2025-04-21 12:00:00+01:00,816.155
2025-04-21 13:00:00+01:00,810.345
2025-04-21 14:00:00+01:00,852.255
2025-04-21 15:00:00+01:00,916.305
2025-04-21 16:00:00+01:00,956.2
2025-04-21 17:00:00+01:00,873.485
2025-04-21 18:00:00+01:00,766.69
2025-04-21 19:00:00+01:00,651.97
2025-04-21 20:00:00+01:00,589.75
2025-04-21 21:00:00+01:00,572.05
2025-04-21 22:00:00+01:00,554.425
2025-04-21 23:00:00+01:00,558.295
2025-04-22 00:00:00+01:00,596.325
2025-04-22 01:00:00+01:00,514.815
2025-04-22 02:00:00+01:00,620.5
2025-04-22 03:00:00+01:00,749.19
2025-04-22 04:00:00+01:00,944.55
2025-04-22 05:00:00+01:00,1169.095
2025-04-22 06:00:00+01:00,1415.395
2025-04-22 07:00:00+01:00,1711.84
2025-04-22 08:00:00+01:00,2022.01
2025-04-22 09:00:00+01:00,2322.445
2025-04-22 10:00:00+01:00,2691.23
2025-04-22 11:00:00+01:00,3035.195
2025-04-22 12:00:00+01:00,3280.585
2025-04-22 13:00:00+01:00,3478.675
2025-04-22 14:00:00+01:00,3457.115
2025-04-22 15:00:00+01:00,3148.275
2025-04-22 16:00:00+01:00,2886.055
2025-04-22 17:00:00+01:00,2710.445
2025-04-22 18:00:00+01:00,2377.43
2025-04-22 19:00:00+01:00,2076.31
2025-04-22 20:00:00+01:00,1947.215
2025-04-22 21:00:00+01:00,1882.21
2025-04-22 22:00:00+01:00,1779.405
2025-04-22 23:00:00+01:00,1688.87
2025-04-23 00:00:00+01:00,1586.395
2025-04-23 01:00:00+01:00,1405.195
2025-04-23 02:00:00+01:00,1320.425
2025-04-23 03:00:00+01:00,1174.765
2025-04-23 04:00:00+01:00,995.625
2025-04-23 05:00:00+01:00,824.26
2025-04-23 06:00:00+01:00,680.595
2025-04-23 07:00:00+01:00,622.935
2025-04-23 08:00:00+01:00,506.6
2025-04-23 09:00:00+01:00,438.44
2025-04-23 10:00:00+01:00,392.005
2025-04-23 11:00:00+01:00,405.77
2025-04-23 12:00:00+01:00,420.32
2025-04-23 13:00:00+01:00,426.91
2025-04-23 14:00:00+01:00,372.025
2025-04-23 15:00:00+01:00,314.58
2025-04-23 16:00:00+01:00,287.69
2025-04-23 17:00:00+01:00,264.83
2025-04-23 18:00:00+01:00,251.94
2025-04-23 19:00:00+01:00,189.38
2025-04-23 20:00:00+01:00,154.65
2025-04-23 21:00:00+01:00,149.23
2025-04-23 22:00:00+01:00,172.81
2025-04-23 23:00:00+01:00,207.325
2025-04-24 00:00:00+01:00,237.02
2025-04-24 01:00:00+01:00,249.275
2025-04-24 02:00:00+01:00,280.23
2025-04-24 03:00:00+01:00,326.335
2025-04-24 04:00:00+01:00,353.63
2025-04-24 05:00:00+01:00,384.8
2025-04-24 06:00:00+01:00,461.03
2025-04-24 07:00:00+01:00,641.78
2025-04-24 08:00:00+01:00,714.0
2025-04-24 09:00:00+01:00,725.685
2025-04-24 10:00:00+01:00,796.89
2025-04-24 11:00:00+01:00,997.955
2025-04-24 12:00:00+01:00,1198.535
2025-04-24 13:00:00+01:00,1281.575
2025-04-24 14:00:00+01:00,1368.11
2025-04-24 15:00:00+01:00,1414.355
2025-04-24 16:00:00+01:00,1420.25
2025-04-24 17:00:00+01:00,1420.24
2025-04-24 18:00:00+01:00,1407.355
2025-04-24 19:00:00+01:00,1587.85
2025-04-24 20:00:00+01:00,1528.845
2025-04-24 21:00:00+01:00,1502.195
2025-04-24 22:00:00+01:00,1514.115
2025-04-24 23:00:00+01:00,1472.9
2025-04-25 00:00:00+01:00,1429.165
2025-04-25 01:00:00+01:00,1326.275
2025-04-25 02:00:00+01:00,1253.825
2025-04-25 03:00:00+01:00,1240.11
2025-04-25 04:00:00+01:00,1188.355
2025-04-25 05:00:00+01:00,1143.425
2025-04-25 06:00:00+01:00,1099.655
2025-04-25 07:00:00+01:00,970.03
2025-04-25 08:00:00+01:00,901.8
2025-04-25 09:00:00+01:00,851.685
2025-04-25 10:00:00+01:00,812.135
2025-04-25 11:00:00+01:00,782.23
2025-04-25 12:00:00+01:00,749.42
2025-04-25 13:00:00+01:00,680.395
2025-04-25 14:00:00+01:00,657.45
2025-04-25 15:00:00+01:00,669.585
2025-04-25 16:00:00+01:00,682.18
2025-04-25 17:00:00+01:00,660.67
2025-04-25 18:00:00+01:00,625.675
2025-04-25 19:00:00+01:00,497.945
2025-04-25 20:00:00+01:00,431.17
2025-04-25 21:00:00+01:00,358.065
2025-04-25 22:00:00+01:00,334.49
2025-04-25 23:00:00+01:00,327.23
2025-04-26 00:00:00+01:00,311.12
2025-04-26 01:00:00+01:00,307.445
2025-04-26 02:00:00+01:00,268.115
2025-04-26 03:00:00+01:00,221.82
2025-04-26 04:00:00+01:00,195.115
2025-04-26 05:00:00+01:00,169.865
2025-04-26 06:00:00+01:00,167.095
2025-04-26 07:00:00+01:00,154.64
2025-04-26 08:00:00+01:00,168.945
2025-04-26 09:00:00+01:00,184.82
2025-04-26 10:00:00+01:00,230.985
2025-04-26 11:00:00+01:00,308.12
2025-04-26 12:00:00+01:00,448.975
2025-04-26 13:00:00+01:00,559.545
2025-04-26 14:00:00+01:00,793.49
2025-04-26 15:00:00+01:00,1086.055
2025-04-26 16:00:00+01:00,1348.13
2025-04-26 17:00:00+01:00,1554.175
2025-04-26 18:00:00+01:00,1734.3
2025-04-26 19:00:00+01:00,2004.455
2025-04-26 20:00:00+01:00,2075.185
2025-04-26 21:00:00+01:00,2147.78
2025-04-26 22:00:00+01:00,2221.595
2025-04-26 23:00:00+01:00,2267.385
2025-04-27 00:00:00+01:00,2284.69
2025-04-27 01:00:00+01:00,2421.155
2025-04-27 02:00:00+01:00,2336.15
2025-04-27 03:00:00+01:00,2254.435
2025-04-27 04:00:00+01:00,2105.345
2025-04-27 05:00:00+01:00,1972.26
2025-04-27 06:00:00+01:00,1902.805
2025-04-27 07:00:00+01:00,2017.375
2025-04-27 08:00:00+01:00,2117.22
2025-04-27 09:00:00+01:00,2184.745
2025-04-27 10:00:00+01:00,2188.77
2025-04-27 11:00:00+01:00,2202.2
2025-04-27 12:00:00+01:00,2267.02
2025-04-27 13:00:00+01:00,2462.8
2025-04-27 14:00:00+01:00,2693.875
2025-04-27 15:00:00+01:00,2859.83
2025-04-27 16:00:00+01:00,2895.05
2025-04-27 17:00:00+01:00,2746.61
2025-04-27 18:00:00+01:00,2549.605
2025-04-27 19:00:00+01:00,2340.125
2025-04-27 20:00:00+01:00,2124.32
2025-04-27 21:00:00+01:00,1953.29
2025-04-27 22:00:00+01:00,1853.435
2025-04-27 23:00:00+01:00,1781.925
2025-04-28 00:00:00+01:00,1633.16
2025-04-28 01:00:00+01:00,1434.37
2025-04-28 02:00:00+01:00,1421.215
2025-04-28 03:00:00+01:00,1324.99
2025-04-28 04:00:00+01:00,1206.055
2025-04-28 05:00:00+01:00,1097.23
2025-04-28 06:00:00+01:00,1035.075
2025-04-28 07:00:00+01:00,973.485
2025-04-28 08:00:00+01:00,913.18
2025-04-28 09:00:00+01:00,850.07
2025-04-28 10:00:00+01:00,849.245
2025-04-28 11:00:00+01:00,885.86
2025-04-28 12:00:00+01:00,958.65
2025-04-28 13:00:00+01:00,860.28
2025-04-28 14:00:00+01:00,924.83
2025-04-28 15:00:00+01:00,1025.77
2025-04-28 16:00:00+01:00,1082.825
2025-04-28 17:00:00+01:00,1072.31
2025-04-28 18:00:00+01:00,1042.415
2025-04-28 19:00:00+01:00,979.005
2025-04-28 20:00:00+01:00,950.21
2025-04-28 21:00:00+01:00,976.61
2025-04-28 22:00:00+01:00,1082.3
2025-04-28 23:00:00+01:00,1166.705
2025-04-29 00:00:00+01:00,1164.395
2025-04-29 01:00:00+01:00,1075.16
2025-04-29 02:00:00+01:00,1082.71
2025-04-29 03:00:00+01:00,1084.09
2025-04-29 04:00:00+01:00,1090.065
2025-04-29 05:00:00+01:00,1079.405
2025-04-29 06:00:00+01:00,1041.775
2025-04-29 07:00:00+01:00,1080.685
2025-04-29 08:00:00+01:00,1022.12
2025-04-29 09:00:00+01:00,880.905
2025-04-29 10:00:00+01:00,824.43
2025-04-29 11:00:00+01:00,850.25
2025-04-29 12:00:00+01:00,916.335
2025-04-29 13:00:00+01:00,867.33
2025-04-29 14:00:00+01:00,949.395
2025-04-29 15:00:00+01:00,1033.865
2025-04-29 16:00:00+01:00,1050.435
2025-04-29 17:00:00+01:00,1008.54
2025-04-29 18:00:00+01:00,952.1
2025-04-29 19:00:00+01:00,819.995
2025-04-29 20:00:00+01:00,779.71
2025-04-29 21:00:00+01:00,776.665
2025-04-29 22:00:00+01:00,842.6
2025-04-29 23:00:00+01:00,843.15
2025-04-30 00:00:00+01:00,843.34
2025-04-30 01:00:00+01:00,823.715
2025-04-30 02:00:00+01:00,789.195
2025-04-30 03:00:00+01:00,769.91
2025-04-30 04:00:00+01:00,806.2
2025-04-30 05:00:00+01:00,851.485
2025-04-30 06:00:00+01:00,853.285
2025-04-30 07:00:00+01:00,842.545
2025-04-30 08:00:00+01:00,833.515
2025-04-30 09:00:00+01:00,747.19
2025-04-30 10:00:00+01:00,714.52
2025-04-30 11:00:00+01:00,704.34
2025-04-30 12:00:00+01:00,657.875
2025-04-30 13:00:00+01:00,489.85
2025-04-30 14:00:00+01:00,398.85
2025-04-30 15:00:00+01:00,345.11
2025-04-30 16:00:00+01:00,317.445
2025-04-30 17:00:00+01:00,248.57
2025-04-30 18:00:00+01:00,173.76
2025-04-30 19:00:00+01:00,107.37
2025-04-30 20:00:00+01:00,90.71
2025-04-30 21:00:00+01:00,124.835
2025-04-30 22:00:00+01:00,141.63
2025-04-30 23:00:00+01:00,142.79
2025-05-01 00:00:00+01:00,157.81
2025-05-01 01:00:00+01:00,152.355
2025-05-01 02:00:00+01:00,167.5
2025-05-01 03:00:00+01:00,156.585
2025-05-01 04:00:00+01:00,175.42
2025-05-01 05:00:00+01:00,190.79
2025-05-01 06:00:00+01:00,181.585
2025-05-01 07:00:00+01:00,220.73
2025-05-01 08:00:00+01:00,236.29
2025-05-01 09:00:00+01:00,262.84
2025-05-01 10:00:00+01:00,264.725
2025-05-01 11:00:00+01:00,288.56
2025-05-01 12:00:00+01:00,334.225
2025-05-01 13:00:00+01:00,339.085
2025-05-01 14:00:00+01:00,366.775
2025-05-01 15:00:00+01:00,435.4
2025-05-01 16:00:00+01:00,542.785
2025-05-01 17:00:00+01:00,691.37
2025-05-01 18:00:00+01:00,847.39
2025-05-01 19:00:00+01:00,877.285
2025-05-01 20:00:00+01:00,914.325
2025-05-01 21:00:00+01:00,996.855
2025-05-01 22:00:00+01:00,1112.685
2025-05-01 23:00:00+01:00,1128.785
2025-05-02 00:00:00+01:00,1080.61
2025-05-02 01:00:00+01:00,925.465
2025-05-02 02:00:00+01:00,826.99
2025-05-02 03:00:00+01:00,823.11
2025-05-02 04:00:00+01:00,853.065
2025-05-02 05:00:00+01:00,780.13
2025-05-02 06:00:00+01:00,710.325
2025-05-02 07:00:00+01:00,632.21
2025-05-02 08:00:00+01:00,618.14
2025-05-02 09:00:00+01:00,633.69
2025-05-02 10:00:00+01:00,603.47
2025-05-02 11:00:00+01:00,515.035
2025-05-02 12:00:00+01:00,429.975
2025-05-02 13:00:00+01:00,437.035
2025-05-02 14:00:00+01:00,525.36
2025-05-02 15:00:00+01:00,613.015
2025-05-02 16:00:00+01:00,627.93
2025-05-02 17:00:00+01:00,628.7
2025-05-02 18:00:00+01:00,699.845
2025-05-02 19:00:00+01:00,700.82
2025-05-02 20:00:00+01:00,747.385
2025-05-02 21:00:00+01:00,706.21
2025-05-02 22:00:00+01:00,651.35
2025-05-02 23:00:00+01:00,687.755
2025-05-03 00:00:00+01:00,779.645
2025-05-03 01:00:00+01:00,760.875
2025-05-03 02:00:00+01:00,675.69
2025-05-03 03:00:00+01:00,591.185
2025-05-03 04:00:00+01:00,613.545
2025-05-03 05:00:00+01:00,672.185
2025-05-03 06:00:00+01:00,734.22
2025-05-03 07:00:00+01:00,678.535
2025-05-03 08:00:00+01:00,659.485
2025-05-03 09:00:00+01:00,759.34
2025-05-03 10:00:00+01:00,881.615
2025-05-03 11:00:00+01:00,947.44
2025-05-03 12:00:00+01:00,1011.08
2025-05-03 13:00:00+01:00,1183.505
2025-05-03 14:00:00+01:00,1326.835
2025-05-03 15:00:00+01:00,1318.54
2025-05-03 16:00:00+01:00,1321.99
2025-05-03 17:00:00+01:00,1292.8
2025-05-03 18:00:00+01:00,1264.73
2025-05-03 19:00:00+01:00,1140.345
2025-05-03 20:00:00+01:00,1042.965
2025-05-03 21:00:00+01:00,1018.9
2025-05-03 22:00:00+01:00,1095.11
2025-05-03 23:00:00+01:00,1167.245
2025-05-04 00:00:00+01:00,1185.96
2025-05-04 01:00:00+01:00,1056.275
2025-05-04 02:00:00+01:00,997.27
2025-05-04 03:00:00+01:00,980.365
2025-05-04 04:00:00+01:00,1025.45
2025-05-04 05:00:00+01:00,1061.825
2025-05-04 06:00:00+01:00,1036.445
2025-05-04 07:00:00+01:00,964.995
2025-05-04 08:00:00+01:00,856.58
2025-05-04 09:00:00+01:00,741.685
2025-05-04 10:00:00+01:00,647.845
2025-05-04 11:00:00+01:00,591.345
2025-05-04 12:00:00+01:00,584.61
2025-05-04 13:00:00+01:00,634.64
2025-05-04 14:00:00+01:00,606.83
2025-05-04 15:00:00+01:00,560.035
2025-05-04 16:00:00+01:00,547.615
2025-05-04 17:00:00+01:00,563.99
2025-05-04 18:00:00+01:00,627.43
2025-05-04 19:00:00+01:00,683.11
2025-05-04 20:00:00+01:00,667.99
2025-05-04 21:00:00+01:00,619.795
2025-05-04 22:00:00+01:00,584.24
2025-05-04 23:00:00+01:00,585.635
2025-05-05 00:00:00+01:00,559.635
2025-05-05 01:00:00+01:00,513.015
2025-05-05 02:00:00+01:00,461.1
2025-05-05 03:00:00+01:00,420.15
2025-05-05 04:00:00+01:00,370.935
2025-05-05 05:00:00+01:00,355.845
2025-05-05 06:00:00+01:00,346.9
2025-05-05 07:00:00+01:00,328.94
2025-05-05 08:00:00+01:00,284.29
2025-05-05 09:00:00+01:00,251.705
2025-05-05 10:00:00+01:00,256.55
2025-05-05 11:00:00+01:00,229.965
2025-05-05 12:00:00+01:00,233.795
2025-05-05 13:00:00+01:00,230.145
2025-05-05 14:00:00+01:00,230.295
2025-05-05 15:00:00+01:00,216.065
2025-05-05 16:00:00+01:00,190.4
2025-05-05 17:00:00+01:00,173.745
2025-05-05 18:00:00+01:00,164.6
2025-05-05 19:00:00+01:00,137.47
2025-05-05 20:00:00+01:00,125.955
2025-05-05 21:00:00+01:00,134.76
2025-05-05 22:00:00+01:00,162.86
2025-05-05 23:00:00+01:00,141.385
2025-05-06 00:00:00+01:00,102.83
2025-05-06 01:00:00+01:00,42.37
2025-05-06 02:00:00+01:00,29.435
2025-05-06 03:00:00+01:00,20.195
2025-05-06 04:00:00+01:00,18.245
2025-05-06 05:00:00+01:00,18.18
2025-05-06 06:00:00+01:00,18.83
2025-05-06 07:00:00+01:00,15.765
2025-05-06 08:00:00+01:00,17.31
2025-05-06 09:00:00+01:00,16.435
2025-05-06 10:00:00+01:00,12.02
2025-05-06 11:00:00+01:00,12.36
2025-05-06 12:00:00+01:00,18.86
2025-05-06 13:00:00+01:00,22.54
2025-05-06 14:00:00+01:00,23.855
2025-05-06 15:00:00+01:00,26.06
2025-05-06 16:00:00+01:00,27.725
2025-05-06 17:00:00+01:00,28.41
2025-05-06 18:00:00+01:00,32.82
2025-05-06 19:00:00+01:00,51.125
2025-05-06 20:00:00+01:00,76.695
2025-05-06 21:00:00+01:00,137.975
2025-05-06 22:00:00+01:00,187.155
2025-05-06 23:00:00+01:00,215.525
2025-05-07 00:00:00+01:00,220.28
2025-05-07 01:00:00+01:00,176.4
2025-05-07 02:00:00+01:00,155.04
2025-05-07 03:00:00+01:00,129.045
2025-05-07 04:00:00+01:00,99.9
2025-05-07 05:00:00+01:00,77.635
2025-05-07 06:00:00+01:00,71.51
2025-05-07 07:00:00+01:00,59.34
2025-05-07 08:00:00+01:00,58.045
2025-05-07 09:00:00+01:00,53.745
2025-05-07 10:00:00+01:00,42.345
2025-05-07 11:00:00+01:00,40.625
2025-05-07 12:00:00+01:00,46.145
2025-05-07 13:00:00+01:00,42.03
2025-05-07 14:00:00+01:00,45.735
2025-05-07 15:00:00+01:00,55.185
2025-05-07 16:00:00+01:00,73.635
2025-05-07 17:00:00+01:00,101.335
2025-05-07 18:00:00+01:00,127.21
2025-05-07 19:00:00+01:00,173.93
2025-05-07 20:00:00+01:00,216.5
2025-05-07 21:00:00+01:00,272.795
2025-05-07 22:00:00+01:00,312.175
2025-05-07 23:00:00+01:00,328.74
2025-05-08 00:00:00+01:00,305.12
2025-05-08 01:00:00+01:00,276.555
2025-05-08 02:00:00+01:00,222.425
2025-05-08 03:00:00+01:00,180.465
2025-05-08 04:00:00+01:00,163.355
2025-05-08 05:00:00+01:00,160.56
2025-05-08 06:00:00+01:00,160.315
2025-05-08 07:00:00+01:00,190.685
2025-05-08 08:00:00+01:00,167.11
2025-05-08 09:00:00+01:00,134.435
2025-05-08 10:00:00+01:00,112.19
2025-05-08 11:00:00+01:00,131.005
2025-05-08 12:00:00+01:00,159.375
2025-05-08 13:00:00+01:00,146.09
2025-05-08 14:00:00+01:00,114.975
2025-05-08 15:00:00+01:00,86.345
2025-05-08 16:00:00+01:00,68.235
2025-05-08 17:00:00+01:00,76.435
2025-05-08 18:00:00+01:00,97.38
2025-05-08 19:00:00+01:00,127.08
2025-05-08 20:00:00+01:00,139.275
2025-05-08 21:00:00+01:00,140.895
2025-05-08 22:00:00+01:00,135.405
2025-05-08 23:00:00+01:00,109.765
2025-05-09 00:00:00+01:00,93.505
2025-05-09 01:00:00+01:00,79.635
2025-05-09 02:00:00+01:00,76.67
2025-05-09 03:00:00+01:00,67.29
2025-05-09 04:00:00+01:00,40.825
2025-05-09 05:00:00+01:00,34.19
2025-05-09 06:00:00+01:00,27.52
2025-05-09 07:00:00+01:00,28.965
2025-05-09 08:00:00+01:00,29.605
2025-05-09 09:00:00+01:00,27.005
2025-05-09 10:00:00+01:00,22.575
2025-05-09 11:00:00+01:00,25.83
2025-05-09 12:00:00+01:00,26.11
2025-05-09 13:00:00+01:00,30.985
2025-05-09 14:00:00+01:00,38.34
2025-05-09 15:00:00+01:00,37.505
2025-05-09 16:00:00+01:00,36.0
2025-05-09 17:00:00+01:00,46.965
2025-05-09 18:00:00+01:00,90.035
2025-05-09 19:00:00+01:00,134.21
2025-05-09 20:00:00+01:00,201.965
2025-05-09 21:00:00+01:00,276.405
2025-05-09 22:00:00+01:00,308.475
2025-05-09 23:00:00+01:00,284.565
2025-05-10 00:00:00+01:00,232.31
2025-05-10 01:00:00+01:00,178.8
2025-05-10 02:00:00+01:00,141.21
2025-05-10 03:00:00+01:00,105.965
2025-05-10 04:00:00+01:00,88.755
2025-05-10 05:00:00+01:00,86.19
2025-05-10 06:00:00+01:00,76.735
2025-05-10 07:00:00+01:00,59.15
2025-05-10 08:00:00+01:00,52.655
2025-05-10 09:00:00+01:00,51.25
2025-05-10 10:00:00+01:00,61.01
2025-05-10 11:00:00+01:00,80.41
2025-05-10 12:00:00+01:00,124.195
2025-05-10 13:00:00+01:00,184.435
2025-05-10 14:00:00+01:00,210.42
2025-05-10 15:00:00+01:00,228.555
2025-05-10 16:00:00+01:00,254.945
2025-05-10 17:00:00+01:00,251.32
2025-05-10 18:00:00+01:00,233.095
2025-05-10 19:00:00+01:00,207.485
2025-05-10 20:00:00+01:00,187.3
2025-05-10 21:00:00+01:00,186.77
2025-05-10 22:00:00+01:00,194.175
2025-05-10 23:00:00+01:00,177.155
2025-05-11 00:00:00+01:00,154.835
2025-05-11 01:00:00+01:00,126.555
2025-05-11 02:00:00+01:00,101.695
2025-05-11 03:00:00+01:00,114.335
2025-05-11 04:00:00+01:00,142.97
2025-05-11 05:00:00+01:00,159.645
2025-05-11 06:00:00+01:00,169.56
2025-05-11 07:00:00+01:00,151.015
2025-05-11 08:00:00+01:00,118.165
2025-05-11 09:00:00+01:00,108.145
2025-05-11 10:00:00+01:00,109.085
2025-05-11 11:00:00+01:00,109.785
2025-05-11 12:00:00+01:00,133.11
2025-05-11 13:00:00+01:00,105.095
2025-05-11 14:00:00+01:00,196.73
2025-05-11 15:00:00+01:00,351.9
2025-05-11 16:00:00+01:00,584.63
2025-05-11 17:00:00+01:00,778.34
2025-05-11 18:00:00+01:00,943.8
2025-05-11 19:00:00+01:00,961.215
2025-05-11 20:00:00+01:00,1001.28
2025-05-11 21:00:00+01:00,1037.925
2025-05-11 22:00:00+01:00,1106.52
2025-05-11 23:00:00+01:00,1177.885
2025-05-12 00:00:00+01:00,1290.12
2025-05-12 01:00:00+01:00,1252.995
2025-05-12 02:00:00+01:00,1236.87
2025-05-12 03:00:00+01:00,1251.45
2025-05-12 04:00:00+01:00,1337.755
2025-05-12 05:00:00+01:00,1462.81
2025-05-12 06:00:00+01:00,1544.07
2025-05-12 07:00:00+01:00,1253.205
2025-05-12 08:00:00+01:00,1181.795
2025-05-12 09:00:00+01:00,1214.755
2025-05-12 10:00:00+01:00,1213.3
2025-05-12 11:00:00+01:00,1200.175
2025-05-12 12:00:00+01:00,1171.685
2025-05-12 13:00:00+01:00,912.125
2025-05-12 14:00:00+01:00,846.605
2025-05-12 15:00:00+01:00,841.83
2025-05-12 16:00:00+01:00,792.465
2025-05-12 17:00:00+01:00,664.39
2025-05-12 18:00:00+01:00,595.135
2025-05-12 19:00:00+01:00,433.66
2025-05-12 20:00:00+01:00,373.75
2025-05-12 21:00:00+01:00,428.3
2025-05-12 22:00:00+01:00,537.005
2025-05-12 23:00:00+01:00,597.515
2025-05-13 00:00:00+01:00,640.27
2025-05-13 01:00:00+01:00,772.05
2025-05-13 02:00:00+01:00,760.21
2025-05-13 03:00:00+01:00,760.355
2025-05-13 04:00:00+01:00,751.515
2025-05-13 05:00:00+01:00,754.97
2025-05-13 06:00:00+01:00,786.9
2025-05-13 07:00:00+01:00,900.11
2025-05-13 08:00:00+01:00,791.225
2025-05-13 09:00:00+01:00,671.925
2025-05-13 10:00:00+01:00,734.825
2025-05-13 11:00:00+01:00,916.065
2025-05-13 12:00:00+01:00,1134.155
2025-05-13 13:00:00+01:00,1276.79
2025-05-13 14:00:00+01:00,1383.925
2025-05-13 15:00:00+01:00,1519.89
2025-05-13 16:00:00+01:00,1574.495
2025-05-13 17:00:00+01:00,1523.74
2025-05-13 18:00:00+01:00,1482.43
2025-05-13 19:00:00+01:00,1310.48
2025-05-13 20:00:00+01:00,1053.39
2025-05-13 21:00:00+01:00,807.095
2025-05-13 22:00:00+01:00,715.185
2025-05-13 23:00:00+01:00,694.5
2025-05-14 00:00:00+01:00,695.215
2025-05-14 01:00:00+01:00,780.03
2025-05-14 02:00:00+01:00,822.86
2025-05-14 03:00:00+01:00,844.685
2025-05-14 04:00:00+01:00,822.115
2025-05-14 05:00:00+01:00,771.54
2025-05-14 06:00:00+01:00,752.515
2025-05-14 07:00:00+01:00,726.525
2025-05-14 08:00:00+01:00,601.835
2025-05-14 09:00:00+01:00,504.545
2025-05-14 10:00:00+01:00,524.9
2025-05-14 11:00:00+01:00,580.385
2025-05-14 12:00:00+01:00,616.725
2025-05-14 13:00:00+01:00,637.935
2025-05-14 14:00:00+01:00,603.035
2025-05-14 15:00:00+01:00,572.62
2025-05-14 16:00:00+01:00,553.165
2025-05-14 17:00:00+01:00,524.905
2025-05-14 18:00:00+01:00,487.615
2025-05-14 19:00:00+01:00,458.005
2025-05-14 20:00:00+01:00,410.5
2025-05-14 21:00:00+01:00,375.895
2025-05-14 22:00:00+01:00,399.655
2025-05-14 23:00:00+01:00,447.355
2025-05-15 00:00:00+01:00,433.55
2025-05-15 01:00:00+01:00,385.605
2025-05-15 02:00:00+01:00,354.595
2025-05-15 03:00:00+01:00,372.685
2025-05-15 04:00:00+01:00,424.09
2025-05-15 05:00:00+01:00,480.81
2025-05-15 06:00:00+01:00,531.205
2025-05-15 07:00:00+01:00,511.125
2025-05-15 08:00:00+01:00,420.505
2025-05-15 09:00:00+01:00,318.21
2025-05-15 10:00:00+01:00,248.625
2025-05-15 11:00:00+01:00,213.45
2025-05-15 12:00:00+01:00,185.915
2025-05-15 13:00:00+01:00,128.255
2025-05-15 14:00:00+01:00,132.545
2025-05-15 15:00:00+01:00,151.285
2025-05-15 16:00:00+01:00,168.585
2025-05-15 17:00:00+01:00,213.675
2025-05-15 18:00:00+01:00,270.725
2025-05-15 19:00:00+01:00,335.98
2025-05-15 20:00:00+01:00,354.505
2025-05-15 21:00:00+01:00,340.01
2025-05-15 22:00:00+01:00,347.925
2025-05-15 23:00:00+01:00,392.885
2025-05-16 00:00:00+01:00,440.95
2025-05-16 01:00:00+01:00,335.39
2025-05-16 02:00:00+01:00,322.46
2025-05-16 03:00:00+01:00,333.535
2025-05-16 04:00:00+01:00,339.19
2025-05-16 05:00:00+01:00,335.525
2025-05-16 06:00:00+01:00,339.44
2025-05-16 07:00:00+01:00,312.6
2025-05-16 08:00:00+01:00,280.99
2025-05-16 09:00:00+01:00,238.96
2025-05-16 10:00:00+01:00,224.255
2025-05-16 11:00:00+01:00,247.49
2025-05-16 12:00:00+01:00,297.82
2025-05-16 13:00:00+01:00,275.51
2025-05-16 14:00:00+01:00,287.93
2025-05-16 15:00:00+01:00,278.01
2025-05-16 16:00:00+01:00,226.67
2025-05-16 17:00:00+01:00,172.61
2025-05-16 18:00:00+01:00,185.37
2025-05-16 19:00:00+01:00,250.665
2025-05-16 20:00:00+01:00,305.82
2025-05-16 21:00:00+01:00,342.2
2025-05-16 22:00:00+01:00,366.705
2025-05-16 23:00:00+01:00,366.62
2025-05-17 00:00:00+01:00,357.565
2025-05-17 01:00:00+01:00,265.79
2025-05-17 02:00:00+01:00,249.655
2025-05-17 03:00:00+01:00,230.97
2025-05-17 04:00:00+01:00,213.375
2025-05-17 05:00:00+01:00,211.73
2025-05-17 06:00:00+01:00,227.095
2025-05-17 07:00:00+01:00,281.56
2025-05-17 08:00:00+01:00,255.84
2025-05-17 09:00:00+01:00,201.5
2025-05-17 10:00:00+01:00,168.94
2025-05-17 11:00:00+01:00,194.81
2025-05-17 12:00:00+01:00,246.45
2025-05-17 13:00:00+01:00,284.42
2025-05-17 14:00:00+01:00,320.925
2025-05-17 15:00:00+01:00,380.145
2025-05-17 16:00:00+01:00,438.55
2025-05-17 17:00:00+01:00,468.535
2025-05-17 18:00:00+01:00,518.345
2025-05-17 19:00:00+01:00,570.515
2025-05-17 20:00:00+01:00,580.79
2025-05-17 21:00:00+01:00,586.185
2025-05-17 22:00:00+01:00,547.595
2025-05-17 23:00:00+01:00,489.41
2025-05-18 00:00:00+01:00,475.235
2025-05-18 01:00:00+01:00,429.535
2025-05-18 02:00:00+01:00,419.625
2025-05-18 03:00:00+01:00,415.86
2025-05-18 04:00:00+01:00,415.395
2025-05-18 05:00:00+01:00,458.04
2025-05-18 06:00:00+01:00,579.295
2025-05-18 07:00:00+01:00,672.045
2025-05-18 08:00:00+01:00,566.57
2025-05-18 09:00:00+01:00,416.26
2025-05-18 10:00:00+01:00,427.84
2025-05-18 11:00:00+01:00,563.755
2025-05-18 12:00:00+01:00,688.625
2025-05-18 13:00:00+01:00,770.25
2025-05-18 14:00:00+01:00,765.07
2025-05-18 15:00:00+01:00,769.6
2025-05-18 16:00:00+01:00,743.615
2025-05-18 17:00:00+01:00,674.48
2025-05-18 18:00:00+01:00,679.525
2025-05-18 19:00:00+01:00,720.08
2025-05-18 20:00:00+01:00,666.88
2025-05-18 21:00:00+01:00,566.085
2025-05-18 22:00:00+01:00,482.125
2025-05-18 23:00:00+01:00,394.28
2025-05-19 00:00:00+01:00,319.705
2025-05-19 01:00:00+01:00,218.95
2025-05-19 02:00:00+01:00,192.5
2025-05-19 03:00:00+01:00,192.1
2025-05-19 04:00:00+01:00,212.36
2025-05-19 05:00:00+01:00,244.64
2025-05-19 06:00:00+01:00,312.61
2025-05-19 07:00:00+01:00,447.355
2025-05-19 08:00:00+01:00,471.65
2025-05-19 09:00:00+01:00,412.4
2025-05-19 10:00:00+01:00,419.285
2025-05-19 11:00:00+01:00,444.8
2025-05-19 12:00:00+01:00,444.915
2025-05-19 13:00:00+01:00,410.41
2025-05-19 14:00:00+01:00,390.915
2025-05-19 15:00:00+01:00,403.83
2025-05-19 16:00:00+01:00,429.075
2025-05-19 17:00:00+01:00,460.685
2025-05-19 18:00:00+01:00,473.15
2025-05-19 19:00:00+01:00,438.74
2025-05-19 20:00:00+01:00,411.565
2025-05-19 21:00:00+01:00,396.7
2025-05-19 22:00:00+01:00,380.915
2025-05-19 23:00:00+01:00,340.725
2025-05-20 00:00:00+01:00,324.745
2025-05-20 01:00:00+01:00,253.74
2025-05-20 02:00:00+01:00,235.535
2025-05-20 03:00:00+01:00,206.615
2025-05-20 04:00:00+01:00,180.39
2025-05-20 05:00:00+01:00,166.56
2025-05-20 06:00:00+01:00,167.0
2025-05-20 07:00:00+01:00,132.555
2025-05-20 08:00:00+01:00,103.345
2025-05-20 09:00:00+01:00,82.2
2025-05-20 10:00:00+01:00,67.365
2025-05-20 11:00:00+01:00,67.08
2025-05-20 12:00:00+01:00,78.62
2025-05-20 13:00:00+01:00,86.635
2025-05-20 14:00:00+01:00,112.6
2025-05-20 15:00:00+01:00,133.91
2025-05-20 16:00:00+01:00,133.475
2025-05-20 17:00:00+01:00,127.95
2025-05-20 18:00:00+01:00,122.995
2025-05-20 19:00:00+01:00,127.16
2025-05-20 20:00:00+01:00,126.4
2025-05-20 21:00:00+01:00,122.215
2025-05-20 22:00:00+01:00,124.565
2025-05-20 23:00:00+01:00,134.91
2025-05-21 00:00:00+01:00,134.48
2025-05-21 01:00:00+01:00,160.255
2025-05-21 02:00:00+01:00,157.32
2025-05-21 03:00:00+01:00,151.71
2025-05-21 04:00:00+01:00,171.61
2025-05-21 05:00:00+01:00,198.615
2025-05-21 06:00:00+01:00,224.275
2025-05-21 07:00:00+01:00,259.69
2025-05-21 08:00:00+01:00,285.165
2025-05-21 09:00:00+01:00,286.265
2025-05-21 10:00:00+01:00,291.185
2025-05-21 11:00:00+01:00,302.975
2025-05-21 12:00:00+01:00,309.99
2025-05-21 13:00:00+01:00,332.855
2025-05-21 14:00:00+01:00,333.685
2025-05-21 15:00:00+01:00,352.015
2025-05-21 16:00:00+01:00,427.11
2025-05-21 17:00:00+01:00,520.96
2025-05-21 18:00:00+01:00,616.575
2025-05-21 19:00:00+01:00,642.295
2025-05-21 20:00:00+01:00,705.5
2025-05-21 21:00:00+01:00,775.71
2025-05-21 22:00:00+01:00,800.64
2025-05-21 23:00:00+01:00,741.87
2025-05-22 00:00:00+01:00,683.16
2025-05-22 01:00:00+01:00,594.475
2025-05-22 02:00:00+01:00,507.135
2025-05-22 03:00:00+01:00,431.41
2025-05-22 04:00:00+01:00,405.62
2025-05-22 05:00:00+01:00,401.15
2025-05-22 06:00:00+01:00,395.03
2025-05-22 07:00:00+01:00,280.695
2025-05-22 08:00:00+01:00,227.915
2025-05-22 09:00:00+01:00,206.06
2025-05-22 10:00:00+01:00,211.63
2025-05-22 11:00:00+01:00,229.06
2025-05-22 12:00:00+01:00,262.58
2025-05-22 13:00:00+01:00,266.435
2025-05-22 14:00:00+01:00,280.375
2025-05-22 15:00:00+01:00,273.655
2025-05-22 16:00:00+01:00,290.465
2025-05-22 17:00:00+01:00,311.11
2025-05-22 18:00:00+01:00,292.55
2025-05-22 19:00:00+01:00,240.565
2025-05-22 20:00:00+01:00,283.755
2025-05-22 21:00:00+01:00,345.655
2025-05-22 22:00:00+01:00,334.885
2025-05-22 23:00:00+01:00,313.11
2025-05-23 00:00:00+01:00,287.735
2025-05-23 01:00:00+01:00,255.855
2025-05-23 02:00:00+01:00,204.88
2025-05-23 03:00:00+01:00,133.77
2025-05-23 04:00:00+01:00,68.885
2025-05-23 05:00:00+01:00,71.85
2025-05-23 06:00:00+01:00,85.0
2025-05-23 07:00:00+01:00,121.185
2025-05-23 08:00:00+01:00,165.915
2025-05-23 09:00:00+01:00,202.135
2025-05-23 10:00:00+01:00,253.46
2025-05-23 11:00:00+01:00,338.125
2025-05-23 12:00:00+01:00,395.25
2025-05-23 13:00:00+01:00,503.28
2025-05-23 14:00:00+01:00,612.565
2025-05-23 15:00:00+01:00,735.925
2025-05-23 16:00:00+01:00,891.465
2025-05-23 17:00:00+01:00,1105.875
2025-05-23 18:00:00+01:00,1258.315
2025-05-23 19:00:00+01:00,1338.535
2025-05-23 20:00:00+01:00,1462.8
2025-05-23 21:00:00+01:00,1628.905
2025-05-23 22:00:00+01:00,1738.0
2025-05-23 23:00:00+01:00,1806.985
2025-05-24 00:00:00+01:00,1814.775
2025-05-24 01:00:00+01:00,1957.14
2025-05-24 02:00:00+01:00,1942.53
2025-05-24 03:00:00+01:00,1950.805
2025-05-24 04:00:00+01:00,1919.14
2025-05-24 05:00:00+01:00,1781.83
2025-05-24 06:00:00+01:00,1746.105
2025-05-24 07:00:00+01:00,1873.92
2025-05-24 08:00:00+01:00,1895.825
2025-05-24 09:00:00+01:00,1845.675
2025-05-24 10:00:00+01:00,1790.765
2025-05-24 11:00:00+01:00,1853.39
2025-05-24 12:00:00+01:00,2016.605
2025-05-24 13:00:00+01:00,2269.145
2025-05-24 14:00:00+01:00,2465.96
2025-05-24 15:00:00+01:00,2715.925
2025-05-24 16:00:00+01:00,2908.825
2025-05-24 17:00:00+01:00,3060.8
2025-05-24 18:00:00+01:00,3187.09
2025-05-24 19:00:00+01:00,3131.06
2025-05-24 20:00:00+01:00,3125.13
2025-05-24 21:00:00+01:00,3116.73
2025-05-24 22:00:00+01:00,3019.205
2025-05-24 23:00:00+01:00,3133.62
2025-05-25 00:00:00+01:00,3338.12
2025-05-25 01:00:00+01:00,3487.675
2025-05-25 02:00:00+01:00,3417.435
2025-05-25 03:00:00+01:00,3195.325
2025-05-25 04:00:00+01:00,2977.11
2025-05-25 05:00:00+01:00,2813.51
2025-05-25 06:00:00+01:00,2761.87
2025-05-25 07:00:00+01:00,2835.385
2025-05-25 08:00:00+01:00,3047.1
2025-05-25 09:00:00+01:00,3320.275
2025-05-25 10:00:00+01:00,3420.19
2025-05-25 11:00:00+01:00,3428.19
2025-05-25 12:00:00+01:00,3438.975
2025-05-25 13:00:00+01:00,3528.395
2025-05-25 14:00:00+01:00,3576.365
2025-05-25 15:00:00+01:00,3621.635
2025-05-25 16:00:00+01:00,3645.53
2025-05-25 17:00:00+01:00,3634.375
2025-05-25 18:00:00+01:00,3634.35
2025-05-25 19:00:00+01:00,3406.17
2025-05-25 20:00:00+01:00,3210.215
2025-05-25 21:00:00+01:00,3010.935
2025-05-25 22:00:00+01:00,2850.185
2025-05-25 23:00:00+01:00,2687.41
2025-05-26 00:00:00+01:00,2514.485
2025-05-26 01:00:00+01:00,2422.92
2025-05-26 02:00:00+01:00,2244.63
2025-05-26 03:00:00+01:00,2063.63
2025-05-26 04:00:00+01:00,1911.225
2025-05-26 05:00:00+01:00,1865.23
2025-05-26 06:00:00+01:00,1857.625
2025-05-26 07:00:00+01:00,1906.44
2025-05-26 08:00:00+01:00,1971.845
2025-05-26 09:00:00+01:00,2092.375
2025-05-26 10:00:00+01:00,2226.52
2025-05-26 11:00:00+01:00,2497.02
2025-05-26 12:00:00+01:00,2689.745
2025-05-26 13:00:00+01:00,2698.445
2025-05-26 14:00:00+01:00,2803.68
2025-05-26 15:00:00+01:00,2840.635
2025-05-26 16:00:00+01:00,2956.195
2025-05-26 17:00:00+01:00,3043.58
2025-05-26 18:00:00+01:00,3082.56
2025-05-26 19:00:00+01:00,3070.71
2025-05-26 20:00:00+01:00,3075.66
2025-05-26 21:00:00+01:00,2925.07
2025-05-26 22:00:00+01:00,2727.985
2025-05-26 23:00:00+01:00,2378.835
2025-05-27 00:00:00+01:00,2032.45
2025-05-27 01:00:00+01:00,1524.14
2025-05-27 02:00:00+01:00,1405.35
2025-05-27 03:00:00+01:00,1173.515
2025-05-27 04:00:00+01:00,986.835
2025-05-27 05:00:00+01:00,786.0
2025-05-27 06:00:00+01:00,702.24
2025-05-27 07:00:00+01:00,651.525
2025-05-27 08:00:00+01:00,841.975
2025-05-27 09:00:00+01:00,1074.505
2025-05-27 10:00:00+01:00,1318.98
2025-05-27 11:00:00+01:00,1534.68
2025-05-27 12:00:00+01:00,1740.615
2025-05-27 13:00:00+01:00,1705.755
2025-05-27 14:00:00+01:00,1808.76
2025-05-27 15:00:00+01:00,1841.02
2025-05-27 16:00:00+01:00,1835.905
2025-05-27 17:00:00+01:00,1842.595
2025-05-27 18:00:00+01:00,1852.03
2025-05-27 19:00:00+01:00,1503.46
2025-05-27 20:00:00+01:00,1501.275
2025-05-27 21:00:00+01:00,1532.93
2025-05-27 22:00:00+01:00,1534.185
2025-05-27 23:00:00+01:00,1561.76
2025-05-28 00:00:00+01:00,1455.575
2025-05-28 01:00:00+01:00,1446.49
2025-05-28 02:00:00+01:00,1328.25
2025-05-28 03:00:00+01:00,1146.08
2025-05-28 04:00:00+01:00,942.065
2025-05-28 05:00:00+01:00,806.985
2025-05-28 06:00:00+01:00,732.0
2025-05-28 07:00:00+01:00,644.645
2025-05-28 08:00:00+01:00,591.14
2025-05-28 09:00:00+01:00,580.51
2025-05-28 10:00:00+01:00,586.82
2025-05-28 11:00:00+01:00,643.64
2025-05-28 12:00:00+01:00,673.81
2025-05-28 13:00:00+01:00,742.155
2025-05-28 14:00:00+01:00,835.51
2025-05-28 15:00:00+01:00,797.05
2025-05-28 16:00:00+01:00,788.415
2025-05-28 17:00:00+01:00,759.015
2025-05-28 18:00:00+01:00,740.405
2025-05-28 19:00:00+01:00,675.855
2025-05-28 20:00:00+01:00,997.905
2025-05-28 21:00:00+01:00,1585.47
2025-05-28 22:00:00+01:00,2179.655
2025-05-28 23:00:00+01:00,2639.945
2025-05-29 00:00:00+01:00,2972.08
2025-05-29 01:00:00+01:00,3234.585
2025-05-29 02:00:00+01:00,3324.525
2025-05-29 03:00:00+01:00,3361.805
2025-05-29 04:00:00+01:00,3339.925
2025-05-29 05:00:00+01:00,3271.595
2025-05-29 06:00:00+01:00,3281.235
2025-05-29 07:00:00+01:00,3284.315
2025-05-29 08:00:00+01:00,3267.76
2025-05-29 09:00:00+01:00,3223.815
2025-05-29 10:00:00+01:00,3151.855
2025-05-29 11:00:00+01:00,3029.03
2025-05-29 12:00:00+01:00,2923.94
2025-05-29 13:00:00+01:00,2947.305
2025-05-29 14:00:00+01:00,2914.31
2025-05-29 15:00:00+01:00,2854.045
2025-05-29 16:00:00+01:00,2679.745
2025-05-29 17:00:00+01:00,2463.74
2025-05-29 18:00:00+01:00,2303.16
2025-05-29 19:00:00+01:00,2231.63
2025-05-29 20:00:00+01:00,2112.47
2025-05-29 21:00:00+01:00,2037.36
2025-05-29 22:00:00+01:00,1998.64
2025-05-29 23:00:00+01:00,1953.825
2025-05-30 00:00:00+01:00,1839.475
2025-05-30 01:00:00+01:00,1880.63
2025-05-30 02:00:00+01:00,1774.615
2025-05-30 03:00:00+01:00,1589.755
2025-05-30 04:00:00+01:00,1407.49
2025-05-30 05:00:00+01:00,1190.54
2025-05-30 06:00:00+01:00,1011.885
2025-05-30 07:00:00+01:00,864.88
2025-05-30 08:00:00+01:00,791.055
2025-05-30 09:00:00+01:00,744.53
2025-05-30 10:00:00+01:00,717.94
2025-05-30 11:00:00+01:00,720.265
2025-05-30 12:00:00+01:00,734.1
2025-05-30 13:00:00+01:00,738.455
2025-05-30 14:00:00+01:00,797.07
2025-05-30 15:00:00+01:00,876.97
2025-05-30 16:00:00+01:00,941.685
2025-05-30 17:00:00+01:00,970.61
2025-05-30 18:00:00+01:00,976.515
2025-05-30 19:00:00+01:00,931.93
2025-05-30 20:00:00+01:00,906.565
2025-05-30 21:00:00+01:00,918.81
2025-05-30 22:00:00+01:00,1001.0
2025-05-30 23:00:00+01:00,1177.56
2025-05-31 00:00:00+01:00,1374.17
2025-05-31 01:00:00+01:00,1493.985
2025-05-31 02:00:00+01:00,1716.9
2025-05-31 03:00:00+01:00,1904.72
2025-05-31 04:00:00+01:00,2066.365
2025-05-31 05:00:00+01:00,2186.44
2025-05-31 06:00:00+01:00,2301.115
2025-05-31 07:00:00+01:00,2464.02
2025-05-31 08:00:00+01:00,2539.04
2025-05-31 09:00:00+01:00,2520.295
2025-05-31 10:00:00+01:00,2508.955
2025-05-31 11:00:00+01:00,2577.365
2025-05-31 12:00:00+01:00,2723.82
2025-05-31 13:00:00+01:00,2893.555
2025-05-31 14:00:00+01:00,2990.885
2025-05-31 15:00:00+01:00,3053.19
2025-05-31 16:00:00+01:00,3109.38
2025-05-31 17:00:00+01:00,3009.925
2025-05-31 18:00:00+01:00,2834.515
2025-05-31 19:00:00+01:00,2570.45
2025-05-31 20:00:00+01:00,2553.61
2025-05-31 21:00:00+01:00,2540.485
2025-05-31 22:00:00+01:00,2568.65
2025-05-31 23:00:00+01:00,2701.22
2025-06-01 00:00:00+01:00,2829.28
2025-06-01 01:00:00+01:00,2917.7
2025-06-01 02:00:00+01:00,2916.095
2025-06-01 03:00:00+01:00,2907.66
2025-06-01 04:00:00+01:00,2841.43
2025-06-01 05:00:00+01:00,2659.71
2025-06-01 06:00:00+01:00,2380.26
2025-06-01 07:00:00+01:00,1986.565
2025-06-01 08:00:00+01:00,1836.79
2025-06-01 09:00:00+01:00,1783.925
2025-06-01 10:00:00+01:00,1893.925
2025-06-01 11:00:00+01:00,2212.03
2025-06-01 12:00:00+01:00,2599.22
2025-06-01 13:00:00+01:00,2678.715
2025-06-01 14:00:00+01:00,2925.965
2025-06-01 15:00:00+01:00,2920.54
2025-06-01 16:00:00+01:00,2759.375
2025-06-01 17:00:00+01:00,2670.12
2025-06-01 18:00:00+01:00,2508.265
2025-06-01 19:00:00+01:00,2207.52
2025-06-01 20:00:00+01:00,1829.495
2025-06-01 21:00:00+01:00,1471.78
2025-06-01 22:00:00+01:00,1155.535
2025-06-01 23:00:00+01:00,832.015
2025-06-02 00:00:00+01:00,671.585
2025-06-02 01:00:00+01:00,679.215
2025-06-02 02:00:00+01:00,588.79
2025-06-02 03:00:00+01:00,477.85
2025-06-02 04:00:00+01:00,460.635
2025-06-02 05:00:00+01:00,441.11
2025-06-02 06:00:00+01:00,406.49
2025-06-02 07:00:00+01:00,460.01
2025-06-02 08:00:00+01:00,575.155
2025-06-02 09:00:00+01:00,735.635
2025-06-02 10:00:00+01:00,1064.355
2025-06-02 11:00:00+01:00,1592.355
2025-06-02 12:00:00+01:00,2221.61
2025-06-02 13:00:00+01:00,2826.59
2025-06-02 14:00:00+01:00,3262.575
2025-06-02 15:00:00+01:00,3527.975
2025-06-02 16:00:00+01:00,3770.21
2025-06-02 17:00:00+01:00,3917.105
2025-06-02 18:00:00+01:00,4007.36
2025-06-02 19:00:00+01:00,4063.015
2025-06-02 20:00:00+01:00,4032.015
2025-06-02 21:00:00+01:00,3839.515
2025-06-02 22:00:00+01:00,3590.475
2025-06-02 23:00:00+01:00,3272.775
2025-06-03 00:00:00+01:00,2949.795
2025-06-03 01:00:00+01:00,2406.585
2025-06-03 02:00:00+01:00,2336.68
2025-06-03 03:00:00+01:00,2465.75
2025-06-03 04:00:00+01:00,2583.125
2025-06-03 05:00:00+01:00,2591.91
2025-06-03 06:00:00+01:00,2637.28
2025-06-03 07:00:00+01:00,2566.91
2025-06-03 08:00:00+01:00,2419.525
2025-06-03 09:00:00+01:00,2337.825
2025-06-03 10:00:00+01:00,2392.49
2025-06-03 11:00:00+01:00,2393.67
2025-06-03 12:00:00+01:00,2367.85
2025-06-03 13:00:00+01:00,2174.26
2025-06-03 14:00:00+01:00,2062.365
2025-06-03 15:00:00+01:00,2124.89
2025-06-03 16:00:00+01:00,2071.505
2025-06-03 17:00:00+01:00,2033.995
2025-06-03 18:00:00+01:00,1965.395
2025-06-03 19:00:00+01:00,1777.41
2025-06-03 20:00:00+01:00,1626.165
2025-06-03 21:00:00+01:00,1524.18
2025-06-03 22:00:00+01:00,1487.95
2025-06-03 23:00:00+01:00,1452.805
2025-06-04 00:00:00+01:00,1434.135
2025-06-04 01:00:00+01:00,1404.855
2025-06-04 02:00:00+01:00,1465.67
2025-06-04 03:00:00+01:00,1487.16
2025-06-04 04:00:00+01:00,1476.425
2025-06-04 05:00:00+01:00,1392.13
2025-06-04 06:00:00+01:00,1253.465
2025-06-04 07:00:00+01:00,1134.295
2025-06-04 08:00:00+01:00,1286.91
2025-06-04 09:00:00+01:00,1501.73
2025-06-04 10:00:00+01:00,1647.07
2025-06-04 11:00:00+01:00,1763.25
2025-06-04 12:00:00+01:00,1914.01
2025-06-04 13:00:00+01:00,1856.24
2025-06-04 14:00:00+01:00,1879.33
2025-06-04 15:00:00+01:00,1776.28
2025-06-04 16:00:00+01:00,1673.415
2025-06-04 17:00:00+01:00,1539.95
2025-06-04 18:00:00+01:00,1370.975
2025-06-04 19:00:00+01:00,1100.89
2025-06-04 20:00:00+01:00,964.695
2025-06-04 21:00:00+01:00,912.595
2025-06-04 22:00:00+01:00,964.905
2025-06-04 23:00:00+01:00,951.965
2025-06-05 00:00:00+01:00,903.815
2025-06-05 01:00:00+01:00,886.235
2025-06-05 02:00:00+01:00,896.78
2025-06-05 03:00:00+01:00,946.78
2025-06-05 04:00:00+01:00,989.17
2025-06-05 05:00:00+01:00,980.69
2025-06-05 06:00:00+01:00,897.545
2025-06-05 07:00:00+01:00,815.73
2025-06-05 08:00:00+01:00,778.46
2025-06-05 09:00:00+01:00,730.34
2025-06-05 10:00:00+01:00,667.125
2025-06-05 11:00:00+01:00,657.03
2025-06-05 12:00:00+01:00,705.56
2025-06-05 13:00:00+01:00,752.805
2025-06-05 14:00:00+01:00,764.61
2025-06-05 15:00:00+01:00,812.52
2025-06-05 16:00:00+01:00,928.175
2025-06-05 17:00:00+01:00,1000.715
2025-06-05 18:00:00+01:00,1008.405
2025-06-05 19:00:00+01:00,952.24
2025-06-05 20:00:00+01:00,930.69
2025-06-05 21:00:00+01:00,918.105
2025-06-05 22:00:00+01:00,858.19
2025-06-05 23:00:00+01:00,899.07
2025-06-06 00:00:00+01:00,984.51
2025-06-06 01:00:00+01:00,1060.08
2025-06-06 02:00:00+01:00,1052.76
2025-06-06 03:00:00+01:00,1093.215
2025-06-06 04:00:00+01:00,1145.8
2025-06-06 05:00:00+01:00,1106.22
2025-06-06 06:00:00+01:00,989.95
2025-06-06 07:00:00+01:00,897.83
2025-06-06 08:00:00+01:00,794.315
2025-06-06 09:00:00+01:00,743.86
2025-06-06 10:00:00+01:00,775.03
2025-06-06 11:00:00+01:00,823.42
2025-06-06 12:00:00+01:00,892.09
2025-06-06 13:00:00+01:00,961.62
2025-06-06 14:00:00+01:00,1095.08
2025-06-06 15:00:00+01:00,1215.01
2025-06-06 16:00:00+01:00,1282.095
2025-06-06 17:00:00+01:00,1333.685
2025-06-06 18:00:00+01:00,1410.74
2025-06-06 19:00:00+01:00,1478.77
2025-06-06 20:00:00+01:00,1567.215
2025-06-06 21:00:00+01:00,1766.89
2025-06-06 22:00:00+01:00,2034.76
2025-06-06 23:00:00+01:00,2264.085
2025-06-07 00:00:00+01:00,756.865
2025-06-07 01:00:00+01:00,788.15
2025-06-07 02:00:00+01:00,782.325
2025-06-07 03:00:00+01:00,728.765
2025-06-07 04:00:00+01:00,687.26
2025-06-07 05:00:00+01:00,700.935
2025-06-07 06:00:00+01:00,723.73
2025-06-07 07:00:00+01:00,803.52
2025-06-07 08:00:00+01:00,966.58
2025-06-07 09:00:00+01:00,1190.955
2025-06-07 10:00:00+01:00,1394.125
2025-06-07 11:00:00+01:00,1606.53
2025-06-07 12:00:00+01:00,1817.135
2025-06-07 13:00:00+01:00,1990.48
2025-06-07 14:00:00+01:00,2163.045
2025-06-07 15:00:00+01:00,2316.455
2025-06-07 16:00:00+01:00,2422.51
2025-06-07 17:00:00+01:00,2419.225
2025-06-07 18:00:00+01:00,2300.58
2025-06-07 19:00:00+01:00,2079.565
2025-06-07 20:00:00+01:00,1745.275
2025-06-07 21:00:00+01:00,1371.35
2025-06-07 22:00:00+01:00,1065.25
2025-06-07 23:00:00+01:00,904.365
2025-06-08 00:00:00+01:00,662.84
2025-06-08 01:00:00+01:00,672.14
2025-06-08 02:00:00+01:00,736.635
2025-06-08 03:00:00+01:00,813.175
2025-06-08 04:00:00+01:00,864.02
2025-06-08 05:00:00+01:00,907.46
2025-06-08 06:00:00+01:00,929.215
2025-06-08 07:00:00+01:00,897.54
2025-06-08 08:00:00+01:00,847.55
2025-06-08 09:00:00+01:00,928.185
2025-06-08 10:00:00+01:00,1037.54
2025-06-08 11:00:00+01:00,1112.29
2025-06-08 12:00:00+01:00,1141.97
2025-06-08 13:00:00+01:00,1161.255
2025-06-08 14:00:00+01:00,1204.93
2025-06-08 15:00:00+01:00,1233.54
2025-06-08 16:00:00+01:00,1217.42
2025-06-08 17:00:00+01:00,1135.565
2025-06-08 18:00:00+01:00,1019.155
2025-06-08 19:00:00+01:00,886.47
2025-06-08 20:00:00+01:00,732.48
2025-06-08 21:00:00+01:00,589.51
2025-06-08 22:00:00+01:00,476.745
2025-06-08 23:00:00+01:00,418.875
2025-06-09 00:00:00+01:00,347.805
2025-06-09 01:00:00+01:00,308.205
2025-06-09 02:00:00+01:00,278.56
2025-06-09 03:00:00+01:00,245.53
2025-06-09 04:00:00+01:00,228.125
2025-06-09 05:00:00+01:00,210.44
2025-06-09 06:00:00+01:00,205.16
2025-06-09 07:00:00+01:00,208.02
2025-06-09 08:00:00+01:00,226.52
2025-06-09 09:00:00+01:00,275.125
2025-06-09 10:00:00+01:00,354.175
2025-06-09 11:00:00+01:00,458.2
2025-06-09 12:00:00+01:00,576.28
2025-06-09 13:00:00+01:00,700.53
2025-06-09 14:00:00+01:00,824.315
2025-06-09 15:00:00+01:00,941.145
2025-06-09 16:00:00+01:00,1036.8
2025-06-09 17:00:00+01:00,1114.165
2025-06-09 18:00:00+01:00,1152.055
2025-06-09 19:00:00+01:00,1144.85
2025-06-09 20:00:00+01:00,1109.99
2025-06-09 21:00:00+01:00,1080.96
2025-06-09 22:00:00+01:00,1077.995
2025-06-09 23:00:00+01:00,1095.365
2025-06-10 00:00:00+01:00,1322.86
2025-06-10 01:00:00+01:00,1187.195
2025-06-10 02:00:00+01:00,1094.965
2025-06-10 03:00:00+01:00,951.285
2025-06-10 04:00:00+01:00,815.8
2025-06-10 05:00:00+01:00,674.465
2025-06-10 06:00:00+01:00,560.09
2025-06-10 07:00:00+01:00,473.815
2025-06-10 08:00:00+01:00,369.54
2025-06-10 09:00:00+01:00,290.53
2025-06-10 10:00:00+01:00,243.635
2025-06-10 11:00:00+01:00,236.88
2025-06-10 12:00:00+01:00,251.035
2025-06-10 13:00:00+01:00,283.53
2025-06-10 14:00:00+01:00,333.015
2025-06-10 15:00:00+01:00,376.925
2025-06-10 16:00:00+01:00,397.92
2025-06-10 17:00:00+01:00,386.26
2025-06-10 18:00:00+01:00,369.745
2025-06-10 19:00:00+01:00,361.275
2025-06-10 20:00:00+01:00,340.39
2025-06-10 21:00:00+01:00,312.01
2025-06-10 22:00:00+01:00,292.7
2025-06-10 23:00:00+01:00,307.33
2025-06-11 00:00:00+01:00,343.245
2025-06-11 01:00:00+01:00,358.335
2025-06-11 02:00:00+01:00,330.38
2025-06-11 03:00:00+01:00,328.53
2025-06-11 04:00:00+01:00,407.79
2025-06-11 05:00:00+01:00,501.88
2025-06-11 06:00:00+01:00,577.925
2025-06-11 07:00:00+01:00,609.83
2025-06-11 08:00:00+01:00,592.45
2025-06-11 09:00:00+01:00,596.89
2025-06-11 10:00:00+01:00,677.035
2025-06-11 11:00:00+01:00,783.975
2025-06-11 12:00:00+01:00,889.075
2025-06-11 13:00:00+01:00,976.635
2025-06-11 14:00:00+01:00,1026.91
2025-06-11 15:00:00+01:00,1053.59
2025-06-11 16:00:00+01:00,1052.635
2025-06-11 17:00:00+01:00,1119.01
2025-06-11 18:00:00+01:00,1170.19
2025-06-11 19:00:00+01:00,1230.165
2025-06-11 20:00:00+01:00,1308.085
2025-06-11 21:00:00+01:00,1442.87
2025-06-11 22:00:00+01:00,1650.35
2025-06-11 23:00:00+01:00,1894.605
2025-06-12 00:00:00+01:00,1641.44
2025-06-12 01:00:00+01:00,1925.13
2025-06-12 02:00:00+01:00,2096.785
2025-06-12 03:00:00+01:00,2193.31
2025-06-12 04:00:00+01:00,2312.905
2025-06-12 05:00:00+01:00,2292.605
2025-06-12 06:00:00+01:00,2253.93
2025-06-12 07:00:00+01:00,2148.49
2025-06-12 08:00:00+01:00,1969.63
2025-06-12 09:00:00+01:00,1777.585
2025-06-12 10:00:00+01:00,1625.115
2025-06-12 11:00:00+01:00,1521.975
2025-06-12 12:00:00+01:00,1438.645
2025-06-12 13:00:00+01:00,1396.245
2025-06-12 14:00:00+01:00,1358.895
2025-06-12 15:00:00+01:00,1299.835
2025-06-12 16:00:00+01:00,1221.455
2025-06-12 17:00:00+01:00,1139.44
2025-06-12 18:00:00+01:00,1050.775
2025-06-12 19:00:00+01:00,960.85
2025-06-12 20:00:00+01:00,882.015
2025-06-12 21:00:00+01:00,820.565
2025-06-12 22:00:00+01:00,769.365
2025-06-12 23:00:00+01:00,710.03
2025-06-13 00:00:00+01:00,920.16
2025-06-13 01:00:00+01:00,919.505
2025-06-13 02:00:00+01:00,968.415
2025-06-13 03:00:00+01:00,1012.47
2025-06-13 04:00:00+01:00,941.085
2025-06-13 05:00:00+01:00,846.755
2025-06-13 06:00:00+01:00,737.98
2025-06-13 07:00:00+01:00,661.455
2025-06-13 08:00:00+01:00,619.87
2025-06-13 09:00:00+01:00,640.985
2025-06-13 10:00:00+01:00,761.645
2025-06-13 11:00:00+01:00,884.42
2025-06-13 12:00:00+01:00,946.07
2025-06-13 13:00:00+01:00,970.45
2025-06-13 14:00:00+01:00,982.725
2025-06-13 15:00:00+01:00,986.91
2025-06-13 16:00:00+01:00,959.305
2025-06-13 17:00:00+01:00,901.835
2025-06-13 18:00:00+01:00,789.455
2025-06-13 19:00:00+01:00,651.41
2025-06-13 20:00:00+01:00,542.23
2025-06-13 21:00:00+01:00,465.81
2025-06-13 22:00:00+01:00,413.01
2025-06-13 23:00:00+01:00,380.715
2025-06-14 00:00:00+01:00,558.025
2025-06-14 01:00:00+01:00,512.25
2025-06-14 02:00:00+01:00,444.155
2025-06-14 03:00:00+01:00,338.515
2025-06-14 04:00:00+01:00,286.175
2025-06-14 05:00:00+01:00,224.31
2025-06-14 06:00:00+01:00,178.07
2025-06-14 07:00:00+01:00,150.26
2025-06-14 08:00:00+01:00,133.65
2025-06-14 09:00:00+01:00,124.025
2025-06-14 10:00:00+01:00,136.78
2025-06-14 11:00:00+01:00,170.455
2025-06-14 12:00:00+01:00,227.95
2025-06-14 13:00:00+01:00,307.345
2025-06-14 14:00:00+01:00,411.695
2025-06-14 15:00:00+01:00,535.335
2025-06-14 16:00:00+01:00,662.345
2025-06-14 17:00:00+01:00,748.57
2025-06-14 18:00:00+01:00,770.525
2025-06-14 19:00:00+01:00,755.61
2025-06-14 20:00:00+01:00,705.47
2025-06-14 21:00:00+01:00,645.58
2025-06-14 22:00:00+01:00,607.485
2025-06-14 23:00:00+01:00,614.28
2025-06-15 00:00:00+01:00,690.095
2025-06-15 01:00:00+01:00,760.445
2025-06-15 02:00:00+01:00,843.02
2025-06-15 03:00:00+01:00,897.0
2025-06-15 04:00:00+01:00,903.78
2025-06-15 05:00:00+01:00,920.125
2025-06-15 06:00:00+01:00,922.13
2025-06-15 07:00:00+01:00,900.48
2025-06-15 08:00:00+01:00,862.775
2025-06-15 09:00:00+01:00,880.555
2025-06-15 10:00:00+01:00,982.49
2025-06-15 11:00:00+01:00,1099.295
2025-06-15 12:00:00+01:00,1158.475
2025-06-15 13:00:00+01:00,1162.285
2025-06-15 14:00:00+01:00,1165.475
2025-06-15 15:00:00+01:00,1195.38
2025-06-15 16:00:00+01:00,1219.435
2025-06-15 17:00:00+01:00,1180.975
2025-06-15 18:00:00+01:00,1063.725
2025-06-15 19:00:00+01:00,910.895
2025-06-15 20:00:00+01:00,747.61
2025-06-15 21:00:00+01:00,637.325
2025-06-15 22:00:00+01:00,618.495
2025-06-15 23:00:00+01:00,673.79
2025-06-16 00:00:00+01:00,749.525
2025-06-16 01:00:00+01:00,728.28
2025-06-16 02:00:00+01:00,735.87
2025-06-16 03:00:00+01:00,736.34
2025-06-16 04:00:00+01:00,717.59
2025-06-16 05:00:00+01:00,689.06
2025-06-16 06:00:00+01:00,670.045
2025-06-16 07:00:00+01:00,623.93
2025-06-16 08:00:00+01:00,553.425
2025-06-16 09:00:00+01:00,570.54
2025-06-16 10:00:00+01:00,672.685
2025-06-16 11:00:00+01:00,818.585
2025-06-16 12:00:00+01:00,971.915
2025-06-16 13:00:00+01:00,1130.655
2025-06-16 14:00:00+01:00,1305.985
2025-06-16 15:00:00+01:00,1458.415
2025-06-16 16:00:00+01:00,1556.42
2025-06-16 17:00:00+01:00,1623.545
2025-06-16 18:00:00+01:00,1698.625
2025-06-16 19:00:00+01:00,1768.21
2025-06-16 20:00:00+01:00,1803.235
2025-06-16 21:00:00+01:00,1795.1
2025-06-16 22:00:00+01:00,1763.06
2025-06-16 23:00:00+01:00,1763.485
2025-06-17 00:00:00+01:00,2155.69
2025-06-17 01:00:00+01:00,2107.14
2025-06-17 02:00:00+01:00,2026.625
2025-06-17 03:00:00+01:00,1888.7
2025-06-17 04:00:00+01:00,1637.32
2025-06-17 05:00:00+01:00,1444.27
2025-06-17 06:00:00+01:00,1295.1
2025-06-17 07:00:00+01:00,1154.62
2025-06-17 08:00:00+01:00,1013.075
2025-06-17 09:00:00+01:00,949.45
2025-06-17 10:00:00+01:00,934.21
2025-06-17 11:00:00+01:00,943.47
2025-06-17 12:00:00+01:00,965.65
2025-06-17 13:00:00+01:00,989.36
2025-06-17 14:00:00+01:00,1015.545
2025-06-17 15:00:00+01:00,1041.23
2025-06-17 16:00:00+01:00,1043.025
2025-06-17 17:00:00+01:00,1014.39
2025-06-17 18:00:00+01:00,911.74
2025-06-17 19:00:00+01:00,766.72
2025-06-17 20:00:00+01:00,653.54
2025-06-17 21:00:00+01:00,573.505
2025-06-17 22:00:00+01:00,486.14
2025-06-17 23:00:00+01:00,417.965
2025-06-18 00:00:00+01:00,386.205
2025-06-18 01:00:00+01:00,325.795
2025-06-18 02:00:00+01:00,307.03
2025-06-18 03:00:00+01:00,284.925
2025-06-18 04:00:00+01:00,247.105
2025-06-18 05:00:00+01:00,206.585
2025-06-18 06:00:00+01:00,180.38
2025-06-18 07:00:00+01:00,159.25
2025-06-18 08:00:00+01:00,139.7
2025-06-18 09:00:00+01:00,130.07
2025-06-18 10:00:00+01:00,140.265
2025-06-18 11:00:00+01:00,151.485
2025-06-18 12:00:00+01:00,160.98
2025-06-18 13:00:00+01:00,168.54
2025-06-18 14:00:00+01:00,174.565
2025-06-18 15:00:00+01:00,175.08
2025-06-18 16:00:00+01:00,164.97
2025-06-18 17:00:00+01:00,150.815
2025-06-18 18:00:00+01:00,136.74
2025-06-18 19:00:00+01:00,124.6
2025-06-18 20:00:00+01:00,118.465
2025-06-18 21:00:00+01:00,130.565
2025-06-18 22:00:00+01:00,177.545
2025-06-18 23:00:00+01:00,243.33
2025-06-19 00:00:00+01:00,79.71
2025-06-19 01:00:00+01:00,105.12
2025-06-19 02:00:00+01:00,187.89
2025-06-19 03:00:00+01:00,350.91
2025-06-19 04:00:00+01:00,601.835
2025-06-19 05:00:00+01:00,763.715
2025-06-19 06:00:00+01:00,885.635
2025-06-19 07:00:00+01:00,903.555
2025-06-19 08:00:00+01:00,845.08
2025-06-19 09:00:00+01:00,824.145
2025-06-19 10:00:00+01:00,936.52
2025-06-19 11:00:00+01:00,1149.385
2025-06-19 12:00:00+01:00,1374.59
2025-06-19 13:00:00+01:00,1577.005
2025-06-19 14:00:00+01:00,1752.965
2025-06-19 15:00:00+01:00,1936.93
2025-06-19 16:00:00+01:00,2071.015
2025-06-19 17:00:00+01:00,2139.915
2025-06-19 18:00:00+01:00,2094.51
2025-06-19 19:00:00+01:00,1919.025
2025-06-19 20:00:00+01:00,1688.66
2025-06-19 21:00:00+01:00,1514.67
2025-06-19 22:00:00+01:00,1479.66
2025-06-19 23:00:00+01:00,1556.345
2025-06-20 00:00:00+01:00,1167.79
2025-06-20 01:00:00+01:00,1309.115
2025-06-20 02:00:00+01:00,1379.15
2025-06-20 03:00:00+01:00,1342.085
2025-06-20 04:00:00+01:00,1299.34
2025-06-20 05:00:00+01:00,1203.995
2025-06-20 06:00:00+01:00,1134.59
2025-06-20 07:00:00+01:00,1036.75
2025-06-20 08:00:00+01:00,906.37
2025-06-20 09:00:00+01:00,857.04
2025-06-20 10:00:00+01:00,915.45
2025-06-20 11:00:00+01:00,1011.95
2025-06-20 12:00:00+01:00,1081.32
2025-06-20 13:00:00+01:00,1127.775
2025-06-20 14:00:00+01:00,1129.5
2025-06-20 15:00:00+01:00,1124.335
2025-06-20 16:00:00+01:00,1128.55
2025-06-20 17:00:00+01:00,1137.605
2025-06-20 18:00:00+01:00,1110.025
2025-06-20 19:00:00+01:00,1016.965
2025-06-20 20:00:00+01:00,873.15
2025-06-20 21:00:00+01:00,737.645
2025-06-20 22:00:00+01:00,664.625
2025-06-20 23:00:00+01:00,621.36
2025-06-21 00:00:00+01:00,526.095
2025-06-21 01:00:00+01:00,469.675
2025-06-21 02:00:00+01:00,394.165
2025-06-21 03:00:00+01:00,336.72
2025-06-21 04:00:00+01:00,315.14
2025-06-21 05:00:00+01:00,333.895
2025-06-21 06:00:00+01:00,362.69
2025-06-21 07:00:00+01:00,359.605
2025-06-21 08:00:00+01:00,336.465
2025-06-21 09:00:00+01:00,346.375
2025-06-21 10:00:00+01:00,381.23
2025-06-21 11:00:00+01:00,439.755
2025-06-21 12:00:00+01:00,529.405
2025-06-21 13:00:00+01:00,667.855
2025-06-21 14:00:00+01:00,826.52
2025-06-21 15:00:00+01:00,961.225
2025-06-21 16:00:00+01:00,1086.485
2025-06-21 17:00:00+01:00,1231.565
2025-06-21 18:00:00+01:00,1367.47
2025-06-21 19:00:00+01:00,1445.745
2025-06-21 20:00:00+01:00,1440.825
2025-06-21 21:00:00+01:00,1361.505
2025-06-21 22:00:00+01:00,1291.88
2025-06-21 23:00:00+01:00,1242.245
2025-06-22 00:00:00+01:00,1243.535
2025-06-22 01:00:00+01:00,1397.46
2025-06-22 02:00:00+01:00,1450.89
2025-06-22 03:00:00+01:00,1469.04
2025-06-22 04:00:00+01:00,1480.445
2025-06-22 05:00:00+01:00,1566.41
2025-06-22 06:00:00+01:00,1703.165
2025-06-22 07:00:00+01:00,1829.14
2025-06-22 08:00:00+01:00,1881.555
2025-06-22 09:00:00+01:00,1839.18
2025-06-22 10:00:00+01:00,1876.33
2025-06-22 11:00:00+01:00,2016.12
2025-06-22 12:00:00+01:00,2208.645
2025-06-22 13:00:00+01:00,2431.355
2025-06-22 14:00:00+01:00,2646.74
2025-06-22 15:00:00+01:00,2782.16
2025-06-22 16:00:00+01:00,2884.54
2025-06-22 17:00:00+01:00,2969.355
2025-06-22 18:00:00+01:00,3028.51
2025-06-22 19:00:00+01:00,3030.865
2025-06-22 20:00:00+01:00,2915.215
2025-06-22 21:00:00+01:00,2703.365
2025-06-22 22:00:00+01:00,2478.45
2025-06-22 23:00:00+01:00,2370.575
2025-06-23 00:00:00+01:00,2375.705
2025-06-23 01:00:00+01:00,2369.43
2025-06-23 02:00:00+01:00,2283.215
2025-06-23 03:00:00+01:00,2137.645
2025-06-23 04:00:00+01:00,1942.38
2025-06-23 05:00:00+01:00,1754.185
2025-06-23 06:00:00+01:00,1595.205
2025-06-23 07:00:00+01:00,1517.185
2025-06-23 08:00:00+01:00,1554.985
2025-06-23 09:00:00+01:00,1635.92
2025-06-23 10:00:00+01:00,1675.19
2025-06-23 11:00:00+01:00,1723.015
2025-06-23 12:00:00+01:00,1781.46
2025-06-23 13:00:00+01:00,1887.01
2025-06-23 14:00:00+01:00,2019.825
2025-06-23 15:00:00+01:00,2109.305
2025-06-23 16:00:00+01:00,2133.67
2025-06-23 17:00:00+01:00,2085.675
2025-06-23 18:00:00+01:00,1990.35
2025-06-23 19:00:00+01:00,1868.11
2025-06-23 20:00:00+01:00,1725.87
2025-06-23 21:00:00+01:00,1610.27
2025-06-23 22:00:00+01:00,1564.35
2025-06-23 23:00:00+01:00,1626.825
2025-06-24 00:00:00+01:00,2160.085
2025-06-24 01:00:00+01:00,2250.21
2025-06-24 02:00:00+01:00,2359.425
2025-06-24 03:00:00+01:00,2370.445
2025-06-24 04:00:00+01:00,2299.385
2025-06-24 05:00:00+01:00,2219.935
2025-06-24 06:00:00+01:00,2135.79
2025-06-24 07:00:00+01:00,2086.35
2025-06-24 08:00:00+01:00,2113.795
2025-06-24 09:00:00+01:00,2158.245
2025-06-24 10:00:00+01:00,2202.795
2025-06-24 11:00:00+01:00,2213.105
2025-06-24 12:00:00+01:00,2154.125
2025-06-24 13:00:00+01:00,2097.355
2025-06-24 14:00:00+01:00,2050.175
2025-06-24 15:00:00+01:00,1958.585
2025-06-24 16:00:00+01:00,1828.0
2025-06-24 17:00:00+01:00,1666.345
2025-06-24 18:00:00+01:00,1518.59
2025-06-24 19:00:00+01:00,1380.59
2025-06-24 20:00:00+01:00,1204.595
2025-06-24 21:00:00+01:00,1006.35
2025-06-24 22:00:00+01:00,827.1
2025-06-24 23:00:00+01:00,706.995
2025-06-25 00:00:00+01:00,678.355
2025-06-25 01:00:00+01:00,600.38
2025-06-25 02:00:00+01:00,535.395
2025-06-25 03:00:00+01:00,457.495
2025-06-25 04:00:00+01:00,406.75
2025-06-25 05:00:00+01:00,339.29
2025-06-25 06:00:00+01:00,275.895
2025-06-25 07:00:00+01:00,251.66
2025-06-25 08:00:00+01:00,266.24
2025-06-25 09:00:00+01:00,308.01
2025-06-25 10:00:00+01:00,361.995
2025-06-25 11:00:00+01:00,442.775
2025-06-25 12:00:00+01:00,548.25
2025-06-25 13:00:00+01:00,676.46
2025-06-25 14:00:00+01:00,825.585
2025-06-25 15:00:00+01:00,956.53
2025-06-25 16:00:00+01:00,1037.18
2025-06-25 17:00:00+01:00,1071.935
2025-06-25 18:00:00+01:00,1072.485
2025-06-25 19:00:00+01:00,1035.455
2025-06-25 20:00:00+01:00,986.1
2025-06-25 21:00:00+01:00,979.75
2025-06-25 22:00:00+01:00,1007.395
2025-06-25 23:00:00+01:00,1065.5
2025-06-26 00:00:00+01:00,825.61
2025-06-26 01:00:00+01:00,818.905
2025-06-26 02:00:00+01:00,776.7
2025-06-26 03:00:00+01:00,722.14
2025-06-26 04:00:00+01:00,755.24
2025-06-26 05:00:00+01:00,852.995
2025-06-26 06:00:00+01:00,931.585
2025-06-26 07:00:00+01:00,954.29
2025-06-26 08:00:00+01:00,971.015
2025-06-26 09:00:00+01:00,1045.29
2025-06-26 10:00:00+01:00,1191.325
2025-06-26 11:00:00+01:00,1413.415
2025-06-26 12:00:00+01:00,1655.035
2025-06-26 13:00:00+01:00,1852.34
2025-06-26 14:00:00+01:00,2003.85
2025-06-26 15:00:00+01:00,2112.665
2025-06-26 16:00:00+01:00,2181.455
2025-06-26 17:00:00+01:00,2258.91
2025-06-26 18:00:00+01:00,2402.33
2025-06-26 19:00:00+01:00,2544.67
2025-06-26 20:00:00+01:00,2653.475
2025-06-26 21:00:00+01:00,2765.93
2025-06-26 22:00:00+01:00,2890.355
2025-06-26 23:00:00+01:00,3052.11
2025-06-27 00:00:00+01:00,2597.165
2025-06-27 01:00:00+01:00,2764.805
2025-06-27 02:00:00+01:00,2851.23
2025-06-27 03:00:00+01:00,2854.5
2025-06-27 04:00:00+01:00,2877.85
2025-06-27 05:00:00+01:00,2906.09
2025-06-27 06:00:00+01:00,2926.245
2025-06-27 07:00:00+01:00,2935.15
2025-06-27 08:00:00+01:00,2991.815
2025-06-27 09:00:00+01:00,3083.89
2025-06-27 10:00:00+01:00,3204.66
2025-06-27 11:00:00+01:00,3330.175
2025-06-27 12:00:00+01:00,3447.355
2025-06-27 13:00:00+01:00,3550.18
2025-06-27 14:00:00+01:00,3617.925
2025-06-27 15:00:00+01:00,3615.72
2025-06-27 16:00:00+01:00,3540.415
2025-06-27 17:00:00+01:00,3426.795
2025-06-27 18:00:00+01:00,3242.26
2025-06-27 19:00:00+01:00,3002.295
2025-06-27 20:00:00+01:00,2733.695
2025-06-27 21:00:00+01:00,2520.835
2025-06-27 22:00:00+01:00,2431.935
2025-06-27 23:00:00+01:00,2394.515
2025-06-28 00:00:00+01:00,2457.085
2025-06-28 01:00:00+01:00,2319.98
2025-06-28 02:00:00+01:00,2165.395
2025-06-28 03:00:00+01:00,2070.1
2025-06-28 04:00:00+01:00,1984.73
2025-06-28 05:00:00+01:00,1836.56
2025-06-28 06:00:00+01:00,1726.715
2025-06-28 07:00:00+01:00,1626.385
2025-06-28 08:00:00+01:00,1540.045
2025-06-28 09:00:00+01:00,1495.76
2025-06-28 10:00:00+01:00,1476.985
2025-06-28 11:00:00+01:00,1478.135
2025-06-28 12:00:00+01:00,1476.44
2025-06-28 13:00:00+01:00,1437.385
2025-06-28 14:00:00+01:00,1366.23
2025-06-28 15:00:00+01:00,1244.04
2025-06-28 16:00:00+01:00,1082.99
2025-06-28 17:00:00+01:00,924.63
2025-06-28 18:00:00+01:00,764.03
2025-06-28 19:00:00+01:00,597.74
2025-06-28 20:00:00+01:00,449.75
2025-06-28 21:00:00+01:00,354.295
2025-06-28 22:00:00+01:00,315.32
2025-06-28 23:00:00+01:00,325.035
2025-06-29 00:00:00+01:00,278.165
2025-06-29 01:00:00+01:00,261.12
2025-06-29 02:00:00+01:00,334.165
2025-06-29 03:00:00+01:00,491.815
2025-06-29 04:00:00+01:00,652.785
2025-06-29 05:00:00+01:00,748.705
2025-06-29 06:00:00+01:00,865.235
2025-06-29 07:00:00+01:00,949.365
2025-06-29 08:00:00+01:00,997.145
2025-06-29 09:00:00+01:00,1083.91
2025-06-29 10:00:00+01:00,1198.825
2025-06-29 11:00:00+01:00,1306.3
2025-06-29 12:00:00+01:00,1380.94
2025-06-29 13:00:00+01:00,1431.56
2025-06-29 14:00:00+01:00,1468.285
2025-06-29 15:00:00+01:00,1496.985
2025-06-29 16:00:00+01:00,1503.29
2025-06-29 17:00:00+01:00,1469.805
2025-06-29 18:00:00+01:00,1399.695
2025-06-29 19:00:00+01:00,1305.155
2025-06-29 20:00:00+01:00,1192.67
2025-06-29 21:00:00+01:00,1073.54
2025-06-29 22:00:00+01:00,988.295
2025-06-29 23:00:00+01:00,955.45
2025-06-30 00:00:00+01:00,1379.59
2025-06-30 01:00:00+01:00,1329.58
2025-06-30 02:00:00+01:00,1292.63
2025-06-30 03:00:00+01:00,1246.595
2025-06-30 04:00:00+01:00,1143.385
2025-06-30 05:00:00+01:00,986.45
2025-06-30 06:00:00+01:00,865.695
2025-06-30 07:00:00+01:00,798.28
2025-06-30 08:00:00+01:00,696.89
2025-06-30 09:00:00+01:00,678.58
2025-06-30 10:00:00+01:00,689.26
2025-06-30 11:00:00+01:00,721.44
2025-06-30 12:00:00+01:00,756.99
2025-06-30 13:00:00+01:00,747.79
2025-06-30 14:00:00+01:00,822.605
2025-06-30 15:00:00+01:00,1006.735
2025-06-30 16:00:00+01:00,1046.315
2025-06-30 17:00:00+01:00,964.75
2025-06-30 18:00:00+01:00,876.525
2025-06-30 19:00:00+01:00,691.895
2025-06-30 20:00:00+01:00,616.385
2025-06-30 21:00:00+01:00,533.42
2025-06-30 22:00:00+01:00,438.14
2025-06-30 23:00:00+01:00,399.44
2025-07-01 00:00:00+01:00,428.775
2025-07-01 01:00:00+01:00,426.78
2025-07-01 02:00:00+01:00,368.575
2025-07-01 03:00:00+01:00,291.835
2025-07-01 04:00:00+01:00,252.755
2025-07-01 05:00:00+01:00,227.105
2025-07-01 06:00:00+01:00,216.15
2025-07-01 07:00:00+01:00,201.595
2025-07-01 08:00:00+01:00,178.18
2025-07-01 09:00:00+01:00,152.525
2025-07-01 10:00:00+01:00,127.07
2025-07-01 11:00:00+01:00,111.42
2025-07-01 12:00:00+01:00,107.365
2025-07-01 13:00:00+01:00,115.47
2025-07-01 14:00:00+01:00,139.395
2025-07-01 15:00:00+01:00,185.195
2025-07-01 16:00:00+01:00,252.875
2025-07-01 17:00:00+01:00,315.465
2025-07-01 18:00:00+01:00,368.445
2025-07-01 19:00:00+01:00,419.425
2025-07-01 20:00:00+01:00,457.08
2025-07-01 21:00:00+01:00,488.81
2025-07-01 22:00:00+01:00,508.045
2025-07-01 23:00:00+01:00,508.195
2025-07-02 00:00:00+01:00,322.9
2025-07-02 01:00:00+01:00,308.0
2025-07-02 02:00:00+01:00,266.4
2025-07-02 03:00:00+01:00,242.335
2025-07-02 04:00:00+01:00,245.18
2025-07-02 05:00:00+01:00,246.755
2025-07-02 06:00:00+01:00,250.365
2025-07-02 07:00:00+01:00,249.275
2025-07-02 08:00:00+01:00,250.355
2025-07-02 09:00:00+01:00,279.45
2025-07-02 10:00:00+01:00,318.295
2025-07-02 11:00:00+01:00,366.605
2025-07-02 12:00:00+01:00,420.7
2025-07-02 13:00:00+01:00,475.31
2025-07-02 14:00:00+01:00,534.61
2025-07-02 15:00:00+01:00,591.52
2025-07-02 16:00:00+01:00,643.085
2025-07-02 17:00:00+01:00,676.775
2025-07-02 18:00:00+01:00,674.555
2025-07-02 19:00:00+01:00,638.7
2025-07-02 20:00:00+01:00,578.1
2025-07-02 21:00:00+01:00,510.645
2025-07-02 22:00:00+01:00,440.775
2025-07-02 23:00:00+01:00,393.73
2025-07-03 00:00:00+01:00,529.79
2025-07-03 01:00:00+01:00,543.675
2025-07-03 02:00:00+01:00,581.63
2025-07-03 03:00:00+01:00,601.365
2025-07-03 04:00:00+01:00,568.115
2025-07-03 05:00:00+01:00,572.715
2025-07-03 06:00:00+01:00,589.005
2025-07-03 07:00:00+01:00,582.185
2025-07-03 08:00:00+01:00,595.32
2025-07-03 09:00:00+01:00,663.625
2025-07-03 10:00:00+01:00,745.3
2025-07-03 11:00:00+01:00,807.175
2025-07-03 12:00:00+01:00,854.885
2025-07-03 13:00:00+01:00,927.935
2025-07-03 14:00:00+01:00,1038.935
2025-07-03 15:00:00+01:00,1145.84
2025-07-03 16:00:00+01:00,1222.595
2025-07-03 17:00:00+01:00,1257.04
2025-07-03 18:00:00+01:00,1247.345
2025-07-03 19:00:00+01:00,1181.94
2025-07-03 20:00:00+01:00,1050.235
2025-07-03 21:00:00+01:00,917.13
2025-07-03 22:00:00+01:00,829.055
2025-07-03 23:00:00+01:00,806.225
2025-07-04 00:00:00+01:00,1241.84
2025-07-04 01:00:00+01:00,1328.335
2025-07-04 02:00:00+01:00,1412.975
2025-07-04 03:00:00+01:00,1477.105
2025-07-04 04:00:00+01:00,1501.27
2025-07-04 05:00:00+01:00,1555.97
2025-07-04 06:00:00+01:00,1662.965
2025-07-04 07:00:00+01:00,1791.945
2025-07-04 08:00:00+01:00,1993.22
2025-07-04 09:00:00+01:00,2258.91
2025-07-04 10:00:00+01:00,2545.76
2025-07-04 11:00:00+01:00,2775.085
2025-07-04 12:00:00+01:00,2930.15
2025-07-04 13:00:00+01:00,3044.245
2025-07-04 14:00:00+01:00,3137.95
2025-07-04 15:00:00+01:00,3198.435
2025-07-04 16:00:00+01:00,3237.105
2025-07-04 17:00:00+01:00,3329.18
2025-07-04 18:00:00+01:00,3333.825
2025-07-04 19:00:00+01:00,3290.64
2025-07-04 20:00:00+01:00,3201.45
2025-07-04 21:00:00+01:00,3099.055
2025-07-04 22:00:00+01:00,3014.52
2025-07-04 23:00:00+01:00,2960.72
2025-07-05 00:00:00+01:00,2651.44
2025-07-05 01:00:00+01:00,2353.885
2025-07-05 02:00:00+01:00,2238.545
2025-07-05 03:00:00+01:00,2081.5
2025-07-05 04:00:00+01:00,2030.245
2025-07-05 05:00:00+01:00,2033.725
2025-07-05 06:00:00+01:00,2042.66
2025-07-05 07:00:00+01:00,1812.875
2025-07-05 08:00:00+01:00,1884.675
2025-07-05 09:00:00+01:00,1867.92
2025-07-05 10:00:00+01:00,1936.22
2025-07-05 11:00:00+01:00,2019.795
2025-07-05 12:00:00+01:00,2113.745
2025-07-05 13:00:00+01:00,2172.52
2025-07-05 14:00:00+01:00,2163.83
2025-07-05 15:00:00+01:00,2084.775
2025-07-05 16:00:00+01:00,1925.435
2025-07-05 17:00:00+01:00,1831.08
2025-07-05 18:00:00+01:00,1750.575
2025-07-05 19:00:00+01:00,1530.535
2025-07-05 20:00:00+01:00,1410.14
2025-07-05 21:00:00+01:00,1328.14
2025-07-05 22:00:00+01:00,1385.565
2025-07-05 23:00:00+01:00,1530.095
2025-07-06 00:00:00+01:00,1763.275
2025-07-06 01:00:00+01:00,1714.165
2025-07-06 02:00:00+01:00,1649.445
2025-07-06 03:00:00+01:00,1601.84
2025-07-06 04:00:00+01:00,1530.78
2025-07-06 05:00:00+01:00,1450.685
2025-07-06 06:00:00+01:00,1362.695
2025-07-06 07:00:00+01:00,1302.46
2025-07-06 08:00:00+01:00,1249.6
2025-07-06 09:00:00+01:00,1174.185
2025-07-06 10:00:00+01:00,1116.515
2025-07-06 11:00:00+01:00,1167.445
2025-07-06 12:00:00+01:00,1303.055
2025-07-06 13:00:00+01:00,1466.43
2025-07-06 14:00:00+01:00,1629.505
2025-07-06 15:00:00+01:00,1729.795
2025-07-06 16:00:00+01:00,1777.895
2025-07-06 17:00:00+01:00,1750.2
2025-07-06 18:00:00+01:00,1708.27
2025-07-06 19:00:00+01:00,1708.05
2025-07-06 20:00:00+01:00,1687.79
2025-07-06 21:00:00+01:00,1639.17
2025-07-06 22:00:00+01:00,1577.12
2025-07-06 23:00:00+01:00,1562.875
2025-07-07 00:00:00+01:00,1313.485
2025-07-07 01:00:00+01:00,1335.645
2025-07-07 02:00:00+01:00,1363.76
2025-07-07 03:00:00+01:00,1345.16
2025-07-07 04:00:00+01:00,1247.985
2025-07-07 05:00:00+01:00,1170.565
2025-07-07 06:00:00+01:00,1054.465
2025-07-07 07:00:00+01:00,912.855
2025-07-07 08:00:00+01:00,834.75
2025-07-07 09:00:00+01:00,847.07
2025-07-07 10:00:00+01:00,892.185
2025-07-07 11:00:00+01:00,953.96
2025-07-07 12:00:00+01:00,974.605
2025-07-07 13:00:00+01:00,988.89
2025-07-07 14:00:00+01:00,1078.775
2025-07-07 15:00:00+01:00,1310.71
2025-07-07 16:00:00+01:00,1621.325
2025-07-07 17:00:00+01:00,1820.23
2025-07-07 18:00:00+01:00,1854.685
2025-07-07 19:00:00+01:00,1759.565
2025-07-07 20:00:00+01:00,1570.725
2025-07-07 21:00:00+01:00,1324.26
2025-07-07 22:00:00+01:00,1075.57
2025-07-07 23:00:00+01:00,919.14
2025-07-08 00:00:00+01:00,857.455
2025-07-08 01:00:00+01:00,793.14
2025-07-08 02:00:00+01:00,750.05
2025-07-08 03:00:00+01:00,669.81
2025-07-08 04:00:00+01:00,545.56
2025-07-08 05:00:00+01:00,439.385
2025-07-08 06:00:00+01:00,360.195
2025-07-08 07:00:00+01:00,304.88
2025-07-08 08:00:00+01:00,242.425
2025-07-08 09:00:00+01:00,226.495
2025-07-08 10:00:00+01:00,227.78
2025-07-08 11:00:00+01:00,239.92
2025-07-08 12:00:00+01:00,262.025
2025-07-08 13:00:00+01:00,297.7
2025-07-08 14:00:00+01:00,343.05
2025-07-08 15:00:00+01:00,383.62
2025-07-08 16:00:00+01:00,420.21
2025-07-08 17:00:00+01:00,439.96
2025-07-08 18:00:00+01:00,445.17
2025-07-08 19:00:00+01:00,450.075
2025-07-08 20:00:00+01:00,424.155
2025-07-08 21:00:00+01:00,368.35
2025-07-08 22:00:00+01:00,310.935
2025-07-08 23:00:00+01:00,292.17
2025-07-09 00:00:00+01:00,393.27
2025-07-09 01:00:00+01:00,389.665
2025-07-09 02:00:00+01:00,357.4
2025-07-09 03:00:00+01:00,304.97
2025-07-09 04:00:00+01:00,251.56
2025-07-09 05:00:00+01:00,216.165
2025-07-09 06:00:00+01:00,213.41
2025-07-09 07:00:00+01:00,212.01
2025-07-09 08:00:00+01:00,181.12
2025-07-09 09:00:00+01:00,163.83
2025-07-09 10:00:00+01:00,170.305
2025-07-09 11:00:00+01:00,198.975
2025-07-09 12:00:00+01:00,247.655
2025-07-09 13:00:00+01:00,303.705
2025-07-09 14:00:00+01:00,360.94
2025-07-09 15:00:00+01:00,416.375
2025-07-09 16:00:00+01:00,460.19
2025-07-09 17:00:00+01:00,493.74
2025-07-09 18:00:00+01:00,480.03
2025-07-09 19:00:00+01:00,440.455
2025-07-09 20:00:00+01:00,388.06
2025-07-09 21:00:00+01:00,337.475
2025-07-09 22:00:00+01:00,297.07
2025-07-09 23:00:00+01:00,286.18
2025-07-10 00:00:00+01:00,304.495
2025-07-10 01:00:00+01:00,295.28
2025-07-10 02:00:00+01:00,258.915
2025-07-10 03:00:00+01:00,229.245
2025-07-10 04:00:00+01:00,216.26
2025-07-10 05:00:00+01:00,204.98
2025-07-10 06:00:00+01:00,189.36
2025-07-10 07:00:00+01:00,173.685
2025-07-10 08:00:00+01:00,161.655
2025-07-10 09:00:00+01:00,159.935
2025-07-10 10:00:00+01:00,172.6
2025-07-10 11:00:00+01:00,187.67
2025-07-10 12:00:00+01:00,191.785
2025-07-10 13:00:00+01:00,199.055
2025-07-10 14:00:00+01:00,221.3
2025-07-10 15:00:00+01:00,246.075
2025-07-10 16:00:00+01:00,263.635
2025-07-10 17:00:00+01:00,271.7
2025-07-10 18:00:00+01:00,267.95
2025-07-10 19:00:00+01:00,253.105
2025-07-10 20:00:00+01:00,226.26
2025-07-10 21:00:00+01:00,197.635
2025-07-10 22:00:00+01:00,170.845
2025-07-10 23:00:00+01:00,145.585
2025-07-11 00:00:00+01:00,120.415
2025-07-11 01:00:00+01:00,90.92
2025-07-11 02:00:00+01:00,82.245
2025-07-11 03:00:00+01:00,90.585
2025-07-11 04:00:00+01:00,121.41
2025-07-11 05:00:00+01:00,137.355
2025-07-11 06:00:00+01:00,152.295
2025-07-11 07:00:00+01:00,170.115
2025-07-11 08:00:00+01:00,169.38
2025-07-11 09:00:00+01:00,172.125
2025-07-11 10:00:00+01:00,218.815
2025-07-11 11:00:00+01:00,305.8
2025-07-11 12:00:00+01:00,401.725
2025-07-11 13:00:00+01:00,506.495
2025-07-11 14:00:00+01:00,606.81
2025-07-11 15:00:00+01:00,680.825
2025-07-11 16:00:00+01:00,715.725
2025-07-11 17:00:00+01:00,758.875
2025-07-11 18:00:00+01:00,732.9
2025-07-11 19:00:00+01:00,655.22
2025-07-11 20:00:00+01:00,540.185
2025-07-11 21:00:00+01:00,445.785
2025-07-11 22:00:00+01:00,427.01
2025-07-11 23:00:00+01:00,465.49
2025-07-12 00:00:00+01:00,499.18
2025-07-12 01:00:00+01:00,571.335
2025-07-12 02:00:00+01:00,666.74
2025-07-12 03:00:00+01:00,776.365
2025-07-12 04:00:00+01:00,864.515
2025-07-12 05:00:00+01:00,904.65
2025-07-12 06:00:00+01:00,952.175
2025-07-12 07:00:00+01:00,907.68
2025-07-12 08:00:00+01:00,735.92
2025-07-12 09:00:00+01:00,614.81
2025-07-12 10:00:00+01:00,625.59
2025-07-12 11:00:00+01:00,783.67
2025-07-12 12:00:00+01:00,992.21
2025-07-12 13:00:00+01:00,1180.25
2025-07-12 14:00:00+01:00,1309.45
2025-07-12 15:00:00+01:00,1376.43
2025-07-12 16:00:00+01:00,1387.7
2025-07-12 17:00:00+01:00,1351.305
2025-07-12 18:00:00+01:00,1245.85
2025-07-12 19:00:00+01:00,1074.385
2025-07-12 20:00:00+01:00,879.99
2025-07-12 21:00:00+01:00,709.715
2025-07-12 22:00:00+01:00,612.77
2025-07-12 23:00:00+01:00,574.525
2025-07-13 00:00:00+01:00,578.42
2025-07-13 01:00:00+01:00,573.745
2025-07-13 02:00:00+01:00,559.255
2025-07-13 03:00:00+01:00,563.475
2025-07-13 04:00:00+01:00,581.69
2025-07-13 05:00:00+01:00,567.05
2025-07-13 06:00:00+01:00,559.515
2025-07-13 07:00:00+01:00,525.065
2025-07-13 08:00:00+01:00,458.965
2025-07-13 09:00:00+01:00,412.67
2025-07-13 10:00:00+01:00,407.795
2025-07-13 11:00:00+01:00,434.175
2025-07-13 12:00:00+01:00,469.495
2025-07-13 13:00:00+01:00,507.52
2025-07-13 14:00:00+01:00,539.705
2025-07-13 15:00:00+01:00,554.01
2025-07-13 16:00:00+01:00,525.285
2025-07-13 17:00:00+01:00,471.475
2025-07-13 18:00:00+01:00,415.425
2025-07-13 19:00:00+01:00,362.625
2025-07-13 20:00:00+01:00,329.85
2025-07-13 21:00:00+01:00,325.2
2025-07-13 22:00:00+01:00,337.38
2025-07-13 23:00:00+01:00,350.95
2025-07-14 00:00:00+01:00,386.215
2025-07-14 01:00:00+01:00,389.79
2025-07-14 02:00:00+01:00,407.25
2025-07-14 03:00:00+01:00,433.985
2025-07-14 04:00:00+01:00,487.685
2025-07-14 05:00:00+01:00,569.795
2025-07-14 06:00:00+01:00,652.725
2025-07-14 07:00:00+01:00,738.185
2025-07-14 08:00:00+01:00,847.465
2025-07-14 09:00:00+01:00,1031.605
2025-07-14 10:00:00+01:00,1257.81
2025-07-14 11:00:00+01:00,1482.925
2025-07-14 12:00:00+01:00,1683.585
2025-07-14 13:00:00+01:00,1858.39
2025-07-14 14:00:00+01:00,2009.35
2025-07-14 15:00:00+01:00,2109.88
2025-07-14 16:00:00+01:00,2144.565
2025-07-14 17:00:00+01:00,2137.96
2025-07-14 18:00:00+01:00,2088.29
2025-07-14 19:00:00+01:00,1991.615
2025-07-14 20:00:00+01:00,1854.985
2025-07-14 21:00:00+01:00,1731.09
2025-07-14 22:00:00+01:00,1714.995
2025-07-14 23:00:00+01:00,1789.77
2025-07-15 00:00:00+01:00,1390.635
2025-07-15 01:00:00+01:00,1283.9
2025-07-15 02:00:00+01:00,1218.36
2025-07-15 03:00:00+01:00,1183.1
2025-07-15 04:00:00+01:00,1039.235
2025-07-15 05:00:00+01:00,1050.895
2025-07-15 06:00:00+01:00,1085.315
2025-07-15 07:00:00+01:00,1040.555
2025-07-15 08:00:00+01:00,923.42
2025-07-15 09:00:00+01:00,839.575
2025-07-15 10:00:00+01:00,798.23
2025-07-15 11:00:00+01:00,837.785
2025-07-15 12:00:00+01:00,945.955
2025-07-15 13:00:00+01:00,1065.69
2025-07-15 14:00:00+01:00,1172.69
2025-07-15 15:00:00+01:00,1267.915
2025-07-15 16:00:00+01:00,1352.07
2025-07-15 17:00:00+01:00,1379.435
2025-07-15 18:00:00+01:00,1357.82
2025-07-15 19:00:00+01:00,1327.4
2025-07-15 20:00:00+01:00,1299.75
2025-07-15 21:00:00+01:00,1279.01
2025-07-15 22:00:00+01:00,1274.875
2025-07-15 23:00:00+01:00,1280.665
2025-07-16 00:00:00+01:00,413.23
2025-07-16 01:00:00+01:00,267.55
2025-07-16 02:00:00+01:00,189.625
2025-07-16 03:00:00+01:00,147.24
2025-07-16 04:00:00+01:00,147.855
2025-07-16 05:00:00+01:00,139.02
2025-07-16 06:00:00+01:00,141.44
2025-07-16 07:00:00+01:00,143.59
2025-07-16 08:00:00+01:00,128.415
2025-07-16 09:00:00+01:00,130.805
2025-07-16 10:00:00+01:00,156.85
2025-07-16 11:00:00+01:00,203.335
2025-07-16 12:00:00+01:00,264.95
2025-07-16 13:00:00+01:00,332.045
2025-07-16 14:00:00+01:00,401.145
2025-07-16 15:00:00+01:00,455.115
2025-07-16 16:00:00+01:00,481.85
2025-07-16 17:00:00+01:00,505.11
2025-07-16 18:00:00+01:00,529.2
2025-07-16 19:00:00+01:00,542.365
2025-07-16 20:00:00+01:00,543.88
2025-07-16 21:00:00+01:00,549.215
2025-07-16 22:00:00+01:00,564.485
2025-07-16 23:00:00+01:00,586.23
2025-07-17 00:00:00+01:00,529.565
2025-07-17 01:00:00+01:00,600.575
2025-07-17 02:00:00+01:00,641.285
2025-07-17 03:00:00+01:00,744.93
2025-07-17 04:00:00+01:00,896.99
2025-07-17 05:00:00+01:00,978.075
2025-07-17 06:00:00+01:00,1027.335
2025-07-17 07:00:00+01:00,1079.785
2025-07-17 08:00:00+01:00,1110.805
2025-07-17 09:00:00+01:00,1157.515
2025-07-17 10:00:00+01:00,1247.24
2025-07-17 11:00:00+01:00,1363.065
2025-07-17 12:00:00+01:00,1478.72
2025-07-17 13:00:00+01:00,1545.6
2025-07-17 14:00:00+01:00,1566.615
2025-07-17 15:00:00+01:00,1550.68
2025-07-17 16:00:00+01:00,1492.365
2025-07-17 17:00:00+01:00,1419.36
2025-07-17 18:00:00+01:00,1299.87
2025-07-17 19:00:00+01:00,1177.89
2025-07-17 20:00:00+01:00,1063.345
2025-07-17 21:00:00+01:00,955.615
2025-07-17 22:00:00+01:00,883.28
2025-07-17 23:00:00+01:00,841.71
2025-07-18 00:00:00+01:00,1094.14
2025-07-18 01:00:00+01:00,1087.69
2025-07-18 02:00:00+01:00,1120.295
2025-07-18 03:00:00+01:00,1054.795
2025-07-18 04:00:00+01:00,885.945
2025-07-18 05:00:00+01:00,760.1
2025-07-18 06:00:00+01:00,680.065
2025-07-18 07:00:00+01:00,621.285
2025-07-18 08:00:00+01:00,542.675
2025-07-18 09:00:00+01:00,471.205
2025-07-18 10:00:00+01:00,426.86
2025-07-18 11:00:00+01:00,398.415
2025-07-18 12:00:00+01:00,372.92
2025-07-18 13:00:00+01:00,355.005
2025-07-18 14:00:00+01:00,354.595
2025-07-18 15:00:00+01:00,359.96
2025-07-18 16:00:00+01:00,357.345
2025-07-18 17:00:00+01:00,343.645
2025-07-18 18:00:00+01:00,305.39
2025-07-18 19:00:00+01:00,258.95
2025-07-18 20:00:00+01:00,215.04
2025-07-18 21:00:00+01:00,185.055
2025-07-18 22:00:00+01:00,164.725
2025-07-18 23:00:00+01:00,152.92
2025-07-19 00:00:00+01:00,72.395
2025-07-19 01:00:00+01:00,81.405
2025-07-19 02:00:00+01:00,94.04
2025-07-19 03:00:00+01:00,111.05
2025-07-19 04:00:00+01:00,140.76
2025-07-19 05:00:00+01:00,161.47
2025-07-19 06:00:00+01:00,188.37
2025-07-19 07:00:00+01:00,213.365
2025-07-19 08:00:00+01:00,235.58
2025-07-19 09:00:00+01:00,274.965
2025-07-19 10:00:00+01:00,332.11
2025-07-19 11:00:00+01:00,395.475
2025-07-19 12:00:00+01:00,450.555
2025-07-19 13:00:00+01:00,494.685
2025-07-19 14:00:00+01:00,524.705
2025-07-19 15:00:00+01:00,547.915
2025-07-19 16:00:00+01:00,569.335
2025-07-19 17:00:00+01:00,601.01
2025-07-19 18:00:00+01:00,620.71
2025-07-19 19:00:00+01:00,620.505
2025-07-19 20:00:00+01:00,620.93
2025-07-19 21:00:00+01:00,624.225
2025-07-19 22:00:00+01:00,624.31
2025-07-19 23:00:00+01:00,609.435
2025-07-20 00:00:00+01:00,578.915
2025-07-20 01:00:00+01:00,607.545
2025-07-20 02:00:00+01:00,686.2
2025-07-20 03:00:00+01:00,686.585
2025-07-20 04:00:00+01:00,640.94
2025-07-20 05:00:00+01:00,606.47
2025-07-20 06:00:00+01:00,590.985
2025-07-20 07:00:00+01:00,600.05
2025-07-20 08:00:00+01:00,608.585
2025-07-20 09:00:00+01:00,603.53
2025-07-20 10:00:00+01:00,610.61
2025-07-20 11:00:00+01:00,650.825
2025-07-20 12:00:00+01:00,717.215
2025-07-20 13:00:00+01:00,778.715
2025-07-20 14:00:00+01:00,817.995
2025-07-20 15:00:00+01:00,858.82
2025-07-20 16:00:00+01:00,931.235
2025-07-20 17:00:00+01:00,1013.83
2025-07-20 18:00:00+01:00,1080.7
2025-07-20 19:00:00+01:00,1124.36
2025-07-20 20:00:00+01:00,1149.27
2025-07-20 21:00:00+01:00,1170.88
2025-07-20 22:00:00+01:00,1198.48
2025-07-20 23:00:00+01:00,1233.815
2025-07-21 00:00:00+01:00,1107.6
2025-07-21 01:00:00+01:00,1137.775
2025-07-21 02:00:00+01:00,1165.685
2025-07-21 03:00:00+01:00,1164.29
2025-07-21 04:00:00+01:00,1219.31
2025-07-21 05:00:00+01:00,1245.91
2025-07-21 06:00:00+01:00,1276.36
2025-07-21 07:00:00+01:00,1305.905
2025-07-21 08:00:00+01:00,1296.925
2025-07-21 09:00:00+01:00,1278.945
2025-07-21 10:00:00+01:00,1289.71
2025-07-21 11:00:00+01:00,1362.03
2025-07-21 12:00:00+01:00,1446.88
2025-07-21 13:00:00+01:00,1512.555
2025-07-21 14:00:00+01:00,1577.065
2025-07-21 15:00:00+01:00,1648.4
2025-07-21 16:00:00+01:00,1725.615
2025-07-21 17:00:00+01:00,1749.185
2025-07-21 18:00:00+01:00,1686.855
2025-07-21 19:00:00+01:00,1572.38
2025-07-21 20:00:00+01:00,1450.535
2025-07-21 21:00:00+01:00,1355.57
2025-07-21 22:00:00+01:00,1280.365
2025-07-21 23:00:00+01:00,1209.565
2025-07-22 00:00:00+01:00,770.965
2025-07-22 01:00:00+01:00,712.215
2025-07-22 02:00:00+01:00,597.33
2025-07-22 03:00:00+01:00,540.005
2025-07-22 04:00:00+01:00,541.72
2025-07-22 05:00:00+01:00,535.075
2025-07-22 06:00:00+01:00,511.72
2025-07-22 07:00:00+01:00,466.315
2025-07-22 08:00:00+01:00,382.58
2025-07-22 09:00:00+01:00,312.675
2025-07-22 10:00:00+01:00,268.12
2025-07-22 11:00:00+01:00,267.455
2025-07-22 12:00:00+01:00,298.03
2025-07-22 13:00:00+01:00,348.655
2025-07-22 14:00:00+01:00,425.34
2025-07-22 15:00:00+01:00,510.005
2025-07-22 16:00:00+01:00,581.71
2025-07-22 17:00:00+01:00,623.99
2025-07-22 18:00:00+01:00,646.57
2025-07-22 19:00:00+01:00,664.265
2025-07-22 20:00:00+01:00,663.58
2025-07-22 21:00:00+01:00,660.84
2025-07-22 22:00:00+01:00,667.64
2025-07-22 23:00:00+01:00,681.38
2025-07-23 00:00:00+01:00,472.62
2025-07-23 01:00:00+01:00,509.46
2025-07-23 02:00:00+01:00,542.105
2025-07-23 03:00:00+01:00,566.685
2025-07-23 04:00:00+01:00,569.865
2025-07-23 05:00:00+01:00,563.355
2025-07-23 06:00:00+01:00,555.18
2025-07-23 07:00:00+01:00,534.325
2025-07-23 08:00:00+01:00,499.235
2025-07-23 09:00:00+01:00,511.195
2025-07-23 10:00:00+01:00,544.415
2025-07-23 11:00:00+01:00,607.6
2025-07-23 12:00:00+01:00,675.75
2025-07-23 13:00:00+01:00,701.805
2025-07-23 14:00:00+01:00,718.105
2025-07-23 15:00:00+01:00,782.985
2025-07-23 16:00:00+01:00,895.885
2025-07-23 17:00:00+01:00,976.045
2025-07-23 18:00:00+01:00,994.64
2025-07-23 19:00:00+01:00,956.625
2025-07-23 20:00:00+01:00,850.295
2025-07-23 21:00:00+01:00,724.915
2025-07-23 22:00:00+01:00,607.96
2025-07-23 23:00:00+01:00,533.19
2025-07-24 00:00:00+01:00,351.115
2025-07-24 01:00:00+01:00,275.795
2025-07-24 02:00:00+01:00,219.505
2025-07-24 03:00:00+01:00,175.215
2025-07-24 04:00:00+01:00,140.415
2025-07-24 05:00:00+01:00,133.885
2025-07-24 06:00:00+01:00,122.01
2025-07-24 07:00:00+01:00,113.8
2025-07-24 08:00:00+01:00,105.105
2025-07-24 09:00:00+01:00,107.41
2025-07-24 10:00:00+01:00,126.06
2025-07-24 11:00:00+01:00,154.63
2025-07-24 12:00:00+01:00,188.465
2025-07-24 13:00:00+01:00,235.905
2025-07-24 14:00:00+01:00,308.62
2025-07-24 15:00:00+01:00,404.95
2025-07-24 16:00:00+01:00,499.04
2025-07-24 17:00:00+01:00,571.385
2025-07-24 18:00:00+01:00,621.29
2025-07-24 19:00:00+01:00,649.515
2025-07-24 20:00:00+01:00,628.47
2025-07-24 21:00:00+01:00,576.72
2025-07-24 22:00:00+01:00,534.13
2025-07-24 23:00:00+01:00,514.065
2025-07-25 00:00:00+01:00,515.645
2025-07-25 01:00:00+01:00,458.3
2025-07-25 02:00:00+01:00,412.14
2025-07-25 03:00:00+01:00,410.995
2025-07-25 04:00:00+01:00,460.12
2025-07-25 05:00:00+01:00,481.225
2025-07-25 06:00:00+01:00,502.87
2025-07-25 07:00:00+01:00,504.72
2025-07-25 08:00:00+01:00,483.125
2025-07-25 09:00:00+01:00,490.18
2025-07-25 10:00:00+01:00,534.87
2025-07-25 11:00:00+01:00,606.88
2025-07-25 12:00:00+01:00,700.31
2025-07-25 13:00:00+01:00,821.255
2025-07-25 14:00:00+01:00,958.05
2025-07-25 15:00:00+01:00,1090.29
2025-07-25 16:00:00+01:00,1204.975
2025-07-25 17:00:00+01:00,1237.415
2025-07-25 18:00:00+01:00,1179.25
2025-07-25 19:00:00+01:00,1053.035
2025-07-25 20:00:00+01:00,892.355
2025-07-25 21:00:00+01:00,742.0
2025-07-25 22:00:00+01:00,637.795
2025-07-25 23:00:00+01:00,599.655
2025-07-26 00:00:00+01:00,492.665
2025-07-26 01:00:00+01:00,442.27
2025-07-26 02:00:00+01:00,439.85
2025-07-26 03:00:00+01:00,502.115
2025-07-26 04:00:00+01:00,566.64
2025-07-26 05:00:00+01:00,527.935
2025-07-26 06:00:00+01:00,545.395
2025-07-26 07:00:00+01:00,565.135
2025-07-26 08:00:00+01:00,572.435
2025-07-26 09:00:00+01:00,629.085
2025-07-26 10:00:00+01:00,716.31
2025-07-26 11:00:00+01:00,820.925
2025-07-26 12:00:00+01:00,963.75
2025-07-26 13:00:00+01:00,1130.91
2025-07-26 14:00:00+01:00,1294.095
2025-07-26 15:00:00+01:00,1418.83
2025-07-26 16:00:00+01:00,1514.15
2025-07-26 17:00:00+01:00,1535.795
2025-07-26 18:00:00+01:00,1481.2
2025-07-26 19:00:00+01:00,1371.055
2025-07-26 20:00:00+01:00,1213.915
2025-07-26 21:00:00+01:00,1068.815
2025-07-26 22:00:00+01:00,976.3
2025-07-26 23:00:00+01:00,965.24
2025-07-27 00:00:00+01:00,631.675
2025-07-27 01:00:00+01:00,518.425
2025-07-27 02:00:00+01:00,457.35
2025-07-27 03:00:00+01:00,478.57
2025-07-27 04:00:00+01:00,490.34
2025-07-27 05:00:00+01:00,492.83
2025-07-27 06:00:00+01:00,477.875
2025-07-27 07:00:00+01:00,451.55
2025-07-27 08:00:00+01:00,406.525
2025-07-27 09:00:00+01:00,396.72
2025-07-27 10:00:00+01:00,410.62
2025-07-27 11:00:00+01:00,426.46
2025-07-27 12:00:00+01:00,451.925
2025-07-27 13:00:00+01:00,481.43
2025-07-27 14:00:00+01:00,503.975
2025-07-27 15:00:00+01:00,526.39
2025-07-27 16:00:00+01:00,560.06
2025-07-27 17:00:00+01:00,592.34
2025-07-27 18:00:00+01:00,633.755
2025-07-27 19:00:00+01:00,659.34
2025-07-27 20:00:00+01:00,639.66
2025-07-27 21:00:00+01:00,599.965
2025-07-27 22:00:00+01:00,557.83
2025-07-27 23:00:00+01:00,537.855
2025-07-28 00:00:00+01:00,549.775
2025-07-28 01:00:00+01:00,512.925
2025-07-28 02:00:00+01:00,527.405
2025-07-28 03:00:00+01:00,521.04
2025-07-28 04:00:00+01:00,506.08
2025-07-28 05:00:00+01:00,489.415
2025-07-28 06:00:00+01:00,474.65
2025-07-28 07:00:00+01:00,477.235
2025-07-28 08:00:00+01:00,451.42
2025-07-28 09:00:00+01:00,436.44
2025-07-28 10:00:00+01:00,453.1
2025-07-28 11:00:00+01:00,497.735
2025-07-28 12:00:00+01:00,558.355
2025-07-28 13:00:00+01:00,619.535
2025-07-28 14:00:00+01:00,660.525
2025-07-28 15:00:00+01:00,672.31
2025-07-28 16:00:00+01:00,687.8
2025-07-28 17:00:00+01:00,715.59
2025-07-28 18:00:00+01:00,737.275
2025-07-28 19:00:00+01:00,728.875
2025-07-28 20:00:00+01:00,676.275
2025-07-28 21:00:00+01:00,635.09
2025-07-28 22:00:00+01:00,644.85
2025-07-28 23:00:00+01:00,707.21
2025-07-29 00:00:00+01:00,846.655
2025-07-29 01:00:00+01:00,965.24
2025-07-29 02:00:00+01:00,1079.38
2025-07-29 03:00:00+01:00,1170.19
2025-07-29 04:00:00+01:00,1168.575
2025-07-29 05:00:00+01:00,1144.505
2025-07-29 06:00:00+01:00,1104.085
2025-07-29 07:00:00+01:00,1059.71
2025-07-29 08:00:00+01:00,997.585
2025-07-29 09:00:00+01:00,961.765
2025-07-29 10:00:00+01:00,949.055
2025-07-29 11:00:00+01:00,954.505
2025-07-29 12:00:00+01:00,968.105
2025-07-29 13:00:00+01:00,981.135
2025-07-29 14:00:00+01:00,984.67
2025-07-29 15:00:00+01:00,980.805
2025-07-29 16:00:00+01:00,976.035
2025-07-29 17:00:00+01:00,930.86
2025-07-29 18:00:00+01:00,872.255
2025-07-29 19:00:00+01:00,843.005
2025-07-29 20:00:00+01:00,797.9
2025-07-29 21:00:00+01:00,709.6
2025-07-29 22:00:00+01:00,604.455
2025-07-29 23:00:00+01:00,528.56
2025-07-30 00:00:00+01:00,365.53
2025-07-30 01:00:00+01:00,368.965
2025-07-30 02:00:00+01:00,346.71
2025-07-30 03:00:00+01:00,323.3
2025-07-30 04:00:00+01:00,329.39
2025-07-30 05:00:00+01:00,345.48
2025-07-30 06:00:00+01:00,388.865
2025-07-30 07:00:00+01:00,434.48
2025-07-30 08:00:00+01:00,440.1
2025-07-30 09:00:00+01:00,444.905
2025-07-30 10:00:00+01:00,469.435
2025-07-30 11:00:00+01:00,534.335
2025-07-30 12:00:00+01:00,621.625
2025-07-30 13:00:00+01:00,729.17
2025-07-30 14:00:00+01:00,866.975
2025-07-30 15:00:00+01:00,971.73
2025-07-30 16:00:00+01:00,1001.38
2025-07-30 17:00:00+01:00,995.88
2025-07-30 18:00:00+01:00,980.24
2025-07-30 19:00:00+01:00,964.86
2025-07-30 20:00:00+01:00,897.7
2025-07-30 21:00:00+01:00,796.105
2025-07-30 22:00:00+01:00,703.76
2025-07-30 23:00:00+01:00,668.845
2025-07-31 00:00:00+01:00,642.68
2025-07-31 01:00:00+01:00,624.355
2025-07-31 02:00:00+01:00,563.9
2025-07-31 03:00:00+01:00,521.915
2025-07-31 04:00:00+01:00,528.975
2025-07-31 05:00:00+01:00,541.645
2025-07-31 06:00:00+01:00,589.265
2025-07-31 07:00:00+01:00,618.095
2025-07-31 08:00:00+01:00,609.415
2025-07-31 09:00:00+01:00,613.355
2025-07-31 10:00:00+01:00,622.395
2025-07-31 11:00:00+01:00,675.615
2025-07-31 12:00:00+01:00,786.14
2025-07-31 13:00:00+01:00,925.8
2025-07-31 14:00:00+01:00,1040.82
2025-07-31 15:00:00+01:00,1105.325
2025-07-31 16:00:00+01:00,1147.53
2025-07-31 17:00:00+01:00,1218.97
2025-07-31 18:00:00+01:00,1252.99
2025-07-31 19:00:00+01:00,1302.245
2025-07-31 20:00:00+01:00,1262.31
2025-07-31 21:00:00+01:00,1131.63
2025-07-31 22:00:00+01:00,956.5
2025-07-31 23:00:00+01:00,833.345
2025-08-01 00:00:00+01:00,805.555
2025-08-01 01:00:00+01:00,758.1
2025-08-01 02:00:00+01:00,679.57
2025-08-01 03:00:00+01:00,578.485
2025-08-01 04:00:00+01:00,523.245
2025-08-01 05:00:00+01:00,476.35
2025-08-01 06:00:00+01:00,448.005
2025-08-01 07:00:00+01:00,403.925
2025-08-01 08:00:00+01:00,377.625
2025-08-01 09:00:00+01:00,399.845
2025-08-01 10:00:00+01:00,417.95
2025-08-01 11:00:00+01:00,438.42
2025-08-01 12:00:00+01:00,467.255
2025-08-01 13:00:00+01:00,491.555
2025-08-01 14:00:00+01:00,532.38
2025-08-01 15:00:00+01:00,569.5
2025-08-01 16:00:00+01:00,604.38
2025-08-01 17:00:00+01:00,626.075
2025-08-01 18:00:00+01:00,611.535
2025-08-01 19:00:00+01:00,597.255
2025-08-01 20:00:00+01:00,576.1
2025-08-01 21:00:00+01:00,544.705
2025-08-01 22:00:00+01:00,482.92
2025-08-01 23:00:00+01:00,405.8
2025-08-02 00:00:00+01:00,283.195
2025-08-02 01:00:00+01:00,216.99
2025-08-02 02:00:00+01:00,168.21
2025-08-02 03:00:00+01:00,154.41
2025-08-02 04:00:00+01:00,190.795
2025-08-02 05:00:00+01:00,228.115
2025-08-02 06:00:00+01:00,282.21
2025-08-02 07:00:00+01:00,343.47
2025-08-02 08:00:00+01:00,354.675
2025-08-02 09:00:00+01:00,351.11
2025-08-02 10:00:00+01:00,391.19
2025-08-02 11:00:00+01:00,458.04
2025-08-02 12:00:00+01:00,536.695
2025-08-02 13:00:00+01:00,627.07
2025-08-02 14:00:00+01:00,746.195
2025-08-02 15:00:00+01:00,863.005
2025-08-02 16:00:00+01:00,954.4
2025-08-02 17:00:00+01:00,1012.945
2025-08-02 18:00:00+01:00,1043.36
2025-08-02 19:00:00+01:00,1055.73
2025-08-02 20:00:00+01:00,1037.31
2025-08-02 21:00:00+01:00,1019.5
2025-08-02 22:00:00+01:00,1024.405
2025-08-02 23:00:00+01:00,1049.215
2025-08-03 00:00:00+01:00,1303.02
2025-08-03 01:00:00+01:00,1374.415
2025-08-03 02:00:00+01:00,1437.655
2025-08-03 03:00:00+01:00,1397.88
2025-08-03 04:00:00+01:00,1322.915
2025-08-03 05:00:00+01:00,1236.085
2025-08-03 06:00:00+01:00,1172.205
2025-08-03 07:00:00+01:00,1112.445
2025-08-03 08:00:00+01:00,1014.625
2025-08-03 09:00:00+01:00,980.865
2025-08-03 10:00:00+01:00,998.085
2025-08-03 11:00:00+01:00,1008.1
2025-08-03 12:00:00+01:00,968.13
2025-08-03 13:00:00+01:00,941.96
2025-08-03 14:00:00+01:00,949.6
2025-08-03 15:00:00+01:00,906.27
2025-08-03 16:00:00+01:00,836.275
2025-08-03 17:00:00+01:00,763.435
2025-08-03 18:00:00+01:00,712.37
2025-08-03 19:00:00+01:00,679.46
2025-08-03 20:00:00+01:00,615.865
2025-08-03 21:00:00+01:00,539.065
2025-08-03 22:00:00+01:00,509.76
2025-08-03 23:00:00+01:00,570.315
2025-08-04 00:00:00+01:00,1364.57
2025-08-04 01:00:00+01:00,1944.49
2025-08-04 02:00:00+01:00,2638.25
2025-08-04 03:00:00+01:00,3212.49
2025-08-04 04:00:00+01:00,3666.505
2025-08-04 05:00:00+01:00,3937.55
2025-08-04 06:00:00+01:00,4129.79
2025-08-04 07:00:00+01:00,4219.81
2025-08-04 08:00:00+01:00,4193.255
2025-08-04 09:00:00+01:00,4026.64
2025-08-04 10:00:00+01:00,3772.39
2025-08-04 11:00:00+01:00,3528.305
2025-08-04 12:00:00+01:00,3297.69
2025-08-04 13:00:00+01:00,3119.025
2025-08-04 14:00:00+01:00,3030.135
2025-08-04 15:00:00+01:00,2998.68
2025-08-04 16:00:00+01:00,2963.005
2025-08-04 17:00:00+01:00,2898.3
2025-08-04 18:00:00+01:00,2838.0
2025-08-04 19:00:00+01:00,2774.035
2025-08-04 20:00:00+01:00,2663.55
2025-08-04 21:00:00+01:00,2549.665
2025-08-04 22:00:00+01:00,2516.425
2025-08-04 23:00:00+01:00,2594.065
2025-08-05 00:00:00+01:00,3139.695
2025-08-05 01:00:00+01:00,3182.965
2025-08-05 02:00:00+01:00,3165.245
2025-08-05 03:00:00+01:00,3124.74
2025-08-05 04:00:00+01:00,2983.68
2025-08-05 05:00:00+01:00,2851.9
2025-08-05 06:00:00+01:00,2791.05
2025-08-05 07:00:00+01:00,2808.88
2025-08-05 08:00:00+01:00,2763.985
2025-08-05 09:00:00+01:00,2788.37
2025-08-05 10:00:00+01:00,2782.405
2025-08-05 11:00:00+01:00,2783.23
2025-08-05 12:00:00+01:00,2767.11
2025-08-05 13:00:00+01:00,2682.59
2025-08-05 14:00:00+01:00,2543.725
2025-08-05 15:00:00+01:00,2352.945
2025-08-05 16:00:00+01:00,2148.615
2025-08-05 17:00:00+01:00,1953.34
2025-08-05 18:00:00+01:00,1824.055
2025-08-05 19:00:00+01:00,1688.73
2025-08-05 20:00:00+01:00,1445.785
2025-08-05 21:00:00+01:00,1193.87
2025-08-05 22:00:00+01:00,995.4
2025-08-05 23:00:00+01:00,868.915
2025-08-06 00:00:00+01:00,728.085
2025-08-06 01:00:00+01:00,735.5
2025-08-06 02:00:00+01:00,717.515
2025-08-06 03:00:00+01:00,614.445
2025-08-06 04:00:00+01:00,524.01
2025-08-06 05:00:00+01:00,500.815
2025-08-06 06:00:00+01:00,490.965
2025-08-06 07:00:00+01:00,499.79
2025-08-06 08:00:00+01:00,503.42
2025-08-06 09:00:00+01:00,559.025
2025-08-06 10:00:00+01:00,712.875
2025-08-06 11:00:00+01:00,963.45
2025-08-06 12:00:00+01:00,1241.335
2025-08-06 13:00:00+01:00,1539.145
2025-08-06 14:00:00+01:00,1844.935
2025-08-06 15:00:00+01:00,2139.56
2025-08-06 16:00:00+01:00,2394.04
2025-08-06 17:00:00+01:00,2673.865
2025-08-06 18:00:00+01:00,2962.96
2025-08-06 19:00:00+01:00,3199.45
2025-08-06 20:00:00+01:00,3358.715
2025-08-06 21:00:00+01:00,3465.715
2025-08-06 22:00:00+01:00,3528.74
2025-08-06 23:00:00+01:00,3534.82
2025-08-07 00:00:00+01:00,3278.805
2025-08-07 01:00:00+01:00,3090.965
2025-08-07 02:00:00+01:00,2765.41
2025-08-07 03:00:00+01:00,2401.54
2025-08-07 04:00:00+01:00,2154.895
2025-08-07 05:00:00+01:00,1864.7
2025-08-07 06:00:00+01:00,1659.355
2025-08-07 07:00:00+01:00,1493.225
2025-08-07 08:00:00+01:00,1353.795
2025-08-07 09:00:00+01:00,1259.025
2025-08-07 10:00:00+01:00,1204.89
2025-08-07 11:00:00+01:00,1214.77
2025-08-07 12:00:00+01:00,1287.45
2025-08-07 13:00:00+01:00,1394.655
2025-08-07 14:00:00+01:00,1528.96
2025-08-07 15:00:00+01:00,1629.075
2025-08-07 16:00:00+01:00,1660.31
2025-08-07 17:00:00+01:00,1624.435
2025-08-07 18:00:00+01:00,1562.805
2025-08-07 19:00:00+01:00,1484.405
2025-08-07 20:00:00+01:00,1344.19
2025-08-07 21:00:00+01:00,1184.89
2025-08-07 22:00:00+01:00,1080.08
2025-08-07 23:00:00+01:00,1060.3
2025-08-08 00:00:00+01:00,1258.565
2025-08-08 01:00:00+01:00,1316.74
2025-08-08 02:00:00+01:00,1293.175
2025-08-08 03:00:00+01:00,1286.93
2025-08-08 04:00:00+01:00,1281.05
2025-08-08 05:00:00+01:00,1268.565
2025-08-08 06:00:00+01:00,1307.835
2025-08-08 07:00:00+01:00,1388.145
2025-08-08 08:00:00+01:00,1481.98
2025-08-08 09:00:00+01:00,1611.995
2025-08-08 10:00:00+01:00,1801.7
2025-08-08 11:00:00+01:00,1938.125
2025-08-08 12:00:00+01:00,2019.815
2025-08-08 13:00:00+01:00,2111.85
2025-08-08 14:00:00+01:00,2225.015
2025-08-08 15:00:00+01:00,2295.325
2025-08-08 16:00:00+01:00,2281.06
2025-08-08 17:00:00+01:00,2201.645
2025-08-08 18:00:00+01:00,2129.435
2025-08-08 19:00:00+01:00,2074.88
2025-08-08 20:00:00+01:00,1983.34
2025-08-08 21:00:00+01:00,1834.465
2025-08-08 22:00:00+01:00,1709.7
2025-08-08 23:00:00+01:00,1675.235
2025-08-09 00:00:00+01:00,2330.135
2025-08-09 01:00:00+01:00,2357.125
2025-08-09 02:00:00+01:00,2405.605
2025-08-09 03:00:00+01:00,2460.48
2025-08-09 04:00:00+01:00,2445.275
2025-08-09 05:00:00+01:00,2327.81
2025-08-09 06:00:00+01:00,2190.61
2025-08-09 07:00:00+01:00,2047.6
2025-08-09 08:00:00+01:00,1898.14
2025-08-09 09:00:00+01:00,1762.28
2025-08-09 10:00:00+01:00,1675.43
2025-08-09 11:00:00+01:00,1630.435
2025-08-09 12:00:00+01:00,1608.155
2025-08-09 13:00:00+01:00,1590.7
2025-08-09 14:00:00+01:00,1555.42
2025-08-09 15:00:00+01:00,1448.385
2025-08-09 16:00:00+01:00,1325.685
2025-08-09 17:00:00+01:00,1207.03
2025-08-09 18:00:00+01:00,1070.98
2025-08-09 19:00:00+01:00,905.055
2025-08-09 20:00:00+01:00,713.235
2025-08-09 21:00:00+01:00,553.61
2025-08-09 22:00:00+01:00,452.495
2025-08-09 23:00:00+01:00,402.145
2025-08-10 00:00:00+01:00,346.36
2025-08-10 01:00:00+01:00,300.205
2025-08-10 02:00:00+01:00,256.41
2025-08-10 03:00:00+01:00,248.025
2025-08-10 04:00:00+01:00,292.89
2025-08-10 05:00:00+01:00,337.205
2025-08-10 06:00:00+01:00,386.98
2025-08-10 07:00:00+01:00,439.84
2025-08-10 08:00:00+01:00,483.275
2025-08-10 09:00:00+01:00,524.065
2025-08-10 10:00:00+01:00,612.955
2025-08-10 11:00:00+01:00,724.655
2025-08-10 12:00:00+01:00,828.085
2025-08-10 13:00:00+01:00,915.8
2025-08-10 14:00:00+01:00,1001.305
2025-08-10 15:00:00+01:00,1070.87
2025-08-10 16:00:00+01:00,1093.58
2025-08-10 17:00:00+01:00,1063.48
2025-08-10 18:00:00+01:00,980.48
2025-08-10 19:00:00+01:00,854.83
2025-08-10 20:00:00+01:00,704.04
2025-08-10 21:00:00+01:00,584.575
2025-08-10 22:00:00+01:00,503.43
2025-08-10 23:00:00+01:00,439.39
2025-08-11 00:00:00+01:00,268.38
2025-08-11 01:00:00+01:00,223.295
2025-08-11 02:00:00+01:00,201.95
2025-08-11 03:00:00+01:00,199.505
2025-08-11 04:00:00+01:00,222.37
2025-08-11 05:00:00+01:00,252.29
2025-08-11 06:00:00+01:00,311.99
2025-08-11 07:00:00+01:00,387.3
2025-08-11 08:00:00+01:00,386.5
2025-08-11 09:00:00+01:00,381.98
2025-08-11 10:00:00+01:00,393.455
2025-08-11 11:00:00+01:00,418.475
2025-08-11 12:00:00+01:00,450.425
2025-08-11 13:00:00+01:00,503.5
2025-08-11 14:00:00+01:00,555.905
2025-08-11 15:00:00+01:00,620.57
2025-08-11 16:00:00+01:00,687.34
2025-08-11 17:00:00+01:00,730.725
2025-08-11 18:00:00+01:00,736.485
2025-08-11 19:00:00+01:00,719.555
2025-08-11 20:00:00+01:00,708.925
2025-08-11 21:00:00+01:00,737.035
2025-08-11 22:00:00+01:00,798.185
2025-08-11 23:00:00+01:00,847.235
2025-08-12 00:00:00+01:00,774.835
2025-08-12 01:00:00+01:00,700.44
2025-08-12 02:00:00+01:00,657.645
2025-08-12 03:00:00+01:00,657.34
2025-08-12 04:00:00+01:00,680.38
2025-08-12 05:00:00+01:00,643.95
2025-08-12 06:00:00+01:00,597.725
2025-08-12 07:00:00+01:00,507.4
2025-08-12 08:00:00+01:00,391.3
2025-08-12 09:00:00+01:00,280.395
2025-08-12 10:00:00+01:00,210.03
2025-08-12 11:00:00+01:00,175.89
2025-08-12 12:00:00+01:00,159.895
2025-08-12 13:00:00+01:00,156.845
2025-08-12 14:00:00+01:00,172.335
2025-08-12 15:00:00+01:00,209.65
2025-08-12 16:00:00+01:00,256.745
2025-08-12 17:00:00+01:00,295.67
2025-08-12 18:00:00+01:00,316.19
2025-08-12 19:00:00+01:00,330.25
2025-08-12 20:00:00+01:00,360.1
2025-08-12 21:00:00+01:00,410.335
2025-08-12 22:00:00+01:00,432.23
2025-08-12 23:00:00+01:00,416.98
2025-08-13 00:00:00+01:00,179.415
2025-08-13 01:00:00+01:00,191.88
2025-08-13 02:00:00+01:00,199.16
2025-08-13 03:00:00+01:00,193.59
2025-08-13 04:00:00+01:00,203.48
2025-08-13 05:00:00+01:00,211.16
2025-08-13 06:00:00+01:00,214.89
2025-08-13 07:00:00+01:00,197.775
2025-08-13 08:00:00+01:00,157.165
2025-08-13 09:00:00+01:00,132.755
2025-08-13 10:00:00+01:00,139.105
2025-08-13 11:00:00+01:00,170.775
2025-08-13 12:00:00+01:00,213.01
2025-08-13 13:00:00+01:00,268.065
2025-08-13 14:00:00+01:00,330.405
2025-08-13 15:00:00+01:00,377.34
2025-08-13 16:00:00+01:00,386.895
2025-08-13 17:00:00+01:00,372.11
2025-08-13 18:00:00+01:00,361.1
2025-08-13 19:00:00+01:00,350.815
2025-08-13 20:00:00+01:00,327.605
2025-08-13 21:00:00+01:00,302.03
2025-08-13 22:00:00+01:00,288.1
2025-08-13 23:00:00+01:00,282.145
2025-08-14 00:00:00+01:00,225.725
2025-08-14 01:00:00+01:00,225.565
2025-08-14 02:00:00+01:00,230.28
2025-08-14 03:00:00+01:00,241.885
2025-08-14 04:00:00+01:00,289.075
2025-08-14 05:00:00+01:00,325.415
2025-08-14 06:00:00+01:00,354.975
2025-08-14 07:00:00+01:00,355.705
2025-08-14 08:00:00+01:00,309.565
2025-08-14 09:00:00+01:00,266.595
2025-08-14 10:00:00+01:00,252.43
2025-08-14 11:00:00+01:00,250.7
2025-08-14 12:00:00+01:00,252.98
2025-08-14 13:00:00+01:00,256.1
2025-08-14 14:00:00+01:00,251.085
2025-08-14 15:00:00+01:00,238.595
2025-08-14 16:00:00+01:00,232.025
2025-08-14 17:00:00+01:00,221.46
2025-08-14 18:00:00+01:00,197.125
2025-08-14 19:00:00+01:00,165.07
2025-08-14 20:00:00+01:00,131.95
2025-08-14 21:00:00+01:00,114.985
2025-08-14 22:00:00+01:00,118.08
2025-08-14 23:00:00+01:00,129.435
2025-08-15 00:00:00+01:00,155.365
2025-08-15 01:00:00+01:00,160.205
2025-08-15 02:00:00+01:00,144.04
2025-08-15 03:00:00+01:00,147.035
2025-08-15 04:00:00+01:00,178.845
2025-08-15 05:00:00+01:00,208.92
2025-08-15 06:00:00+01:00,239.125
2025-08-15 07:00:00+01:00,273.005
2025-08-15 08:00:00+01:00,270.815
2025-08-15 09:00:00+01:00,215.775
2025-08-15 10:00:00+01:00,189.22
2025-08-15 11:00:00+01:00,188.24
2025-08-15 12:00:00+01:00,186.835
2025-08-15 13:00:00+01:00,187.22
2025-08-15 14:00:00+01:00,196.795
2025-08-15 15:00:00+01:00,229.06
2025-08-15 16:00:00+01:00,281.4
2025-08-15 17:00:00+01:00,352.015
2025-08-15 18:00:00+01:00,408.685
2025-08-15 19:00:00+01:00,464.965
2025-08-15 20:00:00+01:00,530.81
2025-08-15 21:00:00+01:00,630.19
2025-08-15 22:00:00+01:00,755.165
2025-08-15 23:00:00+01:00,861.62
2025-08-16 00:00:00+01:00,863.3
2025-08-16 01:00:00+01:00,939.97
2025-08-16 02:00:00+01:00,1039.56
2025-08-16 03:00:00+01:00,1144.09
2025-08-16 04:00:00+01:00,1219.08
2025-08-16 05:00:00+01:00,1271.325
2025-08-16 06:00:00+01:00,1280.355
2025-08-16 07:00:00+01:00,1251.295
2025-08-16 08:00:00+01:00,1177.715
2025-08-16 09:00:00+01:00,1120.595
2025-08-16 10:00:00+01:00,1130.385
2025-08-16 11:00:00+01:00,1204.18
2025-08-16 12:00:00+01:00,1309.87
2025-08-16 13:00:00+01:00,1442.5
2025-08-16 14:00:00+01:00,1548.97
2025-08-16 15:00:00+01:00,1610.925
2025-08-16 16:00:00+01:00,1640.605
2025-08-16 17:00:00+01:00,1684.515
2025-08-16 18:00:00+01:00,1732.295
2025-08-16 19:00:00+01:00,1753.96
2025-08-16 20:00:00+01:00,1729.12
2025-08-16 21:00:00+01:00,1723.025
2025-08-16 22:00:00+01:00,1787.725
2025-08-16 23:00:00+01:00,1849.7
2025-08-17 00:00:00+01:00,1570.625
2025-08-17 01:00:00+01:00,1534.52
2025-08-17 02:00:00+01:00,1553.025
2025-08-17 03:00:00+01:00,1607.905
2025-08-17 04:00:00+01:00,1735.705
2025-08-17 05:00:00+01:00,1780.325
2025-08-17 06:00:00+01:00,1796.59
2025-08-17 07:00:00+01:00,1797.255
2025-08-17 08:00:00+01:00,1755.52
2025-08-17 09:00:00+01:00,1760.34
2025-08-17 10:00:00+01:00,1868.775
2025-08-17 11:00:00+01:00,1971.865
2025-08-17 12:00:00+01:00,2051.26
2025-08-17 13:00:00+01:00,2126.295
2025-08-17 14:00:00+01:00,2166.54
2025-08-17 15:00:00+01:00,2081.745
2025-08-17 16:00:00+01:00,1882.86
2025-08-17 17:00:00+01:00,1714.62
2025-08-17 18:00:00+01:00,1600.325
2025-08-17 19:00:00+01:00,1451.445
2025-08-17 20:00:00+01:00,1232.255
2025-08-17 21:00:00+01:00,1006.525
2025-08-17 22:00:00+01:00,872.725
2025-08-17 23:00:00+01:00,798.25
2025-08-18 00:00:00+01:00,872.21
2025-08-18 01:00:00+01:00,788.985
2025-08-18 02:00:00+01:00,797.465
2025-08-18 03:00:00+01:00,858.985
2025-08-18 04:00:00+01:00,896.705
2025-08-18 05:00:00+01:00,889.77
2025-08-18 06:00:00+01:00,882.845
2025-08-18 07:00:00+01:00,845.7
2025-08-18 08:00:00+01:00,717.195
2025-08-18 09:00:00+01:00,621.84
2025-08-18 10:00:00+01:00,616.84
2025-08-18 11:00:00+01:00,640.975
2025-08-18 12:00:00+01:00,689.4
2025-08-18 13:00:00+01:00,745.915
2025-08-18 14:00:00+01:00,769.91
2025-08-18 15:00:00+01:00,750.03
2025-08-18 16:00:00+01:00,680.225
2025-08-18 17:00:00+01:00,595.2
2025-08-18 18:00:00+01:00,536.64
2025-08-18 19:00:00+01:00,501.275
2025-08-18 20:00:00+01:00,478.505
2025-08-18 21:00:00+01:00,466.975
2025-08-18 22:00:00+01:00,459.185
2025-08-18 23:00:00+01:00,437.025
2025-08-19 00:00:00+01:00,268.085
2025-08-19 01:00:00+01:00,272.58
2025-08-19 02:00:00+01:00,343.31
2025-08-19 03:00:00+01:00,370.75
2025-08-19 04:00:00+01:00,418.455
2025-08-19 05:00:00+01:00,463.02
2025-08-19 06:00:00+01:00,525.455
2025-08-19 07:00:00+01:00,563.19
2025-08-19 08:00:00+01:00,541.465
2025-08-19 09:00:00+01:00,483.455
2025-08-19 10:00:00+01:00,442.555
2025-08-19 11:00:00+01:00,412.89
2025-08-19 12:00:00+01:00,397.585
2025-08-19 13:00:00+01:00,402.705
2025-08-19 14:00:00+01:00,414.53
2025-08-19 15:00:00+01:00,436.31
2025-08-19 16:00:00+01:00,461.97
2025-08-19 17:00:00+01:00,477.17
2025-08-19 18:00:00+01:00,460.95
2025-08-19 19:00:00+01:00,438.06
2025-08-19 20:00:00+01:00,430.585
2025-08-19 21:00:00+01:00,432.52
2025-08-19 22:00:00+01:00,446.28
2025-08-19 23:00:00+01:00,464.175
2025-08-20 00:00:00+01:00,381.04
2025-08-20 01:00:00+01:00,436.195
2025-08-20 02:00:00+01:00,497.695
2025-08-20 03:00:00+01:00,510.105
2025-08-20 04:00:00+01:00,471.84
2025-08-20 05:00:00+01:00,476.175
2025-08-20 06:00:00+01:00,491.57
2025-08-20 07:00:00+01:00,462.44
2025-08-20 08:00:00+01:00,393.02
2025-08-20 09:00:00+01:00,336.79
2025-08-20 10:00:00+01:00,327.25
2025-08-20 11:00:00+01:00,323.62
2025-08-20 12:00:00+01:00,303.315
2025-08-20 13:00:00+01:00,277.425
2025-08-20 14:00:00+01:00,250.405
2025-08-20 15:00:00+01:00,235.655
2025-08-20 16:00:00+01:00,237.3
2025-08-20 17:00:00+01:00,252.425
2025-08-20 18:00:00+01:00,280.74
2025-08-20 19:00:00+01:00,286.42
2025-08-20 20:00:00+01:00,279.5
2025-08-20 21:00:00+01:00,273.375
2025-08-20 22:00:00+01:00,267.555
2025-08-20 23:00:00+01:00,250.78
2025-08-21 00:00:00+01:00,167.645
2025-08-21 01:00:00+01:00,147.735
2025-08-21 02:00:00+01:00,120.245
2025-08-21 03:00:00+01:00,109.23
2025-08-21 04:00:00+01:00,95.64
2025-08-21 05:00:00+01:00,78.635
2025-08-21 06:00:00+01:00,73.075
2025-08-21 07:00:00+01:00,71.075
2025-08-21 08:00:00+01:00,66.27
2025-08-21 09:00:00+01:00,55.72
2025-08-21 10:00:00+01:00,42.525
2025-08-21 11:00:00+01:00,39.995
2025-08-21 12:00:00+01:00,44.8
2025-08-21 13:00:00+01:00,54.57
2025-08-21 14:00:00+01:00,72.99
2025-08-21 15:00:00+01:00,101.905
2025-08-21 16:00:00+01:00,137.975
2025-08-21 17:00:00+01:00,175.795
2025-08-21 18:00:00+01:00,215.61
2025-08-21 19:00:00+01:00,263.485
2025-08-21 20:00:00+01:00,304.875
2025-08-21 21:00:00+01:00,331.18
2025-08-21 22:00:00+01:00,338.815
2025-08-21 23:00:00+01:00,316.93
2025-08-22 00:00:00+01:00,156.01
2025-08-22 01:00:00+01:00,133.69
2025-08-22 02:00:00+01:00,100.64
2025-08-22 03:00:00+01:00,98.835
2025-08-22 04:00:00+01:00,106.195
2025-08-22 05:00:00+01:00,108.045
2025-08-22 06:00:00+01:00,102.55
2025-08-22 07:00:00+01:00,101.975
2025-08-22 08:00:00+01:00,92.38
2025-08-22 09:00:00+01:00,76.035
2025-08-22 10:00:00+01:00,59.35
2025-08-22 11:00:00+01:00,52.01
2025-08-22 12:00:00+01:00,51.52
2025-08-22 13:00:00+01:00,62.895
2025-08-22 14:00:00+01:00,99.445
2025-08-22 15:00:00+01:00,157.185
2025-08-22 16:00:00+01:00,204.165
2025-08-22 17:00:00+01:00,222.31
2025-08-22 18:00:00+01:00,223.155
2025-08-22 19:00:00+01:00,217.98
2025-08-22 20:00:00+01:00,216.23
2025-08-22 21:00:00+01:00,232.615
2025-08-22 22:00:00+01:00,239.585
2025-08-22 23:00:00+01:00,228.2
2025-08-23 00:00:00+01:00,92.335
2025-08-23 01:00:00+01:00,52.475
2025-08-23 02:00:00+01:00,26.385
2025-08-23 03:00:00+01:00,32.895
2025-08-23 04:00:00+01:00,55.885
2025-08-23 05:00:00+01:00,65.825
2025-08-23 06:00:00+01:00,70.725
2025-08-23 07:00:00+01:00,76.23
2025-08-23 08:00:00+01:00,78.11
2025-08-23 09:00:00+01:00,75.56
2025-08-23 10:00:00+01:00,73.21
2025-08-23 11:00:00+01:00,75.285
2025-08-23 12:00:00+01:00,85.32
2025-08-23 13:00:00+01:00,104.375
2025-08-23 14:00:00+01:00,129.99
2025-08-23 15:00:00+01:00,153.81
2025-08-23 16:00:00+01:00,164.37
2025-08-23 17:00:00+01:00,165.82
2025-08-23 18:00:00+01:00,164.42
2025-08-23 19:00:00+01:00,161.17
2025-08-23 20:00:00+01:00,165.795
2025-08-23 21:00:00+01:00,183.655
2025-08-23 22:00:00+01:00,208.19
2025-08-23 23:00:00+01:00,227.19
2025-08-24 00:00:00+01:00,199.41
2025-08-24 01:00:00+01:00,185.65
2025-08-24 02:00:00+01:00,170.935
2025-08-24 03:00:00+01:00,181.78
2025-08-24 04:00:00+01:00,232.595
2025-08-24 05:00:00+01:00,288.835
2025-08-24 06:00:00+01:00,351.58
2025-08-24 07:00:00+01:00,412.88
2025-08-24 08:00:00+01:00,441.275
2025-08-24 09:00:00+01:00,448.88
2025-08-24 10:00:00+01:00,504.135
2025-08-24 11:00:00+01:00,578.29
2025-08-24 12:00:00+01:00,655.25
2025-08-24 13:00:00+01:00,724.565
2025-08-24 14:00:00+01:00,780.475
2025-08-24 15:00:00+01:00,823.235
2025-08-24 16:00:00+01:00,843.05
2025-08-24 17:00:00+01:00,837.76
2025-08-24 18:00:00+01:00,802.03
2025-08-24 19:00:00+01:00,723.18
2025-08-24 20:00:00+01:00,626.68
2025-08-24 21:00:00+01:00,553.405
2025-08-24 22:00:00+01:00,543.88
2025-08-24 23:00:00+01:00,564.39
2025-08-25 00:00:00+01:00,978.325
2025-08-25 01:00:00+01:00,1112.64
2025-08-25 02:00:00+01:00,1246.53
2025-08-25 03:00:00+01:00,1411.55
2025-08-25 04:00:00+01:00,1579.28
2025-08-25 05:00:00+01:00,1698.26
2025-08-25 06:00:00+01:00,1867.515
2025-08-25 07:00:00+01:00,2071.06
2025-08-25 08:00:00+01:00,2238.225
2025-08-25 09:00:00+01:00,2407.715
2025-08-25 10:00:00+01:00,2674.655
2025-08-25 11:00:00+01:00,2970.385
2025-08-25 12:00:00+01:00,3203.915
2025-08-25 13:00:00+01:00,3356.8
2025-08-25 14:00:00+01:00,3423.525
2025-08-25 15:00:00+01:00,3401.22
2025-08-25 16:00:00+01:00,3316.465
2025-08-25 17:00:00+01:00,3208.405
2025-08-25 18:00:00+01:00,3076.63
2025-08-25 19:00:00+01:00,2906.33
2025-08-25 20:00:00+01:00,2690.35
2025-08-25 21:00:00+01:00,2496.615
2025-08-25 22:00:00+01:00,2413.68
2025-08-25 23:00:00+01:00,2405.31
2025-08-26 00:00:00+01:00,2171.755
2025-08-26 01:00:00+01:00,2099.21
2025-08-26 02:00:00+01:00,2065.19
2025-08-26 03:00:00+01:00,2002.505
2025-08-26 04:00:00+01:00,1956.195
2025-08-26 05:00:00+01:00,1929.375
2025-08-26 06:00:00+01:00,1977.46
2025-08-26 07:00:00+01:00,2023.645
2025-08-26 08:00:00+01:00,2071.185
2025-08-26 09:00:00+01:00,2116.61
2025-08-26 10:00:00+01:00,2157.525
2025-08-26 11:00:00+01:00,2156.19
2025-08-26 12:00:00+01:00,2126.0
2025-08-26 13:00:00+01:00,2117.595
2025-08-26 14:00:00+01:00,2122.5
2025-08-26 15:00:00+01:00,2069.665
2025-08-26 16:00:00+01:00,1937.5
2025-08-26 17:00:00+01:00,1754.195
2025-08-26 18:00:00+01:00,1558.33
2025-08-26 19:00:00+01:00,1388.68
2025-08-26 20:00:00+01:00,1227.015
2025-08-26 21:00:00+01:00,1101.965
2025-08-26 22:00:00+01:00,1036.745
2025-08-26 23:00:00+01:00,985.285
2025-08-27 00:00:00+01:00,1251.92
2025-08-27 01:00:00+01:00,1406.57
2025-08-27 02:00:00+01:00,1552.125
2025-08-27 03:00:00+01:00,1543.03
2025-08-27 04:00:00+01:00,1452.435
2025-08-27 05:00:00+01:00,1474.005
2025-08-27 06:00:00+01:00,1481.995
2025-08-27 07:00:00+01:00,1438.685
2025-08-27 08:00:00+01:00,1328.165
2025-08-27 09:00:00+01:00,1241.355
2025-08-27 10:00:00+01:00,1234.405
2025-08-27 11:00:00+01:00,1301.48
2025-08-27 12:00:00+01:00,1418.215
2025-08-27 13:00:00+01:00,1570.875
2025-08-27 14:00:00+01:00,1725.37
2025-08-27 15:00:00+01:00,1784.325
2025-08-27 16:00:00+01:00,1744.06
2025-08-27 17:00:00+01:00,1641.985
2025-08-27 18:00:00+01:00,1518.88
2025-08-27 19:00:00+01:00,1404.09
2025-08-27 20:00:00+01:00,1274.15
2025-08-27 21:00:00+01:00,1175.79
2025-08-27 22:00:00+01:00,1128.06
2025-08-27 23:00:00+01:00,1118.965
2025-08-28 00:00:00+01:00,1506.465
2025-08-28 01:00:00+01:00,1513.64
2025-08-28 02:00:00+01:00,1547.075
2025-08-28 03:00:00+01:00,1568.045
2025-08-28 04:00:00+01:00,1486.285
2025-08-28 05:00:00+01:00,1479.975
2025-08-28 06:00:00+01:00,1509.515
2025-08-28 07:00:00+01:00,1528.23
2025-08-28 08:00:00+01:00,1556.915
2025-08-28 09:00:00+01:00,1574.91
2025-08-28 10:00:00+01:00,1631.78
2025-08-28 11:00:00+01:00,1716.9
2025-08-28 12:00:00+01:00,1808.235
2025-08-28 13:00:00+01:00,1902.455
2025-08-28 14:00:00+01:00,2002.31
2025-08-28 15:00:00+01:00,2053.665
2025-08-28 16:00:00+01:00,2032.04
2025-08-28 17:00:00+01:00,1963.25
2025-08-28 18:00:00+01:00,1894.96
2025-08-28 19:00:00+01:00,1835.815
2025-08-28 20:00:00+01:00,1764.385
2025-08-28 21:00:00+01:00,1760.105
2025-08-28 22:00:00+01:00,1808.71
2025-08-28 23:00:00+01:00,1858.805
2025-08-29 00:00:00+01:00,1717.83
2025-08-29 01:00:00+01:00,1656.365
2025-08-29 02:00:00+01:00,1580.215
2025-08-29 03:00:00+01:00,1545.665
2025-08-29 04:00:00+01:00,1474.35
2025-08-29 05:00:00+01:00,1390.925
2025-08-29 06:00:00+01:00,1284.865
2025-08-29 07:00:00+01:00,1206.585
2025-08-29 08:00:00+01:00,1145.35
2025-08-29 09:00:00+01:00,1110.235
2025-08-29 10:00:00+01:00,1123.515
2025-08-29 11:00:00+01:00,1191.985
2025-08-29 12:00:00+01:00,1279.33
2025-08-29 13:00:00+01:00,1358.55
2025-08-29 14:00:00+01:00,1429.85
2025-08-29 15:00:00+01:00,1462.11
2025-08-29 16:00:00+01:00,1435.955
2025-08-29 17:00:00+01:00,1396.235
2025-08-29 18:00:00+01:00,1268.415
2025-08-29 19:00:00+01:00,1104.22
2025-08-29 20:00:00+01:00,930.51
2025-08-29 21:00:00+01:00,797.08
2025-08-29 22:00:00+01:00,732.04
2025-08-29 23:00:00+01:00,705.285
2025-08-30 00:00:00+01:00,561.895
2025-08-30 01:00:00+01:00,471.435
2025-08-30 02:00:00+01:00,415.275
2025-08-30 03:00:00+01:00,421.675
2025-08-30 04:00:00+01:00,558.445
2025-08-30 05:00:00+01:00,714.95
2025-08-30 06:00:00+01:00,976.975
2025-08-30 07:00:00+01:00,1437.58
2025-08-30 08:00:00+01:00,2054.03
2025-08-30 09:00:00+01:00,2657.41
2025-08-30 10:00:00+01:00,3155.785
2025-08-30 11:00:00+01:00,3521.835
2025-08-30 12:00:00+01:00,3678.89
2025-08-30 13:00:00+01:00,3691.585
2025-08-30 14:00:00+01:00,3655.37
2025-08-30 15:00:00+01:00,3590.345
2025-08-30 16:00:00+01:00,3569.97
2025-08-30 17:00:00+01:00,3546.07
2025-08-30 18:00:00+01:00,3515.175
2025-08-30 19:00:00+01:00,3449.685
2025-08-30 20:00:00+01:00,3409.975
2025-08-30 21:00:00+01:00,3406.775
2025-08-30 22:00:00+01:00,3425.575
2025-08-30 23:00:00+01:00,3430.47
2025-08-31 00:00:00+01:00,3176.27
2025-08-31 01:00:00+01:00,3262.025
2025-08-31 02:00:00+01:00,3355.28
2025-08-31 03:00:00+01:00,3389.055
2025-08-31 04:00:00+01:00,3348.91
2025-08-31 05:00:00+01:00,3341.485
2025-08-31 06:00:00+01:00,3353.59
2025-08-31 07:00:00+01:00,3388.185
2025-08-31 08:00:00+01:00,3462.88
2025-08-31 09:00:00+01:00,3503.205
2025-08-31 10:00:00+01:00,3503.66
2025-08-31 11:00:00+01:00,3469.35
2025-08-31 12:00:00+01:00,3416.265
2025-08-31 13:00:00+01:00,3370.71
2025-08-31 14:00:00+01:00,3315.705
2025-08-31 15:00:00+01:00,3206.375
2025-08-31 16:00:00+01:00,3064.575
2025-08-31 17:00:00+01:00,2934.08
2025-08-31 18:00:00+01:00,2890.675
2025-08-31 19:00:00+01:00,2807.76
2025-08-31 20:00:00+01:00,2749.96
2025-08-31 21:00:00+01:00,2715.715
2025-08-31 22:00:00+01:00,2711.39
2025-08-31 23:00:00+01:00,2741.88
2025-09-01 00:00:00+01:00,1806.53
2025-09-01 01:00:00+01:00,2011.55
2025-09-01 02:00:00+01:00,2134.55
2025-09-01 03:00:00+01:00,2276.555
2025-09-01 04:00:00+01:00,2413.24
2025-09-01 05:00:00+01:00,2451.76
2025-09-01 06:00:00+01:00,2467.725
2025-09-01 07:00:00+01:00,2567.89
2025-09-01 08:00:00+01:00,2589.605
2025-09-01 09:00:00+01:00,2643.225
2025-09-01 10:00:00+01:00,2659.885
2025-09-01 11:00:00+01:00,2659.0
2025-09-01 12:00:00+01:00,2553.68
2025-09-01 13:00:00+01:00,2631.01
2025-09-01 14:00:00+01:00,2528.64
2025-09-01 15:00:00+01:00,2394.845
2025-09-01 16:00:00+01:00,2283.495
2025-09-01 17:00:00+01:00,2167.745
2025-09-01 18:00:00+01:00,1895.03
2025-09-01 19:00:00+01:00,1606.42
2025-09-01 20:00:00+01:00,1364.99
2025-09-01 21:00:00+01:00,1168.29
2025-09-01 22:00:00+01:00,1001.09
2025-09-01 23:00:00+01:00,871.325
2025-09-02 00:00:00+01:00,737.0
2025-09-02 01:00:00+01:00,534.11
2025-09-02 02:00:00+01:00,422.415
2025-09-02 03:00:00+01:00,351.945
2025-09-02 04:00:00+01:00,288.94
2025-09-02 05:00:00+01:00,237.635
2025-09-02 06:00:00+01:00,213.3
2025-09-02 07:00:00+01:00,221.235
2025-09-02 08:00:00+01:00,214.32
2025-09-02 09:00:00+01:00,198.855
2025-09-02 10:00:00+01:00,209.65
2025-09-02 11:00:00+01:00,240.47
2025-09-02 12:00:00+01:00,241.08
2025-09-02 13:00:00+01:00,285.77
2025-09-02 14:00:00+01:00,300.625
2025-09-02 15:00:00+01:00,335.82
2025-09-02 16:00:00+01:00,391.625
2025-09-02 17:00:00+01:00,419.335
2025-09-02 18:00:00+01:00,433.505
2025-09-02 19:00:00+01:00,474.23
2025-09-02 20:00:00+01:00,515.635
2025-09-02 21:00:00+01:00,559.25
2025-09-02 22:00:00+01:00,624.745
2025-09-02 23:00:00+01:00,638.7
2025-09-03 00:00:00+01:00,588.39
2025-09-03 01:00:00+01:00,448.2
2025-09-03 02:00:00+01:00,432.02
2025-09-03 03:00:00+01:00,418.645
2025-09-03 04:00:00+01:00,384.29
2025-09-03 05:00:00+01:00,351.51
2025-09-03 06:00:00+01:00,367.71
2025-09-03 07:00:00+01:00,439.36
2025-09-03 08:00:00+01:00,657.99
2025-09-03 09:00:00+01:00,952.09
2025-09-03 10:00:00+01:00,1180.95
2025-09-03 11:00:00+01:00,1313.03
2025-09-03 12:00:00+01:00,1452.265
2025-09-03 13:00:00+01:00,1501.175
2025-09-03 14:00:00+01:00,1437.72
2025-09-03 15:00:00+01:00,1310.875
2025-09-03 16:00:00+01:00,1243.84
2025-09-03 17:00:00+01:00,1174.165
2025-09-03 18:00:00+01:00,1001.775
2025-09-03 19:00:00+01:00,700.415
2025-09-03 20:00:00+01:00,527.85
2025-09-03 21:00:00+01:00,421.055
2025-09-03 22:00:00+01:00,409.275
2025-09-03 23:00:00+01:00,440.355
2025-09-04 00:00:00+01:00,453.115
2025-09-04 01:00:00+01:00,392.695
2025-09-04 02:00:00+01:00,459.285
2025-09-04 03:00:00+01:00,536.175
2025-09-04 04:00:00+01:00,609.92
2025-09-04 05:00:00+01:00,627.515
2025-09-04 06:00:00+01:00,637.795
2025-09-04 07:00:00+01:00,763.685
2025-09-04 08:00:00+01:00,798.52
2025-09-04 09:00:00+01:00,820.785
2025-09-04 10:00:00+01:00,874.4
2025-09-04 11:00:00+01:00,960.505
2025-09-04 12:00:00+01:00,1058.335
2025-09-04 13:00:00+01:00,1308.78
2025-09-04 14:00:00+01:00,1414.37
2025-09-04 15:00:00+01:00,1454.555
2025-09-04 16:00:00+01:00,1456.46
2025-09-04 17:00:00+01:00,1416.39
2025-09-04 18:00:00+01:00,1310.68
2025-09-04 19:00:00+01:00,1151.975
2025-09-04 20:00:00+01:00,1046.9
2025-09-04 21:00:00+01:00,967.64
2025-09-04 22:00:00+01:00,920.53
2025-09-04 23:00:00+01:00,881.92
2025-09-05 00:00:00+01:00,848.6
2025-09-05 01:00:00+01:00,979.79
2025-09-05 02:00:00+01:00,990.11
2025-09-05 03:00:00+01:00,871.965
2025-09-05 04:00:00+01:00,748.585
2025-09-05 05:00:00+01:00,676.73
2025-09-05 06:00:00+01:00,663.7
2025-09-05 07:00:00+01:00,628.085
2025-09-05 08:00:00+01:00,621.68
2025-09-05 09:00:00+01:00,571.4
2025-09-05 10:00:00+01:00,565.645
2025-09-05 11:00:00+01:00,590.915
2025-09-05 12:00:00+01:00,620.005
2025-09-05 13:00:00+01:00,659.36
2025-09-05 14:00:00+01:00,671.925
2025-09-05 15:00:00+01:00,663.175
2025-09-05 16:00:00+01:00,694.75
2025-09-05 17:00:00+01:00,710.66
2025-09-05 18:00:00+01:00,697.945
2025-09-05 19:00:00+01:00,679.28
2025-09-05 20:00:00+01:00,705.38
2025-09-05 21:00:00+01:00,794.635
2025-09-05 22:00:00+01:00,939.6
2025-09-05 23:00:00+01:00,1060.575
2025-09-06 00:00:00+01:00,1157.025
2025-09-06 01:00:00+01:00,1178.365
2025-09-06 02:00:00+01:00,1325.31
2025-09-06 03:00:00+01:00,1549.8
2025-09-06 04:00:00+01:00,1811.48
2025-09-06 05:00:00+01:00,2046.02
2025-09-06 06:00:00+01:00,2242.21
2025-09-06 07:00:00+01:00,2321.68
2025-09-06 08:00:00+01:00,2500.51
2025-09-06 09:00:00+01:00,2713.095
2025-09-06 10:00:00+01:00,2920.685
2025-09-06 11:00:00+01:00,3034.135
2025-09-06 12:00:00+01:00,3094.285
2025-09-06 13:00:00+01:00,3203.41
2025-09-06 14:00:00+01:00,3293.425
2025-09-06 15:00:00+01:00,3423.985
2025-09-06 16:00:00+01:00,3511.62
2025-09-06 17:00:00+01:00,3549.455
2025-09-06 18:00:00+01:00,3545.15
2025-09-06 19:00:00+01:00,3627.105
2025-09-06 20:00:00+01:00,3670.655
2025-09-06 21:00:00+01:00,3738.365
2025-09-06 22:00:00+01:00,3776.025
2025-09-06 23:00:00+01:00,3768.525
2025-09-10 00:00:00+01:00,782.14
2025-09-10 01:00:00+01:00,661.775
2025-09-10 02:00:00+01:00,576.385
2025-09-10 03:00:00+01:00,532.415
2025-09-10 04:00:00+01:00,592.27
2025-09-10 05:00:00+01:00,671.635
2025-09-10 06:00:00+01:00,774.06
2025-09-10 07:00:00+01:00,870.805
2025-09-10 08:00:00+01:00,945.88
2025-09-10 09:00:00+01:00,1044.805
2025-09-10 10:00:00+01:00,1197.21
2025-09-10 11:00:00+01:00,1437.55
2025-09-10 12:00:00+01:00,1741.095
2025-09-10 13:00:00+01:00,2058.05
2025-09-10 14:00:00+01:00,2420.705
2025-09-10 15:00:00+01:00,2689.995
2025-09-10 16:00:00+01:00,2836.105
2025-09-10 17:00:00+01:00,2873.74
2025-09-10 18:00:00+01:00,2750.545
2025-09-10 19:00:00+01:00,2612.825
2025-09-10 20:00:00+01:00,2487.875
2025-09-10 21:00:00+01:00,2425.1
2025-09-10 22:00:00+01:00,2459.56
2025-09-10 23:00:00+01:00,2547.715
2025-09-11 00:00:00+01:00,2201.71
2025-09-11 01:00:00+01:00,2170.525
2025-09-11 02:00:00+01:00,2105.825
2025-09-11 03:00:00+01:00,2145.065
2025-09-11 04:00:00+01:00,2246.515
2025-09-11 05:00:00+01:00,2265.185
2025-09-11 06:00:00+01:00,2283.345
2025-09-11 07:00:00+01:00,2337.675
2025-09-11 08:00:00+01:00,2362.56
2025-09-11 09:00:00+01:00,2422.1
2025-09-11 10:00:00+01:00,2554.62
2025-09-11 11:00:00+01:00,2715.255
2025-09-11 12:00:00+01:00,2860.47
2025-09-11 13:00:00+01:00,2975.61
2025-09-11 14:00:00+01:00,3090.81
2025-09-11 15:00:00+01:00,3152.85
2025-09-11 16:00:00+01:00,3125.76
2025-09-11 17:00:00+01:00,3025.61
2025-09-11 18:00:00+01:00,2861.275
2025-09-11 19:00:00+01:00,2652.49
2025-09-11 20:00:00+01:00,2438.97
2025-09-11 21:00:00+01:00,2290.755
2025-09-11 22:00:00+01:00,2215.745
2025-09-11 23:00:00+01:00,2178.075
2025-09-12 00:00:00+01:00,2045.52
2025-09-12 01:00:00+01:00,1985.175
2025-09-12 02:00:00+01:00,1994.15
2025-09-12 03:00:00+01:00,1984.015
2025-09-12 04:00:00+01:00,1946.13
2025-09-12 05:00:00+01:00,1893.41
2025-09-12 06:00:00+01:00,1873.48
2025-09-12 07:00:00+01:00,1865.64
2025-09-12 08:00:00+01:00,1802.29
2025-09-12 09:00:00+01:00,1697.275
2025-09-12 10:00:00+01:00,1678.93
2025-09-12 11:00:00+01:00,1790.435
2025-09-12 12:00:00+01:00,1944.16
2025-09-12 13:00:00+01:00,2103.765
2025-09-12 14:00:00+01:00,2304.735
2025-09-12 15:00:00+01:00,2478.585
2025-09-12 16:00:00+01:00,2631.07
2025-09-12 17:00:00+01:00,2763.305
2025-09-12 18:00:00+01:00,2866.79
2025-09-12 19:00:00+01:00,2865.18
2025-09-12 20:00:00+01:00,2794.715
2025-09-12 21:00:00+01:00,2725.26
2025-09-12 22:00:00+01:00,2691.505
2025-09-12 23:00:00+01:00,2747.11
2025-09-13 00:00:00+01:00,2422.8
2025-09-13 01:00:00+01:00,2503.7
2025-09-13 02:00:00+01:00,2568.435
2025-09-13 03:00:00+01:00,2591.48
2025-09-13 04:00:00+01:00,2532.28
2025-09-13 05:00:00+01:00,2431.3
2025-09-13 06:00:00+01:00,2313.67
2025-09-13 07:00:00+01:00,2201.585
2025-09-13 08:00:00+01:00,2090.085
2025-09-13 09:00:00+01:00,1998.43
2025-09-13 10:00:00+01:00,1982.35
2025-09-13 11:00:00+01:00,2061.085
2025-09-13 12:00:00+01:00,2149.965
2025-09-13 13:00:00+01:00,2202.81
2025-09-13 14:00:00+01:00,2227.445
2025-09-13 15:00:00+01:00,2211.385
2025-09-13 16:00:00+01:00,2135.795
2025-09-13 17:00:00+01:00,1984.71
2025-09-13 18:00:00+01:00,1783.215
2025-09-13 19:00:00+01:00,1520.08
2025-09-13 20:00:00+01:00,1248.13
2025-09-13 21:00:00+01:00,1059.38
2025-09-13 22:00:00+01:00,984.045
2025-09-13 23:00:00+01:00,982.255
2025-09-14 00:00:00+01:00,571.815
2025-09-14 01:00:00+01:00,567.735
2025-09-14 02:00:00+01:00,567.915
2025-09-14 03:00:00+01:00,653.685
2025-09-14 04:00:00+01:00,1028.665
2025-09-14 05:00:00+01:00,1453.335
2025-09-14 06:00:00+01:00,1936.165
2025-09-14 07:00:00+01:00,2445.54
2025-09-14 08:00:00+01:00,2855.58
2025-09-14 09:00:00+01:00,3091.37
2025-09-14 10:00:00+01:00,3215.4
2025-09-14 11:00:00+01:00,3260.98
2025-09-14 12:00:00+01:00,3297.61
2025-09-14 13:00:00+01:00,3348.7
2025-09-14 14:00:00+01:00,3467.74
2025-09-14 15:00:00+01:00,3592.915
2025-09-14 16:00:00+01:00,3648.455
2025-09-14 17:00:00+01:00,3660.39
2025-09-14 18:00:00+01:00,3641.54
2025-09-14 19:00:00+01:00,3621.33
2025-09-14 20:00:00+01:00,3627.12
2025-09-14 21:00:00+01:00,3690.98
2025-09-14 22:00:00+01:00,3807.65
2025-09-14 23:00:00+01:00,3934.05
2025-09-15 00:00:00+01:00,4226.815
2025-09-15 01:00:00+01:00,4264.98
2025-09-15 02:00:00+01:00,4277.28
2025-09-15 03:00:00+01:00,4259.12
2025-09-15 04:00:00+01:00,4247.6
2025-09-15 05:00:00+01:00,4219.29
2025-09-15 06:00:00+01:00,4177.625
2025-09-15 07:00:00+01:00,4125.685
2025-09-15 08:00:00+01:00,4082.74
2025-09-15 09:00:00+01:00,4055.385
2025-09-15 10:00:00+01:00,4065.515
2025-09-15 11:00:00+01:00,4128.805
2025-09-15 12:00:00+01:00,4182.925
2025-09-15 13:00:00+01:00,4186.23
2025-09-15 14:00:00+01:00,4173.85
2025-09-15 15:00:00+01:00,4143.785
2025-09-15 16:00:00+01:00,4076.43
2025-09-15 17:00:00+01:00,3965.52
2025-09-15 18:00:00+01:00,3826.11
2025-09-15 19:00:00+01:00,3663.075
2025-09-15 20:00:00+01:00,3511.91
2025-09-15 21:00:00+01:00,3421.565
2025-09-15 22:00:00+01:00,3370.76
2025-09-15 23:00:00+01:00,3341.065
2025-09-16 00:00:00+01:00,2881.02
2025-09-16 01:00:00+01:00,2686.94
2025-09-16 02:00:00+01:00,2454.64
2025-09-16 03:00:00+01:00,2200.665
2025-09-16 04:00:00+01:00,1982.815
2025-09-16 05:00:00+01:00,1726.64
2025-09-16 06:00:00+01:00,1571.49
2025-09-16 07:00:00+01:00,1466.62
2025-09-16 08:00:00+01:00,1356.605
2025-09-16 09:00:00+01:00,1258.335
2025-09-16 10:00:00+01:00,1184.155
2025-09-16 11:00:00+01:00,1148.585
2025-09-16 12:00:00+01:00,1104.53
2025-09-16 13:00:00+01:00,1050.23
2025-09-16 14:00:00+01:00,991.82
2025-09-16 15:00:00+01:00,895.065
2025-09-16 16:00:00+01:00,772.765
2025-09-16 17:00:00+01:00,652.65
2025-09-16 18:00:00+01:00,561.78
2025-09-16 19:00:00+01:00,511.24
2025-09-16 20:00:00+01:00,508.865
2025-09-16 21:00:00+01:00,578.455
2025-09-16 22:00:00+01:00,742.45
2025-09-16 23:00:00+01:00,1008.36
2025-09-17 00:00:00+01:00,2661.11
2025-09-17 01:00:00+01:00,3048.125
2025-09-17 02:00:00+01:00,3431.185
2025-09-17 03:00:00+01:00,3655.665
2025-09-17 04:00:00+01:00,3778.565
2025-09-17 05:00:00+01:00,3755.36
2025-09-17 06:00:00+01:00,3684.185
2025-09-17 07:00:00+01:00,3608.965
2025-09-17 08:00:00+01:00,3515.725
2025-09-17 09:00:00+01:00,3422.715
2025-09-17 10:00:00+01:00,3351.02
2025-09-17 11:00:00+01:00,3285.475
2025-09-17 12:00:00+01:00,3202.79
2025-09-17 13:00:00+01:00,3068.27
2025-09-17 14:00:00+01:00,2910.455
2025-09-17 15:00:00+01:00,2706.205
2025-09-17 16:00:00+01:00,2462.38
2025-09-17 17:00:00+01:00,2193.21
2025-09-17 18:00:00+01:00,1929.035
2025-09-17 19:00:00+01:00,1682.775
2025-09-17 20:00:00+01:00,1484.615
2025-09-17 21:00:00+01:00,1384.39
2025-09-17 22:00:00+01:00,1375.145
2025-09-17 23:00:00+01:00,1405.41
2025-09-18 00:00:00+01:00,1202.53
2025-09-18 01:00:00+01:00,1140.685
2025-09-18 02:00:00+01:00,1245.025
2025-09-18 03:00:00+01:00,1462.04
2025-09-18 04:00:00+01:00,1807.345
2025-09-18 05:00:00+01:00,2030.31
2025-09-18 06:00:00+01:00,2162.48
2025-09-18 07:00:00+01:00,2252.855
2025-09-18 08:00:00+01:00,2217.85
2025-09-18 09:00:00+01:00,2208.425
2025-09-18 10:00:00+01:00,2225.495
2025-09-18 11:00:00+01:00,2287.985
2025-09-18 12:00:00+01:00,2369.27
2025-09-18 13:00:00+01:00,2415.135
2025-09-18 14:00:00+01:00,2435.79
2025-09-18 15:00:00+01:00,2408.165
2025-09-18 16:00:00+01:00,2318.875
2025-09-18 17:00:00+01:00,2211.375
2025-09-18 18:00:00+01:00,2089.845
2025-09-18 19:00:00+01:00,1937.59
2025-09-18 20:00:00+01:00,1763.255
2025-09-18 21:00:00+01:00,1627.375
2025-09-18 22:00:00+01:00,1507.58
2025-09-18 23:00:00+01:00,1375.79
2025-09-19 00:00:00+01:00,2412.71
2025-09-19 01:00:00+01:00,2180.365
2025-09-19 02:00:00+01:00,1984.455
2025-09-19 03:00:00+01:00,1735.715
2025-09-19 04:00:00+01:00,1413.63
2025-09-19 05:00:00+01:00,1134.665
2025-09-19 06:00:00+01:00,907.565
2025-09-19 07:00:00+01:00,741.88
2025-09-19 08:00:00+01:00,646.29
2025-09-19 09:00:00+01:00,571.46
2025-09-19 10:00:00+01:00,528.43
2025-09-19 11:00:00+01:00,506.025
2025-09-19 12:00:00+01:00,481.265
2025-09-19 13:00:00+01:00,457.37
2025-09-19 14:00:00+01:00,433.54
2025-09-19 15:00:00+01:00,401.37
2025-09-19 16:00:00+01:00,371.755
2025-09-19 17:00:00+01:00,344.33
2025-09-19 18:00:00+01:00,326.795
2025-09-19 19:00:00+01:00,314.665
2025-09-19 20:00:00+01:00,312.495
2025-09-19 21:00:00+01:00,318.35
2025-09-19 22:00:00+01:00,324.035
2025-09-19 23:00:00+01:00,329.985
2025-09-20 00:00:00+01:00,93.18
2025-09-20 01:00:00+01:00,82.835
2025-09-20 02:00:00+01:00,70.885
2025-09-20 03:00:00+01:00,80.07
2025-09-20 04:00:00+01:00,141.175
2025-09-20 05:00:00+01:00,203.895
2025-09-20 06:00:00+01:00,273.205
2025-09-20 07:00:00+01:00,344.81
2025-09-20 08:00:00+01:00,395.825
2025-09-20 09:00:00+01:00,450.86
2025-09-20 10:00:00+01:00,521.13
2025-09-20 11:00:00+01:00,636.595
2025-09-20 12:00:00+01:00,771.28
2025-09-20 13:00:00+01:00,925.145
2025-09-20 14:00:00+01:00,1108.355
2025-09-20 15:00:00+01:00,1302.14
2025-09-20 16:00:00+01:00,1490.16
2025-09-20 17:00:00+01:00,1641.815
2025-09-20 18:00:00+01:00,1778.97
2025-09-20 19:00:00+01:00,1931.62
2025-09-20 20:00:00+01:00,2089.94
2025-09-20 21:00:00+01:00,2244.26
2025-09-20 22:00:00+01:00,2374.79
2025-09-20 23:00:00+01:00,2499.84
2025-09-21 00:00:00+01:00,2807.91
2025-09-21 01:00:00+01:00,2647.44
2025-09-21 02:00:00+01:00,2573.995
2025-09-21 03:00:00+01:00,2436.265
2025-09-21 04:00:00+01:00,2249.685
2025-09-21 05:00:00+01:00,2113.12
2025-09-21 06:00:00+01:00,1963.135
2025-09-21 07:00:00+01:00,1838.585
2025-09-21 08:00:00+01:00,1721.78
2025-09-21 09:00:00+01:00,1596.925
2025-09-21 10:00:00+01:00,1586.935
2025-09-21 11:00:00+01:00,1604.845
2025-09-21 12:00:00+01:00,1557.7
2025-09-21 13:00:00+01:00,1523.675
2025-09-21 14:00:00+01:00,1536.255
2025-09-21 15:00:00+01:00,1567.965
2025-09-21 16:00:00+01:00,1586.86
2025-09-21 17:00:00+01:00,1529.14
2025-09-21 18:00:00+01:00,1405.15
2025-09-21 19:00:00+01:00,1236.95
2025-09-21 20:00:00+01:00,1053.135
2025-09-21 21:00:00+01:00,931.75
2025-09-21 22:00:00+01:00,860.665
2025-09-21 23:00:00+01:00,789.035
2025-09-22 00:00:00+01:00,739.61
2025-09-22 01:00:00+01:00,645.14
2025-09-22 02:00:00+01:00,571.475
2025-09-22 03:00:00+01:00,533.025
2025-09-22 04:00:00+01:00,466.165
2025-09-22 05:00:00+01:00,386.62
2025-09-22 06:00:00+01:00,316.145
2025-09-22 07:00:00+01:00,222.72
2025-09-22 08:00:00+01:00,205.775
2025-09-22 09:00:00+01:00,180.665
2025-09-22 10:00:00+01:00,141.95
2025-09-22 11:00:00+01:00,125.955
2025-09-22 12:00:00+01:00,119.945
2025-09-22 13:00:00+01:00,98.08
2025-09-22 14:00:00+01:00,77.545
2025-09-22 15:00:00+01:00,59.735
2025-09-22 16:00:00+01:00,53.2
2025-09-22 17:00:00+01:00,52.69
2025-09-22 18:00:00+01:00,49.885
2025-09-22 19:00:00+01:00,44.385
2025-09-22 20:00:00+01:00,32.935
2025-09-22 21:00:00+01:00,24.75
2025-09-22 22:00:00+01:00,23.055
2025-09-22 23:00:00+01:00,23.845
2025-09-23 00:00:00+01:00,29.895
2025-09-23 01:00:00+01:00,49.065
2025-09-23 02:00:00+01:00,82.14
2025-09-23 03:00:00+01:00,129.685
2025-09-23 04:00:00+01:00,171.675
2025-09-23 05:00:00+01:00,179.755
2025-09-23 06:00:00+01:00,180.505
2025-09-23 07:00:00+01:00,152.825
2025-09-23 08:00:00+01:00,155.945
2025-09-23 09:00:00+01:00,168.61
2025-09-23 10:00:00+01:00,187.84
2025-09-23 11:00:00+01:00,189.34
2025-09-23 12:00:00+01:00,221.855
2025-09-23 13:00:00+01:00,225.31
2025-09-23 14:00:00+01:00,257.815
2025-09-23 15:00:00+01:00,316.635
2025-09-23 16:00:00+01:00,367.495
2025-09-23 17:00:00+01:00,384.89
2025-09-23 18:00:00+01:00,366.265
2025-09-23 19:00:00+01:00,301.265
2025-09-23 20:00:00+01:00,304.665
2025-09-23 21:00:00+01:00,331.405
2025-09-23 22:00:00+01:00,370.185
2025-09-23 23:00:00+01:00,404.035
2025-09-24 00:00:00+01:00,442.68
2025-09-24 01:00:00+01:00,397.145
2025-09-24 02:00:00+01:00,395.91
2025-09-24 03:00:00+01:00,403.035
2025-09-24 04:00:00+01:00,429.11
2025-09-24 05:00:00+01:00,452.9
2025-09-24 06:00:00+01:00,476.01
2025-09-24 07:00:00+01:00,455.645
2025-09-24 08:00:00+01:00,485.465
2025-09-24 09:00:00+01:00,495.88
2025-09-24 10:00:00+01:00,490.365
2025-09-24 11:00:00+01:00,528.52
2025-09-24 12:00:00+01:00,625.37
2025-09-24 13:00:00+01:00,617.56
2025-09-24 14:00:00+01:00,641.395
2025-09-24 15:00:00+01:00,636.25
2025-09-24 16:00:00+01:00,626.78
2025-09-24 17:00:00+01:00,604.79
2025-09-24 18:00:00+01:00,582.64
2025-09-24 19:00:00+01:00,566.52
2025-09-24 20:00:00+01:00,481.105
2025-09-24 21:00:00+01:00,469.03
2025-09-24 22:00:00+01:00,553.85
2025-09-24 23:00:00+01:00,634.72
2025-09-25 00:00:00+01:00,700.355
2025-09-25 01:00:00+01:00,721.33
2025-09-25 02:00:00+01:00,759.2
2025-09-25 03:00:00+01:00,770.375
2025-09-25 04:00:00+01:00,747.835
2025-09-25 05:00:00+01:00,734.365
2025-09-25 06:00:00+01:00,818.765
2025-09-25 07:00:00+01:00,890.085
2025-09-25 08:00:00+01:00,919.875
2025-09-25 09:00:00+01:00,869.19
2025-09-25 10:00:00+01:00,878.245
2025-09-25 11:00:00+01:00,1058.235
2025-09-25 12:00:00+01:00,1227.76
2025-09-25 13:00:00+01:00,1292.61
2025-09-25 14:00:00+01:00,1224.87
2025-09-25 15:00:00+01:00,1170.96
2025-09-25 16:00:00+01:00,1220.63
2025-09-25 17:00:00+01:00,1318.0
2025-09-25 18:00:00+01:00,1408.05
2025-09-25 19:00:00+01:00,1461.25
2025-09-25 20:00:00+01:00,1386.525
2025-09-25 21:00:00+01:00,1403.61
2025-09-25 22:00:00+01:00,1582.885
2025-09-25 23:00:00+01:00,1824.955
2025-09-26 00:00:00+01:00,1897.655
2025-09-26 01:00:00+01:00,1809.92
2025-09-26 02:00:00+01:00,1696.66
2025-09-26 03:00:00+01:00,1667.655
2025-09-26 04:00:00+01:00,1734.04
2025-09-26 05:00:00+01:00,1832.36
2025-09-26 06:00:00+01:00,1908.585
2025-09-26 07:00:00+01:00,1881.645
2025-09-26 08:00:00+01:00,1876.895
2025-09-26 09:00:00+01:00,1916.945
2025-09-26 10:00:00+01:00,2031.93
2025-09-26 11:00:00+01:00,2205.77
2025-09-26 12:00:00+01:00,2357.845
2025-09-26 13:00:00+01:00,2270.255
2025-09-26 14:00:00+01:00,2337.59
2025-09-26 15:00:00+01:00,2412.88
2025-09-26 16:00:00+01:00,2476.065
2025-09-26 17:00:00+01:00,2578.335
2025-09-26 18:00:00+01:00,2645.53
2025-09-26 19:00:00+01:00,2500.535
2025-09-26 20:00:00+01:00,2642.77
2025-09-26 21:00:00+01:00,2857.6
2025-09-26 22:00:00+01:00,3066.29
2025-09-26 23:00:00+01:00,3238.05
2025-09-27 00:00:00+01:00,3327.52
2025-09-27 01:00:00+01:00,3231.285
2025-09-27 02:00:00+01:00,2980.27
2025-09-27 03:00:00+01:00,2404.74
2025-09-27 04:00:00+01:00,2110.53
2025-09-27 05:00:00+01:00,1889.155
2025-09-27 06:00:00+01:00,1367.1
2025-09-27 07:00:00+01:00,994.035
2025-09-27 08:00:00+01:00,755.895
2025-09-27 09:00:00+01:00,619.66
2025-09-27 10:00:00+01:00,515.13
2025-09-27 11:00:00+01:00,457.855
2025-09-27 12:00:00+01:00,452.51
2025-09-27 13:00:00+01:00,563.5
2025-09-27 14:00:00+01:00,573.54
2025-09-27 15:00:00+01:00,543.38
2025-09-27 16:00:00+01:00,565.96
2025-09-27 17:00:00+01:00,543.885
2025-09-27 18:00:00+01:00,448.36
2025-09-27 19:00:00+01:00,344.555
2025-09-27 20:00:00+01:00,306.375
2025-09-27 21:00:00+01:00,285.975
2025-09-27 22:00:00+01:00,268.43
2025-09-27 23:00:00+01:00,298.585
2025-09-28 00:00:00+01:00,375.105
2025-09-28 01:00:00+01:00,420.325
2025-09-28 02:00:00+01:00,528.09
2025-09-28 03:00:00+01:00,605.17
2025-09-28 04:00:00+01:00,607.195
2025-09-28 05:00:00+01:00,535.15
2025-09-28 06:00:00+01:00,431.24
2025-09-28 07:00:00+01:00,320.54
2025-09-28 08:00:00+01:00,279.075
2025-09-28 09:00:00+01:00,240.885
2025-09-28 10:00:00+01:00,183.625
2025-09-28 11:00:00+01:00,136.94
2025-09-28 12:00:00+01:00,141.12
2025-09-28 13:00:00+01:00,131.505
2025-09-28 14:00:00+01:00,134.195
2025-09-28 15:00:00+01:00,151.325
2025-09-28 16:00:00+01:00,150.215
2025-09-28 17:00:00+01:00,152.63
2025-09-28 18:00:00+01:00,128.295
2025-09-28 19:00:00+01:00,60.95
2025-09-28 20:00:00+01:00,63.715
2025-09-28 21:00:00+01:00,65.47
2025-09-28 22:00:00+01:00,64.555
2025-09-28 23:00:00+01:00,73.295
2025-09-29 00:00:00+01:00,98.345
2025-09-29 01:00:00+01:00,164.705
2025-09-29 02:00:00+01:00,196.92
2025-09-29 03:00:00+01:00,228.65
2025-09-29 04:00:00+01:00,265.155
2025-09-29 05:00:00+01:00,302.725
2025-09-29 06:00:00+01:00,345.865
2025-09-29 07:00:00+01:00,505.745
2025-09-29 08:00:00+01:00,596.16
2025-09-29 09:00:00+01:00,661.325
2025-09-29 10:00:00+01:00,715.82
2025-09-29 11:00:00+01:00,770.805
2025-09-29 12:00:00+01:00,849.54
2025-09-29 13:00:00+01:00,1025.95
2025-09-29 14:00:00+01:00,1166.7
2025-09-29 15:00:00+01:00,1274.46
2025-09-29 16:00:00+01:00,1342.045
2025-09-29 17:00:00+01:00,1379.8
2025-09-29 18:00:00+01:00,1341.09
2025-09-29 19:00:00+01:00,1437.44
2025-09-29 20:00:00+01:00,1521.99
2025-09-29 21:00:00+01:00,1626.615
2025-09-29 22:00:00+01:00,1749.27
2025-09-29 23:00:00+01:00,1796.635
2025-09-30 00:00:00+01:00,1799.92
2025-09-30 01:00:00+01:00,1840.96
2025-09-30 02:00:00+01:00,1774.06
2025-09-30 03:00:00+01:00,1659.26
2025-09-30 04:00:00+01:00,1509.075
2025-09-30 05:00:00+01:00,1422.16
2025-09-30 06:00:00+01:00,1401.68
2025-09-30 07:00:00+01:00,1613.64
2025-09-30 08:00:00+01:00,1654.445
2025-09-30 09:00:00+01:00,1619.96
2025-09-30 10:00:00+01:00,1579.33
2025-09-30 11:00:00+01:00,1516.37
2025-09-30 12:00:00+01:00,1519.55
2025-09-30 13:00:00+01:00,1724.345
2025-09-30 14:00:00+01:00,1778.815
2025-09-30 15:00:00+01:00,1843.1
2025-09-30 16:00:00+01:00,1877.75
2025-09-30 17:00:00+01:00,1947.94
2025-09-30 18:00:00+01:00,2057.195
2025-09-30 19:00:00+01:00,2256.575
2025-09-30 20:00:00+01:00,2307.105
2025-09-30 21:00:00+01:00,2305.335
2025-09-30 22:00:00+01:00,2341.165
2025-09-30 23:00:00+01:00,2384.805
2025-10-01 00:00:00+01:00,2385.355
2025-10-01 01:00:00+01:00,2514.51
2025-10-01 02:00:00+01:00,2565.105
2025-10-01 03:00:00+01:00,2604.34
2025-10-01 04:00:00+01:00,2608.4
2025-10-01 05:00:00+01:00,2545.9
2025-10-01 06:00:00+01:00,2490.985
2025-10-01 07:00:00+01:00,2706.475
2025-10-01 08:00:00+01:00,2621.675
2025-10-01 09:00:00+01:00,2456.115
2025-10-01 10:00:00+01:00,2356.235
2025-10-01 11:00:00+01:00,2269.295
2025-10-01 12:00:00+01:00,2251.435
2025-10-01 13:00:00+01:00,2341.965
2025-10-01 14:00:00+01:00,2455.135
2025-10-01 15:00:00+01:00,2534.51
2025-10-01 16:00:00+01:00,2564.04
2025-10-01 17:00:00+01:00,2505.41
2025-10-01 18:00:00+01:00,2443.7
2025-10-01 19:00:00+01:00,2431.51
2025-10-01 20:00:00+01:00,2498.36
2025-10-01 21:00:00+01:00,2553.105
2025-10-01 22:00:00+01:00,2572.65
2025-10-01 23:00:00+01:00,2469.075
2025-10-02 00:00:00+01:00,2257.915
2025-10-02 01:00:00+01:00,2123.425
2025-10-02 02:00:00+01:00,2096.33
2025-10-02 03:00:00+01:00,1996.945
2025-10-02 04:00:00+01:00,1847.265
2025-10-02 05:00:00+01:00,1764.895
2025-10-02 06:00:00+01:00,1762.53
2025-10-02 07:00:00+01:00,1846.095
2025-10-02 08:00:00+01:00,1910.155
2025-10-02 09:00:00+01:00,2170.255
2025-10-02 10:00:00+01:00,2646.84
2025-10-02 11:00:00+01:00,3219.825
2025-10-02 12:00:00+01:00,3572.93
2025-10-02 13:00:00+01:00,3702.24
2025-10-02 14:00:00+01:00,3860.035
2025-10-02 15:00:00+01:00,3918.12
2025-10-02 16:00:00+01:00,3820.955
2025-10-02 17:00:00+01:00,3541.105
2025-10-02 18:00:00+01:00,3223.855
2025-10-02 19:00:00+01:00,2943.43
2025-10-02 20:00:00+01:00,2724.13
2025-10-02 21:00:00+01:00,2531.38
2025-10-02 22:00:00+01:00,2307.48
2025-10-02 23:00:00+01:00,2030.515
2025-10-03 00:00:00+01:00,1864.13
2025-10-03 01:00:00+01:00,1803.79
2025-10-03 02:00:00+01:00,1740.585
2025-10-03 03:00:00+01:00,1480.905
2025-10-03 04:00:00+01:00,1118.74
2025-10-03 05:00:00+01:00,948.02
2025-10-03 06:00:00+01:00,860.465
2025-10-03 07:00:00+01:00,852.49
2025-10-03 08:00:00+01:00,935.81
2025-10-03 09:00:00+01:00,1108.335
2025-10-03 10:00:00+01:00,1396.27
2025-10-03 11:00:00+01:00,1912.105
2025-10-03 12:00:00+01:00,2588.43
2025-10-03 13:00:00+01:00,3263.365
2025-10-03 14:00:00+01:00,3828.91
2025-10-03 15:00:00+01:00,4182.52
2025-10-03 16:00:00+01:00,4355.375
2025-10-03 17:00:00+01:00,4548.935
2025-10-03 18:00:00+01:00,4558.655
2025-10-03 19:00:00+01:00,4541.815
2025-10-03 20:00:00+01:00,4504.325
2025-10-03 21:00:00+01:00,4435.29
2025-10-03 22:00:00+01:00,4347.45
2025-10-03 23:00:00+01:00,4249.71
2025-10-04 00:00:00+01:00,4490.995
2025-10-04 01:00:00+01:00,4511.74
2025-10-04 02:00:00+01:00,4509.325
2025-10-04 03:00:00+01:00,4513.05
2025-10-04 04:00:00+01:00,4516.59
2025-10-04 05:00:00+01:00,4499.025
2025-10-04 06:00:00+01:00,4512.64
2025-10-04 07:00:00+01:00,4553.73
2025-10-04 08:00:00+01:00,4584.875
2025-10-04 09:00:00+01:00,4597.23
2025-10-04 10:00:00+01:00,4595.605
2025-10-04 11:00:00+01:00,4578.985
2025-10-04 12:00:00+01:00,4550.155
2025-10-04 13:00:00+01:00,4513.18
2025-10-04 14:00:00+01:00,4473.275
2025-10-04 15:00:00+01:00,4411.39
2025-10-04 16:00:00+01:00,4301.04
2025-10-04 17:00:00+01:00,4130.73
2025-10-04 18:00:00+01:00,3929.07
2025-10-04 19:00:00+01:00,3718.475
2025-10-04 20:00:00+01:00,3519.44
2025-10-04 21:00:00+01:00,3369.97
2025-10-04 22:00:00+01:00,3223.165
2025-10-04 23:00:00+01:00,3089.9
2025-10-05 00:00:00+01:00,3452.26
2025-10-05 01:00:00+01:00,3496.815
2025-10-05 02:00:00+01:00,3435.235
2025-10-05 03:00:00+01:00,3260.87
2025-10-05 04:00:00+01:00,3097.74
2025-10-05 05:00:00+01:00,2874.495
2025-10-05 06:00:00+01:00,2608.14
2025-10-05 07:00:00+01:00,2462.575
2025-10-05 08:00:00+01:00,2450.415
2025-10-05 09:00:00+01:00,2472.915
2025-10-05 10:00:00+01:00,2512.76
2025-10-05 11:00:00+01:00,2605.14
2025-10-05 12:00:00+01:00,2709.23
2025-10-05 13:00:00+01:00,2765.69
2025-10-05 14:00:00+01:00,2756.085
2025-10-05 15:00:00+01:00,2665.5
2025-10-05 16:00:00+01:00,2518.865
2025-10-05 17:00:00+01:00,2357.495
2025-10-05 18:00:00+01:00,2249.425
2025-10-05 19:00:00+01:00,2131.44
2025-10-05 20:00:00+01:00,1981.26
2025-10-05 21:00:00+01:00,1874.475
2025-10-05 22:00:00+01:00,1844.09
2025-10-05 23:00:00+01:00,1902.445
2025-10-06 00:00:00+01:00,1933.165
2025-10-06 01:00:00+01:00,1872.81
2025-10-06 02:00:00+01:00,1847.845
2025-10-06 03:00:00+01:00,1771.87
2025-10-06 04:00:00+01:00,1755.49
2025-10-06 05:00:00+01:00,1732.95
2025-10-06 06:00:00+01:00,1706.29
2025-10-06 07:00:00+01:00,1725.31
2025-10-06 08:00:00+01:00,1794.685
2025-10-06 09:00:00+01:00,1888.82
2025-10-06 10:00:00+01:00,1995.065
2025-10-06 11:00:00+01:00,2121.89
2025-10-06 12:00:00+01:00,2294.55
2025-10-06 13:00:00+01:00,2503.875
2025-10-06 14:00:00+01:00,2704.97
2025-10-06 15:00:00+01:00,2833.29
2025-10-06 16:00:00+01:00,2870.76
2025-10-06 17:00:00+01:00,2856.175
2025-10-06 18:00:00+01:00,2853.62
2025-10-06 19:00:00+01:00,2837.225
2025-10-06 20:00:00+01:00,2828.11
2025-10-06 21:00:00+01:00,2859.785
2025-10-06 22:00:00+01:00,2878.275
2025-10-06 23:00:00+01:00,2845.585
2025-10-07 00:00:00+01:00,2854.005
2025-10-07 01:00:00+01:00,2779.815
2025-10-07 02:00:00+01:00,2730.12
2025-10-07 03:00:00+01:00,2627.34
2025-10-07 04:00:00+01:00,2443.065
2025-10-07 05:00:00+01:00,2257.25
2025-10-07 06:00:00+01:00,2050.185
2025-10-07 07:00:00+01:00,1841.015
2025-10-07 08:00:00+01:00,1602.79
2025-10-07 09:00:00+01:00,1393.235
2025-10-07 10:00:00+01:00,1216.87
2025-10-07 11:00:00+01:00,1050.815
2025-10-07 12:00:00+01:00,892.385
2025-10-07 13:00:00+01:00,776.255
2025-10-07 14:00:00+01:00,696.365
2025-10-07 15:00:00+01:00,628.515
2025-10-07 16:00:00+01:00,573.955
2025-10-07 17:00:00+01:00,523.53
2025-10-07 18:00:00+01:00,480.14
2025-10-07 19:00:00+01:00,457.995
2025-10-07 20:00:00+01:00,464.485
2025-10-07 21:00:00+01:00,480.03
2025-10-07 22:00:00+01:00,466.57
2025-10-07 23:00:00+01:00,456.69
2025-10-08 00:00:00+01:00,382.675
2025-10-08 01:00:00+01:00,427.055
2025-10-08 02:00:00+01:00,433.16
2025-10-08 03:00:00+01:00,439.645
2025-10-08 04:00:00+01:00,459.895
2025-10-08 05:00:00+01:00,455.1
2025-10-08 06:00:00+01:00,449.15
2025-10-08 07:00:00+01:00,449.815
2025-10-08 08:00:00+01:00,468.88
2025-10-08 09:00:00+01:00,488.965
2025-10-08 10:00:00+01:00,483.69
2025-10-08 11:00:00+01:00,485.16
2025-10-08 12:00:00+01:00,550.995
2025-10-08 13:00:00+01:00,625.16
2025-10-08 14:00:00+01:00,699.2
2025-10-08 15:00:00+01:00,748.115
2025-10-08 16:00:00+01:00,773.77
2025-10-08 17:00:00+01:00,787.475
2025-10-08 18:00:00+01:00,782.095
2025-10-08 19:00:00+01:00,735.66
2025-10-08 20:00:00+01:00,674.135
2025-10-08 21:00:00+01:00,655.515
2025-10-08 22:00:00+01:00,669.965
2025-10-08 23:00:00+01:00,701.56
2025-10-09 00:00:00+01:00,843.32
2025-10-09 01:00:00+01:00,858.88
2025-10-09 02:00:00+01:00,844.68
2025-10-09 03:00:00+01:00,830.58
2025-10-09 04:00:00+01:00,853.025
2025-10-09 05:00:00+01:00,842.925
2025-10-09 06:00:00+01:00,842.325
2025-10-09 07:00:00+01:00,836.93
2025-10-09 08:00:00+01:00,771.965
2025-10-09 09:00:00+01:00,677.055
2025-10-09 10:00:00+01:00,574.72
2025-10-09 11:00:00+01:00,527.46
2025-10-09 12:00:00+01:00,540.68
2025-10-09 13:00:00+01:00,557.165
2025-10-09 14:00:00+01:00,563.055
2025-10-09 15:00:00+01:00,523.615
2025-10-09 16:00:00+01:00,468.19
2025-10-09 17:00:00+01:00,415.875
2025-10-09 18:00:00+01:00,386.925
2025-10-09 19:00:00+01:00,386.225
2025-10-09 20:00:00+01:00,390.205
2025-10-09 21:00:00+01:00,382.225
2025-10-09 22:00:00+01:00,342.46
2025-10-09 23:00:00+01:00,288.525
2025-10-10 00:00:00+01:00,193.505
2025-10-10 01:00:00+01:00,198.28
2025-10-10 02:00:00+01:00,199.955
2025-10-10 03:00:00+01:00,180.11
2025-10-10 04:00:00+01:00,186.385
2025-10-10 05:00:00+01:00,183.29
2025-10-10 06:00:00+01:00,181.185
2025-10-10 07:00:00+01:00,173.105
2025-10-10 08:00:00+01:00,137.85
2025-10-10 09:00:00+01:00,112.2
2025-10-10 10:00:00+01:00,102.435
2025-10-10 11:00:00+01:00,103.89
2025-10-10 12:00:00+01:00,108.65
2025-10-10 13:00:00+01:00,109.77
2025-10-10 14:00:00+01:00,112.025
2025-10-10 15:00:00+01:00,114.635
2025-10-10 16:00:00+01:00,105.815
2025-10-10 17:00:00+01:00,87.125
2025-10-10 18:00:00+01:00,68.88
2025-10-10 19:00:00+01:00,58.74
2025-10-10 20:00:00+01:00,58.135
2025-10-10 21:00:00+01:00,60.1
2025-10-10 22:00:00+01:00,60.23
2025-10-10 23:00:00+01:00,59.485
2025-10-11 00:00:00+01:00,26.195
2025-10-11 01:00:00+01:00,25.45
2025-10-11 02:00:00+01:00,30.405
2025-10-11 03:00:00+01:00,39.79
2025-10-11 04:00:00+01:00,56.875
2025-10-11 05:00:00+01:00,72.705
2025-10-11 06:00:00+01:00,91.735
2025-10-11 07:00:00+01:00,111.17
2025-10-11 08:00:00+01:00,141.865
2025-10-11 09:00:00+01:00,178.74
2025-10-11 10:00:00+01:00,180.805
2025-10-11 11:00:00+01:00,137.265
2025-10-11 12:00:00+01:00,105.565
2025-10-11 13:00:00+01:00,104.265
2025-10-11 14:00:00+01:00,117.26
2025-10-11 15:00:00+01:00,125.48
2025-10-11 16:00:00+01:00,112.355
2025-10-11 17:00:00+01:00,102.48
2025-10-11 18:00:00+01:00,102.47
2025-10-11 19:00:00+01:00,113.36
2025-10-11 20:00:00+01:00,146.52
2025-10-11 21:00:00+01:00,187.04
2025-10-11 22:00:00+01:00,223.245
2025-10-11 23:00:00+01:00,273.455
2025-10-12 00:00:00+01:00,188.77
2025-10-12 01:00:00+01:00,194.46
2025-10-12 02:00:00+01:00,207.2
2025-10-12 03:00:00+01:00,240.26
2025-10-12 04:00:00+01:00,296.41
2025-10-12 05:00:00+01:00,345.735
2025-10-12 06:00:00+01:00,403.58
2025-10-12 07:00:00+01:00,437.96
2025-10-12 08:00:00+01:00,436.39
2025-10-12 09:00:00+01:00,463.365
2025-10-12 10:00:00+01:00,508.27
2025-10-12 11:00:00+01:00,498.495
2025-10-12 12:00:00+01:00,494.95
2025-10-12 13:00:00+01:00,530.425
2025-10-12 14:00:00+01:00,577.85
2025-10-12 15:00:00+01:00,626.77
2025-10-12 16:00:00+01:00,670.975
2025-10-12 17:00:00+01:00,690.695
2025-10-12 18:00:00+01:00,646.585
2025-10-12 19:00:00+01:00,608.93
2025-10-12 20:00:00+01:00,631.475
2025-10-12 21:00:00+01:00,679.625
2025-10-12 22:00:00+01:00,752.18
2025-10-12 23:00:00+01:00,819.57
2025-10-13 00:00:00+01:00,714.77
2025-10-13 01:00:00+01:00,712.13
2025-10-13 02:00:00+01:00,759.88
2025-10-13 03:00:00+01:00,818.18
2025-10-13 04:00:00+01:00,868.99
2025-10-13 05:00:00+01:00,856.345
2025-10-13 06:00:00+01:00,899.92
2025-10-13 07:00:00+01:00,1040.935
2025-10-13 08:00:00+01:00,1193.94
2025-10-13 09:00:00+01:00,1222.41
2025-10-13 10:00:00+01:00,1121.165
2025-10-13 11:00:00+01:00,952.48
2025-10-13 12:00:00+01:00,906.815
2025-10-13 13:00:00+01:00,956.145
2025-10-13 14:00:00+01:00,963.505
2025-10-13 15:00:00+01:00,940.94
2025-10-13 16:00:00+01:00,896.42
2025-10-13 17:00:00+01:00,852.64
2025-10-13 18:00:00+01:00,818.07
2025-10-13 19:00:00+01:00,803.805
2025-10-13 20:00:00+01:00,808.04
2025-10-13 21:00:00+01:00,812.27
2025-10-13 22:00:00+01:00,821.025
2025-10-13 23:00:00+01:00,839.185
2025-10-14 00:00:00+01:00,582.86
2025-10-14 01:00:00+01:00,577.825
2025-10-14 02:00:00+01:00,595.945
2025-10-14 03:00:00+01:00,582.635
2025-10-14 04:00:00+01:00,593.15
2025-10-14 05:00:00+01:00,555.035
2025-10-14 06:00:00+01:00,518.67
2025-10-14 07:00:00+01:00,477.83
2025-10-14 08:00:00+01:00,479.09
2025-10-14 09:00:00+01:00,516.42
2025-10-14 10:00:00+01:00,530.32
2025-10-14 11:00:00+01:00,486.685
2025-10-14 12:00:00+01:00,480.87
2025-10-14 13:00:00+01:00,521.435
2025-10-14 14:00:00+01:00,555.695
2025-10-14 15:00:00+01:00,548.14
2025-10-14 16:00:00+01:00,487.645
2025-10-14 17:00:00+01:00,450.515
2025-10-14 18:00:00+01:00,452.66
2025-10-14 19:00:00+01:00,460.985
2025-10-14 20:00:00+01:00,482.015
2025-10-14 21:00:00+01:00,515.645
2025-10-14 22:00:00+01:00,538.735
2025-10-14 23:00:00+01:00,532.265
2025-10-15 00:00:00+01:00,314.03
2025-10-15 01:00:00+01:00,329.94
2025-10-15 02:00:00+01:00,339.82
2025-10-15 03:00:00+01:00,361.585
2025-10-15 04:00:00+01:00,403.625
2025-10-15 05:00:00+01:00,392.57
2025-10-15 06:00:00+01:00,402.54
2025-10-15 07:00:00+01:00,429.515
2025-10-15 08:00:00+01:00,422.265
2025-10-15 09:00:00+01:00,388.685
2025-10-15 10:00:00+01:00,358.235
2025-10-15 11:00:00+01:00,348.315
2025-10-15 12:00:00+01:00,380.58
2025-10-15 13:00:00+01:00,422.555
2025-10-15 14:00:00+01:00,427.585
2025-10-15 15:00:00+01:00,415.86
2025-10-15 16:00:00+01:00,398.95
2025-10-15 17:00:00+01:00,422.5
2025-10-15 18:00:00+01:00,452.045
2025-10-15 19:00:00+01:00,454.42
2025-10-15 20:00:00+01:00,469.81
2025-10-15 21:00:00+01:00,497.57
2025-10-15 22:00:00+01:00,509.455
2025-10-15 23:00:00+01:00,499.95
2025-10-16 00:00:00+01:00,358.01
2025-10-16 01:00:00+01:00,332.45
2025-10-16 02:00:00+01:00,294.485
2025-10-16 03:00:00+01:00,288.755
2025-10-16 04:00:00+01:00,321.13
2025-10-16 05:00:00+01:00,343.155
2025-10-16 06:00:00+01:00,377.55
2025-10-16 07:00:00+01:00,388.17
2025-10-16 08:00:00+01:00,393.64
2025-10-16 09:00:00+01:00,432.605
2025-10-16 10:00:00+01:00,462.41
2025-10-16 11:00:00+01:00,439.89
2025-10-16 12:00:00+01:00,428.42
2025-10-16 13:00:00+01:00,443.905
2025-10-16 14:00:00+01:00,468.175
2025-10-16 15:00:00+01:00,498.665
2025-10-16 16:00:00+01:00,516.255
2025-10-16 17:00:00+01:00,527.325
2025-10-16 18:00:00+01:00,529.955
2025-10-16 19:00:00+01:00,547.65
2025-10-16 20:00:00+01:00,592.95
2025-10-16 21:00:00+01:00,629.7
2025-10-16 22:00:00+01:00,646.295
2025-10-16 23:00:00+01:00,640.765
2025-10-17 00:00:00+01:00,557.835
2025-10-17 01:00:00+01:00,592.865
2025-10-17 02:00:00+01:00,624.08
2025-10-17 03:00:00+01:00,669.0
2025-10-17 04:00:00+01:00,776.415
2025-10-17 05:00:00+01:00,901.605
2025-10-17 06:00:00+01:00,988.51
2025-10-17 07:00:00+01:00,1019.705
2025-10-17 08:00:00+01:00,1065.985
2025-10-17 09:00:00+01:00,1115.27
2025-10-17 10:00:00+01:00,1142.65
2025-10-17 11:00:00+01:00,1173.755
2025-10-17 12:00:00+01:00,1270.12
2025-10-17 13:00:00+01:00,1370.09
2025-10-17 14:00:00+01:00,1415.815
2025-10-17 15:00:00+01:00,1447.535
2025-10-17 16:00:00+01:00,1455.865
2025-10-17 17:00:00+01:00,1447.005
2025-10-17 18:00:00+01:00,1374.725
2025-10-17 19:00:00+01:00,1290.53
2025-10-17 20:00:00+01:00,1310.46
2025-10-17 21:00:00+01:00,1434.57
2025-10-17 22:00:00+01:00,1559.895
2025-10-17 23:00:00+01:00,1632.03
2025-10-18 00:00:00+01:00,1963.015
2025-10-18 01:00:00+01:00,1867.93
2025-10-18 02:00:00+01:00,1885.825
2025-10-18 03:00:00+01:00,1951.725
2025-10-18 04:00:00+01:00,1987.55
2025-10-18 05:00:00+01:00,2058.625
2025-10-18 06:00:00+01:00,2063.6
2025-10-18 07:00:00+01:00,2100.07
2025-10-18 08:00:00+01:00,2222.765
2025-10-18 09:00:00+01:00,2364.895
2025-10-18 10:00:00+01:00,2515.7
2025-10-18 11:00:00+01:00,2646.435
2025-10-18 12:00:00+01:00,2752.185
2025-10-18 13:00:00+01:00,2832.185
2025-10-18 14:00:00+01:00,2866.73
2025-10-18 15:00:00+01:00,2862.57
2025-10-18 16:00:00+01:00,2837.77
2025-10-18 17:00:00+01:00,2838.275
2025-10-18 18:00:00+01:00,2859.55
2025-10-18 19:00:00+01:00,2905.41
2025-10-18 20:00:00+01:00,2960.925
2025-10-18 21:00:00+01:00,2965.895
2025-10-18 22:00:00+01:00,2937.595
2025-10-18 23:00:00+01:00,2878.14
2025-10-19 00:00:00+01:00,3852.725
2025-10-19 01:00:00+01:00,3758.14
2025-10-19 02:00:00+01:00,3634.52
2025-10-19 03:00:00+01:00,3467.67
2025-10-19 04:00:00+01:00,3336.39
2025-10-19 05:00:00+01:00,3090.595
2025-10-19 06:00:00+01:00,2876.79
2025-10-19 07:00:00+01:00,2621.365
2025-10-19 08:00:00+01:00,2273.505
2025-10-19 09:00:00+01:00,1938.87
2025-10-19 10:00:00+01:00,1659.16
2025-10-19 11:00:00+01:00,1439.99
2025-10-19 12:00:00+01:00,1319.28
2025-10-19 13:00:00+01:00,1276.015
2025-10-19 14:00:00+01:00,1286.18
2025-10-19 15:00:00+01:00,1300.22
2025-10-19 16:00:00+01:00,1303.64
2025-10-19 17:00:00+01:00,1296.36
2025-10-19 18:00:00+01:00,1277.93
2025-10-19 19:00:00+01:00,1276.9
2025-10-19 20:00:00+01:00,1298.555
2025-10-19 21:00:00+01:00,1356.45
2025-10-19 22:00:00+01:00,1426.005
2025-10-19 23:00:00+01:00,1507.955
2025-10-20 00:00:00+01:00,1042.895
2025-10-20 01:00:00+01:00,852.365
2025-10-20 02:00:00+01:00,719.72
2025-10-20 03:00:00+01:00,538.725
2025-10-20 04:00:00+01:00,344.475
2025-10-20 05:00:00+01:00,277.865
2025-10-20 06:00:00+01:00,290.205
2025-10-20 07:00:00+01:00,377.47
2025-10-20 08:00:00+01:00,512.52
2025-10-20 09:00:00+01:00,621.395
2025-10-20 10:00:00+01:00,678.565
2025-10-20 11:00:00+01:00,717.945
2025-10-20 12:00:00+01:00,751.82
2025-10-20 13:00:00+01:00,798.28
2025-10-20 14:00:00+01:00,893.35
2025-10-20 15:00:00+01:00,1013.58
2025-10-20 16:00:00+01:00,1067.02
2025-10-20 17:00:00+01:00,987.39
2025-10-20 18:00:00+01:00,861.92
2025-10-20 19:00:00+01:00,781.725
2025-10-20 20:00:00+01:00,760.195
2025-10-20 21:00:00+01:00,796.27
2025-10-20 22:00:00+01:00,866.235
2025-10-20 23:00:00+01:00,965.83
2025-10-21 00:00:00+01:00,1433.195
2025-10-21 01:00:00+01:00,1605.135
2025-10-21 02:00:00+01:00,1743.185
2025-10-21 03:00:00+01:00,1889.085
2025-10-21 04:00:00+01:00,1914.34
2025-10-21 05:00:00+01:00,1971.33
2025-10-21 06:00:00+01:00,2060.8
2025-10-21 07:00:00+01:00,2149.625
2025-10-21 08:00:00+01:00,2285.78
2025-10-21 09:00:00+01:00,2405.43
2025-10-21 10:00:00+01:00,2470.23
2025-10-21 11:00:00+01:00,2509.675
2025-10-21 12:00:00+01:00,2530.635
2025-10-21 13:00:00+01:00,2529.37
2025-10-21 14:00:00+01:00,2516.295
2025-10-21 15:00:00+01:00,2416.705
2025-10-21 16:00:00+01:00,2220.47
2025-10-21 17:00:00+01:00,1938.4
2025-10-21 18:00:00+01:00,1672.665
2025-10-21 19:00:00+01:00,1446.955
2025-10-21 20:00:00+01:00,1237.79
2025-10-21 21:00:00+01:00,1061.34
2025-10-21 22:00:00+01:00,913.135
2025-10-21 23:00:00+01:00,795.235
2025-10-22 00:00:00+01:00,360.015
2025-10-22 01:00:00+01:00,346.015
2025-10-22 02:00:00+01:00,359.485
2025-10-22 03:00:00+01:00,390.03
2025-10-22 04:00:00+01:00,446.855
2025-10-22 05:00:00+01:00,490.175
2025-10-22 06:00:00+01:00,523.4
2025-10-22 07:00:00+01:00,542.635
2025-10-22 08:00:00+01:00,576.06
2025-10-22 09:00:00+01:00,608.9
2025-10-22 10:00:00+01:00,636.045
2025-10-22 11:00:00+01:00,663.04
2025-10-22 12:00:00+01:00,737.225
2025-10-22 13:00:00+01:00,824.63
2025-10-22 14:00:00+01:00,881.195
2025-10-22 15:00:00+01:00,918.795
2025-10-22 16:00:00+01:00,932.74
2025-10-22 17:00:00+01:00,913.985
2025-10-22 18:00:00+01:00,900.08
2025-10-22 19:00:00+01:00,923.28
2025-10-22 20:00:00+01:00,986.45
2025-10-22 21:00:00+01:00,1085.565
2025-10-22 22:00:00+01:00,1199.49
2025-10-22 23:00:00+01:00,1345.985
2025-10-23 00:00:00+01:00,556.335
2025-10-23 01:00:00+01:00,928.88
2025-10-23 02:00:00+01:00,1503.32
2025-10-23 03:00:00+01:00,2215.125
2025-10-23 04:00:00+01:00,2750.575
2025-10-23 05:00:00+01:00,3024.985
2025-10-23 06:00:00+01:00,3159.755
2025-10-23 07:00:00+01:00,3141.53
2025-10-23 08:00:00+01:00,3046.57
2025-10-23 09:00:00+01:00,2932.985
2025-10-23 10:00:00+01:00,2901.43
2025-10-23 11:00:00+01:00,2988.94
2025-10-23 12:00:00+01:00,3140.335
2025-10-23 13:00:00+01:00,3265.235
2025-10-23 14:00:00+01:00,3344.43
2025-10-23 15:00:00+01:00,3375.29
2025-10-23 16:00:00+01:00,3334.465
2025-10-23 17:00:00+01:00,3214.465
2025-10-23 18:00:00+01:00,3093.905
2025-10-23 19:00:00+01:00,3036.525
2025-10-23 20:00:00+01:00,3031.955
2025-10-23 21:00:00+01:00,3082.815
2025-10-23 22:00:00+01:00,3181.65
2025-10-23 23:00:00+01:00,3313.845
2025-10-24 00:00:00+01:00,3405.96
2025-10-24 01:00:00+01:00,3395.475
2025-10-24 02:00:00+01:00,3429.195
2025-10-24 03:00:00+01:00,3427.34
2025-10-24 04:00:00+01:00,3329.84
2025-10-24 05:00:00+01:00,3252.755
2025-10-24 06:00:00+01:00,3167.64
2025-10-24 07:00:00+01:00,3093.26
2025-10-24 08:00:00+01:00,3032.215
2025-10-24 09:00:00+01:00,2969.575
2025-10-24 10:00:00+01:00,2903.775
2025-10-24 11:00:00+01:00,2854.565
2025-10-24 12:00:00+01:00,2809.72
2025-10-24 13:00:00+01:00,2772.03
2025-10-24 14:00:00+01:00,2748.895
2025-10-24 15:00:00+01:00,2704.395
2025-10-24 16:00:00+01:00,2676.655
2025-10-24 17:00:00+01:00,2611.72
2025-10-24 18:00:00+01:00,2494.98
2025-10-24 19:00:00+01:00,2392.615
2025-10-24 20:00:00+01:00,2300.61
2025-10-24 21:00:00+01:00,2246.15
2025-10-24 22:00:00+01:00,2257.225
2025-10-24 23:00:00+01:00,2332.36
2025-10-25 00:00:00+01:00,2594.2355
2025-10-25 01:00:00+01:00,2589.1375
2025-10-25 02:00:00+01:00,2577.39
2025-10-25 03:00:00+01:00,2532.608
2025-10-25 04:00:00+01:00,2520.335
2025-10-25 05:00:00+01:00,2505.833
2025-10-25 06:00:00+01:00,2454.1975
2025-10-25 07:00:00+01:00,2398.1295
2025-10-25 08:00:00+01:00,2311.9005
2025-10-25 09:00:00+01:00,2223.59
2025-10-25 10:00:00+01:00,2127.6295
2025-10-25 11:00:00+01:00,2121.536
2025-10-25 12:00:00+01:00,2178.2575
2025-10-25 13:00:00+01:00,2218.6125
2025-10-25 14:00:00+01:00,2245.9675
2025-10-25 15:00:00+01:00,2294.264
2025-10-25 16:00:00+01:00,2367.285
2025-10-25 17:00:00+01:00,2369.5845
2025-10-25 18:00:00+01:00,2324.861
2025-10-25 19:00:00+01:00,2300.949
2025-10-25 20:00:00+01:00,2305.0575
2025-10-25 21:00:00+01:00,2276.6995
2025-10-25 22:00:00+01:00,2197.1
2025-10-25 23:00:00+01:00,2103.328
2025-10-26 00:00:00+01:00,1479.126
2025-10-26 01:00:00+01:00,1368.452
2025-10-26 01:00:00+00:00,1297.7625
2025-10-26 02:00:00+00:00,1261.02
2025-10-26 03:00:00+00:00,1225.193
2025-10-26 04:00:00+00:00,1214.239
2025-10-26 05:00:00+00:00,1295.393
2025-10-26 06:00:00+00:00,1532.4445
2025-10-26 07:00:00+00:00,1887.6945
2025-10-26 08:00:00+00:00,2298.815
2025-10-26 09:00:00+00:00,2732.9755
2025-10-26 10:00:00+00:00,3161.987
2025-10-26 11:00:00+00:00,3554.963
2025-10-26 12:00:00+00:00,3857.1945
2025-10-26 13:00:00+00:00,4015.7985
2025-10-26 14:00:00+00:00,4046.6905
2025-10-26 15:00:00+00:00,3993.103
2025-10-26 16:00:00+00:00,3882.558
2025-10-26 17:00:00+00:00,3771.3525
2025-10-26 18:00:00+00:00,3683.2595
2025-10-26 19:00:00+00:00,3614.501
2025-10-26 20:00:00+00:00,3565.264
2025-10-26 21:00:00+00:00,3496.904
2025-10-26 22:00:00+00:00,3416.249
2025-10-26 23:00:00+00:00,3323.1355
2025-10-27 00:00:00+00:00,3374.707
2025-10-27 01:00:00+00:00,3330.516
2025-10-27 02:00:00+00:00,3288.451
2025-10-27 03:00:00+00:00,3189.6295
2025-10-27 04:00:00+00:00,3100.469
2025-10-27 05:00:00+00:00,2958.9365
2025-10-27 06:00:00+00:00,2804.2915
2025-10-27 07:00:00+00:00,2627.9095
2025-10-27 08:00:00+00:00,2403.955
2025-10-27 09:00:00+00:00,2165.8985
2025-10-27 10:00:00+00:00,1982.8445
2025-10-27 11:00:00+00:00,1822.609
2025-10-27 12:00:00+00:00,1690.4585
2025-10-27 13:00:00+00:00,1600.044
2025-10-27 14:00:00+00:00,1496.4885
2025-10-27 15:00:00+00:00,1379.5225
2025-10-27 16:00:00+00:00,1304.4415
2025-10-27 17:00:00+00:00,1299.7375
2025-10-27 18:00:00+00:00,1368.9455
2025-10-27 19:00:00+00:00,1487.993
2025-10-27 20:00:00+00:00,1709.009
2025-10-27 21:00:00+00:00,2021.1915
2025-10-27 22:00:00+00:00,2368.4575
2025-10-27 23:00:00+00:00,2639.231
2025-10-28 00:00:00+00:00,3508.669
2025-10-28 01:00:00+00:00,3389.759
2025-10-28 02:00:00+00:00,3313.9915
2025-10-28 03:00:00+00:00,3246.167
2025-10-28 04:00:00+00:00,3155.5605
2025-10-28 05:00:00+00:00,3054.6785
2025-10-28 06:00:00+00:00,2952.1565
2025-10-28 07:00:00+00:00,2853.8855
2025-10-28 08:00:00+00:00,2724.026
2025-10-28 09:00:00+00:00,2597.235
2025-10-28 10:00:00+00:00,2497.3075
2025-10-28 11:00:00+00:00,2398.6945
2025-10-28 12:00:00+00:00,2296.2745
2025-10-28 13:00:00+00:00,2210.5275
2025-10-28 14:00:00+00:00,2120.4095
2025-10-28 15:00:00+00:00,2012.762
2025-10-28 16:00:00+00:00,1910.4605
2025-10-28 17:00:00+00:00,1897.0065
2025-10-28 18:00:00+00:00,1922.8075
2025-10-28 19:00:00+00:00,1947.963
2025-10-28 20:00:00+00:00,1989.4705
2025-10-28 21:00:00+00:00,2025.9105
2025-10-28 22:00:00+00:00,2043.285
2025-10-28 23:00:00+00:00,2016.7135
2025-10-29 00:00:00+00:00,2487.702
2025-10-29 01:00:00+00:00,2365.311
2025-10-29 02:00:00+00:00,2395.1055
2025-10-29 03:00:00+00:00,2768.0825
2025-10-29 04:00:00+00:00,3075.869
2025-10-29 05:00:00+00:00,3308.2475
2025-10-29 06:00:00+00:00,3348.787
2025-10-29 07:00:00+00:00,3126.343
2025-10-29 08:00:00+00:00,2797.044
2025-10-29 09:00:00+00:00,2487.443
2025-10-29 10:00:00+00:00,2288.0865
2025-10-29 11:00:00+00:00,2209.643
2025-10-29 12:00:00+00:00,2196.935
2025-10-29 13:00:00+00:00,2186.737
2025-10-29 14:00:00+00:00,2102.365
2025-10-29 15:00:00+00:00,1926.003
2025-10-29 16:00:00+00:00,1635.3045
2025-10-29 17:00:00+00:00,1296.661
2025-10-29 18:00:00+00:00,984.293
2025-10-29 19:00:00+00:00,720.1515
2025-10-29 20:00:00+00:00,515.9595
2025-10-29 21:00:00+00:00,348.4135
2025-10-29 22:00:00+00:00,228.857
2025-10-29 23:00:00+00:00,156.385
2025-10-30 00:00:00+00:00,65.2935
2025-10-30 01:00:00+00:00,70.4325
2025-10-30 02:00:00+00:00,147.634
2025-10-30 03:00:00+00:00,378.235
2025-10-30 04:00:00+00:00,743.479
2025-10-30 05:00:00+00:00,1217.251
2025-10-30 06:00:00+00:00,1785.108
2025-10-30 07:00:00+00:00,2422.959
2025-10-30 08:00:00+00:00,3001.875
2025-10-30 09:00:00+00:00,3496.307
2025-10-30 10:00:00+00:00,3886.4995
2025-10-30 11:00:00+00:00,4176.7735
2025-10-30 12:00:00+00:00,4372.4635
2025-10-30 13:00:00+00:00,4479.0575
2025-10-30 14:00:00+00:00,4533.4075
2025-10-30 15:00:00+00:00,4551.5385
2025-10-30 16:00:00+00:00,4535.3525
2025-10-30 17:00:00+00:00,4483.9805
2025-10-30 18:00:00+00:00,4399.289
2025-10-30 19:00:00+00:00,4298.503
2025-10-30 20:00:00+00:00,4188.0045
2025-10-30 21:00:00+00:00,4061.4765
2025-10-30 22:00:00+00:00,3951.5855
2025-10-30 23:00:00+00:00,3901.8855
2025-10-31 00:00:00+00:00,3626.2345
2025-10-31 01:00:00+00:00,3501.2135
2025-10-31 02:00:00+00:00,3333.2115
2025-10-31 03:00:00+00:00,3167.018
2025-10-31 04:00:00+00:00,2990.1275
2025-10-31 05:00:00+00:00,2820.2875
2025-10-31 06:00:00+00:00,2675.3125
2025-10-31 07:00:00+00:00,2550.0125
2025-10-31 08:00:00+00:00,2418.7595
2025-10-31 09:00:00+00:00,2349.0215
2025-10-31 10:00:00+00:00,2365.704
2025-10-31 11:00:00+00:00,2474.5205
2025-10-31 12:00:00+00:00,2633.309
2025-10-31 13:00:00+00:00,2809.005
2025-10-31 14:00:00+00:00,2899.5285
2025-10-31 15:00:00+00:00,2894.58
2025-10-31 16:00:00+00:00,2884.09
2025-10-31 17:00:00+00:00,2909.5235
2025-10-31 18:00:00+00:00,2912.768
2025-10-31 19:00:00+00:00,2916.2495
2025-10-31 20:00:00+00:00,2985.668
2025-10-31 21:00:00+00:00,3106.692
2025-10-31 22:00:00+00:00,3292.041
2025-10-31 23:00:00+00:00,3420.215
2025-11-01 00:00:00+00:00,1536.1995
2025-11-01 01:00:00+00:00,1524.5105
2025-11-01 02:00:00+00:00,1601.5255
2025-11-01 03:00:00+00:00,1711.354
2025-11-01 04:00:00+00:00,1791.9375
2025-11-01 05:00:00+00:00,1854.4175
2025-11-01 06:00:00+00:00,1868.9545
2025-11-01 07:00:00+00:00,1793.9425
2025-11-01 08:00:00+00:00,1695.656
2025-11-01 09:00:00+00:00,1639.7105
2025-11-01 10:00:00+00:00,1696.34
2025-11-01 11:00:00+00:00,1911.3215
2025-11-01 12:00:00+00:00,2249.304
2025-11-01 13:00:00+00:00,2607.5845
2025-11-01 14:00:00+00:00,2905.6885
2025-11-01 15:00:00+00:00,3051.843
2025-11-01 16:00:00+00:00,2967.738
2025-11-01 17:00:00+00:00,2752.959
2025-11-01 18:00:00+00:00,2552.445
2025-11-01 19:00:00+00:00,2351.979
2025-11-01 20:00:00+00:00,2207.1815
2025-11-01 21:00:00+00:00,2205.5745
2025-11-01 22:00:00+00:00,2339.5625
2025-11-01 23:00:00+00:00,2542.9725
2025-11-02 00:00:00+00:00,1773.331
2025-11-02 01:00:00+00:00,1873.898
2025-11-02 02:00:00+00:00,2028.4005
2025-11-02 03:00:00+00:00,2214.503
2025-11-02 04:00:00+00:00,2341.0775
2025-11-02 05:00:00+00:00,2427.0165
2025-11-02 06:00:00+00:00,2468.4395
2025-11-02 07:00:00+00:00,2476.8275
2025-11-02 08:00:00+00:00,2469.0055
2025-11-02 09:00:00+00:00,2481.8925
2025-11-02 10:00:00+00:00,2549.0825
2025-11-02 11:00:00+00:00,2679.2045
2025-11-02 12:00:00+00:00,2821.6505
2025-11-02 13:00:00+00:00,2929.081
2025-11-02 14:00:00+00:00,2972.97
2025-11-02 15:00:00+00:00,3006.621
2025-11-02 16:00:00+00:00,3054.613
2025-11-02 17:00:00+00:00,3191.8805
2025-11-02 18:00:00+00:00,3426.3545
2025-11-02 19:00:00+00:00,3680.5135
2025-11-02 20:00:00+00:00,3893.86
2025-11-02 21:00:00+00:00,4055.57
2025-11-02 22:00:00+00:00,4167.1165
2025-11-02 23:00:00+00:00,4242.356
2025-11-03 00:00:00+00:00,4092.393
2025-11-03 01:00:00+00:00,4142.2455
2025-11-03 02:00:00+00:00,4184.686
2025-11-03 03:00:00+00:00,4181.367
2025-11-03 04:00:00+00:00,4184.0695
2025-11-03 05:00:00+00:00,4187.24
2025-11-03 06:00:00+00:00,4197.9585
2025-11-03 07:00:00+00:00,4181.578
2025-11-03 08:00:00+00:00,4095.2995
2025-11-03 09:00:00+00:00,4085.2835
2025-11-03 10:00:00+00:00,4119.6345
2025-11-03 11:00:00+00:00,4150.2365
2025-11-03 12:00:00+00:00,4164.7665
2025-11-03 13:00:00+00:00,4185.3265
2025-11-03 14:00:00+00:00,4202.9005
2025-11-03 15:00:00+00:00,4208.4475
2025-11-03 16:00:00+00:00,4200.0655
2025-11-03 17:00:00+00:00,4177.5805
2025-11-03 18:00:00+00:00,4164.761
2025-11-03 19:00:00+00:00,4151.494
2025-11-03 20:00:00+00:00,4106.747
2025-11-03 21:00:00+00:00,4008.1595
2025-11-03 22:00:00+00:00,3843.482
2025-11-03 23:00:00+00:00,3634.984
2025-11-04 00:00:00+00:00,3252.431
2025-11-04 01:00:00+00:00,3062.379
2025-11-04 02:00:00+00:00,2851.53
2025-11-04 03:00:00+00:00,2745.8375
2025-11-04 04:00:00+00:00,2663.7625
2025-11-04 05:00:00+00:00,2530.2305
2025-11-04 06:00:00+00:00,2353.947
2025-11-04 07:00:00+00:00,2115.919
2025-11-04 08:00:00+00:00,1880.0195
2025-11-04 09:00:00+00:00,1666.9975
2025-11-04 10:00:00+00:00,1463.949
2025-11-04 11:00:00+00:00,1264.533
2025-11-04 12:00:00+00:00,1085.782
2025-11-04 13:00:00+00:00,946.87
2025-11-04 14:00:00+00:00,826.5025
2025-11-04 15:00:00+00:00,721.1815
2025-11-04 16:00:00+00:00,645.7295
2025-11-04 17:00:00+00:00,599.241
2025-11-04 18:00:00+00:00,588.6865
2025-11-04 19:00:00+00:00,611.141
2025-11-04 20:00:00+00:00,657.4855
2025-11-04 21:00:00+00:00,752.786
2025-11-04 22:00:00+00:00,832.921
2025-11-04 23:00:00+00:00,885.935
2025-11-05 00:00:00+00:00,210.545
2025-11-05 01:00:00+00:00,154.54
2025-11-05 02:00:00+00:00,146.0385
2025-11-05 03:00:00+00:00,216.6775
2025-11-05 04:00:00+00:00,301.375
2025-11-05 05:00:00+00:00,417.818
2025-11-05 06:00:00+00:00,575.9175
2025-11-05 07:00:00+00:00,770.858
2025-11-05 08:00:00+00:00,964.7535
2025-11-05 09:00:00+00:00,1119.69
2025-11-05 10:00:00+00:00,1211.065
2025-11-05 11:00:00+00:00,1257.485
2025-11-05 12:00:00+00:00,1265.49
2025-11-05 13:00:00+00:00,1239.287
2025-11-05 14:00:00+00:00,1206.966
2025-11-05 15:00:00+00:00,1210.3225
2025-11-05 16:00:00+00:00,1253.1105
2025-11-05 17:00:00+00:00,1288.1715
2025-11-05 18:00:00+00:00,1304.3025
2025-11-05 19:00:00+00:00,1319.938
2025-11-05 20:00:00+00:00,1304.5095
2025-11-05 21:00:00+00:00,1216.531
2025-11-05 22:00:00+00:00,1081.565
2025-11-05 23:00:00+00:00,967.3155
2025-11-06 00:00:00+00:00,225.616
2025-11-06 01:00:00+00:00,229.009
2025-11-06 02:00:00+00:00,266.7485
2025-11-06 03:00:00+00:00,380.8885
2025-11-06 04:00:00+00:00,451.167
2025-11-06 05:00:00+00:00,486.4265
2025-11-06 06:00:00+00:00,523.263
2025-11-06 07:00:00+00:00,541.2455
2025-11-06 08:00:00+00:00,542.798
2025-11-06 09:00:00+00:00,519.6645
2025-11-06 10:00:00+00:00,478.9
2025-11-06 11:00:00+00:00,432.5795
2025-11-06 12:00:00+00:00,392.1205
2025-11-06 13:00:00+00:00,361.2065
2025-11-06 14:00:00+00:00,311.61
2025-11-06 15:00:00+00:00,248.269
2025-11-06 16:00:00+00:00,187.8775
2025-11-06 17:00:00+00:00,144.239
2025-11-06 18:00:00+00:00,117.1255
2025-11-06 19:00:00+00:00,99.8205
2025-11-06 20:00:00+00:00,92.522
2025-11-06 21:00:00+00:00,97.61
2025-11-06 22:00:00+00:00,109.46
2025-11-06 23:00:00+00:00,136.53
2025-11-07 00:00:00+00:00,1223.0565
2025-11-07 01:00:00+00:00,1329.6335
2025-11-07 02:00:00+00:00,1401.859
2025-11-07 03:00:00+00:00,1373.484
2025-11-07 04:00:00+00:00,1351.245
2025-11-07 05:00:00+00:00,1272.9915
2025-11-07 06:00:00+00:00,1202.043
2025-11-07 07:00:00+00:00,1222.892
2025-11-07 08:00:00+00:00,1261.367
2025-11-07 09:00:00+00:00,1283.258
2025-11-07 10:00:00+00:00,1203.098
2025-11-07 11:00:00+00:00,1039.997
2025-11-07 12:00:00+00:00,886.1255
2025-11-07 13:00:00+00:00,825.4625
2025-11-07 14:00:00+00:00,858.929
2025-11-07 15:00:00+00:00,909.5255
2025-11-07 16:00:00+00:00,944.724
2025-11-07 17:00:00+00:00,984.49
2025-11-07 18:00:00+00:00,1040.8875
2025-11-07 19:00:00+00:00,1076.4335
2025-11-07 20:00:00+00:00,1110.281
2025-11-07 21:00:00+00:00,1160.01
2025-11-07 22:00:00+00:00,1206.9335
2025-11-07 23:00:00+00:00,1233.981
2025-11-08 00:00:00+00:00,1499.778
2025-11-08 01:00:00+00:00,1601.7285
2025-11-08 02:00:00+00:00,1476.933
2025-11-08 03:00:00+00:00,1302.6225
2025-11-08 04:00:00+00:00,1243.1915
2025-11-08 05:00:00+00:00,1230.3845
2025-11-08 06:00:00+00:00,1237.772
2025-11-08 07:00:00+00:00,1191.044
2025-11-08 08:00:00+00:00,1140.877
2025-11-08 09:00:00+00:00,1142.784
2025-11-08 10:00:00+00:00,1169.9685
2025-11-08 11:00:00+00:00,1180.57
2025-11-08 12:00:00+00:00,1238.1505
2025-11-08 13:00:00+00:00,1324.873
2025-11-08 14:00:00+00:00,1427.7435
2025-11-08 15:00:00+00:00,1523.691
2025-11-08 16:00:00+00:00,1647.538
2025-11-08 17:00:00+00:00,1805.9605
2025-11-08 18:00:00+00:00,1983.55
2025-11-08 19:00:00+00:00,2195.9325
2025-11-08 20:00:00+00:00,2430.5425
2025-11-08 21:00:00+00:00,2670.401
2025-11-08 22:00:00+00:00,2901.2425
2025-11-08 23:00:00+00:00,3127.887
2025-11-09 00:00:00+00:00,3178.9155
2025-11-09 01:00:00+00:00,3036.321
2025-11-09 02:00:00+00:00,2905.363
2025-11-09 03:00:00+00:00,2742.7525
2025-11-09 04:00:00+00:00,2497.476
2025-11-09 05:00:00+00:00,2351.181
2025-11-09 06:00:00+00:00,2122.4545
2025-11-09 07:00:00+00:00,1788.2165
2025-11-09 08:00:00+00:00,1454.101
2025-11-09 09:00:00+00:00,1156.172
2025-11-09 10:00:00+00:00,897.599
2025-11-09 11:00:00+00:00,689.777
2025-11-09 12:00:00+00:00,549.108
2025-11-09 13:00:00+00:00,448.9385
2025-11-09 14:00:00+00:00,353.674
2025-11-09 15:00:00+00:00,272.6445
2025-11-09 16:00:00+00:00,216.9945
2025-11-09 17:00:00+00:00,194.528
2025-11-09 18:00:00+00:00,196.1765
2025-11-09 19:00:00+00:00,214.178
2025-11-09 20:00:00+00:00,237.7475
2025-11-09 21:00:00+00:00,259.115
2025-11-09 22:00:00+00:00,274.4725
2025-11-09 23:00:00+00:00,291.3215
2025-11-10 00:00:00+00:00,162.8155
2025-11-10 01:00:00+00:00,187.573
2025-11-10 02:00:00+00:00,256.574
2025-11-10 03:00:00+00:00,343.7185
2025-11-10 04:00:00+00:00,408.0145
2025-11-10 05:00:00+00:00,463.7575
2025-11-10 06:00:00+00:00,519.374
2025-11-10 07:00:00+00:00,568.536
2025-11-10 08:00:00+00:00,618.8405
2025-11-10 09:00:00+00:00,681.6395
2025-11-10 10:00:00+00:00,735.945
2025-11-10 11:00:00+00:00,772.224
2025-11-10 12:00:00+00:00,856.819
2025-11-10 13:00:00+00:00,959.6605
2025-11-10 14:00:00+00:00,1000.0195
2025-11-10 15:00:00+00:00,980.9865
2025-11-10 16:00:00+00:00,949.0615
2025-11-10 17:00:00+00:00,960.3845
2025-11-10 18:00:00+00:00,1034.0475
2025-11-10 19:00:00+00:00,1170.0585
2025-11-10 20:00:00+00:00,1364.0445
2025-11-10 21:00:00+00:00,1637.0045
2025-11-10 22:00:00+00:00,1977.325
2025-11-10 23:00:00+00:00,2352.1665
2025-11-11 00:00:00+00:00,1069.549
2025-11-11 01:00:00+00:00,1439.113
2025-11-11 02:00:00+00:00,1882.3025
2025-11-11 03:00:00+00:00,2180.855
2025-11-11 04:00:00+00:00,2454.932
2025-11-11 05:00:00+00:00,2699.2885
2025-11-11 06:00:00+00:00,2910.165
2025-11-11 07:00:00+00:00,3113.541
2025-11-11 08:00:00+00:00,3218.926
2025-11-11 09:00:00+00:00,3248.4175
2025-11-11 10:00:00+00:00,3227.7525
2025-11-11 11:00:00+00:00,3164.801
2025-11-11 12:00:00+00:00,3035.08
2025-11-11 13:00:00+00:00,2819.663
2025-11-11 14:00:00+00:00,2557.9425
2025-11-11 15:00:00+00:00,2285.8315
2025-11-11 16:00:00+00:00,2044.573
2025-11-11 17:00:00+00:00,1846.461
2025-11-11 18:00:00+00:00,1686.1645
2025-11-11 19:00:00+00:00,1576.8155
2025-11-11 20:00:00+00:00,1487.7065
2025-11-11 21:00:00+00:00,1385.5155
2025-11-11 22:00:00+00:00,1263.809
2025-11-11 23:00:00+00:00,1133.0005
2025-11-12 00:00:00+00:00,702.52
2025-11-12 01:00:00+00:00,712.9465
2025-11-12 02:00:00+00:00,668.045
2025-11-12 03:00:00+00:00,501.152
2025-11-12 04:00:00+00:00,406.746
2025-11-12 05:00:00+00:00,337.773
2025-11-12 06:00:00+00:00,340.2555
2025-11-12 07:00:00+00:00,433.4255
2025-11-12 08:00:00+00:00,532.55
2025-11-12 09:00:00+00:00,626.307
2025-11-12 10:00:00+00:00,699.9225
2025-11-12 11:00:00+00:00,745.005
2025-11-12 12:00:00+00:00,777.4605
2025-11-12 13:00:00+00:00,788.187
2025-11-12 14:00:00+00:00,805.802
2025-11-12 15:00:00+00:00,853.8485
2025-11-12 16:00:00+00:00,905.938
2025-11-12 17:00:00+00:00,927.8325
2025-11-12 18:00:00+00:00,950.841
2025-11-12 19:00:00+00:00,971.456
2025-11-12 20:00:00+00:00,973.9845
2025-11-12 21:00:00+00:00,954.952
2025-11-12 22:00:00+00:00,954.157
2025-11-12 23:00:00+00:00,977.594
2025-11-21 00:00:00+00:00,276.481
2025-11-21 01:00:00+00:00,228.359
2025-11-21 02:00:00+00:00,185.6695
2025-11-21 03:00:00+00:00,181.1835
2025-11-21 04:00:00+00:00,177.9675
2025-11-21 05:00:00+00:00,189.5455
2025-11-21 06:00:00+00:00,226.101
2025-11-21 07:00:00+00:00,282.8155
2025-11-21 08:00:00+00:00,374.3205
2025-11-21 09:00:00+00:00,522.647
2025-11-21 10:00:00+00:00,719.8765
2025-11-21 11:00:00+00:00,908.8715
2025-11-21 12:00:00+00:00,1074.8095
2025-11-21 13:00:00+00:00,1273.207
2025-11-21 14:00:00+00:00,1486.8225
2025-11-21 15:00:00+00:00,1684.7755
2025-11-21 16:00:00+00:00,1892.8465
2025-11-21 17:00:00+00:00,2096.8135
2025-11-21 18:00:00+00:00,2272.2375
2025-11-21 19:00:00+00:00,2344.7865
2025-11-21 20:00:00+00:00,2261.1855
2025-11-21 21:00:00+00:00,2058.204
2025-11-21 22:00:00+00:00,1816.985
2025-11-21 23:00:00+00:00,1589.346
2025-11-22 00:00:00+00:00,1430.1455
2025-11-22 01:00:00+00:00,1308.15
2025-11-22 02:00:00+00:00,1235.987
2025-11-22 03:00:00+00:00,1159.0425
2025-11-22 04:00:00+00:00,1068.962
2025-11-22 05:00:00+00:00,1045.5515
2025-11-22 06:00:00+00:00,1052.525
2025-11-22 07:00:00+00:00,1045.1695
2025-11-22 08:00:00+00:00,989.036
2025-11-22 09:00:00+00:00,896.3855
2025-11-22 10:00:00+00:00,808.5865
2025-11-22 11:00:00+00:00,724.328
2025-11-22 12:00:00+00:00,671.905
2025-11-22 13:00:00+00:00,707.7905
2025-11-22 14:00:00+00:00,795.685
2025-11-22 15:00:00+00:00,927.8985
2025-11-22 16:00:00+00:00,1115.137
2025-11-22 17:00:00+00:00,1417.7365
2025-11-22 18:00:00+00:00,1842.245
2025-11-22 19:00:00+00:00,2248.532
2025-11-22 20:00:00+00:00,2599.316
2025-11-22 21:00:00+00:00,2930.1125
2025-11-22 22:00:00+00:00,3132.62
2025-11-22 23:00:00+00:00,3245.808
2025-11-23 00:00:00+00:00,3307.41
2025-11-23 01:00:00+00:00,3413.5535
2025-11-23 02:00:00+00:00,3555.9885
2025-11-23 03:00:00+00:00,3727.989
2025-11-23 04:00:00+00:00,3808.8265
2025-11-23 05:00:00+00:00,3851.4475
2025-11-23 06:00:00+00:00,3901.189
2025-11-23 07:00:00+00:00,3982.085
2025-11-23 08:00:00+00:00,4050.963
2025-11-23 09:00:00+00:00,4118.2985
2025-11-23 10:00:00+00:00,4192.8485
2025-11-23 11:00:00+00:00,4240.6795
2025-11-23 12:00:00+00:00,4249.982
2025-11-23 13:00:00+00:00,4235.9245
2025-11-23 14:00:00+00:00,4169.881
2025-11-23 15:00:00+00:00,4068.0885
2025-11-23 16:00:00+00:00,3921.733
2025-11-23 17:00:00+00:00,3730.1275
2025-11-23 18:00:00+00:00,3542.351
2025-11-23 19:00:00+00:00,3316.024
2025-11-23 20:00:00+00:00,3056.461
2025-11-23 21:00:00+00:00,2794.8555
2025-11-23 22:00:00+00:00,2556.9635
2025-11-23 23:00:00+00:00,2331.233
2025-11-24 00:00:00+00:00,3650.54
2025-11-24 01:00:00+00:00,3553.2495
2025-11-24 02:00:00+00:00,3405.104
2025-11-24 03:00:00+00:00,3107.8
2025-11-24 04:00:00+00:00,2840.4045
2025-11-24 05:00:00+00:00,2530.7765
2025-11-24 06:00:00+00:00,2270.026
2025-11-24 07:00:00+00:00,2113.0115
2025-11-24 08:00:00+00:00,1924.761
2025-11-24 09:00:00+00:00,1726.9725
2025-11-24 10:00:00+00:00,1580.7175
2025-11-24 11:00:00+00:00,1498.629
2025-11-24 12:00:00+00:00,1459.7585
2025-11-24 13:00:00+00:00,1445.8375
2025-11-24 14:00:00+00:00,1428.748
2025-11-24 15:00:00+00:00,1383.277
2025-11-24 16:00:00+00:00,1298.6605
2025-11-24 17:00:00+00:00,1227.19
2025-11-24 18:00:00+00:00,1196.768
2025-11-24 19:00:00+00:00,1161.206
2025-11-24 20:00:00+00:00,1097.3375
2025-11-24 21:00:00+00:00,1006.546
2025-11-24 22:00:00+00:00,921.4865
2025-11-24 23:00:00+00:00,846.1985
2025-11-25 00:00:00+00:00,1500.4265
2025-11-25 01:00:00+00:00,1375.716
2025-11-25 02:00:00+00:00,1284.8275
2025-11-25 03:00:00+00:00,1220.0445
2025-11-25 04:00:00+00:00,1140.156
2025-11-25 05:00:00+00:00,1020.175
2025-11-25 06:00:00+00:00,864.7605
2025-11-25 07:00:00+00:00,684.2085
2025-11-25 08:00:00+00:00,514.074
2025-11-25 09:00:00+00:00,380.4925
2025-11-25 10:00:00+00:00,293.589
2025-11-25 11:00:00+00:00,228.7735
2025-11-25 12:00:00+00:00,172.362
2025-11-25 13:00:00+00:00,148.4065
2025-11-25 14:00:00+00:00,145.6185
2025-11-25 15:00:00+00:00,153.583
2025-11-25 16:00:00+00:00,168.1405
2025-11-25 17:00:00+00:00,204.736
2025-11-25 18:00:00+00:00,269.252
2025-11-25 19:00:00+00:00,347.594
2025-11-25 20:00:00+00:00,452.023
2025-11-25 21:00:00+00:00,603.0065
2025-11-25 22:00:00+00:00,799.994
2025-11-25 23:00:00+00:00,1011.4545
2025-11-26 00:00:00+00:00,1585.3385
2025-11-26 01:00:00+00:00,1905.812
2025-11-26 02:00:00+00:00,2258.034
2025-11-26 03:00:00+00:00,2604.3675
2025-11-26 04:00:00+00:00,2818.945
2025-11-26 05:00:00+00:00,2951.499
2025-11-26 06:00:00+00:00,2992.458
2025-11-26 07:00:00+00:00,2947.8555
2025-11-26 08:00:00+00:00,2767.5425
2025-11-26 09:00:00+00:00,2497.8295
2025-11-26 10:00:00+00:00,2250.7815
2025-11-26 11:00:00+00:00,2048.2975
2025-11-26 12:00:00+00:00,1895.2185
2025-11-26 13:00:00+00:00,1818.914
2025-11-26 14:00:00+00:00,1712.1685
2025-11-26 15:00:00+00:00,1566.764
2025-11-26 16:00:00+00:00,1448.5315
2025-11-26 17:00:00+00:00,1444.0055
2025-11-26 18:00:00+00:00,1531.0285
2025-11-26 19:00:00+00:00,1599.7235
2025-11-26 20:00:00+00:00,1661.6095
2025-11-26 21:00:00+00:00,1754.3345
2025-11-26 22:00:00+00:00,1902.409
2025-11-26 23:00:00+00:00,2081.842
2025-11-27 00:00:00+00:00,2589.382
2025-11-27 01:00:00+00:00,2733.4815
2025-11-27 02:00:00+00:00,2951.6725
2025-11-27 03:00:00+00:00,3165.076
2025-11-27 04:00:00+00:00,3323.367
2025-11-27 05:00:00+00:00,3467.548
2025-11-27 06:00:00+00:00,3587.169
2025-11-27 07:00:00+00:00,3689.7265
2025-11-27 08:00:00+00:00,3785.388
2025-11-27 09:00:00+00:00,3867.008
2025-11-27 10:00:00+00:00,3940.132
2025-11-27 11:00:00+00:00,3996.7415
2025-11-27 12:00:00+00:00,4027.8565
2025-11-27 13:00:00+00:00,4034.659
2025-11-27 14:00:00+00:00,3999.3505
2025-11-27 15:00:00+00:00,3945.222
2025-11-27 16:00:00+00:00,3867.4365
2025-11-27 17:00:00+00:00,3808.2035
2025-11-27 18:00:00+00:00,3791.3325
2025-11-27 19:00:00+00:00,3780.7795
2025-11-27 20:00:00+00:00,3795.909
2025-11-27 21:00:00+00:00,3833.9885
2025-11-27 22:00:00+00:00,3855.8515
2025-11-27 23:00:00+00:00,3847.0585
2025-11-28 00:00:00+00:00,4246.948
2025-11-28 01:00:00+00:00,4221.362
2025-11-28 02:00:00+00:00,4194.7665
2025-11-28 03:00:00+00:00,4206.8245
2025-11-28 04:00:00+00:00,4204.3985
2025-11-28 05:00:00+00:00,4217.713
2025-11-28 06:00:00+00:00,4218.538
2025-11-28 07:00:00+00:00,4217.514
2025-11-28 08:00:00+00:00,4194.33
2025-11-28 09:00:00+00:00,4176.254
2025-11-28 10:00:00+00:00,4185.4655
2025-11-28 11:00:00+00:00,4191.2355
2025-11-28 12:00:00+00:00,4196.14
2025-11-28 13:00:00+00:00,4195.376
2025-11-28 14:00:00+00:00,4146.5165
2025-11-28 15:00:00+00:00,4026.734
2025-11-28 16:00:00+00:00,3840.8375
2025-11-28 17:00:00+00:00,3597.2585
2025-11-28 18:00:00+00:00,3305.958
2025-11-28 19:00:00+00:00,2928.2095
2025-11-28 20:00:00+00:00,2518.366
2025-11-28 21:00:00+00:00,2132.971
2025-11-28 22:00:00+00:00,1757.131
2025-11-28 23:00:00+00:00,1365.779
2025-11-29 00:00:00+00:00,898.5365
2025-11-29 01:00:00+00:00,569.825
2025-11-29 02:00:00+00:00,385.9445
2025-11-29 03:00:00+00:00,280.7205
2025-11-29 04:00:00+00:00,267.5025
2025-11-29 05:00:00+00:00,292.185
2025-11-29 06:00:00+00:00,348.896
2025-11-29 07:00:00+00:00,418.9575
2025-11-29 08:00:00+00:00,505.115
2025-11-29 09:00:00+00:00,587.325
2025-11-29 10:00:00+00:00,652.678
2025-11-29 11:00:00+00:00,695.934
2025-11-29 12:00:00+00:00,771.266
2025-11-29 13:00:00+00:00,865.9115
2025-11-29 14:00:00+00:00,935.459
2025-11-29 15:00:00+00:00,954.2015
2025-11-29 16:00:00+00:00,905.3125
2025-11-29 17:00:00+00:00,848.5605
2025-11-29 18:00:00+00:00,841.0925
2025-11-29 19:00:00+00:00,850.236
2025-11-29 20:00:00+00:00,854.802
2025-11-29 21:00:00+00:00,858.482
2025-11-29 22:00:00+00:00,851.667
2025-11-29 23:00:00+00:00,819.394
2025-11-30 00:00:00+00:00,619.744
2025-11-30 01:00:00+00:00,674.7775
2025-11-30 02:00:00+00:00,606.5095
2025-11-30 03:00:00+00:00,471.287
2025-11-30 04:00:00+00:00,332.1975
2025-11-30 05:00:00+00:00,276.998
2025-11-30 06:00:00+00:00,270.381
2025-11-30 07:00:00+00:00,248.7475
2025-11-30 08:00:00+00:00,299.2025
2025-11-30 09:00:00+00:00,473.696
2025-11-30 10:00:00+00:00,773.6915
2025-11-30 11:00:00+00:00,1098.9955
2025-11-30 12:00:00+00:00,1455.6225
2025-11-30 13:00:00+00:00,1876.356
2025-11-30 14:00:00+00:00,2299.445
2025-11-30 15:00:00+00:00,2736.037
2025-11-30 16:00:00+00:00,3196.858
2025-11-30 17:00:00+00:00,3609.462
2025-11-30 18:00:00+00:00,3962.9205
2025-11-30 19:00:00+00:00,4215.388
2025-11-30 20:00:00+00:00,4347.3025
2025-11-30 21:00:00+00:00,4366.43
2025-11-30 22:00:00+00:00,4283.5685
2025-11-30 23:00:00+00:00,4107.5185
2025-12-01 00:00:00+00:00,3471.387
2025-12-01 01:00:00+00:00,3313.2175
2025-12-01 02:00:00+00:00,3039.7105
2025-12-01 03:00:00+00:00,2824.399
2025-12-01 04:00:00+00:00,2571.9305
2025-12-01 05:00:00+00:00,2290.894
2025-12-01 06:00:00+00:00,1987.1565
2025-12-01 07:00:00+00:00,1803.1655
2025-12-01 08:00:00+00:00,1699.7995
2025-12-01 09:00:00+00:00,1506.109
2025-12-01 10:00:00+00:00,1294.923
2025-12-01 11:00:00+00:00,1108.076
2025-12-01 12:00:00+00:00,955.9885
2025-12-01 13:00:00+00:00,888.7605
2025-12-01 14:00:00+00:00,830.42
2025-12-01 15:00:00+00:00,765.195
2025-12-01 16:00:00+00:00,715.007
2025-12-01 17:00:00+00:00,714.07
2025-12-01 18:00:00+00:00,743.0975
2025-12-01 19:00:00+00:00,770.33
2025-12-01 20:00:00+00:00,793.4755
2025-12-01 21:00:00+00:00,816.531
2025-12-01 22:00:00+00:00,849.487
2025-12-01 23:00:00+00:00,890.203
2025-12-02 00:00:00+00:00,2405.303
2025-12-02 01:00:00+00:00,2416.023
2025-12-02 02:00:00+00:00,2426.6365
2025-12-02 03:00:00+00:00,2399.4775
2025-12-02 04:00:00+00:00,2342.6045
2025-12-02 05:00:00+00:00,2253.175
2025-12-02 06:00:00+00:00,2199.7055
2025-12-02 07:00:00+00:00,2246.9905
2025-12-02 08:00:00+00:00,2295.836
2025-12-02 09:00:00+00:00,2328.3175
2025-12-02 10:00:00+00:00,2361.6225
2025-12-02 11:00:00+00:00,2390.9855
2025-12-02 12:00:00+00:00,2485.6755
2025-12-02 13:00:00+00:00,2648.5825
2025-12-02 14:00:00+00:00,2747.8405
2025-12-02 15:00:00+00:00,2665.8785
2025-12-02 16:00:00+00:00,2431.359
2025-12-02 17:00:00+00:00,2207.5325
2025-12-02 18:00:00+00:00,2090.143
2025-12-02 19:00:00+00:00,2028.6285
2025-12-02 20:00:00+00:00,1988.5015
2025-12-02 21:00:00+00:00,1963.1465
2025-12-02 22:00:00+00:00,1967.845
2025-12-02 23:00:00+00:00,1962.9785
2025-12-03 00:00:00+00:00,2140.616
2025-12-03 01:00:00+00:00,2040.655
2025-12-03 02:00:00+00:00,1902.566
2025-12-03 03:00:00+00:00,1885.321
2025-12-03 04:00:00+00:00,1844.016
2025-12-03 05:00:00+00:00,1757.432
2025-12-03 06:00:00+00:00,1692.5465
2025-12-03 07:00:00+00:00,1587.2545
2025-12-03 08:00:00+00:00,1528.087
2025-12-03 09:00:00+00:00,1487.989
2025-12-03 10:00:00+00:00,1494.2625
2025-12-03 11:00:00+00:00,1510.6125
2025-12-03 12:00:00+00:00,1584.065
2025-12-03 13:00:00+00:00,1709.889
2025-12-03 14:00:00+00:00,1875.5055
2025-12-03 15:00:00+00:00,2115.0115
2025-12-03 16:00:00+00:00,2389.468
2025-12-03 17:00:00+00:00,2604.4725
2025-12-03 18:00:00+00:00,2759.54
2025-12-03 19:00:00+00:00,2900.5495
2025-12-03 20:00:00+00:00,2773.8325
2025-12-03 21:00:00+00:00,2573.4435
2025-12-03 22:00:00+00:00,2418.0075
2025-12-03 23:00:00+00:00,2228.317
2025-12-04 00:00:00+00:00,2693.8745
2025-12-04 01:00:00+00:00,2523.559
2025-12-04 02:00:00+00:00,2486.12
2025-12-04 03:00:00+00:00,2380.741
2025-12-04 04:00:00+00:00,2192.2195
2025-12-04 05:00:00+00:00,2042.189
2025-12-04 06:00:00+00:00,1946.539
2025-12-04 07:00:00+00:00,1865.278
2025-12-04 08:00:00+00:00,1801.6875
2025-12-04 09:00:00+00:00,1742.693
2025-12-04 10:00:00+00:00,1735.8905
2025-12-04 11:00:00+00:00,1745.0185
2025-12-04 12:00:00+00:00,1784.2215
2025-12-04 13:00:00+00:00,1851.3155
2025-12-04 14:00:00+00:00,1896.838
2025-12-04 15:00:00+00:00,1930.204
2025-12-04 16:00:00+00:00,1950.634
2025-12-04 17:00:00+00:00,2024.9845
2025-12-04 18:00:00+00:00,2128.139
2025-12-04 19:00:00+00:00,2198.019
2025-12-04 20:00:00+00:00,2217.5645
2025-12-04 21:00:00+00:00,2188.706
2025-12-04 22:00:00+00:00,2110.14
2025-12-04 23:00:00+00:00,1978.979
2025-12-05 00:00:00+00:00,1211.157
2025-12-05 01:00:00+00:00,1244.2775
2025-12-05 02:00:00+00:00,1461.0635
2025-12-05 03:00:00+00:00,1816.92
2025-12-05 04:00:00+00:00,2093.5275
2025-12-05 05:00:00+00:00,2433.437
2025-12-05 06:00:00+00:00,2881.2385
2025-12-05 07:00:00+00:00,3413.759
2025-12-05 08:00:00+00:00,3853.438
2025-12-05 09:00:00+00:00,4168.282
2025-12-05 10:00:00+00:00,4288.938
2025-12-05 11:00:00+00:00,4258.4915
2025-12-05 12:00:00+00:00,4195.561
2025-12-05 13:00:00+00:00,4075.6125
2025-12-05 14:00:00+00:00,3904.1135
2025-12-05 15:00:00+00:00,3734.06
2025-12-05 16:00:00+00:00,3615.013
2025-12-05 17:00:00+00:00,3595.891
2025-12-05 18:00:00+00:00,3662.3545
2025-12-05 19:00:00+00:00,3785.157
2025-12-05 20:00:00+00:00,3892.1555
2025-12-05 21:00:00+00:00,3957.699
2025-12-05 22:00:00+00:00,3988.9925
2025-12-05 23:00:00+00:00,4003.6545
2025-12-06 00:00:00+00:00,3172.126
2025-12-06 01:00:00+00:00,3200.6905
2025-12-06 02:00:00+00:00,3264.206
2025-12-06 03:00:00+00:00,3239.7355
2025-12-06 04:00:00+00:00,3232.2825
2025-12-06 05:00:00+00:00,3225.3685
2025-12-06 06:00:00+00:00,3251.3745
2025-12-06 07:00:00+00:00,3304.486
2025-12-06 08:00:00+00:00,3390.18
2025-12-06 09:00:00+00:00,3511.0105
2025-12-06 10:00:00+00:00,3653.923
2025-12-06 11:00:00+00:00,3783.5965
2025-12-06 12:00:00+00:00,3886.6565
2025-12-06 13:00:00+00:00,3961.6185
2025-12-06 14:00:00+00:00,3990.5165
2025-12-06 15:00:00+00:00,3971.027
2025-12-06 16:00:00+00:00,3875.359
2025-12-06 17:00:00+00:00,3709.7795
2025-12-06 18:00:00+00:00,3505.626
2025-12-06 19:00:00+00:00,3203.0605
2025-12-06 20:00:00+00:00,2820.047
2025-12-06 21:00:00+00:00,2418.0485
2025-12-06 22:00:00+00:00,2049.3525
2025-12-06 23:00:00+00:00,1707.9475
2025-12-07 00:00:00+00:00,1302.003
2025-12-07 01:00:00+00:00,1361.5285
2025-12-07 02:00:00+00:00,1501.04
2025-12-07 03:00:00+00:00,1651.3085
2025-12-07 04:00:00+00:00,1752.297
2025-12-07 05:00:00+00:00,1834.6815
2025-12-07 06:00:00+00:00,1869.0795
2025-12-07 07:00:00+00:00,1836.785
2025-12-07 08:00:00+00:00,1781.899
2025-12-07 09:00:00+00:00,1718.2375
2025-12-07 10:00:00+00:00,1668.5585
2025-12-07 11:00:00+00:00,1668.923
2025-12-07 12:00:00+00:00,1675.325
2025-12-07 13:00:00+00:00,1665.5475
2025-12-07 14:00:00+00:00,1607.347
2025-12-07 15:00:00+00:00,1507.124
2025-12-07 16:00:00+00:00,1399.7355
2025-12-07 17:00:00+00:00,1393.4635
2025-12-07 18:00:00+00:00,1546.601
2025-12-07 19:00:00+00:00,1775.2115
2025-12-07 20:00:00+00:00,1980.372
2025-12-07 21:00:00+00:00,2183.73
2025-12-07 22:00:00+00:00,2413.502
2025-12-07 23:00:00+00:00,2666.8645
2025-12-08 00:00:00+00:00,3457.3505
2025-12-08 01:00:00+00:00,3494.93
2025-12-08 02:00:00+00:00,3401.3875
2025-12-08 03:00:00+00:00,3152.008
2025-12-08 04:00:00+00:00,2917.0465
2025-12-08 05:00:00+00:00,2791.8125
2025-12-08 06:00:00+00:00,2773.5445
2025-12-08 07:00:00+00:00,2835.9255
2025-12-08 08:00:00+00:00,2907.3795
2025-12-08 09:00:00+00:00,2958.206
2025-12-08 10:00:00+00:00,3003.605
2025-12-08 11:00:00+00:00,3033.089
2025-12-08 12:00:00+00:00,3041.7395
2025-12-08 13:00:00+00:00,3001.9125
2025-12-08 14:00:00+00:00,2865.486
2025-12-08 15:00:00+00:00,2680.0495
2025-12-08 16:00:00+00:00,2541.322
2025-12-08 17:00:00+00:00,2471.021
2025-12-08 18:00:00+00:00,2474.8585
2025-12-08 19:00:00+00:00,2510.8535
2025-12-08 20:00:00+00:00,2556.1515
2025-12-08 21:00:00+00:00,2587.947
2025-12-08 22:00:00+00:00,2615.312
2025-12-08 23:00:00+00:00,2661.336
2025-12-09 00:00:00+00:00,2121.484
2025-12-09 01:00:00+00:00,2461.7575
2025-12-09 02:00:00+00:00,3097.394
2025-12-09 03:00:00+00:00,3533.5905
2025-12-09 04:00:00+00:00,3823.149
2025-12-09 05:00:00+00:00,4071.801
2025-12-09 06:00:00+00:00,4228.2055
2025-12-09 07:00:00+00:00,4325.2585
2025-12-09 08:00:00+00:00,4377.104
2025-12-09 09:00:00+00:00,4426.432
2025-12-09 10:00:00+00:00,4476.2695
2025-12-09 11:00:00+00:00,4499.8075
2025-12-09 12:00:00+00:00,4463.306
2025-12-09 13:00:00+00:00,4373.175
2025-12-09 14:00:00+00:00,4243.03
2025-12-09 15:00:00+00:00,4099.384
2025-12-09 16:00:00+00:00,3986.6385
2025-12-09 17:00:00+00:00,3811.182
2025-12-09 18:00:00+00:00,3619.257
2025-12-09 19:00:00+00:00,3429.7235
2025-12-09 20:00:00+00:00,3279.4935
2025-12-09 21:00:00+00:00,3198.27
2025-12-09 22:00:00+00:00,3133.811
2025-12-09 23:00:00+00:00,3062.3295
2025-12-10 00:00:00+00:00,3326.7895
2025-12-10 01:00:00+00:00,3334.9795
2025-12-10 02:00:00+00:00,3398.318
2025-12-10 03:00:00+00:00,3326.1825
2025-12-10 04:00:00+00:00,3297.767
2025-12-10 05:00:00+00:00,3245.1785
2025-12-10 06:00:00+00:00,3181.139
2025-12-10 07:00:00+00:00,3137.17
2025-12-10 08:00:00+00:00,3072.0005
2025-12-10 09:00:00+00:00,2997.5435
2025-12-10 10:00:00+00:00,2903.2215
2025-12-10 11:00:00+00:00,2819.005
2025-12-10 12:00:00+00:00,2770.441
2025-12-10 13:00:00+00:00,2711.2935
2025-12-10 14:00:00+00:00,2633.278
2025-12-10 15:00:00+00:00,2619.9205
2025-12-10 16:00:00+00:00,2692.228
2025-12-10 17:00:00+00:00,2791.707
2025-12-10 18:00:00+00:00,2887.751
2025-12-10 19:00:00+00:00,2969.9265
2025-12-10 20:00:00+00:00,3073.6785
2025-12-10 21:00:00+00:00,3162.7655
2025-12-10 22:00:00+00:00,3216.3525
2025-12-10 23:00:00+00:00,3248.041
2025-12-11 00:00:00+00:00,3975.343
2025-12-11 01:00:00+00:00,4154.0405
2025-12-11 02:00:00+00:00,4242.9275
2025-12-11 03:00:00+00:00,4321.676
2025-12-11 04:00:00+00:00,4366.463
2025-12-11 05:00:00+00:00,4424.5995
2025-12-11 06:00:00+00:00,4478.981
2025-12-11 07:00:00+00:00,4500.3475
2025-12-11 08:00:00+00:00,4508.456
2025-12-11 09:00:00+00:00,4493.418
2025-12-11 10:00:00+00:00,4387.382
2025-12-11 11:00:00+00:00,4081.5175
2025-12-11 12:00:00+00:00,3566.7725
2025-12-11 13:00:00+00:00,2924.198
2025-12-11 14:00:00+00:00,2282.9675
2025-12-11 15:00:00+00:00,1710.8405
2025-12-11 16:00:00+00:00,1259.791
2025-12-11 17:00:00+00:00,962.048
2025-12-11 18:00:00+00:00,772.7145
2025-12-11 19:00:00+00:00,661.421
2025-12-11 20:00:00+00:00,614.4275
2025-12-11 21:00:00+00:00,606.1825
2025-12-11 22:00:00+00:00,635.8855
2025-12-11 23:00:00+00:00,696.924
2025-12-12 00:00:00+00:00,1124.318
2025-12-12 01:00:00+00:00,1220.3465
2025-12-12 02:00:00+00:00,1330.5875
2025-12-12 03:00:00+00:00,1432.2945
2025-12-12 04:00:00+00:00,1477.643
2025-12-12 05:00:00+00:00,1509.3395
2025-12-12 06:00:00+00:00,1550.353
2025-12-12 07:00:00+00:00,1616.2685
2025-12-12 08:00:00+00:00,1687.2285
2025-12-12 09:00:00+00:00,1748.912
2025-12-12 10:00:00+00:00,1779.403
2025-12-12 11:00:00+00:00,1747.5765
2025-12-12 12:00:00+00:00,1683.55
2025-12-12 13:00:00+00:00,1657.2065
2025-12-12 14:00:00+00:00,1607.7915
2025-12-12 15:00:00+00:00,1500.818
2025-12-12 16:00:00+00:00,1391.949
2025-12-12 17:00:00+00:00,1332.5215
2025-12-12 18:00:00+00:00,1333.5635
2025-12-12 19:00:00+00:00,1331.934
2025-12-12 20:00:00+00:00,1323.164
2025-12-12 21:00:00+00:00,1333.071
2025-12-12 22:00:00+00:00,1358.701
2025-12-12 23:00:00+00:00,1379.815
2025-12-13 00:00:00+00:00,2537.2765
2025-12-13 01:00:00+00:00,2725.7625
2025-12-13 02:00:00+00:00,2903.9405
2025-12-13 03:00:00+00:00,3119.9685
2025-12-13 04:00:00+00:00,3367.2045
2025-12-13 05:00:00+00:00,3640.5685
2025-12-13 06:00:00+00:00,3894.6745
2025-12-13 07:00:00+00:00,4100.343
2025-12-13 08:00:00+00:00,4249.601
2025-12-13 09:00:00+00:00,4342.073
2025-12-13 10:00:00+00:00,4393.948
2025-12-13 11:00:00+00:00,4425.6705
2025-12-13 12:00:00+00:00,4443.1665
2025-12-13 13:00:00+00:00,4450.5045
2025-12-13 14:00:00+00:00,4442.6565
2025-12-13 15:00:00+00:00,4428.79
2025-12-13 16:00:00+00:00,4416.437
2025-12-13 17:00:00+00:00,4403.9155
2025-12-13 18:00:00+00:00,4379.2675
2025-12-13 19:00:00+00:00,4332.7045
2025-12-13 20:00:00+00:00,4275.727
2025-12-13 21:00:00+00:00,4219.5965
2025-12-13 22:00:00+00:00,4182.2365
2025-12-13 23:00:00+00:00,4151.5185
2025-12-14 00:00:00+00:00,4078.5825
2025-12-14 01:00:00+00:00,4110.0305
2025-12-14 02:00:00+00:00,4169.3535
2025-12-14 03:00:00+00:00,4285.239
2025-12-14 04:00:00+00:00,4361.135
2025-12-14 05:00:00+00:00,4428.046
2025-12-14 06:00:00+00:00,4476.481
2025-12-14 07:00:00+00:00,4480.765
2025-12-14 08:00:00+00:00,4449.8215
2025-12-14 09:00:00+00:00,4371.7725
2025-12-14 10:00:00+00:00,4235.203
2025-12-14 11:00:00+00:00,3993.8925
2025-12-14 12:00:00+00:00,3608.5465
2025-12-14 13:00:00+00:00,3145.5195
2025-12-14 14:00:00+00:00,2709.8775
2025-12-14 15:00:00+00:00,2396.2515
2025-12-14 16:00:00+00:00,2250.611
2025-12-14 17:00:00+00:00,2263.1785
2025-12-14 18:00:00+00:00,2397.4525
2025-12-14 19:00:00+00:00,2576.291
2025-12-14 20:00:00+00:00,2743.5915
2025-12-14 21:00:00+00:00,2882.2445
2025-12-14 22:00:00+00:00,2995.5545
2025-12-14 23:00:00+00:00,3046.052
2025-12-15 00:00:00+00:00,1237.2325
2025-12-15 01:00:00+00:00,876.428
2025-12-15 02:00:00+00:00,628.581
2025-12-15 03:00:00+00:00,567.922
2025-12-15 04:00:00+00:00,537.636
2025-12-15 05:00:00+00:00,502.298
2025-12-15 06:00:00+00:00,489.4155
2025-12-15 07:00:00+00:00,470.313
2025-12-15 08:00:00+00:00,439.8665
2025-12-15 09:00:00+00:00,400.966
2025-12-15 10:00:00+00:00,366.453
2025-12-15 11:00:00+00:00,333.9955
2025-12-15 12:00:00+00:00,303.0435
2025-12-15 13:00:00+00:00,289.04
2025-12-15 14:00:00+00:00,281.847
2025-12-15 15:00:00+00:00,280.9175
2025-12-15 16:00:00+00:00,292.064
2025-12-15 17:00:00+00:00,322.4055
2025-12-15 18:00:00+00:00,368.3275
2025-12-15 19:00:00+00:00,423.8
2025-12-15 20:00:00+00:00,492.3775
2025-12-15 21:00:00+00:00,547.048
2025-12-15 22:00:00+00:00,570.171
2025-12-15 23:00:00+00:00,561.1345
2025-12-16 00:00:00+00:00,273.615
2025-12-16 01:00:00+00:00,333.937
2025-12-16 02:00:00+00:00,371.044
2025-12-16 03:00:00+00:00,414.741
2025-12-16 04:00:00+00:00,447.048
2025-12-16 05:00:00+00:00,456.1825
2025-12-16 06:00:00+00:00,462.4725
2025-12-16 07:00:00+00:00,475.521
2025-12-16 08:00:00+00:00,494.817
2025-12-16 09:00:00+00:00,524.28
2025-12-16 10:00:00+00:00,576.842
2025-12-16 11:00:00+00:00,609.594
2025-12-16 12:00:00+00:00,592.2915
2025-12-16 13:00:00+00:00,578.5375
2025-12-16 14:00:00+00:00,580.1985
2025-12-16 15:00:00+00:00,581.911
2025-12-16 16:00:00+00:00,587.575
2025-12-16 17:00:00+00:00,635.2335
2025-12-16 18:00:00+00:00,723.76
2025-12-16 19:00:00+00:00,841.0025
2025-12-16 20:00:00+00:00,1019.0455
2025-12-16 21:00:00+00:00,1298.1515
2025-12-16 22:00:00+00:00,1662.725
2025-12-16 23:00:00+00:00,2048.5295
2025-12-17 00:00:00+00:00,3033.8565
2025-12-17 01:00:00+00:00,3348.497
2025-12-17 02:00:00+00:00,3613.566
2025-12-17 03:00:00+00:00,3963.787
2025-12-17 04:00:00+00:00,4194.344
2025-12-17 05:00:00+00:00,4352.7385
2025-12-17 06:00:00+00:00,4450.0035
2025-12-17 07:00:00+00:00,4485.31
2025-12-17 08:00:00+00:00,4459.0835
2025-12-17 09:00:00+00:00,4384.485
2025-12-17 10:00:00+00:00,4278.8865
2025-12-17 11:00:00+00:00,4146.7305
2025-12-17 12:00:00+00:00,3986.4505
2025-12-17 13:00:00+00:00,3809.052
2025-12-17 14:00:00+00:00,3592.595
2025-12-17 15:00:00+00:00,3343.279
2025-12-17 16:00:00+00:00,3055.235
2025-12-17 17:00:00+00:00,2753.74
2025-12-17 18:00:00+00:00,2458.1125
2025-12-17 19:00:00+00:00,2152.454
2025-12-17 20:00:00+00:00,1947.281
2025-12-17 21:00:00+00:00,1871.2675
2025-12-17 22:00:00+00:00,1844.2805
2025-12-17 23:00:00+00:00,1760.247
2025-12-18 00:00:00+00:00,2340.82
2025-12-18 01:00:00+00:00,2211.882
2025-12-18 02:00:00+00:00,2160.389
2025-12-18 03:00:00+00:00,2191.4505
2025-12-18 04:00:00+00:00,2415.908
2025-12-18 05:00:00+00:00,2752.825
2025-12-18 06:00:00+00:00,3140.923
2025-12-18 07:00:00+00:00,3400.414
2025-12-18 08:00:00+00:00,3491.447
2025-12-18 09:00:00+00:00,3343.221
2025-12-18 10:00:00+00:00,2991.9995
2025-12-18 11:00:00+00:00,2543.338
2025-12-18 12:00:00+00:00,2210.81
2025-12-18 13:00:00+00:00,2062.7155
2025-12-18 14:00:00+00:00,2005.4705
2025-12-18 15:00:00+00:00,2137.817
2025-12-18 16:00:00+00:00,2289.1045
2025-12-18 17:00:00+00:00,2505.3935
2025-12-18 18:00:00+00:00,2787.996
2025-12-18 19:00:00+00:00,3023.904
2025-12-18 20:00:00+00:00,3168.552
2025-12-18 21:00:00+00:00,3231.782
2025-12-18 22:00:00+00:00,3264.298
2025-12-18 23:00:00+00:00,3290.4695
2025-12-19 00:00:00+00:00,4191.77
2025-12-19 01:00:00+00:00,4139.2405
2025-12-19 02:00:00+00:00,4067.248
2025-12-19 03:00:00+00:00,3964.4345
2025-12-19 04:00:00+00:00,3839.5295
2025-12-19 05:00:00+00:00,3733.864
2025-12-19 06:00:00+00:00,3649.0325
2025-12-19 07:00:00+00:00,3497.706
2025-12-19 08:00:00+00:00,3299.754
2025-12-19 09:00:00+00:00,3131.9195
2025-12-19 10:00:00+00:00,2980.645
2025-12-19 11:00:00+00:00,2828.1535
2025-12-19 12:00:00+00:00,2711.818
2025-12-19 13:00:00+00:00,2664.202
2025-12-19 14:00:00+00:00,2610.6335
2025-12-19 15:00:00+00:00,2523.2085
2025-12-19 16:00:00+00:00,2493.729
2025-12-19 17:00:00+00:00,2543.7815
2025-12-19 18:00:00+00:00,2697.493
2025-12-19 19:00:00+00:00,2903.5115
2025-12-19 20:00:00+00:00,3162.807
2025-12-19 21:00:00+00:00,3460.362
2025-12-19 22:00:00+00:00,3744.3245
2025-12-19 23:00:00+00:00,3979.4385
2025-12-20 00:00:00+00:00,3900.409
2025-12-20 01:00:00+00:00,4055.9335
2025-12-20 02:00:00+00:00,4188.5165
2025-12-20 03:00:00+00:00,4307.252
2025-12-20 04:00:00+00:00,4369.53
2025-12-20 05:00:00+00:00,4259.6895
2025-12-20 06:00:00+00:00,3899.0465
2025-12-20 07:00:00+00:00,3499.025
2025-12-20 08:00:00+00:00,3144.709
2025-12-20 09:00:00+00:00,2682.0675
2025-12-20 10:00:00+00:00,2198.5115
2025-12-20 11:00:00+00:00,1788.876
2025-12-20 12:00:00+00:00,1442.104
2025-12-20 13:00:00+00:00,1139.2825
2025-12-20 14:00:00+00:00,872.851
2025-12-20 15:00:00+00:00,638.186
2025-12-20 16:00:00+00:00,476.0095
2025-12-20 17:00:00+00:00,396.7305
2025-12-20 18:00:00+00:00,370.852
2025-12-20 19:00:00+00:00,363.7905
2025-12-20 20:00:00+00:00,357.6685
2025-12-20 21:00:00+00:00,339.9875
2025-12-20 22:00:00+00:00,315.968
2025-12-20 23:00:00+00:00,287.6505
2025-12-21 00:00:00+00:00,624.942
2025-12-21 01:00:00+00:00,535.2565
2025-12-21 02:00:00+00:00,464.4015
2025-12-21 03:00:00+00:00,425.818
2025-12-21 04:00:00+00:00,417.676
2025-12-21 05:00:00+00:00,426.1655
2025-12-21 06:00:00+00:00,444.3475
2025-12-21 07:00:00+00:00,466.768
2025-12-21 08:00:00+00:00,493.336
2025-12-21 09:00:00+00:00,529.286
2025-12-21 10:00:00+00:00,550.404
2025-12-21 11:00:00+00:00,552.7405
2025-12-21 12:00:00+00:00,544.4885
2025-12-21 13:00:00+00:00,541.732
2025-12-21 14:00:00+00:00,561.181
2025-12-21 15:00:00+00:00,589.036
2025-12-21 16:00:00+00:00,624.294
2025-12-21 17:00:00+00:00,652.4955
2025-12-21 18:00:00+00:00,675.0385
2025-12-21 19:00:00+00:00,693.3315
2025-12-21 20:00:00+00:00,696.8435
2025-12-21 21:00:00+00:00,682.84
2025-12-21 22:00:00+00:00,657.3635
2025-12-21 23:00:00+00:00,642.128
2025-12-22 00:00:00+00:00,425.015
2025-12-22 01:00:00+00:00,421.1655
2025-12-22 02:00:00+00:00,421.561
2025-12-22 03:00:00+00:00,409.4145
2025-12-22 04:00:00+00:00,377.907
2025-12-22 05:00:00+00:00,350.648
2025-12-22 06:00:00+00:00,316.75
2025-12-22 07:00:00+00:00,286.3455
2025-12-22 08:00:00+00:00,260.906
2025-12-22 09:00:00+00:00,243.201
2025-12-22 10:00:00+00:00,230.2775
2025-12-22 11:00:00+00:00,215.82
2025-12-22 12:00:00+00:00,194.8935
2025-12-22 13:00:00+00:00,176.1735
2025-12-22 14:00:00+00:00,168.835
2025-12-22 15:00:00+00:00,171.4815
2025-12-22 16:00:00+00:00,177.4215
2025-12-22 17:00:00+00:00,184.6375
2025-12-22 18:00:00+00:00,191.6715
2025-12-22 19:00:00+00:00,193.2275
2025-12-22 20:00:00+00:00,189.9675
2025-12-22 21:00:00+00:00,185.9705
2025-12-22 22:00:00+00:00,186.691
2025-12-22 23:00:00+00:00,194.5845
2025-12-23 00:00:00+00:00,347.974
2025-12-23 01:00:00+00:00,344.5135
2025-12-23 02:00:00+00:00,321.16
2025-12-23 03:00:00+00:00,315.6915
2025-12-23 04:00:00+00:00,329.6705
2025-12-23 05:00:00+00:00,376.2925
2025-12-23 06:00:00+00:00,461.6585
2025-12-23 07:00:00+00:00,586.4065
2025-12-23 08:00:00+00:00,708.8485
2025-12-23 09:00:00+00:00,807.6015
2025-12-23 10:00:00+00:00,854.2815
2025-12-23 11:00:00+00:00,832.012
2025-12-23 12:00:00+00:00,791.6825
2025-12-23 13:00:00+00:00,784.7885
2025-12-23 14:00:00+00:00,831.1295
2025-12-23 15:00:00+00:00,935.1625
2025-12-23 16:00:00+00:00,1063.714
2025-12-23 17:00:00+00:00,1182.5275
2025-12-23 18:00:00+00:00,1296.831
2025-12-23 19:00:00+00:00,1371.9505
2025-12-23 20:00:00+00:00,1374.596
2025-12-23 21:00:00+00:00,1311.237
2025-12-23 22:00:00+00:00,1242.5135
2025-12-23 23:00:00+00:00,1223.415
2025-12-24 00:00:00+00:00,1172.539
2025-12-24 01:00:00+00:00,1129.933
2025-12-24 02:00:00+00:00,1059.5865
2025-12-24 03:00:00+00:00,1014.7675
2025-12-24 04:00:00+00:00,1023.4195
2025-12-24 05:00:00+00:00,1071.766
2025-12-24 06:00:00+00:00,1146.448
2025-12-24 07:00:00+00:00,1272.3205
2025-12-24 08:00:00+00:00,1405.5965
2025-12-24 09:00:00+00:00,1498.223
2025-12-24 10:00:00+00:00,1530.9925
2025-12-24 11:00:00+00:00,1490.772
2025-12-24 12:00:00+00:00,1395.99
2025-12-24 13:00:00+00:00,1281.261
2025-12-24 14:00:00+00:00,1216.745
2025-12-24 15:00:00+00:00,1237.0395
2025-12-24 16:00:00+00:00,1319.9135
2025-12-24 17:00:00+00:00,1390.7945
2025-12-24 18:00:00+00:00,1455.956
2025-12-24 19:00:00+00:00,1486.266
2025-12-24 20:00:00+00:00,1478.576
2025-12-24 21:00:00+00:00,1490.459
2025-12-24 22:00:00+00:00,1504.738
2025-12-24 23:00:00+00:00,1544.3275
2025-12-25 00:00:00+00:00,1441.774
2025-12-25 01:00:00+00:00,1366.867
2025-12-25 02:00:00+00:00,1389.756
2025-12-25 03:00:00+00:00,1435.833
2025-12-25 04:00:00+00:00,1421.259
2025-12-25 05:00:00+00:00,1398.024
2025-12-25 06:00:00+00:00,1418.5355
2025-12-25 07:00:00+00:00,1522.897
2025-12-25 08:00:00+00:00,1676.272
2025-12-25 09:00:00+00:00,1822.2965
2025-12-25 10:00:00+00:00,1917.106
2025-12-25 11:00:00+00:00,1960.0185
2025-12-25 12:00:00+00:00,2025.995
2025-12-25 13:00:00+00:00,2054.7495
2025-12-25 14:00:00+00:00,1965.0585
2025-12-25 15:00:00+00:00,1852.8145
2025-12-25 16:00:00+00:00,1864.0755
2025-12-25 17:00:00+00:00,2032.697
2025-12-25 18:00:00+00:00,2261.613
2025-12-25 19:00:00+00:00,2340.497
2025-12-25 20:00:00+00:00,2241.079
2025-12-25 21:00:00+00:00,2110.832
2025-12-25 22:00:00+00:00,2031.199
2025-12-25 23:00:00+00:00,1989.6425
2025-12-26 00:00:00+00:00,2281.09
2025-12-26 01:00:00+00:00,2155.1765
2025-12-26 02:00:00+00:00,2138.963
2025-12-26 03:00:00+00:00,2198.339
2025-12-26 04:00:00+00:00,2217.883
2025-12-26 05:00:00+00:00,2163.8225
2025-12-26 06:00:00+00:00,2057.6675
2025-12-26 07:00:00+00:00,1978.049
2025-12-26 08:00:00+00:00,1950.9865
2025-12-26 09:00:00+00:00,1911.708
2025-12-26 10:00:00+00:00,1840.3345
2025-12-26 11:00:00+00:00,1805.11
2025-12-26 12:00:00+00:00,1869.1125
2025-12-26 13:00:00+00:00,1969.016
2025-12-26 14:00:00+00:00,2024.892
2025-12-26 15:00:00+00:00,2037.51
2025-12-26 16:00:00+00:00,2131.866
2025-12-26 17:00:00+00:00,2316.0945
2025-12-26 18:00:00+00:00,2482.614
2025-12-26 19:00:00+00:00,2575.1785
2025-12-26 20:00:00+00:00,2635.095
2025-12-26 21:00:00+00:00,2687.8485
2025-12-26 22:00:00+00:00,2660.2835
2025-12-26 23:00:00+00:00,2562.4715
2025-12-27 00:00:00+00:00,1992.079
2025-12-27 01:00:00+00:00,1761.485
2025-12-27 02:00:00+00:00,1749.0485
2025-12-27 03:00:00+00:00,1981.162
2025-12-27 04:00:00+00:00,2231.901
2025-12-27 05:00:00+00:00,2295.1135
2025-12-27 06:00:00+00:00,2108.702
2025-12-27 07:00:00+00:00,1861.7935
2025-12-27 08:00:00+00:00,1718.9
2025-12-27 09:00:00+00:00,1749.9795
2025-12-27 10:00:00+00:00,1887.4545
2025-12-27 11:00:00+00:00,2000.1195
2025-12-27 12:00:00+00:00,2026.733
2025-12-27 13:00:00+00:00,1912.7955
2025-12-27 14:00:00+00:00,1784.471
2025-12-27 15:00:00+00:00,1710.0905
2025-12-27 16:00:00+00:00,1714.191
2025-12-27 17:00:00+00:00,1820.208
2025-12-27 18:00:00+00:00,1990.465
2025-12-27 19:00:00+00:00,2129.5095
2025-12-27 20:00:00+00:00,2121.195
2025-12-27 21:00:00+00:00,1993.398
2025-12-27 22:00:00+00:00,1891.1765
2025-12-27 23:00:00+00:00,1904.924
2025-12-28 00:00:00+00:00,2281.8325
2025-12-28 01:00:00+00:00,2159.7795
2025-12-28 02:00:00+00:00,1967.896
2025-12-28 03:00:00+00:00,1769.735
2025-12-28 04:00:00+00:00,1641.767
2025-12-28 05:00:00+00:00,1614.6865
2025-12-28 06:00:00+00:00,1630.5025
2025-12-28 07:00:00+00:00,1619.15
2025-12-28 08:00:00+00:00,1481.832
2025-12-28 09:00:00+00:00,1225.795
2025-12-28 10:00:00+00:00,1021.869
2025-12-28 11:00:00+00:00,938.461
2025-12-28 12:00:00+00:00,867.695
2025-12-28 13:00:00+00:00,769.565
2025-12-28 14:00:00+00:00,684.335
2025-12-28 15:00:00+00:00,628.842
2025-12-28 16:00:00+00:00,621.3055
2025-12-28 17:00:00+00:00,647.1405
2025-12-28 18:00:00+00:00,689.561
2025-12-28 19:00:00+00:00,680.202
2025-12-28 20:00:00+00:00,591.574
2025-12-28 21:00:00+00:00,496.4855
2025-12-28 22:00:00+00:00,457.772
2025-12-28 23:00:00+00:00,490.391
2025-12-29 00:00:00+00:00,410.88
2025-12-29 01:00:00+00:00,426.958
2025-12-29 02:00:00+00:00,477.499
2025-12-29 03:00:00+00:00,508.712
2025-12-29 04:00:00+00:00,539.7825
2025-12-29 05:00:00+00:00,557.5635
2025-12-29 06:00:00+00:00,568.829
2025-12-29 07:00:00+00:00,627.637
2025-12-29 08:00:00+00:00,742.961
2025-12-29 09:00:00+00:00,862.318
2025-12-29 10:00:00+00:00,905.2945
2025-12-29 11:00:00+00:00,896.0535
2025-12-29 12:00:00+00:00,909.3485
2025-12-29 13:00:00+00:00,926.5335
2025-12-29 14:00:00+00:00,927.809
2025-12-29 15:00:00+00:00,920.015
2025-12-29 16:00:00+00:00,925.481
2025-12-29 17:00:00+00:00,1006.5175
2025-12-29 18:00:00+00:00,1184.932
2025-12-29 19:00:00+00:00,1365.233
2025-12-29 20:00:00+00:00,1420.938
2025-12-29 21:00:00+00:00,1420.1535
2025-12-29 22:00:00+00:00,1482.363
2025-12-29 23:00:00+00:00,1493.388
2025-12-30 00:00:00+00:00,1519.8705
2025-12-30 01:00:00+00:00,1566.3265
2025-12-30 02:00:00+00:00,1598.5035
2025-12-30 03:00:00+00:00,1638.8715
2025-12-30 04:00:00+00:00,1679.801
2025-12-30 05:00:00+00:00,1708.83
2025-12-30 06:00:00+00:00,1697.2765
2025-12-30 07:00:00+00:00,1726.0815
2025-12-30 08:00:00+00:00,1819.5725
2025-12-30 09:00:00+00:00,1913.365
2025-12-30 10:00:00+00:00,1929.324
2025-12-30 11:00:00+00:00,1917.014
2025-12-30 12:00:00+00:00,1852.832
2025-12-30 13:00:00+00:00,1690.4825
2025-12-30 14:00:00+00:00,1461.683
2025-12-30 15:00:00+00:00,1238.56
2025-12-30 16:00:00+00:00,1107.7785
2025-12-30 17:00:00+00:00,1042.464
2025-12-30 18:00:00+00:00,968.8525
2025-12-30 19:00:00+00:00,884.6765
2025-12-30 20:00:00+00:00,814.1165
2025-12-30 21:00:00+00:00,747.1075
2025-12-30 22:00:00+00:00,674.25
2025-12-30 23:00:00+00:00,617.5875
2025-12-31 00:00:00+00:00,640.4795
2025-12-31 01:00:00+00:00,574.9155
2025-12-31 02:00:00+00:00,548.895
2025-12-31 03:00:00+00:00,505.9425
2025-12-31 04:00:00+00:00,432.7805
2025-12-31 05:00:00+00:00,365.3165
2025-12-31 06:00:00+00:00,315.1175
2025-12-31 07:00:00+00:00,299.655
2025-12-31 08:00:00+00:00,320.77
2025-12-31 09:00:00+00:00,335.255
2025-12-31 10:00:00+00:00,308.1895
2025-12-31 11:00:00+00:00,270.6335
2025-12-31 12:00:00+00:00,228.728
2025-12-31 13:00:00+00:00,194.294
2025-12-31 14:00:00+00:00,177.5835
2025-12-31 15:00:00+00:00,169.6695
2025-12-31 16:00:00+00:00,184.861
2025-12-31 17:00:00+00:00,228.564
2025-12-31 18:00:00+00:00,284.892
2025-12-31 19:00:00+00:00,348.9905
2025-12-31 20:00:00+00:00,425.703
2025-12-31 21:00:00+00:00,522.0065
2025-12-31 22:00:00+00:00,663.852
