DateTime,Actual Load [actual-entsoe]
2023-12-31 23:00:00+00:00,3500.51
2023-12-31 23:30:00+00:00,3533.43
2024-01-01 00:00:00+00:00,3459.59
2024-01-01 00:30:00+00:00,3416.14
2024-01-01 01:00:00+00:00,3333.59
2024-01-01 01:30:00+00:00,3257.1
2024-01-01 02:00:00+00:00,3181.32
2024-01-01 02:30:00+00:00,3149.79
2024-01-01 03:00:00+00:00,3079.68
2024-01-01 03:30:00+00:00,3020.97
2024-01-01 04:00:00+00:00,2959.02
2024-01-01 04:30:00+00:00,2923.56
2024-01-01 05:00:00+00:00,2923.04
2024-01-01 05:30:00+00:00,2911.76
2024-01-01 06:00:00+00:00,2950.36
2024-01-01 06:30:00+00:00,3012.44
2024-01-01 07:00:00+00:00,3041.73
2024-01-01 07:30:00+00:00,3111.43
2024-01-01 08:00:00+00:00,3129.05
2024-01-01 08:30:00+00:00,3138.27
2024-01-01 09:00:00+00:00,3208.98
2024-01-01 09:30:00+00:00,3325.81
2024-01-01 10:00:00+00:00,3444.4
2024-01-01 10:30:00+00:00,3580.49
2024-01-01 11:00:00+00:00,3687.04
2024-01-01 11:30:00+00:00,3790.66
2024-01-01 12:00:00+00:00,3929.31
2024-01-01 12:30:00+00:00,4037.3
2024-01-01 13:00:00+00:00,4114.39
2024-01-01 13:30:00+00:00,4156.11
2024-01-01 14:00:00+00:00,4180.5
2024-01-01 14:30:00+00:00,4192.28
2024-01-01 15:00:00+00:00,4183.08
2024-01-01 15:30:00+00:00,4210.84
2024-01-01 16:00:00+00:00,4247.95
2024-01-01 16:30:00+00:00,4358.99
2024-01-01 17:00:00+00:00,4453.17
2024-01-01 17:30:00+00:00,4475.37
2024-01-01 18:00:00+00:00,4420.11
2024-01-01 18:30:00+00:00,4327.71
2024-01-01 19:00:00+00:00,4236.95
2024-01-01 19:30:00+00:00,4130.82
2024-01-01 20:00:00+00:00,4053.2
2024-01-01 20:30:00+00:00,3955.46
2024-01-01 21:00:00+00:00,3826.33
2024-01-01 21:30:00+00:00,3694.17
2024-01-01 22:00:00+00:00,3587.53
2024-01-01 22:30:00+00:00,3478.66
2024-01-01 23:00:00+00:00,3377.22
2024-01-01 23:30:00+00:00,3328.26
2024-01-02 00:00:00+00:00,3237.41
2024-01-02 00:30:00+00:00,3178.72
2024-01-02 01:00:00+00:00,3066.12
2024-01-02 01:30:00+00:00,2987.51
2024-01-02 02:00:00+00:00,2969.62
2024-01-02 02:30:00+00:00,2961.58
2024-01-02 03:00:00+00:00,2894.11
2024-01-02 03:30:00+00:00,2881.77
2024-01-02 04:00:00+00:00,2860.03
2024-01-02 04:30:00+00:00,2845.65
2024-01-02 05:00:00+00:00,2886.65
2024-01-02 05:30:00+00:00,2926.67
2024-01-02 06:00:00+00:00,3039.21
2024-01-02 06:30:00+00:00,3238.27
2024-01-02 07:00:00+00:00,3407.34
2024-01-02 07:30:00+00:00,3615.46
2024-01-02 08:00:00+00:00,3763.12
2024-01-02 08:30:00+00:00,3910.21
2024-01-02 09:00:00+00:00,4018.63
2024-01-02 09:30:00+00:00,4122.66
2024-01-02 10:00:00+00:00,4218.22
2024-01-02 10:30:00+00:00,4275.5
2024-01-02 11:00:00+00:00,4349.97
2024-01-02 11:30:00+00:00,4405.89
2024-01-02 12:00:00+00:00,4466.02
2024-01-02 12:30:00+00:00,4503.72
2024-01-02 13:00:00+00:00,4530.5
2024-01-02 13:30:00+00:00,4513.8
2024-01-02 14:00:00+00:00,4490.07
2024-01-02 14:30:00+00:00,4484.29
2024-01-02 15:00:00+00:00,4504.65
2024-01-02 15:30:00+00:00,4500.31
2024-01-02 16:00:00+00:00,4578.56
2024-01-02 16:30:00+00:00,4672.24
2024-01-02 17:00:00+00:00,4848.44
2024-01-02 17:30:00+00:00,4938.93
2024-01-02 18:00:00+00:00,4922.0
2024-01-02 18:30:00+00:00,4817.2
2024-01-02 19:00:00+00:00,4678.63
2024-01-02 19:30:00+00:00,4613.82
2024-01-02 20:00:00+00:00,4500.36
2024-01-02 20:30:00+00:00,4368.98
2024-01-02 21:00:00+00:00,4270.19
2024-01-02 21:30:00+00:00,4138.57
2024-01-02 22:00:00+00:00,4019.73
2024-01-02 22:30:00+00:00,3863.93
2024-01-02 23:00:00+00:00,3746.27
2024-01-02 23:30:00+00:00,3715.79
2024-01-03 00:00:00+00:00,3564.32
2024-01-03 00:30:00+00:00,3470.63
2024-01-03 01:00:00+00:00,3364.13
2024-01-03 01:30:00+00:00,3281.61
2024-01-03 02:00:00+00:00,3205.09
2024-01-03 02:30:00+00:00,3212.08
2024-01-03 03:00:00+00:00,3178.7
2024-01-03 03:30:00+00:00,3130.74
2024-01-03 04:00:00+00:00,3116.12
2024-01-03 04:30:00+00:00,3085.72
2024-01-03 05:00:00+00:00,3108.76
2024-01-03 05:30:00+00:00,3170.33
2024-01-03 06:00:00+00:00,3275.87
2024-01-03 06:30:00+00:00,3433.56
2024-01-03 07:00:00+00:00,3604.4
2024-01-03 07:30:00+00:00,3810.08
2024-01-03 08:00:00+00:00,3968.19
2024-01-03 08:30:00+00:00,4090.59
2024-01-03 09:00:00+00:00,4213.12
2024-01-03 09:30:00+00:00,4341.73
2024-01-03 10:00:00+00:00,4392.83
2024-01-03 10:30:00+00:00,4425.25
2024-01-03 11:00:00+00:00,4449.35
2024-01-03 11:30:00+00:00,4465.0
2024-01-03 12:00:00+00:00,4474.44
2024-01-03 12:30:00+00:00,4521.37
2024-01-03 13:00:00+00:00,4570.45
2024-01-03 13:30:00+00:00,4513.09
2024-01-03 14:00:00+00:00,4494.77
2024-01-03 14:30:00+00:00,4513.36
2024-01-03 15:00:00+00:00,4481.77
2024-01-03 15:30:00+00:00,4532.52
2024-01-03 16:00:00+00:00,4571.52
2024-01-03 16:30:00+00:00,4714.51
2024-01-03 17:00:00+00:00,4902.87
2024-01-03 17:30:00+00:00,5033.13
2024-01-03 18:00:00+00:00,4988.08
2024-01-03 18:30:00+00:00,4901.35
2024-01-03 19:00:00+00:00,4799.83
2024-01-03 19:30:00+00:00,4693.52
2024-01-03 20:00:00+00:00,4568.36
2024-01-03 20:30:00+00:00,4423.7
2024-01-03 21:00:00+00:00,4299.28
2024-01-03 21:30:00+00:00,4179.32
2024-01-03 22:00:00+00:00,4028.45
2024-01-03 22:30:00+00:00,3893.65
2024-01-03 23:00:00+00:00,3744.72
2024-01-03 23:30:00+00:00,3715.43
2024-01-04 00:00:00+00:00,3600.84
2024-01-04 00:30:00+00:00,3507.73
2024-01-04 01:00:00+00:00,3409.8
2024-01-04 01:30:00+00:00,3336.71
2024-01-04 02:00:00+00:00,3255.99
2024-01-04 02:30:00+00:00,3276.75
2024-01-04 03:00:00+00:00,3194.85
2024-01-04 03:30:00+00:00,3176.23
2024-01-04 04:00:00+00:00,3162.39
2024-01-04 04:30:00+00:00,3136.67
2024-01-04 05:00:00+00:00,3159.91
2024-01-04 05:30:00+00:00,3233.28
2024-01-04 06:00:00+00:00,3325.06
2024-01-04 06:30:00+00:00,3495.86
2024-01-04 07:00:00+00:00,3690.72
2024-01-04 07:30:00+00:00,3902.36
2024-01-04 08:00:00+00:00,4086.62
2024-01-04 08:30:00+00:00,4235.65
2024-01-04 09:00:00+00:00,4374.0
2024-01-04 09:30:00+00:00,4508.97
2024-01-04 10:00:00+00:00,4535.84
2024-01-04 10:30:00+00:00,4537.59
2024-01-04 11:00:00+00:00,4552.73
2024-01-04 11:30:00+00:00,4531.79
2024-01-04 12:00:00+00:00,4527.21
2024-01-04 12:30:00+00:00,4539.6
2024-01-04 13:00:00+00:00,4543.53
2024-01-04 13:30:00+00:00,4489.74
2024-01-04 14:00:00+00:00,4474.14
2024-01-04 14:30:00+00:00,4476.9
2024-01-04 15:00:00+00:00,4474.49
2024-01-04 15:30:00+00:00,4538.42
2024-01-04 16:00:00+00:00,4614.59
2024-01-04 16:30:00+00:00,4745.33
2024-01-04 17:00:00+00:00,4997.5
2024-01-04 17:30:00+00:00,5096.63
2024-01-04 18:00:00+00:00,5089.32
2024-01-04 18:30:00+00:00,5002.07
2024-01-04 19:00:00+00:00,4902.02
2024-01-04 19:30:00+00:00,4815.82
2024-01-04 20:00:00+00:00,4707.99
2024-01-04 20:30:00+00:00,4586.82
2024-01-04 21:00:00+00:00,4474.29
2024-01-04 21:30:00+00:00,4319.16
2024-01-04 22:00:00+00:00,4172.4
2024-01-04 22:30:00+00:00,3984.35
2024-01-04 23:00:00+00:00,3867.32
2024-01-04 23:30:00+00:00,3808.4
2024-01-05 00:00:00+00:00,3671.71
2024-01-05 00:30:00+00:00,3582.58
2024-01-05 01:00:00+00:00,3478.75
2024-01-05 01:30:00+00:00,3430.64
2024-01-05 02:00:00+00:00,3346.31
2024-01-05 02:30:00+00:00,3335.0
2024-01-05 03:00:00+00:00,3286.78
2024-01-05 03:30:00+00:00,3255.96
2024-01-05 04:00:00+00:00,3243.54
2024-01-05 04:30:00+00:00,3219.46
2024-01-05 05:00:00+00:00,3240.2
2024-01-05 05:30:00+00:00,3283.89
2024-01-05 06:00:00+00:00,3413.25
2024-01-05 06:30:00+00:00,3591.09
2024-01-05 07:00:00+00:00,3762.47
2024-01-05 07:30:00+00:00,4000.99
2024-01-05 08:00:00+00:00,4178.15
2024-01-05 08:30:00+00:00,4293.85
2024-01-05 09:00:00+00:00,4418.51
2024-01-05 09:30:00+00:00,4550.28
2024-01-05 10:00:00+00:00,4558.09
2024-01-05 10:30:00+00:00,4562.72
2024-01-05 11:00:00+00:00,4531.8
2024-01-05 11:30:00+00:00,4528.91
2024-01-05 12:00:00+00:00,4513.81
2024-01-05 12:30:00+00:00,4506.75
2024-01-05 13:00:00+00:00,4514.04
2024-01-05 13:30:00+00:00,4463.86
2024-01-05 14:00:00+00:00,4416.42
2024-01-05 14:30:00+00:00,4426.78
2024-01-05 15:00:00+00:00,4429.85
2024-01-05 15:30:00+00:00,4468.72
2024-01-05 16:00:00+00:00,4497.31
2024-01-05 16:30:00+00:00,4627.28
2024-01-05 17:00:00+00:00,4843.07
2024-01-05 17:30:00+00:00,4983.33
2024-01-05 18:00:00+00:00,4956.4
2024-01-05 18:30:00+00:00,4914.89
2024-01-05 19:00:00+00:00,4820.74
2024-01-05 19:30:00+00:00,4729.75
2024-01-05 20:00:00+00:00,4613.73
2024-01-05 20:30:00+00:00,4522.47
2024-01-05 21:00:00+00:00,4397.81
2024-01-05 21:30:00+00:00,4251.02
2024-01-05 22:00:00+00:00,4106.81
2024-01-05 22:30:00+00:00,3977.87
2024-01-05 23:00:00+00:00,3866.14
2024-01-05 23:30:00+00:00,3876.14
2024-01-06 00:00:00+00:00,3738.66
2024-01-06 00:30:00+00:00,3648.82
2024-01-06 01:00:00+00:00,3544.16
2024-01-06 01:30:00+00:00,3452.28
2024-01-06 02:00:00+00:00,3413.17
2024-01-06 02:30:00+00:00,3384.96
2024-01-06 03:00:00+00:00,3291.93
2024-01-06 03:30:00+00:00,3261.54
2024-01-06 04:00:00+00:00,3231.37
2024-01-06 04:30:00+00:00,3195.13
2024-01-06 05:00:00+00:00,3203.99
2024-01-06 05:30:00+00:00,3223.99
2024-01-06 06:00:00+00:00,3272.76
2024-01-06 06:30:00+00:00,3357.17
2024-01-06 07:00:00+00:00,3425.92
2024-01-06 07:30:00+00:00,3530.88
2024-01-06 08:00:00+00:00,3649.71
2024-01-06 08:30:00+00:00,3736.81
2024-01-06 09:00:00+00:00,3881.74
2024-01-06 09:30:00+00:00,4041.26
2024-01-06 10:00:00+00:00,4110.23
2024-01-06 10:30:00+00:00,4179.73
2024-01-06 11:00:00+00:00,4197.15
2024-01-06 11:30:00+00:00,4207.28
2024-01-06 12:00:00+00:00,4205.22
2024-01-06 12:30:00+00:00,4200.94
2024-01-06 13:00:00+00:00,4182.81
2024-01-06 13:30:00+00:00,4151.88
2024-01-06 14:00:00+00:00,4113.94
2024-01-06 14:30:00+00:00,4089.09
2024-01-06 15:00:00+00:00,4090.27
2024-01-06 15:30:00+00:00,4129.88
2024-01-06 16:00:00+00:00,4199.74
2024-01-06 16:30:00+00:00,4352.44
2024-01-06 17:00:00+00:00,4614.83
2024-01-06 17:30:00+00:00,4784.59
2024-01-06 18:00:00+00:00,4802.46
2024-01-06 18:30:00+00:00,4731.29
2024-01-06 19:00:00+00:00,4631.56
2024-01-06 19:30:00+00:00,4538.23
2024-01-06 20:00:00+00:00,4439.21
2024-01-06 20:30:00+00:00,4351.61
2024-01-06 21:00:00+00:00,4241.08
2024-01-06 21:30:00+00:00,4152.01
2024-01-06 22:00:00+00:00,4007.9
2024-01-06 22:30:00+00:00,3896.24
2024-01-06 23:00:00+00:00,3820.73
2024-01-06 23:30:00+00:00,3827.91
2024-01-07 00:00:00+00:00,3728.47
2024-01-07 00:30:00+00:00,3633.9
2024-01-07 01:00:00+00:00,3531.5
2024-01-07 01:30:00+00:00,3449.84
2024-01-07 02:00:00+00:00,3381.34
2024-01-07 02:30:00+00:00,3348.66
2024-01-07 03:00:00+00:00,3296.27
2024-01-07 03:30:00+00:00,3258.5
2024-01-07 04:00:00+00:00,3270.14
2024-01-07 04:30:00+00:00,3296.41
2024-01-07 05:00:00+00:00,3264.45
2024-01-07 05:30:00+00:00,3194.93
2024-01-07 06:00:00+00:00,3231.0
2024-01-07 06:30:00+00:00,3270.35
2024-01-07 07:00:00+00:00,3334.33
2024-01-07 07:30:00+00:00,3396.07
2024-01-07 08:00:00+00:00,3488.11
2024-01-07 08:30:00+00:00,3552.16
2024-01-07 09:00:00+00:00,3671.96
2024-01-07 09:30:00+00:00,3822.81
2024-01-07 10:00:00+00:00,3965.28
2024-01-07 10:30:00+00:00,4078.76
2024-01-07 11:00:00+00:00,4144.93
2024-01-07 11:30:00+00:00,4185.5
2024-01-07 12:00:00+00:00,4221.29
2024-01-07 12:30:00+00:00,4271.97
2024-01-07 13:00:00+00:00,4296.72
2024-01-07 13:30:00+00:00,4308.14
2024-01-07 14:00:00+00:00,4262.47
2024-01-07 14:30:00+00:00,4257.26
2024-01-07 15:00:00+00:00,4252.32
2024-01-07 15:30:00+00:00,4290.26
2024-01-07 16:00:00+00:00,4364.43
2024-01-07 16:30:00+00:00,4536.64
2024-01-07 17:00:00+00:00,4781.16
2024-01-07 17:30:00+00:00,4955.32
2024-01-07 18:00:00+00:00,4944.19
2024-01-07 18:30:00+00:00,4902.86
2024-01-07 19:00:00+00:00,4841.41
2024-01-07 19:30:00+00:00,4756.69
2024-01-07 20:00:00+00:00,4658.95
2024-01-07 20:30:00+00:00,4551.58
2024-01-07 21:00:00+00:00,4420.49
2024-01-07 21:30:00+00:00,4279.1
2024-01-07 22:00:00+00:00,4092.94
2024-01-07 22:30:00+00:00,3927.77
2024-01-07 23:00:00+00:00,3818.06
2024-01-07 23:30:00+00:00,3761.33
2024-01-08 00:00:00+00:00,3635.66
2024-01-08 00:30:00+00:00,3575.42
2024-01-08 01:00:00+00:00,3469.86
2024-01-08 01:30:00+00:00,3396.14
2024-01-08 02:00:00+00:00,3336.9
2024-01-08 02:30:00+00:00,3345.52
2024-01-08 03:00:00+00:00,3299.64
2024-01-08 03:30:00+00:00,3295.77
2024-01-08 04:00:00+00:00,3271.07
2024-01-08 04:30:00+00:00,3254.57
2024-01-08 05:00:00+00:00,3264.04
2024-01-08 05:30:00+00:00,3348.33
2024-01-08 06:00:00+00:00,3479.26
2024-01-08 06:30:00+00:00,3717.4
2024-01-08 07:00:00+00:00,4014.81
2024-01-08 07:30:00+00:00,4374.04
2024-01-08 08:00:00+00:00,4580.92
2024-01-08 08:30:00+00:00,4659.35
2024-01-08 09:00:00+00:00,4709.62
2024-01-08 09:30:00+00:00,4866.22
2024-01-08 10:00:00+00:00,4910.27
2024-01-08 10:30:00+00:00,4905.96
2024-01-08 11:00:00+00:00,4923.02
2024-01-08 11:30:00+00:00,4911.72
2024-01-08 12:00:00+00:00,4886.93
2024-01-08 12:30:00+00:00,4932.41
2024-01-08 13:00:00+00:00,4918.44
2024-01-08 13:30:00+00:00,4881.91
2024-01-08 14:00:00+00:00,4867.54
2024-01-08 14:30:00+00:00,4882.62
2024-01-08 15:00:00+00:00,4901.5
2024-01-08 15:30:00+00:00,4962.28
2024-01-08 16:00:00+00:00,5009.14
2024-01-08 16:30:00+00:00,5180.31
2024-01-08 17:00:00+00:00,5383.77
2024-01-08 17:30:00+00:00,5489.23
2024-01-08 18:00:00+00:00,5425.54
2024-01-08 18:30:00+00:00,5333.53
2024-01-08 19:00:00+00:00,5180.72
2024-01-08 19:30:00+00:00,5084.39
2024-01-08 20:00:00+00:00,4932.17
2024-01-08 20:30:00+00:00,4827.96
2024-01-08 21:00:00+00:00,4702.65
2024-01-08 21:30:00+00:00,4535.27
2024-01-08 22:00:00+00:00,4318.25
2024-01-08 22:30:00+00:00,4120.71
2024-01-08 23:00:00+00:00,3973.65
2024-01-08 23:30:00+00:00,3941.79
2024-01-09 00:00:00+00:00,3784.76
2024-01-09 00:30:00+00:00,3704.65
2024-01-09 01:00:00+00:00,3603.53
2024-01-09 01:30:00+00:00,3523.42
2024-01-09 02:00:00+00:00,3492.78
2024-01-09 02:30:00+00:00,3500.66
2024-01-09 03:00:00+00:00,3452.84
2024-01-09 03:30:00+00:00,3418.72
2024-01-09 04:00:00+00:00,3393.5
2024-01-09 04:30:00+00:00,3370.24
2024-01-09 05:00:00+00:00,3366.91
2024-01-09 05:30:00+00:00,3444.97
2024-01-09 06:00:00+00:00,3574.44
2024-01-09 06:30:00+00:00,3811.86
2024-01-09 07:00:00+00:00,4098.03
2024-01-09 07:30:00+00:00,4466.67
2024-01-09 08:00:00+00:00,4677.55
2024-01-09 08:30:00+00:00,4707.67
2024-01-09 09:00:00+00:00,4799.28
2024-01-09 09:30:00+00:00,4885.62
2024-01-09 10:00:00+00:00,4895.96
2024-01-09 10:30:00+00:00,4897.81
2024-01-09 11:00:00+00:00,4916.76
2024-01-09 11:30:00+00:00,4901.07
2024-01-09 12:00:00+00:00,4895.65
2024-01-09 12:30:00+00:00,4859.96
2024-01-09 13:00:00+00:00,4870.29
2024-01-09 13:30:00+00:00,4813.16
2024-01-09 14:00:00+00:00,4804.65
2024-01-09 14:30:00+00:00,4820.32
2024-01-09 15:00:00+00:00,4835.11
2024-01-09 15:30:00+00:00,4891.73
2024-01-09 16:00:00+00:00,4941.65
2024-01-09 16:30:00+00:00,5102.97
2024-01-09 17:00:00+00:00,5307.01
2024-01-09 17:30:00+00:00,5442.59
2024-01-09 18:00:00+00:00,5415.4
2024-01-09 18:30:00+00:00,5335.97
2024-01-09 19:00:00+00:00,5222.92
2024-01-09 19:30:00+00:00,5142.23
2024-01-09 20:00:00+00:00,5021.55
2024-01-09 20:30:00+00:00,4927.82
2024-01-09 21:00:00+00:00,4802.87
2024-01-09 21:30:00+00:00,4610.2
2024-01-09 22:00:00+00:00,4406.58
2024-01-09 22:30:00+00:00,4185.23
2024-01-09 23:00:00+00:00,4034.16
2024-01-09 23:30:00+00:00,3983.26
2024-01-10 00:00:00+00:00,3822.08
2024-01-10 00:30:00+00:00,3734.99
2024-01-10 01:00:00+00:00,3647.71
2024-01-10 01:30:00+00:00,3602.32
2024-01-10 02:00:00+00:00,3549.79
2024-01-10 02:30:00+00:00,3528.85
2024-01-10 03:00:00+00:00,3501.16
2024-01-10 03:30:00+00:00,3483.68
2024-01-10 04:00:00+00:00,3440.19
2024-01-10 04:30:00+00:00,3458.02
2024-01-10 05:00:00+00:00,3464.27
2024-01-10 05:30:00+00:00,3529.72
2024-01-10 06:00:00+00:00,3671.45
2024-01-10 06:30:00+00:00,3921.47
2024-01-10 07:00:00+00:00,4202.89
2024-01-10 07:30:00+00:00,4581.37
2024-01-10 08:00:00+00:00,4757.44
2024-01-10 08:30:00+00:00,4769.4
2024-01-10 09:00:00+00:00,4827.45
2024-01-10 09:30:00+00:00,4931.93
2024-01-10 10:00:00+00:00,4938.6
2024-01-10 10:30:00+00:00,4926.03
2024-01-10 11:00:00+00:00,4919.73
2024-01-10 11:30:00+00:00,4890.33
2024-01-10 12:00:00+00:00,4863.23
2024-01-10 12:30:00+00:00,4891.06
2024-01-10 13:00:00+00:00,4907.99
2024-01-10 13:30:00+00:00,4831.91
2024-01-10 14:00:00+00:00,4823.66
2024-01-10 14:30:00+00:00,4821.4
2024-01-10 15:00:00+00:00,4844.99
2024-01-10 15:30:00+00:00,4892.84
2024-01-10 16:00:00+00:00,4974.52
2024-01-10 16:30:00+00:00,5102.08
2024-01-10 17:00:00+00:00,5274.85
2024-01-10 17:30:00+00:00,5390.14
2024-01-10 18:00:00+00:00,5398.34
2024-01-10 18:30:00+00:00,5294.25
2024-01-10 19:00:00+00:00,5196.57
2024-01-10 19:30:00+00:00,5099.91
2024-01-10 20:00:00+00:00,4982.85
2024-01-10 20:30:00+00:00,4858.51
2024-01-10 21:00:00+00:00,4718.06
2024-01-10 21:30:00+00:00,4535.41
2024-01-10 22:00:00+00:00,4338.73
2024-01-10 22:30:00+00:00,4122.69
2024-01-10 23:00:00+00:00,4019.45
2024-01-10 23:30:00+00:00,3929.06
2024-01-11 00:00:00+00:00,3783.55
2024-01-11 00:30:00+00:00,3697.32
2024-01-11 01:00:00+00:00,3595.88
2024-01-11 01:30:00+00:00,3544.93
2024-01-11 02:00:00+00:00,3551.7
2024-01-11 02:30:00+00:00,3544.8
2024-01-11 03:00:00+00:00,3469.39
2024-01-11 03:30:00+00:00,3452.34
2024-01-11 04:00:00+00:00,3390.71
2024-01-11 04:30:00+00:00,3371.9
2024-01-11 05:00:00+00:00,3382.37
2024-01-11 05:30:00+00:00,3433.05
2024-01-11 06:00:00+00:00,3555.52
2024-01-11 06:30:00+00:00,3782.32
2024-01-11 07:00:00+00:00,4068.38
2024-01-11 07:30:00+00:00,4417.2
2024-01-11 08:00:00+00:00,4602.64
2024-01-11 08:30:00+00:00,4660.01
2024-01-11 09:00:00+00:00,4726.87
2024-01-11 09:30:00+00:00,4826.74
2024-01-11 10:00:00+00:00,4849.58
2024-01-11 10:30:00+00:00,4834.81
2024-01-11 11:00:00+00:00,4837.84
2024-01-11 11:30:00+00:00,4819.77
2024-01-11 12:00:00+00:00,4803.94
2024-01-11 12:30:00+00:00,4846.75
2024-01-11 13:00:00+00:00,4844.72
2024-01-11 13:30:00+00:00,4773.92
2024-01-11 14:00:00+00:00,4765.32
2024-01-11 14:30:00+00:00,4767.72
2024-01-11 15:00:00+00:00,4797.15
2024-01-11 15:30:00+00:00,4859.56
2024-01-11 16:00:00+00:00,4909.51
2024-01-11 16:30:00+00:00,5047.6
2024-01-11 17:00:00+00:00,5193.56
2024-01-11 17:30:00+00:00,5315.24
2024-01-11 18:00:00+00:00,5295.83
2024-01-11 18:30:00+00:00,5223.41
2024-01-11 19:00:00+00:00,5130.54
2024-01-11 19:30:00+00:00,5040.98
2024-01-11 20:00:00+00:00,4926.34
2024-01-11 20:30:00+00:00,4812.19
2024-01-11 21:00:00+00:00,4686.24
2024-01-11 21:30:00+00:00,4516.38
2024-01-11 22:00:00+00:00,4341.42
2024-01-11 22:30:00+00:00,4148.41
2024-01-11 23:00:00+00:00,4006.18
2024-01-11 23:30:00+00:00,3948.05
2024-01-12 00:00:00+00:00,3831.64
2024-01-12 00:30:00+00:00,3737.28
2024-01-12 01:00:00+00:00,3609.45
2024-01-12 01:30:00+00:00,3563.68
2024-01-12 02:00:00+00:00,3484.45
2024-01-12 02:30:00+00:00,3492.38
2024-01-12 03:00:00+00:00,3444.47
2024-01-12 03:30:00+00:00,3446.63
2024-01-12 04:00:00+00:00,3404.09
2024-01-12 04:30:00+00:00,3381.1
2024-01-12 05:00:00+00:00,3398.08
2024-01-12 05:30:00+00:00,3448.55
2024-01-12 06:00:00+00:00,3569.62
2024-01-12 06:30:00+00:00,3788.1
2024-01-12 07:00:00+00:00,4053.78
2024-01-12 07:30:00+00:00,4403.21
2024-01-12 08:00:00+00:00,4632.29
2024-01-12 08:30:00+00:00,4679.92
2024-01-12 09:00:00+00:00,4744.33
2024-01-12 09:30:00+00:00,4849.46
2024-01-12 10:00:00+00:00,4875.2
2024-01-12 10:30:00+00:00,4876.19
2024-01-12 11:00:00+00:00,4887.56
2024-01-12 11:30:00+00:00,4898.58
2024-01-12 12:00:00+00:00,4881.55
2024-01-12 12:30:00+00:00,4927.62
2024-01-12 13:00:00+00:00,4912.67
2024-01-12 13:30:00+00:00,4870.25
2024-01-12 14:00:00+00:00,4863.07
2024-01-12 14:30:00+00:00,4863.82
2024-01-12 15:00:00+00:00,4880.59
2024-01-12 15:30:00+00:00,4889.71
2024-01-12 16:00:00+00:00,4926.99
2024-01-12 16:30:00+00:00,5032.01
2024-01-12 17:00:00+00:00,5170.71
2024-01-12 17:30:00+00:00,5280.27
2024-01-12 18:00:00+00:00,5245.07
2024-01-12 18:30:00+00:00,5160.65
2024-01-12 19:00:00+00:00,5042.98
2024-01-12 19:30:00+00:00,4963.8
2024-01-12 20:00:00+00:00,4826.35
2024-01-12 20:30:00+00:00,4723.12
2024-01-12 21:00:00+00:00,4592.62
2024-01-12 21:30:00+00:00,4434.65
2024-01-12 22:00:00+00:00,4300.2
2024-01-12 22:30:00+00:00,4137.97
2024-01-12 23:00:00+00:00,4030.09
2024-01-12 23:30:00+00:00,4045.48
2024-01-13 00:00:00+00:00,3916.65
2024-01-13 00:30:00+00:00,3827.08
2024-01-13 01:00:00+00:00,3711.13
2024-01-13 01:30:00+00:00,3633.18
2024-01-13 02:00:00+00:00,3561.3
2024-01-13 02:30:00+00:00,3559.08
2024-01-13 03:00:00+00:00,3495.65
2024-01-13 03:30:00+00:00,3448.12
2024-01-13 04:00:00+00:00,3417.81
2024-01-13 04:30:00+00:00,3391.12
2024-01-13 05:00:00+00:00,3376.81
2024-01-13 05:30:00+00:00,3393.36
2024-01-13 06:00:00+00:00,3434.59
2024-01-13 06:30:00+00:00,3493.76
2024-01-13 07:00:00+00:00,3568.06
2024-01-13 07:30:00+00:00,3677.12
2024-01-13 08:00:00+00:00,3788.69
2024-01-13 08:30:00+00:00,3891.75
2024-01-13 09:00:00+00:00,4038.08
2024-01-13 09:30:00+00:00,4244.65
2024-01-13 10:00:00+00:00,4342.54
2024-01-13 10:30:00+00:00,4423.48
2024-01-13 11:00:00+00:00,4454.73
2024-01-13 11:30:00+00:00,4486.36
2024-01-13 12:00:00+00:00,4501.33
2024-01-13 12:30:00+00:00,4514.32
2024-01-13 13:00:00+00:00,4504.47
2024-01-13 13:30:00+00:00,4477.77
2024-01-13 14:00:00+00:00,4432.52
2024-01-13 14:30:00+00:00,4416.05
2024-01-13 15:00:00+00:00,4400.26
2024-01-13 15:30:00+00:00,4414.46
2024-01-13 16:00:00+00:00,4464.65
2024-01-13 16:30:00+00:00,4587.41
2024-01-13 17:00:00+00:00,4765.1
2024-01-13 17:30:00+00:00,4901.48
2024-01-13 18:00:00+00:00,4886.09
2024-01-13 18:30:00+00:00,4818.52
2024-01-13 19:00:00+00:00,4725.69
2024-01-13 19:30:00+00:00,4587.91
2024-01-13 20:00:00+00:00,4503.41
2024-01-13 20:30:00+00:00,4413.04
2024-01-13 21:00:00+00:00,4292.6
2024-01-13 21:30:00+00:00,4165.76
2024-01-13 22:00:00+00:00,4037.82
2024-01-13 22:30:00+00:00,3902.12
2024-01-13 23:00:00+00:00,3835.72
2024-01-13 23:30:00+00:00,3828.83
2024-01-14 00:00:00+00:00,3747.01
2024-01-14 00:30:00+00:00,3659.35
2024-01-14 01:00:00+00:00,3559.07
2024-01-14 01:30:00+00:00,3481.16
2024-01-14 02:00:00+00:00,3406.15
2024-01-14 02:30:00+00:00,3379.29
2024-01-14 03:00:00+00:00,3322.91
2024-01-14 03:30:00+00:00,3276.34
2024-01-14 04:00:00+00:00,3251.91
2024-01-14 04:30:00+00:00,3223.03
2024-01-14 05:00:00+00:00,3246.11
2024-01-14 05:30:00+00:00,3242.11
2024-01-14 06:00:00+00:00,3234.48
2024-01-14 06:30:00+00:00,3288.97
2024-01-14 07:00:00+00:00,3335.21
2024-01-14 07:30:00+00:00,3428.62
2024-01-14 08:00:00+00:00,3498.63
2024-01-14 08:30:00+00:00,3567.62
2024-01-14 09:00:00+00:00,3710.61
2024-01-14 09:30:00+00:00,3883.34
2024-01-14 10:00:00+00:00,4013.2
2024-01-14 10:30:00+00:00,4116.13
2024-01-14 11:00:00+00:00,4177.36
2024-01-14 11:30:00+00:00,4214.13
2024-01-14 12:00:00+00:00,4261.54
2024-01-14 12:30:00+00:00,4301.19
2024-01-14 13:00:00+00:00,4284.32
2024-01-14 13:30:00+00:00,4304.8
2024-01-14 14:00:00+00:00,4238.71
2024-01-14 14:30:00+00:00,4219.01
2024-01-14 15:00:00+00:00,4218.2
2024-01-14 15:30:00+00:00,4259.95
2024-01-14 16:00:00+00:00,4323.52
2024-01-14 16:30:00+00:00,4470.43
2024-01-14 17:00:00+00:00,4682.52
2024-01-14 17:30:00+00:00,4889.71
2024-01-14 18:00:00+00:00,4935.09
2024-01-14 18:30:00+00:00,4827.97
2024-01-14 19:00:00+00:00,4786.17
2024-01-14 19:30:00+00:00,4720.42
2024-01-14 20:00:00+00:00,4607.74
2024-01-14 20:30:00+00:00,4502.97
2024-01-14 21:00:00+00:00,4385.19
2024-01-14 21:30:00+00:00,4259.5
2024-01-14 22:00:00+00:00,4083.52
2024-01-14 22:30:00+00:00,3901.6
2024-01-14 23:00:00+00:00,3817.91
2024-01-14 23:30:00+00:00,3786.42
2024-01-15 00:00:00+00:00,3708.08
2024-01-15 00:30:00+00:00,3649.34
2024-01-15 01:00:00+00:00,3545.57
2024-01-15 01:30:00+00:00,3462.61
2024-01-15 02:00:00+00:00,3403.9
2024-01-15 02:30:00+00:00,3425.7
2024-01-15 03:00:00+00:00,3390.96
2024-01-15 03:30:00+00:00,3354.11
2024-01-15 04:00:00+00:00,3311.1
2024-01-15 04:30:00+00:00,3301.85
2024-01-15 05:00:00+00:00,3321.14
2024-01-15 05:30:00+00:00,3408.79
2024-01-15 06:00:00+00:00,3531.5
2024-01-15 06:30:00+00:00,3792.32
2024-01-15 07:00:00+00:00,4115.68
2024-01-15 07:30:00+00:00,4496.47
2024-01-15 08:00:00+00:00,4736.32
2024-01-15 08:30:00+00:00,4786.48
2024-01-15 09:00:00+00:00,4885.83
2024-01-15 09:30:00+00:00,4987.15
2024-01-15 10:00:00+00:00,4994.74
2024-01-15 10:30:00+00:00,4996.13
2024-01-15 11:00:00+00:00,4972.93
2024-01-15 11:30:00+00:00,4960.71
2024-01-15 12:00:00+00:00,4922.27
2024-01-15 12:30:00+00:00,4896.44
2024-01-15 13:00:00+00:00,4901.27
2024-01-15 13:30:00+00:00,4830.91
2024-01-15 14:00:00+00:00,4829.75
2024-01-15 14:30:00+00:00,4829.75
2024-01-15 15:00:00+00:00,4823.65
2024-01-15 15:30:00+00:00,4823.65
2024-01-15 16:00:00+00:00,4945.42
2024-01-15 16:30:00+00:00,5135.21
2024-01-15 17:00:00+00:00,5347.3
2024-01-15 17:30:00+00:00,5528.09
2024-01-15 18:00:00+00:00,5525.55
2024-01-15 18:30:00+00:00,5407.88
2024-01-15 19:00:00+00:00,5311.79
2024-01-15 19:30:00+00:00,5249.71
2024-01-15 20:00:00+00:00,5113.12
2024-01-15 20:30:00+00:00,5016.35
2024-01-15 21:00:00+00:00,4887.91
2024-01-15 21:30:00+00:00,4718.98
2024-01-15 22:00:00+00:00,4492.42
2024-01-15 22:30:00+00:00,4288.3
2024-01-15 23:00:00+00:00,4138.83
2024-01-15 23:30:00+00:00,4095.09
2024-01-16 00:00:00+00:00,3938.58
2024-01-16 00:30:00+00:00,3851.08
2024-01-16 01:00:00+00:00,3757.63
2024-01-16 01:30:00+00:00,3684.2
2024-01-16 02:00:00+00:00,3635.11
2024-01-16 02:30:00+00:00,3652.61
2024-01-16 03:00:00+00:00,3593.56
2024-01-16 03:30:00+00:00,3585.19
2024-01-16 04:00:00+00:00,3560.04
2024-01-16 04:30:00+00:00,3537.95
2024-01-16 05:00:00+00:00,3542.19
2024-01-16 05:30:00+00:00,3601.54
2024-01-16 06:00:00+00:00,3700.62
2024-01-16 06:30:00+00:00,3934.46
2024-01-16 07:00:00+00:00,4218.03
2024-01-16 07:30:00+00:00,4603.14
2024-01-16 08:00:00+00:00,4816.48
2024-01-16 08:30:00+00:00,4827.81
2024-01-16 09:00:00+00:00,4904.35
2024-01-16 09:30:00+00:00,5002.85
2024-01-16 10:00:00+00:00,5014.34
2024-01-16 10:30:00+00:00,4971.67
2024-01-16 11:00:00+00:00,4954.2
2024-01-16 11:30:00+00:00,4924.41
2024-01-16 12:00:00+00:00,4884.32
2024-01-16 12:30:00+00:00,4900.12
2024-01-16 13:00:00+00:00,4893.49
2024-01-16 13:30:00+00:00,4818.15
2024-01-16 14:00:00+00:00,4798.92
2024-01-16 14:30:00+00:00,4786.41
2024-01-16 15:00:00+00:00,4798.63
2024-01-16 15:30:00+00:00,4872.56
2024-01-16 16:00:00+00:00,4934.83
2024-01-16 16:30:00+00:00,5096.68
2024-01-16 17:00:00+00:00,5306.64
2024-01-16 17:30:00+00:00,5458.06
2024-01-16 18:00:00+00:00,5445.17
2024-01-16 18:30:00+00:00,5366.02
2024-01-16 19:00:00+00:00,5287.19
2024-01-16 19:30:00+00:00,5185.71
2024-01-16 20:00:00+00:00,5096.29
2024-01-16 20:30:00+00:00,4993.13
2024-01-16 21:00:00+00:00,4877.43
2024-01-16 21:30:00+00:00,4672.32
2024-01-16 22:00:00+00:00,4473.69
2024-01-16 22:30:00+00:00,4291.6
2024-01-16 23:00:00+00:00,4131.68
2024-01-16 23:30:00+00:00,4065.14
2024-01-17 00:00:00+00:00,3919.57
2024-01-17 00:30:00+00:00,3845.33
2024-01-17 01:00:00+00:00,3753.11
2024-01-17 01:30:00+00:00,3703.96
2024-01-17 02:00:00+00:00,3659.76
2024-01-17 02:30:00+00:00,3660.1
2024-01-17 03:00:00+00:00,3605.36
2024-01-17 03:30:00+00:00,3588.44
2024-01-17 04:00:00+00:00,3568.79
2024-01-17 04:30:00+00:00,3554.66
2024-01-17 05:00:00+00:00,3551.69
2024-01-17 05:30:00+00:00,3616.53
2024-01-17 06:00:00+00:00,3789.81
2024-01-17 06:30:00+00:00,4015.36
2024-01-17 07:00:00+00:00,4321.74
2024-01-17 07:30:00+00:00,4710.74
2024-01-17 08:00:00+00:00,4924.77
2024-01-17 08:30:00+00:00,4993.35
2024-01-17 09:00:00+00:00,5073.76
2024-01-17 09:30:00+00:00,5160.57
2024-01-17 10:00:00+00:00,5171.23
2024-01-17 10:30:00+00:00,5104.77
2024-01-17 11:00:00+00:00,5060.8
2024-01-17 11:30:00+00:00,5009.19
2024-01-17 12:00:00+00:00,4952.53
2024-01-17 12:30:00+00:00,4948.76
2024-01-17 13:00:00+00:00,4904.06
2024-01-17 13:30:00+00:00,4835.04
2024-01-17 14:00:00+00:00,4815.03
2024-01-17 14:30:00+00:00,4825.63
2024-01-17 15:00:00+00:00,4859.92
2024-01-17 15:30:00+00:00,4958.46
2024-01-17 16:00:00+00:00,5020.09
2024-01-17 16:30:00+00:00,5133.62
2024-01-17 17:00:00+00:00,5326.0
2024-01-17 17:30:00+00:00,5541.07
2024-01-17 18:00:00+00:00,5530.05
2024-01-17 18:30:00+00:00,5480.37
2024-01-17 19:00:00+00:00,5389.81
2024-01-17 19:30:00+00:00,5323.57
2024-01-17 20:00:00+00:00,5196.47
2024-01-17 20:30:00+00:00,5114.13
2024-01-17 21:00:00+00:00,4998.18
2024-01-17 21:30:00+00:00,4803.69
2024-01-17 22:00:00+00:00,4608.61
2024-01-17 22:30:00+00:00,4394.83
2024-01-17 23:00:00+00:00,4280.2
2024-01-17 23:30:00+00:00,4220.83
2024-01-18 00:00:00+00:00,4065.73
2024-01-18 00:30:00+00:00,4089.03
2024-01-18 01:00:00+00:00,3980.19
2024-01-18 01:30:00+00:00,3940.6
2024-01-18 02:00:00+00:00,3840.35
2024-01-18 02:30:00+00:00,3743.3
2024-01-18 03:00:00+00:00,3696.35
2024-01-18 03:30:00+00:00,3662.51
2024-01-18 04:00:00+00:00,3646.31
2024-01-18 04:30:00+00:00,3638.62
2024-01-18 05:00:00+00:00,3642.41
2024-01-18 05:30:00+00:00,3707.28
2024-01-18 06:00:00+00:00,3860.17
2024-01-18 06:30:00+00:00,4109.18
2024-01-18 07:00:00+00:00,4392.39
2024-01-18 07:30:00+00:00,4749.58
2024-01-18 08:00:00+00:00,4990.52
2024-01-18 08:30:00+00:00,5017.96
2024-01-18 09:00:00+00:00,5089.62
2024-01-18 09:30:00+00:00,5200.9
2024-01-18 10:00:00+00:00,5188.51
2024-01-18 10:30:00+00:00,5140.27
2024-01-18 11:00:00+00:00,5107.69
2024-01-18 11:30:00+00:00,5042.82
2024-01-18 12:00:00+00:00,5001.47
2024-01-18 12:30:00+00:00,4991.2
2024-01-18 13:00:00+00:00,4969.57
2024-01-18 13:30:00+00:00,4892.31
2024-01-18 14:00:00+00:00,4866.02
2024-01-18 14:30:00+00:00,4866.58
2024-01-18 15:00:00+00:00,4882.36
2024-01-18 15:30:00+00:00,4948.12
2024-01-18 16:00:00+00:00,5008.64
2024-01-18 16:30:00+00:00,5153.45
2024-01-18 17:00:00+00:00,5299.21
2024-01-18 17:30:00+00:00,5539.55
2024-01-18 18:00:00+00:00,5553.6
2024-01-18 18:30:00+00:00,5495.33
2024-01-18 19:00:00+00:00,5407.03
2024-01-18 19:30:00+00:00,5331.12
2024-01-18 20:00:00+00:00,5216.43
2024-01-18 20:30:00+00:00,5117.55
2024-01-18 21:00:00+00:00,4983.46
2024-01-18 21:30:00+00:00,4800.44
2024-01-18 22:00:00+00:00,4583.65
2024-01-18 22:30:00+00:00,4383.71
2024-01-18 23:00:00+00:00,4242.82
2024-01-18 23:30:00+00:00,4210.43
2024-01-19 00:00:00+00:00,4038.67
2024-01-19 00:30:00+00:00,3956.72
2024-01-19 01:00:00+00:00,3871.98
2024-01-19 01:30:00+00:00,3806.74
2024-01-19 02:00:00+00:00,3720.12
2024-01-19 02:30:00+00:00,3728.39
2024-01-19 03:00:00+00:00,3759.45
2024-01-19 03:30:00+00:00,3754.17
2024-01-19 04:00:00+00:00,3708.6
2024-01-19 04:30:00+00:00,3708.2
2024-01-19 05:00:00+00:00,3614.75
2024-01-19 05:30:00+00:00,3665.63
2024-01-19 06:00:00+00:00,3788.58
2024-01-19 06:30:00+00:00,4003.3
2024-01-19 07:00:00+00:00,4293.27
2024-01-19 07:30:00+00:00,4706.18
2024-01-19 08:00:00+00:00,4892.76
2024-01-19 08:30:00+00:00,4925.34
2024-01-19 09:00:00+00:00,4983.48
2024-01-19 09:30:00+00:00,5110.58
2024-01-19 10:00:00+00:00,5107.28
2024-01-19 10:30:00+00:00,5060.73
2024-01-19 11:00:00+00:00,5025.07
2024-01-19 11:30:00+00:00,4981.82
2024-01-19 12:00:00+00:00,4956.33
2024-01-19 12:30:00+00:00,4962.3
2024-01-19 13:00:00+00:00,4953.97
2024-01-19 13:30:00+00:00,4894.64
2024-01-19 14:00:00+00:00,4852.6
2024-01-19 14:30:00+00:00,4854.72
2024-01-19 15:00:00+00:00,4866.29
2024-01-19 15:30:00+00:00,4915.58
2024-01-19 16:00:00+00:00,4972.75
2024-01-19 16:30:00+00:00,5072.49
2024-01-19 17:00:00+00:00,5205.76
2024-01-19 17:30:00+00:00,5351.24
2024-01-19 18:00:00+00:00,5356.81
2024-01-19 18:30:00+00:00,5311.32
2024-01-19 19:00:00+00:00,5177.64
2024-01-19 19:30:00+00:00,5090.04
2024-01-19 20:00:00+00:00,4953.78
2024-01-19 20:30:00+00:00,4839.59
2024-01-19 21:00:00+00:00,4741.25
2024-01-19 21:30:00+00:00,4602.32
2024-01-19 22:00:00+00:00,4429.16
2024-01-19 22:30:00+00:00,4286.66
2024-01-19 23:00:00+00:00,4178.53
2024-01-19 23:30:00+00:00,4162.36
2024-01-20 00:00:00+00:00,4026.57
2024-01-20 00:30:00+00:00,3921.97
2024-01-20 01:00:00+00:00,3794.41
2024-01-20 01:30:00+00:00,3696.67
2024-01-20 02:00:00+00:00,3612.94
2024-01-20 02:30:00+00:00,3605.84
2024-01-20 03:00:00+00:00,3535.36
2024-01-20 03:30:00+00:00,3499.98
2024-01-20 04:00:00+00:00,3461.71
2024-01-20 04:30:00+00:00,3429.19
2024-01-20 05:00:00+00:00,3417.41
2024-01-20 05:30:00+00:00,3432.37
2024-01-20 06:00:00+00:00,3472.31
2024-01-20 06:30:00+00:00,3540.54
2024-01-20 07:00:00+00:00,3609.13
2024-01-20 07:30:00+00:00,3684.66
2024-01-20 08:00:00+00:00,3792.6
2024-01-20 08:30:00+00:00,3898.77
2024-01-20 09:00:00+00:00,4065.5
2024-01-20 09:30:00+00:00,4242.66
2024-01-20 10:00:00+00:00,4356.59
2024-01-20 10:30:00+00:00,4386.36
2024-01-20 11:00:00+00:00,4452.87
2024-01-20 11:30:00+00:00,4510.25
2024-01-20 12:00:00+00:00,4513.72
2024-01-20 12:30:00+00:00,4544.15
2024-01-20 13:00:00+00:00,4540.05
2024-01-20 13:30:00+00:00,4558.98
2024-01-20 14:00:00+00:00,4505.49
2024-01-20 14:30:00+00:00,4492.72
2024-01-20 15:00:00+00:00,4484.3
2024-01-20 15:30:00+00:00,4501.76
2024-01-20 16:00:00+00:00,4542.85
2024-01-20 16:30:00+00:00,4642.79
2024-01-20 17:00:00+00:00,4791.71
2024-01-20 17:30:00+00:00,4906.85
2024-01-20 18:00:00+00:00,4894.18
2024-01-20 18:30:00+00:00,4809.17
2024-01-20 19:00:00+00:00,4706.22
2024-01-20 19:30:00+00:00,4566.21
2024-01-20 20:00:00+00:00,4446.78
2024-01-20 20:30:00+00:00,4276.85
2024-01-20 21:00:00+00:00,4171.92
2024-01-20 21:30:00+00:00,4080.37
2024-01-20 22:00:00+00:00,3930.36
2024-01-20 22:30:00+00:00,3823.54
2024-01-20 23:00:00+00:00,3772.31
2024-01-20 23:30:00+00:00,3743.78
2024-01-21 00:00:00+00:00,3635.02
2024-01-21 00:30:00+00:00,3561.98
2024-01-21 01:00:00+00:00,3444.19
2024-01-21 01:30:00+00:00,3383.55
2024-01-21 02:00:00+00:00,3302.01
2024-01-21 02:30:00+00:00,3303.5
2024-01-21 03:00:00+00:00,3216.5
2024-01-21 03:30:00+00:00,3225.17
2024-01-21 04:00:00+00:00,3132.23
2024-01-21 04:30:00+00:00,3116.28
2024-01-21 05:00:00+00:00,3099.33
2024-01-21 05:30:00+00:00,3140.91
2024-01-21 06:00:00+00:00,3168.7
2024-01-21 06:30:00+00:00,3226.1
2024-01-21 07:00:00+00:00,3281.54
2024-01-21 07:30:00+00:00,3383.4
2024-01-21 08:00:00+00:00,3472.18
2024-01-21 08:30:00+00:00,3549.89
2024-01-21 09:00:00+00:00,3698.67
2024-01-21 09:30:00+00:00,3867.51
2024-01-21 10:00:00+00:00,4032.11
2024-01-21 10:30:00+00:00,4162.25
2024-01-21 11:00:00+00:00,4285.53
2024-01-21 11:30:00+00:00,4432.37
2024-01-21 12:00:00+00:00,4504.12
2024-01-21 12:30:00+00:00,4572.46
2024-01-21 13:00:00+00:00,4595.97
2024-01-21 13:30:00+00:00,4598.94
2024-01-21 14:00:00+00:00,4543.56
2024-01-21 14:30:00+00:00,4543.6
2024-01-21 15:00:00+00:00,4505.83
2024-01-21 15:30:00+00:00,4510.44
2024-01-21 16:00:00+00:00,4511.64
2024-01-21 16:30:00+00:00,4584.48
2024-01-21 17:00:00+00:00,4611.81
2024-01-21 17:30:00+00:00,4754.51
2024-01-21 18:00:00+00:00,4695.8
2024-01-21 18:30:00+00:00,4654.56
2024-01-21 19:00:00+00:00,4478.53
2024-01-21 19:30:00+00:00,4342.95
2024-01-21 20:00:00+00:00,4226.22
2024-01-21 20:30:00+00:00,4107.05
2024-01-21 21:00:00+00:00,4008.6
2024-01-21 21:30:00+00:00,3879.3
2024-01-21 22:00:00+00:00,3701.4
2024-01-21 22:30:00+00:00,3601.26
2024-01-21 23:00:00+00:00,3498.58
2024-01-21 23:30:00+00:00,3463.35
2024-01-22 00:00:00+00:00,3389.55
2024-01-22 00:30:00+00:00,3372.82
2024-01-22 01:00:00+00:00,3261.43
2024-01-22 01:30:00+00:00,3221.78
2024-01-22 02:00:00+00:00,3165.94
2024-01-22 02:30:00+00:00,3138.52
2024-01-22 03:00:00+00:00,3122.92
2024-01-22 03:30:00+00:00,3092.28
2024-01-22 04:00:00+00:00,3086.94
2024-01-22 04:30:00+00:00,3186.41
2024-01-22 05:00:00+00:00,3135.27
2024-01-22 05:30:00+00:00,3226.12
2024-01-22 06:00:00+00:00,3338.11
2024-01-22 06:30:00+00:00,3565.15
2024-01-22 07:00:00+00:00,3809.61
2024-01-22 07:30:00+00:00,4116.17
2024-01-22 08:00:00+00:00,4343.1
2024-01-22 08:30:00+00:00,4419.75
2024-01-22 09:00:00+00:00,4526.08
2024-01-22 09:30:00+00:00,4601.32
2024-01-22 10:00:00+00:00,4581.79
2024-01-22 10:30:00+00:00,4597.08
2024-01-22 11:00:00+00:00,4599.35
2024-01-22 11:30:00+00:00,4576.04
2024-01-22 12:00:00+00:00,4571.5
2024-01-22 12:30:00+00:00,4616.39
2024-01-22 13:00:00+00:00,4625.97
2024-01-22 13:30:00+00:00,4597.55
2024-01-22 14:00:00+00:00,4602.25
2024-01-22 14:30:00+00:00,4638.73
2024-01-22 15:00:00+00:00,4613.08
2024-01-22 15:30:00+00:00,4660.81
2024-01-22 16:00:00+00:00,4702.3
2024-01-22 16:30:00+00:00,4838.18
2024-01-22 17:00:00+00:00,5033.71
2024-01-22 17:30:00+00:00,5165.57
2024-01-22 18:00:00+00:00,5185.12
2024-01-22 18:30:00+00:00,5118.34
2024-01-22 19:00:00+00:00,5000.31
2024-01-22 19:30:00+00:00,4919.51
2024-01-22 20:00:00+00:00,4797.44
2024-01-22 20:30:00+00:00,4703.45
2024-01-22 21:00:00+00:00,4573.84
2024-01-22 21:30:00+00:00,4401.11
2024-01-22 22:00:00+00:00,4174.92
2024-01-22 22:30:00+00:00,4002.65
2024-01-22 23:00:00+00:00,3855.17
2024-01-22 23:30:00+00:00,3848.94
2024-01-23 00:00:00+00:00,3713.89
2024-01-23 00:30:00+00:00,3620.22
2024-01-23 01:00:00+00:00,3551.43
2024-01-23 01:30:00+00:00,3479.11
2024-01-23 02:00:00+00:00,3418.91
2024-01-23 02:30:00+00:00,3402.73
2024-01-23 03:00:00+00:00,3346.99
2024-01-23 03:30:00+00:00,3359.42
2024-01-23 04:00:00+00:00,3292.51
2024-01-23 04:30:00+00:00,3273.53
2024-01-23 05:00:00+00:00,3316.35
2024-01-23 05:30:00+00:00,3423.78
2024-01-23 06:00:00+00:00,3587.15
2024-01-23 06:30:00+00:00,3830.87
2024-01-23 07:00:00+00:00,4098.82
2024-01-23 07:30:00+00:00,4477.29
2024-01-23 08:00:00+00:00,4642.69
2024-01-23 08:30:00+00:00,4685.86
2024-01-23 09:00:00+00:00,4739.53
2024-01-23 09:30:00+00:00,4803.73
2024-01-23 10:00:00+00:00,4829.64
2024-01-23 10:30:00+00:00,4828.37
2024-01-23 11:00:00+00:00,4820.32
2024-01-23 11:30:00+00:00,4817.52
2024-01-23 12:00:00+00:00,4807.03
2024-01-23 12:30:00+00:00,4815.55
2024-01-23 13:00:00+00:00,4794.45
2024-01-23 13:30:00+00:00,4763.95
2024-01-23 14:00:00+00:00,4756.29
2024-01-23 14:30:00+00:00,4735.89
2024-01-23 15:00:00+00:00,4748.6
2024-01-23 15:30:00+00:00,4805.98
2024-01-23 16:00:00+00:00,4816.13
2024-01-23 16:30:00+00:00,4921.67
2024-01-23 17:00:00+00:00,4968.5
2024-01-23 17:30:00+00:00,5165.4
2024-01-23 18:00:00+00:00,5186.05
2024-01-23 18:30:00+00:00,5076.47
2024-01-23 19:00:00+00:00,4925.65
2024-01-23 19:30:00+00:00,4891.73
2024-01-23 20:00:00+00:00,4791.42
2024-01-23 20:30:00+00:00,4681.23
2024-01-23 21:00:00+00:00,4537.75
2024-01-23 21:30:00+00:00,4389.36
2024-01-23 22:00:00+00:00,4203.18
2024-01-23 22:30:00+00:00,4026.1
2024-01-23 23:00:00+00:00,3864.05
2024-01-23 23:30:00+00:00,3766.34
2024-01-24 00:00:00+00:00,3618.81
2024-01-24 00:30:00+00:00,3613.42
2024-01-24 01:00:00+00:00,3551.27
2024-01-24 01:30:00+00:00,3483.15
2024-01-24 02:00:00+00:00,3366.52
2024-01-24 02:30:00+00:00,3376.65
2024-01-24 03:00:00+00:00,3315.37
2024-01-24 03:30:00+00:00,3314.16
2024-01-24 04:00:00+00:00,3257.6
2024-01-24 04:30:00+00:00,3243.81
2024-01-24 05:00:00+00:00,3268.2
2024-01-24 05:30:00+00:00,3346.58
2024-01-24 06:00:00+00:00,3517.04
2024-01-24 06:30:00+00:00,3769.0
2024-01-24 07:00:00+00:00,4026.6
2024-01-24 07:30:00+00:00,4339.14
2024-01-24 08:00:00+00:00,4510.36
2024-01-24 08:30:00+00:00,4545.72
2024-01-24 09:00:00+00:00,4552.13
2024-01-24 09:30:00+00:00,4641.01
2024-01-24 10:00:00+00:00,4685.38
2024-01-24 10:30:00+00:00,4676.65
2024-01-24 11:00:00+00:00,4658.18
2024-01-24 11:30:00+00:00,4659.42
2024-01-24 12:00:00+00:00,4646.35
2024-01-24 12:30:00+00:00,4645.33
2024-01-24 13:00:00+00:00,4627.69
2024-01-24 13:30:00+00:00,4554.82
2024-01-24 14:00:00+00:00,4559.51
2024-01-24 14:30:00+00:00,4559.65
2024-01-24 15:00:00+00:00,4531.71
2024-01-24 15:30:00+00:00,4573.89
2024-01-24 16:00:00+00:00,4642.87
2024-01-24 16:30:00+00:00,4742.93
2024-01-24 17:00:00+00:00,4853.0
2024-01-24 17:30:00+00:00,5082.45
2024-01-24 18:00:00+00:00,5131.35
2024-01-24 18:30:00+00:00,5042.65
2024-01-24 19:00:00+00:00,4957.5
2024-01-24 19:30:00+00:00,4887.13
2024-01-24 20:00:00+00:00,4741.62
2024-01-24 20:30:00+00:00,4645.47
2024-01-24 21:00:00+00:00,4535.39
2024-01-24 21:30:00+00:00,4361.59
2024-01-24 22:00:00+00:00,4171.9
2024-01-24 22:30:00+00:00,4001.76
2024-01-24 23:00:00+00:00,3863.93
2024-01-24 23:30:00+00:00,3797.34
2024-01-25 00:00:00+00:00,3668.39
2024-01-25 00:30:00+00:00,3567.06
2024-01-25 01:00:00+00:00,3476.18
2024-01-25 01:30:00+00:00,3424.01
2024-01-25 02:00:00+00:00,3353.01
2024-01-25 02:30:00+00:00,3358.49
2024-01-25 03:00:00+00:00,3348.78
2024-01-25 03:30:00+00:00,3313.97
2024-01-25 04:00:00+00:00,3322.0
2024-01-25 04:30:00+00:00,3319.39
2024-01-25 05:00:00+00:00,3331.29
2024-01-25 05:30:00+00:00,3416.99
2024-01-25 06:00:00+00:00,3583.03
2024-01-25 06:30:00+00:00,3761.1
2024-01-25 07:00:00+00:00,4037.26
2024-01-25 07:30:00+00:00,4356.66
2024-01-25 08:00:00+00:00,4520.47
2024-01-25 08:30:00+00:00,4550.15
2024-01-25 09:00:00+00:00,4578.49
2024-01-25 09:30:00+00:00,4636.63
2024-01-25 10:00:00+00:00,4641.02
2024-01-25 10:30:00+00:00,4641.29
2024-01-25 11:00:00+00:00,4672.48
2024-01-25 11:30:00+00:00,4669.08
2024-01-25 12:00:00+00:00,4624.39
2024-01-25 12:30:00+00:00,4659.04
2024-01-25 13:00:00+00:00,4649.59
2024-01-25 13:30:00+00:00,4596.66
2024-01-25 14:00:00+00:00,4562.93
2024-01-25 14:30:00+00:00,4567.88
2024-01-25 15:00:00+00:00,4579.63
2024-01-25 15:30:00+00:00,4644.08
2024-01-25 16:00:00+00:00,4656.05
2024-01-25 16:30:00+00:00,4727.13
2024-01-25 17:00:00+00:00,4871.27
2024-01-25 17:30:00+00:00,5045.44
2024-01-25 18:00:00+00:00,5066.51
2024-01-25 18:30:00+00:00,4999.66
2024-01-25 19:00:00+00:00,4921.79
2024-01-25 19:30:00+00:00,4855.7
2024-01-25 20:00:00+00:00,4763.62
2024-01-25 20:30:00+00:00,4664.84
2024-01-25 21:00:00+00:00,4562.17
2024-01-25 21:30:00+00:00,4374.48
2024-01-25 22:00:00+00:00,4178.88
2024-01-25 22:30:00+00:00,4016.21
2024-01-25 23:00:00+00:00,3895.92
2024-01-25 23:30:00+00:00,3815.94
2024-01-26 00:00:00+00:00,3719.44
2024-01-26 00:30:00+00:00,3638.37
2024-01-26 01:00:00+00:00,3581.32
2024-01-26 01:30:00+00:00,3482.28
2024-01-26 02:00:00+00:00,3396.24
2024-01-26 02:30:00+00:00,3419.27
2024-01-26 03:00:00+00:00,3361.87
2024-01-26 03:30:00+00:00,3321.01
2024-01-26 04:00:00+00:00,3304.05
2024-01-26 04:30:00+00:00,3307.43
2024-01-26 05:00:00+00:00,3314.45
2024-01-26 05:30:00+00:00,3405.02
2024-01-26 06:00:00+00:00,3569.24
2024-01-26 06:30:00+00:00,3783.97
2024-01-26 07:00:00+00:00,4047.04
2024-01-26 07:30:00+00:00,4418.1
2024-01-26 08:00:00+00:00,4586.38
2024-01-26 08:30:00+00:00,4613.12
2024-01-26 09:00:00+00:00,4629.99
2024-01-26 09:30:00+00:00,4696.63
2024-01-26 10:00:00+00:00,4700.17
2024-01-26 10:30:00+00:00,4681.88
2024-01-26 11:00:00+00:00,4656.94
2024-01-26 11:30:00+00:00,4618.36
2024-01-26 12:00:00+00:00,4542.53
2024-01-26 12:30:00+00:00,4539.08
2024-01-26 13:00:00+00:00,4529.01
2024-01-26 13:30:00+00:00,4454.48
2024-01-26 14:00:00+00:00,4446.17
2024-01-26 14:30:00+00:00,4448.83
2024-01-26 15:00:00+00:00,4440.08
2024-01-26 15:30:00+00:00,4510.72
2024-01-26 16:00:00+00:00,4531.44
2024-01-26 16:30:00+00:00,4606.63
2024-01-26 17:00:00+00:00,4723.78
2024-01-26 17:30:00+00:00,4938.61
2024-01-26 18:00:00+00:00,4969.76
2024-01-26 18:30:00+00:00,4912.17
2024-01-26 19:00:00+00:00,4816.06
2024-01-26 19:30:00+00:00,4746.29
2024-01-26 20:00:00+00:00,4630.46
2024-01-26 20:30:00+00:00,4535.76
2024-01-26 21:00:00+00:00,4436.18
2024-01-26 21:30:00+00:00,4271.26
2024-01-26 22:00:00+00:00,4121.77
2024-01-26 22:30:00+00:00,3982.28
2024-01-26 23:00:00+00:00,3882.02
2024-01-26 23:30:00+00:00,3871.08
2024-01-27 00:00:00+00:00,3753.59
2024-01-27 00:30:00+00:00,3654.93
2024-01-27 01:00:00+00:00,3574.83
2024-01-27 01:30:00+00:00,3473.78
2024-01-27 02:00:00+00:00,3393.19
2024-01-27 02:30:00+00:00,3412.14
2024-01-27 03:00:00+00:00,3335.47
2024-01-27 03:30:00+00:00,3294.73
2024-01-27 04:00:00+00:00,3257.12
2024-01-27 04:30:00+00:00,3256.81
2024-01-27 05:00:00+00:00,3230.91
2024-01-27 05:30:00+00:00,3247.12
2024-01-27 06:00:00+00:00,3303.99
2024-01-27 06:30:00+00:00,3369.75
2024-01-27 07:00:00+00:00,3404.93
2024-01-27 07:30:00+00:00,3536.74
2024-01-27 08:00:00+00:00,3674.65
2024-01-27 08:30:00+00:00,3795.98
2024-01-27 09:00:00+00:00,3928.62
2024-01-27 09:30:00+00:00,4088.59
2024-01-27 10:00:00+00:00,4151.2
2024-01-27 10:30:00+00:00,4207.1
2024-01-27 11:00:00+00:00,4243.29
2024-01-27 11:30:00+00:00,4288.6
2024-01-27 12:00:00+00:00,4278.57
2024-01-27 12:30:00+00:00,4332.86
2024-01-27 13:00:00+00:00,4298.48
2024-01-27 13:30:00+00:00,4257.95
2024-01-27 14:00:00+00:00,4229.71
2024-01-27 14:30:00+00:00,4224.4
2024-01-27 15:00:00+00:00,4209.62
2024-01-27 15:30:00+00:00,4235.5
2024-01-27 16:00:00+00:00,4250.95
2024-01-27 16:30:00+00:00,4372.55
2024-01-27 17:00:00+00:00,4535.37
2024-01-27 17:30:00+00:00,4733.64
2024-01-27 18:00:00+00:00,4760.17
2024-01-27 18:30:00+00:00,4692.79
2024-01-27 19:00:00+00:00,4560.82
2024-01-27 19:30:00+00:00,4464.54
2024-01-27 20:00:00+00:00,4341.74
2024-01-27 20:30:00+00:00,4231.03
2024-01-27 21:00:00+00:00,4125.82
2024-01-27 21:30:00+00:00,4015.54
2024-01-27 22:00:00+00:00,3890.36
2024-01-27 22:30:00+00:00,3790.04
2024-01-27 23:00:00+00:00,3749.68
2024-01-27 23:30:00+00:00,3741.57
2024-01-28 00:00:00+00:00,3641.97
2024-01-28 00:30:00+00:00,3536.62
2024-01-28 01:00:00+00:00,3433.12
2024-01-28 01:30:00+00:00,3356.95
2024-01-28 02:00:00+00:00,3279.13
2024-01-28 02:30:00+00:00,3292.82
2024-01-28 03:00:00+00:00,3250.16
2024-01-28 03:30:00+00:00,3207.18
2024-01-28 04:00:00+00:00,3154.81
2024-01-28 04:30:00+00:00,3110.97
2024-01-28 05:00:00+00:00,3110.52
2024-01-28 05:30:00+00:00,3123.29
2024-01-28 06:00:00+00:00,3162.39
2024-01-28 06:30:00+00:00,3207.73
2024-01-28 07:00:00+00:00,3231.93
2024-01-28 07:30:00+00:00,3342.18
2024-01-28 08:00:00+00:00,3407.62
2024-01-28 08:30:00+00:00,3470.48
2024-01-28 09:00:00+00:00,3585.76
2024-01-28 09:30:00+00:00,3755.21
2024-01-28 10:00:00+00:00,3850.35
2024-01-28 10:30:00+00:00,3927.95
2024-01-28 11:00:00+00:00,4008.02
2024-01-28 11:30:00+00:00,4071.01
2024-01-28 12:00:00+00:00,4091.72
2024-01-28 12:30:00+00:00,4165.07
2024-01-28 13:00:00+00:00,4204.32
2024-01-28 13:30:00+00:00,4225.79
2024-01-28 14:00:00+00:00,4193.63
2024-01-28 14:30:00+00:00,4130.56
2024-01-28 15:00:00+00:00,4076.65
2024-01-28 15:30:00+00:00,4144.73
2024-01-28 16:00:00+00:00,4166.19
2024-01-28 16:30:00+00:00,4239.66
2024-01-28 17:00:00+00:00,4358.93
2024-01-28 17:30:00+00:00,4559.75
2024-01-28 18:00:00+00:00,4613.86
2024-01-28 18:30:00+00:00,4578.5
2024-01-28 19:00:00+00:00,4486.45
2024-01-28 19:30:00+00:00,4381.62
2024-01-28 20:00:00+00:00,4287.98
2024-01-28 20:30:00+00:00,4195.75
2024-01-28 21:00:00+00:00,4100.47
2024-01-28 21:30:00+00:00,3965.29
2024-01-28 22:00:00+00:00,3805.99
2024-01-28 22:30:00+00:00,3663.98
2024-01-28 23:00:00+00:00,3623.68
2024-01-28 23:30:00+00:00,3588.58
2024-01-29 00:00:00+00:00,3451.68
2024-01-29 00:30:00+00:00,3386.17
2024-01-29 01:00:00+00:00,3305.71
2024-01-29 01:30:00+00:00,3245.59
2024-01-29 02:00:00+00:00,3190.68
2024-01-29 02:30:00+00:00,3205.31
2024-01-29 03:00:00+00:00,3187.63
2024-01-29 03:30:00+00:00,3181.07
2024-01-29 04:00:00+00:00,3169.57
2024-01-29 04:30:00+00:00,3164.25
2024-01-29 05:00:00+00:00,3182.18
2024-01-29 05:30:00+00:00,3255.01
2024-01-29 06:00:00+00:00,3412.53
2024-01-29 06:30:00+00:00,3633.82
2024-01-29 07:00:00+00:00,3933.04
2024-01-29 07:30:00+00:00,4297.1
2024-01-29 08:00:00+00:00,4527.5
2024-01-29 08:30:00+00:00,4573.71
2024-01-29 09:00:00+00:00,4661.61
2024-01-29 09:30:00+00:00,4746.44
2024-01-29 10:00:00+00:00,4766.13
2024-01-29 10:30:00+00:00,4753.11
2024-01-29 11:00:00+00:00,4754.38
2024-01-29 11:30:00+00:00,4785.08
2024-01-29 12:00:00+00:00,4769.03
2024-01-29 12:30:00+00:00,4810.58
2024-01-29 13:00:00+00:00,4801.32
2024-01-29 13:30:00+00:00,4723.73
2024-01-29 14:00:00+00:00,4713.53
2024-01-29 14:30:00+00:00,4698.39
2024-01-29 15:00:00+00:00,4694.75
2024-01-29 15:30:00+00:00,4730.19
2024-01-29 16:00:00+00:00,4775.58
2024-01-29 16:30:00+00:00,4869.6
2024-01-29 17:00:00+00:00,4944.63
2024-01-29 17:30:00+00:00,5146.42
2024-01-29 18:00:00+00:00,5186.56
2024-01-29 18:30:00+00:00,5120.0
2024-01-29 19:00:00+00:00,5019.87
2024-01-29 19:30:00+00:00,4934.56
2024-01-29 20:00:00+00:00,4819.54
2024-01-29 20:30:00+00:00,4717.5
2024-01-29 21:00:00+00:00,4625.09
2024-01-29 21:30:00+00:00,4450.4
2024-01-29 22:00:00+00:00,4240.96
2024-01-29 22:30:00+00:00,4074.72
2024-01-29 23:00:00+00:00,3933.65
2024-01-29 23:30:00+00:00,3894.14
2024-01-30 00:00:00+00:00,3769.06
2024-01-30 00:30:00+00:00,3741.56
2024-01-30 01:00:00+00:00,3626.82
2024-01-30 01:30:00+00:00,3549.56
2024-01-30 02:00:00+00:00,3517.81
2024-01-30 02:30:00+00:00,3529.88
2024-01-30 03:00:00+00:00,3484.39
2024-01-30 03:30:00+00:00,3465.56
2024-01-30 04:00:00+00:00,3430.64
2024-01-30 04:30:00+00:00,3415.52
2024-01-30 05:00:00+00:00,3435.47
2024-01-30 05:30:00+00:00,3508.27
2024-01-30 06:00:00+00:00,3634.35
2024-01-30 06:30:00+00:00,3865.57
2024-01-30 07:00:00+00:00,4150.86
2024-01-30 07:30:00+00:00,4541.75
2024-01-30 08:00:00+00:00,4724.46
2024-01-30 08:30:00+00:00,4733.16
2024-01-30 09:00:00+00:00,4780.6
2024-01-30 09:30:00+00:00,4867.6
2024-01-30 10:00:00+00:00,4827.94
2024-01-30 10:30:00+00:00,4786.79
2024-01-30 11:00:00+00:00,4727.2
2024-01-30 11:30:00+00:00,4707.75
2024-01-30 12:00:00+00:00,4669.85
2024-01-30 12:30:00+00:00,4661.89
2024-01-30 13:00:00+00:00,4645.29
2024-01-30 13:30:00+00:00,4546.55
2024-01-30 14:00:00+00:00,4515.75
2024-01-30 14:30:00+00:00,4524.08
2024-01-30 15:00:00+00:00,4527.33
2024-01-30 15:30:00+00:00,4626.97
2024-01-30 16:00:00+00:00,4678.9
2024-01-30 16:30:00+00:00,4777.68
2024-01-30 17:00:00+00:00,4912.99
2024-01-30 17:30:00+00:00,5157.3
2024-01-30 18:00:00+00:00,5185.02
2024-01-30 18:30:00+00:00,5161.3
2024-01-30 19:00:00+00:00,5084.94
2024-01-30 19:30:00+00:00,5017.69
2024-01-30 20:00:00+00:00,4889.65
2024-01-30 20:30:00+00:00,4810.18
2024-01-30 21:00:00+00:00,4667.63
2024-01-30 21:30:00+00:00,4509.97
2024-01-30 22:00:00+00:00,4314.34
2024-01-30 22:30:00+00:00,4119.02
2024-01-30 23:00:00+00:00,3962.21
2024-01-30 23:30:00+00:00,3926.06
2024-01-31 00:00:00+00:00,3760.23
2024-01-31 00:30:00+00:00,3664.9
2024-01-31 01:00:00+00:00,3583.13
2024-01-31 01:30:00+00:00,3496.66
2024-01-31 02:00:00+00:00,3416.43
2024-01-31 02:30:00+00:00,3411.18
2024-01-31 03:00:00+00:00,3387.94
2024-01-31 03:30:00+00:00,3394.55
2024-01-31 04:00:00+00:00,3360.65
2024-01-31 04:30:00+00:00,3367.39
2024-01-31 05:00:00+00:00,3370.47
2024-01-31 05:30:00+00:00,3463.6
2024-01-31 06:00:00+00:00,3571.14
2024-01-31 06:30:00+00:00,3806.71
2024-01-31 07:00:00+00:00,4083.09
2024-01-31 07:30:00+00:00,4490.21
2024-01-31 08:00:00+00:00,4667.63
2024-01-31 08:30:00+00:00,4704.89
2024-01-31 09:00:00+00:00,4769.45
2024-01-31 09:30:00+00:00,4854.24
2024-01-31 10:00:00+00:00,4826.22
2024-01-31 10:30:00+00:00,4820.85
2024-01-31 11:00:00+00:00,4804.44
2024-01-31 11:30:00+00:00,4829.96
2024-01-31 12:00:00+00:00,4830.29
2024-01-31 12:30:00+00:00,4847.16
2024-01-31 13:00:00+00:00,4871.57
2024-01-31 13:30:00+00:00,4851.55
2024-01-31 14:00:00+00:00,4851.75
2024-01-31 14:30:00+00:00,4798.44
2024-01-31 15:00:00+00:00,4778.49
2024-01-31 15:30:00+00:00,4858.89
2024-01-31 16:00:00+00:00,4920.49
2024-01-31 16:30:00+00:00,4998.55
2024-01-31 17:00:00+00:00,5047.71
2024-01-31 17:30:00+00:00,5168.91
2024-01-31 18:00:00+00:00,5233.28
2024-01-31 18:30:00+00:00,5126.14
2024-01-31 19:00:00+00:00,5017.46
2024-01-31 19:30:00+00:00,4965.72
2024-01-31 20:00:00+00:00,4902.32
2024-01-31 20:30:00+00:00,4783.89
2024-01-31 21:00:00+00:00,4621.02
2024-01-31 21:30:00+00:00,4473.4
2024-01-31 22:00:00+00:00,4284.95
2024-01-31 22:30:00+00:00,4121.79
2024-01-31 23:00:00+00:00,3958.59
2024-01-31 23:30:00+00:00,3902.4
2024-02-01 00:00:00+00:00,3747.34
2024-02-01 00:30:00+00:00,3678.61
2024-02-01 01:00:00+00:00,3574.4
2024-02-01 01:30:00+00:00,3528.16
2024-02-01 02:00:00+00:00,3473.75
2024-02-01 02:30:00+00:00,3487.33
2024-02-01 03:00:00+00:00,3457.8
2024-02-01 03:30:00+00:00,3426.17
2024-02-01 04:00:00+00:00,3427.97
2024-02-01 04:30:00+00:00,3389.69
2024-02-01 05:00:00+00:00,3397.74
2024-02-01 05:30:00+00:00,3464.19
2024-02-01 06:00:00+00:00,3596.05
2024-02-01 06:30:00+00:00,3827.25
2024-02-01 07:00:00+00:00,4127.15
2024-02-01 07:30:00+00:00,4500.98
2024-02-01 08:00:00+00:00,4686.55
2024-02-01 08:30:00+00:00,4706.16
2024-02-01 09:00:00+00:00,4744.18
2024-02-01 09:30:00+00:00,4822.83
2024-02-01 10:00:00+00:00,4789.48
2024-02-01 10:30:00+00:00,4738.58
2024-02-01 11:00:00+00:00,4691.63
2024-02-01 11:30:00+00:00,4666.73
2024-02-01 12:00:00+00:00,4636.84
2024-02-01 12:30:00+00:00,4650.07
2024-02-01 13:00:00+00:00,4654.08
2024-02-01 13:30:00+00:00,4535.05
2024-02-01 14:00:00+00:00,4521.17
2024-02-01 14:30:00+00:00,4513.53
2024-02-01 15:00:00+00:00,4526.0
2024-02-01 15:30:00+00:00,4607.96
2024-02-01 16:00:00+00:00,4659.57
2024-02-01 16:30:00+00:00,4779.18
2024-02-01 17:00:00+00:00,4854.18
2024-02-01 17:30:00+00:00,5044.42
2024-02-01 18:00:00+00:00,5124.51
2024-02-01 18:30:00+00:00,5080.34
2024-02-01 19:00:00+00:00,4987.93
2024-02-01 19:30:00+00:00,4910.47
2024-02-01 20:00:00+00:00,4804.75
2024-02-01 20:30:00+00:00,4743.4
2024-02-01 21:00:00+00:00,4618.61
2024-02-01 21:30:00+00:00,4422.62
2024-02-01 22:00:00+00:00,4226.72
2024-02-01 22:30:00+00:00,4034.8
2024-02-01 23:00:00+00:00,3928.73
2024-02-01 23:30:00+00:00,3890.82
2024-02-02 00:00:00+00:00,3736.95
2024-02-02 00:30:00+00:00,3657.39
2024-02-02 01:00:00+00:00,3541.48
2024-02-02 01:30:00+00:00,3575.58
2024-02-02 02:00:00+00:00,3449.21
2024-02-02 02:30:00+00:00,3454.06
2024-02-02 03:00:00+00:00,3407.58
2024-02-02 03:30:00+00:00,3376.78
2024-02-02 04:00:00+00:00,3362.3
2024-02-02 04:30:00+00:00,3364.98
2024-02-02 05:00:00+00:00,3381.0
2024-02-02 05:30:00+00:00,3442.28
2024-02-02 06:00:00+00:00,3522.51
2024-02-02 06:30:00+00:00,3720.28
2024-02-02 07:00:00+00:00,4007.1
2024-02-02 07:30:00+00:00,4331.99
2024-02-02 08:00:00+00:00,4517.05
2024-02-02 08:30:00+00:00,4545.26
2024-02-02 09:00:00+00:00,4598.11
2024-02-02 09:30:00+00:00,4655.51
2024-02-02 10:00:00+00:00,4653.32
2024-02-02 10:30:00+00:00,4616.71
2024-02-02 11:00:00+00:00,4609.04
2024-02-02 11:30:00+00:00,4597.18
2024-02-02 12:00:00+00:00,4579.59
2024-02-02 12:30:00+00:00,4589.8
2024-02-02 13:00:00+00:00,4577.13
2024-02-02 13:30:00+00:00,4511.58
2024-02-02 14:00:00+00:00,4512.83
2024-02-02 14:30:00+00:00,4498.02
2024-02-02 15:00:00+00:00,4494.37
2024-02-02 15:30:00+00:00,4511.37
2024-02-02 16:00:00+00:00,4538.39
2024-02-02 16:30:00+00:00,4617.3
2024-02-02 17:00:00+00:00,4715.56
2024-02-02 17:30:00+00:00,4893.67
2024-02-02 18:00:00+00:00,4969.29
2024-02-02 18:30:00+00:00,4921.05
2024-02-02 19:00:00+00:00,4823.59
2024-02-02 19:30:00+00:00,4717.41
2024-02-02 20:00:00+00:00,4562.98
2024-02-02 20:30:00+00:00,4409.93
2024-02-02 21:00:00+00:00,4335.67
2024-02-02 21:30:00+00:00,4131.71
2024-02-02 22:00:00+00:00,3989.78
2024-02-02 22:30:00+00:00,3887.23
2024-02-02 23:00:00+00:00,3791.37
2024-02-02 23:30:00+00:00,3784.35
2024-02-03 00:00:00+00:00,3680.59
2024-02-03 00:30:00+00:00,3575.53
2024-02-03 01:00:00+00:00,3468.29
2024-02-03 01:30:00+00:00,3316.97
2024-02-03 02:00:00+00:00,3258.15
2024-02-03 02:30:00+00:00,3265.62
2024-02-03 03:00:00+00:00,3207.93
2024-02-03 03:30:00+00:00,3171.27
2024-02-03 04:00:00+00:00,3127.87
2024-02-03 04:30:00+00:00,3096.87
2024-02-03 05:00:00+00:00,3100.3
2024-02-03 05:30:00+00:00,3131.63
2024-02-03 06:00:00+00:00,3183.71
2024-02-03 06:30:00+00:00,3297.54
2024-02-03 07:00:00+00:00,3381.93
2024-02-03 07:30:00+00:00,3512.5
2024-02-03 08:00:00+00:00,3608.24
2024-02-03 08:30:00+00:00,3744.27
2024-02-03 09:00:00+00:00,3862.03
2024-02-03 09:30:00+00:00,4005.82
2024-02-03 10:00:00+00:00,4068.35
2024-02-03 10:30:00+00:00,4106.85
2024-02-03 11:00:00+00:00,4136.47
2024-02-03 11:30:00+00:00,4194.75
2024-02-03 12:00:00+00:00,4210.08
2024-02-03 12:30:00+00:00,4252.28
2024-02-03 13:00:00+00:00,4225.5
2024-02-03 13:30:00+00:00,4161.49
2024-02-03 14:00:00+00:00,4082.17
2024-02-03 14:30:00+00:00,4054.73
2024-02-03 15:00:00+00:00,4047.65
2024-02-03 15:30:00+00:00,4088.57
2024-02-03 16:00:00+00:00,4087.94
2024-02-03 16:30:00+00:00,4171.61
2024-02-03 17:00:00+00:00,4287.82
2024-02-03 17:30:00+00:00,4490.48
2024-02-03 18:00:00+00:00,4568.94
2024-02-03 18:30:00+00:00,4513.08
2024-02-03 19:00:00+00:00,4439.21
2024-02-03 19:30:00+00:00,4345.61
2024-02-03 20:00:00+00:00,4236.19
2024-02-03 20:30:00+00:00,4151.65
2024-02-03 21:00:00+00:00,4056.61
2024-02-03 21:30:00+00:00,3950.23
2024-02-03 22:00:00+00:00,3844.35
2024-02-03 22:30:00+00:00,3715.38
2024-02-03 23:00:00+00:00,3636.34
2024-02-03 23:30:00+00:00,3638.99
2024-02-04 00:00:00+00:00,3557.68
2024-02-04 00:30:00+00:00,3455.42
2024-02-04 01:00:00+00:00,3364.24
2024-02-04 01:30:00+00:00,3260.33
2024-02-04 02:00:00+00:00,3204.63
2024-02-04 02:30:00+00:00,3216.11
2024-02-04 03:00:00+00:00,3172.79
2024-02-04 03:30:00+00:00,3132.54
2024-02-04 04:00:00+00:00,3148.99
2024-02-04 04:30:00+00:00,3140.33
2024-02-04 05:00:00+00:00,3112.31
2024-02-04 05:30:00+00:00,3121.41
2024-02-04 06:00:00+00:00,3103.44
2024-02-04 06:30:00+00:00,3161.52
2024-02-04 07:00:00+00:00,3202.03
2024-02-04 07:30:00+00:00,3323.89
2024-02-04 08:00:00+00:00,3379.48
2024-02-04 08:30:00+00:00,3440.8
2024-02-04 09:00:00+00:00,3572.37
2024-02-04 09:30:00+00:00,3700.62
2024-02-04 10:00:00+00:00,3802.27
2024-02-04 10:30:00+00:00,3873.19
2024-02-04 11:00:00+00:00,3915.36
2024-02-04 11:30:00+00:00,3929.14
2024-02-04 12:00:00+00:00,3965.45
2024-02-04 12:30:00+00:00,3995.66
2024-02-04 13:00:00+00:00,3969.49
2024-02-04 13:30:00+00:00,3955.11
2024-02-04 14:00:00+00:00,3903.08
2024-02-04 14:30:00+00:00,3846.2
2024-02-04 15:00:00+00:00,3866.22
2024-02-04 15:30:00+00:00,3875.75
2024-02-04 16:00:00+00:00,3934.48
2024-02-04 16:30:00+00:00,4015.14
2024-02-04 17:00:00+00:00,4113.57
2024-02-04 17:30:00+00:00,4290.69
2024-02-04 18:00:00+00:00,4398.01
2024-02-04 18:30:00+00:00,4329.14
2024-02-04 19:00:00+00:00,4282.06
2024-02-04 19:30:00+00:00,4228.41
2024-02-04 20:00:00+00:00,4117.39
2024-02-04 20:30:00+00:00,4029.45
2024-02-04 21:00:00+00:00,3925.27
2024-02-04 21:30:00+00:00,3852.88
2024-02-04 22:00:00+00:00,3709.59
2024-02-04 22:30:00+00:00,3597.28
2024-02-04 23:00:00+00:00,3515.17
2024-02-04 23:30:00+00:00,3525.12
2024-02-05 00:00:00+00:00,3433.65
2024-02-05 00:30:00+00:00,3396.41
2024-02-05 01:00:00+00:00,3290.31
2024-02-05 01:30:00+00:00,3220.51
2024-02-05 02:00:00+00:00,3137.59
2024-02-05 02:30:00+00:00,3132.97
2024-02-05 03:00:00+00:00,3102.06
2024-02-05 03:30:00+00:00,3083.36
2024-02-05 04:00:00+00:00,3043.1
2024-02-05 04:30:00+00:00,3036.15
2024-02-05 05:00:00+00:00,3031.98
2024-02-05 05:30:00+00:00,3088.17
2024-02-05 06:00:00+00:00,3152.07
2024-02-05 06:30:00+00:00,3246.47
2024-02-05 07:00:00+00:00,3340.0
2024-02-05 07:30:00+00:00,3429.41
2024-02-05 08:00:00+00:00,3461.01
2024-02-05 08:30:00+00:00,3518.44
2024-02-05 09:00:00+00:00,3627.06
2024-02-05 09:30:00+00:00,3745.29
2024-02-05 10:00:00+00:00,3857.72
2024-02-05 10:30:00+00:00,3946.78
2024-02-05 11:00:00+00:00,3987.33
2024-02-05 11:30:00+00:00,4051.42
2024-02-05 12:00:00+00:00,4075.13
2024-02-05 12:30:00+00:00,4141.44
2024-02-05 13:00:00+00:00,4130.72
2024-02-05 13:30:00+00:00,4104.75
2024-02-05 14:00:00+00:00,4065.89
2024-02-05 14:30:00+00:00,4058.08
2024-02-05 15:00:00+00:00,4008.2
2024-02-05 15:30:00+00:00,4043.39
2024-02-05 16:00:00+00:00,4069.16
2024-02-05 16:30:00+00:00,4182.26
2024-02-05 17:00:00+00:00,4324.61
2024-02-05 17:30:00+00:00,4535.7
2024-02-05 18:00:00+00:00,4679.94
2024-02-05 18:30:00+00:00,4635.52
2024-02-05 19:00:00+00:00,4571.35
2024-02-05 19:30:00+00:00,4528.63
2024-02-05 20:00:00+00:00,4401.3
2024-02-05 20:30:00+00:00,4271.82
2024-02-05 21:00:00+00:00,4158.54
2024-02-05 21:30:00+00:00,3980.02
2024-02-05 22:00:00+00:00,3805.9
2024-02-05 22:30:00+00:00,3614.85
2024-02-05 23:00:00+00:00,3512.06
2024-02-05 23:30:00+00:00,3486.82
2024-02-06 00:00:00+00:00,3361.24
2024-02-06 00:30:00+00:00,3294.23
2024-02-06 01:00:00+00:00,3170.67
2024-02-06 01:30:00+00:00,3112.27
2024-02-06 02:00:00+00:00,3069.36
2024-02-06 02:30:00+00:00,3077.47
2024-02-06 03:00:00+00:00,3029.46
2024-02-06 03:30:00+00:00,2991.34
2024-02-06 04:00:00+00:00,2967.13
2024-02-06 04:30:00+00:00,2981.75
2024-02-06 05:00:00+00:00,3021.09
2024-02-06 05:30:00+00:00,3076.97
2024-02-06 06:00:00+00:00,3239.92
2024-02-06 06:30:00+00:00,3502.42
2024-02-06 07:00:00+00:00,3848.1
2024-02-06 07:30:00+00:00,4238.65
2024-02-06 08:00:00+00:00,4429.34
2024-02-06 08:30:00+00:00,4459.5
2024-02-06 09:00:00+00:00,4534.32
2024-02-06 09:30:00+00:00,4601.72
2024-02-06 10:00:00+00:00,4657.89
2024-02-06 10:30:00+00:00,4662.75
2024-02-06 11:00:00+00:00,4613.37
2024-02-06 11:30:00+00:00,4650.59
2024-02-06 12:00:00+00:00,4705.01
2024-02-06 12:30:00+00:00,4717.92
2024-02-06 13:00:00+00:00,4706.89
2024-02-06 13:30:00+00:00,4683.23
2024-02-06 14:00:00+00:00,4639.42
2024-02-06 14:30:00+00:00,4621.77
2024-02-06 15:00:00+00:00,4613.95
2024-02-06 15:30:00+00:00,4587.52
2024-02-06 16:00:00+00:00,4614.77
2024-02-06 16:30:00+00:00,4735.32
2024-02-06 17:00:00+00:00,4827.72
2024-02-06 17:30:00+00:00,4962.47
2024-02-06 18:00:00+00:00,5074.39
2024-02-06 18:30:00+00:00,5022.37
2024-02-06 19:00:00+00:00,4962.39
2024-02-06 19:30:00+00:00,4878.1
2024-02-06 20:00:00+00:00,4778.98
2024-02-06 20:30:00+00:00,4664.15
2024-02-06 21:00:00+00:00,4545.44
2024-02-06 21:30:00+00:00,4378.54
2024-02-06 22:00:00+00:00,4184.02
2024-02-06 22:30:00+00:00,4010.81
2024-02-06 23:00:00+00:00,3867.2
2024-02-06 23:30:00+00:00,3820.4
2024-02-07 00:00:00+00:00,3684.41
2024-02-07 00:30:00+00:00,3598.53
2024-02-07 01:00:00+00:00,3516.85
2024-02-07 01:30:00+00:00,3451.49
2024-02-07 02:00:00+00:00,3395.72
2024-02-07 02:30:00+00:00,3401.1
2024-02-07 03:00:00+00:00,3368.83
2024-02-07 03:30:00+00:00,3361.19
2024-02-07 04:00:00+00:00,3350.27
2024-02-07 04:30:00+00:00,3336.93
2024-02-07 05:00:00+00:00,3364.03
2024-02-07 05:30:00+00:00,3421.95
2024-02-07 06:00:00+00:00,3550.83
2024-02-07 06:30:00+00:00,3784.83
2024-02-07 07:00:00+00:00,4080.12
2024-02-07 07:30:00+00:00,4440.96
2024-02-07 08:00:00+00:00,4617.22
2024-02-07 08:30:00+00:00,4632.46
2024-02-07 09:00:00+00:00,4684.36
2024-02-07 09:30:00+00:00,4688.75
2024-02-07 10:00:00+00:00,4648.77
2024-02-07 10:30:00+00:00,4638.81
2024-02-07 11:00:00+00:00,4587.56
2024-02-07 11:30:00+00:00,4554.76
2024-02-07 12:00:00+00:00,4533.56
2024-02-07 12:30:00+00:00,4525.23
2024-02-07 13:00:00+00:00,4528.69
2024-02-07 13:30:00+00:00,4457.65
2024-02-07 14:00:00+00:00,4438.3
2024-02-07 14:30:00+00:00,4504.42
2024-02-07 15:00:00+00:00,4533.87
2024-02-07 15:30:00+00:00,4601.68
2024-02-07 16:00:00+00:00,4647.56
2024-02-07 16:30:00+00:00,4734.95
2024-02-07 17:00:00+00:00,4845.89
2024-02-07 17:30:00+00:00,5031.8
2024-02-07 18:00:00+00:00,5176.78
2024-02-07 18:30:00+00:00,5135.19
2024-02-07 19:00:00+00:00,5036.4
2024-02-07 19:30:00+00:00,4956.94
2024-02-07 20:00:00+00:00,4831.81
2024-02-07 20:30:00+00:00,4746.69
2024-02-07 21:00:00+00:00,4653.76
2024-02-07 21:30:00+00:00,4458.33
2024-02-07 22:00:00+00:00,4288.57
2024-02-07 22:30:00+00:00,4085.35
2024-02-07 23:00:00+00:00,3928.05
2024-02-07 23:30:00+00:00,3861.73
2024-02-08 00:00:00+00:00,3744.83
2024-02-08 00:30:00+00:00,3675.37
2024-02-08 01:00:00+00:00,3598.86
2024-02-08 01:30:00+00:00,3519.12
2024-02-08 02:00:00+00:00,3470.06
2024-02-08 02:30:00+00:00,3477.14
2024-02-08 03:00:00+00:00,3431.01
2024-02-08 03:30:00+00:00,3412.48
2024-02-08 04:00:00+00:00,3424.45
2024-02-08 04:30:00+00:00,3398.29
2024-02-08 05:00:00+00:00,3407.79
2024-02-08 05:30:00+00:00,3458.8
2024-02-08 06:00:00+00:00,3618.35
2024-02-08 06:30:00+00:00,3843.42
2024-02-08 07:00:00+00:00,4110.96
2024-02-08 07:30:00+00:00,4452.23
2024-02-08 08:00:00+00:00,4608.61
2024-02-08 08:30:00+00:00,4645.85
2024-02-08 09:00:00+00:00,4658.07
2024-02-08 09:30:00+00:00,4704.5
2024-02-08 10:00:00+00:00,4723.83
2024-02-08 10:30:00+00:00,4735.19
2024-02-08 11:00:00+00:00,4737.02
2024-02-08 11:30:00+00:00,4717.84
2024-02-08 12:00:00+00:00,4701.2
2024-02-08 12:30:00+00:00,4737.78
2024-02-08 13:00:00+00:00,4726.12
2024-02-08 13:30:00+00:00,4733.24
2024-02-08 14:00:00+00:00,4734.04
2024-02-08 14:30:00+00:00,4734.03
2024-02-08 15:00:00+00:00,4734.9
2024-02-08 15:30:00+00:00,4765.23
2024-02-08 16:00:00+00:00,4811.87
2024-02-08 16:30:00+00:00,4886.85
2024-02-08 17:00:00+00:00,4958.36
2024-02-08 17:30:00+00:00,5087.09
2024-02-08 18:00:00+00:00,5164.79
2024-02-08 18:30:00+00:00,5096.51
2024-02-08 19:00:00+00:00,5037.74
2024-02-08 19:30:00+00:00,4961.5
2024-02-08 20:00:00+00:00,4829.37
2024-02-08 20:30:00+00:00,4732.23
2024-02-08 21:00:00+00:00,4606.18
2024-02-08 21:30:00+00:00,4427.17
2024-02-08 22:00:00+00:00,4227.77
2024-02-08 22:30:00+00:00,4054.77
2024-02-08 23:00:00+00:00,3914.0
2024-02-08 23:30:00+00:00,3862.34
2024-02-09 00:00:00+00:00,3733.37
2024-02-09 00:30:00+00:00,3653.64
2024-02-09 01:00:00+00:00,3536.23
2024-02-09 01:30:00+00:00,3474.85
2024-02-09 02:00:00+00:00,3408.59
2024-02-09 02:30:00+00:00,3404.94
2024-02-09 03:00:00+00:00,3359.78
2024-02-09 03:30:00+00:00,3333.39
2024-02-09 04:00:00+00:00,3297.69
2024-02-09 04:30:00+00:00,3290.63
2024-02-09 05:00:00+00:00,3305.61
2024-02-09 05:30:00+00:00,3366.21
2024-02-09 06:00:00+00:00,3492.9
2024-02-09 06:30:00+00:00,3727.73
2024-02-09 07:00:00+00:00,3998.07
2024-02-09 07:30:00+00:00,4345.83
2024-02-09 08:00:00+00:00,4525.53
2024-02-09 08:30:00+00:00,4567.55
2024-02-09 09:00:00+00:00,4604.27
2024-02-09 09:30:00+00:00,4694.27
2024-02-09 10:00:00+00:00,4679.81
2024-02-09 10:30:00+00:00,4664.52
2024-02-09 11:00:00+00:00,4663.39
2024-02-09 11:30:00+00:00,4683.13
2024-02-09 12:00:00+00:00,4663.78
2024-02-09 12:30:00+00:00,4681.55
2024-02-09 13:00:00+00:00,4671.32
2024-02-09 13:30:00+00:00,4604.62
2024-02-09 14:00:00+00:00,4574.28
2024-02-09 14:30:00+00:00,4553.45
2024-02-09 15:00:00+00:00,4548.16
2024-02-09 15:30:00+00:00,4574.16
2024-02-09 16:00:00+00:00,4591.92
2024-02-09 16:30:00+00:00,4636.75
2024-02-09 17:00:00+00:00,4694.4
2024-02-09 17:30:00+00:00,4836.44
2024-02-09 18:00:00+00:00,4990.83
2024-02-09 18:30:00+00:00,4958.52
2024-02-09 19:00:00+00:00,4869.49
2024-02-09 19:30:00+00:00,4795.93
2024-02-09 20:00:00+00:00,4667.56
2024-02-09 20:30:00+00:00,4553.3
2024-02-09 21:00:00+00:00,4437.58
2024-02-09 21:30:00+00:00,4280.44
2024-02-09 22:00:00+00:00,4143.97
2024-02-09 22:30:00+00:00,3974.9
2024-02-09 23:00:00+00:00,3897.89
2024-02-09 23:30:00+00:00,3914.4
2024-02-10 00:00:00+00:00,3760.83
2024-02-10 00:30:00+00:00,3659.77
2024-02-10 01:00:00+00:00,3541.97
2024-02-10 01:30:00+00:00,3451.93
2024-02-10 02:00:00+00:00,3402.98
2024-02-10 02:30:00+00:00,3384.3
2024-02-10 03:00:00+00:00,3321.78
2024-02-10 03:30:00+00:00,3277.2
2024-02-10 04:00:00+00:00,3266.42
2024-02-10 04:30:00+00:00,3246.77
2024-02-10 05:00:00+00:00,3225.09
2024-02-10 05:30:00+00:00,3240.43
2024-02-10 06:00:00+00:00,3269.76
2024-02-10 06:30:00+00:00,3372.42
2024-02-10 07:00:00+00:00,3469.64
2024-02-10 07:30:00+00:00,3610.77
2024-02-10 08:00:00+00:00,3705.09
2024-02-10 08:30:00+00:00,3823.42
2024-02-10 09:00:00+00:00,3965.37
2024-02-10 09:30:00+00:00,4105.69
2024-02-10 10:00:00+00:00,4166.77
2024-02-10 10:30:00+00:00,4213.26
2024-02-10 11:00:00+00:00,4232.13
2024-02-10 11:30:00+00:00,4240.94
2024-02-10 12:00:00+00:00,4235.54
2024-02-10 12:30:00+00:00,4255.45
2024-02-10 13:00:00+00:00,4258.18
2024-02-10 13:30:00+00:00,4234.68
2024-02-10 14:00:00+00:00,4200.78
2024-02-10 14:30:00+00:00,4151.79
2024-02-10 15:00:00+00:00,4163.88
2024-02-10 15:30:00+00:00,4198.87
2024-02-10 16:00:00+00:00,4214.39
2024-02-10 16:30:00+00:00,4294.92
2024-02-10 17:00:00+00:00,4401.34
2024-02-10 17:30:00+00:00,4525.46
2024-02-10 18:00:00+00:00,4701.45
2024-02-10 18:30:00+00:00,4640.43
2024-02-10 19:00:00+00:00,4617.2
2024-02-10 19:30:00+00:00,4499.48
2024-02-10 20:00:00+00:00,4361.79
2024-02-10 20:30:00+00:00,4252.66
2024-02-10 21:00:00+00:00,4152.86
2024-02-10 21:30:00+00:00,4036.58
2024-02-10 22:00:00+00:00,3911.83
2024-02-10 22:30:00+00:00,3756.36
2024-02-10 23:00:00+00:00,3702.67
2024-02-10 23:30:00+00:00,3701.38
2024-02-11 00:00:00+00:00,3600.54
2024-02-11 00:30:00+00:00,3521.79
2024-02-11 01:00:00+00:00,3402.61
2024-02-11 01:30:00+00:00,3328.95
2024-02-11 02:00:00+00:00,3263.72
2024-02-11 02:30:00+00:00,3263.53
2024-02-11 03:00:00+00:00,3191.21
2024-02-11 03:30:00+00:00,3174.04
2024-02-11 04:00:00+00:00,3145.2
2024-02-11 04:30:00+00:00,3127.35
2024-02-11 05:00:00+00:00,3128.86
2024-02-11 05:30:00+00:00,3101.11
2024-02-11 06:00:00+00:00,3115.78
2024-02-11 06:30:00+00:00,3200.48
2024-02-11 07:00:00+00:00,3254.77
2024-02-11 07:30:00+00:00,3345.73
2024-02-11 08:00:00+00:00,3384.49
2024-02-11 08:30:00+00:00,3470.11
2024-02-11 09:00:00+00:00,3571.8
2024-02-11 09:30:00+00:00,3691.27
2024-02-11 10:00:00+00:00,3762.37
2024-02-11 10:30:00+00:00,3831.79
2024-02-11 11:00:00+00:00,3867.84
2024-02-11 11:30:00+00:00,3876.24
2024-02-11 12:00:00+00:00,3920.39
2024-02-11 12:30:00+00:00,3970.43
2024-02-11 13:00:00+00:00,3974.31
2024-02-11 13:30:00+00:00,3961.76
2024-02-11 14:00:00+00:00,3937.85
2024-02-11 14:30:00+00:00,3897.84
2024-02-11 15:00:00+00:00,3901.48
2024-02-11 15:30:00+00:00,3901.47
2024-02-11 16:00:00+00:00,3967.16
2024-02-11 16:30:00+00:00,4042.93
2024-02-11 17:00:00+00:00,4153.48
2024-02-11 17:30:00+00:00,4383.36
2024-02-11 18:00:00+00:00,4547.72
2024-02-11 18:30:00+00:00,4568.77
2024-02-11 19:00:00+00:00,4554.65
2024-02-11 19:30:00+00:00,4488.41
2024-02-11 20:00:00+00:00,4377.87
2024-02-11 20:30:00+00:00,4257.99
2024-02-11 21:00:00+00:00,4149.88
2024-02-11 21:30:00+00:00,4064.2
2024-02-11 22:00:00+00:00,3882.71
2024-02-11 22:30:00+00:00,3751.23
2024-02-11 23:00:00+00:00,3669.97
2024-02-11 23:30:00+00:00,3661.92
2024-02-12 00:00:00+00:00,3554.77
2024-02-12 00:30:00+00:00,3526.41
2024-02-12 01:00:00+00:00,3401.99
2024-02-12 01:30:00+00:00,3291.15
2024-02-12 02:00:00+00:00,3245.96
2024-02-12 02:30:00+00:00,3246.55
2024-02-12 03:00:00+00:00,3204.34
2024-02-12 03:30:00+00:00,3197.36
2024-02-12 04:00:00+00:00,3197.25
2024-02-12 04:30:00+00:00,3196.51
2024-02-12 05:00:00+00:00,3194.19
2024-02-12 05:30:00+00:00,3260.82
2024-02-12 06:00:00+00:00,3384.12
2024-02-12 06:30:00+00:00,3622.55
2024-02-12 07:00:00+00:00,3904.35
2024-02-12 07:30:00+00:00,4207.42
2024-02-12 08:00:00+00:00,4382.54
2024-02-12 08:30:00+00:00,4490.1
2024-02-12 09:00:00+00:00,4540.38
2024-02-12 09:30:00+00:00,4611.72
2024-02-12 10:00:00+00:00,4565.77
2024-02-12 10:30:00+00:00,4539.05
2024-02-12 11:00:00+00:00,4517.04
2024-02-12 11:30:00+00:00,4523.29
2024-02-12 12:00:00+00:00,4528.73
2024-02-12 12:30:00+00:00,4585.49
2024-02-12 13:00:00+00:00,4573.62
2024-02-12 13:30:00+00:00,4527.27
2024-02-12 14:00:00+00:00,4527.6
2024-02-12 14:30:00+00:00,4500.13
2024-02-12 15:00:00+00:00,4519.46
2024-02-12 15:30:00+00:00,4548.08
2024-02-12 16:00:00+00:00,4594.5
2024-02-12 16:30:00+00:00,4697.23
2024-02-12 17:00:00+00:00,4793.49
2024-02-12 17:30:00+00:00,4918.95
2024-02-12 18:00:00+00:00,5105.6
2024-02-12 18:30:00+00:00,5055.86
2024-02-12 19:00:00+00:00,4985.07
2024-02-12 19:30:00+00:00,4925.73
2024-02-12 20:00:00+00:00,4756.54
2024-02-12 20:30:00+00:00,4632.59
2024-02-12 21:00:00+00:00,4501.55
2024-02-12 21:30:00+00:00,4344.16
2024-02-12 22:00:00+00:00,4143.5
2024-02-12 22:30:00+00:00,3957.34
2024-02-12 23:00:00+00:00,3823.12
2024-02-12 23:30:00+00:00,3773.58
2024-02-13 00:00:00+00:00,3657.45
2024-02-13 00:30:00+00:00,3584.9
2024-02-13 01:00:00+00:00,3487.11
2024-02-13 01:30:00+00:00,3415.52
2024-02-13 02:00:00+00:00,3382.23
2024-02-13 02:30:00+00:00,3412.01
2024-02-13 03:00:00+00:00,3368.32
2024-02-13 03:30:00+00:00,3383.49
2024-02-13 04:00:00+00:00,3332.82
2024-02-13 04:30:00+00:00,3290.18
2024-02-13 05:00:00+00:00,3300.98
2024-02-13 05:30:00+00:00,3371.59
2024-02-13 06:00:00+00:00,3504.35
2024-02-13 06:30:00+00:00,3728.37
2024-02-13 07:00:00+00:00,3985.38
2024-02-13 07:30:00+00:00,4300.15
2024-02-13 08:00:00+00:00,4459.04
2024-02-13 08:30:00+00:00,4564.31
2024-02-13 09:00:00+00:00,4637.87
2024-02-13 09:30:00+00:00,4709.26
2024-02-13 10:00:00+00:00,4692.98
2024-02-13 10:30:00+00:00,4675.7
2024-02-13 11:00:00+00:00,4676.02
2024-02-13 11:30:00+00:00,4652.92
2024-02-13 12:00:00+00:00,4655.93
2024-02-13 12:30:00+00:00,4678.68
2024-02-13 14:00:00+00:00,4619.85
2024-02-13 14:30:00+00:00,4609.84
2024-02-13 15:00:00+00:00,4612.46
2024-02-13 15:30:00+00:00,4651.82
2024-02-13 16:00:00+00:00,4695.3
2024-02-13 16:30:00+00:00,4758.6
2024-02-13 17:00:00+00:00,4833.32
2024-02-13 17:30:00+00:00,4990.35
2024-02-13 18:00:00+00:00,5116.59
2024-02-13 18:30:00+00:00,5076.06
2024-02-13 19:00:00+00:00,4991.7
2024-02-13 19:30:00+00:00,4906.87
2024-02-13 20:00:00+00:00,4776.1
2024-02-13 20:30:00+00:00,4677.38
2024-02-13 21:00:00+00:00,4560.73
2024-02-13 21:30:00+00:00,4379.88
2024-02-13 22:00:00+00:00,4189.27
2024-02-13 22:30:00+00:00,4011.53
2024-02-13 23:00:00+00:00,3835.16
2024-02-13 23:30:00+00:00,3774.86
2024-02-14 00:00:00+00:00,3619.49
2024-02-14 00:30:00+00:00,3550.08
2024-02-14 01:00:00+00:00,3439.98
2024-02-14 01:30:00+00:00,3382.29
2024-02-14 02:00:00+00:00,3304.23
2024-02-14 02:30:00+00:00,3429.61
2024-02-14 03:00:00+00:00,3363.22
2024-02-14 03:30:00+00:00,3331.12
2024-02-14 04:00:00+00:00,3193.62
2024-02-14 04:30:00+00:00,3201.37
2024-02-14 05:00:00+00:00,3210.02
2024-02-14 05:30:00+00:00,3271.69
2024-02-14 06:00:00+00:00,3423.66
2024-02-14 06:30:00+00:00,3625.69
2024-02-14 07:00:00+00:00,3878.0
2024-02-14 07:30:00+00:00,4168.22
2024-02-14 08:00:00+00:00,4335.76
2024-02-14 08:30:00+00:00,4422.46
2024-02-14 09:00:00+00:00,4495.53
2024-02-14 09:30:00+00:00,4557.6
2024-02-14 10:00:00+00:00,4551.77
2024-02-14 10:30:00+00:00,4505.93
2024-02-14 11:00:00+00:00,4500.39
2024-02-14 11:30:00+00:00,4516.91
2024-02-14 12:00:00+00:00,4474.71
2024-02-14 12:30:00+00:00,4498.84
2024-02-14 13:00:00+00:00,4489.3
2024-02-14 13:30:00+00:00,4451.22
2024-02-14 14:00:00+00:00,4435.7
2024-02-14 14:30:00+00:00,4438.16
2024-02-14 15:00:00+00:00,4436.08
2024-02-14 15:30:00+00:00,4516.41
2024-02-14 16:00:00+00:00,4533.94
2024-02-14 16:30:00+00:00,4607.82
2024-02-14 17:00:00+00:00,4725.16
2024-02-14 17:30:00+00:00,4879.27
2024-02-14 18:00:00+00:00,5002.71
2024-02-14 18:30:00+00:00,4981.31
2024-02-14 19:00:00+00:00,4861.94
2024-02-14 19:30:00+00:00,4742.43
2024-02-14 20:00:00+00:00,4615.61
2024-02-14 20:30:00+00:00,4472.07
2024-02-14 21:00:00+00:00,4328.18
2024-02-14 21:30:00+00:00,4142.37
2024-02-14 22:00:00+00:00,3980.6
2024-02-14 22:30:00+00:00,3803.61
2024-02-14 23:00:00+00:00,3681.73
2024-02-14 23:30:00+00:00,3654.05
2024-02-15 00:00:00+00:00,3523.96
2024-02-15 00:30:00+00:00,3440.23
2024-02-15 01:00:00+00:00,3372.07
2024-02-15 01:30:00+00:00,3331.48
2024-02-15 02:00:00+00:00,3298.93
2024-02-15 02:30:00+00:00,3285.91
2024-02-15 03:00:00+00:00,3196.93
2024-02-15 03:30:00+00:00,3184.32
2024-02-15 04:00:00+00:00,3166.19
2024-02-15 04:30:00+00:00,3157.79
2024-02-15 05:00:00+00:00,3191.12
2024-02-15 05:30:00+00:00,3256.13
2024-02-15 06:00:00+00:00,3357.66
2024-02-15 06:30:00+00:00,3560.82
2024-02-15 07:00:00+00:00,3804.4
2024-02-15 07:30:00+00:00,4057.56
2024-02-15 08:00:00+00:00,4182.06
2024-02-15 08:30:00+00:00,4320.78
2024-02-15 09:00:00+00:00,4448.3
2024-02-15 09:30:00+00:00,4506.52
2024-02-15 10:00:00+00:00,4514.58
2024-02-15 10:30:00+00:00,4452.21
2024-02-15 11:00:00+00:00,4449.72
2024-02-15 11:30:00+00:00,4438.33
2024-02-15 12:00:00+00:00,4438.64
2024-02-15 12:30:00+00:00,4444.39
2024-02-15 13:00:00+00:00,4406.31
2024-02-15 13:30:00+00:00,4359.57
2024-02-15 14:00:00+00:00,4350.84
2024-02-15 14:30:00+00:00,4331.57
2024-02-15 15:00:00+00:00,4314.99
2024-02-15 15:30:00+00:00,4341.0
2024-02-15 16:00:00+00:00,4372.1
2024-02-15 16:30:00+00:00,4452.05
2024-02-15 17:00:00+00:00,4501.99
2024-02-15 17:30:00+00:00,4658.08
2024-02-15 18:00:00+00:00,4824.95
2024-02-15 18:30:00+00:00,4865.62
2024-02-15 19:00:00+00:00,4801.43
2024-02-15 19:30:00+00:00,4735.48
2024-02-15 20:00:00+00:00,4625.46
2024-02-15 20:30:00+00:00,4503.1
2024-02-15 21:00:00+00:00,4377.76
2024-02-15 21:30:00+00:00,4226.29
2024-02-15 22:00:00+00:00,4049.83
2024-02-15 22:30:00+00:00,3876.8
2024-02-15 23:00:00+00:00,3775.88
2024-02-15 23:30:00+00:00,3724.36
2024-02-16 00:00:00+00:00,3577.04
2024-02-16 00:30:00+00:00,3523.15
2024-02-16 01:00:00+00:00,3409.07
2024-02-16 01:30:00+00:00,3349.01
2024-02-16 02:00:00+00:00,3259.24
2024-02-16 02:30:00+00:00,3262.64
2024-02-16 03:00:00+00:00,3224.04
2024-02-16 03:30:00+00:00,3195.75
2024-02-16 04:00:00+00:00,3192.27
2024-02-16 04:30:00+00:00,3174.37
2024-02-16 05:00:00+00:00,3184.89
2024-02-16 05:30:00+00:00,3248.01
2024-02-16 06:00:00+00:00,3361.08
2024-02-16 06:30:00+00:00,3571.52
2024-02-16 07:00:00+00:00,3700.32
2024-02-16 07:30:00+00:00,3981.39
2024-02-16 08:00:00+00:00,4124.14
2024-02-16 08:30:00+00:00,4269.14
2024-02-16 09:00:00+00:00,4375.14
2024-02-16 09:30:00+00:00,4447.01
2024-02-16 10:00:00+00:00,4434.88
2024-02-16 10:30:00+00:00,4415.65
2024-02-16 11:00:00+00:00,4398.39
2024-02-16 11:30:00+00:00,4384.57
2024-02-16 12:00:00+00:00,4384.92
2024-02-16 12:30:00+00:00,4388.88
2024-02-16 13:00:00+00:00,4410.22
2024-02-16 13:30:00+00:00,4355.7
2024-02-16 14:00:00+00:00,4312.4
2024-02-16 14:30:00+00:00,4309.32
2024-02-16 15:00:00+00:00,4265.41
2024-02-16 15:30:00+00:00,4263.93
2024-02-16 16:00:00+00:00,4284.07
2024-02-16 16:30:00+00:00,4344.55
2024-02-16 17:00:00+00:00,4364.36
2024-02-16 17:30:00+00:00,4474.63
2024-02-16 18:00:00+00:00,4660.31
2024-02-16 18:30:00+00:00,4748.95
2024-02-16 19:00:00+00:00,4672.64
2024-02-16 19:30:00+00:00,4621.47
2024-02-16 20:00:00+00:00,4468.99
2024-02-16 20:30:00+00:00,4365.34
2024-02-16 21:00:00+00:00,4251.36
2024-02-16 21:30:00+00:00,4089.04
2024-02-16 22:00:00+00:00,3957.46
2024-02-16 22:30:00+00:00,3811.07
2024-02-16 23:00:00+00:00,3713.25
2024-02-16 23:30:00+00:00,3700.99
2024-02-17 00:00:00+00:00,3585.42
2024-02-17 00:30:00+00:00,3489.66
2024-02-17 01:00:00+00:00,3374.39
2024-02-17 01:30:00+00:00,3282.82
2024-02-17 02:00:00+00:00,3198.93
2024-02-17 02:30:00+00:00,3213.5
2024-02-17 03:00:00+00:00,3162.12
2024-02-17 03:30:00+00:00,3127.65
2024-02-17 04:00:00+00:00,3120.81
2024-02-17 04:30:00+00:00,3098.45
2024-02-17 05:00:00+00:00,3098.6
2024-02-17 05:30:00+00:00,3115.73
2024-02-17 06:00:00+00:00,3162.28
2024-02-17 06:30:00+00:00,3205.0
2024-02-17 07:00:00+00:00,3311.34
2024-02-17 07:30:00+00:00,3449.91
2024-02-17 08:00:00+00:00,3488.85
2024-02-17 08:30:00+00:00,3645.02
2024-02-17 09:00:00+00:00,3824.78
2024-02-17 09:30:00+00:00,3930.98
2024-02-17 10:00:00+00:00,4053.07
2024-02-17 10:30:00+00:00,4098.54
2024-02-17 11:00:00+00:00,4156.37
2024-02-17 11:30:00+00:00,4165.78
2024-02-17 12:00:00+00:00,4159.3
2024-02-17 12:30:00+00:00,4196.6
2024-02-17 13:00:00+00:00,4179.69
2024-02-17 13:30:00+00:00,4150.85
2024-02-17 14:00:00+00:00,4064.52
2024-02-17 14:30:00+00:00,4023.9
2024-02-17 15:00:00+00:00,4024.75
2024-02-17 15:30:00+00:00,4011.34
2024-02-17 16:00:00+00:00,4029.64
2024-02-17 16:30:00+00:00,4072.98
2024-02-17 17:00:00+00:00,4167.96
2024-02-17 17:30:00+00:00,4321.45
2024-02-17 18:00:00+00:00,4468.42
2024-02-17 18:30:00+00:00,4477.6
2024-02-17 19:00:00+00:00,4389.7
2024-02-17 19:30:00+00:00,4291.93
2024-02-17 20:00:00+00:00,4138.11
2024-02-17 20:30:00+00:00,4033.71
2024-02-17 21:00:00+00:00,3918.22
2024-02-17 21:30:00+00:00,3810.42
2024-02-18 00:00:00+00:00,3445.99
2024-02-18 00:30:00+00:00,3357.84
2024-02-18 01:00:00+00:00,3277.28
2024-02-18 01:30:00+00:00,3218.29
2024-02-18 02:00:00+00:00,3137.78
2024-02-18 02:30:00+00:00,3132.69
2024-02-18 03:00:00+00:00,3066.27
2024-02-18 03:30:00+00:00,3049.86
2024-02-18 05:00:00+00:00,2978.39
2024-02-18 05:30:00+00:00,2997.75
2024-02-18 06:00:00+00:00,3022.96
2024-02-18 06:30:00+00:00,3082.28
2024-02-18 07:00:00+00:00,3141.04
2024-02-18 07:30:00+00:00,3196.42
2024-02-18 09:00:00+00:00,3485.04
2024-02-18 09:30:00+00:00,3597.54
2024-02-18 10:00:00+00:00,3685.97
2024-02-18 10:30:00+00:00,3734.59
2024-02-18 11:00:00+00:00,3800.12
2024-02-18 11:30:00+00:00,3831.07
2024-02-18 12:00:00+00:00,3841.85
2024-02-18 12:30:00+00:00,3867.98
2024-02-18 13:00:00+00:00,3889.05
2024-02-18 13:30:00+00:00,3855.04
2024-02-18 16:00:00+00:00,3835.62
2024-02-18 16:30:00+00:00,3957.67
2024-02-18 17:00:00+00:00,4034.44
2024-02-18 17:30:00+00:00,4186.92
2024-02-18 18:00:00+00:00,4384.88
2024-02-18 18:30:00+00:00,4454.86
2024-02-18 19:00:00+00:00,4421.47
2024-02-18 19:30:00+00:00,4331.1
2024-02-18 20:00:00+00:00,4245.84
2024-02-18 20:30:00+00:00,4146.85
2024-02-18 21:00:00+00:00,4065.84
2024-02-18 21:30:00+00:00,3866.68
2024-02-18 22:00:00+00:00,3719.31
2024-02-18 22:30:00+00:00,3526.83
2024-02-18 23:00:00+00:00,3438.62
2024-02-18 23:30:00+00:00,3407.6
2024-02-19 00:00:00+00:00,3311.6
2024-02-19 00:30:00+00:00,3267.5
2024-02-19 01:00:00+00:00,3198.14
2024-02-19 01:30:00+00:00,3134.36
2024-02-19 03:00:00+00:00,3066.75
2024-02-19 03:30:00+00:00,3014.8
2024-02-19 04:00:00+00:00,3019.41
2024-02-19 04:30:00+00:00,3028.06
2024-02-19 05:00:00+00:00,3048.61
2024-02-19 05:30:00+00:00,3112.29
2024-02-19 06:00:00+00:00,3264.06
2024-02-19 06:30:00+00:00,3488.39
2024-02-19 07:00:00+00:00,3781.11
2024-02-19 07:30:00+00:00,4080.1
2024-02-19 08:00:00+00:00,4212.8
2024-02-19 08:30:00+00:00,4298.85
2024-02-19 09:00:00+00:00,4347.49
2024-02-19 09:30:00+00:00,4406.06
2024-02-19 10:00:00+00:00,4385.95
2024-02-19 10:30:00+00:00,4387.02
2024-02-19 11:00:00+00:00,4337.72
2024-02-19 11:30:00+00:00,4345.85
2024-02-19 12:00:00+00:00,4345.69
2024-02-19 12:30:00+00:00,4371.27
2024-02-19 13:00:00+00:00,4393.08
2024-02-19 13:30:00+00:00,4332.18
2024-02-19 14:00:00+00:00,4327.16
2024-02-19 14:30:00+00:00,4307.57
2024-02-19 15:00:00+00:00,4309.41
2024-02-19 15:30:00+00:00,4364.52
2024-02-19 16:00:00+00:00,4394.39
2024-02-19 16:30:00+00:00,4499.07
2024-02-19 17:00:00+00:00,4557.73
2024-02-19 17:30:00+00:00,4688.62
2024-02-19 18:00:00+00:00,4882.41
2024-02-19 18:30:00+00:00,4918.24
2024-02-19 19:00:00+00:00,4814.03
2024-02-19 19:30:00+00:00,4719.22
2024-02-19 20:00:00+00:00,4616.8
2024-02-19 20:30:00+00:00,4525.03
2024-02-19 21:00:00+00:00,4417.28
2024-02-19 21:30:00+00:00,4247.51
2024-02-19 22:00:00+00:00,4012.95
2024-02-19 22:30:00+00:00,3854.48
2024-02-19 23:00:00+00:00,3734.68
2024-02-19 23:30:00+00:00,3677.75
2024-02-20 00:00:00+00:00,3550.42
2024-02-20 00:30:00+00:00,3458.79
2024-02-20 01:00:00+00:00,3408.5
2024-02-20 01:30:00+00:00,3327.17
2024-02-20 02:00:00+00:00,3339.65
2024-02-20 02:30:00+00:00,3321.34
2024-02-20 03:00:00+00:00,3359.18
2024-02-20 03:30:00+00:00,3326.13
2024-02-20 04:00:00+00:00,3255.92
2024-02-20 04:30:00+00:00,3234.96
2024-02-20 05:00:00+00:00,3264.99
2024-02-20 05:30:00+00:00,3262.83
2024-02-20 06:00:00+00:00,3421.21
2024-02-20 06:30:00+00:00,3649.05
2024-02-20 07:00:00+00:00,3950.23
2024-02-20 07:30:00+00:00,4319.76
2024-02-20 08:00:00+00:00,4422.64
2024-02-20 08:30:00+00:00,4448.35
2024-02-20 09:00:00+00:00,4518.12
2024-02-20 09:30:00+00:00,4572.81
2024-02-20 10:00:00+00:00,4534.35
2024-02-20 10:30:00+00:00,4544.57
2024-02-20 11:00:00+00:00,4498.35
2024-02-20 11:30:00+00:00,4473.91
2024-02-20 12:00:00+00:00,4447.9
2024-02-20 12:30:00+00:00,4457.29
2024-02-20 13:00:00+00:00,4474.67
2024-02-20 13:30:00+00:00,4439.05
2024-02-20 14:00:00+00:00,4392.48
2024-02-20 14:30:00+00:00,4356.44
2024-02-20 15:00:00+00:00,4317.57
2024-02-20 15:30:00+00:00,4327.93
2024-02-20 16:00:00+00:00,4387.67
2024-02-20 16:30:00+00:00,4434.45
2024-02-20 17:00:00+00:00,4519.34
2024-02-20 17:30:00+00:00,4710.6
2024-02-20 18:00:00+00:00,4780.68
2024-02-20 18:30:00+00:00,4878.62
2024-02-20 19:00:00+00:00,4867.48
2024-02-20 19:30:00+00:00,4790.3
2024-02-20 20:00:00+00:00,4679.07
2024-02-20 20:30:00+00:00,4580.29
2024-02-20 21:00:00+00:00,4446.0
2024-02-20 21:30:00+00:00,4258.07
2024-02-20 22:00:00+00:00,4059.87
2024-02-20 22:30:00+00:00,3862.37
2024-02-20 23:00:00+00:00,3709.64
2024-02-20 23:30:00+00:00,3666.41
2024-02-21 00:00:00+00:00,3558.9
2024-02-21 00:30:00+00:00,3454.88
2024-02-21 01:00:00+00:00,3381.12
2024-02-21 01:30:00+00:00,3298.01
2024-02-21 02:00:00+00:00,3320.68
2024-02-21 02:30:00+00:00,3486.48
2024-02-21 03:00:00+00:00,3387.29
2024-02-21 03:30:00+00:00,3311.54
2024-02-21 04:00:00+00:00,3294.29
2024-02-21 04:30:00+00:00,3290.75
2024-02-21 05:00:00+00:00,3308.14
2024-02-21 05:30:00+00:00,3368.77
2024-02-21 06:00:00+00:00,3497.2
2024-02-21 06:30:00+00:00,3733.69
2024-02-21 07:00:00+00:00,3993.89
2024-02-21 07:30:00+00:00,4306.5
2024-02-21 08:00:00+00:00,4437.09
2024-02-21 08:30:00+00:00,4479.56
2024-02-21 09:00:00+00:00,4488.06
2024-02-21 09:30:00+00:00,4534.58
2024-02-21 10:00:00+00:00,4496.23
2024-02-21 10:30:00+00:00,4479.71
2024-02-21 11:00:00+00:00,4441.3
2024-02-21 11:30:00+00:00,4404.02
2024-02-21 12:00:00+00:00,4342.64
2024-02-21 12:30:00+00:00,4361.95
2024-02-21 13:00:00+00:00,4348.24
2024-02-21 13:30:00+00:00,4275.96
2024-02-21 14:00:00+00:00,4176.48
2024-02-21 14:30:00+00:00,4236.61
2024-02-21 15:00:00+00:00,4210.51
2024-02-21 15:30:00+00:00,4300.76
2024-02-21 16:00:00+00:00,4413.4
2024-02-21 16:30:00+00:00,4424.44
2024-02-21 17:00:00+00:00,4474.15
2024-02-21 17:30:00+00:00,4594.19
2024-02-21 18:00:00+00:00,4744.81
2024-02-21 18:30:00+00:00,4916.22
2024-02-21 19:00:00+00:00,4857.94
2024-02-21 19:30:00+00:00,4805.18
2024-02-21 20:00:00+00:00,4694.27
2024-02-21 20:30:00+00:00,4584.6
2024-02-21 21:00:00+00:00,4470.03
2024-02-21 21:30:00+00:00,4311.58
2024-02-21 22:00:00+00:00,4126.12
2024-02-21 22:30:00+00:00,3926.63
2024-02-21 23:00:00+00:00,3784.19
2024-02-21 23:30:00+00:00,3715.05
2024-02-22 00:00:00+00:00,3572.07
2024-02-22 00:30:00+00:00,3524.47
2024-02-22 01:00:00+00:00,3416.39
2024-02-22 01:30:00+00:00,3333.68
2024-02-22 02:00:00+00:00,3274.29
2024-02-22 02:30:00+00:00,3289.22
2024-02-22 03:00:00+00:00,3257.45
2024-02-22 03:30:00+00:00,3212.26
2024-02-22 04:00:00+00:00,3217.17
2024-02-22 04:30:00+00:00,3195.39
2024-02-22 05:00:00+00:00,3236.49
2024-02-22 05:30:00+00:00,3302.85
2024-02-22 06:00:00+00:00,3437.03
2024-02-22 06:30:00+00:00,3633.39
2024-02-22 07:00:00+00:00,3960.63
2024-02-22 07:30:00+00:00,4252.88
2024-02-22 08:00:00+00:00,4405.65
2024-02-22 08:30:00+00:00,4454.21
2024-02-22 09:00:00+00:00,4581.8
2024-02-22 09:30:00+00:00,4580.2
2024-02-22 10:00:00+00:00,4553.98
2024-02-22 10:30:00+00:00,4535.76
2024-02-22 11:00:00+00:00,4483.29
2024-02-22 11:30:00+00:00,4501.7
2024-02-22 13:00:00+00:00,4374.25
2024-02-22 13:30:00+00:00,4297.42
2024-02-22 14:00:00+00:00,4290.87
2024-02-22 14:30:00+00:00,4299.08
2024-02-22 15:00:00+00:00,4337.85
2024-02-22 15:30:00+00:00,4442.43
2024-02-22 16:00:00+00:00,4477.1
2024-02-22 16:30:00+00:00,4579.93
2024-02-22 17:00:00+00:00,4695.49
2024-02-22 17:30:00+00:00,4785.46
2024-02-22 18:00:00+00:00,4946.56
2024-02-22 18:30:00+00:00,4962.16
2024-02-22 19:00:00+00:00,5006.24
2024-02-22 19:30:00+00:00,4937.61
2024-02-22 20:00:00+00:00,4863.55
2024-02-22 20:30:00+00:00,4734.02
2024-02-22 21:00:00+00:00,4620.92
2024-02-22 21:30:00+00:00,4421.9
2024-02-22 22:00:00+00:00,4244.45
2024-02-22 22:30:00+00:00,4038.52
2024-02-22 23:00:00+00:00,3916.29
2024-02-22 23:30:00+00:00,3856.22
2024-02-23 00:00:00+00:00,3737.55
2024-02-23 00:30:00+00:00,3618.96
2024-02-23 02:00:00+00:00,3434.48
2024-02-23 02:30:00+00:00,3463.33
2024-02-23 03:00:00+00:00,3357.34
2024-02-23 03:30:00+00:00,3388.63
2024-02-23 04:00:00+00:00,3300.82
2024-02-23 04:30:00+00:00,3338.46
2024-02-23 05:00:00+00:00,3327.01
2024-02-23 05:30:00+00:00,3416.44
2024-02-23 06:00:00+00:00,3543.11
2024-02-23 06:30:00+00:00,3790.74
2024-02-23 07:00:00+00:00,4061.44
2024-02-23 07:30:00+00:00,4402.55
2024-02-23 08:00:00+00:00,4539.8
2024-02-23 08:30:00+00:00,4548.16
2024-02-23 09:00:00+00:00,4622.05
2024-02-23 09:30:00+00:00,4701.87
2024-02-23 10:00:00+00:00,4688.39
2024-02-23 10:30:00+00:00,4642.62
2024-02-23 11:00:00+00:00,4649.52
2024-02-23 11:30:00+00:00,4630.63
2024-02-23 12:00:00+00:00,4607.41
2024-02-23 12:30:00+00:00,4536.96
2024-02-23 13:00:00+00:00,4480.3
2024-02-23 13:30:00+00:00,4411.75
2024-02-23 14:00:00+00:00,4365.5
2024-02-23 14:30:00+00:00,4355.29
2024-02-23 15:00:00+00:00,4342.69
2024-02-23 15:30:00+00:00,4418.59
2024-02-23 16:00:00+00:00,4480.4
2024-02-23 16:30:00+00:00,4476.33
2024-02-23 17:00:00+00:00,4553.06
2024-02-23 17:30:00+00:00,4666.03
2024-02-23 18:00:00+00:00,4813.82
2024-02-23 18:30:00+00:00,4943.55
2024-02-23 19:00:00+00:00,4906.09
2024-02-23 19:30:00+00:00,4812.51
2024-02-23 20:00:00+00:00,4713.73
2024-02-23 20:30:00+00:00,4604.65
2024-02-23 21:00:00+00:00,4498.64
2024-02-23 21:30:00+00:00,4300.29
2024-02-23 22:00:00+00:00,4197.38
2024-02-23 22:30:00+00:00,3982.0
2024-02-23 23:00:00+00:00,3896.74
2024-02-23 23:30:00+00:00,3891.94
2024-02-24 00:00:00+00:00,3787.64
2024-02-24 00:30:00+00:00,3691.27
2024-02-24 01:00:00+00:00,3563.26
2024-02-24 01:30:00+00:00,3484.83
2024-02-24 02:00:00+00:00,3435.07
2024-02-24 02:30:00+00:00,3462.68
2024-02-24 03:00:00+00:00,3397.61
2024-02-24 03:30:00+00:00,3342.25
2024-02-24 04:00:00+00:00,3330.47
2024-02-24 04:30:00+00:00,3299.14
2024-02-24 05:00:00+00:00,3270.17
2024-02-24 05:30:00+00:00,3274.63
2024-02-24 06:00:00+00:00,3342.9
2024-02-24 06:30:00+00:00,3424.08
2024-02-24 07:00:00+00:00,3522.32
2024-02-24 07:30:00+00:00,3617.1
2024-02-24 08:00:00+00:00,3737.46
2024-02-24 08:30:00+00:00,3887.83
2024-02-24 09:00:00+00:00,4034.15
2024-02-24 09:30:00+00:00,4138.8
2024-02-24 10:00:00+00:00,4132.65
2024-02-24 10:30:00+00:00,4139.24
2024-02-24 11:00:00+00:00,4115.42
2024-02-24 11:30:00+00:00,4095.27
2024-02-24 12:00:00+00:00,4099.0
2024-02-24 12:30:00+00:00,4104.7
2024-02-24 13:00:00+00:00,4123.43
2024-02-24 13:30:00+00:00,4100.56
2024-02-24 14:00:00+00:00,4051.44
2024-02-24 14:30:00+00:00,4002.05
2024-02-24 15:00:00+00:00,3991.45
2024-02-24 15:30:00+00:00,4003.22
2024-02-24 16:00:00+00:00,4018.24
2024-02-24 16:30:00+00:00,4156.89
2024-02-24 17:00:00+00:00,4241.54
2024-02-24 17:30:00+00:00,4365.42
2024-02-24 18:00:00+00:00,4490.92
2024-02-24 18:30:00+00:00,4593.78
2024-02-24 19:00:00+00:00,4590.97
2024-02-24 19:30:00+00:00,4502.86
2024-02-24 20:00:00+00:00,4369.28
2024-02-24 20:30:00+00:00,4259.91
2024-02-24 21:00:00+00:00,4150.26
2024-02-24 21:30:00+00:00,4026.67
2024-02-24 22:00:00+00:00,3894.15
2024-02-24 22:30:00+00:00,3758.11
2024-02-24 23:00:00+00:00,3704.48
2024-02-24 23:30:00+00:00,3679.13
2024-02-25 00:00:00+00:00,3583.34
2024-02-25 00:30:00+00:00,3541.15
2024-02-25 01:00:00+00:00,3429.14
2024-02-25 01:30:00+00:00,3370.99
2024-02-25 02:00:00+00:00,3286.71
2024-02-25 02:30:00+00:00,3303.39
2024-02-25 03:00:00+00:00,3227.86
2024-02-25 03:30:00+00:00,3189.84
2024-02-25 04:00:00+00:00,3147.93
2024-02-25 04:30:00+00:00,3103.04
2024-02-25 05:00:00+00:00,3115.92
2024-02-25 05:30:00+00:00,3117.23
2024-02-25 06:00:00+00:00,3152.01
2024-02-25 06:30:00+00:00,3224.86
2024-02-25 07:00:00+00:00,3309.54
2024-02-25 07:30:00+00:00,3380.13
2024-02-25 08:00:00+00:00,3461.25
2024-02-25 08:30:00+00:00,3597.14
2024-02-25 09:00:00+00:00,3743.86
2024-02-25 09:30:00+00:00,3890.93
2024-02-25 10:00:00+00:00,3985.42
2024-02-25 10:30:00+00:00,4073.68
2024-02-25 11:00:00+00:00,4107.62
2024-02-25 11:30:00+00:00,4154.79
2024-02-25 12:00:00+00:00,4198.51
2024-02-25 12:30:00+00:00,4218.91
2024-02-25 13:00:00+00:00,4242.02
2024-02-25 13:30:00+00:00,4231.3
2024-02-25 14:00:00+00:00,4194.15
2024-02-25 14:30:00+00:00,4151.36
2024-02-25 15:00:00+00:00,4105.06
2024-02-25 15:30:00+00:00,4089.77
2024-02-25 16:00:00+00:00,4173.53
2024-02-25 16:30:00+00:00,4227.05
2024-02-25 17:00:00+00:00,4319.05
2024-02-25 17:30:00+00:00,4468.85
2024-02-25 18:00:00+00:00,4579.12
2024-02-25 18:30:00+00:00,4718.74
2024-02-25 19:00:00+00:00,4707.99
2024-02-25 19:30:00+00:00,4666.76
2024-02-25 20:00:00+00:00,4524.92
2024-02-25 20:30:00+00:00,4450.7
2024-02-25 21:00:00+00:00,4315.93
2024-02-25 21:30:00+00:00,4175.28
2024-02-25 22:00:00+00:00,3976.09
2024-02-25 22:30:00+00:00,3805.56
2024-02-25 23:00:00+00:00,3673.62
2024-02-25 23:30:00+00:00,3659.74
2024-02-26 00:00:00+00:00,3560.39
2024-02-26 00:30:00+00:00,3461.11
2024-02-26 01:00:00+00:00,3382.08
2024-02-26 01:30:00+00:00,3316.09
2024-02-26 02:00:00+00:00,3293.95
2024-02-26 02:30:00+00:00,3298.78
2024-02-26 03:00:00+00:00,3275.13
2024-02-26 03:30:00+00:00,3264.42
2024-02-26 04:00:00+00:00,3265.63
2024-02-26 04:30:00+00:00,3238.19
2024-02-26 05:00:00+00:00,3239.46
2024-02-26 05:30:00+00:00,3313.33
2024-02-26 06:00:00+00:00,3458.69
2024-02-26 06:30:00+00:00,3722.41
2024-02-26 07:00:00+00:00,4070.61
2024-02-26 07:30:00+00:00,4329.51
2024-02-26 08:00:00+00:00,4480.4
2024-02-26 08:30:00+00:00,4520.24
2024-02-26 09:00:00+00:00,4544.59
2024-02-26 09:30:00+00:00,4577.9
2024-02-26 10:00:00+00:00,4542.94
2024-02-26 10:30:00+00:00,4495.43
2024-02-26 11:00:00+00:00,4431.93
2024-02-26 11:30:00+00:00,4430.65
2024-02-26 12:00:00+00:00,4391.37
2024-02-26 12:30:00+00:00,4337.36
2024-02-26 13:00:00+00:00,4318.67
2024-02-26 13:30:00+00:00,4299.08
2024-02-26 14:00:00+00:00,4294.25
2024-02-26 14:30:00+00:00,4279.87
2024-02-26 15:00:00+00:00,4255.89
2024-02-26 15:30:00+00:00,4308.04
2024-02-26 16:00:00+00:00,4340.34
2024-02-26 16:30:00+00:00,4461.64
2024-02-26 17:00:00+00:00,4588.29
2024-02-26 17:30:00+00:00,4723.15
2024-02-26 18:00:00+00:00,4833.4
2024-02-26 18:30:00+00:00,5007.81
2024-02-26 19:00:00+00:00,4973.75
2024-02-26 19:30:00+00:00,4989.66
2024-02-26 20:00:00+00:00,4884.07
2024-02-26 20:30:00+00:00,4762.26
2024-02-26 21:00:00+00:00,4613.5
2024-02-26 21:30:00+00:00,4425.61
2024-02-26 22:00:00+00:00,4223.0
2024-02-26 22:30:00+00:00,4029.77
2024-02-26 23:00:00+00:00,3858.89
2024-02-26 23:30:00+00:00,3804.24
2024-02-27 00:00:00+00:00,3678.86
2024-02-27 00:30:00+00:00,3585.9
2024-02-27 01:00:00+00:00,3504.42
2024-02-27 01:30:00+00:00,3400.14
2024-02-27 02:00:00+00:00,3388.4
2024-02-27 02:30:00+00:00,3424.55
2024-02-27 03:00:00+00:00,3365.74
2024-02-27 03:30:00+00:00,3342.7
2024-02-27 04:00:00+00:00,3327.23
2024-02-27 04:30:00+00:00,3372.13
2024-02-27 05:00:00+00:00,3397.68
2024-02-27 05:30:00+00:00,3408.22
2024-02-27 06:00:00+00:00,3510.35
2024-02-27 06:30:00+00:00,3717.28
2024-02-27 07:00:00+00:00,4036.67
2024-02-27 07:30:00+00:00,4337.86
2024-02-27 08:00:00+00:00,4518.86
2024-02-27 08:30:00+00:00,4554.35
2024-02-27 09:00:00+00:00,4598.24
2024-02-27 09:30:00+00:00,4631.37
2024-02-27 10:00:00+00:00,4553.97
2024-02-27 10:30:00+00:00,4512.11
2024-02-27 11:00:00+00:00,4528.43
2024-02-27 11:30:00+00:00,4522.3
2024-02-27 12:00:00+00:00,4512.71
2024-02-27 12:30:00+00:00,4528.39
2024-02-27 13:00:00+00:00,4491.22
2024-02-27 13:30:00+00:00,4382.23
2024-02-27 14:00:00+00:00,4348.74
2024-02-27 14:30:00+00:00,4365.92
2024-02-27 16:00:00+00:00,4368.16
2024-02-27 16:30:00+00:00,4467.18
2024-02-27 17:00:00+00:00,4579.93
2024-02-27 17:30:00+00:00,4699.79
2024-02-27 18:00:00+00:00,4806.43
2024-02-27 18:30:00+00:00,4929.82
2024-02-27 19:00:00+00:00,4917.29
2024-02-27 19:30:00+00:00,4898.61
2024-02-27 20:00:00+00:00,4822.13
2024-02-27 20:30:00+00:00,4728.82
2024-02-27 21:00:00+00:00,4591.77
2024-02-27 21:30:00+00:00,4410.93
2024-02-27 22:00:00+00:00,4217.81
2024-02-27 22:30:00+00:00,3986.26
2024-02-27 23:00:00+00:00,3839.88
2024-02-27 23:30:00+00:00,3807.01
2024-02-28 00:00:00+00:00,3667.0
2024-02-28 00:30:00+00:00,3578.3
2024-02-28 01:00:00+00:00,3485.05
2024-02-28 01:30:00+00:00,3413.87
2024-02-28 02:00:00+00:00,3356.34
2024-02-28 02:30:00+00:00,3374.46
2024-02-28 03:00:00+00:00,3337.12
2024-02-28 03:30:00+00:00,3358.41
2024-02-28 04:00:00+00:00,3353.78
2024-02-28 04:30:00+00:00,3412.47
2024-02-28 05:00:00+00:00,3438.18
2024-02-28 05:30:00+00:00,3464.57
2024-02-28 06:00:00+00:00,3637.55
2024-02-28 06:30:00+00:00,3793.49
2024-02-28 07:00:00+00:00,4089.42
2024-02-28 07:30:00+00:00,4386.5
2024-02-28 08:00:00+00:00,4531.82
2024-02-28 08:30:00+00:00,4570.62
2024-02-28 09:00:00+00:00,4618.84
2024-02-28 09:30:00+00:00,4651.47
2024-02-28 10:00:00+00:00,4611.81
2024-02-28 10:30:00+00:00,4517.41
2024-02-28 11:00:00+00:00,4539.26
2024-02-28 11:30:00+00:00,4525.01
2024-02-28 12:00:00+00:00,4494.98
2024-02-28 12:30:00+00:00,4535.8
2024-02-28 13:00:00+00:00,4548.15
2024-02-28 13:30:00+00:00,4483.39
2024-02-28 14:00:00+00:00,4496.31
2024-02-28 14:30:00+00:00,4480.61
2024-02-28 15:00:00+00:00,4528.02
2024-02-28 15:30:00+00:00,4560.16
2024-02-28 16:00:00+00:00,4659.71
2024-02-28 16:30:00+00:00,4699.87
2024-02-28 17:00:00+00:00,4763.68
2024-02-28 17:30:00+00:00,4889.78
2024-02-28 18:00:00+00:00,4951.31
2024-02-28 18:30:00+00:00,5020.54
2024-02-28 19:00:00+00:00,5023.69
2024-02-28 19:30:00+00:00,4926.74
2024-02-28 20:00:00+00:00,4791.91
2024-02-28 20:30:00+00:00,4655.92
2024-02-28 21:00:00+00:00,4546.69
2024-02-28 21:30:00+00:00,4338.73
2024-02-28 22:00:00+00:00,4171.45
2024-02-28 22:30:00+00:00,3995.07
2024-02-28 23:00:00+00:00,3833.27
2024-02-28 23:30:00+00:00,3779.38
2024-02-29 00:00:00+00:00,3660.55
2024-02-29 00:30:00+00:00,3600.24
2024-02-29 01:00:00+00:00,3534.93
2024-02-29 01:30:00+00:00,3459.7
2024-02-29 02:00:00+00:00,3413.36
2024-02-29 02:30:00+00:00,3426.95
2024-02-29 03:00:00+00:00,3374.43
2024-02-29 03:30:00+00:00,3347.26
2024-02-29 04:00:00+00:00,3357.92
2024-02-29 04:30:00+00:00,3336.93
2024-02-29 05:00:00+00:00,3347.59
2024-02-29 05:30:00+00:00,3452.08
2024-02-29 06:00:00+00:00,3604.22
2024-02-29 06:30:00+00:00,3823.77
2024-02-29 07:00:00+00:00,4079.84
2024-02-29 07:30:00+00:00,4403.87
2024-02-29 08:00:00+00:00,4516.37
2024-02-29 08:30:00+00:00,4559.29
2024-02-29 09:00:00+00:00,4582.95
2024-02-29 09:30:00+00:00,4604.29
2024-02-29 10:00:00+00:00,4531.57
2024-02-29 10:30:00+00:00,4444.72
2024-02-29 11:00:00+00:00,4512.58
2024-02-29 11:30:00+00:00,4477.93
2024-02-29 12:00:00+00:00,4450.52
2024-02-29 12:30:00+00:00,4512.13
2024-02-29 13:00:00+00:00,4458.77
2024-02-29 13:30:00+00:00,4483.83
2024-02-29 14:00:00+00:00,4457.25
2024-02-29 14:30:00+00:00,4449.1
2024-02-29 15:00:00+00:00,4439.72
2024-02-29 15:30:00+00:00,4461.78
2024-02-29 16:00:00+00:00,4564.74
2024-02-29 16:30:00+00:00,4634.31
2024-02-29 17:00:00+00:00,4707.92
2024-02-29 17:30:00+00:00,4845.61
2024-02-29 18:00:00+00:00,4869.26
2024-02-29 18:30:00+00:00,5049.66
2024-02-29 19:00:00+00:00,5048.87
2024-02-29 19:30:00+00:00,4999.69
2024-02-29 20:00:00+00:00,4903.71
2024-02-29 20:30:00+00:00,4810.54
2024-02-29 21:00:00+00:00,4678.6
2024-02-29 21:30:00+00:00,4481.01
2024-02-29 22:00:00+00:00,4263.75
2024-02-29 22:30:00+00:00,4084.23
2024-02-29 23:00:00+00:00,3994.57
2024-02-29 23:30:00+00:00,3968.09
2024-03-01 00:00:00+00:00,3873.64
2024-03-01 00:30:00+00:00,3756.34
2024-03-01 01:00:00+00:00,3655.9
2024-03-01 01:30:00+00:00,3648.23
2024-03-01 02:00:00+00:00,3532.3
2024-03-01 02:30:00+00:00,3594.7
2024-03-01 03:00:00+00:00,3529.03
2024-03-01 03:30:00+00:00,3448.3
2024-03-01 04:00:00+00:00,3467.41
2024-03-01 04:30:00+00:00,3466.9
2024-03-01 05:00:00+00:00,3478.45
2024-03-01 05:30:00+00:00,3536.06
2024-03-01 06:00:00+00:00,3655.73
2024-03-01 06:30:00+00:00,3850.85
2024-03-01 07:00:00+00:00,4155.85
2024-03-01 07:30:00+00:00,4487.05
2024-03-01 08:00:00+00:00,4636.63
2024-03-01 08:30:00+00:00,4683.52
2024-03-01 09:00:00+00:00,4732.08
2024-03-01 09:30:00+00:00,4831.89
2024-03-01 11:00:00+00:00,4854.11
2024-03-01 11:30:00+00:00,4849.03
2024-03-01 12:00:00+00:00,4860.38
2024-03-01 12:30:00+00:00,4888.49
2024-03-01 13:00:00+00:00,4900.72
2024-03-01 13:30:00+00:00,4859.9
2024-03-01 14:00:00+00:00,4853.78
2024-03-01 14:30:00+00:00,4817.99
2024-03-01 15:00:00+00:00,4815.77
2024-03-01 15:30:00+00:00,4857.51
2024-03-01 16:00:00+00:00,4857.05
2024-03-01 16:30:00+00:00,4923.36
2024-03-01 17:00:00+00:00,4957.48
2024-03-01 17:30:00+00:00,4989.13
2024-03-01 18:00:00+00:00,5051.34
2024-03-01 18:30:00+00:00,5110.37
2024-03-01 19:00:00+00:00,5087.23
2024-03-01 19:30:00+00:00,5009.5
2024-03-01 20:00:00+00:00,4838.04
2024-03-01 20:30:00+00:00,4714.33
2024-03-01 21:00:00+00:00,4579.86
2024-03-01 21:30:00+00:00,4390.58
2024-03-01 22:00:00+00:00,4249.89
2024-03-01 22:30:00+00:00,4093.83
2024-03-01 23:00:00+00:00,3976.33
2024-03-01 23:30:00+00:00,3949.99
2024-03-02 00:00:00+00:00,3819.87
2024-03-02 00:30:00+00:00,3747.05
2024-03-02 01:00:00+00:00,3652.03
2024-03-02 01:30:00+00:00,3574.13
2024-03-02 02:00:00+00:00,3502.28
2024-03-02 02:30:00+00:00,3571.55
2024-03-02 03:00:00+00:00,3530.45
2024-03-02 03:30:00+00:00,3492.86
2024-03-02 04:00:00+00:00,3425.33
2024-03-02 04:30:00+00:00,3347.83
2024-03-02 05:00:00+00:00,3361.21
2024-03-02 05:30:00+00:00,3378.53
2024-03-02 06:00:00+00:00,3442.97
2024-03-02 06:30:00+00:00,3549.39
2024-03-02 07:00:00+00:00,3632.61
2024-03-02 07:30:00+00:00,3696.47
2024-03-02 08:00:00+00:00,3839.58
2024-03-02 08:30:00+00:00,4006.57
2024-03-02 09:00:00+00:00,4115.32
2024-03-02 09:30:00+00:00,4238.03
2024-03-02 10:00:00+00:00,4268.26
2024-03-02 10:30:00+00:00,4273.8
2024-03-02 11:00:00+00:00,4271.72
2024-03-02 11:30:00+00:00,4304.21
2024-03-02 12:00:00+00:00,4294.54
2024-03-02 12:30:00+00:00,4286.21
2024-03-02 13:00:00+00:00,4273.35
2024-03-02 13:30:00+00:00,4191.63
2024-03-02 14:00:00+00:00,4152.04
2024-03-02 14:30:00+00:00,4133.27
2024-03-02 15:00:00+00:00,4121.51
2024-03-02 15:30:00+00:00,4120.74
2024-03-02 16:00:00+00:00,4186.57
2024-03-02 16:30:00+00:00,4291.93
2024-03-02 17:00:00+00:00,4383.01
2024-03-02 17:30:00+00:00,4530.47
2024-03-02 18:00:00+00:00,4595.25
2024-03-02 18:30:00+00:00,4653.1
2024-03-02 19:00:00+00:00,4650.04
2024-03-02 19:30:00+00:00,4562.19
2024-03-02 20:00:00+00:00,4471.42
2024-03-02 20:30:00+00:00,4367.3
2024-03-02 21:00:00+00:00,4240.41
2024-03-02 21:30:00+00:00,4142.03
2024-03-02 22:00:00+00:00,4010.13
2024-03-02 22:30:00+00:00,3873.43
2024-03-02 23:00:00+00:00,3788.57
2024-03-02 23:30:00+00:00,3789.46
2024-03-03 00:00:00+00:00,3667.6
2024-03-03 00:30:00+00:00,3692.06
2024-03-03 01:00:00+00:00,3605.74
2024-03-03 01:30:00+00:00,3519.89
2024-03-03 02:00:00+00:00,3357.33
2024-03-03 02:30:00+00:00,3352.59
2024-03-03 03:00:00+00:00,3314.56
2024-03-03 03:30:00+00:00,3278.55
2024-03-03 04:00:00+00:00,3259.94
2024-03-03 04:30:00+00:00,3215.68
2024-03-03 05:00:00+00:00,3184.83
2024-03-03 05:30:00+00:00,3210.75
2024-03-03 06:00:00+00:00,3233.64
2024-03-03 06:30:00+00:00,3296.14
2024-03-03 07:00:00+00:00,3355.84
2024-03-03 07:30:00+00:00,3428.54
2024-03-03 08:00:00+00:00,3526.62
2024-03-03 08:30:00+00:00,3611.79
2024-03-03 09:00:00+00:00,3730.45
2024-03-03 09:30:00+00:00,3830.54
2024-03-03 10:00:00+00:00,3919.87
2024-03-03 10:30:00+00:00,3948.9
2024-03-03 11:00:00+00:00,3992.18
2024-03-03 11:30:00+00:00,3978.18
2024-03-03 12:00:00+00:00,3999.74
2024-03-03 12:30:00+00:00,4027.11
2024-03-03 13:00:00+00:00,4054.55
2024-03-03 13:30:00+00:00,4043.9
2024-03-03 14:00:00+00:00,3980.25
2024-03-03 14:30:00+00:00,3947.67
2024-03-03 15:00:00+00:00,3920.0
2024-03-03 15:30:00+00:00,3932.71
2024-03-03 16:00:00+00:00,3967.78
2024-03-03 16:30:00+00:00,4073.98
2024-03-03 17:00:00+00:00,4149.34
2024-03-03 17:30:00+00:00,4290.29
2024-03-03 18:00:00+00:00,4416.74
2024-03-03 18:30:00+00:00,4546.09
2024-03-03 19:00:00+00:00,4623.31
2024-03-03 19:30:00+00:00,4592.52
2024-03-03 20:00:00+00:00,4475.03
2024-03-03 20:30:00+00:00,4380.96
2024-03-03 21:00:00+00:00,4233.2
2024-03-03 21:30:00+00:00,4117.05
2024-03-03 22:00:00+00:00,3940.56
2024-03-03 22:30:00+00:00,3749.64
2024-03-03 23:00:00+00:00,3641.87
2024-03-03 23:30:00+00:00,3629.78
2024-03-04 00:00:00+00:00,3519.92
2024-03-04 00:30:00+00:00,3453.65
2024-03-04 02:00:00+00:00,3284.67
2024-03-04 02:30:00+00:00,3357.84
2024-03-04 03:00:00+00:00,3290.75
2024-03-04 03:30:00+00:00,3248.91
2024-03-04 04:00:00+00:00,3190.82
2024-03-04 04:30:00+00:00,3201.78
2024-03-04 05:00:00+00:00,3231.92
2024-03-04 05:30:00+00:00,3317.83
2024-03-04 07:00:00+00:00,4014.23
2024-03-04 07:30:00+00:00,4329.94
2024-03-04 08:00:00+00:00,4519.47
2024-03-04 08:30:00+00:00,4594.91
2024-03-04 09:00:00+00:00,4651.0
2024-03-04 09:30:00+00:00,4754.17
2024-03-04 10:00:00+00:00,4752.59
2024-03-04 10:30:00+00:00,4759.1
2024-03-04 11:00:00+00:00,4768.35
2024-03-04 11:30:00+00:00,4782.73
2024-03-04 12:00:00+00:00,4803.59
2024-03-04 12:30:00+00:00,4830.21
2024-03-04 13:00:00+00:00,4847.22
2024-03-04 13:30:00+00:00,4710.19
2024-03-04 14:00:00+00:00,4751.16
2024-03-04 14:30:00+00:00,4795.37
2024-03-04 15:00:00+00:00,4732.68
2024-03-04 15:30:00+00:00,4804.75
2024-03-04 16:00:00+00:00,4848.95
2024-03-04 16:30:00+00:00,4964.1
2024-03-04 17:00:00+00:00,5035.13
2024-03-04 17:30:00+00:00,5120.98
2024-03-04 18:00:00+00:00,5159.74
2024-03-04 18:30:00+00:00,5156.36
2024-03-04 19:00:00+00:00,5104.98
2024-03-04 19:30:00+00:00,5055.81
2024-03-04 20:00:00+00:00,4943.09
2024-03-04 20:30:00+00:00,4783.49
2024-03-04 21:00:00+00:00,4650.58
2024-03-04 21:30:00+00:00,4504.51
2024-03-04 22:00:00+00:00,4298.01
2024-03-04 22:30:00+00:00,4084.73
2024-03-04 23:00:00+00:00,3930.56
2024-03-04 23:30:00+00:00,3904.06
2024-03-05 00:00:00+00:00,3763.22
2024-03-05 00:30:00+00:00,3695.66
2024-03-05 01:00:00+00:00,3597.79
2024-03-05 01:30:00+00:00,3543.28
2024-03-05 02:00:00+00:00,3508.59
2024-03-05 02:30:00+00:00,3525.83
2024-03-05 03:00:00+00:00,3498.74
2024-03-05 03:30:00+00:00,3486.04
2024-03-05 04:00:00+00:00,3452.15
2024-03-05 04:30:00+00:00,3434.5
2024-03-05 05:00:00+00:00,3454.41
2024-03-05 05:30:00+00:00,3479.33
2024-03-05 06:00:00+00:00,3631.06
2024-03-05 06:30:00+00:00,3909.9
2024-03-05 07:00:00+00:00,4147.38
2024-03-05 07:30:00+00:00,4440.87
2024-03-05 08:00:00+00:00,4582.91
2024-03-05 08:30:00+00:00,4596.47
2024-03-05 09:00:00+00:00,4638.71
2024-03-05 09:30:00+00:00,4635.75
2024-03-05 10:00:00+00:00,4612.97
2024-03-05 10:30:00+00:00,4554.71
2024-03-05 11:00:00+00:00,4532.5
2024-03-05 11:30:00+00:00,4485.11
2024-03-05 12:00:00+00:00,4461.52
2024-03-05 12:30:00+00:00,4478.57
2024-03-05 13:00:00+00:00,4468.6
2024-03-05 13:30:00+00:00,4400.14
2024-03-05 14:00:00+00:00,4342.19
2024-03-05 14:30:00+00:00,4345.53
2024-03-05 15:00:00+00:00,4383.64
2024-03-05 15:30:00+00:00,4364.96
2024-03-05 16:00:00+00:00,4405.89
2024-03-05 16:30:00+00:00,4516.74
2024-03-05 17:00:00+00:00,4607.27
2024-03-05 17:30:00+00:00,4706.73
2024-03-05 18:00:00+00:00,4778.67
2024-03-05 18:30:00+00:00,4909.98
2024-03-05 19:00:00+00:00,4958.05
2024-03-05 19:30:00+00:00,4938.8
2024-03-05 20:00:00+00:00,4814.99
2024-03-05 20:30:00+00:00,4680.87
2024-03-05 21:00:00+00:00,4574.11
2024-03-05 21:30:00+00:00,4383.9
2024-03-05 23:00:00+00:00,3873.35
2024-03-05 23:30:00+00:00,3785.28
2024-03-06 00:00:00+00:00,3679.12
2024-03-06 00:30:00+00:00,3596.14
2024-03-06 01:00:00+00:00,3516.59
2024-03-06 01:30:00+00:00,3481.66
2024-03-06 02:00:00+00:00,3391.38
2024-03-06 02:30:00+00:00,3415.0
2024-03-06 03:00:00+00:00,3351.49
2024-03-06 03:30:00+00:00,3359.86
2024-03-06 04:00:00+00:00,3342.54
2024-03-06 04:30:00+00:00,3298.51
2024-03-06 05:00:00+00:00,3349.98
2024-03-06 05:30:00+00:00,3414.82
2024-03-06 06:00:00+00:00,3564.08
2024-03-06 06:30:00+00:00,3832.01
2024-03-06 07:00:00+00:00,4059.44
2024-03-06 07:30:00+00:00,4373.27
2024-03-06 08:00:00+00:00,4485.78
2024-03-06 08:30:00+00:00,4524.2
2024-03-06 10:00:00+00:00,4596.7
2024-03-06 10:30:00+00:00,4569.47
2024-03-06 11:00:00+00:00,4513.07
2024-03-06 11:30:00+00:00,4484.1
2024-03-06 12:00:00+00:00,4515.22
2024-03-06 12:30:00+00:00,4527.15
2024-03-06 13:00:00+00:00,4514.71
2024-03-06 13:30:00+00:00,4491.67
2024-03-06 14:00:00+00:00,4473.84
2024-03-06 14:30:00+00:00,4513.71
2024-03-06 16:00:00+00:00,4605.0
2024-03-06 16:30:00+00:00,4726.93
2024-03-06 17:00:00+00:00,4787.93
2024-03-06 17:30:00+00:00,4910.63
2024-03-06 18:00:00+00:00,4945.06
2024-03-06 18:30:00+00:00,5010.13
2024-03-06 19:00:00+00:00,4996.22
2024-03-06 19:30:00+00:00,4937.36
2024-03-06 21:00:00+00:00,4598.93
2024-03-06 21:30:00+00:00,4408.2
2024-03-06 22:00:00+00:00,4224.97
2024-03-06 22:30:00+00:00,4033.99
2024-03-06 23:00:00+00:00,3902.13
2024-03-06 23:30:00+00:00,3851.35
2024-03-07 00:00:00+00:00,3720.23
2024-03-07 00:30:00+00:00,3647.37
2024-03-07 01:00:00+00:00,3556.46
2024-03-07 01:30:00+00:00,3459.51
2024-03-07 02:00:00+00:00,3375.07
2024-03-07 02:30:00+00:00,3363.71
2024-03-07 03:00:00+00:00,3335.13
2024-03-07 03:30:00+00:00,3322.52
2024-03-07 04:00:00+00:00,3309.78
2024-03-07 04:30:00+00:00,3319.08
2024-03-07 05:00:00+00:00,3334.55
2024-03-07 05:30:00+00:00,3401.48
2024-03-07 06:00:00+00:00,3530.88
2024-03-07 06:30:00+00:00,3769.47
2024-03-07 07:00:00+00:00,4030.76
2024-03-07 07:30:00+00:00,4336.51
2024-03-07 08:00:00+00:00,4475.98
2024-03-07 08:30:00+00:00,4546.42
2024-03-07 09:00:00+00:00,4555.77
2024-03-07 09:30:00+00:00,4583.83
2024-03-07 10:00:00+00:00,4551.51
2024-03-07 10:30:00+00:00,4491.55
2024-03-07 11:00:00+00:00,4485.14
2024-03-07 11:30:00+00:00,4432.38
2024-03-07 12:00:00+00:00,4415.96
2024-03-07 12:30:00+00:00,4433.8
2024-03-07 13:00:00+00:00,4433.03
2024-03-07 13:30:00+00:00,4339.3
2024-03-07 14:00:00+00:00,4313.58
2024-03-07 14:30:00+00:00,4366.2
2024-03-07 15:00:00+00:00,4382.86
2024-03-07 15:30:00+00:00,4439.34
2024-03-07 16:00:00+00:00,4456.77
2024-03-07 16:30:00+00:00,4567.87
2024-03-07 17:00:00+00:00,4695.39
2024-03-07 17:30:00+00:00,4747.16
2024-03-07 18:00:00+00:00,4792.93
2024-03-07 18:30:00+00:00,4907.29
2024-03-07 19:00:00+00:00,4951.45
2024-03-07 19:30:00+00:00,4933.46
2024-03-07 20:00:00+00:00,4834.16
2024-03-07 20:30:00+00:00,4702.89
2024-03-07 21:00:00+00:00,4578.16
2024-03-07 21:30:00+00:00,4425.14
2024-03-07 22:00:00+00:00,4251.62
2024-03-07 22:30:00+00:00,4078.45
2024-03-07 23:00:00+00:00,3904.73
2024-03-07 23:30:00+00:00,3857.33
2024-03-08 01:00:00+00:00,3500.85
2024-03-08 01:30:00+00:00,3479.22
2024-03-08 02:00:00+00:00,3374.09
2024-03-08 02:30:00+00:00,3386.6
2024-03-08 03:00:00+00:00,3333.28
2024-03-08 03:30:00+00:00,3318.18
2024-03-08 04:00:00+00:00,3299.83
2024-03-08 04:30:00+00:00,3308.98
2024-03-08 05:00:00+00:00,3325.25
2024-03-08 05:30:00+00:00,3368.1
2024-03-08 06:00:00+00:00,3538.6
2024-03-08 06:30:00+00:00,3779.1
2024-03-08 07:00:00+00:00,4030.78
2024-03-08 07:30:00+00:00,4332.61
2024-03-08 08:00:00+00:00,4490.6
2024-03-08 08:30:00+00:00,4561.43
2024-03-08 09:00:00+00:00,4661.2
2024-03-08 09:30:00+00:00,4680.67
2024-03-08 10:00:00+00:00,4673.75
2024-03-08 10:30:00+00:00,4591.82
2024-03-08 11:00:00+00:00,4640.65
2024-03-08 11:30:00+00:00,4654.73
2024-03-08 12:00:00+00:00,4648.98
2024-03-08 12:30:00+00:00,4607.45
2024-03-08 13:00:00+00:00,4583.11
2024-03-08 13:30:00+00:00,4515.75
2024-03-08 14:00:00+00:00,4487.54
2024-03-08 14:30:00+00:00,4562.35
2024-03-08 15:00:00+00:00,4523.57
2024-03-08 15:30:00+00:00,4534.42
2024-03-08 16:00:00+00:00,4552.16
2024-03-08 16:30:00+00:00,4610.09
2024-03-08 17:00:00+00:00,4674.76
2024-03-08 17:30:00+00:00,4737.42
2024-03-08 18:00:00+00:00,4813.93
2024-03-08 18:30:00+00:00,4899.36
2024-03-08 19:00:00+00:00,4938.61
2024-03-08 19:30:00+00:00,4850.13
2024-03-08 20:00:00+00:00,4722.48
2024-03-08 20:30:00+00:00,4642.49
2024-03-08 21:00:00+00:00,4493.25
2024-03-08 21:30:00+00:00,4342.36
2024-03-08 22:00:00+00:00,4181.18
2024-03-08 22:30:00+00:00,3992.24
2024-03-08 23:00:00+00:00,3901.51
2024-03-08 23:30:00+00:00,3883.99
2024-03-09 00:00:00+00:00,3763.06
2024-03-09 00:30:00+00:00,3661.76
2024-03-09 01:00:00+00:00,3538.66
2024-03-09 01:30:00+00:00,3469.39
2024-03-09 02:00:00+00:00,3389.58
2024-03-09 02:30:00+00:00,3428.8
2024-03-09 03:00:00+00:00,3353.35
2024-03-09 03:30:00+00:00,3299.48
2024-03-09 04:00:00+00:00,3247.95
2024-03-09 04:30:00+00:00,3236.99
2024-03-09 05:00:00+00:00,3215.69
2024-03-09 05:30:00+00:00,3239.63
2024-03-09 06:00:00+00:00,3273.64
2024-03-09 06:30:00+00:00,3403.67
2024-03-09 07:00:00+00:00,3482.72
2024-03-09 07:30:00+00:00,3623.28
2024-03-09 08:00:00+00:00,3734.19
2024-03-09 08:30:00+00:00,3900.21
2024-03-09 09:00:00+00:00,4044.35
2024-03-09 09:30:00+00:00,4180.55
2024-03-09 10:00:00+00:00,4268.87
2024-03-09 10:30:00+00:00,4321.64
2024-03-09 11:00:00+00:00,4339.8
2024-03-09 11:30:00+00:00,4372.59
2024-03-09 12:00:00+00:00,4380.32
2024-03-09 12:30:00+00:00,4415.32
2024-03-09 13:00:00+00:00,4424.0
2024-03-09 13:30:00+00:00,4389.53
2024-03-09 14:00:00+00:00,4343.9
2024-03-09 14:30:00+00:00,4321.55
2024-03-09 15:00:00+00:00,4291.44
2024-03-09 15:30:00+00:00,4315.29
2024-03-09 16:00:00+00:00,4317.34
2024-03-09 16:30:00+00:00,4396.18
2024-03-09 17:00:00+00:00,4394.37
2024-03-09 17:30:00+00:00,4404.54
2024-03-09 18:00:00+00:00,4457.34
2024-03-09 18:30:00+00:00,4448.19
2024-03-09 19:00:00+00:00,4598.44
2024-03-09 19:30:00+00:00,4496.63
2024-03-09 20:00:00+00:00,4404.37
2024-03-09 20:30:00+00:00,4299.73
2024-03-09 21:00:00+00:00,4178.15
2024-03-09 21:30:00+00:00,4056.0
2024-03-09 22:00:00+00:00,3927.98
2024-03-09 22:30:00+00:00,3798.54
2024-03-09 23:00:00+00:00,3710.13
2024-03-09 23:30:00+00:00,3709.05
2024-03-10 01:00:00+00:00,3437.67
2024-03-10 01:30:00+00:00,3353.07
2024-03-10 02:00:00+00:00,3298.97
2024-03-10 02:30:00+00:00,3290.54
2024-03-10 03:00:00+00:00,3232.46
2024-03-10 03:30:00+00:00,3195.97
2024-03-10 04:00:00+00:00,3178.3
2024-03-10 04:30:00+00:00,3147.01
2024-03-10 05:00:00+00:00,3132.0
2024-03-10 05:30:00+00:00,3162.48
2024-03-10 06:00:00+00:00,3175.75
2024-03-10 06:30:00+00:00,3238.57
2024-03-10 07:00:00+00:00,3277.9
2024-03-10 07:30:00+00:00,3378.26
2024-03-10 08:00:00+00:00,3474.39
2024-03-10 08:30:00+00:00,3607.09
2024-03-10 09:00:00+00:00,3747.33
2024-03-10 09:30:00+00:00,3912.66
2024-03-10 10:00:00+00:00,4003.22
2024-03-10 10:30:00+00:00,4101.17
2024-03-10 11:00:00+00:00,4177.16
2024-03-10 11:30:00+00:00,4200.81
2024-03-10 12:00:00+00:00,4239.17
2024-03-10 12:30:00+00:00,4300.08
2024-03-10 13:00:00+00:00,4274.86
2024-03-10 13:30:00+00:00,4266.12
2024-03-10 14:00:00+00:00,4205.59
2024-03-10 14:30:00+00:00,4167.59
2024-03-10 15:00:00+00:00,4144.69
2024-03-10 15:30:00+00:00,4153.7
2024-03-10 16:00:00+00:00,4162.4
2024-03-10 16:30:00+00:00,4208.4
2024-03-10 17:00:00+00:00,4256.94
2024-03-10 17:30:00+00:00,4313.76
2024-03-10 19:00:00+00:00,4546.23
2024-03-10 19:30:00+00:00,4505.98
2024-03-10 20:00:00+00:00,4419.63
2024-03-10 20:30:00+00:00,4328.17
2024-03-10 21:00:00+00:00,4217.19
2024-03-10 21:30:00+00:00,4080.1
2024-03-10 22:00:00+00:00,3912.13
2024-03-10 22:30:00+00:00,3754.94
2024-03-10 23:00:00+00:00,3654.25
2024-03-10 23:30:00+00:00,3637.17
2024-03-11 00:00:00+00:00,3524.18
2024-03-11 00:30:00+00:00,3448.99
2024-03-11 01:00:00+00:00,3357.32
2024-03-11 01:30:00+00:00,3294.8
2024-03-11 02:00:00+00:00,3244.03
2024-03-11 02:30:00+00:00,3276.96
2024-03-11 03:00:00+00:00,3216.1
2024-03-11 03:30:00+00:00,3205.11
2024-03-11 04:00:00+00:00,3186.31
2024-03-11 04:30:00+00:00,3186.35
2024-03-11 05:00:00+00:00,3195.02
2024-03-11 05:30:00+00:00,3265.61
2024-03-11 06:00:00+00:00,3403.49
2024-03-11 06:30:00+00:00,3649.67
2024-03-11 07:00:00+00:00,3908.47
2024-03-11 07:30:00+00:00,4249.41
2024-03-11 08:00:00+00:00,4420.91
2024-03-11 08:30:00+00:00,4502.49
2024-03-11 09:00:00+00:00,4571.87
2024-03-11 09:30:00+00:00,4635.52
2024-03-11 11:00:00+00:00,4598.98
2024-03-11 11:30:00+00:00,4602.79
2024-03-11 12:00:00+00:00,4624.52
2024-03-11 12:30:00+00:00,4625.74
2024-03-11 13:00:00+00:00,4630.96
2024-03-11 13:30:00+00:00,4551.72
2024-03-11 14:00:00+00:00,4547.06
2024-03-11 14:30:00+00:00,4550.26
2024-03-11 15:00:00+00:00,4545.6
2024-03-11 15:30:00+00:00,4590.28
2024-03-11 16:00:00+00:00,4602.47
2024-03-11 16:30:00+00:00,4698.51
2024-03-11 17:00:00+00:00,4814.53
2024-03-11 17:30:00+00:00,4940.9
2024-03-11 18:00:00+00:00,4975.11
2024-03-11 18:30:00+00:00,5048.92
2024-03-11 19:00:00+00:00,5047.62
2024-03-11 19:30:00+00:00,4986.0
2024-03-11 20:00:00+00:00,4838.94
2024-03-11 20:30:00+00:00,4719.1
2024-03-11 21:00:00+00:00,4562.48
2024-03-11 21:30:00+00:00,4391.58
2024-03-11 22:00:00+00:00,4225.41
2024-03-11 22:30:00+00:00,4062.64
2024-03-11 23:00:00+00:00,3891.92
2024-03-11 23:30:00+00:00,3835.9
2024-03-12 00:00:00+00:00,3701.54
2024-03-12 00:30:00+00:00,3613.68
2024-03-12 01:00:00+00:00,3549.61
2024-03-12 01:30:00+00:00,3542.12
2024-03-12 02:00:00+00:00,3422.68
2024-03-12 02:30:00+00:00,3440.49
2024-03-12 03:00:00+00:00,3401.79
2024-03-12 03:30:00+00:00,3386.83
2024-03-12 04:00:00+00:00,3349.6
2024-03-12 04:30:00+00:00,3314.73
2024-03-12 05:00:00+00:00,3315.07
2024-03-12 05:30:00+00:00,3387.74
2024-03-12 06:00:00+00:00,3499.9
2024-03-12 06:30:00+00:00,3723.66
2024-03-12 07:00:00+00:00,3964.98
2024-03-12 07:30:00+00:00,4267.27
2024-03-12 08:00:00+00:00,4398.69
2024-03-12 08:30:00+00:00,4414.45
2024-03-12 09:00:00+00:00,4432.92
2024-03-12 09:30:00+00:00,4435.49
2024-03-12 10:00:00+00:00,4437.11
2024-03-12 10:30:00+00:00,4415.07
2024-03-12 11:00:00+00:00,4427.15
2024-03-12 11:30:00+00:00,4427.56
2024-03-12 12:00:00+00:00,4480.22
2024-03-12 12:30:00+00:00,4552.75
2024-03-12 13:00:00+00:00,4546.13
2024-03-12 13:30:00+00:00,4468.32
2024-03-12 15:00:00+00:00,4523.48
2024-03-12 15:30:00+00:00,4543.5
2024-03-12 16:00:00+00:00,4611.95
2024-03-12 16:30:00+00:00,4661.1
2024-03-12 17:00:00+00:00,4716.52
2024-03-12 17:30:00+00:00,4780.8
2024-03-12 18:00:00+00:00,4799.18
2024-03-12 18:30:00+00:00,4907.0
2024-03-12 19:00:00+00:00,4924.57
2024-03-12 19:30:00+00:00,4932.59
2024-03-12 20:00:00+00:00,4831.73
2024-03-12 20:30:00+00:00,4715.37
2024-03-12 21:00:00+00:00,4617.18
2024-03-12 21:30:00+00:00,4433.76
2024-03-12 23:00:00+00:00,3872.21
2024-03-12 23:30:00+00:00,3924.11
2024-03-13 00:00:00+00:00,3789.15
2024-03-13 00:30:00+00:00,3699.85
2024-03-13 01:00:00+00:00,3510.7
2024-03-13 01:30:00+00:00,3402.47
2024-03-13 02:00:00+00:00,3321.42
2024-03-13 02:30:00+00:00,3309.48
2024-03-13 03:00:00+00:00,3272.31
2024-03-13 03:30:00+00:00,3261.6
2024-03-13 04:00:00+00:00,3226.03
2024-03-13 04:30:00+00:00,3221.02
2024-03-13 05:00:00+00:00,3248.09
2024-03-13 05:30:00+00:00,3318.96
2024-03-13 06:00:00+00:00,3510.62
2024-03-13 06:30:00+00:00,3759.82
2024-03-13 07:00:00+00:00,3983.68
2024-03-13 07:30:00+00:00,4324.08
2024-03-13 08:00:00+00:00,4461.55
2024-03-13 08:30:00+00:00,4537.66
2024-03-13 09:00:00+00:00,4571.6
2024-03-13 09:30:00+00:00,4652.12
2024-03-13 10:00:00+00:00,4620.79
2024-03-13 10:30:00+00:00,4599.67
2024-03-13 11:00:00+00:00,4590.33
2024-03-13 11:30:00+00:00,4546.37
2024-03-13 12:00:00+00:00,4586.07
2024-03-13 12:30:00+00:00,4598.5
2024-03-13 13:00:00+00:00,4597.77
2024-03-13 13:30:00+00:00,4528.39
2024-03-13 14:00:00+00:00,4524.54
2024-03-13 14:30:00+00:00,4508.36
2024-03-13 15:00:00+00:00,4518.36
2024-03-13 15:30:00+00:00,4596.41
2024-03-13 16:00:00+00:00,4619.91
2024-03-13 16:30:00+00:00,4713.29
2024-03-13 17:00:00+00:00,4795.18
2024-03-13 17:30:00+00:00,4879.71
2024-03-13 18:00:00+00:00,4909.79
2024-03-13 18:30:00+00:00,4953.84
2024-03-13 19:00:00+00:00,4979.78
2024-03-13 19:30:00+00:00,4948.3
2024-03-13 20:00:00+00:00,4846.74
2024-03-13 20:30:00+00:00,4721.9
2024-03-13 21:00:00+00:00,4588.12
2024-03-13 21:30:00+00:00,4403.21
2024-03-13 22:00:00+00:00,4211.03
2024-03-13 22:30:00+00:00,4010.51
2024-03-13 23:00:00+00:00,3867.06
2024-03-13 23:30:00+00:00,3837.42
2024-03-14 00:00:00+00:00,3719.58
2024-03-14 00:30:00+00:00,3656.57
2024-03-14 01:00:00+00:00,3595.1
2024-03-14 01:30:00+00:00,3493.76
2024-03-14 02:00:00+00:00,3423.43
2024-03-14 02:30:00+00:00,3411.24
2024-03-14 03:00:00+00:00,3364.05
2024-03-14 03:30:00+00:00,3345.62
2024-03-14 04:00:00+00:00,3319.2
2024-03-14 04:30:00+00:00,3315.83
2024-03-14 05:00:00+00:00,3311.37
2024-03-14 05:30:00+00:00,3358.36
2024-03-14 06:00:00+00:00,3490.64
2024-03-14 06:30:00+00:00,3719.38
2024-03-14 07:00:00+00:00,3958.22
2024-03-14 07:30:00+00:00,4278.28
2024-03-14 08:00:00+00:00,4429.36
2024-03-14 08:30:00+00:00,4483.71
2024-03-14 09:00:00+00:00,4553.07
2024-03-14 09:30:00+00:00,4617.2
2024-03-14 10:00:00+00:00,4582.57
2024-03-14 10:30:00+00:00,4547.38
2024-03-14 11:00:00+00:00,4490.36
2024-03-14 11:30:00+00:00,4525.45
2024-03-14 12:00:00+00:00,4515.24
2024-03-14 12:30:00+00:00,4521.5
2024-03-14 15:00:00+00:00,4438.93
2024-03-14 15:30:00+00:00,4454.94
2024-03-14 16:00:00+00:00,4492.52
2024-03-14 16:30:00+00:00,4573.13
2024-03-14 17:00:00+00:00,4662.54
2024-03-14 17:30:00+00:00,4715.95
2024-03-14 18:00:00+00:00,4749.39
2024-03-14 18:30:00+00:00,4819.63
2024-03-14 19:00:00+00:00,4906.94
2024-03-14 19:30:00+00:00,4845.53
2024-03-14 20:00:00+00:00,4764.18
2024-03-14 20:30:00+00:00,4650.71
2024-03-14 21:00:00+00:00,4534.33
2024-03-14 21:30:00+00:00,4367.71
2024-03-14 22:00:00+00:00,4154.18
2024-03-14 22:30:00+00:00,3965.96
2024-03-14 23:00:00+00:00,3855.21
2024-03-14 23:30:00+00:00,3766.18
2024-03-15 00:00:00+00:00,3627.15
2024-03-15 00:30:00+00:00,3539.75
2024-03-15 01:00:00+00:00,3448.41
2024-03-15 01:30:00+00:00,3389.05
2024-03-15 02:00:00+00:00,3286.84
2024-03-15 02:30:00+00:00,3310.38
2024-03-15 03:00:00+00:00,3248.94
2024-03-15 03:30:00+00:00,3233.72
2024-03-15 04:00:00+00:00,3218.53
2024-03-15 04:30:00+00:00,3220.72
2024-03-15 05:00:00+00:00,3246.0
2024-03-15 05:30:00+00:00,3321.53
2024-03-15 06:00:00+00:00,3403.56
2024-03-15 06:30:00+00:00,3620.92
2024-03-15 07:00:00+00:00,3851.21
2024-03-15 07:30:00+00:00,4171.08
2024-03-15 08:00:00+00:00,4326.83
2024-03-15 08:30:00+00:00,4392.27
2024-03-15 09:00:00+00:00,4439.29
2024-03-15 09:30:00+00:00,4448.6
2024-03-15 10:00:00+00:00,4383.85
2024-03-15 10:30:00+00:00,4252.44
2024-03-15 11:00:00+00:00,4261.31
2024-03-15 11:30:00+00:00,4259.56
2024-03-15 12:00:00+00:00,4199.8
2024-03-15 12:30:00+00:00,4257.87
2024-03-15 13:00:00+00:00,4213.64
2024-03-15 13:30:00+00:00,4131.61
2024-03-15 14:00:00+00:00,4116.82
2024-03-15 14:30:00+00:00,4096.94
2024-03-15 15:00:00+00:00,4099.15
2024-03-15 15:30:00+00:00,4117.89
2024-03-15 16:00:00+00:00,4148.37
2024-03-15 16:30:00+00:00,4172.15
2024-03-15 17:00:00+00:00,4272.8
2024-03-15 17:30:00+00:00,4335.39
2024-03-15 20:00:00+00:00,4595.79
2024-03-15 20:30:00+00:00,4496.74
2024-03-15 22:00:00+00:00,4077.76
2024-03-15 22:30:00+00:00,3940.4
2024-03-15 23:00:00+00:00,3826.9
2024-03-15 23:30:00+00:00,3807.28
2024-03-16 00:00:00+00:00,3703.06
2024-03-16 00:30:00+00:00,3615.38
2024-03-16 01:00:00+00:00,3493.26
2024-03-16 01:30:00+00:00,3407.95
2024-03-16 02:00:00+00:00,3346.94
2024-03-16 02:30:00+00:00,3393.86
2024-03-16 03:00:00+00:00,3312.7
2024-03-16 03:30:00+00:00,3280.2
2024-03-16 04:00:00+00:00,3241.59
2024-03-16 04:30:00+00:00,3212.94
2024-03-16 05:00:00+00:00,3188.51
2024-03-16 05:30:00+00:00,3163.52
2024-03-16 06:00:00+00:00,3225.55
2024-03-16 06:30:00+00:00,3288.66
2024-03-16 07:00:00+00:00,3375.44
2024-03-16 07:30:00+00:00,3508.73
2024-03-16 09:00:00+00:00,3940.29
2024-03-16 09:30:00+00:00,4101.41
2024-03-16 10:00:00+00:00,4096.9
2024-03-16 10:30:00+00:00,4149.07
2024-03-16 11:00:00+00:00,4179.3
2024-03-16 11:30:00+00:00,4219.42
2024-03-16 12:00:00+00:00,4251.79
2024-03-16 12:30:00+00:00,4256.41
2024-03-16 13:00:00+00:00,4246.06
2024-03-16 13:30:00+00:00,4247.37
2024-03-16 14:00:00+00:00,4223.02
2024-03-16 14:30:00+00:00,4230.43
2024-03-16 15:00:00+00:00,4195.69
2024-03-16 15:30:00+00:00,4197.34
2024-03-16 16:00:00+00:00,4206.88
2024-03-16 16:30:00+00:00,4276.57
2024-03-16 17:00:00+00:00,4237.62
2024-03-16 17:30:00+00:00,4268.94
2024-03-16 18:00:00+00:00,4268.58
2024-03-16 18:30:00+00:00,4257.15
2024-03-16 19:00:00+00:00,4367.73
2024-03-16 19:30:00+00:00,4393.86
2024-03-16 20:00:00+00:00,4279.92
2024-03-16 20:30:00+00:00,4171.51
2024-03-16 21:00:00+00:00,4043.29
2024-03-16 21:30:00+00:00,3936.33
2024-03-16 22:00:00+00:00,3782.01
2024-03-16 22:30:00+00:00,3648.65
2024-03-16 23:00:00+00:00,3581.79
2024-03-16 23:30:00+00:00,3600.8
2024-03-17 00:00:00+00:00,3486.38
2024-03-17 00:30:00+00:00,3414.73
2024-03-17 01:00:00+00:00,3324.47
2024-03-17 01:30:00+00:00,3244.23
2024-03-17 02:00:00+00:00,3149.02
2024-03-17 02:30:00+00:00,3179.05
2024-03-17 03:00:00+00:00,3124.12
2024-03-17 03:30:00+00:00,3115.73
2024-03-17 04:00:00+00:00,3088.56
2024-03-17 04:30:00+00:00,3078.68
2024-03-17 05:00:00+00:00,3082.31
2024-03-17 05:30:00+00:00,3087.64
2024-03-17 06:00:00+00:00,3112.34
2024-03-17 06:30:00+00:00,3142.7
2024-03-17 07:00:00+00:00,3175.78
2024-03-17 07:30:00+00:00,3320.51
2024-03-17 08:00:00+00:00,3401.28
2024-03-17 08:30:00+00:00,3486.97
2024-03-17 09:00:00+00:00,3628.43
2024-03-17 09:30:00+00:00,3732.55
2024-03-17 10:00:00+00:00,3830.02
2024-03-17 10:30:00+00:00,3856.4
2024-03-17 11:00:00+00:00,3919.93
2024-03-17 11:30:00+00:00,3891.26
2024-03-17 12:00:00+00:00,3851.25
2024-03-17 12:30:00+00:00,3838.98
2024-03-17 13:00:00+00:00,3740.87
2024-03-17 13:30:00+00:00,3702.68
2024-03-17 14:00:00+00:00,3646.7
2024-03-17 14:30:00+00:00,3587.67
2024-03-17 15:00:00+00:00,3562.33
2024-03-17 15:30:00+00:00,3488.65
2024-03-17 16:00:00+00:00,3527.97
2024-03-17 16:30:00+00:00,3638.16
2024-03-17 17:00:00+00:00,3648.47
2024-03-17 17:30:00+00:00,3778.39
2024-03-17 18:00:00+00:00,3877.73
2024-03-17 18:30:00+00:00,3938.83
2024-03-17 19:00:00+00:00,4049.76
2024-03-17 19:30:00+00:00,4025.93
2024-03-17 20:00:00+00:00,3953.7
2024-03-17 20:30:00+00:00,3841.21
2024-03-17 21:00:00+00:00,3783.31
2024-03-17 21:30:00+00:00,3700.29
2024-03-17 22:00:00+00:00,3603.56
2024-03-17 22:30:00+00:00,3500.26
2024-03-17 23:00:00+00:00,3427.49
2024-03-17 23:30:00+00:00,3438.63
2024-03-18 00:00:00+00:00,3334.67
2024-03-18 00:30:00+00:00,3283.1
2024-03-18 01:00:00+00:00,3231.08
2024-03-18 01:30:00+00:00,3157.36
2024-03-18 02:00:00+00:00,3082.88
2024-03-18 02:30:00+00:00,3076.75
2024-03-18 03:00:00+00:00,3037.82
2024-03-18 03:30:00+00:00,3021.82
2024-03-18 04:00:00+00:00,3008.21
2024-03-18 04:30:00+00:00,2999.01
2024-03-18 05:00:00+00:00,2983.79
2024-03-18 05:30:00+00:00,3024.62
2024-03-18 06:00:00+00:00,3064.32
2024-03-18 06:30:00+00:00,3094.67
2024-03-18 07:00:00+00:00,3176.09
2024-03-18 07:30:00+00:00,3307.27
2024-03-18 08:00:00+00:00,3334.58
2024-03-18 08:30:00+00:00,3472.99
2024-03-18 09:00:00+00:00,3568.61
2024-03-18 09:30:00+00:00,3659.94
2024-03-18 10:00:00+00:00,3771.83
2024-03-18 10:30:00+00:00,3829.79
2024-03-18 11:00:00+00:00,3880.94
2024-03-18 11:30:00+00:00,3938.78
2024-03-18 12:00:00+00:00,3979.67
2024-03-18 12:30:00+00:00,4031.24
2024-03-18 13:00:00+00:00,4074.11
2024-03-18 13:30:00+00:00,4055.28
2024-03-18 14:00:00+00:00,3969.68
2024-03-18 14:30:00+00:00,3989.44
2024-03-18 15:00:00+00:00,4002.89
2024-03-18 15:30:00+00:00,4031.94
2024-03-18 16:00:00+00:00,4017.16
2024-03-18 16:30:00+00:00,4130.84
2024-03-18 17:00:00+00:00,4279.11
2024-03-18 17:30:00+00:00,4394.27
2024-03-18 18:00:00+00:00,4454.13
2024-03-18 18:30:00+00:00,4488.26
2024-03-18 19:00:00+00:00,4521.01
2024-03-18 19:30:00+00:00,4491.63
2024-03-18 20:00:00+00:00,4375.57
2024-03-18 20:30:00+00:00,4213.82
2024-03-18 21:00:00+00:00,4126.93
2024-03-18 21:30:00+00:00,3951.84
2024-03-18 22:00:00+00:00,3766.13
2024-03-18 22:30:00+00:00,3559.0
2024-03-18 23:00:00+00:00,3421.58
2024-03-18 23:30:00+00:00,3425.58
2024-03-19 00:00:00+00:00,3329.23
2024-03-19 00:30:00+00:00,3278.7
2024-03-19 01:00:00+00:00,3175.19
2024-03-19 01:30:00+00:00,3130.58
2024-03-19 02:00:00+00:00,3087.32
2024-03-19 02:30:00+00:00,3089.04
2024-03-19 03:00:00+00:00,3075.54
2024-03-19 03:30:00+00:00,3061.63
2024-03-19 04:00:00+00:00,3001.98
2024-03-19 04:30:00+00:00,3019.2
2024-03-19 05:00:00+00:00,3028.77
2024-03-19 05:30:00+00:00,3101.39
2024-03-19 06:00:00+00:00,3256.38
2024-03-19 06:30:00+00:00,3447.28
2024-03-19 07:00:00+00:00,3740.03
2024-03-19 07:30:00+00:00,4068.1
2024-03-19 08:00:00+00:00,4224.1
2024-03-19 08:30:00+00:00,4257.75
2024-03-19 09:00:00+00:00,4289.53
2024-03-19 09:30:00+00:00,4333.04
2024-03-19 10:00:00+00:00,4294.7
2024-03-19 10:30:00+00:00,4250.04
2024-03-19 11:00:00+00:00,4273.32
2024-03-19 11:30:00+00:00,4255.43
2024-03-19 12:00:00+00:00,4261.33
2024-03-19 12:30:00+00:00,4249.13
2024-03-19 13:00:00+00:00,4276.33
2024-03-19 13:30:00+00:00,4218.04
2024-03-19 14:00:00+00:00,4230.44
2024-03-19 14:30:00+00:00,4227.0
2024-03-19 15:00:00+00:00,4220.86
2024-03-19 15:30:00+00:00,4300.26
2024-03-19 16:00:00+00:00,4334.49
2024-03-19 16:30:00+00:00,4475.53
2024-03-19 17:00:00+00:00,4562.54
2024-03-19 17:30:00+00:00,4659.74
2024-03-19 18:00:00+00:00,4700.73
2024-03-19 18:30:00+00:00,4746.21
2024-03-19 19:00:00+00:00,4791.41
2024-03-19 19:30:00+00:00,4775.68
2024-03-19 20:00:00+00:00,4660.74
2024-03-19 20:30:00+00:00,4570.89
2024-03-19 21:00:00+00:00,4416.66
2024-03-19 21:30:00+00:00,4228.27
2024-03-19 22:00:00+00:00,4036.73
2024-03-19 22:30:00+00:00,3864.1
2024-03-19 23:00:00+00:00,3712.79
2024-03-19 23:30:00+00:00,3664.98
2024-03-20 00:00:00+00:00,3543.6
2024-03-20 00:30:00+00:00,3476.79
2024-03-20 01:00:00+00:00,3372.34
2024-03-20 01:30:00+00:00,3311.36
2024-03-20 02:00:00+00:00,3259.13
2024-03-20 02:30:00+00:00,3279.5
2024-03-20 03:00:00+00:00,3228.29
2024-03-20 03:30:00+00:00,3202.22
2024-03-20 04:00:00+00:00,3186.18
2024-03-20 04:30:00+00:00,3192.35
2024-03-20 05:00:00+00:00,3179.43
2024-03-20 05:30:00+00:00,3262.9
2024-03-20 06:00:00+00:00,3411.76
2024-03-20 06:30:00+00:00,3621.99
2024-03-20 07:00:00+00:00,3859.37
2024-03-20 07:30:00+00:00,4166.94
2024-03-20 08:00:00+00:00,4327.92
2024-03-20 08:30:00+00:00,4377.79
2024-03-20 09:00:00+00:00,4414.55
2024-03-20 09:30:00+00:00,4416.47
2024-03-20 10:00:00+00:00,4379.39
2024-03-20 10:30:00+00:00,4344.76
2024-03-20 11:00:00+00:00,4335.92
2024-03-20 11:30:00+00:00,4288.71
2024-03-20 12:00:00+00:00,4268.12
2024-03-20 12:30:00+00:00,4263.88
2024-03-20 13:00:00+00:00,4283.93
2024-03-20 13:30:00+00:00,4211.31
2024-03-20 17:00:00+00:00,4422.17
2024-03-20 17:30:00+00:00,4534.28
2024-03-20 18:00:00+00:00,4582.87
2024-03-20 18:30:00+00:00,4643.76
2024-03-20 19:00:00+00:00,4742.03
2024-03-20 19:30:00+00:00,4808.46
2024-03-20 20:00:00+00:00,4730.25
2024-03-20 20:30:00+00:00,4625.06
2024-03-20 21:00:00+00:00,4485.33
2024-03-20 21:30:00+00:00,4300.2
2024-03-20 22:00:00+00:00,4078.04
2024-03-20 22:30:00+00:00,3893.26
2024-03-20 23:00:00+00:00,3727.29
2024-03-20 23:30:00+00:00,3706.06
2024-03-21 00:00:00+00:00,3551.1
2024-03-21 00:30:00+00:00,3442.69
2024-03-21 01:00:00+00:00,3368.28
2024-03-21 01:30:00+00:00,3318.76
2024-03-21 02:00:00+00:00,3265.74
2024-03-21 02:30:00+00:00,3259.31
2024-03-21 03:00:00+00:00,3237.75
2024-03-21 03:30:00+00:00,3268.93
2024-03-21 04:00:00+00:00,3201.03
2024-03-21 04:30:00+00:00,3195.28
2024-03-21 05:00:00+00:00,3196.3
2024-03-21 05:30:00+00:00,3271.25
2024-03-21 06:00:00+00:00,3431.81
2024-03-21 06:30:00+00:00,3627.61
2024-03-21 07:00:00+00:00,3876.32
2024-03-21 07:30:00+00:00,4171.74
2024-03-21 08:00:00+00:00,4310.12
2024-03-21 08:30:00+00:00,4383.29
2024-03-21 09:00:00+00:00,4427.13
2024-03-21 09:30:00+00:00,4448.82
2024-03-21 10:00:00+00:00,4422.12
2024-03-21 10:30:00+00:00,4421.02
2024-03-21 11:00:00+00:00,4414.23
2024-03-21 11:30:00+00:00,4480.59
2024-03-21 12:00:00+00:00,4476.18
2024-03-21 12:30:00+00:00,4476.75
2024-03-21 13:00:00+00:00,4499.38
2024-03-21 13:30:00+00:00,4375.01
2024-03-21 14:00:00+00:00,4380.37
2024-03-21 14:30:00+00:00,4371.66
2024-03-21 15:00:00+00:00,4380.8
2024-03-21 15:30:00+00:00,4384.25
2024-03-21 16:00:00+00:00,4433.35
2024-03-21 16:30:00+00:00,4578.77
2024-03-21 17:00:00+00:00,4669.52
2024-03-21 17:30:00+00:00,4736.27
2024-03-21 18:00:00+00:00,4761.94
2024-03-21 18:30:00+00:00,4776.44
2024-03-21 19:00:00+00:00,4808.19
2024-03-21 19:30:00+00:00,4803.15
2024-03-21 20:00:00+00:00,4701.74
2024-03-21 20:30:00+00:00,4576.48
2024-03-21 21:00:00+00:00,4461.13
2024-03-21 21:30:00+00:00,4266.46
2024-03-21 22:00:00+00:00,4082.35
2024-03-21 22:30:00+00:00,3901.7
2024-03-21 23:00:00+00:00,3757.93
2024-03-21 23:30:00+00:00,3704.28
2024-03-22 00:00:00+00:00,3584.04
2024-03-22 00:30:00+00:00,3477.42
2024-03-22 01:00:00+00:00,3395.81
2024-03-22 01:30:00+00:00,3350.7
2024-03-22 02:00:00+00:00,3271.04
2024-03-22 02:30:00+00:00,3279.0
2024-03-22 03:00:00+00:00,3248.0
2024-03-22 03:30:00+00:00,3256.13
2024-03-22 04:00:00+00:00,3237.88
2024-03-22 04:30:00+00:00,3233.67
2024-03-22 05:00:00+00:00,3265.06
2024-03-22 05:30:00+00:00,3325.25
2024-03-22 06:00:00+00:00,3464.44
2024-03-22 06:30:00+00:00,3664.92
2024-03-22 07:00:00+00:00,3905.76
2024-03-22 07:30:00+00:00,4191.65
2024-03-22 08:00:00+00:00,4269.96
2024-03-22 08:30:00+00:00,4298.71
2024-03-22 09:00:00+00:00,4309.03
2024-03-22 09:30:00+00:00,4267.78
2024-03-22 10:00:00+00:00,4201.92
2024-03-22 10:30:00+00:00,4171.45
2024-03-22 11:00:00+00:00,4151.43
2024-03-22 11:30:00+00:00,4121.19
2024-03-22 12:00:00+00:00,4127.37
2024-03-22 12:30:00+00:00,4183.5
2024-03-22 13:00:00+00:00,4141.11
2024-03-22 13:30:00+00:00,4103.49
2024-03-22 14:00:00+00:00,4102.49
2024-03-22 14:30:00+00:00,4170.23
2024-03-22 15:00:00+00:00,4165.59
2024-03-22 15:30:00+00:00,4182.06
2024-03-22 16:00:00+00:00,4182.43
2024-03-22 16:30:00+00:00,4272.26
2024-03-22 17:00:00+00:00,4339.88
2024-03-22 17:30:00+00:00,4453.15
2024-03-22 18:00:00+00:00,4485.27
2024-03-22 18:30:00+00:00,4555.67
2024-03-22 19:00:00+00:00,4671.99
2024-03-22 19:30:00+00:00,4719.66
2024-03-22 20:00:00+00:00,4612.25
2024-03-22 20:30:00+00:00,4523.97
2024-03-22 21:00:00+00:00,4408.99
2024-03-22 21:30:00+00:00,4270.07
2024-03-22 22:00:00+00:00,4097.66
2024-03-22 22:30:00+00:00,3966.82
2024-03-22 23:00:00+00:00,3827.93
2024-03-22 23:30:00+00:00,3845.46
2024-03-23 00:00:00+00:00,3730.7
2024-03-23 00:30:00+00:00,3602.11
2024-03-23 01:00:00+00:00,3530.72
2024-03-23 01:30:00+00:00,3456.01
2024-03-23 02:00:00+00:00,3401.06
2024-03-23 02:30:00+00:00,3411.23
2024-03-23 03:00:00+00:00,3362.78
2024-03-23 03:30:00+00:00,3294.66
2024-03-23 04:00:00+00:00,3298.41
2024-03-23 04:30:00+00:00,3304.2
2024-03-23 05:00:00+00:00,3245.12
2024-03-23 05:30:00+00:00,3293.63
2024-03-23 06:00:00+00:00,3324.35
2024-03-23 06:30:00+00:00,3401.74
2024-03-23 07:00:00+00:00,3487.61
2024-03-23 07:30:00+00:00,3630.36
2024-03-23 08:00:00+00:00,3753.87
2024-03-23 08:30:00+00:00,3893.25
2024-03-23 09:00:00+00:00,4020.78
2024-03-23 09:30:00+00:00,4022.62
2024-03-23 10:00:00+00:00,4062.13
2024-03-23 10:30:00+00:00,4018.85
2024-03-23 11:00:00+00:00,4089.09
2024-03-23 11:30:00+00:00,4079.26
2024-03-23 12:00:00+00:00,4047.74
2024-03-23 12:30:00+00:00,4031.58
2024-03-23 13:00:00+00:00,3992.79
2024-03-23 13:30:00+00:00,3937.67
2024-03-23 14:00:00+00:00,3831.91
2024-03-23 14:30:00+00:00,3805.35
2024-03-23 15:00:00+00:00,3815.27
2024-03-23 15:30:00+00:00,3864.9
2024-03-23 16:00:00+00:00,3916.27
2024-03-23 16:30:00+00:00,3975.06
2024-03-23 17:00:00+00:00,4098.75
2024-03-23 17:30:00+00:00,4187.4
2024-03-23 18:00:00+00:00,4306.43
2024-03-23 18:30:00+00:00,4316.08
2024-03-23 19:00:00+00:00,4385.03
2024-03-23 19:30:00+00:00,4436.41
2024-03-23 20:00:00+00:00,4349.73
2024-03-23 20:30:00+00:00,4225.19
2024-03-23 21:00:00+00:00,4121.63
2024-03-23 21:30:00+00:00,3972.51
2024-03-23 22:00:00+00:00,3831.55
2024-03-23 22:30:00+00:00,3741.4
2024-03-23 23:00:00+00:00,3648.15
2024-03-23 23:30:00+00:00,3629.31
2024-03-24 00:00:00+00:00,3534.89
2024-03-24 00:30:00+00:00,3482.76
2024-03-24 01:00:00+00:00,3383.21
2024-03-24 01:30:00+00:00,3322.6
2024-03-24 02:00:00+00:00,3244.22
2024-03-24 02:30:00+00:00,3237.82
2024-03-24 03:00:00+00:00,3193.64
2024-03-24 03:30:00+00:00,3159.88
2024-03-24 04:00:00+00:00,3142.59
2024-03-24 04:30:00+00:00,3128.89
2024-03-24 05:00:00+00:00,3114.19
2024-03-24 05:30:00+00:00,3122.71
2024-03-24 06:00:00+00:00,3147.4
2024-03-24 06:30:00+00:00,3143.93
2024-03-24 07:00:00+00:00,3197.57
2024-03-24 07:30:00+00:00,3338.13
2024-03-24 08:00:00+00:00,3444.07
2024-03-24 08:30:00+00:00,3555.7
2024-03-24 09:00:00+00:00,3673.71
2024-03-24 09:30:00+00:00,3759.21
2024-03-24 10:00:00+00:00,3788.36
2024-03-24 10:30:00+00:00,3858.56
2024-03-24 11:00:00+00:00,3882.05
2024-03-24 11:30:00+00:00,3898.04
2024-03-24 12:00:00+00:00,3901.76
2024-03-24 12:30:00+00:00,3866.79
2024-03-24 13:00:00+00:00,3882.08
2024-03-24 13:30:00+00:00,3903.82
2024-03-24 14:00:00+00:00,3858.84
2024-03-24 14:30:00+00:00,3818.5
2024-03-24 15:00:00+00:00,3803.5
2024-03-24 15:30:00+00:00,3815.35
2024-03-24 16:00:00+00:00,3868.51
2024-03-24 16:30:00+00:00,3916.33
2024-03-24 17:00:00+00:00,4012.29
2024-03-24 17:30:00+00:00,4104.91
2024-03-24 18:00:00+00:00,4161.93
2024-03-24 18:30:00+00:00,4247.22
2024-03-24 19:00:00+00:00,4285.65
2024-03-24 19:30:00+00:00,4276.49
2024-03-24 20:00:00+00:00,4189.29
2024-03-24 20:30:00+00:00,4095.04
2024-03-24 21:00:00+00:00,3987.43
2024-03-24 21:30:00+00:00,3841.67
2024-03-24 22:00:00+00:00,3715.18
2024-03-24 22:30:00+00:00,3567.7
2024-03-24 23:00:00+00:00,3477.99
2024-03-24 23:30:00+00:00,3460.16
2024-03-25 00:00:00+00:00,3354.84
2024-03-25 00:30:00+00:00,3250.68
2024-03-25 01:00:00+00:00,3164.36
2024-03-25 01:30:00+00:00,3142.05
2024-03-25 02:00:00+00:00,3095.34
2024-03-25 02:30:00+00:00,3128.27
2024-03-25 03:00:00+00:00,3079.52
2024-03-25 03:30:00+00:00,3070.06
2024-03-25 04:00:00+00:00,3048.73
2024-03-25 04:30:00+00:00,3041.67
2024-03-25 05:00:00+00:00,3034.27
2024-03-25 05:30:00+00:00,3102.46
2024-03-25 06:00:00+00:00,3233.45
2024-03-25 06:30:00+00:00,3424.68
2024-03-25 07:00:00+00:00,3628.61
2024-03-25 07:30:00+00:00,3860.45
2024-03-25 08:00:00+00:00,4051.39
2024-03-25 08:30:00+00:00,4185.1
2024-03-25 09:00:00+00:00,4332.2
2024-03-25 09:30:00+00:00,4390.77
2024-03-25 10:00:00+00:00,4462.09
2024-03-25 10:30:00+00:00,4466.96
2024-03-25 11:00:00+00:00,4407.13
2024-03-25 11:30:00+00:00,4376.19
2024-03-25 13:00:00+00:00,4475.99
2024-03-25 13:30:00+00:00,4402.03
2024-03-25 14:00:00+00:00,4388.99
2024-03-25 14:30:00+00:00,4346.85
2024-03-25 15:00:00+00:00,4283.36
2024-03-25 15:30:00+00:00,4388.46
2024-03-25 16:00:00+00:00,4413.15
2024-03-25 16:30:00+00:00,4424.25
2024-03-25 17:00:00+00:00,4468.9
2024-03-25 17:30:00+00:00,4566.61
2024-03-25 19:00:00+00:00,4697.07
2024-03-25 19:30:00+00:00,4766.38
2024-03-25 20:00:00+00:00,4663.21
2024-03-25 20:30:00+00:00,4561.95
2024-03-25 21:00:00+00:00,4454.55
2024-03-25 21:30:00+00:00,4280.72
2024-03-25 22:00:00+00:00,4096.34
2024-03-25 22:30:00+00:00,3912.17
2024-03-25 23:00:00+00:00,3746.41
2024-03-25 23:30:00+00:00,3710.58
2024-03-26 00:00:00+00:00,3562.94
2024-03-26 00:30:00+00:00,3460.3
2024-03-26 01:00:00+00:00,3386.1
2024-03-26 01:30:00+00:00,3312.53
2024-03-26 02:00:00+00:00,3274.85
2024-03-26 02:30:00+00:00,3265.63
2024-03-26 03:00:00+00:00,3220.68
2024-03-26 03:30:00+00:00,3199.22
2024-03-26 04:00:00+00:00,3164.52
2024-03-26 04:30:00+00:00,3170.37
2024-03-26 05:00:00+00:00,3166.69
2024-03-26 05:30:00+00:00,3237.65
2024-03-26 06:00:00+00:00,3357.07
2024-03-26 06:30:00+00:00,3508.44
2024-03-26 07:00:00+00:00,3725.91
2024-03-26 07:30:00+00:00,3963.29
2024-03-26 08:00:00+00:00,4128.39
2024-03-26 08:30:00+00:00,4317.93
2024-03-26 09:00:00+00:00,4424.32
2024-03-26 09:30:00+00:00,4498.72
2024-03-26 10:00:00+00:00,4486.98
2024-03-26 10:30:00+00:00,4488.67
2024-03-26 11:00:00+00:00,4530.29
2024-03-26 11:30:00+00:00,4561.82
2024-03-26 12:00:00+00:00,4613.6
2024-03-26 12:30:00+00:00,4654.43
2024-03-26 13:00:00+00:00,4653.96
2024-03-26 13:30:00+00:00,4573.48
2024-03-26 14:00:00+00:00,4530.66
2024-03-26 14:30:00+00:00,4526.78
2024-03-26 15:00:00+00:00,4481.56
2024-03-26 15:30:00+00:00,4471.86
2024-03-26 16:00:00+00:00,4478.58
2024-03-26 16:30:00+00:00,4463.89
2024-03-26 17:00:00+00:00,4539.99
2024-03-26 17:30:00+00:00,4650.14
2024-03-26 18:00:00+00:00,4717.07
2024-03-26 18:30:00+00:00,4683.64
2024-03-26 19:00:00+00:00,4780.27
2024-03-26 19:30:00+00:00,4832.98
2024-03-26 21:00:00+00:00,4477.3
2024-03-26 21:30:00+00:00,4316.81
2024-03-26 22:00:00+00:00,4151.63
2024-03-26 22:30:00+00:00,3947.15
2024-03-26 23:00:00+00:00,3821.1
2024-03-26 23:30:00+00:00,3764.26
2024-03-27 00:00:00+00:00,3642.01
2024-03-27 00:30:00+00:00,3600.89
2024-03-27 01:00:00+00:00,3518.53
2024-03-27 01:30:00+00:00,3428.56
2024-03-27 02:00:00+00:00,3374.65
2024-03-27 02:30:00+00:00,3357.01
2024-03-27 03:00:00+00:00,3331.35
2024-03-27 03:30:00+00:00,3335.14
2024-03-27 04:00:00+00:00,3338.95
2024-03-27 04:30:00+00:00,3307.88
2024-03-27 05:00:00+00:00,3321.75
2024-03-27 05:30:00+00:00,3353.59
2024-03-27 06:00:00+00:00,3474.8
2024-03-27 06:30:00+00:00,3646.06
2024-03-27 07:00:00+00:00,3830.46
2024-03-27 07:30:00+00:00,4126.22
2024-03-27 08:00:00+00:00,4238.61
2024-03-27 08:30:00+00:00,4394.59
2024-03-27 09:00:00+00:00,4509.35
2024-03-27 09:30:00+00:00,4580.62
2024-03-27 10:00:00+00:00,4519.86
2024-03-27 10:30:00+00:00,4548.63
2024-03-27 11:00:00+00:00,4518.72
2024-03-27 11:30:00+00:00,4557.72
2024-03-27 12:00:00+00:00,4567.24
2024-03-27 12:30:00+00:00,4515.4
2024-03-27 13:00:00+00:00,4501.97
2024-03-27 13:30:00+00:00,4372.27
2024-03-27 14:00:00+00:00,4337.4
2024-03-27 14:30:00+00:00,4333.73
2024-03-27 15:00:00+00:00,4350.98
2024-03-27 15:30:00+00:00,4348.77
2024-03-27 16:00:00+00:00,4292.24
2024-03-27 16:30:00+00:00,4397.7
2024-03-27 17:00:00+00:00,4512.91
2024-03-27 17:30:00+00:00,4574.62
2024-03-27 18:00:00+00:00,4649.85
2024-03-27 18:30:00+00:00,4684.65
2024-03-27 19:00:00+00:00,4729.14
2024-03-27 19:30:00+00:00,4840.1
2024-03-27 20:00:00+00:00,4784.41
2024-03-27 20:30:00+00:00,4670.81
2024-03-27 21:00:00+00:00,4541.99
2024-03-27 21:30:00+00:00,4385.44
2024-03-27 22:00:00+00:00,4196.17
2024-03-27 22:30:00+00:00,4034.59
2024-03-27 23:00:00+00:00,3888.98
2024-03-27 23:30:00+00:00,3835.8
2024-03-28 00:00:00+00:00,3699.54
2024-03-28 00:30:00+00:00,3622.83
2024-03-28 01:00:00+00:00,3514.79
2024-03-28 01:30:00+00:00,3470.41
2024-03-28 02:00:00+00:00,3417.92
2024-03-28 02:30:00+00:00,3414.96
2024-03-28 03:00:00+00:00,3374.94
2024-03-28 03:30:00+00:00,3362.13
2024-03-28 04:00:00+00:00,3347.46
2024-03-28 04:30:00+00:00,3357.01
2024-03-28 05:00:00+00:00,3361.81
2024-03-28 05:30:00+00:00,3430.56
2024-03-28 06:00:00+00:00,3554.66
2024-03-28 06:30:00+00:00,3705.27
2024-03-28 07:00:00+00:00,3919.83
2024-03-28 07:30:00+00:00,4171.55
2024-03-28 08:00:00+00:00,4297.62
2024-03-28 08:30:00+00:00,4436.72
2024-03-28 09:00:00+00:00,4505.01
2024-03-28 09:30:00+00:00,4537.79
2024-03-28 11:00:00+00:00,4433.67
2024-03-28 11:30:00+00:00,4384.01
2024-03-28 12:00:00+00:00,4394.3
2024-03-28 12:30:00+00:00,4408.63
2024-03-28 13:00:00+00:00,4386.07
2024-03-28 13:30:00+00:00,4310.66
2024-03-28 14:00:00+00:00,4260.25
2024-03-28 14:30:00+00:00,4243.19
2024-03-28 15:00:00+00:00,4203.92
2024-03-28 15:30:00+00:00,4205.18
2024-03-28 16:00:00+00:00,4250.8
2024-03-28 16:30:00+00:00,4316.05
2024-03-28 17:00:00+00:00,4381.61
2024-03-28 17:30:00+00:00,4467.37
2024-03-28 19:00:00+00:00,4560.71
2024-03-28 19:30:00+00:00,4687.63
2024-03-28 20:00:00+00:00,4634.84
2024-03-28 20:30:00+00:00,4571.04
2024-03-28 21:00:00+00:00,4464.28
2024-03-28 21:30:00+00:00,4322.68
2024-03-28 22:00:00+00:00,4155.23
2024-03-28 22:30:00+00:00,3984.15
2024-03-28 23:00:00+00:00,3851.33
2024-03-28 23:30:00+00:00,3816.85
2024-03-29 00:00:00+00:00,3715.4
2024-03-29 00:30:00+00:00,3598.47
2024-03-29 01:00:00+00:00,3503.91
2024-03-29 01:30:00+00:00,3529.92
2024-03-29 02:00:00+00:00,3364.48
2024-03-29 02:30:00+00:00,3343.12
2024-03-29 03:00:00+00:00,3267.07
2024-03-29 03:30:00+00:00,3245.63
2024-03-29 04:00:00+00:00,3235.04
2024-03-29 04:30:00+00:00,3221.87
2024-03-29 05:00:00+00:00,3244.6
2024-03-29 05:30:00+00:00,3303.25
2024-03-29 06:00:00+00:00,3364.56
2024-03-29 06:30:00+00:00,3463.86
2024-03-29 07:00:00+00:00,3610.73
2024-03-29 07:30:00+00:00,3795.88
2024-03-29 08:00:00+00:00,3918.94
2024-03-29 08:30:00+00:00,4042.37
2024-03-29 09:00:00+00:00,4113.99
2024-03-29 09:30:00+00:00,4180.28
2024-03-29 10:00:00+00:00,4167.29
2024-03-29 10:30:00+00:00,4159.4
2024-03-29 11:00:00+00:00,4136.9
2024-03-29 11:30:00+00:00,4125.85
2024-03-29 12:00:00+00:00,4103.97
2024-03-29 12:30:00+00:00,4127.24
2024-03-29 13:00:00+00:00,4090.79
2024-03-29 13:30:00+00:00,4046.68
2024-03-29 14:00:00+00:00,3978.37
2024-03-29 14:30:00+00:00,3974.32
2024-03-29 15:00:00+00:00,3930.06
2024-03-29 15:30:00+00:00,3938.83
2024-03-29 16:00:00+00:00,3978.16
2024-03-29 16:30:00+00:00,4073.7
2024-03-29 17:00:00+00:00,4164.46
2024-03-29 17:30:00+00:00,4259.34
2024-03-29 18:00:00+00:00,4353.61
2024-03-29 18:30:00+00:00,4391.55
2024-03-29 19:00:00+00:00,4406.41
2024-03-29 19:30:00+00:00,4504.52
2024-03-29 21:00:00+00:00,4230.49
2024-03-29 21:30:00+00:00,4090.23
2024-03-29 22:00:00+00:00,3951.09
2024-03-29 22:30:00+00:00,3805.49
2024-03-29 23:00:00+00:00,3687.94
2024-03-29 23:30:00+00:00,3671.45
2024-03-30 00:00:00+00:00,3546.79
2024-03-30 00:30:00+00:00,3499.35
2024-03-30 01:00:00+00:00,3378.77
2024-03-30 01:30:00+00:00,3291.25
2024-03-30 02:00:00+00:00,3246.14
2024-03-30 02:30:00+00:00,3261.41
2024-03-30 03:00:00+00:00,3190.33
2024-03-30 03:30:00+00:00,3165.13
2024-03-30 04:00:00+00:00,3112.53
2024-03-30 04:30:00+00:00,3099.69
2024-03-30 05:00:00+00:00,3098.94
2024-03-30 05:30:00+00:00,3135.62
2024-03-30 06:00:00+00:00,3139.46
2024-03-30 06:30:00+00:00,3192.73
2024-03-30 07:00:00+00:00,3270.94
2024-03-30 07:30:00+00:00,3394.14
2024-03-30 08:00:00+00:00,3470.92
2024-03-30 08:30:00+00:00,3571.12
2024-03-30 09:00:00+00:00,3669.57
2024-03-30 09:30:00+00:00,3774.18
2024-03-30 10:00:00+00:00,3791.22
2024-03-30 10:30:00+00:00,3769.05
2024-03-30 11:00:00+00:00,3776.65
2024-03-30 11:30:00+00:00,3818.71
2024-03-30 12:00:00+00:00,3789.42
2024-03-30 12:30:00+00:00,3788.62
2024-03-30 13:00:00+00:00,3806.61
2024-03-30 13:30:00+00:00,3807.4
2024-03-30 14:00:00+00:00,3714.97
2024-03-30 14:30:00+00:00,3704.23
2024-03-30 15:00:00+00:00,3671.75
2024-03-30 15:30:00+00:00,3702.66
2024-03-30 16:00:00+00:00,3718.5
2024-03-30 16:30:00+00:00,3793.39
2024-03-30 17:00:00+00:00,3921.66
2024-03-30 17:30:00+00:00,4030.27
2024-03-30 18:00:00+00:00,4065.46
2024-03-30 18:30:00+00:00,4096.53
2024-03-30 19:00:00+00:00,4124.16
2024-03-30 19:30:00+00:00,4234.85
2024-03-30 20:00:00+00:00,4163.39
2024-03-30 20:30:00+00:00,4041.7
2024-03-30 21:00:00+00:00,3919.2
2024-03-30 21:30:00+00:00,3829.05
2024-03-30 22:00:00+00:00,3739.12
2024-03-30 22:30:00+00:00,3580.59
2024-03-30 23:00:00+00:00,3520.49
2024-03-30 23:30:00+00:00,3496.1
2024-03-31 00:00:00+00:00,3412.87
2024-03-31 00:30:00+00:00,3327.92
2024-03-31 02:00:00+01:00,3241.4
2024-03-31 02:30:00+01:00,3300.51
2024-03-31 03:00:00+01:00,3229.54
2024-03-31 03:30:00+01:00,3104.64
2024-03-31 04:00:00+01:00,3049.72
2024-03-31 04:30:00+01:00,3060.17
2024-03-31 05:00:00+01:00,3005.19
2024-03-31 05:30:00+01:00,2973.6
2024-03-31 06:00:00+01:00,2994.32
2024-03-31 06:30:00+01:00,3023.49
2024-03-31 07:00:00+01:00,3073.21
2024-03-31 07:30:00+01:00,3134.92
2024-03-31 08:00:00+01:00,3225.74
2024-03-31 08:30:00+01:00,3344.24
2024-03-31 09:00:00+01:00,3457.1
2024-03-31 09:30:00+01:00,3543.1
2024-03-31 10:00:00+01:00,3624.54
2024-03-31 10:30:00+01:00,3694.19
2024-03-31 11:00:00+01:00,3735.21
2024-03-31 11:30:00+01:00,3733.16
2024-03-31 12:00:00+01:00,3728.79
2024-03-31 12:30:00+01:00,3769.7
2024-03-31 13:00:00+01:00,3802.95
2024-03-31 13:30:00+01:00,3763.73
2024-03-31 14:00:00+01:00,3706.06
2024-03-31 14:30:00+01:00,3628.62
2024-03-31 15:00:00+01:00,3629.46
2024-03-31 15:30:00+01:00,3583.01
2024-03-31 16:00:00+01:00,3584.8
2024-03-31 16:30:00+01:00,3611.8
2024-03-31 17:00:00+01:00,3614.93
2024-03-31 17:30:00+01:00,3672.61
2024-03-31 18:00:00+01:00,3677.1
2024-03-31 18:30:00+01:00,3664.74
2024-03-31 19:00:00+01:00,3716.42
2024-03-31 19:30:00+01:00,3718.05
2024-03-31 20:00:00+01:00,3734.14
2024-03-31 20:30:00+01:00,3808.07
2024-03-31 21:00:00+01:00,3773.24
2024-03-31 21:30:00+01:00,3711.19
2024-03-31 22:00:00+01:00,3599.1
2024-03-31 22:30:00+01:00,3476.92
2024-03-31 23:00:00+01:00,3379.15
2024-03-31 23:30:00+01:00,3279.31
2024-04-01 00:00:00+01:00,3223.14
2024-04-01 00:30:00+01:00,3255.92
2024-04-01 01:00:00+01:00,3150.3
2024-04-01 01:30:00+01:00,3105.93
2024-04-01 02:00:00+01:00,3048.08
2024-04-01 02:30:00+01:00,3043.09
2024-04-01 03:00:00+01:00,3000.13
2024-04-01 03:30:00+01:00,2960.56
2024-04-01 04:00:00+01:00,2950.5
2024-04-01 04:30:00+01:00,2944.84
2024-04-01 05:00:00+01:00,2957.26
2024-04-01 05:30:00+01:00,2970.09
2024-04-01 06:00:00+01:00,3011.01
2024-04-01 06:30:00+01:00,3080.61
2024-04-01 07:00:00+01:00,3143.75
2024-04-01 07:30:00+01:00,3197.49
2024-04-01 08:00:00+01:00,3282.5
2024-04-01 08:30:00+01:00,3380.78
2024-04-01 09:00:00+01:00,3457.57
2024-04-01 09:30:00+01:00,3534.97
2024-04-01 10:00:00+01:00,3616.48
2024-04-01 10:30:00+01:00,3707.96
2024-04-01 11:00:00+01:00,3734.84
2024-04-01 11:30:00+01:00,3781.57
2024-04-01 12:00:00+01:00,3809.86
2024-04-01 12:30:00+01:00,3830.55
2024-04-01 13:00:00+01:00,3849.98
2024-04-01 13:30:00+01:00,3837.62
2024-04-01 14:00:00+01:00,3815.86
2024-04-01 14:30:00+01:00,3756.58
2024-04-01 15:00:00+01:00,3740.55
2024-04-01 15:30:00+01:00,3743.7
2024-04-01 16:00:00+01:00,3754.13
2024-04-01 16:30:00+01:00,3820.28
2024-04-01 17:00:00+01:00,3879.37
2024-04-01 17:30:00+01:00,3987.02
2024-04-01 18:00:00+01:00,4042.82
2024-04-01 18:30:00+01:00,4038.42
2024-04-01 19:00:00+01:00,4033.03
2024-04-01 19:30:00+01:00,4032.03
2024-04-01 20:00:00+01:00,4051.99
2024-04-01 20:30:00+01:00,4126.9
2024-04-01 21:00:00+01:00,4106.39
2024-04-01 21:30:00+01:00,3992.58
2024-04-01 22:00:00+01:00,3845.5
2024-04-01 22:30:00+01:00,3690.99
2024-04-01 23:00:00+01:00,3535.4
2024-04-01 23:30:00+01:00,3423.76
2024-04-02 00:00:00+01:00,3335.05
2024-04-02 00:30:00+01:00,3337.08
2024-04-02 01:00:00+01:00,3262.57
2024-04-02 01:30:00+01:00,3246.11
2024-04-02 02:00:00+01:00,3186.51
2024-04-02 02:30:00+01:00,3195.53
2024-04-02 03:00:00+01:00,3173.96
2024-04-02 03:30:00+01:00,3139.37
2024-04-02 04:00:00+01:00,3103.73
2024-04-02 04:30:00+01:00,3109.02
2024-04-02 05:00:00+01:00,3113.57
2024-04-02 05:30:00+01:00,3168.16
2024-04-02 06:00:00+01:00,3278.84
2024-04-02 06:30:00+01:00,3498.9
2024-04-02 07:00:00+01:00,3661.47
2024-04-02 07:30:00+01:00,3885.77
2024-04-02 08:00:00+01:00,4080.47
2024-04-02 08:30:00+01:00,4261.66
2024-04-02 09:00:00+01:00,4349.25
2024-04-02 09:30:00+01:00,4372.5
2024-04-02 10:00:00+01:00,4351.76
2024-04-02 10:30:00+01:00,4280.69
2024-04-02 11:00:00+01:00,4276.66
2024-04-02 11:30:00+01:00,4290.42
2024-04-02 12:00:00+01:00,4276.46
2024-04-02 12:30:00+01:00,4226.43
2024-04-02 13:00:00+01:00,4243.94
2024-04-02 13:30:00+01:00,4204.2
2024-04-02 14:00:00+01:00,4166.6
2024-04-02 14:30:00+01:00,4115.35
2024-04-02 15:00:00+01:00,4094.85
2024-04-02 15:30:00+01:00,4090.51
2024-04-02 16:00:00+01:00,4111.82
2024-04-02 16:30:00+01:00,4221.1
2024-04-02 17:00:00+01:00,4229.61
2024-04-02 17:30:00+01:00,4314.93
2024-04-02 18:00:00+01:00,4370.09
2024-04-02 18:30:00+01:00,4406.76
2024-04-02 19:00:00+01:00,4359.88
2024-04-02 19:30:00+01:00,4424.85
2024-04-02 20:00:00+01:00,4460.66
2024-04-02 20:30:00+01:00,4476.79
2024-04-02 21:00:00+01:00,4395.04
2024-04-02 21:30:00+01:00,4270.49
2024-04-02 22:00:00+01:00,4088.88
2024-04-02 22:30:00+01:00,3887.49
2024-04-02 23:00:00+01:00,3722.59
2024-04-02 23:30:00+01:00,3573.01
2024-04-03 00:00:00+01:00,3470.53
2024-04-03 00:30:00+01:00,3476.46
2024-04-03 01:00:00+01:00,3399.78
2024-04-03 01:30:00+01:00,3369.51
2024-04-03 02:00:00+01:00,3282.09
2024-04-03 02:30:00+01:00,3287.84
2024-04-03 03:00:00+01:00,3242.89
2024-04-03 03:30:00+01:00,3194.74
2024-04-03 04:00:00+01:00,3160.54
2024-04-03 04:30:00+01:00,3169.15
2024-04-03 05:00:00+01:00,3185.72
2024-04-03 05:30:00+01:00,3228.63
2024-04-03 06:00:00+01:00,3322.96
2024-04-03 06:30:00+01:00,3520.5
2024-04-03 07:00:00+01:00,3699.8
2024-04-03 07:30:00+01:00,3951.09
2024-04-03 08:00:00+01:00,4156.97
2024-04-03 08:30:00+01:00,4336.38
2024-04-03 09:00:00+01:00,4381.14
2024-04-03 09:30:00+01:00,4404.59
2024-04-03 10:00:00+01:00,4342.57
2024-04-03 10:30:00+01:00,4330.99
2024-04-03 11:00:00+01:00,4312.46
2024-04-03 11:30:00+01:00,4214.08
2024-04-03 12:00:00+01:00,4224.89
2024-04-03 12:30:00+01:00,4230.25
2024-04-03 13:00:00+01:00,4276.09
2024-04-03 13:30:00+01:00,4266.99
2024-04-03 14:00:00+01:00,4254.4
2024-04-03 14:30:00+01:00,4229.46
2024-04-03 15:00:00+01:00,4204.31
2024-04-03 15:30:00+01:00,4183.46
2024-04-03 16:00:00+01:00,4253.04
2024-04-03 16:30:00+01:00,4286.56
2024-04-03 17:00:00+01:00,4373.96
2024-04-03 17:30:00+01:00,4456.68
2024-04-03 18:00:00+01:00,4501.51
2024-04-03 18:30:00+01:00,4516.82
2024-04-03 19:00:00+01:00,4474.41
2024-04-03 19:30:00+01:00,4476.98
2024-04-03 20:00:00+01:00,4437.38
2024-04-03 20:30:00+01:00,4489.94
2024-04-03 21:00:00+01:00,4415.78
2024-04-03 21:30:00+01:00,4251.89
2024-04-03 22:00:00+01:00,4089.13
2024-04-03 22:30:00+01:00,3898.94
2024-04-03 23:00:00+01:00,3730.48
2024-04-03 23:30:00+01:00,3573.91
2024-04-04 00:00:00+01:00,3472.19
2024-04-04 00:30:00+01:00,3460.38
2024-04-04 01:00:00+01:00,3389.74
2024-04-04 01:30:00+01:00,3336.45
2024-04-04 02:00:00+01:00,3275.22
2024-04-04 02:30:00+01:00,3268.9
2024-04-04 03:00:00+01:00,3223.26
2024-04-04 03:30:00+01:00,3190.28
2024-04-04 04:00:00+01:00,3169.59
2024-04-04 04:30:00+01:00,3168.2
2024-04-04 06:00:00+01:00,3358.86
2024-04-04 06:30:00+01:00,3549.74
2024-04-04 07:00:00+01:00,3711.31
2024-04-04 07:30:00+01:00,3951.19
2024-04-04 08:00:00+01:00,4150.14
2024-04-04 08:30:00+01:00,4319.16
2024-04-04 09:00:00+01:00,4373.53
2024-04-04 09:30:00+01:00,4400.57
2024-04-04 10:00:00+01:00,3529.34
2024-04-04 10:30:00+01:00,4352.16
2024-04-04 11:00:00+01:00,4297.24
2024-04-04 11:30:00+01:00,4297.18
2024-04-04 12:00:00+01:00,4267.29
2024-04-04 12:30:00+01:00,4273.98
2024-04-04 13:00:00+01:00,4315.74
2024-04-04 13:30:00+01:00,4276.64
2024-04-04 14:00:00+01:00,4244.41
2024-04-04 14:30:00+01:00,4240.53
2024-04-04 15:00:00+01:00,4259.82
2024-04-04 15:30:00+01:00,4290.23
2024-04-04 16:00:00+01:00,4337.64
2024-04-04 16:30:00+01:00,4385.7
2024-04-04 17:00:00+01:00,4400.14
2024-04-04 17:30:00+01:00,4497.89
2024-04-04 18:00:00+01:00,4584.2
2024-04-04 18:30:00+01:00,4574.84
2024-04-04 19:00:00+01:00,4525.95
2024-04-04 19:30:00+01:00,4521.21
2024-04-04 20:00:00+01:00,4511.48
2024-04-04 20:30:00+01:00,4534.03
2024-04-04 21:00:00+01:00,4417.86
2024-04-04 21:30:00+01:00,4262.33
2024-04-04 22:00:00+01:00,4080.25
2024-04-04 22:30:00+01:00,3936.63
2024-04-04 23:00:00+01:00,3753.5
2024-04-04 23:30:00+01:00,3611.11
2024-04-05 00:00:00+01:00,3507.15
2024-04-05 00:30:00+01:00,3497.58
2024-04-05 01:00:00+01:00,3430.78
2024-04-05 01:30:00+01:00,3377.92
2024-04-05 02:00:00+01:00,3323.94
2024-04-05 02:30:00+01:00,3338.31
2024-04-05 03:00:00+01:00,3242.15
2024-04-05 03:30:00+01:00,3224.2
2024-04-05 04:00:00+01:00,3179.31
2024-04-05 04:30:00+01:00,3174.81
2024-04-05 05:00:00+01:00,3186.31
2024-04-05 05:30:00+01:00,3214.0
2024-04-05 06:00:00+01:00,3329.76
2024-04-05 06:30:00+01:00,3511.14
2024-04-05 07:00:00+01:00,3665.87
2024-04-05 07:30:00+01:00,3911.49
2024-04-05 08:00:00+01:00,4104.65
2024-04-05 08:30:00+01:00,4282.8
2024-04-05 09:00:00+01:00,4345.32
2024-04-05 09:30:00+01:00,4377.1
2024-04-05 10:00:00+01:00,4339.89
2024-04-05 10:30:00+01:00,4339.23
2024-04-05 11:00:00+01:00,4331.73
2024-04-05 11:30:00+01:00,4304.27
2024-04-05 12:00:00+01:00,4237.68
2024-04-05 12:30:00+01:00,4244.78
2024-04-05 13:00:00+01:00,4256.46
2024-04-05 13:30:00+01:00,4176.97
2024-04-05 14:00:00+01:00,4108.45
2024-04-05 14:30:00+01:00,4077.71
2024-04-05 15:00:00+01:00,4033.41
2024-04-05 15:30:00+01:00,4068.91
2024-04-05 16:00:00+01:00,4038.11
2024-04-05 16:30:00+01:00,4043.28
2024-04-05 17:00:00+01:00,4108.81
2024-04-05 17:30:00+01:00,4196.62
2024-04-05 18:00:00+01:00,4294.5
2024-04-05 18:30:00+01:00,4314.17
2024-04-05 19:00:00+01:00,4348.72
2024-04-05 19:30:00+01:00,4350.5
2024-04-05 20:00:00+01:00,4344.3
2024-04-05 20:30:00+01:00,4353.27
2024-04-05 21:00:00+01:00,4276.91
2024-04-05 21:30:00+01:00,4133.82
2024-04-05 22:00:00+01:00,3972.34
2024-04-05 22:30:00+01:00,3860.45
2024-04-05 23:00:00+01:00,3696.41
2024-04-05 23:30:00+01:00,3570.21
2024-04-06 00:00:00+01:00,3480.9
2024-04-06 00:30:00+01:00,3460.31
2024-04-06 01:00:00+01:00,3371.7
2024-04-06 01:30:00+01:00,3305.89
2024-04-06 02:00:00+01:00,3215.93
2024-04-06 02:30:00+01:00,3221.35
2024-04-06 03:00:00+01:00,3146.72
2024-04-06 03:30:00+01:00,3086.32
2024-04-06 04:00:00+01:00,3047.29
2024-04-06 04:30:00+01:00,3059.29
2024-04-06 05:00:00+01:00,3050.61
2024-04-06 05:30:00+01:00,3043.87
2024-04-06 06:00:00+01:00,3117.02
2024-04-06 06:30:00+01:00,3231.15
2024-04-06 07:00:00+01:00,3276.2
2024-04-06 07:30:00+01:00,3401.47
2024-04-06 08:00:00+01:00,3519.08
2024-04-06 08:30:00+01:00,3666.29
2024-04-06 09:00:00+01:00,3718.58
2024-04-06 09:30:00+01:00,3827.28
2024-04-06 10:00:00+01:00,3887.24
2024-04-06 10:30:00+01:00,3924.53
2024-04-06 11:00:00+01:00,3913.6
2024-04-06 11:30:00+01:00,4009.86
2024-04-06 12:00:00+01:00,3981.49
2024-04-06 12:30:00+01:00,4002.62
2024-04-06 13:00:00+01:00,3935.9
2024-04-06 13:30:00+01:00,3883.63
2024-04-06 14:00:00+01:00,3792.86
2024-04-06 14:30:00+01:00,3775.83
2024-04-06 15:00:00+01:00,3720.23
2024-04-06 15:30:00+01:00,3726.09
2024-04-06 16:00:00+01:00,3737.13
2024-04-06 16:30:00+01:00,3795.3
2024-04-06 17:00:00+01:00,3841.31
2024-04-06 17:30:00+01:00,3962.46
2024-04-06 18:00:00+01:00,4001.46
2024-04-06 18:30:00+01:00,4015.96
2024-04-06 21:00:00+01:00,4006.43
2024-04-06 21:30:00+01:00,3884.4
2024-04-06 22:00:00+01:00,3754.59
2024-04-06 22:30:00+01:00,3636.57
2024-04-06 23:00:00+01:00,3509.35
2024-04-06 23:30:00+01:00,3396.6
2024-04-07 00:00:00+01:00,3351.85
2024-04-07 00:30:00+01:00,3353.23
2024-04-07 01:00:00+01:00,3253.78
2024-04-07 01:30:00+01:00,3171.77
2024-04-07 02:00:00+01:00,3108.06
2024-04-07 02:30:00+01:00,3069.31
2024-04-07 03:00:00+01:00,3020.81
2024-04-07 03:30:00+01:00,2997.95
2024-04-07 04:00:00+01:00,2975.31
2024-04-07 04:30:00+01:00,2961.55
2024-04-07 05:00:00+01:00,2943.92
2024-04-07 05:30:00+01:00,2957.89
2024-04-07 06:00:00+01:00,2990.05
2024-04-07 06:30:00+01:00,3031.63
2024-04-07 07:00:00+01:00,3067.83
2024-04-07 07:30:00+01:00,3165.98
2024-04-07 08:00:00+01:00,3269.17
2024-04-07 08:30:00+01:00,3380.53
2024-04-07 09:00:00+01:00,3392.43
2024-04-07 09:30:00+01:00,3448.87
2024-04-07 10:00:00+01:00,3550.21
2024-04-07 10:30:00+01:00,3566.25
2024-04-07 11:00:00+01:00,3586.66
2024-04-07 11:30:00+01:00,3603.72
2024-04-07 12:00:00+01:00,3629.94
2024-04-07 12:30:00+01:00,3652.08
2024-04-07 13:00:00+01:00,3724.99
2024-04-07 13:30:00+01:00,3666.09
2024-04-07 14:00:00+01:00,3554.02
2024-04-07 14:30:00+01:00,3567.64
2024-04-07 15:00:00+01:00,3583.01
2024-04-07 15:30:00+01:00,3563.48
2024-04-07 16:00:00+01:00,3584.7
2024-04-07 16:30:00+01:00,3666.23
2024-04-07 17:00:00+01:00,3748.88
2024-04-07 17:30:00+01:00,3822.68
2024-04-07 19:00:00+01:00,3968.05
2024-04-07 19:30:00+01:00,3994.5
2024-04-07 20:00:00+01:00,4027.95
2024-04-07 20:30:00+01:00,4067.0
2024-04-07 21:00:00+01:00,4099.36
2024-04-07 21:30:00+01:00,4009.51
2024-04-07 22:00:00+01:00,3831.62
2024-04-07 22:30:00+01:00,3659.33
2024-04-07 23:00:00+01:00,3496.19
2024-04-07 23:30:00+01:00,3346.7
2024-04-08 00:00:00+01:00,3268.71
2024-04-08 00:30:00+01:00,3253.93
2024-04-08 01:00:00+01:00,3182.02
2024-04-08 01:30:00+01:00,3153.94
2024-04-08 02:00:00+01:00,3096.97
2024-04-08 02:30:00+01:00,3111.62
2024-04-08 03:00:00+01:00,3062.25
2024-04-08 03:30:00+01:00,3048.24
2024-04-08 04:00:00+01:00,3049.3
2024-04-08 04:30:00+01:00,3039.04
2024-04-08 05:00:00+01:00,3063.23
2024-04-08 05:30:00+01:00,3122.18
2024-04-08 06:00:00+01:00,3268.24
2024-04-08 06:30:00+01:00,3478.33
2024-04-08 07:00:00+01:00,3746.08
2024-04-08 07:30:00+01:00,4071.35
2024-04-08 08:00:00+01:00,4300.14
2024-04-08 08:30:00+01:00,4396.47
2024-04-08 09:00:00+01:00,4455.73
2024-04-08 09:30:00+01:00,4526.76
2024-04-08 10:00:00+01:00,4533.16
2024-04-08 10:30:00+01:00,4540.91
2024-04-08 11:00:00+01:00,4552.14
2024-04-08 11:30:00+01:00,4568.71
2024-04-08 12:00:00+01:00,4564.3
2024-04-08 12:30:00+01:00,4611.48
2024-04-08 13:00:00+01:00,4614.18
2024-04-08 13:30:00+01:00,4569.06
2024-04-08 14:00:00+01:00,4517.34
2024-04-08 14:30:00+01:00,4515.68
2024-04-08 15:00:00+01:00,4531.26
2024-04-08 15:30:00+01:00,4576.61
2024-04-08 16:00:00+01:00,4564.58
2024-04-08 16:30:00+01:00,4646.49
2024-04-08 17:00:00+01:00,4730.14
2024-04-08 17:30:00+01:00,4766.68
2024-04-08 18:00:00+01:00,4794.79
2024-04-08 18:30:00+01:00,4731.21
2024-04-08 19:00:00+01:00,4660.18
2024-04-08 19:30:00+01:00,4628.05
2024-04-08 20:00:00+01:00,4573.48
2024-04-08 20:30:00+01:00,4561.95
2024-04-08 21:00:00+01:00,4461.87
2024-04-08 21:30:00+01:00,4292.93
2024-04-08 22:00:00+01:00,4134.29
2024-04-08 22:30:00+01:00,3914.49
2024-04-08 23:00:00+01:00,3735.48
2024-04-08 23:30:00+01:00,3622.39
2024-04-09 00:00:00+01:00,3512.88
2024-04-09 00:30:00+01:00,3530.1
2024-04-09 01:00:00+01:00,3459.14
2024-04-09 01:30:00+01:00,3440.9
2024-04-09 02:00:00+01:00,3359.86
2024-04-09 02:30:00+01:00,3381.73
2024-04-09 03:00:00+01:00,3320.95
2024-04-09 03:30:00+01:00,3303.56
2024-04-09 04:00:00+01:00,3279.5
2024-04-09 04:30:00+01:00,3265.77
2024-04-09 05:00:00+01:00,3287.72
2024-04-09 05:30:00+01:00,3353.63
2024-04-09 06:00:00+01:00,3404.61
2024-04-09 06:30:00+01:00,3737.77
2024-04-09 07:00:00+01:00,3952.64
2024-04-09 07:30:00+01:00,4274.07
2024-04-09 08:00:00+01:00,4413.89
2024-04-09 08:30:00+01:00,4468.4
2024-04-09 09:00:00+01:00,4444.69
2024-04-09 09:30:00+01:00,4421.62
2024-04-09 10:00:00+01:00,4341.94
2024-04-09 10:30:00+01:00,4291.64
2024-04-09 11:00:00+01:00,4256.92
2024-04-09 11:30:00+01:00,4237.02
2024-04-09 12:00:00+01:00,4205.88
2024-04-09 12:30:00+01:00,4158.08
2024-04-09 13:00:00+01:00,4150.75
2024-04-09 13:30:00+01:00,4061.75
2024-04-09 14:00:00+01:00,4036.98
2024-04-09 14:30:00+01:00,3969.69
2024-04-09 15:00:00+01:00,3988.97
2024-04-09 15:30:00+01:00,4014.67
2024-04-09 16:00:00+01:00,4029.52
2024-04-09 16:30:00+01:00,4157.29
2024-04-09 18:00:00+01:00,4294.53
2024-04-09 18:30:00+01:00,4282.16
2024-04-09 19:00:00+01:00,4283.01
2024-04-09 19:30:00+01:00,4340.09
2024-04-09 20:00:00+01:00,4320.52
2024-04-09 20:30:00+01:00,4390.36
2024-04-09 21:00:00+01:00,4480.09
2024-04-09 21:30:00+01:00,4322.58
2024-04-09 22:00:00+01:00,4135.5
2024-04-09 22:30:00+01:00,3929.18
2024-04-09 23:00:00+01:00,3720.6
2024-04-09 23:30:00+01:00,3578.99
2024-04-10 00:00:00+01:00,3454.56
2024-04-10 00:30:00+01:00,3442.99
2024-04-10 01:00:00+01:00,3360.46
2024-04-10 01:30:00+01:00,3309.31
2024-04-10 02:00:00+01:00,3235.43
2024-04-10 02:30:00+01:00,3245.52
2024-04-10 03:00:00+01:00,3180.86
2024-04-10 03:30:00+01:00,3140.1
2024-04-10 04:00:00+01:00,3106.69
2024-04-10 04:30:00+01:00,3069.31
2024-04-10 05:00:00+01:00,3103.52
2024-04-10 05:30:00+01:00,3176.78
2024-04-10 06:00:00+01:00,3314.52
2024-04-10 06:30:00+01:00,3519.9
2024-04-10 07:00:00+01:00,3804.26
2024-04-10 07:30:00+01:00,4158.99
2024-04-10 08:00:00+01:00,4368.87
2024-04-10 08:30:00+01:00,4485.92
2024-04-10 09:00:00+01:00,4537.49
2024-04-10 09:30:00+01:00,4556.81
2024-04-10 10:00:00+01:00,4533.83
2024-04-10 10:30:00+01:00,4538.81
2024-04-10 11:00:00+01:00,4471.23
2024-04-10 11:30:00+01:00,4440.34
2024-04-10 12:00:00+01:00,4396.03
2024-04-10 12:30:00+01:00,4417.96
2024-04-10 13:00:00+01:00,4401.02
2024-04-10 13:30:00+01:00,4344.18
2024-04-10 14:00:00+01:00,4343.84
2024-04-10 14:30:00+01:00,4312.44
2024-04-10 15:00:00+01:00,4333.9
2024-04-10 15:30:00+01:00,4360.14
2024-04-10 16:00:00+01:00,4377.98
2024-04-10 16:30:00+01:00,4441.5
2024-04-10 18:00:00+01:00,4617.53
2024-04-10 18:30:00+01:00,4584.3
2024-04-10 19:00:00+01:00,4543.69
2024-04-10 19:30:00+01:00,4518.38
2024-04-10 20:00:00+01:00,4465.42
2024-04-10 20:30:00+01:00,4507.27
2024-04-10 21:00:00+01:00,4472.03
2024-04-10 21:30:00+01:00,4293.53
2024-04-10 22:00:00+01:00,4067.97
2024-04-10 22:30:00+01:00,3877.09
2024-04-10 23:00:00+01:00,3659.59
2024-04-10 23:30:00+01:00,3529.47
2024-04-11 00:00:00+01:00,3385.41
2024-04-11 00:30:00+01:00,3404.1
2024-04-11 01:00:00+01:00,3322.88
2024-04-11 01:30:00+01:00,3258.2
2024-04-11 02:00:00+01:00,3223.87
2024-04-11 02:30:00+01:00,3226.72
2024-04-11 03:00:00+01:00,3183.1
2024-04-11 03:30:00+01:00,3155.42
2024-04-11 05:00:00+01:00,3158.89
2024-04-11 05:30:00+01:00,3248.99
2024-04-11 06:00:00+01:00,3379.49
2024-04-11 06:30:00+01:00,3559.38
2024-04-11 07:00:00+01:00,3801.41
2024-04-11 07:30:00+01:00,4139.33
2024-04-11 08:00:00+01:00,4306.0
2024-04-11 08:30:00+01:00,4383.41
2024-04-11 09:00:00+01:00,4386.88
2024-04-11 09:30:00+01:00,4378.57
2024-04-11 10:00:00+01:00,4317.87
2024-04-11 10:30:00+01:00,4275.82
2024-04-11 12:00:00+01:00,4176.72
2024-04-11 12:30:00+01:00,4221.55
2024-04-11 13:00:00+01:00,4211.23
2024-04-11 13:30:00+01:00,4172.45
2024-04-11 14:00:00+01:00,4197.11
2024-04-11 14:30:00+01:00,4239.85
2024-04-11 15:00:00+01:00,4269.52
2024-04-11 15:30:00+01:00,4316.46
2024-04-11 16:00:00+01:00,4343.32
2024-04-11 16:30:00+01:00,4433.99
2024-04-11 17:00:00+01:00,4501.9
2024-04-11 17:30:00+01:00,4584.63
2024-04-11 18:00:00+01:00,4537.5
2024-04-11 18:30:00+01:00,4489.21
2024-04-11 19:00:00+01:00,4430.73
2024-04-11 19:30:00+01:00,4373.17
2024-04-11 20:00:00+01:00,4328.9
2024-04-11 20:30:00+01:00,4362.87
2024-04-11 21:00:00+01:00,4352.55
2024-04-11 21:30:00+01:00,4184.77
2024-04-11 22:00:00+01:00,4010.54
2024-04-11 22:30:00+01:00,3814.35
2024-04-11 23:00:00+01:00,3653.44
2024-04-11 23:30:00+01:00,3509.24
2024-04-12 01:00:00+01:00,3292.96
2024-04-12 01:30:00+01:00,3266.76
2024-04-12 02:00:00+01:00,3182.2
2024-04-12 02:30:00+01:00,3188.68
2024-04-12 03:00:00+01:00,3130.78
2024-04-12 03:30:00+01:00,3119.01
2024-04-12 04:00:00+01:00,3093.24
2024-04-12 04:30:00+01:00,3092.92
2024-04-12 05:00:00+01:00,3125.35
2024-04-12 05:30:00+01:00,3184.36
2024-04-12 06:00:00+01:00,3289.48
2024-04-12 06:30:00+01:00,3492.48
2024-04-12 07:00:00+01:00,3762.59
2024-04-12 07:30:00+01:00,4048.91
2024-04-12 08:00:00+01:00,4247.96
2024-04-12 08:30:00+01:00,4340.94
2024-04-12 09:00:00+01:00,4355.22
2024-04-12 09:30:00+01:00,4386.9
2024-04-12 10:00:00+01:00,4339.97
2024-04-12 10:30:00+01:00,4312.77
2024-04-12 11:00:00+01:00,4320.85
2024-04-12 11:30:00+01:00,4302.61
2024-04-12 12:00:00+01:00,4285.13
2024-04-12 12:30:00+01:00,4287.27
2024-04-12 13:00:00+01:00,4296.13
2024-04-12 13:30:00+01:00,4261.62
2024-04-12 14:00:00+01:00,4213.75
2024-04-12 14:30:00+01:00,4183.02
2024-04-12 15:00:00+01:00,4124.39
2024-04-12 15:30:00+01:00,4131.58
2024-04-12 16:00:00+01:00,4133.94
2024-04-12 16:30:00+01:00,4221.92
2024-04-12 17:00:00+01:00,4260.49
2024-04-12 17:30:00+01:00,4298.31
2024-04-12 18:00:00+01:00,4286.0
2024-04-12 18:30:00+01:00,4290.5
2024-04-12 20:00:00+01:00,4168.03
2024-04-12 20:30:00+01:00,4193.45
2024-04-12 21:00:00+01:00,4206.65
2024-04-12 21:30:00+01:00,4097.94
2024-04-12 22:00:00+01:00,3940.23
2024-04-12 22:30:00+01:00,3782.26
2024-04-12 23:00:00+01:00,3631.7
2024-04-12 23:30:00+01:00,3509.47
2024-04-13 00:00:00+01:00,3415.65
2024-04-13 00:30:00+01:00,3374.59
2024-04-13 01:00:00+01:00,3299.91
2024-04-13 01:30:00+01:00,3238.54
2024-04-13 02:00:00+01:00,3168.17
2024-04-13 02:30:00+01:00,3183.95
2024-04-13 03:00:00+01:00,3099.43
2024-04-13 03:30:00+01:00,3040.47
2024-04-13 04:00:00+01:00,3021.96
2024-04-13 04:30:00+01:00,3031.19
2024-04-13 05:00:00+01:00,3001.62
2024-04-13 05:30:00+01:00,3050.93
2024-04-13 06:00:00+01:00,3098.26
2024-04-13 06:30:00+01:00,3162.57
2024-04-13 07:00:00+01:00,3238.22
2024-04-13 07:30:00+01:00,3374.33
2024-04-13 08:00:00+01:00,3547.71
2024-04-13 08:30:00+01:00,3697.95
2024-04-13 09:00:00+01:00,3774.16
2024-04-13 09:30:00+01:00,3847.6
2024-04-13 10:00:00+01:00,3890.79
2024-04-13 10:30:00+01:00,3860.68
2024-04-13 11:00:00+01:00,3815.86
2024-04-13 11:30:00+01:00,3809.36
2024-04-13 12:00:00+01:00,3783.44
2024-04-13 12:30:00+01:00,3783.56
2024-04-13 13:00:00+01:00,3734.29
2024-04-13 13:30:00+01:00,3692.36
2024-04-13 14:00:00+01:00,3575.02
2024-04-13 14:30:00+01:00,3504.61
2024-04-13 15:00:00+01:00,3483.26
2024-04-13 15:30:00+01:00,3485.3
2024-04-13 16:00:00+01:00,3461.57
2024-04-13 16:30:00+01:00,3561.64
2024-04-13 17:00:00+01:00,3646.53
2024-04-13 17:30:00+01:00,3720.72
2024-04-13 18:00:00+01:00,3792.09
2024-04-13 18:30:00+01:00,3824.59
2024-04-13 19:00:00+01:00,3788.2
2024-04-13 19:30:00+01:00,3770.91
2024-04-13 20:00:00+01:00,3797.62
2024-04-13 20:30:00+01:00,3836.51
2024-04-13 21:00:00+01:00,3915.29
2024-04-13 21:30:00+01:00,3852.57
2024-04-13 23:00:00+01:00,3460.99
2024-04-13 23:30:00+01:00,3351.96
2024-04-14 00:00:00+01:00,3262.43
2024-04-14 00:30:00+01:00,3262.65
2024-04-14 01:00:00+01:00,3204.37
2024-04-14 01:30:00+01:00,3145.55
2024-04-14 02:00:00+01:00,3088.34
2024-04-14 02:30:00+01:00,3081.39
2024-04-14 03:00:00+01:00,3026.26
2024-04-14 03:30:00+01:00,2992.33
2024-04-14 04:00:00+01:00,2974.73
2024-04-14 04:30:00+01:00,2956.38
2024-04-14 05:00:00+01:00,2969.57
2024-04-14 05:30:00+01:00,2976.01
2024-04-14 06:00:00+01:00,3015.73
2024-04-14 06:30:00+01:00,3014.77
2024-04-14 07:00:00+01:00,3087.85
2024-04-14 07:30:00+01:00,3165.78
2024-04-14 08:00:00+01:00,3270.99
2024-04-14 08:30:00+01:00,3375.43
2024-04-14 09:00:00+01:00,3496.35
2024-04-14 09:30:00+01:00,3576.29
2024-04-14 10:00:00+01:00,3612.37
2024-04-14 10:30:00+01:00,3670.16
2024-04-14 11:00:00+01:00,3695.42
2024-04-14 11:30:00+01:00,3704.4
2024-04-14 12:00:00+01:00,3718.57
2024-04-14 12:30:00+01:00,3768.04
2024-04-14 13:00:00+01:00,3756.23
2024-04-14 13:30:00+01:00,3771.03
2024-04-14 14:00:00+01:00,3711.73
2024-04-14 14:30:00+01:00,3663.81
2024-04-14 15:00:00+01:00,3684.9
2024-04-14 15:30:00+01:00,3660.65
2024-04-14 16:00:00+01:00,3655.54
2024-04-14 16:30:00+01:00,3763.63
2024-04-14 17:00:00+01:00,3809.71
2024-04-14 17:30:00+01:00,3957.52
2024-04-14 18:00:00+01:00,4000.3
2024-04-14 18:30:00+01:00,4026.39
2024-04-14 20:00:00+01:00,4014.85
2024-04-14 20:30:00+01:00,4035.28
2024-04-14 22:00:00+01:00,3736.44
2024-04-14 22:30:00+01:00,3573.28
2024-04-14 23:00:00+01:00,3363.08
2024-04-14 23:30:00+01:00,3236.22
2024-04-15 00:00:00+01:00,3141.82
2024-04-15 00:30:00+01:00,3156.09
2024-04-15 01:00:00+01:00,3093.82
2024-04-15 01:30:00+01:00,3027.71
2024-04-15 02:00:00+01:00,3019.48
2024-04-15 02:30:00+01:00,3043.54
2024-04-15 03:00:00+01:00,2992.48
2024-04-15 03:30:00+01:00,2986.82
2024-04-15 04:00:00+01:00,2959.89
2024-04-15 04:30:00+01:00,2971.3
2024-04-15 05:00:00+01:00,3008.31
2024-04-15 05:30:00+01:00,3080.35
2024-04-15 06:00:00+01:00,3222.33
2024-04-15 06:30:00+01:00,3423.42
2024-04-15 07:00:00+01:00,3728.26
2024-04-15 07:30:00+01:00,4126.13
2024-04-15 08:00:00+01:00,4273.21
2024-04-15 08:30:00+01:00,4339.22
2024-04-15 09:00:00+01:00,4346.86
2024-04-15 09:30:00+01:00,4386.99
2024-04-15 10:00:00+01:00,4322.01
2024-04-15 10:30:00+01:00,4290.6
2024-04-15 12:00:00+01:00,4193.58
2024-04-15 12:30:00+01:00,4168.39
2024-04-15 13:00:00+01:00,4171.58
2024-04-15 13:30:00+01:00,4084.35
2024-04-15 14:00:00+01:00,4086.85
2024-04-15 14:30:00+01:00,4085.72
2024-04-15 15:00:00+01:00,4107.08
2024-04-15 15:30:00+01:00,4068.84
2024-04-15 16:00:00+01:00,4119.14
2024-04-15 16:30:00+01:00,4202.69
2024-04-15 17:00:00+01:00,4306.9
2024-04-15 17:30:00+01:00,4345.62
2024-04-15 18:00:00+01:00,4425.42
2024-04-15 18:30:00+01:00,4366.33
2024-04-15 19:00:00+01:00,4307.45
2024-04-15 19:30:00+01:00,4307.94
2024-04-15 21:00:00+01:00,4380.72
2024-04-15 21:30:00+01:00,4272.54
2024-04-15 23:00:00+01:00,3611.63
2024-04-15 23:30:00+01:00,3525.01
2024-04-16 00:00:00+01:00,3410.28
2024-04-16 00:30:00+01:00,3394.76
2024-04-16 01:00:00+01:00,3297.16
2024-04-16 01:30:00+01:00,3256.22
2024-04-16 02:00:00+01:00,3217.33
2024-04-16 02:30:00+01:00,3220.41
2024-04-16 03:00:00+01:00,3173.17
2024-04-16 03:30:00+01:00,3141.94
2024-04-16 04:00:00+01:00,3140.89
2024-04-16 04:30:00+01:00,3137.23
2024-04-16 05:00:00+01:00,3155.21
2024-04-16 05:30:00+01:00,3211.72
2024-04-16 06:00:00+01:00,3339.66
2024-04-16 06:30:00+01:00,3545.47
2024-04-16 07:00:00+01:00,3804.88
2024-04-16 07:30:00+01:00,4126.87
2024-04-16 08:00:00+01:00,4295.81
2024-04-16 08:30:00+01:00,4366.95
2024-04-16 09:00:00+01:00,4307.77
2024-04-16 09:30:00+01:00,4321.68
2024-04-16 10:00:00+01:00,4263.38
2024-04-16 10:30:00+01:00,4222.83
2024-04-16 11:00:00+01:00,4196.73
2024-04-16 11:30:00+01:00,4161.83
2024-04-16 12:00:00+01:00,4113.66
2024-04-16 12:30:00+01:00,4105.14
2024-04-16 13:00:00+01:00,4098.6
2024-04-16 13:30:00+01:00,4016.57
2024-04-16 14:00:00+01:00,4001.6
2024-04-16 14:30:00+01:00,3974.02
2024-04-16 15:00:00+01:00,4000.64
2024-04-16 15:30:00+01:00,4014.16
2024-04-16 16:00:00+01:00,4034.26
2024-04-16 16:30:00+01:00,4146.73
2024-04-16 17:00:00+01:00,4244.17
2024-04-16 17:30:00+01:00,4253.3
2024-04-16 18:00:00+01:00,4285.96
2024-04-16 18:30:00+01:00,4247.34
2024-04-16 22:00:00+01:00,4057.89
2024-04-16 22:30:00+01:00,3873.25
2024-04-16 23:00:00+01:00,3644.51
2024-04-16 23:30:00+01:00,3499.93
2024-04-17 00:00:00+01:00,3396.56
2024-04-17 00:30:00+01:00,3443.51
2024-04-17 01:00:00+01:00,3386.24
2024-04-17 01:30:00+01:00,3340.17
2024-04-17 02:00:00+01:00,3288.32
2024-04-17 02:30:00+01:00,3214.48
2024-04-17 03:00:00+01:00,3170.85
2024-04-17 03:30:00+01:00,3163.16
2024-04-17 04:00:00+01:00,3137.61
2024-04-17 04:30:00+01:00,3130.2
2024-04-17 05:00:00+01:00,3160.17
2024-04-17 05:30:00+01:00,3228.22
2024-04-17 06:00:00+01:00,3359.04
2024-04-17 06:30:00+01:00,3555.84
2024-04-17 07:00:00+01:00,3822.21
2024-04-17 07:30:00+01:00,4170.48
2024-04-17 08:00:00+01:00,4342.69
2024-04-17 08:30:00+01:00,4431.44
2024-04-17 09:00:00+01:00,4457.49
2024-04-17 09:30:00+01:00,4481.9
2024-04-17 10:00:00+01:00,4370.79
2024-04-17 10:30:00+01:00,4432.07
2024-04-17 11:00:00+01:00,4442.68
2024-04-17 11:30:00+01:00,4464.1
2024-04-17 12:00:00+01:00,4436.24
2024-04-17 12:30:00+01:00,4461.07
2024-04-17 13:00:00+01:00,4436.33
2024-04-17 13:30:00+01:00,4390.23
2024-04-17 14:00:00+01:00,4308.47
2024-04-17 14:30:00+01:00,4313.11
2024-04-17 15:00:00+01:00,4281.58
2024-04-17 15:30:00+01:00,4285.5
2024-04-17 16:00:00+01:00,4283.24
2024-04-17 16:30:00+01:00,4378.44
2024-04-17 17:00:00+01:00,4442.1
2024-04-17 17:30:00+01:00,4532.36
2024-04-17 18:00:00+01:00,4548.26
2024-04-17 18:30:00+01:00,4491.46
2024-04-17 19:00:00+01:00,4451.96
2024-04-17 19:30:00+01:00,4423.75
2024-04-17 20:00:00+01:00,4394.91
2024-04-17 20:30:00+01:00,4395.42
2024-04-17 21:00:00+01:00,4457.23
2024-04-17 21:30:00+01:00,4310.49
2024-04-17 22:00:00+01:00,4119.38
2024-04-17 22:30:00+01:00,3892.56
2024-04-17 23:00:00+01:00,3720.69
2024-04-17 23:30:00+01:00,3587.83
2024-04-18 00:00:00+01:00,3471.63
2024-04-18 00:30:00+01:00,3464.76
2024-04-18 01:00:00+01:00,3404.08
2024-04-18 01:30:00+01:00,3361.59
2024-04-18 02:00:00+01:00,3306.29
2024-04-18 02:30:00+01:00,3312.78
2024-04-18 03:00:00+01:00,3266.06
2024-04-18 03:30:00+01:00,3240.92
2024-04-18 04:00:00+01:00,3231.39
2024-04-18 04:30:00+01:00,3218.63
2024-04-18 05:00:00+01:00,3231.39
2024-04-18 05:30:00+01:00,3285.15
2024-04-18 06:00:00+01:00,3403.54
2024-04-18 06:30:00+01:00,3584.11
2024-04-18 07:00:00+01:00,3862.89
2024-04-18 07:30:00+01:00,4197.23
2024-04-18 08:00:00+01:00,4371.07
2024-04-18 08:30:00+01:00,4450.55
2024-04-18 09:00:00+01:00,4414.33
2024-04-18 09:30:00+01:00,4460.05
2024-04-18 10:00:00+01:00,4398.87
2024-04-18 10:30:00+01:00,4356.95
2024-04-18 11:00:00+01:00,4319.82
2024-04-18 11:30:00+01:00,4303.92
2024-04-18 12:00:00+01:00,4297.77
2024-04-18 12:30:00+01:00,4285.07
2024-04-18 13:00:00+01:00,4244.65
2024-04-18 13:30:00+01:00,4198.6
2024-04-18 14:00:00+01:00,4182.89
2024-04-18 14:30:00+01:00,4170.31
2024-04-18 15:00:00+01:00,4200.33
2024-04-18 15:30:00+01:00,4215.16
2024-04-18 16:00:00+01:00,4241.68
2024-04-18 16:30:00+01:00,4245.09
2024-04-18 18:00:00+01:00,4404.94
2024-04-18 18:30:00+01:00,4364.4
2024-04-18 19:00:00+01:00,4322.05
2024-04-18 19:30:00+01:00,4301.76
2024-04-18 20:00:00+01:00,4292.95
2024-04-18 20:30:00+01:00,4280.47
2024-04-18 21:00:00+01:00,4392.76
2024-04-18 21:30:00+01:00,4242.07
2024-04-18 23:00:00+01:00,3686.32
2024-04-18 23:30:00+01:00,3525.52
2024-04-19 00:00:00+01:00,3452.75
2024-04-19 00:30:00+01:00,3443.61
2024-04-19 01:00:00+01:00,3373.8
2024-04-19 01:30:00+01:00,3357.65
2024-04-19 02:00:00+01:00,3275.85
2024-04-19 02:30:00+01:00,3262.29
2024-04-19 03:00:00+01:00,3206.96
2024-04-19 03:30:00+01:00,3202.92
2024-04-19 04:00:00+01:00,3153.77
2024-04-19 04:30:00+01:00,3131.46
2024-04-19 05:00:00+01:00,3180.22
2024-04-19 05:30:00+01:00,3258.4
2024-04-19 06:00:00+01:00,3362.08
2024-04-19 06:30:00+01:00,3505.08
2024-04-19 07:00:00+01:00,3772.77
2024-04-19 07:30:00+01:00,4101.27
2024-04-19 08:00:00+01:00,4283.84
2024-04-19 08:30:00+01:00,4381.04
2024-04-19 09:00:00+01:00,4400.33
2024-04-19 09:30:00+01:00,4411.06
2024-04-19 10:00:00+01:00,4353.34
2024-04-19 10:30:00+01:00,4319.18
2024-04-19 11:00:00+01:00,4279.78
2024-04-19 11:30:00+01:00,4244.69
2024-04-19 12:00:00+01:00,4207.2
2024-04-19 12:30:00+01:00,4211.0
2024-04-19 13:00:00+01:00,4157.33
2024-04-19 13:30:00+01:00,4074.82
2024-04-19 14:00:00+01:00,4068.59
2024-04-19 14:30:00+01:00,4102.25
2024-04-19 15:00:00+01:00,4021.97
2024-04-19 15:30:00+01:00,3991.1
2024-04-19 16:00:00+01:00,4034.22
2024-04-19 16:30:00+01:00,4055.86
2024-04-19 17:00:00+01:00,4116.64
2024-04-19 17:30:00+01:00,4151.81
2024-04-19 18:00:00+01:00,4143.71
2024-04-19 18:30:00+01:00,4133.85
2024-04-19 19:00:00+01:00,4108.92
2024-04-19 19:30:00+01:00,4092.4
2024-04-19 20:00:00+01:00,4061.8
2024-04-19 20:30:00+01:00,4071.29
2024-04-19 21:00:00+01:00,4162.06
2024-04-19 21:30:00+01:00,4085.26
2024-04-19 22:00:00+01:00,3939.23
2024-04-19 22:30:00+01:00,3794.44
2024-04-19 23:00:00+01:00,3658.72
2024-04-19 23:30:00+01:00,3527.27
2024-04-20 00:00:00+01:00,3432.19
2024-04-20 00:30:00+01:00,3428.49
2024-04-20 01:00:00+01:00,3368.44
2024-04-20 01:30:00+01:00,3350.08
2024-04-20 02:00:00+01:00,3297.2
2024-04-20 02:30:00+01:00,3303.26
2024-04-20 03:00:00+01:00,3188.67
2024-04-20 03:30:00+01:00,3161.1
2024-04-20 04:00:00+01:00,3145.37
2024-04-20 04:30:00+01:00,3148.57
2024-04-20 05:00:00+01:00,3143.37
2024-04-20 05:30:00+01:00,3159.06
2024-04-20 07:00:00+01:00,3333.77
2024-04-20 07:30:00+01:00,3474.29
2024-04-20 08:00:00+01:00,3604.44
2024-04-20 08:30:00+01:00,3735.47
2024-04-20 09:00:00+01:00,3797.59
2024-04-20 09:30:00+01:00,3830.2
2024-04-20 10:00:00+01:00,3804.98
2024-04-20 10:30:00+01:00,3777.28
2024-04-20 11:00:00+01:00,3724.31
2024-04-20 11:30:00+01:00,3719.93
2024-04-20 12:00:00+01:00,3661.9
2024-04-20 12:30:00+01:00,3645.06
2024-04-20 14:00:00+01:00,3501.32
2024-04-20 14:30:00+01:00,3451.86
2024-04-20 15:00:00+01:00,3428.7
2024-04-20 15:30:00+01:00,3446.73
2024-04-20 16:00:00+01:00,3452.91
2024-04-20 16:30:00+01:00,3503.33
2024-04-20 17:00:00+01:00,3591.44
2024-04-20 17:30:00+01:00,3692.83
2024-04-20 18:00:00+01:00,3774.62
2024-04-20 18:30:00+01:00,3804.44
2024-04-20 19:00:00+01:00,3804.93
2024-04-20 19:30:00+01:00,3806.56
2024-04-20 20:00:00+01:00,3796.41
2024-04-20 20:30:00+01:00,3802.63
2024-04-20 21:00:00+01:00,3858.65
2024-04-20 21:30:00+01:00,3839.48
2024-04-20 22:00:00+01:00,3725.83
2024-04-20 22:30:00+01:00,3583.69
2024-04-20 23:00:00+01:00,3456.71
2024-04-20 23:30:00+01:00,3360.66
2024-04-21 00:00:00+01:00,3276.68
2024-04-21 00:30:00+01:00,3278.81
2024-04-21 01:00:00+01:00,3203.04
2024-04-21 01:30:00+01:00,3151.27
2024-04-21 02:00:00+01:00,3093.85
2024-04-21 02:30:00+01:00,3093.96
2024-04-21 03:00:00+01:00,3049.15
2024-04-21 03:30:00+01:00,3023.78
2024-04-21 04:00:00+01:00,3001.14
2024-04-21 04:30:00+01:00,2992.0
2024-04-21 05:00:00+01:00,2988.03
2024-04-21 05:30:00+01:00,3005.59
2024-04-21 06:00:00+01:00,3014.39
2024-04-21 06:30:00+01:00,3028.43
2024-04-21 07:00:00+01:00,3097.97
2024-04-21 07:30:00+01:00,3196.69
2024-04-21 08:00:00+01:00,3299.83
2024-04-21 08:30:00+01:00,3401.64
2024-04-21 09:00:00+01:00,3480.83
2024-04-21 09:30:00+01:00,3543.76
2024-04-21 10:00:00+01:00,3563.9
2024-04-21 10:30:00+01:00,3567.86
2024-04-21 11:00:00+01:00,3540.6
2024-04-21 11:30:00+01:00,3517.1
2024-04-21 12:00:00+01:00,3494.03
2024-04-21 12:30:00+01:00,3486.68
2024-04-21 13:00:00+01:00,3459.09
2024-04-21 13:30:00+01:00,3423.51
2024-04-21 14:00:00+01:00,3362.89
2024-04-21 14:30:00+01:00,3316.91
2024-04-21 15:00:00+01:00,3300.17
2024-04-21 15:30:00+01:00,3294.73
2024-04-21 16:00:00+01:00,3345.51
2024-04-21 16:30:00+01:00,3422.18
2024-04-21 17:00:00+01:00,3512.24
2024-04-21 17:30:00+01:00,3646.93
2024-04-21 18:00:00+01:00,3726.77
2024-04-21 18:30:00+01:00,3772.54
2024-04-21 19:00:00+01:00,3824.28
2024-04-21 19:30:00+01:00,3839.9
2024-04-21 20:00:00+01:00,3841.77
2024-04-21 20:30:00+01:00,3830.25
2024-04-21 21:00:00+01:00,3878.51
2024-04-21 21:30:00+01:00,3867.34
2024-04-21 22:00:00+01:00,3695.93
2024-04-21 22:30:00+01:00,3543.4
2024-04-21 23:00:00+01:00,3369.78
2024-04-21 23:30:00+01:00,3252.43
2024-04-22 00:00:00+01:00,3154.64
2024-04-22 00:30:00+01:00,3154.98
2024-04-22 01:00:00+01:00,3118.02
2024-04-22 01:30:00+01:00,3042.18
2024-04-22 02:00:00+01:00,2984.63
2024-04-22 02:30:00+01:00,2996.99
2024-04-22 03:00:00+01:00,2963.49
2024-04-22 03:30:00+01:00,2951.15
2024-04-22 04:00:00+01:00,2931.45
2024-04-22 04:30:00+01:00,2965.16
2024-04-22 05:00:00+01:00,2952.9
2024-04-22 05:30:00+01:00,3023.89
2024-04-22 06:00:00+01:00,3129.99
2024-04-22 06:30:00+01:00,3327.74
2024-04-22 07:00:00+01:00,3598.29
2024-04-22 07:30:00+01:00,3928.52
2024-04-22 08:00:00+01:00,4119.6
2024-04-22 08:30:00+01:00,4184.0
2024-04-22 09:00:00+01:00,4173.89
2024-04-22 09:30:00+01:00,4176.12
2024-04-22 10:00:00+01:00,4136.33
2024-04-22 10:30:00+01:00,4120.01
2024-04-22 11:00:00+01:00,4112.98
2024-04-22 11:30:00+01:00,4075.6
2024-04-22 12:00:00+01:00,4069.86
2024-04-22 12:30:00+01:00,4054.99
2024-04-22 13:00:00+01:00,4025.78
2024-04-22 13:30:00+01:00,3997.61
2024-04-22 14:00:00+01:00,3934.48
2024-04-22 14:30:00+01:00,3962.61
2024-04-22 15:00:00+01:00,3947.88
2024-04-22 15:30:00+01:00,3978.45
2024-04-22 16:00:00+01:00,3989.7
2024-04-22 16:30:00+01:00,4085.63
2024-04-22 17:00:00+01:00,4156.81
2024-04-22 17:30:00+01:00,4226.27
2024-04-22 18:00:00+01:00,4270.55
2024-04-22 18:30:00+01:00,4192.21
2024-04-22 19:00:00+01:00,4157.91
2024-04-22 19:30:00+01:00,4142.8
2024-04-22 20:00:00+01:00,4097.93
2024-04-22 20:30:00+01:00,4082.51
2024-04-22 21:00:00+01:00,4137.26
2024-04-22 21:30:00+01:00,4067.66
2024-04-22 22:00:00+01:00,3865.59
2024-04-22 22:30:00+01:00,3671.19
2024-04-22 23:00:00+01:00,3494.86
2024-04-22 23:30:00+01:00,3375.44
2024-04-23 00:00:00+01:00,3276.13
2024-04-23 00:30:00+01:00,3246.8
2024-04-23 01:00:00+01:00,3206.67
2024-04-23 01:30:00+01:00,3153.28
2024-04-23 02:00:00+01:00,3114.97
2024-04-23 02:30:00+01:00,3129.44
2024-04-23 03:00:00+01:00,3087.31
2024-04-23 03:30:00+01:00,3083.83
2024-04-23 04:00:00+01:00,3049.05
2024-04-23 04:30:00+01:00,3070.47
2024-04-23 05:00:00+01:00,3062.31
2024-04-23 05:30:00+01:00,3147.25
2024-04-23 06:00:00+01:00,3238.65
2024-04-23 06:30:00+01:00,3398.32
2024-04-23 07:00:00+01:00,3671.91
2024-04-23 07:30:00+01:00,3989.41
2024-04-23 08:00:00+01:00,4167.73
2024-04-23 08:30:00+01:00,4244.36
2024-04-23 09:00:00+01:00,4220.85
2024-04-23 09:30:00+01:00,4236.56
2024-04-23 10:00:00+01:00,4188.58
2024-04-23 10:30:00+01:00,4117.97
2024-04-23 11:00:00+01:00,4058.42
2024-04-23 11:30:00+01:00,4027.24
2024-04-23 12:00:00+01:00,3942.69
2024-04-23 12:30:00+01:00,3936.99
2024-04-23 13:00:00+01:00,3909.76
2024-04-23 13:30:00+01:00,3825.45
2024-04-23 14:00:00+01:00,3771.25
2024-04-23 14:30:00+01:00,3752.2
2024-04-23 15:00:00+01:00,3760.02
2024-04-23 15:30:00+01:00,3799.23
2024-04-23 16:00:00+01:00,3809.28
2024-04-23 16:30:00+01:00,3893.45
2024-04-23 17:00:00+01:00,3972.29
2024-04-23 17:30:00+01:00,4076.79
2024-04-23 18:00:00+01:00,4101.99
2024-04-23 18:30:00+01:00,4114.62
2024-04-23 19:00:00+01:00,4086.82
2024-04-23 19:30:00+01:00,4075.09
2024-04-23 20:00:00+01:00,4070.19
2024-04-23 20:30:00+01:00,4078.41
2024-04-23 21:00:00+01:00,4161.72
2024-04-23 21:30:00+01:00,4156.98
2024-04-23 22:00:00+01:00,3974.38
2024-04-23 22:30:00+01:00,3772.42
2024-04-23 23:00:00+01:00,3593.51
2024-04-23 23:30:00+01:00,3453.67
2024-04-24 00:00:00+01:00,3328.38
2024-04-24 00:30:00+01:00,3301.1
2024-04-24 01:00:00+01:00,3223.89
2024-04-24 01:30:00+01:00,3170.47
2024-04-24 02:00:00+01:00,3135.66
2024-04-24 02:30:00+01:00,3148.85
2024-04-24 03:00:00+01:00,3107.65
2024-04-24 03:30:00+01:00,3085.62
2024-04-24 04:00:00+01:00,3054.94
2024-04-24 04:30:00+01:00,3061.12
2024-04-24 05:00:00+01:00,3079.26
2024-04-24 05:30:00+01:00,3148.29
2024-04-24 06:00:00+01:00,3245.17
2024-04-24 06:30:00+01:00,3464.25
2024-04-24 07:00:00+01:00,3724.25
2024-04-24 07:30:00+01:00,4064.31
2024-04-24 08:00:00+01:00,4220.36
2024-04-24 08:30:00+01:00,4274.65
2024-04-24 09:00:00+01:00,4245.04
2024-04-24 09:30:00+01:00,4252.79
2024-04-24 10:00:00+01:00,4211.33
2024-04-24 10:30:00+01:00,4166.22
2024-04-24 11:00:00+01:00,4156.47
2024-04-24 11:30:00+01:00,4108.86
2024-04-24 12:00:00+01:00,4073.78
2024-04-24 12:30:00+01:00,4063.63
2024-04-24 13:00:00+01:00,4034.04
2024-04-24 13:30:00+01:00,4005.06
2024-04-24 14:00:00+01:00,3975.96
2024-04-24 14:30:00+01:00,3967.42
2024-04-24 15:00:00+01:00,3974.79
2024-04-24 15:30:00+01:00,4013.7
2024-04-24 16:00:00+01:00,4028.23
2024-04-24 16:30:00+01:00,4089.25
2024-04-24 17:00:00+01:00,4158.31
2024-04-24 17:30:00+01:00,4235.22
2024-04-24 18:00:00+01:00,4245.29
2024-04-24 18:30:00+01:00,4238.74
2024-04-24 19:00:00+01:00,4198.88
2024-04-24 19:30:00+01:00,4197.58
2024-04-24 20:00:00+01:00,4165.85
2024-04-24 20:30:00+01:00,4146.18
2024-04-24 21:00:00+01:00,4205.08
2024-04-24 21:30:00+01:00,4160.45
2024-04-24 22:00:00+01:00,3990.63
2024-04-24 22:30:00+01:00,3802.21
2024-04-24 23:00:00+01:00,3600.8
2024-04-24 23:30:00+01:00,3451.78
2024-04-25 00:00:00+01:00,3349.58
2024-04-25 00:30:00+01:00,3335.37
2024-04-25 01:00:00+01:00,3264.01
2024-04-25 01:30:00+01:00,3209.6
2024-04-25 02:00:00+01:00,3170.23
2024-04-25 02:30:00+01:00,3180.18
2024-04-25 03:00:00+01:00,3143.63
2024-04-25 03:30:00+01:00,3120.99
2024-04-25 04:00:00+01:00,3107.9
2024-04-25 04:30:00+01:00,3092.93
2024-04-25 05:00:00+01:00,3119.35
2024-04-25 05:30:00+01:00,3169.58
2024-04-25 06:00:00+01:00,3282.66
2024-04-25 06:30:00+01:00,3467.75
2024-04-25 07:00:00+01:00,3747.13
2024-04-25 07:30:00+01:00,4093.81
2024-04-25 08:00:00+01:00,4294.19
2024-04-25 08:30:00+01:00,4335.73
2024-04-25 09:00:00+01:00,4315.58
2024-04-25 09:30:00+01:00,4313.44
2024-04-25 10:00:00+01:00,4272.29
2024-04-25 10:30:00+01:00,4238.97
2024-04-25 11:00:00+01:00,4192.24
2024-04-25 11:30:00+01:00,4133.37
2024-04-25 12:00:00+01:00,4194.67
2024-04-25 12:30:00+01:00,4195.97
2024-04-25 13:00:00+01:00,4204.78
2024-04-25 13:30:00+01:00,4170.1
2024-04-25 14:00:00+01:00,4151.98
2024-04-25 14:30:00+01:00,4139.93
2024-04-25 15:00:00+01:00,4149.78
2024-04-25 15:30:00+01:00,4184.39
2024-04-25 16:00:00+01:00,4189.9
2024-04-25 16:30:00+01:00,4268.11
2024-04-25 17:00:00+01:00,4331.0
2024-04-25 17:30:00+01:00,4397.29
2024-04-25 18:00:00+01:00,4415.16
2024-04-25 18:30:00+01:00,4363.3
2024-04-25 19:00:00+01:00,4312.73
2024-04-25 19:30:00+01:00,4304.37
2024-04-25 20:00:00+01:00,4271.36
2024-04-25 20:30:00+01:00,4261.55
2024-04-25 21:00:00+01:00,4275.87
2024-04-25 21:30:00+01:00,4197.73
2024-04-25 22:00:00+01:00,4030.64
2024-04-25 22:30:00+01:00,3837.27
2024-04-25 23:00:00+01:00,3649.34
2024-04-25 23:30:00+01:00,3495.07
2024-04-26 00:00:00+01:00,3401.08
2024-04-26 00:30:00+01:00,3440.34
2024-04-26 01:00:00+01:00,3357.0
2024-04-26 01:30:00+01:00,3312.49
2024-04-26 02:00:00+01:00,3261.38
2024-04-26 02:30:00+01:00,3268.24
2024-04-26 03:00:00+01:00,3163.88
2024-04-26 03:30:00+01:00,3136.78
2024-04-26 04:00:00+01:00,3129.05
2024-04-26 04:30:00+01:00,3145.98
2024-04-26 05:00:00+01:00,3140.92
2024-04-26 05:30:00+01:00,3206.89
2024-04-26 06:00:00+01:00,3283.02
2024-04-26 06:30:00+01:00,3487.58
2024-04-26 07:00:00+01:00,3749.62
2024-04-26 07:30:00+01:00,4065.07
2024-04-26 08:00:00+01:00,4269.31
2024-04-26 08:30:00+01:00,4319.5
2024-04-26 09:00:00+01:00,4298.84
2024-04-26 09:30:00+01:00,4278.38
2024-04-26 10:00:00+01:00,4200.42
2024-04-26 10:30:00+01:00,4113.61
2024-04-26 11:00:00+01:00,4102.35
2024-04-26 11:30:00+01:00,4113.04
2024-04-26 12:00:00+01:00,4062.78
2024-04-26 12:30:00+01:00,4114.0
2024-04-26 13:00:00+01:00,4084.0
2024-04-26 13:30:00+01:00,4031.07
2024-04-26 14:00:00+01:00,3987.13
2024-04-26 14:30:00+01:00,3977.53
2024-04-26 15:00:00+01:00,3972.53
2024-04-26 15:30:00+01:00,3971.77
2024-04-26 16:00:00+01:00,3934.52
2024-04-26 16:30:00+01:00,3990.69
2024-04-26 17:00:00+01:00,4040.66
2024-04-26 17:30:00+01:00,4124.15
2024-04-26 18:00:00+01:00,4142.72
2024-04-26 18:30:00+01:00,4148.49
2024-04-26 19:00:00+01:00,4105.83
2024-04-26 19:30:00+01:00,4110.21
2024-04-26 20:00:00+01:00,4083.55
2024-04-26 20:30:00+01:00,4079.15
2024-04-26 21:00:00+01:00,4090.02
2024-04-26 21:30:00+01:00,4098.51
2024-04-26 22:00:00+01:00,3963.4
2024-04-26 22:30:00+01:00,3820.82
2024-04-26 23:00:00+01:00,3664.18
2024-04-26 23:30:00+01:00,3543.92
2024-04-27 00:00:00+01:00,3430.93
2024-04-27 00:30:00+01:00,3400.52
2024-04-27 01:00:00+01:00,3333.28
2024-04-27 01:30:00+01:00,3278.99
2024-04-27 02:00:00+01:00,3219.81
2024-04-27 02:30:00+01:00,3227.83
2024-04-27 03:00:00+01:00,3184.89
2024-04-27 03:30:00+01:00,3157.7
2024-04-27 04:00:00+01:00,3137.63
2024-04-27 04:30:00+01:00,3131.47
2024-04-27 05:00:00+01:00,3141.36
2024-04-27 05:30:00+01:00,3165.4
2024-04-27 06:00:00+01:00,3174.33
2024-04-27 06:30:00+01:00,3289.42
2024-04-27 07:00:00+01:00,3399.53
2024-04-27 07:30:00+01:00,3491.47
2024-04-27 08:00:00+01:00,3622.21
2024-04-27 08:30:00+01:00,3759.62
2024-04-27 09:00:00+01:00,3868.07
2024-04-27 09:30:00+01:00,3927.23
2024-04-27 10:00:00+01:00,3916.22
2024-04-27 10:30:00+01:00,3929.98
2024-04-27 11:00:00+01:00,3903.76
2024-04-27 11:30:00+01:00,3899.1
2024-04-27 12:00:00+01:00,3854.29
2024-04-27 12:30:00+01:00,3852.13
2024-04-27 13:00:00+01:00,3839.9
2024-04-27 13:30:00+01:00,3813.06
2024-04-27 14:00:00+01:00,3720.42
2024-04-27 14:30:00+01:00,3701.83
2024-04-27 15:00:00+01:00,3680.07
2024-04-27 15:30:00+01:00,3657.79
2024-04-27 16:00:00+01:00,3644.65
2024-04-27 16:30:00+01:00,3694.38
2024-04-27 17:00:00+01:00,3755.72
2024-04-27 17:30:00+01:00,3851.1
2024-04-27 18:00:00+01:00,3885.83
2024-04-27 18:30:00+01:00,3911.59
2024-04-27 19:00:00+01:00,3890.57
2024-04-27 19:30:00+01:00,3872.7
2024-04-27 20:00:00+01:00,3858.26
2024-04-27 20:30:00+01:00,3839.38
2024-04-27 21:00:00+01:00,3865.92
2024-04-27 21:30:00+01:00,3893.54
2024-04-27 22:00:00+01:00,3772.71
2024-04-27 22:30:00+01:00,3644.75
2024-04-27 23:00:00+01:00,3522.44
2024-04-27 23:30:00+01:00,3430.76
2024-04-28 00:00:00+01:00,3337.89
2024-04-28 00:30:00+01:00,3315.01
2024-04-28 01:00:00+01:00,3252.27
2024-04-28 01:30:00+01:00,3196.98
2024-04-28 02:00:00+01:00,3141.5
2024-04-28 02:30:00+01:00,3140.1
2024-04-28 03:00:00+01:00,3093.58
2024-04-28 03:30:00+01:00,3146.45
2024-04-28 04:00:00+01:00,3129.24
2024-04-28 04:30:00+01:00,3118.29
2024-04-28 05:00:00+01:00,3117.41
2024-04-28 05:30:00+01:00,3061.62
2024-04-28 06:00:00+01:00,3046.34
2024-04-28 06:30:00+01:00,3076.86
2024-04-28 07:00:00+01:00,3132.51
2024-04-28 07:30:00+01:00,3211.54
2024-04-28 08:00:00+01:00,3296.71
2024-04-28 08:30:00+01:00,3405.43
2024-04-28 09:00:00+01:00,3469.91
2024-04-28 09:30:00+01:00,3536.34
2024-04-28 10:00:00+01:00,3573.76
2024-04-28 10:30:00+01:00,3572.19
2024-04-28 11:00:00+01:00,3572.73
2024-04-28 11:30:00+01:00,3568.98
2024-04-28 12:00:00+01:00,3594.39
2024-04-28 12:30:00+01:00,3634.63
2024-04-28 13:00:00+01:00,3642.82
2024-04-28 13:30:00+01:00,3643.25
2024-04-28 14:00:00+01:00,3575.64
2024-04-28 14:30:00+01:00,3533.98
2024-04-28 15:00:00+01:00,3518.08
2024-04-28 15:30:00+01:00,3507.46
2024-04-28 16:00:00+01:00,3585.46
2024-04-28 16:30:00+01:00,3646.84
2024-04-28 17:00:00+01:00,3738.06
2024-04-28 17:30:00+01:00,3831.22
2024-04-28 18:00:00+01:00,3919.13
2024-04-28 18:30:00+01:00,3946.78
2024-04-28 19:00:00+01:00,3950.4
2024-04-28 19:30:00+01:00,3945.6
2024-04-28 20:00:00+01:00,3920.33
2024-04-28 20:30:00+01:00,3907.98
2024-04-28 21:00:00+01:00,3901.12
2024-04-28 21:30:00+01:00,3881.75
2024-04-28 22:00:00+01:00,3727.49
2024-04-28 22:30:00+01:00,3554.95
2024-04-28 23:00:00+01:00,3399.11
2024-04-28 23:30:00+01:00,3262.25
2024-04-29 00:00:00+01:00,3166.37
2024-04-29 00:30:00+01:00,3164.67
2024-04-29 01:00:00+01:00,3091.32
2024-04-29 01:30:00+01:00,3045.71
2024-04-29 02:00:00+01:00,3015.9
2024-04-29 02:30:00+01:00,3026.67
2024-04-29 03:00:00+01:00,2977.35
2024-04-29 03:30:00+01:00,2955.76
2024-04-29 04:00:00+01:00,2946.26
2024-04-29 04:30:00+01:00,2953.65
2024-04-29 05:00:00+01:00,2960.1
2024-04-29 05:30:00+01:00,3033.14
2024-04-29 06:00:00+01:00,3146.24
2024-04-29 06:30:00+01:00,3375.52
2024-04-29 07:00:00+01:00,3624.88
2024-04-29 07:30:00+01:00,3965.27
2024-04-29 08:00:00+01:00,4187.06
2024-04-29 08:30:00+01:00,4269.33
2024-04-29 09:00:00+01:00,4267.89
2024-04-29 09:30:00+01:00,4350.27
2024-04-29 10:00:00+01:00,4304.77
2024-04-29 10:30:00+01:00,4250.61
2024-04-29 11:00:00+01:00,4210.02
2024-04-29 11:30:00+01:00,4109.12
2024-04-29 12:00:00+01:00,4083.25
2024-04-29 12:30:00+01:00,4086.55
2024-04-29 13:00:00+01:00,4072.19
2024-04-29 13:30:00+01:00,3996.3
2024-04-29 14:00:00+01:00,3963.94
2024-04-29 14:30:00+01:00,3949.67
2024-04-29 15:00:00+01:00,3945.88
2024-04-29 15:30:00+01:00,3963.9
2024-04-29 16:00:00+01:00,4016.7
2024-04-29 16:30:00+01:00,4140.38
2024-04-29 17:00:00+01:00,4243.06
2024-04-29 17:30:00+01:00,4319.89
2024-04-29 18:00:00+01:00,4347.48
2024-04-29 18:30:00+01:00,4333.02
2024-04-29 19:00:00+01:00,4293.63
2024-04-29 19:30:00+01:00,4273.76
2024-04-29 20:00:00+01:00,4219.15
2024-04-29 20:30:00+01:00,4204.17
2024-04-29 21:00:00+01:00,4219.38
2024-04-29 21:30:00+01:00,4159.87
2024-04-29 22:00:00+01:00,3989.69
2024-04-29 22:30:00+01:00,3804.37
2024-04-29 23:00:00+01:00,3601.85
2024-04-29 23:30:00+01:00,3473.85
2024-04-30 00:00:00+01:00,3345.3
2024-04-30 00:30:00+01:00,3323.07
2024-04-30 01:00:00+01:00,3277.53
2024-04-30 01:30:00+01:00,3225.71
2024-04-30 02:00:00+01:00,3188.43
2024-04-30 02:30:00+01:00,3208.68
2024-04-30 03:00:00+01:00,3176.29
2024-04-30 03:30:00+01:00,3174.77
2024-04-30 04:00:00+01:00,3150.34
2024-04-30 04:30:00+01:00,3161.1
2024-04-30 05:00:00+01:00,3193.22
2024-04-30 05:30:00+01:00,3191.72
2024-04-30 06:00:00+01:00,3274.2
2024-04-30 06:30:00+01:00,3486.71
2024-04-30 07:00:00+01:00,3745.79
2024-04-30 07:30:00+01:00,4075.69
2024-04-30 08:00:00+01:00,4250.96
2024-04-30 08:30:00+01:00,4364.69
2024-04-30 09:00:00+01:00,4379.99
2024-04-30 09:30:00+01:00,4406.36
2024-04-30 10:00:00+01:00,4364.9
2024-04-30 10:30:00+01:00,4341.19
2024-04-30 11:00:00+01:00,4342.35
2024-04-30 11:30:00+01:00,4358.21
2024-04-30 12:00:00+01:00,4333.53
2024-04-30 12:30:00+01:00,4333.97
2024-04-30 13:00:00+01:00,4313.39
2024-04-30 13:30:00+01:00,4198.68
2024-04-30 14:00:00+01:00,4123.76
2024-04-30 14:30:00+01:00,4166.67
2024-04-30 15:00:00+01:00,4170.71
2024-04-30 15:30:00+01:00,4158.81
2024-04-30 16:00:00+01:00,4160.95
2024-04-30 16:30:00+01:00,4195.96
2024-04-30 17:00:00+01:00,4265.41
2024-04-30 17:30:00+01:00,4281.41
2024-04-30 18:00:00+01:00,4305.77
2024-04-30 18:30:00+01:00,4258.96
2024-04-30 19:00:00+01:00,4205.0
2024-04-30 19:30:00+01:00,4211.95
2024-04-30 20:00:00+01:00,4167.64
2024-04-30 20:30:00+01:00,4164.98
2024-04-30 21:00:00+01:00,4188.95
2024-04-30 21:30:00+01:00,4182.86
2024-04-30 22:00:00+01:00,4014.77
2024-04-30 22:30:00+01:00,3809.59
2024-04-30 23:00:00+01:00,3595.86
2024-04-30 23:30:00+01:00,3446.92
2024-05-01 00:00:00+01:00,3335.15
2024-05-01 00:30:00+01:00,3324.11
2024-05-01 01:00:00+01:00,3241.3
2024-05-01 01:30:00+01:00,3197.3
2024-05-01 02:00:00+01:00,3134.12
2024-05-01 02:30:00+01:00,3134.57
2024-05-01 03:00:00+01:00,3106.71
2024-05-01 03:30:00+01:00,3066.78
2024-05-01 04:00:00+01:00,3061.58
2024-05-01 04:30:00+01:00,3054.41
2024-05-01 05:00:00+01:00,3080.24
2024-05-01 05:30:00+01:00,3109.49
2024-05-01 06:00:00+01:00,3209.53
2024-05-01 06:30:00+01:00,3403.15
2024-05-01 07:00:00+01:00,3681.75
2024-05-01 07:30:00+01:00,4014.96
2024-05-01 08:00:00+01:00,4183.41
2024-05-01 08:30:00+01:00,4222.27
2024-05-01 09:00:00+01:00,4207.1
2024-05-01 09:30:00+01:00,4180.47
2024-05-01 10:00:00+01:00,4128.82
2024-05-01 10:30:00+01:00,4088.78
2024-05-01 11:00:00+01:00,4034.91
2024-05-01 11:30:00+01:00,3992.04
2024-05-01 12:00:00+01:00,3934.82
2024-05-01 12:30:00+01:00,3930.16
2024-05-01 13:00:00+01:00,3905.97
2024-05-01 13:30:00+01:00,3874.39
2024-05-01 14:00:00+01:00,3838.31
2024-05-01 14:30:00+01:00,3834.91
2024-05-01 15:00:00+01:00,3849.68
2024-05-01 15:30:00+01:00,3916.42
2024-05-01 16:00:00+01:00,3916.09
2024-05-01 16:30:00+01:00,3990.35
2024-05-01 17:00:00+01:00,4083.35
2024-05-01 17:30:00+01:00,4166.13
2024-05-01 18:00:00+01:00,4184.28
2024-05-01 18:30:00+01:00,4191.22
2024-05-01 19:00:00+01:00,4154.31
2024-05-01 19:30:00+01:00,4168.91
2024-05-01 20:00:00+01:00,4140.29
2024-05-01 20:30:00+01:00,4135.23
2024-05-01 21:00:00+01:00,4171.18
2024-05-01 21:30:00+01:00,4149.75
2024-05-01 22:00:00+01:00,4014.37
2024-05-01 22:30:00+01:00,3819.48
2024-05-01 23:00:00+01:00,3626.91
2024-05-01 23:30:00+01:00,3476.94
2024-05-02 00:00:00+01:00,3368.53
2024-05-02 00:30:00+01:00,3345.62
2024-05-02 01:00:00+01:00,3273.96
2024-05-02 01:30:00+01:00,3218.25
2024-05-02 02:00:00+01:00,3162.49
2024-05-02 02:30:00+01:00,3177.8
2024-05-02 03:00:00+01:00,3121.68
2024-05-02 03:30:00+01:00,3103.03
2024-05-02 04:00:00+01:00,3134.45
2024-05-02 04:30:00+01:00,3089.57
2024-05-02 05:00:00+01:00,3117.94
2024-05-02 05:30:00+01:00,3181.93
2024-05-02 06:00:00+01:00,3295.35
2024-05-02 06:30:00+01:00,3465.32
2024-05-02 07:00:00+01:00,3737.98
2024-05-02 07:30:00+01:00,4089.32
2024-05-02 08:00:00+01:00,4290.43
2024-05-02 08:30:00+01:00,4382.19
2024-05-02 09:00:00+01:00,4408.66
2024-05-02 09:30:00+01:00,4464.3
2024-05-02 10:00:00+01:00,4417.17
2024-05-02 10:30:00+01:00,4390.27
2024-05-02 11:00:00+01:00,4393.89
2024-05-02 11:30:00+01:00,4371.44
2024-05-02 12:00:00+01:00,4348.64
2024-05-02 12:30:00+01:00,4326.44
2024-05-02 13:00:00+01:00,4322.64
2024-05-02 13:30:00+01:00,4244.61
2024-05-02 14:00:00+01:00,4203.16
2024-05-02 14:30:00+01:00,4209.04
2024-05-02 15:00:00+01:00,4160.89
2024-05-02 15:30:00+01:00,4241.25
2024-05-02 16:00:00+01:00,4227.13
2024-05-02 16:30:00+01:00,4313.12
2024-05-02 17:00:00+01:00,4358.81
2024-05-02 17:30:00+01:00,4453.79
2024-05-02 18:00:00+01:00,4448.08
2024-05-02 18:30:00+01:00,4454.51
2024-05-02 19:00:00+01:00,4378.24
2024-05-02 19:30:00+01:00,4331.66
2024-05-02 20:00:00+01:00,4267.19
2024-05-02 20:30:00+01:00,4246.13
2024-05-02 21:00:00+01:00,4242.21
2024-05-02 21:30:00+01:00,4172.11
2024-05-02 22:00:00+01:00,3991.35
2024-05-02 22:30:00+01:00,3813.91
2024-05-02 23:00:00+01:00,3617.25
2024-05-02 23:30:00+01:00,3481.49
2024-05-03 00:00:00+01:00,3380.64
2024-05-03 00:30:00+01:00,3354.45
2024-05-03 01:00:00+01:00,3275.35
2024-05-03 01:30:00+01:00,3224.96
2024-05-03 02:00:00+01:00,3160.97
2024-05-03 02:30:00+01:00,3160.69
2024-05-03 03:00:00+01:00,3124.38
2024-05-03 03:30:00+01:00,3090.54
2024-05-03 04:00:00+01:00,3063.76
2024-05-03 04:30:00+01:00,3061.77
2024-05-03 05:00:00+01:00,3087.5
2024-05-03 05:30:00+01:00,3139.09
2024-05-03 06:00:00+01:00,3228.19
2024-05-03 06:30:00+01:00,3413.53
2024-05-03 07:00:00+01:00,3647.79
2024-05-03 07:30:00+01:00,3984.1
2024-05-03 08:00:00+01:00,4188.34
2024-05-03 08:30:00+01:00,4319.52
2024-05-03 09:00:00+01:00,4364.61
2024-05-03 09:30:00+01:00,4377.83
2024-05-03 10:00:00+01:00,4340.77
2024-05-03 10:30:00+01:00,4312.03
2024-05-03 11:00:00+01:00,4287.89
2024-05-03 11:30:00+01:00,4269.27
2024-05-03 12:00:00+01:00,4235.56
2024-05-03 12:30:00+01:00,4263.79
2024-05-03 13:00:00+01:00,4243.75
2024-05-03 13:30:00+01:00,4184.88
2024-05-03 14:00:00+01:00,4151.14
2024-05-03 14:30:00+01:00,4144.88
2024-05-03 15:00:00+01:00,4132.28
2024-05-03 15:30:00+01:00,4158.79
2024-05-03 16:00:00+01:00,4184.35
2024-05-03 16:30:00+01:00,4216.2
2024-05-03 17:00:00+01:00,4261.77
2024-05-03 17:30:00+01:00,4338.14
2024-05-03 18:00:00+01:00,4350.52
2024-05-03 18:30:00+01:00,4321.85
2024-05-03 19:00:00+01:00,4259.13
2024-05-03 19:30:00+01:00,4214.5
2024-05-03 20:00:00+01:00,4161.47
2024-05-03 20:30:00+01:00,4118.14
2024-05-03 21:00:00+01:00,4088.69
2024-05-03 21:30:00+01:00,4036.04
2024-05-03 22:00:00+01:00,3921.82
2024-05-03 22:30:00+01:00,3761.07
2024-05-03 23:00:00+01:00,3628.54
2024-05-03 23:30:00+01:00,3501.36
2024-05-04 00:00:00+01:00,3393.36
2024-05-04 00:30:00+01:00,3364.87
2024-05-04 01:00:00+01:00,3271.67
2024-05-04 01:30:00+01:00,3217.57
2024-05-04 02:00:00+01:00,3171.61
2024-05-04 02:30:00+01:00,3177.29
2024-05-04 03:00:00+01:00,3117.21
2024-05-04 03:30:00+01:00,3070.21
2024-05-04 04:00:00+01:00,3045.44
2024-05-04 04:30:00+01:00,3036.89
2024-05-04 05:00:00+01:00,3041.14
2024-05-04 05:30:00+01:00,3054.0
2024-05-04 06:00:00+01:00,3060.0
2024-05-04 06:30:00+01:00,3119.02
2024-05-04 07:00:00+01:00,3228.51
2024-05-04 07:30:00+01:00,3369.45
2024-05-04 08:00:00+01:00,3512.61
2024-05-04 08:30:00+01:00,3694.41
2024-05-04 09:00:00+01:00,3817.92
2024-05-04 09:30:00+01:00,3917.2
2024-05-04 10:00:00+01:00,3953.27
2024-05-04 10:30:00+01:00,3983.43
2024-05-04 11:00:00+01:00,3983.17
2024-05-04 11:30:00+01:00,3973.44
2024-05-04 12:00:00+01:00,3959.0
2024-05-04 12:30:00+01:00,3942.61
2024-05-04 13:00:00+01:00,3913.53
2024-05-04 13:30:00+01:00,3871.94
2024-05-04 14:00:00+01:00,3818.17
2024-05-04 14:30:00+01:00,3752.19
2024-05-04 15:00:00+01:00,3729.15
2024-05-04 15:30:00+01:00,3681.23
2024-05-04 16:00:00+01:00,3693.34
2024-05-04 16:30:00+01:00,3728.17
2024-05-04 17:00:00+01:00,3809.5
2024-05-04 17:30:00+01:00,3878.63
2024-05-04 18:00:00+01:00,3915.52
2024-05-04 18:30:00+01:00,3926.51
2024-05-04 19:00:00+01:00,3887.97
2024-05-04 19:30:00+01:00,3860.72
2024-05-04 20:00:00+01:00,3832.08
2024-05-04 20:30:00+01:00,3801.73
2024-05-04 21:00:00+01:00,3773.52
2024-05-04 21:30:00+01:00,3776.5
2024-05-04 22:00:00+01:00,3688.78
2024-05-04 22:30:00+01:00,3583.9
2024-05-04 23:00:00+01:00,3452.54
2024-05-04 23:30:00+01:00,3333.64
2024-05-05 00:00:00+01:00,3250.29
2024-05-05 00:30:00+01:00,3231.38
2024-05-05 01:00:00+01:00,3162.93
2024-05-05 01:30:00+01:00,3200.64
2024-05-05 02:00:00+01:00,3139.9
2024-05-05 02:30:00+01:00,3120.65
2024-05-05 03:00:00+01:00,3075.64
2024-05-05 03:30:00+01:00,2958.56
2024-05-05 04:00:00+01:00,2927.44
2024-05-05 04:30:00+01:00,2913.97
2024-05-05 05:00:00+01:00,2922.28
2024-05-05 05:30:00+01:00,2907.39
2024-05-05 06:00:00+01:00,2885.45
2024-05-05 06:30:00+01:00,2941.26
2024-05-05 07:00:00+01:00,2999.09
2024-05-05 07:30:00+01:00,3086.28
2024-05-05 08:00:00+01:00,3179.3
2024-05-05 08:30:00+01:00,3310.16
2024-05-05 09:00:00+01:00,3376.84
2024-05-05 09:30:00+01:00,3462.67
2024-05-05 10:00:00+01:00,3500.62
2024-05-05 10:30:00+01:00,3499.59
2024-05-05 11:00:00+01:00,3485.84
2024-05-05 11:30:00+01:00,3495.62
2024-05-05 12:00:00+01:00,3480.02
2024-05-05 12:30:00+01:00,3456.8
2024-05-05 13:00:00+01:00,3444.22
2024-05-05 13:30:00+01:00,3420.09
2024-05-05 14:00:00+01:00,3365.15
2024-05-05 14:30:00+01:00,3342.81
2024-05-05 15:00:00+01:00,3331.51
2024-05-05 15:30:00+01:00,3329.23
2024-05-05 16:00:00+01:00,3348.58
2024-05-05 16:30:00+01:00,3401.32
2024-05-05 17:00:00+01:00,3474.15
2024-05-05 17:30:00+01:00,3552.78
2024-05-05 18:00:00+01:00,3598.44
2024-05-05 18:30:00+01:00,3602.67
2024-05-05 19:00:00+01:00,3590.77
2024-05-05 19:30:00+01:00,3600.92
2024-05-05 20:00:00+01:00,3571.28
2024-05-05 20:30:00+01:00,3554.93
2024-05-05 21:00:00+01:00,3560.19
2024-05-05 21:30:00+01:00,3586.22
2024-05-05 22:00:00+01:00,3516.27
2024-05-05 22:30:00+01:00,3407.63
2024-05-05 23:00:00+01:00,3300.21
2024-05-05 23:30:00+01:00,3197.95
2024-05-06 00:00:00+01:00,3124.48
2024-05-06 00:30:00+01:00,3111.55
2024-05-06 01:00:00+01:00,3039.86
2024-05-06 01:30:00+01:00,2971.33
2024-05-06 02:00:00+01:00,2920.93
2024-05-06 02:30:00+01:00,2937.69
2024-05-06 03:00:00+01:00,2887.52
2024-05-06 03:30:00+01:00,2873.11
2024-05-06 04:00:00+01:00,2840.17
2024-05-06 04:30:00+01:00,2832.1
2024-05-06 05:00:00+01:00,2835.89
2024-05-06 05:30:00+01:00,2844.79
2024-05-06 06:00:00+01:00,2839.54
2024-05-06 06:30:00+01:00,2909.92
2024-05-06 07:00:00+01:00,2996.46
2024-05-06 07:30:00+01:00,3108.53
2024-05-06 08:00:00+01:00,3207.03
2024-05-06 08:30:00+01:00,3335.98
2024-05-06 09:00:00+01:00,3439.63
2024-05-06 09:30:00+01:00,3534.04
2024-05-06 10:00:00+01:00,3615.29
2024-05-06 10:30:00+01:00,3673.47
2024-05-06 11:00:00+01:00,3684.58
2024-05-06 11:30:00+01:00,3692.14
2024-05-06 12:00:00+01:00,3706.22
2024-05-06 12:30:00+01:00,3702.2
2024-05-06 13:00:00+01:00,3703.47
2024-05-06 13:30:00+01:00,3701.56
2024-05-06 14:00:00+01:00,3646.68
2024-05-06 14:30:00+01:00,3625.52
2024-05-06 15:00:00+01:00,3628.73
2024-05-06 15:30:00+01:00,3627.42
2024-05-06 16:00:00+01:00,3656.06
2024-05-06 16:30:00+01:00,3716.39
2024-05-06 17:00:00+01:00,3797.03
2024-05-06 17:30:00+01:00,3890.9
2024-05-06 18:00:00+01:00,3933.53
2024-05-06 18:30:00+01:00,3938.1
2024-05-06 19:00:00+01:00,3908.27
2024-05-06 19:30:00+01:00,3869.24
2024-05-06 20:00:00+01:00,3835.48
2024-05-06 20:30:00+01:00,3793.24
2024-05-06 21:00:00+01:00,3793.18
2024-05-06 21:30:00+01:00,3769.0
2024-05-06 22:00:00+01:00,3647.32
2024-05-06 22:30:00+01:00,3481.6
2024-05-06 23:00:00+01:00,3316.88
2024-05-06 23:30:00+01:00,3189.86
2024-05-07 00:00:00+01:00,3107.42
2024-05-07 00:30:00+01:00,3081.4
2024-05-07 01:00:00+01:00,3010.21
2024-05-07 01:30:00+01:00,2962.29
2024-05-07 02:00:00+01:00,2973.69
2024-05-07 02:30:00+01:00,2986.39
2024-05-07 03:00:00+01:00,2930.4
2024-05-07 03:30:00+01:00,2910.74
2024-05-07 04:00:00+01:00,2889.33
2024-05-07 04:30:00+01:00,2912.34
2024-05-07 05:00:00+01:00,2916.3
2024-05-07 05:30:00+01:00,2972.96
2024-05-07 06:00:00+01:00,3039.97
2024-05-07 06:30:00+01:00,3239.53
2024-05-07 07:00:00+01:00,3492.77
2024-05-07 07:30:00+01:00,3817.44
2024-05-07 08:00:00+01:00,4017.79
2024-05-07 08:30:00+01:00,4133.77
2024-05-07 09:00:00+01:00,4200.45
2024-05-07 09:30:00+01:00,4205.97
2024-05-07 10:00:00+01:00,4189.66
2024-05-07 10:30:00+01:00,4160.69
2024-05-07 11:00:00+01:00,4126.24
2024-05-07 11:30:00+01:00,4090.51
2024-05-07 12:00:00+01:00,4056.54
2024-05-07 12:30:00+01:00,4026.57
2024-05-07 13:00:00+01:00,4038.43
2024-05-07 13:30:00+01:00,3996.75
2024-05-07 14:00:00+01:00,3978.26
2024-05-07 14:30:00+01:00,3992.71
2024-05-07 15:00:00+01:00,3996.11
2024-05-07 15:30:00+01:00,4053.26
2024-05-07 16:00:00+01:00,4066.26
2024-05-07 16:30:00+01:00,4149.21
2024-05-07 17:00:00+01:00,4214.27
2024-05-07 17:30:00+01:00,4313.94
2024-05-07 18:00:00+01:00,4313.88
2024-05-07 18:30:00+01:00,4287.14
2024-05-07 19:00:00+01:00,4233.26
2024-05-07 19:30:00+01:00,4212.64
2024-05-07 20:00:00+01:00,4150.99
2024-05-07 20:30:00+01:00,4119.74
2024-05-07 21:00:00+01:00,4133.76
2024-05-07 21:30:00+01:00,4095.59
2024-05-07 22:00:00+01:00,3968.28
2024-05-07 22:30:00+01:00,3792.08
2024-05-07 23:00:00+01:00,3586.98
2024-05-07 23:30:00+01:00,3447.15
2024-05-08 00:00:00+01:00,3322.26
2024-05-08 00:30:00+01:00,3276.9
2024-05-08 01:00:00+01:00,3191.57
2024-05-08 01:30:00+01:00,3125.0
2024-05-08 02:00:00+01:00,3076.58
2024-05-08 02:30:00+01:00,3092.63
2024-05-08 03:00:00+01:00,3053.18
2024-05-08 03:30:00+01:00,3038.61
2024-05-08 04:00:00+01:00,3012.93
2024-05-08 04:30:00+01:00,3008.69
2024-05-08 05:00:00+01:00,3040.0
2024-05-08 05:30:00+01:00,3058.18
2024-05-08 06:00:00+01:00,3128.26
2024-05-08 06:30:00+01:00,3315.43
2024-05-08 07:00:00+01:00,3571.69
2024-05-08 07:30:00+01:00,3886.05
2024-05-08 08:00:00+01:00,4061.03
2024-05-08 08:30:00+01:00,4142.91
2024-05-08 09:00:00+01:00,4144.13
2024-05-08 09:30:00+01:00,4165.28
2024-05-08 10:00:00+01:00,4118.92
2024-05-08 10:30:00+01:00,4071.56
2024-05-08 11:00:00+01:00,4035.96
2024-05-08 11:30:00+01:00,3985.21
2024-05-08 12:00:00+01:00,3972.46
2024-05-08 12:30:00+01:00,3951.36
2024-05-08 13:00:00+01:00,3964.08
2024-05-08 13:30:00+01:00,3911.0
2024-05-08 14:00:00+01:00,3936.78
2024-05-08 14:30:00+01:00,3938.76
2024-05-08 15:00:00+01:00,3949.21
2024-05-08 15:30:00+01:00,4000.49
2024-05-08 16:00:00+01:00,4026.7
2024-05-08 16:30:00+01:00,4096.36
2024-05-08 17:00:00+01:00,4123.73
2024-05-08 17:30:00+01:00,4175.04
2024-05-08 18:00:00+01:00,4207.98
2024-05-08 18:30:00+01:00,4183.16
2024-05-08 19:00:00+01:00,4129.37
2024-05-08 19:30:00+01:00,4097.42
2024-05-08 20:00:00+01:00,4071.68
2024-05-08 20:30:00+01:00,4046.81
2024-05-08 21:00:00+01:00,4074.89
2024-05-08 21:30:00+01:00,4021.62
2024-05-08 22:00:00+01:00,3910.17
2024-05-08 22:30:00+01:00,3768.81
2024-05-08 23:00:00+01:00,3572.39
2024-05-08 23:30:00+01:00,3402.69
2024-05-09 00:00:00+01:00,3285.72
2024-05-09 00:30:00+01:00,3253.62
2024-05-09 01:00:00+01:00,3157.51
2024-05-09 01:30:00+01:00,3119.2
2024-05-09 02:00:00+01:00,3063.37
2024-05-09 02:30:00+01:00,3121.35
2024-05-09 03:00:00+01:00,3040.18
2024-05-09 03:30:00+01:00,3029.07
2024-05-09 04:00:00+01:00,2998.01
2024-05-09 04:30:00+01:00,3004.08
2024-05-09 05:00:00+01:00,3037.05
2024-05-09 05:30:00+01:00,3032.26
2024-05-09 06:00:00+01:00,3147.53
2024-05-09 06:30:00+01:00,3345.18
2024-05-09 07:00:00+01:00,3589.92
2024-05-09 07:30:00+01:00,3904.35
2024-05-09 08:00:00+01:00,4057.73
2024-05-09 08:30:00+01:00,4131.99
2024-05-09 09:00:00+01:00,4130.85
2024-05-09 09:30:00+01:00,4093.21
2024-05-09 10:00:00+01:00,4003.6
2024-05-09 10:30:00+01:00,3938.31
2024-05-09 11:00:00+01:00,3919.63
2024-05-09 11:30:00+01:00,3870.55
2024-05-09 12:00:00+01:00,3815.8
2024-05-09 12:30:00+01:00,3821.09
2024-05-09 13:00:00+01:00,3804.58
2024-05-09 13:30:00+01:00,3739.39
2024-05-09 14:00:00+01:00,3744.38
2024-05-09 14:30:00+01:00,3744.83
2024-05-09 15:00:00+01:00,3733.68
2024-05-09 15:30:00+01:00,3818.88
2024-05-09 16:00:00+01:00,3854.28
2024-05-09 16:30:00+01:00,3960.41
2024-05-09 17:00:00+01:00,4078.39
2024-05-09 17:30:00+01:00,4162.4
2024-05-09 18:00:00+01:00,4160.42
2024-05-09 18:30:00+01:00,4139.35
2024-05-09 19:00:00+01:00,4105.7
2024-05-09 19:30:00+01:00,4092.35
2024-05-09 20:00:00+01:00,4055.65
2024-05-09 20:30:00+01:00,4025.22
2024-05-09 21:00:00+01:00,4006.44
2024-05-09 21:30:00+01:00,4001.03
2024-05-09 22:00:00+01:00,3913.56
2024-05-09 22:30:00+01:00,3744.89
2024-05-09 23:00:00+01:00,3535.51
2024-05-09 23:30:00+01:00,3386.03
2024-05-10 00:00:00+01:00,3237.66
2024-05-10 00:30:00+01:00,3212.5
2024-05-10 01:00:00+01:00,3123.56
2024-05-10 01:30:00+01:00,3084.0
2024-05-10 02:00:00+01:00,3036.74
2024-05-10 02:30:00+01:00,3029.43
2024-05-10 03:00:00+01:00,2982.17
2024-05-10 03:30:00+01:00,2966.12
2024-05-10 04:00:00+01:00,2952.69
2024-05-10 04:30:00+01:00,2968.62
2024-05-10 05:00:00+01:00,2982.95
2024-05-10 05:30:00+01:00,3009.6
2024-05-10 06:00:00+01:00,3076.64
2024-05-10 06:30:00+01:00,3234.51
2024-05-10 07:00:00+01:00,3505.11
2024-05-10 07:30:00+01:00,3787.36
2024-05-10 08:00:00+01:00,3967.81
2024-05-10 08:30:00+01:00,4023.5
2024-05-10 09:00:00+01:00,4016.2
2024-05-10 09:30:00+01:00,3987.45
2024-05-10 10:00:00+01:00,3902.08
2024-05-10 10:30:00+01:00,3837.06
2024-05-10 11:00:00+01:00,3803.67
2024-05-10 11:30:00+01:00,3749.0
2024-05-10 12:00:00+01:00,3724.81
2024-05-10 12:30:00+01:00,3714.57
2024-05-10 13:00:00+01:00,3696.68
2024-05-10 13:30:00+01:00,3622.7
2024-05-10 14:00:00+01:00,3615.66
2024-05-10 14:30:00+01:00,3630.93
2024-05-10 15:00:00+01:00,3611.58
2024-05-10 15:30:00+01:00,3626.53
2024-05-10 16:00:00+01:00,3625.97
2024-05-10 16:30:00+01:00,3704.03
2024-05-10 17:00:00+01:00,3790.4
2024-05-10 17:30:00+01:00,3863.09
2024-05-10 18:00:00+01:00,3905.59
2024-05-10 18:30:00+01:00,3905.53
2024-05-10 19:00:00+01:00,3902.61
2024-05-10 19:30:00+01:00,3892.35
2024-05-10 20:00:00+01:00,3866.09
2024-05-10 20:30:00+01:00,3837.29
2024-05-10 21:00:00+01:00,3802.41
2024-05-10 21:30:00+01:00,3804.16
2024-05-10 22:00:00+01:00,3746.81
2024-05-10 22:30:00+01:00,3602.1
2024-05-10 23:00:00+01:00,3448.86
2024-05-10 23:30:00+01:00,3324.45
2024-05-11 00:00:00+01:00,3213.14
2024-05-11 00:30:00+01:00,3172.39
2024-05-11 01:00:00+01:00,3083.0
2024-05-11 01:30:00+01:00,3018.1
2024-05-11 02:00:00+01:00,2973.89
2024-05-11 02:30:00+01:00,2979.78
2024-05-11 03:00:00+01:00,2928.23
2024-05-11 03:30:00+01:00,2895.79
2024-05-11 04:00:00+01:00,2862.45
2024-05-11 04:30:00+01:00,2865.13
2024-05-11 05:00:00+01:00,2878.39
2024-05-11 05:30:00+01:00,2846.79
2024-05-11 06:00:00+01:00,2879.74
2024-05-11 06:30:00+01:00,2970.72
2024-05-11 07:00:00+01:00,3069.02
2024-05-11 07:30:00+01:00,3206.79
2024-05-11 08:00:00+01:00,3349.47
2024-05-11 08:30:00+01:00,3504.04
2024-05-11 09:00:00+01:00,3577.28
2024-05-11 09:30:00+01:00,3617.9
2024-05-11 10:00:00+01:00,3590.32
2024-05-11 10:30:00+01:00,3548.97
2024-05-11 11:00:00+01:00,3498.04
2024-05-11 11:30:00+01:00,3451.45
2024-05-11 12:00:00+01:00,3430.03
2024-05-11 12:30:00+01:00,3432.48
2024-05-11 13:00:00+01:00,3423.8
2024-05-11 13:30:00+01:00,3405.7
2024-05-11 14:00:00+01:00,3351.95
2024-05-11 14:30:00+01:00,3309.86
2024-05-11 15:00:00+01:00,3295.11
2024-05-11 15:30:00+01:00,3259.88
2024-05-11 16:00:00+01:00,3266.86
2024-05-11 16:30:00+01:00,3350.82
2024-05-11 17:00:00+01:00,3475.37
2024-05-11 17:30:00+01:00,3568.19
2024-05-11 18:00:00+01:00,3625.68
2024-05-11 18:30:00+01:00,3670.3
2024-05-11 19:00:00+01:00,3650.87
2024-05-11 19:30:00+01:00,3636.97
2024-05-11 20:00:00+01:00,3617.73
2024-05-11 20:30:00+01:00,3561.92
2024-05-11 21:00:00+01:00,3497.15
2024-05-11 21:30:00+01:00,3537.55
2024-05-11 22:00:00+01:00,3486.65
2024-05-11 22:30:00+01:00,3375.28
2024-05-11 23:00:00+01:00,3246.42
2024-05-11 23:30:00+01:00,3182.56
2024-05-12 00:00:00+01:00,3145.09
2024-05-12 00:30:00+01:00,3097.29
2024-05-12 01:00:00+01:00,3015.82
2024-05-12 01:30:00+01:00,2998.01
2024-05-12 02:00:00+01:00,2983.25
2024-05-12 02:30:00+01:00,2976.84
2024-05-12 03:00:00+01:00,2934.9
2024-05-12 03:30:00+01:00,2903.47
2024-05-12 04:00:00+01:00,2835.66
2024-05-12 04:30:00+01:00,2818.91
2024-05-12 05:00:00+01:00,2818.02
2024-05-12 05:30:00+01:00,2774.71
2024-05-12 06:00:00+01:00,2765.89
2024-05-12 06:30:00+01:00,2821.79
2024-05-12 07:00:00+01:00,2889.02
2024-05-12 07:30:00+01:00,2993.61
2024-05-12 08:00:00+01:00,3106.31
2024-05-12 08:30:00+01:00,3238.56
2024-05-12 09:00:00+01:00,3345.28
2024-05-12 09:30:00+01:00,3428.68
2024-05-12 10:00:00+01:00,3460.97
2024-05-12 10:30:00+01:00,3507.53
2024-05-12 11:00:00+01:00,3502.97
2024-05-12 11:30:00+01:00,3511.37
2024-05-12 12:00:00+01:00,3512.19
2024-05-12 12:30:00+01:00,3546.68
2024-05-12 13:00:00+01:00,3549.8
2024-05-12 13:30:00+01:00,3509.97
2024-05-12 14:00:00+01:00,3439.74
2024-05-12 14:30:00+01:00,3469.07
2024-05-12 15:00:00+01:00,3457.95
2024-05-12 15:30:00+01:00,3430.29
2024-05-12 16:00:00+01:00,3489.61
2024-05-12 16:30:00+01:00,3523.43
2024-05-12 17:00:00+01:00,3603.72
2024-05-12 17:30:00+01:00,3665.41
2024-05-12 18:00:00+01:00,3706.68
2024-05-12 18:30:00+01:00,3699.97
2024-05-12 19:00:00+01:00,3727.46
2024-05-12 19:30:00+01:00,3717.32
2024-05-12 20:00:00+01:00,3707.14
2024-05-12 20:30:00+01:00,3674.2
2024-05-12 21:00:00+01:00,3649.74
2024-05-12 21:30:00+01:00,3654.91
2024-05-12 22:00:00+01:00,3569.94
2024-05-12 22:30:00+01:00,3425.04
2024-05-12 23:00:00+01:00,3272.48
2024-05-12 23:30:00+01:00,3157.53
2024-05-13 00:00:00+01:00,3054.57
2024-05-13 00:30:00+01:00,3011.27
2024-05-13 01:00:00+01:00,2936.36
2024-05-13 01:30:00+01:00,2891.94
2024-05-13 02:00:00+01:00,2847.96
2024-05-13 02:30:00+01:00,2872.73
2024-05-13 03:00:00+01:00,2817.99
2024-05-13 03:30:00+01:00,2786.99
2024-05-13 04:00:00+01:00,2767.12
2024-05-13 04:30:00+01:00,2750.36
2024-05-13 05:00:00+01:00,2795.1
2024-05-13 05:30:00+01:00,2828.2
2024-05-13 06:00:00+01:00,2909.45
2024-05-13 06:30:00+01:00,3149.91
2024-05-13 07:00:00+01:00,3415.54
2024-05-13 07:30:00+01:00,3745.31
2024-05-13 08:00:00+01:00,3925.9
2024-05-13 08:30:00+01:00,4035.09
2024-05-13 09:00:00+01:00,4072.62
2024-05-13 09:30:00+01:00,4107.46
2024-05-13 10:00:00+01:00,4089.73
2024-05-13 10:30:00+01:00,4077.73
2024-05-13 11:00:00+01:00,4088.39
2024-05-13 11:30:00+01:00,4072.31
2024-05-13 12:00:00+01:00,4057.17
2024-05-13 12:30:00+01:00,4077.2
2024-05-13 13:00:00+01:00,4106.95
2024-05-13 13:30:00+01:00,3989.3
2024-05-13 14:00:00+01:00,3971.27
2024-05-13 14:30:00+01:00,3967.7
2024-05-13 15:00:00+01:00,3961.07
2024-05-13 15:30:00+01:00,4004.99
2024-05-13 16:00:00+01:00,4057.28
2024-05-13 16:30:00+01:00,4082.1
2024-05-13 17:00:00+01:00,4106.63
2024-05-13 17:30:00+01:00,4196.21
2024-05-13 18:00:00+01:00,4170.26
2024-05-13 18:30:00+01:00,4113.36
2024-05-13 19:00:00+01:00,4050.76
2024-05-13 19:30:00+01:00,4008.29
2024-05-13 20:00:00+01:00,3965.44
2024-05-13 20:30:00+01:00,3905.1
2024-05-13 21:00:00+01:00,3892.93
2024-05-13 21:30:00+01:00,3869.18
2024-05-13 22:00:00+01:00,3798.21
2024-05-13 22:30:00+01:00,3633.19
2024-05-13 23:00:00+01:00,3462.74
2024-05-13 23:30:00+01:00,3331.81
2024-05-14 00:00:00+01:00,3209.63
2024-05-14 00:30:00+01:00,3153.03
2024-05-14 01:00:00+01:00,3086.51
2024-05-14 01:30:00+01:00,2983.39
2024-05-14 02:00:00+01:00,2973.81
2024-05-14 02:30:00+01:00,2981.86
2024-05-14 03:00:00+01:00,2963.58
2024-05-14 03:30:00+01:00,2948.53
2024-05-14 04:00:00+01:00,2913.0
2024-05-14 04:30:00+01:00,2916.78
2024-05-14 05:00:00+01:00,2905.33
2024-05-14 05:30:00+01:00,2940.75
2024-05-14 06:00:00+01:00,3043.81
2024-05-14 06:30:00+01:00,3243.5
2024-05-14 07:00:00+01:00,3493.65
2024-05-14 07:30:00+01:00,3801.43
2024-05-14 08:00:00+01:00,3958.36
2024-05-14 08:30:00+01:00,4060.63
2024-05-14 09:00:00+01:00,4061.61
2024-05-14 09:30:00+01:00,4076.04
2024-05-14 10:00:00+01:00,4029.5
2024-05-14 10:30:00+01:00,4011.43
2024-05-14 11:00:00+01:00,3962.35
2024-05-14 11:30:00+01:00,3955.03
2024-05-14 12:00:00+01:00,3936.6
2024-05-14 12:30:00+01:00,3972.18
2024-05-14 13:00:00+01:00,3976.62
2024-05-14 13:30:00+01:00,3863.06
2024-05-14 14:00:00+01:00,3875.11
2024-05-14 14:30:00+01:00,3850.91
2024-05-14 15:00:00+01:00,3868.23
2024-05-14 15:30:00+01:00,3838.21
2024-05-14 16:00:00+01:00,3867.41
2024-05-14 16:30:00+01:00,3949.64
2024-05-14 17:00:00+01:00,4014.08
2024-05-14 17:30:00+01:00,4133.06
2024-05-14 18:00:00+01:00,4133.89
2024-05-14 18:30:00+01:00,4092.58
2024-05-14 19:00:00+01:00,4055.36
2024-05-14 19:30:00+01:00,4064.84
2024-05-14 20:00:00+01:00,4017.59
2024-05-14 20:30:00+01:00,3986.36
2024-05-14 21:00:00+01:00,3948.86
2024-05-14 21:30:00+01:00,3886.38
2024-05-14 22:00:00+01:00,3827.03
2024-05-14 22:30:00+01:00,3657.23
2024-05-14 23:00:00+01:00,3452.07
2024-05-14 23:30:00+01:00,3312.2
2024-05-15 00:00:00+01:00,3188.32
2024-05-15 00:30:00+01:00,3132.31
2024-05-15 01:00:00+01:00,3051.21
2024-05-15 01:30:00+01:00,3018.3
2024-05-15 02:00:00+01:00,2962.56
2024-05-15 02:30:00+01:00,3000.18
2024-05-15 03:00:00+01:00,2956.71
2024-05-15 03:30:00+01:00,2937.1
2024-05-15 04:00:00+01:00,2910.67
2024-05-15 04:30:00+01:00,2921.31
2024-05-15 05:00:00+01:00,2949.71
2024-05-15 05:30:00+01:00,2958.69
2024-05-15 06:00:00+01:00,3050.59
2024-05-15 06:30:00+01:00,3257.32
2024-05-15 07:00:00+01:00,3532.71
2024-05-15 07:30:00+01:00,3825.43
2024-05-15 08:00:00+01:00,3997.34
2024-05-15 08:30:00+01:00,4057.79
2024-05-15 09:00:00+01:00,4061.5
2024-05-15 09:30:00+01:00,4069.25
2024-05-15 10:00:00+01:00,4016.19
2024-05-15 10:30:00+01:00,3992.74
2024-05-15 11:00:00+01:00,3948.4
2024-05-15 11:30:00+01:00,3932.11
2024-05-15 12:00:00+01:00,3879.82
2024-05-15 12:30:00+01:00,3916.68
2024-05-15 13:00:00+01:00,3889.85
2024-05-15 13:30:00+01:00,3791.44
2024-05-15 14:00:00+01:00,3788.43
2024-05-15 14:30:00+01:00,3791.82
2024-05-15 15:00:00+01:00,3784.54
2024-05-15 15:30:00+01:00,3805.86
2024-05-15 16:00:00+01:00,3834.17
2024-05-15 16:30:00+01:00,3867.7
2024-05-15 17:00:00+01:00,3938.26
2024-05-15 17:30:00+01:00,4011.3
2024-05-15 18:00:00+01:00,4003.24
2024-05-15 18:30:00+01:00,3983.8
2024-05-15 19:00:00+01:00,3961.51
2024-05-15 19:30:00+01:00,3985.4
2024-05-15 20:00:00+01:00,3971.5
2024-05-15 20:30:00+01:00,3943.76
2024-05-15 21:00:00+01:00,3945.09
2024-05-15 21:30:00+01:00,3899.18
2024-05-15 22:00:00+01:00,3877.25
2024-05-15 22:30:00+01:00,3708.15
2024-05-15 23:00:00+01:00,3530.52
2024-05-15 23:30:00+01:00,3375.04
2024-05-16 00:00:00+01:00,3242.63
2024-05-16 00:30:00+01:00,3187.53
2024-05-16 01:00:00+01:00,3107.82
2024-05-16 01:30:00+01:00,3048.9
2024-05-16 02:00:00+01:00,3003.2
2024-05-16 02:30:00+01:00,3015.65
2024-05-16 03:00:00+01:00,2994.43
2024-05-16 03:30:00+01:00,2982.04
2024-05-16 04:00:00+01:00,2950.29
2024-05-16 04:30:00+01:00,2942.39
2024-05-16 05:00:00+01:00,2962.47
2024-05-16 05:30:00+01:00,2973.12
2024-05-16 06:00:00+01:00,3061.73
2024-05-16 06:30:00+01:00,3266.37
2024-05-16 07:00:00+01:00,3521.31
2024-05-16 07:30:00+01:00,3824.59
2024-05-16 08:00:00+01:00,4005.66
2024-05-16 08:30:00+01:00,4058.19
2024-05-16 09:00:00+01:00,4041.55
2024-05-16 09:30:00+01:00,4024.73
2024-05-16 10:00:00+01:00,3941.35
2024-05-16 10:30:00+01:00,3863.93
2024-05-16 11:00:00+01:00,3838.34
2024-05-16 11:30:00+01:00,3824.88
2024-05-16 12:00:00+01:00,3787.16
2024-05-16 12:30:00+01:00,3827.91
2024-05-16 13:00:00+01:00,3811.63
2024-05-16 13:30:00+01:00,3795.96
2024-05-16 14:00:00+01:00,3734.34
2024-05-16 14:30:00+01:00,3736.09
2024-05-16 15:00:00+01:00,3767.34
2024-05-16 15:30:00+01:00,3836.66
2024-05-16 16:00:00+01:00,3893.24
2024-05-16 16:30:00+01:00,3944.92
2024-05-16 17:00:00+01:00,4046.78
2024-05-16 17:30:00+01:00,4126.8
2024-05-16 18:00:00+01:00,4126.31
2024-05-16 18:30:00+01:00,4144.05
2024-05-16 19:00:00+01:00,4110.27
2024-05-16 19:30:00+01:00,4085.82
2024-05-16 20:00:00+01:00,4000.46
2024-05-16 20:30:00+01:00,3959.55
2024-05-16 21:00:00+01:00,3896.84
2024-05-16 21:30:00+01:00,3844.3
2024-05-16 22:00:00+01:00,3754.24
2024-05-16 22:30:00+01:00,3645.97
2024-05-16 23:00:00+01:00,3479.98
2024-05-16 23:30:00+01:00,3357.0
2024-05-17 00:00:00+01:00,3179.68
2024-05-17 00:30:00+01:00,3142.8
2024-05-17 01:00:00+01:00,3049.04
2024-05-17 01:30:00+01:00,2996.4
2024-05-17 02:00:00+01:00,2949.78
2024-05-17 02:30:00+01:00,2971.82
2024-05-17 03:00:00+01:00,2920.61
2024-05-17 03:30:00+01:00,2913.32
2024-05-17 04:00:00+01:00,2857.13
2024-05-17 04:30:00+01:00,2873.07
2024-05-17 05:00:00+01:00,2895.85
2024-05-17 05:30:00+01:00,2899.88
2024-05-17 06:00:00+01:00,2996.17
2024-05-17 06:30:00+01:00,3200.13
2024-05-17 07:00:00+01:00,3424.73
2024-05-17 07:30:00+01:00,3735.08
2024-05-17 08:00:00+01:00,3916.24
2024-05-17 08:30:00+01:00,4005.31
2024-05-17 09:00:00+01:00,4054.1
2024-05-17 09:30:00+01:00,4068.87
2024-05-17 10:00:00+01:00,4043.25
2024-05-17 10:30:00+01:00,4015.81
2024-05-17 11:00:00+01:00,4000.99
2024-05-17 11:30:00+01:00,4015.36
2024-05-17 12:00:00+01:00,3964.17
2024-05-17 12:30:00+01:00,3994.09
2024-05-17 13:00:00+01:00,3978.02
2024-05-17 13:30:00+01:00,3958.58
2024-05-17 14:00:00+01:00,3957.96
2024-05-17 14:30:00+01:00,3925.14
2024-05-17 15:00:00+01:00,3910.36
2024-05-17 15:30:00+01:00,3904.27
2024-05-17 16:00:00+01:00,3911.74
2024-05-17 16:30:00+01:00,3984.96
2024-05-17 17:00:00+01:00,4020.93
2024-05-17 17:30:00+01:00,4091.64
2024-05-17 18:00:00+01:00,4141.22
2024-05-17 18:30:00+01:00,4097.92
2024-05-17 19:00:00+01:00,4037.12
2024-05-17 19:30:00+01:00,4004.81
2024-05-17 20:00:00+01:00,3953.0
2024-05-17 20:30:00+01:00,3885.98
2024-05-17 21:00:00+01:00,3839.0
2024-05-17 21:30:00+01:00,3801.31
2024-05-17 22:00:00+01:00,3753.93
2024-05-17 22:30:00+01:00,3630.06
2024-05-17 23:00:00+01:00,3486.64
2024-05-17 23:30:00+01:00,3383.2
2024-05-18 00:00:00+01:00,3239.44
2024-05-18 00:30:00+01:00,3185.54
2024-05-18 01:00:00+01:00,3156.22
2024-05-18 01:30:00+01:00,3103.11
2024-05-18 02:00:00+01:00,3051.21
2024-05-18 02:30:00+01:00,3090.27
2024-05-18 03:00:00+01:00,2973.08
2024-05-18 03:30:00+01:00,2937.55
2024-05-18 04:00:00+01:00,2908.15
2024-05-18 04:30:00+01:00,2909.33
2024-05-18 05:00:00+01:00,2894.77
2024-05-18 05:30:00+01:00,2895.49
2024-05-18 06:00:00+01:00,2910.9
2024-05-18 06:30:00+01:00,2995.54
2024-05-18 07:00:00+01:00,3086.74
2024-05-18 07:30:00+01:00,3254.67
2024-05-18 08:00:00+01:00,3391.09
2024-05-18 08:30:00+01:00,3577.28
2024-05-18 09:00:00+01:00,3657.98
2024-05-18 09:30:00+01:00,3765.69
2024-05-18 10:00:00+01:00,3789.27
2024-05-18 10:30:00+01:00,3808.75
2024-05-18 11:00:00+01:00,3764.78
2024-05-18 11:30:00+01:00,3823.22
2024-05-18 12:00:00+01:00,3802.71
2024-05-18 12:30:00+01:00,3788.57
2024-05-18 13:00:00+01:00,3760.12
2024-05-18 13:30:00+01:00,3694.14
2024-05-18 14:00:00+01:00,3641.59
2024-05-18 14:30:00+01:00,3602.32
2024-05-18 15:00:00+01:00,3542.32
2024-05-18 15:30:00+01:00,3519.39
2024-05-18 16:00:00+01:00,3499.53
2024-05-18 16:30:00+01:00,3522.57
2024-05-18 17:00:00+01:00,3568.19
2024-05-18 17:30:00+01:00,3642.11
2024-05-18 18:00:00+01:00,3679.85
2024-05-18 18:30:00+01:00,3681.39
2024-05-18 19:00:00+01:00,3658.34
2024-05-18 19:30:00+01:00,3667.45
2024-05-18 20:00:00+01:00,3626.99
2024-05-18 20:30:00+01:00,3604.33
2024-05-18 21:00:00+01:00,3573.84
2024-05-18 21:30:00+01:00,3534.6
2024-05-18 22:00:00+01:00,3556.92
2024-05-18 22:30:00+01:00,3457.24
2024-05-18 23:00:00+01:00,3345.61
2024-05-18 23:30:00+01:00,3231.57
2024-05-19 00:00:00+01:00,3120.55
2024-05-19 00:30:00+01:00,3073.22
2024-05-19 01:00:00+01:00,3012.76
2024-05-19 01:30:00+01:00,2958.57
2024-05-19 02:00:00+01:00,2909.76
2024-05-19 02:30:00+01:00,2909.75
2024-05-19 03:00:00+01:00,2863.19
2024-05-19 03:30:00+01:00,2822.74
2024-05-19 04:00:00+01:00,2804.72
2024-05-19 04:30:00+01:00,2791.97
2024-05-19 05:00:00+01:00,2782.79
2024-05-19 05:30:00+01:00,2746.01
2024-05-19 06:00:00+01:00,2768.04
2024-05-19 06:30:00+01:00,2816.29
2024-05-19 07:00:00+01:00,2874.76
2024-05-19 07:30:00+01:00,2970.12
2024-05-19 08:00:00+01:00,3056.59
2024-05-19 08:30:00+01:00,3174.27
2024-05-19 09:00:00+01:00,3253.2
2024-05-19 09:30:00+01:00,3330.36
2024-05-19 10:00:00+01:00,3358.62
2024-05-19 10:30:00+01:00,3372.96
2024-05-19 11:00:00+01:00,3375.43
2024-05-19 11:30:00+01:00,3393.82
2024-05-19 12:00:00+01:00,3360.46
2024-05-19 12:30:00+01:00,3370.03
2024-05-19 13:00:00+01:00,3361.02
2024-05-19 13:30:00+01:00,3320.25
2024-05-19 14:00:00+01:00,3277.59
2024-05-19 14:30:00+01:00,3240.22
2024-05-19 15:00:00+01:00,3215.37
2024-05-19 15:30:00+01:00,3210.93
2024-05-19 16:00:00+01:00,3237.67
2024-05-19 16:30:00+01:00,3280.28
2024-05-19 17:00:00+01:00,3392.85
2024-05-19 17:30:00+01:00,3526.32
2024-05-19 18:00:00+01:00,3605.0
2024-05-19 18:30:00+01:00,3639.62
2024-05-19 19:00:00+01:00,3689.81
2024-05-19 19:30:00+01:00,3724.73
2024-05-19 20:00:00+01:00,3713.41
2024-05-19 20:30:00+01:00,3687.89
2024-05-19 21:00:00+01:00,3654.81
2024-05-19 21:30:00+01:00,3615.23
2024-05-19 22:00:00+01:00,3598.6
2024-05-19 22:30:00+01:00,3479.11
2024-05-19 23:00:00+01:00,3316.61
2024-05-19 23:30:00+01:00,3202.15
2024-05-20 00:00:00+01:00,3092.57
2024-05-20 00:30:00+01:00,3028.64
2024-05-20 01:00:00+01:00,2969.87
2024-05-20 01:30:00+01:00,2915.32
2024-05-20 02:00:00+01:00,2885.18
2024-05-20 02:30:00+01:00,2908.24
2024-05-20 03:00:00+01:00,2870.68
2024-05-20 03:30:00+01:00,2845.0
2024-05-20 04:00:00+01:00,2827.48
2024-05-20 04:30:00+01:00,2840.5
2024-05-20 05:00:00+01:00,2850.28
2024-05-20 05:30:00+01:00,2866.93
2024-05-20 06:00:00+01:00,2972.64
2024-05-20 06:30:00+01:00,3141.26
2024-05-20 07:00:00+01:00,3393.82
2024-05-20 07:30:00+01:00,3692.01
2024-05-20 08:00:00+01:00,3857.06
2024-05-20 08:30:00+01:00,3934.5
2024-05-20 09:00:00+01:00,3947.22
2024-05-20 09:30:00+01:00,3927.73
2024-05-20 10:00:00+01:00,3870.28
2024-05-20 10:30:00+01:00,3819.63
2024-05-20 11:00:00+01:00,3781.9
2024-05-20 11:30:00+01:00,3750.29
2024-05-20 12:00:00+01:00,3703.2
2024-05-20 12:30:00+01:00,3724.19
2024-05-20 13:00:00+01:00,3716.76
2024-05-20 13:30:00+01:00,3650.49
2024-05-20 14:00:00+01:00,3676.78
2024-05-20 14:30:00+01:00,3681.33
2024-05-20 15:00:00+01:00,3680.73
2024-05-20 15:30:00+01:00,3749.54
2024-05-20 16:00:00+01:00,3760.68
2024-05-20 16:30:00+01:00,3843.57
2024-05-20 17:00:00+01:00,3911.0
2024-05-20 17:30:00+01:00,3994.64
2024-05-20 18:00:00+01:00,4044.22
2024-05-20 18:30:00+01:00,4012.49
2024-05-20 19:00:00+01:00,3981.28
2024-05-20 19:30:00+01:00,3974.9
2024-05-20 20:00:00+01:00,3957.39
2024-05-20 20:30:00+01:00,3953.96
2024-05-20 21:00:00+01:00,3918.83
2024-05-20 21:30:00+01:00,3869.14
2024-05-20 22:00:00+01:00,3823.75
2024-05-20 22:30:00+01:00,3685.23
2024-05-20 23:00:00+01:00,3524.06
2024-05-20 23:30:00+01:00,3353.67
2024-05-21 00:00:00+01:00,3230.65
2024-05-21 00:30:00+01:00,3171.42
2024-05-21 01:00:00+01:00,3093.4
2024-05-21 01:30:00+01:00,3048.4
2024-05-21 02:00:00+01:00,3005.08
2024-05-21 02:30:00+01:00,3012.74
2024-05-21 03:00:00+01:00,2993.79
2024-05-21 03:30:00+01:00,2998.17
2024-05-21 04:00:00+01:00,2972.65
2024-05-21 04:30:00+01:00,2974.75
2024-05-21 05:00:00+01:00,2972.15
2024-05-21 05:30:00+01:00,2978.98
2024-05-21 06:00:00+01:00,3071.72
2024-05-21 06:30:00+01:00,3258.63
2024-05-21 07:00:00+01:00,3504.99
2024-05-21 07:30:00+01:00,3811.23
2024-05-21 08:00:00+01:00,3971.26
2024-05-21 08:30:00+01:00,4021.39
2024-05-21 09:00:00+01:00,4078.05
2024-05-21 09:30:00+01:00,4077.29
2024-05-21 10:00:00+01:00,4018.16
2024-05-21 10:30:00+01:00,3970.81
2024-05-21 11:00:00+01:00,3941.95
2024-05-21 11:30:00+01:00,3913.33
2024-05-21 12:00:00+01:00,3897.92
2024-05-21 12:30:00+01:00,3947.88
2024-05-21 13:00:00+01:00,3966.15
2024-05-21 13:30:00+01:00,3885.71
2024-05-21 14:00:00+01:00,3855.58
2024-05-21 14:30:00+01:00,3827.24
2024-05-21 15:00:00+01:00,3879.17
2024-05-21 15:30:00+01:00,3931.05
2024-05-21 16:00:00+01:00,3956.56
2024-05-21 16:30:00+01:00,4040.15
2024-05-21 17:00:00+01:00,4120.51
2024-05-21 17:30:00+01:00,4175.33
2024-05-21 18:00:00+01:00,4165.13
2024-05-21 18:30:00+01:00,4139.57
2024-05-21 19:00:00+01:00,4071.38
2024-05-21 19:30:00+01:00,4046.98
2024-05-21 20:00:00+01:00,3989.96
2024-05-21 20:30:00+01:00,3947.6
2024-05-21 21:00:00+01:00,3935.35
2024-05-21 21:30:00+01:00,3894.85
2024-05-21 22:00:00+01:00,3843.74
2024-05-21 22:30:00+01:00,3699.02
2024-05-21 23:00:00+01:00,3504.37
2024-05-21 23:30:00+01:00,3373.45
2024-05-22 00:00:00+01:00,3246.82
2024-05-22 00:30:00+01:00,3181.11
2024-05-22 01:00:00+01:00,3094.83
2024-05-22 01:30:00+01:00,3031.39
2024-05-22 02:00:00+01:00,3010.94
2024-05-22 02:30:00+01:00,3031.0
2024-05-22 03:00:00+01:00,2987.31
2024-05-22 03:30:00+01:00,2973.1
2024-05-22 04:00:00+01:00,2969.26
2024-05-22 04:30:00+01:00,2956.99
2024-05-22 05:00:00+01:00,2954.67
2024-05-22 05:30:00+01:00,2969.74
2024-05-22 06:00:00+01:00,3043.84
2024-05-22 06:30:00+01:00,3238.2
2024-05-22 07:00:00+01:00,3487.6
2024-05-22 07:30:00+01:00,3786.42
2024-05-22 08:00:00+01:00,3934.22
2024-05-22 08:30:00+01:00,4012.06
2024-05-22 09:00:00+01:00,4014.5
2024-05-22 09:30:00+01:00,4018.6
2024-05-22 10:00:00+01:00,3972.4
2024-05-22 10:30:00+01:00,3927.48
2024-05-22 11:00:00+01:00,3937.06
2024-05-22 11:30:00+01:00,3923.51
2024-05-22 12:00:00+01:00,3863.95
2024-05-22 12:30:00+01:00,3874.81
2024-05-22 13:00:00+01:00,3881.73
2024-05-22 13:30:00+01:00,3860.08
2024-05-22 14:00:00+01:00,3852.44
2024-05-22 14:30:00+01:00,3856.87
2024-05-22 15:00:00+01:00,3853.42
2024-05-22 15:30:00+01:00,3878.43
2024-05-22 16:00:00+01:00,3915.9
2024-05-22 16:30:00+01:00,4003.82
2024-05-22 17:00:00+01:00,4086.13
2024-05-22 17:30:00+01:00,4146.19
2024-05-22 18:00:00+01:00,4146.03
2024-05-22 18:30:00+01:00,4096.11
2024-05-22 19:00:00+01:00,4051.84
2024-05-22 19:30:00+01:00,4039.37
2024-05-22 20:00:00+01:00,3976.37
2024-05-22 20:30:00+01:00,3947.1
2024-05-22 21:00:00+01:00,3890.85
2024-05-22 21:30:00+01:00,3836.39
2024-05-22 22:00:00+01:00,3777.3
2024-05-22 22:30:00+01:00,3624.14
2024-05-22 23:00:00+01:00,3466.51
2024-05-22 23:30:00+01:00,3293.99
2024-05-23 00:00:00+01:00,3182.8
2024-05-23 00:30:00+01:00,3121.05
2024-05-23 01:00:00+01:00,3047.51
2024-05-23 01:30:00+01:00,2997.61
2024-05-23 02:00:00+01:00,2957.96
2024-05-23 02:30:00+01:00,3015.23
2024-05-23 03:00:00+01:00,2978.2
2024-05-23 03:30:00+01:00,2939.17
2024-05-23 04:00:00+01:00,2886.14
2024-05-23 04:30:00+01:00,2917.89
2024-05-23 05:00:00+01:00,2912.75
2024-05-23 05:30:00+01:00,2911.26
2024-05-23 06:00:00+01:00,3005.76
2024-05-23 06:30:00+01:00,3210.44
2024-05-23 07:00:00+01:00,3472.11
2024-05-23 07:30:00+01:00,3741.94
2024-05-23 08:00:00+01:00,3883.11
2024-05-23 08:30:00+01:00,3925.57
2024-05-23 09:00:00+01:00,3923.52
2024-05-23 09:30:00+01:00,3935.4
2024-05-23 10:00:00+01:00,3917.02
2024-05-23 10:30:00+01:00,3891.84
2024-05-23 11:00:00+01:00,3890.83
2024-05-23 11:30:00+01:00,3868.43
2024-05-23 12:00:00+01:00,3826.74
2024-05-23 12:30:00+01:00,3851.84
2024-05-23 13:00:00+01:00,3828.73
2024-05-23 13:30:00+01:00,3778.32
2024-05-23 14:00:00+01:00,3772.67
2024-05-23 14:30:00+01:00,3756.91
2024-05-23 15:00:00+01:00,3786.75
2024-05-23 15:30:00+01:00,3779.95
2024-05-23 16:00:00+01:00,3862.55
2024-05-23 16:30:00+01:00,3950.36
2024-05-23 17:00:00+01:00,4047.69
2024-05-23 17:30:00+01:00,4102.39
2024-05-23 18:00:00+01:00,4057.79
2024-05-23 18:30:00+01:00,4058.75
2024-05-23 19:00:00+01:00,4042.94
2024-05-23 19:30:00+01:00,4008.08
2024-05-23 20:00:00+01:00,3949.1
2024-05-23 20:30:00+01:00,3922.6
2024-05-23 21:00:00+01:00,3896.33
2024-05-23 21:30:00+01:00,3850.33
2024-05-23 22:00:00+01:00,3793.7
2024-05-23 22:30:00+01:00,3665.94
2024-05-23 23:00:00+01:00,3491.84
2024-05-23 23:30:00+01:00,3323.23
2024-05-24 00:00:00+01:00,3212.23
2024-05-24 00:30:00+01:00,3150.57
2024-05-24 01:00:00+01:00,3079.12
2024-05-24 01:30:00+01:00,3037.5
2024-05-24 02:00:00+01:00,2997.2
2024-05-24 02:30:00+01:00,3000.97
2024-05-24 03:00:00+01:00,2952.05
2024-05-24 03:30:00+01:00,2944.04
2024-05-24 04:00:00+01:00,2921.39
2024-05-24 04:30:00+01:00,2919.82
2024-05-24 05:00:00+01:00,2942.95
2024-05-24 05:30:00+01:00,2957.32
2024-05-24 06:00:00+01:00,3065.03
2024-05-24 06:30:00+01:00,3268.69
2024-05-24 07:00:00+01:00,3525.14
2024-05-24 07:30:00+01:00,3839.24
2024-05-24 08:00:00+01:00,4023.26
2024-05-24 08:30:00+01:00,4090.75
2024-05-24 09:00:00+01:00,4102.9
2024-05-24 09:30:00+01:00,4119.25
2024-05-24 10:00:00+01:00,4109.86
2024-05-24 10:30:00+01:00,4089.7
2024-05-24 11:00:00+01:00,4081.1
2024-05-24 11:30:00+01:00,4076.92
2024-05-24 12:00:00+01:00,4009.35
2024-05-24 12:30:00+01:00,4001.4
2024-05-24 13:00:00+01:00,3964.36
2024-05-24 13:30:00+01:00,3915.82
2024-05-24 14:00:00+01:00,3889.71
2024-05-24 14:30:00+01:00,3907.92
2024-05-24 15:00:00+01:00,3897.42
2024-05-24 15:30:00+01:00,3889.85
2024-05-24 16:00:00+01:00,3878.69
2024-05-24 16:30:00+01:00,3951.88
2024-05-24 17:00:00+01:00,4014.77
2024-05-24 17:30:00+01:00,4073.17
2024-05-24 18:00:00+01:00,4099.19
2024-05-24 18:30:00+01:00,4063.5
2024-05-24 19:00:00+01:00,4033.25
2024-05-24 19:30:00+01:00,3997.8
2024-05-24 20:00:00+01:00,3954.4
2024-05-24 20:30:00+01:00,3909.73
2024-05-24 21:00:00+01:00,3860.25
2024-05-24 21:30:00+01:00,3806.22
2024-05-24 22:00:00+01:00,3777.15
2024-05-24 22:30:00+01:00,3676.17
2024-05-24 23:00:00+01:00,3536.53
2024-05-24 23:30:00+01:00,3428.64
2024-05-25 00:00:00+01:00,3299.53
2024-05-25 00:30:00+01:00,3267.79
2024-05-25 01:00:00+01:00,3181.71
2024-05-25 01:30:00+01:00,3120.19
2024-05-25 02:00:00+01:00,3058.44
2024-05-25 02:30:00+01:00,3063.44
2024-05-25 03:00:00+01:00,3007.64
2024-05-25 03:30:00+01:00,2978.46
2024-05-25 04:00:00+01:00,2950.01
2024-05-25 04:30:00+01:00,2889.9
2024-05-25 05:00:00+01:00,2867.55
2024-05-25 05:30:00+01:00,2823.63
2024-05-25 06:00:00+01:00,2867.14
2024-05-25 06:30:00+01:00,2949.53
2024-05-25 07:00:00+01:00,3043.74
2024-05-25 07:30:00+01:00,3192.03
2024-05-25 08:00:00+01:00,3314.65
2024-05-25 08:30:00+01:00,3423.09
2024-05-25 09:00:00+01:00,3490.26
2024-05-25 09:30:00+01:00,3557.49
2024-05-25 10:00:00+01:00,3531.6
2024-05-25 10:30:00+01:00,3613.32
2024-05-25 11:00:00+01:00,3581.01
2024-05-25 11:30:00+01:00,3571.06
2024-05-25 12:00:00+01:00,3543.11
2024-05-25 12:30:00+01:00,3556.71
2024-05-25 13:00:00+01:00,3571.05
2024-05-25 13:30:00+01:00,3552.7
2024-05-25 14:00:00+01:00,3514.41
2024-05-25 14:30:00+01:00,3541.06
2024-05-25 15:00:00+01:00,3519.35
2024-05-25 15:30:00+01:00,3507.52
2024-05-25 16:00:00+01:00,3532.31
2024-05-25 16:30:00+01:00,3540.21
2024-05-25 17:00:00+01:00,3635.96
2024-05-25 17:30:00+01:00,3733.28
2024-05-25 18:00:00+01:00,3788.97
2024-05-25 18:30:00+01:00,3800.46
2024-05-25 19:00:00+01:00,3762.48
2024-05-25 19:30:00+01:00,3690.62
2024-05-25 20:00:00+01:00,3635.01
2024-05-25 20:30:00+01:00,3586.08
2024-05-25 21:00:00+01:00,3529.16
2024-05-25 21:30:00+01:00,3506.42
2024-05-25 22:00:00+01:00,3503.53
2024-05-25 22:30:00+01:00,3402.23
2024-05-25 23:00:00+01:00,3294.34
2024-05-25 23:30:00+01:00,3206.14
2024-05-26 00:00:00+01:00,3112.78
2024-05-26 00:30:00+01:00,3087.02
2024-05-26 01:00:00+01:00,3009.19
2024-05-26 01:30:00+01:00,2961.94
2024-05-26 02:00:00+01:00,2926.96
2024-05-26 02:30:00+01:00,2931.32
2024-05-26 03:00:00+01:00,2885.31
2024-05-26 03:30:00+01:00,2860.17
2024-05-26 04:00:00+01:00,2840.51
2024-05-26 04:30:00+01:00,2828.49
2024-05-26 05:00:00+01:00,2824.36
2024-05-26 05:30:00+01:00,2785.74
2024-05-26 06:00:00+01:00,2765.48
2024-05-26 06:30:00+01:00,2824.44
2024-05-26 07:00:00+01:00,2911.63
2024-05-26 07:30:00+01:00,2996.63
2024-05-26 08:00:00+01:00,3088.3
2024-05-26 08:30:00+01:00,3216.68
2024-05-26 09:00:00+01:00,3335.22
2024-05-26 09:30:00+01:00,3429.16
2024-05-26 10:00:00+01:00,3506.73
2024-05-26 10:30:00+01:00,3545.98
2024-05-26 11:00:00+01:00,3602.78
2024-05-26 11:30:00+01:00,3598.22
2024-05-26 12:00:00+01:00,3606.29
2024-05-26 12:30:00+01:00,3620.24
2024-05-26 13:00:00+01:00,3649.72
2024-05-26 13:30:00+01:00,3579.94
2024-05-26 14:00:00+01:00,3537.05
2024-05-26 14:30:00+01:00,3485.35
2024-05-26 15:00:00+01:00,3525.7
2024-05-26 15:30:00+01:00,3521.55
2024-05-26 16:00:00+01:00,3591.49
2024-05-26 16:30:00+01:00,3601.14
2024-05-26 17:00:00+01:00,3622.61
2024-05-26 17:30:00+01:00,3700.93
2024-05-26 18:00:00+01:00,3767.24
2024-05-26 18:30:00+01:00,3792.26
2024-05-26 19:00:00+01:00,3791.29
2024-05-26 19:30:00+01:00,3799.91
2024-05-26 20:00:00+01:00,3757.77
2024-05-26 20:30:00+01:00,3707.59
2024-05-26 21:00:00+01:00,3635.13
2024-05-26 21:30:00+01:00,3573.58
2024-05-26 22:00:00+01:00,3540.89
2024-05-26 22:30:00+01:00,3427.07
2024-05-26 23:00:00+01:00,3275.71
2024-05-26 23:30:00+01:00,3165.9
2024-05-27 00:00:00+01:00,3047.39
2024-05-27 00:30:00+01:00,3014.54
2024-05-27 01:00:00+01:00,2964.5
2024-05-27 01:30:00+01:00,2914.53
2024-05-27 02:00:00+01:00,2870.59
2024-05-27 02:30:00+01:00,2886.53
2024-05-27 03:00:00+01:00,2857.94
2024-05-27 03:30:00+01:00,2836.98
2024-05-27 04:00:00+01:00,2823.83
2024-05-27 04:30:00+01:00,2826.9
2024-05-27 05:00:00+01:00,2829.05
2024-05-27 05:30:00+01:00,2849.94
2024-05-27 06:00:00+01:00,2961.1
2024-05-27 06:30:00+01:00,3158.13
2024-05-27 07:00:00+01:00,3419.23
2024-05-27 07:30:00+01:00,3711.28
2024-05-27 08:00:00+01:00,3883.32
2024-05-27 08:30:00+01:00,3974.88
2024-05-27 09:00:00+01:00,3988.44
2024-05-27 09:30:00+01:00,3984.0
2024-05-27 10:00:00+01:00,3939.97
2024-05-27 10:30:00+01:00,3854.38
2024-05-27 11:00:00+01:00,3822.77
2024-05-27 11:30:00+01:00,3855.14
2024-05-27 12:00:00+01:00,3870.39
2024-05-27 12:30:00+01:00,3881.28
2024-05-27 13:00:00+01:00,3890.39
2024-05-27 13:30:00+01:00,3805.5
2024-05-27 14:00:00+01:00,3767.12
2024-05-27 14:30:00+01:00,3819.26
2024-05-27 15:00:00+01:00,3802.05
2024-05-27 15:30:00+01:00,3773.49
2024-05-27 16:00:00+01:00,3832.45
2024-05-27 16:30:00+01:00,3964.59
2024-05-27 17:00:00+01:00,4027.03
2024-05-27 17:30:00+01:00,4063.51
2024-05-27 18:00:00+01:00,4089.93
2024-05-27 18:30:00+01:00,4067.29
2024-05-27 19:00:00+01:00,4030.98
2024-05-27 19:30:00+01:00,3995.72
2024-05-27 20:00:00+01:00,3980.36
2024-05-27 20:30:00+01:00,3960.36
2024-05-27 21:00:00+01:00,3930.59
2024-05-27 21:30:00+01:00,3875.45
2024-05-27 22:00:00+01:00,3815.26
2024-05-27 22:30:00+01:00,3682.67
2024-05-27 23:00:00+01:00,3507.48
2024-05-27 23:30:00+01:00,3342.03
2024-05-28 00:00:00+01:00,3212.49
2024-05-28 00:30:00+01:00,3150.16
2024-05-28 01:00:00+01:00,3078.27
2024-05-28 01:30:00+01:00,3032.17
2024-05-28 02:00:00+01:00,2996.14
2024-05-28 02:30:00+01:00,3006.45
2024-05-28 03:00:00+01:00,2981.72
2024-05-28 03:30:00+01:00,2957.15
2024-05-28 04:00:00+01:00,2958.58
2024-05-28 04:30:00+01:00,2959.96
2024-05-28 05:00:00+01:00,2941.18
2024-05-28 05:30:00+01:00,2942.24
2024-05-28 06:00:00+01:00,3034.75
2024-05-28 06:30:00+01:00,3233.33
2024-05-28 07:00:00+01:00,3482.36
2024-05-28 07:30:00+01:00,3738.22
2024-05-28 08:00:00+01:00,3900.54
2024-05-28 08:30:00+01:00,4005.3
2024-05-28 09:00:00+01:00,3994.07
2024-05-28 09:30:00+01:00,4024.76
2024-05-28 10:00:00+01:00,3973.41
2024-05-28 10:30:00+01:00,3989.04
2024-05-28 11:00:00+01:00,3989.48
2024-05-28 11:30:00+01:00,3978.89
2024-05-28 12:00:00+01:00,3928.87
2024-05-28 12:30:00+01:00,3964.68
2024-05-28 13:00:00+01:00,3961.75
2024-05-28 13:30:00+01:00,3838.83
2024-05-28 14:00:00+01:00,3868.64
2024-05-28 14:30:00+01:00,3819.2
2024-05-28 15:00:00+01:00,3774.45
2024-05-28 15:30:00+01:00,3884.03
2024-05-28 16:00:00+01:00,3932.49
2024-05-28 16:30:00+01:00,3959.94
2024-05-28 17:00:00+01:00,4034.02
2024-05-28 17:30:00+01:00,4158.88
2024-05-28 18:00:00+01:00,4167.8
2024-05-28 18:30:00+01:00,4075.99
2024-05-28 19:00:00+01:00,4008.76
2024-05-28 19:30:00+01:00,4016.99
2024-05-28 20:00:00+01:00,3951.9
2024-05-28 20:30:00+01:00,3925.22
2024-05-28 21:00:00+01:00,3867.82
2024-05-28 21:30:00+01:00,3790.12
2024-05-28 22:00:00+01:00,3776.66
2024-05-28 22:30:00+01:00,3636.86
2024-05-28 23:00:00+01:00,3460.68
2024-05-28 23:30:00+01:00,3325.95
2024-05-29 00:00:00+01:00,3240.34
2024-05-29 00:30:00+01:00,3179.85
2024-05-29 01:00:00+01:00,3085.8
2024-05-29 01:30:00+01:00,3027.83
2024-05-29 02:00:00+01:00,3020.43
2024-05-29 02:30:00+01:00,3011.78
2024-05-29 03:00:00+01:00,2985.68
2024-05-29 03:30:00+01:00,2965.57
2024-05-29 04:00:00+01:00,2972.14
2024-05-29 04:30:00+01:00,2961.86
2024-05-29 05:00:00+01:00,2964.26
2024-05-29 05:30:00+01:00,2972.85
2024-05-29 06:00:00+01:00,3094.85
2024-05-29 06:30:00+01:00,3295.66
2024-05-29 07:00:00+01:00,3541.18
2024-05-29 07:30:00+01:00,3826.7
2024-05-29 08:00:00+01:00,3979.02
2024-05-29 08:30:00+01:00,4060.07
2024-05-29 09:00:00+01:00,4047.51
2024-05-29 09:30:00+01:00,4044.65
2024-05-29 10:00:00+01:00,4034.79
2024-05-29 10:30:00+01:00,3978.29
2024-05-29 11:00:00+01:00,3922.93
2024-05-29 11:30:00+01:00,3899.41
2024-05-29 12:00:00+01:00,3862.92
2024-05-29 12:30:00+01:00,3886.99
2024-05-29 13:00:00+01:00,3889.12
2024-05-29 13:30:00+01:00,3795.92
2024-05-29 14:00:00+01:00,3767.75
2024-05-29 14:30:00+01:00,3800.57
2024-05-29 15:00:00+01:00,3766.28
2024-05-29 15:30:00+01:00,3881.37
2024-05-29 16:00:00+01:00,3868.02
2024-05-29 16:30:00+01:00,3927.82
2024-05-29 17:00:00+01:00,4012.71
2024-05-29 17:30:00+01:00,4034.86
2024-05-29 18:00:00+01:00,4102.56
2024-05-29 18:30:00+01:00,4080.96
2024-05-29 19:00:00+01:00,4011.46
2024-05-29 19:30:00+01:00,3951.33
2024-05-29 20:00:00+01:00,3921.81
2024-05-29 20:30:00+01:00,3902.37
2024-05-29 21:00:00+01:00,3831.94
2024-05-29 21:30:00+01:00,3770.55
2024-05-29 22:00:00+01:00,3698.38
2024-05-29 22:30:00+01:00,3609.56
2024-05-29 23:00:00+01:00,3454.73
2024-05-29 23:30:00+01:00,3322.26
2024-05-30 00:00:00+01:00,3188.87
2024-05-30 00:30:00+01:00,3118.38
2024-05-30 01:00:00+01:00,3063.63
2024-05-30 01:30:00+01:00,3013.99
2024-05-30 02:00:00+01:00,2978.69
2024-05-30 02:30:00+01:00,2999.8
2024-05-30 03:00:00+01:00,2980.18
2024-05-30 03:30:00+01:00,2961.64
2024-05-30 04:00:00+01:00,2952.19
2024-05-30 04:30:00+01:00,2934.28
2024-05-30 05:00:00+01:00,3023.61
2024-05-30 05:30:00+01:00,2999.22
2024-05-30 06:00:00+01:00,3082.04
2024-05-30 06:30:00+01:00,3216.82
2024-05-30 07:00:00+01:00,3447.38
2024-05-30 07:30:00+01:00,3718.19
2024-05-30 08:00:00+01:00,3892.57
2024-05-30 08:30:00+01:00,3959.15
2024-05-30 09:00:00+01:00,4014.29
2024-05-30 09:30:00+01:00,3959.39
2024-05-30 10:00:00+01:00,3928.33
2024-05-30 10:30:00+01:00,3871.27
2024-05-30 11:00:00+01:00,3891.6
2024-05-30 11:30:00+01:00,3873.0
2024-05-30 12:00:00+01:00,3799.42
2024-05-30 12:30:00+01:00,3844.1
2024-05-30 13:00:00+01:00,3786.12
2024-05-30 13:30:00+01:00,3711.58
2024-05-30 14:00:00+01:00,3723.11
2024-05-30 14:30:00+01:00,3772.86
2024-05-30 15:00:00+01:00,3829.41
2024-05-30 15:30:00+01:00,3896.49
2024-05-30 16:00:00+01:00,3899.56
2024-05-30 16:30:00+01:00,3934.49
2024-05-30 17:00:00+01:00,3999.04
2024-05-30 17:30:00+01:00,4033.48
2024-05-30 18:00:00+01:00,4063.75
2024-05-30 18:30:00+01:00,4067.97
2024-05-30 19:00:00+01:00,4001.61
2024-05-30 19:30:00+01:00,3953.88
2024-05-30 20:00:00+01:00,3919.6
2024-05-30 20:30:00+01:00,3897.97
2024-05-30 21:00:00+01:00,3882.57
2024-05-30 21:30:00+01:00,3810.96
2024-05-30 22:00:00+01:00,3777.11
2024-05-30 22:30:00+01:00,3683.69
2024-05-30 23:00:00+01:00,3534.88
2024-05-30 23:30:00+01:00,3417.09
2024-05-31 00:00:00+01:00,3266.01
2024-05-31 00:30:00+01:00,3216.21
2024-05-31 01:00:00+01:00,3126.66
2024-05-31 01:30:00+01:00,3073.9
2024-05-31 02:00:00+01:00,3020.02
2024-05-31 02:30:00+01:00,3014.8
2024-05-31 03:00:00+01:00,2985.59
2024-05-31 03:30:00+01:00,2962.94
2024-05-31 04:00:00+01:00,2957.37
2024-05-31 04:30:00+01:00,2946.85
2024-05-31 05:00:00+01:00,2932.33
2024-05-31 05:30:00+01:00,2963.87
2024-05-31 06:00:00+01:00,3067.22
2024-05-31 06:30:00+01:00,3245.63
2024-05-31 07:00:00+01:00,3455.86
2024-05-31 07:30:00+01:00,3713.86
2024-05-31 08:00:00+01:00,3874.95
2024-05-31 08:30:00+01:00,3920.62
2024-05-31 09:00:00+01:00,3914.36
2024-05-31 09:30:00+01:00,3911.97
2024-05-31 10:00:00+01:00,3824.5
2024-05-31 10:30:00+01:00,3788.59
2024-05-31 11:00:00+01:00,3769.83
2024-05-31 11:30:00+01:00,3711.9
2024-05-31 12:00:00+01:00,3706.13
2024-05-31 12:30:00+01:00,3678.44
2024-05-31 13:00:00+01:00,3670.08
2024-05-31 13:30:00+01:00,3588.06
2024-05-31 14:00:00+01:00,3556.74
2024-05-31 14:30:00+01:00,3454.21
2024-05-31 15:00:00+01:00,3491.79
2024-05-31 15:30:00+01:00,3534.66
2024-05-31 16:00:00+01:00,3586.81
2024-05-31 16:30:00+01:00,3665.09
2024-05-31 17:00:00+01:00,3730.47
2024-05-31 17:30:00+01:00,3815.06
2024-05-31 18:00:00+01:00,3830.71
2024-05-31 18:30:00+01:00,3836.13
2024-05-31 19:00:00+01:00,3832.38
2024-05-31 19:30:00+01:00,3809.53
2024-05-31 20:00:00+01:00,3765.84
2024-05-31 20:30:00+01:00,3739.67
2024-05-31 21:00:00+01:00,3694.91
2024-05-31 21:30:00+01:00,3649.29
2024-05-31 22:00:00+01:00,3607.96
2024-05-31 22:30:00+01:00,3605.2
2024-05-31 23:00:00+01:00,3487.29
2024-05-31 23:30:00+01:00,3370.18
2024-06-01 00:00:00+01:00,3260.75
2024-06-01 00:30:00+01:00,3171.44
2024-06-01 01:00:00+01:00,3114.66
2024-06-01 01:30:00+01:00,3051.59
2024-06-01 02:00:00+01:00,3000.17
2024-06-01 02:30:00+01:00,2999.07
2024-06-01 03:00:00+01:00,2947.8
2024-06-01 03:30:00+01:00,2918.77
2024-06-01 04:00:00+01:00,2923.16
2024-06-01 04:30:00+01:00,2958.65
2024-06-01 05:00:00+01:00,2872.17
2024-06-01 05:30:00+01:00,2842.15
2024-06-01 06:00:00+01:00,2875.07
2024-06-01 06:30:00+01:00,2950.71
2024-06-01 07:00:00+01:00,3039.68
2024-06-01 07:30:00+01:00,3169.81
2024-06-01 08:00:00+01:00,3257.32
2024-06-01 08:30:00+01:00,3363.95
2024-06-01 09:00:00+01:00,3431.52
2024-06-01 09:30:00+01:00,3493.57
2024-06-01 10:00:00+01:00,3517.55
2024-06-01 10:30:00+01:00,3512.16
2024-06-01 11:00:00+01:00,3492.32
2024-06-01 11:30:00+01:00,3447.88
2024-06-01 12:00:00+01:00,3413.64
2024-06-01 12:30:00+01:00,3391.63
2024-06-01 13:00:00+01:00,3347.7
2024-06-01 13:30:00+01:00,3305.8
2024-06-01 14:00:00+01:00,3230.2
2024-06-01 14:30:00+01:00,3215.62
2024-06-01 15:00:00+01:00,3195.57
2024-06-01 15:30:00+01:00,3203.32
2024-06-01 16:00:00+01:00,3224.13
2024-06-01 16:30:00+01:00,3245.64
2024-06-01 17:00:00+01:00,3366.39
2024-06-01 17:30:00+01:00,3435.67
2024-06-01 18:00:00+01:00,3513.84
2024-06-01 18:30:00+01:00,3547.08
2024-06-01 19:00:00+01:00,3580.67
2024-06-01 19:30:00+01:00,3567.29
2024-06-01 20:00:00+01:00,3544.28
2024-06-01 20:30:00+01:00,3501.36
2024-06-01 21:00:00+01:00,3486.96
2024-06-01 21:30:00+01:00,3417.67
2024-06-01 22:00:00+01:00,3394.12
2024-06-01 22:30:00+01:00,3419.23
2024-06-01 23:00:00+01:00,3318.42
2024-06-01 23:30:00+01:00,3220.91
2024-06-02 00:00:00+01:00,3124.78
2024-06-02 00:30:00+01:00,3068.23
2024-06-02 01:00:00+01:00,3004.79
2024-06-02 01:30:00+01:00,2954.77
2024-06-02 02:00:00+01:00,2901.85
2024-06-02 02:30:00+01:00,2909.08
2024-06-02 03:00:00+01:00,2862.54
2024-06-02 03:30:00+01:00,2848.91
2024-06-02 04:00:00+01:00,2824.93
2024-06-02 04:30:00+01:00,2816.05
2024-06-02 05:00:00+01:00,2763.53
2024-06-02 05:30:00+01:00,2744.56
2024-06-02 06:00:00+01:00,2759.47
2024-06-02 06:30:00+01:00,2800.64
2024-06-02 07:00:00+01:00,2836.86
2024-06-02 07:30:00+01:00,2900.62
2024-06-02 08:00:00+01:00,2985.32
2024-06-02 08:30:00+01:00,3079.77
2024-06-02 09:00:00+01:00,3163.78
2024-06-02 09:30:00+01:00,3235.46
2024-06-02 10:00:00+01:00,3249.99
2024-06-02 10:30:00+01:00,3237.56
2024-06-02 11:00:00+01:00,3242.58
2024-06-02 11:30:00+01:00,3232.4
2024-06-02 12:00:00+01:00,3221.54
2024-06-02 12:30:00+01:00,3226.83
2024-06-02 13:00:00+01:00,3220.22
2024-06-02 13:30:00+01:00,3161.55
2024-06-02 14:00:00+01:00,3140.98
2024-06-02 14:30:00+01:00,3160.24
2024-06-02 15:00:00+01:00,3154.46
2024-06-02 15:30:00+01:00,3221.35
2024-06-02 16:00:00+01:00,3274.1
2024-06-02 16:30:00+01:00,3341.61
2024-06-02 17:00:00+01:00,3466.47
2024-06-02 17:30:00+01:00,3522.79
2024-06-02 18:00:00+01:00,3531.97
2024-06-02 18:30:00+01:00,3546.76
2024-06-02 19:00:00+01:00,3499.0
2024-06-02 19:30:00+01:00,3487.49
2024-06-02 20:00:00+01:00,3454.26
2024-06-02 20:30:00+01:00,3437.46
2024-06-02 21:00:00+01:00,3390.83
2024-06-02 21:30:00+01:00,3364.42
2024-06-02 22:00:00+01:00,3358.86
2024-06-02 22:30:00+01:00,3319.97
2024-06-02 23:00:00+01:00,3218.81
2024-06-02 23:30:00+01:00,3115.13
2024-06-03 00:00:00+01:00,3025.29
2024-06-03 00:30:00+01:00,2981.32
2024-06-03 01:00:00+01:00,2909.01
2024-06-03 01:30:00+01:00,2852.76
2024-06-03 02:00:00+01:00,2810.3
2024-06-03 02:30:00+01:00,2817.8
2024-06-03 03:00:00+01:00,2797.31
2024-06-03 03:30:00+01:00,2785.8
2024-06-03 04:00:00+01:00,2761.91
2024-06-03 04:30:00+01:00,2780.32
2024-06-03 05:00:00+01:00,2735.74
2024-06-03 05:30:00+01:00,2708.6
2024-06-03 06:00:00+01:00,2710.93
2024-06-03 06:30:00+01:00,2759.01
2024-06-03 07:00:00+01:00,2850.25
2024-06-03 07:30:00+01:00,2962.68
2024-06-03 08:00:00+01:00,3053.78
2024-06-03 08:30:00+01:00,3170.4
2024-06-03 09:00:00+01:00,3252.35
2024-06-03 09:30:00+01:00,3335.02
2024-06-03 10:00:00+01:00,3392.65
2024-06-03 10:30:00+01:00,3457.36
2024-06-03 11:00:00+01:00,3497.03
2024-06-03 11:30:00+01:00,3513.23
2024-06-03 12:00:00+01:00,3473.26
2024-06-03 12:30:00+01:00,3483.79
2024-06-03 13:00:00+01:00,3486.95
2024-06-03 13:30:00+01:00,3482.33
2024-06-03 14:00:00+01:00,3377.78
2024-06-03 14:30:00+01:00,3360.09
2024-06-03 15:00:00+01:00,3398.9
2024-06-03 15:30:00+01:00,3418.63
2024-06-03 16:00:00+01:00,3405.31
2024-06-03 16:30:00+01:00,3453.65
2024-06-03 17:00:00+01:00,3508.22
2024-06-03 17:30:00+01:00,3637.56
2024-06-03 18:00:00+01:00,3712.21
2024-06-03 18:30:00+01:00,3727.11
2024-06-03 19:00:00+01:00,3723.11
2024-06-03 19:30:00+01:00,3700.07
2024-06-03 20:00:00+01:00,3674.77
2024-06-03 20:30:00+01:00,3634.24
2024-06-03 21:00:00+01:00,3605.83
2024-06-03 21:30:00+01:00,3553.02
2024-06-03 22:00:00+01:00,3489.68
2024-06-03 22:30:00+01:00,3423.74
2024-06-03 23:00:00+01:00,3290.15
2024-06-03 23:30:00+01:00,3178.18
2024-06-04 00:00:00+01:00,3058.35
2024-06-04 00:30:00+01:00,2985.0
2024-06-04 01:00:00+01:00,2876.91
2024-06-04 01:30:00+01:00,2844.89
2024-06-04 02:00:00+01:00,2793.05
2024-06-04 02:30:00+01:00,2812.04
2024-06-04 03:00:00+01:00,2806.29
2024-06-04 03:30:00+01:00,2773.47
2024-06-04 04:00:00+01:00,2772.26
2024-06-04 04:30:00+01:00,2775.78
2024-06-04 05:00:00+01:00,2745.47
2024-06-04 05:30:00+01:00,2769.32
2024-06-04 06:00:00+01:00,2884.83
2024-06-04 06:30:00+01:00,3053.77
2024-06-04 07:00:00+01:00,3259.52
2024-06-04 07:30:00+01:00,3537.37
2024-06-04 08:00:00+01:00,3766.86
2024-06-04 08:30:00+01:00,3872.07
2024-06-04 09:00:00+01:00,3906.75
2024-06-04 09:30:00+01:00,3926.22
2024-06-04 10:00:00+01:00,3909.48
2024-06-04 10:30:00+01:00,3872.6
2024-06-04 11:00:00+01:00,3841.46
2024-06-04 11:30:00+01:00,3733.24
2024-06-04 12:00:00+01:00,3721.36
2024-06-04 12:30:00+01:00,3741.14
2024-06-04 13:00:00+01:00,3720.84
2024-06-04 13:30:00+01:00,3648.19
2024-06-04 14:00:00+01:00,3525.41
2024-06-04 14:30:00+01:00,3546.35
2024-06-04 15:00:00+01:00,3535.25
2024-06-04 15:30:00+01:00,3543.77
2024-06-04 16:00:00+01:00,3556.76
2024-06-04 16:30:00+01:00,3595.01
2024-06-04 17:00:00+01:00,3642.96
2024-06-04 17:30:00+01:00,3755.3
2024-06-04 18:00:00+01:00,3785.67
2024-06-04 18:30:00+01:00,3816.9
2024-06-04 19:00:00+01:00,3765.29
2024-06-04 19:30:00+01:00,3749.17
2024-06-04 20:00:00+01:00,3756.31
2024-06-04 20:30:00+01:00,3764.53
2024-06-04 21:00:00+01:00,3729.12
2024-06-04 21:30:00+01:00,3691.04
2024-06-04 22:00:00+01:00,3631.19
2024-06-04 22:30:00+01:00,3595.61
2024-06-04 23:00:00+01:00,3422.73
2024-06-04 23:30:00+01:00,3271.03
2024-06-05 00:00:00+01:00,3141.28
2024-06-05 00:30:00+01:00,3095.62
2024-06-05 01:00:00+01:00,3041.12
2024-06-05 01:30:00+01:00,2938.13
2024-06-05 02:00:00+01:00,2941.6
2024-06-05 02:30:00+01:00,2937.22
2024-06-05 03:00:00+01:00,2887.89
2024-06-05 03:30:00+01:00,2889.95
2024-06-05 04:00:00+01:00,2891.78
2024-06-05 04:30:00+01:00,2868.53
2024-06-05 05:00:00+01:00,2891.47
2024-06-05 05:30:00+01:00,2886.01
2024-06-05 06:00:00+01:00,3004.76
2024-06-05 06:30:00+01:00,3188.26
2024-06-05 07:00:00+01:00,3393.02
2024-06-05 07:30:00+01:00,3646.37
2024-06-05 08:00:00+01:00,3810.12
2024-06-05 08:30:00+01:00,3843.77
2024-06-05 09:00:00+01:00,3825.52
2024-06-05 09:30:00+01:00,3788.42
2024-06-05 10:00:00+01:00,3725.97
2024-06-05 10:30:00+01:00,3776.66
2024-06-05 11:00:00+01:00,3749.37
2024-06-05 11:30:00+01:00,3708.49
2024-06-05 12:00:00+01:00,3703.64
2024-06-05 12:30:00+01:00,3714.03
2024-06-05 13:00:00+01:00,3768.9
2024-06-05 13:30:00+01:00,3605.02
2024-06-05 14:00:00+01:00,3650.02
2024-06-05 14:30:00+01:00,3689.87
2024-06-05 15:00:00+01:00,3727.65
2024-06-05 15:30:00+01:00,3699.62
2024-06-05 16:00:00+01:00,3710.75
2024-06-05 16:30:00+01:00,3793.59
2024-06-05 17:00:00+01:00,3919.4
2024-06-05 17:30:00+01:00,4047.44
2024-06-05 18:00:00+01:00,4062.39
2024-06-05 18:30:00+01:00,4051.07
2024-06-05 19:00:00+01:00,3996.41
2024-06-05 19:30:00+01:00,3958.76
2024-06-05 20:00:00+01:00,3915.64
2024-06-05 20:30:00+01:00,3882.19
2024-06-05 21:00:00+01:00,3809.76
2024-06-05 21:30:00+01:00,3759.85
2024-06-05 22:00:00+01:00,3656.91
2024-06-05 22:30:00+01:00,3608.7
2024-06-05 23:00:00+01:00,3444.77
2024-06-05 23:30:00+01:00,3309.78
2024-06-06 00:00:00+01:00,3183.89
2024-06-06 00:30:00+01:00,3117.64
2024-06-06 01:00:00+01:00,3036.8
2024-06-06 01:30:00+01:00,2995.95
2024-06-06 02:00:00+01:00,2957.11
2024-06-06 02:30:00+01:00,2974.37
2024-06-06 03:00:00+01:00,2929.89
2024-06-06 03:30:00+01:00,2902.49
2024-06-06 04:00:00+01:00,2881.51
2024-06-06 04:30:00+01:00,2892.64
2024-06-06 05:00:00+01:00,2855.11
2024-06-06 05:30:00+01:00,2886.71
2024-06-06 06:00:00+01:00,3000.22
2024-06-06 06:30:00+01:00,3200.15
2024-06-06 07:00:00+01:00,3382.51
2024-06-06 07:30:00+01:00,3648.07
2024-06-06 08:00:00+01:00,3832.08
2024-06-06 08:30:00+01:00,3917.85
2024-06-06 09:00:00+01:00,3901.49
2024-06-06 09:30:00+01:00,3920.65
2024-06-06 10:00:00+01:00,3874.38
2024-06-06 10:30:00+01:00,3860.5
2024-06-06 11:00:00+01:00,3860.29
2024-06-06 11:30:00+01:00,3810.61
2024-06-06 12:00:00+01:00,3849.78
2024-06-06 12:30:00+01:00,3875.08
2024-06-06 13:00:00+01:00,3800.07
2024-06-06 13:30:00+01:00,3771.09
2024-06-06 14:00:00+01:00,3771.74
2024-06-06 14:30:00+01:00,3818.14
2024-06-06 15:00:00+01:00,3808.61
2024-06-06 15:30:00+01:00,3776.17
2024-06-06 16:00:00+01:00,3835.02
2024-06-06 16:30:00+01:00,3923.7
2024-06-06 17:00:00+01:00,3935.14
2024-06-06 17:30:00+01:00,4046.26
2024-06-06 18:00:00+01:00,3980.43
2024-06-06 18:30:00+01:00,3922.52
2024-06-06 19:00:00+01:00,3933.67
2024-06-06 19:30:00+01:00,3902.34
2024-06-06 20:00:00+01:00,3873.01
2024-06-06 20:30:00+01:00,3900.31
2024-06-06 21:00:00+01:00,3836.46
2024-06-06 21:30:00+01:00,3805.22
2024-06-06 22:00:00+01:00,3744.65
2024-06-06 22:30:00+01:00,3683.96
2024-06-06 23:00:00+01:00,3544.52
2024-06-06 23:30:00+01:00,3410.11
2024-06-07 00:00:00+01:00,3271.69
2024-06-07 00:30:00+01:00,3187.61
2024-06-07 01:00:00+01:00,3109.43
2024-06-07 01:30:00+01:00,3052.25
2024-06-07 02:00:00+01:00,2990.22
2024-06-07 02:30:00+01:00,3023.05
2024-06-07 03:00:00+01:00,2951.22
2024-06-07 03:30:00+01:00,2942.33
2024-06-07 04:00:00+01:00,2880.66
2024-06-07 04:30:00+01:00,2907.75
2024-06-07 05:00:00+01:00,2873.98
2024-06-07 05:30:00+01:00,2902.96
2024-06-07 06:00:00+01:00,2990.37
2024-06-07 06:30:00+01:00,3171.7
2024-06-07 07:00:00+01:00,3357.24
2024-06-07 07:30:00+01:00,3587.34
2024-06-07 08:00:00+01:00,3779.25
2024-06-07 08:30:00+01:00,3872.1
2024-06-07 09:00:00+01:00,3899.91
2024-06-07 09:30:00+01:00,3934.44
2024-06-07 10:00:00+01:00,3928.58
2024-06-07 10:30:00+01:00,3788.76
2024-06-07 11:00:00+01:00,3851.45
2024-06-07 11:30:00+01:00,3831.96
2024-06-07 12:00:00+01:00,3835.03
2024-06-07 12:30:00+01:00,3815.26
2024-06-07 13:00:00+01:00,3793.28
2024-06-07 13:30:00+01:00,3762.84
2024-06-07 14:00:00+01:00,3707.07
2024-06-07 14:30:00+01:00,3634.85
2024-06-07 15:00:00+01:00,3743.19
2024-06-07 15:30:00+01:00,3709.61
2024-06-07 16:00:00+01:00,3736.5
2024-06-07 16:30:00+01:00,3811.98
2024-06-07 17:00:00+01:00,3821.76
2024-06-07 17:30:00+01:00,3893.06
2024-06-07 18:00:00+01:00,3923.37
2024-06-07 18:30:00+01:00,3918.49
2024-06-07 19:00:00+01:00,3885.96
2024-06-07 19:30:00+01:00,3869.34
2024-06-07 20:00:00+01:00,3817.23
2024-06-07 20:30:00+01:00,3770.4
2024-06-07 21:00:00+01:00,3720.56
2024-06-07 21:30:00+01:00,3663.71
2024-06-07 22:00:00+01:00,3631.91
2024-06-07 22:30:00+01:00,3589.3
2024-06-07 23:00:00+01:00,3450.42
2024-06-07 23:30:00+01:00,3364.74
2024-06-08 00:00:00+01:00,3267.66
2024-06-08 00:30:00+01:00,3179.22
2024-06-08 01:00:00+01:00,3107.82
2024-06-08 01:30:00+01:00,3054.62
2024-06-08 02:00:00+01:00,2994.42
2024-06-08 02:30:00+01:00,3026.26
2024-06-08 03:00:00+01:00,2958.54
2024-06-08 03:30:00+01:00,2914.69
2024-06-08 04:00:00+01:00,2894.32
2024-06-08 04:30:00+01:00,2871.64
2024-06-08 05:00:00+01:00,2829.1
2024-06-08 05:30:00+01:00,2819.19
2024-06-08 06:00:00+01:00,2842.98
2024-06-08 06:30:00+01:00,2939.31
2024-06-08 07:00:00+01:00,3002.67
2024-06-08 07:30:00+01:00,3138.03
2024-06-08 08:00:00+01:00,3237.82
2024-06-08 08:30:00+01:00,3374.14
2024-06-08 09:00:00+01:00,3416.58
2024-06-08 09:30:00+01:00,3430.92
2024-06-08 10:00:00+01:00,3453.31
2024-06-08 10:30:00+01:00,3494.54
2024-06-08 11:00:00+01:00,3482.69
2024-06-08 11:30:00+01:00,3454.66
2024-06-08 12:00:00+01:00,3464.23
2024-06-08 12:30:00+01:00,3420.28
2024-06-08 13:00:00+01:00,3416.77
2024-06-08 13:30:00+01:00,3355.26
2024-06-08 14:00:00+01:00,3352.93
2024-06-08 14:30:00+01:00,3256.8
2024-06-08 15:00:00+01:00,3213.21
2024-06-08 15:30:00+01:00,3237.85
2024-06-08 16:00:00+01:00,3220.01
2024-06-08 16:30:00+01:00,3285.07
2024-06-08 17:00:00+01:00,3339.04
2024-06-08 17:30:00+01:00,3414.33
2024-06-08 18:00:00+01:00,3501.21
2024-06-08 18:30:00+01:00,3493.24
2024-06-08 19:00:00+01:00,3507.32
2024-06-08 19:30:00+01:00,3503.01
2024-06-08 20:00:00+01:00,3507.6
2024-06-08 20:30:00+01:00,3469.25
2024-06-08 21:00:00+01:00,3446.86
2024-06-08 21:30:00+01:00,3409.87
2024-06-08 22:00:00+01:00,3382.09
2024-06-08 22:30:00+01:00,3374.04
2024-06-08 23:00:00+01:00,3284.21
2024-06-08 23:30:00+01:00,3197.55
2024-06-09 00:00:00+01:00,3097.03
2024-06-09 00:30:00+01:00,3051.35
2024-06-09 01:00:00+01:00,2966.35
2024-06-09 01:30:00+01:00,2900.99
2024-06-09 02:00:00+01:00,2858.2
2024-06-09 02:30:00+01:00,2837.33
2024-06-09 03:00:00+01:00,2800.78
2024-06-09 03:30:00+01:00,2773.12
2024-06-09 04:00:00+01:00,2738.36
2024-06-09 04:30:00+01:00,2751.09
2024-06-09 05:00:00+01:00,2704.47
2024-06-09 05:30:00+01:00,2664.39
2024-06-09 06:00:00+01:00,2693.33
2024-06-09 06:30:00+01:00,2741.61
2024-06-09 07:00:00+01:00,2788.34
2024-06-09 07:30:00+01:00,2858.31
2024-06-09 08:00:00+01:00,2956.4
2024-06-09 08:30:00+01:00,3086.93
2024-06-09 09:00:00+01:00,3146.49
2024-06-09 09:30:00+01:00,3241.4
2024-06-09 10:00:00+01:00,3304.43
2024-06-09 10:30:00+01:00,3301.62
2024-06-09 11:00:00+01:00,3366.88
2024-06-09 11:30:00+01:00,3398.03
2024-06-09 12:00:00+01:00,3408.18
2024-06-09 12:30:00+01:00,3480.46
2024-06-09 13:00:00+01:00,3483.5
2024-06-09 13:30:00+01:00,3453.55
2024-06-09 14:00:00+01:00,3408.92
2024-06-09 14:30:00+01:00,3370.96
2024-06-09 15:00:00+01:00,3372.52
2024-06-09 15:30:00+01:00,3381.77
2024-06-09 16:00:00+01:00,3424.51
2024-06-09 16:30:00+01:00,3464.46
2024-06-09 17:00:00+01:00,3452.81
2024-06-09 17:30:00+01:00,3511.01
2024-06-09 18:00:00+01:00,3600.38
2024-06-09 18:30:00+01:00,3644.39
2024-06-09 19:00:00+01:00,3645.71
2024-06-09 19:30:00+01:00,3623.63
2024-06-09 20:00:00+01:00,3619.77
2024-06-09 20:30:00+01:00,3598.61
2024-06-09 21:00:00+01:00,3546.55
2024-06-09 21:30:00+01:00,3482.52
2024-06-09 22:00:00+01:00,3415.94
2024-06-09 22:30:00+01:00,3361.46
2024-06-09 23:00:00+01:00,3223.94
2024-06-09 23:30:00+01:00,3112.58
2024-06-10 00:00:00+01:00,2990.27
2024-06-10 00:30:00+01:00,2949.06
2024-06-10 01:00:00+01:00,2890.31
2024-06-10 01:30:00+01:00,2859.26
2024-06-10 02:00:00+01:00,2775.01
2024-06-10 02:30:00+01:00,2811.28
2024-06-10 03:00:00+01:00,2760.51
2024-06-10 03:30:00+01:00,2761.71
2024-06-10 04:00:00+01:00,2745.69
2024-06-10 04:30:00+01:00,2749.02
2024-06-10 05:00:00+01:00,2739.8
2024-06-10 05:30:00+01:00,2783.4
2024-06-10 06:00:00+01:00,2888.76
2024-06-10 06:30:00+01:00,3041.11
2024-06-10 07:00:00+01:00,3264.26
2024-06-10 07:30:00+01:00,3549.68
2024-06-10 08:00:00+01:00,3717.22
2024-06-10 08:30:00+01:00,3804.19
2024-06-10 09:00:00+01:00,3771.61
2024-06-10 09:30:00+01:00,3769.06
2024-06-10 10:00:00+01:00,3757.26
2024-06-10 10:30:00+01:00,3745.88
2024-06-10 11:00:00+01:00,3750.47
2024-06-10 11:30:00+01:00,3767.53
2024-06-10 12:00:00+01:00,3737.13
2024-06-10 12:30:00+01:00,3798.91
2024-06-10 13:00:00+01:00,3834.66
2024-06-10 13:30:00+01:00,3707.67
2024-06-10 14:00:00+01:00,3693.28
2024-06-10 14:30:00+01:00,3650.96
2024-06-10 15:00:00+01:00,3677.82
2024-06-10 15:30:00+01:00,3661.24
2024-06-10 16:00:00+01:00,3728.09
2024-06-10 16:30:00+01:00,3741.23
2024-06-10 17:00:00+01:00,3787.82
2024-06-10 17:30:00+01:00,3845.88
2024-06-10 18:00:00+01:00,3958.0
2024-06-10 18:30:00+01:00,3890.1
2024-06-10 19:00:00+01:00,3849.64
2024-06-10 19:30:00+01:00,3857.94
2024-06-10 20:00:00+01:00,3804.29
2024-06-10 20:30:00+01:00,3789.93
2024-06-10 21:00:00+01:00,3763.3
2024-06-10 21:30:00+01:00,3703.94
2024-06-10 22:00:00+01:00,3654.47
2024-06-10 22:30:00+01:00,3609.74
2024-06-10 23:00:00+01:00,3454.46
2024-06-10 23:30:00+01:00,3309.72
2024-06-11 00:00:00+01:00,3185.8
2024-06-11 00:30:00+01:00,3109.6
2024-06-11 01:00:00+01:00,3048.28
2024-06-11 01:30:00+01:00,2996.15
2024-06-11 02:00:00+01:00,2962.03
2024-06-11 02:30:00+01:00,2975.22
2024-06-11 03:00:00+01:00,2950.32
2024-06-11 03:30:00+01:00,2926.49
2024-06-11 04:00:00+01:00,2907.28
2024-06-11 04:30:00+01:00,2923.26
2024-06-11 05:00:00+01:00,2868.58
2024-06-11 05:30:00+01:00,2906.99
2024-06-11 06:00:00+01:00,2987.6
2024-06-11 06:30:00+01:00,3160.84
2024-06-11 07:00:00+01:00,3372.84
2024-06-11 07:30:00+01:00,3652.97
2024-06-11 08:00:00+01:00,3819.81
2024-06-11 08:30:00+01:00,3925.34
2024-06-11 09:00:00+01:00,3875.92
2024-06-11 09:30:00+01:00,3873.07
2024-06-11 10:00:00+01:00,3844.3
2024-06-11 10:30:00+01:00,3843.48
2024-06-11 11:00:00+01:00,3853.28
2024-06-11 11:30:00+01:00,3705.33
2024-06-11 12:00:00+01:00,3848.89
2024-06-11 12:30:00+01:00,3803.75
2024-06-11 13:00:00+01:00,3896.99
2024-06-11 13:30:00+01:00,3772.18
2024-06-11 14:00:00+01:00,3788.39
2024-06-11 14:30:00+01:00,3766.07
2024-06-11 15:00:00+01:00,3785.95
2024-06-11 15:30:00+01:00,3793.13
2024-06-11 16:00:00+01:00,3783.14
2024-06-11 16:30:00+01:00,3819.31
2024-06-11 17:00:00+01:00,3969.97
2024-06-11 17:30:00+01:00,4000.87
2024-06-11 18:00:00+01:00,4029.79
2024-06-11 18:30:00+01:00,4013.51
2024-06-11 19:00:00+01:00,3968.33
2024-06-11 19:30:00+01:00,3940.31
2024-06-11 20:00:00+01:00,3900.46
2024-06-11 20:30:00+01:00,3902.88
2024-06-11 21:00:00+01:00,3871.07
2024-06-11 21:30:00+01:00,3810.57
2024-06-11 22:00:00+01:00,3721.65
2024-06-11 22:30:00+01:00,3652.61
2024-06-11 23:00:00+01:00,3509.37
2024-06-11 23:30:00+01:00,3383.59
2024-06-12 00:00:00+01:00,3264.88
2024-06-12 00:30:00+01:00,3185.18
2024-06-12 01:00:00+01:00,3102.55
2024-06-12 01:30:00+01:00,3057.3
2024-06-12 02:00:00+01:00,3008.27
2024-06-12 02:30:00+01:00,3022.58
2024-06-12 03:00:00+01:00,2987.59
2024-06-12 03:30:00+01:00,2970.26
2024-06-12 04:00:00+01:00,2956.7
2024-06-12 04:30:00+01:00,2959.28
2024-06-12 05:00:00+01:00,2930.93
2024-06-12 05:30:00+01:00,2945.64
2024-06-12 06:00:00+01:00,3054.33
2024-06-12 06:30:00+01:00,3245.83
2024-06-12 07:00:00+01:00,3468.67
2024-06-12 07:30:00+01:00,3726.78
2024-06-12 08:00:00+01:00,3885.03
2024-06-12 08:30:00+01:00,3964.44
2024-06-12 09:00:00+01:00,3957.83
2024-06-12 09:30:00+01:00,3935.92
2024-06-12 10:00:00+01:00,3915.69
2024-06-12 10:30:00+01:00,3857.94
2024-06-12 11:00:00+01:00,3802.08
2024-06-12 11:30:00+01:00,3778.88
2024-06-12 12:00:00+01:00,3749.19
2024-06-12 12:30:00+01:00,3778.99
2024-06-12 13:00:00+01:00,3733.93
2024-06-12 13:30:00+01:00,3693.62
2024-06-12 14:00:00+01:00,3642.68
2024-06-12 14:30:00+01:00,3652.77
2024-06-12 15:00:00+01:00,3662.39
2024-06-12 15:30:00+01:00,3686.17
2024-06-12 16:00:00+01:00,3761.78
2024-06-12 16:30:00+01:00,3773.91
2024-06-12 17:00:00+01:00,3869.35
2024-06-12 17:30:00+01:00,3976.39
2024-06-12 18:00:00+01:00,3987.63
2024-06-12 18:30:00+01:00,3985.81
2024-06-12 19:00:00+01:00,3945.01
2024-06-12 19:30:00+01:00,3949.8
2024-06-12 20:00:00+01:00,3920.29
2024-06-12 20:30:00+01:00,3893.54
2024-06-12 21:00:00+01:00,3845.57
2024-06-12 21:30:00+01:00,3775.27
2024-06-12 22:00:00+01:00,3700.61
2024-06-12 22:30:00+01:00,3634.87
2024-06-12 23:00:00+01:00,3472.6
2024-06-12 23:30:00+01:00,3343.83
2024-06-13 00:00:00+01:00,3210.57
2024-06-13 00:30:00+01:00,3140.87
2024-06-13 01:00:00+01:00,3050.98
2024-06-13 01:30:00+01:00,3026.47
2024-06-13 02:00:00+01:00,2991.06
2024-06-13 02:30:00+01:00,3016.31
2024-06-13 03:00:00+01:00,2950.3
2024-06-13 03:30:00+01:00,2926.04
2024-06-13 04:00:00+01:00,2907.45
2024-06-13 04:30:00+01:00,2875.91
2024-06-13 05:00:00+01:00,2894.57
2024-06-13 05:30:00+01:00,2949.04
2024-06-13 06:00:00+01:00,3044.0
2024-06-13 06:30:00+01:00,3240.37
2024-06-13 07:00:00+01:00,3464.23
2024-06-13 07:30:00+01:00,3762.28
2024-06-13 08:00:00+01:00,3950.27
2024-06-13 08:30:00+01:00,4103.05
2024-06-13 09:00:00+01:00,4097.66
2024-06-13 09:30:00+01:00,4127.52
2024-06-13 10:00:00+01:00,4098.16
2024-06-13 10:30:00+01:00,4106.65
2024-06-13 11:00:00+01:00,4114.66
2024-06-13 11:30:00+01:00,4109.99
2024-06-13 12:00:00+01:00,4049.56
2024-06-13 12:30:00+01:00,4111.15
2024-06-13 13:00:00+01:00,4067.61
2024-06-13 13:30:00+01:00,3976.48
2024-06-13 14:00:00+01:00,3932.2
2024-06-13 14:30:00+01:00,3866.64
2024-06-13 15:00:00+01:00,3902.69
2024-06-13 15:30:00+01:00,3849.58
2024-06-13 16:00:00+01:00,3907.41
2024-06-13 16:30:00+01:00,3943.32
2024-06-13 17:00:00+01:00,3959.1
2024-06-13 17:30:00+01:00,4025.52
2024-06-13 18:00:00+01:00,4020.95
2024-06-13 18:30:00+01:00,3987.33
2024-06-13 19:00:00+01:00,3976.07
2024-06-13 19:30:00+01:00,3944.02
2024-06-13 20:00:00+01:00,3898.16
2024-06-13 20:30:00+01:00,3871.31
2024-06-13 21:00:00+01:00,3834.83
2024-06-13 21:30:00+01:00,3759.65
2024-06-13 22:00:00+01:00,3665.08
2024-06-13 22:30:00+01:00,3622.7
2024-06-13 23:00:00+01:00,3508.63
2024-06-13 23:30:00+01:00,3377.3
2024-06-14 00:00:00+01:00,3257.07
2024-06-14 00:30:00+01:00,3192.89
2024-06-14 01:00:00+01:00,3115.04
2024-06-14 01:30:00+01:00,3040.18
2024-06-14 02:00:00+01:00,2975.0
2024-06-14 02:30:00+01:00,2988.24
2024-06-14 03:00:00+01:00,2963.74
2024-06-14 03:30:00+01:00,2954.46
2024-06-14 04:00:00+01:00,2929.21
2024-06-14 04:30:00+01:00,2918.19
2024-06-14 05:00:00+01:00,2890.04
2024-06-14 05:30:00+01:00,2909.51
2024-06-14 06:00:00+01:00,3006.77
2024-06-14 06:30:00+01:00,3176.44
2024-06-14 07:00:00+01:00,3393.06
2024-06-14 07:30:00+01:00,3625.85
2024-06-14 08:00:00+01:00,3778.56
2024-06-14 08:30:00+01:00,3857.38
2024-06-14 09:00:00+01:00,3846.63
2024-06-14 09:30:00+01:00,3777.13
2024-06-14 10:00:00+01:00,3836.49
2024-06-14 10:30:00+01:00,3750.69
2024-06-14 11:00:00+01:00,3736.49
2024-06-14 11:30:00+01:00,3783.01
2024-06-14 12:00:00+01:00,3706.56
2024-06-14 12:30:00+01:00,3787.07
2024-06-14 13:00:00+01:00,3728.8
2024-06-14 13:30:00+01:00,3633.19
2024-06-14 14:00:00+01:00,3689.48
2024-06-14 14:30:00+01:00,3626.85
2024-06-14 15:00:00+01:00,3654.86
2024-06-14 15:30:00+01:00,3682.8
2024-06-14 16:00:00+01:00,3634.75
2024-06-14 16:30:00+01:00,3745.63
2024-06-14 17:00:00+01:00,3756.93
2024-06-14 17:30:00+01:00,3848.48
2024-06-14 18:00:00+01:00,3854.43
2024-06-14 18:30:00+01:00,3853.26
2024-06-14 19:00:00+01:00,3814.87
2024-06-14 19:30:00+01:00,3785.25
2024-06-14 20:00:00+01:00,3767.51
2024-06-14 20:30:00+01:00,3750.08
2024-06-14 21:00:00+01:00,3733.62
2024-06-14 21:30:00+01:00,3636.7
2024-06-14 22:00:00+01:00,3558.29
2024-06-14 22:30:00+01:00,3548.39
2024-06-14 23:00:00+01:00,3436.71
2024-06-14 23:30:00+01:00,3338.1
2024-06-15 00:00:00+01:00,3228.24
2024-06-15 00:30:00+01:00,3167.09
2024-06-15 01:00:00+01:00,3057.2
2024-06-15 01:30:00+01:00,2993.4
2024-06-15 02:00:00+01:00,2960.27
2024-06-15 02:30:00+01:00,3001.63
2024-06-15 03:00:00+01:00,2949.42
2024-06-15 03:30:00+01:00,2939.17
2024-06-15 04:00:00+01:00,2878.76
2024-06-15 04:30:00+01:00,2874.61
2024-06-15 05:00:00+01:00,2834.58
2024-06-15 05:30:00+01:00,2802.74
2024-06-15 06:00:00+01:00,2836.39
2024-06-15 06:30:00+01:00,2896.38
2024-06-15 07:00:00+01:00,2977.53
2024-06-15 07:30:00+01:00,3097.11
2024-06-15 08:00:00+01:00,3198.78
2024-06-15 08:30:00+01:00,3345.02
2024-06-15 09:00:00+01:00,3423.89
2024-06-15 09:30:00+01:00,3547.24
2024-06-15 10:00:00+01:00,3597.06
2024-06-15 10:30:00+01:00,3619.51
2024-06-15 11:00:00+01:00,3673.99
2024-06-15 11:30:00+01:00,3667.66
2024-06-15 12:00:00+01:00,3620.96
2024-06-15 12:30:00+01:00,3618.15
2024-06-15 13:00:00+01:00,3531.13
2024-06-15 13:30:00+01:00,3477.9
2024-06-15 14:00:00+01:00,3471.29
2024-06-15 14:30:00+01:00,3447.81
2024-06-15 15:00:00+01:00,3410.81
2024-06-15 15:30:00+01:00,3404.27
2024-06-15 16:00:00+01:00,3459.34
2024-06-15 16:30:00+01:00,3492.02
2024-06-15 17:00:00+01:00,3542.57
2024-06-15 17:30:00+01:00,3579.26
2024-06-15 18:00:00+01:00,3622.42
2024-06-15 18:30:00+01:00,3628.97
2024-06-15 19:00:00+01:00,3632.28
2024-06-15 19:30:00+01:00,3596.3
2024-06-15 20:00:00+01:00,3556.0
2024-06-15 20:30:00+01:00,3519.18
2024-06-15 21:00:00+01:00,3480.02
2024-06-15 21:30:00+01:00,3402.17
2024-06-15 22:00:00+01:00,3365.94
2024-06-15 22:30:00+01:00,3354.04
2024-06-15 23:00:00+01:00,3268.71
2024-06-15 23:30:00+01:00,3191.3
2024-06-16 00:00:00+01:00,3103.31
2024-06-16 00:30:00+01:00,3059.88
2024-06-16 01:00:00+01:00,2988.64
2024-06-16 01:30:00+01:00,2928.22
2024-06-16 02:00:00+01:00,2872.9
2024-06-16 02:30:00+01:00,2869.9
2024-06-16 03:00:00+01:00,2830.34
2024-06-16 03:30:00+01:00,2797.09
2024-06-16 04:00:00+01:00,2781.44
2024-06-16 04:30:00+01:00,2758.51
2024-06-16 05:00:00+01:00,2714.87
2024-06-16 05:30:00+01:00,2693.53
2024-06-16 06:00:00+01:00,2707.15
2024-06-16 06:30:00+01:00,2753.86
2024-06-16 07:00:00+01:00,2799.08
2024-06-16 07:30:00+01:00,2872.6
2024-06-16 08:00:00+01:00,2958.95
2024-06-16 08:30:00+01:00,3051.56
2024-06-16 09:00:00+01:00,3124.57
2024-06-16 09:30:00+01:00,3185.87
2024-06-16 10:00:00+01:00,3242.36
2024-06-16 10:30:00+01:00,3300.12
2024-06-16 11:00:00+01:00,3302.58
2024-06-16 11:30:00+01:00,3361.93
2024-06-16 12:00:00+01:00,3288.63
2024-06-16 12:30:00+01:00,3312.26
2024-06-16 13:00:00+01:00,3297.29
2024-06-16 13:30:00+01:00,3310.67
2024-06-16 14:00:00+01:00,3243.05
2024-06-16 14:30:00+01:00,3252.1
2024-06-16 15:00:00+01:00,3201.51
2024-06-16 15:30:00+01:00,3176.51
2024-06-16 16:00:00+01:00,3218.31
2024-06-16 16:30:00+01:00,3274.53
2024-06-16 17:00:00+01:00,3338.65
2024-06-16 17:30:00+01:00,3440.99
2024-06-16 18:00:00+01:00,3539.34
2024-06-16 18:30:00+01:00,3584.31
2024-06-16 19:00:00+01:00,3591.69
2024-06-16 19:30:00+01:00,3597.6
2024-06-16 20:00:00+01:00,3554.77
2024-06-16 20:30:00+01:00,3547.95
2024-06-16 21:00:00+01:00,3513.36
2024-06-16 21:30:00+01:00,3428.91
2024-06-16 22:00:00+01:00,3381.21
2024-06-16 22:30:00+01:00,3338.34
2024-06-16 23:00:00+01:00,3235.5
2024-06-16 23:30:00+01:00,3115.35
2024-06-17 00:00:00+01:00,3011.74
2024-06-17 00:30:00+01:00,2949.38
2024-06-17 01:00:00+01:00,2877.25
2024-06-17 01:30:00+01:00,2840.46
2024-06-17 02:00:00+01:00,2809.61
2024-06-17 02:30:00+01:00,2835.4
2024-06-17 03:00:00+01:00,2800.99
2024-06-17 03:30:00+01:00,2773.46
2024-06-17 04:00:00+01:00,2759.02
2024-06-17 04:30:00+01:00,2760.36
2024-06-17 05:00:00+01:00,2737.69
2024-06-17 05:30:00+01:00,2752.68
2024-06-17 06:00:00+01:00,2866.36
2024-06-17 06:30:00+01:00,3052.7
2024-06-17 07:00:00+01:00,3263.45
2024-06-17 07:30:00+01:00,3499.92
2024-06-17 08:00:00+01:00,3712.09
2024-06-17 08:30:00+01:00,3839.91
2024-06-17 09:00:00+01:00,3890.78
2024-06-17 09:30:00+01:00,3907.41
2024-06-17 10:00:00+01:00,3848.81
2024-06-17 10:30:00+01:00,3898.76
2024-06-17 11:00:00+01:00,3871.45
2024-06-17 11:30:00+01:00,3815.66
2024-06-17 12:00:00+01:00,3828.32
2024-06-17 12:30:00+01:00,3839.36
2024-06-17 13:00:00+01:00,3849.04
2024-06-17 13:30:00+01:00,3848.02
2024-06-17 14:00:00+01:00,3817.72
2024-06-17 14:30:00+01:00,3846.41
2024-06-17 15:00:00+01:00,3842.85
2024-06-17 15:30:00+01:00,3845.06
2024-06-17 16:00:00+01:00,3912.5
2024-06-17 16:30:00+01:00,3927.49
2024-06-17 17:00:00+01:00,4034.14
2024-06-17 17:30:00+01:00,4118.51
2024-06-17 18:00:00+01:00,4119.98
2024-06-17 18:30:00+01:00,4065.12
2024-06-17 19:00:00+01:00,4003.64
2024-06-17 19:30:00+01:00,3972.3
2024-06-17 20:00:00+01:00,3906.68
2024-06-17 20:30:00+01:00,3871.75
2024-06-17 21:00:00+01:00,3840.42
2024-06-17 21:30:00+01:00,3749.29
2024-06-17 22:00:00+01:00,3668.23
2024-06-17 22:30:00+01:00,3592.74
2024-06-17 23:00:00+01:00,3446.74
2024-06-17 23:30:00+01:00,3310.12
2024-06-18 00:00:00+01:00,3175.98
2024-06-18 00:30:00+01:00,3096.43
2024-06-18 01:00:00+01:00,3013.0
2024-06-18 01:30:00+01:00,2960.86
2024-06-18 02:00:00+01:00,2920.11
2024-06-18 02:30:00+01:00,2925.93
2024-06-18 03:00:00+01:00,3005.34
2024-06-18 03:30:00+01:00,2995.14
2024-06-18 04:00:00+01:00,2911.75
2024-06-18 04:30:00+01:00,2884.69
2024-06-18 05:00:00+01:00,2863.7
2024-06-18 05:30:00+01:00,2871.14
2024-06-18 06:00:00+01:00,2977.47
2024-06-18 06:30:00+01:00,3141.02
2024-06-18 07:00:00+01:00,3359.59
2024-06-18 07:30:00+01:00,3627.45
2024-06-18 08:00:00+01:00,3788.21
2024-06-18 08:30:00+01:00,3875.49
2024-06-18 09:00:00+01:00,3897.23
2024-06-18 09:30:00+01:00,3898.69
2024-06-18 10:00:00+01:00,3864.51
2024-06-18 10:30:00+01:00,3891.47
2024-06-18 11:00:00+01:00,3840.77
2024-06-18 11:30:00+01:00,3824.17
2024-06-18 12:00:00+01:00,3832.83
2024-06-18 12:30:00+01:00,3778.3
2024-06-18 13:00:00+01:00,3754.84
2024-06-18 13:30:00+01:00,3699.11
2024-06-18 14:00:00+01:00,3702.79
2024-06-18 14:30:00+01:00,3728.06
2024-06-18 15:00:00+01:00,3684.45
2024-06-18 15:30:00+01:00,3713.5
2024-06-18 16:00:00+01:00,3743.6
2024-06-18 16:30:00+01:00,3814.92
2024-06-18 17:00:00+01:00,3890.24
2024-06-18 17:30:00+01:00,3932.33
2024-06-18 18:00:00+01:00,3983.33
2024-06-18 18:30:00+01:00,3936.38
2024-06-18 19:00:00+01:00,3924.0
2024-06-18 19:30:00+01:00,3916.77
2024-06-18 20:00:00+01:00,3885.99
2024-06-18 20:30:00+01:00,3826.03
2024-06-18 21:00:00+01:00,3816.23
2024-06-18 21:30:00+01:00,3717.75
2024-06-18 22:00:00+01:00,3649.99
2024-06-18 22:30:00+01:00,3605.06
2024-06-18 23:00:00+01:00,3469.64
2024-06-18 23:30:00+01:00,3326.51
2024-06-19 00:00:00+01:00,3197.72
2024-06-19 00:30:00+01:00,3144.06
2024-06-19 01:00:00+01:00,3060.04
2024-06-19 01:30:00+01:00,3000.15
2024-06-19 02:00:00+01:00,2973.86
2024-06-19 02:30:00+01:00,2989.16
2024-06-19 03:00:00+01:00,2969.38
2024-06-19 03:30:00+01:00,2938.66
2024-06-19 04:00:00+01:00,2932.59
2024-06-19 04:30:00+01:00,2936.94
2024-06-19 05:00:00+01:00,2898.12
2024-06-19 05:30:00+01:00,2932.53
2024-06-19 06:00:00+01:00,3050.72
2024-06-19 06:30:00+01:00,3221.34
2024-06-19 07:00:00+01:00,3434.5
2024-06-19 07:30:00+01:00,3700.84
2024-06-19 08:00:00+01:00,3842.01
2024-06-19 08:30:00+01:00,3920.7
2024-06-19 09:00:00+01:00,3859.12
2024-06-19 09:30:00+01:00,3871.77
2024-06-19 10:00:00+01:00,3803.21
2024-06-19 10:30:00+01:00,3745.05
2024-06-19 11:00:00+01:00,3724.21
2024-06-19 11:30:00+01:00,3704.0
2024-06-19 12:00:00+01:00,3691.22
2024-06-19 12:30:00+01:00,3676.25
2024-06-19 13:00:00+01:00,3638.12
2024-06-19 13:30:00+01:00,3579.38
2024-06-19 14:00:00+01:00,3568.58
2024-06-19 14:30:00+01:00,3575.4
2024-06-19 15:00:00+01:00,3612.12
2024-06-19 15:30:00+01:00,3621.63
2024-06-19 16:00:00+01:00,3622.19
2024-06-19 16:30:00+01:00,3688.33
2024-06-19 17:00:00+01:00,3762.83
2024-06-19 17:30:00+01:00,3860.93
2024-06-19 18:00:00+01:00,3925.57
2024-06-19 18:30:00+01:00,3914.47
2024-06-19 19:00:00+01:00,3860.62
2024-06-19 19:30:00+01:00,3879.41
2024-06-19 20:00:00+01:00,3882.41
2024-06-19 20:30:00+01:00,3905.83
2024-06-19 21:00:00+01:00,3889.47
2024-06-19 21:30:00+01:00,3790.0
2024-06-19 22:00:00+01:00,3692.64
2024-06-19 22:30:00+01:00,3663.16
2024-06-19 23:00:00+01:00,3535.54
2024-06-19 23:30:00+01:00,3382.29
2024-06-20 00:00:00+01:00,3248.75
2024-06-20 00:30:00+01:00,3178.24
2024-06-20 01:00:00+01:00,3103.01
2024-06-20 01:30:00+01:00,3039.93
2024-06-20 02:00:00+01:00,2975.48
2024-06-20 02:30:00+01:00,3011.7
2024-06-20 03:00:00+01:00,2967.61
2024-06-20 03:30:00+01:00,2938.62
2024-06-20 04:00:00+01:00,2916.95
2024-06-20 04:30:00+01:00,2907.64
2024-06-20 05:00:00+01:00,2888.61
2024-06-20 05:30:00+01:00,2912.1
2024-06-20 06:00:00+01:00,3016.94
2024-06-20 06:30:00+01:00,3195.81
2024-06-20 07:00:00+01:00,3416.1
2024-06-20 07:30:00+01:00,3664.07
2024-06-20 08:00:00+01:00,3821.52
2024-06-20 08:30:00+01:00,3931.88
2024-06-20 09:00:00+01:00,3908.29
2024-06-20 09:30:00+01:00,3934.85
2024-06-20 10:00:00+01:00,3888.43
2024-06-20 10:30:00+01:00,3821.84
2024-06-20 11:00:00+01:00,3814.94
2024-06-20 11:30:00+01:00,3694.73
2024-06-20 12:00:00+01:00,3663.37
2024-06-20 12:30:00+01:00,3648.73
2024-06-20 13:00:00+01:00,3655.56
2024-06-20 13:30:00+01:00,3703.57
2024-06-20 14:00:00+01:00,3677.1
2024-06-20 14:30:00+01:00,3679.74
2024-06-20 15:00:00+01:00,3717.49
2024-06-20 15:30:00+01:00,3713.51
2024-06-20 16:00:00+01:00,3739.73
2024-06-20 16:30:00+01:00,3776.82
2024-06-20 17:00:00+01:00,3874.04
2024-06-20 17:30:00+01:00,3952.56
2024-06-20 18:00:00+01:00,3950.95
2024-06-20 18:30:00+01:00,3940.8
2024-06-20 19:00:00+01:00,3969.5
2024-06-20 19:30:00+01:00,3989.88
2024-06-20 20:00:00+01:00,3978.26
2024-06-20 20:30:00+01:00,3938.03
2024-06-20 21:00:00+01:00,3889.85
2024-06-20 21:30:00+01:00,3785.85
2024-06-20 22:00:00+01:00,3722.41
2024-06-20 22:30:00+01:00,3662.1
2024-06-20 23:00:00+01:00,3486.19
2024-06-20 23:30:00+01:00,3360.32
2024-06-21 00:00:00+01:00,3246.7
2024-06-21 00:30:00+01:00,3159.1
2024-06-21 01:00:00+01:00,3096.09
2024-06-21 01:30:00+01:00,3023.13
2024-06-21 02:00:00+01:00,2971.19
2024-06-21 02:30:00+01:00,2996.17
2024-06-21 03:00:00+01:00,2963.75
2024-06-21 03:30:00+01:00,2944.47
2024-06-21 04:00:00+01:00,2932.56
2024-06-21 04:30:00+01:00,2926.14
2024-06-21 05:00:00+01:00,2894.36
2024-06-21 05:30:00+01:00,2945.36
2024-06-21 06:00:00+01:00,3062.95
2024-06-21 06:30:00+01:00,3186.07
2024-06-21 07:00:00+01:00,3399.53
2024-06-21 07:30:00+01:00,3653.44
2024-06-21 08:00:00+01:00,3811.05
2024-06-21 08:30:00+01:00,3915.36
2024-06-21 09:00:00+01:00,3915.62
2024-06-21 09:30:00+01:00,3960.86
2024-06-21 10:00:00+01:00,3940.36
2024-06-21 10:30:00+01:00,3973.84
2024-06-21 11:00:00+01:00,3943.56
2024-06-21 11:30:00+01:00,3936.59
2024-06-21 12:00:00+01:00,3972.48
2024-06-21 12:30:00+01:00,4040.84
2024-06-21 13:00:00+01:00,4032.25
2024-06-21 13:30:00+01:00,4042.28
2024-06-21 14:00:00+01:00,4001.88
2024-06-21 14:30:00+01:00,3992.89
2024-06-21 15:00:00+01:00,3919.27
2024-06-21 15:30:00+01:00,3936.58
2024-06-21 16:00:00+01:00,3907.3
2024-06-21 16:30:00+01:00,3850.56
2024-06-21 17:00:00+01:00,3938.56
2024-06-21 17:30:00+01:00,3951.38
2024-06-21 18:00:00+01:00,3958.81
2024-06-21 18:30:00+01:00,3899.63
2024-06-21 19:00:00+01:00,3875.84
2024-06-21 19:30:00+01:00,3843.61
2024-06-21 20:00:00+01:00,3777.64
2024-06-21 20:30:00+01:00,3714.69
2024-06-21 21:00:00+01:00,3697.37
2024-06-21 21:30:00+01:00,3594.14
2024-06-21 22:00:00+01:00,3538.16
2024-06-21 22:30:00+01:00,3538.15
2024-06-21 23:00:00+01:00,3443.13
2024-06-21 23:30:00+01:00,3329.75
2024-06-22 00:00:00+01:00,3227.02
2024-06-22 00:30:00+01:00,3166.81
2024-06-22 01:00:00+01:00,3077.42
2024-06-22 01:30:00+01:00,3034.82
2024-06-22 02:00:00+01:00,2976.03
2024-06-22 02:30:00+01:00,2977.88
2024-06-22 03:00:00+01:00,2943.79
2024-06-22 03:30:00+01:00,2930.0
2024-06-22 04:00:00+01:00,2923.83
2024-06-22 04:30:00+01:00,2921.36
2024-06-22 05:00:00+01:00,2870.18
2024-06-22 05:30:00+01:00,2829.15
2024-06-22 06:00:00+01:00,2858.06
2024-06-22 06:30:00+01:00,2941.05
2024-06-22 07:00:00+01:00,3014.33
2024-06-22 07:30:00+01:00,3129.85
2024-06-22 08:00:00+01:00,3230.71
2024-06-22 08:30:00+01:00,3363.09
2024-06-22 09:00:00+01:00,3438.25
2024-06-22 09:30:00+01:00,3550.38
2024-06-22 10:00:00+01:00,3549.23
2024-06-22 10:30:00+01:00,3571.39
2024-06-22 11:00:00+01:00,3531.79
2024-06-22 11:30:00+01:00,3521.7
2024-06-22 12:00:00+01:00,3451.58
2024-06-22 12:30:00+01:00,3473.79
2024-06-22 13:00:00+01:00,3448.96
2024-06-22 13:30:00+01:00,3429.04
2024-06-22 14:00:00+01:00,3442.88
2024-06-22 14:30:00+01:00,3450.89
2024-06-22 15:00:00+01:00,3425.64
2024-06-22 15:30:00+01:00,3477.17
2024-06-22 16:00:00+01:00,3506.3
2024-06-22 16:30:00+01:00,3572.22
2024-06-22 17:00:00+01:00,3638.46
2024-06-22 17:30:00+01:00,3699.31
2024-06-22 18:00:00+01:00,3771.61
2024-06-22 18:30:00+01:00,3767.5
2024-06-22 19:00:00+01:00,3742.57
2024-06-22 19:30:00+01:00,3699.69
2024-06-22 20:00:00+01:00,3632.5
2024-06-22 20:30:00+01:00,3584.15
2024-06-22 21:00:00+01:00,3532.07
2024-06-22 21:30:00+01:00,3464.02
2024-06-22 22:00:00+01:00,3419.69
2024-06-22 22:30:00+01:00,3387.91
2024-06-22 23:00:00+01:00,3300.2
2024-06-22 23:30:00+01:00,3209.12
2024-06-23 00:00:00+01:00,3136.89
2024-06-23 00:30:00+01:00,3087.39
2024-06-23 01:00:00+01:00,3025.88
2024-06-23 01:30:00+01:00,2959.11
2024-06-23 02:00:00+01:00,2911.74
2024-06-23 02:30:00+01:00,2910.49
2024-06-23 03:00:00+01:00,2850.56
2024-06-23 03:30:00+01:00,2823.33
2024-06-23 04:00:00+01:00,2801.27
2024-06-23 04:30:00+01:00,2787.82
2024-06-23 05:00:00+01:00,2741.72
2024-06-23 05:30:00+01:00,2707.75
2024-06-23 06:00:00+01:00,2729.78
2024-06-23 06:30:00+01:00,2774.69
2024-06-23 07:00:00+01:00,2836.31
2024-06-23 07:30:00+01:00,2914.54
2024-06-23 08:00:00+01:00,2991.68
2024-06-23 08:30:00+01:00,3103.33
2024-06-23 09:00:00+01:00,3209.38
2024-06-23 09:30:00+01:00,3254.31
2024-06-23 10:00:00+01:00,3292.11
2024-06-23 10:30:00+01:00,3303.36
2024-06-23 11:00:00+01:00,3291.28
2024-06-23 11:30:00+01:00,3269.26
2024-06-23 12:00:00+01:00,3248.84
2024-06-23 12:30:00+01:00,3234.71
2024-06-23 13:00:00+01:00,3226.73
2024-06-23 13:30:00+01:00,3173.01
2024-06-23 14:00:00+01:00,3121.07
2024-06-23 14:30:00+01:00,3089.78
2024-06-23 15:00:00+01:00,3059.95
2024-06-23 15:30:00+01:00,3049.23
2024-06-23 16:00:00+01:00,3081.41
2024-06-23 16:30:00+01:00,3142.68
2024-06-23 17:00:00+01:00,3239.0
2024-06-23 17:30:00+01:00,3352.07
2024-06-23 18:00:00+01:00,3458.75
2024-06-23 18:30:00+01:00,3526.35
2024-06-23 19:00:00+01:00,3556.75
2024-06-23 19:30:00+01:00,3592.84
2024-06-23 20:00:00+01:00,3587.56
2024-06-23 20:30:00+01:00,3565.42
2024-06-23 21:00:00+01:00,3549.79
2024-06-23 21:30:00+01:00,3472.29
2024-06-23 22:00:00+01:00,3404.61
2024-06-23 22:30:00+01:00,3431.82
2024-06-23 23:00:00+01:00,3313.63
2024-06-23 23:30:00+01:00,3194.54
2024-06-24 00:00:00+01:00,3090.46
2024-06-24 00:30:00+01:00,3018.84
2024-06-24 01:00:00+01:00,2951.68
2024-06-24 01:30:00+01:00,2898.39
2024-06-24 02:00:00+01:00,2850.43
2024-06-24 02:30:00+01:00,2868.17
2024-06-24 03:00:00+01:00,2829.58
2024-06-24 03:30:00+01:00,2827.75
2024-06-24 04:00:00+01:00,2819.83
2024-06-24 04:30:00+01:00,2799.22
2024-06-24 05:00:00+01:00,2786.43
2024-06-24 05:30:00+01:00,2834.43
2024-06-24 06:00:00+01:00,2923.42
2024-06-24 06:30:00+01:00,3093.77
2024-06-24 07:00:00+01:00,3336.1
2024-06-24 07:30:00+01:00,3616.48
2024-06-24 08:00:00+01:00,3806.53
2024-06-24 08:30:00+01:00,3949.48
2024-06-24 09:00:00+01:00,3993.19
2024-06-24 09:30:00+01:00,4000.8
2024-06-24 10:00:00+01:00,3969.03
2024-06-24 10:30:00+01:00,3942.53
2024-06-24 11:00:00+01:00,3919.49
2024-06-24 11:30:00+01:00,3910.36
2024-06-24 12:00:00+01:00,3909.21
2024-06-24 12:30:00+01:00,3874.5
2024-06-24 13:00:00+01:00,3857.57
2024-06-24 13:30:00+01:00,3810.67
2024-06-24 14:00:00+01:00,3808.32
2024-06-24 14:30:00+01:00,3816.41
2024-06-24 15:00:00+01:00,3829.36
2024-06-24 15:30:00+01:00,3871.49
2024-06-24 16:00:00+01:00,3883.31
2024-06-24 16:30:00+01:00,3962.96
2024-06-24 17:00:00+01:00,4052.23
2024-06-24 17:30:00+01:00,4142.37
2024-06-24 18:00:00+01:00,4137.46
2024-06-24 18:30:00+01:00,4104.27
2024-06-24 19:00:00+01:00,4032.02
2024-06-24 19:30:00+01:00,3978.82
2024-06-24 20:00:00+01:00,3931.96
2024-06-24 20:30:00+01:00,3895.29
2024-06-24 21:00:00+01:00,3891.56
2024-06-24 21:30:00+01:00,3796.85
2024-06-24 22:00:00+01:00,3698.19
2024-06-24 22:30:00+01:00,3693.67
2024-06-24 23:00:00+01:00,3541.94
2024-06-24 23:30:00+01:00,3413.57
2024-06-25 00:00:00+01:00,3293.75
2024-06-25 00:30:00+01:00,3222.35
2024-06-25 01:00:00+01:00,3147.67
2024-06-25 01:30:00+01:00,3101.28
2024-06-25 02:00:00+01:00,3057.87
2024-06-25 02:30:00+01:00,3067.28
2024-06-25 03:00:00+01:00,3047.9
2024-06-25 03:30:00+01:00,3028.75
2024-06-25 04:00:00+01:00,3013.45
2024-06-25 04:30:00+01:00,3014.82
2024-06-25 05:00:00+01:00,2951.63
2024-06-25 05:30:00+01:00,2953.76
2024-06-25 06:00:00+01:00,3047.33
2024-06-25 06:30:00+01:00,3243.04
2024-06-25 07:00:00+01:00,3461.02
2024-06-25 07:30:00+01:00,3731.37
2024-06-25 08:00:00+01:00,3929.97
2024-06-25 08:30:00+01:00,4066.68
2024-06-25 09:00:00+01:00,4104.92
2024-06-25 09:30:00+01:00,4120.81
2024-06-25 10:00:00+01:00,4087.31
2024-06-25 10:30:00+01:00,4052.31
2024-06-25 11:00:00+01:00,4037.5
2024-06-25 11:30:00+01:00,3993.76
2024-06-25 12:00:00+01:00,3991.66
2024-06-25 12:30:00+01:00,4038.04
2024-06-25 13:00:00+01:00,4046.05
2024-06-25 13:30:00+01:00,3975.44
2024-06-25 14:00:00+01:00,3941.17
2024-06-25 14:30:00+01:00,3954.18
2024-06-25 15:00:00+01:00,4013.6
2024-06-25 15:30:00+01:00,4045.36
2024-06-25 16:00:00+01:00,4076.01
2024-06-25 16:30:00+01:00,4131.04
2024-06-25 17:00:00+01:00,4194.04
2024-06-25 17:30:00+01:00,4232.56
2024-06-25 18:00:00+01:00,4227.18
2024-06-25 18:30:00+01:00,4120.44
2024-06-25 19:00:00+01:00,4046.73
2024-06-25 19:30:00+01:00,4015.76
2024-06-25 20:00:00+01:00,3949.21
2024-06-25 20:30:00+01:00,3891.84
2024-06-25 21:00:00+01:00,3861.24
2024-06-25 21:30:00+01:00,3790.63
2024-06-25 22:00:00+01:00,3714.45
2024-06-25 22:30:00+01:00,3695.9
2024-06-25 23:00:00+01:00,3558.78
2024-06-25 23:30:00+01:00,3422.67
2024-06-26 00:00:00+01:00,3304.39
2024-06-26 00:30:00+01:00,3228.2
2024-06-26 01:00:00+01:00,3133.31
2024-06-26 01:30:00+01:00,3076.95
2024-06-26 02:00:00+01:00,3026.2
2024-06-26 02:30:00+01:00,3039.55
2024-06-26 03:00:00+01:00,3004.22
2024-06-26 03:30:00+01:00,2975.67
2024-06-26 04:00:00+01:00,2981.08
2024-06-26 04:30:00+01:00,2975.96
2024-06-26 05:00:00+01:00,2928.07
2024-06-26 05:30:00+01:00,2937.91
2024-06-26 06:00:00+01:00,3040.85
2024-06-26 06:30:00+01:00,3210.57
2024-06-26 07:00:00+01:00,3394.42
2024-06-26 07:30:00+01:00,3646.5
2024-06-26 08:00:00+01:00,3819.18
2024-06-26 08:30:00+01:00,3921.22
2024-06-26 09:00:00+01:00,3908.04
2024-06-26 09:30:00+01:00,3936.74
2024-06-26 10:00:00+01:00,3988.26
2024-06-26 10:30:00+01:00,3868.84
2024-06-26 11:00:00+01:00,3950.87
2024-06-26 11:30:00+01:00,3936.94
2024-06-26 12:00:00+01:00,3918.94
2024-06-26 12:30:00+01:00,3955.73
2024-06-26 13:00:00+01:00,3961.32
2024-06-26 13:30:00+01:00,3929.63
2024-06-26 14:00:00+01:00,3926.41
2024-06-26 14:30:00+01:00,3936.94
2024-06-26 15:00:00+01:00,3954.96
2024-06-26 15:30:00+01:00,3992.8
2024-06-26 16:00:00+01:00,4055.77
2024-06-26 16:30:00+01:00,4128.63
2024-06-26 17:00:00+01:00,4197.16
2024-06-26 17:30:00+01:00,4209.8
2024-06-26 18:00:00+01:00,4191.3
2024-06-26 18:30:00+01:00,4089.02
2024-06-26 19:00:00+01:00,4019.32
2024-06-26 19:30:00+01:00,3954.83
2024-06-26 20:00:00+01:00,3885.84
2024-06-26 20:30:00+01:00,3806.41
2024-06-26 21:00:00+01:00,3775.37
2024-06-26 21:30:00+01:00,3645.93
2024-06-26 22:00:00+01:00,3547.57
2024-06-26 22:30:00+01:00,3542.25
2024-06-26 23:00:00+01:00,3415.2
2024-06-26 23:30:00+01:00,3275.44
2024-06-27 00:00:00+01:00,3171.31
2024-06-27 00:30:00+01:00,3118.87
2024-06-27 01:00:00+01:00,3003.17
2024-06-27 01:30:00+01:00,2955.4
2024-06-27 02:00:00+01:00,2922.05
2024-06-27 02:30:00+01:00,2940.45
2024-06-27 03:00:00+01:00,2901.03
2024-06-27 03:30:00+01:00,2875.06
2024-06-27 04:00:00+01:00,2852.24
2024-06-27 04:30:00+01:00,2839.64
2024-06-27 05:00:00+01:00,2854.44
2024-06-27 05:30:00+01:00,2879.27
2024-06-27 06:00:00+01:00,2980.87
2024-06-27 06:30:00+01:00,3125.27
2024-06-27 07:00:00+01:00,3304.56
2024-06-27 07:30:00+01:00,3554.77
2024-06-27 08:00:00+01:00,3730.93
2024-06-27 08:30:00+01:00,3840.16
2024-06-27 09:00:00+01:00,3886.36
2024-06-27 09:30:00+01:00,3941.2
2024-06-27 10:00:00+01:00,3904.71
2024-06-27 10:30:00+01:00,3854.91
2024-06-27 11:00:00+01:00,3866.66
2024-06-27 11:30:00+01:00,3889.0
2024-06-27 12:00:00+01:00,3861.45
2024-06-27 12:30:00+01:00,3889.38
2024-06-27 13:00:00+01:00,3887.85
2024-06-27 13:30:00+01:00,3843.45
2024-06-27 14:00:00+01:00,3806.02
2024-06-27 14:30:00+01:00,3841.84
2024-06-27 15:00:00+01:00,3854.26
2024-06-27 15:30:00+01:00,3885.54
2024-06-27 16:00:00+01:00,3894.88
2024-06-27 16:30:00+01:00,3930.59
2024-06-27 17:00:00+01:00,3988.37
2024-06-27 17:30:00+01:00,4066.78
2024-06-27 18:00:00+01:00,4093.66
2024-06-27 18:30:00+01:00,4041.5
2024-06-27 19:00:00+01:00,3973.27
2024-06-27 19:30:00+01:00,3955.31
2024-06-27 20:00:00+01:00,3893.55
2024-06-27 20:30:00+01:00,3832.42
2024-06-27 21:00:00+01:00,3780.83
2024-06-27 21:30:00+01:00,3680.45
2024-06-27 22:00:00+01:00,3603.29
2024-06-27 22:30:00+01:00,3537.84
2024-06-27 23:00:00+01:00,3413.03
2024-06-27 23:30:00+01:00,3302.08
2024-06-28 00:00:00+01:00,3175.02
2024-06-28 00:30:00+01:00,3124.02
2024-06-28 01:00:00+01:00,3033.07
2024-06-28 01:30:00+01:00,2990.95
2024-06-28 02:00:00+01:00,2925.19
2024-06-28 02:30:00+01:00,2903.27
2024-06-28 03:00:00+01:00,2871.56
2024-06-28 03:30:00+01:00,2860.8
2024-06-28 04:00:00+01:00,2836.37
2024-06-28 04:30:00+01:00,2857.37
2024-06-28 05:00:00+01:00,2828.29
2024-06-28 05:30:00+01:00,2878.09
2024-06-28 06:00:00+01:00,2991.09
2024-06-28 06:30:00+01:00,3147.3
2024-06-28 07:00:00+01:00,3351.18
2024-06-28 07:30:00+01:00,3623.14
2024-06-28 08:00:00+01:00,3800.99
2024-06-28 08:30:00+01:00,3944.3
2024-06-28 09:00:00+01:00,3989.85
2024-06-28 09:30:00+01:00,4057.34
2024-06-28 10:00:00+01:00,3974.24
2024-06-28 10:30:00+01:00,3955.6
2024-06-28 11:00:00+01:00,3954.49
2024-06-28 11:30:00+01:00,3948.2
2024-06-28 12:00:00+01:00,3910.57
2024-06-28 12:30:00+01:00,3890.05
2024-06-28 13:00:00+01:00,3895.71
2024-06-28 13:30:00+01:00,3829.89
2024-06-28 14:00:00+01:00,3812.71
2024-06-28 14:30:00+01:00,3770.22
2024-06-28 15:00:00+01:00,3746.29
2024-06-28 15:30:00+01:00,3773.24
2024-06-28 16:00:00+01:00,3777.94
2024-06-28 16:30:00+01:00,3817.73
2024-06-28 17:00:00+01:00,3893.72
2024-06-28 17:30:00+01:00,3931.84
2024-06-28 18:00:00+01:00,3940.82
2024-06-28 18:30:00+01:00,3937.53
2024-06-28 19:00:00+01:00,3896.7
2024-06-28 19:30:00+01:00,3871.63
2024-06-28 20:00:00+01:00,3824.96
2024-06-28 20:30:00+01:00,3795.74
2024-06-28 21:00:00+01:00,3730.7
2024-06-28 21:30:00+01:00,3651.2
2024-06-28 22:00:00+01:00,3592.14
2024-06-28 22:30:00+01:00,3560.72
2024-06-28 23:00:00+01:00,3454.34
2024-06-28 23:30:00+01:00,3371.07
2024-06-29 00:00:00+01:00,3262.96
2024-06-29 00:30:00+01:00,3188.6
2024-06-29 01:00:00+01:00,3090.42
2024-06-29 01:30:00+01:00,3037.9
2024-06-29 02:00:00+01:00,2986.56
2024-06-29 02:30:00+01:00,3004.69
2024-06-29 03:00:00+01:00,2951.4
2024-06-29 03:30:00+01:00,2920.76
2024-06-29 04:00:00+01:00,2903.27
2024-06-29 04:30:00+01:00,2898.15
2024-06-29 05:00:00+01:00,2874.31
2024-06-29 05:30:00+01:00,2858.11
2024-06-29 06:00:00+01:00,2883.07
2024-06-29 06:30:00+01:00,2966.51
2024-06-29 07:00:00+01:00,3062.2
2024-06-29 07:30:00+01:00,3189.84
2024-06-29 08:00:00+01:00,3326.97
2024-06-29 08:30:00+01:00,3478.23
2024-06-29 09:00:00+01:00,3583.73
2024-06-29 09:30:00+01:00,3696.75
2024-06-29 10:00:00+01:00,3744.96
2024-06-29 10:30:00+01:00,3754.4
2024-06-29 11:00:00+01:00,3760.09
2024-06-29 11:30:00+01:00,3758.02
2024-06-29 12:00:00+01:00,3757.26
2024-06-29 12:30:00+01:00,3752.61
2024-06-29 13:00:00+01:00,3731.28
2024-06-29 13:30:00+01:00,3702.0
2024-06-29 14:00:00+01:00,3670.68
2024-06-29 14:30:00+01:00,3648.1
2024-06-29 15:00:00+01:00,3610.04
2024-06-29 15:30:00+01:00,3608.5
2024-06-29 16:00:00+01:00,3592.59
2024-06-29 16:30:00+01:00,3633.46
2024-06-29 17:00:00+01:00,3674.09
2024-06-29 17:30:00+01:00,3712.07
2024-06-29 18:00:00+01:00,3727.17
2024-06-29 18:30:00+01:00,3678.49
2024-06-29 19:00:00+01:00,3600.87
2024-06-29 19:30:00+01:00,3521.01
2024-06-29 20:00:00+01:00,3464.91
2024-06-29 20:30:00+01:00,3425.4
2024-06-29 21:00:00+01:00,3394.33
2024-06-29 21:30:00+01:00,3336.06
2024-06-29 22:00:00+01:00,3294.49
2024-06-29 22:30:00+01:00,3310.63
2024-06-29 23:00:00+01:00,3240.97
2024-06-29 23:30:00+01:00,3159.19
2024-06-30 00:00:00+01:00,3110.25
2024-06-30 00:30:00+01:00,3056.84
2024-06-30 01:00:00+01:00,2932.35
2024-06-30 01:30:00+01:00,2887.12
2024-06-30 02:00:00+01:00,2834.24
2024-06-30 02:30:00+01:00,2843.7
2024-06-30 03:00:00+01:00,2790.18
2024-06-30 03:30:00+01:00,2755.02
2024-06-30 04:00:00+01:00,2722.41
2024-06-30 04:30:00+01:00,2722.63
2024-06-30 05:00:00+01:00,2702.45
2024-06-30 05:30:00+01:00,2671.15
2024-06-30 06:00:00+01:00,2691.91
2024-06-30 06:30:00+01:00,2764.81
2024-06-30 07:00:00+01:00,2827.86
2024-06-30 07:30:00+01:00,2914.49
2024-06-30 08:00:00+01:00,3012.62
2024-06-30 08:30:00+01:00,3117.99
2024-06-30 09:00:00+01:00,3246.02
2024-06-30 09:30:00+01:00,3330.38
2024-06-30 10:00:00+01:00,3408.28
2024-06-30 10:30:00+01:00,3477.73
2024-06-30 11:00:00+01:00,3498.07
2024-06-30 11:30:00+01:00,3524.9
2024-06-30 12:00:00+01:00,3521.1
2024-06-30 12:30:00+01:00,3540.58
2024-06-30 13:00:00+01:00,3532.22
2024-06-30 13:30:00+01:00,3511.31
2024-06-30 14:00:00+01:00,3477.59
2024-06-30 14:30:00+01:00,3406.74
2024-06-30 15:00:00+01:00,3413.93
2024-06-30 15:30:00+01:00,3410.96
2024-06-30 16:00:00+01:00,3443.8
2024-06-30 16:30:00+01:00,3477.64
2024-06-30 17:00:00+01:00,3537.02
2024-06-30 17:30:00+01:00,3605.16
2024-06-30 18:00:00+01:00,3656.02
2024-06-30 18:30:00+01:00,3623.01
2024-06-30 19:00:00+01:00,3629.29
2024-06-30 19:30:00+01:00,3574.39
2024-06-30 20:00:00+01:00,3601.74
2024-06-30 20:30:00+01:00,3547.21
2024-06-30 21:00:00+01:00,3510.96
2024-06-30 21:30:00+01:00,3443.09
2024-06-30 22:00:00+01:00,3402.61
2024-06-30 22:30:00+01:00,3352.76
2024-06-30 23:00:00+01:00,3210.37
2024-06-30 23:30:00+01:00,3107.05
2024-07-01 00:00:00+01:00,3020.75
2024-07-01 00:30:00+01:00,2975.82
2024-07-01 01:00:00+01:00,2916.52
2024-07-01 01:30:00+01:00,2846.15
2024-07-01 02:00:00+01:00,2810.03
2024-07-01 02:30:00+01:00,2835.32
2024-07-01 03:00:00+01:00,2819.71
2024-07-01 03:30:00+01:00,2773.74
2024-07-01 04:00:00+01:00,2740.11
2024-07-01 04:30:00+01:00,2762.43
2024-07-01 05:00:00+01:00,2748.97
2024-07-01 05:30:00+01:00,2766.82
2024-07-01 06:00:00+01:00,2867.92
2024-07-01 06:30:00+01:00,3050.86
2024-07-01 07:00:00+01:00,3261.88
2024-07-01 07:30:00+01:00,3501.53
2024-07-01 08:00:00+01:00,3696.33
2024-07-01 08:30:00+01:00,3867.71
2024-07-01 09:00:00+01:00,3972.95
2024-07-01 09:30:00+01:00,4024.98
2024-07-01 10:00:00+01:00,4044.24
2024-07-01 10:30:00+01:00,4032.63
2024-07-01 11:00:00+01:00,4061.5
2024-07-01 11:30:00+01:00,4046.34
2024-07-01 12:00:00+01:00,4034.36
2024-07-01 12:30:00+01:00,4046.03
2024-07-01 13:00:00+01:00,4000.21
2024-07-01 13:30:00+01:00,3980.4
2024-07-01 14:00:00+01:00,3921.01
2024-07-01 14:30:00+01:00,3942.56
2024-07-01 15:00:00+01:00,3935.12
2024-07-01 15:30:00+01:00,3936.07
2024-07-01 16:00:00+01:00,3933.15
2024-07-01 16:30:00+01:00,3991.53
2024-07-01 17:00:00+01:00,4066.29
2024-07-01 17:30:00+01:00,4139.35
2024-07-01 18:00:00+01:00,4157.1
2024-07-01 18:30:00+01:00,4065.33
2024-07-01 19:00:00+01:00,3993.7
2024-07-01 19:30:00+01:00,3940.66
2024-07-01 20:00:00+01:00,3891.52
2024-07-01 20:30:00+01:00,3840.78
2024-07-01 21:00:00+01:00,3785.1
2024-07-01 21:30:00+01:00,3692.71
2024-07-01 22:00:00+01:00,3632.81
2024-07-01 22:30:00+01:00,3560.78
2024-07-01 23:00:00+01:00,3502.26
2024-07-01 23:30:00+01:00,3335.54
2024-07-02 00:00:00+01:00,3197.84
2024-07-02 00:30:00+01:00,3136.05
2024-07-02 01:00:00+01:00,3072.39
2024-07-02 01:30:00+01:00,3010.64
2024-07-02 02:00:00+01:00,2956.76
2024-07-02 02:30:00+01:00,2960.8
2024-07-02 03:00:00+01:00,2957.43
2024-07-02 03:30:00+01:00,2948.64
2024-07-02 04:00:00+01:00,2927.38
2024-07-02 04:30:00+01:00,2941.22
2024-07-02 05:00:00+01:00,2913.51
2024-07-02 05:30:00+01:00,2935.49
2024-07-02 06:00:00+01:00,3038.56
2024-07-02 06:30:00+01:00,3213.21
2024-07-02 07:00:00+01:00,3406.81
2024-07-02 07:30:00+01:00,3647.52
2024-07-02 08:00:00+01:00,3821.43
2024-07-02 08:30:00+01:00,4019.78
2024-07-02 09:00:00+01:00,4093.62
2024-07-02 09:30:00+01:00,4120.76
2024-07-02 10:00:00+01:00,4100.17
2024-07-02 10:30:00+01:00,4111.7
2024-07-02 11:00:00+01:00,4115.99
2024-07-02 11:30:00+01:00,4070.58
2024-07-02 12:00:00+01:00,4048.99
2024-07-02 12:30:00+01:00,4043.48
2024-07-02 13:00:00+01:00,4032.51
2024-07-02 13:30:00+01:00,3950.82
2024-07-02 14:00:00+01:00,3933.98
2024-07-02 14:30:00+01:00,3916.74
2024-07-02 15:00:00+01:00,3866.24
2024-07-02 15:30:00+01:00,3916.11
2024-07-02 16:00:00+01:00,3958.55
2024-07-02 16:30:00+01:00,3999.54
2024-07-02 17:00:00+01:00,4043.21
2024-07-02 17:30:00+01:00,4113.98
2024-07-02 18:00:00+01:00,4124.11
2024-07-02 18:30:00+01:00,4083.43
2024-07-02 19:00:00+01:00,4047.87
2024-07-02 19:30:00+01:00,4024.32
2024-07-02 20:00:00+01:00,3953.69
2024-07-02 20:30:00+01:00,3893.82
2024-07-02 21:00:00+01:00,3853.82
2024-07-02 21:30:00+01:00,3777.45
2024-07-02 22:00:00+01:00,3706.09
2024-07-02 22:30:00+01:00,3644.52
2024-07-02 23:00:00+01:00,3477.97
2024-07-02 23:30:00+01:00,3342.14
2024-07-03 00:00:00+01:00,3197.5
2024-07-03 00:30:00+01:00,3115.93
2024-07-03 01:00:00+01:00,3017.58
2024-07-03 01:30:00+01:00,2969.42
2024-07-03 02:00:00+01:00,2999.62
2024-07-03 02:30:00+01:00,3049.45
2024-07-03 03:00:00+01:00,3024.05
2024-07-03 03:30:00+01:00,3007.56
2024-07-03 04:00:00+01:00,2967.51
2024-07-03 04:30:00+01:00,2962.02
2024-07-03 05:00:00+01:00,2938.79
2024-07-03 05:30:00+01:00,2919.03
2024-07-03 06:00:00+01:00,3014.6
2024-07-03 06:30:00+01:00,3162.44
2024-07-03 07:00:00+01:00,3366.12
2024-07-03 07:30:00+01:00,3603.07
2024-07-03 08:00:00+01:00,3801.61
2024-07-03 08:30:00+01:00,3943.58
2024-07-03 09:00:00+01:00,4042.27
2024-07-03 09:30:00+01:00,4054.58
2024-07-03 10:00:00+01:00,4039.5
2024-07-03 10:30:00+01:00,4024.44
2024-07-03 11:00:00+01:00,4028.02
2024-07-03 11:30:00+01:00,3948.04
2024-07-03 12:00:00+01:00,3933.87
2024-07-03 12:30:00+01:00,3912.88
2024-07-03 13:00:00+01:00,3888.31
2024-07-03 13:30:00+01:00,3837.45
2024-07-03 14:00:00+01:00,3827.68
2024-07-03 14:30:00+01:00,3837.53
2024-07-03 15:00:00+01:00,3837.1
2024-07-03 15:30:00+01:00,3844.42
2024-07-03 16:00:00+01:00,3838.86
2024-07-03 16:30:00+01:00,3845.84
2024-07-03 17:00:00+01:00,3916.91
2024-07-03 17:30:00+01:00,4001.38
2024-07-03 18:00:00+01:00,4038.13
2024-07-03 18:30:00+01:00,3978.11
2024-07-03 19:00:00+01:00,3958.17
2024-07-03 19:30:00+01:00,3890.46
2024-07-03 20:00:00+01:00,3839.51
2024-07-03 20:30:00+01:00,3793.82
2024-07-03 21:00:00+01:00,3736.15
2024-07-03 21:30:00+01:00,3662.55
2024-07-03 22:00:00+01:00,3609.43
2024-07-03 22:30:00+01:00,3576.66
2024-07-03 23:00:00+01:00,3469.02
2024-07-03 23:30:00+01:00,3332.47
2024-07-04 00:00:00+01:00,3179.03
2024-07-04 00:30:00+01:00,3154.94
2024-07-04 01:00:00+01:00,3056.32
2024-07-04 01:30:00+01:00,3016.3
2024-07-04 02:00:00+01:00,2966.09
2024-07-04 02:30:00+01:00,2916.58
2024-07-04 03:00:00+01:00,2894.54
2024-07-04 03:30:00+01:00,2861.25
2024-07-04 04:00:00+01:00,2820.54
2024-07-04 04:30:00+01:00,2832.34
2024-07-04 05:00:00+01:00,2806.68
2024-07-04 05:30:00+01:00,2830.9
2024-07-04 06:00:00+01:00,2942.64
2024-07-04 06:30:00+01:00,3116.56
2024-07-04 07:00:00+01:00,3325.75
2024-07-04 07:30:00+01:00,3579.46
2024-07-04 08:00:00+01:00,3696.76
2024-07-04 08:30:00+01:00,3863.89
2024-07-04 09:00:00+01:00,3936.88
2024-07-04 09:30:00+01:00,3949.28
2024-07-04 10:00:00+01:00,3924.88
2024-07-04 10:30:00+01:00,3913.89
2024-07-04 11:00:00+01:00,3879.3
2024-07-04 11:30:00+01:00,3840.33
2024-07-04 12:00:00+01:00,3849.09
2024-07-04 12:30:00+01:00,3817.43
2024-07-04 13:00:00+01:00,3868.79
2024-07-04 13:30:00+01:00,3810.15
2024-07-04 14:00:00+01:00,3788.63
2024-07-04 14:30:00+01:00,3802.19
2024-07-04 15:00:00+01:00,3790.12
2024-07-04 15:30:00+01:00,3820.0
2024-07-04 16:00:00+01:00,3864.79
2024-07-04 16:30:00+01:00,3908.97
2024-07-04 17:00:00+01:00,4032.07
2024-07-04 17:30:00+01:00,4065.8
2024-07-04 18:00:00+01:00,4045.57
2024-07-04 18:30:00+01:00,4036.04
2024-07-04 19:00:00+01:00,3963.41
2024-07-04 19:30:00+01:00,3930.67
2024-07-04 20:00:00+01:00,3913.18
2024-07-04 20:30:00+01:00,3906.58
2024-07-04 21:00:00+01:00,3848.82
2024-07-04 21:30:00+01:00,3770.12
2024-07-04 22:00:00+01:00,3705.03
2024-07-04 22:30:00+01:00,3657.19
2024-07-04 23:00:00+01:00,3558.55
2024-07-04 23:30:00+01:00,3420.08
2024-07-05 00:00:00+01:00,3265.84
2024-07-05 00:30:00+01:00,3194.44
2024-07-05 01:00:00+01:00,3125.1
2024-07-05 01:30:00+01:00,3078.96
2024-07-05 02:00:00+01:00,3012.53
2024-07-05 02:30:00+01:00,3027.62
2024-07-05 03:00:00+01:00,2972.97
2024-07-05 03:30:00+01:00,2972.33
2024-07-05 04:00:00+01:00,2935.13
2024-07-05 04:30:00+01:00,2933.51
2024-07-05 05:00:00+01:00,2897.64
2024-07-05 05:30:00+01:00,2923.21
2024-07-05 06:00:00+01:00,3009.51
2024-07-05 06:30:00+01:00,3177.71
2024-07-05 07:00:00+01:00,3363.61
2024-07-05 07:30:00+01:00,3584.97
2024-07-05 08:00:00+01:00,3770.76
2024-07-05 08:30:00+01:00,3914.3
2024-07-05 09:00:00+01:00,3967.4
2024-07-05 09:30:00+01:00,3974.45
2024-07-05 10:00:00+01:00,3909.54
2024-07-05 10:30:00+01:00,3896.14
2024-07-05 11:00:00+01:00,3918.25
2024-07-05 11:30:00+01:00,3914.68
2024-07-05 12:00:00+01:00,3916.45
2024-07-05 12:30:00+01:00,3928.91
2024-07-05 13:00:00+01:00,3942.76
2024-07-05 13:30:00+01:00,3918.98
2024-07-05 14:00:00+01:00,3905.59
2024-07-05 14:30:00+01:00,3916.5
2024-07-05 15:00:00+01:00,3895.36
2024-07-05 15:30:00+01:00,3889.0
2024-07-05 16:00:00+01:00,3866.37
2024-07-05 16:30:00+01:00,3910.97
2024-07-05 17:00:00+01:00,3963.5
2024-07-05 17:30:00+01:00,4044.19
2024-07-05 18:00:00+01:00,4085.65
2024-07-05 18:30:00+01:00,4028.37
2024-07-05 19:00:00+01:00,3971.09
2024-07-05 19:30:00+01:00,3871.72
2024-07-05 20:00:00+01:00,3849.57
2024-07-05 20:30:00+01:00,3773.88
2024-07-05 21:00:00+01:00,3750.2
2024-07-05 21:30:00+01:00,3640.03
2024-07-05 22:00:00+01:00,3604.58
2024-07-05 22:30:00+01:00,3539.75
2024-07-05 23:00:00+01:00,3475.0
2024-07-05 23:30:00+01:00,3342.76
2024-07-06 00:00:00+01:00,3207.57
2024-07-06 00:30:00+01:00,3130.97
2024-07-06 01:00:00+01:00,3049.36
2024-07-06 01:30:00+01:00,2999.63
2024-07-06 02:00:00+01:00,2941.12
2024-07-06 02:30:00+01:00,2961.12
2024-07-06 03:00:00+01:00,2919.97
2024-07-06 03:30:00+01:00,2883.83
2024-07-06 04:00:00+01:00,2862.1
2024-07-06 04:30:00+01:00,2851.03
2024-07-06 05:00:00+01:00,2829.95
2024-07-06 05:30:00+01:00,2823.85
2024-07-06 06:00:00+01:00,2868.67
2024-07-06 06:30:00+01:00,2922.33
2024-07-06 07:00:00+01:00,3013.71
2024-07-06 07:30:00+01:00,3095.56
2024-07-06 08:00:00+01:00,3238.65
2024-07-06 08:30:00+01:00,3344.81
2024-07-06 09:00:00+01:00,3437.79
2024-07-06 09:30:00+01:00,3517.28
2024-07-06 10:00:00+01:00,3528.66
2024-07-06 10:30:00+01:00,3557.0
2024-07-06 11:00:00+01:00,3553.94
2024-07-06 11:30:00+01:00,3539.13
2024-07-06 12:00:00+01:00,3546.82
2024-07-06 12:30:00+01:00,3512.07
2024-07-06 13:00:00+01:00,3535.04
2024-07-06 13:30:00+01:00,3510.79
2024-07-06 14:00:00+01:00,3410.15
2024-07-06 14:30:00+01:00,3418.83
2024-07-06 15:00:00+01:00,3392.65
2024-07-06 15:30:00+01:00,3365.29
2024-07-06 16:00:00+01:00,3396.72
2024-07-06 16:30:00+01:00,3424.29
2024-07-06 17:00:00+01:00,3520.58
2024-07-06 17:30:00+01:00,3585.34
2024-07-06 18:00:00+01:00,3620.3
2024-07-06 18:30:00+01:00,3614.8
2024-07-06 19:00:00+01:00,3586.24
2024-07-06 19:30:00+01:00,3539.25
2024-07-06 20:00:00+01:00,3531.55
2024-07-06 20:30:00+01:00,3509.15
2024-07-06 21:00:00+01:00,3483.64
2024-07-06 21:30:00+01:00,3417.0
2024-07-06 22:00:00+01:00,3407.93
2024-07-06 22:30:00+01:00,3381.05
2024-07-06 23:00:00+01:00,3270.01
2024-07-06 23:30:00+01:00,3186.06
2024-07-07 00:00:00+01:00,3108.96
2024-07-07 00:30:00+01:00,3066.08
2024-07-07 01:00:00+01:00,2996.91
2024-07-07 01:30:00+01:00,2936.72
2024-07-07 02:00:00+01:00,2901.42
2024-07-07 02:30:00+01:00,2901.37
2024-07-07 03:00:00+01:00,2866.09
2024-07-07 03:30:00+01:00,2856.5
2024-07-07 04:00:00+01:00,2825.11
2024-07-07 04:30:00+01:00,2808.08
2024-07-07 05:00:00+01:00,2769.79
2024-07-07 05:30:00+01:00,2730.1
2024-07-07 06:00:00+01:00,2753.14
2024-07-07 06:30:00+01:00,2795.29
2024-07-07 07:00:00+01:00,2856.02
2024-07-07 07:30:00+01:00,2930.51
2024-07-07 08:00:00+01:00,3041.78
2024-07-07 08:30:00+01:00,3154.54
2024-07-07 09:00:00+01:00,3259.7
2024-07-07 09:30:00+01:00,3346.91
2024-07-07 10:00:00+01:00,3425.58
2024-07-07 10:30:00+01:00,3453.26
2024-07-07 11:00:00+01:00,3491.63
2024-07-07 11:30:00+01:00,3523.02
2024-07-07 12:00:00+01:00,3504.52
2024-07-07 12:30:00+01:00,3521.77
2024-07-07 13:00:00+01:00,3514.97
2024-07-07 13:30:00+01:00,3483.27
2024-07-07 14:00:00+01:00,3422.75
2024-07-07 14:30:00+01:00,3409.19
2024-07-07 15:00:00+01:00,3391.77
2024-07-07 15:30:00+01:00,3405.23
2024-07-07 16:00:00+01:00,3415.01
2024-07-07 16:30:00+01:00,3424.21
2024-07-07 17:00:00+01:00,3491.55
2024-07-07 17:30:00+01:00,3533.3
2024-07-07 18:00:00+01:00,3643.37
2024-07-07 18:30:00+01:00,3670.78
2024-07-07 19:00:00+01:00,3659.18
2024-07-07 19:30:00+01:00,3637.32
2024-07-07 20:00:00+01:00,3589.9
2024-07-07 20:30:00+01:00,3571.64
2024-07-07 21:00:00+01:00,3540.12
2024-07-07 21:30:00+01:00,3484.12
2024-07-07 22:00:00+01:00,3410.4
2024-07-07 22:30:00+01:00,3401.57
2024-07-07 23:00:00+01:00,3290.88
2024-07-07 23:30:00+01:00,3182.42
2024-07-08 00:00:00+01:00,3073.62
2024-07-08 00:30:00+01:00,3019.82
2024-07-08 01:00:00+01:00,2943.16
2024-07-08 01:30:00+01:00,2890.57
2024-07-08 02:00:00+01:00,2848.78
2024-07-08 02:30:00+01:00,2859.52
2024-07-08 03:00:00+01:00,2835.08
2024-07-08 03:30:00+01:00,2817.43
2024-07-08 04:00:00+01:00,2813.51
2024-07-08 04:30:00+01:00,2818.07
2024-07-08 05:00:00+01:00,2785.29
2024-07-08 05:30:00+01:00,2804.18
2024-07-08 06:00:00+01:00,2908.86
2024-07-08 06:30:00+01:00,3078.11
2024-07-08 07:00:00+01:00,3269.91
2024-07-08 07:30:00+01:00,3495.51
2024-07-08 08:00:00+01:00,3682.65
2024-07-08 08:30:00+01:00,3854.54
2024-07-08 09:00:00+01:00,3911.92
2024-07-08 09:30:00+01:00,3935.41
2024-07-08 10:00:00+01:00,3879.06
2024-07-08 10:30:00+01:00,3864.36
2024-07-08 11:00:00+01:00,3864.02
2024-07-08 11:30:00+01:00,3861.03
2024-07-08 12:00:00+01:00,3840.22
2024-07-08 12:30:00+01:00,3855.47
2024-07-08 13:00:00+01:00,3857.33
2024-07-08 13:30:00+01:00,3809.55
2024-07-08 14:00:00+01:00,3789.76
2024-07-08 14:30:00+01:00,3784.34
2024-07-08 15:00:00+01:00,3810.61
2024-07-08 15:30:00+01:00,3793.02
2024-07-08 16:00:00+01:00,3836.68
2024-07-08 16:30:00+01:00,3909.99
2024-07-08 17:00:00+01:00,3980.13
2024-07-08 17:30:00+01:00,4063.96
2024-07-08 18:00:00+01:00,4071.06
2024-07-08 18:30:00+01:00,4018.33
2024-07-08 19:00:00+01:00,3953.64
2024-07-08 19:30:00+01:00,3918.48
2024-07-08 20:00:00+01:00,3870.27
2024-07-08 20:30:00+01:00,3839.99
2024-07-08 21:00:00+01:00,3778.72
2024-07-08 21:30:00+01:00,3676.5
2024-07-08 22:00:00+01:00,3620.17
2024-07-08 22:30:00+01:00,3582.26
2024-07-08 23:00:00+01:00,3429.71
2024-07-08 23:30:00+01:00,3260.3
2024-07-09 00:00:00+01:00,3136.91
2024-07-09 00:30:00+01:00,3079.33
2024-07-09 01:00:00+01:00,2995.27
2024-07-09 01:30:00+01:00,2945.37
2024-07-09 02:00:00+01:00,2897.8
2024-07-09 02:30:00+01:00,2969.0
2024-07-09 03:00:00+01:00,2911.97
2024-07-09 03:30:00+01:00,2884.39
2024-07-09 04:00:00+01:00,2869.68
2024-07-09 04:30:00+01:00,2872.24
2024-07-09 05:00:00+01:00,2860.93
2024-07-09 05:30:00+01:00,2874.04
2024-07-09 06:00:00+01:00,2975.81
2024-07-09 06:30:00+01:00,3146.89
2024-07-09 07:00:00+01:00,3362.56
2024-07-09 07:30:00+01:00,3602.49
2024-07-09 08:00:00+01:00,3765.63
2024-07-09 08:30:00+01:00,3951.8
2024-07-09 09:00:00+01:00,4025.15
2024-07-09 09:30:00+01:00,4031.24
2024-07-09 10:00:00+01:00,4039.2
2024-07-09 10:30:00+01:00,4044.15
2024-07-09 11:00:00+01:00,4091.44
2024-07-09 11:30:00+01:00,4083.21
2024-07-09 12:00:00+01:00,4070.3
2024-07-09 12:30:00+01:00,4103.71
2024-07-09 13:00:00+01:00,4127.5
2024-07-09 13:30:00+01:00,4078.69
2024-07-09 14:00:00+01:00,4052.44
2024-07-09 14:30:00+01:00,4053.19
2024-07-09 15:00:00+01:00,4054.69
2024-07-09 15:30:00+01:00,4068.15
2024-07-09 16:00:00+01:00,4093.89
2024-07-09 16:30:00+01:00,4163.86
2024-07-09 17:00:00+01:00,4191.17
2024-07-09 17:30:00+01:00,4280.02
2024-07-09 18:00:00+01:00,4267.14
2024-07-09 18:30:00+01:00,4181.24
2024-07-09 19:00:00+01:00,4093.78
2024-07-09 19:30:00+01:00,4046.04
2024-07-09 20:00:00+01:00,3979.72
2024-07-09 20:30:00+01:00,3865.63
2024-07-09 21:00:00+01:00,3862.37
2024-07-09 21:30:00+01:00,3752.47
2024-07-09 22:00:00+01:00,3687.78
2024-07-09 22:30:00+01:00,3601.97
2024-07-09 23:00:00+01:00,3455.22
2024-07-09 23:30:00+01:00,3344.19
2024-07-10 00:00:00+01:00,3222.77
2024-07-10 00:30:00+01:00,3148.8
2024-07-10 01:00:00+01:00,3085.33
2024-07-10 01:30:00+01:00,3027.05
2024-07-10 02:00:00+01:00,3004.53
2024-07-10 02:30:00+01:00,3006.19
2024-07-10 03:00:00+01:00,2970.71
2024-07-10 03:30:00+01:00,2933.82
2024-07-10 04:00:00+01:00,2903.67
2024-07-10 04:30:00+01:00,2915.37
2024-07-10 05:00:00+01:00,2906.6
2024-07-10 05:30:00+01:00,2895.53
2024-07-10 06:00:00+01:00,3001.77
2024-07-10 06:30:00+01:00,3181.35
2024-07-10 07:00:00+01:00,3397.35
2024-07-10 07:30:00+01:00,3618.39
2024-07-10 08:00:00+01:00,3798.87
2024-07-10 08:30:00+01:00,3962.79
2024-07-10 09:00:00+01:00,4042.78
2024-07-10 09:30:00+01:00,4044.41
2024-07-10 10:00:00+01:00,4051.79
2024-07-10 10:30:00+01:00,4016.95
2024-07-10 11:00:00+01:00,4001.21
2024-07-10 11:30:00+01:00,3995.78
2024-07-10 12:00:00+01:00,3998.04
2024-07-10 12:30:00+01:00,4008.31
2024-07-10 13:00:00+01:00,3998.26
2024-07-10 13:30:00+01:00,3922.63
2024-07-10 14:00:00+01:00,3867.65
2024-07-10 14:30:00+01:00,3879.09
2024-07-10 15:00:00+01:00,3851.1
2024-07-10 15:30:00+01:00,3858.77
2024-07-10 16:00:00+01:00,3913.55
2024-07-10 16:30:00+01:00,3931.38
2024-07-10 17:00:00+01:00,4001.66
2024-07-10 17:30:00+01:00,4108.67
2024-07-10 18:00:00+01:00,4096.75
2024-07-10 18:30:00+01:00,4062.26
2024-07-10 19:00:00+01:00,4035.76
2024-07-10 19:30:00+01:00,4011.36
2024-07-10 20:00:00+01:00,3936.29
2024-07-10 20:30:00+01:00,3880.79
2024-07-10 21:00:00+01:00,3901.18
2024-07-10 21:30:00+01:00,3789.11
2024-07-10 22:00:00+01:00,3722.2
2024-07-10 22:30:00+01:00,3696.84
2024-07-10 23:00:00+01:00,3535.31
2024-07-10 23:30:00+01:00,3416.46
2024-07-11 00:00:00+01:00,3279.1
2024-07-11 00:30:00+01:00,3188.5
2024-07-11 01:00:00+01:00,3119.52
2024-07-11 01:30:00+01:00,3066.69
2024-07-11 02:00:00+01:00,3000.33
2024-07-11 02:30:00+01:00,3014.4
2024-07-11 03:00:00+01:00,2956.59
2024-07-11 03:30:00+01:00,2905.48
2024-07-11 04:00:00+01:00,2889.14
2024-07-11 04:30:00+01:00,2901.69
2024-07-11 05:00:00+01:00,2901.87
2024-07-11 05:30:00+01:00,2905.85
2024-07-11 06:00:00+01:00,3003.53
2024-07-11 06:30:00+01:00,3186.1
2024-07-11 07:00:00+01:00,3369.39
2024-07-11 07:30:00+01:00,3612.17
2024-07-11 08:00:00+01:00,3793.6
2024-07-11 08:30:00+01:00,3939.68
2024-07-11 09:00:00+01:00,4014.68
2024-07-11 09:30:00+01:00,4029.35
2024-07-11 10:00:00+01:00,3996.08
2024-07-11 10:30:00+01:00,3964.29
2024-07-11 11:00:00+01:00,3913.44
2024-07-11 11:30:00+01:00,3895.67
2024-07-11 12:00:00+01:00,3884.18
2024-07-11 12:30:00+01:00,3899.26
2024-07-11 13:00:00+01:00,3917.77
2024-07-11 13:30:00+01:00,3876.79
2024-07-11 14:00:00+01:00,3835.66
2024-07-11 14:30:00+01:00,3836.24
2024-07-11 15:00:00+01:00,3815.21
2024-07-11 15:30:00+01:00,3817.49
2024-07-11 16:00:00+01:00,3824.29
2024-07-11 16:30:00+01:00,3867.8
2024-07-11 17:00:00+01:00,3929.0
2024-07-11 17:30:00+01:00,3994.56
2024-07-11 18:00:00+01:00,4019.76
2024-07-11 18:30:00+01:00,4000.94
2024-07-11 19:00:00+01:00,3926.29
2024-07-11 19:30:00+01:00,3909.07
2024-07-11 20:00:00+01:00,3865.79
2024-07-11 20:30:00+01:00,3822.08
2024-07-11 21:00:00+01:00,3796.09
2024-07-11 21:30:00+01:00,3736.22
2024-07-11 22:00:00+01:00,3678.04
2024-07-11 22:30:00+01:00,3620.34
2024-07-11 23:00:00+01:00,3492.45
2024-07-11 23:30:00+01:00,3356.92
2024-07-12 00:00:00+01:00,3219.04
2024-07-12 00:30:00+01:00,3146.33
2024-07-12 01:00:00+01:00,3063.1
2024-07-12 01:30:00+01:00,3048.96
2024-07-12 02:00:00+01:00,3020.62
2024-07-12 02:30:00+01:00,3045.67
2024-07-12 03:00:00+01:00,2948.78
2024-07-12 03:30:00+01:00,2917.09
2024-07-12 04:00:00+01:00,2894.81
2024-07-12 04:30:00+01:00,2904.04
2024-07-12 05:00:00+01:00,2905.63
2024-07-12 05:30:00+01:00,2926.6
2024-07-12 06:00:00+01:00,3017.62
2024-07-12 06:30:00+01:00,3204.93
2024-07-12 07:00:00+01:00,3384.77
2024-07-12 07:30:00+01:00,3606.21
2024-07-12 08:00:00+01:00,3775.25
2024-07-12 08:30:00+01:00,3951.33
2024-07-12 09:00:00+01:00,4039.21
2024-07-12 09:30:00+01:00,4056.85
2024-07-12 10:00:00+01:00,4034.59
2024-07-12 10:30:00+01:00,4033.78
2024-07-12 11:00:00+01:00,4055.28
2024-07-12 11:30:00+01:00,4080.5
2024-07-12 12:00:00+01:00,4061.13
2024-07-12 12:30:00+01:00,4054.84
2024-07-12 13:00:00+01:00,4058.84
2024-07-12 13:30:00+01:00,4010.84
2024-07-12 14:00:00+01:00,3978.1
2024-07-12 14:30:00+01:00,3975.76
2024-07-12 15:00:00+01:00,3930.01
2024-07-12 15:30:00+01:00,3916.53
2024-07-12 16:00:00+01:00,3906.98
2024-07-12 16:30:00+01:00,3942.94
2024-07-12 17:00:00+01:00,3989.02
2024-07-12 17:30:00+01:00,4041.91
2024-07-12 18:00:00+01:00,4040.0
2024-07-12 18:30:00+01:00,4025.38
2024-07-12 19:00:00+01:00,3978.18
2024-07-12 19:30:00+01:00,3913.48
2024-07-12 20:00:00+01:00,3867.61
2024-07-12 20:30:00+01:00,3810.36
2024-07-12 21:00:00+01:00,3761.36
2024-07-12 21:30:00+01:00,3690.36
2024-07-12 22:00:00+01:00,3642.97
2024-07-12 22:30:00+01:00,3589.86
2024-07-12 23:00:00+01:00,3454.46
2024-07-12 23:30:00+01:00,3337.91
2024-07-13 00:00:00+01:00,3236.09
2024-07-13 00:30:00+01:00,3174.13
2024-07-13 01:00:00+01:00,3072.09
2024-07-13 01:30:00+01:00,3034.81
2024-07-13 02:00:00+01:00,2985.88
2024-07-13 02:30:00+01:00,3003.88
2024-07-13 03:00:00+01:00,2960.14
2024-07-13 03:30:00+01:00,2929.28
2024-07-13 04:00:00+01:00,2906.81
2024-07-13 04:30:00+01:00,2904.28
2024-07-13 05:00:00+01:00,2938.08
2024-07-13 05:30:00+01:00,2918.58
2024-07-13 06:00:00+01:00,2890.97
2024-07-13 06:30:00+01:00,2963.16
2024-07-13 07:00:00+01:00,3051.39
2024-07-13 07:30:00+01:00,3180.51
2024-07-13 08:00:00+01:00,3306.41
2024-07-13 08:30:00+01:00,3452.84
2024-07-13 09:00:00+01:00,3567.27
2024-07-13 09:30:00+01:00,3659.27
2024-07-13 10:00:00+01:00,3678.09
2024-07-13 10:30:00+01:00,3707.22
2024-07-13 11:00:00+01:00,3689.02
2024-07-13 11:30:00+01:00,3701.33
2024-07-13 12:00:00+01:00,3648.62
2024-07-13 12:30:00+01:00,3676.07
2024-07-13 13:00:00+01:00,3641.45
2024-07-13 13:30:00+01:00,3617.29
2024-07-13 14:00:00+01:00,3560.09
2024-07-13 14:30:00+01:00,3531.82
2024-07-13 15:00:00+01:00,3498.1
2024-07-13 15:30:00+01:00,3495.6
2024-07-13 16:00:00+01:00,3510.24
2024-07-13 16:30:00+01:00,3533.38
2024-07-13 17:00:00+01:00,3601.68
2024-07-13 17:30:00+01:00,3679.25
2024-07-13 18:00:00+01:00,3683.28
2024-07-13 18:30:00+01:00,3722.08
2024-07-13 19:00:00+01:00,3668.26
2024-07-13 19:30:00+01:00,3640.57
2024-07-13 20:00:00+01:00,3613.31
2024-07-13 20:30:00+01:00,3562.19
2024-07-13 21:00:00+01:00,3525.71
2024-07-13 21:30:00+01:00,3468.01
2024-07-13 22:00:00+01:00,3436.42
2024-07-13 22:30:00+01:00,3382.72
2024-07-13 23:00:00+01:00,3279.68
2024-07-13 23:30:00+01:00,3195.4
2024-07-14 00:00:00+01:00,3114.53
2024-07-14 00:30:00+01:00,3062.84
2024-07-14 01:00:00+01:00,2998.87
2024-07-14 01:30:00+01:00,2935.01
2024-07-14 02:00:00+01:00,2896.47
2024-07-14 02:30:00+01:00,2909.95
2024-07-14 03:00:00+01:00,2867.9
2024-07-14 03:30:00+01:00,2845.29
2024-07-14 04:00:00+01:00,2813.82
2024-07-14 04:30:00+01:00,2809.1
2024-07-14 05:00:00+01:00,2795.95
2024-07-14 05:30:00+01:00,2763.08
2024-07-14 06:00:00+01:00,2775.98
2024-07-14 06:30:00+01:00,2822.48
2024-07-14 07:00:00+01:00,2880.68
2024-07-14 07:30:00+01:00,2977.75
2024-07-14 08:00:00+01:00,3085.32
2024-07-14 08:30:00+01:00,3219.69
2024-07-14 09:00:00+01:00,3314.14
2024-07-14 09:30:00+01:00,3423.04
2024-07-14 10:00:00+01:00,3477.17
2024-07-14 10:30:00+01:00,3527.22
2024-07-14 11:00:00+01:00,3550.5
2024-07-14 11:30:00+01:00,3557.32
2024-07-14 12:00:00+01:00,3551.41
2024-07-14 12:30:00+01:00,3563.17
2024-07-14 13:00:00+01:00,3566.86
2024-07-14 13:30:00+01:00,3548.55
2024-07-14 14:00:00+01:00,3518.75
2024-07-14 14:30:00+01:00,3493.04
2024-07-14 15:00:00+01:00,3470.67
2024-07-14 15:30:00+01:00,3473.77
2024-07-14 16:00:00+01:00,3499.0
2024-07-14 16:30:00+01:00,3505.53
2024-07-14 17:00:00+01:00,3592.33
2024-07-14 17:30:00+01:00,3651.22
2024-07-14 18:00:00+01:00,3745.09
2024-07-14 18:30:00+01:00,3743.47
2024-07-14 19:00:00+01:00,3725.68
2024-07-14 19:30:00+01:00,3706.78
2024-07-14 20:00:00+01:00,3650.59
2024-07-14 20:30:00+01:00,3541.33
2024-07-14 21:00:00+01:00,3553.48
2024-07-14 21:30:00+01:00,3429.51
2024-07-14 22:00:00+01:00,3390.88
2024-07-14 22:30:00+01:00,3438.83
2024-07-14 23:00:00+01:00,3323.54
2024-07-14 23:30:00+01:00,3212.86
2024-07-15 00:00:00+01:00,3096.5
2024-07-15 00:30:00+01:00,3038.72
2024-07-15 01:00:00+01:00,2964.76
2024-07-15 01:30:00+01:00,2912.93
2024-07-15 02:00:00+01:00,2882.28
2024-07-15 02:30:00+01:00,2875.63
2024-07-15 03:00:00+01:00,2834.77
2024-07-15 03:30:00+01:00,2842.93
2024-07-15 04:00:00+01:00,2880.48
2024-07-15 04:30:00+01:00,2824.56
2024-07-15 05:00:00+01:00,2804.2
2024-07-15 05:30:00+01:00,2813.38
2024-07-15 06:00:00+01:00,2909.17
2024-07-15 06:30:00+01:00,3083.89
2024-07-15 07:00:00+01:00,3263.02
2024-07-15 07:30:00+01:00,3510.66
2024-07-15 08:00:00+01:00,3722.26
2024-07-15 08:30:00+01:00,3912.72
2024-07-15 09:00:00+01:00,4002.84
2024-07-15 09:30:00+01:00,4040.21
2024-07-15 10:00:00+01:00,4029.1
2024-07-15 10:30:00+01:00,4040.39
2024-07-15 11:00:00+01:00,4053.25
2024-07-15 11:30:00+01:00,4081.18
2024-07-15 12:00:00+01:00,4074.19
2024-07-15 12:30:00+01:00,4110.34
2024-07-15 13:00:00+01:00,4108.32
2024-07-15 13:30:00+01:00,4069.56
2024-07-15 14:00:00+01:00,4037.52
2024-07-15 14:30:00+01:00,4011.28
2024-07-15 15:00:00+01:00,4009.36
2024-07-15 15:30:00+01:00,4012.34
2024-07-15 16:00:00+01:00,4031.54
2024-07-15 16:30:00+01:00,4090.09
2024-07-15 17:00:00+01:00,4173.27
2024-07-15 17:30:00+01:00,4233.59
2024-07-15 18:00:00+01:00,4235.44
2024-07-15 18:30:00+01:00,4176.72
2024-07-15 19:00:00+01:00,4113.51
2024-07-15 19:30:00+01:00,4052.27
2024-07-15 20:00:00+01:00,3965.29
2024-07-15 20:30:00+01:00,3912.46
2024-07-15 21:00:00+01:00,3869.73
2024-07-15 21:30:00+01:00,3781.9
2024-07-15 22:00:00+01:00,3725.12
2024-07-15 22:30:00+01:00,3651.94
2024-07-15 23:00:00+01:00,3466.5
2024-07-15 23:30:00+01:00,3316.75
2024-07-16 00:00:00+01:00,3191.26
2024-07-16 00:30:00+01:00,3107.56
2024-07-16 01:00:00+01:00,3017.18
2024-07-16 01:30:00+01:00,2965.57
2024-07-16 02:00:00+01:00,2940.5
2024-07-16 02:30:00+01:00,2982.68
2024-07-16 03:00:00+01:00,2960.86
2024-07-16 03:30:00+01:00,2947.8
2024-07-16 04:00:00+01:00,2891.26
2024-07-16 04:30:00+01:00,2863.98
2024-07-16 05:00:00+01:00,2868.42
2024-07-16 05:30:00+01:00,2886.06
2024-07-16 06:00:00+01:00,2964.22
2024-07-16 06:30:00+01:00,3136.35
2024-07-16 07:00:00+01:00,3349.38
2024-07-16 07:30:00+01:00,3599.19
2024-07-16 08:00:00+01:00,3792.98
2024-07-16 08:30:00+01:00,3966.55
2024-07-16 09:00:00+01:00,4026.56
2024-07-16 09:30:00+01:00,4053.0
2024-07-16 10:00:00+01:00,4033.27
2024-07-16 10:30:00+01:00,4006.54
2024-07-16 11:00:00+01:00,4019.45
2024-07-16 11:30:00+01:00,4012.1
2024-07-16 12:00:00+01:00,4012.59
2024-07-16 12:30:00+01:00,4017.83
2024-07-16 13:00:00+01:00,3987.76
2024-07-16 13:30:00+01:00,3930.39
2024-07-16 14:00:00+01:00,3913.28
2024-07-16 14:30:00+01:00,3890.16
2024-07-16 15:00:00+01:00,3872.19
2024-07-16 15:30:00+01:00,3895.19
2024-07-16 16:00:00+01:00,3921.4
2024-07-16 16:30:00+01:00,3973.28
2024-07-16 17:00:00+01:00,4046.79
2024-07-16 17:30:00+01:00,4104.89
2024-07-16 18:00:00+01:00,4128.16
2024-07-16 18:30:00+01:00,4114.44
2024-07-16 19:00:00+01:00,4050.23
2024-07-16 19:30:00+01:00,4004.99
2024-07-16 20:00:00+01:00,3930.39
2024-07-16 20:30:00+01:00,3910.4
2024-07-16 21:00:00+01:00,3863.48
2024-07-16 21:30:00+01:00,3769.09
2024-07-16 22:00:00+01:00,3736.3
2024-07-16 22:30:00+01:00,3668.83
2024-07-16 23:00:00+01:00,3504.63
2024-07-16 23:30:00+01:00,3357.29
2024-07-17 00:00:00+01:00,3230.36
2024-07-17 00:30:00+01:00,3162.11
2024-07-17 01:00:00+01:00,3083.16
2024-07-17 01:30:00+01:00,3031.44
2024-07-17 02:00:00+01:00,2979.47
2024-07-17 02:30:00+01:00,2993.8
2024-07-17 03:00:00+01:00,2947.56
2024-07-17 03:30:00+01:00,2937.24
2024-07-17 04:00:00+01:00,2913.86
2024-07-17 04:30:00+01:00,2912.72
2024-07-17 05:00:00+01:00,2898.78
2024-07-17 05:30:00+01:00,2892.14
2024-07-17 06:00:00+01:00,2970.79
2024-07-17 06:30:00+01:00,3129.49
2024-07-17 07:00:00+01:00,3344.27
2024-07-17 07:30:00+01:00,3596.56
2024-07-17 08:00:00+01:00,3790.16
2024-07-17 08:30:00+01:00,3963.66
2024-07-17 09:00:00+01:00,3991.88
2024-07-17 09:30:00+01:00,3990.77
2024-07-17 10:00:00+01:00,3945.23
2024-07-17 10:30:00+01:00,3926.86
2024-07-17 11:00:00+01:00,3943.26
2024-07-17 11:30:00+01:00,3918.9
2024-07-17 12:00:00+01:00,3917.39
2024-07-17 12:30:00+01:00,3950.54
2024-07-17 13:00:00+01:00,3925.96
2024-07-17 13:30:00+01:00,3890.29
2024-07-17 14:00:00+01:00,3887.34
2024-07-17 14:30:00+01:00,3908.86
2024-07-17 15:00:00+01:00,3906.87
2024-07-17 15:30:00+01:00,3906.34
2024-07-17 16:00:00+01:00,3958.53
2024-07-17 16:30:00+01:00,4013.19
2024-07-17 17:00:00+01:00,4064.21
2024-07-17 17:30:00+01:00,4176.94
2024-07-17 18:00:00+01:00,4167.2
2024-07-17 18:30:00+01:00,4114.15
2024-07-17 19:00:00+01:00,4054.97
2024-07-17 19:30:00+01:00,3995.35
2024-07-17 20:00:00+01:00,3892.68
2024-07-17 20:30:00+01:00,3860.28
2024-07-17 21:00:00+01:00,3807.39
2024-07-17 21:30:00+01:00,3735.33
2024-07-17 22:00:00+01:00,3690.49
2024-07-17 22:30:00+01:00,3580.59
2024-07-17 23:00:00+01:00,3400.28
2024-07-17 23:30:00+01:00,3263.42
2024-07-18 00:00:00+01:00,3143.85
2024-07-18 00:30:00+01:00,3077.1
2024-07-18 01:00:00+01:00,2993.77
2024-07-18 01:30:00+01:00,2978.09
2024-07-18 02:00:00+01:00,2941.95
2024-07-18 02:30:00+01:00,2938.13
2024-07-18 03:00:00+01:00,2906.24
2024-07-18 03:30:00+01:00,2879.34
2024-07-18 04:00:00+01:00,2839.4
2024-07-18 04:30:00+01:00,2830.69
2024-07-18 05:00:00+01:00,2845.71
2024-07-18 05:30:00+01:00,2821.1
2024-07-18 06:00:00+01:00,2888.96
2024-07-18 06:30:00+01:00,3075.97
2024-07-18 07:00:00+01:00,3320.85
2024-07-18 07:30:00+01:00,3551.0
2024-07-18 08:00:00+01:00,3779.08
2024-07-18 08:30:00+01:00,3972.2
2024-07-18 09:00:00+01:00,4082.2
2024-07-18 09:30:00+01:00,4123.68
2024-07-18 10:00:00+01:00,4121.95
2024-07-18 10:30:00+01:00,4149.07
2024-07-18 11:00:00+01:00,4164.0
2024-07-18 11:30:00+01:00,4160.16
2024-07-18 12:00:00+01:00,4152.16
2024-07-18 12:30:00+01:00,4182.55
2024-07-18 13:00:00+01:00,4162.64
2024-07-18 13:30:00+01:00,4107.92
2024-07-18 14:00:00+01:00,4081.66
2024-07-18 14:30:00+01:00,4072.64
2024-07-18 15:00:00+01:00,4083.43
2024-07-18 15:30:00+01:00,4074.56
2024-07-18 16:00:00+01:00,4108.5
2024-07-18 16:30:00+01:00,4135.18
2024-07-18 17:00:00+01:00,4184.54
2024-07-18 17:30:00+01:00,4257.5
2024-07-18 18:00:00+01:00,4264.53
2024-07-18 18:30:00+01:00,4214.23
2024-07-18 19:00:00+01:00,4151.61
2024-07-18 19:30:00+01:00,4095.26
2024-07-18 20:00:00+01:00,4022.14
2024-07-18 20:30:00+01:00,3973.65
2024-07-18 21:00:00+01:00,3930.35
2024-07-18 21:30:00+01:00,3876.06
2024-07-18 22:00:00+01:00,3836.15
2024-07-18 22:30:00+01:00,3750.29
2024-07-18 23:00:00+01:00,3558.63
2024-07-18 23:30:00+01:00,3407.6
2024-07-19 00:00:00+01:00,3257.32
2024-07-19 00:30:00+01:00,3182.73
2024-07-19 01:00:00+01:00,3088.21
2024-07-19 01:30:00+01:00,3035.56
2024-07-19 02:00:00+01:00,2956.41
2024-07-19 02:30:00+01:00,2982.29
2024-07-19 03:00:00+01:00,2900.96
2024-07-19 03:30:00+01:00,2884.97
2024-07-19 04:00:00+01:00,2886.19
2024-07-19 04:30:00+01:00,2873.57
2024-07-19 05:00:00+01:00,2894.71
2024-07-19 05:30:00+01:00,2897.58
2024-07-19 06:00:00+01:00,2986.62
2024-07-19 06:30:00+01:00,3174.26
2024-07-19 07:00:00+01:00,3340.94
2024-07-19 07:30:00+01:00,3548.59
2024-07-19 08:00:00+01:00,3771.67
2024-07-19 08:30:00+01:00,3977.13
2024-07-19 09:00:00+01:00,4023.33
2024-07-19 09:30:00+01:00,4054.54
2024-07-19 10:00:00+01:00,4034.64
2024-07-19 10:30:00+01:00,4026.79
2024-07-19 11:00:00+01:00,3982.66
2024-07-19 11:30:00+01:00,3972.51
2024-07-19 12:00:00+01:00,3922.38
2024-07-19 12:30:00+01:00,3918.32
2024-07-19 13:00:00+01:00,3913.98
2024-07-19 13:30:00+01:00,3922.59
2024-07-19 14:00:00+01:00,3889.85
2024-07-19 14:30:00+01:00,3829.74
2024-07-19 15:00:00+01:00,3834.43
2024-07-19 15:30:00+01:00,3836.1
2024-07-19 16:00:00+01:00,3837.84
2024-07-19 16:30:00+01:00,3894.71
2024-07-19 17:00:00+01:00,3971.75
2024-07-19 17:30:00+01:00,4052.61
2024-07-19 18:00:00+01:00,4060.31
2024-07-19 18:30:00+01:00,4052.26
2024-07-19 19:00:00+01:00,3998.66
2024-07-19 19:30:00+01:00,3968.35
2024-07-19 20:00:00+01:00,3903.86
2024-07-19 20:30:00+01:00,3833.46
2024-07-19 21:00:00+01:00,3747.5
2024-07-19 21:30:00+01:00,3684.69
2024-07-19 22:00:00+01:00,3641.06
2024-07-19 22:30:00+01:00,3574.42
2024-07-19 23:00:00+01:00,3442.03
2024-07-19 23:30:00+01:00,3325.95
2024-07-20 00:00:00+01:00,3205.29
2024-07-20 00:30:00+01:00,3130.32
2024-07-20 01:00:00+01:00,3044.0
2024-07-20 01:30:00+01:00,3014.62
2024-07-20 02:00:00+01:00,2955.79
2024-07-20 02:30:00+01:00,2975.73
2024-07-20 03:00:00+01:00,2925.3
2024-07-20 03:30:00+01:00,2903.06
2024-07-20 04:00:00+01:00,2870.81
2024-07-20 04:30:00+01:00,2870.44
2024-07-20 05:00:00+01:00,2883.68
2024-07-20 05:30:00+01:00,2880.03
2024-07-20 06:00:00+01:00,2909.78
2024-07-20 06:30:00+01:00,2972.57
2024-07-20 07:00:00+01:00,3063.02
2024-07-20 07:30:00+01:00,3191.85
2024-07-20 08:00:00+01:00,3320.11
2024-07-20 08:30:00+01:00,3466.45
2024-07-20 09:00:00+01:00,3557.75
2024-07-20 09:30:00+01:00,3655.45
2024-07-20 10:00:00+01:00,3702.63
2024-07-20 10:30:00+01:00,3719.53
2024-07-20 11:00:00+01:00,3747.2
2024-07-20 11:30:00+01:00,3754.23
2024-07-20 12:00:00+01:00,3744.23
2024-07-20 12:30:00+01:00,3734.69
2024-07-20 13:00:00+01:00,3708.61
2024-07-20 13:30:00+01:00,3657.27
2024-07-20 14:00:00+01:00,3603.18
2024-07-20 14:30:00+01:00,3550.42
2024-07-20 15:00:00+01:00,3498.88
2024-07-20 15:30:00+01:00,3487.92
2024-07-20 16:00:00+01:00,3464.15
2024-07-20 16:30:00+01:00,3503.07
2024-07-20 17:00:00+01:00,3567.33
2024-07-20 17:30:00+01:00,3644.27
2024-07-20 18:00:00+01:00,3669.16
2024-07-20 18:30:00+01:00,3649.63
2024-07-20 19:00:00+01:00,3632.71
2024-07-20 19:30:00+01:00,3587.87
2024-07-20 20:00:00+01:00,3520.21
2024-07-20 20:30:00+01:00,3480.43
2024-07-20 21:00:00+01:00,3438.88
2024-07-20 21:30:00+01:00,3386.77
2024-07-20 22:00:00+01:00,3372.52
2024-07-20 22:30:00+01:00,3344.08
2024-07-20 23:00:00+01:00,3263.42
2024-07-20 23:30:00+01:00,3159.92
2024-07-21 00:00:00+01:00,3060.36
2024-07-21 00:30:00+01:00,3035.91
2024-07-21 01:00:00+01:00,2949.9
2024-07-21 01:30:00+01:00,2869.96
2024-07-21 02:00:00+01:00,2808.35
2024-07-21 02:30:00+01:00,2831.6
2024-07-21 03:00:00+01:00,2776.47
2024-07-21 03:30:00+01:00,2760.93
2024-07-21 04:00:00+01:00,2721.9
2024-07-21 04:30:00+01:00,2724.11
2024-07-21 05:00:00+01:00,2731.59
2024-07-21 05:30:00+01:00,2696.98
2024-07-21 06:00:00+01:00,2687.88
2024-07-21 06:30:00+01:00,2741.33
2024-07-21 07:00:00+01:00,2814.84
2024-07-21 07:30:00+01:00,2916.63
2024-07-21 08:00:00+01:00,3016.59
2024-07-21 08:30:00+01:00,3136.35
2024-07-21 09:00:00+01:00,3252.44
2024-07-21 09:30:00+01:00,3362.2
2024-07-21 10:00:00+01:00,3425.81
2024-07-21 10:30:00+01:00,3489.4
2024-07-21 11:00:00+01:00,3500.27
2024-07-21 11:30:00+01:00,3543.74
2024-07-21 12:00:00+01:00,3569.39
2024-07-21 12:30:00+01:00,3588.28
2024-07-21 13:00:00+01:00,3578.42
2024-07-21 13:30:00+01:00,3531.09
2024-07-21 14:00:00+01:00,3527.84
2024-07-21 14:30:00+01:00,3518.62
2024-07-21 15:00:00+01:00,3509.09
2024-07-21 15:30:00+01:00,3495.75
2024-07-21 16:00:00+01:00,3489.17
2024-07-21 16:30:00+01:00,3560.38
2024-07-21 17:00:00+01:00,3575.3
2024-07-21 17:30:00+01:00,3641.22
2024-07-21 18:00:00+01:00,3636.98
2024-07-21 18:30:00+01:00,3713.19
2024-07-21 19:00:00+01:00,3715.56
2024-07-21 19:30:00+01:00,3701.52
2024-07-21 20:00:00+01:00,3646.65
2024-07-21 20:30:00+01:00,3592.75
2024-07-21 21:00:00+01:00,3535.85
2024-07-21 21:30:00+01:00,3477.5
2024-07-21 22:00:00+01:00,3456.3
2024-07-21 22:30:00+01:00,3357.84
2024-07-21 23:00:00+01:00,3240.15
2024-07-21 23:30:00+01:00,3133.14
2024-07-22 00:00:00+01:00,3043.11
2024-07-22 00:30:00+01:00,2988.52
2024-07-22 01:00:00+01:00,2931.41
2024-07-22 01:30:00+01:00,2882.6
2024-07-22 02:00:00+01:00,2867.27
2024-07-22 02:30:00+01:00,2891.16
2024-07-22 03:00:00+01:00,2921.27
2024-07-22 03:30:00+01:00,2890.99
2024-07-22 04:00:00+01:00,2795.87
2024-07-22 04:30:00+01:00,2790.35
2024-07-22 05:00:00+01:00,2816.07
2024-07-22 05:30:00+01:00,2820.31
2024-07-22 06:00:00+01:00,2905.8
2024-07-22 06:30:00+01:00,3088.41
2024-07-22 07:00:00+01:00,3292.04
2024-07-22 07:30:00+01:00,3525.29
2024-07-22 08:00:00+01:00,3699.69
2024-07-22 08:30:00+01:00,3861.99
2024-07-22 09:00:00+01:00,3966.63
2024-07-22 09:30:00+01:00,4028.28
2024-07-22 10:00:00+01:00,4013.93
2024-07-22 10:30:00+01:00,4012.74
2024-07-22 11:00:00+01:00,4017.24
2024-07-22 11:30:00+01:00,4028.83
2024-07-22 12:00:00+01:00,4046.92
2024-07-22 12:30:00+01:00,4070.2
2024-07-22 13:00:00+01:00,4085.35
2024-07-22 13:30:00+01:00,4027.74
2024-07-22 14:00:00+01:00,3983.55
2024-07-22 14:30:00+01:00,3938.25
2024-07-22 15:00:00+01:00,3930.69
2024-07-22 15:30:00+01:00,3950.44
2024-07-22 16:00:00+01:00,3979.3
2024-07-22 16:30:00+01:00,4041.47
2024-07-22 17:00:00+01:00,4166.08
2024-07-22 17:30:00+01:00,4273.22
2024-07-22 18:00:00+01:00,4256.47
2024-07-22 18:30:00+01:00,4227.09
2024-07-22 19:00:00+01:00,4111.5
2024-07-22 19:30:00+01:00,4059.29
2024-07-22 20:00:00+01:00,4023.08
2024-07-22 20:30:00+01:00,3946.0
2024-07-22 21:00:00+01:00,3889.49
2024-07-22 21:30:00+01:00,3771.25
2024-07-22 22:00:00+01:00,3751.47
2024-07-22 22:30:00+01:00,3629.04
2024-07-22 23:00:00+01:00,3467.95
2024-07-22 23:30:00+01:00,3332.89
2024-07-23 00:00:00+01:00,3212.89
2024-07-23 00:30:00+01:00,3146.29
2024-07-23 01:00:00+01:00,3065.88
2024-07-23 01:30:00+01:00,2996.48
2024-07-23 02:00:00+01:00,2999.35
2024-07-23 02:30:00+01:00,3027.51
2024-07-23 03:00:00+01:00,3008.61
2024-07-23 03:30:00+01:00,2962.67
2024-07-23 04:00:00+01:00,2941.24
2024-07-23 04:30:00+01:00,2959.72
2024-07-23 05:00:00+01:00,2961.51
2024-07-23 05:30:00+01:00,2986.19
2024-07-23 06:00:00+01:00,3064.56
2024-07-23 06:30:00+01:00,3257.64
2024-07-23 07:00:00+01:00,3456.61
2024-07-23 07:30:00+01:00,3693.45
2024-07-23 08:00:00+01:00,3864.1
2024-07-23 08:30:00+01:00,4038.87
2024-07-23 09:00:00+01:00,4100.65
2024-07-23 09:30:00+01:00,4132.04
2024-07-23 10:00:00+01:00,4112.84
2024-07-23 10:30:00+01:00,4087.49
2024-07-23 11:00:00+01:00,4043.03
2024-07-23 11:30:00+01:00,4016.24
2024-07-23 12:00:00+01:00,3997.66
2024-07-23 12:30:00+01:00,4025.14
2024-07-23 13:00:00+01:00,4013.8
2024-07-23 13:30:00+01:00,3986.54
2024-07-23 14:00:00+01:00,3979.89
2024-07-23 14:30:00+01:00,3995.23
2024-07-23 15:00:00+01:00,3999.25
2024-07-23 15:30:00+01:00,4000.97
2024-07-23 16:00:00+01:00,4024.0
2024-07-23 16:30:00+01:00,4083.08
2024-07-23 17:00:00+01:00,4141.66
2024-07-23 17:30:00+01:00,4232.49
2024-07-23 18:00:00+01:00,4236.47
2024-07-23 18:30:00+01:00,4167.94
2024-07-23 19:00:00+01:00,4082.34
2024-07-23 19:30:00+01:00,4055.91
2024-07-23 20:00:00+01:00,3980.2
2024-07-23 20:30:00+01:00,3954.32
2024-07-23 21:00:00+01:00,3912.99
2024-07-23 21:30:00+01:00,3850.08
2024-07-23 22:00:00+01:00,3811.7
2024-07-23 22:30:00+01:00,3698.76
2024-07-23 23:00:00+01:00,3520.12
2024-07-23 23:30:00+01:00,3374.65
2024-07-24 00:00:00+01:00,3241.64
2024-07-24 00:30:00+01:00,3176.97
2024-07-24 01:00:00+01:00,3098.59
2024-07-24 01:30:00+01:00,3027.46
2024-07-24 02:00:00+01:00,2981.22
2024-07-24 02:30:00+01:00,2992.74
2024-07-24 03:00:00+01:00,2964.38
2024-07-24 03:30:00+01:00,2971.22
2024-07-24 04:00:00+01:00,2975.42
2024-07-24 04:30:00+01:00,2934.71
2024-07-24 05:00:00+01:00,2984.51
2024-07-24 05:30:00+01:00,2975.91
2024-07-24 06:00:00+01:00,3022.86
2024-07-24 06:30:00+01:00,3179.56
2024-07-24 07:00:00+01:00,3380.87
2024-07-24 07:30:00+01:00,3607.82
2024-07-24 08:00:00+01:00,3767.72
2024-07-24 08:30:00+01:00,3938.16
2024-07-24 09:00:00+01:00,4027.78
2024-07-24 09:30:00+01:00,4061.17
2024-07-24 10:00:00+01:00,4028.11
2024-07-24 10:30:00+01:00,4032.99
2024-07-24 11:00:00+01:00,4021.85
2024-07-24 11:30:00+01:00,4032.21
2024-07-24 12:00:00+01:00,4038.77
2024-07-24 12:30:00+01:00,4036.03
2024-07-24 13:00:00+01:00,4050.53
2024-07-24 13:30:00+01:00,4015.4
2024-07-24 14:00:00+01:00,4008.35
2024-07-24 14:30:00+01:00,3996.93
2024-07-24 15:00:00+01:00,4027.77
2024-07-24 15:30:00+01:00,4036.88
2024-07-24 16:00:00+01:00,3996.24
2024-07-24 16:30:00+01:00,4041.39
2024-07-24 17:00:00+01:00,4098.87
2024-07-24 17:30:00+01:00,4166.88
2024-07-24 18:00:00+01:00,4168.02
2024-07-24 18:30:00+01:00,4134.22
2024-07-24 19:00:00+01:00,4090.19
2024-07-24 19:30:00+01:00,4044.02
2024-07-24 20:00:00+01:00,3971.18
2024-07-24 20:30:00+01:00,3947.81
2024-07-24 21:00:00+01:00,3907.11
2024-07-24 21:30:00+01:00,3849.13
2024-07-24 22:00:00+01:00,3815.43
2024-07-24 22:30:00+01:00,3697.83
2024-07-24 23:00:00+01:00,3552.03
2024-07-24 23:30:00+01:00,3382.0
2024-07-25 00:00:00+01:00,3243.75
2024-07-25 00:30:00+01:00,3175.1
2024-07-25 01:00:00+01:00,3090.71
2024-07-25 01:30:00+01:00,3024.08
2024-07-25 02:00:00+01:00,2963.29
2024-07-25 02:30:00+01:00,3014.95
2024-07-25 03:00:00+01:00,2987.94
2024-07-25 03:30:00+01:00,2962.91
2024-07-25 04:00:00+01:00,2918.57
2024-07-25 04:30:00+01:00,2928.05
2024-07-25 05:00:00+01:00,2936.77
2024-07-25 05:30:00+01:00,2957.09
2024-07-25 06:00:00+01:00,3037.64
2024-07-25 06:30:00+01:00,3208.91
2024-07-25 07:00:00+01:00,3419.35
2024-07-25 07:30:00+01:00,3656.46
2024-07-25 08:00:00+01:00,3842.37
2024-07-25 08:30:00+01:00,3994.18
2024-07-25 09:00:00+01:00,4055.44
2024-07-25 09:30:00+01:00,4081.45
2024-07-25 10:00:00+01:00,4086.64
2024-07-25 10:30:00+01:00,4111.19
2024-07-25 11:00:00+01:00,4109.1
2024-07-25 11:30:00+01:00,4084.52
2024-07-25 12:00:00+01:00,4106.86
2024-07-25 12:30:00+01:00,4157.1
2024-07-25 13:00:00+01:00,4129.76
2024-07-25 13:30:00+01:00,4060.77
2024-07-25 14:00:00+01:00,3979.72
2024-07-25 14:30:00+01:00,3954.86
2024-07-25 15:00:00+01:00,3879.16
2024-07-25 15:30:00+01:00,3908.51
2024-07-25 16:00:00+01:00,3906.17
2024-07-25 16:30:00+01:00,3902.3
2024-07-25 17:00:00+01:00,3976.31
2024-07-25 17:30:00+01:00,4025.27
2024-07-25 18:00:00+01:00,4040.15
2024-07-25 18:30:00+01:00,3974.05
2024-07-25 19:00:00+01:00,3954.96
2024-07-25 19:30:00+01:00,3867.45
2024-07-25 20:00:00+01:00,3830.69
2024-07-25 20:30:00+01:00,3784.38
2024-07-25 21:00:00+01:00,3753.37
2024-07-25 21:30:00+01:00,3689.43
2024-07-25 22:00:00+01:00,3708.35
2024-07-25 22:30:00+01:00,3621.95
2024-07-25 23:00:00+01:00,3455.14
2024-07-25 23:30:00+01:00,3299.74
2024-07-26 00:00:00+01:00,3155.4
2024-07-26 00:30:00+01:00,3115.69
2024-07-26 01:00:00+01:00,3011.02
2024-07-26 01:30:00+01:00,3022.4
2024-07-26 02:00:00+01:00,2978.46
2024-07-26 02:30:00+01:00,2960.88
2024-07-26 03:00:00+01:00,2923.87
2024-07-26 03:30:00+01:00,2895.55
2024-07-26 04:00:00+01:00,2895.52
2024-07-26 04:30:00+01:00,2875.96
2024-07-26 05:00:00+01:00,2921.58
2024-07-26 05:30:00+01:00,2914.29
2024-07-26 06:00:00+01:00,2979.77
2024-07-26 06:30:00+01:00,3145.51
2024-07-26 07:00:00+01:00,3314.36
2024-07-26 07:30:00+01:00,3589.2
2024-07-26 08:00:00+01:00,3769.53
2024-07-26 08:30:00+01:00,3920.16
2024-07-26 09:00:00+01:00,3996.58
2024-07-26 09:30:00+01:00,4025.06
2024-07-26 10:00:00+01:00,4038.81
2024-07-26 10:30:00+01:00,4004.24
2024-07-26 11:00:00+01:00,4036.57
2024-07-26 11:30:00+01:00,3974.41
2024-07-26 12:00:00+01:00,3999.19
2024-07-26 12:30:00+01:00,3992.17
2024-07-26 13:00:00+01:00,4018.27
2024-07-26 13:30:00+01:00,3959.38
2024-07-26 14:00:00+01:00,3832.77
2024-07-26 14:30:00+01:00,3838.88
2024-07-26 15:00:00+01:00,3817.2
2024-07-26 15:30:00+01:00,3784.7
2024-07-26 16:00:00+01:00,3726.9
2024-07-26 16:30:00+01:00,3841.62
2024-07-26 17:00:00+01:00,3907.85
2024-07-26 17:30:00+01:00,3980.74
2024-07-26 18:00:00+01:00,3959.06
2024-07-26 18:30:00+01:00,3974.48
2024-07-26 19:00:00+01:00,3902.25
2024-07-26 19:30:00+01:00,3877.13
2024-07-26 20:00:00+01:00,3818.98
2024-07-26 20:30:00+01:00,3774.79
2024-07-26 21:00:00+01:00,3720.66
2024-07-26 21:30:00+01:00,3645.7
2024-07-26 22:00:00+01:00,3640.14
2024-07-26 22:30:00+01:00,3546.39
2024-07-26 23:00:00+01:00,3446.0
2024-07-26 23:30:00+01:00,3343.99
2024-07-27 00:00:00+01:00,3217.47
2024-07-27 00:30:00+01:00,3135.35
2024-07-27 01:00:00+01:00,3042.28
2024-07-27 01:30:00+01:00,2984.34
2024-07-27 02:00:00+01:00,2933.48
2024-07-27 02:30:00+01:00,2977.85
2024-07-27 03:00:00+01:00,2935.83
2024-07-27 03:30:00+01:00,2891.57
2024-07-27 04:00:00+01:00,2832.75
2024-07-27 04:30:00+01:00,2836.67
2024-07-27 05:00:00+01:00,2825.83
2024-07-27 05:30:00+01:00,2838.8
2024-07-27 06:00:00+01:00,2845.71
2024-07-27 06:30:00+01:00,2909.44
2024-07-27 07:00:00+01:00,3022.53
2024-07-27 07:30:00+01:00,3146.73
2024-07-27 08:00:00+01:00,3280.79
2024-07-27 08:30:00+01:00,3434.67
2024-07-27 09:00:00+01:00,3556.3
2024-07-27 09:30:00+01:00,3636.86
2024-07-27 10:00:00+01:00,3684.13
2024-07-27 10:30:00+01:00,3701.44
2024-07-27 11:00:00+01:00,3717.77
2024-07-27 11:30:00+01:00,3706.74
2024-07-27 12:00:00+01:00,3764.32
2024-07-27 12:30:00+01:00,3720.48
2024-07-27 13:00:00+01:00,3679.55
2024-07-27 13:30:00+01:00,3598.11
2024-07-27 14:00:00+01:00,3566.82
2024-07-27 14:30:00+01:00,3531.94
2024-07-27 15:00:00+01:00,3547.6
2024-07-27 15:30:00+01:00,3542.23
2024-07-27 16:00:00+01:00,3576.85
2024-07-27 16:30:00+01:00,3602.92
2024-07-27 17:00:00+01:00,3639.58
2024-07-27 17:30:00+01:00,3730.72
2024-07-27 18:00:00+01:00,3729.15
2024-07-27 18:30:00+01:00,3712.19
2024-07-27 19:00:00+01:00,3658.98
2024-07-27 19:30:00+01:00,3616.03
2024-07-27 20:00:00+01:00,3545.1
2024-07-27 20:30:00+01:00,3526.92
2024-07-27 21:00:00+01:00,3492.03
2024-07-27 21:30:00+01:00,3435.76
2024-07-27 22:00:00+01:00,3451.12
2024-07-27 22:30:00+01:00,3370.2
2024-07-27 23:00:00+01:00,3250.47
2024-07-27 23:30:00+01:00,3176.12
2024-07-28 00:00:00+01:00,3084.88
2024-07-28 00:30:00+01:00,3041.86
2024-07-28 01:00:00+01:00,2971.33
2024-07-28 01:30:00+01:00,2925.06
2024-07-28 02:00:00+01:00,2877.54
2024-07-28 02:30:00+01:00,2886.37
2024-07-28 03:00:00+01:00,2836.25
2024-07-28 03:30:00+01:00,2831.58
2024-07-28 04:00:00+01:00,2799.92
2024-07-28 04:30:00+01:00,2786.89
2024-07-28 05:00:00+01:00,2793.08
2024-07-28 05:30:00+01:00,2754.69
2024-07-28 06:00:00+01:00,2745.7
2024-07-28 06:30:00+01:00,2787.44
2024-07-28 07:00:00+01:00,2854.48
2024-07-28 07:30:00+01:00,2961.01
2024-07-28 08:00:00+01:00,3071.76
2024-07-28 08:30:00+01:00,3216.25
2024-07-28 09:00:00+01:00,3322.31
2024-07-28 09:30:00+01:00,3434.03
2024-07-28 10:00:00+01:00,3483.93
2024-07-28 10:30:00+01:00,3548.1
2024-07-28 11:00:00+01:00,3542.3
2024-07-28 11:30:00+01:00,3540.25
2024-07-28 12:00:00+01:00,3548.39
2024-07-28 12:30:00+01:00,3507.26
2024-07-28 13:00:00+01:00,3509.05
2024-07-28 13:30:00+01:00,3473.99
2024-07-28 14:00:00+01:00,3493.44
2024-07-28 14:30:00+01:00,3414.5
2024-07-28 15:00:00+01:00,3398.76
2024-07-28 15:30:00+01:00,3395.03
2024-07-28 16:00:00+01:00,3375.08
2024-07-28 16:30:00+01:00,3423.79
2024-07-28 17:00:00+01:00,3449.04
2024-07-28 17:30:00+01:00,3527.5
2024-07-28 18:00:00+01:00,3638.95
2024-07-28 18:30:00+01:00,3651.74
2024-07-28 19:00:00+01:00,3634.27
2024-07-28 19:30:00+01:00,3606.99
2024-07-28 20:00:00+01:00,3567.47
2024-07-28 20:30:00+01:00,3496.38
2024-07-28 21:00:00+01:00,3442.0
2024-07-28 21:30:00+01:00,3405.39
2024-07-28 22:00:00+01:00,3402.73
2024-07-28 22:30:00+01:00,3330.08
2024-07-28 23:00:00+01:00,3199.54
2024-07-28 23:30:00+01:00,3086.61
2024-07-29 00:00:00+01:00,2971.68
2024-07-29 00:30:00+01:00,2920.91
2024-07-29 01:00:00+01:00,2841.27
2024-07-29 01:30:00+01:00,2798.4
2024-07-29 02:00:00+01:00,2767.59
2024-07-29 02:30:00+01:00,2800.97
2024-07-29 03:00:00+01:00,2755.54
2024-07-29 03:30:00+01:00,2742.62
2024-07-29 04:00:00+01:00,2723.62
2024-07-29 04:30:00+01:00,2750.89
2024-07-29 05:00:00+01:00,2767.25
2024-07-29 05:30:00+01:00,2779.19
2024-07-29 06:00:00+01:00,2849.33
2024-07-29 06:30:00+01:00,3026.14
2024-07-29 07:00:00+01:00,3202.16
2024-07-29 07:30:00+01:00,3442.13
2024-07-29 08:00:00+01:00,3645.46
2024-07-29 08:30:00+01:00,3823.39
2024-07-29 09:00:00+01:00,3949.79
2024-07-29 09:30:00+01:00,4037.98
2024-07-29 10:00:00+01:00,4020.34
2024-07-29 10:30:00+01:00,4007.29
2024-07-29 11:00:00+01:00,4005.47
2024-07-29 11:30:00+01:00,3980.77
2024-07-29 12:00:00+01:00,4008.01
2024-07-29 12:30:00+01:00,4044.65
2024-07-29 13:00:00+01:00,4004.39
2024-07-29 13:30:00+01:00,3948.98
2024-07-29 14:00:00+01:00,3939.68
2024-07-29 14:30:00+01:00,3923.33
2024-07-29 15:00:00+01:00,3909.19
2024-07-29 15:30:00+01:00,3931.16
2024-07-29 16:00:00+01:00,3965.3
2024-07-29 16:30:00+01:00,4006.58
2024-07-29 17:00:00+01:00,4081.16
2024-07-29 17:30:00+01:00,4152.89
2024-07-29 18:00:00+01:00,4155.95
2024-07-29 18:30:00+01:00,4117.57
2024-07-29 19:00:00+01:00,4052.13
2024-07-29 19:30:00+01:00,3983.75
2024-07-29 20:00:00+01:00,3904.22
2024-07-29 20:30:00+01:00,3859.95
2024-07-29 21:00:00+01:00,3811.25
2024-07-29 21:30:00+01:00,3784.57
2024-07-29 22:00:00+01:00,3759.22
2024-07-29 22:30:00+01:00,3636.33
2024-07-29 23:00:00+01:00,3459.25
2024-07-29 23:30:00+01:00,3344.8
2024-07-30 00:00:00+01:00,3226.05
2024-07-30 00:30:00+01:00,3168.43
2024-07-30 01:00:00+01:00,3075.27
2024-07-30 01:30:00+01:00,3013.4
2024-07-30 02:00:00+01:00,2978.05
2024-07-30 02:30:00+01:00,2991.52
2024-07-30 03:00:00+01:00,2986.48
2024-07-30 03:30:00+01:00,2949.81
2024-07-30 04:00:00+01:00,2928.86
2024-07-30 04:30:00+01:00,2931.82
2024-07-30 05:00:00+01:00,2948.43
2024-07-30 05:30:00+01:00,2960.19
2024-07-30 06:00:00+01:00,3025.95
2024-07-30 06:30:00+01:00,3172.05
2024-07-30 07:00:00+01:00,3354.28
2024-07-30 07:30:00+01:00,3601.28
2024-07-30 08:00:00+01:00,3788.2
2024-07-30 08:30:00+01:00,3947.08
2024-07-30 09:00:00+01:00,4050.51
2024-07-30 09:30:00+01:00,4082.81
2024-07-30 10:00:00+01:00,4060.45
2024-07-30 10:30:00+01:00,3991.83
2024-07-30 11:00:00+01:00,4063.55
2024-07-30 11:30:00+01:00,3998.65
2024-07-30 12:00:00+01:00,4021.25
2024-07-30 12:30:00+01:00,4037.38
2024-07-30 13:00:00+01:00,4050.99
2024-07-30 13:30:00+01:00,3981.64
2024-07-30 14:00:00+01:00,3950.14
2024-07-30 14:30:00+01:00,3922.48
2024-07-30 15:00:00+01:00,3913.18
2024-07-30 15:30:00+01:00,3925.96
2024-07-30 16:00:00+01:00,3960.4
2024-07-30 16:30:00+01:00,4038.11
2024-07-30 17:00:00+01:00,4108.9
2024-07-30 17:30:00+01:00,4167.84
2024-07-30 18:00:00+01:00,4181.99
2024-07-30 18:30:00+01:00,4094.42
2024-07-30 19:00:00+01:00,4061.99
2024-07-30 19:30:00+01:00,4000.7
2024-07-30 20:00:00+01:00,3932.13
2024-07-30 20:30:00+01:00,3888.85
2024-07-30 21:00:00+01:00,3831.28
2024-07-30 21:30:00+01:00,3804.98
2024-07-30 22:00:00+01:00,3792.18
2024-07-30 22:30:00+01:00,3665.27
2024-07-30 23:00:00+01:00,3469.51
2024-07-30 23:30:00+01:00,3339.16
2024-07-31 00:00:00+01:00,3208.43
2024-07-31 00:30:00+01:00,3142.29
2024-07-31 01:00:00+01:00,3053.36
2024-07-31 01:30:00+01:00,3001.93
2024-07-31 02:00:00+01:00,2962.06
2024-07-31 02:30:00+01:00,2994.23
2024-07-31 03:00:00+01:00,2980.08
2024-07-31 03:30:00+01:00,2958.1
2024-07-31 04:00:00+01:00,2926.17
2024-07-31 04:30:00+01:00,2897.04
2024-07-31 05:00:00+01:00,2917.83
2024-07-31 05:30:00+01:00,2935.77
2024-07-31 06:00:00+01:00,2993.07
2024-07-31 06:30:00+01:00,3158.5
2024-07-31 07:00:00+01:00,3348.93
2024-07-31 07:30:00+01:00,3593.07
2024-07-31 08:00:00+01:00,3777.79
2024-07-31 08:30:00+01:00,3957.0
2024-07-31 09:00:00+01:00,4035.2
2024-07-31 09:30:00+01:00,4063.09
2024-07-31 10:00:00+01:00,4034.83
2024-07-31 10:30:00+01:00,4027.75
2024-07-31 11:00:00+01:00,4019.69
2024-07-31 11:30:00+01:00,4007.04
2024-07-31 12:00:00+01:00,3989.12
2024-07-31 12:30:00+01:00,3978.01
2024-07-31 13:00:00+01:00,3996.88
2024-07-31 13:30:00+01:00,3954.7
2024-07-31 14:00:00+01:00,3924.2
2024-07-31 14:30:00+01:00,3935.59
2024-07-31 15:00:00+01:00,3941.26
2024-07-31 15:30:00+01:00,3979.97
2024-07-31 16:00:00+01:00,4006.48
2024-07-31 16:30:00+01:00,4101.65
2024-07-31 17:00:00+01:00,4157.9
2024-07-31 17:30:00+01:00,4166.47
2024-07-31 18:00:00+01:00,4189.09
2024-07-31 18:30:00+01:00,4129.35
2024-07-31 19:00:00+01:00,4077.57
2024-07-31 19:30:00+01:00,4020.12
2024-07-31 20:00:00+01:00,3953.18
2024-07-31 20:30:00+01:00,3913.99
2024-07-31 21:00:00+01:00,3857.13
2024-07-31 21:30:00+01:00,3850.18
2024-07-31 22:00:00+01:00,3809.35
2024-07-31 22:30:00+01:00,3661.54
2024-07-31 23:00:00+01:00,3487.35
2024-07-31 23:30:00+01:00,3359.58
2024-08-01 00:00:00+01:00,3236.65
2024-08-01 00:30:00+01:00,3159.57
2024-08-01 01:00:00+01:00,3063.46
2024-08-01 01:30:00+01:00,3018.99
2024-08-01 02:00:00+01:00,3011.39
2024-08-01 02:30:00+01:00,3063.05
2024-08-01 03:00:00+01:00,3022.63
2024-08-01 03:30:00+01:00,2989.79
2024-08-01 04:00:00+01:00,2979.9
2024-08-01 04:30:00+01:00,2942.8
2024-08-01 05:00:00+01:00,2960.42
2024-08-01 05:30:00+01:00,2957.17
2024-08-01 06:00:00+01:00,3025.08
2024-08-01 06:30:00+01:00,3170.87
2024-08-01 07:00:00+01:00,3358.08
2024-08-01 07:30:00+01:00,3622.48
2024-08-01 08:00:00+01:00,3789.81
2024-08-01 08:30:00+01:00,3939.2
2024-08-01 09:00:00+01:00,4029.64
2024-08-01 09:30:00+01:00,4063.85
2024-08-01 10:00:00+01:00,4048.52
2024-08-01 10:30:00+01:00,4018.02
2024-08-01 11:00:00+01:00,4000.09
2024-08-01 11:30:00+01:00,4006.12
2024-08-01 12:00:00+01:00,4019.65
2024-08-01 12:30:00+01:00,3995.59
2024-08-01 13:00:00+01:00,3997.08
2024-08-01 13:30:00+01:00,3943.4
2024-08-01 14:00:00+01:00,3926.22
2024-08-01 14:30:00+01:00,3954.65
2024-08-01 15:00:00+01:00,3928.5
2024-08-01 15:30:00+01:00,3942.59
2024-08-01 16:00:00+01:00,3981.94
2024-08-01 16:30:00+01:00,4044.56
2024-08-01 17:00:00+01:00,4099.87
2024-08-01 17:30:00+01:00,4118.44
2024-08-01 18:00:00+01:00,4128.64
2024-08-01 18:30:00+01:00,4072.19
2024-08-01 19:00:00+01:00,4027.14
2024-08-01 19:30:00+01:00,3964.27
2024-08-01 20:00:00+01:00,3911.09
2024-08-01 20:30:00+01:00,3887.21
2024-08-01 21:00:00+01:00,3831.38
2024-08-01 21:30:00+01:00,3785.68
2024-08-01 22:00:00+01:00,3737.67
2024-08-01 22:30:00+01:00,3608.02
2024-08-01 23:00:00+01:00,3474.38
2024-08-01 23:30:00+01:00,3338.22
2024-08-02 00:00:00+01:00,3203.38
2024-08-02 00:30:00+01:00,3121.6
2024-08-02 01:00:00+01:00,3010.08
2024-08-02 01:30:00+01:00,3013.41
2024-08-02 02:00:00+01:00,2975.92
2024-08-02 02:30:00+01:00,2977.04
2024-08-02 03:00:00+01:00,2908.53
2024-08-02 03:30:00+01:00,2926.39
2024-08-02 04:00:00+01:00,2902.54
2024-08-02 04:30:00+01:00,2887.08
2024-08-02 05:00:00+01:00,2932.61
2024-08-02 05:30:00+01:00,2952.14
2024-08-02 06:00:00+01:00,3034.44
2024-08-02 06:30:00+01:00,3133.49
2024-08-02 07:00:00+01:00,3324.48
2024-08-02 07:30:00+01:00,3542.66
2024-08-02 08:00:00+01:00,3701.27
2024-08-02 08:30:00+01:00,3878.75
2024-08-02 09:00:00+01:00,3966.15
2024-08-02 09:30:00+01:00,4071.49
2024-08-02 10:00:00+01:00,4008.11
2024-08-02 10:30:00+01:00,4021.65
2024-08-02 11:00:00+01:00,4041.24
2024-08-02 11:30:00+01:00,4048.06
2024-08-02 12:00:00+01:00,4117.95
2024-08-02 12:30:00+01:00,4127.93
2024-08-02 13:00:00+01:00,4081.19
2024-08-02 13:30:00+01:00,4009.72
2024-08-02 14:00:00+01:00,4037.9
2024-08-02 14:30:00+01:00,3969.01
2024-08-02 15:00:00+01:00,3854.11
2024-08-02 15:30:00+01:00,3867.49
2024-08-02 16:00:00+01:00,3859.06
2024-08-02 16:30:00+01:00,3908.4
2024-08-02 17:00:00+01:00,3925.77
2024-08-02 17:30:00+01:00,4002.76
2024-08-02 18:00:00+01:00,3972.78
2024-08-02 18:30:00+01:00,3910.18
2024-08-02 19:00:00+01:00,3895.08
2024-08-02 19:30:00+01:00,3784.34
2024-08-02 20:00:00+01:00,3710.95
2024-08-02 20:30:00+01:00,3681.03
2024-08-02 21:00:00+01:00,3615.39
2024-08-02 21:30:00+01:00,3543.92
2024-08-02 22:00:00+01:00,3544.48
2024-08-02 22:30:00+01:00,3443.7
2024-08-02 23:00:00+01:00,3297.45
2024-08-02 23:30:00+01:00,3215.34
2024-08-03 00:00:00+01:00,3145.91
2024-08-03 00:30:00+01:00,3072.59
2024-08-03 01:00:00+01:00,2981.79
2024-08-03 01:30:00+01:00,2921.63
2024-08-03 02:00:00+01:00,2877.53
2024-08-03 02:30:00+01:00,2897.35
2024-08-03 03:00:00+01:00,2852.93
2024-08-03 03:30:00+01:00,2828.29
2024-08-03 04:00:00+01:00,2806.61
2024-08-03 04:30:00+01:00,2809.29
2024-08-03 05:00:00+01:00,2795.04
2024-08-03 05:30:00+01:00,2793.38
2024-08-03 06:00:00+01:00,2767.03
2024-08-03 06:30:00+01:00,2844.43
2024-08-03 07:00:00+01:00,2945.93
2024-08-03 07:30:00+01:00,3084.44
2024-08-03 08:00:00+01:00,3223.91
2024-08-03 08:30:00+01:00,3375.33
2024-08-03 09:00:00+01:00,3483.89
2024-08-03 09:30:00+01:00,3552.8
2024-08-03 10:00:00+01:00,3587.65
2024-08-03 10:30:00+01:00,3641.03
2024-08-03 11:00:00+01:00,3599.21
2024-08-03 11:30:00+01:00,3613.05
2024-08-03 12:00:00+01:00,3585.65
2024-08-03 12:30:00+01:00,3555.58
2024-08-03 13:00:00+01:00,3530.28
2024-08-03 13:30:00+01:00,3503.56
2024-08-03 14:00:00+01:00,3419.4
2024-08-03 14:30:00+01:00,3409.21
2024-08-03 15:00:00+01:00,3340.19
2024-08-03 15:30:00+01:00,3401.75
2024-08-03 16:00:00+01:00,3403.07
2024-08-03 16:30:00+01:00,3458.76
2024-08-03 17:00:00+01:00,3561.17
2024-08-03 17:30:00+01:00,3594.79
2024-08-03 18:00:00+01:00,3665.47
2024-08-03 18:30:00+01:00,3643.79
2024-08-03 19:00:00+01:00,3602.45
2024-08-03 19:30:00+01:00,3588.1
2024-08-03 20:00:00+01:00,3534.52
2024-08-03 20:30:00+01:00,3492.27
2024-08-03 21:00:00+01:00,3456.77
2024-08-03 21:30:00+01:00,3429.38
2024-08-03 22:00:00+01:00,3405.86
2024-08-03 22:30:00+01:00,3322.71
2024-08-03 23:00:00+01:00,3201.26
2024-08-03 23:30:00+01:00,3097.86
2024-08-04 00:00:00+01:00,3006.39
2024-08-04 00:30:00+01:00,2954.42
2024-08-04 01:00:00+01:00,2892.61
2024-08-04 01:30:00+01:00,2828.59
2024-08-04 02:00:00+01:00,2783.44
2024-08-04 02:30:00+01:00,2795.64
2024-08-04 03:00:00+01:00,2739.67
2024-08-04 03:30:00+01:00,2730.26
2024-08-04 04:00:00+01:00,2735.55
2024-08-04 04:30:00+01:00,2715.17
2024-08-04 05:00:00+01:00,2734.75
2024-08-04 05:30:00+01:00,2716.63
2024-08-04 06:00:00+01:00,2687.49
2024-08-04 06:30:00+01:00,2695.25
2024-08-04 07:00:00+01:00,2748.85
2024-08-04 07:30:00+01:00,2859.28
2024-08-04 08:00:00+01:00,2967.66
2024-08-04 08:30:00+01:00,3106.99
2024-08-04 09:00:00+01:00,3200.99
2024-08-04 09:30:00+01:00,3316.5
2024-08-04 10:00:00+01:00,3411.78
2024-08-04 10:30:00+01:00,3513.26
2024-08-04 11:00:00+01:00,3518.22
2024-08-04 11:30:00+01:00,3500.55
2024-08-04 12:00:00+01:00,3576.18
2024-08-04 12:30:00+01:00,3618.88
2024-08-04 13:00:00+01:00,3645.67
2024-08-04 13:30:00+01:00,3623.1
2024-08-04 14:00:00+01:00,3553.1
2024-08-04 14:30:00+01:00,3517.51
2024-08-04 15:00:00+01:00,3497.49
2024-08-04 15:30:00+01:00,3467.47
2024-08-04 16:00:00+01:00,3497.79
2024-08-04 16:30:00+01:00,3537.04
2024-08-04 17:00:00+01:00,3582.45
2024-08-04 17:30:00+01:00,3652.85
2024-08-04 18:00:00+01:00,3616.43
2024-08-04 18:30:00+01:00,3655.85
2024-08-04 19:00:00+01:00,3599.4
2024-08-04 19:30:00+01:00,3541.83
2024-08-04 20:00:00+01:00,3472.84
2024-08-04 20:30:00+01:00,3449.98
2024-08-04 21:00:00+01:00,3405.98
2024-08-04 21:30:00+01:00,3385.44
2024-08-04 22:00:00+01:00,3318.05
2024-08-04 22:30:00+01:00,3222.39
2024-08-04 23:00:00+01:00,3135.87
2024-08-04 23:30:00+01:00,3073.84
2024-08-05 00:00:00+01:00,2992.68
2024-08-05 00:30:00+01:00,2951.91
2024-08-05 01:00:00+01:00,2868.45
2024-08-05 01:30:00+01:00,2827.87
2024-08-05 02:00:00+01:00,2800.82
2024-08-05 02:30:00+01:00,2818.93
2024-08-05 03:00:00+01:00,2765.15
2024-08-05 03:30:00+01:00,2757.06
2024-08-05 04:00:00+01:00,2733.32
2024-08-05 04:30:00+01:00,2731.18
2024-08-05 05:00:00+01:00,2692.27
2024-08-05 05:30:00+01:00,2709.93
2024-08-05 06:00:00+01:00,2743.63
2024-08-05 06:30:00+01:00,2815.53
2024-08-05 07:00:00+01:00,2861.01
2024-08-05 07:30:00+01:00,3010.95
2024-08-05 08:00:00+01:00,3135.89
2024-08-05 08:30:00+01:00,3277.06
2024-08-05 09:00:00+01:00,3336.44
2024-08-05 09:30:00+01:00,3491.59
2024-08-05 10:00:00+01:00,3570.63
2024-08-05 10:30:00+01:00,3633.8
2024-08-05 11:00:00+01:00,3637.98
2024-08-05 11:30:00+01:00,3716.43
2024-08-05 12:00:00+01:00,3745.27
2024-08-05 12:30:00+01:00,3814.7
2024-08-05 13:00:00+01:00,3772.52
2024-08-05 13:30:00+01:00,3752.38
2024-08-05 14:00:00+01:00,3673.58
2024-08-05 14:30:00+01:00,3658.15
2024-08-05 15:00:00+01:00,3621.67
2024-08-05 15:30:00+01:00,3570.35
2024-08-05 16:00:00+01:00,3606.17
2024-08-05 16:30:00+01:00,3643.69
2024-08-05 17:00:00+01:00,3689.31
2024-08-05 17:30:00+01:00,3794.84
2024-08-05 18:00:00+01:00,3777.8
2024-08-05 18:30:00+01:00,3763.15
2024-08-05 19:00:00+01:00,3707.47
2024-08-05 19:30:00+01:00,3658.47
2024-08-05 20:00:00+01:00,3614.22
2024-08-05 20:30:00+01:00,3551.61
2024-08-05 21:00:00+01:00,3520.87
2024-08-05 21:30:00+01:00,3502.51
2024-08-05 22:00:00+01:00,3447.17
2024-08-05 22:30:00+01:00,3316.44
2024-08-05 23:00:00+01:00,3172.75
2024-08-05 23:30:00+01:00,3076.93
2024-08-06 00:00:00+01:00,2939.6
2024-08-06 00:30:00+01:00,2895.69
2024-08-06 01:00:00+01:00,2829.7
2024-08-06 01:30:00+01:00,2838.14
2024-08-06 02:00:00+01:00,2802.72
2024-08-06 02:30:00+01:00,2738.66
2024-08-06 03:00:00+01:00,2705.54
2024-08-06 03:30:00+01:00,2662.07
2024-08-06 04:00:00+01:00,2662.64
2024-08-06 04:30:00+01:00,2682.13
2024-08-06 05:00:00+01:00,2690.79
2024-08-06 05:30:00+01:00,2726.0
2024-08-06 06:00:00+01:00,2795.18
2024-08-06 06:30:00+01:00,2967.94
2024-08-06 07:00:00+01:00,3164.52
2024-08-06 07:30:00+01:00,3380.35
2024-08-06 08:00:00+01:00,3571.62
2024-08-06 08:30:00+01:00,3763.13
2024-08-06 09:00:00+01:00,3858.17
2024-08-06 09:30:00+01:00,3895.3
2024-08-06 10:00:00+01:00,3858.78
2024-08-06 10:30:00+01:00,3869.47
2024-08-06 11:00:00+01:00,3781.46
2024-08-06 11:30:00+01:00,3759.61
2024-08-06 12:00:00+01:00,3804.25
2024-08-06 12:30:00+01:00,3797.51
2024-08-06 13:00:00+01:00,3837.69
2024-08-06 13:30:00+01:00,3763.05
2024-08-06 14:00:00+01:00,3810.73
2024-08-06 14:30:00+01:00,3812.78
2024-08-06 15:00:00+01:00,3719.03
2024-08-06 15:30:00+01:00,3730.59
2024-08-06 16:00:00+01:00,3843.17
2024-08-06 16:30:00+01:00,3879.32
2024-08-06 17:00:00+01:00,3865.91
2024-08-06 17:30:00+01:00,4016.04
2024-08-06 18:00:00+01:00,3952.9
2024-08-06 18:30:00+01:00,3861.43
2024-08-06 19:00:00+01:00,3864.84
2024-08-06 19:30:00+01:00,3821.6
2024-08-06 20:00:00+01:00,3770.87
2024-08-06 20:30:00+01:00,3758.72
2024-08-06 21:00:00+01:00,3727.8
2024-08-06 21:30:00+01:00,3764.23
2024-08-06 22:00:00+01:00,3691.42
2024-08-06 22:30:00+01:00,3488.54
2024-08-06 23:00:00+01:00,3364.7
2024-08-06 23:30:00+01:00,3251.52
2024-08-07 00:00:00+01:00,3110.12
2024-08-07 00:30:00+01:00,3022.14
2024-08-07 01:00:00+01:00,2934.7
2024-08-07 01:30:00+01:00,2875.5
2024-08-07 02:00:00+01:00,2819.22
2024-08-07 02:30:00+01:00,2846.99
2024-08-07 03:00:00+01:00,2801.93
2024-08-07 03:30:00+01:00,2769.79
2024-08-07 04:00:00+01:00,2754.14
2024-08-07 04:30:00+01:00,2752.63
2024-08-07 05:00:00+01:00,2794.96
2024-08-07 05:30:00+01:00,2818.34
2024-08-07 06:00:00+01:00,2869.57
2024-08-07 06:30:00+01:00,3024.46
2024-08-07 07:00:00+01:00,3218.1
2024-08-07 07:30:00+01:00,3431.94
2024-08-07 08:00:00+01:00,3632.86
2024-08-07 08:30:00+01:00,3801.33
2024-08-07 09:00:00+01:00,3863.3
2024-08-07 09:30:00+01:00,3877.99
2024-08-07 10:00:00+01:00,3856.47
2024-08-07 10:30:00+01:00,3840.95
2024-08-07 11:00:00+01:00,3877.74
2024-08-07 11:30:00+01:00,3894.55
2024-08-07 12:00:00+01:00,3860.6
2024-08-07 12:30:00+01:00,3871.1
2024-08-07 13:00:00+01:00,3900.75
2024-08-07 13:30:00+01:00,3898.99
2024-08-07 14:00:00+01:00,3855.06
2024-08-07 14:30:00+01:00,3869.22
2024-08-07 15:00:00+01:00,3887.37
2024-08-07 15:30:00+01:00,3887.68
2024-08-07 16:00:00+01:00,3918.72
2024-08-07 16:30:00+01:00,4010.56
2024-08-07 17:00:00+01:00,4040.49
2024-08-07 17:30:00+01:00,4134.59
2024-08-07 18:00:00+01:00,4116.62
2024-08-07 18:30:00+01:00,4047.18
2024-08-07 19:00:00+01:00,3986.15
2024-08-07 19:30:00+01:00,3970.94
2024-08-07 20:00:00+01:00,3886.11
2024-08-07 20:30:00+01:00,3854.17
2024-08-07 21:00:00+01:00,3818.1
2024-08-07 21:30:00+01:00,3826.29
2024-08-07 22:00:00+01:00,3737.03
2024-08-07 22:30:00+01:00,3562.43
2024-08-07 23:00:00+01:00,3445.93
2024-08-07 23:30:00+01:00,3296.33
2024-08-08 00:00:00+01:00,3174.44
2024-08-08 00:30:00+01:00,3125.5
2024-08-08 01:00:00+01:00,3036.65
2024-08-08 01:30:00+01:00,2996.7
2024-08-08 02:00:00+01:00,2971.49
2024-08-08 02:30:00+01:00,2986.21
2024-08-08 03:00:00+01:00,2937.51
2024-08-08 03:30:00+01:00,2918.2
2024-08-08 04:00:00+01:00,2894.93
2024-08-08 04:30:00+01:00,2902.5
2024-08-08 05:00:00+01:00,2917.8
2024-08-08 05:30:00+01:00,2966.84
2024-08-08 06:00:00+01:00,3034.57
2024-08-08 06:30:00+01:00,3197.23
2024-08-08 07:00:00+01:00,3394.7
2024-08-08 07:30:00+01:00,3612.92
2024-08-08 08:00:00+01:00,3784.01
2024-08-08 08:30:00+01:00,3967.65
2024-08-08 09:00:00+01:00,4034.31
2024-08-08 09:30:00+01:00,4068.49
2024-08-08 10:00:00+01:00,4095.6
2024-08-08 10:30:00+01:00,4111.49
2024-08-08 11:00:00+01:00,4098.49
2024-08-08 11:30:00+01:00,4147.39
2024-08-08 12:00:00+01:00,4155.12
2024-08-08 12:30:00+01:00,4182.0
2024-08-08 13:00:00+01:00,4262.57
2024-08-08 13:30:00+01:00,4214.9
2024-08-08 14:00:00+01:00,4138.38
2024-08-08 14:30:00+01:00,4170.9
2024-08-08 15:00:00+01:00,4214.64
2024-08-08 15:30:00+01:00,4173.11
2024-08-08 16:00:00+01:00,4167.12
2024-08-08 16:30:00+01:00,4129.15
2024-08-08 17:00:00+01:00,4142.85
2024-08-08 17:30:00+01:00,4136.51
2024-08-08 18:00:00+01:00,4132.83
2024-08-08 18:30:00+01:00,4056.44
2024-08-08 19:00:00+01:00,4013.89
2024-08-08 19:30:00+01:00,3953.91
2024-08-08 20:00:00+01:00,3887.98
2024-08-08 20:30:00+01:00,3783.55
2024-08-08 21:00:00+01:00,3787.39
2024-08-08 21:30:00+01:00,3755.16
2024-08-08 22:00:00+01:00,3623.03
2024-08-08 22:30:00+01:00,3521.95
2024-08-08 23:00:00+01:00,3408.25
2024-08-08 23:30:00+01:00,3271.54
2024-08-09 00:00:00+01:00,3127.78
2024-08-09 00:30:00+01:00,3111.88
2024-08-09 01:00:00+01:00,3011.84
2024-08-09 01:30:00+01:00,2984.37
2024-08-09 02:00:00+01:00,2904.6
2024-08-09 02:30:00+01:00,2911.52
2024-08-09 03:00:00+01:00,2856.5
2024-08-09 03:30:00+01:00,2844.94
2024-08-09 04:00:00+01:00,2813.42
2024-08-09 04:30:00+01:00,2822.68
2024-08-09 05:00:00+01:00,2808.93
2024-08-09 05:30:00+01:00,2846.08
2024-08-09 06:00:00+01:00,2860.61
2024-08-09 06:30:00+01:00,3027.61
2024-08-09 07:00:00+01:00,3201.35
2024-08-09 07:30:00+01:00,3416.02
2024-08-09 08:00:00+01:00,3619.4
2024-08-09 08:30:00+01:00,3766.87
2024-08-09 09:00:00+01:00,3871.47
2024-08-09 09:30:00+01:00,3897.81
2024-08-09 10:00:00+01:00,3884.18
2024-08-09 10:30:00+01:00,3823.67
2024-08-09 11:00:00+01:00,3898.98
2024-08-09 11:30:00+01:00,3854.63
2024-08-09 12:00:00+01:00,3808.31
2024-08-09 12:30:00+01:00,3845.44
2024-08-09 13:00:00+01:00,3764.83
2024-08-09 13:30:00+01:00,3741.17
2024-08-09 14:00:00+01:00,3707.1
2024-08-09 14:30:00+01:00,3654.17
2024-08-09 15:00:00+01:00,3600.3
2024-08-09 15:30:00+01:00,3646.63
2024-08-09 16:00:00+01:00,3715.75
2024-08-09 16:30:00+01:00,3800.32
2024-08-09 17:00:00+01:00,3858.43
2024-08-09 17:30:00+01:00,3950.26
2024-08-09 18:00:00+01:00,4018.39
2024-08-09 18:30:00+01:00,3963.8
2024-08-09 19:00:00+01:00,3882.85
2024-08-09 19:30:00+01:00,3839.54
2024-08-09 20:00:00+01:00,3803.2
2024-08-09 20:30:00+01:00,3753.06
2024-08-09 21:00:00+01:00,3709.93
2024-08-09 21:30:00+01:00,3756.34
2024-08-09 22:00:00+01:00,3681.21
2024-08-09 22:30:00+01:00,3542.62
2024-08-09 23:00:00+01:00,3388.94
2024-08-09 23:30:00+01:00,3297.4
2024-08-10 00:00:00+01:00,3194.88
2024-08-10 00:30:00+01:00,3126.41
2024-08-10 01:00:00+01:00,3041.08
2024-08-10 01:30:00+01:00,2997.6
2024-08-10 02:00:00+01:00,2959.83
2024-08-10 02:30:00+01:00,2975.14
2024-08-10 03:00:00+01:00,2910.91
2024-08-10 03:30:00+01:00,2897.8
2024-08-10 04:00:00+01:00,2877.1
2024-08-10 04:30:00+01:00,2880.71
2024-08-10 05:00:00+01:00,2889.92
2024-08-10 05:30:00+01:00,2912.99
2024-08-10 06:00:00+01:00,2895.35
2024-08-10 06:30:00+01:00,2946.4
2024-08-10 07:00:00+01:00,3043.59
2024-08-10 07:30:00+01:00,3176.31
2024-08-10 08:00:00+01:00,3323.32
2024-08-10 08:30:00+01:00,3498.08
2024-08-10 09:00:00+01:00,3566.76
2024-08-10 09:30:00+01:00,3669.05
2024-08-10 10:00:00+01:00,3660.03
2024-08-10 10:30:00+01:00,3686.12
2024-08-10 11:00:00+01:00,3588.12
2024-08-10 11:30:00+01:00,3589.68
2024-08-10 12:00:00+01:00,3539.19
2024-08-10 12:30:00+01:00,3518.08
2024-08-10 13:00:00+01:00,3552.67
2024-08-10 13:30:00+01:00,3441.28
2024-08-10 14:00:00+01:00,3397.43
2024-08-10 14:30:00+01:00,3377.37
2024-08-10 15:00:00+01:00,3321.76
2024-08-10 15:30:00+01:00,3335.8
2024-08-10 16:00:00+01:00,3363.29
2024-08-10 16:30:00+01:00,3412.92
2024-08-10 17:00:00+01:00,3540.81
2024-08-10 17:30:00+01:00,3637.35
2024-08-10 18:00:00+01:00,3709.55
2024-08-10 18:30:00+01:00,3725.16
2024-08-10 19:00:00+01:00,3693.47
2024-08-10 19:30:00+01:00,3672.39
2024-08-10 20:00:00+01:00,3622.91
2024-08-10 20:30:00+01:00,3578.55
2024-08-10 21:00:00+01:00,3569.4
2024-08-10 21:30:00+01:00,3608.38
2024-08-10 22:00:00+01:00,3523.76
2024-08-10 22:30:00+01:00,3434.46
2024-08-10 23:00:00+01:00,3319.11
2024-08-10 23:30:00+01:00,3230.2
2024-08-11 00:00:00+01:00,3140.33
2024-08-11 00:30:00+01:00,3072.37
2024-08-11 01:00:00+01:00,3014.36
2024-08-11 01:30:00+01:00,2960.21
2024-08-11 02:00:00+01:00,2921.75
2024-08-11 02:30:00+01:00,2922.86
2024-08-11 03:00:00+01:00,2875.61
2024-08-11 03:30:00+01:00,2839.3
2024-08-11 04:00:00+01:00,2802.61
2024-08-11 04:30:00+01:00,2775.93
2024-08-11 05:00:00+01:00,2752.55
2024-08-11 05:30:00+01:00,2744.12
2024-08-11 06:00:00+01:00,2691.17
2024-08-11 06:30:00+01:00,2697.34
2024-08-11 07:00:00+01:00,2768.04
2024-08-11 07:30:00+01:00,2885.58
2024-08-11 08:00:00+01:00,3002.22
2024-08-11 08:30:00+01:00,3125.46
2024-08-11 09:00:00+01:00,3283.64
2024-08-11 09:30:00+01:00,3380.36
2024-08-11 10:00:00+01:00,3450.05
2024-08-11 10:30:00+01:00,3504.01
2024-08-11 11:00:00+01:00,3470.52
2024-08-11 11:30:00+01:00,3516.05
2024-08-11 12:00:00+01:00,3503.94
2024-08-11 12:30:00+01:00,3547.42
2024-08-11 13:00:00+01:00,3560.9
2024-08-11 13:30:00+01:00,3537.26
2024-08-11 14:00:00+01:00,3475.31
2024-08-11 14:30:00+01:00,3423.1
2024-08-11 15:00:00+01:00,3420.11
2024-08-11 15:30:00+01:00,3441.83
2024-08-11 16:00:00+01:00,3394.37
2024-08-11 16:30:00+01:00,3479.66
2024-08-11 17:00:00+01:00,3599.07
2024-08-11 17:30:00+01:00,3674.1
2024-08-11 18:00:00+01:00,3679.09
2024-08-11 18:30:00+01:00,3670.2
2024-08-11 19:00:00+01:00,3667.77
2024-08-11 19:30:00+01:00,3627.2
2024-08-11 20:00:00+01:00,3594.12
2024-08-11 20:30:00+01:00,3512.26
2024-08-11 21:00:00+01:00,3512.52
2024-08-11 21:30:00+01:00,3484.23
2024-08-11 22:00:00+01:00,3365.76
2024-08-11 22:30:00+01:00,3197.14
2024-08-11 23:00:00+01:00,3080.66
2024-08-11 23:30:00+01:00,2953.33
2024-08-12 00:00:00+01:00,2863.7
2024-08-12 00:30:00+01:00,2822.38
2024-08-12 01:00:00+01:00,2726.43
2024-08-12 01:30:00+01:00,2682.88
2024-08-12 02:00:00+01:00,2708.79
2024-08-12 02:30:00+01:00,2751.02
2024-08-12 03:00:00+01:00,2720.5
2024-08-12 03:30:00+01:00,2690.46
2024-08-12 04:00:00+01:00,2681.19
2024-08-12 04:30:00+01:00,2680.93
2024-08-12 05:00:00+01:00,2665.91
2024-08-12 05:30:00+01:00,2725.0
2024-08-12 06:00:00+01:00,2831.82
2024-08-12 06:30:00+01:00,2900.24
2024-08-12 07:00:00+01:00,3123.77
2024-08-12 07:30:00+01:00,3347.75
2024-08-12 08:00:00+01:00,3553.63
2024-08-12 08:30:00+01:00,3804.13
2024-08-12 09:00:00+01:00,3874.31
2024-08-12 09:30:00+01:00,3893.31
2024-08-12 10:00:00+01:00,3926.38
2024-08-12 10:30:00+01:00,3893.32
2024-08-12 11:00:00+01:00,3904.53
2024-08-12 11:30:00+01:00,3891.51
2024-08-12 12:00:00+01:00,3857.25
2024-08-12 12:30:00+01:00,3864.27
2024-08-12 13:00:00+01:00,3866.01
2024-08-12 13:30:00+01:00,3875.95
2024-08-12 14:00:00+01:00,3844.46
2024-08-12 14:30:00+01:00,3853.02
2024-08-12 15:00:00+01:00,3824.12
2024-08-12 15:30:00+01:00,3909.8
2024-08-12 16:00:00+01:00,3907.06
2024-08-12 16:30:00+01:00,3976.42
2024-08-12 17:00:00+01:00,3992.1
2024-08-12 17:30:00+01:00,4088.61
2024-08-12 18:00:00+01:00,4036.97
2024-08-12 18:30:00+01:00,4059.21
2024-08-12 19:00:00+01:00,3998.53
2024-08-12 19:30:00+01:00,3944.7
2024-08-12 20:00:00+01:00,3841.16
2024-08-12 20:30:00+01:00,3783.84
2024-08-12 21:00:00+01:00,3798.26
2024-08-12 21:30:00+01:00,3790.11
2024-08-12 22:00:00+01:00,3689.84
2024-08-12 22:30:00+01:00,3487.85
2024-08-12 23:00:00+01:00,3291.85
2024-08-12 23:30:00+01:00,3187.12
2024-08-13 00:00:00+01:00,3155.67
2024-08-13 00:30:00+01:00,3071.56
2024-08-13 01:00:00+01:00,2965.63
2024-08-13 01:30:00+01:00,2890.49
2024-08-13 02:00:00+01:00,2828.11
2024-08-13 02:30:00+01:00,2891.93
2024-08-13 03:00:00+01:00,2857.53
2024-08-13 03:30:00+01:00,2859.87
2024-08-13 04:00:00+01:00,2881.16
2024-08-13 04:30:00+01:00,2859.52
2024-08-13 05:00:00+01:00,2878.79
2024-08-13 05:30:00+01:00,2955.69
2024-08-13 06:00:00+01:00,3035.55
2024-08-13 06:30:00+01:00,3160.96
2024-08-13 07:00:00+01:00,3366.91
2024-08-13 07:30:00+01:00,3594.83
2024-08-13 08:00:00+01:00,3771.71
2024-08-13 08:30:00+01:00,3992.33
2024-08-13 09:00:00+01:00,4090.22
2024-08-13 09:30:00+01:00,4133.24
2024-08-13 10:00:00+01:00,4118.86
2024-08-13 10:30:00+01:00,4116.82
2024-08-13 11:00:00+01:00,4016.97
2024-08-13 11:30:00+01:00,3980.49
2024-08-13 12:00:00+01:00,3982.06
2024-08-13 12:30:00+01:00,3963.35
2024-08-13 13:00:00+01:00,4015.95
2024-08-13 13:30:00+01:00,3979.6
2024-08-13 14:00:00+01:00,3905.15
2024-08-13 14:30:00+01:00,3899.84
2024-08-13 15:00:00+01:00,3892.7
2024-08-13 15:30:00+01:00,3926.53
2024-08-13 16:00:00+01:00,3933.17
2024-08-13 16:30:00+01:00,3984.79
2024-08-13 17:00:00+01:00,4038.62
2024-08-13 17:30:00+01:00,4102.51
2024-08-13 18:00:00+01:00,4080.92
2024-08-13 18:30:00+01:00,4054.45
2024-08-13 19:00:00+01:00,3997.23
2024-08-13 19:30:00+01:00,3935.37
2024-08-13 20:00:00+01:00,3870.16
2024-08-13 20:30:00+01:00,3874.3
2024-08-13 21:00:00+01:00,3837.95
2024-08-13 21:30:00+01:00,3878.7
2024-08-13 22:00:00+01:00,3780.29
2024-08-13 22:30:00+01:00,3621.54
2024-08-13 23:00:00+01:00,3462.24
2024-08-13 23:30:00+01:00,3349.46
2024-08-14 00:00:00+01:00,3225.92
2024-08-14 00:30:00+01:00,3158.13
2024-08-14 01:00:00+01:00,3090.39
2024-08-14 01:30:00+01:00,3044.6
2024-08-14 02:00:00+01:00,3010.46
2024-08-14 02:30:00+01:00,3022.55
2024-08-14 03:00:00+01:00,2984.39
2024-08-14 03:30:00+01:00,2978.84
2024-08-14 04:00:00+01:00,2973.88
2024-08-14 04:30:00+01:00,2967.49
2024-08-14 05:00:00+01:00,2985.9
2024-08-14 05:30:00+01:00,3035.54
2024-08-14 06:00:00+01:00,3106.08
2024-08-14 06:30:00+01:00,3244.16
2024-08-14 07:00:00+01:00,3418.31
2024-08-14 07:30:00+01:00,3636.68
2024-08-14 08:00:00+01:00,3828.33
2024-08-14 08:30:00+01:00,3998.08
2024-08-14 09:00:00+01:00,4091.38
2024-08-14 09:30:00+01:00,4134.49
2024-08-14 10:00:00+01:00,4018.32
2024-08-14 10:30:00+01:00,4113.13
2024-08-14 11:00:00+01:00,3960.98
2024-08-14 11:30:00+01:00,3960.39
2024-08-14 12:00:00+01:00,3841.77
2024-08-14 12:30:00+01:00,3850.63
2024-08-14 13:00:00+01:00,3903.49
2024-08-14 13:30:00+01:00,3871.89
2024-08-14 14:00:00+01:00,3859.34
2024-08-14 14:30:00+01:00,3885.52
2024-08-14 15:00:00+01:00,3939.64
2024-08-14 15:30:00+01:00,3959.51
2024-08-14 16:00:00+01:00,4022.78
2024-08-14 16:30:00+01:00,4037.96
2024-08-14 17:00:00+01:00,4073.75
2024-08-14 17:30:00+01:00,4176.47
2024-08-14 18:00:00+01:00,4218.51
2024-08-14 18:30:00+01:00,4136.0
2024-08-14 19:00:00+01:00,4059.08
2024-08-14 19:30:00+01:00,4014.84
2024-08-14 20:00:00+01:00,3972.45
2024-08-14 20:30:00+01:00,3953.18
2024-08-14 21:00:00+01:00,3988.28
2024-08-14 21:30:00+01:00,3929.16
2024-08-14 22:00:00+01:00,3759.97
2024-08-14 22:30:00+01:00,3564.98
2024-08-14 23:00:00+01:00,3367.36
2024-08-14 23:30:00+01:00,3271.9
2024-08-15 00:00:00+01:00,3167.85
2024-08-15 00:30:00+01:00,3135.91
2024-08-15 01:00:00+01:00,3056.14
2024-08-15 01:30:00+01:00,2978.51
2024-08-15 02:00:00+01:00,2936.99
2024-08-15 02:30:00+01:00,2981.94
2024-08-15 03:00:00+01:00,2929.78
2024-08-15 03:30:00+01:00,2939.35
2024-08-15 04:00:00+01:00,2941.2
2024-08-15 04:30:00+01:00,2932.66
2024-08-15 05:00:00+01:00,2970.55
2024-08-15 05:30:00+01:00,3009.38
2024-08-15 06:00:00+01:00,3080.93
2024-08-15 06:30:00+01:00,3199.25
2024-08-15 07:00:00+01:00,3347.45
2024-08-15 07:30:00+01:00,3634.26
2024-08-15 08:00:00+01:00,3808.74
2024-08-15 08:30:00+01:00,3987.43
2024-08-15 09:00:00+01:00,4079.56
2024-08-15 09:30:00+01:00,4139.71
2024-08-15 10:00:00+01:00,4116.62
2024-08-15 10:30:00+01:00,4133.34
2024-08-15 11:00:00+01:00,4170.16
2024-08-15 11:30:00+01:00,4109.64
2024-08-15 12:00:00+01:00,4111.38
2024-08-15 12:30:00+01:00,4066.1
2024-08-15 13:00:00+01:00,4108.06
2024-08-15 13:30:00+01:00,3944.82
2024-08-15 14:00:00+01:00,3916.39
2024-08-15 14:30:00+01:00,3919.64
2024-08-15 15:00:00+01:00,3882.8
2024-08-15 15:30:00+01:00,3894.56
2024-08-15 16:00:00+01:00,3882.37
2024-08-15 16:30:00+01:00,3894.78
2024-08-15 17:00:00+01:00,3950.3
2024-08-15 17:30:00+01:00,3984.18
2024-08-15 18:00:00+01:00,3993.87
2024-08-15 18:30:00+01:00,3984.74
2024-08-15 19:00:00+01:00,3961.14
2024-08-15 19:30:00+01:00,3910.12
2024-08-15 20:00:00+01:00,3918.29
2024-08-15 20:30:00+01:00,3869.35
2024-08-15 21:00:00+01:00,3878.9
2024-08-15 21:30:00+01:00,3886.27
2024-08-15 22:00:00+01:00,3783.37
2024-08-15 22:30:00+01:00,3625.06
2024-08-15 23:00:00+01:00,3491.08
2024-08-15 23:30:00+01:00,3359.75
2024-08-16 00:00:00+01:00,3230.16
2024-08-16 00:30:00+01:00,3150.06
2024-08-16 01:00:00+01:00,3076.62
2024-08-16 01:30:00+01:00,3041.03
2024-08-16 02:00:00+01:00,2992.82
2024-08-16 02:30:00+01:00,3009.08
2024-08-16 03:00:00+01:00,2981.06
2024-08-16 03:30:00+01:00,2974.28
2024-08-16 04:00:00+01:00,2947.92
2024-08-16 04:30:00+01:00,2947.02
2024-08-16 05:00:00+01:00,2956.42
2024-08-16 05:30:00+01:00,2992.45
2024-08-16 06:00:00+01:00,3084.28
2024-08-16 06:30:00+01:00,3216.2
2024-08-16 07:00:00+01:00,3378.16
2024-08-16 07:30:00+01:00,3577.63
2024-08-16 08:00:00+01:00,3782.22
2024-08-16 08:30:00+01:00,3943.32
2024-08-16 09:00:00+01:00,4043.96
2024-08-16 09:30:00+01:00,4064.35
2024-08-16 10:00:00+01:00,4050.41
2024-08-16 10:30:00+01:00,4019.25
2024-08-16 11:00:00+01:00,4007.36
2024-08-16 11:30:00+01:00,3993.46
2024-08-16 12:00:00+01:00,3958.57
2024-08-16 12:30:00+01:00,3962.97
2024-08-16 13:00:00+01:00,3948.27
2024-08-16 13:30:00+01:00,3937.39
2024-08-16 14:00:00+01:00,3873.11
2024-08-16 14:30:00+01:00,3860.3
2024-08-16 15:00:00+01:00,3803.26
2024-08-16 15:30:00+01:00,3784.86
2024-08-16 16:00:00+01:00,3773.06
2024-08-16 16:30:00+01:00,3788.04
2024-08-16 17:00:00+01:00,3864.04
2024-08-16 17:30:00+01:00,3922.23
2024-08-16 18:00:00+01:00,3963.18
2024-08-16 18:30:00+01:00,3957.26
2024-08-16 19:00:00+01:00,3886.12
2024-08-16 19:30:00+01:00,3867.24
2024-08-16 20:00:00+01:00,3878.26
2024-08-16 20:30:00+01:00,3797.78
2024-08-16 21:00:00+01:00,3801.94
2024-08-16 21:30:00+01:00,3715.42
2024-08-16 22:00:00+01:00,3673.67
2024-08-16 22:30:00+01:00,3542.95
2024-08-16 23:00:00+01:00,3363.98
2024-08-16 23:30:00+01:00,3300.64
2024-08-17 00:00:00+01:00,3191.86
2024-08-17 00:30:00+01:00,3123.22
2024-08-17 01:00:00+01:00,3046.81
2024-08-17 01:30:00+01:00,3004.48
2024-08-17 02:00:00+01:00,2957.19
2024-08-17 02:30:00+01:00,2969.83
2024-08-17 03:00:00+01:00,2909.74
2024-08-17 03:30:00+01:00,2869.46
2024-08-17 04:00:00+01:00,2847.14
2024-08-17 04:30:00+01:00,2827.24
2024-08-17 05:00:00+01:00,2839.69
2024-08-17 05:30:00+01:00,2855.2
2024-08-17 06:00:00+01:00,2881.12
2024-08-17 06:30:00+01:00,2917.43
2024-08-17 07:00:00+01:00,3002.79
2024-08-17 07:30:00+01:00,3134.59
2024-08-17 08:00:00+01:00,3261.12
2024-08-17 08:30:00+01:00,3440.83
2024-08-17 09:00:00+01:00,3539.99
2024-08-17 09:30:00+01:00,3629.08
2024-08-17 10:00:00+01:00,3646.75
2024-08-17 10:30:00+01:00,3690.86
2024-08-17 11:00:00+01:00,3688.24
2024-08-17 11:30:00+01:00,3660.49
2024-08-17 12:00:00+01:00,3669.59
2024-08-17 12:30:00+01:00,3663.49
2024-08-17 13:00:00+01:00,3686.33
2024-08-17 13:30:00+01:00,3661.25
2024-08-17 14:00:00+01:00,3589.67
2024-08-17 14:30:00+01:00,3550.49
2024-08-17 15:00:00+01:00,3518.04
2024-08-17 15:30:00+01:00,3516.42
2024-08-17 16:00:00+01:00,3557.59
2024-08-17 16:30:00+01:00,3585.47
2024-08-17 17:00:00+01:00,3608.73
2024-08-17 17:30:00+01:00,3685.97
2024-08-17 18:00:00+01:00,3709.77
2024-08-17 18:30:00+01:00,3729.29
2024-08-17 19:00:00+01:00,3714.43
2024-08-17 19:30:00+01:00,3667.39
2024-08-17 20:00:00+01:00,3598.64
2024-08-17 20:30:00+01:00,3553.4
2024-08-17 21:00:00+01:00,3567.91
2024-08-17 21:30:00+01:00,3546.01
2024-08-17 22:00:00+01:00,3455.58
2024-08-17 22:30:00+01:00,3312.0
2024-08-17 23:00:00+01:00,3212.4
2024-08-17 23:30:00+01:00,3111.08
2024-08-18 00:00:00+01:00,3019.91
2024-08-18 00:30:00+01:00,2980.08
2024-08-18 01:00:00+01:00,2913.79
2024-08-18 01:30:00+01:00,2865.47
2024-08-18 02:00:00+01:00,2828.55
2024-08-18 02:30:00+01:00,2852.63
2024-08-18 03:00:00+01:00,2797.97
2024-08-18 03:30:00+01:00,2761.67
2024-08-18 04:00:00+01:00,2751.71
2024-08-18 04:30:00+01:00,2731.05
2024-08-18 05:00:00+01:00,2717.27
2024-08-18 05:30:00+01:00,2742.32
2024-08-18 06:00:00+01:00,2755.17
2024-08-18 06:30:00+01:00,2776.29
2024-08-18 07:00:00+01:00,2832.9
2024-08-18 07:30:00+01:00,2917.67
2024-08-18 08:00:00+01:00,3043.81
2024-08-18 08:30:00+01:00,3174.94
2024-08-18 09:00:00+01:00,3292.06
2024-08-18 09:30:00+01:00,3405.88
2024-08-18 10:00:00+01:00,3421.31
2024-08-18 10:30:00+01:00,3467.46
2024-08-18 11:00:00+01:00,3471.89
2024-08-18 11:30:00+01:00,3452.5
2024-08-18 12:00:00+01:00,3468.27
2024-08-18 12:30:00+01:00,3488.53
2024-08-18 13:00:00+01:00,3452.87
2024-08-18 13:30:00+01:00,3423.54
2024-08-18 14:00:00+01:00,3375.65
2024-08-18 14:30:00+01:00,3323.67
2024-08-18 15:00:00+01:00,3297.4
2024-08-18 15:30:00+01:00,3298.93
2024-08-18 16:00:00+01:00,3291.0
2024-08-18 16:30:00+01:00,3347.96
2024-08-18 17:00:00+01:00,3438.99
2024-08-18 17:30:00+01:00,3560.71
2024-08-18 18:00:00+01:00,3609.73
2024-08-18 18:30:00+01:00,3629.3
2024-08-18 19:00:00+01:00,3630.65
2024-08-18 19:30:00+01:00,3641.85
2024-08-18 20:00:00+01:00,3621.58
2024-08-18 20:30:00+01:00,3605.4
2024-08-18 21:00:00+01:00,3601.74
2024-08-18 21:30:00+01:00,3586.67
2024-08-18 22:00:00+01:00,3466.82
2024-08-18 22:30:00+01:00,3343.74
2024-08-18 23:00:00+01:00,3227.68
2024-08-18 23:30:00+01:00,3121.6
2024-08-19 00:00:00+01:00,3020.08
2024-08-19 00:30:00+01:00,2952.06
2024-08-19 01:00:00+01:00,2870.42
2024-08-19 01:30:00+01:00,2814.27
2024-08-19 02:00:00+01:00,2795.9
2024-08-19 02:30:00+01:00,2822.81
2024-08-19 03:00:00+01:00,2786.87
2024-08-19 03:30:00+01:00,2778.57
2024-08-19 04:00:00+01:00,2727.67
2024-08-19 04:30:00+01:00,2731.06
2024-08-19 05:00:00+01:00,2757.51
2024-08-19 05:30:00+01:00,2805.14
2024-08-19 06:00:00+01:00,2910.75
2024-08-19 06:30:00+01:00,3039.97
2024-08-19 07:00:00+01:00,3232.66
2024-08-19 07:30:00+01:00,3552.45
2024-08-19 08:00:00+01:00,3705.06
2024-08-19 08:30:00+01:00,3934.84
2024-08-19 09:00:00+01:00,4075.65
2024-08-19 09:30:00+01:00,4118.16
2024-08-19 10:00:00+01:00,4110.95
2024-08-19 10:30:00+01:00,4105.27
2024-08-19 11:00:00+01:00,4111.78
2024-08-19 11:30:00+01:00,4086.47
2024-08-19 12:00:00+01:00,4134.99
2024-08-19 12:30:00+01:00,4196.66
2024-08-19 13:00:00+01:00,4150.03
2024-08-19 13:30:00+01:00,4146.8
2024-08-19 14:00:00+01:00,4140.4
2024-08-19 14:30:00+01:00,4129.37
2024-08-19 15:00:00+01:00,4078.61
2024-08-19 15:30:00+01:00,4023.23
2024-08-19 16:00:00+01:00,3965.38
2024-08-19 16:30:00+01:00,3986.66
2024-08-19 17:00:00+01:00,4035.66
2024-08-19 17:30:00+01:00,4114.52
2024-08-19 18:00:00+01:00,4099.08
2024-08-19 18:30:00+01:00,4060.74
2024-08-19 19:00:00+01:00,3994.78
2024-08-19 19:30:00+01:00,3933.7
2024-08-19 20:00:00+01:00,3925.35
2024-08-19 20:30:00+01:00,3881.01
2024-08-19 21:00:00+01:00,3925.04
2024-08-19 21:30:00+01:00,3890.77
2024-08-19 22:00:00+01:00,3700.54
2024-08-19 22:30:00+01:00,3581.06
2024-08-19 23:00:00+01:00,3408.74
2024-08-19 23:30:00+01:00,3258.4
2024-08-20 00:00:00+01:00,3125.05
2024-08-20 00:30:00+01:00,3080.69
2024-08-20 01:00:00+01:00,3030.2
2024-08-20 01:30:00+01:00,2954.9
2024-08-20 02:00:00+01:00,2921.42
2024-08-20 02:30:00+01:00,2946.06
2024-08-20 03:00:00+01:00,2939.2
2024-08-20 03:30:00+01:00,2922.98
2024-08-20 04:00:00+01:00,2885.06
2024-08-20 04:30:00+01:00,2915.96
2024-08-20 05:00:00+01:00,2906.7
2024-08-20 05:30:00+01:00,2939.66
2024-08-20 06:00:00+01:00,3017.93
2024-08-20 06:30:00+01:00,3150.97
2024-08-20 07:00:00+01:00,3321.44
2024-08-20 07:30:00+01:00,3564.01
2024-08-20 08:00:00+01:00,3770.8
2024-08-20 08:30:00+01:00,3878.53
2024-08-20 09:00:00+01:00,3933.64
2024-08-20 09:30:00+01:00,3927.0
2024-08-20 10:00:00+01:00,3890.21
2024-08-20 10:30:00+01:00,3864.51
2024-08-20 11:00:00+01:00,3828.75
2024-08-20 11:30:00+01:00,3846.88
2024-08-20 12:00:00+01:00,3797.67
2024-08-20 12:30:00+01:00,3841.0
2024-08-20 13:00:00+01:00,3844.77
2024-08-20 13:30:00+01:00,3795.65
2024-08-20 14:00:00+01:00,3740.97
2024-08-20 14:30:00+01:00,3725.44
2024-08-20 15:00:00+01:00,3706.18
2024-08-20 15:30:00+01:00,3715.9
2024-08-20 16:00:00+01:00,3725.79
2024-08-20 16:30:00+01:00,3826.47
2024-08-20 17:00:00+01:00,3961.05
2024-08-20 17:30:00+01:00,4010.77
2024-08-20 18:00:00+01:00,3999.9
2024-08-20 18:30:00+01:00,4004.88
2024-08-20 19:00:00+01:00,3964.17
2024-08-20 19:30:00+01:00,3933.82
2024-08-20 20:00:00+01:00,3925.29
2024-08-20 20:30:00+01:00,3883.1
2024-08-20 21:00:00+01:00,3915.78
2024-08-20 21:30:00+01:00,3884.12
2024-08-20 22:00:00+01:00,3761.08
2024-08-20 22:30:00+01:00,3608.22
2024-08-20 23:00:00+01:00,3441.38
2024-08-20 23:30:00+01:00,3309.09
2024-08-21 00:00:00+01:00,3188.1
2024-08-21 00:30:00+01:00,3133.39
2024-08-21 01:00:00+01:00,3041.09
2024-08-21 01:30:00+01:00,3005.58
2024-08-21 02:00:00+01:00,2987.36
2024-08-21 02:30:00+01:00,2985.3
2024-08-21 03:00:00+01:00,2918.91
2024-08-21 03:30:00+01:00,2903.75
2024-08-21 04:00:00+01:00,2881.37
2024-08-21 04:30:00+01:00,2875.82
2024-08-21 05:00:00+01:00,2928.44
2024-08-21 05:30:00+01:00,2984.29
2024-08-21 06:00:00+01:00,3040.21
2024-08-21 06:30:00+01:00,3170.33
2024-08-21 07:00:00+01:00,3334.46
2024-08-21 07:30:00+01:00,3630.98
2024-08-21 08:00:00+01:00,3773.0
2024-08-21 08:30:00+01:00,3946.71
2024-08-21 09:00:00+01:00,4063.47
2024-08-21 09:30:00+01:00,4110.26
2024-08-21 10:00:00+01:00,4086.98
2024-08-21 10:30:00+01:00,4081.2
2024-08-21 11:00:00+01:00,4109.87
2024-08-21 11:30:00+01:00,4147.91
2024-08-21 12:00:00+01:00,4172.75
2024-08-21 12:30:00+01:00,4179.81
2024-08-21 13:00:00+01:00,4176.76
2024-08-21 13:30:00+01:00,4119.52
2024-08-21 14:00:00+01:00,4111.26
2024-08-21 14:30:00+01:00,4087.89
2024-08-21 15:00:00+01:00,4071.52
2024-08-21 15:30:00+01:00,4076.96
2024-08-21 16:00:00+01:00,4121.06
2024-08-21 16:30:00+01:00,4141.37
2024-08-21 17:00:00+01:00,4211.54
2024-08-21 17:30:00+01:00,4247.33
2024-08-21 18:00:00+01:00,4295.29
2024-08-21 18:30:00+01:00,4249.94
2024-08-21 19:00:00+01:00,4208.7
2024-08-21 19:30:00+01:00,4165.57
2024-08-21 20:00:00+01:00,4123.37
2024-08-21 20:30:00+01:00,4079.34
2024-08-21 21:00:00+01:00,4097.52
2024-08-21 21:30:00+01:00,3979.18
2024-08-21 22:00:00+01:00,3804.57
2024-08-21 22:30:00+01:00,3620.83
2024-08-21 23:00:00+01:00,3456.21
2024-08-21 23:30:00+01:00,3313.5
2024-08-22 00:00:00+01:00,3233.05
2024-08-22 00:30:00+01:00,3169.95
2024-08-22 01:00:00+01:00,3090.99
2024-08-22 01:30:00+01:00,3049.14
2024-08-22 02:00:00+01:00,3010.61
2024-08-22 02:30:00+01:00,3031.36
2024-08-22 03:00:00+01:00,3000.35
2024-08-22 03:30:00+01:00,2968.29
2024-08-22 04:00:00+01:00,2962.38
2024-08-22 04:30:00+01:00,2937.1
2024-08-22 05:00:00+01:00,2924.4
2024-08-22 05:30:00+01:00,2984.76
2024-08-22 06:00:00+01:00,3083.75
2024-08-22 06:30:00+01:00,3180.85
2024-08-22 07:00:00+01:00,3380.01
2024-08-22 07:30:00+01:00,3669.65
2024-08-22 08:00:00+01:00,3808.3
2024-08-22 08:30:00+01:00,3986.92
2024-08-22 09:00:00+01:00,4070.34
2024-08-22 09:30:00+01:00,4115.09
2024-08-22 10:00:00+01:00,4082.4
2024-08-22 10:30:00+01:00,4100.19
2024-08-22 11:00:00+01:00,4070.0
2024-08-22 11:30:00+01:00,4108.88
2024-08-22 12:00:00+01:00,4091.11
2024-08-22 12:30:00+01:00,4112.67
2024-08-22 13:00:00+01:00,4084.17
2024-08-22 13:30:00+01:00,4066.19
2024-08-22 14:00:00+01:00,4062.08
2024-08-22 14:30:00+01:00,4068.36
2024-08-22 15:00:00+01:00,4082.73
2024-08-22 15:30:00+01:00,4090.87
2024-08-22 16:00:00+01:00,4119.91
2024-08-22 16:30:00+01:00,4203.37
2024-08-22 17:00:00+01:00,4239.32
2024-08-22 17:30:00+01:00,4362.0
2024-08-22 18:00:00+01:00,4372.91
2024-08-22 18:30:00+01:00,4319.45
2024-08-22 19:00:00+01:00,4240.52
2024-08-22 19:30:00+01:00,4215.21
2024-08-22 20:00:00+01:00,4144.73
2024-08-22 20:30:00+01:00,4135.99
2024-08-22 21:00:00+01:00,4159.26
2024-08-22 21:30:00+01:00,4054.15
2024-08-22 22:00:00+01:00,3867.0
2024-08-22 22:30:00+01:00,3691.53
2024-08-22 23:00:00+01:00,3555.15
2024-08-22 23:30:00+01:00,3467.34
2024-08-23 00:00:00+01:00,3352.37
2024-08-23 00:30:00+01:00,3275.87
2024-08-23 01:00:00+01:00,3171.33
2024-08-23 01:30:00+01:00,3144.02
2024-08-23 02:00:00+01:00,3037.14
2024-08-23 02:30:00+01:00,3048.68
2024-08-23 03:00:00+01:00,2994.67
2024-08-23 03:30:00+01:00,3028.94
2024-08-23 04:00:00+01:00,2988.9
2024-08-23 04:30:00+01:00,2896.51
2024-08-23 05:00:00+01:00,2927.52
2024-08-23 05:30:00+01:00,2966.29
2024-08-23 06:00:00+01:00,3046.56
2024-08-23 06:30:00+01:00,3162.65
2024-08-23 07:00:00+01:00,3337.45
2024-08-23 07:30:00+01:00,3559.54
2024-08-23 08:00:00+01:00,3780.9
2024-08-23 08:30:00+01:00,3927.7
2024-08-23 09:00:00+01:00,3994.23
2024-08-23 09:30:00+01:00,3998.02
2024-08-23 10:00:00+01:00,3931.1
2024-08-23 10:30:00+01:00,3907.78
2024-08-23 11:00:00+01:00,3925.18
2024-08-23 11:30:00+01:00,3920.93
2024-08-23 12:00:00+01:00,3944.57
2024-08-23 12:30:00+01:00,3900.84
2024-08-23 13:00:00+01:00,3869.58
2024-08-23 13:30:00+01:00,3826.33
2024-08-23 14:00:00+01:00,3789.04
2024-08-23 14:30:00+01:00,3772.77
2024-08-23 15:00:00+01:00,3804.78
2024-08-23 15:30:00+01:00,3773.55
2024-08-23 16:00:00+01:00,3794.47
2024-08-23 16:30:00+01:00,3850.68
2024-08-23 17:00:00+01:00,3896.23
2024-08-23 17:30:00+01:00,3997.14
2024-08-23 18:00:00+01:00,4061.79
2024-08-23 18:30:00+01:00,3980.08
2024-08-23 19:00:00+01:00,3994.72
2024-08-23 19:30:00+01:00,3953.08
2024-08-23 20:00:00+01:00,3910.63
2024-08-23 20:30:00+01:00,3871.6
2024-08-23 21:00:00+01:00,3947.79
2024-08-23 21:30:00+01:00,3855.84
2024-08-23 22:00:00+01:00,3708.63
2024-08-23 22:30:00+01:00,3561.85
2024-08-23 23:00:00+01:00,3416.22
2024-08-23 23:30:00+01:00,3309.04
2024-08-24 00:00:00+01:00,3192.92
2024-08-24 00:30:00+01:00,3085.96
2024-08-24 01:00:00+01:00,3064.16
2024-08-24 01:30:00+01:00,3048.88
2024-08-24 02:00:00+01:00,3055.71
2024-08-24 02:30:00+01:00,3066.36
2024-08-24 03:00:00+01:00,2948.88
2024-08-24 03:30:00+01:00,2934.31
2024-08-24 04:00:00+01:00,2927.59
2024-08-24 04:30:00+01:00,2910.84
2024-08-24 05:00:00+01:00,2906.17
2024-08-24 05:30:00+01:00,2931.85
2024-08-24 06:00:00+01:00,2963.66
2024-08-24 06:30:00+01:00,2997.7
2024-08-24 07:00:00+01:00,3071.28
2024-08-24 07:30:00+01:00,3197.88
2024-08-24 08:00:00+01:00,3310.03
2024-08-24 08:30:00+01:00,3446.34
2024-08-24 09:00:00+01:00,3542.35
2024-08-24 09:30:00+01:00,3636.82
2024-08-24 10:00:00+01:00,3609.26
2024-08-24 10:30:00+01:00,3628.48
2024-08-24 11:00:00+01:00,3599.26
2024-08-24 11:30:00+01:00,3538.99
2024-08-24 12:00:00+01:00,3572.64
2024-08-24 12:30:00+01:00,3586.11
2024-08-24 13:00:00+01:00,3540.0
2024-08-24 13:30:00+01:00,3481.7
2024-08-24 14:00:00+01:00,3396.42
2024-08-24 14:30:00+01:00,3407.52
2024-08-24 15:00:00+01:00,3354.41
2024-08-24 15:30:00+01:00,3429.46
2024-08-24 16:00:00+01:00,3445.83
2024-08-24 16:30:00+01:00,3483.41
2024-08-24 17:00:00+01:00,3585.25
2024-08-24 17:30:00+01:00,3638.19
2024-08-24 18:00:00+01:00,3671.03
2024-08-24 18:30:00+01:00,3711.74
2024-08-24 19:00:00+01:00,3686.98
2024-08-24 19:30:00+01:00,3650.97
2024-08-24 20:00:00+01:00,3646.31
2024-08-24 20:30:00+01:00,3598.54
2024-08-24 21:00:00+01:00,3647.96
2024-08-24 21:30:00+01:00,3583.42
2024-08-24 22:00:00+01:00,3455.33
2024-08-24 22:30:00+01:00,3316.83
2024-08-24 23:00:00+01:00,3211.89
2024-08-24 23:30:00+01:00,3146.06
2024-08-25 00:00:00+01:00,3066.24
2024-08-25 00:30:00+01:00,3000.37
2024-08-25 01:00:00+01:00,2930.65
2024-08-25 01:30:00+01:00,2853.24
2024-08-25 02:00:00+01:00,2792.67
2024-08-25 02:30:00+01:00,2846.22
2024-08-25 03:00:00+01:00,2802.19
2024-08-25 03:30:00+01:00,2750.41
2024-08-25 04:00:00+01:00,2720.13
2024-08-25 04:30:00+01:00,2733.21
2024-08-25 05:00:00+01:00,2737.58
2024-08-25 05:30:00+01:00,2743.77
2024-08-25 06:00:00+01:00,2779.29
2024-08-25 06:30:00+01:00,2803.69
2024-08-25 07:00:00+01:00,2820.88
2024-08-25 07:30:00+01:00,2966.43
2024-08-25 08:00:00+01:00,3074.41
2024-08-25 08:30:00+01:00,3219.7
2024-08-25 09:00:00+01:00,3325.91
2024-08-25 09:30:00+01:00,3438.02
2024-08-25 10:00:00+01:00,3515.96
2024-08-25 10:30:00+01:00,3579.41
2024-08-25 11:00:00+01:00,3595.79
2024-08-25 11:30:00+01:00,3644.33
2024-08-25 12:00:00+01:00,3694.79
2024-08-25 12:30:00+01:00,3734.9
2024-08-25 13:00:00+01:00,3738.87
2024-08-25 13:30:00+01:00,3697.46
2024-08-25 14:00:00+01:00,3625.24
2024-08-25 14:30:00+01:00,3602.49
2024-08-25 15:00:00+01:00,3577.11
2024-08-25 15:30:00+01:00,3591.12
2024-08-25 16:00:00+01:00,3607.22
2024-08-25 16:30:00+01:00,3643.08
2024-08-25 17:00:00+01:00,3685.21
2024-08-25 17:30:00+01:00,3757.13
2024-08-25 18:00:00+01:00,3774.79
2024-08-25 18:30:00+01:00,3790.03
2024-08-25 19:00:00+01:00,3738.07
2024-08-25 19:30:00+01:00,3688.1
2024-08-25 20:00:00+01:00,3698.08
2024-08-25 20:30:00+01:00,3691.64
2024-08-25 21:00:00+01:00,3719.93
2024-08-25 21:30:00+01:00,3675.46
2024-08-25 22:00:00+01:00,3619.91
2024-08-25 22:30:00+01:00,3458.62
2024-08-25 23:00:00+01:00,3343.9
2024-08-25 23:30:00+01:00,3223.0
2024-08-26 00:00:00+01:00,3127.95
2024-08-26 00:30:00+01:00,3095.26
2024-08-26 01:00:00+01:00,3010.68
2024-08-26 01:30:00+01:00,2937.16
2024-08-26 02:00:00+01:00,2904.67
2024-08-26 02:30:00+01:00,2949.57
2024-08-26 03:00:00+01:00,2902.31
2024-08-26 03:30:00+01:00,2885.57
2024-08-26 04:00:00+01:00,2868.62
2024-08-26 04:30:00+01:00,2859.62
2024-08-26 05:00:00+01:00,2887.81
2024-08-26 05:30:00+01:00,2962.64
2024-08-26 06:00:00+01:00,3065.2
2024-08-26 06:30:00+01:00,3237.91
2024-08-26 07:00:00+01:00,3431.66
2024-08-26 07:30:00+01:00,3661.71
2024-08-26 08:00:00+01:00,3827.26
2024-08-26 08:30:00+01:00,4003.31
2024-08-26 09:00:00+01:00,4102.21
2024-08-26 09:30:00+01:00,4181.67
2024-08-26 10:00:00+01:00,4145.91
2024-08-26 10:30:00+01:00,4160.41
2024-08-26 11:00:00+01:00,4161.39
2024-08-26 11:30:00+01:00,4144.72
2024-08-26 12:00:00+01:00,4132.73
2024-08-26 12:30:00+01:00,4138.21
2024-08-26 13:00:00+01:00,4187.74
2024-08-26 13:30:00+01:00,4103.97
2024-08-26 14:00:00+01:00,4111.36
2024-08-26 14:30:00+01:00,4151.77
2024-08-26 15:00:00+01:00,4170.0
2024-08-26 15:30:00+01:00,4185.97
2024-08-26 16:00:00+01:00,4205.36
2024-08-26 16:30:00+01:00,4253.13
2024-08-26 17:00:00+01:00,4301.1
2024-08-26 17:30:00+01:00,4444.54
2024-08-26 18:00:00+01:00,4395.01
2024-08-26 18:30:00+01:00,4345.11
2024-08-26 19:00:00+01:00,4218.44
2024-08-26 19:30:00+01:00,4191.08
2024-08-26 20:00:00+01:00,4168.69
2024-08-26 20:30:00+01:00,4159.21
2024-08-26 21:00:00+01:00,4168.76
2024-08-26 21:30:00+01:00,4009.69
2024-08-26 22:00:00+01:00,3852.14
2024-08-26 22:30:00+01:00,3662.97
2024-08-26 23:00:00+01:00,3509.89
2024-08-26 23:30:00+01:00,3391.44
2024-08-27 00:00:00+01:00,3280.48
2024-08-27 00:30:00+01:00,3238.54
2024-08-27 01:00:00+01:00,3139.33
2024-08-27 01:30:00+01:00,3112.8
2024-08-27 02:00:00+01:00,3080.23
2024-08-27 02:30:00+01:00,3105.56
2024-08-27 03:00:00+01:00,3061.11
2024-08-27 03:30:00+01:00,3051.36
2024-08-27 04:00:00+01:00,3006.53
2024-08-27 04:30:00+01:00,2978.85
2024-08-27 05:00:00+01:00,2976.72
2024-08-27 05:30:00+01:00,3026.3
2024-08-27 06:00:00+01:00,3151.92
2024-08-27 06:30:00+01:00,3325.97
2024-08-27 07:00:00+01:00,3508.74
2024-08-27 07:30:00+01:00,3771.65
2024-08-27 08:00:00+01:00,3939.03
2024-08-27 08:30:00+01:00,4120.69
2024-08-27 09:00:00+01:00,4186.16
2024-08-27 09:30:00+01:00,4249.0
2024-08-27 10:00:00+01:00,4226.38
2024-08-27 10:30:00+01:00,4218.48
2024-08-27 11:00:00+01:00,4222.62
2024-08-27 11:30:00+01:00,4162.51
2024-08-27 12:00:00+01:00,4170.98
2024-08-27 12:30:00+01:00,4167.98
2024-08-27 13:00:00+01:00,4151.87
2024-08-27 13:30:00+01:00,4100.2
2024-08-27 14:00:00+01:00,4072.36
2024-08-27 14:30:00+01:00,4068.72
2024-08-27 15:00:00+01:00,4053.09
2024-08-27 15:30:00+01:00,4064.15
2024-08-27 16:00:00+01:00,4056.37
2024-08-27 16:30:00+01:00,4155.99
2024-08-27 17:00:00+01:00,4234.53
2024-08-27 17:30:00+01:00,4292.51
2024-08-27 18:00:00+01:00,4291.96
2024-08-27 18:30:00+01:00,4228.17
2024-08-27 19:00:00+01:00,4192.83
2024-08-27 19:30:00+01:00,4158.31
2024-08-27 20:00:00+01:00,4137.76
2024-08-27 20:30:00+01:00,4168.47
2024-08-27 21:00:00+01:00,4228.94
2024-08-27 21:30:00+01:00,4093.06
2024-08-27 22:00:00+01:00,3887.85
2024-08-27 22:30:00+01:00,3700.59
2024-08-27 23:00:00+01:00,3541.72
2024-08-27 23:30:00+01:00,3427.31
2024-08-28 00:00:00+01:00,3239.52
2024-08-28 00:30:00+01:00,3169.45
2024-08-28 01:00:00+01:00,3119.76
2024-08-28 01:30:00+01:00,3069.96
2024-08-28 02:00:00+01:00,3045.63
2024-08-28 02:30:00+01:00,3059.52
2024-08-28 03:00:00+01:00,3011.46
2024-08-28 03:30:00+01:00,2991.27
2024-08-28 04:00:00+01:00,2958.04
2024-08-28 04:30:00+01:00,3002.52
2024-08-28 05:00:00+01:00,3024.88
2024-08-28 05:30:00+01:00,3074.25
2024-08-28 06:00:00+01:00,3200.81
2024-08-28 06:30:00+01:00,3348.19
2024-08-28 07:00:00+01:00,3549.86
2024-08-28 07:30:00+01:00,3893.22
2024-08-28 08:00:00+01:00,4049.74
2024-08-28 08:30:00+01:00,4120.1
2024-08-28 09:00:00+01:00,4159.81
2024-08-28 09:30:00+01:00,4181.73
2024-08-28 10:00:00+01:00,4161.66
2024-08-28 10:30:00+01:00,4132.9
2024-08-28 11:00:00+01:00,4174.21
2024-08-28 11:30:00+01:00,4136.75
2024-08-28 12:00:00+01:00,4088.9
2024-08-28 12:30:00+01:00,4076.84
2024-08-28 13:00:00+01:00,4082.83
2024-08-28 13:30:00+01:00,3988.24
2024-08-28 14:00:00+01:00,3947.62
2024-08-28 14:30:00+01:00,3913.15
2024-08-28 15:00:00+01:00,3947.65
2024-08-28 15:30:00+01:00,3981.26
2024-08-28 16:00:00+01:00,3942.64
2024-08-28 16:30:00+01:00,4000.38
2024-08-28 17:00:00+01:00,4069.96
2024-08-28 17:30:00+01:00,4121.67
2024-08-28 18:00:00+01:00,4131.02
2024-08-28 18:30:00+01:00,4146.34
2024-08-28 19:00:00+01:00,4099.69
2024-08-28 19:30:00+01:00,4081.87
2024-08-28 20:00:00+01:00,4077.75
2024-08-28 20:30:00+01:00,4103.48
2024-08-28 21:00:00+01:00,4154.38
2024-08-28 21:30:00+01:00,4059.3
2024-08-28 22:00:00+01:00,3899.56
2024-08-28 22:30:00+01:00,3663.83
2024-08-28 23:00:00+01:00,3500.37
2024-08-28 23:30:00+01:00,3338.97
2024-08-29 00:00:00+01:00,3210.41
2024-08-29 00:30:00+01:00,3135.74
2024-08-29 01:00:00+01:00,3074.05
2024-08-29 01:30:00+01:00,2999.72
2024-08-29 02:00:00+01:00,2975.95
2024-08-29 02:30:00+01:00,3015.78
2024-08-29 03:00:00+01:00,2975.3
2024-08-29 03:30:00+01:00,2968.46
2024-08-29 04:00:00+01:00,2934.25
2024-08-29 04:30:00+01:00,2937.01
2024-08-29 05:00:00+01:00,2961.51
2024-08-29 05:30:00+01:00,3010.63
2024-08-29 06:00:00+01:00,3139.15
2024-08-29 06:30:00+01:00,3271.04
2024-08-29 07:00:00+01:00,3518.85
2024-08-29 07:30:00+01:00,3822.33
2024-08-29 08:00:00+01:00,3991.86
2024-08-29 08:30:00+01:00,4057.63
2024-08-29 09:00:00+01:00,4097.9
2024-08-29 09:30:00+01:00,4112.36
2024-08-29 10:00:00+01:00,4063.51
2024-08-29 10:30:00+01:00,4035.22
2024-08-29 11:00:00+01:00,4013.08
2024-08-29 11:30:00+01:00,3992.22
2024-08-29 12:00:00+01:00,3981.07
2024-08-29 12:30:00+01:00,3959.54
2024-08-29 13:00:00+01:00,3995.95
2024-08-29 13:30:00+01:00,3907.07
2024-08-29 14:00:00+01:00,3877.8
2024-08-29 14:30:00+01:00,3860.1
2024-08-29 15:00:00+01:00,3903.21
2024-08-29 15:30:00+01:00,3930.53
2024-08-29 16:00:00+01:00,3977.09
2024-08-29 16:30:00+01:00,4061.9
2024-08-29 17:00:00+01:00,4148.45
2024-08-29 17:30:00+01:00,4187.91
2024-08-29 18:00:00+01:00,4209.62
2024-08-29 18:30:00+01:00,4156.99
2024-08-29 19:00:00+01:00,4155.96
2024-08-29 19:30:00+01:00,4095.85
2024-08-29 20:00:00+01:00,4094.53
2024-08-29 20:30:00+01:00,4101.03
2024-08-29 21:00:00+01:00,4148.75
2024-08-29 21:30:00+01:00,4011.13
2024-08-29 22:00:00+01:00,3848.29
2024-08-29 22:30:00+01:00,3655.66
2024-08-29 23:00:00+01:00,3484.23
2024-08-29 23:30:00+01:00,3358.65
2024-08-30 00:00:00+01:00,3232.19
2024-08-30 00:30:00+01:00,3237.32
2024-08-30 01:00:00+01:00,3166.08
2024-08-30 01:30:00+01:00,3146.03
2024-08-30 02:00:00+01:00,3095.16
2024-08-30 02:30:00+01:00,3122.96
2024-08-30 03:00:00+01:00,3101.85
2024-08-30 03:30:00+01:00,3049.29
2024-08-30 04:00:00+01:00,2990.8
2024-08-30 04:30:00+01:00,2995.6
2024-08-30 05:00:00+01:00,3023.75
2024-08-30 05:30:00+01:00,3063.27
2024-08-30 06:00:00+01:00,3174.35
2024-08-30 06:30:00+01:00,3333.35
2024-08-30 07:00:00+01:00,3559.28
2024-08-30 07:30:00+01:00,3863.3
2024-08-30 08:00:00+01:00,4001.03
2024-08-30 08:30:00+01:00,4031.97
2024-08-30 09:00:00+01:00,4043.58
2024-08-30 09:30:00+01:00,4071.78
2024-08-30 10:00:00+01:00,4066.67
2024-08-30 10:30:00+01:00,4011.43
2024-08-30 11:00:00+01:00,3974.89
2024-08-30 11:30:00+01:00,3930.62
2024-08-30 12:00:00+01:00,3897.9
2024-08-30 12:30:00+01:00,3907.89
2024-08-30 13:00:00+01:00,3900.09
2024-08-30 13:30:00+01:00,3838.11
2024-08-30 14:00:00+01:00,3828.85
2024-08-30 14:30:00+01:00,3803.02
2024-08-30 15:00:00+01:00,3820.04
2024-08-30 15:30:00+01:00,3857.13
2024-08-30 16:00:00+01:00,3881.15
2024-08-30 16:30:00+01:00,3931.87
2024-08-30 17:00:00+01:00,3999.84
2024-08-30 17:30:00+01:00,4060.73
2024-08-30 18:00:00+01:00,4070.87
2024-08-30 18:30:00+01:00,4040.12
2024-08-30 19:00:00+01:00,3999.96
2024-08-30 19:30:00+01:00,3956.45
2024-08-30 20:00:00+01:00,3943.69
2024-08-30 20:30:00+01:00,3928.66
2024-08-30 21:00:00+01:00,3981.45
2024-08-30 21:30:00+01:00,3873.14
2024-08-30 22:00:00+01:00,3730.87
2024-08-30 22:30:00+01:00,3591.37
2024-08-30 23:00:00+01:00,3437.29
2024-08-30 23:30:00+01:00,3326.65
2024-08-31 00:00:00+01:00,3210.61
2024-08-31 00:30:00+01:00,3159.08
2024-08-31 01:00:00+01:00,3075.78
2024-08-31 01:30:00+01:00,3014.63
2024-08-31 02:00:00+01:00,2978.82
2024-08-31 02:30:00+01:00,3004.2
2024-08-31 03:00:00+01:00,2955.72
2024-08-31 03:30:00+01:00,2949.19
2024-08-31 04:00:00+01:00,2913.07
2024-08-31 04:30:00+01:00,2900.92
2024-08-31 05:00:00+01:00,2893.18
2024-08-31 05:30:00+01:00,2913.96
2024-08-31 06:00:00+01:00,2951.77
2024-08-31 06:30:00+01:00,3003.52
2024-08-31 07:00:00+01:00,3082.39
2024-08-31 07:30:00+01:00,3235.63
2024-08-31 08:00:00+01:00,3371.48
2024-08-31 08:30:00+01:00,3528.24
2024-08-31 09:00:00+01:00,3638.42
2024-08-31 09:30:00+01:00,3715.33
2024-08-31 10:00:00+01:00,3722.27
2024-08-31 10:30:00+01:00,3705.55
2024-08-31 11:00:00+01:00,3647.09
2024-08-31 11:30:00+01:00,3591.58
2024-08-31 12:00:00+01:00,3531.96
2024-08-31 12:30:00+01:00,3518.52
2024-08-31 13:00:00+01:00,3477.51
2024-08-31 13:30:00+01:00,3481.66
2024-08-31 14:00:00+01:00,3435.42
2024-08-31 14:30:00+01:00,3411.35
2024-08-31 15:00:00+01:00,3412.28
2024-08-31 15:30:00+01:00,3421.81
2024-08-31 16:00:00+01:00,3457.0
2024-08-31 16:30:00+01:00,3479.86
2024-08-31 17:00:00+01:00,3535.99
2024-08-31 17:30:00+01:00,3642.43
2024-08-31 18:00:00+01:00,3688.2
2024-08-31 18:30:00+01:00,3722.17
2024-08-31 19:00:00+01:00,3726.83
2024-08-31 19:30:00+01:00,3700.23
2024-08-31 20:00:00+01:00,3644.66
2024-08-31 20:30:00+01:00,3657.25
2024-08-31 21:00:00+01:00,3706.18
2024-08-31 21:30:00+01:00,3610.28
2024-08-31 22:00:00+01:00,3507.92
2024-08-31 22:30:00+01:00,3381.89
2024-08-31 23:00:00+01:00,3249.33
2024-08-31 23:30:00+01:00,3147.04
2024-09-01 00:00:00+01:00,3042.06
2024-09-01 00:30:00+01:00,3007.35
2024-09-01 01:00:00+01:00,2959.81
2024-09-01 01:30:00+01:00,2899.64
2024-09-01 02:00:00+01:00,2868.09
2024-09-01 02:30:00+01:00,2880.13
2024-09-01 03:00:00+01:00,2876.27
2024-09-01 03:30:00+01:00,2846.72
2024-09-01 04:00:00+01:00,2807.19
2024-09-01 04:30:00+01:00,2799.08
2024-09-01 05:00:00+01:00,2826.49
2024-09-01 05:30:00+01:00,2838.7
2024-09-01 06:00:00+01:00,2855.93
2024-09-01 06:30:00+01:00,2853.29
2024-09-01 07:00:00+01:00,2912.29
2024-09-01 07:30:00+01:00,3004.46
2024-09-01 08:00:00+01:00,3118.16
2024-09-01 08:30:00+01:00,3259.26
2024-09-01 09:00:00+01:00,3390.5
2024-09-01 09:30:00+01:00,3519.3
2024-09-01 10:00:00+01:00,3592.57
2024-09-01 10:30:00+01:00,3646.46
2024-09-01 11:00:00+01:00,3687.3
2024-09-01 11:30:00+01:00,3709.29
2024-09-01 12:00:00+01:00,3718.75
2024-09-01 12:30:00+01:00,3764.82
2024-09-01 13:00:00+01:00,3797.03
2024-09-01 13:30:00+01:00,3796.73
2024-09-01 14:00:00+01:00,3741.59
2024-09-01 14:30:00+01:00,3714.34
2024-09-01 15:00:00+01:00,3703.63
2024-09-01 15:30:00+01:00,3709.16
2024-09-01 16:00:00+01:00,3732.71
2024-09-01 16:30:00+01:00,3790.09
2024-09-01 17:00:00+01:00,3869.55
2024-09-01 17:30:00+01:00,3921.38
2024-09-01 18:00:00+01:00,3948.12
2024-09-01 18:30:00+01:00,3976.98
2024-09-01 19:00:00+01:00,3949.01
2024-09-01 19:30:00+01:00,3926.0
2024-09-01 20:00:00+01:00,3902.33
2024-09-01 20:30:00+01:00,3931.46
2024-09-01 21:00:00+01:00,3866.64
2024-09-01 21:30:00+01:00,3738.48
2024-09-01 22:00:00+01:00,3585.13
2024-09-01 22:30:00+01:00,3425.1
2024-09-01 23:00:00+01:00,3289.55
2024-09-01 23:30:00+01:00,3168.07
2024-09-02 00:00:00+01:00,3069.69
2024-09-02 00:30:00+01:00,3031.26
2024-09-02 01:00:00+01:00,2964.28
2024-09-02 01:30:00+01:00,2919.27
2024-09-02 02:00:00+01:00,2891.84
2024-09-02 02:30:00+01:00,2924.85
2024-09-02 03:00:00+01:00,2894.9
2024-09-02 03:30:00+01:00,2881.31
2024-09-02 04:00:00+01:00,2850.83
2024-09-02 04:30:00+01:00,2849.9
2024-09-02 05:00:00+01:00,2890.99
2024-09-02 05:30:00+01:00,2952.13
2024-09-02 06:00:00+01:00,3073.12
2024-09-02 06:30:00+01:00,3282.94
2024-09-02 07:00:00+01:00,3522.53
2024-09-02 07:30:00+01:00,3843.82
2024-09-02 08:00:00+01:00,4005.0
2024-09-02 08:30:00+01:00,4088.19
2024-09-02 09:00:00+01:00,4134.07
2024-09-02 09:30:00+01:00,4163.8
2024-09-02 10:00:00+01:00,4179.22
2024-09-02 10:30:00+01:00,4176.5
2024-09-02 11:00:00+01:00,4177.02
2024-09-02 11:30:00+01:00,4159.57
2024-09-02 12:00:00+01:00,4144.64
2024-09-02 12:30:00+01:00,4164.84
2024-09-02 13:00:00+01:00,4143.61
2024-09-02 13:30:00+01:00,4104.45
2024-09-02 14:00:00+01:00,4073.58
2024-09-02 14:30:00+01:00,4047.1
2024-09-02 15:00:00+01:00,4051.64
2024-09-02 15:30:00+01:00,4085.72
2024-09-02 16:00:00+01:00,4100.2
2024-09-02 16:30:00+01:00,4166.37
2024-09-02 17:00:00+01:00,4234.02
2024-09-02 17:30:00+01:00,4276.94
2024-09-02 18:00:00+01:00,4254.66
2024-09-02 18:30:00+01:00,4205.47
2024-09-02 19:00:00+01:00,4144.06
2024-09-02 19:30:00+01:00,4126.48
2024-09-02 20:00:00+01:00,4088.03
2024-09-02 20:30:00+01:00,4128.43
2024-09-02 21:00:00+01:00,4120.03
2024-09-02 21:30:00+01:00,3961.37
2024-09-02 22:00:00+01:00,3781.77
2024-09-02 22:30:00+01:00,3603.97
2024-09-02 23:00:00+01:00,3442.74
2024-09-02 23:30:00+01:00,3329.86
2024-09-03 00:00:00+01:00,3216.77
2024-09-03 00:30:00+01:00,3156.54
2024-09-03 01:00:00+01:00,3088.78
2024-09-03 01:30:00+01:00,3033.2
2024-09-03 02:00:00+01:00,3012.28
2024-09-03 02:30:00+01:00,3038.7
2024-09-03 03:00:00+01:00,3009.74
2024-09-03 03:30:00+01:00,2992.12
2024-09-03 04:00:00+01:00,2970.43
2024-09-03 04:30:00+01:00,2958.75
2024-09-03 05:00:00+01:00,2971.52
2024-09-03 05:30:00+01:00,3032.63
2024-09-03 06:00:00+01:00,3154.52
2024-09-03 06:30:00+01:00,3358.13
2024-09-03 07:00:00+01:00,3597.98
2024-09-03 07:30:00+01:00,3929.19
2024-09-03 08:00:00+01:00,4093.31
2024-09-03 08:30:00+01:00,4184.48
2024-09-03 09:00:00+01:00,4217.11
2024-09-03 09:30:00+01:00,4248.8
2024-09-03 10:00:00+01:00,4210.91
2024-09-03 10:30:00+01:00,4169.65
2024-09-03 11:00:00+01:00,4161.73
2024-09-03 11:30:00+01:00,4150.87
2024-09-03 12:00:00+01:00,4123.51
2024-09-03 12:30:00+01:00,4142.83
2024-09-03 13:00:00+01:00,4140.32
2024-09-03 13:30:00+01:00,4053.2
2024-09-03 14:00:00+01:00,4016.67
2024-09-03 14:30:00+01:00,3984.37
2024-09-03 15:00:00+01:00,3996.67
2024-09-03 15:30:00+01:00,4029.11
2024-09-03 16:00:00+01:00,4085.59
2024-09-03 16:30:00+01:00,4177.94
2024-09-03 17:00:00+01:00,4256.79
2024-09-03 17:30:00+01:00,4298.01
2024-09-03 18:00:00+01:00,4275.24
2024-09-03 18:30:00+01:00,4237.91
2024-09-03 19:00:00+01:00,4159.22
2024-09-03 19:30:00+01:00,4160.9
2024-09-03 20:00:00+01:00,4134.46
2024-09-03 20:30:00+01:00,4206.87
2024-09-03 21:00:00+01:00,4206.49
2024-09-03 21:30:00+01:00,4069.22
2024-09-03 22:00:00+01:00,3861.6
2024-09-03 22:30:00+01:00,3665.24
2024-09-03 23:00:00+01:00,3471.18
2024-09-03 23:30:00+01:00,3358.44
2024-09-04 00:00:00+01:00,3250.84
2024-09-04 00:30:00+01:00,3191.38
2024-09-04 01:00:00+01:00,3096.06
2024-09-04 01:30:00+01:00,3057.79
2024-09-04 02:00:00+01:00,3002.54
2024-09-04 02:30:00+01:00,3049.3
2024-09-04 03:00:00+01:00,3007.38
2024-09-04 03:30:00+01:00,2965.3
2024-09-04 04:00:00+01:00,2952.06
2024-09-04 04:30:00+01:00,2919.98
2024-09-04 05:00:00+01:00,2975.05
2024-09-04 05:30:00+01:00,3044.17
2024-09-04 06:00:00+01:00,3143.0
2024-09-04 06:30:00+01:00,3341.65
2024-09-04 07:00:00+01:00,3587.44
2024-09-04 07:30:00+01:00,3917.2
2024-09-04 08:00:00+01:00,4045.39
2024-09-04 08:30:00+01:00,4105.78
2024-09-04 09:00:00+01:00,4106.51
2024-09-04 09:30:00+01:00,4102.2
2024-09-04 10:00:00+01:00,4068.91
2024-09-04 10:30:00+01:00,4056.11
2024-09-04 11:00:00+01:00,4033.78
2024-09-04 11:30:00+01:00,3998.02
2024-09-04 12:00:00+01:00,3996.97
2024-09-04 12:30:00+01:00,4040.27
2024-09-04 13:00:00+01:00,4000.04
2024-09-04 13:30:00+01:00,3993.03
2024-09-04 14:00:00+01:00,3964.51
2024-09-04 14:30:00+01:00,3979.32
2024-09-04 15:00:00+01:00,3997.8
2024-09-04 15:30:00+01:00,4043.38
2024-09-04 16:00:00+01:00,4032.82
2024-09-04 16:30:00+01:00,4132.97
2024-09-04 17:00:00+01:00,4181.63
2024-09-04 17:30:00+01:00,4294.14
2024-09-04 18:00:00+01:00,4282.77
2024-09-04 18:30:00+01:00,4236.39
2024-09-04 19:00:00+01:00,4214.81
2024-09-04 19:30:00+01:00,4163.16
2024-09-04 20:00:00+01:00,4132.11
2024-09-04 20:30:00+01:00,4248.16
2024-09-04 21:00:00+01:00,4200.37
2024-09-04 21:30:00+01:00,4022.84
2024-09-04 22:00:00+01:00,3820.67
2024-09-04 22:30:00+01:00,3603.64
2024-09-04 23:00:00+01:00,3425.46
2024-09-04 23:30:00+01:00,3300.68
2024-09-05 00:00:00+01:00,3221.0
2024-09-05 00:30:00+01:00,3143.11
2024-09-05 01:00:00+01:00,3084.36
2024-09-05 01:30:00+01:00,3051.36
2024-09-05 02:00:00+01:00,3003.98
2024-09-05 02:30:00+01:00,2995.15
2024-09-05 03:00:00+01:00,2986.55
2024-09-05 03:30:00+01:00,2973.15
2024-09-05 04:00:00+01:00,2952.43
2024-09-05 04:30:00+01:00,2954.02
2024-09-05 05:00:00+01:00,2966.64
2024-09-05 05:30:00+01:00,3008.23
2024-09-05 06:00:00+01:00,3138.21
2024-09-05 06:30:00+01:00,3362.03
2024-09-05 07:00:00+01:00,3590.07
2024-09-05 07:30:00+01:00,3913.62
2024-09-05 08:00:00+01:00,4105.12
2024-09-05 08:30:00+01:00,4158.79
2024-09-05 09:00:00+01:00,4183.72
2024-09-05 09:30:00+01:00,4183.53
2024-09-05 10:00:00+01:00,4149.63
2024-09-05 10:30:00+01:00,4099.4
2024-09-05 11:00:00+01:00,4103.03
2024-09-05 11:30:00+01:00,4079.44
2024-09-05 12:00:00+01:00,4035.6
2024-09-05 12:30:00+01:00,4109.92
2024-09-05 13:00:00+01:00,4097.83
2024-09-05 13:30:00+01:00,4008.07
2024-09-05 14:00:00+01:00,4011.98
2024-09-05 14:30:00+01:00,3986.1
2024-09-05 15:00:00+01:00,3980.14
2024-09-05 15:30:00+01:00,4023.05
2024-09-05 16:00:00+01:00,4081.64
2024-09-05 16:30:00+01:00,4128.83
2024-09-05 17:00:00+01:00,4198.84
2024-09-05 17:30:00+01:00,4230.0
2024-09-05 18:00:00+01:00,4235.39
2024-09-05 18:30:00+01:00,4193.51
2024-09-05 19:00:00+01:00,4122.53
2024-09-05 19:30:00+01:00,4111.68
2024-09-05 20:00:00+01:00,4096.32
2024-09-05 20:30:00+01:00,4186.51
2024-09-05 21:00:00+01:00,4161.11
2024-09-05 21:30:00+01:00,3983.6
2024-09-05 22:00:00+01:00,3767.2
2024-09-05 22:30:00+01:00,3614.83
2024-09-05 23:00:00+01:00,3445.86
2024-09-05 23:30:00+01:00,3322.95
2024-09-06 00:00:00+01:00,3242.15
2024-09-06 00:30:00+01:00,3182.32
2024-09-06 01:00:00+01:00,3122.28
2024-09-06 01:30:00+01:00,3091.49
2024-09-06 02:00:00+01:00,3032.1
2024-09-06 02:30:00+01:00,3049.53
2024-09-06 03:00:00+01:00,3009.51
2024-09-06 03:30:00+01:00,3028.46
2024-09-06 04:00:00+01:00,3014.14
2024-09-06 04:30:00+01:00,3019.4
2024-09-06 05:00:00+01:00,3013.27
2024-09-06 05:30:00+01:00,3052.73
2024-09-06 06:00:00+01:00,3174.93
2024-09-06 06:30:00+01:00,3376.0
2024-09-06 07:00:00+01:00,3583.99
2024-09-06 07:30:00+01:00,3940.85
2024-09-06 08:00:00+01:00,4120.7
2024-09-06 08:30:00+01:00,4155.97
2024-09-06 09:00:00+01:00,4171.05
2024-09-06 09:30:00+01:00,4244.98
2024-09-06 10:00:00+01:00,4179.75
2024-09-06 10:30:00+01:00,4145.22
2024-09-06 11:00:00+01:00,4127.55
2024-09-06 11:30:00+01:00,4122.18
2024-09-06 12:00:00+01:00,4083.36
2024-09-06 12:30:00+01:00,4061.06
2024-09-06 13:00:00+01:00,4037.84
2024-09-06 13:30:00+01:00,4006.4
2024-09-06 14:00:00+01:00,3968.68
2024-09-06 14:30:00+01:00,3950.96
2024-09-06 15:00:00+01:00,3936.1
2024-09-06 15:30:00+01:00,3964.56
2024-09-06 16:00:00+01:00,3965.79
2024-09-06 16:30:00+01:00,4042.08
2024-09-06 17:00:00+01:00,4112.03
2024-09-06 17:30:00+01:00,4180.36
2024-09-06 18:00:00+01:00,4186.58
2024-09-06 18:30:00+01:00,4166.71
2024-09-06 19:00:00+01:00,4113.49
2024-09-06 19:30:00+01:00,4060.28
2024-09-06 20:00:00+01:00,4047.44
2024-09-06 20:30:00+01:00,4112.82
2024-09-06 21:00:00+01:00,4071.87
2024-09-06 21:30:00+01:00,3929.96
2024-09-06 22:00:00+01:00,3763.54
2024-09-06 22:30:00+01:00,3625.67
2024-09-06 23:00:00+01:00,3487.0
2024-09-06 23:30:00+01:00,3381.83
2024-09-07 00:00:00+01:00,3272.88
2024-09-07 00:30:00+01:00,3209.44
2024-09-07 01:00:00+01:00,3129.54
2024-09-07 01:30:00+01:00,3077.8
2024-09-07 02:00:00+01:00,3034.34
2024-09-07 02:30:00+01:00,3062.7
2024-09-07 03:00:00+01:00,3007.2
2024-09-07 03:30:00+01:00,2985.96
2024-09-07 04:00:00+01:00,2956.27
2024-09-07 04:30:00+01:00,2964.22
2024-09-07 05:00:00+01:00,2956.58
2024-09-07 05:30:00+01:00,2952.48
2024-09-07 06:00:00+01:00,3003.63
2024-09-07 06:30:00+01:00,3103.29
2024-09-07 07:00:00+01:00,3163.46
2024-09-07 07:30:00+01:00,3303.44
2024-09-07 08:00:00+01:00,3467.6
2024-09-07 08:30:00+01:00,3644.96
2024-09-07 09:00:00+01:00,3773.39
2024-09-07 09:30:00+01:00,3868.14
2024-09-07 10:00:00+01:00,3879.35
2024-09-07 10:30:00+01:00,3886.85
2024-09-07 11:00:00+01:00,3883.31
2024-09-07 11:30:00+01:00,3874.51
2024-09-07 12:00:00+01:00,3838.64
2024-09-07 12:30:00+01:00,3838.62
2024-09-07 13:00:00+01:00,3808.0
2024-09-07 13:30:00+01:00,3740.6
2024-09-07 14:00:00+01:00,3713.81
2024-09-07 14:30:00+01:00,3672.59
2024-09-07 15:00:00+01:00,3676.16
2024-09-07 15:30:00+01:00,3671.96
2024-09-07 16:00:00+01:00,3695.01
2024-09-07 16:30:00+01:00,3751.34
2024-09-07 17:00:00+01:00,3817.26
2024-09-07 17:30:00+01:00,3910.82
2024-09-07 18:00:00+01:00,3956.12
2024-09-07 18:30:00+01:00,3921.82
2024-09-07 19:00:00+01:00,3897.66
2024-09-07 19:30:00+01:00,3887.05
2024-09-07 20:00:00+01:00,3860.89
2024-09-07 20:30:00+01:00,3913.73
2024-09-07 21:00:00+01:00,3833.91
2024-09-07 21:30:00+01:00,3711.47
2024-09-07 22:00:00+01:00,3579.1
2024-09-07 22:30:00+01:00,3449.03
2024-09-07 23:00:00+01:00,3321.53
2024-09-07 23:30:00+01:00,3236.29
2024-09-08 00:00:00+01:00,3164.56
2024-09-08 00:30:00+01:00,3117.29
2024-09-08 01:00:00+01:00,3049.35
2024-09-08 01:30:00+01:00,2989.52
2024-09-08 02:00:00+01:00,2940.55
2024-09-08 02:30:00+01:00,2963.8
2024-09-08 03:00:00+01:00,2896.25
2024-09-08 03:30:00+01:00,2864.42
2024-09-08 04:00:00+01:00,2834.99
2024-09-08 04:30:00+01:00,2817.19
2024-09-08 05:00:00+01:00,2808.62
2024-09-08 05:30:00+01:00,2812.25
2024-09-08 06:00:00+01:00,2841.27
2024-09-08 06:30:00+01:00,2873.5
2024-09-08 07:00:00+01:00,2922.37
2024-09-08 07:30:00+01:00,3005.13
2024-09-08 08:00:00+01:00,3148.26
2024-09-08 08:30:00+01:00,3295.96
2024-09-08 09:00:00+01:00,3420.46
2024-09-08 09:30:00+01:00,3538.82
2024-09-08 10:00:00+01:00,3622.21
2024-09-08 10:30:00+01:00,3662.37
2024-09-08 11:00:00+01:00,3678.69
2024-09-08 11:30:00+01:00,3692.54
2024-09-08 12:00:00+01:00,3704.63
2024-09-08 12:30:00+01:00,3716.17
2024-09-08 13:00:00+01:00,3744.16
2024-09-08 13:30:00+01:00,3716.0
2024-09-08 14:00:00+01:00,3666.78
2024-09-08 14:30:00+01:00,3759.26
2024-09-08 15:00:00+01:00,3769.01
2024-09-08 15:30:00+01:00,3750.41
2024-09-08 16:00:00+01:00,3705.57
2024-09-08 16:30:00+01:00,3661.4
2024-09-08 17:00:00+01:00,3770.59
2024-09-08 17:30:00+01:00,3822.53
2024-09-08 18:00:00+01:00,3858.22
2024-09-08 18:30:00+01:00,3811.89
2024-09-08 19:00:00+01:00,3794.75
2024-09-08 19:30:00+01:00,3817.6
2024-09-08 20:00:00+01:00,3814.82
2024-09-08 20:30:00+01:00,3889.13
2024-09-08 21:00:00+01:00,3795.63
2024-09-08 21:30:00+01:00,3648.45
2024-09-08 22:00:00+01:00,3491.4
2024-09-08 22:30:00+01:00,3322.65
2024-09-08 23:00:00+01:00,3202.84
2024-09-08 23:30:00+01:00,3059.8
2024-09-09 00:00:00+01:00,2984.19
2024-09-09 00:30:00+01:00,2965.94
2024-09-09 01:00:00+01:00,2926.61
2024-09-09 01:30:00+01:00,2884.59
2024-09-09 02:00:00+01:00,2835.58
2024-09-09 02:30:00+01:00,2873.12
2024-09-09 03:00:00+01:00,2840.09
2024-09-09 03:30:00+01:00,2807.0
2024-09-09 04:00:00+01:00,2780.06
2024-09-09 04:30:00+01:00,2790.24
2024-09-09 05:00:00+01:00,2829.6
2024-09-09 05:30:00+01:00,2889.61
2024-09-09 06:00:00+01:00,2996.38
2024-09-09 06:30:00+01:00,3246.29
2024-09-09 07:00:00+01:00,3478.96
2024-09-09 07:30:00+01:00,3803.37
2024-09-09 08:00:00+01:00,3977.68
2024-09-09 08:30:00+01:00,4050.37
2024-09-09 09:00:00+01:00,4070.47
2024-09-09 09:30:00+01:00,4071.72
2024-09-09 10:00:00+01:00,4012.79
2024-09-09 10:30:00+01:00,3946.83
2024-09-09 11:00:00+01:00,3908.18
2024-09-09 11:30:00+01:00,3878.77
2024-09-09 12:00:00+01:00,3788.31
2024-09-09 12:30:00+01:00,3787.24
2024-09-09 13:00:00+01:00,3808.51
2024-09-09 13:30:00+01:00,3840.5
2024-09-09 14:00:00+01:00,3832.92
2024-09-09 14:30:00+01:00,3812.49
2024-09-09 15:00:00+01:00,3821.06
2024-09-09 15:30:00+01:00,3934.85
2024-09-09 16:00:00+01:00,3997.44
2024-09-09 16:30:00+01:00,4115.14
2024-09-09 17:00:00+01:00,4203.96
2024-09-09 17:30:00+01:00,4322.24
2024-09-09 18:00:00+01:00,4329.66
2024-09-09 18:30:00+01:00,4316.59
2024-09-09 19:00:00+01:00,4275.73
2024-09-09 19:30:00+01:00,4257.37
2024-09-09 20:00:00+01:00,4282.33
2024-09-09 20:30:00+01:00,4282.29
2024-09-09 21:00:00+01:00,4181.06
2024-09-09 21:30:00+01:00,3976.85
2024-09-09 22:00:00+01:00,3760.97
2024-09-09 22:30:00+01:00,3639.7
2024-09-09 23:00:00+01:00,3423.52
2024-09-09 23:30:00+01:00,3313.86
2024-09-10 00:00:00+01:00,3209.01
2024-09-10 00:30:00+01:00,3163.96
2024-09-10 01:00:00+01:00,3093.82
2024-09-10 01:30:00+01:00,3055.59
2024-09-10 02:00:00+01:00,3020.54
2024-09-10 02:30:00+01:00,3045.99
2024-09-10 03:00:00+01:00,3016.31
2024-09-10 03:30:00+01:00,3002.06
2024-09-10 04:00:00+01:00,2956.12
2024-09-10 04:30:00+01:00,2923.91
2024-09-10 05:00:00+01:00,2970.96
2024-09-10 05:30:00+01:00,2983.87
2024-09-10 06:00:00+01:00,3120.38
2024-09-10 06:30:00+01:00,3352.49
2024-09-10 07:00:00+01:00,3565.61
2024-09-10 07:30:00+01:00,3865.32
2024-09-10 08:00:00+01:00,4054.79
2024-09-10 08:30:00+01:00,4159.63
2024-09-10 09:00:00+01:00,4196.61
2024-09-10 09:30:00+01:00,4272.15
2024-09-10 10:00:00+01:00,4258.11
2024-09-10 10:30:00+01:00,4220.52
2024-09-10 11:00:00+01:00,4220.79
2024-09-10 11:30:00+01:00,4172.94
2024-09-10 12:00:00+01:00,4156.32
2024-09-10 12:30:00+01:00,4165.65
2024-09-10 13:00:00+01:00,4119.55
2024-09-10 13:30:00+01:00,3979.5
2024-09-10 14:00:00+01:00,3963.73
2024-09-10 14:30:00+01:00,3896.78
2024-09-10 15:00:00+01:00,3862.17
2024-09-10 15:30:00+01:00,3900.51
2024-09-10 16:00:00+01:00,3930.54
2024-09-10 16:30:00+01:00,4001.4
2024-09-10 17:00:00+01:00,4072.97
2024-09-10 17:30:00+01:00,4134.77
2024-09-10 18:00:00+01:00,4182.56
2024-09-10 18:30:00+01:00,4115.77
2024-09-10 19:00:00+01:00,4110.09
2024-09-10 19:30:00+01:00,4139.6
2024-09-10 20:00:00+01:00,4153.35
2024-09-10 20:30:00+01:00,4234.33
2024-09-10 21:00:00+01:00,4191.88
2024-09-10 21:30:00+01:00,3978.53
2024-09-10 22:00:00+01:00,3793.13
2024-09-10 22:30:00+01:00,3608.88
2024-09-10 23:00:00+01:00,3462.62
2024-09-10 23:30:00+01:00,3334.6
2024-09-11 00:00:00+01:00,3216.11
2024-09-11 00:30:00+01:00,3161.78
2024-09-11 01:00:00+01:00,3113.09
2024-09-11 01:30:00+01:00,3058.85
2024-09-11 02:00:00+01:00,3013.1
2024-09-11 02:30:00+01:00,3046.95
2024-09-11 03:00:00+01:00,3018.4
2024-09-11 03:30:00+01:00,2986.63
2024-09-11 04:00:00+01:00,2961.64
2024-09-11 04:30:00+01:00,2992.48
2024-09-11 05:00:00+01:00,2993.33
2024-09-11 05:30:00+01:00,3055.41
2024-09-11 06:00:00+01:00,3167.09
2024-09-11 06:30:00+01:00,3367.96
2024-09-11 07:00:00+01:00,3585.72
2024-09-11 07:30:00+01:00,3902.26
2024-09-11 08:00:00+01:00,4057.31
2024-09-11 08:30:00+01:00,4122.75
2024-09-11 09:00:00+01:00,4126.02
2024-09-11 09:30:00+01:00,4113.53
2024-09-11 10:00:00+01:00,4083.43
2024-09-11 10:30:00+01:00,3993.62
2024-09-11 11:00:00+01:00,3977.29
2024-09-11 11:30:00+01:00,3951.17
2024-09-11 12:00:00+01:00,3955.18
2024-09-11 12:30:00+01:00,3961.92
2024-09-11 13:00:00+01:00,3936.07
2024-09-11 13:30:00+01:00,3862.61
2024-09-11 14:00:00+01:00,3814.01
2024-09-11 14:30:00+01:00,3897.27
2024-09-11 15:00:00+01:00,3899.45
2024-09-11 15:30:00+01:00,3902.95
2024-09-11 16:00:00+01:00,3922.89
2024-09-11 16:30:00+01:00,3978.88
2024-09-11 17:00:00+01:00,4042.65
2024-09-11 17:30:00+01:00,4159.66
2024-09-11 18:00:00+01:00,4186.96
2024-09-11 18:30:00+01:00,4185.29
2024-09-11 19:00:00+01:00,4155.06
2024-09-11 19:30:00+01:00,4180.19
2024-09-11 20:00:00+01:00,4209.1
2024-09-11 20:30:00+01:00,4305.7
2024-09-11 21:00:00+01:00,4253.03
2024-09-11 21:30:00+01:00,4053.51
2024-09-11 22:00:00+01:00,3853.23
2024-09-11 22:30:00+01:00,3677.85
2024-09-11 23:00:00+01:00,3485.33
2024-09-11 23:30:00+01:00,3344.88
2024-09-12 00:00:00+01:00,3227.2
2024-09-12 00:30:00+01:00,3191.11
2024-09-12 01:00:00+01:00,3106.83
2024-09-12 01:30:00+01:00,3087.8
2024-09-12 02:00:00+01:00,3043.42
2024-09-12 02:30:00+01:00,3073.78
2024-09-12 03:00:00+01:00,3031.21
2024-09-12 03:30:00+01:00,3018.25
2024-09-12 04:00:00+01:00,2980.09
2024-09-12 04:30:00+01:00,3000.08
2024-09-12 05:00:00+01:00,3024.46
2024-09-12 05:30:00+01:00,3104.37
2024-09-12 06:00:00+01:00,3217.46
2024-09-12 06:30:00+01:00,3430.99
2024-09-12 07:00:00+01:00,3674.03
2024-09-12 07:30:00+01:00,3974.57
2024-09-12 08:00:00+01:00,4133.95
2024-09-12 08:30:00+01:00,4169.63
2024-09-12 09:00:00+01:00,4160.66
2024-09-12 09:30:00+01:00,4177.85
2024-09-12 10:00:00+01:00,4123.36
2024-09-12 10:30:00+01:00,4096.71
2024-09-12 11:00:00+01:00,4059.13
2024-09-12 11:30:00+01:00,4017.89
2024-09-12 12:00:00+01:00,3958.87
2024-09-12 12:30:00+01:00,3971.28
2024-09-12 13:00:00+01:00,3973.46
2024-09-12 13:30:00+01:00,3919.85
2024-09-12 14:00:00+01:00,3892.22
2024-09-12 14:30:00+01:00,3914.37
2024-09-12 15:00:00+01:00,3899.54
2024-09-12 15:30:00+01:00,3929.75
2024-09-12 16:00:00+01:00,3962.29
2024-09-12 16:30:00+01:00,4059.44
2024-09-12 17:00:00+01:00,4143.85
2024-09-12 17:30:00+01:00,4210.8
2024-09-12 18:00:00+01:00,4219.17
2024-09-12 18:30:00+01:00,4205.64
2024-09-12 19:00:00+01:00,4179.46
2024-09-12 19:30:00+01:00,4179.52
2024-09-12 20:00:00+01:00,4209.36
2024-09-12 20:30:00+01:00,4313.03
2024-09-12 21:00:00+01:00,4231.81
2024-09-12 21:30:00+01:00,4085.06
2024-09-12 22:00:00+01:00,3894.38
2024-09-12 22:30:00+01:00,3722.82
2024-09-12 23:00:00+01:00,3550.57
2024-09-12 23:30:00+01:00,3440.98
2024-09-13 00:00:00+01:00,3332.57
2024-09-13 00:30:00+01:00,3282.7
2024-09-13 01:00:00+01:00,3207.2
2024-09-13 01:30:00+01:00,3187.02
2024-09-13 02:00:00+01:00,3134.04
2024-09-13 02:30:00+01:00,3157.64
2024-09-13 03:00:00+01:00,3119.14
2024-09-13 03:30:00+01:00,3099.77
2024-09-13 04:00:00+01:00,3061.24
2024-09-13 04:30:00+01:00,3078.87
2024-09-13 05:00:00+01:00,3097.09
2024-09-13 05:30:00+01:00,3131.76
2024-09-13 06:00:00+01:00,3260.93
2024-09-13 06:30:00+01:00,3481.26
2024-09-13 07:00:00+01:00,3721.1
2024-09-13 07:30:00+01:00,4046.49
2024-09-13 08:00:00+01:00,4188.12
2024-09-13 08:30:00+01:00,4237.78
2024-09-13 09:00:00+01:00,4243.6
2024-09-13 09:30:00+01:00,4268.56
2024-09-13 10:00:00+01:00,4232.36
2024-09-13 10:30:00+01:00,4209.97
2024-09-13 11:00:00+01:00,4184.45
2024-09-13 11:30:00+01:00,4159.62
2024-09-13 12:00:00+01:00,4126.77
2024-09-13 12:30:00+01:00,4122.81
2024-09-13 13:00:00+01:00,4108.91
2024-09-13 13:30:00+01:00,4027.96
2024-09-13 14:00:00+01:00,3992.45
2024-09-13 14:30:00+01:00,3969.74
2024-09-13 15:00:00+01:00,3950.32
2024-09-13 15:30:00+01:00,3976.46
2024-09-13 16:00:00+01:00,4011.98
2024-09-13 16:30:00+01:00,4099.49
2024-09-13 17:00:00+01:00,4165.94
2024-09-13 17:30:00+01:00,4200.71
2024-09-13 18:00:00+01:00,4204.24
2024-09-13 18:30:00+01:00,4185.15
2024-09-13 19:00:00+01:00,4191.66
2024-09-13 19:30:00+01:00,4164.43
2024-09-13 20:00:00+01:00,4217.54
2024-09-13 20:30:00+01:00,4175.23
2024-09-13 21:00:00+01:00,4057.34
2024-09-13 21:30:00+01:00,3918.51
2024-09-13 22:00:00+01:00,3757.21
2024-09-13 22:30:00+01:00,3556.53
2024-09-13 23:00:00+01:00,3435.72
2024-09-13 23:30:00+01:00,3321.89
2024-09-14 00:00:00+01:00,3224.84
2024-09-14 00:30:00+01:00,3182.44
2024-09-14 01:00:00+01:00,3093.34
2024-09-14 01:30:00+01:00,3042.43
2024-09-14 02:00:00+01:00,3012.18
2024-09-14 02:30:00+01:00,3075.39
2024-09-14 03:00:00+01:00,3023.65
2024-09-14 03:30:00+01:00,3005.11
2024-09-14 04:00:00+01:00,2986.75
2024-09-14 04:30:00+01:00,2931.59
2024-09-14 05:00:00+01:00,2920.43
2024-09-14 05:30:00+01:00,2943.37
2024-09-14 06:00:00+01:00,2992.05
2024-09-14 06:30:00+01:00,3068.53
2024-09-14 07:00:00+01:00,3135.09
2024-09-14 07:30:00+01:00,3266.9
2024-09-14 08:00:00+01:00,3411.26
2024-09-14 08:30:00+01:00,3575.95
2024-09-14 09:00:00+01:00,3672.31
2024-09-14 09:30:00+01:00,3797.7
2024-09-14 10:00:00+01:00,3800.01
2024-09-14 10:30:00+01:00,3793.26
2024-09-14 11:00:00+01:00,3787.14
2024-09-14 11:30:00+01:00,3817.41
2024-09-14 12:00:00+01:00,3845.58
2024-09-14 12:30:00+01:00,3915.37
2024-09-14 13:00:00+01:00,3904.6
2024-09-14 13:30:00+01:00,3902.16
2024-09-14 14:00:00+01:00,3841.11
2024-09-14 14:30:00+01:00,3774.32
2024-09-14 15:00:00+01:00,3770.91
2024-09-14 15:30:00+01:00,3764.56
2024-09-14 16:00:00+01:00,3776.36
2024-09-14 16:30:00+01:00,3812.86
2024-09-14 17:00:00+01:00,3844.82
2024-09-14 17:30:00+01:00,3923.07
2024-09-14 18:00:00+01:00,3936.4
2024-09-14 18:30:00+01:00,3930.1
2024-09-14 19:00:00+01:00,3887.41
2024-09-14 19:30:00+01:00,3896.11
2024-09-14 20:00:00+01:00,3920.51
2024-09-14 20:30:00+01:00,3885.82
2024-09-14 21:00:00+01:00,3784.35
2024-09-14 21:30:00+01:00,3666.48
2024-09-14 22:00:00+01:00,3576.72
2024-09-14 22:30:00+01:00,3443.9
2024-09-14 23:00:00+01:00,3310.92
2024-09-14 23:30:00+01:00,3225.58
2024-09-15 00:00:00+01:00,3162.73
2024-09-15 00:30:00+01:00,3124.97
2024-09-15 01:00:00+01:00,3056.8
2024-09-15 01:30:00+01:00,3005.32
2024-09-15 02:00:00+01:00,2970.2
2024-09-15 02:30:00+01:00,2996.78
2024-09-15 03:00:00+01:00,2954.33
2024-09-15 03:30:00+01:00,2940.57
2024-09-15 04:00:00+01:00,2907.97
2024-09-15 04:30:00+01:00,2914.17
2024-09-15 05:00:00+01:00,2916.0
2024-09-15 05:30:00+01:00,2926.33
2024-09-15 06:00:00+01:00,2946.06
2024-09-15 06:30:00+01:00,2993.79
2024-09-15 07:00:00+01:00,3024.23
2024-09-15 07:30:00+01:00,3096.89
2024-09-15 08:00:00+01:00,3187.05
2024-09-15 08:30:00+01:00,3344.63
2024-09-15 09:00:00+01:00,3502.37
2024-09-15 09:30:00+01:00,3618.78
2024-09-15 10:00:00+01:00,3677.69
2024-09-15 10:30:00+01:00,3743.28
2024-09-15 11:00:00+01:00,3767.68
2024-09-15 11:30:00+01:00,3783.65
2024-09-15 12:00:00+01:00,3781.97
2024-09-15 12:30:00+01:00,3783.54
2024-09-15 13:00:00+01:00,3768.28
2024-09-15 13:30:00+01:00,3711.81
2024-09-15 14:00:00+01:00,3631.19
2024-09-15 14:30:00+01:00,3576.6
2024-09-15 15:00:00+01:00,3571.26
2024-09-15 15:30:00+01:00,3524.03
2024-09-15 16:00:00+01:00,3551.18
2024-09-15 16:30:00+01:00,3625.44
2024-09-15 17:00:00+01:00,3695.19
2024-09-15 17:30:00+01:00,3813.47
2024-09-15 18:00:00+01:00,3876.53
2024-09-15 18:30:00+01:00,3895.57
2024-09-15 19:00:00+01:00,3919.39
2024-09-15 19:30:00+01:00,3949.34
2024-09-15 20:00:00+01:00,4029.4
2024-09-15 20:30:00+01:00,4031.6
2024-09-15 21:00:00+01:00,3917.42
2024-09-15 21:30:00+01:00,3789.02
2024-09-15 22:00:00+01:00,3609.77
2024-09-15 22:30:00+01:00,3459.31
2024-09-15 23:00:00+01:00,3307.65
2024-09-15 23:30:00+01:00,3188.49
2024-09-16 00:00:00+01:00,3087.26
2024-09-16 00:30:00+01:00,3063.22
2024-09-16 01:00:00+01:00,3013.3
2024-09-16 01:30:00+01:00,3006.44
2024-09-16 02:00:00+01:00,2990.59
2024-09-16 02:30:00+01:00,3023.95
2024-09-16 03:00:00+01:00,2923.95
2024-09-16 03:30:00+01:00,2940.98
2024-09-16 04:00:00+01:00,2892.61
2024-09-16 04:30:00+01:00,2903.67
2024-09-16 05:00:00+01:00,2924.06
2024-09-16 05:30:00+01:00,2987.27
2024-09-16 06:00:00+01:00,3113.89
2024-09-16 06:30:00+01:00,3328.58
2024-09-16 07:00:00+01:00,3581.53
2024-09-16 07:30:00+01:00,3906.75
2024-09-16 08:00:00+01:00,4071.37
2024-09-16 08:30:00+01:00,4113.84
2024-09-16 09:00:00+01:00,4091.59
2024-09-16 09:30:00+01:00,4110.1
2024-09-16 10:00:00+01:00,4044.36
2024-09-16 10:30:00+01:00,3937.5
2024-09-16 11:00:00+01:00,3935.74
2024-09-16 11:30:00+01:00,3923.41
2024-09-16 12:00:00+01:00,3870.36
2024-09-16 12:30:00+01:00,3862.95
2024-09-16 13:00:00+01:00,3883.78
2024-09-16 13:30:00+01:00,3816.6
2024-09-16 14:00:00+01:00,3829.55
2024-09-16 14:30:00+01:00,3840.67
2024-09-16 15:00:00+01:00,3860.26
2024-09-16 15:30:00+01:00,3918.31
2024-09-16 16:00:00+01:00,3989.47
2024-09-16 16:30:00+01:00,4089.15
2024-09-16 17:00:00+01:00,4170.98
2024-09-16 17:30:00+01:00,4278.5
2024-09-16 18:00:00+01:00,4306.19
2024-09-16 18:30:00+01:00,4257.95
2024-09-16 19:00:00+01:00,4221.25
2024-09-16 19:30:00+01:00,4203.71
2024-09-16 20:00:00+01:00,4284.77
2024-09-16 20:30:00+01:00,4279.85
2024-09-16 21:00:00+01:00,4146.74
2024-09-16 21:30:00+01:00,4001.14
2024-09-16 22:00:00+01:00,3807.13
2024-09-16 22:30:00+01:00,3619.17
2024-09-16 23:00:00+01:00,3444.85
2024-09-16 23:30:00+01:00,3302.43
2024-09-17 00:00:00+01:00,3180.73
2024-09-17 00:30:00+01:00,3146.88
2024-09-17 01:00:00+01:00,3097.33
2024-09-17 01:30:00+01:00,3061.93
2024-09-17 02:00:00+01:00,3017.93
2024-09-17 02:30:00+01:00,3054.77
2024-09-17 03:00:00+01:00,3040.64
2024-09-17 03:30:00+01:00,3041.16
2024-09-17 04:00:00+01:00,2996.25
2024-09-17 04:30:00+01:00,2978.48
2024-09-17 05:00:00+01:00,2980.79
2024-09-17 05:30:00+01:00,3054.3
2024-09-17 06:00:00+01:00,3167.27
2024-09-17 06:30:00+01:00,3390.53
2024-09-17 07:00:00+01:00,3645.81
2024-09-17 07:30:00+01:00,3959.86
2024-09-17 08:00:00+01:00,4105.2
2024-09-17 08:30:00+01:00,4147.01
2024-09-17 09:00:00+01:00,4162.1
2024-09-17 09:30:00+01:00,4194.39
2024-09-17 10:00:00+01:00,4135.97
2024-09-17 10:30:00+01:00,4048.09
2024-09-17 11:00:00+01:00,4007.03
2024-09-17 11:30:00+01:00,3949.13
2024-09-17 12:00:00+01:00,3937.71
2024-09-17 12:30:00+01:00,3939.44
2024-09-17 13:00:00+01:00,3916.93
2024-09-17 13:30:00+01:00,3849.52
2024-09-17 14:00:00+01:00,3838.06
2024-09-17 14:30:00+01:00,3839.05
2024-09-17 15:00:00+01:00,3856.67
2024-09-17 15:30:00+01:00,3912.27
2024-09-17 16:00:00+01:00,3963.09
2024-09-17 16:30:00+01:00,4039.43
2024-09-17 17:00:00+01:00,4149.81
2024-09-17 17:30:00+01:00,4231.65
2024-09-17 18:00:00+01:00,4262.63
2024-09-17 18:30:00+01:00,4232.02
2024-09-17 19:00:00+01:00,4215.19
2024-09-17 19:30:00+01:00,4230.22
2024-09-17 20:00:00+01:00,4307.74
2024-09-17 20:30:00+01:00,4330.74
2024-09-17 21:00:00+01:00,4245.69
2024-09-17 21:30:00+01:00,4048.94
2024-09-17 22:00:00+01:00,3835.3
2024-09-17 22:30:00+01:00,3634.88
2024-09-17 23:00:00+01:00,3441.86
2024-09-17 23:30:00+01:00,3322.19
2024-09-18 00:00:00+01:00,3211.64
2024-09-18 00:30:00+01:00,3161.07
2024-09-18 01:00:00+01:00,3087.17
2024-09-18 01:30:00+01:00,3025.19
2024-09-18 02:00:00+01:00,2987.7
2024-09-18 02:30:00+01:00,3016.75
2024-09-18 03:00:00+01:00,2982.92
2024-09-18 03:30:00+01:00,2968.14
2024-09-18 04:00:00+01:00,2949.89
2024-09-18 04:30:00+01:00,2949.24
2024-09-18 05:00:00+01:00,2979.01
2024-09-18 05:30:00+01:00,3044.7
2024-09-18 06:00:00+01:00,3175.64
2024-09-18 06:30:00+01:00,3395.9
2024-09-18 07:00:00+01:00,3657.94
2024-09-18 07:30:00+01:00,3967.55
2024-09-18 08:00:00+01:00,4096.17
2024-09-18 08:30:00+01:00,4152.96
2024-09-18 09:00:00+01:00,4138.94
2024-09-18 09:30:00+01:00,4150.42
2024-09-18 10:00:00+01:00,4105.35
2024-09-18 10:30:00+01:00,4056.67
2024-09-18 11:00:00+01:00,4043.05
2024-09-18 11:30:00+01:00,4015.94
2024-09-18 12:00:00+01:00,3993.2
2024-09-18 12:30:00+01:00,3972.18
2024-09-18 13:00:00+01:00,3960.04
2024-09-18 13:30:00+01:00,3883.74
2024-09-18 14:00:00+01:00,3888.23
2024-09-18 14:30:00+01:00,3888.05
2024-09-18 15:00:00+01:00,3877.3
2024-09-18 15:30:00+01:00,3914.38
2024-09-18 16:00:00+01:00,3966.3
2024-09-18 16:30:00+01:00,4057.51
2024-09-18 17:00:00+01:00,4136.34
2024-09-18 17:30:00+01:00,4235.3
2024-09-18 18:00:00+01:00,4255.07
2024-09-18 18:30:00+01:00,4251.26
2024-09-18 19:00:00+01:00,4215.01
2024-09-18 19:30:00+01:00,4223.05
2024-09-18 20:00:00+01:00,4325.47
2024-09-18 20:30:00+01:00,4312.06
2024-09-18 21:00:00+01:00,4209.27
2024-09-18 21:30:00+01:00,4043.2
2024-09-18 22:00:00+01:00,3846.02
2024-09-18 22:30:00+01:00,3650.31
2024-09-18 23:00:00+01:00,3476.55
2024-09-18 23:30:00+01:00,3360.17
2024-09-19 00:00:00+01:00,3232.27
2024-09-19 00:30:00+01:00,3234.44
2024-09-19 01:00:00+01:00,3185.37
2024-09-19 01:30:00+01:00,3147.63
2024-09-19 02:00:00+01:00,3109.06
2024-09-19 02:30:00+01:00,3094.12
2024-09-19 03:00:00+01:00,3060.36
2024-09-19 03:30:00+01:00,3061.8
2024-09-19 04:00:00+01:00,3044.68
2024-09-19 04:30:00+01:00,3048.57
2024-09-19 05:00:00+01:00,3063.32
2024-09-19 05:30:00+01:00,3084.45
2024-09-19 06:00:00+01:00,3196.36
2024-09-19 06:30:00+01:00,3415.97
2024-09-19 07:00:00+01:00,3667.73
2024-09-19 07:30:00+01:00,3983.59
2024-09-19 08:00:00+01:00,4151.43
2024-09-19 08:30:00+01:00,4203.55
2024-09-19 09:00:00+01:00,4199.33
2024-09-19 09:30:00+01:00,4194.1
2024-09-19 10:00:00+01:00,4139.19
2024-09-19 10:30:00+01:00,4085.43
2024-09-19 11:00:00+01:00,4056.07
2024-09-19 11:30:00+01:00,4006.62
2024-09-19 12:00:00+01:00,3965.48
2024-09-19 12:30:00+01:00,3980.98
2024-09-19 13:00:00+01:00,3936.95
2024-09-19 13:30:00+01:00,3865.63
2024-09-19 14:00:00+01:00,3854.29
2024-09-19 14:30:00+01:00,3862.39
2024-09-19 15:00:00+01:00,3877.48
2024-09-19 15:30:00+01:00,3930.97
2024-09-19 16:00:00+01:00,3977.59
2024-09-19 16:30:00+01:00,4087.65
2024-09-19 17:00:00+01:00,4158.65
2024-09-19 17:30:00+01:00,4244.82
2024-09-19 18:00:00+01:00,4256.81
2024-09-19 18:30:00+01:00,4257.0
2024-09-19 19:00:00+01:00,4205.51
2024-09-19 19:30:00+01:00,4219.38
2024-09-19 20:00:00+01:00,4313.22
2024-09-19 20:30:00+01:00,4305.26
2024-09-19 21:00:00+01:00,4177.31
2024-09-19 21:30:00+01:00,4003.34
2024-09-19 22:00:00+01:00,3807.45
2024-09-19 22:30:00+01:00,3638.56
2024-09-19 23:00:00+01:00,3461.32
2024-09-19 23:30:00+01:00,3349.22
2024-09-20 00:00:00+01:00,3240.72
2024-09-20 00:30:00+01:00,3198.52
2024-09-20 01:00:00+01:00,3121.23
2024-09-20 01:30:00+01:00,3086.93
2024-09-20 02:00:00+01:00,3037.71
2024-09-20 02:30:00+01:00,3066.85
2024-09-20 03:00:00+01:00,3037.67
2024-09-20 03:30:00+01:00,3019.16
2024-09-20 04:00:00+01:00,2992.38
2024-09-20 04:30:00+01:00,2982.23
2024-09-20 05:00:00+01:00,3006.15
2024-09-20 05:30:00+01:00,3054.96
2024-09-20 06:00:00+01:00,3178.97
2024-09-20 06:30:00+01:00,3386.53
2024-09-20 07:00:00+01:00,3657.58
2024-09-20 07:30:00+01:00,3972.84
2024-09-20 08:00:00+01:00,4139.89
2024-09-20 08:30:00+01:00,4209.21
2024-09-20 09:00:00+01:00,4208.33
2024-09-20 09:30:00+01:00,4207.66
2024-09-20 11:00:00+01:00,4098.92
2024-09-20 11:30:00+01:00,4062.25
2024-09-20 12:00:00+01:00,4027.77
2024-09-20 12:30:00+01:00,4013.51
2024-09-20 13:00:00+01:00,3984.03
2024-09-20 13:30:00+01:00,3936.91
2024-09-20 14:00:00+01:00,3921.73
2024-09-20 14:30:00+01:00,3895.34
2024-09-20 15:00:00+01:00,3879.32
2024-09-20 15:30:00+01:00,3915.11
2024-09-20 16:00:00+01:00,3944.01
2024-09-20 16:30:00+01:00,4030.36
2024-09-20 17:00:00+01:00,4091.22
2024-09-20 17:30:00+01:00,4164.19
2024-09-20 18:00:00+01:00,4176.02
2024-09-20 18:30:00+01:00,4174.01
2024-09-20 19:00:00+01:00,4155.63
2024-09-20 19:30:00+01:00,4152.02
2024-09-20 20:00:00+01:00,4214.35
2024-09-20 20:30:00+01:00,4137.58
2024-09-20 21:00:00+01:00,4010.27
2024-09-20 21:30:00+01:00,3885.3
2024-09-20 22:00:00+01:00,3717.92
2024-09-20 22:30:00+01:00,3550.2
2024-09-20 23:00:00+01:00,3429.81
2024-09-20 23:30:00+01:00,3324.33
2024-09-21 00:00:00+01:00,3203.75
2024-09-21 00:30:00+01:00,3168.82
2024-09-21 01:00:00+01:00,3114.39
2024-09-21 01:30:00+01:00,3081.89
2024-09-21 02:00:00+01:00,3023.81
2024-09-21 02:30:00+01:00,3044.23
2024-09-21 03:00:00+01:00,2995.16
2024-09-21 03:30:00+01:00,2954.13
2024-09-21 04:00:00+01:00,2931.49
2024-09-21 04:30:00+01:00,2910.2
2024-09-21 05:00:00+01:00,2907.82
2024-09-21 05:30:00+01:00,2910.6
2024-09-21 06:00:00+01:00,2961.92
2024-09-21 06:30:00+01:00,3044.72
2024-09-21 07:00:00+01:00,3145.75
2024-09-21 07:30:00+01:00,3283.28
2024-09-21 08:00:00+01:00,3434.18
2024-09-21 08:30:00+01:00,3629.03
2024-09-21 09:00:00+01:00,3751.13
2024-09-21 09:30:00+01:00,3818.7
2024-09-21 10:00:00+01:00,3845.47
2024-09-21 10:30:00+01:00,3835.98
2024-09-21 11:00:00+01:00,3803.93
2024-09-21 11:30:00+01:00,3838.22
2024-09-21 12:00:00+01:00,3818.25
2024-09-21 12:30:00+01:00,3822.88
2024-09-21 13:00:00+01:00,3802.52
2024-09-21 13:30:00+01:00,3797.0
2024-09-21 14:00:00+01:00,3758.67
2024-09-21 14:30:00+01:00,3753.69
2024-09-21 15:00:00+01:00,3735.14
2024-09-21 15:30:00+01:00,3754.24
2024-09-21 16:00:00+01:00,3755.3
2024-09-21 16:30:00+01:00,3827.6
2024-09-21 17:00:00+01:00,3901.66
2024-09-21 17:30:00+01:00,3975.63
2024-09-21 18:00:00+01:00,4002.09
2024-09-21 18:30:00+01:00,4015.23
2024-09-21 19:00:00+01:00,3963.55
2024-09-21 19:30:00+01:00,3976.41
2024-09-21 20:00:00+01:00,3975.65
2024-09-21 20:30:00+01:00,3894.66
2024-09-21 21:00:00+01:00,3776.5
2024-09-21 21:30:00+01:00,3652.21
2024-09-21 22:00:00+01:00,3523.99
2024-09-21 22:30:00+01:00,3389.44
2024-09-21 23:00:00+01:00,3262.09
2024-09-21 23:30:00+01:00,3174.59
2024-09-22 00:00:00+01:00,3101.54
2024-09-22 00:30:00+01:00,3062.73
2024-09-22 01:00:00+01:00,2995.42
2024-09-22 01:30:00+01:00,2944.07
2024-09-22 02:00:00+01:00,2906.5
2024-09-22 02:30:00+01:00,2926.71
2024-09-22 03:00:00+01:00,2885.22
2024-09-22 03:30:00+01:00,2861.46
2024-09-22 04:00:00+01:00,2840.39
2024-09-22 04:30:00+01:00,2840.91
2024-09-22 05:00:00+01:00,2824.7
2024-09-22 05:30:00+01:00,2829.02
2024-09-22 06:00:00+01:00,2842.9
2024-09-22 06:30:00+01:00,2895.72
2024-09-22 07:00:00+01:00,2962.47
2024-09-22 07:30:00+01:00,3044.22
2024-09-22 08:00:00+01:00,3186.8
2024-09-22 08:30:00+01:00,3337.11
2024-09-22 09:00:00+01:00,3447.97
2024-09-22 09:30:00+01:00,3584.48
2024-09-22 10:00:00+01:00,3664.42
2024-09-22 10:30:00+01:00,3735.93
2024-09-22 11:00:00+01:00,3765.18
2024-09-22 11:30:00+01:00,3793.72
2024-09-22 12:00:00+01:00,3819.33
2024-09-22 12:30:00+01:00,3853.51
2024-09-22 13:00:00+01:00,3857.68
2024-09-22 13:30:00+01:00,3826.91
2024-09-22 14:00:00+01:00,3777.45
2024-09-22 14:30:00+01:00,3769.9
2024-09-22 15:00:00+01:00,3743.92
2024-09-22 15:30:00+01:00,3759.7
2024-09-22 16:00:00+01:00,3772.48
2024-09-22 16:30:00+01:00,3844.53
2024-09-22 17:00:00+01:00,3907.52
2024-09-22 17:30:00+01:00,3989.68
2024-09-22 18:00:00+01:00,4027.64
2024-09-22 18:30:00+01:00,4002.77
2024-09-22 19:00:00+01:00,4036.25
2024-09-22 19:30:00+01:00,4056.07
2024-09-22 20:00:00+01:00,4090.52
2024-09-22 20:30:00+01:00,4002.88
2024-09-22 21:00:00+01:00,3880.52
2024-09-22 21:30:00+01:00,3751.7
2024-09-22 22:00:00+01:00,3582.54
2024-09-22 22:30:00+01:00,3426.35
2024-09-22 23:00:00+01:00,3254.32
2024-09-22 23:30:00+01:00,3151.78
2024-09-23 00:00:00+01:00,3049.46
2024-09-23 00:30:00+01:00,3037.38
2024-09-23 01:00:00+01:00,2964.5
2024-09-23 01:30:00+01:00,2924.03
2024-09-23 02:00:00+01:00,2880.95
2024-09-23 02:30:00+01:00,2953.5
2024-09-23 03:00:00+01:00,2935.61
2024-09-23 03:30:00+01:00,2916.55
2024-09-23 04:00:00+01:00,2900.7
2024-09-23 04:30:00+01:00,2905.22
2024-09-23 05:00:00+01:00,2896.66
2024-09-23 05:30:00+01:00,2959.32
2024-09-23 06:00:00+01:00,3077.93
2024-09-23 06:30:00+01:00,3293.06
2024-09-23 07:00:00+01:00,3583.0
2024-09-23 07:30:00+01:00,3924.37
2024-09-23 08:00:00+01:00,4104.57
2024-09-23 08:30:00+01:00,4205.3
2024-09-23 09:00:00+01:00,4227.89
2024-09-23 09:30:00+01:00,4269.37
2024-09-23 10:00:00+01:00,4245.38
2024-09-23 10:30:00+01:00,4241.25
2024-09-23 11:00:00+01:00,4232.25
2024-09-23 11:30:00+01:00,4214.72
2024-09-23 12:00:00+01:00,4235.85
2024-09-23 12:30:00+01:00,4249.82
2024-09-23 13:00:00+01:00,4246.55
2024-09-23 13:30:00+01:00,4203.87
2024-09-23 14:00:00+01:00,4181.04
2024-09-23 14:30:00+01:00,4176.18
2024-09-23 15:00:00+01:00,4183.53
2024-09-23 15:30:00+01:00,4214.15
2024-09-23 16:00:00+01:00,4235.03
2024-09-23 16:30:00+01:00,4334.72
2024-09-23 17:00:00+01:00,4411.25
2024-09-23 17:30:00+01:00,4472.78
2024-09-23 18:00:00+01:00,4459.88
2024-09-23 18:30:00+01:00,4438.31
2024-09-23 19:00:00+01:00,4368.31
2024-09-23 19:30:00+01:00,4384.0
2024-09-23 20:00:00+01:00,4408.41
2024-09-23 20:30:00+01:00,4344.63
2024-09-23 21:00:00+01:00,4204.99
2024-09-23 21:30:00+01:00,4039.23
2024-09-23 22:00:00+01:00,3845.6
2024-09-23 22:30:00+01:00,3669.15
2024-09-23 23:00:00+01:00,3479.97
2024-09-23 23:30:00+01:00,3374.61
2024-09-24 00:00:00+01:00,3263.82
2024-09-24 00:30:00+01:00,3227.58
2024-09-24 01:00:00+01:00,3159.46
2024-09-24 01:30:00+01:00,3086.76
2024-09-24 02:00:00+01:00,3058.1
2024-09-24 02:30:00+01:00,3081.28
2024-09-24 03:00:00+01:00,3101.3
2024-09-24 03:30:00+01:00,3149.9
2024-09-24 04:00:00+01:00,3087.56
2024-09-24 04:30:00+01:00,3013.24
2024-09-24 05:00:00+01:00,2996.45
2024-09-24 05:30:00+01:00,3049.98
2024-09-24 06:00:00+01:00,3167.99
2024-09-24 06:30:00+01:00,3404.94
2024-09-24 07:00:00+01:00,3692.49
2024-09-24 07:30:00+01:00,4005.15
2024-09-24 08:00:00+01:00,4166.91
2024-09-24 08:30:00+01:00,4207.63
2024-09-24 09:00:00+01:00,4235.25
2024-09-24 09:30:00+01:00,4232.94
2024-09-24 10:00:00+01:00,4184.32
2024-09-24 10:30:00+01:00,4140.97
2024-09-24 11:00:00+01:00,4134.75
2024-09-24 11:30:00+01:00,4081.53
2024-09-24 12:00:00+01:00,4072.82
2024-09-24 12:30:00+01:00,4104.88
2024-09-24 13:00:00+01:00,4046.98
2024-09-24 13:30:00+01:00,3963.59
2024-09-24 14:00:00+01:00,3933.39
2024-09-24 14:30:00+01:00,3929.84
2024-09-24 15:00:00+01:00,3965.6
2024-09-24 15:30:00+01:00,3983.23
2024-09-24 16:00:00+01:00,4045.16
2024-09-24 16:30:00+01:00,4150.34
2024-09-24 17:00:00+01:00,4223.68
2024-09-24 17:30:00+01:00,4314.94
2024-09-24 18:00:00+01:00,4355.12
2024-09-24 18:30:00+01:00,4332.23
2024-09-24 19:00:00+01:00,4320.26
2024-09-24 19:30:00+01:00,4388.42
2024-09-24 20:00:00+01:00,4445.1
2024-09-24 20:30:00+01:00,4344.99
2024-09-24 21:00:00+01:00,4239.56
2024-09-24 21:30:00+01:00,4069.05
2024-09-24 22:00:00+01:00,3873.65
2024-09-24 22:30:00+01:00,3680.14
2024-09-24 23:00:00+01:00,3491.59
2024-09-24 23:30:00+01:00,3379.64
2024-09-25 00:00:00+01:00,3263.79
2024-09-25 00:30:00+01:00,3228.89
2024-09-25 01:00:00+01:00,3153.21
2024-09-25 01:30:00+01:00,3103.76
2024-09-25 02:00:00+01:00,3062.98
2024-09-25 02:30:00+01:00,3090.22
2024-09-25 03:00:00+01:00,3067.02
2024-09-25 03:30:00+01:00,3101.21
2024-09-25 04:00:00+01:00,3034.44
2024-09-25 04:30:00+01:00,3027.21
2024-09-25 05:00:00+01:00,3052.48
2024-09-25 05:30:00+01:00,3083.37
2024-09-25 06:00:00+01:00,3226.57
2024-09-25 06:30:00+01:00,3447.92
2024-09-25 07:00:00+01:00,3763.81
2024-09-25 07:30:00+01:00,4085.91
2024-09-25 08:00:00+01:00,4246.34
2024-09-25 08:30:00+01:00,4334.3
2024-09-25 09:00:00+01:00,4336.55
2024-09-25 09:30:00+01:00,4359.47
2024-09-25 10:00:00+01:00,4351.11
2024-09-25 10:30:00+01:00,4335.09
2024-09-25 11:00:00+01:00,4306.87
2024-09-25 11:30:00+01:00,4291.6
2024-09-25 12:00:00+01:00,4280.96
2024-09-25 12:30:00+01:00,4307.84
2024-09-25 13:00:00+01:00,4314.25
2024-09-25 13:30:00+01:00,4284.82
2024-09-25 14:00:00+01:00,4280.01
2024-09-25 14:30:00+01:00,4285.83
2024-09-25 15:00:00+01:00,4291.48
2024-09-25 15:30:00+01:00,4336.94
2024-09-25 16:00:00+01:00,4370.78
2024-09-25 16:30:00+01:00,4458.38
2024-09-25 17:00:00+01:00,4514.98
2024-09-25 17:30:00+01:00,4575.71
2024-09-25 18:00:00+01:00,4594.11
2024-09-25 18:30:00+01:00,4554.72
2024-09-25 19:00:00+01:00,4494.84
2024-09-25 19:30:00+01:00,4547.87
2024-09-25 20:00:00+01:00,4538.64
2024-09-25 20:30:00+01:00,4415.8
2024-09-25 21:00:00+01:00,4292.15
2024-09-25 21:30:00+01:00,4090.75
2024-09-25 22:00:00+01:00,3913.0
2024-09-25 22:30:00+01:00,3677.19
2024-09-25 23:00:00+01:00,3521.08
2024-09-25 23:30:00+01:00,3378.28
2024-09-26 00:00:00+01:00,3244.07
2024-09-26 00:30:00+01:00,3224.25
2024-09-26 01:00:00+01:00,3147.32
2024-09-26 01:30:00+01:00,3123.36
2024-09-26 02:00:00+01:00,3085.66
2024-09-26 02:30:00+01:00,3127.38
2024-09-26 03:00:00+01:00,3079.52
2024-09-26 03:30:00+01:00,3053.68
2024-09-26 04:00:00+01:00,3047.95
2024-09-26 04:30:00+01:00,3030.57
2024-09-26 05:00:00+01:00,3056.83
2024-09-26 05:30:00+01:00,3097.86
2024-09-26 06:00:00+01:00,3227.74
2024-09-26 06:30:00+01:00,3457.6
2024-09-26 07:00:00+01:00,3711.78
2024-09-26 07:30:00+01:00,4018.77
2024-09-26 08:00:00+01:00,4189.67
2024-09-26 08:30:00+01:00,4244.72
2024-09-26 09:00:00+01:00,4263.76
2024-09-26 09:30:00+01:00,4317.1
2024-09-26 10:00:00+01:00,4267.49
2024-09-26 10:30:00+01:00,4251.2
2024-09-26 11:00:00+01:00,4287.79
2024-09-26 11:30:00+01:00,4256.08
2024-09-26 12:00:00+01:00,4262.69
2024-09-26 12:30:00+01:00,4279.97
2024-09-26 13:00:00+01:00,4181.81
2024-09-26 13:30:00+01:00,4144.1
2024-09-26 14:00:00+01:00,4209.47
2024-09-26 14:30:00+01:00,4216.18
2024-09-26 15:00:00+01:00,4234.02
2024-09-26 15:30:00+01:00,4253.51
2024-09-26 16:00:00+01:00,4320.07
2024-09-26 16:30:00+01:00,4412.12
2024-09-26 17:00:00+01:00,4474.82
2024-09-26 17:30:00+01:00,4549.98
2024-09-26 18:00:00+01:00,4562.88
2024-09-26 18:30:00+01:00,4578.97
2024-09-26 19:00:00+01:00,4588.5
2024-09-26 19:30:00+01:00,4606.56
2024-09-26 20:00:00+01:00,4579.34
2024-09-26 20:30:00+01:00,4482.21
2024-09-26 21:00:00+01:00,4345.98
2024-09-26 21:30:00+01:00,4165.3
2024-09-26 22:00:00+01:00,3956.05
2024-09-26 22:30:00+01:00,3765.33
2024-09-26 23:00:00+01:00,3546.78
2024-09-26 23:30:00+01:00,3417.64
2024-09-27 00:00:00+01:00,3301.97
2024-09-27 00:30:00+01:00,3264.75
2024-09-27 01:00:00+01:00,3185.58
2024-09-27 01:30:00+01:00,3157.7
2024-09-27 02:00:00+01:00,3092.73
2024-09-27 02:30:00+01:00,3109.78
2024-09-27 03:00:00+01:00,3063.13
2024-09-27 03:30:00+01:00,3050.86
2024-09-27 04:00:00+01:00,3033.02
2024-09-27 04:30:00+01:00,3046.88
2024-09-27 05:00:00+01:00,3068.49
2024-09-27 05:30:00+01:00,3099.45
2024-09-27 06:00:00+01:00,3234.68
2024-09-27 06:30:00+01:00,3461.66
2024-09-27 07:00:00+01:00,3703.99
2024-09-27 07:30:00+01:00,4011.83
2024-09-27 08:00:00+01:00,4195.44
2024-09-27 08:30:00+01:00,4309.94
2024-09-27 09:00:00+01:00,4317.27
2024-09-27 09:30:00+01:00,4273.93
2024-09-27 10:00:00+01:00,4227.1
2024-09-27 10:30:00+01:00,4127.24
2024-09-27 11:00:00+01:00,4130.37
2024-09-27 11:30:00+01:00,4080.4
2024-09-27 12:00:00+01:00,4032.49
2024-09-27 12:30:00+01:00,4081.51
2024-09-27 13:00:00+01:00,4055.77
2024-09-27 13:30:00+01:00,4053.11
2024-09-27 14:00:00+01:00,3991.92
2024-09-27 14:30:00+01:00,4015.83
2024-09-27 15:00:00+01:00,3951.83
2024-09-27 15:30:00+01:00,3993.72
2024-09-27 16:00:00+01:00,4022.49
2024-09-27 16:30:00+01:00,4077.98
2024-09-27 17:00:00+01:00,4135.2
2024-09-27 17:30:00+01:00,4250.04
2024-09-27 18:00:00+01:00,4264.56
2024-09-27 18:30:00+01:00,4302.32
2024-09-27 19:00:00+01:00,4294.83
2024-09-27 19:30:00+01:00,4389.65
2024-09-27 20:00:00+01:00,4407.04
2024-09-27 20:30:00+01:00,4333.77
2024-09-27 21:00:00+01:00,4191.26
2024-09-27 21:30:00+01:00,4069.33
2024-09-27 22:00:00+01:00,3922.95
2024-09-27 22:30:00+01:00,3757.8
2024-09-27 23:00:00+01:00,3612.07
2024-09-27 23:30:00+01:00,3496.89
2024-09-28 00:00:00+01:00,3396.72
2024-09-28 00:30:00+01:00,3358.73
2024-09-28 01:00:00+01:00,3266.46
2024-09-28 01:30:00+01:00,3210.02
2024-09-28 02:00:00+01:00,3157.48
2024-09-28 02:30:00+01:00,3183.35
2024-09-28 03:00:00+01:00,3152.08
2024-09-28 03:30:00+01:00,3128.77
2024-09-28 04:00:00+01:00,3127.04
2024-09-28 04:30:00+01:00,3110.84
2024-09-28 05:00:00+01:00,3108.85
2024-09-28 05:30:00+01:00,3105.26
2024-09-28 06:00:00+01:00,3133.65
2024-09-28 06:30:00+01:00,3224.81
2024-09-28 07:00:00+01:00,3330.54
2024-09-28 07:30:00+01:00,3450.46
2024-09-28 08:00:00+01:00,3612.4
2024-09-28 08:30:00+01:00,3775.12
2024-09-28 09:00:00+01:00,3892.33
2024-09-28 09:30:00+01:00,3968.95
2024-09-28 10:00:00+01:00,3981.26
2024-09-28 10:30:00+01:00,3982.06
2024-09-28 11:00:00+01:00,3951.44
2024-09-28 11:30:00+01:00,3922.38
2024-09-28 12:00:00+01:00,3883.48
2024-09-28 12:30:00+01:00,3904.82
2024-09-28 13:00:00+01:00,3871.62
2024-09-28 13:30:00+01:00,3847.52
2024-09-28 14:00:00+01:00,3819.0
2024-09-28 14:30:00+01:00,3794.77
2024-09-28 15:00:00+01:00,3769.43
2024-09-28 15:30:00+01:00,3764.5
2024-09-28 16:00:00+01:00,3813.8
2024-09-28 16:30:00+01:00,3878.64
2024-09-28 17:00:00+01:00,3970.1
2024-09-28 17:30:00+01:00,4083.34
2024-09-28 18:00:00+01:00,4106.6
2024-09-28 18:30:00+01:00,4129.69
2024-09-28 19:00:00+01:00,4119.96
2024-09-28 19:30:00+01:00,4197.28
2024-09-28 20:00:00+01:00,4151.33
2024-09-28 20:30:00+01:00,4036.18
2024-09-28 21:00:00+01:00,3892.7
2024-09-28 21:30:00+01:00,3782.76
2024-09-28 22:00:00+01:00,3630.55
2024-09-28 22:30:00+01:00,3499.82
2024-09-28 23:00:00+01:00,3370.79
2024-09-28 23:30:00+01:00,3288.11
2024-09-29 00:00:00+01:00,3215.96
2024-09-29 00:30:00+01:00,3173.02
2024-09-29 01:00:00+01:00,3122.19
2024-09-29 01:30:00+01:00,3034.43
2024-09-29 02:00:00+01:00,2997.45
2024-09-29 02:30:00+01:00,3027.92
2024-09-29 03:00:00+01:00,2982.22
2024-09-29 03:30:00+01:00,2948.87
2024-09-29 04:00:00+01:00,2905.62
2024-09-29 04:30:00+01:00,2899.41
2024-09-29 05:00:00+01:00,2895.0
2024-09-29 05:30:00+01:00,2899.21
2024-09-29 06:00:00+01:00,2921.08
2024-09-29 06:30:00+01:00,3004.85
2024-09-29 07:00:00+01:00,3089.1
2024-09-29 07:30:00+01:00,3184.27
2024-09-29 08:00:00+01:00,3240.87
2024-09-29 08:30:00+01:00,3380.06
2024-09-29 09:00:00+01:00,3522.84
2024-09-29 09:30:00+01:00,3634.25
2024-09-29 10:00:00+01:00,3723.92
2024-09-29 10:30:00+01:00,3808.01
2024-09-29 11:00:00+01:00,3844.48
2024-09-29 11:30:00+01:00,3904.02
2024-09-29 12:00:00+01:00,3944.0
2024-09-29 12:30:00+01:00,3999.76
2024-09-29 13:00:00+01:00,3998.93
2024-09-29 13:30:00+01:00,4015.32
2024-09-29 14:00:00+01:00,3964.3
2024-09-29 14:30:00+01:00,3953.09
2024-09-29 15:00:00+01:00,3951.29
2024-09-29 15:30:00+01:00,3955.66
2024-09-29 16:00:00+01:00,3960.42
2024-09-29 16:30:00+01:00,4035.61
2024-09-29 17:00:00+01:00,4108.8
2024-09-29 17:30:00+01:00,4172.67
2024-09-29 18:00:00+01:00,4162.55
2024-09-29 18:30:00+01:00,4136.98
2024-09-29 19:00:00+01:00,4131.93
2024-09-29 19:30:00+01:00,4181.39
2024-09-29 20:00:00+01:00,4119.49
2024-09-29 20:30:00+01:00,4043.88
2024-09-29 21:00:00+01:00,3932.78
2024-09-29 21:30:00+01:00,3764.79
2024-09-29 22:00:00+01:00,3618.76
2024-09-29 22:30:00+01:00,3496.4
2024-09-29 23:00:00+01:00,3345.89
2024-09-29 23:30:00+01:00,3269.15
2024-09-30 00:00:00+01:00,3177.98
2024-09-30 00:30:00+01:00,3147.52
2024-09-30 01:00:00+01:00,3086.83
2024-09-30 01:30:00+01:00,3044.57
2024-09-30 02:00:00+01:00,3018.53
2024-09-30 02:30:00+01:00,3048.08
2024-09-30 03:00:00+01:00,3022.98
2024-09-30 03:30:00+01:00,3013.04
2024-09-30 04:00:00+01:00,2994.07
2024-09-30 04:30:00+01:00,2986.86
2024-09-30 05:00:00+01:00,2992.71
2024-09-30 05:30:00+01:00,3058.25
2024-09-30 06:00:00+01:00,3215.11
2024-09-30 06:30:00+01:00,3427.88
2024-09-30 07:00:00+01:00,3728.07
2024-09-30 07:30:00+01:00,4037.47
2024-09-30 08:00:00+01:00,4237.15
2024-09-30 08:30:00+01:00,4375.3
2024-09-30 09:00:00+01:00,4431.59
2024-09-30 09:30:00+01:00,4466.42
2024-09-30 10:00:00+01:00,4449.3
2024-09-30 10:30:00+01:00,4477.03
2024-09-30 11:00:00+01:00,4461.1
2024-09-30 11:30:00+01:00,4456.85
2024-09-30 12:00:00+01:00,4449.19
2024-09-30 12:30:00+01:00,4439.53
2024-09-30 13:00:00+01:00,4393.84
2024-09-30 13:30:00+01:00,4276.46
2024-09-30 14:00:00+01:00,4195.46
2024-09-30 14:30:00+01:00,4175.48
2024-09-30 15:00:00+01:00,4149.94
2024-09-30 15:30:00+01:00,4154.96
2024-09-30 16:00:00+01:00,4222.34
2024-09-30 16:30:00+01:00,4307.9
2024-09-30 17:00:00+01:00,4378.75
2024-09-30 17:30:00+01:00,4471.36
2024-09-30 18:00:00+01:00,4481.83
2024-09-30 18:30:00+01:00,4466.41
2024-09-30 19:00:00+01:00,4474.47
2024-09-30 19:30:00+01:00,4571.07
2024-09-30 20:00:00+01:00,4527.41
2024-09-30 20:30:00+01:00,4444.02
2024-09-30 21:00:00+01:00,4305.76
2024-09-30 21:30:00+01:00,4138.32
2024-09-30 22:00:00+01:00,3944.27
2024-09-30 22:30:00+01:00,3722.41
2024-09-30 23:00:00+01:00,3536.64
2024-09-30 23:30:00+01:00,3421.0
2024-10-01 00:00:00+01:00,3311.43
2024-10-01 00:30:00+01:00,3299.13
2024-10-01 01:00:00+01:00,3232.62
2024-10-01 01:30:00+01:00,3177.18
2024-10-01 02:00:00+01:00,3153.95
2024-10-01 02:30:00+01:00,3181.34
2024-10-01 03:00:00+01:00,3167.52
2024-10-01 03:30:00+01:00,3139.92
2024-10-01 04:00:00+01:00,3111.47
2024-10-01 04:30:00+01:00,3116.74
2024-10-01 05:00:00+01:00,3104.91
2024-10-01 05:30:00+01:00,3173.89
2024-10-01 06:00:00+01:00,3305.31
2024-10-01 06:30:00+01:00,3507.31
2024-10-01 07:00:00+01:00,3812.39
2024-10-01 07:30:00+01:00,4137.33
2024-10-01 08:00:00+01:00,4289.95
2024-10-01 08:30:00+01:00,4361.19
2024-10-01 09:00:00+01:00,4363.52
2024-10-01 09:30:00+01:00,4379.36
2024-10-01 10:00:00+01:00,4326.48
2024-10-01 10:30:00+01:00,4266.13
2024-10-01 11:00:00+01:00,4210.2
2024-10-01 11:30:00+01:00,4144.54
2024-10-01 12:00:00+01:00,4105.97
2024-10-01 12:30:00+01:00,4111.5
2024-10-01 13:00:00+01:00,4078.85
2024-10-01 13:30:00+01:00,4011.73
2024-10-01 14:00:00+01:00,3994.67
2024-10-01 14:30:00+01:00,3978.08
2024-10-01 15:00:00+01:00,3994.07
2024-10-01 15:30:00+01:00,4034.26
2024-10-01 16:00:00+01:00,4049.28
2024-10-01 16:30:00+01:00,4154.24
2024-10-01 17:00:00+01:00,4261.18
2024-10-01 17:30:00+01:00,4343.3
2024-10-01 18:00:00+01:00,4385.58
2024-10-01 18:30:00+01:00,4374.2
2024-10-01 19:00:00+01:00,4374.73
2024-10-01 19:30:00+01:00,4521.73
2024-10-01 20:00:00+01:00,4508.4
2024-10-01 20:30:00+01:00,4386.0
2024-10-01 21:00:00+01:00,4280.66
2024-10-01 21:30:00+01:00,4083.8
2024-10-01 22:00:00+01:00,3889.7
2024-10-01 22:30:00+01:00,3702.41
2024-10-01 23:00:00+01:00,3532.73
2024-10-01 23:30:00+01:00,3399.15
2024-10-02 00:00:00+01:00,3294.62
2024-10-02 00:30:00+01:00,3280.96
2024-10-02 01:00:00+01:00,3212.05
2024-10-02 01:30:00+01:00,3149.89
2024-10-02 02:00:00+01:00,3100.07
2024-10-02 02:30:00+01:00,3121.9
2024-10-02 03:00:00+01:00,3077.54
2024-10-02 03:30:00+01:00,3059.33
2024-10-02 04:00:00+01:00,3033.03
2024-10-02 04:30:00+01:00,3036.19
2024-10-02 05:00:00+01:00,3058.51
2024-10-02 05:30:00+01:00,3125.89
2024-10-02 06:00:00+01:00,3250.39
2024-10-02 06:30:00+01:00,3489.56
2024-10-02 07:00:00+01:00,3783.83
2024-10-02 07:30:00+01:00,4112.93
2024-10-02 08:00:00+01:00,4262.63
2024-10-02 08:30:00+01:00,4315.85
2024-10-02 09:00:00+01:00,4317.23
2024-10-02 09:30:00+01:00,4347.11
2024-10-02 10:00:00+01:00,4287.53
2024-10-02 10:30:00+01:00,4235.28
2024-10-02 11:00:00+01:00,4193.99
2024-10-02 11:30:00+01:00,4157.22
2024-10-02 12:00:00+01:00,4113.9
2024-10-02 12:30:00+01:00,4113.93
2024-10-02 13:00:00+01:00,4119.36
2024-10-02 13:30:00+01:00,4057.18
2024-10-02 14:00:00+01:00,4023.34
2024-10-02 14:30:00+01:00,4052.97
2024-10-02 15:00:00+01:00,4059.65
2024-10-02 15:30:00+01:00,4093.26
2024-10-02 16:00:00+01:00,4100.24
2024-10-02 16:30:00+01:00,4193.81
2024-10-02 17:00:00+01:00,4262.33
2024-10-02 17:30:00+01:00,4355.12
2024-10-02 18:00:00+01:00,4400.83
2024-10-02 18:30:00+01:00,4417.66
2024-10-02 19:00:00+01:00,4468.6
2024-10-02 19:30:00+01:00,4575.89
2024-10-02 20:00:00+01:00,4548.69
2024-10-02 20:30:00+01:00,4426.48
2024-10-02 21:00:00+01:00,4312.22
2024-10-02 21:30:00+01:00,4126.9
2024-10-02 22:00:00+01:00,3914.47
2024-10-02 22:30:00+01:00,3720.76
2024-10-02 23:00:00+01:00,3518.8
2024-10-02 23:30:00+01:00,3397.37
2024-10-03 00:00:00+01:00,3289.9
2024-10-03 00:30:00+01:00,3275.08
2024-10-03 01:00:00+01:00,3189.27
2024-10-03 01:30:00+01:00,3141.44
2024-10-03 02:00:00+01:00,3095.17
2024-10-03 02:30:00+01:00,3119.93
2024-10-03 03:00:00+01:00,3077.33
2024-10-03 03:30:00+01:00,3052.73
2024-10-03 04:00:00+01:00,3020.41
2024-10-03 04:30:00+01:00,3006.55
2024-10-03 05:00:00+01:00,3043.27
2024-10-03 05:30:00+01:00,3108.95
2024-10-03 06:00:00+01:00,3232.97
2024-10-03 06:30:00+01:00,3470.84
2024-10-03 07:00:00+01:00,3775.34
2024-10-03 07:30:00+01:00,4093.44
2024-10-03 08:00:00+01:00,4237.96
2024-10-03 08:30:00+01:00,4311.1
2024-10-03 09:00:00+01:00,4286.86
2024-10-03 09:30:00+01:00,4284.04
2024-10-03 10:00:00+01:00,4234.77
2024-10-03 10:30:00+01:00,4169.98
2024-10-03 11:00:00+01:00,4137.94
2024-10-03 11:30:00+01:00,4105.45
2024-10-03 12:00:00+01:00,4082.77
2024-10-03 12:30:00+01:00,4066.49
2024-10-03 13:00:00+01:00,4038.75
2024-10-03 13:30:00+01:00,3962.15
2024-10-03 14:00:00+01:00,3977.86
2024-10-03 14:30:00+01:00,3989.02
2024-10-03 15:00:00+01:00,4038.92
2024-10-03 15:30:00+01:00,4069.25
2024-10-03 16:00:00+01:00,4116.04
2024-10-03 16:30:00+01:00,4208.42
2024-10-03 17:00:00+01:00,4276.84
2024-10-03 17:30:00+01:00,4347.1
2024-10-03 18:00:00+01:00,4387.13
2024-10-03 18:30:00+01:00,4388.72
2024-10-03 19:00:00+01:00,4424.93
2024-10-03 19:30:00+01:00,4541.89
2024-10-03 20:00:00+01:00,4476.18
2024-10-03 20:30:00+01:00,4355.9
2024-10-03 21:00:00+01:00,4234.4
2024-10-03 21:30:00+01:00,4061.35
2024-10-03 22:00:00+01:00,3883.96
2024-10-03 22:30:00+01:00,3696.41
2024-10-03 23:00:00+01:00,3539.7
2024-10-03 23:30:00+01:00,3436.62
2024-10-04 00:00:00+01:00,3342.38
2024-10-04 00:30:00+01:00,3295.43
2024-10-04 01:00:00+01:00,3240.84
2024-10-04 01:30:00+01:00,3206.77
2024-10-04 02:00:00+01:00,3127.29
2024-10-04 02:30:00+01:00,3122.44
2024-10-04 03:00:00+01:00,3083.13
2024-10-04 03:30:00+01:00,3096.94
2024-10-04 04:00:00+01:00,3061.55
2024-10-04 04:30:00+01:00,3045.24
2024-10-04 05:00:00+01:00,3082.15
2024-10-04 05:30:00+01:00,3116.8
2024-10-04 06:00:00+01:00,3222.1
2024-10-04 06:30:00+01:00,3414.72
2024-10-04 07:00:00+01:00,3697.96
2024-10-04 07:30:00+01:00,4003.11
2024-10-04 08:00:00+01:00,4162.05
2024-10-04 08:30:00+01:00,4274.27
2024-10-04 09:00:00+01:00,4298.29
2024-10-04 09:30:00+01:00,4350.57
2024-10-04 10:00:00+01:00,4267.87
2024-10-04 10:30:00+01:00,4248.48
2024-10-04 11:00:00+01:00,4236.28
2024-10-04 11:30:00+01:00,4258.21
2024-10-04 12:00:00+01:00,4253.84
2024-10-04 12:30:00+01:00,4244.99
2024-10-04 13:00:00+01:00,4233.45
2024-10-04 13:30:00+01:00,4200.8
2024-10-04 14:00:00+01:00,4171.02
2024-10-04 14:30:00+01:00,4156.71
2024-10-04 15:00:00+01:00,4166.87
2024-10-04 15:30:00+01:00,4200.11
2024-10-04 16:00:00+01:00,4184.12
2024-10-04 16:30:00+01:00,4218.37
2024-10-04 17:00:00+01:00,4270.96
2024-10-04 17:30:00+01:00,4324.96
2024-10-04 18:00:00+01:00,4341.52
2024-10-04 18:30:00+01:00,4323.45
2024-10-04 19:00:00+01:00,4340.81
2024-10-04 19:30:00+01:00,4356.76
2024-10-04 20:00:00+01:00,4281.65
2024-10-04 20:30:00+01:00,4180.16
2024-10-04 21:00:00+01:00,4045.65
2024-10-04 21:30:00+01:00,3907.34
2024-10-04 22:00:00+01:00,3796.16
2024-10-04 22:30:00+01:00,3645.52
2024-10-04 23:00:00+01:00,3516.8
2024-10-04 23:30:00+01:00,3416.62
2024-10-05 00:00:00+01:00,3329.75
2024-10-05 00:30:00+01:00,3304.15
2024-10-05 01:00:00+01:00,3192.34
2024-10-05 01:30:00+01:00,3149.27
2024-10-05 02:00:00+01:00,3087.74
2024-10-05 02:30:00+01:00,3096.61
2024-10-05 03:00:00+01:00,3043.92
2024-10-05 03:30:00+01:00,3040.16
2024-10-05 04:00:00+01:00,3019.0
2024-10-05 04:30:00+01:00,3006.91
2024-10-05 05:00:00+01:00,3015.4
2024-10-05 05:30:00+01:00,3046.45
2024-10-05 06:00:00+01:00,3098.48
2024-10-05 06:30:00+01:00,3162.1
2024-10-05 07:00:00+01:00,3275.89
2024-10-05 07:30:00+01:00,3380.23
2024-10-05 08:00:00+01:00,3500.31
2024-10-05 08:30:00+01:00,3651.48
2024-10-05 09:00:00+01:00,3819.01
2024-10-05 09:30:00+01:00,3887.8
2024-10-05 10:00:00+01:00,3938.07
2024-10-05 10:30:00+01:00,3983.08
2024-10-05 11:00:00+01:00,3981.49
2024-10-05 11:30:00+01:00,4047.32
2024-10-05 12:00:00+01:00,4073.11
2024-10-05 12:30:00+01:00,4091.68
2024-10-05 13:00:00+01:00,4077.69
2024-10-05 13:30:00+01:00,4060.37
2024-10-05 14:00:00+01:00,3986.48
2024-10-05 14:30:00+01:00,3971.76
2024-10-05 15:00:00+01:00,3949.56
2024-10-05 15:30:00+01:00,3967.46
2024-10-05 16:00:00+01:00,3986.84
2024-10-05 16:30:00+01:00,3991.38
2024-10-05 17:00:00+01:00,4047.55
2024-10-05 17:30:00+01:00,4114.4
2024-10-05 18:00:00+01:00,4155.9
2024-10-05 18:30:00+01:00,4147.76
2024-10-05 19:00:00+01:00,4142.55
2024-10-05 19:30:00+01:00,4120.25
2024-10-05 20:00:00+01:00,4024.3
2024-10-05 20:30:00+01:00,3911.59
2024-10-05 21:00:00+01:00,3829.26
2024-10-05 21:30:00+01:00,3707.3
2024-10-05 22:00:00+01:00,3573.06
2024-10-05 22:30:00+01:00,3449.52
2024-10-05 23:00:00+01:00,3357.14
2024-10-05 23:30:00+01:00,3320.65
2024-10-06 00:00:00+01:00,3226.24
2024-10-06 00:30:00+01:00,3258.0
2024-10-06 01:00:00+01:00,3176.93
2024-10-06 01:30:00+01:00,3115.59
2024-10-06 02:00:00+01:00,3056.44
2024-10-06 02:30:00+01:00,3076.82
2024-10-06 03:00:00+01:00,3034.6
2024-10-06 03:30:00+01:00,3012.95
2024-10-06 04:00:00+01:00,2965.22
2024-10-06 04:30:00+01:00,2936.16
2024-10-06 05:00:00+01:00,2926.49
2024-10-06 05:30:00+01:00,2930.08
2024-10-06 06:00:00+01:00,2964.86
2024-10-06 06:30:00+01:00,3027.54
2024-10-06 07:00:00+01:00,3098.48
2024-10-06 07:30:00+01:00,3181.2
2024-10-06 08:00:00+01:00,3260.99
2024-10-06 08:30:00+01:00,3409.56
2024-10-06 09:00:00+01:00,3541.88
2024-10-06 09:30:00+01:00,3609.12
2024-10-06 10:00:00+01:00,3683.32
2024-10-06 10:30:00+01:00,3722.8
2024-10-06 11:00:00+01:00,3748.9
2024-10-06 11:30:00+01:00,3765.78
2024-10-06 12:00:00+01:00,3762.83
2024-10-06 12:30:00+01:00,3759.84
2024-10-06 13:00:00+01:00,3746.09
2024-10-06 13:30:00+01:00,3718.56
2024-10-06 14:00:00+01:00,3707.15
2024-10-06 14:30:00+01:00,3673.78
2024-10-06 15:00:00+01:00,3653.42
2024-10-06 15:30:00+01:00,3641.92
2024-10-06 16:00:00+01:00,3646.39
2024-10-06 16:30:00+01:00,3722.82
2024-10-06 17:00:00+01:00,3813.43
2024-10-06 17:30:00+01:00,3919.31
2024-10-06 18:00:00+01:00,3993.95
2024-10-06 18:30:00+01:00,4043.38
2024-10-06 19:00:00+01:00,4103.47
2024-10-06 19:30:00+01:00,4175.53
2024-10-06 20:00:00+01:00,4093.52
2024-10-06 20:30:00+01:00,3996.39
2024-10-06 21:00:00+01:00,3871.45
2024-10-06 21:30:00+01:00,3711.36
2024-10-06 22:00:00+01:00,3550.8
2024-10-06 22:30:00+01:00,3398.05
2024-10-06 23:00:00+01:00,3269.15
2024-10-06 23:30:00+01:00,3156.28
2024-10-07 00:00:00+01:00,3063.79
2024-10-07 00:30:00+01:00,3061.06
2024-10-07 01:00:00+01:00,2998.24
2024-10-07 01:30:00+01:00,2939.11
2024-10-07 02:00:00+01:00,2894.32
2024-10-07 02:30:00+01:00,2938.73
2024-10-07 03:00:00+01:00,2923.37
2024-10-07 03:30:00+01:00,2906.98
2024-10-07 04:00:00+01:00,2903.02
2024-10-07 04:30:00+01:00,2903.03
2024-10-07 05:00:00+01:00,2945.32
2024-10-07 05:30:00+01:00,2988.59
2024-10-07 06:00:00+01:00,3107.09
2024-10-07 06:30:00+01:00,3331.01
2024-10-07 07:00:00+01:00,3626.59
2024-10-07 07:30:00+01:00,3981.29
2024-10-07 08:00:00+01:00,4143.03
2024-10-07 08:30:00+01:00,4243.86
2024-10-07 09:00:00+01:00,4234.65
2024-10-07 09:30:00+01:00,4251.98
2024-10-07 10:00:00+01:00,4240.02
2024-10-07 10:30:00+01:00,4206.87
2024-10-07 11:00:00+01:00,4172.89
2024-10-07 11:30:00+01:00,4139.26
2024-10-07 12:00:00+01:00,4127.63
2024-10-07 12:30:00+01:00,4134.56
2024-10-07 13:00:00+01:00,4118.99
2024-10-07 13:30:00+01:00,4083.36
2024-10-07 14:00:00+01:00,4053.0
2024-10-07 14:30:00+01:00,4086.35
2024-10-07 15:00:00+01:00,4084.42
2024-10-07 15:30:00+01:00,4125.85
2024-10-07 16:00:00+01:00,4156.91
2024-10-07 16:30:00+01:00,4278.41
2024-10-07 17:00:00+01:00,4355.17
2024-10-07 17:30:00+01:00,4428.82
2024-10-07 18:00:00+01:00,4459.69
2024-10-07 18:30:00+01:00,4449.23
2024-10-07 19:00:00+01:00,4466.22
2024-10-07 19:30:00+01:00,4537.16
2024-10-07 20:00:00+01:00,4469.46
2024-10-07 20:30:00+01:00,4350.19
2024-10-07 21:00:00+01:00,4217.81
2024-10-07 21:30:00+01:00,4071.56
2024-10-07 22:00:00+01:00,3872.4
2024-10-07 22:30:00+01:00,3692.06
2024-10-07 23:00:00+01:00,3530.25
2024-10-07 23:30:00+01:00,3411.12
2024-10-08 00:00:00+01:00,3312.68
2024-10-08 00:30:00+01:00,3296.31
2024-10-08 01:00:00+01:00,3219.32
2024-10-08 01:30:00+01:00,3165.4
2024-10-08 02:00:00+01:00,3130.71
2024-10-08 02:30:00+01:00,3133.95
2024-10-08 03:00:00+01:00,3124.51
2024-10-08 03:30:00+01:00,3109.17
2024-10-08 04:00:00+01:00,3052.03
2024-10-08 04:30:00+01:00,3046.56
2024-10-08 05:00:00+01:00,3048.76
2024-10-08 05:30:00+01:00,3108.86
2024-10-08 06:00:00+01:00,3219.14
2024-10-08 06:30:00+01:00,3428.5
2024-10-08 07:00:00+01:00,3725.83
2024-10-08 07:30:00+01:00,4083.98
2024-10-08 08:00:00+01:00,4224.18
2024-10-08 08:30:00+01:00,4287.38
2024-10-08 09:00:00+01:00,4296.41
2024-10-08 09:30:00+01:00,4349.97
2024-10-08 10:00:00+01:00,4301.9
2024-10-08 10:30:00+01:00,4285.57
2024-10-08 11:00:00+01:00,4258.68
2024-10-08 11:30:00+01:00,4243.21
2024-10-08 12:00:00+01:00,4182.28
2024-10-08 12:30:00+01:00,4203.02
2024-10-08 13:00:00+01:00,4216.02
2024-10-08 13:30:00+01:00,4111.81
2024-10-08 14:00:00+01:00,4094.5
2024-10-08 14:30:00+01:00,4097.57
2024-10-08 15:00:00+01:00,4090.47
2024-10-08 15:30:00+01:00,4096.31
2024-10-08 16:00:00+01:00,4134.74
2024-10-08 16:30:00+01:00,4224.22
2024-10-08 17:00:00+01:00,4326.97
2024-10-08 17:30:00+01:00,4415.86
2024-10-08 18:00:00+01:00,4459.28
2024-10-08 18:30:00+01:00,4438.74
2024-10-08 19:00:00+01:00,4503.45
2024-10-08 19:30:00+01:00,4564.48
2024-10-08 20:00:00+01:00,4482.48
2024-10-08 20:30:00+01:00,4364.48
2024-10-08 21:00:00+01:00,4238.14
2024-10-08 21:30:00+01:00,4068.97
2024-10-08 22:00:00+01:00,3859.19
2024-10-08 22:30:00+01:00,3657.93
2024-10-08 23:00:00+01:00,3474.84
2024-10-08 23:30:00+01:00,3353.42
2024-10-09 00:00:00+01:00,3247.68
2024-10-09 00:30:00+01:00,3220.69
2024-10-09 01:00:00+01:00,3138.17
2024-10-09 01:30:00+01:00,3093.78
2024-10-09 02:00:00+01:00,3048.1
2024-10-09 02:30:00+01:00,3103.5
2024-10-09 03:00:00+01:00,3042.83
2024-10-09 03:30:00+01:00,3040.23
2024-10-09 04:00:00+01:00,2998.95
2024-10-09 04:30:00+01:00,2975.48
2024-10-09 05:00:00+01:00,3009.82
2024-10-09 05:30:00+01:00,3068.11
2024-10-09 06:00:00+01:00,3193.67
2024-10-09 06:30:00+01:00,3412.76
2024-10-09 07:00:00+01:00,3699.03
2024-10-09 07:30:00+01:00,4049.14
2024-10-09 08:00:00+01:00,4192.29
2024-10-09 08:30:00+01:00,4242.54
2024-10-09 09:00:00+01:00,4287.94
2024-10-09 09:30:00+01:00,4313.85
2024-10-09 10:00:00+01:00,4217.37
2024-10-09 10:30:00+01:00,4139.75
2024-10-09 11:00:00+01:00,4137.74
2024-10-09 11:30:00+01:00,4206.24
2024-10-09 12:00:00+01:00,4167.67
2024-10-09 12:30:00+01:00,4215.56
2024-10-09 13:00:00+01:00,4158.95
2024-10-09 13:30:00+01:00,4128.79
2024-10-09 14:00:00+01:00,4137.12
2024-10-09 14:30:00+01:00,4087.15
2024-10-09 15:00:00+01:00,4144.46
2024-10-09 15:30:00+01:00,4206.87
2024-10-09 16:00:00+01:00,4243.3
2024-10-09 16:30:00+01:00,4314.69
2024-10-09 17:00:00+01:00,4388.85
2024-10-09 17:30:00+01:00,4453.08
2024-10-09 18:00:00+01:00,4474.36
2024-10-09 18:30:00+01:00,4472.07
2024-10-09 19:00:00+01:00,4531.15
2024-10-09 19:30:00+01:00,4577.69
2024-10-09 20:00:00+01:00,4510.99
2024-10-09 20:30:00+01:00,4423.9
2024-10-09 21:00:00+01:00,4246.52
2024-10-09 21:30:00+01:00,4087.81
2024-10-09 22:00:00+01:00,3918.26
2024-10-09 22:30:00+01:00,3753.74
2024-10-09 23:00:00+01:00,3571.26
2024-10-09 23:30:00+01:00,3448.88
2024-10-10 00:00:00+01:00,3357.39
2024-10-10 00:30:00+01:00,3320.73
2024-10-10 01:00:00+01:00,3233.3
2024-10-10 01:30:00+01:00,3208.86
2024-10-10 02:00:00+01:00,3168.94
2024-10-10 02:30:00+01:00,3185.63
2024-10-10 03:00:00+01:00,3120.37
2024-10-10 03:30:00+01:00,3108.58
2024-10-10 04:00:00+01:00,3082.45
2024-10-10 04:30:00+01:00,3098.01
2024-10-10 05:00:00+01:00,3120.61
2024-10-10 05:30:00+01:00,3178.75
2024-10-10 06:00:00+01:00,3314.46
2024-10-10 06:30:00+01:00,3535.93
2024-10-10 07:00:00+01:00,3829.27
2024-10-10 07:30:00+01:00,4207.2
2024-10-10 08:00:00+01:00,4371.18
2024-10-10 08:30:00+01:00,4446.43
2024-10-10 09:00:00+01:00,4451.65
2024-10-10 09:30:00+01:00,4464.66
2024-10-10 10:00:00+01:00,4390.73
2024-10-10 10:30:00+01:00,4301.81
2024-10-10 11:00:00+01:00,4261.15
2024-10-10 11:30:00+01:00,4207.63
2024-10-10 12:00:00+01:00,4140.17
2024-10-10 12:30:00+01:00,4117.83
2024-10-10 13:00:00+01:00,4089.41
2024-10-10 13:30:00+01:00,4046.64
2024-10-10 14:00:00+01:00,4014.46
2024-10-10 14:30:00+01:00,3999.91
2024-10-10 15:00:00+01:00,4031.92
2024-10-10 15:30:00+01:00,4095.77
2024-10-10 16:00:00+01:00,4135.86
2024-10-10 16:30:00+01:00,4219.18
2024-10-10 17:00:00+01:00,4329.69
2024-10-10 17:30:00+01:00,4440.17
2024-10-10 18:00:00+01:00,4457.01
2024-10-10 18:30:00+01:00,4498.36
2024-10-10 19:00:00+01:00,4628.19
2024-10-10 19:30:00+01:00,4708.55
2024-10-10 20:00:00+01:00,4626.81
2024-10-10 20:30:00+01:00,4546.0
2024-10-10 21:00:00+01:00,4406.08
2024-10-10 21:30:00+01:00,4256.64
2024-10-10 22:00:00+01:00,4086.05
2024-10-10 22:30:00+01:00,3881.57
2024-10-10 23:00:00+01:00,3707.05
2024-10-10 23:30:00+01:00,3582.13
2024-10-11 00:00:00+01:00,3458.53
2024-10-11 00:30:00+01:00,3441.65
2024-10-11 01:00:00+01:00,3352.82
2024-10-11 01:30:00+01:00,3321.87
2024-10-11 02:00:00+01:00,3258.75
2024-10-11 02:30:00+01:00,3296.15
2024-10-11 03:00:00+01:00,3262.48
2024-10-11 03:30:00+01:00,3240.68
2024-10-11 04:00:00+01:00,3229.0
2024-10-11 04:30:00+01:00,3224.46
2024-10-11 05:00:00+01:00,3231.25
2024-10-11 05:30:00+01:00,3289.35
2024-10-11 06:00:00+01:00,3417.12
2024-10-11 06:30:00+01:00,3637.63
2024-10-11 07:00:00+01:00,3927.0
2024-10-11 07:30:00+01:00,4292.27
2024-10-11 08:00:00+01:00,4472.73
2024-10-11 08:30:00+01:00,4544.37
2024-10-11 09:00:00+01:00,4542.15
2024-10-11 09:30:00+01:00,4546.74
2024-10-11 10:00:00+01:00,4446.76
2024-10-11 10:30:00+01:00,4367.29
2024-10-11 11:00:00+01:00,4296.88
2024-10-11 11:30:00+01:00,4234.03
2024-10-11 12:00:00+01:00,4161.19
2024-10-11 12:30:00+01:00,4135.7
2024-10-11 13:00:00+01:00,4097.57
2024-10-11 13:30:00+01:00,4033.19
2024-10-11 14:00:00+01:00,4038.17
2024-10-11 14:30:00+01:00,4042.29
2024-10-11 15:00:00+01:00,4055.46
2024-10-11 15:30:00+01:00,4110.48
2024-10-11 16:00:00+01:00,4118.28
2024-10-11 16:30:00+01:00,4187.27
2024-10-11 17:00:00+01:00,4301.8
2024-10-11 17:30:00+01:00,4406.22
2024-10-11 18:00:00+01:00,4467.98
2024-10-11 18:30:00+01:00,4476.61
2024-10-11 19:00:00+01:00,4572.33
2024-10-11 19:30:00+01:00,4606.56
2024-10-11 20:00:00+01:00,4520.08
2024-10-11 20:30:00+01:00,4421.87
2024-10-11 21:00:00+01:00,4283.2
2024-10-11 21:30:00+01:00,4151.95
2024-10-11 22:00:00+01:00,4000.37
2024-10-11 22:30:00+01:00,3842.43
2024-10-11 23:00:00+01:00,3708.27
2024-10-11 23:30:00+01:00,3564.95
2024-10-12 00:00:00+01:00,3465.37
2024-10-12 00:30:00+01:00,3450.65
2024-10-12 01:00:00+01:00,3377.48
2024-10-12 01:30:00+01:00,3315.16
2024-10-12 02:00:00+01:00,3255.38
2024-10-12 02:30:00+01:00,3271.61
2024-10-12 03:00:00+01:00,3221.59
2024-10-12 03:30:00+01:00,3179.46
2024-10-12 04:00:00+01:00,3155.25
2024-10-12 04:30:00+01:00,3123.36
2024-10-12 05:00:00+01:00,3130.93
2024-10-12 05:30:00+01:00,3129.12
2024-10-12 06:00:00+01:00,3160.61
2024-10-12 06:30:00+01:00,3262.39
2024-10-12 07:00:00+01:00,3369.57
2024-10-12 07:30:00+01:00,3520.3
2024-10-12 08:00:00+01:00,3631.63
2024-10-12 08:30:00+01:00,3799.24
2024-10-12 09:00:00+01:00,3924.6
2024-10-12 09:30:00+01:00,4028.99
2024-10-12 10:00:00+01:00,4030.01
2024-10-12 10:30:00+01:00,4007.68
2024-10-12 11:00:00+01:00,4008.84
2024-10-12 11:30:00+01:00,4004.65
2024-10-12 12:00:00+01:00,3867.79
2024-10-12 12:30:00+01:00,3914.2
2024-10-12 13:00:00+01:00,3861.22
2024-10-12 13:30:00+01:00,3827.18
2024-10-12 14:00:00+01:00,3757.62
2024-10-12 14:30:00+01:00,3743.66
2024-10-12 15:00:00+01:00,3714.19
2024-10-12 15:30:00+01:00,3751.21
2024-10-12 16:00:00+01:00,3775.48
2024-10-12 16:30:00+01:00,3869.58
2024-10-12 17:00:00+01:00,3944.59
2024-10-12 17:30:00+01:00,4076.56
2024-10-12 18:00:00+01:00,4158.49
2024-10-12 18:30:00+01:00,4204.52
2024-10-12 19:00:00+01:00,4316.27
2024-10-12 19:30:00+01:00,4300.15
2024-10-12 20:00:00+01:00,4224.24
2024-10-12 20:30:00+01:00,4115.51
2024-10-12 21:00:00+01:00,4016.05
2024-10-12 21:30:00+01:00,3922.89
2024-10-12 22:00:00+01:00,3797.47
2024-10-12 22:30:00+01:00,3684.02
2024-10-12 23:00:00+01:00,3552.91
2024-10-12 23:30:00+01:00,3453.88
2024-10-13 00:00:00+01:00,3365.04
2024-10-13 00:30:00+01:00,3248.7
2024-10-13 01:00:00+01:00,3172.27
2024-10-13 01:30:00+01:00,3129.01
2024-10-13 02:00:00+01:00,3135.19
2024-10-13 02:30:00+01:00,3127.62
2024-10-13 03:00:00+01:00,3081.4
2024-10-13 03:30:00+01:00,3142.04
2024-10-13 04:00:00+01:00,3120.91
2024-10-13 04:30:00+01:00,3104.36
2024-10-13 05:00:00+01:00,3102.4
2024-10-13 05:30:00+01:00,3090.48
2024-10-13 06:00:00+01:00,3093.23
2024-10-13 06:30:00+01:00,3150.03
2024-10-13 07:00:00+01:00,3199.73
2024-10-13 07:30:00+01:00,3328.92
2024-10-13 08:00:00+01:00,3411.11
2024-10-13 08:30:00+01:00,3536.44
2024-10-13 09:00:00+01:00,3665.71
2024-10-13 09:30:00+01:00,3780.59
2024-10-13 10:00:00+01:00,3850.44
2024-10-13 10:30:00+01:00,3908.95
2024-10-13 11:00:00+01:00,3943.97
2024-10-13 11:30:00+01:00,3970.87
2024-10-13 12:00:00+01:00,4006.34
2024-10-13 12:30:00+01:00,4060.51
2024-10-13 13:00:00+01:00,4045.46
2024-10-13 13:30:00+01:00,4046.05
2024-10-13 14:00:00+01:00,4013.9
2024-10-13 14:30:00+01:00,3977.93
2024-10-13 15:00:00+01:00,3958.34
2024-10-13 15:30:00+01:00,3949.28
2024-10-13 16:00:00+01:00,3977.94
2024-10-13 16:30:00+01:00,4098.56
2024-10-13 17:00:00+01:00,4171.69
2024-10-13 17:30:00+01:00,4303.9
2024-10-13 18:00:00+01:00,4342.55
2024-10-13 18:30:00+01:00,4390.3
2024-10-13 19:00:00+01:00,4444.91
2024-10-13 19:30:00+01:00,4418.89
2024-10-13 20:00:00+01:00,4303.61
2024-10-13 20:30:00+01:00,4199.55
2024-10-13 21:00:00+01:00,4061.6
2024-10-13 21:30:00+01:00,3917.86
2024-10-13 22:00:00+01:00,3757.3
2024-10-13 22:30:00+01:00,3579.41
2024-10-13 23:00:00+01:00,3422.23
2024-10-13 23:30:00+01:00,3310.78
2024-10-14 00:00:00+01:00,3215.93
2024-10-14 00:30:00+01:00,3229.15
2024-10-14 01:00:00+01:00,3170.26
2024-10-14 01:30:00+01:00,3125.63
2024-10-14 02:00:00+01:00,3087.23
2024-10-14 02:30:00+01:00,3105.34
2024-10-14 03:00:00+01:00,3077.39
2024-10-14 03:30:00+01:00,3051.92
2024-10-14 04:00:00+01:00,3047.78
2024-10-14 04:30:00+01:00,3056.62
2024-10-14 05:00:00+01:00,3095.42
2024-10-14 05:30:00+01:00,3149.52
2024-10-14 06:00:00+01:00,3293.13
2024-10-14 06:30:00+01:00,3533.72
2024-10-14 07:00:00+01:00,3840.18
2024-10-14 07:30:00+01:00,4243.69
2024-10-14 08:00:00+01:00,4397.92
2024-10-14 08:30:00+01:00,4500.88
2024-10-14 09:00:00+01:00,4534.09
2024-10-14 09:30:00+01:00,4525.94
2024-10-14 10:00:00+01:00,4480.78
2024-10-14 10:30:00+01:00,4412.5
2024-10-14 11:00:00+01:00,4392.22
2024-10-14 11:30:00+01:00,4342.9
2024-10-14 12:00:00+01:00,4302.54
2024-10-14 12:30:00+01:00,4300.07
2024-10-14 13:00:00+01:00,4278.24
2024-10-14 13:30:00+01:00,4221.59
2024-10-14 14:00:00+01:00,4174.51
2024-10-14 14:30:00+01:00,4190.44
2024-10-14 15:00:00+01:00,4206.89
2024-10-14 15:30:00+01:00,4265.58
2024-10-14 16:00:00+01:00,4302.71
2024-10-14 16:30:00+01:00,4391.19
2024-10-14 17:00:00+01:00,4484.53
2024-10-14 17:30:00+01:00,4562.65
2024-10-14 18:00:00+01:00,4602.7
2024-10-14 18:30:00+01:00,4605.26
2024-10-14 19:00:00+01:00,4638.62
2024-10-14 19:30:00+01:00,4706.51
2024-10-14 20:00:00+01:00,4614.5
2024-10-14 20:30:00+01:00,4511.04
2024-10-14 21:00:00+01:00,4381.24
2024-10-14 21:30:00+01:00,4185.96
2024-10-14 22:00:00+01:00,3965.72
2024-10-14 22:30:00+01:00,3754.79
2024-10-14 23:00:00+01:00,3580.84
2024-10-14 23:30:00+01:00,3454.15
2024-10-15 00:00:00+01:00,3361.4
2024-10-15 00:30:00+01:00,3335.49
2024-10-15 01:00:00+01:00,3256.43
2024-10-15 01:30:00+01:00,3233.28
2024-10-15 02:00:00+01:00,3191.48
2024-10-15 02:30:00+01:00,3241.39
2024-10-15 03:00:00+01:00,3238.32
2024-10-15 03:30:00+01:00,3216.43
2024-10-15 04:00:00+01:00,3144.07
2024-10-15 04:30:00+01:00,3154.58
2024-10-15 05:00:00+01:00,3128.46
2024-10-15 05:30:00+01:00,3177.83
2024-10-15 06:00:00+01:00,3314.34
2024-10-15 06:30:00+01:00,3586.32
2024-10-15 07:00:00+01:00,3872.98
2024-10-15 07:30:00+01:00,4204.14
2024-10-15 08:00:00+01:00,4385.01
2024-10-15 08:30:00+01:00,4394.16
2024-10-15 09:00:00+01:00,4395.01
2024-10-15 09:30:00+01:00,4450.5
2024-10-15 10:00:00+01:00,4435.8
2024-10-15 10:30:00+01:00,4388.42
2024-10-15 11:00:00+01:00,4378.29
2024-10-15 11:30:00+01:00,4371.97
2024-10-15 12:00:00+01:00,4354.4
2024-10-15 12:30:00+01:00,4379.85
2024-10-15 13:00:00+01:00,4423.65
2024-10-15 13:30:00+01:00,4390.99
2024-10-15 14:00:00+01:00,4368.91
2024-10-15 14:30:00+01:00,4353.71
2024-10-15 16:00:00+01:00,4490.07
2024-10-15 16:30:00+01:00,4607.31
2024-10-15 17:00:00+01:00,4634.48
2024-10-15 17:30:00+01:00,4706.9
2024-10-15 18:00:00+01:00,4740.96
2024-10-15 18:30:00+01:00,4761.25
2024-10-15 19:00:00+01:00,4765.5
2024-10-15 19:30:00+01:00,4744.34
2024-10-15 20:00:00+01:00,4634.86
2024-10-15 20:30:00+01:00,4548.18
2024-10-15 21:00:00+01:00,4414.75
2024-10-15 21:30:00+01:00,4221.75
2024-10-15 22:00:00+01:00,4003.37
2024-10-15 22:30:00+01:00,3804.97
2024-10-15 23:00:00+01:00,3627.07
2024-10-15 23:30:00+01:00,3538.12
2024-10-16 00:00:00+01:00,3450.95
2024-10-16 00:30:00+01:00,3420.93
2024-10-16 01:00:00+01:00,3334.99
2024-10-16 01:30:00+01:00,3286.16
2024-10-16 02:00:00+01:00,3243.71
2024-10-16 02:30:00+01:00,3279.32
2024-10-16 03:00:00+01:00,3248.27
2024-10-16 03:30:00+01:00,3184.06
2024-10-16 04:00:00+01:00,3157.94
2024-10-16 04:30:00+01:00,3133.41
2024-10-16 05:00:00+01:00,3158.45
2024-10-16 05:30:00+01:00,3196.5
2024-10-16 06:00:00+01:00,3322.88
2024-10-16 06:30:00+01:00,3551.43
2024-10-16 07:00:00+01:00,3808.58
2024-10-16 07:30:00+01:00,4169.77
2024-10-16 08:00:00+01:00,4359.1
2024-10-16 08:30:00+01:00,4433.43
2024-10-16 09:00:00+01:00,4409.77
2024-10-16 09:30:00+01:00,4467.78
2024-10-16 10:00:00+01:00,4464.21
2024-10-16 10:30:00+01:00,4446.18
2024-10-16 11:00:00+01:00,4426.85
2024-10-16 11:30:00+01:00,4420.77
2024-10-16 12:00:00+01:00,4407.96
2024-10-16 12:30:00+01:00,4403.15
2024-10-16 13:00:00+01:00,4375.68
2024-10-16 13:30:00+01:00,4325.72
2024-10-16 14:00:00+01:00,4300.1
2024-10-16 14:30:00+01:00,4320.53
2024-10-16 15:00:00+01:00,4312.78
2024-10-16 15:30:00+01:00,4358.55
2024-10-16 16:00:00+01:00,4394.86
2024-10-16 16:30:00+01:00,4329.9
2024-10-16 17:00:00+01:00,4398.37
2024-10-16 17:30:00+01:00,4476.03
2024-10-16 18:00:00+01:00,4497.58
2024-10-16 18:30:00+01:00,4484.24
2024-10-16 19:00:00+01:00,4590.81
2024-10-16 19:30:00+01:00,4502.04
2024-10-16 20:00:00+01:00,4585.27
2024-10-16 20:30:00+01:00,4477.99
2024-10-16 21:00:00+01:00,4362.69
2024-10-16 21:30:00+01:00,4191.98
2024-10-16 22:00:00+01:00,4007.83
2024-10-16 22:30:00+01:00,3799.62
2024-10-16 23:00:00+01:00,3611.62
2024-10-16 23:30:00+01:00,3501.96
2024-10-17 00:00:00+01:00,3377.96
2024-10-17 00:30:00+01:00,3355.03
2024-10-17 01:00:00+01:00,3274.88
2024-10-17 01:30:00+01:00,3219.11
2024-10-17 02:00:00+01:00,3179.86
2024-10-17 02:30:00+01:00,3177.28
2024-10-17 03:00:00+01:00,3127.73
2024-10-17 03:30:00+01:00,3080.88
2024-10-17 04:00:00+01:00,3061.26
2024-10-17 04:30:00+01:00,3065.59
2024-10-17 05:00:00+01:00,3092.78
2024-10-17 05:30:00+01:00,3131.84
2024-10-17 06:00:00+01:00,3265.02
2024-10-17 06:30:00+01:00,3498.01
2024-10-17 07:00:00+01:00,3786.57
2024-10-17 07:30:00+01:00,4154.47
2024-10-17 08:00:00+01:00,4326.59
2024-10-17 08:30:00+01:00,4388.53
2024-10-17 09:00:00+01:00,4387.65
2024-10-17 09:30:00+01:00,4366.59
2024-10-17 10:00:00+01:00,4305.9
2024-10-17 10:30:00+01:00,4238.42
2024-10-17 11:00:00+01:00,4224.45
2024-10-17 11:30:00+01:00,4124.23
2024-10-17 12:00:00+01:00,4170.49
2024-10-17 12:30:00+01:00,4151.54
2024-10-17 13:00:00+01:00,4118.04
2024-10-17 13:30:00+01:00,4058.03
2024-10-17 14:00:00+01:00,4050.63
2024-10-17 14:30:00+01:00,4085.17
2024-10-17 15:00:00+01:00,4085.5
2024-10-17 15:30:00+01:00,4122.77
2024-10-17 16:00:00+01:00,4186.77
2024-10-17 16:30:00+01:00,4271.66
2024-10-17 17:00:00+01:00,4331.38
2024-10-17 17:30:00+01:00,4433.8
2024-10-17 18:00:00+01:00,4506.1
2024-10-17 18:30:00+01:00,4529.72
2024-10-17 19:00:00+01:00,4632.55
2024-10-17 19:30:00+01:00,4621.19
2024-10-17 20:00:00+01:00,4543.21
2024-10-17 20:30:00+01:00,4446.37
2024-10-17 21:00:00+01:00,4316.25
2024-10-17 21:30:00+01:00,4143.26
2024-10-17 22:00:00+01:00,3946.99
2024-10-17 22:30:00+01:00,3760.16
2024-10-17 23:00:00+01:00,3587.29
2024-10-17 23:30:00+01:00,3466.24
2024-10-18 00:00:00+01:00,3371.72
2024-10-18 00:30:00+01:00,3363.79
2024-10-18 01:00:00+01:00,3278.04
2024-10-18 01:30:00+01:00,3217.52
2024-10-18 02:00:00+01:00,3173.85
2024-10-18 02:30:00+01:00,3198.67
2024-10-18 03:00:00+01:00,3174.62
2024-10-18 03:30:00+01:00,3160.82
2024-10-18 04:00:00+01:00,3122.43
2024-10-18 04:30:00+01:00,3130.48
2024-10-18 05:00:00+01:00,3173.47
2024-10-18 05:30:00+01:00,3181.71
2024-10-18 06:00:00+01:00,3335.17
2024-10-18 06:30:00+01:00,3540.3
2024-10-18 07:00:00+01:00,3820.89
2024-10-18 07:30:00+01:00,4156.03
2024-10-18 08:00:00+01:00,4324.76
2024-10-18 08:30:00+01:00,4423.27
2024-10-18 09:00:00+01:00,4456.29
2024-10-18 09:30:00+01:00,4484.12
2024-10-18 10:00:00+01:00,4495.41
2024-10-18 10:30:00+01:00,4470.44
2024-10-18 11:00:00+01:00,4453.93
2024-10-18 11:30:00+01:00,4441.73
2024-10-18 12:00:00+01:00,4457.2
2024-10-18 12:30:00+01:00,4488.79
2024-10-18 13:00:00+01:00,4487.52
2024-10-18 13:30:00+01:00,4416.06
2024-10-18 14:00:00+01:00,4400.44
2024-10-18 14:30:00+01:00,4365.18
2024-10-18 15:00:00+01:00,4361.11
2024-10-18 15:30:00+01:00,4340.0
2024-10-18 16:00:00+01:00,4401.64
2024-10-18 16:30:00+01:00,4459.6
2024-10-18 17:00:00+01:00,4480.11
2024-10-18 17:30:00+01:00,4490.38
2024-10-18 18:00:00+01:00,4512.71
2024-10-18 18:30:00+01:00,4532.47
2024-10-18 19:00:00+01:00,4602.8
2024-10-18 19:30:00+01:00,4576.52
2024-10-18 20:00:00+01:00,4484.43
2024-10-18 20:30:00+01:00,4346.57
2024-10-18 21:00:00+01:00,4235.34
2024-10-18 21:30:00+01:00,4065.78
2024-10-18 22:00:00+01:00,3921.44
2024-10-18 22:30:00+01:00,3765.58
2024-10-18 23:00:00+01:00,3615.28
2024-10-18 23:30:00+01:00,3510.21
2024-10-19 00:00:00+01:00,3415.13
2024-10-19 00:30:00+01:00,3404.78
2024-10-19 01:00:00+01:00,3313.79
2024-10-19 01:30:00+01:00,3228.57
2024-10-19 02:00:00+01:00,3178.85
2024-10-19 02:30:00+01:00,3194.89
2024-10-19 03:00:00+01:00,3148.84
2024-10-19 03:30:00+01:00,3136.93
2024-10-19 04:00:00+01:00,3128.11
2024-10-19 04:30:00+01:00,3103.36
2024-10-19 05:00:00+01:00,3105.23
2024-10-19 05:30:00+01:00,3125.57
2024-10-19 06:00:00+01:00,3168.17
2024-10-19 06:30:00+01:00,3248.24
2024-10-19 07:00:00+01:00,3381.28
2024-10-19 07:30:00+01:00,3540.55
2024-10-19 08:00:00+01:00,3676.2
2024-10-19 08:30:00+01:00,3826.43
2024-10-19 09:00:00+01:00,3932.56
2024-10-19 09:30:00+01:00,4001.4
2024-10-19 10:00:00+01:00,4020.96
2024-10-19 10:30:00+01:00,4015.66
2024-10-19 11:00:00+01:00,3993.37
2024-10-19 11:30:00+01:00,3908.94
2024-10-19 12:00:00+01:00,3850.67
2024-10-19 12:30:00+01:00,3841.93
2024-10-19 13:00:00+01:00,3780.29
2024-10-19 13:30:00+01:00,3756.81
2024-10-19 14:00:00+01:00,3723.45
2024-10-19 14:30:00+01:00,3693.82
2024-10-19 15:00:00+01:00,3682.2
2024-10-19 15:30:00+01:00,3714.38
2024-10-19 16:00:00+01:00,3788.67
2024-10-19 16:30:00+01:00,3879.88
2024-10-19 17:00:00+01:00,3979.46
2024-10-19 17:30:00+01:00,4095.74
2024-10-19 18:00:00+01:00,4153.94
2024-10-19 18:30:00+01:00,4205.97
2024-10-19 19:00:00+01:00,4263.34
2024-10-19 19:30:00+01:00,4203.26
2024-10-19 20:00:00+01:00,4075.61
2024-10-19 20:30:00+01:00,3974.59
2024-10-19 21:00:00+01:00,3862.75
2024-10-19 21:30:00+01:00,3731.73
2024-10-19 22:00:00+01:00,3625.95
2024-10-19 22:30:00+01:00,3510.47
2024-10-19 23:00:00+01:00,3394.99
2024-10-19 23:30:00+01:00,3316.23
2024-10-20 00:00:00+01:00,3224.9
2024-10-20 00:30:00+01:00,3257.49
2024-10-20 01:00:00+01:00,3190.82
2024-10-20 01:30:00+01:00,3138.66
2024-10-20 02:00:00+01:00,3104.91
2024-10-20 02:30:00+01:00,3122.39
2024-10-20 03:00:00+01:00,3074.29
2024-10-20 03:30:00+01:00,3027.44
2024-10-20 04:00:00+01:00,2974.23
2024-10-20 04:30:00+01:00,2965.24
2024-10-20 05:00:00+01:00,2963.54
2024-10-20 05:30:00+01:00,2965.44
2024-10-20 06:00:00+01:00,2948.11
2024-10-20 06:30:00+01:00,3007.38
2024-10-20 07:00:00+01:00,3061.3
2024-10-20 07:30:00+01:00,3181.71
2024-10-20 08:00:00+01:00,3248.46
2024-10-20 08:30:00+01:00,3367.14
2024-10-20 09:00:00+01:00,3490.27
2024-10-20 09:30:00+01:00,3607.53
2024-10-20 10:00:00+01:00,3665.05
2024-10-20 10:30:00+01:00,3724.29
2024-10-20 11:00:00+01:00,3794.41
2024-10-20 11:30:00+01:00,3814.79
2024-10-20 12:00:00+01:00,3864.59
2024-10-20 12:30:00+01:00,3929.16
2024-10-20 13:00:00+01:00,3910.51
2024-10-20 13:30:00+01:00,3922.18
2024-10-20 14:00:00+01:00,3885.22
2024-10-20 14:30:00+01:00,3872.21
2024-10-20 15:00:00+01:00,3914.61
2024-10-20 15:30:00+01:00,3970.07
2024-10-20 16:00:00+01:00,3952.05
2024-10-20 16:30:00+01:00,4057.39
2024-10-20 17:00:00+01:00,4107.47
2024-10-20 17:30:00+01:00,4172.95
2024-10-20 18:00:00+01:00,4231.73
2024-10-20 18:30:00+01:00,4316.31
2024-10-20 19:00:00+01:00,4392.53
2024-10-20 19:30:00+01:00,4304.11
2024-10-20 20:00:00+01:00,4187.0
2024-10-20 20:30:00+01:00,4105.91
2024-10-20 21:00:00+01:00,3967.68
2024-10-20 21:30:00+01:00,3801.07
2024-10-20 22:00:00+01:00,3649.7
2024-10-20 22:30:00+01:00,3494.24
2024-10-20 23:00:00+01:00,3316.29
2024-10-20 23:30:00+01:00,3243.02
2024-10-21 00:00:00+01:00,3168.56
2024-10-21 00:30:00+01:00,3169.99
2024-10-21 01:00:00+01:00,3086.59
2024-10-21 01:30:00+01:00,3043.17
2024-10-21 02:00:00+01:00,3000.52
2024-10-21 02:30:00+01:00,3057.31
2024-10-21 03:00:00+01:00,3012.44
2024-10-21 03:30:00+01:00,2997.67
2024-10-21 04:00:00+01:00,2981.01
2024-10-21 04:30:00+01:00,2983.46
2024-10-21 05:00:00+01:00,3015.15
2024-10-21 05:30:00+01:00,3083.3
2024-10-21 06:00:00+01:00,3195.87
2024-10-21 06:30:00+01:00,3433.9
2024-10-21 07:00:00+01:00,3710.88
2024-10-21 07:30:00+01:00,4060.59
2024-10-21 08:00:00+01:00,4192.67
2024-10-21 08:30:00+01:00,4265.89
2024-10-21 09:00:00+01:00,4295.62
2024-10-21 09:30:00+01:00,4312.15
2024-10-21 10:00:00+01:00,4263.03
2024-10-21 10:30:00+01:00,4205.73
2024-10-21 11:00:00+01:00,4135.01
2024-10-21 11:30:00+01:00,4107.01
2024-10-21 12:00:00+01:00,4091.17
2024-10-21 12:30:00+01:00,4079.32
2024-10-21 13:00:00+01:00,4055.22
2024-10-21 13:30:00+01:00,4023.77
2024-10-21 14:00:00+01:00,4031.76
2024-10-21 14:30:00+01:00,4064.77
2024-10-21 15:00:00+01:00,4070.35
2024-10-21 15:30:00+01:00,4134.58
2024-10-21 16:00:00+01:00,4218.13
2024-10-21 16:30:00+01:00,4276.23
2024-10-21 17:00:00+01:00,4393.82
2024-10-21 17:30:00+01:00,4486.47
2024-10-21 18:00:00+01:00,4513.79
2024-10-21 18:30:00+01:00,4592.17
2024-10-21 19:00:00+01:00,4632.86
2024-10-21 19:30:00+01:00,4579.06
2024-10-21 20:00:00+01:00,4475.15
2024-10-21 20:30:00+01:00,4341.8
2024-10-21 21:00:00+01:00,4243.12
2024-10-21 21:30:00+01:00,4076.49
2024-10-21 22:00:00+01:00,3938.0
2024-10-21 22:30:00+01:00,3729.26
2024-10-21 23:00:00+01:00,3546.22
2024-10-21 23:30:00+01:00,3439.42
2024-10-22 00:00:00+01:00,3351.62
2024-10-22 00:30:00+01:00,3345.13
2024-10-22 01:00:00+01:00,3263.92
2024-10-22 01:30:00+01:00,3195.52
2024-10-22 02:00:00+01:00,3161.91
2024-10-22 02:30:00+01:00,3201.19
2024-10-22 03:00:00+01:00,3151.1
2024-10-22 03:30:00+01:00,3151.41
2024-10-22 04:00:00+01:00,3125.53
2024-10-22 04:30:00+01:00,3139.0
2024-10-22 05:00:00+01:00,3143.83
2024-10-22 05:30:00+01:00,3203.9
2024-10-22 06:00:00+01:00,3355.04
2024-10-22 06:30:00+01:00,3588.78
2024-10-22 07:00:00+01:00,3849.86
2024-10-22 07:30:00+01:00,4213.15
2024-10-22 08:00:00+01:00,4385.24
2024-10-22 08:30:00+01:00,4432.63
2024-10-22 09:00:00+01:00,4432.9
2024-10-22 09:30:00+01:00,4434.79
2024-10-22 10:00:00+01:00,4361.0
2024-10-22 10:30:00+01:00,4311.8
2024-10-22 11:00:00+01:00,4294.42
2024-10-22 11:30:00+01:00,4276.99
2024-10-22 12:00:00+01:00,4222.3
2024-10-22 12:30:00+01:00,4238.96
2024-10-22 13:00:00+01:00,4200.73
2024-10-22 13:30:00+01:00,4159.88
2024-10-22 14:00:00+01:00,4160.42
2024-10-22 14:30:00+01:00,4148.47
2024-10-22 15:00:00+01:00,4162.88
2024-10-22 15:30:00+01:00,4185.65
2024-10-22 16:00:00+01:00,4238.12
2024-10-22 16:30:00+01:00,4359.68
2024-10-22 17:00:00+01:00,4439.73
2024-10-22 17:30:00+01:00,4511.34
2024-10-22 18:00:00+01:00,4566.82
2024-10-22 18:30:00+01:00,4638.14
2024-10-22 19:00:00+01:00,4680.87
2024-10-22 19:30:00+01:00,4638.29
2024-10-22 20:00:00+01:00,4555.13
2024-10-22 20:30:00+01:00,4423.26
2024-10-22 21:00:00+01:00,4293.49
2024-10-22 21:30:00+01:00,4130.08
2024-10-22 22:00:00+01:00,3942.31
2024-10-22 22:30:00+01:00,3743.3
2024-10-22 23:00:00+01:00,3555.51
2024-10-22 23:30:00+01:00,3434.59
2024-10-23 00:00:00+01:00,3343.74
2024-10-23 00:30:00+01:00,3358.15
2024-10-23 01:00:00+01:00,3270.9
2024-10-23 01:30:00+01:00,3229.77
2024-10-23 02:00:00+01:00,3166.22
2024-10-23 02:30:00+01:00,3186.19
2024-10-23 03:00:00+01:00,3155.41
2024-10-23 03:30:00+01:00,3116.24
2024-10-23 04:00:00+01:00,3099.13
2024-10-23 04:30:00+01:00,3075.56
2024-10-23 05:00:00+01:00,3107.17
2024-10-23 05:30:00+01:00,3174.19
2024-10-23 06:00:00+01:00,3318.14
2024-10-23 06:30:00+01:00,3563.3
2024-10-23 07:00:00+01:00,3859.44
2024-10-23 07:30:00+01:00,4229.12
2024-10-23 08:00:00+01:00,4387.8
2024-10-23 08:30:00+01:00,4417.95
2024-10-23 09:00:00+01:00,4407.6
2024-10-23 09:30:00+01:00,4414.26
2024-10-23 10:00:00+01:00,4370.17
2024-10-23 10:30:00+01:00,4289.7
2024-10-23 11:00:00+01:00,4228.62
2024-10-23 11:30:00+01:00,4195.93
2024-10-23 12:00:00+01:00,4204.31
2024-10-23 12:30:00+01:00,4202.47
2024-10-23 13:00:00+01:00,4239.79
2024-10-23 13:30:00+01:00,4158.16
2024-10-23 14:00:00+01:00,4185.14
2024-10-23 14:30:00+01:00,4258.54
2024-10-23 15:00:00+01:00,4278.77
2024-10-23 15:30:00+01:00,4320.86
2024-10-23 16:00:00+01:00,4342.35
2024-10-23 16:30:00+01:00,4391.44
2024-10-23 17:00:00+01:00,4461.04
2024-10-23 17:30:00+01:00,4534.57
2024-10-23 18:00:00+01:00,4589.33
2024-10-23 18:30:00+01:00,4718.62
2024-10-23 19:00:00+01:00,4734.77
2024-10-23 19:30:00+01:00,4704.06
2024-10-23 20:00:00+01:00,4579.82
2024-10-23 20:30:00+01:00,4467.31
2024-10-23 21:00:00+01:00,4366.76
2024-10-23 21:30:00+01:00,4189.5
2024-10-23 22:00:00+01:00,4032.89
2024-10-23 22:30:00+01:00,3872.65
2024-10-23 23:00:00+01:00,3682.58
2024-10-23 23:30:00+01:00,3547.2
2024-10-24 00:00:00+01:00,3475.01
2024-10-24 00:30:00+01:00,3458.46
2024-10-24 01:00:00+01:00,3350.23
2024-10-24 01:30:00+01:00,3304.07
2024-10-24 02:00:00+01:00,3259.95
2024-10-24 02:30:00+01:00,3271.1
2024-10-24 03:00:00+01:00,3238.88
2024-10-24 03:30:00+01:00,3235.1
2024-10-24 04:00:00+01:00,3206.03
2024-10-24 04:30:00+01:00,3192.57
2024-10-24 05:00:00+01:00,3237.68
2024-10-24 05:30:00+01:00,3260.04
2024-10-24 06:00:00+01:00,3393.07
2024-10-24 06:30:00+01:00,3586.35
2024-10-24 07:00:00+01:00,3859.61
2024-10-24 07:30:00+01:00,4230.41
2024-10-24 08:00:00+01:00,4439.18
2024-10-24 08:30:00+01:00,4475.22
2024-10-24 09:00:00+01:00,4456.23
2024-10-24 09:30:00+01:00,4473.86
2024-10-24 10:00:00+01:00,4443.89
2024-10-24 10:30:00+01:00,4445.33
2024-10-24 11:00:00+01:00,4423.08
2024-10-24 11:30:00+01:00,4374.17
2024-10-24 12:00:00+01:00,4340.58
2024-10-24 12:30:00+01:00,4329.43
2024-10-24 13:00:00+01:00,4328.53
2024-10-24 13:30:00+01:00,4267.38
2024-10-24 14:00:00+01:00,4264.69
2024-10-24 14:30:00+01:00,4291.54
2024-10-24 15:00:00+01:00,4311.69
2024-10-24 15:30:00+01:00,4362.64
2024-10-24 16:00:00+01:00,4412.8
2024-10-24 16:30:00+01:00,4514.1
2024-10-24 17:00:00+01:00,4585.79
2024-10-24 17:30:00+01:00,4711.08
2024-10-24 18:00:00+01:00,4753.91
2024-10-24 18:30:00+01:00,4784.77
2024-10-24 19:00:00+01:00,4756.12
2024-10-24 19:30:00+01:00,4659.66
2024-10-24 20:00:00+01:00,4567.63
2024-10-24 20:30:00+01:00,4445.32
2024-10-24 21:00:00+01:00,4332.6
2024-10-24 21:30:00+01:00,4165.5
2024-10-24 22:00:00+01:00,4000.92
2024-10-24 22:30:00+01:00,3823.16
2024-10-24 23:00:00+01:00,3621.83
2024-10-24 23:30:00+01:00,3505.04
2024-10-25 00:00:00+01:00,3408.68
2024-10-25 00:30:00+01:00,3387.29
2024-10-25 01:00:00+01:00,3316.25
2024-10-25 01:30:00+01:00,3227.31
2024-10-25 02:00:00+01:00,3141.94
2024-10-25 02:30:00+01:00,3177.01
2024-10-25 03:00:00+01:00,3160.31
2024-10-25 03:30:00+01:00,3137.91
2024-10-25 04:00:00+01:00,3116.36
2024-10-25 04:30:00+01:00,3126.14
2024-10-25 05:00:00+01:00,3141.67
2024-10-25 05:30:00+01:00,3177.0
2024-10-25 06:00:00+01:00,3295.7
2024-10-25 06:30:00+01:00,3514.41
2024-10-25 07:00:00+01:00,3803.35
2024-10-25 07:30:00+01:00,4169.32
2024-10-25 08:00:00+01:00,4352.12
2024-10-25 08:30:00+01:00,4399.22
2024-10-25 09:00:00+01:00,4450.57
2024-10-25 09:30:00+01:00,4503.92
2024-10-25 10:00:00+01:00,4484.03
2024-10-25 10:30:00+01:00,4437.87
2024-10-25 11:00:00+01:00,4462.97
2024-10-25 11:30:00+01:00,4428.98
2024-10-25 12:00:00+01:00,4440.85
2024-10-25 12:30:00+01:00,4419.51
2024-10-25 13:00:00+01:00,4411.19
2024-10-25 13:30:00+01:00,4343.42
2024-10-25 14:00:00+01:00,4287.29
2024-10-25 14:30:00+01:00,4246.56
2024-10-25 15:00:00+01:00,4204.09
2024-10-25 15:30:00+01:00,4219.98
2024-10-25 16:00:00+01:00,4265.92
2024-10-25 16:30:00+01:00,4322.89
2024-10-25 17:00:00+01:00,4406.71
2024-10-25 17:30:00+01:00,4444.86
2024-10-25 18:00:00+01:00,4514.43
2024-10-25 18:30:00+01:00,4592.37
2024-10-25 19:00:00+01:00,4600.94
2024-10-25 19:30:00+01:00,4516.69
2024-10-25 20:00:00+01:00,4411.34
2024-10-25 20:30:00+01:00,4328.69
2024-10-25 21:00:00+01:00,4207.75
2024-10-25 21:30:00+01:00,4048.94
2024-10-25 22:00:00+01:00,3926.49
2024-10-25 22:30:00+01:00,3760.59
2024-10-25 23:00:00+01:00,3621.59
2024-10-25 23:30:00+01:00,3542.55
2024-10-26 00:00:00+01:00,3468.47
2024-10-26 00:30:00+01:00,3428.17
2024-10-26 01:00:00+01:00,3325.51
2024-10-26 01:30:00+01:00,3276.61
2024-10-26 02:00:00+01:00,3243.72
2024-10-26 02:30:00+01:00,3274.59
2024-10-26 03:00:00+01:00,3225.48
2024-10-26 03:30:00+01:00,3205.45
2024-10-26 04:00:00+01:00,3160.61
2024-10-26 04:30:00+01:00,3140.38
2024-10-26 05:00:00+01:00,3115.59
2024-10-26 05:30:00+01:00,3135.86
2024-10-26 06:00:00+01:00,3163.48
2024-10-26 06:30:00+01:00,3233.22
2024-10-26 07:00:00+01:00,3347.78
2024-10-26 07:30:00+01:00,3508.77
2024-10-26 08:00:00+01:00,3639.74
2024-10-26 08:30:00+01:00,3793.69
2024-10-26 09:00:00+01:00,3919.95
2024-10-26 09:30:00+01:00,4011.86
2024-10-26 10:00:00+01:00,4028.03
2024-10-26 10:30:00+01:00,4048.33
2024-10-26 11:00:00+01:00,4073.09
2024-10-26 11:30:00+01:00,4030.23
2024-10-26 12:00:00+01:00,3997.73
2024-10-26 12:30:00+01:00,4024.05
2024-10-26 13:00:00+01:00,4028.5
2024-10-26 13:30:00+01:00,4046.85
2024-10-26 14:00:00+01:00,4005.4
2024-10-26 14:30:00+01:00,3949.55
2024-10-26 15:00:00+01:00,3911.26
2024-10-26 15:30:00+01:00,3927.08
2024-10-26 16:00:00+01:00,3964.18
2024-10-26 16:30:00+01:00,3996.05
2024-10-26 17:00:00+01:00,4056.31
2024-10-26 17:30:00+01:00,4215.13
2024-10-26 18:00:00+01:00,4309.3
2024-10-26 18:30:00+01:00,4369.03
2024-10-26 19:00:00+01:00,4338.95
2024-10-26 19:30:00+01:00,4227.18
2024-10-26 20:00:00+01:00,4118.86
2024-10-26 20:30:00+01:00,4056.09
2024-10-26 21:00:00+01:00,3955.79
2024-10-26 21:30:00+01:00,3847.9
2024-10-26 22:00:00+01:00,3734.61
2024-10-26 22:30:00+01:00,3628.88
2024-10-26 23:00:00+01:00,3517.11
2024-10-26 23:30:00+01:00,3444.72
2024-10-27 01:00:00+00:00,3281.0
2024-10-27 01:30:00+00:00,3231.85
2024-10-27 02:00:00+00:00,3114.37
2024-10-27 02:30:00+00:00,3133.95
2024-10-27 03:00:00+00:00,3099.63
2024-10-27 03:30:00+00:00,3073.96
2024-10-27 04:00:00+00:00,3046.74
2024-10-27 04:30:00+00:00,3034.07
2024-10-27 05:00:00+00:00,3017.97
2024-10-27 05:30:00+00:00,3025.46
2024-10-27 06:00:00+00:00,3052.13
2024-10-27 06:30:00+00:00,3109.74
2024-10-27 07:00:00+00:00,3189.83
2024-10-27 07:30:00+00:00,3273.71
2024-10-27 08:00:00+00:00,3430.31
2024-10-27 08:30:00+00:00,3598.01
2024-10-27 09:00:00+00:00,3731.8
2024-10-27 09:30:00+00:00,3819.0
2024-10-27 10:00:00+00:00,3900.11
2024-10-27 10:30:00+00:00,3940.33
2024-10-27 11:00:00+00:00,3954.47
2024-10-27 11:30:00+00:00,3972.11
2024-10-27 12:00:00+00:00,4017.35
2024-10-27 12:30:00+00:00,4060.78
2024-10-27 13:00:00+00:00,4081.81
2024-10-27 13:30:00+00:00,4074.69
2024-10-27 14:00:00+00:00,4043.36
2024-10-27 14:30:00+00:00,4015.38
2024-10-27 15:00:00+00:00,4027.47
2024-10-27 15:30:00+00:00,4043.0
2024-10-27 16:00:00+00:00,4079.52
2024-10-27 16:30:00+00:00,4152.13
2024-10-27 17:00:00+00:00,4205.7
2024-10-27 17:30:00+00:00,4331.13
2024-10-27 18:00:00+00:00,4307.3
2024-10-27 18:30:00+00:00,4202.3
2024-10-27 19:00:00+00:00,4108.93
2024-10-27 19:30:00+00:00,4010.14
2024-10-27 20:00:00+00:00,3904.63
2024-10-27 20:30:00+00:00,3818.04
2024-10-27 21:00:00+00:00,3712.27
2024-10-27 21:30:00+00:00,3607.08
2024-10-27 22:00:00+00:00,3466.56
2024-10-27 22:30:00+00:00,3374.46
2024-10-27 23:00:00+00:00,3305.71
2024-10-27 23:30:00+00:00,3286.31
2024-10-28 00:00:00+00:00,3186.69
2024-10-28 00:30:00+00:00,3141.68
2024-10-28 01:00:00+00:00,3073.58
2024-10-28 01:30:00+00:00,3040.92
2024-10-28 02:00:00+00:00,2999.08
2024-10-28 02:30:00+00:00,3017.89
2024-10-28 03:00:00+00:00,3000.33
2024-10-28 03:30:00+00:00,2963.92
2024-10-28 04:00:00+00:00,2921.84
2024-10-28 04:30:00+00:00,2909.28
2024-10-28 05:00:00+00:00,2900.19
2024-10-28 05:30:00+00:00,2947.53
2024-10-28 06:00:00+00:00,2997.64
2024-10-28 06:30:00+00:00,3098.53
2024-10-28 07:00:00+00:00,3192.49
2024-10-28 07:30:00+00:00,3280.66
2024-10-28 08:00:00+00:00,3393.94
2024-10-28 08:30:00+00:00,3513.43
2024-10-28 09:00:00+00:00,3629.13
2024-10-28 09:30:00+00:00,3760.85
2024-10-28 10:00:00+00:00,3832.37
2024-10-28 10:30:00+00:00,3881.68
2024-10-28 11:00:00+00:00,3880.55
2024-10-28 11:30:00+00:00,3864.9
2024-10-28 12:00:00+00:00,3906.33
2024-10-28 12:30:00+00:00,3923.86
2024-10-28 13:00:00+00:00,3896.89
2024-10-28 13:30:00+00:00,3868.45
2024-10-28 14:00:00+00:00,3841.81
2024-10-28 14:30:00+00:00,3844.34
2024-10-28 15:00:00+00:00,3863.8
2024-10-28 15:30:00+00:00,3894.61
2024-10-28 16:00:00+00:00,3956.08
2024-10-28 16:30:00+00:00,4060.51
2024-10-28 17:00:00+00:00,4207.56
2024-10-28 17:30:00+00:00,4450.16
2024-10-28 18:00:00+00:00,4524.54
2024-10-28 18:30:00+00:00,4455.86
2024-10-28 19:00:00+00:00,4352.65
2024-10-28 19:30:00+00:00,4249.02
2024-10-28 20:00:00+00:00,4135.88
2024-10-28 20:30:00+00:00,4022.35
2024-10-28 21:00:00+00:00,3932.17
2024-10-28 21:30:00+00:00,3803.21
2024-10-28 22:00:00+00:00,3656.93
2024-10-28 22:30:00+00:00,3524.6
2024-10-28 23:00:00+00:00,3435.6
2024-10-28 23:30:00+00:00,3391.77
2024-10-29 00:00:00+00:00,3294.71
2024-10-29 00:30:00+00:00,3230.42
2024-10-29 01:00:00+00:00,3149.69
2024-10-29 01:30:00+00:00,3099.2
2024-10-29 02:00:00+00:00,3078.54
2024-10-29 02:30:00+00:00,3129.56
2024-10-29 03:00:00+00:00,3078.44
2024-10-29 03:30:00+00:00,3061.86
2024-10-29 04:00:00+00:00,3024.72
2024-10-29 04:30:00+00:00,3039.92
2024-10-29 05:00:00+00:00,3048.87
2024-10-29 05:30:00+00:00,3111.57
2024-10-29 06:00:00+00:00,3264.94
2024-10-29 06:30:00+00:00,3489.94
2024-10-29 07:00:00+00:00,3723.96
2024-10-29 07:30:00+00:00,3948.85
2024-10-29 08:00:00+00:00,4125.3
2024-10-29 08:30:00+00:00,4310.64
2024-10-29 09:00:00+00:00,4399.31
2024-10-29 09:30:00+00:00,4451.32
2024-10-29 10:00:00+00:00,4426.97
2024-10-29 10:30:00+00:00,4437.0
2024-10-29 11:00:00+00:00,4444.01
2024-10-29 11:30:00+00:00,4438.47
2024-10-29 12:00:00+00:00,4432.5
2024-10-29 12:30:00+00:00,4460.04
2024-10-29 13:00:00+00:00,4472.03
2024-10-29 13:30:00+00:00,4418.74
2024-10-29 14:00:00+00:00,4410.99
2024-10-29 14:30:00+00:00,4434.51
2024-10-29 15:00:00+00:00,4447.83
2024-10-29 15:30:00+00:00,4496.39
2024-10-29 16:00:00+00:00,4559.13
2024-10-29 16:30:00+00:00,4655.24
2024-10-29 17:00:00+00:00,4787.1
2024-10-29 17:30:00+00:00,4993.94
2024-10-29 18:00:00+00:00,5018.23
2024-10-29 18:30:00+00:00,4918.75
2024-10-29 19:00:00+00:00,4803.13
2024-10-29 19:30:00+00:00,4699.76
2024-10-29 20:00:00+00:00,4565.72
2024-10-29 20:30:00+00:00,4463.6
2024-10-29 21:00:00+00:00,4335.69
2024-10-29 21:30:00+00:00,4181.75
2024-10-29 22:00:00+00:00,4003.21
2024-10-29 22:30:00+00:00,3851.9
2024-10-29 23:00:00+00:00,3693.36
2024-10-29 23:30:00+00:00,3638.7
2024-10-30 00:00:00+00:00,3522.09
2024-10-30 00:30:00+00:00,3456.98
2024-10-30 01:00:00+00:00,3364.71
2024-10-30 01:30:00+00:00,3299.98
2024-10-30 02:00:00+00:00,3251.04
2024-10-30 02:30:00+00:00,3284.21
2024-10-30 03:00:00+00:00,3245.43
2024-10-30 03:30:00+00:00,3222.13
2024-10-30 04:00:00+00:00,3202.9
2024-10-30 04:30:00+00:00,3179.84
2024-10-30 05:00:00+00:00,3195.71
2024-10-30 05:30:00+00:00,3239.58
2024-10-30 06:00:00+00:00,3383.24
2024-10-30 06:30:00+00:00,3599.6
2024-10-30 07:00:00+00:00,3824.71
2024-10-30 07:30:00+00:00,4051.13
2024-10-30 08:00:00+00:00,4232.26
2024-10-30 08:30:00+00:00,4398.43
2024-10-30 09:00:00+00:00,4468.1
2024-10-30 09:30:00+00:00,4499.27
2024-10-30 10:00:00+00:00,4469.24
2024-10-30 10:30:00+00:00,4452.53
2024-10-30 11:00:00+00:00,4462.62
2024-10-30 11:30:00+00:00,4453.56
2024-10-30 12:00:00+00:00,4434.59
2024-10-30 12:30:00+00:00,4463.28
2024-10-30 13:00:00+00:00,4460.17
2024-10-30 13:30:00+00:00,4410.49
2024-10-30 14:00:00+00:00,4400.52
2024-10-30 14:30:00+00:00,4434.53
2024-10-30 15:00:00+00:00,4432.52
2024-10-30 15:30:00+00:00,4467.38
2024-10-30 16:00:00+00:00,4508.25
2024-10-30 16:30:00+00:00,4616.23
2024-10-30 17:00:00+00:00,4734.14
2024-10-30 17:30:00+00:00,4923.08
2024-10-30 18:00:00+00:00,4925.28
2024-10-30 18:30:00+00:00,4837.17
2024-10-30 19:00:00+00:00,4719.01
2024-10-30 19:30:00+00:00,4617.21
2024-10-30 20:00:00+00:00,4505.13
2024-10-30 20:30:00+00:00,4386.63
2024-10-30 21:00:00+00:00,4283.94
2024-10-30 21:30:00+00:00,4124.78
2024-10-30 22:00:00+00:00,3965.25
2024-10-30 22:30:00+00:00,3803.06
2024-10-30 23:00:00+00:00,3684.71
2024-10-30 23:30:00+00:00,3633.17
2024-10-31 00:00:00+00:00,3525.33
2024-10-31 00:30:00+00:00,3444.76
2024-10-31 01:00:00+00:00,3369.01
2024-10-31 01:30:00+00:00,3295.2
2024-10-31 02:00:00+00:00,3246.26
2024-10-31 02:30:00+00:00,3294.13
2024-10-31 03:00:00+00:00,3242.45
2024-10-31 03:30:00+00:00,3220.55
2024-10-31 04:00:00+00:00,3164.6
2024-10-31 04:30:00+00:00,3143.92
2024-10-31 05:00:00+00:00,3160.45
2024-10-31 05:30:00+00:00,3233.47
2024-10-31 06:00:00+00:00,3390.41
2024-10-31 06:30:00+00:00,3580.37
2024-10-31 07:00:00+00:00,3807.74
2024-10-31 07:30:00+00:00,4029.12
2024-10-31 08:00:00+00:00,4200.07
2024-10-31 08:30:00+00:00,4372.15
2024-10-31 09:00:00+00:00,4462.68
2024-10-31 09:30:00+00:00,4493.31
2024-10-31 10:00:00+00:00,4470.76
2024-10-31 10:30:00+00:00,4455.83
2024-10-31 11:00:00+00:00,4503.83
2024-10-31 11:30:00+00:00,4487.19
2024-10-31 12:00:00+00:00,4481.04
2024-10-31 12:30:00+00:00,4509.95
2024-10-31 13:00:00+00:00,4522.94
2024-10-31 13:30:00+00:00,4481.7
2024-10-31 14:00:00+00:00,4448.16
2024-10-31 14:30:00+00:00,4425.98
2024-10-31 15:00:00+00:00,4454.82
2024-10-31 15:30:00+00:00,4489.6
2024-10-31 16:00:00+00:00,4553.86
2024-10-31 16:30:00+00:00,4615.94
2024-10-31 17:00:00+00:00,4696.21
2024-10-31 17:30:00+00:00,4795.01
2024-10-31 18:00:00+00:00,4723.79
2024-10-31 18:30:00+00:00,4613.38
2024-10-31 19:00:00+00:00,4513.73
2024-10-31 19:30:00+00:00,4432.11
2024-10-31 20:00:00+00:00,4321.37
2024-10-31 20:30:00+00:00,4257.21
2024-10-31 21:00:00+00:00,4167.63
2024-10-31 21:30:00+00:00,4051.34
2024-10-31 22:00:00+00:00,3909.19
2024-10-31 22:30:00+00:00,3748.64
2024-10-31 23:00:00+00:00,3652.11
2024-10-31 23:30:00+00:00,3621.46
2024-11-01 00:00:00+00:00,3514.24
2024-11-01 00:30:00+00:00,3474.04
2024-11-01 01:00:00+00:00,3371.74
2024-11-01 01:30:00+00:00,3316.16
2024-11-01 02:00:00+00:00,3251.83
2024-11-01 02:30:00+00:00,3285.66
2024-11-01 03:00:00+00:00,3256.35
2024-11-01 03:30:00+00:00,3242.52
2024-11-01 04:00:00+00:00,3214.02
2024-11-01 04:30:00+00:00,3195.85
2024-11-01 05:00:00+00:00,3198.13
2024-11-01 05:30:00+00:00,3258.64
2024-11-01 06:00:00+00:00,3370.18
2024-11-01 06:30:00+00:00,3578.38
2024-11-01 07:00:00+00:00,3787.69
2024-11-01 07:30:00+00:00,4003.97
2024-11-01 08:00:00+00:00,4153.55
2024-11-01 08:30:00+00:00,4298.0
2024-11-01 09:00:00+00:00,4411.86
2024-11-01 09:30:00+00:00,4469.58
2024-11-01 10:00:00+00:00,4452.25
2024-11-01 10:30:00+00:00,4458.75
2024-11-01 11:00:00+00:00,4466.79
2024-11-01 11:30:00+00:00,4464.79
2024-11-01 12:00:00+00:00,4460.22
2024-11-01 12:30:00+00:00,4487.38
2024-11-01 13:00:00+00:00,4481.16
2024-11-01 13:30:00+00:00,4443.48
2024-11-01 14:00:00+00:00,4413.78
2024-11-01 14:30:00+00:00,4408.32
2024-11-01 15:00:00+00:00,4419.34
2024-11-01 15:30:00+00:00,4419.92
2024-11-01 16:00:00+00:00,4453.31
2024-11-01 16:30:00+00:00,4524.09
2024-11-01 17:00:00+00:00,4660.11
2024-11-01 17:30:00+00:00,4827.91
2024-11-01 18:00:00+00:00,4837.67
2024-11-01 18:30:00+00:00,4757.02
2024-11-01 19:00:00+00:00,4645.38
2024-11-01 19:30:00+00:00,4534.51
2024-11-01 20:00:00+00:00,4417.14
2024-11-01 20:30:00+00:00,4300.1
2024-11-01 21:00:00+00:00,4246.09
2024-11-01 21:30:00+00:00,4096.44
2024-11-01 22:00:00+00:00,3969.04
2024-11-01 22:30:00+00:00,3830.91
2024-11-01 23:00:00+00:00,3708.35
2024-11-01 23:30:00+00:00,3678.31
2024-11-02 00:00:00+00:00,3557.23
2024-11-02 00:30:00+00:00,3480.1
2024-11-02 01:00:00+00:00,3381.95
2024-11-02 01:30:00+00:00,3311.39
2024-11-02 02:00:00+00:00,3248.43
2024-11-02 02:30:00+00:00,3283.86
2024-11-02 03:00:00+00:00,3230.03
2024-11-02 03:30:00+00:00,3200.39
2024-11-02 04:00:00+00:00,3160.76
2024-11-02 04:30:00+00:00,3129.68
2024-11-02 05:00:00+00:00,3124.29
2024-11-02 05:30:00+00:00,3138.65
2024-11-02 06:00:00+00:00,3196.92
2024-11-02 06:30:00+00:00,3305.57
2024-11-02 07:00:00+00:00,3411.41
2024-11-02 07:30:00+00:00,3538.87
2024-11-02 08:00:00+00:00,3648.03
2024-11-02 08:30:00+00:00,3787.03
2024-11-02 09:00:00+00:00,3896.12
2024-11-02 09:30:00+00:00,4015.77
2024-11-02 10:00:00+00:00,4063.36
2024-11-02 10:30:00+00:00,4098.35
2024-11-02 11:00:00+00:00,4111.25
2024-11-02 11:30:00+00:00,4139.32
2024-11-02 12:00:00+00:00,4143.5
2024-11-02 12:30:00+00:00,4180.55
2024-11-02 13:00:00+00:00,4168.09
2024-11-02 13:30:00+00:00,4165.5
2024-11-02 14:00:00+00:00,4123.45
2024-11-02 14:30:00+00:00,4135.82
2024-11-02 15:00:00+00:00,4161.09
2024-11-02 15:30:00+00:00,4185.67
2024-11-02 16:00:00+00:00,4233.61
2024-11-02 16:30:00+00:00,4322.91
2024-11-02 17:00:00+00:00,4495.9
2024-11-02 17:30:00+00:00,4648.3
2024-11-02 18:00:00+00:00,4642.47
2024-11-02 18:30:00+00:00,4545.35
2024-11-02 19:00:00+00:00,4409.33
2024-11-02 19:30:00+00:00,4305.65
2024-11-02 20:00:00+00:00,4190.58
2024-11-02 20:30:00+00:00,4087.4
2024-11-02 21:00:00+00:00,3973.07
2024-11-02 21:30:00+00:00,3868.02
2024-11-02 22:00:00+00:00,3751.58
2024-11-02 22:30:00+00:00,3632.18
2024-11-02 23:00:00+00:00,3539.44
2024-11-02 23:30:00+00:00,3517.99
2024-11-03 00:00:00+00:00,3442.61
2024-11-03 00:30:00+00:00,3361.6
2024-11-03 01:00:00+00:00,3251.77
2024-11-03 01:30:00+00:00,3195.8
2024-11-03 02:00:00+00:00,3146.5
2024-11-03 02:30:00+00:00,3162.95
2024-11-03 03:00:00+00:00,3119.84
2024-11-03 03:30:00+00:00,3100.62
2024-11-03 04:00:00+00:00,3058.04
2024-11-03 04:30:00+00:00,3032.07
2024-11-03 05:00:00+00:00,3000.74
2024-11-03 05:30:00+00:00,2996.02
2024-11-03 06:00:00+00:00,3037.34
2024-11-03 06:30:00+00:00,3082.2
2024-11-03 07:00:00+00:00,3154.79
2024-11-03 07:30:00+00:00,3237.56
2024-11-03 08:00:00+00:00,3304.66
2024-11-03 08:30:00+00:00,3417.97
2024-11-03 09:00:00+00:00,3553.12
2024-11-03 09:30:00+00:00,3681.33
2024-11-03 10:00:00+00:00,3811.61
2024-11-03 10:30:00+00:00,3896.83
2024-11-03 11:00:00+00:00,3952.07
2024-11-03 11:30:00+00:00,4008.79
2024-11-03 12:00:00+00:00,4033.6
2024-11-03 12:30:00+00:00,4090.65
2024-11-03 13:00:00+00:00,4115.18
2024-11-03 13:30:00+00:00,4110.52
2024-11-03 14:00:00+00:00,4074.75
2024-11-03 14:30:00+00:00,4053.02
2024-11-03 15:00:00+00:00,4052.28
2024-11-03 15:30:00+00:00,4073.81
2024-11-03 16:00:00+00:00,4128.06
2024-11-03 16:30:00+00:00,4235.98
2024-11-03 17:00:00+00:00,4395.78
2024-11-03 17:30:00+00:00,4571.95
2024-11-03 18:00:00+00:00,4565.11
2024-11-03 18:30:00+00:00,4510.29
2024-11-03 19:00:00+00:00,4434.05
2024-11-03 19:30:00+00:00,4337.34
2024-11-03 20:00:00+00:00,4221.24
2024-11-03 20:30:00+00:00,4112.4
2024-11-03 21:00:00+00:00,3996.95
2024-11-03 21:30:00+00:00,3858.56
2024-11-03 22:00:00+00:00,3713.33
2024-11-03 22:30:00+00:00,3575.66
2024-11-03 23:00:00+00:00,3437.17
2024-11-03 23:30:00+00:00,3411.24
2024-11-04 00:00:00+00:00,3303.91
2024-11-04 00:30:00+00:00,3241.51
2024-11-04 01:00:00+00:00,3163.25
2024-11-04 01:30:00+00:00,3107.22
2024-11-04 02:00:00+00:00,3063.25
2024-11-04 02:30:00+00:00,3109.13
2024-11-04 03:00:00+00:00,3069.83
2024-11-04 03:30:00+00:00,3046.25
2024-11-04 04:00:00+00:00,3022.26
2024-11-04 04:30:00+00:00,3018.04
2024-11-04 05:00:00+00:00,3033.77
2024-11-04 05:30:00+00:00,3106.3
2024-11-04 06:00:00+00:00,3243.05
2024-11-04 06:30:00+00:00,3486.36
2024-11-04 07:00:00+00:00,3789.17
2024-11-04 07:30:00+00:00,4129.25
2024-11-04 08:00:00+00:00,4273.62
2024-11-04 08:30:00+00:00,4365.74
2024-11-04 09:00:00+00:00,4420.82
2024-11-04 09:30:00+00:00,4473.2
2024-11-04 10:00:00+00:00,4459.12
2024-11-04 10:30:00+00:00,4455.6
2024-11-04 11:00:00+00:00,4455.52
2024-11-04 11:30:00+00:00,4452.64
2024-11-04 12:00:00+00:00,4432.95
2024-11-04 12:30:00+00:00,4455.62
2024-11-04 13:00:00+00:00,4457.39
2024-11-04 13:30:00+00:00,4405.29
2024-11-04 14:00:00+00:00,4418.45
2024-11-04 14:30:00+00:00,4446.12
2024-11-04 15:00:00+00:00,4483.53
2024-11-04 15:30:00+00:00,4536.31
2024-11-04 16:00:00+00:00,4573.82
2024-11-04 16:30:00+00:00,4710.68
2024-11-04 17:00:00+00:00,4872.13
2024-11-04 17:30:00+00:00,5022.41
2024-11-04 18:00:00+00:00,5040.29
2024-11-04 18:30:00+00:00,4909.84
2024-11-04 19:00:00+00:00,4786.89
2024-11-04 19:30:00+00:00,4685.05
2024-11-04 20:00:00+00:00,4574.78
2024-11-04 20:30:00+00:00,4473.69
2024-11-04 21:00:00+00:00,4361.38
2024-11-04 21:30:00+00:00,4205.96
2024-11-04 22:00:00+00:00,3999.66
2024-11-04 22:30:00+00:00,3814.75
2024-11-04 23:00:00+00:00,3616.92
2024-11-04 23:30:00+00:00,3577.22
2024-11-05 00:00:00+00:00,3453.01
2024-11-05 00:30:00+00:00,3358.87
2024-11-05 01:00:00+00:00,3301.29
2024-11-05 01:30:00+00:00,3268.15
2024-11-05 02:00:00+00:00,3231.06
2024-11-05 02:30:00+00:00,3269.8
2024-11-05 03:00:00+00:00,3224.34
2024-11-05 03:30:00+00:00,3189.37
2024-11-05 04:00:00+00:00,3149.2
2024-11-05 04:30:00+00:00,3113.92
2024-11-05 05:00:00+00:00,3113.94
2024-11-05 05:30:00+00:00,3186.11
2024-11-05 06:00:00+00:00,3328.55
2024-11-05 06:30:00+00:00,3539.22
2024-11-05 07:00:00+00:00,3829.74
2024-11-05 07:30:00+00:00,4148.8
2024-11-05 08:00:00+00:00,4294.3
2024-11-05 08:30:00+00:00,4339.18
2024-11-05 09:00:00+00:00,4373.84
2024-11-05 09:30:00+00:00,4422.0
2024-11-05 10:00:00+00:00,4402.14
2024-11-05 10:30:00+00:00,4427.79
2024-11-05 11:00:00+00:00,4421.01
2024-11-05 11:30:00+00:00,4411.05
2024-11-05 12:00:00+00:00,4423.9
2024-11-05 12:30:00+00:00,4440.17
2024-11-05 13:00:00+00:00,4458.26
2024-11-05 13:30:00+00:00,4404.36
2024-11-05 14:00:00+00:00,4389.82
2024-11-05 14:30:00+00:00,4416.36
2024-11-05 15:00:00+00:00,4447.73
2024-11-05 15:30:00+00:00,4471.13
2024-11-05 16:00:00+00:00,4551.14
2024-11-05 16:30:00+00:00,4707.86
2024-11-05 17:00:00+00:00,4874.81
2024-11-05 17:30:00+00:00,5007.34
2024-11-05 18:00:00+00:00,4997.23
2024-11-05 18:30:00+00:00,4915.26
2024-11-05 19:00:00+00:00,4778.31
2024-11-05 19:30:00+00:00,4695.07
2024-11-05 20:00:00+00:00,4576.12
2024-11-05 20:30:00+00:00,4480.06
2024-11-05 21:00:00+00:00,4406.01
2024-11-05 21:30:00+00:00,4191.5
2024-11-05 22:00:00+00:00,4031.65
2024-11-05 22:30:00+00:00,3878.04
2024-11-05 23:00:00+00:00,3690.62
2024-11-05 23:30:00+00:00,3649.85
2024-11-06 00:00:00+00:00,3527.52
2024-11-06 00:30:00+00:00,3459.13
2024-11-06 01:00:00+00:00,3371.14
2024-11-06 01:30:00+00:00,3275.73
2024-11-06 02:00:00+00:00,3227.11
2024-11-06 02:30:00+00:00,3285.57
2024-11-06 03:00:00+00:00,3273.74
2024-11-06 03:30:00+00:00,3215.68
2024-11-06 04:00:00+00:00,3184.78
2024-11-06 04:30:00+00:00,3185.34
2024-11-06 05:00:00+00:00,3156.86
2024-11-06 05:30:00+00:00,3213.58
2024-11-06 06:00:00+00:00,3320.1
2024-11-06 06:30:00+00:00,3550.23
2024-11-06 07:00:00+00:00,3802.49
2024-11-06 07:30:00+00:00,4117.08
2024-11-06 08:00:00+00:00,4258.66
2024-11-06 08:30:00+00:00,4325.2
2024-11-06 09:00:00+00:00,4344.98
2024-11-06 09:30:00+00:00,4369.41
2024-11-06 10:00:00+00:00,4344.28
2024-11-06 10:30:00+00:00,4304.76
2024-11-06 11:00:00+00:00,4323.65
2024-11-06 11:30:00+00:00,4286.2
2024-11-06 12:00:00+00:00,4296.81
2024-11-06 12:30:00+00:00,4313.19
2024-11-06 13:00:00+00:00,4336.7
2024-11-06 13:30:00+00:00,4274.41
2024-11-06 14:00:00+00:00,4302.6
2024-11-06 14:30:00+00:00,4329.03
2024-11-06 15:00:00+00:00,4381.78
2024-11-06 15:30:00+00:00,4432.57
2024-11-06 16:00:00+00:00,4489.99
2024-11-06 16:30:00+00:00,4627.25
2024-11-06 17:00:00+00:00,4813.09
2024-11-06 17:30:00+00:00,4927.71
2024-11-06 18:00:00+00:00,4918.56
2024-11-06 18:30:00+00:00,4806.35
2024-11-06 19:00:00+00:00,4701.39
2024-11-06 19:30:00+00:00,4634.64
2024-11-06 20:00:00+00:00,4521.04
2024-11-06 20:30:00+00:00,4397.46
2024-11-06 21:00:00+00:00,4271.93
2024-11-06 21:30:00+00:00,4118.14
2024-11-06 22:00:00+00:00,3972.48
2024-11-06 22:30:00+00:00,3791.61
2024-11-06 23:00:00+00:00,3633.91
2024-11-06 23:30:00+00:00,3589.87
2024-11-07 00:00:00+00:00,3463.31
2024-11-07 00:30:00+00:00,3386.77
2024-11-07 01:00:00+00:00,3299.91
2024-11-07 01:30:00+00:00,3249.26
2024-11-07 02:00:00+00:00,3167.65
2024-11-07 02:30:00+00:00,3234.94
2024-11-07 03:00:00+00:00,3176.81
2024-11-07 03:30:00+00:00,3151.36
2024-11-07 04:00:00+00:00,3149.27
2024-11-07 04:30:00+00:00,3112.16
2024-11-07 05:00:00+00:00,3111.03
2024-11-07 05:30:00+00:00,3205.58
2024-11-07 06:00:00+00:00,3320.98
2024-11-07 06:30:00+00:00,3545.1
2024-11-07 07:00:00+00:00,3829.82
2024-11-07 07:30:00+00:00,4127.44
2024-11-07 08:00:00+00:00,4266.98
2024-11-07 08:30:00+00:00,4326.78
2024-11-07 09:00:00+00:00,4347.58
2024-11-07 09:30:00+00:00,4378.87
2024-11-07 10:00:00+00:00,4330.49
2024-11-07 10:30:00+00:00,4349.92
2024-11-07 11:00:00+00:00,4324.9
2024-11-07 11:30:00+00:00,4353.59
2024-11-07 12:00:00+00:00,4345.09
2024-11-07 12:30:00+00:00,4371.06
2024-11-07 13:00:00+00:00,4397.98
2024-11-07 13:30:00+00:00,4318.77
2024-11-07 14:00:00+00:00,4317.12
2024-11-07 14:30:00+00:00,4307.88
2024-11-07 15:00:00+00:00,4314.89
2024-11-07 15:30:00+00:00,4408.59
2024-11-07 16:00:00+00:00,4472.7
2024-11-07 16:30:00+00:00,4631.07
2024-11-07 17:00:00+00:00,4808.03
2024-11-07 17:30:00+00:00,4926.15
2024-11-07 18:00:00+00:00,4929.84
2024-11-07 18:30:00+00:00,4825.58
2024-11-07 19:00:00+00:00,4715.22
2024-11-07 19:30:00+00:00,4632.68
2024-11-07 20:00:00+00:00,4516.9
2024-11-07 20:30:00+00:00,4431.38
2024-11-07 21:00:00+00:00,4317.2
2024-11-07 21:30:00+00:00,4124.98
2024-11-07 22:00:00+00:00,3978.31
2024-11-07 22:30:00+00:00,3823.07
2024-11-07 23:00:00+00:00,3687.6
2024-11-07 23:30:00+00:00,3636.53
2024-11-08 00:00:00+00:00,3542.64
2024-11-08 00:30:00+00:00,3429.72
2024-11-08 01:00:00+00:00,3317.6
2024-11-08 01:30:00+00:00,3282.06
2024-11-08 02:00:00+00:00,3226.82
2024-11-08 02:30:00+00:00,3279.7
2024-11-08 03:00:00+00:00,3228.9
2024-11-08 03:30:00+00:00,3196.72
2024-11-08 04:00:00+00:00,3214.65
2024-11-08 04:30:00+00:00,3224.0
2024-11-08 05:00:00+00:00,3223.28
2024-11-08 05:30:00+00:00,3277.88
2024-11-08 06:00:00+00:00,3401.13
2024-11-08 06:30:00+00:00,3593.12
2024-11-08 07:00:00+00:00,3893.66
2024-11-08 07:30:00+00:00,4200.4
2024-11-08 08:00:00+00:00,4330.51
2024-11-08 08:30:00+00:00,4372.61
2024-11-08 09:00:00+00:00,4452.39
2024-11-08 09:30:00+00:00,4492.1
2024-11-08 10:00:00+00:00,4458.87
2024-11-08 10:30:00+00:00,4470.6
2024-11-08 11:00:00+00:00,4449.61
2024-11-08 11:30:00+00:00,4444.34
2024-11-08 12:00:00+00:00,4438.31
2024-11-08 12:30:00+00:00,4443.55
2024-11-08 13:00:00+00:00,4448.0
2024-11-08 13:30:00+00:00,4409.37
2024-11-08 14:00:00+00:00,4421.01
2024-11-08 14:30:00+00:00,4414.16
2024-11-08 15:00:00+00:00,4434.27
2024-11-08 15:30:00+00:00,4454.0
2024-11-08 16:00:00+00:00,4530.11
2024-11-08 16:30:00+00:00,4613.99
2024-11-08 17:00:00+00:00,4808.39
2024-11-08 17:30:00+00:00,4913.96
2024-11-08 18:00:00+00:00,4902.5
2024-11-08 18:30:00+00:00,4803.35
2024-11-08 19:00:00+00:00,4686.23
2024-11-08 19:30:00+00:00,4563.4
2024-11-08 20:00:00+00:00,4441.72
2024-11-08 20:30:00+00:00,4308.85
2024-11-08 21:00:00+00:00,4218.43
2024-11-08 21:30:00+00:00,4054.3
2024-11-08 22:00:00+00:00,3920.26
2024-11-08 22:30:00+00:00,3807.95
2024-11-08 23:00:00+00:00,3672.38
2024-11-08 23:30:00+00:00,3654.01
2024-11-09 00:00:00+00:00,3540.86
2024-11-09 00:30:00+00:00,3467.38
2024-11-09 01:00:00+00:00,3371.01
2024-11-09 01:30:00+00:00,3287.33
2024-11-09 02:00:00+00:00,3235.49
2024-11-09 02:30:00+00:00,3279.91
2024-11-09 03:00:00+00:00,3221.42
2024-11-09 03:30:00+00:00,3182.45
2024-11-09 04:00:00+00:00,3144.65
2024-11-09 04:30:00+00:00,3138.12
2024-11-09 05:00:00+00:00,3122.66
2024-11-09 05:30:00+00:00,3133.0
2024-11-09 06:00:00+00:00,3167.08
2024-11-09 06:30:00+00:00,3264.2
2024-11-09 07:00:00+00:00,3371.09
2024-11-09 07:30:00+00:00,3499.71
2024-11-09 08:00:00+00:00,3623.69
2024-11-09 08:30:00+00:00,3779.06
2024-11-09 09:00:00+00:00,3920.89
2024-11-09 09:30:00+00:00,4033.49
2024-11-09 10:00:00+00:00,4095.45
2024-11-09 10:30:00+00:00,4133.33
2024-11-09 11:00:00+00:00,4133.1
2024-11-09 11:30:00+00:00,4169.71
2024-11-09 12:00:00+00:00,4172.06
2024-11-09 12:30:00+00:00,4203.08
2024-11-09 13:00:00+00:00,4192.32
2024-11-09 13:30:00+00:00,4150.2
2024-11-09 14:00:00+00:00,4110.65
2024-11-09 14:30:00+00:00,4100.84
2024-11-09 15:00:00+00:00,4102.71
2024-11-09 15:30:00+00:00,4132.95
2024-11-09 16:00:00+00:00,4198.71
2024-11-09 16:30:00+00:00,4320.72
2024-11-09 17:00:00+00:00,4493.42
2024-11-09 17:30:00+00:00,4616.94
2024-11-09 18:00:00+00:00,4597.4
2024-11-09 18:30:00+00:00,4504.2
2024-11-09 19:00:00+00:00,4393.9
2024-11-09 19:30:00+00:00,4258.69
2024-11-09 20:00:00+00:00,4162.55
2024-11-09 20:30:00+00:00,4051.89
2024-11-09 21:00:00+00:00,3969.76
2024-11-09 21:30:00+00:00,3854.98
2024-11-09 22:00:00+00:00,3724.79
2024-11-09 22:30:00+00:00,3628.83
2024-11-09 23:00:00+00:00,3520.01
2024-11-09 23:30:00+00:00,3494.79
2024-11-10 00:00:00+00:00,3411.72
2024-11-10 00:30:00+00:00,3342.41
2024-11-10 01:00:00+00:00,3274.49
2024-11-10 01:30:00+00:00,3208.8
2024-11-10 02:00:00+00:00,3143.14
2024-11-10 02:30:00+00:00,3165.66
2024-11-10 03:00:00+00:00,3127.86
2024-11-10 03:30:00+00:00,3092.52
2024-11-10 04:00:00+00:00,3063.02
2024-11-10 04:30:00+00:00,3050.02
2024-11-10 05:00:00+00:00,3030.06
2024-11-10 05:30:00+00:00,3015.93
2024-11-10 06:00:00+00:00,3033.05
2024-11-10 06:30:00+00:00,3090.17
2024-11-10 07:00:00+00:00,3180.31
2024-11-10 07:30:00+00:00,3290.74
2024-11-10 08:00:00+00:00,3355.51
2024-11-10 08:30:00+00:00,3458.29
2024-11-10 09:00:00+00:00,3587.4
2024-11-10 09:30:00+00:00,3726.01
2024-11-10 10:00:00+00:00,3815.83
2024-11-10 10:30:00+00:00,3877.8
2024-11-10 11:00:00+00:00,3928.53
2024-11-10 11:30:00+00:00,3943.47
2024-11-10 12:00:00+00:00,3963.2
2024-11-10 12:30:00+00:00,4001.79
2024-11-10 13:00:00+00:00,3998.23
2024-11-10 13:30:00+00:00,3981.42
2024-11-10 14:00:00+00:00,3954.15
2024-11-10 14:30:00+00:00,3940.37
2024-11-10 15:00:00+00:00,3926.22
2024-11-10 15:30:00+00:00,3972.12
2024-11-10 16:00:00+00:00,4044.91
2024-11-10 16:30:00+00:00,4179.48
2024-11-10 17:00:00+00:00,4388.3
2024-11-10 17:30:00+00:00,4569.11
2024-11-10 18:00:00+00:00,4559.85
2024-11-10 18:30:00+00:00,4505.2
2024-11-10 19:00:00+00:00,4457.85
2024-11-10 19:30:00+00:00,4382.84
2024-11-10 20:00:00+00:00,4271.88
2024-11-10 20:30:00+00:00,4182.75
2024-11-10 21:00:00+00:00,4064.05
2024-11-10 21:30:00+00:00,3925.58
2024-11-10 22:00:00+00:00,3776.93
2024-11-10 22:30:00+00:00,3638.43
2024-11-10 23:00:00+00:00,3514.53
2024-11-10 23:30:00+00:00,3483.0
2024-11-11 00:00:00+00:00,3386.77
2024-11-11 00:30:00+00:00,3315.92
2024-11-11 01:00:00+00:00,3221.04
2024-11-11 01:30:00+00:00,3182.05
2024-11-11 02:00:00+00:00,3155.42
2024-11-11 02:30:00+00:00,3203.55
2024-11-11 03:00:00+00:00,3177.57
2024-11-11 03:30:00+00:00,3158.58
2024-11-11 04:00:00+00:00,3138.52
2024-11-11 04:30:00+00:00,3132.21
2024-11-11 05:00:00+00:00,3154.58
2024-11-11 05:30:00+00:00,3212.28
2024-11-11 06:00:00+00:00,3360.14
2024-11-11 06:30:00+00:00,3616.85
2024-11-11 07:00:00+00:00,3932.98
2024-11-11 07:30:00+00:00,4300.73
2024-11-11 08:00:00+00:00,4433.67
2024-11-11 08:30:00+00:00,4511.62
2024-11-11 09:00:00+00:00,4548.16
2024-11-11 09:30:00+00:00,4602.61
2024-11-11 10:00:00+00:00,4559.93
2024-11-11 10:30:00+00:00,4520.05
2024-11-11 11:00:00+00:00,4505.77
2024-11-11 11:30:00+00:00,4460.04
2024-11-11 12:00:00+00:00,4451.9
2024-11-11 12:30:00+00:00,4461.47
2024-11-11 13:00:00+00:00,4466.26
2024-11-11 13:30:00+00:00,4399.8
2024-11-11 14:00:00+00:00,4393.17
2024-11-11 14:30:00+00:00,4407.88
2024-11-11 15:00:00+00:00,4431.88
2024-11-11 15:30:00+00:00,4527.71
2024-11-11 16:00:00+00:00,4647.19
2024-11-11 16:30:00+00:00,4935.83
2024-11-11 17:00:00+00:00,4986.11
2024-11-11 17:30:00+00:00,5186.87
2024-11-11 18:00:00+00:00,5169.6
2024-11-11 18:30:00+00:00,5069.11
2024-11-11 19:00:00+00:00,4955.64
2024-11-11 19:30:00+00:00,4889.18
2024-11-11 20:00:00+00:00,4764.99
2024-11-11 20:30:00+00:00,4659.63
2024-11-11 21:00:00+00:00,4586.75
2024-11-11 21:30:00+00:00,4427.13
2024-11-11 22:00:00+00:00,4241.37
2024-11-11 22:30:00+00:00,4011.13
2024-11-11 23:00:00+00:00,3856.39
2024-11-11 23:30:00+00:00,3807.17
2024-11-12 00:00:00+00:00,3673.35
2024-11-12 00:30:00+00:00,3590.21
2024-11-12 01:00:00+00:00,3498.01
2024-11-12 01:30:00+00:00,3445.95
2024-11-12 02:00:00+00:00,3427.4
2024-11-12 02:30:00+00:00,3479.51
2024-11-12 03:00:00+00:00,3432.01
2024-11-12 03:30:00+00:00,3414.39
2024-11-12 04:00:00+00:00,3365.48
2024-11-12 04:30:00+00:00,3357.23
2024-11-12 05:00:00+00:00,3362.24
2024-11-12 05:30:00+00:00,3418.76
2024-11-12 06:00:00+00:00,3560.09
2024-11-12 06:30:00+00:00,3824.04
2024-11-12 07:00:00+00:00,4110.91
2024-11-12 07:30:00+00:00,4480.89
2024-11-12 08:00:00+00:00,4625.61
2024-11-12 08:30:00+00:00,4702.59
2024-11-12 09:00:00+00:00,4754.93
2024-11-12 09:30:00+00:00,4799.03
2024-11-12 10:00:00+00:00,4761.37
2024-11-12 10:30:00+00:00,4729.44
2024-11-12 11:00:00+00:00,4693.35
2024-11-12 11:30:00+00:00,4659.18
2024-11-12 12:00:00+00:00,4621.61
2024-11-12 12:30:00+00:00,4629.8
2024-11-12 13:00:00+00:00,4585.22
2024-11-12 13:30:00+00:00,4537.15
2024-11-12 14:00:00+00:00,4519.65
2024-11-12 14:30:00+00:00,4537.7
2024-11-12 15:00:00+00:00,4578.89
2024-11-12 15:30:00+00:00,4655.01
2024-11-12 16:00:00+00:00,4743.57
2024-11-12 16:30:00+00:00,4899.79
2024-11-12 17:00:00+00:00,5125.68
2024-11-12 17:30:00+00:00,5285.15
2024-11-12 18:00:00+00:00,5277.06
2024-11-12 18:30:00+00:00,5199.08
2024-11-12 19:00:00+00:00,5102.89
2024-11-12 19:30:00+00:00,5024.73
2024-11-12 20:00:00+00:00,4919.31
2024-11-12 20:30:00+00:00,4815.43
2024-11-12 21:00:00+00:00,4685.27
2024-11-12 21:30:00+00:00,4501.23
2024-11-12 22:00:00+00:00,4293.54
2024-11-12 22:30:00+00:00,4101.45
2024-11-12 23:00:00+00:00,3924.91
2024-11-12 23:30:00+00:00,3877.67
2024-11-13 00:00:00+00:00,3747.08
2024-11-13 00:30:00+00:00,3668.8
2024-11-13 01:00:00+00:00,3561.35
2024-11-13 01:30:00+00:00,3515.43
2024-11-13 02:00:00+00:00,3466.84
2024-11-13 02:30:00+00:00,3505.72
2024-11-13 03:00:00+00:00,3465.92
2024-11-13 03:30:00+00:00,3443.55
2024-11-13 04:00:00+00:00,3413.46
2024-11-13 04:30:00+00:00,3374.98
2024-11-13 05:00:00+00:00,3404.24
2024-11-13 05:30:00+00:00,3477.96
2024-11-13 06:00:00+00:00,3625.32
2024-11-13 06:30:00+00:00,3867.65
2024-11-13 07:00:00+00:00,4181.31
2024-11-13 07:30:00+00:00,4537.58
2024-11-13 08:00:00+00:00,4673.44
2024-11-13 08:30:00+00:00,4736.66
2024-11-13 09:00:00+00:00,4758.32
2024-11-13 09:30:00+00:00,4792.34
2024-11-13 10:00:00+00:00,4771.02
2024-11-13 10:30:00+00:00,4734.28
2024-11-13 11:00:00+00:00,4703.78
2024-11-13 11:30:00+00:00,4672.03
2024-11-13 12:00:00+00:00,4647.39
2024-11-13 12:30:00+00:00,4643.2
2024-11-13 13:00:00+00:00,4630.0
2024-11-13 13:30:00+00:00,4583.66
2024-11-13 14:00:00+00:00,4602.25
2024-11-13 14:30:00+00:00,4611.4
2024-11-13 15:00:00+00:00,4661.7
2024-11-13 15:30:00+00:00,4731.23
2024-11-13 16:00:00+00:00,4805.27
2024-11-13 16:30:00+00:00,4977.95
2024-11-13 17:00:00+00:00,5169.2
2024-11-13 17:30:00+00:00,5304.01
2024-11-13 18:00:00+00:00,5284.42
2024-11-13 18:30:00+00:00,5176.97
2024-11-13 19:00:00+00:00,5043.55
2024-11-13 19:30:00+00:00,4964.8
2024-11-13 20:00:00+00:00,4834.79
2024-11-13 20:30:00+00:00,4732.14
2024-11-13 21:00:00+00:00,4586.54
2024-11-13 21:30:00+00:00,4409.9
2024-11-13 22:00:00+00:00,4200.13
2024-11-13 22:30:00+00:00,3989.99
2024-11-13 23:00:00+00:00,3840.81
2024-11-13 23:30:00+00:00,3788.3
2024-11-14 00:00:00+00:00,3628.14
2024-11-14 00:30:00+00:00,3575.03
2024-11-14 01:00:00+00:00,3484.27
2024-11-14 01:30:00+00:00,3407.6
2024-11-14 02:00:00+00:00,3368.92
2024-11-14 02:30:00+00:00,3407.61
2024-11-14 03:00:00+00:00,3356.22
2024-11-14 03:30:00+00:00,3336.42
2024-11-14 04:00:00+00:00,3299.98
2024-11-14 04:30:00+00:00,3280.4
2024-11-14 05:00:00+00:00,3286.82
2024-11-14 05:30:00+00:00,3329.91
2024-11-14 06:00:00+00:00,3485.04
2024-11-14 06:30:00+00:00,3722.54
2024-11-14 07:00:00+00:00,4020.47
2024-11-14 07:30:00+00:00,4365.08
2024-11-14 08:00:00+00:00,4522.15
2024-11-14 08:30:00+00:00,4556.74
2024-11-14 09:00:00+00:00,4585.83
2024-11-14 09:30:00+00:00,4629.89
2024-11-14 10:00:00+00:00,4637.79
2024-11-14 10:30:00+00:00,4624.25
2024-11-14 11:00:00+00:00,4631.0
2024-11-14 11:30:00+00:00,4640.3
2024-11-14 12:00:00+00:00,4620.29
2024-11-14 12:30:00+00:00,4646.8
2024-11-14 13:00:00+00:00,4635.68
2024-11-14 13:30:00+00:00,4574.96
2024-11-14 14:00:00+00:00,4585.83
2024-11-14 14:30:00+00:00,4598.87
2024-11-14 15:00:00+00:00,4619.53
2024-11-14 15:30:00+00:00,4668.68
2024-11-14 16:00:00+00:00,4724.62
2024-11-14 16:30:00+00:00,4878.66
2024-11-14 17:00:00+00:00,5058.78
2024-11-14 17:30:00+00:00,5165.34
2024-11-14 18:00:00+00:00,5142.22
2024-11-14 18:30:00+00:00,5054.49
2024-11-14 19:00:00+00:00,4944.99
2024-11-14 19:30:00+00:00,4868.27
2024-11-14 20:00:00+00:00,4770.37
2024-11-14 20:30:00+00:00,4656.39
2024-11-14 21:00:00+00:00,4549.48
2024-11-14 21:30:00+00:00,4361.3
2024-11-14 22:00:00+00:00,4199.08
2024-11-14 22:30:00+00:00,4014.01
2024-11-14 23:00:00+00:00,3857.19
2024-11-14 23:30:00+00:00,3818.77
2024-11-15 00:00:00+00:00,3678.24
2024-11-15 00:30:00+00:00,3585.7
2024-11-15 01:00:00+00:00,3486.85
2024-11-15 01:30:00+00:00,3444.98
2024-11-15 02:00:00+00:00,3370.67
2024-11-15 02:30:00+00:00,3389.61
2024-11-15 03:00:00+00:00,3344.74
2024-11-15 03:30:00+00:00,3316.18
2024-11-15 04:00:00+00:00,3293.96
2024-11-15 04:30:00+00:00,3259.9
2024-11-15 05:00:00+00:00,3267.04
2024-11-15 05:30:00+00:00,3302.98
2024-11-15 06:00:00+00:00,3460.34
2024-11-15 06:30:00+00:00,3660.96
2024-11-15 07:00:00+00:00,3949.51
2024-11-15 07:30:00+00:00,4284.35
2024-11-15 08:00:00+00:00,4428.96
2024-11-15 08:30:00+00:00,4483.16
2024-11-15 09:00:00+00:00,4525.52
2024-11-15 09:30:00+00:00,4563.83
2024-11-15 10:00:00+00:00,4548.48
2024-11-15 10:30:00+00:00,4516.26
2024-11-15 11:00:00+00:00,4501.92
2024-11-15 11:30:00+00:00,4535.05
2024-11-15 12:00:00+00:00,4470.29
2024-11-15 12:30:00+00:00,4484.65
2024-11-15 13:00:00+00:00,4464.29
2024-11-15 13:30:00+00:00,4409.11
2024-11-15 14:00:00+00:00,4377.42
2024-11-15 14:30:00+00:00,4385.52
2024-11-15 15:00:00+00:00,4402.11
2024-11-15 15:30:00+00:00,4475.11
2024-11-15 16:00:00+00:00,4494.09
2024-11-15 16:30:00+00:00,4625.93
2024-11-15 17:00:00+00:00,4791.52
2024-11-15 17:30:00+00:00,4897.61
2024-11-15 18:00:00+00:00,4891.34
2024-11-15 18:30:00+00:00,4802.23
2024-11-15 19:00:00+00:00,4701.55
2024-11-15 19:30:00+00:00,4639.19
2024-11-15 20:00:00+00:00,4505.81
2024-11-15 20:30:00+00:00,4369.73
2024-11-15 21:00:00+00:00,4220.55
2024-11-15 21:30:00+00:00,4109.97
2024-11-15 22:00:00+00:00,3944.0
2024-11-15 22:30:00+00:00,3820.59
2024-11-15 23:00:00+00:00,3712.87
2024-11-15 23:30:00+00:00,3705.79
2024-11-16 00:00:00+00:00,3601.1
2024-11-16 00:30:00+00:00,3503.74
2024-11-16 01:00:00+00:00,3398.54
2024-11-16 01:30:00+00:00,3331.17
2024-11-16 02:00:00+00:00,3287.29
2024-11-16 02:30:00+00:00,3316.58
2024-11-16 03:00:00+00:00,3256.8
2024-11-16 03:30:00+00:00,3220.72
2024-11-16 04:00:00+00:00,3184.51
2024-11-16 04:30:00+00:00,3164.76
2024-11-16 05:00:00+00:00,3136.92
2024-11-16 05:30:00+00:00,3152.78
2024-11-16 06:00:00+00:00,3209.28
2024-11-16 06:30:00+00:00,3318.19
2024-11-16 07:00:00+00:00,3450.26
2024-11-16 07:30:00+00:00,3555.58
2024-11-16 08:00:00+00:00,3642.79
2024-11-16 08:30:00+00:00,3818.08
2024-11-16 09:00:00+00:00,3938.4
2024-11-16 09:30:00+00:00,4067.99
2024-11-16 10:00:00+00:00,4105.77
2024-11-16 10:30:00+00:00,4138.07
2024-11-16 11:00:00+00:00,4127.52
2024-11-16 11:30:00+00:00,4117.49
2024-11-16 12:00:00+00:00,4128.79
2024-11-16 12:30:00+00:00,4148.89
2024-11-16 13:00:00+00:00,4125.02
2024-11-16 13:30:00+00:00,4084.66
2024-11-16 14:00:00+00:00,4064.14
2024-11-16 14:30:00+00:00,4108.27
2024-11-16 15:00:00+00:00,4116.42
2024-11-16 15:30:00+00:00,4134.41
2024-11-16 16:00:00+00:00,4194.93
2024-11-16 16:30:00+00:00,4345.89
2024-11-16 17:00:00+00:00,4548.06
2024-11-16 17:30:00+00:00,4655.12
2024-11-16 18:00:00+00:00,4618.87
2024-11-16 18:30:00+00:00,4554.23
2024-11-16 19:00:00+00:00,4427.72
2024-11-16 19:30:00+00:00,4321.83
2024-11-16 20:00:00+00:00,4233.75
2024-11-16 20:30:00+00:00,4137.35
2024-11-16 21:00:00+00:00,4030.5
2024-11-16 21:30:00+00:00,3925.34
2024-11-16 22:00:00+00:00,3790.71
2024-11-16 22:30:00+00:00,3674.12
2024-11-16 23:00:00+00:00,3583.89
2024-11-16 23:30:00+00:00,3577.41
2024-11-17 00:00:00+00:00,3489.72
2024-11-17 00:30:00+00:00,3420.06
2024-11-17 01:00:00+00:00,3316.88
2024-11-17 01:30:00+00:00,3239.25
2024-11-17 02:00:00+00:00,3195.96
2024-11-17 02:30:00+00:00,3207.69
2024-11-17 03:00:00+00:00,3162.32
2024-11-17 03:30:00+00:00,3115.92
2024-11-17 04:00:00+00:00,3091.12
2024-11-17 04:30:00+00:00,3057.44
2024-11-17 05:00:00+00:00,3040.1
2024-11-17 05:30:00+00:00,3049.14
2024-11-17 06:00:00+00:00,3063.06
2024-11-17 06:30:00+00:00,3121.52
2024-11-17 07:00:00+00:00,3193.74
2024-11-17 07:30:00+00:00,3302.23
2024-11-17 08:00:00+00:00,3372.99
2024-11-17 08:30:00+00:00,3486.28
2024-11-17 09:00:00+00:00,3612.09
2024-11-17 09:30:00+00:00,3752.02
2024-11-17 10:00:00+00:00,3858.97
2024-11-17 10:30:00+00:00,3904.83
2024-11-17 11:00:00+00:00,3969.73
2024-11-17 11:30:00+00:00,4007.59
2024-11-17 12:00:00+00:00,4029.92
2024-11-17 12:30:00+00:00,4075.06
2024-11-17 13:00:00+00:00,4069.13
2024-11-17 13:30:00+00:00,4068.3
2024-11-17 14:00:00+00:00,4056.68
2024-11-17 14:30:00+00:00,4102.54
2024-11-17 15:00:00+00:00,4094.4
2024-11-17 15:30:00+00:00,4145.07
2024-11-17 16:00:00+00:00,4231.71
2024-11-17 16:30:00+00:00,4383.7
2024-11-17 17:00:00+00:00,4584.75
2024-11-17 17:30:00+00:00,4664.46
2024-11-17 18:00:00+00:00,4693.35
2024-11-17 18:30:00+00:00,4621.35
2024-11-17 19:00:00+00:00,4560.55
2024-11-17 19:30:00+00:00,4499.56
2024-11-17 20:00:00+00:00,4365.81
2024-11-17 20:30:00+00:00,4310.83
2024-11-17 21:00:00+00:00,4193.73
2024-11-17 21:30:00+00:00,4005.89
2024-11-17 22:00:00+00:00,3852.32
2024-11-17 22:30:00+00:00,3728.44
2024-11-17 23:00:00+00:00,3584.06
2024-11-17 23:30:00+00:00,3575.1
2024-11-18 00:00:00+00:00,3471.23
2024-11-18 00:30:00+00:00,3414.54
2024-11-18 01:00:00+00:00,3336.55
2024-11-18 01:30:00+00:00,3286.7
2024-11-18 02:00:00+00:00,3243.49
2024-11-18 02:30:00+00:00,3280.16
2024-11-18 03:00:00+00:00,3251.95
2024-11-18 03:30:00+00:00,3221.44
2024-11-18 04:00:00+00:00,3214.28
2024-11-18 04:30:00+00:00,3212.62
2024-11-18 05:00:00+00:00,3235.18
2024-11-18 05:30:00+00:00,3307.31
2024-11-18 06:00:00+00:00,3446.11
2024-11-18 06:30:00+00:00,3695.57
2024-11-18 07:00:00+00:00,3978.46
2024-11-18 07:30:00+00:00,4352.56
2024-11-18 08:00:00+00:00,4507.25
2024-11-18 08:30:00+00:00,4593.59
2024-11-18 09:00:00+00:00,4677.79
2024-11-18 09:30:00+00:00,4750.32
2024-11-18 10:00:00+00:00,4753.67
2024-11-18 10:30:00+00:00,4759.99
2024-11-18 11:00:00+00:00,4782.96
2024-11-18 11:30:00+00:00,4782.59
2024-11-18 12:00:00+00:00,4790.16
2024-11-18 12:30:00+00:00,4802.0
2024-11-18 13:00:00+00:00,4812.14
2024-11-18 13:30:00+00:00,4749.35
2024-11-18 14:00:00+00:00,4766.89
2024-11-18 14:30:00+00:00,4770.61
2024-11-18 15:00:00+00:00,4798.73
2024-11-18 15:30:00+00:00,4869.51
2024-11-18 16:00:00+00:00,4932.92
2024-11-18 16:30:00+00:00,5071.14
2024-11-18 17:00:00+00:00,5231.72
2024-11-18 17:30:00+00:00,5284.56
2024-11-18 18:00:00+00:00,5231.08
2024-11-18 18:30:00+00:00,5115.68
2024-11-18 19:00:00+00:00,5013.66
2024-11-18 19:30:00+00:00,4900.98
2024-11-18 20:00:00+00:00,4802.6
2024-11-18 20:30:00+00:00,4710.21
2024-11-18 21:00:00+00:00,4575.21
2024-11-18 21:30:00+00:00,4382.28
2024-11-18 22:00:00+00:00,4206.67
2024-11-18 22:30:00+00:00,4040.5
2024-11-18 23:00:00+00:00,3880.4
2024-11-18 23:30:00+00:00,3882.74
2024-11-19 00:00:00+00:00,3736.89
2024-11-19 00:30:00+00:00,3646.53
2024-11-19 01:00:00+00:00,3545.55
2024-11-19 01:30:00+00:00,3456.93
2024-11-19 02:00:00+00:00,3427.26
2024-11-19 02:30:00+00:00,3489.3
2024-11-19 03:00:00+00:00,3436.0
2024-11-19 03:30:00+00:00,3413.82
2024-11-19 04:00:00+00:00,3361.45
2024-11-19 04:30:00+00:00,3354.89
2024-11-19 05:00:00+00:00,3376.88
2024-11-19 05:30:00+00:00,3463.48
2024-11-19 06:00:00+00:00,3590.57
2024-11-19 06:30:00+00:00,3863.92
2024-11-19 07:00:00+00:00,4133.81
2024-11-19 07:30:00+00:00,4519.6
2024-11-19 08:00:00+00:00,4676.44
2024-11-19 08:30:00+00:00,4738.09
2024-11-19 09:00:00+00:00,4782.74
2024-11-19 09:30:00+00:00,4862.62
2024-11-19 10:00:00+00:00,4860.49
2024-11-19 10:30:00+00:00,4863.7
2024-11-19 11:00:00+00:00,4897.79
2024-11-19 11:30:00+00:00,4882.14
2024-11-19 12:00:00+00:00,4876.35
2024-11-19 12:30:00+00:00,4908.3
2024-11-19 13:00:00+00:00,4899.81
2024-11-19 13:30:00+00:00,4832.13
2024-11-19 14:00:00+00:00,4831.98
2024-11-19 14:30:00+00:00,4847.74
2024-11-19 15:00:00+00:00,4876.69
2024-11-19 15:30:00+00:00,4934.2
2024-11-19 16:00:00+00:00,4987.79
2024-11-19 16:30:00+00:00,5159.35
2024-11-19 17:00:00+00:00,5374.1
2024-11-19 17:30:00+00:00,5468.52
2024-11-19 18:00:00+00:00,5435.91
2024-11-19 18:30:00+00:00,5380.17
2024-11-19 19:00:00+00:00,5303.53
2024-11-19 19:30:00+00:00,5220.0
2024-11-19 20:00:00+00:00,5094.13
2024-11-19 20:30:00+00:00,5002.11
2024-11-19 21:00:00+00:00,4871.95
2024-11-19 21:30:00+00:00,4679.85
2024-11-19 22:00:00+00:00,4457.38
2024-11-19 22:30:00+00:00,4285.15
2024-11-19 23:00:00+00:00,4130.26
2024-11-19 23:30:00+00:00,4107.51
2024-11-20 00:00:00+00:00,3960.66
2024-11-20 00:30:00+00:00,3863.6
2024-11-20 01:00:00+00:00,3781.21
2024-11-20 01:30:00+00:00,3717.31
2024-11-20 02:00:00+00:00,3645.19
2024-11-20 02:30:00+00:00,3672.43
2024-11-20 03:00:00+00:00,3610.63
2024-11-20 03:30:00+00:00,3593.43
2024-11-20 04:00:00+00:00,3577.2
2024-11-20 04:30:00+00:00,3581.4
2024-11-20 06:00:00+00:00,3756.09
2024-11-20 06:30:00+00:00,4010.87
2024-11-20 07:00:00+00:00,4358.42
2024-11-20 07:30:00+00:00,4746.53
2024-11-20 08:00:00+00:00,4895.03
2024-11-20 08:30:00+00:00,4969.12
2024-11-20 09:00:00+00:00,5033.17
2024-11-20 09:30:00+00:00,5061.29
2024-11-20 10:00:00+00:00,5002.76
2024-11-20 10:30:00+00:00,4947.2
2024-11-20 11:00:00+00:00,4926.35
2024-11-20 11:30:00+00:00,4895.57
2024-11-20 12:00:00+00:00,4856.65
2024-11-20 12:30:00+00:00,4862.93
2024-11-20 13:00:00+00:00,4866.18
2024-11-20 13:30:00+00:00,4747.51
2024-11-20 14:00:00+00:00,4755.67
2024-11-20 14:30:00+00:00,4809.74
2024-11-20 15:00:00+00:00,4957.06
2024-11-20 15:30:00+00:00,5069.86
2024-11-20 16:00:00+00:00,5178.99
2024-11-20 16:30:00+00:00,5363.79
2024-11-20 17:00:00+00:00,5553.23
2024-11-20 17:30:00+00:00,5636.75
2024-11-20 18:00:00+00:00,5590.76
2024-11-20 18:30:00+00:00,5511.09
2024-11-20 19:00:00+00:00,5393.1
2024-11-20 19:30:00+00:00,5311.18
2024-11-20 20:00:00+00:00,5192.46
2024-11-20 20:30:00+00:00,5067.91
2024-11-20 21:00:00+00:00,4959.35
2024-11-20 21:30:00+00:00,4733.06
2024-11-20 22:00:00+00:00,4552.39
2024-11-20 22:30:00+00:00,4350.69
2024-11-20 23:00:00+00:00,4176.89
2024-11-20 23:30:00+00:00,4129.24
2024-11-21 00:00:00+00:00,3985.53
2024-11-21 00:30:00+00:00,3890.69
2024-11-21 01:00:00+00:00,3802.17
2024-11-21 01:30:00+00:00,3718.98
2024-11-21 02:00:00+00:00,3665.26
2024-11-21 02:30:00+00:00,3721.34
2024-11-21 03:00:00+00:00,3673.53
2024-11-21 03:30:00+00:00,3644.18
2024-11-21 04:00:00+00:00,3619.59
2024-11-21 04:30:00+00:00,3599.27
2024-11-21 05:00:00+00:00,3590.68
2024-11-21 05:30:00+00:00,3649.97
2024-11-21 06:00:00+00:00,3767.65
2024-11-21 06:30:00+00:00,4011.7
2024-11-21 07:00:00+00:00,4296.45
2024-11-21 07:30:00+00:00,4664.16
2024-11-21 08:00:00+00:00,4850.64
2024-11-21 08:30:00+00:00,4961.45
2024-11-21 09:00:00+00:00,5055.16
2024-11-21 09:30:00+00:00,5159.09
2024-11-21 10:00:00+00:00,5206.56
2024-11-21 10:30:00+00:00,5160.45
2024-11-21 11:00:00+00:00,5161.96
2024-11-21 11:30:00+00:00,5109.43
2024-11-21 12:00:00+00:00,5090.76
2024-11-21 12:30:00+00:00,5114.53
2024-11-21 13:00:00+00:00,5091.33
2024-11-21 13:30:00+00:00,5018.45
2024-11-21 14:00:00+00:00,5011.76
2024-11-21 14:30:00+00:00,5022.71
2024-11-21 15:00:00+00:00,5032.5
2024-11-21 15:30:00+00:00,5072.95
2024-11-21 16:00:00+00:00,5130.8
2024-11-21 16:30:00+00:00,5298.7
2024-11-21 17:00:00+00:00,5515.07
2024-11-21 17:30:00+00:00,5613.42
2024-11-21 18:00:00+00:00,5615.32
2024-11-21 18:30:00+00:00,5525.26
2024-11-21 19:00:00+00:00,5429.75
2024-11-21 19:30:00+00:00,5298.22
2024-11-21 20:00:00+00:00,5184.95
2024-11-21 20:30:00+00:00,5081.65
2024-11-21 21:00:00+00:00,4934.51
2024-11-21 21:30:00+00:00,4718.33
2024-11-21 22:00:00+00:00,4543.04
2024-11-21 22:30:00+00:00,4340.73
2024-11-21 23:00:00+00:00,4187.17
2024-11-21 23:30:00+00:00,4191.09
2024-11-22 00:00:00+00:00,4033.71
2024-11-22 00:30:00+00:00,3974.42
2024-11-22 01:00:00+00:00,3865.12
2024-11-22 01:30:00+00:00,3805.17
2024-11-22 02:00:00+00:00,3733.37
2024-11-22 02:30:00+00:00,3740.64
2024-11-22 03:00:00+00:00,3708.98
2024-11-22 03:30:00+00:00,3665.73
2024-11-22 04:00:00+00:00,3637.66
2024-11-22 04:30:00+00:00,3617.99
2024-11-22 05:00:00+00:00,3639.91
2024-11-22 05:30:00+00:00,3693.17
2024-11-22 06:00:00+00:00,3814.04
2024-11-22 06:30:00+00:00,4089.04
2024-11-22 07:00:00+00:00,4358.22
2024-11-22 07:30:00+00:00,4707.36
2024-11-22 08:00:00+00:00,4873.8
2024-11-22 08:30:00+00:00,4985.43
2024-11-22 09:00:00+00:00,5038.29
2024-11-22 09:30:00+00:00,5105.39
2024-11-22 10:00:00+00:00,5077.74
2024-11-22 10:30:00+00:00,5052.01
2024-11-22 11:00:00+00:00,5023.41
2024-11-22 11:30:00+00:00,4998.45
2024-11-22 12:00:00+00:00,4952.48
2024-11-22 12:30:00+00:00,4959.96
2024-11-22 13:00:00+00:00,4953.09
2024-11-22 13:30:00+00:00,4906.52
2024-11-22 14:00:00+00:00,4898.49
2024-11-22 14:30:00+00:00,4943.71
2024-11-22 15:00:00+00:00,4972.27
2024-11-22 15:30:00+00:00,5031.08
2024-11-22 16:00:00+00:00,5103.79
2024-11-22 16:30:00+00:00,5291.37
2024-11-22 17:00:00+00:00,5412.94
2024-11-22 17:30:00+00:00,5489.92
2024-11-22 18:00:00+00:00,5426.07
2024-11-22 18:30:00+00:00,5363.65
2024-11-22 19:00:00+00:00,5258.34
2024-11-22 19:30:00+00:00,5150.88
2024-11-22 20:00:00+00:00,5017.76
2024-11-22 20:30:00+00:00,4901.87
2024-11-22 21:00:00+00:00,4787.5
2024-11-22 21:30:00+00:00,4593.56
2024-11-22 22:00:00+00:00,4422.72
2024-11-22 22:30:00+00:00,4281.26
2024-11-22 23:00:00+00:00,4127.87
2024-11-22 23:30:00+00:00,4111.93
2024-11-23 00:00:00+00:00,3986.55
2024-11-23 00:30:00+00:00,3897.0
2024-11-23 01:00:00+00:00,3795.2
2024-11-23 01:30:00+00:00,3743.44
2024-11-23 02:00:00+00:00,3658.17
2024-11-23 02:30:00+00:00,3718.3
2024-11-23 03:00:00+00:00,3649.11
2024-11-23 03:30:00+00:00,3638.01
2024-11-23 04:00:00+00:00,3581.48
2024-11-23 04:30:00+00:00,3530.26
2024-11-23 05:00:00+00:00,3511.63
2024-11-23 05:30:00+00:00,3527.48
2024-11-23 06:00:00+00:00,3551.68
2024-11-23 06:30:00+00:00,3643.31
2024-11-23 07:00:00+00:00,3666.59
2024-11-23 07:30:00+00:00,3790.16
2024-11-23 08:00:00+00:00,3898.15
2024-11-23 08:30:00+00:00,4016.98
2024-11-23 09:00:00+00:00,4137.96
2024-11-23 09:30:00+00:00,4261.05
2024-11-23 10:00:00+00:00,4347.45
2024-11-23 10:30:00+00:00,4394.75
2024-11-23 11:00:00+00:00,4411.19
2024-11-23 11:30:00+00:00,4441.48
2024-11-23 12:00:00+00:00,4452.92
2024-11-23 12:30:00+00:00,4462.05
2024-11-23 13:00:00+00:00,4450.33
2024-11-23 13:30:00+00:00,4429.06
2024-11-23 14:00:00+00:00,4402.22
2024-11-23 14:30:00+00:00,4393.66
2024-11-23 15:00:00+00:00,4406.73
2024-11-23 15:30:00+00:00,4429.61
2024-11-23 16:00:00+00:00,4466.47
2024-11-23 16:30:00+00:00,4624.12
2024-11-23 17:00:00+00:00,4751.41
2024-11-23 17:30:00+00:00,4840.62
2024-11-23 18:00:00+00:00,4781.75
2024-11-23 18:30:00+00:00,4701.75
2024-11-23 19:00:00+00:00,4597.0
2024-11-23 19:30:00+00:00,4504.52
2024-11-23 20:00:00+00:00,4383.93
2024-11-23 20:30:00+00:00,4321.01
2024-11-23 21:00:00+00:00,4185.55
2024-11-23 21:30:00+00:00,4068.59
2024-11-23 22:00:00+00:00,3966.01
2024-11-23 22:30:00+00:00,3800.59
2024-11-23 23:00:00+00:00,3695.75
2024-11-23 23:30:00+00:00,3691.22
2024-11-24 00:00:00+00:00,3597.66
2024-11-24 00:30:00+00:00,3508.54
2024-11-24 01:00:00+00:00,3404.88
2024-11-24 01:30:00+00:00,3338.18
2024-11-24 02:00:00+00:00,3277.34
2024-11-24 02:30:00+00:00,3279.65
2024-11-24 03:00:00+00:00,3243.37
2024-11-24 03:30:00+00:00,3211.5
2024-11-24 04:00:00+00:00,3189.15
2024-11-24 04:30:00+00:00,3150.71
2024-11-24 05:00:00+00:00,3143.72
2024-11-24 05:30:00+00:00,3140.66
2024-11-24 06:00:00+00:00,3164.01
2024-11-24 06:30:00+00:00,3229.0
2024-11-24 07:00:00+00:00,3311.48
2024-11-24 07:30:00+00:00,3434.6
2024-11-24 08:00:00+00:00,3500.91
2024-11-24 08:30:00+00:00,3579.69
2024-11-24 09:00:00+00:00,3752.3
2024-11-24 09:30:00+00:00,3901.53
2024-11-24 10:00:00+00:00,3995.82
2024-11-24 10:30:00+00:00,4035.5
2024-11-24 11:00:00+00:00,4038.47
2024-11-24 11:30:00+00:00,4071.53
2024-11-24 12:00:00+00:00,4110.74
2024-11-24 12:30:00+00:00,4166.77
2024-11-24 13:00:00+00:00,4230.77
2024-11-24 13:30:00+00:00,4235.8
2024-11-24 14:00:00+00:00,4201.21
2024-11-24 14:30:00+00:00,4168.83
2024-11-24 15:00:00+00:00,4206.72
2024-11-24 15:30:00+00:00,4238.13
2024-11-24 16:00:00+00:00,4326.11
2024-11-24 16:30:00+00:00,4482.33
2024-11-24 17:00:00+00:00,4690.4
2024-11-24 17:30:00+00:00,4793.04
2024-11-24 18:00:00+00:00,4768.71
2024-11-24 18:30:00+00:00,4693.79
2024-11-24 19:00:00+00:00,4605.68
2024-11-24 19:30:00+00:00,4551.58
2024-11-24 20:00:00+00:00,4456.0
2024-11-24 20:30:00+00:00,4366.35
2024-11-24 21:00:00+00:00,4267.99
2024-11-24 21:30:00+00:00,4108.0
2024-11-24 22:00:00+00:00,3951.08
2024-11-24 22:30:00+00:00,3788.32
2024-11-24 23:00:00+00:00,3658.95
2024-11-24 23:30:00+00:00,3651.35
2024-11-25 00:00:00+00:00,3539.85
2024-11-25 00:30:00+00:00,3461.13
2024-11-25 01:00:00+00:00,3379.92
2024-11-25 01:30:00+00:00,3331.43
2024-11-25 02:00:00+00:00,3298.96
2024-11-25 02:30:00+00:00,3344.25
2024-11-25 03:00:00+00:00,3292.12
2024-11-25 03:30:00+00:00,3276.52
2024-11-25 04:00:00+00:00,3293.92
2024-11-25 04:30:00+00:00,3263.49
2024-11-25 05:00:00+00:00,3303.24
2024-11-25 05:30:00+00:00,3348.11
2024-11-25 06:00:00+00:00,3491.5
2024-11-25 06:30:00+00:00,3729.98
2024-11-25 07:00:00+00:00,4041.03
2024-11-25 07:30:00+00:00,4450.01
2024-11-25 08:00:00+00:00,4546.84
2024-11-25 08:30:00+00:00,4626.23
2024-11-25 09:00:00+00:00,4709.65
2024-11-25 09:30:00+00:00,4772.97
2024-11-25 10:00:00+00:00,4743.08
2024-11-25 10:30:00+00:00,4702.33
2024-11-25 11:00:00+00:00,4702.91
2024-11-25 11:30:00+00:00,4598.4
2024-11-25 12:00:00+00:00,4617.57
2024-11-25 12:30:00+00:00,4615.73
2024-11-25 13:00:00+00:00,4587.46
2024-11-25 13:30:00+00:00,4621.23
2024-11-25 14:00:00+00:00,4604.19
2024-11-25 14:30:00+00:00,4700.07
2024-11-25 15:00:00+00:00,4765.62
2024-11-25 15:30:00+00:00,4828.29
2024-11-25 16:00:00+00:00,4893.21
2024-11-25 16:30:00+00:00,5073.57
2024-11-25 17:00:00+00:00,5269.67
2024-11-25 17:30:00+00:00,5361.71
2024-11-25 18:00:00+00:00,5297.07
2024-11-25 18:30:00+00:00,5206.36
2024-11-25 19:00:00+00:00,5127.2
2024-11-25 19:30:00+00:00,5044.53
2024-11-25 20:00:00+00:00,4955.68
2024-11-25 20:30:00+00:00,4835.37
2024-11-25 21:00:00+00:00,4736.12
2024-11-25 21:30:00+00:00,4526.71
2024-11-25 22:00:00+00:00,4338.29
2024-11-25 22:30:00+00:00,4180.91
2024-11-25 23:00:00+00:00,3984.74
2024-11-25 23:30:00+00:00,3948.21
2024-11-26 00:00:00+00:00,3835.25
2024-11-26 00:30:00+00:00,3782.86
2024-11-26 01:00:00+00:00,3707.99
2024-11-26 01:30:00+00:00,3635.57
2024-11-26 02:00:00+00:00,3620.25
2024-11-26 02:30:00+00:00,3674.3
2024-11-26 03:00:00+00:00,3623.41
2024-11-26 03:30:00+00:00,3587.63
2024-11-26 04:00:00+00:00,3583.77
2024-11-26 04:30:00+00:00,3557.1
2024-11-26 05:00:00+00:00,3584.11
2024-11-26 05:30:00+00:00,3628.38
2024-11-26 06:00:00+00:00,3784.41
2024-11-26 06:30:00+00:00,4040.99
2024-11-26 07:00:00+00:00,4362.43
2024-11-26 07:30:00+00:00,4746.96
2024-11-26 08:00:00+00:00,4910.8
2024-11-26 08:30:00+00:00,4972.15
2024-11-26 09:00:00+00:00,5024.45
2024-11-26 09:30:00+00:00,5044.35
2024-11-26 10:00:00+00:00,5011.02
2024-11-26 10:30:00+00:00,4947.23
2024-11-26 11:00:00+00:00,4891.1
2024-11-26 11:30:00+00:00,4835.94
2024-11-26 12:00:00+00:00,4790.64
2024-11-26 12:30:00+00:00,4759.78
2024-11-26 13:00:00+00:00,4756.15
2024-11-26 13:30:00+00:00,4712.07
2024-11-26 14:00:00+00:00,4704.77
2024-11-26 14:30:00+00:00,4749.75
2024-11-26 15:00:00+00:00,4803.55
2024-11-26 15:30:00+00:00,4886.83
2024-11-26 16:00:00+00:00,4987.62
2024-11-26 16:30:00+00:00,5179.14
2024-11-26 17:00:00+00:00,5406.91
2024-11-26 17:30:00+00:00,5502.23
2024-11-26 18:00:00+00:00,5482.25
2024-11-26 18:30:00+00:00,5413.75
2024-11-26 19:00:00+00:00,5329.86
2024-11-26 19:30:00+00:00,5292.03
2024-11-26 20:00:00+00:00,5193.71
2024-11-26 20:30:00+00:00,5078.71
2024-11-26 21:00:00+00:00,4980.81
2024-11-26 21:30:00+00:00,4794.89
2024-11-26 22:00:00+00:00,4594.53
2024-11-26 22:30:00+00:00,4413.88
2024-11-26 23:00:00+00:00,4227.91
2024-11-26 23:30:00+00:00,4203.14
2024-11-27 00:00:00+00:00,4049.59
2024-11-27 00:30:00+00:00,3941.8
2024-11-27 01:00:00+00:00,3844.92
2024-11-27 01:30:00+00:00,3778.19
2024-11-27 02:00:00+00:00,3740.93
2024-11-27 02:30:00+00:00,3774.2
2024-11-27 03:00:00+00:00,3737.65
2024-11-27 03:30:00+00:00,3708.18
2024-11-27 04:00:00+00:00,3676.36
2024-11-27 04:30:00+00:00,3654.24
2024-11-27 05:00:00+00:00,3661.17
2024-11-27 05:30:00+00:00,3739.05
2024-11-27 06:00:00+00:00,3887.81
2024-11-27 06:30:00+00:00,4140.37
2024-11-27 07:00:00+00:00,4458.27
2024-11-27 07:30:00+00:00,4869.02
2024-11-27 08:00:00+00:00,5053.97
2024-11-27 08:30:00+00:00,5112.39
2024-11-27 09:00:00+00:00,5179.96
2024-11-27 09:30:00+00:00,5214.85
2024-11-27 10:00:00+00:00,5168.34
2024-11-27 10:30:00+00:00,5099.06
2024-11-27 11:00:00+00:00,5049.81
2024-11-27 11:30:00+00:00,5006.74
2024-11-27 12:00:00+00:00,4962.46
2024-11-27 12:30:00+00:00,4925.06
2024-11-27 13:00:00+00:00,4900.88
2024-11-27 13:30:00+00:00,4828.58
2024-11-27 14:00:00+00:00,4845.25
2024-11-27 14:30:00+00:00,4892.52
2024-11-27 15:00:00+00:00,4949.79
2024-11-27 15:30:00+00:00,5053.34
2024-11-27 16:00:00+00:00,5160.03
2024-11-27 16:30:00+00:00,5363.11
2024-11-27 17:00:00+00:00,5597.35
2024-11-27 17:30:00+00:00,5687.56
2024-11-27 18:00:00+00:00,5670.67
2024-11-27 18:30:00+00:00,5598.19
2024-11-27 19:00:00+00:00,5506.21
2024-11-27 19:30:00+00:00,5432.78
2024-11-27 20:00:00+00:00,5306.01
2024-11-27 20:30:00+00:00,5198.39
2024-11-27 21:00:00+00:00,5085.64
2024-11-27 21:30:00+00:00,4854.19
2024-11-27 22:00:00+00:00,4674.05
2024-11-27 22:30:00+00:00,4467.74
2024-11-27 23:00:00+00:00,4297.56
2024-11-27 23:30:00+00:00,4240.38
2024-11-28 00:00:00+00:00,4089.21
2024-11-28 00:30:00+00:00,3976.37
2024-11-28 01:00:00+00:00,3873.07
2024-11-28 01:30:00+00:00,3786.18
2024-11-28 02:00:00+00:00,3739.48
2024-11-28 02:30:00+00:00,3775.58
2024-11-28 03:00:00+00:00,3721.65
2024-11-28 03:30:00+00:00,3688.74
2024-11-28 04:00:00+00:00,3629.21
2024-11-28 04:30:00+00:00,3587.45
2024-11-28 05:00:00+00:00,3587.26
2024-11-28 05:30:00+00:00,3644.19
2024-11-28 06:00:00+00:00,3766.05
2024-11-28 06:30:00+00:00,3987.56
2024-11-28 07:00:00+00:00,4276.78
2024-11-28 07:30:00+00:00,4649.41
2024-11-28 08:00:00+00:00,4835.04
2024-11-28 08:30:00+00:00,4876.6
2024-11-28 09:00:00+00:00,4940.01
2024-11-28 09:30:00+00:00,5032.35
2024-11-28 10:00:00+00:00,5027.47
2024-11-28 10:30:00+00:00,5016.34
2024-11-28 11:00:00+00:00,5045.26
2024-11-28 11:30:00+00:00,5011.91
2024-11-28 12:00:00+00:00,4994.32
2024-11-28 12:30:00+00:00,5059.02
2024-11-28 13:00:00+00:00,5077.34
2024-11-28 13:30:00+00:00,5003.67
2024-11-28 14:00:00+00:00,4987.75
2024-11-28 14:30:00+00:00,5002.03
2024-11-28 15:00:00+00:00,5058.27
2024-11-28 15:30:00+00:00,5052.28
2024-11-28 16:00:00+00:00,5120.43
2024-11-28 16:30:00+00:00,5291.31
2024-11-28 17:00:00+00:00,5376.99
2024-11-28 17:30:00+00:00,5398.81
2024-11-28 18:00:00+00:00,5369.19
2024-11-28 18:30:00+00:00,5260.42
2024-11-28 19:00:00+00:00,5165.98
2024-11-28 19:30:00+00:00,5092.66
2024-11-28 20:00:00+00:00,4962.56
2024-11-28 20:30:00+00:00,4852.07
2024-11-28 21:00:00+00:00,4761.93
2024-11-28 21:30:00+00:00,4549.2
2024-11-28 22:00:00+00:00,4362.68
2024-11-28 22:30:00+00:00,4202.03
2024-11-28 23:00:00+00:00,4040.85
2024-11-28 23:30:00+00:00,4009.01
2024-11-29 00:00:00+00:00,3882.54
2024-11-29 00:30:00+00:00,3831.1
2024-11-29 01:00:00+00:00,3712.49
2024-11-29 01:30:00+00:00,3650.51
2024-11-29 02:00:00+00:00,3577.32
2024-11-29 02:30:00+00:00,3620.33
2024-11-29 03:00:00+00:00,3582.42
2024-11-29 03:30:00+00:00,3539.26
2024-11-29 04:00:00+00:00,3501.26
2024-11-29 04:30:00+00:00,3492.59
2024-11-29 05:00:00+00:00,3496.26
2024-11-29 05:30:00+00:00,3554.93
2024-11-29 06:00:00+00:00,3675.75
2024-11-29 06:30:00+00:00,3873.4
2024-11-29 07:00:00+00:00,4106.31
2024-11-29 07:30:00+00:00,4404.97
2024-11-29 08:00:00+00:00,4550.88
2024-11-29 08:30:00+00:00,4665.78
2024-11-29 09:00:00+00:00,4759.81
2024-11-29 09:30:00+00:00,4812.88
2024-11-29 10:00:00+00:00,4816.33
2024-11-29 10:30:00+00:00,4810.77
2024-11-29 11:00:00+00:00,4833.44
2024-11-29 11:30:00+00:00,4818.54
2024-11-29 12:00:00+00:00,4838.26
2024-11-29 12:30:00+00:00,4830.9
2024-11-29 13:00:00+00:00,4820.67
2024-11-29 13:30:00+00:00,4773.97
2024-11-29 14:00:00+00:00,4742.39
2024-11-29 14:30:00+00:00,4721.41
2024-11-29 15:00:00+00:00,4684.56
2024-11-29 15:30:00+00:00,4691.78
2024-11-29 16:00:00+00:00,4728.37
2024-11-29 16:30:00+00:00,4877.76
2024-11-29 17:00:00+00:00,4992.45
2024-11-29 17:30:00+00:00,5048.86
2024-11-29 18:00:00+00:00,5051.32
2024-11-29 18:30:00+00:00,4939.45
2024-11-29 19:00:00+00:00,4831.34
2024-11-29 19:30:00+00:00,4728.01
2024-11-29 20:00:00+00:00,4622.16
2024-11-29 20:30:00+00:00,4527.53
2024-11-29 21:00:00+00:00,4434.38
2024-11-29 21:30:00+00:00,4257.46
2024-11-29 22:00:00+00:00,4107.73
2024-11-29 22:30:00+00:00,3951.73
2024-11-29 23:00:00+00:00,3865.09
2024-11-29 23:30:00+00:00,3863.22
2024-11-30 00:00:00+00:00,3777.91
2024-11-30 00:30:00+00:00,3674.15
2024-11-30 01:00:00+00:00,3553.3
2024-11-30 01:30:00+00:00,3485.81
2024-11-30 02:00:00+00:00,3448.49
2024-11-30 02:30:00+00:00,3471.44
2024-11-30 03:00:00+00:00,3408.54
2024-11-30 03:30:00+00:00,3334.51
2024-11-30 04:00:00+00:00,3288.46
2024-11-30 04:30:00+00:00,3216.03
2024-11-30 05:00:00+00:00,3219.21
2024-11-30 05:30:00+00:00,3219.83
2024-11-30 06:00:00+00:00,3273.96
2024-11-30 06:30:00+00:00,3372.14
2024-11-30 07:00:00+00:00,3474.98
2024-11-30 07:30:00+00:00,3639.53
2024-11-30 08:00:00+00:00,3706.56
2024-11-30 08:30:00+00:00,3854.94
2024-11-30 09:00:00+00:00,3994.86
2024-11-30 09:30:00+00:00,4115.54
2024-11-30 10:00:00+00:00,4175.32
2024-11-30 10:30:00+00:00,4229.77
2024-11-30 11:00:00+00:00,4248.55
2024-11-30 11:30:00+00:00,4256.58
2024-11-30 12:00:00+00:00,4284.02
2024-11-30 12:30:00+00:00,4313.71
2024-11-30 13:00:00+00:00,4263.89
2024-11-30 13:30:00+00:00,4272.28
2024-11-30 14:00:00+00:00,4274.98
2024-11-30 14:30:00+00:00,4279.88
2024-11-30 15:00:00+00:00,4282.18
2024-11-30 15:30:00+00:00,4277.2
2024-11-30 16:00:00+00:00,4334.83
2024-11-30 16:30:00+00:00,4510.32
2024-11-30 17:00:00+00:00,4600.11
2024-11-30 17:30:00+00:00,4718.97
2024-11-30 18:00:00+00:00,4663.05
2024-11-30 18:30:00+00:00,4573.22
2024-11-30 19:00:00+00:00,4490.05
2024-11-30 19:30:00+00:00,4388.49
2024-11-30 20:00:00+00:00,4298.44
2024-11-30 20:30:00+00:00,4226.99
2024-11-30 21:00:00+00:00,4113.63
2024-11-30 21:30:00+00:00,4005.58
2024-11-30 22:00:00+00:00,3881.96
2024-11-30 22:30:00+00:00,3778.47
2024-11-30 23:00:00+00:00,3688.26
2024-11-30 23:30:00+00:00,3683.14
2024-12-01 00:00:00+00:00,3593.38
2024-12-01 00:30:00+00:00,3518.92
2024-12-01 01:00:00+00:00,3430.11
2024-12-01 01:30:00+00:00,3362.43
2024-12-01 02:00:00+00:00,3299.7
2024-12-01 02:30:00+00:00,3317.02
2024-12-01 03:00:00+00:00,3249.52
2024-12-01 03:30:00+00:00,3185.14
2024-12-01 04:00:00+00:00,3120.1
2024-12-01 04:30:00+00:00,3100.89
2024-12-01 05:00:00+00:00,3116.88
2024-12-01 05:30:00+00:00,3107.48
2024-12-01 06:00:00+00:00,3115.65
2024-12-01 06:30:00+00:00,3190.53
2024-12-01 07:00:00+00:00,3244.08
2024-12-01 07:30:00+00:00,3356.18
2024-12-01 08:00:00+00:00,3405.26
2024-12-01 08:30:00+00:00,3506.54
2024-12-01 09:00:00+00:00,3647.44
2024-12-01 09:30:00+00:00,3765.91
2024-12-01 10:00:00+00:00,3848.06
2024-12-01 10:30:00+00:00,3930.41
2024-12-01 11:00:00+00:00,3975.61
2024-12-01 11:30:00+00:00,3988.13
2024-12-01 12:00:00+00:00,4044.43
2024-12-01 12:30:00+00:00,4106.81
2024-12-01 13:00:00+00:00,4101.58
2024-12-01 13:30:00+00:00,4053.45
2024-12-01 14:00:00+00:00,4049.98
2024-12-01 14:30:00+00:00,4073.06
2024-12-01 15:00:00+00:00,4071.18
2024-12-01 15:30:00+00:00,4113.4
2024-12-01 16:00:00+00:00,4163.59
2024-12-01 16:30:00+00:00,4340.24
2024-12-01 17:00:00+00:00,4529.22
2024-12-01 17:30:00+00:00,4580.56
2024-12-01 18:00:00+00:00,4566.61
2024-12-01 18:30:00+00:00,4526.49
2024-12-01 19:00:00+00:00,4450.91
2024-12-01 19:30:00+00:00,4399.98
2024-12-01 20:00:00+00:00,4296.87
2024-12-01 20:30:00+00:00,4272.48
2024-12-01 21:00:00+00:00,4160.76
2024-12-01 21:30:00+00:00,4039.63
2024-12-01 22:00:00+00:00,3870.05
2024-12-01 22:30:00+00:00,3719.31
2024-12-01 23:00:00+00:00,3581.18
2024-12-01 23:30:00+00:00,3588.19
2024-12-02 00:00:00+00:00,3473.78
2024-12-02 00:30:00+00:00,3413.22
2024-12-02 01:00:00+00:00,3306.19
2024-12-02 01:30:00+00:00,3264.9
2024-12-02 02:00:00+00:00,3278.5
2024-12-02 02:30:00+00:00,3305.69
2024-12-02 03:00:00+00:00,3251.17
2024-12-02 03:30:00+00:00,3227.36
2024-12-02 04:00:00+00:00,3223.53
2024-12-02 04:30:00+00:00,3200.71
2024-12-02 05:00:00+00:00,3192.66
2024-12-02 05:30:00+00:00,3294.48
2024-12-02 06:00:00+00:00,3394.14
2024-12-02 06:30:00+00:00,3701.12
2024-12-02 07:00:00+00:00,3974.56
2024-12-02 07:30:00+00:00,4356.52
2024-12-02 08:00:00+00:00,4527.48
2024-12-02 08:30:00+00:00,4556.78
2024-12-02 09:00:00+00:00,4666.58
2024-12-02 09:30:00+00:00,4720.53
2024-12-02 10:00:00+00:00,4740.02
2024-12-02 10:30:00+00:00,4703.02
2024-12-02 11:00:00+00:00,4682.52
2024-12-02 11:30:00+00:00,4641.46
2024-12-02 12:00:00+00:00,4611.95
2024-12-02 12:30:00+00:00,4623.67
2024-12-02 13:00:00+00:00,4630.81
2024-12-02 13:30:00+00:00,4616.47
2024-12-02 14:00:00+00:00,4635.67
2024-12-02 14:30:00+00:00,4659.5
2024-12-02 15:00:00+00:00,4745.57
2024-12-02 15:30:00+00:00,4878.11
2024-12-02 16:00:00+00:00,4959.0
2024-12-02 16:30:00+00:00,5208.81
2024-12-02 17:00:00+00:00,5359.74
2024-12-02 17:30:00+00:00,5446.12
2024-12-02 18:00:00+00:00,5436.22
2024-12-02 18:30:00+00:00,5347.08
2024-12-02 19:00:00+00:00,5246.71
2024-12-02 19:30:00+00:00,5182.63
2024-12-02 20:00:00+00:00,5069.43
2024-12-02 20:30:00+00:00,4971.32
2024-12-02 21:00:00+00:00,4862.25
2024-12-02 21:30:00+00:00,4654.87
2024-12-02 22:00:00+00:00,4487.08
2024-12-02 22:30:00+00:00,4306.71
2024-12-02 23:00:00+00:00,4145.23
2024-12-02 23:30:00+00:00,4102.48
2024-12-03 00:00:00+00:00,3962.45
2024-12-03 00:30:00+00:00,3878.45
2024-12-03 01:00:00+00:00,3788.81
2024-12-03 01:30:00+00:00,3714.92
2024-12-03 02:00:00+00:00,3679.91
2024-12-03 02:30:00+00:00,3724.15
2024-12-03 03:00:00+00:00,3659.02
2024-12-03 03:30:00+00:00,3634.52
2024-12-03 04:00:00+00:00,3584.05
2024-12-03 04:30:00+00:00,3582.98
2024-12-03 05:00:00+00:00,3594.22
2024-12-03 05:30:00+00:00,3658.91
2024-12-03 06:00:00+00:00,3780.11
2024-12-03 06:30:00+00:00,4021.2
2024-12-03 07:00:00+00:00,4310.56
2024-12-03 07:30:00+00:00,4688.64
2024-12-03 08:00:00+00:00,4855.21
2024-12-03 08:30:00+00:00,4914.97
2024-12-03 09:00:00+00:00,4982.18
2024-12-03 09:30:00+00:00,5070.34
2024-12-03 10:00:00+00:00,5032.65
2024-12-03 10:30:00+00:00,4993.37
2024-12-03 11:00:00+00:00,4892.6
2024-12-03 11:30:00+00:00,4857.13
2024-12-03 12:00:00+00:00,4842.24
2024-12-03 12:30:00+00:00,4897.54
2024-12-03 13:00:00+00:00,4907.44
2024-12-03 13:30:00+00:00,4851.79
2024-12-03 14:00:00+00:00,4892.24
2024-12-03 14:30:00+00:00,4896.4
2024-12-03 15:00:00+00:00,4905.89
2024-12-03 15:30:00+00:00,4948.5
2024-12-03 16:00:00+00:00,5022.02
2024-12-03 16:30:00+00:00,5203.28
2024-12-03 17:00:00+00:00,5333.31
2024-12-03 17:30:00+00:00,5419.07
2024-12-03 18:00:00+00:00,5374.35
2024-12-03 18:30:00+00:00,5303.71
2024-12-03 19:00:00+00:00,5187.24
2024-12-03 19:30:00+00:00,5163.72
2024-12-03 20:00:00+00:00,5057.8
2024-12-03 20:30:00+00:00,4979.55
2024-12-03 21:00:00+00:00,4847.26
2024-12-03 21:30:00+00:00,4668.05
2024-12-03 22:00:00+00:00,4434.46
2024-12-03 22:30:00+00:00,4257.96
2024-12-03 23:00:00+00:00,4114.36
2024-12-03 23:30:00+00:00,4077.22
2024-12-04 00:00:00+00:00,3944.29
2024-12-04 00:30:00+00:00,3862.57
2024-12-04 01:00:00+00:00,3765.89
2024-12-04 01:30:00+00:00,3690.76
2024-12-04 02:00:00+00:00,3626.6
2024-12-04 02:30:00+00:00,3661.82
2024-12-04 03:00:00+00:00,3609.53
2024-12-04 03:30:00+00:00,3573.52
2024-12-04 04:00:00+00:00,3542.7
2024-12-04 04:30:00+00:00,3501.76
2024-12-04 05:00:00+00:00,3504.79
2024-12-04 05:30:00+00:00,3570.1
2024-12-04 06:00:00+00:00,3720.69
2024-12-04 06:30:00+00:00,3934.28
2024-12-04 07:00:00+00:00,4243.05
2024-12-04 07:30:00+00:00,4580.04
2024-12-04 08:00:00+00:00,4745.9
2024-12-04 08:30:00+00:00,4812.81
2024-12-04 09:00:00+00:00,4806.77
2024-12-04 09:30:00+00:00,4905.39
2024-12-04 10:00:00+00:00,4881.41
2024-12-04 10:30:00+00:00,4871.63
2024-12-04 11:00:00+00:00,4898.52
2024-12-04 11:30:00+00:00,4919.24
2024-12-04 12:00:00+00:00,4918.79
2024-12-04 12:30:00+00:00,4929.17
2024-12-04 13:00:00+00:00,4932.12
2024-12-04 13:30:00+00:00,4917.44
2024-12-04 14:00:00+00:00,4899.6
2024-12-04 14:30:00+00:00,4901.09
2024-12-04 15:00:00+00:00,4900.31
2024-12-04 15:30:00+00:00,4958.51
2024-12-04 16:00:00+00:00,5029.34
2024-12-04 16:30:00+00:00,5218.78
2024-12-04 17:00:00+00:00,5315.3
2024-12-04 17:30:00+00:00,5324.39
2024-12-04 18:00:00+00:00,5258.58
2024-12-04 18:30:00+00:00,5182.39
2024-12-04 19:00:00+00:00,5087.99
2024-12-04 19:30:00+00:00,4998.37
2024-12-04 20:00:00+00:00,4892.53
2024-12-04 20:30:00+00:00,4781.63
2024-12-04 21:00:00+00:00,4666.3
2024-12-04 21:30:00+00:00,4472.49
2024-12-04 22:00:00+00:00,4312.77
2024-12-04 22:30:00+00:00,4113.83
2024-12-04 23:00:00+00:00,3959.7
2024-12-04 23:30:00+00:00,3936.65
2024-12-05 00:00:00+00:00,3777.17
2024-12-05 00:30:00+00:00,3722.34
2024-12-05 01:00:00+00:00,3589.87
2024-12-05 01:30:00+00:00,3525.9
2024-12-05 02:00:00+00:00,3470.29
2024-12-05 02:30:00+00:00,3497.02
2024-12-05 03:00:00+00:00,3455.12
2024-12-05 03:30:00+00:00,3387.76
2024-12-05 04:00:00+00:00,3372.85
2024-12-05 04:30:00+00:00,3359.57
2024-12-05 05:00:00+00:00,3377.55
2024-12-05 05:30:00+00:00,3426.44
2024-12-05 06:00:00+00:00,3561.19
2024-12-05 06:30:00+00:00,3785.65
2024-12-05 07:00:00+00:00,4087.56
2024-12-05 07:30:00+00:00,4409.25
2024-12-05 08:00:00+00:00,4612.35
2024-12-05 08:30:00+00:00,4663.13
2024-12-05 09:00:00+00:00,4710.99
2024-12-05 09:30:00+00:00,4761.67
2024-12-05 10:00:00+00:00,4742.98
2024-12-05 10:30:00+00:00,4740.31
2024-12-05 11:00:00+00:00,4732.51
2024-12-05 11:30:00+00:00,4751.71
2024-12-05 12:00:00+00:00,4721.21
2024-12-05 12:30:00+00:00,4779.09
2024-12-05 13:00:00+00:00,4860.12
2024-12-05 13:30:00+00:00,4771.86
2024-12-05 14:00:00+00:00,4756.65
2024-12-05 14:30:00+00:00,4729.95
2024-12-05 15:00:00+00:00,4755.16
2024-12-05 15:30:00+00:00,4816.4
2024-12-05 16:00:00+00:00,4889.43
2024-12-05 16:30:00+00:00,5096.99
2024-12-05 17:00:00+00:00,5238.62
2024-12-05 17:30:00+00:00,5307.29
2024-12-05 18:00:00+00:00,5253.74
2024-12-05 18:30:00+00:00,5155.61
2024-12-05 19:00:00+00:00,5072.23
2024-12-05 19:30:00+00:00,4990.85
2024-12-05 20:00:00+00:00,4909.92
2024-12-05 20:30:00+00:00,4829.9
2024-12-05 21:00:00+00:00,4706.54
2024-12-05 21:30:00+00:00,4542.21
2024-12-05 22:00:00+00:00,4347.54
2024-12-05 22:30:00+00:00,4160.4
2024-12-05 23:00:00+00:00,4030.89
2024-12-05 23:30:00+00:00,4034.72
2024-12-06 00:00:00+00:00,3890.89
2024-12-06 00:30:00+00:00,3812.71
2024-12-06 01:00:00+00:00,3676.55
2024-12-06 01:30:00+00:00,3588.51
2024-12-06 02:00:00+00:00,3542.6
2024-12-06 02:30:00+00:00,3581.57
2024-12-06 03:00:00+00:00,3539.71
2024-12-06 03:30:00+00:00,3539.7
2024-12-06 04:00:00+00:00,3527.57
2024-12-06 04:30:00+00:00,3499.14
2024-12-06 05:00:00+00:00,3508.52
2024-12-06 05:30:00+00:00,3572.88
2024-12-06 06:00:00+00:00,3692.96
2024-12-06 06:30:00+00:00,3925.49
2024-12-06 07:00:00+00:00,4166.17
2024-12-06 07:30:00+00:00,4540.86
2024-12-06 08:00:00+00:00,4714.86
2024-12-06 08:30:00+00:00,4800.86
2024-12-06 09:00:00+00:00,4864.62
2024-12-06 09:30:00+00:00,4966.16
2024-12-06 10:00:00+00:00,4971.8
2024-12-06 10:30:00+00:00,4946.42
2024-12-06 11:00:00+00:00,4955.94
2024-12-06 11:30:00+00:00,4945.84
2024-12-06 12:00:00+00:00,4927.45
2024-12-06 12:30:00+00:00,4965.24
2024-12-06 13:00:00+00:00,4956.32
2024-12-06 13:30:00+00:00,4932.86
2024-12-06 14:00:00+00:00,4934.03
2024-12-06 14:30:00+00:00,4934.42
2024-12-06 15:00:00+00:00,4947.02
2024-12-06 15:30:00+00:00,4960.72
2024-12-06 16:00:00+00:00,5006.22
2024-12-06 16:30:00+00:00,5147.92
2024-12-06 17:00:00+00:00,5201.93
2024-12-06 17:30:00+00:00,5236.6
2024-12-06 18:00:00+00:00,5163.44
2024-12-06 18:30:00+00:00,5041.16
2024-12-06 19:00:00+00:00,4941.11
2024-12-06 19:30:00+00:00,4865.12
2024-12-06 20:00:00+00:00,4735.01
2024-12-06 20:30:00+00:00,4582.91
2024-12-06 21:00:00+00:00,4517.2
2024-12-06 21:30:00+00:00,4384.41
2024-12-06 22:00:00+00:00,4189.6
2024-12-06 22:30:00+00:00,4035.14
2024-12-06 23:00:00+00:00,3987.6
2024-12-06 23:30:00+00:00,3965.03
2024-12-07 00:00:00+00:00,3736.15
2024-12-07 00:30:00+00:00,3600.13
2024-12-07 01:00:00+00:00,3532.87
2024-12-07 01:30:00+00:00,3391.62
2024-12-07 02:00:00+00:00,3337.98
2024-12-07 02:30:00+00:00,3345.77
2024-12-07 03:00:00+00:00,3235.66
2024-12-07 03:30:00+00:00,3186.86
2024-12-07 04:00:00+00:00,3142.56
2024-12-07 04:30:00+00:00,3125.86
2024-12-07 05:00:00+00:00,3127.31
2024-12-07 05:30:00+00:00,3113.84
2024-12-07 06:00:00+00:00,3139.75
2024-12-07 06:30:00+00:00,3231.65
2024-12-07 07:00:00+00:00,3327.74
2024-12-07 07:30:00+00:00,3425.77
2024-12-07 08:00:00+00:00,3488.14
2024-12-07 08:30:00+00:00,3600.65
2024-12-07 09:00:00+00:00,3772.35
2024-12-07 09:30:00+00:00,3894.72
2024-12-07 10:00:00+00:00,4022.77
2024-12-07 10:30:00+00:00,4103.71
2024-12-07 11:00:00+00:00,4135.33
2024-12-07 11:30:00+00:00,4193.13
2024-12-07 12:00:00+00:00,4187.4
2024-12-07 12:30:00+00:00,4228.3
2024-12-07 13:00:00+00:00,4232.27
2024-12-07 13:30:00+00:00,4213.62
2024-12-07 14:00:00+00:00,4215.44
2024-12-07 14:30:00+00:00,4250.36
2024-12-07 15:00:00+00:00,4320.66
2024-12-07 15:30:00+00:00,4370.35
2024-12-07 16:00:00+00:00,4483.01
2024-12-07 16:30:00+00:00,4671.57
2024-12-07 17:00:00+00:00,4843.37
2024-12-07 17:30:00+00:00,4908.34
2024-12-07 18:00:00+00:00,4877.67
2024-12-07 18:30:00+00:00,4816.53
2024-12-07 19:00:00+00:00,4723.21
2024-12-07 19:30:00+00:00,4649.29
2024-12-07 20:00:00+00:00,4572.5
2024-12-07 20:30:00+00:00,4544.07
2024-12-07 21:00:00+00:00,4410.56
2024-12-07 21:30:00+00:00,4260.74
2024-12-07 22:00:00+00:00,4140.48
2024-12-07 22:30:00+00:00,4015.33
2024-12-07 23:00:00+00:00,3874.59
2024-12-07 23:30:00+00:00,3906.25
2024-12-08 00:00:00+00:00,3794.2
2024-12-08 00:30:00+00:00,3718.72
2024-12-08 01:00:00+00:00,3636.68
2024-12-08 01:30:00+00:00,3514.14
2024-12-08 02:00:00+00:00,3478.39
2024-12-08 02:30:00+00:00,3467.96
2024-12-08 03:00:00+00:00,3442.19
2024-12-08 03:30:00+00:00,3426.59
2024-12-08 04:00:00+00:00,3388.92
2024-12-08 04:30:00+00:00,3346.45
2024-12-08 05:00:00+00:00,3328.93
2024-12-08 05:30:00+00:00,3310.42
2024-12-08 06:00:00+00:00,3319.59
2024-12-08 06:30:00+00:00,3366.64
2024-12-08 07:00:00+00:00,3448.38
2024-12-08 07:30:00+00:00,3526.31
2024-12-08 08:00:00+00:00,3559.71
2024-12-08 08:30:00+00:00,3713.69
2024-12-08 09:00:00+00:00,3867.43
2024-12-08 09:30:00+00:00,4011.62
2024-12-08 10:00:00+00:00,4094.29
2024-12-08 10:30:00+00:00,4131.93
2024-12-08 11:00:00+00:00,4146.56
2024-12-08 11:30:00+00:00,4132.88
2024-12-08 12:00:00+00:00,4174.49
2024-12-08 12:30:00+00:00,4249.51
2024-12-08 13:00:00+00:00,4233.01
2024-12-08 13:30:00+00:00,4258.79
2024-12-08 14:00:00+00:00,4218.13
2024-12-08 14:30:00+00:00,4228.58
2024-12-08 15:00:00+00:00,4229.59
2024-12-08 15:30:00+00:00,4322.69
2024-12-08 16:00:00+00:00,4419.88
2024-12-08 16:30:00+00:00,4641.35
2024-12-08 17:00:00+00:00,4800.2
2024-12-08 17:30:00+00:00,4902.06
2024-12-08 18:00:00+00:00,4856.85
2024-12-08 18:30:00+00:00,4809.52
2024-12-08 19:00:00+00:00,4766.59
2024-12-08 19:30:00+00:00,4718.44
2024-12-08 20:00:00+00:00,4633.21
2024-12-08 20:30:00+00:00,4555.27
2024-12-08 21:00:00+00:00,4475.87
2024-12-08 21:30:00+00:00,4331.62
2024-12-08 22:00:00+00:00,4181.55
2024-12-08 22:30:00+00:00,4035.72
2024-12-08 23:00:00+00:00,3910.47
2024-12-08 23:30:00+00:00,3872.44
2024-12-09 00:00:00+00:00,3741.49
2024-12-09 00:30:00+00:00,3669.96
2024-12-09 01:00:00+00:00,3567.16
2024-12-09 01:30:00+00:00,3509.62
2024-12-09 02:00:00+00:00,3456.92
2024-12-09 02:30:00+00:00,3497.26
2024-12-09 03:00:00+00:00,3474.61
2024-12-09 03:30:00+00:00,3452.69
2024-12-09 04:00:00+00:00,3421.98
2024-12-09 04:30:00+00:00,3424.53
2024-12-09 05:00:00+00:00,3441.11
2024-12-09 05:30:00+00:00,3532.56
2024-12-09 06:00:00+00:00,3665.42
2024-12-09 06:30:00+00:00,3892.7
2024-12-09 07:00:00+00:00,4194.8
2024-12-09 07:30:00+00:00,4578.51
2024-12-09 08:00:00+00:00,4756.85
2024-12-09 08:30:00+00:00,4856.11
2024-12-09 09:00:00+00:00,4941.74
2024-12-09 09:30:00+00:00,5035.85
2024-12-09 10:00:00+00:00,5031.64
2024-12-09 10:30:00+00:00,5025.28
2024-12-09 11:00:00+00:00,5038.66
2024-12-09 11:30:00+00:00,5031.88
2024-12-09 12:00:00+00:00,4995.83
2024-12-09 12:30:00+00:00,4986.27
2024-12-09 13:00:00+00:00,4975.58
2024-12-09 13:30:00+00:00,4905.44
2024-12-09 14:00:00+00:00,4926.96
2024-12-09 14:30:00+00:00,4950.62
2024-12-09 15:00:00+00:00,4976.26
2024-12-09 15:30:00+00:00,5055.36
2024-12-09 16:00:00+00:00,5135.37
2024-12-09 16:30:00+00:00,5306.2
2024-12-09 17:00:00+00:00,5488.1
2024-12-09 17:30:00+00:00,5574.16
2024-12-09 18:00:00+00:00,5533.82
2024-12-09 18:30:00+00:00,5427.46
2024-12-09 19:00:00+00:00,5340.37
2024-12-09 19:30:00+00:00,5270.65
2024-12-09 20:00:00+00:00,5154.84
2024-12-09 20:30:00+00:00,5070.67
2024-12-09 21:00:00+00:00,4933.02
2024-12-09 21:30:00+00:00,4770.48
2024-12-09 22:00:00+00:00,4564.79
2024-12-09 22:30:00+00:00,4356.56
2024-12-09 23:00:00+00:00,4192.17
2024-12-09 23:30:00+00:00,4152.22
2024-12-10 00:00:00+00:00,4027.83
2024-12-10 00:30:00+00:00,3942.88
2024-12-10 01:00:00+00:00,3850.75
2024-12-10 01:30:00+00:00,3771.58
2024-12-10 02:00:00+00:00,3744.5
2024-12-10 02:30:00+00:00,3782.63
2024-12-10 03:00:00+00:00,3725.38
2024-12-10 03:30:00+00:00,3705.31
2024-12-10 04:00:00+00:00,3637.11
2024-12-10 04:30:00+00:00,3609.5
2024-12-10 05:00:00+00:00,3622.58
2024-12-10 05:30:00+00:00,3690.84
2024-12-10 06:00:00+00:00,3835.08
2024-12-10 06:30:00+00:00,4073.3
2024-12-10 07:00:00+00:00,4369.02
2024-12-10 07:30:00+00:00,4772.82
2024-12-10 08:00:00+00:00,4964.17
2024-12-10 08:30:00+00:00,5007.6
2024-12-10 09:00:00+00:00,5068.51
2024-12-10 09:30:00+00:00,5162.62
2024-12-10 10:00:00+00:00,5139.97
2024-12-10 10:30:00+00:00,5136.06
2024-12-10 11:00:00+00:00,5130.22
2024-12-10 11:30:00+00:00,5089.51
2024-12-10 12:00:00+00:00,5059.05
2024-12-10 12:30:00+00:00,5051.34
2024-12-10 13:00:00+00:00,5060.3
2024-12-10 13:30:00+00:00,5021.57
2024-12-10 14:00:00+00:00,5020.17
2024-12-10 14:30:00+00:00,5050.71
2024-12-10 15:00:00+00:00,5072.68
2024-12-10 15:30:00+00:00,5149.38
2024-12-10 16:00:00+00:00,5247.9
2024-12-10 16:30:00+00:00,5411.42
2024-12-10 17:00:00+00:00,5576.77
2024-12-10 17:30:00+00:00,5633.23
2024-12-10 18:00:00+00:00,5573.54
2024-12-10 18:30:00+00:00,5492.3
2024-12-10 19:00:00+00:00,5399.31
2024-12-10 19:30:00+00:00,5319.5
2024-12-10 20:00:00+00:00,5213.12
2024-12-10 20:30:00+00:00,5105.74
2024-12-10 21:00:00+00:00,4984.45
2024-12-10 21:30:00+00:00,4811.7
2024-12-10 22:00:00+00:00,4614.21
2024-12-10 22:30:00+00:00,4385.91
2024-12-10 23:00:00+00:00,4213.78
2024-12-10 23:30:00+00:00,4188.4
2024-12-11 00:00:00+00:00,4025.85
2024-12-11 00:30:00+00:00,3936.21
2024-12-11 01:00:00+00:00,3822.2
2024-12-11 01:30:00+00:00,3747.14
2024-12-11 02:00:00+00:00,3687.39
2024-12-11 02:30:00+00:00,3719.29
2024-12-11 03:00:00+00:00,3667.69
2024-12-11 03:30:00+00:00,3648.26
2024-12-11 04:00:00+00:00,3615.77
2024-12-11 04:30:00+00:00,3597.01
2024-12-11 05:00:00+00:00,3609.59
2024-12-11 05:30:00+00:00,3670.62
2024-12-11 06:00:00+00:00,3786.53
2024-12-11 06:30:00+00:00,4031.69
2024-12-11 07:00:00+00:00,4348.9
2024-12-11 07:30:00+00:00,4738.11
2024-12-11 08:00:00+00:00,4931.57
2024-12-11 08:30:00+00:00,5012.54
2024-12-11 09:00:00+00:00,5053.53
2024-12-11 09:30:00+00:00,5137.82
2024-12-11 10:00:00+00:00,5155.14
2024-12-11 10:30:00+00:00,5137.08
2024-12-11 11:00:00+00:00,5132.38
2024-12-11 11:30:00+00:00,5140.78
2024-12-11 12:00:00+00:00,5104.48
2024-12-11 12:30:00+00:00,5120.13
2024-12-11 13:00:00+00:00,5121.61
2024-12-11 13:30:00+00:00,5067.58
2024-12-11 14:00:00+00:00,5073.62
2024-12-11 14:30:00+00:00,5092.99
2024-12-11 15:00:00+00:00,5126.84
2024-12-11 15:30:00+00:00,5202.31
2024-12-11 16:00:00+00:00,5276.74
2024-12-11 16:30:00+00:00,5448.35
2024-12-11 17:00:00+00:00,5565.54
2024-12-11 17:30:00+00:00,5634.57
2024-12-11 18:00:00+00:00,5579.18
2024-12-11 18:30:00+00:00,5506.27
2024-12-11 19:00:00+00:00,5416.17
2024-12-11 19:30:00+00:00,5318.97
2024-12-11 20:00:00+00:00,5211.01
2024-12-11 20:30:00+00:00,5101.18
2024-12-11 21:00:00+00:00,4979.92
2024-12-11 21:30:00+00:00,4791.21
2024-12-11 22:00:00+00:00,4602.14
2024-12-11 22:30:00+00:00,4376.0
2024-12-11 23:00:00+00:00,4214.2
2024-12-11 23:30:00+00:00,4185.02
2024-12-12 00:00:00+00:00,4027.05
2024-12-12 00:30:00+00:00,3906.67
2024-12-12 01:00:00+00:00,3807.54
2024-12-12 01:30:00+00:00,3737.05
2024-12-12 02:00:00+00:00,3680.38
2024-12-12 02:30:00+00:00,3709.32
2024-12-12 03:00:00+00:00,3660.88
2024-12-12 03:30:00+00:00,3640.44
2024-12-12 04:00:00+00:00,3597.6
2024-12-12 04:30:00+00:00,3571.93
2024-12-12 05:00:00+00:00,3575.31
2024-12-12 05:30:00+00:00,3638.8
2024-12-12 06:00:00+00:00,3797.42
2024-12-12 06:30:00+00:00,4017.59
2024-12-12 07:00:00+00:00,4334.46
2024-12-12 07:30:00+00:00,4701.63
2024-12-12 08:00:00+00:00,4888.92
2024-12-12 08:30:00+00:00,4958.15
2024-12-12 09:00:00+00:00,5020.57
2024-12-12 09:30:00+00:00,5099.01
2024-12-12 10:00:00+00:00,5108.06
2024-12-12 10:30:00+00:00,5107.71
2024-12-12 11:00:00+00:00,5103.95
2024-12-12 11:30:00+00:00,5102.98
2024-12-12 12:00:00+00:00,5114.78
2024-12-12 12:30:00+00:00,5116.38
2024-12-12 13:00:00+00:00,5118.13
2024-12-12 13:30:00+00:00,5081.16
2024-12-12 14:00:00+00:00,5066.6
2024-12-12 14:30:00+00:00,5075.51
2024-12-12 15:00:00+00:00,5101.38
2024-12-12 15:30:00+00:00,5169.31
2024-12-12 16:00:00+00:00,5242.15
2024-12-12 16:30:00+00:00,5410.49
2024-12-12 17:00:00+00:00,5473.82
2024-12-12 17:30:00+00:00,5504.55
2024-12-12 18:00:00+00:00,5428.55
2024-12-12 18:30:00+00:00,5352.87
2024-12-12 19:00:00+00:00,5295.65
2024-12-12 19:30:00+00:00,5225.63
2024-12-12 20:00:00+00:00,5157.8
2024-12-12 20:30:00+00:00,5050.83
2024-12-12 21:00:00+00:00,4933.15
2024-12-12 21:30:00+00:00,4770.0
2024-12-12 22:00:00+00:00,4580.01
2024-12-12 22:30:00+00:00,4376.45
2024-12-12 23:00:00+00:00,4213.88
2024-12-12 23:30:00+00:00,4194.67
2024-12-13 00:00:00+00:00,4026.14
2024-12-13 00:30:00+00:00,3924.89
2024-12-13 01:00:00+00:00,3810.67
2024-12-13 01:30:00+00:00,3759.65
2024-12-13 02:00:00+00:00,3669.64
2024-12-13 02:30:00+00:00,3704.35
2024-12-13 03:00:00+00:00,3656.36
2024-12-13 03:30:00+00:00,3641.03
2024-12-13 04:00:00+00:00,3594.16
2024-12-13 04:30:00+00:00,3574.7
2024-12-13 05:00:00+00:00,3579.92
2024-12-13 05:30:00+00:00,3629.71
2024-12-13 06:00:00+00:00,3761.46
2024-12-13 06:30:00+00:00,3991.45
2024-12-13 07:00:00+00:00,4288.3
2024-12-13 07:30:00+00:00,4660.6
2024-12-13 08:00:00+00:00,4855.47
2024-12-13 08:30:00+00:00,4934.16
2024-12-13 09:00:00+00:00,4980.57
2024-12-13 09:30:00+00:00,5056.85
2024-12-13 10:00:00+00:00,5041.61
2024-12-13 10:30:00+00:00,5020.68
2024-12-13 11:00:00+00:00,5005.11
2024-12-13 11:30:00+00:00,4986.42
2024-12-13 12:00:00+00:00,4933.78
2024-12-13 12:30:00+00:00,4927.98
2024-12-13 13:00:00+00:00,4904.65
2024-12-13 13:30:00+00:00,4851.74
2024-12-13 14:00:00+00:00,4864.67
2024-12-13 14:30:00+00:00,4918.92
2024-12-13 15:00:00+00:00,4942.67
2024-12-13 15:30:00+00:00,4939.96
2024-12-13 16:00:00+00:00,5043.88
2024-12-13 16:30:00+00:00,5204.72
2024-12-13 17:00:00+00:00,5335.53
2024-12-13 17:30:00+00:00,5356.32
2024-12-13 18:00:00+00:00,5285.86
2024-12-13 18:30:00+00:00,5214.51
2024-12-13 19:00:00+00:00,5099.2
2024-12-13 19:30:00+00:00,5016.54
2024-12-13 20:00:00+00:00,4888.81
2024-12-13 20:30:00+00:00,4815.98
2024-12-13 21:00:00+00:00,4717.3
2024-12-13 21:30:00+00:00,4565.39
2024-12-13 22:00:00+00:00,4400.48
2024-12-13 22:30:00+00:00,4243.92
2024-12-13 23:00:00+00:00,4107.14
2024-12-13 23:30:00+00:00,4112.69
2024-12-14 00:00:00+00:00,3974.06
2024-12-14 00:30:00+00:00,3889.2
2024-12-14 01:00:00+00:00,3762.68
2024-12-14 01:30:00+00:00,3687.71
2024-12-14 02:00:00+00:00,3625.43
2024-12-14 02:30:00+00:00,3670.39
2024-12-14 03:00:00+00:00,3606.1
2024-12-14 03:30:00+00:00,3564.06
2024-12-14 04:00:00+00:00,3514.27
2024-12-14 04:30:00+00:00,3510.9
2024-12-14 05:00:00+00:00,3492.69
2024-12-14 05:30:00+00:00,3500.79
2024-12-14 06:00:00+00:00,3531.05
2024-12-14 06:30:00+00:00,3630.03
2024-12-14 07:00:00+00:00,3718.58
2024-12-14 07:30:00+00:00,3879.13
2024-12-14 08:00:00+00:00,3987.25
2024-12-14 08:30:00+00:00,4119.08
2024-12-14 09:00:00+00:00,4261.98
2024-12-14 09:30:00+00:00,4389.93
2024-12-14 10:00:00+00:00,4468.88
2024-12-14 10:30:00+00:00,4518.34
2024-12-14 11:00:00+00:00,4534.44
2024-12-14 11:30:00+00:00,4577.72
2024-12-14 12:00:00+00:00,4575.02
2024-12-14 12:30:00+00:00,4591.56
2024-12-14 13:00:00+00:00,4590.96
2024-12-14 13:30:00+00:00,4552.09
2024-12-14 14:00:00+00:00,4522.14
2024-12-14 14:30:00+00:00,4494.65
2024-12-14 15:00:00+00:00,4484.58
2024-12-14 15:30:00+00:00,4487.83
2024-12-14 16:00:00+00:00,4570.72
2024-12-14 16:30:00+00:00,4758.3
2024-12-14 17:00:00+00:00,4850.51
2024-12-14 17:30:00+00:00,4916.52
2024-12-14 18:00:00+00:00,4850.17
2024-12-14 18:30:00+00:00,4763.88
2024-12-14 19:00:00+00:00,4684.51
2024-12-14 19:30:00+00:00,4585.02
2024-12-14 20:00:00+00:00,4486.5
2024-12-14 20:30:00+00:00,4412.94
2024-12-14 21:00:00+00:00,4299.27
2024-12-14 21:30:00+00:00,4193.04
2024-12-14 22:00:00+00:00,4033.48
2024-12-14 22:30:00+00:00,3921.48
2024-12-14 23:00:00+00:00,3843.24
2024-12-14 23:30:00+00:00,3850.17
2024-12-15 00:00:00+00:00,3710.05
2024-12-15 00:30:00+00:00,3648.85
2024-12-15 01:00:00+00:00,3515.51
2024-12-15 01:30:00+00:00,3413.1
2024-12-15 02:00:00+00:00,3349.06
2024-12-15 02:30:00+00:00,3355.3
2024-12-15 03:00:00+00:00,3303.09
2024-12-15 03:30:00+00:00,3296.15
2024-12-15 04:00:00+00:00,3307.97
2024-12-15 04:30:00+00:00,3261.32
2024-12-15 05:00:00+00:00,3234.21
2024-12-15 05:30:00+00:00,3224.86
2024-12-15 06:00:00+00:00,3226.77
2024-12-15 06:30:00+00:00,3290.22
2024-12-15 07:00:00+00:00,3339.52
2024-12-15 07:30:00+00:00,3427.16
2024-12-15 08:00:00+00:00,3528.63
2024-12-15 08:30:00+00:00,3640.74
2024-12-15 09:00:00+00:00,3734.77
2024-12-15 09:30:00+00:00,3903.02
2024-12-15 10:00:00+00:00,4031.07
2024-12-15 10:30:00+00:00,4101.42
2024-12-15 11:00:00+00:00,4112.32
2024-12-15 11:30:00+00:00,4156.64
2024-12-15 12:00:00+00:00,4193.8
2024-12-15 12:30:00+00:00,4270.41
2024-12-15 13:00:00+00:00,4252.56
2024-12-15 13:30:00+00:00,4248.31
2024-12-15 14:00:00+00:00,4196.42
2024-12-15 14:30:00+00:00,4168.77
2024-12-15 15:00:00+00:00,4184.22
2024-12-15 15:30:00+00:00,4253.6
2024-12-15 16:00:00+00:00,4302.71
2024-12-15 16:30:00+00:00,4501.61
2024-12-15 17:00:00+00:00,4656.97
2024-12-15 17:30:00+00:00,4759.78
2024-12-15 18:00:00+00:00,4737.07
2024-12-15 18:30:00+00:00,4652.14
2024-12-15 19:00:00+00:00,4623.24
2024-12-15 19:30:00+00:00,4556.98
2024-12-15 20:00:00+00:00,4536.58
2024-12-15 20:30:00+00:00,4396.03
2024-12-15 21:00:00+00:00,4300.63
2024-12-15 21:30:00+00:00,4182.97
2024-12-15 22:00:00+00:00,4017.98
2024-12-15 22:30:00+00:00,3874.43
2024-12-15 23:00:00+00:00,3728.57
2024-12-15 23:30:00+00:00,3731.49
2024-12-16 00:00:00+00:00,3599.74
2024-12-16 00:30:00+00:00,3518.23
2024-12-16 01:00:00+00:00,3434.58
2024-12-16 01:30:00+00:00,3374.8
2024-12-16 02:00:00+00:00,3296.9
2024-12-16 02:30:00+00:00,3338.59
2024-12-16 03:00:00+00:00,3293.91
2024-12-16 03:30:00+00:00,3251.38
2024-12-16 04:00:00+00:00,3243.13
2024-12-16 04:30:00+00:00,3221.36
2024-12-16 05:00:00+00:00,3264.96
2024-12-16 05:30:00+00:00,3311.77
2024-12-16 06:00:00+00:00,3443.49
2024-12-16 06:30:00+00:00,3645.74
2024-12-16 07:00:00+00:00,3942.43
2024-12-16 07:30:00+00:00,4306.94
2024-12-16 08:00:00+00:00,4505.45
2024-12-16 08:30:00+00:00,4556.81
2024-12-16 09:00:00+00:00,4610.02
2024-12-16 09:30:00+00:00,4720.05
2024-12-16 10:00:00+00:00,4756.2
2024-12-16 10:30:00+00:00,4770.63
2024-12-16 11:00:00+00:00,4733.83
2024-12-16 11:30:00+00:00,4724.77
2024-12-16 12:00:00+00:00,4720.98
2024-12-16 12:30:00+00:00,4793.59
2024-12-16 13:00:00+00:00,4766.83
2024-12-16 13:30:00+00:00,4702.88
2024-12-16 14:00:00+00:00,4693.43
2024-12-16 14:30:00+00:00,4668.87
2024-12-16 15:00:00+00:00,4705.37
2024-12-16 15:30:00+00:00,4785.5
2024-12-16 16:00:00+00:00,4861.34
2024-12-16 16:30:00+00:00,5091.33
2024-12-16 17:00:00+00:00,5214.66
2024-12-16 17:30:00+00:00,5291.36
2024-12-16 18:00:00+00:00,5242.3
2024-12-16 18:30:00+00:00,5172.98
2024-12-16 19:00:00+00:00,5064.73
2024-12-16 19:30:00+00:00,4956.21
2024-12-16 20:00:00+00:00,4835.34
2024-12-16 20:30:00+00:00,4720.25
2024-12-16 21:00:00+00:00,4601.87
2024-12-16 21:30:00+00:00,4435.18
2024-12-16 22:00:00+00:00,4245.14
2024-12-16 22:30:00+00:00,4057.0
2024-12-16 23:00:00+00:00,3911.73
2024-12-16 23:30:00+00:00,3871.09
2024-12-17 00:00:00+00:00,3725.57
2024-12-17 00:30:00+00:00,3655.28
2024-12-17 01:00:00+00:00,3547.9
2024-12-17 01:30:00+00:00,3463.33
2024-12-17 02:00:00+00:00,3416.75
2024-12-17 02:30:00+00:00,3459.45
2024-12-17 03:00:00+00:00,3404.99
2024-12-17 03:30:00+00:00,3358.88
2024-12-17 04:00:00+00:00,3277.84
2024-12-17 04:30:00+00:00,3282.5
2024-12-17 05:00:00+00:00,3277.56
2024-12-17 05:30:00+00:00,3361.57
2024-12-17 06:00:00+00:00,3525.28
2024-12-17 06:30:00+00:00,3753.55
2024-12-17 07:00:00+00:00,4026.24
2024-12-17 07:30:00+00:00,4339.32
2024-12-17 08:00:00+00:00,4483.6
2024-12-17 08:30:00+00:00,4561.61
2024-12-17 09:00:00+00:00,4656.58
2024-12-17 09:30:00+00:00,4702.03
2024-12-17 10:00:00+00:00,4710.73
2024-12-17 10:30:00+00:00,4708.4
2024-12-17 11:00:00+00:00,4720.83
2024-12-17 11:30:00+00:00,4737.96
2024-12-17 12:00:00+00:00,4733.3
2024-12-17 12:30:00+00:00,4781.39
2024-12-17 13:00:00+00:00,4771.18
2024-12-17 13:30:00+00:00,4723.05
2024-12-17 14:00:00+00:00,4717.17
2024-12-17 14:30:00+00:00,4719.87
2024-12-17 15:00:00+00:00,4735.08
2024-12-17 15:30:00+00:00,4794.77
2024-12-17 16:00:00+00:00,4839.66
2024-12-17 16:30:00+00:00,4995.55
2024-12-17 17:00:00+00:00,5112.55
2024-12-17 17:30:00+00:00,5197.49
2024-12-17 18:00:00+00:00,5160.16
2024-12-17 18:30:00+00:00,5101.04
2024-12-17 19:00:00+00:00,5014.4
2024-12-17 19:30:00+00:00,4916.78
2024-12-17 20:00:00+00:00,4784.95
2024-12-17 20:30:00+00:00,4688.31
2024-12-17 21:00:00+00:00,4561.24
2024-12-17 21:30:00+00:00,4404.68
2024-12-17 22:00:00+00:00,4220.05
2024-12-17 22:30:00+00:00,4062.78
2024-12-17 23:00:00+00:00,3916.95
2024-12-17 23:30:00+00:00,3864.82
2024-12-18 00:00:00+00:00,3698.9
2024-12-18 00:30:00+00:00,3643.91
2024-12-18 01:00:00+00:00,3535.29
2024-12-18 01:30:00+00:00,3441.56
2024-12-18 02:00:00+00:00,3394.95
2024-12-18 02:30:00+00:00,3418.63
2024-12-18 03:00:00+00:00,3373.71
2024-12-18 03:30:00+00:00,3330.66
2024-12-18 04:00:00+00:00,3296.43
2024-12-18 04:30:00+00:00,3267.98
2024-12-18 05:00:00+00:00,3279.85
2024-12-18 05:30:00+00:00,3323.45
2024-12-18 06:00:00+00:00,3440.62
2024-12-18 06:30:00+00:00,3686.34
2024-12-18 07:00:00+00:00,3990.16
2024-12-18 07:30:00+00:00,4306.07
2024-12-18 08:00:00+00:00,4469.66
2024-12-18 08:30:00+00:00,4520.62
2024-12-18 09:00:00+00:00,4544.26
2024-12-18 09:30:00+00:00,4613.68
2024-12-18 10:00:00+00:00,4628.2
2024-12-18 10:30:00+00:00,4589.34
2024-12-18 11:00:00+00:00,4617.31
2024-12-18 11:30:00+00:00,4688.22
2024-12-18 12:00:00+00:00,4726.92
2024-12-18 12:30:00+00:00,4733.27
2024-12-18 13:00:00+00:00,4704.71
2024-12-18 13:30:00+00:00,4687.37
2024-12-18 14:00:00+00:00,4680.88
2024-12-18 14:30:00+00:00,4763.73
2024-12-18 15:00:00+00:00,4748.57
2024-12-18 15:30:00+00:00,4830.42
2024-12-18 16:00:00+00:00,4898.47
2024-12-18 16:30:00+00:00,5070.16
2024-12-18 17:00:00+00:00,5188.15
2024-12-18 17:30:00+00:00,5239.98
2024-12-18 18:00:00+00:00,5177.94
2024-12-18 18:30:00+00:00,5079.64
2024-12-18 19:00:00+00:00,4989.69
2024-12-18 19:30:00+00:00,4902.5
2024-12-18 20:00:00+00:00,4763.43
2024-12-18 20:30:00+00:00,4680.09
2024-12-18 21:00:00+00:00,4582.28
2024-12-18 21:30:00+00:00,4403.18
2024-12-18 22:00:00+00:00,4234.14
2024-12-18 22:30:00+00:00,4057.74
2024-12-18 23:00:00+00:00,3931.48
2024-12-18 23:30:00+00:00,3919.0
2024-12-19 00:00:00+00:00,3787.44
2024-12-19 00:30:00+00:00,3729.99
2024-12-19 01:00:00+00:00,3621.53
2024-12-19 01:30:00+00:00,3548.7
2024-12-19 02:00:00+00:00,3517.2
2024-12-19 02:30:00+00:00,3561.37
2024-12-19 03:00:00+00:00,3524.96
2024-12-19 03:30:00+00:00,3496.6
2024-12-19 04:00:00+00:00,3495.97
2024-12-19 04:30:00+00:00,3462.22
2024-12-19 05:00:00+00:00,3473.14
2024-12-19 05:30:00+00:00,3539.16
2024-12-19 06:00:00+00:00,3652.54
2024-12-19 06:30:00+00:00,3909.53
2024-12-19 07:00:00+00:00,4165.91
2024-12-19 07:30:00+00:00,4510.76
2024-12-19 08:00:00+00:00,4683.76
2024-12-19 08:30:00+00:00,4762.4
2024-12-19 09:00:00+00:00,4786.08
2024-12-19 09:30:00+00:00,4847.98
2024-12-19 10:00:00+00:00,4826.6
2024-12-19 10:30:00+00:00,4745.38
2024-12-19 11:00:00+00:00,4704.78
2024-12-19 11:30:00+00:00,4628.7
2024-12-19 12:00:00+00:00,4644.85
2024-12-19 12:30:00+00:00,4654.84
2024-12-19 13:00:00+00:00,4609.7
2024-12-19 13:30:00+00:00,4573.04
2024-12-19 14:00:00+00:00,4570.38
2024-12-19 14:30:00+00:00,4575.06
2024-12-19 15:00:00+00:00,4600.55
2024-12-19 15:30:00+00:00,4723.46
2024-12-19 16:00:00+00:00,4790.45
2024-12-19 16:30:00+00:00,4975.39
2024-12-19 17:00:00+00:00,5189.24
2024-12-19 17:30:00+00:00,5245.22
2024-12-19 18:00:00+00:00,5220.82
2024-12-19 18:30:00+00:00,5168.12
2024-12-19 19:00:00+00:00,5068.82
2024-12-19 19:30:00+00:00,5011.25
2024-12-19 20:00:00+00:00,4909.25
2024-12-19 20:30:00+00:00,4815.54
2024-12-19 21:00:00+00:00,4751.39
2024-12-19 21:30:00+00:00,4611.23
2024-12-19 22:00:00+00:00,4420.92
2024-12-19 22:30:00+00:00,4236.93
2024-12-19 23:00:00+00:00,4085.94
2024-12-19 23:30:00+00:00,4063.22
2024-12-20 00:00:00+00:00,3909.04
2024-12-20 00:30:00+00:00,3804.95
2024-12-20 01:00:00+00:00,3697.28
2024-12-20 01:30:00+00:00,3629.21
2024-12-20 02:00:00+00:00,3514.0
2024-12-20 02:30:00+00:00,3541.62
2024-12-20 03:00:00+00:00,3484.54
2024-12-20 03:30:00+00:00,3464.52
2024-12-20 04:00:00+00:00,3417.76
2024-12-20 04:30:00+00:00,3404.74
2024-12-20 05:00:00+00:00,3429.19
2024-12-20 05:30:00+00:00,3461.49
2024-12-20 06:00:00+00:00,3558.92
2024-12-20 06:30:00+00:00,3716.51
2024-12-20 07:00:00+00:00,3978.01
2024-12-20 07:30:00+00:00,4300.28
2024-12-20 08:00:00+00:00,4452.03
2024-12-20 08:30:00+00:00,4545.89
2024-12-20 09:00:00+00:00,4507.47
2024-12-20 09:30:00+00:00,4609.74
2024-12-20 10:00:00+00:00,4610.76
2024-12-20 10:30:00+00:00,4605.01
2024-12-20 11:00:00+00:00,4565.06
2024-12-20 11:30:00+00:00,4545.68
2024-12-20 12:00:00+00:00,4521.73
2024-12-20 12:30:00+00:00,4507.97
2024-12-20 13:00:00+00:00,4508.81
2024-12-20 13:30:00+00:00,4407.0
2024-12-20 14:00:00+00:00,4381.96
2024-12-20 14:30:00+00:00,4377.56
2024-12-20 15:00:00+00:00,4376.78
2024-12-20 15:30:00+00:00,4426.3
2024-12-20 16:00:00+00:00,4486.91
2024-12-20 16:30:00+00:00,4607.71
2024-12-20 17:00:00+00:00,4786.39
2024-12-20 17:30:00+00:00,4866.65
2024-12-20 18:00:00+00:00,4858.41
2024-12-20 18:30:00+00:00,4797.66
2024-12-20 19:00:00+00:00,4761.56
2024-12-20 19:30:00+00:00,4679.36
2024-12-20 20:00:00+00:00,4587.34
2024-12-20 20:30:00+00:00,4535.84
2024-12-20 21:00:00+00:00,4406.63
2024-12-20 21:30:00+00:00,4318.05
2024-12-20 22:00:00+00:00,4187.23
2024-12-20 22:30:00+00:00,4010.96
2024-12-20 23:00:00+00:00,3892.79
2024-12-20 23:30:00+00:00,3887.18
2024-12-21 00:00:00+00:00,3764.74
2024-12-21 00:30:00+00:00,3677.39
2024-12-21 01:00:00+00:00,3592.66
2024-12-21 01:30:00+00:00,3530.27
2024-12-21 02:00:00+00:00,3450.17
2024-12-21 02:30:00+00:00,3485.67
2024-12-21 03:00:00+00:00,3414.58
2024-12-21 03:30:00+00:00,3372.06
2024-12-21 04:00:00+00:00,3322.37
2024-12-21 04:30:00+00:00,3279.86
2024-12-21 05:00:00+00:00,3267.18
2024-12-21 05:30:00+00:00,3274.94
2024-12-21 06:00:00+00:00,3313.89
2024-12-21 06:30:00+00:00,3385.18
2024-12-21 07:00:00+00:00,3466.96
2024-12-21 07:30:00+00:00,3612.14
2024-12-21 08:00:00+00:00,3710.0
2024-12-21 08:30:00+00:00,3831.91
2024-12-21 09:00:00+00:00,3911.2
2024-12-21 09:30:00+00:00,4054.95
2024-12-21 10:00:00+00:00,4168.78
2024-12-21 10:30:00+00:00,4163.75
2024-12-21 11:00:00+00:00,4175.96
2024-12-21 11:30:00+00:00,4177.74
2024-12-21 12:00:00+00:00,4196.13
2024-12-21 12:30:00+00:00,4258.4
2024-12-21 13:00:00+00:00,4275.42
2024-12-21 13:30:00+00:00,4302.54
2024-12-21 14:00:00+00:00,4257.3
2024-12-21 14:30:00+00:00,4264.22
2024-12-21 15:00:00+00:00,4294.83
2024-12-21 15:30:00+00:00,4325.68
2024-12-21 16:00:00+00:00,4440.59
2024-12-21 16:30:00+00:00,4612.78
2024-12-21 17:00:00+00:00,4735.26
2024-12-21 17:30:00+00:00,4782.06
2024-12-21 18:00:00+00:00,4763.57
2024-12-21 18:30:00+00:00,4706.4
2024-12-21 19:00:00+00:00,4614.13
2024-12-21 19:30:00+00:00,4544.55
2024-12-21 20:00:00+00:00,4456.08
2024-12-21 20:30:00+00:00,4357.38
2024-12-21 21:00:00+00:00,4281.3
2024-12-21 21:30:00+00:00,4173.63
2024-12-21 22:00:00+00:00,4040.5
2024-12-21 22:30:00+00:00,3899.06
2024-12-21 23:00:00+00:00,3796.44
2024-12-21 23:30:00+00:00,3809.0
2024-12-22 00:00:00+00:00,3723.89
2024-12-22 00:30:00+00:00,3655.51
2024-12-22 01:00:00+00:00,3514.2
2024-12-22 01:30:00+00:00,3467.96
2024-12-22 02:00:00+00:00,3375.54
2024-12-22 02:30:00+00:00,3423.4
2024-12-22 03:00:00+00:00,3354.13
2024-12-22 03:30:00+00:00,3337.3
2024-12-22 04:00:00+00:00,3297.94
2024-12-22 04:30:00+00:00,3251.13
2024-12-22 05:00:00+00:00,3220.25
2024-12-22 05:30:00+00:00,3215.96
2024-12-22 06:00:00+00:00,3257.34
2024-12-22 06:30:00+00:00,3301.98
2024-12-22 07:00:00+00:00,3364.97
2024-12-22 07:30:00+00:00,3488.87
2024-12-22 08:00:00+00:00,3578.95
2024-12-22 08:30:00+00:00,3684.38
2024-12-22 09:00:00+00:00,3817.7
2024-12-22 09:30:00+00:00,3974.06
2024-12-22 10:00:00+00:00,4101.71
2024-12-22 10:30:00+00:00,4171.6
2024-12-22 11:00:00+00:00,4221.26
2024-12-22 11:30:00+00:00,4256.73
2024-12-22 12:00:00+00:00,4282.42
2024-12-22 12:30:00+00:00,4291.72
2024-12-22 13:00:00+00:00,4304.18
2024-12-22 13:30:00+00:00,4291.3
2024-12-22 14:00:00+00:00,4263.0
2024-12-22 14:30:00+00:00,4256.73
2024-12-22 15:00:00+00:00,4273.62
2024-12-22 15:30:00+00:00,4308.9
2024-12-22 16:00:00+00:00,4382.31
2024-12-22 16:30:00+00:00,4512.57
2024-12-22 17:00:00+00:00,4668.87
2024-12-22 17:30:00+00:00,4746.13
2024-12-22 18:00:00+00:00,4733.97
2024-12-22 18:30:00+00:00,4680.41
2024-12-22 19:00:00+00:00,4639.61
2024-12-22 19:30:00+00:00,4585.57
2024-12-22 20:00:00+00:00,4564.8
2024-12-22 20:30:00+00:00,4480.47
2024-12-22 21:00:00+00:00,4383.12
2024-12-22 21:30:00+00:00,4276.76
2024-12-22 22:00:00+00:00,4145.3
2024-12-22 22:30:00+00:00,4012.0
2024-12-22 23:00:00+00:00,3860.42
2024-12-22 23:30:00+00:00,3828.99
2024-12-23 00:00:00+00:00,3711.13
2024-12-23 00:30:00+00:00,3641.63
2024-12-23 01:00:00+00:00,3508.48
2024-12-23 01:30:00+00:00,3437.8
2024-12-23 02:00:00+00:00,3359.3
2024-12-23 02:30:00+00:00,3370.47
2024-12-23 03:00:00+00:00,3337.98
2024-12-23 03:30:00+00:00,3328.77
2024-12-23 04:00:00+00:00,3291.27
2024-12-23 04:30:00+00:00,3278.98
2024-12-23 05:00:00+00:00,3253.24
2024-12-23 05:30:00+00:00,3294.12
2024-12-23 06:00:00+00:00,3417.56
2024-12-23 06:30:00+00:00,3554.79
2024-12-23 07:00:00+00:00,3668.97
2024-12-23 07:30:00+00:00,3874.59
2024-12-23 08:00:00+00:00,4020.53
2024-12-23 08:30:00+00:00,4172.67
2024-12-23 09:00:00+00:00,4303.72
2024-12-23 09:30:00+00:00,4409.97
2024-12-23 10:00:00+00:00,4476.22
2024-12-23 10:30:00+00:00,4516.42
2024-12-23 11:00:00+00:00,4508.73
2024-12-23 11:30:00+00:00,4530.96
2024-12-23 12:00:00+00:00,4556.58
2024-12-23 12:30:00+00:00,4562.85
2024-12-23 13:00:00+00:00,4560.97
2024-12-23 13:30:00+00:00,4537.36
2024-12-23 14:00:00+00:00,4489.03
2024-12-23 14:30:00+00:00,4470.84
2024-12-23 15:00:00+00:00,4466.24
2024-12-23 15:30:00+00:00,4506.23
2024-12-23 16:00:00+00:00,4535.59
2024-12-23 16:30:00+00:00,4695.78
2024-12-23 17:00:00+00:00,4806.95
2024-12-23 17:30:00+00:00,4862.56
2024-12-23 18:00:00+00:00,4827.96
2024-12-23 18:30:00+00:00,4746.34
2024-12-23 19:00:00+00:00,4661.04
2024-12-23 19:30:00+00:00,4565.66
2024-12-23 20:00:00+00:00,4476.68
2024-12-23 20:30:00+00:00,4387.85
2024-12-23 21:00:00+00:00,4316.23
2024-12-23 21:30:00+00:00,4186.02
2024-12-23 22:00:00+00:00,4050.31
2024-12-23 22:30:00+00:00,3922.02
2024-12-23 23:00:00+00:00,3802.59
2024-12-23 23:30:00+00:00,3830.29
2024-12-24 00:00:00+00:00,3684.48
2024-12-24 00:30:00+00:00,3568.64
2024-12-24 01:00:00+00:00,3451.2
2024-12-24 01:30:00+00:00,3360.42
2024-12-24 02:00:00+00:00,3291.22
2024-12-24 02:30:00+00:00,3327.08
2024-12-24 03:00:00+00:00,3266.26
2024-12-24 03:30:00+00:00,3249.77
2024-12-24 04:00:00+00:00,3180.27
2024-12-24 04:30:00+00:00,3117.65
2024-12-24 05:00:00+00:00,3149.64
2024-12-24 05:30:00+00:00,3146.74
2024-12-24 06:00:00+00:00,3212.59
2024-12-24 06:30:00+00:00,3296.47
2024-12-24 07:00:00+00:00,3431.31
2024-12-24 07:30:00+00:00,3576.07
2024-12-24 08:00:00+00:00,3713.06
2024-12-24 08:30:00+00:00,3846.49
2024-12-24 09:00:00+00:00,3964.2
2024-12-24 09:30:00+00:00,4113.68
2024-12-24 10:00:00+00:00,4208.1
2024-12-24 10:30:00+00:00,4239.63
2024-12-24 11:00:00+00:00,4274.41
2024-12-24 11:30:00+00:00,4309.03
2024-12-24 12:00:00+00:00,4297.45
2024-12-24 12:30:00+00:00,4315.9
2024-12-24 13:00:00+00:00,4323.17
2024-12-24 13:30:00+00:00,4265.59
2024-12-24 14:00:00+00:00,4235.31
2024-12-24 14:30:00+00:00,4210.57
2024-12-24 15:00:00+00:00,4212.89
2024-12-24 15:30:00+00:00,4267.7
2024-12-24 16:00:00+00:00,4317.65
2024-12-24 16:30:00+00:00,4441.22
2024-12-24 17:00:00+00:00,4555.26
2024-12-24 17:30:00+00:00,4557.05
2024-12-24 18:00:00+00:00,4452.18
2024-12-24 18:30:00+00:00,4378.89
2024-12-24 19:00:00+00:00,4264.31
2024-12-24 19:30:00+00:00,4216.18
2024-12-24 20:00:00+00:00,4099.46
2024-12-24 20:30:00+00:00,4003.93
2024-12-24 21:00:00+00:00,3924.2
2024-12-24 21:30:00+00:00,3797.39
2024-12-24 22:00:00+00:00,3705.25
2024-12-24 22:30:00+00:00,3593.35
2024-12-24 23:00:00+00:00,3485.33
2024-12-24 23:30:00+00:00,3549.94
2024-12-25 00:00:00+00:00,3440.32
2024-12-25 00:30:00+00:00,3339.29
2024-12-25 01:00:00+00:00,3228.33
2024-12-25 01:30:00+00:00,3160.71
2024-12-25 02:00:00+00:00,3068.99
2024-12-25 02:30:00+00:00,3072.77
2024-12-25 03:00:00+00:00,3024.11
2024-12-25 03:30:00+00:00,2991.23
2024-12-25 04:00:00+00:00,2972.96
2024-12-25 04:30:00+00:00,2928.34
2024-12-25 05:00:00+00:00,2908.81
2024-12-25 05:30:00+00:00,2895.68
2024-12-25 06:00:00+00:00,2935.67
2024-12-25 06:30:00+00:00,2996.01
2024-12-25 07:00:00+00:00,3069.94
2024-12-25 07:30:00+00:00,3179.74
2024-12-25 08:00:00+00:00,3285.34
2024-12-25 08:30:00+00:00,3442.8
2024-12-25 09:00:00+00:00,3618.49
2024-12-25 09:30:00+00:00,3814.53
2024-12-25 10:00:00+00:00,3982.16
2024-12-25 10:30:00+00:00,4070.14
2024-12-25 11:00:00+00:00,4117.05
2024-12-25 11:30:00+00:00,4157.9
2024-12-25 12:00:00+00:00,4205.03
2024-12-25 12:30:00+00:00,4282.67
2024-12-25 13:00:00+00:00,4348.24
2024-12-25 13:30:00+00:00,4407.9
2024-12-25 14:00:00+00:00,4356.49
2024-12-25 14:30:00+00:00,4331.75
2024-12-25 15:00:00+00:00,4235.62
2024-12-25 15:30:00+00:00,4129.15
2024-12-25 16:00:00+00:00,4006.59
2024-12-25 16:30:00+00:00,3944.55
2024-12-25 17:00:00+00:00,3941.03
2024-12-25 17:30:00+00:00,3859.87
2024-12-25 18:00:00+00:00,3761.77
2024-12-25 18:30:00+00:00,3681.95
2024-12-25 19:00:00+00:00,3627.88
2024-12-25 19:30:00+00:00,3596.0
2024-12-25 20:00:00+00:00,3542.31
2024-12-25 20:30:00+00:00,3535.45
2024-12-25 21:00:00+00:00,3481.19
2024-12-25 21:30:00+00:00,3447.32
2024-12-25 22:00:00+00:00,3400.36
2024-12-25 22:30:00+00:00,3335.62
2024-12-25 23:00:00+00:00,3335.63
2024-12-25 23:30:00+00:00,3357.8
2024-12-26 00:00:00+00:00,3274.86
2024-12-26 00:30:00+00:00,3225.72
2024-12-26 01:00:00+00:00,3110.01
2024-12-26 01:30:00+00:00,3039.17
2024-12-26 02:00:00+00:00,2979.34
2024-12-26 02:30:00+00:00,2985.71
2024-12-26 03:00:00+00:00,2933.57
2024-12-26 03:30:00+00:00,2905.35
2024-12-26 04:00:00+00:00,2869.83
2024-12-26 04:30:00+00:00,2847.03
2024-12-26 05:00:00+00:00,2824.17
2024-12-26 05:30:00+00:00,2837.85
2024-12-26 06:00:00+00:00,2862.94
2024-12-26 06:30:00+00:00,2931.54
2024-12-26 07:00:00+00:00,2975.12
2024-12-26 07:30:00+00:00,3046.31
2024-12-26 08:00:00+00:00,3074.08
2024-12-26 08:30:00+00:00,3122.71
2024-12-26 09:00:00+00:00,3208.93
2024-12-26 09:30:00+00:00,3355.61
2024-12-26 10:00:00+00:00,3495.41
2024-12-26 10:30:00+00:00,3614.84
2024-12-26 11:00:00+00:00,3722.33
2024-12-26 11:30:00+00:00,3811.22
2024-12-26 12:00:00+00:00,3873.73
2024-12-26 12:30:00+00:00,3950.33
2024-12-26 13:00:00+00:00,3980.6
2024-12-26 13:30:00+00:00,4001.66
2024-12-26 14:00:00+00:00,3975.09
2024-12-26 14:30:00+00:00,3969.15
2024-12-26 15:00:00+00:00,3969.35
2024-12-26 15:30:00+00:00,3965.48
2024-12-26 16:00:00+00:00,4017.06
2024-12-26 16:30:00+00:00,4114.44
2024-12-26 17:00:00+00:00,4218.81
2024-12-26 17:30:00+00:00,4247.07
2024-12-26 18:00:00+00:00,4205.28
2024-12-26 18:30:00+00:00,4142.28
2024-12-26 19:00:00+00:00,4054.27
2024-12-26 19:30:00+00:00,3989.92
2024-12-26 20:00:00+00:00,3909.21
2024-12-26 20:30:00+00:00,3831.45
2024-12-26 21:00:00+00:00,3769.18
2024-12-26 21:30:00+00:00,3680.34
2024-12-26 22:00:00+00:00,3583.51
2024-12-26 22:30:00+00:00,3490.9
2024-12-26 23:00:00+00:00,3429.68
2024-12-26 23:30:00+00:00,3452.49
2024-12-27 00:00:00+00:00,3371.93
2024-12-27 00:30:00+00:00,3306.46
2024-12-27 01:00:00+00:00,3206.6
2024-12-27 01:30:00+00:00,3167.72
2024-12-27 02:00:00+00:00,3090.52
2024-12-27 02:30:00+00:00,3097.67
2024-12-27 03:00:00+00:00,3042.59
2024-12-27 03:30:00+00:00,3008.97
2024-12-27 04:00:00+00:00,2985.28
2024-12-27 04:30:00+00:00,2947.38
2024-12-27 05:00:00+00:00,2969.44
2024-12-27 05:30:00+00:00,2989.43
2024-12-27 06:00:00+00:00,3052.69
2024-12-27 06:30:00+00:00,3141.65
2024-12-27 07:00:00+00:00,3227.57
2024-12-27 07:30:00+00:00,3329.57
2024-12-27 08:00:00+00:00,3403.42
2024-12-27 08:30:00+00:00,3496.01
2024-12-27 09:00:00+00:00,3604.33
2024-12-27 09:30:00+00:00,3762.69
2024-12-27 10:00:00+00:00,3868.84
2024-12-27 10:30:00+00:00,3976.54
2024-12-27 11:00:00+00:00,4049.8
2024-12-27 11:30:00+00:00,4092.38
2024-12-27 12:00:00+00:00,4112.95
2024-12-27 12:30:00+00:00,4163.79
2024-12-27 13:00:00+00:00,4183.72
2024-12-27 13:30:00+00:00,4175.3
2024-12-27 14:00:00+00:00,4161.73
2024-12-27 14:30:00+00:00,4164.89
2024-12-27 15:00:00+00:00,4158.08
2024-12-27 15:30:00+00:00,4193.8
2024-12-27 16:00:00+00:00,4252.36
2024-12-27 16:30:00+00:00,4397.28
2024-12-27 17:00:00+00:00,4539.74
2024-12-27 17:30:00+00:00,4590.69
2024-12-27 18:00:00+00:00,4546.62
2024-12-27 18:30:00+00:00,4488.72
2024-12-27 19:00:00+00:00,4392.6
2024-12-27 19:30:00+00:00,4309.47
2024-12-27 20:00:00+00:00,4205.91
2024-12-27 20:30:00+00:00,4129.7
2024-12-27 21:00:00+00:00,4035.49
2024-12-27 21:30:00+00:00,3935.44
2024-12-27 22:00:00+00:00,3819.3
2024-12-27 22:30:00+00:00,3712.31
2024-12-27 23:00:00+00:00,3609.9
2024-12-27 23:30:00+00:00,3617.24
2024-12-28 00:00:00+00:00,3520.83
2024-12-28 00:30:00+00:00,3436.22
2024-12-28 01:00:00+00:00,3337.0
2024-12-28 01:30:00+00:00,3253.37
2024-12-28 02:00:00+00:00,3206.19
2024-12-28 02:30:00+00:00,3228.86
2024-12-28 03:00:00+00:00,3160.23
2024-12-28 03:30:00+00:00,3141.66
2024-12-28 04:00:00+00:00,3093.46
2024-12-28 04:30:00+00:00,3064.09
2024-12-28 05:00:00+00:00,3038.77
2024-12-28 05:30:00+00:00,3056.21
2024-12-28 06:00:00+00:00,3086.29
2024-12-28 06:30:00+00:00,3140.18
2024-12-28 07:00:00+00:00,3212.64
2024-12-28 07:30:00+00:00,3309.36
2024-12-28 08:00:00+00:00,3370.96
2024-12-28 08:30:00+00:00,3471.68
2024-12-28 09:00:00+00:00,3579.65
2024-12-28 09:30:00+00:00,3739.9
2024-12-28 10:00:00+00:00,3844.72
2024-12-28 10:30:00+00:00,3918.57
2024-12-28 11:00:00+00:00,3985.8
2024-12-28 11:30:00+00:00,4047.19
2024-12-28 12:00:00+00:00,4057.93
2024-12-28 12:30:00+00:00,4086.13
2024-12-28 13:00:00+00:00,4118.91
2024-12-28 13:30:00+00:00,4095.69
2024-12-28 14:00:00+00:00,4071.7
2024-12-28 14:30:00+00:00,4055.83
2024-12-28 15:00:00+00:00,4068.77
2024-12-28 15:30:00+00:00,4106.45
2024-12-28 16:00:00+00:00,4176.22
2024-12-28 16:30:00+00:00,4325.85
2024-12-28 17:00:00+00:00,4509.37
2024-12-28 17:30:00+00:00,4587.43
2024-12-28 18:00:00+00:00,4577.84
2024-12-28 18:30:00+00:00,4506.15
2024-12-28 19:00:00+00:00,4415.51
2024-12-28 19:30:00+00:00,4322.85
2024-12-28 20:00:00+00:00,4226.12
2024-12-28 20:30:00+00:00,4119.48
2024-12-28 21:00:00+00:00,4025.82
2024-12-28 21:30:00+00:00,3895.58
2024-12-28 22:00:00+00:00,3791.22
2024-12-28 22:30:00+00:00,3648.13
2024-12-28 23:00:00+00:00,3571.85
2024-12-28 23:30:00+00:00,3555.28
2024-12-29 00:00:00+00:00,3482.29
2024-12-29 00:30:00+00:00,3413.9
2024-12-29 01:00:00+00:00,3372.62
2024-12-29 01:30:00+00:00,3225.14
2024-12-29 02:00:00+00:00,3161.33
2024-12-29 02:30:00+00:00,3151.84
2024-12-29 03:00:00+00:00,3090.3
2024-12-29 03:30:00+00:00,3059.04
2024-12-29 04:00:00+00:00,3016.38
2024-12-29 04:30:00+00:00,2999.88
2024-12-29 05:00:00+00:00,2949.46
2024-12-29 05:30:00+00:00,2948.05
2024-12-29 06:00:00+00:00,2968.24
2024-12-29 06:30:00+00:00,3047.74
2024-12-29 07:00:00+00:00,3085.58
2024-12-29 07:30:00+00:00,3160.44
2024-12-29 08:00:00+00:00,3220.78
2024-12-29 08:30:00+00:00,3273.97
2024-12-29 09:00:00+00:00,3400.6
2024-12-29 09:30:00+00:00,3493.89
2024-12-29 10:00:00+00:00,3617.4
2024-12-29 10:30:00+00:00,3732.55
2024-12-29 11:00:00+00:00,3807.14
2024-12-29 11:30:00+00:00,3884.64
2024-12-29 12:00:00+00:00,3920.21
2024-12-29 12:30:00+00:00,3977.42
2024-12-29 13:00:00+00:00,4018.96
2024-12-29 13:30:00+00:00,3987.71
2024-12-29 14:00:00+00:00,3970.13
2024-12-29 14:30:00+00:00,3950.79
2024-12-29 15:00:00+00:00,3977.17
2024-12-29 15:30:00+00:00,4028.4
2024-12-29 16:00:00+00:00,4078.25
2024-12-29 16:30:00+00:00,4181.43
2024-12-29 17:00:00+00:00,4300.37
2024-12-29 17:30:00+00:00,4394.67
2024-12-29 18:00:00+00:00,4356.47
2024-12-29 18:30:00+00:00,4317.98
2024-12-29 19:00:00+00:00,4231.71
2024-12-29 19:30:00+00:00,4169.0
2024-12-29 20:00:00+00:00,4099.85
2024-12-29 20:30:00+00:00,4018.41
2024-12-29 21:00:00+00:00,3962.17
2024-12-29 21:30:00+00:00,3859.96
2024-12-29 22:00:00+00:00,3756.86
2024-12-29 22:30:00+00:00,3644.06
2024-12-29 23:00:00+00:00,3548.76
2024-12-29 23:30:00+00:00,3543.58
2024-12-30 00:00:00+00:00,3445.64
2024-12-30 00:30:00+00:00,3346.59
2024-12-30 01:00:00+00:00,3229.03
2024-12-30 01:30:00+00:00,3119.48
2024-12-30 02:00:00+00:00,3057.64
2024-12-30 02:30:00+00:00,3090.44
2024-12-30 03:00:00+00:00,3029.14
2024-12-30 03:30:00+00:00,3001.72
2024-12-30 04:00:00+00:00,2984.12
2024-12-30 04:30:00+00:00,2949.12
2024-12-30 05:00:00+00:00,2946.49
2024-12-30 05:30:00+00:00,2984.67
2024-12-30 06:00:00+00:00,3053.75
2024-12-30 06:30:00+00:00,3168.09
2024-12-30 07:00:00+00:00,3254.91
2024-12-30 07:30:00+00:00,3426.29
2024-12-30 08:00:00+00:00,3505.64
2024-12-30 08:30:00+00:00,3601.08
2024-12-30 09:00:00+00:00,3713.9
2024-12-30 09:30:00+00:00,3873.29
2024-12-30 10:00:00+00:00,3971.56
2024-12-30 10:30:00+00:00,4035.14
2024-12-30 11:00:00+00:00,4066.95
2024-12-30 11:30:00+00:00,4084.04
2024-12-30 12:00:00+00:00,4095.18
2024-12-30 12:30:00+00:00,4161.83
2024-12-30 13:00:00+00:00,4207.69
2024-12-30 13:30:00+00:00,4197.48
2024-12-30 14:00:00+00:00,4139.18
2024-12-30 14:30:00+00:00,4157.39
2024-12-30 15:00:00+00:00,4137.78
2024-12-30 15:30:00+00:00,4157.39
2024-12-30 16:00:00+00:00,4237.67
2024-12-30 16:30:00+00:00,4387.49
2024-12-30 17:00:00+00:00,4611.95
2024-12-30 17:30:00+00:00,4694.67
2024-12-30 18:00:00+00:00,4656.27
2024-12-30 18:30:00+00:00,4622.16
2024-12-30 19:00:00+00:00,4505.49
2024-12-30 19:30:00+00:00,4407.3
2024-12-30 20:00:00+00:00,4332.47
2024-12-30 20:30:00+00:00,4224.34
2024-12-30 21:00:00+00:00,4125.45
2024-12-30 21:30:00+00:00,3999.54
2024-12-30 22:00:00+00:00,3848.96
2024-12-30 22:30:00+00:00,3737.26
2024-12-30 23:00:00+00:00,3602.94
2024-12-30 23:30:00+00:00,3642.68
2024-12-31 00:00:00+00:00,3509.29
2024-12-31 00:30:00+00:00,3433.57
2024-12-31 01:00:00+00:00,3333.14
2024-12-31 01:30:00+00:00,3241.32
2024-12-31 02:00:00+00:00,3172.6
2024-12-31 02:30:00+00:00,3186.3
2024-12-31 03:00:00+00:00,3132.59
2024-12-31 03:30:00+00:00,3103.15
2024-12-31 04:00:00+00:00,3036.82
2024-12-31 04:30:00+00:00,3000.18
2024-12-31 05:00:00+00:00,2979.64
2024-12-31 05:30:00+00:00,3005.11
2024-12-31 06:00:00+00:00,3080.4
2024-12-31 06:30:00+00:00,3191.71
2024-12-31 07:00:00+00:00,3288.12
2024-12-31 07:30:00+00:00,3385.82
2024-12-31 08:00:00+00:00,3492.01
2024-12-31 08:30:00+00:00,3587.05
2024-12-31 09:00:00+00:00,3721.75
2024-12-31 09:30:00+00:00,3841.78
2024-12-31 10:00:00+00:00,3967.29
2024-12-31 10:30:00+00:00,4063.88
2024-12-31 11:00:00+00:00,4145.92
2024-12-31 11:30:00+00:00,4221.32
2024-12-31 12:00:00+00:00,4273.03
2024-12-31 12:30:00+00:00,4341.96
2024-12-31 13:00:00+00:00,4344.11
2024-12-31 13:30:00+00:00,4355.21
2024-12-31 14:00:00+00:00,4307.48
2024-12-31 14:30:00+00:00,4291.88
2024-12-31 15:00:00+00:00,4291.18
2024-12-31 15:30:00+00:00,4324.15
2024-12-31 16:00:00+00:00,4392.72
2024-12-31 16:30:00+00:00,4521.88
2024-12-31 17:00:00+00:00,4616.21
2024-12-31 17:30:00+00:00,4670.59
2024-12-31 18:00:00+00:00,4635.74
2024-12-31 18:30:00+00:00,4513.93
2024-12-31 19:00:00+00:00,4406.22
2024-12-31 19:30:00+00:00,4264.0
2024-12-31 20:00:00+00:00,4131.93
2024-12-31 20:30:00+00:00,3984.61
2024-12-31 21:00:00+00:00,3874.34
2024-12-31 21:30:00+00:00,3789.38
2024-12-31 22:00:00+00:00,3706.46
2024-12-31 22:30:00+00:00,3641.17
