DateTime,Wind Onshore [forecast-entsoe]
2023-12-31 23:00:00+00:00,3099.5
2024-01-01 00:00:00+00:00,2777.415
2024-01-01 01:00:00+00:00,2525.49
2024-01-01 02:00:00+00:00,2250.055
2024-01-01 03:00:00+00:00,1900.4
2024-01-01 04:00:00+00:00,1487.925
2024-01-01 05:00:00+00:00,1225.365
2024-01-01 06:00:00+00:00,885.555
2024-01-01 07:00:00+00:00,830.695
2024-01-01 08:00:00+00:00,803.795
2024-01-01 09:00:00+00:00,915.93
2024-01-01 10:00:00+00:00,1137.12
2024-01-01 11:00:00+00:00,1385.115
2024-01-01 12:00:00+00:00,1914.765
2024-01-01 13:00:00+00:00,2134.8
2024-01-01 14:00:00+00:00,2377.67
2024-01-01 15:00:00+00:00,2724.265
2024-01-01 16:00:00+00:00,2995.685
2024-01-01 17:00:00+00:00,3147.415
2024-01-01 18:00:00+00:00,3302.275
2024-01-01 19:00:00+00:00,3323.18
2024-01-01 20:00:00+00:00,3365.815
2024-01-01 21:00:00+00:00,3393.26
2024-01-01 22:00:00+00:00,3339.485
2024-01-01 23:00:00+00:00,3260.7
2024-01-02 00:00:00+00:00,3080.68
2024-01-02 01:00:00+00:00,2865.45
2024-01-02 02:00:00+00:00,2481.475
2024-01-02 03:00:00+00:00,2064.115
2024-01-02 04:00:00+00:00,1756.315
2024-01-02 05:00:00+00:00,1375.38
2024-01-02 06:00:00+00:00,938.255
2024-01-02 07:00:00+00:00,688.565
2024-01-02 08:00:00+00:00,679.535
2024-01-02 09:00:00+00:00,924.395
2024-01-02 10:00:00+00:00,1357.165
2024-01-02 11:00:00+00:00,1791.28
2024-01-02 12:00:00+00:00,1942.94
2024-01-02 13:00:00+00:00,2073.2
2024-01-02 14:00:00+00:00,2154.275
2024-01-02 15:00:00+00:00,2161.13
2024-01-02 16:00:00+00:00,2125.95
2024-01-02 17:00:00+00:00,1995.095
2024-01-02 18:00:00+00:00,1657.435
2024-01-02 19:00:00+00:00,1495.56
2024-01-02 20:00:00+00:00,1446.355
2024-01-02 21:00:00+00:00,1504.21
2024-01-02 22:00:00+00:00,1619.365
2024-01-02 23:00:00+00:00,1659.005
2024-01-03 00:00:00+00:00,1592.81
2024-01-03 01:00:00+00:00,1433.55
2024-01-03 02:00:00+00:00,1248.83
2024-01-03 03:00:00+00:00,1162.34
2024-01-03 04:00:00+00:00,1087.855
2024-01-03 05:00:00+00:00,973.585
2024-01-03 06:00:00+00:00,828.41
2024-01-03 07:00:00+00:00,896.175
2024-01-03 08:00:00+00:00,1070.71
2024-01-03 09:00:00+00:00,1304.88
2024-01-03 10:00:00+00:00,1509.07
2024-01-03 11:00:00+00:00,1586.78
2024-01-03 12:00:00+00:00,1555.95
2024-01-03 13:00:00+00:00,1723.68
2024-01-03 14:00:00+00:00,1906.72
2024-01-03 15:00:00+00:00,2076.145
2024-01-03 16:00:00+00:00,2238.875
2024-01-03 17:00:00+00:00,2348.16
2024-01-03 18:00:00+00:00,2337.14
2024-01-03 19:00:00+00:00,2380.83
2024-01-03 20:00:00+00:00,2351.36
2024-01-03 21:00:00+00:00,2295.75
2024-01-03 22:00:00+00:00,2256.155
2024-01-03 23:00:00+00:00,2212.475
2024-01-04 00:00:00+00:00,1993.895
2024-01-04 01:00:00+00:00,1816.815
2024-01-04 02:00:00+00:00,1576.755
2024-01-04 03:00:00+00:00,1383.245
2024-01-04 04:00:00+00:00,1267.855
2024-01-04 05:00:00+00:00,1134.005
2024-01-04 06:00:00+00:00,968.405
2024-01-04 07:00:00+00:00,766.01
2024-01-04 08:00:00+00:00,653.395
2024-01-04 09:00:00+00:00,583.565
2024-01-04 10:00:00+00:00,531.845
2024-01-04 11:00:00+00:00,487.46
2024-01-04 12:00:00+00:00,421.03
2024-01-04 13:00:00+00:00,390.155
2024-01-04 14:00:00+00:00,369.495
2024-01-04 15:00:00+00:00,368.065
2024-01-04 16:00:00+00:00,384.225
2024-01-04 17:00:00+00:00,418.085
2024-01-04 18:00:00+00:00,593.52
2024-01-04 19:00:00+00:00,616.1
2024-01-04 20:00:00+00:00,698.66
2024-01-04 21:00:00+00:00,844.23
2024-01-04 22:00:00+00:00,1010.03
2024-01-04 23:00:00+00:00,1126.81
2024-01-05 00:00:00+00:00,1153.97
2024-01-05 01:00:00+00:00,1261.055
2024-01-05 02:00:00+00:00,1317.19
2024-01-05 03:00:00+00:00,1313.36
2024-01-05 04:00:00+00:00,1309.695
2024-01-05 05:00:00+00:00,1312.63
2024-01-05 06:00:00+00:00,1277.765
2024-01-05 07:00:00+00:00,1258.385
2024-01-05 08:00:00+00:00,1268.085
2024-01-05 09:00:00+00:00,1267.735
2024-01-05 10:00:00+00:00,1247.36
2024-01-05 11:00:00+00:00,1289.32
2024-01-05 12:00:00+00:00,1320.85
2024-01-05 13:00:00+00:00,1420.05
2024-01-05 14:00:00+00:00,1588.275
2024-01-05 15:00:00+00:00,1697.935
2024-01-05 16:00:00+00:00,1668.86
2024-01-05 17:00:00+00:00,1554.425
2024-01-05 18:00:00+00:00,1423.545
2024-01-05 19:00:00+00:00,1394.685
2024-01-05 20:00:00+00:00,1366.695
2024-01-05 21:00:00+00:00,1311.45
2024-01-05 22:00:00+00:00,1223.61
2024-01-05 23:00:00+00:00,1193.91
2024-01-06 00:00:00+00:00,1204.7
2024-01-06 01:00:00+00:00,1179.08
2024-01-06 02:00:00+00:00,1132.47
2024-01-06 03:00:00+00:00,1057.075
2024-01-06 04:00:00+00:00,995.61
2024-01-06 05:00:00+00:00,902.655
2024-01-06 06:00:00+00:00,760.91
2024-01-06 07:00:00+00:00,715.92
2024-01-06 08:00:00+00:00,615.545
2024-01-06 09:00:00+00:00,528.33
2024-01-06 10:00:00+00:00,437.51
2024-01-06 11:00:00+00:00,394.495
2024-01-06 12:00:00+00:00,379.915
2024-01-06 13:00:00+00:00,302.545
2024-01-06 14:00:00+00:00,226.47
2024-01-06 15:00:00+00:00,195.85
2024-01-06 16:00:00+00:00,182.965
2024-01-06 17:00:00+00:00,171.855
2024-01-06 18:00:00+00:00,171.985
2024-01-06 19:00:00+00:00,155.725
2024-01-06 20:00:00+00:00,133.44
2024-01-06 21:00:00+00:00,107.43
2024-01-06 22:00:00+00:00,102.13
2024-01-06 23:00:00+00:00,91.81
2024-01-07 00:00:00+00:00,73.17
2024-01-07 01:00:00+00:00,68.68
2024-01-07 02:00:00+00:00,64.505
2024-01-07 03:00:00+00:00,66.945
2024-01-07 04:00:00+00:00,72.65
2024-01-07 05:00:00+00:00,75.95
2024-01-07 06:00:00+00:00,85.3
2024-01-07 07:00:00+00:00,110.995
2024-01-07 08:00:00+00:00,91.8
2024-01-07 09:00:00+00:00,78.42
2024-01-07 10:00:00+00:00,79.87
2024-01-07 11:00:00+00:00,102.895
2024-01-07 12:00:00+00:00,79.295
2024-01-07 13:00:00+00:00,68.54
2024-01-07 14:00:00+00:00,64.395
2024-01-07 15:00:00+00:00,80.38
2024-01-07 16:00:00+00:00,126.145
2024-01-07 17:00:00+00:00,179.25
2024-01-07 18:00:00+00:00,198.19
2024-01-07 19:00:00+00:00,238.48
2024-01-07 20:00:00+00:00,249.225
2024-01-07 21:00:00+00:00,300.805
2024-01-07 22:00:00+00:00,403.26
2024-01-07 23:00:00+00:00,537.96
2024-01-08 00:00:00+00:00,586.73
2024-01-08 01:00:00+00:00,652.455
2024-01-08 02:00:00+00:00,705.275
2024-01-08 03:00:00+00:00,792.15
2024-01-08 04:00:00+00:00,870.965
2024-01-08 05:00:00+00:00,996.63
2024-01-08 06:00:00+00:00,1115.46
2024-01-08 07:00:00+00:00,1160.285
2024-01-08 08:00:00+00:00,1240.13
2024-01-08 09:00:00+00:00,1328.845
2024-01-08 10:00:00+00:00,1354.305
2024-01-08 11:00:00+00:00,1373.52
2024-01-08 12:00:00+00:00,1485.885
2024-01-08 13:00:00+00:00,1640.735
2024-01-08 14:00:00+00:00,1740.67
2024-01-08 15:00:00+00:00,1657.685
2024-01-08 16:00:00+00:00,1613.66
2024-01-08 17:00:00+00:00,1644.7
2024-01-08 18:00:00+00:00,1571.805
2024-01-08 19:00:00+00:00,1511.185
2024-01-08 20:00:00+00:00,1471.375
2024-01-08 21:00:00+00:00,1484.895
2024-01-08 22:00:00+00:00,1534.98
2024-01-08 23:00:00+00:00,1619.135
2024-01-09 00:00:00+00:00,1431.41
2024-01-09 01:00:00+00:00,1539.885
2024-01-09 02:00:00+00:00,1542.885
2024-01-09 03:00:00+00:00,1591.195
2024-01-09 04:00:00+00:00,1612.465
2024-01-09 05:00:00+00:00,1615.53
2024-01-09 06:00:00+00:00,1464.0
2024-01-09 07:00:00+00:00,1511.82
2024-01-09 08:00:00+00:00,1628.175
2024-01-09 09:00:00+00:00,1767.605
2024-01-09 10:00:00+00:00,1884.13
2024-01-09 11:00:00+00:00,1926.215
2024-01-09 12:00:00+00:00,1848.7
2024-01-09 13:00:00+00:00,1858.995
2024-01-09 14:00:00+00:00,1773.255
2024-01-09 15:00:00+00:00,1760.875
2024-01-09 16:00:00+00:00,1703.605
2024-01-09 17:00:00+00:00,1752.325
2024-01-09 18:00:00+00:00,1720.105
2024-01-09 19:00:00+00:00,1773.685
2024-01-09 20:00:00+00:00,1839.0
2024-01-09 21:00:00+00:00,1918.61
2024-01-09 22:00:00+00:00,1922.94
2024-01-09 23:00:00+00:00,1940.275
2024-01-10 00:00:00+00:00,1760.865
2024-01-10 01:00:00+00:00,1676.32
2024-01-10 02:00:00+00:00,1726.725
2024-01-10 03:00:00+00:00,1753.195
2024-01-10 04:00:00+00:00,1696.775
2024-01-10 05:00:00+00:00,1710.06
2024-01-10 06:00:00+00:00,1558.705
2024-01-10 07:00:00+00:00,1565.285
2024-01-10 08:00:00+00:00,1557.88
2024-01-10 09:00:00+00:00,1476.6
2024-01-10 10:00:00+00:00,1317.05
2024-01-10 11:00:00+00:00,1266.475
2024-01-10 12:00:00+00:00,919.995
2024-01-10 13:00:00+00:00,878.065
2024-01-10 14:00:00+00:00,913.57
2024-01-10 15:00:00+00:00,921.305
2024-01-10 16:00:00+00:00,809.905
2024-01-10 17:00:00+00:00,792.215
2024-01-10 18:00:00+00:00,731.815
2024-01-10 19:00:00+00:00,877.13
2024-01-10 20:00:00+00:00,999.04
2024-01-10 21:00:00+00:00,1052.405
2024-01-10 22:00:00+00:00,1039.435
2024-01-10 23:00:00+00:00,1043.115
2024-01-11 00:00:00+00:00,1131.84
2024-01-11 01:00:00+00:00,1130.95
2024-01-11 02:00:00+00:00,1064.505
2024-01-11 03:00:00+00:00,992.25
2024-01-11 04:00:00+00:00,841.215
2024-01-11 05:00:00+00:00,845.57
2024-01-11 06:00:00+00:00,879.2
2024-01-11 07:00:00+00:00,909.26
2024-01-11 08:00:00+00:00,891.84
2024-01-11 09:00:00+00:00,882.365
2024-01-11 10:00:00+00:00,824.885
2024-01-11 11:00:00+00:00,823.39
2024-01-11 12:00:00+00:00,742.36
2024-01-11 13:00:00+00:00,714.61
2024-01-11 14:00:00+00:00,594.935
2024-01-11 15:00:00+00:00,493.22
2024-01-11 16:00:00+00:00,470.715
2024-01-11 17:00:00+00:00,506.705
2024-01-11 18:00:00+00:00,534.975
2024-01-11 19:00:00+00:00,539.445
2024-01-11 20:00:00+00:00,511.04
2024-01-11 21:00:00+00:00,433.75
2024-01-11 22:00:00+00:00,380.42
2024-01-11 23:00:00+00:00,341.655
2024-01-12 00:00:00+00:00,306.945
2024-01-12 01:00:00+00:00,235.365
2024-01-12 02:00:00+00:00,191.9
2024-01-12 03:00:00+00:00,178.51
2024-01-12 04:00:00+00:00,191.01
2024-01-12 05:00:00+00:00,197.32
2024-01-12 06:00:00+00:00,147.445
2024-01-12 07:00:00+00:00,123.855
2024-01-12 08:00:00+00:00,110.24
2024-01-12 09:00:00+00:00,102.005
2024-01-12 10:00:00+00:00,114.805
2024-01-12 11:00:00+00:00,104.41
2024-01-12 12:00:00+00:00,62.695
2024-01-12 13:00:00+00:00,57.635
2024-01-12 14:00:00+00:00,50.81
2024-01-12 15:00:00+00:00,51.73
2024-01-12 16:00:00+00:00,65.075
2024-01-12 17:00:00+00:00,66.975
2024-01-12 18:00:00+00:00,53.13
2024-01-12 19:00:00+00:00,76.005
2024-01-12 20:00:00+00:00,118.035
2024-01-12 21:00:00+00:00,120.075
2024-01-12 22:00:00+00:00,127.65
2024-01-12 23:00:00+00:00,155.35
2024-01-13 00:00:00+00:00,216.975
2024-01-13 01:00:00+00:00,226.595
2024-01-13 02:00:00+00:00,208.97
2024-01-13 03:00:00+00:00,182.83
2024-01-13 04:00:00+00:00,179.345
2024-01-13 05:00:00+00:00,183.0
2024-01-13 06:00:00+00:00,177.275
2024-01-13 07:00:00+00:00,167.01
2024-01-13 08:00:00+00:00,175.45
2024-01-13 09:00:00+00:00,179.185
2024-01-13 10:00:00+00:00,177.415
2024-01-13 11:00:00+00:00,167.1
2024-01-13 12:00:00+00:00,125.6
2024-01-13 13:00:00+00:00,113.25
2024-01-13 14:00:00+00:00,100.05
2024-01-13 15:00:00+00:00,106.925
2024-01-13 16:00:00+00:00,124.055
2024-01-13 17:00:00+00:00,147.5
2024-01-13 18:00:00+00:00,134.895
2024-01-13 19:00:00+00:00,136.62
2024-01-13 20:00:00+00:00,120.465
2024-01-13 21:00:00+00:00,98.575
2024-01-13 22:00:00+00:00,85.875
2024-01-13 23:00:00+00:00,73.165
2024-01-14 00:00:00+00:00,85.355
2024-01-14 01:00:00+00:00,100.94
2024-01-14 02:00:00+00:00,125.475
2024-01-14 03:00:00+00:00,134.11
2024-01-14 04:00:00+00:00,152.465
2024-01-14 05:00:00+00:00,182.995
2024-01-14 06:00:00+00:00,223.07
2024-01-14 07:00:00+00:00,241.84
2024-01-14 08:00:00+00:00,272.83
2024-01-14 09:00:00+00:00,293.355
2024-01-14 10:00:00+00:00,300.675
2024-01-14 11:00:00+00:00,358.445
2024-01-14 12:00:00+00:00,453.025
2024-01-14 13:00:00+00:00,525.64
2024-01-14 14:00:00+00:00,609.055
2024-01-14 15:00:00+00:00,654.655
2024-01-14 16:00:00+00:00,680.94
2024-01-14 17:00:00+00:00,770.25
2024-01-14 18:00:00+00:00,914.235
2024-01-14 19:00:00+00:00,997.475
2024-01-14 20:00:00+00:00,1072.02
2024-01-14 21:00:00+00:00,1133.835
2024-01-14 22:00:00+00:00,1184.4
2024-01-14 23:00:00+00:00,1267.83
2024-01-15 00:00:00+00:00,1175.265
2024-01-15 01:00:00+00:00,1175.37
2024-01-15 02:00:00+00:00,1160.855
2024-01-15 03:00:00+00:00,1096.965
2024-01-15 04:00:00+00:00,1057.95
2024-01-15 05:00:00+00:00,980.215
2024-01-15 06:00:00+00:00,920.45
2024-01-15 07:00:00+00:00,915.865
2024-01-15 08:00:00+00:00,805.1
2024-01-15 09:00:00+00:00,642.715
2024-01-15 10:00:00+00:00,513.365
2024-01-15 11:00:00+00:00,414.535
2024-01-15 12:00:00+00:00,297.77
2024-01-15 13:00:00+00:00,242.135
2024-01-15 14:00:00+00:00,186.825
2024-01-15 15:00:00+00:00,154.045
2024-01-15 16:00:00+00:00,111.27
2024-01-15 17:00:00+00:00,69.96
2024-01-15 18:00:00+00:00,80.625
2024-01-15 19:00:00+00:00,76.005
2024-01-15 20:00:00+00:00,62.58
2024-01-15 21:00:00+00:00,64.14
2024-01-15 22:00:00+00:00,74.68
2024-01-15 23:00:00+00:00,95.875
2024-01-16 00:00:00+00:00,172.625
2024-01-16 01:00:00+00:00,224.875
2024-01-16 02:00:00+00:00,311.73
2024-01-16 03:00:00+00:00,438.14
2024-01-16 04:00:00+00:00,581.855
2024-01-16 05:00:00+00:00,683.435
2024-01-16 06:00:00+00:00,791.595
2024-01-16 07:00:00+00:00,900.715
2024-01-16 08:00:00+00:00,986.885
2024-01-16 09:00:00+00:00,1010.45
2024-01-16 10:00:00+00:00,973.99
2024-01-16 11:00:00+00:00,893.95
2024-01-16 12:00:00+00:00,929.735
2024-01-16 13:00:00+00:00,874.07
2024-01-16 14:00:00+00:00,807.085
2024-01-16 15:00:00+00:00,705.99
2024-01-16 16:00:00+00:00,597.66
2024-01-16 17:00:00+00:00,502.51
2024-01-16 18:00:00+00:00,478.31
2024-01-16 19:00:00+00:00,386.09
2024-01-16 20:00:00+00:00,303.57
2024-01-16 21:00:00+00:00,258.695
2024-01-16 22:00:00+00:00,231.995
2024-01-16 23:00:00+00:00,250.375
2024-01-17 00:00:00+00:00,241.62
2024-01-17 01:00:00+00:00,301.54
2024-01-17 02:00:00+00:00,424.045
2024-01-17 03:00:00+00:00,612.36
2024-01-17 04:00:00+00:00,745.32
2024-01-17 05:00:00+00:00,768.645
2024-01-17 06:00:00+00:00,858.04
2024-01-17 07:00:00+00:00,808.345
2024-01-17 08:00:00+00:00,707.17
2024-01-17 09:00:00+00:00,627.285
2024-01-17 10:00:00+00:00,565.7
2024-01-17 11:00:00+00:00,496.2
2024-01-17 12:00:00+00:00,342.435
2024-01-17 13:00:00+00:00,327.24
2024-01-17 14:00:00+00:00,317.44
2024-01-17 15:00:00+00:00,293.925
2024-01-17 16:00:00+00:00,280.73
2024-01-17 17:00:00+00:00,308.475
2024-01-17 18:00:00+00:00,408.02
2024-01-17 19:00:00+00:00,437.19
2024-01-17 20:00:00+00:00,472.48
2024-01-17 21:00:00+00:00,506.695
2024-01-17 22:00:00+00:00,578.695
2024-01-17 23:00:00+00:00,639.055
2024-01-18 00:00:00+00:00,629.575
2024-01-18 01:00:00+00:00,656.225
2024-01-18 02:00:00+00:00,654.64
2024-01-18 03:00:00+00:00,679.555
2024-01-18 04:00:00+00:00,690.325
2024-01-18 05:00:00+00:00,700.35
2024-01-18 06:00:00+00:00,741.555
2024-01-18 07:00:00+00:00,708.68
2024-01-18 08:00:00+00:00,641.92
2024-01-18 09:00:00+00:00,560.37
2024-01-18 10:00:00+00:00,446.245
2024-01-18 11:00:00+00:00,356.93
2024-01-18 12:00:00+00:00,328.94
2024-01-18 13:00:00+00:00,287.535
2024-01-18 14:00:00+00:00,273.385
2024-01-18 15:00:00+00:00,281.715
2024-01-18 16:00:00+00:00,287.73
2024-01-18 17:00:00+00:00,266.285
2024-01-18 18:00:00+00:00,233.94
2024-01-18 19:00:00+00:00,241.275
2024-01-18 20:00:00+00:00,247.255
2024-01-18 21:00:00+00:00,259.555
2024-01-18 22:00:00+00:00,297.385
2024-01-18 23:00:00+00:00,337.6
2024-01-19 00:00:00+00:00,554.185
2024-01-19 01:00:00+00:00,618.07
2024-01-19 02:00:00+00:00,639.61
2024-01-19 03:00:00+00:00,682.785
2024-01-19 04:00:00+00:00,767.82
2024-01-19 05:00:00+00:00,884.38
2024-01-19 06:00:00+00:00,1281.715
2024-01-19 07:00:00+00:00,1492.765
2024-01-19 08:00:00+00:00,1667.455
2024-01-19 09:00:00+00:00,1788.67
2024-01-19 10:00:00+00:00,1918.95
2024-01-19 11:00:00+00:00,2035.805
2024-01-19 12:00:00+00:00,2459.215
2024-01-19 13:00:00+00:00,2680.41
2024-01-19 14:00:00+00:00,2885.265
2024-01-19 15:00:00+00:00,3045.27
2024-01-19 16:00:00+00:00,3128.42
2024-01-19 17:00:00+00:00,3231.81
2024-01-19 18:00:00+00:00,3445.605
2024-01-19 19:00:00+00:00,3514.505
2024-01-19 20:00:00+00:00,3566.675
2024-01-19 21:00:00+00:00,3708.12
2024-01-19 22:00:00+00:00,3853.97
2024-01-19 23:00:00+00:00,3971.495
2024-01-20 00:00:00+00:00,4062.6
2024-01-20 01:00:00+00:00,4103.11
2024-01-20 02:00:00+00:00,4122.045
2024-01-20 03:00:00+00:00,4101.595
2024-01-20 04:00:00+00:00,4007.105
2024-01-20 05:00:00+00:00,3787.51
2024-01-20 06:00:00+00:00,3537.585
2024-01-20 07:00:00+00:00,3238.48
2024-01-20 08:00:00+00:00,3129.445
2024-01-20 09:00:00+00:00,3149.555
2024-01-20 10:00:00+00:00,3236.27
2024-01-20 11:00:00+00:00,3422.395
2024-01-20 12:00:00+00:00,3673.755
2024-01-20 13:00:00+00:00,3842.34
2024-01-20 14:00:00+00:00,3935.375
2024-01-20 15:00:00+00:00,3997.97
2024-01-20 16:00:00+00:00,4027.355
2024-01-20 17:00:00+00:00,4026.055
2024-01-20 18:00:00+00:00,3901.865
2024-01-20 19:00:00+00:00,3769.08
2024-01-20 20:00:00+00:00,3527.785
2024-01-20 21:00:00+00:00,3190.765
2024-01-20 22:00:00+00:00,2618.925
2024-01-20 23:00:00+00:00,2097.19
2024-01-21 00:00:00+00:00,1923.57
2024-01-21 01:00:00+00:00,2381.585
2024-01-21 02:00:00+00:00,2891.525
2024-01-21 03:00:00+00:00,3231.35
2024-01-21 04:00:00+00:00,3275.505
2024-01-21 05:00:00+00:00,3169.58
2024-01-21 06:00:00+00:00,3228.535
2024-01-21 07:00:00+00:00,3493.55
2024-01-21 08:00:00+00:00,3779.3
2024-01-21 09:00:00+00:00,3946.205
2024-01-21 10:00:00+00:00,4040.965
2024-01-21 11:00:00+00:00,4119.49
2024-01-21 12:00:00+00:00,4184.09
2024-01-21 13:00:00+00:00,4129.125
2024-01-21 14:00:00+00:00,3935.76
2024-01-21 15:00:00+00:00,3812.37
2024-01-21 16:00:00+00:00,3755.12
2024-01-21 17:00:00+00:00,3343.965
2024-01-21 18:00:00+00:00,2883.185
2024-01-21 19:00:00+00:00,2949.56
2024-01-21 20:00:00+00:00,3254.94
2024-01-21 21:00:00+00:00,3699.245
2024-01-21 22:00:00+00:00,3969.98
2024-01-21 23:00:00+00:00,4127.705
2024-01-22 00:00:00+00:00,3889.765
2024-01-22 01:00:00+00:00,3880.465
2024-01-22 02:00:00+00:00,3818.34
2024-01-22 03:00:00+00:00,3771.97
2024-01-22 04:00:00+00:00,3760.795
2024-01-22 05:00:00+00:00,3761.215
2024-01-22 06:00:00+00:00,3326.3
2024-01-22 07:00:00+00:00,3303.375
2024-01-22 08:00:00+00:00,3226.24
2024-01-22 09:00:00+00:00,3255.555
2024-01-22 10:00:00+00:00,3299.145
2024-01-22 11:00:00+00:00,3390.555
2024-01-22 12:00:00+00:00,3361.82
2024-01-22 13:00:00+00:00,3434.38
2024-01-22 14:00:00+00:00,3457.76
2024-01-22 15:00:00+00:00,3436.645
2024-01-22 16:00:00+00:00,3329.245
2024-01-22 17:00:00+00:00,3280.42
2024-01-22 18:00:00+00:00,2965.36
2024-01-22 19:00:00+00:00,2712.375
2024-01-22 20:00:00+00:00,2341.585
2024-01-22 21:00:00+00:00,1910.995
2024-01-22 22:00:00+00:00,1530.69
2024-01-22 23:00:00+00:00,1317.625
2024-01-23 00:00:00+00:00,1255.125
2024-01-23 01:00:00+00:00,1375.125
2024-01-23 02:00:00+00:00,1769.56
2024-01-23 03:00:00+00:00,2300.37
2024-01-23 04:00:00+00:00,2778.98
2024-01-23 05:00:00+00:00,3122.105
2024-01-23 06:00:00+00:00,3380.425
2024-01-23 07:00:00+00:00,3546.185
2024-01-23 08:00:00+00:00,3677.575
2024-01-23 09:00:00+00:00,3731.475
2024-01-23 10:00:00+00:00,3793.55
2024-01-23 11:00:00+00:00,3854.6
2024-01-23 12:00:00+00:00,3967.62
2024-01-23 13:00:00+00:00,3969.405
2024-01-23 14:00:00+00:00,3954.505
2024-01-23 15:00:00+00:00,3950.885
2024-01-23 16:00:00+00:00,3908.125
2024-01-23 17:00:00+00:00,3858.165
2024-01-23 18:00:00+00:00,3862.985
2024-01-23 19:00:00+00:00,3864.705
2024-01-23 20:00:00+00:00,3885.04
2024-01-23 21:00:00+00:00,3915.105
2024-01-23 22:00:00+00:00,3981.84
2024-01-23 23:00:00+00:00,4008.28
2024-01-24 00:00:00+00:00,3977.74
2024-01-24 01:00:00+00:00,3938.51
2024-01-24 02:00:00+00:00,3790.43
2024-01-24 03:00:00+00:00,3599.54
2024-01-24 04:00:00+00:00,3340.815
2024-01-24 05:00:00+00:00,3056.395
2024-01-24 06:00:00+00:00,2382.72
2024-01-24 07:00:00+00:00,1965.72
2024-01-24 08:00:00+00:00,1712.365
2024-01-24 09:00:00+00:00,1671.5
2024-01-24 10:00:00+00:00,1601.51
2024-01-24 11:00:00+00:00,1486.04
2024-01-24 12:00:00+00:00,1340.48
2024-01-24 13:00:00+00:00,1301.555
2024-01-24 14:00:00+00:00,1131.905
2024-01-24 15:00:00+00:00,940.675
2024-01-24 16:00:00+00:00,772.56
2024-01-24 17:00:00+00:00,677.445
2024-01-24 18:00:00+00:00,693.5
2024-01-24 19:00:00+00:00,696.815
2024-01-24 20:00:00+00:00,847.42
2024-01-24 21:00:00+00:00,1093.635
2024-01-24 22:00:00+00:00,1389.19
2024-01-24 23:00:00+00:00,1692.145
2024-01-25 00:00:00+00:00,1938.78
2024-01-25 01:00:00+00:00,2229.38
2024-01-25 02:00:00+00:00,2499.085
2024-01-25 03:00:00+00:00,2750.865
2024-01-25 04:00:00+00:00,2949.79
2024-01-25 05:00:00+00:00,3095.105
2024-01-25 06:00:00+00:00,3244.29
2024-01-25 07:00:00+00:00,3301.48
2024-01-25 08:00:00+00:00,3291.36
2024-01-25 09:00:00+00:00,3257.625
2024-01-25 10:00:00+00:00,3156.855
2024-01-25 11:00:00+00:00,3078.6
2024-01-25 12:00:00+00:00,3039.655
2024-01-25 13:00:00+00:00,3043.93
2024-01-25 14:00:00+00:00,3128.075
2024-01-25 15:00:00+00:00,3260.825
2024-01-25 16:00:00+00:00,3407.41
2024-01-25 17:00:00+00:00,3628.175
2024-01-25 18:00:00+00:00,3707.68
2024-01-25 19:00:00+00:00,3818.015
2024-01-25 20:00:00+00:00,3977.135
2024-01-25 21:00:00+00:00,4047.825
2024-01-25 22:00:00+00:00,3930.78
2024-01-25 23:00:00+00:00,3815.595
2024-01-26 00:00:00+00:00,3621.43
2024-01-26 01:00:00+00:00,3542.555
2024-01-26 02:00:00+00:00,3352.915
2024-01-26 03:00:00+00:00,3158.335
2024-01-26 04:00:00+00:00,2922.86
2024-01-26 05:00:00+00:00,2679.555
2024-01-26 06:00:00+00:00,2413.115
2024-01-26 07:00:00+00:00,2262.655
2024-01-26 08:00:00+00:00,2243.99
2024-01-26 09:00:00+00:00,2279.385
2024-01-26 10:00:00+00:00,2328.81
2024-01-26 11:00:00+00:00,2538.12
2024-01-26 12:00:00+00:00,2776.675
2024-01-26 13:00:00+00:00,2921.845
2024-01-26 14:00:00+00:00,2996.44
2024-01-26 15:00:00+00:00,3052.19
2024-01-26 16:00:00+00:00,3050.67
2024-01-26 17:00:00+00:00,3041.795
2024-01-26 18:00:00+00:00,2988.425
2024-01-26 19:00:00+00:00,3014.6
2024-01-26 20:00:00+00:00,2970.33
2024-01-26 21:00:00+00:00,2961.52
2024-01-26 22:00:00+00:00,2959.615
2024-01-26 23:00:00+00:00,2921.355
2024-01-27 00:00:00+00:00,2827.625
2024-01-27 01:00:00+00:00,2804.475
2024-01-27 02:00:00+00:00,2860.44
2024-01-27 03:00:00+00:00,3010.7
2024-01-27 04:00:00+00:00,3078.085
2024-01-27 05:00:00+00:00,3025.13
2024-01-27 06:00:00+00:00,2915.86
2024-01-27 07:00:00+00:00,2841.39
2024-01-27 08:00:00+00:00,2785.955
2024-01-27 09:00:00+00:00,2787.01
2024-01-27 10:00:00+00:00,2893.725
2024-01-27 11:00:00+00:00,2970.57
2024-01-27 12:00:00+00:00,3029.22
2024-01-27 13:00:00+00:00,3004.805
2024-01-27 14:00:00+00:00,2977.755
2024-01-27 15:00:00+00:00,2997.02
2024-01-27 16:00:00+00:00,3052.95
2024-01-27 17:00:00+00:00,3144.425
2024-01-27 18:00:00+00:00,3351.875
2024-01-27 19:00:00+00:00,3420.165
2024-01-27 20:00:00+00:00,3491.55
2024-01-27 21:00:00+00:00,3589.385
2024-01-27 22:00:00+00:00,3649.87
2024-01-27 23:00:00+00:00,3678.53
2024-01-28 00:00:00+00:00,3590.94
2024-01-28 01:00:00+00:00,3553.175
2024-01-28 02:00:00+00:00,3544.795
2024-01-28 03:00:00+00:00,3569.025
2024-01-28 04:00:00+00:00,3588.94
2024-01-28 05:00:00+00:00,3598.225
2024-01-28 06:00:00+00:00,3725.72
2024-01-28 07:00:00+00:00,3769.24
2024-01-28 08:00:00+00:00,3844.235
2024-01-28 09:00:00+00:00,3933.105
2024-01-28 10:00:00+00:00,3964.44
2024-01-28 11:00:00+00:00,3960.59
2024-01-28 12:00:00+00:00,3861.415
2024-01-28 13:00:00+00:00,3707.485
2024-01-28 14:00:00+00:00,3371.915
2024-01-28 15:00:00+00:00,2867.985
2024-01-28 16:00:00+00:00,2313.94
2024-01-28 17:00:00+00:00,1858.625
2024-01-28 18:00:00+00:00,1509.59
2024-01-28 19:00:00+00:00,1378.945
2024-01-28 20:00:00+00:00,1256.27
2024-01-28 21:00:00+00:00,1016.33
2024-01-28 22:00:00+00:00,740.035
2024-01-28 23:00:00+00:00,584.62
2024-01-29 00:00:00+00:00,356.6
2024-01-29 01:00:00+00:00,351.245
2024-01-29 02:00:00+00:00,384.685
2024-01-29 03:00:00+00:00,433.22
2024-01-29 04:00:00+00:00,449.11
2024-01-29 05:00:00+00:00,502.425
2024-01-29 06:00:00+00:00,510.28
2024-01-29 07:00:00+00:00,632.175
2024-01-29 08:00:00+00:00,744.655
2024-01-29 09:00:00+00:00,835.815
2024-01-29 10:00:00+00:00,921.29
2024-01-29 11:00:00+00:00,977.915
2024-01-29 12:00:00+00:00,866.41
2024-01-29 13:00:00+00:00,944.77
2024-01-29 14:00:00+00:00,1011.395
2024-01-29 15:00:00+00:00,1144.55
2024-01-29 16:00:00+00:00,1181.42
2024-01-29 17:00:00+00:00,1222.0
2024-01-29 18:00:00+00:00,1051.555
2024-01-29 19:00:00+00:00,1107.845
2024-01-29 20:00:00+00:00,1141.29
2024-01-29 21:00:00+00:00,1139.06
2024-01-29 22:00:00+00:00,1056.865
2024-01-29 23:00:00+00:00,965.855
2024-01-30 00:00:00+00:00,766.47
2024-01-30 01:00:00+00:00,619.965
2024-01-30 02:00:00+00:00,483.675
2024-01-30 03:00:00+00:00,475.71
2024-01-30 04:00:00+00:00,449.735
2024-01-30 05:00:00+00:00,410.86
2024-01-30 06:00:00+00:00,420.925
2024-01-30 07:00:00+00:00,522.63
2024-01-30 08:00:00+00:00,611.0
2024-01-30 09:00:00+00:00,621.865
2024-01-30 10:00:00+00:00,599.76
2024-01-30 11:00:00+00:00,641.56
2024-01-30 12:00:00+00:00,833.48
2024-01-30 13:00:00+00:00,986.89
2024-01-30 14:00:00+00:00,1142.745
2024-01-30 15:00:00+00:00,1119.755
2024-01-30 16:00:00+00:00,1126.505
2024-01-30 17:00:00+00:00,1277.65
2024-01-30 18:00:00+00:00,1567.87
2024-01-30 19:00:00+00:00,1705.16
2024-01-30 20:00:00+00:00,1956.09
2024-01-30 21:00:00+00:00,2241.865
2024-01-30 22:00:00+00:00,2468.975
2024-01-30 23:00:00+00:00,2656.755
2024-01-31 00:00:00+00:00,2892.685
2024-01-31 01:00:00+00:00,2955.905
2024-01-31 02:00:00+00:00,3010.485
2024-01-31 03:00:00+00:00,3121.96
2024-01-31 04:00:00+00:00,3217.42
2024-01-31 05:00:00+00:00,3311.02
2024-01-31 06:00:00+00:00,3489.68
2024-01-31 07:00:00+00:00,3530.535
2024-01-31 08:00:00+00:00,3625.115
2024-01-31 09:00:00+00:00,3709.13
2024-01-31 10:00:00+00:00,3783.875
2024-01-31 11:00:00+00:00,3849.96
2024-01-31 12:00:00+00:00,3956.07
2024-01-31 13:00:00+00:00,3919.135
2024-01-31 14:00:00+00:00,3790.31
2024-01-31 15:00:00+00:00,3458.08
2024-01-31 16:00:00+00:00,2856.51
2024-01-31 17:00:00+00:00,2135.815
2024-01-31 18:00:00+00:00,1134.68
2024-01-31 19:00:00+00:00,1094.345
2024-01-31 20:00:00+00:00,981.345
2024-01-31 21:00:00+00:00,726.81
2024-01-31 22:00:00+00:00,593.495
2024-01-31 23:00:00+00:00,506.38
2024-02-01 00:00:00+00:00,483.44
2024-02-01 01:00:00+00:00,480.175
2024-02-01 02:00:00+00:00,437.54
2024-02-01 03:00:00+00:00,425.43
2024-02-01 04:00:00+00:00,408.84
2024-02-01 05:00:00+00:00,350.47
2024-02-01 06:00:00+00:00,367.59
2024-02-01 07:00:00+00:00,425.825
2024-02-01 08:00:00+00:00,555.73
2024-02-01 09:00:00+00:00,702.88
2024-02-01 10:00:00+00:00,935.46
2024-02-01 11:00:00+00:00,1070.4
2024-02-01 12:00:00+00:00,1259.53
2024-02-01 13:00:00+00:00,1395.56
2024-02-01 14:00:00+00:00,1614.265
2024-02-01 15:00:00+00:00,1793.87
2024-02-01 16:00:00+00:00,1915.595
2024-02-01 17:00:00+00:00,2097.09
2024-02-01 18:00:00+00:00,2364.805
2024-02-01 19:00:00+00:00,2460.73
2024-02-01 20:00:00+00:00,2552.9
2024-02-01 21:00:00+00:00,2641.42
2024-02-01 22:00:00+00:00,2707.26
2024-02-01 23:00:00+00:00,2731.255
2024-02-02 00:00:00+00:00,2851.105
2024-02-02 01:00:00+00:00,2906.645
2024-02-02 02:00:00+00:00,2964.545
2024-02-02 03:00:00+00:00,3017.04
2024-02-02 04:00:00+00:00,3054.835
2024-02-02 05:00:00+00:00,3092.83
2024-02-02 06:00:00+00:00,3165.72
2024-02-02 07:00:00+00:00,3177.53
2024-02-02 08:00:00+00:00,3189.35
2024-02-02 09:00:00+00:00,3178.205
2024-02-02 10:00:00+00:00,3182.54
2024-02-02 11:00:00+00:00,3217.135
2024-02-02 12:00:00+00:00,3289.515
2024-02-02 13:00:00+00:00,3318.975
2024-02-02 14:00:00+00:00,3288.12
2024-02-02 15:00:00+00:00,3233.845
2024-02-02 16:00:00+00:00,3169.755
2024-02-02 17:00:00+00:00,3101.985
2024-02-02 18:00:00+00:00,3069.89
2024-02-02 19:00:00+00:00,2971.565
2024-02-02 20:00:00+00:00,2820.43
2024-02-02 21:00:00+00:00,2710.535
2024-02-02 22:00:00+00:00,2489.755
2024-02-02 23:00:00+00:00,2195.12
2024-02-03 00:00:00+00:00,2025.59
2024-02-03 01:00:00+00:00,1911.875
2024-02-03 02:00:00+00:00,1789.82
2024-02-03 03:00:00+00:00,1626.54
2024-02-03 04:00:00+00:00,1440.675
2024-02-03 05:00:00+00:00,1317.475
2024-02-03 06:00:00+00:00,1193.805
2024-02-03 07:00:00+00:00,1081.725
2024-02-03 08:00:00+00:00,1018.365
2024-02-03 09:00:00+00:00,961.175
2024-02-03 10:00:00+00:00,849.51
2024-02-03 11:00:00+00:00,868.465
2024-02-03 12:00:00+00:00,1121.875
2024-02-03 13:00:00+00:00,1144.59
2024-02-03 14:00:00+00:00,1037.935
2024-02-03 15:00:00+00:00,943.785
2024-02-03 16:00:00+00:00,886.855
2024-02-03 17:00:00+00:00,846.36
2024-02-03 18:00:00+00:00,840.215
2024-02-03 19:00:00+00:00,1020.1
2024-02-03 20:00:00+00:00,1157.035
2024-02-03 21:00:00+00:00,1242.62
2024-02-03 22:00:00+00:00,1372.965
2024-02-03 23:00:00+00:00,1467.99
2024-02-04 00:00:00+00:00,1858.02
2024-02-04 01:00:00+00:00,2025.495
2024-02-04 02:00:00+00:00,2110.005
2024-02-04 03:00:00+00:00,2243.135
2024-02-04 04:00:00+00:00,2361.175
2024-02-04 05:00:00+00:00,2532.01
2024-02-04 06:00:00+00:00,2814.715
2024-02-04 07:00:00+00:00,3038.43
2024-02-04 08:00:00+00:00,3254.66
2024-02-04 09:00:00+00:00,3375.315
2024-02-04 10:00:00+00:00,3457.315
2024-02-04 11:00:00+00:00,3493.77
2024-02-04 12:00:00+00:00,3465.24
2024-02-04 13:00:00+00:00,3383.54
2024-02-04 14:00:00+00:00,3298.615
2024-02-04 15:00:00+00:00,3251.97
2024-02-04 16:00:00+00:00,3218.2
2024-02-04 17:00:00+00:00,3167.3
2024-02-04 18:00:00+00:00,3128.54
2024-02-04 19:00:00+00:00,3098.35
2024-02-04 20:00:00+00:00,3145.365
2024-02-04 21:00:00+00:00,3166.715
2024-02-04 22:00:00+00:00,3145.075
2024-02-04 23:00:00+00:00,3154.655
2024-02-05 00:00:00+00:00,3120.765
2024-02-05 01:00:00+00:00,3063.25
2024-02-05 02:00:00+00:00,2997.035
2024-02-05 03:00:00+00:00,2914.33
2024-02-05 04:00:00+00:00,2909.19
2024-02-05 05:00:00+00:00,2997.38
2024-02-05 06:00:00+00:00,3149.3
2024-02-05 07:00:00+00:00,3108.74
2024-02-05 08:00:00+00:00,3059.925
2024-02-05 09:00:00+00:00,3064.365
2024-02-05 10:00:00+00:00,3145.615
2024-02-05 11:00:00+00:00,3245.275
2024-02-05 12:00:00+00:00,3320.62
2024-02-05 13:00:00+00:00,3306.1
2024-02-05 14:00:00+00:00,3262.115
2024-02-05 15:00:00+00:00,3244.725
2024-02-05 16:00:00+00:00,3212.61
2024-02-05 17:00:00+00:00,3214.72
2024-02-05 18:00:00+00:00,3245.21
2024-02-05 19:00:00+00:00,3252.525
2024-02-05 20:00:00+00:00,3283.69
2024-02-05 21:00:00+00:00,3342.09
2024-02-05 22:00:00+00:00,3378.38
2024-02-05 23:00:00+00:00,3402.225
2024-02-06 00:00:00+00:00,3377.755
2024-02-06 01:00:00+00:00,3300.615
2024-02-06 02:00:00+00:00,3209.44
2024-02-06 03:00:00+00:00,3141.21
2024-02-06 04:00:00+00:00,3068.75
2024-02-06 05:00:00+00:00,2958.3
2024-02-06 06:00:00+00:00,2664.295
2024-02-06 07:00:00+00:00,2450.14
2024-02-06 08:00:00+00:00,2365.99
2024-02-06 09:00:00+00:00,2240.26
2024-02-06 10:00:00+00:00,2012.295
2024-02-06 11:00:00+00:00,1689.51
2024-02-06 12:00:00+00:00,1255.56
2024-02-06 13:00:00+00:00,989.69
2024-02-06 14:00:00+00:00,832.17
2024-02-06 15:00:00+00:00,816.605
2024-02-06 16:00:00+00:00,806.41
2024-02-06 17:00:00+00:00,776.025
2024-02-06 18:00:00+00:00,669.08
2024-02-06 19:00:00+00:00,531.805
2024-02-06 20:00:00+00:00,408.64
2024-02-06 21:00:00+00:00,344.265
2024-02-06 22:00:00+00:00,291.305
2024-02-06 23:00:00+00:00,283.965
2024-02-07 00:00:00+00:00,291.985
2024-02-07 01:00:00+00:00,256.78
2024-02-07 02:00:00+00:00,229.11
2024-02-07 03:00:00+00:00,213.585
2024-02-07 04:00:00+00:00,209.07
2024-02-07 05:00:00+00:00,228.855
2024-02-07 06:00:00+00:00,282.035
2024-02-07 07:00:00+00:00,295.435
2024-02-07 08:00:00+00:00,305.485
2024-02-07 09:00:00+00:00,284.135
2024-02-07 10:00:00+00:00,234.835
2024-02-07 11:00:00+00:00,213.785
2024-02-07 12:00:00+00:00,191.19
2024-02-07 13:00:00+00:00,200.215
2024-02-07 14:00:00+00:00,229.11
2024-02-07 15:00:00+00:00,314.625
2024-02-07 16:00:00+00:00,422.255
2024-02-07 17:00:00+00:00,578.73
2024-02-07 18:00:00+00:00,691.135
2024-02-07 19:00:00+00:00,946.12
2024-02-07 20:00:00+00:00,1274.14
2024-02-07 21:00:00+00:00,1632.98
2024-02-07 22:00:00+00:00,1974.395
2024-02-07 23:00:00+00:00,2264.17
2024-02-08 00:00:00+00:00,2602.34
2024-02-08 01:00:00+00:00,2907.95
2024-02-08 02:00:00+00:00,3187.165
2024-02-08 03:00:00+00:00,3354.925
2024-02-08 04:00:00+00:00,3391.125
2024-02-08 05:00:00+00:00,3270.075
2024-02-08 06:00:00+00:00,2933.825
2024-02-08 07:00:00+00:00,2669.98
2024-02-08 08:00:00+00:00,2479.265
2024-02-08 09:00:00+00:00,2337.53
2024-02-08 10:00:00+00:00,2046.02
2024-02-08 11:00:00+00:00,1828.015
2024-02-08 12:00:00+00:00,1666.005
2024-02-08 13:00:00+00:00,1537.275
2024-02-08 14:00:00+00:00,1427.62
2024-02-08 15:00:00+00:00,1302.55
2024-02-08 16:00:00+00:00,1220.1
2024-02-08 17:00:00+00:00,1233.93
2024-02-08 18:00:00+00:00,1313.605
2024-02-08 19:00:00+00:00,1362.9
2024-02-08 20:00:00+00:00,1389.675
2024-02-08 21:00:00+00:00,1403.98
2024-02-08 22:00:00+00:00,1391.64
2024-02-08 23:00:00+00:00,1350.59
2024-02-09 00:00:00+00:00,1305.485
2024-02-09 01:00:00+00:00,1262.055
2024-02-09 02:00:00+00:00,1258.645
2024-02-09 03:00:00+00:00,1239.78
2024-02-09 04:00:00+00:00,1216.085
2024-02-09 05:00:00+00:00,1235.44
2024-02-09 06:00:00+00:00,1211.325
2024-02-09 07:00:00+00:00,1216.03
2024-02-09 08:00:00+00:00,1151.455
2024-02-09 09:00:00+00:00,1064.135
2024-02-09 10:00:00+00:00,956.165
2024-02-09 11:00:00+00:00,888.19
2024-02-09 12:00:00+00:00,857.555
2024-02-09 13:00:00+00:00,813.2
2024-02-09 14:00:00+00:00,797.615
2024-02-09 15:00:00+00:00,811.65
2024-02-09 16:00:00+00:00,781.57
2024-02-09 17:00:00+00:00,783.99
2024-02-09 18:00:00+00:00,745.54
2024-02-09 19:00:00+00:00,919.54
2024-02-09 20:00:00+00:00,1057.39
2024-02-09 21:00:00+00:00,1119.93
2024-02-09 22:00:00+00:00,1125.06
2024-02-09 23:00:00+00:00,1084.815
2024-02-10 00:00:00+00:00,912.18
2024-02-10 01:00:00+00:00,890.275
2024-02-10 02:00:00+00:00,846.72
2024-02-10 03:00:00+00:00,773.11
2024-02-10 04:00:00+00:00,711.405
2024-02-10 05:00:00+00:00,672.07
2024-02-10 06:00:00+00:00,728.77
2024-02-10 07:00:00+00:00,741.485
2024-02-10 08:00:00+00:00,703.995
2024-02-10 09:00:00+00:00,638.795
2024-02-10 10:00:00+00:00,547.305
2024-02-10 11:00:00+00:00,519.97
2024-02-10 12:00:00+00:00,473.23
2024-02-10 13:00:00+00:00,514.86
2024-02-10 14:00:00+00:00,548.425
2024-02-10 15:00:00+00:00,611.38
2024-02-10 16:00:00+00:00,658.11
2024-02-10 17:00:00+00:00,681.79
2024-02-10 18:00:00+00:00,723.39
2024-02-10 19:00:00+00:00,873.605
2024-02-10 20:00:00+00:00,1077.055
2024-02-10 21:00:00+00:00,1295.63
2024-02-10 22:00:00+00:00,1388.425
2024-02-10 23:00:00+00:00,1518.535
2024-02-11 00:00:00+00:00,1668.305
2024-02-11 01:00:00+00:00,1776.59
2024-02-11 02:00:00+00:00,1812.815
2024-02-11 03:00:00+00:00,1833.71
2024-02-11 04:00:00+00:00,1831.55
2024-02-11 05:00:00+00:00,1720.175
2024-02-11 06:00:00+00:00,1511.155
2024-02-11 07:00:00+00:00,1462.305
2024-02-11 08:00:00+00:00,1422.32
2024-02-11 09:00:00+00:00,1346.765
2024-02-11 10:00:00+00:00,1415.925
2024-02-11 11:00:00+00:00,1704.05
2024-02-11 12:00:00+00:00,1933.46
2024-02-11 13:00:00+00:00,1886.455
2024-02-11 14:00:00+00:00,1704.8
2024-02-11 15:00:00+00:00,1507.235
2024-02-11 16:00:00+00:00,1328.215
2024-02-11 17:00:00+00:00,1155.93
2024-02-11 18:00:00+00:00,1175.155
2024-02-11 19:00:00+00:00,1145.74
2024-02-11 20:00:00+00:00,1179.02
2024-02-11 21:00:00+00:00,1203.325
2024-02-11 22:00:00+00:00,1258.31
2024-02-11 23:00:00+00:00,1317.325
2024-02-12 00:00:00+00:00,1483.02
2024-02-12 01:00:00+00:00,1450.32
2024-02-12 02:00:00+00:00,1417.175
2024-02-12 03:00:00+00:00,1424.82
2024-02-12 04:00:00+00:00,1391.04
2024-02-12 05:00:00+00:00,1358.71
2024-02-12 06:00:00+00:00,1470.97
2024-02-12 07:00:00+00:00,1519.955
2024-02-12 08:00:00+00:00,1602.34
2024-02-12 09:00:00+00:00,1801.745
2024-02-12 10:00:00+00:00,2052.595
2024-02-12 11:00:00+00:00,2410.775
2024-02-12 12:00:00+00:00,2688.28
2024-02-12 13:00:00+00:00,2870.14
2024-02-12 14:00:00+00:00,2922.765
2024-02-12 15:00:00+00:00,2887.985
2024-02-12 16:00:00+00:00,2697.79
2024-02-12 17:00:00+00:00,2498.53
2024-02-12 18:00:00+00:00,2134.69
2024-02-12 19:00:00+00:00,1860.73
2024-02-12 20:00:00+00:00,1629.355
2024-02-12 21:00:00+00:00,1470.52
2024-02-12 22:00:00+00:00,1348.15
2024-02-12 23:00:00+00:00,1184.5
2024-02-13 00:00:00+00:00,970.07
2024-02-13 01:00:00+00:00,845.715
2024-02-13 02:00:00+00:00,790.325
2024-02-13 03:00:00+00:00,792.625
2024-02-13 04:00:00+00:00,840.48
2024-02-13 05:00:00+00:00,802.49
2024-02-13 06:00:00+00:00,675.445
2024-02-13 07:00:00+00:00,729.585
2024-02-13 08:00:00+00:00,784.715
2024-02-13 09:00:00+00:00,774.35
2024-02-13 10:00:00+00:00,675.685
2024-02-13 11:00:00+00:00,511.575
2024-02-13 12:00:00+00:00,362.6
2024-02-13 13:00:00+00:00,370.0
2024-02-13 14:00:00+00:00,433.93
2024-02-13 15:00:00+00:00,594.23
2024-02-13 16:00:00+00:00,790.59
2024-02-13 17:00:00+00:00,962.7
2024-02-13 18:00:00+00:00,1007.025
2024-02-13 19:00:00+00:00,1154.33
2024-02-13 20:00:00+00:00,1301.83
2024-02-13 21:00:00+00:00,1477.075
2024-02-13 22:00:00+00:00,1543.43
2024-02-13 23:00:00+00:00,1542.25
2024-02-14 00:00:00+00:00,1588.15
2024-02-14 01:00:00+00:00,1560.12
2024-02-14 02:00:00+00:00,1527.17
2024-02-14 03:00:00+00:00,1558.92
2024-02-14 04:00:00+00:00,1638.305
2024-02-14 05:00:00+00:00,1738.275
2024-02-14 06:00:00+00:00,1821.805
2024-02-14 07:00:00+00:00,1939.27
2024-02-14 08:00:00+00:00,1940.76
2024-02-14 09:00:00+00:00,1877.755
2024-02-14 10:00:00+00:00,1782.3
2024-02-14 11:00:00+00:00,1710.835
2024-02-14 12:00:00+00:00,1529.115
2024-02-14 13:00:00+00:00,1393.63
2024-02-14 14:00:00+00:00,1329.195
2024-02-14 15:00:00+00:00,1384.595
2024-02-14 16:00:00+00:00,1485.07
2024-02-14 17:00:00+00:00,1568.125
2024-02-14 18:00:00+00:00,1654.165
2024-02-14 19:00:00+00:00,1769.55
2024-02-14 20:00:00+00:00,1824.29
2024-02-14 21:00:00+00:00,1836.095
2024-02-14 22:00:00+00:00,1806.2
2024-02-14 23:00:00+00:00,1675.155
2024-02-15 00:00:00+00:00,1439.62
2024-02-15 01:00:00+00:00,1303.435
2024-02-15 02:00:00+00:00,1313.14
2024-02-15 03:00:00+00:00,1318.7
2024-02-15 04:00:00+00:00,1268.56
2024-02-15 05:00:00+00:00,1225.69
2024-02-15 06:00:00+00:00,1044.295
2024-02-15 07:00:00+00:00,952.085
2024-02-15 08:00:00+00:00,845.8
2024-02-15 09:00:00+00:00,737.475
2024-02-15 10:00:00+00:00,600.98
2024-02-15 11:00:00+00:00,504.46
2024-02-15 12:00:00+00:00,538.17
2024-02-15 13:00:00+00:00,590.28
2024-02-15 14:00:00+00:00,631.465
2024-02-15 15:00:00+00:00,679.465
2024-02-15 16:00:00+00:00,687.34
2024-02-15 17:00:00+00:00,684.96
2024-02-15 18:00:00+00:00,830.225
2024-02-15 19:00:00+00:00,951.79
2024-02-15 20:00:00+00:00,1136.085
2024-02-15 21:00:00+00:00,1283.95
2024-02-15 22:00:00+00:00,1451.405
2024-02-15 23:00:00+00:00,1572.48
2024-02-16 00:00:00+00:00,1797.6
2024-02-16 01:00:00+00:00,1946.09
2024-02-16 02:00:00+00:00,1971.87
2024-02-16 03:00:00+00:00,1927.145
2024-02-16 04:00:00+00:00,1919.985
2024-02-16 05:00:00+00:00,1917.32
2024-02-16 06:00:00+00:00,1778.93
2024-02-16 07:00:00+00:00,1587.26
2024-02-16 08:00:00+00:00,1433.545
2024-02-16 09:00:00+00:00,1309.845
2024-02-16 10:00:00+00:00,1164.095
2024-02-16 11:00:00+00:00,986.655
2024-02-16 12:00:00+00:00,805.475
2024-02-16 13:00:00+00:00,710.375
2024-02-16 14:00:00+00:00,622.36
2024-02-16 15:00:00+00:00,494.99
2024-02-16 16:00:00+00:00,492.95
2024-02-16 17:00:00+00:00,558.1
2024-02-16 18:00:00+00:00,701.26
2024-02-16 19:00:00+00:00,775.255
2024-02-16 20:00:00+00:00,786.42
2024-02-16 21:00:00+00:00,693.05
2024-02-16 22:00:00+00:00,614.71
2024-02-16 23:00:00+00:00,561.64
2024-02-17 00:00:00+00:00,608.16
2024-02-17 01:00:00+00:00,791.7
2024-02-17 02:00:00+00:00,1023.075
2024-02-17 03:00:00+00:00,1273.715
2024-02-17 04:00:00+00:00,1582.045
2024-02-17 05:00:00+00:00,1777.58
2024-02-17 06:00:00+00:00,1997.61
2024-02-17 07:00:00+00:00,2190.765
2024-02-17 08:00:00+00:00,2447.445
2024-02-17 09:00:00+00:00,2599.495
2024-02-17 10:00:00+00:00,2579.11
2024-02-17 11:00:00+00:00,2438.585
2024-02-17 12:00:00+00:00,2341.88
2024-02-17 13:00:00+00:00,2152.38
2024-02-17 14:00:00+00:00,1928.565
2024-02-17 15:00:00+00:00,1674.115
2024-02-17 16:00:00+00:00,1511.835
2024-02-17 17:00:00+00:00,1389.045
2024-02-17 18:00:00+00:00,1233.145
2024-02-17 19:00:00+00:00,1200.44
2024-02-17 20:00:00+00:00,1268.76
2024-02-17 21:00:00+00:00,1353.25
2024-02-17 22:00:00+00:00,1360.765
2024-02-17 23:00:00+00:00,1247.37
2024-02-18 00:00:00+00:00,996.845
2024-02-18 01:00:00+00:00,925.83
2024-02-18 02:00:00+00:00,927.685
2024-02-18 03:00:00+00:00,999.52
2024-02-18 04:00:00+00:00,1062.17
2024-02-18 05:00:00+00:00,1019.565
2024-02-18 06:00:00+00:00,992.655
2024-02-18 07:00:00+00:00,1008.075
2024-02-18 08:00:00+00:00,1078.575
2024-02-18 09:00:00+00:00,1115.735
2024-02-18 10:00:00+00:00,1026.275
2024-02-18 11:00:00+00:00,1024.815
2024-02-18 12:00:00+00:00,935.915
2024-02-18 13:00:00+00:00,822.82
2024-02-18 14:00:00+00:00,777.375
2024-02-18 15:00:00+00:00,1045.875
2024-02-18 16:00:00+00:00,1211.24
2024-02-18 17:00:00+00:00,1335.925
2024-02-18 18:00:00+00:00,1539.715
2024-02-18 19:00:00+00:00,1914.82
2024-02-18 20:00:00+00:00,2049.63
2024-02-18 21:00:00+00:00,2095.355
2024-02-18 22:00:00+00:00,2203.3
2024-02-18 23:00:00+00:00,2273.665
2024-02-19 00:00:00+00:00,2429.62
2024-02-19 01:00:00+00:00,2510.61
2024-02-19 02:00:00+00:00,2512.55
2024-02-19 03:00:00+00:00,2399.805
2024-02-19 04:00:00+00:00,2294.94
2024-02-19 05:00:00+00:00,1975.0
2024-02-19 06:00:00+00:00,1536.175
2024-02-19 07:00:00+00:00,1342.865
2024-02-19 08:00:00+00:00,1185.69
2024-02-19 09:00:00+00:00,1096.635
2024-02-19 10:00:00+00:00,1051.925
2024-02-19 11:00:00+00:00,1110.56
2024-02-19 12:00:00+00:00,1156.62
2024-02-19 13:00:00+00:00,1165.11
2024-02-19 14:00:00+00:00,1254.925
2024-02-19 15:00:00+00:00,1274.915
2024-02-19 16:00:00+00:00,1249.245
2024-02-19 17:00:00+00:00,1390.445
2024-02-19 18:00:00+00:00,1754.605
2024-02-19 19:00:00+00:00,2101.875
2024-02-19 20:00:00+00:00,2383.905
2024-02-19 21:00:00+00:00,2519.165
2024-02-19 22:00:00+00:00,2651.72
2024-02-19 23:00:00+00:00,2816.6
2024-02-20 00:00:00+00:00,3051.845
2024-02-20 01:00:00+00:00,3166.12
2024-02-20 02:00:00+00:00,3210.945
2024-02-20 03:00:00+00:00,3166.52
2024-02-20 04:00:00+00:00,3134.86
2024-02-20 05:00:00+00:00,3151.09
2024-02-20 06:00:00+00:00,3241.435
2024-02-20 07:00:00+00:00,3092.555
2024-02-20 08:00:00+00:00,2992.765
2024-02-20 09:00:00+00:00,2920.36
2024-02-20 10:00:00+00:00,2867.945
2024-02-20 11:00:00+00:00,2842.76
2024-02-20 12:00:00+00:00,2929.08
2024-02-20 13:00:00+00:00,2784.85
2024-02-20 14:00:00+00:00,2360.65
2024-02-20 15:00:00+00:00,1763.835
2024-02-20 16:00:00+00:00,1192.97
2024-02-20 17:00:00+00:00,751.3
2024-02-20 18:00:00+00:00,435.77
2024-02-20 19:00:00+00:00,396.305
2024-02-20 20:00:00+00:00,499.095
2024-02-20 21:00:00+00:00,808.88
2024-02-20 22:00:00+00:00,1228.14
2024-02-20 23:00:00+00:00,1659.275
2024-02-21 00:00:00+00:00,1923.97
2024-02-21 01:00:00+00:00,2352.37
2024-02-21 02:00:00+00:00,2822.195
2024-02-21 03:00:00+00:00,3173.74
2024-02-21 04:00:00+00:00,3397.865
2024-02-21 05:00:00+00:00,3504.065
2024-02-21 06:00:00+00:00,3490.3
2024-02-21 07:00:00+00:00,3502.1
2024-02-21 08:00:00+00:00,3434.985
2024-02-21 09:00:00+00:00,3369.895
2024-02-21 10:00:00+00:00,3457.85
2024-02-21 11:00:00+00:00,3530.775
2024-02-21 12:00:00+00:00,3277.985
2024-02-21 13:00:00+00:00,2941.6
2024-02-21 14:00:00+00:00,2708.28
2024-02-21 15:00:00+00:00,2864.545
2024-02-21 16:00:00+00:00,2972.015
2024-02-21 17:00:00+00:00,2937.065
2024-02-21 18:00:00+00:00,2667.38
2024-02-21 19:00:00+00:00,2806.015
2024-02-21 20:00:00+00:00,2978.46
2024-02-21 21:00:00+00:00,3159.2
2024-02-21 22:00:00+00:00,3104.865
2024-02-21 23:00:00+00:00,2917.645
2024-02-22 00:00:00+00:00,2562.625
2024-02-22 01:00:00+00:00,2226.685
2024-02-22 02:00:00+00:00,1951.11
2024-02-22 03:00:00+00:00,1727.405
2024-02-22 04:00:00+00:00,1638.585
2024-02-22 05:00:00+00:00,1565.79
2024-02-22 06:00:00+00:00,1428.94
2024-02-22 07:00:00+00:00,1398.54
2024-02-22 08:00:00+00:00,1556.02
2024-02-22 09:00:00+00:00,1765.165
2024-02-22 10:00:00+00:00,2109.355
2024-02-22 11:00:00+00:00,2452.515
2024-02-22 12:00:00+00:00,2559.56
2024-02-22 13:00:00+00:00,2612.175
2024-02-22 14:00:00+00:00,2663.92
2024-02-22 15:00:00+00:00,2678.245
2024-02-22 16:00:00+00:00,2524.97
2024-02-22 17:00:00+00:00,2226.46
2024-02-22 18:00:00+00:00,2143.49
2024-02-22 19:00:00+00:00,2305.2
2024-02-22 20:00:00+00:00,2563.18
2024-02-22 21:00:00+00:00,2749.96
2024-02-22 22:00:00+00:00,2846.38
2024-02-22 23:00:00+00:00,2952.665
2024-02-23 00:00:00+00:00,2944.045
2024-02-23 01:00:00+00:00,2823.91
2024-02-23 02:00:00+00:00,2760.905
2024-02-23 03:00:00+00:00,2730.685
2024-02-23 04:00:00+00:00,2640.86
2024-02-23 05:00:00+00:00,2524.565
2024-02-23 06:00:00+00:00,2370.58
2024-02-23 07:00:00+00:00,2231.55
2024-02-23 08:00:00+00:00,2158.48
2024-02-23 09:00:00+00:00,2149.98
2024-02-23 10:00:00+00:00,2138.43
2024-02-23 11:00:00+00:00,2105.485
2024-02-23 12:00:00+00:00,1965.675
2024-02-23 13:00:00+00:00,2042.755
2024-02-23 14:00:00+00:00,2131.075
2024-02-23 15:00:00+00:00,2062.335
2024-02-23 16:00:00+00:00,1954.115
2024-02-23 17:00:00+00:00,1870.04
2024-02-23 18:00:00+00:00,1869.23
2024-02-23 19:00:00+00:00,1885.355
2024-02-23 20:00:00+00:00,1876.095
2024-02-23 21:00:00+00:00,1755.295
2024-02-23 22:00:00+00:00,1576.21
2024-02-23 23:00:00+00:00,1481.445
2024-02-24 00:00:00+00:00,1793.97
2024-02-24 01:00:00+00:00,1763.36
2024-02-24 02:00:00+00:00,1813.405
2024-02-24 03:00:00+00:00,1689.005
2024-02-24 04:00:00+00:00,1471.715
2024-02-24 05:00:00+00:00,1345.625
2024-02-24 06:00:00+00:00,1392.385
2024-02-24 07:00:00+00:00,1423.37
2024-02-24 08:00:00+00:00,1369.605
2024-02-24 09:00:00+00:00,1175.735
2024-02-24 10:00:00+00:00,1063.895
2024-02-24 11:00:00+00:00,1077.945
2024-02-24 12:00:00+00:00,886.47
2024-02-24 13:00:00+00:00,714.345
2024-02-24 14:00:00+00:00,473.83
2024-02-24 15:00:00+00:00,297.815
2024-02-24 16:00:00+00:00,191.995
2024-02-24 17:00:00+00:00,110.885
2024-02-24 18:00:00+00:00,39.215
2024-02-24 19:00:00+00:00,68.47
2024-02-24 20:00:00+00:00,212.58
2024-02-24 21:00:00+00:00,467.02
2024-02-24 22:00:00+00:00,770.845
2024-02-24 23:00:00+00:00,1062.755
2024-02-25 00:00:00+00:00,1158.385
2024-02-25 01:00:00+00:00,1466.155
2024-02-25 02:00:00+00:00,1712.39
2024-02-25 03:00:00+00:00,1828.43
2024-02-25 04:00:00+00:00,1875.43
2024-02-25 05:00:00+00:00,1829.43
2024-02-25 06:00:00+00:00,2025.28
2024-02-25 07:00:00+00:00,2165.91
2024-02-25 08:00:00+00:00,2290.94
2024-02-25 09:00:00+00:00,2390.485
2024-02-25 10:00:00+00:00,2425.87
2024-02-25 11:00:00+00:00,2480.755
2024-02-25 12:00:00+00:00,2572.67
2024-02-25 13:00:00+00:00,2487.15
2024-02-25 14:00:00+00:00,2364.15
2024-02-25 15:00:00+00:00,2318.22
2024-02-25 16:00:00+00:00,2344.32
2024-02-25 17:00:00+00:00,2376.04
2024-02-25 18:00:00+00:00,2405.15
2024-02-25 19:00:00+00:00,2488.545
2024-02-25 20:00:00+00:00,2592.91
2024-02-25 21:00:00+00:00,2644.61
2024-02-25 22:00:00+00:00,2673.995
2024-02-25 23:00:00+00:00,2681.22
2024-02-26 00:00:00+00:00,2749.51
2024-02-26 01:00:00+00:00,2712.03
2024-02-26 02:00:00+00:00,2733.42
2024-02-26 03:00:00+00:00,2738.065
2024-02-26 04:00:00+00:00,2639.21
2024-02-26 05:00:00+00:00,2571.805
2024-02-26 06:00:00+00:00,2429.125
2024-02-26 07:00:00+00:00,2297.765
2024-02-26 08:00:00+00:00,2141.435
2024-02-26 09:00:00+00:00,1894.895
2024-02-26 10:00:00+00:00,1622.97
2024-02-26 11:00:00+00:00,1373.76
2024-02-26 12:00:00+00:00,1180.6
2024-02-26 13:00:00+00:00,1121.775
2024-02-26 14:00:00+00:00,993.85
2024-02-26 15:00:00+00:00,840.125
2024-02-26 16:00:00+00:00,683.075
2024-02-26 17:00:00+00:00,477.23
2024-02-26 18:00:00+00:00,341.805
2024-02-26 19:00:00+00:00,346.615
2024-02-26 20:00:00+00:00,454.87
2024-02-26 21:00:00+00:00,673.535
2024-02-26 22:00:00+00:00,941.96
2024-02-26 23:00:00+00:00,1297.085
2024-02-27 00:00:00+00:00,1645.245
2024-02-27 01:00:00+00:00,1903.22
2024-02-27 02:00:00+00:00,2281.135
2024-02-27 03:00:00+00:00,2605.945
2024-02-27 04:00:00+00:00,2792.93
2024-02-27 05:00:00+00:00,2909.335
2024-02-27 06:00:00+00:00,2864.345
2024-02-27 07:00:00+00:00,2786.495
2024-02-27 08:00:00+00:00,2611.58
2024-02-27 09:00:00+00:00,2288.945
2024-02-27 10:00:00+00:00,2020.8
2024-02-27 11:00:00+00:00,1891.355
2024-02-27 12:00:00+00:00,1556.6
2024-02-27 13:00:00+00:00,1445.105
2024-02-27 14:00:00+00:00,1263.585
2024-02-27 15:00:00+00:00,1071.525
2024-02-27 16:00:00+00:00,863.04
2024-02-27 17:00:00+00:00,630.195
2024-02-27 18:00:00+00:00,329.285
2024-02-27 19:00:00+00:00,276.55
2024-02-27 20:00:00+00:00,288.49
2024-02-27 21:00:00+00:00,357.28
2024-02-27 22:00:00+00:00,512.62
2024-02-27 23:00:00+00:00,675.14
2024-02-28 00:00:00+00:00,772.29
2024-02-28 01:00:00+00:00,971.225
2024-02-28 02:00:00+00:00,1359.83
2024-02-28 03:00:00+00:00,1814.635
2024-02-28 04:00:00+00:00,2186.7
2024-02-28 05:00:00+00:00,2509.055
2024-02-28 06:00:00+00:00,2820.645
2024-02-28 07:00:00+00:00,2822.56
2024-02-28 08:00:00+00:00,2749.505
2024-02-28 09:00:00+00:00,2605.665
2024-02-28 10:00:00+00:00,2413.945
2024-02-28 11:00:00+00:00,2425.135
2024-02-28 12:00:00+00:00,2475.08
2024-02-28 13:00:00+00:00,2547.025
2024-02-28 14:00:00+00:00,2671.54
2024-02-28 15:00:00+00:00,2760.2
2024-02-28 16:00:00+00:00,2860.71
2024-02-28 17:00:00+00:00,2945.135
2024-02-28 18:00:00+00:00,3033.795
2024-02-28 19:00:00+00:00,3102.675
2024-02-28 20:00:00+00:00,3144.705
2024-02-28 21:00:00+00:00,3162.56
2024-02-28 22:00:00+00:00,3136.605
2024-02-28 23:00:00+00:00,3015.395
2024-02-29 00:00:00+00:00,2815.935
2024-02-29 01:00:00+00:00,2659.635
2024-02-29 02:00:00+00:00,2488.44
2024-02-29 03:00:00+00:00,2309.625
2024-02-29 04:00:00+00:00,2207.115
2024-02-29 05:00:00+00:00,2110.85
2024-02-29 06:00:00+00:00,2131.185
2024-02-29 07:00:00+00:00,2016.21
2024-02-29 08:00:00+00:00,2004.99
2024-02-29 09:00:00+00:00,2231.605
2024-02-29 10:00:00+00:00,2544.35
2024-02-29 11:00:00+00:00,2811.54
2024-02-29 12:00:00+00:00,2966.41
2024-02-29 13:00:00+00:00,2992.78
2024-02-29 14:00:00+00:00,2849.905
2024-02-29 15:00:00+00:00,2706.835
2024-02-29 16:00:00+00:00,2506.31
2024-02-29 17:00:00+00:00,2355.76
2024-02-29 18:00:00+00:00,2066.22
2024-02-29 19:00:00+00:00,2248.615
2024-02-29 20:00:00+00:00,2336.21
2024-02-29 21:00:00+00:00,2318.025
2024-02-29 22:00:00+00:00,2335.02
2024-02-29 23:00:00+00:00,2403.345
2024-03-01 00:00:00+00:00,2598.72
2024-03-01 01:00:00+00:00,2596.32
2024-03-01 02:00:00+00:00,2554.775
2024-03-01 03:00:00+00:00,2451.54
2024-03-01 04:00:00+00:00,2321.025
2024-03-01 05:00:00+00:00,2254.505
2024-03-01 06:00:00+00:00,2260.25
2024-03-01 07:00:00+00:00,2193.525
2024-03-01 08:00:00+00:00,2256.655
2024-03-01 09:00:00+00:00,2440.005
2024-03-01 10:00:00+00:00,2594.46
2024-03-01 11:00:00+00:00,2738.055
2024-03-01 12:00:00+00:00,2394.425
2024-03-01 13:00:00+00:00,2647.84
2024-03-01 14:00:00+00:00,2870.295
2024-03-01 15:00:00+00:00,3154.2
2024-03-01 16:00:00+00:00,3324.735
2024-03-01 17:00:00+00:00,3340.11
2024-03-01 18:00:00+00:00,3023.75
2024-03-01 19:00:00+00:00,2870.37
2024-03-01 20:00:00+00:00,2785.75
2024-03-01 21:00:00+00:00,2570.935
2024-03-01 22:00:00+00:00,2320.57
2024-03-01 23:00:00+00:00,2180.525
2024-03-02 00:00:00+00:00,2013.76
2024-03-02 01:00:00+00:00,1976.64
2024-03-02 02:00:00+00:00,2020.385
2024-03-02 03:00:00+00:00,2056.715
2024-03-02 04:00:00+00:00,2103.985
2024-03-02 05:00:00+00:00,2179.66
2024-03-02 06:00:00+00:00,2226.785
2024-03-02 07:00:00+00:00,2379.12
2024-03-02 08:00:00+00:00,2446.265
2024-03-02 09:00:00+00:00,2475.33
2024-03-02 10:00:00+00:00,2747.985
2024-03-02 11:00:00+00:00,2953.0
2024-03-02 12:00:00+00:00,3102.715
2024-03-02 13:00:00+00:00,3137.22
2024-03-02 14:00:00+00:00,3121.975
2024-03-02 15:00:00+00:00,3094.05
2024-03-02 16:00:00+00:00,3016.37
2024-03-02 17:00:00+00:00,2787.965
2024-03-02 18:00:00+00:00,2526.925
2024-03-02 19:00:00+00:00,2299.285
2024-03-02 20:00:00+00:00,2169.605
2024-03-02 21:00:00+00:00,2045.395
2024-03-02 22:00:00+00:00,1897.985
2024-03-02 23:00:00+00:00,1770.12
2024-03-03 00:00:00+00:00,1637.535
2024-03-03 01:00:00+00:00,1602.995
2024-03-03 02:00:00+00:00,1550.63
2024-03-03 03:00:00+00:00,1442.755
2024-03-03 04:00:00+00:00,1285.62
2024-03-03 05:00:00+00:00,1137.755
2024-03-03 06:00:00+00:00,1062.055
2024-03-03 07:00:00+00:00,1032.92
2024-03-03 08:00:00+00:00,990.955
2024-03-03 09:00:00+00:00,909.18
2024-03-03 10:00:00+00:00,838.855
2024-03-03 11:00:00+00:00,782.305
2024-03-03 12:00:00+00:00,733.135
2024-03-03 13:00:00+00:00,648.475
2024-03-03 14:00:00+00:00,523.955
2024-03-03 15:00:00+00:00,357.73
2024-03-03 16:00:00+00:00,233.84
2024-03-03 17:00:00+00:00,195.87
2024-03-03 18:00:00+00:00,192.615
2024-03-03 19:00:00+00:00,200.205
2024-03-03 20:00:00+00:00,245.81
2024-03-03 21:00:00+00:00,366.135
2024-03-03 22:00:00+00:00,580.985
2024-03-03 23:00:00+00:00,831.39
2024-03-04 00:00:00+00:00,866.395
2024-03-04 01:00:00+00:00,1170.23
2024-03-04 02:00:00+00:00,1486.15
2024-03-04 03:00:00+00:00,1804.65
2024-03-04 04:00:00+00:00,2130.625
2024-03-04 05:00:00+00:00,2504.65
2024-03-04 06:00:00+00:00,2771.565
2024-03-04 07:00:00+00:00,3158.485
2024-03-04 08:00:00+00:00,3439.455
2024-03-04 09:00:00+00:00,3743.47
2024-03-04 10:00:00+00:00,3934.6
2024-03-04 11:00:00+00:00,3981.2
2024-03-04 12:00:00+00:00,3977.045
2024-03-04 13:00:00+00:00,3738.63
2024-03-04 14:00:00+00:00,3405.03
2024-03-04 15:00:00+00:00,3213.45
2024-03-04 16:00:00+00:00,3192.09
2024-03-04 17:00:00+00:00,3116.3
2024-03-04 18:00:00+00:00,3013.255
2024-03-04 19:00:00+00:00,2958.22
2024-03-04 20:00:00+00:00,2970.3
2024-03-04 21:00:00+00:00,3132.795
2024-03-04 22:00:00+00:00,3277.62
2024-03-04 23:00:00+00:00,3442.695
2024-03-05 00:00:00+00:00,3884.85
2024-03-05 01:00:00+00:00,3873.415
2024-03-05 02:00:00+00:00,3842.725
2024-03-05 03:00:00+00:00,3803.02
2024-03-05 04:00:00+00:00,3750.58
2024-03-05 05:00:00+00:00,3667.05
2024-03-05 06:00:00+00:00,3621.055
2024-03-05 07:00:00+00:00,3389.17
2024-03-05 08:00:00+00:00,3073.325
2024-03-05 09:00:00+00:00,2683.87
2024-03-05 10:00:00+00:00,2320.955
2024-03-05 11:00:00+00:00,1963.815
2024-03-05 12:00:00+00:00,1478.84
2024-03-05 13:00:00+00:00,1327.175
2024-03-05 14:00:00+00:00,1256.185
2024-03-05 15:00:00+00:00,1216.385
2024-03-05 16:00:00+00:00,1228.565
2024-03-05 17:00:00+00:00,1290.525
2024-03-05 18:00:00+00:00,1446.43
2024-03-05 19:00:00+00:00,1625.08
2024-03-05 20:00:00+00:00,1817.6
2024-03-05 21:00:00+00:00,2000.995
2024-03-05 22:00:00+00:00,2126.51
2024-03-05 23:00:00+00:00,2244.565
2024-03-06 00:00:00+00:00,2202.41
2024-03-06 01:00:00+00:00,2250.35
2024-03-06 02:00:00+00:00,2335.37
2024-03-06 03:00:00+00:00,2441.535
2024-03-06 04:00:00+00:00,2542.95
2024-03-06 05:00:00+00:00,2609.01
2024-03-06 06:00:00+00:00,2574.16
2024-03-06 07:00:00+00:00,2640.59
2024-03-06 08:00:00+00:00,2697.255
2024-03-06 09:00:00+00:00,2783.125
2024-03-06 10:00:00+00:00,2855.76
2024-03-06 11:00:00+00:00,2879.915
2024-03-06 12:00:00+00:00,2898.685
2024-03-06 13:00:00+00:00,2879.805
2024-03-06 14:00:00+00:00,2834.705
2024-03-06 15:00:00+00:00,2800.315
2024-03-06 16:00:00+00:00,2753.545
2024-03-06 17:00:00+00:00,2740.975
2024-03-06 18:00:00+00:00,2915.355
2024-03-06 19:00:00+00:00,2892.61
2024-03-06 20:00:00+00:00,2841.84
2024-03-06 21:00:00+00:00,2831.765
2024-03-06 22:00:00+00:00,2809.055
2024-03-06 23:00:00+00:00,2799.34
2024-03-07 00:00:00+00:00,2860.64
2024-03-07 01:00:00+00:00,2736.81
2024-03-07 02:00:00+00:00,2610.375
2024-03-07 03:00:00+00:00,2604.215
2024-03-07 04:00:00+00:00,2559.79
2024-03-07 05:00:00+00:00,2561.675
2024-03-07 06:00:00+00:00,2726.885
2024-03-07 07:00:00+00:00,2682.93
2024-03-07 08:00:00+00:00,2740.95
2024-03-07 09:00:00+00:00,2892.545
2024-03-07 10:00:00+00:00,2969.58
2024-03-07 11:00:00+00:00,3027.135
2024-03-07 12:00:00+00:00,3009.745
2024-03-07 13:00:00+00:00,2991.035
2024-03-07 14:00:00+00:00,2949.025
2024-03-07 15:00:00+00:00,2897.3
2024-03-07 16:00:00+00:00,2812.955
2024-03-07 17:00:00+00:00,2685.975
2024-03-07 18:00:00+00:00,2708.545
2024-03-07 19:00:00+00:00,2573.93
2024-03-07 20:00:00+00:00,2567.365
2024-03-07 21:00:00+00:00,2615.06
2024-03-07 22:00:00+00:00,2659.275
2024-03-07 23:00:00+00:00,2687.58
2024-03-08 00:00:00+00:00,2675.27
2024-03-08 01:00:00+00:00,2753.45
2024-03-08 02:00:00+00:00,2846.39
2024-03-08 03:00:00+00:00,2867.43
2024-03-08 04:00:00+00:00,2925.58
2024-03-08 05:00:00+00:00,3045.465
2024-03-08 06:00:00+00:00,3114.355
2024-03-08 07:00:00+00:00,3161.46
2024-03-08 08:00:00+00:00,3175.64
2024-03-08 09:00:00+00:00,3276.035
2024-03-08 10:00:00+00:00,3389.395
2024-03-08 11:00:00+00:00,3512.395
2024-03-08 12:00:00+00:00,3549.63
2024-03-08 13:00:00+00:00,3545.475
2024-03-08 14:00:00+00:00,3499.46
2024-03-08 15:00:00+00:00,3478.025
2024-03-08 16:00:00+00:00,3452.99
2024-03-08 17:00:00+00:00,3418.58
2024-03-08 18:00:00+00:00,3358.785
2024-03-08 19:00:00+00:00,3259.065
2024-03-08 20:00:00+00:00,3184.535
2024-03-08 21:00:00+00:00,3149.57
2024-03-08 22:00:00+00:00,3059.94
2024-03-08 23:00:00+00:00,2980.0
2024-03-09 00:00:00+00:00,2816.81
2024-03-09 01:00:00+00:00,2841.905
2024-03-09 02:00:00+00:00,2845.1
2024-03-09 03:00:00+00:00,2814.28
2024-03-09 04:00:00+00:00,2743.565
2024-03-09 05:00:00+00:00,2677.92
2024-03-09 06:00:00+00:00,2634.48
2024-03-09 07:00:00+00:00,2681.1
2024-03-09 08:00:00+00:00,2733.725
2024-03-09 09:00:00+00:00,2745.01
2024-03-09 10:00:00+00:00,2640.22
2024-03-09 11:00:00+00:00,2503.04
2024-03-09 12:00:00+00:00,2342.73
2024-03-09 13:00:00+00:00,2201.275
2024-03-09 14:00:00+00:00,2062.36
2024-03-09 15:00:00+00:00,1906.555
2024-03-09 16:00:00+00:00,1759.185
2024-03-09 17:00:00+00:00,1625.31
2024-03-09 18:00:00+00:00,1514.495
2024-03-09 19:00:00+00:00,1479.535
2024-03-09 20:00:00+00:00,1397.97
2024-03-09 21:00:00+00:00,1341.35
2024-03-09 22:00:00+00:00,1333.735
2024-03-09 23:00:00+00:00,1320.06
2024-03-10 00:00:00+00:00,1230.245
2024-03-10 01:00:00+00:00,1084.45
2024-03-10 02:00:00+00:00,1000.98
2024-03-10 03:00:00+00:00,975.265
2024-03-10 04:00:00+00:00,956.015
2024-03-10 05:00:00+00:00,910.86
2024-03-10 06:00:00+00:00,901.78
2024-03-10 07:00:00+00:00,862.63
2024-03-10 08:00:00+00:00,840.475
2024-03-10 09:00:00+00:00,768.64
2024-03-10 10:00:00+00:00,686.575
2024-03-10 11:00:00+00:00,658.445
2024-03-10 12:00:00+00:00,688.95
2024-03-10 13:00:00+00:00,685.175
2024-03-10 14:00:00+00:00,698.85
2024-03-10 15:00:00+00:00,704.495
2024-03-10 16:00:00+00:00,679.765
2024-03-10 17:00:00+00:00,586.295
2024-03-10 18:00:00+00:00,472.1
2024-03-10 19:00:00+00:00,457.47
2024-03-10 20:00:00+00:00,456.02
2024-03-10 21:00:00+00:00,413.63
2024-03-10 22:00:00+00:00,370.51
2024-03-10 23:00:00+00:00,373.47
2024-03-11 00:00:00+00:00,373.94
2024-03-11 01:00:00+00:00,334.705
2024-03-11 02:00:00+00:00,343.065
2024-03-11 03:00:00+00:00,335.24
2024-03-11 04:00:00+00:00,264.22
2024-03-11 05:00:00+00:00,206.085
2024-03-11 06:00:00+00:00,127.125
2024-03-11 07:00:00+00:00,116.295
2024-03-11 08:00:00+00:00,105.335
2024-03-11 09:00:00+00:00,103.915
2024-03-11 10:00:00+00:00,102.005
2024-03-11 11:00:00+00:00,88.255
2024-03-11 12:00:00+00:00,93.235
2024-03-11 13:00:00+00:00,106.24
2024-03-11 14:00:00+00:00,123.49
2024-03-11 15:00:00+00:00,150.075
2024-03-11 16:00:00+00:00,219.185
2024-03-11 17:00:00+00:00,368.905
2024-03-11 18:00:00+00:00,975.26
2024-03-11 19:00:00+00:00,1325.79
2024-03-11 20:00:00+00:00,1597.34
2024-03-11 21:00:00+00:00,1806.385
2024-03-11 22:00:00+00:00,1957.94
2024-03-11 23:00:00+00:00,2055.355
2024-03-12 00:00:00+00:00,2158.845
2024-03-12 01:00:00+00:00,2121.35
2024-03-12 02:00:00+00:00,2042.615
2024-03-12 03:00:00+00:00,1938.93
2024-03-12 04:00:00+00:00,1952.135
2024-03-12 05:00:00+00:00,2017.14
2024-03-12 06:00:00+00:00,1713.535
2024-03-12 07:00:00+00:00,1716.91
2024-03-12 08:00:00+00:00,1822.23
2024-03-12 09:00:00+00:00,1961.535
2024-03-12 10:00:00+00:00,2203.87
2024-03-12 11:00:00+00:00,2420.3
2024-03-12 12:00:00+00:00,2424.115
2024-03-12 13:00:00+00:00,2589.11
2024-03-12 14:00:00+00:00,2744.175
2024-03-12 15:00:00+00:00,2838.225
2024-03-12 16:00:00+00:00,2933.48
2024-03-12 17:00:00+00:00,3066.08
2024-03-12 18:00:00+00:00,3164.365
2024-03-12 19:00:00+00:00,3233.66
2024-03-12 20:00:00+00:00,3278.425
2024-03-12 21:00:00+00:00,3392.43
2024-03-12 22:00:00+00:00,3457.79
2024-03-12 23:00:00+00:00,3458.97
2024-03-13 00:00:00+00:00,3548.62
2024-03-13 01:00:00+00:00,3457.67
2024-03-13 02:00:00+00:00,3323.05
2024-03-13 03:00:00+00:00,3129.82
2024-03-13 04:00:00+00:00,2764.795
2024-03-13 05:00:00+00:00,2395.665
2024-03-13 06:00:00+00:00,1877.67
2024-03-13 07:00:00+00:00,1461.87
2024-03-13 08:00:00+00:00,1230.635
2024-03-13 09:00:00+00:00,1208.195
2024-03-13 10:00:00+00:00,1243.22
2024-03-13 11:00:00+00:00,1262.82
2024-03-13 12:00:00+00:00,1029.86
2024-03-13 13:00:00+00:00,983.495
2024-03-13 14:00:00+00:00,898.485
2024-03-13 15:00:00+00:00,835.22
2024-03-13 16:00:00+00:00,757.6
2024-03-13 17:00:00+00:00,738.555
2024-03-13 18:00:00+00:00,534.325
2024-03-13 19:00:00+00:00,525.615
2024-03-13 20:00:00+00:00,604.005
2024-03-13 21:00:00+00:00,858.21
2024-03-13 22:00:00+00:00,1145.87
2024-03-13 23:00:00+00:00,1345.51
2024-03-14 00:00:00+00:00,1506.075
2024-03-14 01:00:00+00:00,1625.34
2024-03-14 02:00:00+00:00,1785.17
2024-03-14 03:00:00+00:00,1968.255
2024-03-14 04:00:00+00:00,2057.475
2024-03-14 05:00:00+00:00,2059.76
2024-03-14 06:00:00+00:00,1630.545
2024-03-14 07:00:00+00:00,1578.555
2024-03-14 08:00:00+00:00,1620.945
2024-03-14 09:00:00+00:00,1701.99
2024-03-14 10:00:00+00:00,1794.255
2024-03-14 11:00:00+00:00,1885.98
2024-03-14 12:00:00+00:00,1857.37
2024-03-14 13:00:00+00:00,1936.87
2024-03-14 14:00:00+00:00,2063.405
2024-03-14 15:00:00+00:00,2182.87
2024-03-14 16:00:00+00:00,2308.965
2024-03-14 17:00:00+00:00,2385.835
2024-03-14 18:00:00+00:00,2349.34
2024-03-14 19:00:00+00:00,2329.735
2024-03-14 20:00:00+00:00,2304.625
2024-03-14 21:00:00+00:00,2221.335
2024-03-14 22:00:00+00:00,2121.1
2024-03-14 23:00:00+00:00,1996.85
2024-03-15 00:00:00+00:00,1628.865
2024-03-15 01:00:00+00:00,1493.125
2024-03-15 02:00:00+00:00,1426.5
2024-03-15 03:00:00+00:00,1341.115
2024-03-15 04:00:00+00:00,1210.77
2024-03-15 05:00:00+00:00,1043.21
2024-03-15 06:00:00+00:00,658.81
2024-03-15 07:00:00+00:00,611.77
2024-03-15 08:00:00+00:00,668.185
2024-03-15 09:00:00+00:00,779.585
2024-03-15 10:00:00+00:00,879.645
2024-03-15 11:00:00+00:00,938.77
2024-03-15 12:00:00+00:00,878.145
2024-03-15 13:00:00+00:00,868.935
2024-03-15 14:00:00+00:00,778.415
2024-03-15 15:00:00+00:00,666.37
2024-03-15 16:00:00+00:00,529.205
2024-03-15 17:00:00+00:00,367.0
2024-03-15 18:00:00+00:00,213.035
2024-03-15 19:00:00+00:00,137.77
2024-03-15 20:00:00+00:00,93.2
2024-03-15 21:00:00+00:00,78.38
2024-03-15 22:00:00+00:00,106.77
2024-03-15 23:00:00+00:00,176.995
2024-03-16 00:00:00+00:00,404.55
2024-03-16 01:00:00+00:00,653.165
2024-03-16 02:00:00+00:00,913.21
2024-03-16 03:00:00+00:00,1151.215
2024-03-16 04:00:00+00:00,1458.39
2024-03-16 05:00:00+00:00,1800.045
2024-03-16 06:00:00+00:00,2275.515
2024-03-16 07:00:00+00:00,2497.985
2024-03-16 08:00:00+00:00,2687.455
2024-03-16 09:00:00+00:00,2831.36
2024-03-16 10:00:00+00:00,2974.455
2024-03-16 11:00:00+00:00,3019.735
2024-03-16 12:00:00+00:00,3083.005
2024-03-16 13:00:00+00:00,3046.85
2024-03-16 14:00:00+00:00,2956.26
2024-03-16 15:00:00+00:00,2751.395
2024-03-16 16:00:00+00:00,2449.645
2024-03-16 17:00:00+00:00,2132.385
2024-03-16 18:00:00+00:00,1778.075
2024-03-16 19:00:00+00:00,1584.38
2024-03-16 20:00:00+00:00,1490.37
2024-03-16 21:00:00+00:00,1498.1
2024-03-16 22:00:00+00:00,1465.955
2024-03-16 23:00:00+00:00,1313.375
2024-03-17 00:00:00+00:00,1116.315
2024-03-17 01:00:00+00:00,1015.38
2024-03-17 02:00:00+00:00,994.065
2024-03-17 03:00:00+00:00,989.88
2024-03-17 04:00:00+00:00,965.985
2024-03-17 05:00:00+00:00,979.455
2024-03-17 06:00:00+00:00,1103.45
2024-03-17 07:00:00+00:00,1210.425
2024-03-17 08:00:00+00:00,1317.08
2024-03-17 09:00:00+00:00,1366.205
2024-03-17 10:00:00+00:00,1256.525
2024-03-17 11:00:00+00:00,1184.635
2024-03-17 12:00:00+00:00,1309.34
2024-03-17 13:00:00+00:00,1388.34
2024-03-17 14:00:00+00:00,1524.67
2024-03-17 15:00:00+00:00,1754.49
2024-03-17 16:00:00+00:00,1931.08
2024-03-17 17:00:00+00:00,1962.14
2024-03-17 18:00:00+00:00,1857.995
2024-03-17 19:00:00+00:00,1904.11
2024-03-17 20:00:00+00:00,2009.72
2024-03-17 21:00:00+00:00,2027.375
2024-03-17 22:00:00+00:00,1915.54
2024-03-17 23:00:00+00:00,1665.215
2024-03-18 00:00:00+00:00,1399.24
2024-03-18 01:00:00+00:00,1235.645
2024-03-18 02:00:00+00:00,1152.21
2024-03-18 03:00:00+00:00,1112.16
2024-03-18 04:00:00+00:00,1106.22
2024-03-18 05:00:00+00:00,1204.815
2024-03-18 06:00:00+00:00,1436.915
2024-03-18 07:00:00+00:00,1599.515
2024-03-18 08:00:00+00:00,1764.785
2024-03-18 09:00:00+00:00,2101.295
2024-03-18 10:00:00+00:00,2537.255
2024-03-18 11:00:00+00:00,2953.36
2024-03-18 12:00:00+00:00,3335.13
2024-03-18 13:00:00+00:00,3489.08
2024-03-18 14:00:00+00:00,3668.18
2024-03-18 15:00:00+00:00,3779.035
2024-03-18 16:00:00+00:00,3820.725
2024-03-18 17:00:00+00:00,3805.545
2024-03-18 18:00:00+00:00,3733.645
2024-03-18 19:00:00+00:00,3692.01
2024-03-18 20:00:00+00:00,3604.225
2024-03-18 21:00:00+00:00,3436.925
2024-03-18 22:00:00+00:00,3194.505
2024-03-18 23:00:00+00:00,2921.54
2024-03-19 00:00:00+00:00,2517.305
2024-03-19 01:00:00+00:00,2276.66
2024-03-19 02:00:00+00:00,1950.67
2024-03-19 03:00:00+00:00,1594.52
2024-03-19 04:00:00+00:00,1248.25
2024-03-19 05:00:00+00:00,977.29
2024-03-19 06:00:00+00:00,744.815
2024-03-19 07:00:00+00:00,601.705
2024-03-19 08:00:00+00:00,404.075
2024-03-19 09:00:00+00:00,235.995
2024-03-19 10:00:00+00:00,164.1
2024-03-19 11:00:00+00:00,135.315
2024-03-19 12:00:00+00:00,86.88
2024-03-19 13:00:00+00:00,87.995
2024-03-19 14:00:00+00:00,95.39
2024-03-19 15:00:00+00:00,100.165
2024-03-19 16:00:00+00:00,101.445
2024-03-19 17:00:00+00:00,110.38
2024-03-19 18:00:00+00:00,149.355
2024-03-19 19:00:00+00:00,164.91
2024-03-19 20:00:00+00:00,200.96
2024-03-19 21:00:00+00:00,206.53
2024-03-19 22:00:00+00:00,219.175
2024-03-19 23:00:00+00:00,258.165
2024-03-20 00:00:00+00:00,320.12
2024-03-20 01:00:00+00:00,443.95
2024-03-20 02:00:00+00:00,619.955
2024-03-20 03:00:00+00:00,815.16
2024-03-20 04:00:00+00:00,987.955
2024-03-20 05:00:00+00:00,1154.88
2024-03-20 06:00:00+00:00,1255.08
2024-03-20 07:00:00+00:00,1332.96
2024-03-20 08:00:00+00:00,1216.78
2024-03-20 09:00:00+00:00,1164.54
2024-03-20 10:00:00+00:00,1229.35
2024-03-20 11:00:00+00:00,1135.235
2024-03-20 12:00:00+00:00,756.64
2024-03-20 13:00:00+00:00,633.395
2024-03-20 14:00:00+00:00,432.195
2024-03-20 15:00:00+00:00,326.565
2024-03-20 16:00:00+00:00,272.875
2024-03-20 17:00:00+00:00,179.9
2024-03-20 18:00:00+00:00,60.82
2024-03-20 19:00:00+00:00,67.305
2024-03-20 20:00:00+00:00,106.305
2024-03-20 21:00:00+00:00,161.82
2024-03-20 22:00:00+00:00,240.935
2024-03-20 23:00:00+00:00,407.475
2024-03-21 00:00:00+00:00,886.22
2024-03-21 01:00:00+00:00,1321.345
2024-03-21 02:00:00+00:00,1802.125
2024-03-21 03:00:00+00:00,2149.825
2024-03-21 04:00:00+00:00,2374.755
2024-03-21 05:00:00+00:00,2542.965
2024-03-21 06:00:00+00:00,2810.23
2024-03-21 07:00:00+00:00,2937.005
2024-03-21 08:00:00+00:00,3077.165
2024-03-21 09:00:00+00:00,3143.805
2024-03-21 10:00:00+00:00,3201.565
2024-03-21 11:00:00+00:00,3222.425
2024-03-21 12:00:00+00:00,3289.28
2024-03-21 13:00:00+00:00,3208.8
2024-03-21 14:00:00+00:00,3116.875
2024-03-21 15:00:00+00:00,2998.445
2024-03-21 16:00:00+00:00,2797.405
2024-03-21 17:00:00+00:00,2484.03
2024-03-21 18:00:00+00:00,2162.495
2024-03-21 19:00:00+00:00,1794.975
2024-03-21 20:00:00+00:00,1651.04
2024-03-21 21:00:00+00:00,1596.945
2024-03-21 22:00:00+00:00,1663.985
2024-03-21 23:00:00+00:00,1725.35
2024-03-22 00:00:00+00:00,1616.47
2024-03-22 01:00:00+00:00,1659.59
2024-03-22 02:00:00+00:00,1720.48
2024-03-22 03:00:00+00:00,1711.23
2024-03-22 04:00:00+00:00,1789.87
2024-03-22 05:00:00+00:00,1891.845
2024-03-22 06:00:00+00:00,1712.08
2024-03-22 07:00:00+00:00,1696.665
2024-03-22 08:00:00+00:00,1796.76
2024-03-22 09:00:00+00:00,2254.81
2024-03-22 10:00:00+00:00,2779.57
2024-03-22 11:00:00+00:00,2965.205
2024-03-22 12:00:00+00:00,3144.325
2024-03-22 13:00:00+00:00,3216.395
2024-03-22 14:00:00+00:00,3298.76
2024-03-22 15:00:00+00:00,3396.89
2024-03-22 16:00:00+00:00,3355.7
2024-03-22 17:00:00+00:00,3410.645
2024-03-22 18:00:00+00:00,3260.08
2024-03-22 19:00:00+00:00,3281.495
2024-03-22 20:00:00+00:00,3290.21
2024-03-22 21:00:00+00:00,3311.015
2024-03-22 22:00:00+00:00,3331.04
2024-03-22 23:00:00+00:00,3359.295
2024-03-23 00:00:00+00:00,3483.66
2024-03-23 01:00:00+00:00,3465.51
2024-03-23 02:00:00+00:00,3402.445
2024-03-23 03:00:00+00:00,3444.455
2024-03-23 04:00:00+00:00,3514.015
2024-03-23 05:00:00+00:00,3575.245
2024-03-23 06:00:00+00:00,3489.555
2024-03-23 07:00:00+00:00,3635.1
2024-03-23 08:00:00+00:00,3756.745
2024-03-23 09:00:00+00:00,3821.905
2024-03-23 10:00:00+00:00,3872.695
2024-03-23 11:00:00+00:00,3873.745
2024-03-23 12:00:00+00:00,3872.11
2024-03-23 13:00:00+00:00,3813.595
2024-03-23 14:00:00+00:00,3730.485
2024-03-23 15:00:00+00:00,3682.565
2024-03-23 16:00:00+00:00,3526.225
2024-03-23 17:00:00+00:00,3270.875
2024-03-23 18:00:00+00:00,3041.335
2024-03-23 19:00:00+00:00,2748.32
2024-03-23 20:00:00+00:00,2580.48
2024-03-23 21:00:00+00:00,2393.12
2024-03-23 22:00:00+00:00,2205.51
2024-03-23 23:00:00+00:00,1967.8
2024-03-24 00:00:00+00:00,1823.715
2024-03-24 01:00:00+00:00,1580.89
2024-03-24 02:00:00+00:00,1421.545
2024-03-24 03:00:00+00:00,1260.07
2024-03-24 04:00:00+00:00,1024.22
2024-03-24 05:00:00+00:00,772.635
2024-03-24 06:00:00+00:00,527.87
2024-03-24 07:00:00+00:00,338.705
2024-03-24 08:00:00+00:00,219.665
2024-03-24 09:00:00+00:00,163.46
2024-03-24 10:00:00+00:00,159.895
2024-03-24 11:00:00+00:00,226.04
2024-03-24 12:00:00+00:00,416.295
2024-03-24 13:00:00+00:00,553.3
2024-03-24 14:00:00+00:00,668.78
2024-03-24 15:00:00+00:00,803.28
2024-03-24 16:00:00+00:00,968.65
2024-03-24 17:00:00+00:00,1158.58
2024-03-24 18:00:00+00:00,1196.815
2024-03-24 19:00:00+00:00,1439.32
2024-03-24 20:00:00+00:00,1567.585
2024-03-24 21:00:00+00:00,1573.43
2024-03-24 22:00:00+00:00,1419.04
2024-03-24 23:00:00+00:00,1229.88
2024-03-25 00:00:00+00:00,1166.315
2024-03-25 01:00:00+00:00,1153.285
2024-03-25 02:00:00+00:00,1381.14
2024-03-25 03:00:00+00:00,1670.505
2024-03-25 04:00:00+00:00,1827.255
2024-03-25 05:00:00+00:00,1801.575
2024-03-25 06:00:00+00:00,2095.425
2024-03-25 07:00:00+00:00,2015.13
2024-03-25 08:00:00+00:00,1885.68
2024-03-25 09:00:00+00:00,1756.95
2024-03-25 10:00:00+00:00,1651.565
2024-03-25 11:00:00+00:00,1448.715
2024-03-25 12:00:00+00:00,1521.625
2024-03-25 13:00:00+00:00,1228.215
2024-03-25 14:00:00+00:00,961.7
2024-03-25 15:00:00+00:00,720.995
2024-03-25 16:00:00+00:00,523.56
2024-03-25 17:00:00+00:00,373.52
2024-03-25 18:00:00+00:00,502.04
2024-03-25 19:00:00+00:00,433.335
2024-03-25 20:00:00+00:00,414.915
2024-03-25 21:00:00+00:00,432.01
2024-03-25 22:00:00+00:00,507.995
2024-03-25 23:00:00+00:00,686.225
2024-03-26 00:00:00+00:00,1144.07
2024-03-26 01:00:00+00:00,1273.26
2024-03-26 02:00:00+00:00,1322.25
2024-03-26 03:00:00+00:00,1436.505
2024-03-26 04:00:00+00:00,1571.64
2024-03-26 05:00:00+00:00,1619.115
2024-03-26 06:00:00+00:00,1614.44
2024-03-26 07:00:00+00:00,1584.72
2024-03-26 08:00:00+00:00,1513.53
2024-03-26 09:00:00+00:00,1382.685
2024-03-26 10:00:00+00:00,1223.005
2024-03-26 11:00:00+00:00,1094.235
2024-03-26 12:00:00+00:00,841.72
2024-03-26 13:00:00+00:00,813.315
2024-03-26 14:00:00+00:00,802.85
2024-03-26 15:00:00+00:00,784.725
2024-03-26 16:00:00+00:00,811.61
2024-03-26 17:00:00+00:00,855.665
2024-03-26 18:00:00+00:00,948.805
2024-03-26 19:00:00+00:00,971.595
2024-03-26 20:00:00+00:00,1011.08
2024-03-26 21:00:00+00:00,1084.9
2024-03-26 22:00:00+00:00,1139.91
2024-03-26 23:00:00+00:00,1218.905
2024-03-27 00:00:00+00:00,1394.805
2024-03-27 01:00:00+00:00,1478.32
2024-03-27 02:00:00+00:00,1543.98
2024-03-27 03:00:00+00:00,1573.52
2024-03-27 04:00:00+00:00,1574.24
2024-03-27 05:00:00+00:00,1598.36
2024-03-27 06:00:00+00:00,1695.095
2024-03-27 07:00:00+00:00,1682.13
2024-03-27 08:00:00+00:00,1766.53
2024-03-27 09:00:00+00:00,1872.455
2024-03-27 10:00:00+00:00,1989.195
2024-03-27 11:00:00+00:00,2038.125
2024-03-27 12:00:00+00:00,2022.05
2024-03-27 13:00:00+00:00,2001.22
2024-03-27 14:00:00+00:00,1966.385
2024-03-27 15:00:00+00:00,1893.035
2024-03-27 16:00:00+00:00,1793.365
2024-03-27 17:00:00+00:00,1679.82
2024-03-27 18:00:00+00:00,1702.875
2024-03-27 19:00:00+00:00,1574.385
2024-03-27 20:00:00+00:00,1443.04
2024-03-27 21:00:00+00:00,1397.545
2024-03-27 22:00:00+00:00,1343.475
2024-03-27 23:00:00+00:00,1274.985
2024-03-28 00:00:00+00:00,989.41
2024-03-28 01:00:00+00:00,1007.165
2024-03-28 02:00:00+00:00,918.67
2024-03-28 03:00:00+00:00,860.17
2024-03-28 04:00:00+00:00,841.175
2024-03-28 05:00:00+00:00,817.55
2024-03-28 06:00:00+00:00,682.81
2024-03-28 07:00:00+00:00,615.355
2024-03-28 08:00:00+00:00,508.975
2024-03-28 09:00:00+00:00,393.85
2024-03-28 10:00:00+00:00,329.605
2024-03-28 11:00:00+00:00,260.285
2024-03-28 12:00:00+00:00,199.955
2024-03-28 13:00:00+00:00,138.775
2024-03-28 14:00:00+00:00,119.785
2024-03-28 15:00:00+00:00,123.695
2024-03-28 16:00:00+00:00,147.94
2024-03-28 17:00:00+00:00,160.535
2024-03-28 18:00:00+00:00,218.335
2024-03-28 19:00:00+00:00,231.34
2024-03-28 20:00:00+00:00,226.785
2024-03-28 21:00:00+00:00,229.87
2024-03-28 22:00:00+00:00,256.03
2024-03-28 23:00:00+00:00,303.54
2024-03-29 00:00:00+00:00,579.915
2024-03-29 01:00:00+00:00,645.125
2024-03-29 02:00:00+00:00,677.43
2024-03-29 03:00:00+00:00,678.57
2024-03-29 04:00:00+00:00,674.08
2024-03-29 05:00:00+00:00,683.89
2024-03-29 06:00:00+00:00,800.49
2024-03-29 07:00:00+00:00,693.745
2024-03-29 08:00:00+00:00,541.135
2024-03-29 09:00:00+00:00,397.925
2024-03-29 10:00:00+00:00,339.26
2024-03-29 11:00:00+00:00,323.17
2024-03-29 12:00:00+00:00,300.275
2024-03-29 13:00:00+00:00,318.795
2024-03-29 14:00:00+00:00,360.6
2024-03-29 15:00:00+00:00,421.075
2024-03-29 16:00:00+00:00,498.54
2024-03-29 17:00:00+00:00,553.91
2024-03-29 18:00:00+00:00,567.18
2024-03-29 19:00:00+00:00,533.955
2024-03-29 20:00:00+00:00,533.695
2024-03-29 21:00:00+00:00,576.92
2024-03-29 22:00:00+00:00,666.02
2024-03-29 23:00:00+00:00,739.06
2024-03-30 00:00:00+00:00,679.82
2024-03-30 01:00:00+00:00,795.285
2024-03-30 02:00:00+00:00,907.315
2024-03-30 03:00:00+00:00,1029.23
2024-03-30 04:00:00+00:00,1194.965
2024-03-30 05:00:00+00:00,1371.835
2024-03-30 06:00:00+00:00,1508.745
2024-03-30 07:00:00+00:00,1643.425
2024-03-30 08:00:00+00:00,1684.89
2024-03-30 09:00:00+00:00,1801.21
2024-03-30 10:00:00+00:00,1956.48
2024-03-30 11:00:00+00:00,1993.495
2024-03-30 12:00:00+00:00,2020.535
2024-03-30 13:00:00+00:00,1928.835
2024-03-30 14:00:00+00:00,1859.145
2024-03-30 15:00:00+00:00,1744.76
2024-03-30 16:00:00+00:00,1595.46
2024-03-30 17:00:00+00:00,1381.87
2024-03-30 18:00:00+00:00,1232.28
2024-03-30 19:00:00+00:00,1236.515
2024-03-30 20:00:00+00:00,1260.965
2024-03-30 21:00:00+00:00,1285.385
2024-03-30 22:00:00+00:00,1290.235
2024-03-30 23:00:00+00:00,1317.98
2024-03-31 00:00:00+00:00,1158.045
2024-03-31 02:00:00+01:00,1144.515
2024-03-31 03:00:00+01:00,1140.3
2024-03-31 04:00:00+01:00,1114.53
2024-03-31 05:00:00+01:00,1137.49
2024-03-31 06:00:00+01:00,1158.535
2024-03-31 07:00:00+01:00,1148.785
2024-03-31 08:00:00+01:00,1192.905
2024-03-31 09:00:00+01:00,1169.33
2024-03-31 10:00:00+01:00,1086.49
2024-03-31 11:00:00+01:00,1058.865
2024-03-31 12:00:00+01:00,1077.275
2024-03-31 13:00:00+01:00,1171.765
2024-03-31 14:00:00+01:00,1283.355
2024-03-31 15:00:00+01:00,1337.425
2024-03-31 16:00:00+01:00,1353.775
2024-03-31 17:00:00+01:00,1296.025
2024-03-31 18:00:00+01:00,1292.615
2024-03-31 19:00:00+01:00,1268.115
2024-03-31 20:00:00+01:00,1226.905
2024-03-31 21:00:00+01:00,1214.585
2024-03-31 22:00:00+01:00,1287.845
2024-03-31 23:00:00+01:00,1359.95
2024-04-01 00:00:00+01:00,1371.505
2024-04-01 01:00:00+01:00,1414.77
2024-04-01 02:00:00+01:00,1382.75
2024-04-01 03:00:00+01:00,1334.425
2024-04-01 04:00:00+01:00,1306.365
2024-04-01 05:00:00+01:00,1305.295
2024-04-01 06:00:00+01:00,1314.965
2024-04-01 07:00:00+01:00,1193.06
2024-04-01 08:00:00+01:00,1073.685
2024-04-01 09:00:00+01:00,912.64
2024-04-01 10:00:00+01:00,795.42
2024-04-01 11:00:00+01:00,691.71
2024-04-01 12:00:00+01:00,599.135
2024-04-01 13:00:00+01:00,629.335
2024-04-01 14:00:00+01:00,513.545
2024-04-01 15:00:00+01:00,437.8
2024-04-01 16:00:00+01:00,403.945
2024-04-01 17:00:00+01:00,367.205
2024-04-01 18:00:00+01:00,326.335
2024-04-01 19:00:00+01:00,290.815
2024-04-01 20:00:00+01:00,187.2
2024-04-01 21:00:00+01:00,135.58
2024-04-01 22:00:00+01:00,126.5
2024-04-01 23:00:00+01:00,114.36
2024-04-02 00:00:00+01:00,84.93
2024-04-02 01:00:00+01:00,82.83
2024-04-02 02:00:00+01:00,47.115
2024-04-02 03:00:00+01:00,50.04
2024-04-02 04:00:00+01:00,58.11
2024-04-02 05:00:00+01:00,55.58
2024-04-02 06:00:00+01:00,53.81
2024-04-02 07:00:00+01:00,69.4
2024-04-02 08:00:00+01:00,97.395
2024-04-02 09:00:00+01:00,118.295
2024-04-02 10:00:00+01:00,113.73
2024-04-02 11:00:00+01:00,131.36
2024-04-02 12:00:00+01:00,178.86
2024-04-02 13:00:00+01:00,261.78
2024-04-02 14:00:00+01:00,347.145
2024-04-02 15:00:00+01:00,446.095
2024-04-02 16:00:00+01:00,540.1
2024-04-02 17:00:00+01:00,563.26
2024-04-02 18:00:00+01:00,591.365
2024-04-02 19:00:00+01:00,578.63
2024-04-02 20:00:00+01:00,539.165
2024-04-02 21:00:00+01:00,597.85
2024-04-02 22:00:00+01:00,650.53
2024-04-02 23:00:00+01:00,665.9
2024-04-03 00:00:00+01:00,643.735
2024-04-03 01:00:00+01:00,574.855
2024-04-03 02:00:00+01:00,570.915
2024-04-03 03:00:00+01:00,555.575
2024-04-03 04:00:00+01:00,548.955
2024-04-03 05:00:00+01:00,519.53
2024-04-03 06:00:00+01:00,471.455
2024-04-03 07:00:00+01:00,396.085
2024-04-03 08:00:00+01:00,409.86
2024-04-03 09:00:00+01:00,376.99
2024-04-03 10:00:00+01:00,299.805
2024-04-03 11:00:00+01:00,256.535
2024-04-03 12:00:00+01:00,224.25
2024-04-03 13:00:00+01:00,168.14
2024-04-03 14:00:00+01:00,144.14
2024-04-03 15:00:00+01:00,172.98
2024-04-03 16:00:00+01:00,231.115
2024-04-03 17:00:00+01:00,294.56
2024-04-03 18:00:00+01:00,356.005
2024-04-03 19:00:00+01:00,371.025
2024-04-03 20:00:00+01:00,467.44
2024-04-03 21:00:00+01:00,520.645
2024-04-03 22:00:00+01:00,586.63
2024-04-03 23:00:00+01:00,601.975
2024-04-04 00:00:00+01:00,578.34
2024-04-04 01:00:00+01:00,363.755
2024-04-04 02:00:00+01:00,392.15
2024-04-04 03:00:00+01:00,339.57
2024-04-04 04:00:00+01:00,284.41
2024-04-04 05:00:00+01:00,252.49
2024-04-04 06:00:00+01:00,253.29
2024-04-04 07:00:00+01:00,208.605
2024-04-04 08:00:00+01:00,244.26
2024-04-04 09:00:00+01:00,271.045
2024-04-04 10:00:00+01:00,274.31
2024-04-04 11:00:00+01:00,313.845
2024-04-04 12:00:00+01:00,427.18
2024-04-04 13:00:00+01:00,605.585
2024-04-04 14:00:00+01:00,833.635
2024-04-04 15:00:00+01:00,1019.095
2024-04-04 16:00:00+01:00,1197.585
2024-04-04 17:00:00+01:00,1428.39
2024-04-04 18:00:00+01:00,1723.8
2024-04-04 19:00:00+01:00,2316.955
2024-04-04 20:00:00+01:00,2521.055
2024-04-04 21:00:00+01:00,2696.8
2024-04-04 22:00:00+01:00,2697.81
2024-04-04 23:00:00+01:00,2551.945
2024-04-05 00:00:00+01:00,2378.23
2024-04-05 01:00:00+01:00,2271.68
2024-04-05 02:00:00+01:00,2185.48
2024-04-05 03:00:00+01:00,2178.2
2024-04-05 04:00:00+01:00,2358.38
2024-04-05 05:00:00+01:00,2696.71
2024-04-05 06:00:00+01:00,2947.66
2024-04-05 07:00:00+01:00,3220.795
2024-04-05 08:00:00+01:00,3324.17
2024-04-05 09:00:00+01:00,3476.7
2024-04-05 10:00:00+01:00,3631.655
2024-04-05 11:00:00+01:00,3753.07
2024-04-05 12:00:00+01:00,3835.415
2024-04-05 13:00:00+01:00,3785.79
2024-04-05 14:00:00+01:00,3876.26
2024-04-05 15:00:00+01:00,3874.57
2024-04-05 16:00:00+01:00,3779.085
2024-04-05 17:00:00+01:00,3624.6
2024-04-05 18:00:00+01:00,3413.435
2024-04-05 19:00:00+01:00,3206.555
2024-04-05 20:00:00+01:00,3170.26
2024-04-05 21:00:00+01:00,3314.07
2024-04-05 22:00:00+01:00,3521.315
2024-04-05 23:00:00+01:00,3753.1
2024-04-06 00:00:00+01:00,3930.745
2024-04-06 01:00:00+01:00,4126.31
2024-04-06 02:00:00+01:00,4179.455
2024-04-06 03:00:00+01:00,4222.555
2024-04-06 04:00:00+01:00,4246.305
2024-04-06 05:00:00+01:00,4272.53
2024-04-06 06:00:00+01:00,4193.22
2024-04-06 07:00:00+01:00,3775.64
2024-04-06 08:00:00+01:00,3854.46
2024-04-06 09:00:00+01:00,4103.82
2024-04-06 10:00:00+01:00,4045.685
2024-04-06 11:00:00+01:00,3799.2
2024-04-06 12:00:00+01:00,4036.82
2024-04-06 13:00:00+01:00,4184.565
2024-04-06 14:00:00+01:00,4244.335
2024-04-06 15:00:00+01:00,4265.375
2024-04-06 16:00:00+01:00,4273.055
2024-04-06 17:00:00+01:00,4258.375
2024-04-06 18:00:00+01:00,4178.925
2024-04-06 19:00:00+01:00,4116.84
2024-04-06 20:00:00+01:00,4039.48
2024-04-06 21:00:00+01:00,4016.43
2024-04-06 22:00:00+01:00,4058.455
2024-04-06 23:00:00+01:00,4090.745
2024-04-07 00:00:00+01:00,4129.57
2024-04-07 01:00:00+01:00,4120.69
2024-04-07 02:00:00+01:00,4085.03
2024-04-07 03:00:00+01:00,4048.27
2024-04-07 04:00:00+01:00,4024.455
2024-04-07 05:00:00+01:00,4025.82
2024-04-07 06:00:00+01:00,3995.495
2024-04-07 07:00:00+01:00,3994.06
2024-04-07 08:00:00+01:00,3963.065
2024-04-07 09:00:00+01:00,3978.35
2024-04-07 10:00:00+01:00,4015.725
2024-04-07 11:00:00+01:00,4009.345
2024-04-07 12:00:00+01:00,3948.745
2024-04-07 13:00:00+01:00,3924.28
2024-04-07 14:00:00+01:00,3854.095
2024-04-07 15:00:00+01:00,3758.64
2024-04-07 16:00:00+01:00,3669.545
2024-04-07 17:00:00+01:00,3526.07
2024-04-07 18:00:00+01:00,3340.22
2024-04-07 19:00:00+01:00,3074.965
2024-04-07 20:00:00+01:00,2650.61
2024-04-07 21:00:00+01:00,2234.17
2024-04-07 22:00:00+01:00,1829.375
2024-04-07 23:00:00+01:00,1490.855
2024-04-08 00:00:00+01:00,1162.63
2024-04-08 01:00:00+01:00,810.23
2024-04-08 02:00:00+01:00,607.88
2024-04-08 03:00:00+01:00,429.275
2024-04-08 04:00:00+01:00,316.945
2024-04-08 05:00:00+01:00,240.61
2024-04-08 06:00:00+01:00,191.36
2024-04-08 07:00:00+01:00,191.31
2024-04-08 08:00:00+01:00,247.205
2024-04-08 09:00:00+01:00,385.475
2024-04-08 10:00:00+01:00,639.0
2024-04-08 11:00:00+01:00,989.55
2024-04-08 12:00:00+01:00,1355.93
2024-04-08 13:00:00+01:00,1652.065
2024-04-08 14:00:00+01:00,1928.535
2024-04-08 15:00:00+01:00,2125.92
2024-04-08 16:00:00+01:00,2231.18
2024-04-08 17:00:00+01:00,2236.555
2024-04-08 18:00:00+01:00,2265.285
2024-04-08 19:00:00+01:00,2669.06
2024-04-08 20:00:00+01:00,3015.525
2024-04-08 21:00:00+01:00,3233.165
2024-04-08 22:00:00+01:00,3324.875
2024-04-08 23:00:00+01:00,3374.34
2024-04-09 00:00:00+01:00,3410.645
2024-04-09 01:00:00+01:00,3533.425
2024-04-09 02:00:00+01:00,3588.545
2024-04-09 03:00:00+01:00,3674.46
2024-04-09 04:00:00+01:00,3683.67
2024-04-09 05:00:00+01:00,3578.435
2024-04-09 06:00:00+01:00,3435.28
2024-04-09 07:00:00+01:00,3321.43
2024-04-09 08:00:00+01:00,3201.345
2024-04-09 09:00:00+01:00,3154.1
2024-04-09 10:00:00+01:00,3111.73
2024-04-09 11:00:00+01:00,3091.475
2024-04-09 12:00:00+01:00,2969.33
2024-04-09 13:00:00+01:00,2704.705
2024-04-09 14:00:00+01:00,2542.845
2024-04-09 15:00:00+01:00,2423.615
2024-04-09 16:00:00+01:00,2279.205
2024-04-09 17:00:00+01:00,1896.69
2024-04-09 18:00:00+01:00,1452.695
2024-04-09 19:00:00+01:00,1048.975
2024-04-09 20:00:00+01:00,726.285
2024-04-09 21:00:00+01:00,560.04
2024-04-09 22:00:00+01:00,604.51
2024-04-09 23:00:00+01:00,870.19
2024-04-10 00:00:00+01:00,1170.55
2024-04-10 01:00:00+01:00,1494.505
2024-04-10 02:00:00+01:00,1891.035
2024-04-10 03:00:00+01:00,2329.54
2024-04-10 04:00:00+01:00,2757.48
2024-04-10 05:00:00+01:00,3064.675
2024-04-10 06:00:00+01:00,3166.86
2024-04-10 07:00:00+01:00,3006.04
2024-04-10 08:00:00+01:00,3070.495
2024-04-10 09:00:00+01:00,3084.36
2024-04-10 10:00:00+01:00,3067.33
2024-04-10 11:00:00+01:00,3115.375
2024-04-10 12:00:00+01:00,3193.87
2024-04-10 13:00:00+01:00,3290.64
2024-04-10 14:00:00+01:00,3374.41
2024-04-10 15:00:00+01:00,3479.42
2024-04-10 16:00:00+01:00,3571.79
2024-04-10 17:00:00+01:00,3609.31
2024-04-10 18:00:00+01:00,3583.56
2024-04-10 19:00:00+01:00,3634.775
2024-04-10 20:00:00+01:00,3449.18
2024-04-10 21:00:00+01:00,3311.545
2024-04-10 22:00:00+01:00,3133.655
2024-04-10 23:00:00+01:00,3004.59
2024-04-11 00:00:00+01:00,2826.085
2024-04-11 01:00:00+01:00,2603.895
2024-04-11 02:00:00+01:00,2437.545
2024-04-11 03:00:00+01:00,2159.535
2024-04-11 04:00:00+01:00,1789.615
2024-04-11 05:00:00+01:00,1573.025
2024-04-11 06:00:00+01:00,1427.49
2024-04-11 07:00:00+01:00,1401.19
2024-04-11 08:00:00+01:00,1458.87
2024-04-11 09:00:00+01:00,1410.46
2024-04-11 10:00:00+01:00,1502.355
2024-04-11 11:00:00+01:00,1728.51
2024-04-11 12:00:00+01:00,1983.125
2024-04-11 13:00:00+01:00,2290.395
2024-04-11 14:00:00+01:00,2474.65
2024-04-11 15:00:00+01:00,2654.525
2024-04-11 16:00:00+01:00,2848.84
2024-04-11 17:00:00+01:00,3069.89
2024-04-11 18:00:00+01:00,3175.915
2024-04-11 19:00:00+01:00,3223.045
2024-04-11 20:00:00+01:00,3187.495
2024-04-11 21:00:00+01:00,3122.41
2024-04-11 22:00:00+01:00,2975.355
2024-04-11 23:00:00+01:00,2729.16
2024-04-12 00:00:00+01:00,2407.21
2024-04-12 01:00:00+01:00,2221.685
2024-04-12 02:00:00+01:00,2122.9
2024-04-12 03:00:00+01:00,2027.805
2024-04-12 04:00:00+01:00,1986.695
2024-04-12 05:00:00+01:00,1934.545
2024-04-12 06:00:00+01:00,1892.34
2024-04-12 07:00:00+01:00,1882.275
2024-04-12 08:00:00+01:00,1967.035
2024-04-12 09:00:00+01:00,2040.1
2024-04-12 10:00:00+01:00,2193.57
2024-04-12 11:00:00+01:00,2362.43
2024-04-12 12:00:00+01:00,2455.555
2024-04-12 13:00:00+01:00,2518.495
2024-04-12 14:00:00+01:00,2606.31
2024-04-12 15:00:00+01:00,2615.02
2024-04-12 16:00:00+01:00,2578.875
2024-04-12 17:00:00+01:00,2589.435
2024-04-12 18:00:00+01:00,2486.07
2024-04-12 19:00:00+01:00,2135.225
2024-04-12 20:00:00+01:00,1908.17
2024-04-12 21:00:00+01:00,1695.875
2024-04-12 22:00:00+01:00,1526.0
2024-04-12 23:00:00+01:00,1443.475
2024-04-13 00:00:00+01:00,1387.93
2024-04-13 01:00:00+01:00,1368.49
2024-04-13 02:00:00+01:00,1515.675
2024-04-13 03:00:00+01:00,1782.89
2024-04-13 04:00:00+01:00,2023.515
2024-04-13 05:00:00+01:00,2280.03
2024-04-13 06:00:00+01:00,2525.61
2024-04-13 07:00:00+01:00,2649.615
2024-04-13 08:00:00+01:00,2825.525
2024-04-13 09:00:00+01:00,3071.12
2024-04-13 10:00:00+01:00,3226.87
2024-04-13 11:00:00+01:00,3360.485
2024-04-13 12:00:00+01:00,3432.71
2024-04-13 13:00:00+01:00,3412.36
2024-04-13 14:00:00+01:00,3391.68
2024-04-13 15:00:00+01:00,3349.65
2024-04-13 16:00:00+01:00,3220.215
2024-04-13 17:00:00+01:00,3098.75
2024-04-13 18:00:00+01:00,2883.935
2024-04-13 19:00:00+01:00,2623.83
2024-04-13 20:00:00+01:00,2245.775
2024-04-13 21:00:00+01:00,1929.715
2024-04-13 22:00:00+01:00,1759.405
2024-04-13 23:00:00+01:00,1525.87
2024-04-14 00:00:00+01:00,1353.355
2024-04-14 01:00:00+01:00,1217.08
2024-04-14 02:00:00+01:00,1137.97
2024-04-14 03:00:00+01:00,1193.355
2024-04-14 04:00:00+01:00,1239.16
2024-04-14 05:00:00+01:00,1278.495
2024-04-14 06:00:00+01:00,1300.005
2024-04-14 07:00:00+01:00,1300.74
2024-04-14 08:00:00+01:00,1320.735
2024-04-14 09:00:00+01:00,1458.325
2024-04-14 10:00:00+01:00,1888.4
2024-04-14 11:00:00+01:00,2356.32
2024-04-14 12:00:00+01:00,2697.15
2024-04-14 13:00:00+01:00,2877.17
2024-04-14 14:00:00+01:00,2993.585
2024-04-14 15:00:00+01:00,3177.25
2024-04-14 16:00:00+01:00,3307.735
2024-04-14 17:00:00+01:00,3390.78
2024-04-14 18:00:00+01:00,3386.64
2024-04-14 19:00:00+01:00,3388.395
2024-04-14 20:00:00+01:00,3357.195
2024-04-14 21:00:00+01:00,3413.735
2024-04-14 22:00:00+01:00,3587.95
2024-04-14 23:00:00+01:00,3783.425
2024-04-15 00:00:00+01:00,3978.745
2024-04-15 01:00:00+01:00,4091.365
2024-04-15 02:00:00+01:00,4116.995
2024-04-15 03:00:00+01:00,4106.405
2024-04-15 04:00:00+01:00,4105.85
2024-04-15 05:00:00+01:00,4068.68
2024-04-15 06:00:00+01:00,3996.295
2024-04-15 07:00:00+01:00,4025.395
2024-04-15 08:00:00+01:00,3999.335
2024-04-15 09:00:00+01:00,4048.37
2024-04-15 10:00:00+01:00,4067.135
2024-04-15 11:00:00+01:00,4140.0
2024-04-15 12:00:00+01:00,4182.7
2024-04-15 13:00:00+01:00,4236.65
2024-04-15 14:00:00+01:00,4229.365
2024-04-15 15:00:00+01:00,4217.45
2024-04-15 16:00:00+01:00,4189.915
2024-04-15 17:00:00+01:00,4165.57
2024-04-15 18:00:00+01:00,4102.12
2024-04-15 19:00:00+01:00,4041.265
2024-04-15 20:00:00+01:00,3885.63
2024-04-15 21:00:00+01:00,3712.975
2024-04-15 22:00:00+01:00,3516.24
2024-04-15 23:00:00+01:00,3334.98
2024-04-16 00:00:00+01:00,3192.08
2024-04-16 01:00:00+01:00,3146.985
2024-04-16 02:00:00+01:00,3013.305
2024-04-16 03:00:00+01:00,2874.905
2024-04-16 04:00:00+01:00,2791.815
2024-04-16 05:00:00+01:00,2642.9
2024-04-16 06:00:00+01:00,2455.185
2024-04-16 07:00:00+01:00,2425.875
2024-04-16 08:00:00+01:00,2133.495
2024-04-16 09:00:00+01:00,2039.215
2024-04-16 10:00:00+01:00,2019.365
2024-04-16 11:00:00+01:00,1991.98
2024-04-16 12:00:00+01:00,2058.73
2024-04-16 13:00:00+01:00,2329.98
2024-04-16 14:00:00+01:00,2420.795
2024-04-16 15:00:00+01:00,2330.425
2024-04-16 16:00:00+01:00,2299.86
2024-04-16 17:00:00+01:00,2304.665
2024-04-16 18:00:00+01:00,2193.03
2024-04-16 19:00:00+01:00,2229.725
2024-04-16 20:00:00+01:00,2027.52
2024-04-16 21:00:00+01:00,1787.94
2024-04-16 22:00:00+01:00,1629.5
2024-04-16 23:00:00+01:00,1508.89
2024-04-17 00:00:00+01:00,1467.645
2024-04-17 01:00:00+01:00,1467.485
2024-04-17 02:00:00+01:00,1392.125
2024-04-17 03:00:00+01:00,1298.63
2024-04-17 04:00:00+01:00,1161.165
2024-04-17 05:00:00+01:00,1075.87
2024-04-17 06:00:00+01:00,1036.32
2024-04-17 07:00:00+01:00,1110.2
2024-04-17 08:00:00+01:00,1020.885
2024-04-17 09:00:00+01:00,988.865
2024-04-17 10:00:00+01:00,1116.16
2024-04-17 11:00:00+01:00,1382.56
2024-04-17 12:00:00+01:00,1633.38
2024-04-17 13:00:00+01:00,2067.085
2024-04-17 14:00:00+01:00,2197.61
2024-04-17 15:00:00+01:00,2275.175
2024-04-17 16:00:00+01:00,2404.02
2024-04-17 17:00:00+01:00,2396.07
2024-04-17 18:00:00+01:00,2214.1
2024-04-17 19:00:00+01:00,2083.69
2024-04-17 20:00:00+01:00,1753.985
2024-04-17 21:00:00+01:00,1415.935
2024-04-17 22:00:00+01:00,1172.01
2024-04-17 23:00:00+01:00,903.94
2024-04-18 00:00:00+01:00,705.215
2024-04-18 01:00:00+01:00,714.495
2024-04-18 02:00:00+01:00,586.55
2024-04-18 03:00:00+01:00,440.685
2024-04-18 04:00:00+01:00,323.19
2024-04-18 05:00:00+01:00,273.445
2024-04-18 06:00:00+01:00,270.07
2024-04-18 07:00:00+01:00,404.4
2024-04-18 08:00:00+01:00,410.705
2024-04-18 09:00:00+01:00,444.395
2024-04-18 10:00:00+01:00,603.7
2024-04-18 11:00:00+01:00,812.58
2024-04-18 12:00:00+01:00,1090.56
2024-04-18 13:00:00+01:00,1424.6
2024-04-18 14:00:00+01:00,1600.57
2024-04-18 15:00:00+01:00,1787.065
2024-04-18 16:00:00+01:00,2002.835
2024-04-18 17:00:00+01:00,2078.495
2024-04-18 18:00:00+01:00,1981.325
2024-04-18 19:00:00+01:00,1726.03
2024-04-18 20:00:00+01:00,1553.59
2024-04-18 21:00:00+01:00,1507.825
2024-04-18 22:00:00+01:00,1522.84
2024-04-18 23:00:00+01:00,1501.055
2024-04-19 00:00:00+01:00,1421.91
2024-04-19 01:00:00+01:00,1324.09
2024-04-19 02:00:00+01:00,1283.44
2024-04-19 03:00:00+01:00,1252.77
2024-04-19 04:00:00+01:00,1260.055
2024-04-19 05:00:00+01:00,1236.17
2024-04-19 06:00:00+01:00,1180.14
2024-04-19 07:00:00+01:00,1076.41
2024-04-19 08:00:00+01:00,1010.585
2024-04-19 09:00:00+01:00,957.155
2024-04-19 10:00:00+01:00,888.1
2024-04-19 11:00:00+01:00,827.09
2024-04-19 12:00:00+01:00,758.88
2024-04-19 13:00:00+01:00,863.04
2024-04-19 14:00:00+01:00,879.825
2024-04-19 15:00:00+01:00,823.865
2024-04-19 16:00:00+01:00,761.3
2024-04-19 17:00:00+01:00,704.17
2024-04-19 18:00:00+01:00,616.6
2024-04-19 19:00:00+01:00,432.235
2024-04-19 20:00:00+01:00,341.285
2024-04-19 21:00:00+01:00,281.245
2024-04-19 22:00:00+01:00,258.355
2024-04-19 23:00:00+01:00,227.245
2024-04-20 00:00:00+01:00,200.15
2024-04-20 01:00:00+01:00,165.95
2024-04-20 02:00:00+01:00,124.4
2024-04-20 03:00:00+01:00,86.215
2024-04-20 04:00:00+01:00,81.425
2024-04-20 05:00:00+01:00,94.07
2024-04-20 06:00:00+01:00,106.785
2024-04-20 07:00:00+01:00,95.515
2024-04-20 08:00:00+01:00,85.44
2024-04-20 09:00:00+01:00,72.795
2024-04-20 10:00:00+01:00,52.035
2024-04-20 11:00:00+01:00,58.78
2024-04-20 12:00:00+01:00,58.305
2024-04-20 13:00:00+01:00,38.2
2024-04-20 14:00:00+01:00,26.58
2024-04-20 15:00:00+01:00,23.22
2024-04-20 16:00:00+01:00,26.305
2024-04-20 17:00:00+01:00,30.66
2024-04-20 18:00:00+01:00,33.58
2024-04-20 19:00:00+01:00,30.22
2024-04-20 20:00:00+01:00,29.795
2024-04-20 21:00:00+01:00,41.935
2024-04-20 22:00:00+01:00,69.53
2024-04-20 23:00:00+01:00,80.085
2024-04-21 00:00:00+01:00,68.23
2024-04-21 01:00:00+01:00,43.915
2024-04-21 02:00:00+01:00,30.49
2024-04-21 03:00:00+01:00,31.475
2024-04-21 04:00:00+01:00,28.405
2024-04-21 05:00:00+01:00,28.235
2024-04-21 06:00:00+01:00,28.935
2024-04-21 07:00:00+01:00,21.45
2024-04-21 08:00:00+01:00,22.785
2024-04-21 09:00:00+01:00,21.555
2024-04-21 10:00:00+01:00,19.72
2024-04-21 11:00:00+01:00,16.54
2024-04-21 12:00:00+01:00,12.01
2024-04-21 13:00:00+01:00,14.845
2024-04-21 14:00:00+01:00,19.755
2024-04-21 15:00:00+01:00,29.495
2024-04-21 16:00:00+01:00,37.405
2024-04-21 17:00:00+01:00,42.33
2024-04-21 18:00:00+01:00,51.76
2024-04-21 19:00:00+01:00,59.67
2024-04-21 20:00:00+01:00,61.105
2024-04-21 21:00:00+01:00,69.575
2024-04-21 22:00:00+01:00,101.59
2024-04-21 23:00:00+01:00,101.83
2024-04-22 00:00:00+01:00,77.275
2024-04-22 01:00:00+01:00,36.22
2024-04-22 02:00:00+01:00,39.765
2024-04-22 03:00:00+01:00,45.325
2024-04-22 04:00:00+01:00,48.505
2024-04-22 05:00:00+01:00,56.45
2024-04-22 06:00:00+01:00,83.72
2024-04-22 07:00:00+01:00,157.89
2024-04-22 08:00:00+01:00,139.965
2024-04-22 09:00:00+01:00,114.99
2024-04-22 10:00:00+01:00,97.59
2024-04-22 11:00:00+01:00,153.995
2024-04-22 12:00:00+01:00,258.25
2024-04-22 13:00:00+01:00,562.1
2024-04-22 14:00:00+01:00,710.9
2024-04-22 15:00:00+01:00,826.065
2024-04-22 16:00:00+01:00,963.73
2024-04-22 17:00:00+01:00,1119.005
2024-04-22 18:00:00+01:00,1204.975
2024-04-22 19:00:00+01:00,1187.995
2024-04-22 20:00:00+01:00,1133.94
2024-04-22 21:00:00+01:00,1043.07
2024-04-22 22:00:00+01:00,962.99
2024-04-22 23:00:00+01:00,943.415
2024-04-23 00:00:00+01:00,956.43
2024-04-23 01:00:00+01:00,933.825
2024-04-23 02:00:00+01:00,864.925
2024-04-23 03:00:00+01:00,817.555
2024-04-23 04:00:00+01:00,796.65
2024-04-23 05:00:00+01:00,760.995
2024-04-23 06:00:00+01:00,694.6
2024-04-23 07:00:00+01:00,624.455
2024-04-23 08:00:00+01:00,602.6
2024-04-23 09:00:00+01:00,619.9
2024-04-23 10:00:00+01:00,607.345
2024-04-23 11:00:00+01:00,613.945
2024-04-23 12:00:00+01:00,652.23
2024-04-23 13:00:00+01:00,811.125
2024-04-23 14:00:00+01:00,801.525
2024-04-23 15:00:00+01:00,796.16
2024-04-23 16:00:00+01:00,828.42
2024-04-23 17:00:00+01:00,863.865
2024-04-23 18:00:00+01:00,909.35
2024-04-23 19:00:00+01:00,936.63
2024-04-23 20:00:00+01:00,911.125
2024-04-23 21:00:00+01:00,865.575
2024-04-23 22:00:00+01:00,848.985
2024-04-23 23:00:00+01:00,865.68
2024-04-24 00:00:00+01:00,806.7
2024-04-24 01:00:00+01:00,678.42
2024-04-24 02:00:00+01:00,618.815
2024-04-24 03:00:00+01:00,537.835
2024-04-24 04:00:00+01:00,477.55
2024-04-24 05:00:00+01:00,449.76
2024-04-24 06:00:00+01:00,396.78
2024-04-24 07:00:00+01:00,289.88
2024-04-24 08:00:00+01:00,251.305
2024-04-24 09:00:00+01:00,226.44
2024-04-24 10:00:00+01:00,203.16
2024-04-24 11:00:00+01:00,180.695
2024-04-24 12:00:00+01:00,164.72
2024-04-24 13:00:00+01:00,181.52
2024-04-24 14:00:00+01:00,216.49
2024-04-24 15:00:00+01:00,237.655
2024-04-24 16:00:00+01:00,260.185
2024-04-24 17:00:00+01:00,297.765
2024-04-24 18:00:00+01:00,328.335
2024-04-24 19:00:00+01:00,326.55
2024-04-24 20:00:00+01:00,379.62
2024-04-24 21:00:00+01:00,398.54
2024-04-24 22:00:00+01:00,401.27
2024-04-24 23:00:00+01:00,395.505
2024-04-25 00:00:00+01:00,370.51
2024-04-25 01:00:00+01:00,343.13
2024-04-25 02:00:00+01:00,304.57
2024-04-25 03:00:00+01:00,275.765
2024-04-25 04:00:00+01:00,244.24
2024-04-25 05:00:00+01:00,205.555
2024-04-25 06:00:00+01:00,157.205
2024-04-25 07:00:00+01:00,91.495
2024-04-25 08:00:00+01:00,62.415
2024-04-25 09:00:00+01:00,61.06
2024-04-25 10:00:00+01:00,73.84
2024-04-25 11:00:00+01:00,108.775
2024-04-25 12:00:00+01:00,165.6
2024-04-25 13:00:00+01:00,165.43
2024-04-25 14:00:00+01:00,351.365
2024-04-25 15:00:00+01:00,559.28
2024-04-25 16:00:00+01:00,712.39
2024-04-25 17:00:00+01:00,811.835
2024-04-25 18:00:00+01:00,907.175
2024-04-25 19:00:00+01:00,766.815
2024-04-25 20:00:00+01:00,662.31
2024-04-25 21:00:00+01:00,585.045
2024-04-25 22:00:00+01:00,521.99
2024-04-25 23:00:00+01:00,481.09
2024-04-26 00:00:00+01:00,476.135
2024-04-26 01:00:00+01:00,493.855
2024-04-26 02:00:00+01:00,516.785
2024-04-26 03:00:00+01:00,539.65
2024-04-26 04:00:00+01:00,563.49
2024-04-26 05:00:00+01:00,578.165
2024-04-26 06:00:00+01:00,597.94
2024-04-26 07:00:00+01:00,557.01
2024-04-26 08:00:00+01:00,556.65
2024-04-26 09:00:00+01:00,533.095
2024-04-26 10:00:00+01:00,510.98
2024-04-26 11:00:00+01:00,481.97
2024-04-26 12:00:00+01:00,446.41
2024-04-26 13:00:00+01:00,402.89
2024-04-26 14:00:00+01:00,384.255
2024-04-26 15:00:00+01:00,365.085
2024-04-26 16:00:00+01:00,387.68
2024-04-26 17:00:00+01:00,454.74
2024-04-26 18:00:00+01:00,492.49
2024-04-26 19:00:00+01:00,400.37
2024-04-26 20:00:00+01:00,383.67
2024-04-26 21:00:00+01:00,355.19
2024-04-26 22:00:00+01:00,350.975
2024-04-26 23:00:00+01:00,367.08
2024-04-27 00:00:00+01:00,393.0
2024-04-27 01:00:00+01:00,369.54
2024-04-27 02:00:00+01:00,366.99
2024-04-27 03:00:00+01:00,364.895
2024-04-27 04:00:00+01:00,364.47
2024-04-27 05:00:00+01:00,395.795
2024-04-27 06:00:00+01:00,413.51
2024-04-27 07:00:00+01:00,449.25
2024-04-27 08:00:00+01:00,395.185
2024-04-27 09:00:00+01:00,330.36
2024-04-27 10:00:00+01:00,353.81
2024-04-27 11:00:00+01:00,385.92
2024-04-27 12:00:00+01:00,384.595
2024-04-27 13:00:00+01:00,331.995
2024-04-27 14:00:00+01:00,328.16
2024-04-27 15:00:00+01:00,372.94
2024-04-27 16:00:00+01:00,402.93
2024-04-27 17:00:00+01:00,430.525
2024-04-27 18:00:00+01:00,463.82
2024-04-27 19:00:00+01:00,440.345
2024-04-27 20:00:00+01:00,428.545
2024-04-27 21:00:00+01:00,417.49
2024-04-27 22:00:00+01:00,431.395
2024-04-27 23:00:00+01:00,409.965
2024-04-28 00:00:00+01:00,342.045
2024-04-28 01:00:00+01:00,293.565
2024-04-28 02:00:00+01:00,277.585
2024-04-28 03:00:00+01:00,254.95
2024-04-28 04:00:00+01:00,244.385
2024-04-28 05:00:00+01:00,214.955
2024-04-28 06:00:00+01:00,171.71
2024-04-28 07:00:00+01:00,138.645
2024-04-28 08:00:00+01:00,134.61
2024-04-28 09:00:00+01:00,151.295
2024-04-28 10:00:00+01:00,223.04
2024-04-28 11:00:00+01:00,353.82
2024-04-28 12:00:00+01:00,498.7
2024-04-28 13:00:00+01:00,627.15
2024-04-28 14:00:00+01:00,810.65
2024-04-28 15:00:00+01:00,1003.835
2024-04-28 16:00:00+01:00,1138.355
2024-04-28 17:00:00+01:00,1210.665
2024-04-28 18:00:00+01:00,1137.865
2024-04-28 19:00:00+01:00,995.595
2024-04-28 20:00:00+01:00,873.695
2024-04-28 21:00:00+01:00,806.98
2024-04-28 22:00:00+01:00,787.81
2024-04-28 23:00:00+01:00,869.49
2024-04-29 00:00:00+01:00,984.205
2024-04-29 01:00:00+01:00,1075.71
2024-04-29 02:00:00+01:00,1387.225
2024-04-29 03:00:00+01:00,1658.635
2024-04-29 04:00:00+01:00,1820.805
2024-04-29 05:00:00+01:00,1837.13
2024-04-29 06:00:00+01:00,1879.235
2024-04-29 07:00:00+01:00,2149.51
2024-04-29 08:00:00+01:00,2149.6
2024-04-29 09:00:00+01:00,2099.255
2024-04-29 10:00:00+01:00,2022.955
2024-04-29 11:00:00+01:00,1935.355
2024-04-29 12:00:00+01:00,1892.985
2024-04-29 13:00:00+01:00,1549.84
2024-04-29 14:00:00+01:00,1395.02
2024-04-29 15:00:00+01:00,1211.29
2024-04-29 16:00:00+01:00,1010.48
2024-04-29 17:00:00+01:00,899.865
2024-04-29 18:00:00+01:00,821.31
2024-04-29 19:00:00+01:00,521.015
2024-04-29 20:00:00+01:00,481.12
2024-04-29 21:00:00+01:00,437.8
2024-04-29 22:00:00+01:00,447.78
2024-04-29 23:00:00+01:00,438.365
2024-04-30 00:00:00+01:00,384.05
2024-04-30 01:00:00+01:00,219.365
2024-04-30 02:00:00+01:00,205.0
2024-04-30 03:00:00+01:00,194.61
2024-04-30 04:00:00+01:00,171.545
2024-04-30 05:00:00+01:00,156.855
2024-04-30 06:00:00+01:00,160.07
2024-04-30 07:00:00+01:00,168.64
2024-04-30 08:00:00+01:00,171.985
2024-04-30 09:00:00+01:00,199.57
2024-04-30 10:00:00+01:00,286.48
2024-04-30 11:00:00+01:00,403.38
2024-04-30 12:00:00+01:00,541.665
2024-04-30 13:00:00+01:00,454.4
2024-04-30 14:00:00+01:00,611.69
2024-04-30 15:00:00+01:00,775.32
2024-04-30 16:00:00+01:00,890.945
2024-04-30 17:00:00+01:00,978.245
2024-04-30 18:00:00+01:00,1074.035
2024-04-30 19:00:00+01:00,1085.565
2024-04-30 20:00:00+01:00,1069.37
2024-04-30 21:00:00+01:00,1025.17
2024-04-30 22:00:00+01:00,1041.545
2024-04-30 23:00:00+01:00,1065.58
2024-05-01 00:00:00+01:00,1065.89
2024-05-01 01:00:00+01:00,964.33
2024-05-01 02:00:00+01:00,923.395
2024-05-01 03:00:00+01:00,858.94
2024-05-01 04:00:00+01:00,796.895
2024-05-01 05:00:00+01:00,738.22
2024-05-01 06:00:00+01:00,684.62
2024-05-01 07:00:00+01:00,654.955
2024-05-01 08:00:00+01:00,602.615
2024-05-01 09:00:00+01:00,564.275
2024-05-01 10:00:00+01:00,570.19
2024-05-01 11:00:00+01:00,602.89
2024-05-01 12:00:00+01:00,668.545
2024-05-01 13:00:00+01:00,773.66
2024-05-01 14:00:00+01:00,896.42
2024-05-01 15:00:00+01:00,924.005
2024-05-01 16:00:00+01:00,928.265
2024-05-01 17:00:00+01:00,884.06
2024-05-01 18:00:00+01:00,832.29
2024-05-01 19:00:00+01:00,648.51
2024-05-01 20:00:00+01:00,555.515
2024-05-01 21:00:00+01:00,434.87
2024-05-01 22:00:00+01:00,324.01
2024-05-01 23:00:00+01:00,251.915
2024-05-02 00:00:00+01:00,209.03
2024-05-02 01:00:00+01:00,115.43
2024-05-02 02:00:00+01:00,109.825
2024-05-02 03:00:00+01:00,134.425
2024-05-02 04:00:00+01:00,179.535
2024-05-02 05:00:00+01:00,222.335
2024-05-02 06:00:00+01:00,270.3
2024-05-02 07:00:00+01:00,390.335
2024-05-02 08:00:00+01:00,491.8
2024-05-02 09:00:00+01:00,556.335
2024-05-02 10:00:00+01:00,589.15
2024-05-02 11:00:00+01:00,636.675
2024-05-02 12:00:00+01:00,692.875
2024-05-02 13:00:00+01:00,717.82
2024-05-02 14:00:00+01:00,731.865
2024-05-02 15:00:00+01:00,679.44
2024-05-02 16:00:00+01:00,641.125
2024-05-02 17:00:00+01:00,611.995
2024-05-02 18:00:00+01:00,588.04
2024-05-02 19:00:00+01:00,589.33
2024-05-02 20:00:00+01:00,487.9
2024-05-02 21:00:00+01:00,420.92
2024-05-02 22:00:00+01:00,399.965
2024-05-02 23:00:00+01:00,397.665
2024-05-03 00:00:00+01:00,415.19
2024-05-03 01:00:00+01:00,441.85
2024-05-03 02:00:00+01:00,450.05
2024-05-03 03:00:00+01:00,476.455
2024-05-03 04:00:00+01:00,512.57
2024-05-03 05:00:00+01:00,494.825
2024-05-03 06:00:00+01:00,485.355
2024-05-03 07:00:00+01:00,455.18
2024-05-03 08:00:00+01:00,385.78
2024-05-03 09:00:00+01:00,356.885
2024-05-03 10:00:00+01:00,361.655
2024-05-03 11:00:00+01:00,395.895
2024-05-03 12:00:00+01:00,408.465
2024-05-03 13:00:00+01:00,387.835
2024-05-03 14:00:00+01:00,394.285
2024-05-03 15:00:00+01:00,402.89
2024-05-03 16:00:00+01:00,447.405
2024-05-03 17:00:00+01:00,536.615
2024-05-03 18:00:00+01:00,546.095
2024-05-03 19:00:00+01:00,406.095
2024-05-03 20:00:00+01:00,391.195
2024-05-03 21:00:00+01:00,390.285
2024-05-03 22:00:00+01:00,398.655
2024-05-03 23:00:00+01:00,386.865
2024-05-04 00:00:00+01:00,381.65
2024-05-04 01:00:00+01:00,364.115
2024-05-04 02:00:00+01:00,334.265
2024-05-04 03:00:00+01:00,302.44
2024-05-04 04:00:00+01:00,267.695
2024-05-04 05:00:00+01:00,229.44
2024-05-04 06:00:00+01:00,209.62
2024-05-04 07:00:00+01:00,171.865
2024-05-04 08:00:00+01:00,185.0
2024-05-04 09:00:00+01:00,186.14
2024-05-04 10:00:00+01:00,175.47
2024-05-04 11:00:00+01:00,163.655
2024-05-04 12:00:00+01:00,153.455
2024-05-04 13:00:00+01:00,129.445
2024-05-04 14:00:00+01:00,128.86
2024-05-04 15:00:00+01:00,119.93
2024-05-04 16:00:00+01:00,105.35
2024-05-04 17:00:00+01:00,95.44
2024-05-04 18:00:00+01:00,93.29
2024-05-04 19:00:00+01:00,84.875
2024-05-04 20:00:00+01:00,70.105
2024-05-04 21:00:00+01:00,62.475
2024-05-04 22:00:00+01:00,59.39
2024-05-04 23:00:00+01:00,59.71
2024-05-05 00:00:00+01:00,58.775
2024-05-05 01:00:00+01:00,51.245
2024-05-05 02:00:00+01:00,46.94
2024-05-05 03:00:00+01:00,47.215
2024-05-05 04:00:00+01:00,55.845
2024-05-05 05:00:00+01:00,61.915
2024-05-05 06:00:00+01:00,72.145
2024-05-05 07:00:00+01:00,136.535
2024-05-05 08:00:00+01:00,131.825
2024-05-05 09:00:00+01:00,127.0
2024-05-05 10:00:00+01:00,114.49
2024-05-05 11:00:00+01:00,110.755
2024-05-05 12:00:00+01:00,110.03
2024-05-05 13:00:00+01:00,193.555
2024-05-05 14:00:00+01:00,194.615
2024-05-05 15:00:00+01:00,206.03
2024-05-05 16:00:00+01:00,233.54
2024-05-05 17:00:00+01:00,243.475
2024-05-05 18:00:00+01:00,254.18
2024-05-05 19:00:00+01:00,210.37
2024-05-05 20:00:00+01:00,192.515
2024-05-05 21:00:00+01:00,204.37
2024-05-05 22:00:00+01:00,227.58
2024-05-05 23:00:00+01:00,221.355
2024-05-06 00:00:00+01:00,230.645
2024-05-06 01:00:00+01:00,281.205
2024-05-06 02:00:00+01:00,313.235
2024-05-06 03:00:00+01:00,353.51
2024-05-06 04:00:00+01:00,364.725
2024-05-06 05:00:00+01:00,343.705
2024-05-06 06:00:00+01:00,328.685
2024-05-06 07:00:00+01:00,385.9
2024-05-06 08:00:00+01:00,369.9
2024-05-06 09:00:00+01:00,370.71
2024-05-06 10:00:00+01:00,397.97
2024-05-06 11:00:00+01:00,468.27
2024-05-06 12:00:00+01:00,585.88
2024-05-06 13:00:00+01:00,668.625
2024-05-06 14:00:00+01:00,794.755
2024-05-06 15:00:00+01:00,949.335
2024-05-06 16:00:00+01:00,1135.385
2024-05-06 17:00:00+01:00,1148.565
2024-05-06 18:00:00+01:00,1074.015
2024-05-06 19:00:00+01:00,914.67
2024-05-06 20:00:00+01:00,863.53
2024-05-06 21:00:00+01:00,798.575
2024-05-06 22:00:00+01:00,779.38
2024-05-06 23:00:00+01:00,725.53
2024-05-07 00:00:00+01:00,698.38
2024-05-07 01:00:00+01:00,605.365
2024-05-07 02:00:00+01:00,556.6
2024-05-07 03:00:00+01:00,515.94
2024-05-07 04:00:00+01:00,454.64
2024-05-07 05:00:00+01:00,347.065
2024-05-07 06:00:00+01:00,294.605
2024-05-07 07:00:00+01:00,206.435
2024-05-07 08:00:00+01:00,127.805
2024-05-07 09:00:00+01:00,71.18
2024-05-07 10:00:00+01:00,49.545
2024-05-07 11:00:00+01:00,29.925
2024-05-07 12:00:00+01:00,22.215
2024-05-07 13:00:00+01:00,19.75
2024-05-07 14:00:00+01:00,21.78
2024-05-07 15:00:00+01:00,25.97
2024-05-07 16:00:00+01:00,32.5
2024-05-07 17:00:00+01:00,37.665
2024-05-07 18:00:00+01:00,41.56
2024-05-07 19:00:00+01:00,116.755
2024-05-07 20:00:00+01:00,102.47
2024-05-07 21:00:00+01:00,79.845
2024-05-07 22:00:00+01:00,93.74
2024-05-07 23:00:00+01:00,94.415
2024-05-08 00:00:00+01:00,90.735
2024-05-08 01:00:00+01:00,113.8
2024-05-08 02:00:00+01:00,128.385
2024-05-08 03:00:00+01:00,159.075
2024-05-08 04:00:00+01:00,214.88
2024-05-08 05:00:00+01:00,260.425
2024-05-08 06:00:00+01:00,292.05
2024-05-08 07:00:00+01:00,345.27
2024-05-08 08:00:00+01:00,357.965
2024-05-08 09:00:00+01:00,372.63
2024-05-08 10:00:00+01:00,448.8
2024-05-08 11:00:00+01:00,524.545
2024-05-08 12:00:00+01:00,547.155
2024-05-08 13:00:00+01:00,498.85
2024-05-08 14:00:00+01:00,488.95
2024-05-08 15:00:00+01:00,496.485
2024-05-08 16:00:00+01:00,491.96
2024-05-08 17:00:00+01:00,476.83
2024-05-08 18:00:00+01:00,419.275
2024-05-08 19:00:00+01:00,407.665
2024-05-08 20:00:00+01:00,405.79
2024-05-08 21:00:00+01:00,376.295
2024-05-08 22:00:00+01:00,361.975
2024-05-08 23:00:00+01:00,353.74
2024-05-09 00:00:00+01:00,301.845
2024-05-09 01:00:00+01:00,319.235
2024-05-09 02:00:00+01:00,276.085
2024-05-09 03:00:00+01:00,243.48
2024-05-09 04:00:00+01:00,224.425
2024-05-09 05:00:00+01:00,224.945
2024-05-09 06:00:00+01:00,249.56
2024-05-09 07:00:00+01:00,283.125
2024-05-09 08:00:00+01:00,292.705
2024-05-09 09:00:00+01:00,296.88
2024-05-09 10:00:00+01:00,334.22
2024-05-09 11:00:00+01:00,362.44
2024-05-09 12:00:00+01:00,386.505
2024-05-09 13:00:00+01:00,364.88
2024-05-09 14:00:00+01:00,422.54
2024-05-09 15:00:00+01:00,555.47
2024-05-09 16:00:00+01:00,666.805
2024-05-09 17:00:00+01:00,730.75
2024-05-09 18:00:00+01:00,694.225
2024-05-09 19:00:00+01:00,508.65
2024-05-09 20:00:00+01:00,464.68
2024-05-09 21:00:00+01:00,501.13
2024-05-09 22:00:00+01:00,621.785
2024-05-09 23:00:00+01:00,729.565
2024-05-10 00:00:00+01:00,757.865
2024-05-10 01:00:00+01:00,662.59
2024-05-10 02:00:00+01:00,698.93
2024-05-10 03:00:00+01:00,716.39
2024-05-10 04:00:00+01:00,713.68
2024-05-10 05:00:00+01:00,761.65
2024-05-10 06:00:00+01:00,797.36
2024-05-10 07:00:00+01:00,686.36
2024-05-10 08:00:00+01:00,540.285
2024-05-10 09:00:00+01:00,470.765
2024-05-10 10:00:00+01:00,532.34
2024-05-10 11:00:00+01:00,660.775
2024-05-10 12:00:00+01:00,753.39
2024-05-10 13:00:00+01:00,664.49
2024-05-10 14:00:00+01:00,679.63
2024-05-10 15:00:00+01:00,657.805
2024-05-10 16:00:00+01:00,614.115
2024-05-10 17:00:00+01:00,635.245
2024-05-10 18:00:00+01:00,609.64
2024-05-10 19:00:00+01:00,507.22
2024-05-10 20:00:00+01:00,444.345
2024-05-10 21:00:00+01:00,414.755
2024-05-10 22:00:00+01:00,405.495
2024-05-10 23:00:00+01:00,366.195
2024-05-11 00:00:00+01:00,305.615
2024-05-11 01:00:00+01:00,333.805
2024-05-11 02:00:00+01:00,390.315
2024-05-11 03:00:00+01:00,436.73
2024-05-11 04:00:00+01:00,467.655
2024-05-11 05:00:00+01:00,506.555
2024-05-11 06:00:00+01:00,565.99
2024-05-11 07:00:00+01:00,503.795
2024-05-11 08:00:00+01:00,488.825
2024-05-11 09:00:00+01:00,428.71
2024-05-11 10:00:00+01:00,461.745
2024-05-11 11:00:00+01:00,611.51
2024-05-11 12:00:00+01:00,761.215
2024-05-11 13:00:00+01:00,921.805
2024-05-11 14:00:00+01:00,985.745
2024-05-11 15:00:00+01:00,983.335
2024-05-11 16:00:00+01:00,905.58
2024-05-11 17:00:00+01:00,821.11
2024-05-11 18:00:00+01:00,733.31
2024-05-11 19:00:00+01:00,577.925
2024-05-11 20:00:00+01:00,401.115
2024-05-11 21:00:00+01:00,307.5
2024-05-11 22:00:00+01:00,281.325
2024-05-11 23:00:00+01:00,264.555
2024-05-12 00:00:00+01:00,210.93
2024-05-12 01:00:00+01:00,171.025
2024-05-12 02:00:00+01:00,155.615
2024-05-12 03:00:00+01:00,145.65
2024-05-12 04:00:00+01:00,114.49
2024-05-12 05:00:00+01:00,90.64
2024-05-12 06:00:00+01:00,77.025
2024-05-12 07:00:00+01:00,44.815
2024-05-12 08:00:00+01:00,42.28
2024-05-12 09:00:00+01:00,43.17
2024-05-12 10:00:00+01:00,57.375
2024-05-12 11:00:00+01:00,76.09
2024-05-12 12:00:00+01:00,108.205
2024-05-12 13:00:00+01:00,143.335
2024-05-12 14:00:00+01:00,206.365
2024-05-12 15:00:00+01:00,190.08
2024-05-12 16:00:00+01:00,176.06
2024-05-12 17:00:00+01:00,150.815
2024-05-12 18:00:00+01:00,128.36
2024-05-12 19:00:00+01:00,83.555
2024-05-12 20:00:00+01:00,75.585
2024-05-12 21:00:00+01:00,69.31
2024-05-12 22:00:00+01:00,108.2
2024-05-12 23:00:00+01:00,145.69
2024-05-13 00:00:00+01:00,186.235
2024-05-13 01:00:00+01:00,406.565
2024-05-13 02:00:00+01:00,660.23
2024-05-13 03:00:00+01:00,917.355
2024-05-13 04:00:00+01:00,1142.355
2024-05-13 05:00:00+01:00,1322.485
2024-05-13 06:00:00+01:00,1477.565
2024-05-13 07:00:00+01:00,2353.12
2024-05-13 08:00:00+01:00,2456.965
2024-05-13 09:00:00+01:00,2453.92
2024-05-13 10:00:00+01:00,2382.67
2024-05-13 11:00:00+01:00,2278.855
2024-05-13 12:00:00+01:00,2147.475
2024-05-13 13:00:00+01:00,1391.525
2024-05-13 14:00:00+01:00,1268.52
2024-05-13 15:00:00+01:00,1130.335
2024-05-13 16:00:00+01:00,955.175
2024-05-13 17:00:00+01:00,824.235
2024-05-13 18:00:00+01:00,711.665
2024-05-13 19:00:00+01:00,503.17
2024-05-13 20:00:00+01:00,472.195
2024-05-13 21:00:00+01:00,390.325
2024-05-13 22:00:00+01:00,359.38
2024-05-13 23:00:00+01:00,339.845
2024-05-14 00:00:00+01:00,331.49
2024-05-14 01:00:00+01:00,317.2
2024-05-14 02:00:00+01:00,305.885
2024-05-14 03:00:00+01:00,272.15
2024-05-14 04:00:00+01:00,267.99
2024-05-14 05:00:00+01:00,320.19
2024-05-14 06:00:00+01:00,383.07
2024-05-14 07:00:00+01:00,449.28
2024-05-14 08:00:00+01:00,469.87
2024-05-14 09:00:00+01:00,513.82
2024-05-14 10:00:00+01:00,553.305
2024-05-14 11:00:00+01:00,579.665
2024-05-14 12:00:00+01:00,597.255
2024-05-14 13:00:00+01:00,598.96
2024-05-14 14:00:00+01:00,603.435
2024-05-14 15:00:00+01:00,602.865
2024-05-14 16:00:00+01:00,614.91
2024-05-14 17:00:00+01:00,654.495
2024-05-14 18:00:00+01:00,661.18
2024-05-14 19:00:00+01:00,650.085
2024-05-14 20:00:00+01:00,673.075
2024-05-14 21:00:00+01:00,692.635
2024-05-14 22:00:00+01:00,695.635
2024-05-14 23:00:00+01:00,697.965
2024-05-15 00:00:00+01:00,741.155
2024-05-15 01:00:00+01:00,767.945
2024-05-15 02:00:00+01:00,800.49
2024-05-15 03:00:00+01:00,802.765
2024-05-15 04:00:00+01:00,777.595
2024-05-15 05:00:00+01:00,753.075
2024-05-15 06:00:00+01:00,698.605
2024-05-15 07:00:00+01:00,622.86
2024-05-15 08:00:00+01:00,624.515
2024-05-15 09:00:00+01:00,613.545
2024-05-15 10:00:00+01:00,612.385
2024-05-15 11:00:00+01:00,656.83
2024-05-15 12:00:00+01:00,671.02
2024-05-15 13:00:00+01:00,670.255
2024-05-15 14:00:00+01:00,634.145
2024-05-15 15:00:00+01:00,585.82
2024-05-15 16:00:00+01:00,540.295
2024-05-15 17:00:00+01:00,473.835
2024-05-15 18:00:00+01:00,374.525
2024-05-15 19:00:00+01:00,273.29
2024-05-15 20:00:00+01:00,274.295
2024-05-15 21:00:00+01:00,288.275
2024-05-15 22:00:00+01:00,301.09
2024-05-15 23:00:00+01:00,278.61
2024-05-16 00:00:00+01:00,255.585
2024-05-16 01:00:00+01:00,233.705
2024-05-16 02:00:00+01:00,224.535
2024-05-16 03:00:00+01:00,217.34
2024-05-16 04:00:00+01:00,222.02
2024-05-16 05:00:00+01:00,213.925
2024-05-16 06:00:00+01:00,216.35
2024-05-16 07:00:00+01:00,165.595
2024-05-16 08:00:00+01:00,103.6
2024-05-16 09:00:00+01:00,74.815
2024-05-16 10:00:00+01:00,106.145
2024-05-16 11:00:00+01:00,124.98
2024-05-16 12:00:00+01:00,142.84
2024-05-16 13:00:00+01:00,133.385
2024-05-16 14:00:00+01:00,180.355
2024-05-16 15:00:00+01:00,243.31
2024-05-16 16:00:00+01:00,323.365
2024-05-16 17:00:00+01:00,409.35
2024-05-16 18:00:00+01:00,421.505
2024-05-16 19:00:00+01:00,452.37
2024-05-16 20:00:00+01:00,511.255
2024-05-16 21:00:00+01:00,701.48
2024-05-16 22:00:00+01:00,923.02
2024-05-16 23:00:00+01:00,1140.83
2024-05-17 00:00:00+01:00,1354.39
2024-05-17 01:00:00+01:00,1562.07
2024-05-17 02:00:00+01:00,1682.09
2024-05-17 03:00:00+01:00,1709.645
2024-05-17 04:00:00+01:00,1735.195
2024-05-17 05:00:00+01:00,1777.105
2024-05-17 06:00:00+01:00,1666.905
2024-05-17 07:00:00+01:00,1519.63
2024-05-17 08:00:00+01:00,1403.525
2024-05-17 09:00:00+01:00,1289.765
2024-05-17 10:00:00+01:00,1163.685
2024-05-17 11:00:00+01:00,997.63
2024-05-17 12:00:00+01:00,902.665
2024-05-17 13:00:00+01:00,866.85
2024-05-17 14:00:00+01:00,777.975
2024-05-17 15:00:00+01:00,721.01
2024-05-17 16:00:00+01:00,699.1
2024-05-17 17:00:00+01:00,676.775
2024-05-17 18:00:00+01:00,666.43
2024-05-17 19:00:00+01:00,673.535
2024-05-17 20:00:00+01:00,655.675
2024-05-17 21:00:00+01:00,656.79
2024-05-17 22:00:00+01:00,653.725
2024-05-17 23:00:00+01:00,652.04
2024-05-18 00:00:00+01:00,695.235
2024-05-18 01:00:00+01:00,774.065
2024-05-18 02:00:00+01:00,747.095
2024-05-18 03:00:00+01:00,713.305
2024-05-18 04:00:00+01:00,726.42
2024-05-18 05:00:00+01:00,748.86
2024-05-18 06:00:00+01:00,744.51
2024-05-18 07:00:00+01:00,812.725
2024-05-18 08:00:00+01:00,753.215
2024-05-18 09:00:00+01:00,700.125
2024-05-18 10:00:00+01:00,672.675
2024-05-18 11:00:00+01:00,700.12
2024-05-18 12:00:00+01:00,797.39
2024-05-18 13:00:00+01:00,911.34
2024-05-18 14:00:00+01:00,825.915
2024-05-18 15:00:00+01:00,739.905
2024-05-18 16:00:00+01:00,769.47
2024-05-18 17:00:00+01:00,891.33
2024-05-18 18:00:00+01:00,968.525
2024-05-18 19:00:00+01:00,950.125
2024-05-18 20:00:00+01:00,855.095
2024-05-18 21:00:00+01:00,813.755
2024-05-18 22:00:00+01:00,826.955
2024-05-18 23:00:00+01:00,876.88
2024-05-19 00:00:00+01:00,878.155
2024-05-19 01:00:00+01:00,794.77
2024-05-19 02:00:00+01:00,724.31
2024-05-19 03:00:00+01:00,645.08
2024-05-19 04:00:00+01:00,567.42
2024-05-19 05:00:00+01:00,504.315
2024-05-19 06:00:00+01:00,396.62
2024-05-19 07:00:00+01:00,319.54
2024-05-19 08:00:00+01:00,236.49
2024-05-19 09:00:00+01:00,176.975
2024-05-19 10:00:00+01:00,118.61
2024-05-19 11:00:00+01:00,75.7
2024-05-19 12:00:00+01:00,67.66
2024-05-19 13:00:00+01:00,74.525
2024-05-19 14:00:00+01:00,75.98
2024-05-19 15:00:00+01:00,81.28
2024-05-19 16:00:00+01:00,94.16
2024-05-19 17:00:00+01:00,107.405
2024-05-19 18:00:00+01:00,108.025
2024-05-19 19:00:00+01:00,107.07
2024-05-19 20:00:00+01:00,106.785
2024-05-19 21:00:00+01:00,112.67
2024-05-19 22:00:00+01:00,123.685
2024-05-19 23:00:00+01:00,132.95
2024-05-20 00:00:00+01:00,130.55
2024-05-20 01:00:00+01:00,113.415
2024-05-20 02:00:00+01:00,99.5
2024-05-20 03:00:00+01:00,102.76
2024-05-20 04:00:00+01:00,116.13
2024-05-20 05:00:00+01:00,106.255
2024-05-20 06:00:00+01:00,77.295
2024-05-20 07:00:00+01:00,61.01
2024-05-20 08:00:00+01:00,34.645
2024-05-20 09:00:00+01:00,31.775
2024-05-20 10:00:00+01:00,31.86
2024-05-20 11:00:00+01:00,30.21
2024-05-20 12:00:00+01:00,27.745
2024-05-20 13:00:00+01:00,38.74
2024-05-20 14:00:00+01:00,50.145
2024-05-20 15:00:00+01:00,61.04
2024-05-20 16:00:00+01:00,68.615
2024-05-20 17:00:00+01:00,80.675
2024-05-20 18:00:00+01:00,85.145
2024-05-20 19:00:00+01:00,84.95
2024-05-20 20:00:00+01:00,87.87
2024-05-20 21:00:00+01:00,77.195
2024-05-20 22:00:00+01:00,77.42
2024-05-20 23:00:00+01:00,75.41
2024-05-21 00:00:00+01:00,77.015
2024-05-21 01:00:00+01:00,90.005
2024-05-21 02:00:00+01:00,80.77
2024-05-21 03:00:00+01:00,60.625
2024-05-21 04:00:00+01:00,47.415
2024-05-21 05:00:00+01:00,42.625
2024-05-21 06:00:00+01:00,41.245
2024-05-21 07:00:00+01:00,44.31
2024-05-21 08:00:00+01:00,40.015
2024-05-21 09:00:00+01:00,35.975
2024-05-21 10:00:00+01:00,33.05
2024-05-21 11:00:00+01:00,34.2
2024-05-21 12:00:00+01:00,41.285
2024-05-21 13:00:00+01:00,57.1
2024-05-21 14:00:00+01:00,82.4
2024-05-21 15:00:00+01:00,96.95
2024-05-21 16:00:00+01:00,138.31
2024-05-21 17:00:00+01:00,222.74
2024-05-21 18:00:00+01:00,254.97
2024-05-21 19:00:00+01:00,260.03
2024-05-21 20:00:00+01:00,269.015
2024-05-21 21:00:00+01:00,305.225
2024-05-21 22:00:00+01:00,322.2
2024-05-21 23:00:00+01:00,288.585
2024-05-22 00:00:00+01:00,305.83
2024-05-22 01:00:00+01:00,352.685
2024-05-22 02:00:00+01:00,469.125
2024-05-22 03:00:00+01:00,600.58
2024-05-22 04:00:00+01:00,646.425
2024-05-22 05:00:00+01:00,691.32
2024-05-22 06:00:00+01:00,729.825
2024-05-22 07:00:00+01:00,684.305
2024-05-22 08:00:00+01:00,758.06
2024-05-22 09:00:00+01:00,884.91
2024-05-22 10:00:00+01:00,1003.795
2024-05-22 11:00:00+01:00,1127.01
2024-05-22 12:00:00+01:00,1298.745
2024-05-22 13:00:00+01:00,1575.875
2024-05-22 14:00:00+01:00,1877.325
2024-05-22 15:00:00+01:00,2158.975
2024-05-22 16:00:00+01:00,2380.79
2024-05-22 17:00:00+01:00,2611.75
2024-05-22 18:00:00+01:00,2679.385
2024-05-22 19:00:00+01:00,2779.14
2024-05-22 20:00:00+01:00,2764.27
2024-05-22 21:00:00+01:00,2653.79
2024-05-22 22:00:00+01:00,2546.99
2024-05-22 23:00:00+01:00,2479.16
2024-05-23 00:00:00+01:00,2442.705
2024-05-23 01:00:00+01:00,2464.5
2024-05-23 02:00:00+01:00,2326.675
2024-05-23 03:00:00+01:00,2216.94
2024-05-23 04:00:00+01:00,2175.065
2024-05-23 05:00:00+01:00,2122.735
2024-05-23 06:00:00+01:00,2048.195
2024-05-23 07:00:00+01:00,2036.08
2024-05-23 08:00:00+01:00,2007.06
2024-05-23 09:00:00+01:00,2028.495
2024-05-23 10:00:00+01:00,1921.51
2024-05-23 11:00:00+01:00,1816.245
2024-05-23 12:00:00+01:00,1751.06
2024-05-23 13:00:00+01:00,1918.98
2024-05-23 14:00:00+01:00,1844.615
2024-05-23 15:00:00+01:00,1767.6
2024-05-23 16:00:00+01:00,1812.915
2024-05-23 17:00:00+01:00,1795.29
2024-05-23 18:00:00+01:00,1725.44
2024-05-23 19:00:00+01:00,1621.05
2024-05-23 20:00:00+01:00,1321.86
2024-05-23 21:00:00+01:00,1012.225
2024-05-23 22:00:00+01:00,834.42
2024-05-23 23:00:00+01:00,792.6
2024-05-24 00:00:00+01:00,749.595
2024-05-24 01:00:00+01:00,668.985
2024-05-24 02:00:00+01:00,548.115
2024-05-24 03:00:00+01:00,408.42
2024-05-24 04:00:00+01:00,340.77
2024-05-24 05:00:00+01:00,297.2
2024-05-24 06:00:00+01:00,260.985
2024-05-24 07:00:00+01:00,221.17
2024-05-24 08:00:00+01:00,187.355
2024-05-24 09:00:00+01:00,156.735
2024-05-24 10:00:00+01:00,133.85
2024-05-24 11:00:00+01:00,113.26
2024-05-24 12:00:00+01:00,77.235
2024-05-24 13:00:00+01:00,67.925
2024-05-24 14:00:00+01:00,65.39
2024-05-24 15:00:00+01:00,70.76
2024-05-24 16:00:00+01:00,86.02
2024-05-24 17:00:00+01:00,109.305
2024-05-24 18:00:00+01:00,136.825
2024-05-24 19:00:00+01:00,142.18
2024-05-24 20:00:00+01:00,155.605
2024-05-24 21:00:00+01:00,179.425
2024-05-24 22:00:00+01:00,221.235
2024-05-24 23:00:00+01:00,295.25
2024-05-25 00:00:00+01:00,409.87
2024-05-25 01:00:00+01:00,498.145
2024-05-25 02:00:00+01:00,619.01
2024-05-25 03:00:00+01:00,740.845
2024-05-25 04:00:00+01:00,893.025
2024-05-25 05:00:00+01:00,1019.9
2024-05-25 06:00:00+01:00,1133.5
2024-05-25 07:00:00+01:00,1230.495
2024-05-25 08:00:00+01:00,1333.01
2024-05-25 09:00:00+01:00,1533.37
2024-05-25 10:00:00+01:00,1771.72
2024-05-25 11:00:00+01:00,1945.82
2024-05-25 12:00:00+01:00,2087.035
2024-05-25 13:00:00+01:00,2419.32
2024-05-25 14:00:00+01:00,2581.46
2024-05-25 15:00:00+01:00,2641.48
2024-05-25 16:00:00+01:00,2613.885
2024-05-25 17:00:00+01:00,2455.63
2024-05-25 18:00:00+01:00,2252.86
2024-05-25 19:00:00+01:00,1994.925
2024-05-25 20:00:00+01:00,1733.805
2024-05-25 21:00:00+01:00,1456.4
2024-05-25 22:00:00+01:00,1267.6
2024-05-25 23:00:00+01:00,1084.27
2024-05-26 00:00:00+01:00,900.87
2024-05-26 01:00:00+01:00,698.58
2024-05-26 02:00:00+01:00,579.21
2024-05-26 03:00:00+01:00,476.51
2024-05-26 04:00:00+01:00,396.165
2024-05-26 05:00:00+01:00,352.865
2024-05-26 06:00:00+01:00,326.5
2024-05-26 07:00:00+01:00,296.415
2024-05-26 08:00:00+01:00,282.26
2024-05-26 09:00:00+01:00,338.83
2024-05-26 10:00:00+01:00,486.375
2024-05-26 11:00:00+01:00,651.275
2024-05-26 12:00:00+01:00,810.705
2024-05-26 13:00:00+01:00,864.945
2024-05-26 14:00:00+01:00,1061.735
2024-05-26 15:00:00+01:00,1204.585
2024-05-26 16:00:00+01:00,1335.97
2024-05-26 17:00:00+01:00,1387.165
2024-05-26 18:00:00+01:00,1332.28
2024-05-26 19:00:00+01:00,1262.455
2024-05-26 20:00:00+01:00,1185.0
2024-05-26 21:00:00+01:00,1081.755
2024-05-26 22:00:00+01:00,1039.63
2024-05-26 23:00:00+01:00,1030.725
2024-05-27 00:00:00+01:00,1010.765
2024-05-27 01:00:00+01:00,961.5
2024-05-27 02:00:00+01:00,953.99
2024-05-27 03:00:00+01:00,912.945
2024-05-27 04:00:00+01:00,852.2
2024-05-27 05:00:00+01:00,789.565
2024-05-27 06:00:00+01:00,774.75
2024-05-27 07:00:00+01:00,710.58
2024-05-27 08:00:00+01:00,670.53
2024-05-27 09:00:00+01:00,695.24
2024-05-27 10:00:00+01:00,727.59
2024-05-27 11:00:00+01:00,736.885
2024-05-27 12:00:00+01:00,747.385
2024-05-27 13:00:00+01:00,674.4
2024-05-27 14:00:00+01:00,669.075
2024-05-27 15:00:00+01:00,651.885
2024-05-27 16:00:00+01:00,624.735
2024-05-27 17:00:00+01:00,606.19
2024-05-27 18:00:00+01:00,552.11
2024-05-27 19:00:00+01:00,496.84
2024-05-27 20:00:00+01:00,429.6
2024-05-27 21:00:00+01:00,406.83
2024-05-27 22:00:00+01:00,463.71
2024-05-27 23:00:00+01:00,635.155
2024-05-28 00:00:00+01:00,808.705
2024-05-28 01:00:00+01:00,1019.305
2024-05-28 02:00:00+01:00,1193.91
2024-05-28 03:00:00+01:00,1359.855
2024-05-28 04:00:00+01:00,1443.73
2024-05-28 05:00:00+01:00,1465.3
2024-05-28 06:00:00+01:00,1460.03
2024-05-28 07:00:00+01:00,1353.98
2024-05-28 08:00:00+01:00,1254.61
2024-05-28 09:00:00+01:00,1204.445
2024-05-28 10:00:00+01:00,1291.615
2024-05-28 11:00:00+01:00,1403.93
2024-05-28 12:00:00+01:00,1522.94
2024-05-28 13:00:00+01:00,1649.45
2024-05-28 14:00:00+01:00,1784.47
2024-05-28 15:00:00+01:00,1890.755
2024-05-28 16:00:00+01:00,1933.08
2024-05-28 17:00:00+01:00,1892.585
2024-05-28 18:00:00+01:00,1819.345
2024-05-28 19:00:00+01:00,1750.08
2024-05-28 20:00:00+01:00,1628.865
2024-05-28 21:00:00+01:00,1492.25
2024-05-28 22:00:00+01:00,1456.695
2024-05-28 23:00:00+01:00,1358.095
2024-05-29 00:00:00+01:00,1215.87
2024-05-29 01:00:00+01:00,926.05
2024-05-29 02:00:00+01:00,813.385
2024-05-29 03:00:00+01:00,788.98
2024-05-29 04:00:00+01:00,809.705
2024-05-29 05:00:00+01:00,772.695
2024-05-29 06:00:00+01:00,691.705
2024-05-29 07:00:00+01:00,511.055
2024-05-29 08:00:00+01:00,522.81
2024-05-29 09:00:00+01:00,623.075
2024-05-29 10:00:00+01:00,723.64
2024-05-29 11:00:00+01:00,850.02
2024-05-29 12:00:00+01:00,1051.48
2024-05-29 13:00:00+01:00,1279.525
2024-05-29 14:00:00+01:00,1403.78
2024-05-29 15:00:00+01:00,1619.17
2024-05-29 16:00:00+01:00,1903.38
2024-05-29 17:00:00+01:00,1948.485
2024-05-29 18:00:00+01:00,1929.82
2024-05-29 19:00:00+01:00,2140.775
2024-05-29 20:00:00+01:00,2109.015
2024-05-29 21:00:00+01:00,1944.14
2024-05-29 22:00:00+01:00,1836.65
2024-05-29 23:00:00+01:00,1987.095
2024-05-30 00:00:00+01:00,2126.67
2024-05-30 01:00:00+01:00,2256.27
2024-05-30 02:00:00+01:00,2330.95
2024-05-30 03:00:00+01:00,2432.085
2024-05-30 04:00:00+01:00,2482.665
2024-05-30 05:00:00+01:00,2482.755
2024-05-30 06:00:00+01:00,2423.735
2024-05-30 07:00:00+01:00,2430.665
2024-05-30 08:00:00+01:00,2371.61
2024-05-30 09:00:00+01:00,2319.9
2024-05-30 10:00:00+01:00,2274.55
2024-05-30 11:00:00+01:00,2180.865
2024-05-30 12:00:00+01:00,2163.435
2024-05-30 13:00:00+01:00,2411.96
2024-05-30 14:00:00+01:00,2365.655
2024-05-30 15:00:00+01:00,2212.02
2024-05-30 16:00:00+01:00,2097.97
2024-05-30 17:00:00+01:00,2117.45
2024-05-30 18:00:00+01:00,2140.055
2024-05-30 19:00:00+01:00,2259.665
2024-05-30 20:00:00+01:00,1990.575
2024-05-30 21:00:00+01:00,1721.37
2024-05-30 22:00:00+01:00,1465.565
2024-05-30 23:00:00+01:00,1280.505
2024-05-31 00:00:00+01:00,1155.175
2024-05-31 01:00:00+01:00,1120.405
2024-05-31 02:00:00+01:00,1009.335
2024-05-31 03:00:00+01:00,897.625
2024-05-31 04:00:00+01:00,801.615
2024-05-31 05:00:00+01:00,762.295
2024-05-31 06:00:00+01:00,777.755
2024-05-31 07:00:00+01:00,758.08
2024-05-31 08:00:00+01:00,705.38
2024-05-31 09:00:00+01:00,652.795
2024-05-31 10:00:00+01:00,613.61
2024-05-31 11:00:00+01:00,604.095
2024-05-31 12:00:00+01:00,605.19
2024-05-31 13:00:00+01:00,601.39
2024-05-31 14:00:00+01:00,624.92
2024-05-31 15:00:00+01:00,670.045
2024-05-31 16:00:00+01:00,711.355
2024-05-31 17:00:00+01:00,740.78
2024-05-31 18:00:00+01:00,766.22
2024-05-31 19:00:00+01:00,795.37
2024-05-31 20:00:00+01:00,762.38
2024-05-31 21:00:00+01:00,724.695
2024-05-31 22:00:00+01:00,704.625
2024-05-31 23:00:00+01:00,661.26
2024-06-01 00:00:00+01:00,614.085
2024-06-01 01:00:00+01:00,559.5
2024-06-01 02:00:00+01:00,453.14
2024-06-01 03:00:00+01:00,369.5
2024-06-01 04:00:00+01:00,340.215
2024-06-01 05:00:00+01:00,344.46
2024-06-01 06:00:00+01:00,347.39
2024-06-01 07:00:00+01:00,359.27
2024-06-01 08:00:00+01:00,300.59
2024-06-01 09:00:00+01:00,258.445
2024-06-01 10:00:00+01:00,217.285
2024-06-01 11:00:00+01:00,193.82
2024-06-01 12:00:00+01:00,188.055
2024-06-01 13:00:00+01:00,206.865
2024-06-01 14:00:00+01:00,232.275
2024-06-01 15:00:00+01:00,249.115
2024-06-01 16:00:00+01:00,325.585
2024-06-01 17:00:00+01:00,465.155
2024-06-01 18:00:00+01:00,537.885
2024-06-01 19:00:00+01:00,512.81
2024-06-01 20:00:00+01:00,486.06
2024-06-01 21:00:00+01:00,476.645
2024-06-01 22:00:00+01:00,528.005
2024-06-01 23:00:00+01:00,560.61
2024-06-02 00:00:00+01:00,564.365
2024-06-02 01:00:00+01:00,544.715
2024-06-02 02:00:00+01:00,465.43
2024-06-02 03:00:00+01:00,342.675
2024-06-02 04:00:00+01:00,306.57
2024-06-02 05:00:00+01:00,276.235
2024-06-02 06:00:00+01:00,236.725
2024-06-02 07:00:00+01:00,190.725
2024-06-02 08:00:00+01:00,145.275
2024-06-02 09:00:00+01:00,152.81
2024-06-02 10:00:00+01:00,197.055
2024-06-02 11:00:00+01:00,242.835
2024-06-02 12:00:00+01:00,282.445
2024-06-02 13:00:00+01:00,367.83
2024-06-02 14:00:00+01:00,463.305
2024-06-02 15:00:00+01:00,561.25
2024-06-02 16:00:00+01:00,669.555
2024-06-02 17:00:00+01:00,806.54
2024-06-02 18:00:00+01:00,858.31
2024-06-02 19:00:00+01:00,879.705
2024-06-02 20:00:00+01:00,829.415
2024-06-02 21:00:00+01:00,747.67
2024-06-02 22:00:00+01:00,668.355
2024-06-02 23:00:00+01:00,606.32
2024-06-03 00:00:00+01:00,509.86
2024-06-03 01:00:00+01:00,521.4
2024-06-03 02:00:00+01:00,526.47
2024-06-03 03:00:00+01:00,507.01
2024-06-03 04:00:00+01:00,496.105
2024-06-03 05:00:00+01:00,456.775
2024-06-03 06:00:00+01:00,405.99
2024-06-03 07:00:00+01:00,477.965
2024-06-03 08:00:00+01:00,475.49
2024-06-03 09:00:00+01:00,425.465
2024-06-03 10:00:00+01:00,434.29
2024-06-03 11:00:00+01:00,462.76
2024-06-03 12:00:00+01:00,507.23
2024-06-03 13:00:00+01:00,482.105
2024-06-03 14:00:00+01:00,597.73
2024-06-03 15:00:00+01:00,612.025
2024-06-03 16:00:00+01:00,585.83
2024-06-03 17:00:00+01:00,584.425
2024-06-03 18:00:00+01:00,667.87
2024-06-03 19:00:00+01:00,709.71
2024-06-03 20:00:00+01:00,717.42
2024-06-03 21:00:00+01:00,626.085
2024-06-03 22:00:00+01:00,562.93
2024-06-03 23:00:00+01:00,558.875
2024-06-04 00:00:00+01:00,648.57
2024-06-04 01:00:00+01:00,863.325
2024-06-04 02:00:00+01:00,1056.925
2024-06-04 03:00:00+01:00,1318.695
2024-06-04 04:00:00+01:00,1615.02
2024-06-04 05:00:00+01:00,1885.15
2024-06-04 06:00:00+01:00,2000.985
2024-06-04 07:00:00+01:00,1961.815
2024-06-04 08:00:00+01:00,2018.47
2024-06-04 09:00:00+01:00,2199.36
2024-06-04 10:00:00+01:00,2328.985
2024-06-04 11:00:00+01:00,2552.785
2024-06-04 12:00:00+01:00,2712.335
2024-06-04 13:00:00+01:00,2646.78
2024-06-04 14:00:00+01:00,2884.75
2024-06-04 15:00:00+01:00,2882.635
2024-06-04 16:00:00+01:00,2726.535
2024-06-04 17:00:00+01:00,2553.805
2024-06-04 18:00:00+01:00,2352.215
2024-06-04 19:00:00+01:00,2125.805
2024-06-04 20:00:00+01:00,1751.685
2024-06-04 21:00:00+01:00,1308.88
2024-06-04 22:00:00+01:00,1101.78
2024-06-04 23:00:00+01:00,1054.71
2024-06-05 00:00:00+01:00,1064.58
2024-06-05 01:00:00+01:00,1105.35
2024-06-05 02:00:00+01:00,1035.95
2024-06-05 03:00:00+01:00,911.25
2024-06-05 04:00:00+01:00,832.675
2024-06-05 05:00:00+01:00,827.605
2024-06-05 06:00:00+01:00,838.045
2024-06-05 07:00:00+01:00,902.805
2024-06-05 08:00:00+01:00,980.7
2024-06-05 09:00:00+01:00,1126.18
2024-06-05 10:00:00+01:00,1103.71
2024-06-05 11:00:00+01:00,1050.795
2024-06-05 12:00:00+01:00,1054.6
2024-06-05 13:00:00+01:00,1213.02
2024-06-05 14:00:00+01:00,1265.31
2024-06-05 15:00:00+01:00,1273.43
2024-06-05 16:00:00+01:00,1313.025
2024-06-05 17:00:00+01:00,1354.265
2024-06-05 18:00:00+01:00,1277.135
2024-06-05 19:00:00+01:00,1165.015
2024-06-05 20:00:00+01:00,1018.88
2024-06-05 21:00:00+01:00,858.845
2024-06-05 22:00:00+01:00,723.555
2024-06-05 23:00:00+01:00,640.2
2024-06-06 00:00:00+01:00,629.635
2024-06-06 01:00:00+01:00,605.57
2024-06-06 02:00:00+01:00,628.94
2024-06-06 03:00:00+01:00,638.495
2024-06-06 04:00:00+01:00,617.205
2024-06-06 05:00:00+01:00,568.13
2024-06-06 06:00:00+01:00,496.82
2024-06-06 07:00:00+01:00,409.41
2024-06-06 08:00:00+01:00,332.715
2024-06-06 09:00:00+01:00,379.125
2024-06-06 10:00:00+01:00,453.745
2024-06-06 11:00:00+01:00,533.095
2024-06-06 12:00:00+01:00,601.055
2024-06-06 13:00:00+01:00,671.41
2024-06-06 14:00:00+01:00,762.79
2024-06-06 15:00:00+01:00,800.735
2024-06-06 16:00:00+01:00,820.445
2024-06-06 17:00:00+01:00,798.225
2024-06-06 18:00:00+01:00,751.57
2024-06-06 19:00:00+01:00,647.17
2024-06-06 20:00:00+01:00,575.865
2024-06-06 21:00:00+01:00,489.905
2024-06-06 22:00:00+01:00,424.03
2024-06-06 23:00:00+01:00,447.055
2024-06-07 00:00:00+01:00,503.28
2024-06-07 01:00:00+01:00,521.945
2024-06-07 02:00:00+01:00,613.2
2024-06-07 03:00:00+01:00,730.34
2024-06-07 04:00:00+01:00,869.34
2024-06-07 05:00:00+01:00,975.815
2024-06-07 06:00:00+01:00,1050.515
2024-06-07 07:00:00+01:00,962.885
2024-06-07 08:00:00+01:00,936.08
2024-06-07 09:00:00+01:00,949.82
2024-06-07 10:00:00+01:00,982.955
2024-06-07 11:00:00+01:00,1039.225
2024-06-07 12:00:00+01:00,1060.605
2024-06-07 13:00:00+01:00,1157.905
2024-06-07 14:00:00+01:00,1212.395
2024-06-07 15:00:00+01:00,1226.48
2024-06-07 16:00:00+01:00,1222.655
2024-06-07 17:00:00+01:00,1187.445
2024-06-07 18:00:00+01:00,1157.11
2024-06-07 19:00:00+01:00,1143.95
2024-06-07 20:00:00+01:00,1126.15
2024-06-07 21:00:00+01:00,1059.49
2024-06-07 22:00:00+01:00,968.235
2024-06-07 23:00:00+01:00,991.265
2024-06-08 00:00:00+01:00,1066.235
2024-06-08 01:00:00+01:00,1059.705
2024-06-08 02:00:00+01:00,1062.585
2024-06-08 03:00:00+01:00,1078.815
2024-06-08 04:00:00+01:00,1103.42
2024-06-08 05:00:00+01:00,1077.81
2024-06-08 06:00:00+01:00,1028.34
2024-06-08 07:00:00+01:00,1112.355
2024-06-08 08:00:00+01:00,1117.54
2024-06-08 09:00:00+01:00,1094.465
2024-06-08 10:00:00+01:00,1040.2
2024-06-08 11:00:00+01:00,997.865
2024-06-08 12:00:00+01:00,947.615
2024-06-08 13:00:00+01:00,972.69
2024-06-08 14:00:00+01:00,1020.01
2024-06-08 15:00:00+01:00,1019.98
2024-06-08 16:00:00+01:00,1043.985
2024-06-08 17:00:00+01:00,1067.84
2024-06-08 18:00:00+01:00,1056.935
2024-06-08 19:00:00+01:00,1044.3
2024-06-08 20:00:00+01:00,1084.765
2024-06-08 21:00:00+01:00,1062.9
2024-06-08 22:00:00+01:00,996.485
2024-06-08 23:00:00+01:00,972.955
2024-06-09 00:00:00+01:00,914.985
2024-06-09 01:00:00+01:00,1000.14
2024-06-09 02:00:00+01:00,1018.565
2024-06-09 03:00:00+01:00,971.345
2024-06-09 04:00:00+01:00,1018.76
2024-06-09 05:00:00+01:00,1082.825
2024-06-09 06:00:00+01:00,1086.0
2024-06-09 07:00:00+01:00,1086.91
2024-06-09 08:00:00+01:00,1069.005
2024-06-09 09:00:00+01:00,1103.33
2024-06-09 10:00:00+01:00,1094.835
2024-06-09 11:00:00+01:00,1080.81
2024-06-09 12:00:00+01:00,1177.96
2024-06-09 13:00:00+01:00,1441.355
2024-06-09 14:00:00+01:00,1607.165
2024-06-09 15:00:00+01:00,1678.535
2024-06-09 16:00:00+01:00,1774.58
2024-06-09 17:00:00+01:00,1851.36
2024-06-09 18:00:00+01:00,1926.285
2024-06-09 19:00:00+01:00,2006.035
2024-06-09 20:00:00+01:00,1963.305
2024-06-09 21:00:00+01:00,1909.725
2024-06-09 22:00:00+01:00,1784.065
2024-06-09 23:00:00+01:00,1684.135
2024-06-10 00:00:00+01:00,1577.265
2024-06-10 01:00:00+01:00,1619.56
2024-06-10 02:00:00+01:00,1442.215
2024-06-10 03:00:00+01:00,1213.22
2024-06-10 04:00:00+01:00,1057.235
2024-06-10 05:00:00+01:00,977.32
2024-06-10 06:00:00+01:00,886.44
2024-06-10 07:00:00+01:00,832.875
2024-06-10 08:00:00+01:00,728.455
2024-06-10 09:00:00+01:00,739.735
2024-06-10 10:00:00+01:00,714.495
2024-06-10 11:00:00+01:00,727.49
2024-06-10 12:00:00+01:00,724.55
2024-06-10 13:00:00+01:00,812.515
2024-06-10 14:00:00+01:00,878.675
2024-06-10 15:00:00+01:00,929.925
2024-06-10 16:00:00+01:00,1017.19
2024-06-10 17:00:00+01:00,1149.615
2024-06-10 18:00:00+01:00,1133.895
2024-06-10 19:00:00+01:00,1006.975
2024-06-10 20:00:00+01:00,877.38
2024-06-10 21:00:00+01:00,757.04
2024-06-10 22:00:00+01:00,633.985
2024-06-10 23:00:00+01:00,569.155
2024-06-11 00:00:00+01:00,551.465
2024-06-11 01:00:00+01:00,502.055
2024-06-11 02:00:00+01:00,460.855
2024-06-11 03:00:00+01:00,424.375
2024-06-11 04:00:00+01:00,393.735
2024-06-11 05:00:00+01:00,373.99
2024-06-11 06:00:00+01:00,345.205
2024-06-11 07:00:00+01:00,268.33
2024-06-11 08:00:00+01:00,226.185
2024-06-11 09:00:00+01:00,220.06
2024-06-11 10:00:00+01:00,222.085
2024-06-11 11:00:00+01:00,241.345
2024-06-11 12:00:00+01:00,275.54
2024-06-11 13:00:00+01:00,316.53
2024-06-11 14:00:00+01:00,343.985
2024-06-11 15:00:00+01:00,401.335
2024-06-11 16:00:00+01:00,516.685
2024-06-11 17:00:00+01:00,581.115
2024-06-11 18:00:00+01:00,609.69
2024-06-11 19:00:00+01:00,567.55
2024-06-11 20:00:00+01:00,525.86
2024-06-11 21:00:00+01:00,455.245
2024-06-11 22:00:00+01:00,327.575
2024-06-11 23:00:00+01:00,221.49
2024-06-12 00:00:00+01:00,159.675
2024-06-12 01:00:00+01:00,131.075
2024-06-12 02:00:00+01:00,103.99
2024-06-12 03:00:00+01:00,89.665
2024-06-12 04:00:00+01:00,61.89
2024-06-12 05:00:00+01:00,52.345
2024-06-12 06:00:00+01:00,40.575
2024-06-12 07:00:00+01:00,23.015
2024-06-12 08:00:00+01:00,19.575
2024-06-12 09:00:00+01:00,19.235
2024-06-12 10:00:00+01:00,22.875
2024-06-12 11:00:00+01:00,34.705
2024-06-12 12:00:00+01:00,69.805
2024-06-12 13:00:00+01:00,159.205
2024-06-12 14:00:00+01:00,223.455
2024-06-12 15:00:00+01:00,251.26
2024-06-12 16:00:00+01:00,308.495
2024-06-12 17:00:00+01:00,416.48
2024-06-12 18:00:00+01:00,534.44
2024-06-12 19:00:00+01:00,600.895
2024-06-12 20:00:00+01:00,694.845
2024-06-12 21:00:00+01:00,757.075
2024-06-12 22:00:00+01:00,897.37
2024-06-12 23:00:00+01:00,1118.83
2024-06-13 00:00:00+01:00,1371.225
2024-06-13 01:00:00+01:00,1555.855
2024-06-13 02:00:00+01:00,1756.25
2024-06-13 03:00:00+01:00,2047.63
2024-06-13 04:00:00+01:00,2337.345
2024-06-13 05:00:00+01:00,2505.465
2024-06-13 06:00:00+01:00,2662.74
2024-06-13 07:00:00+01:00,2824.625
2024-06-13 08:00:00+01:00,2800.89
2024-06-13 09:00:00+01:00,2562.715
2024-06-13 10:00:00+01:00,2253.06
2024-06-13 11:00:00+01:00,2188.965
2024-06-13 12:00:00+01:00,2238.41
2024-06-13 13:00:00+01:00,2552.72
2024-06-13 14:00:00+01:00,2283.255
2024-06-13 15:00:00+01:00,2122.525
2024-06-13 16:00:00+01:00,2059.735
2024-06-13 17:00:00+01:00,2035.62
2024-06-13 18:00:00+01:00,2007.83
2024-06-13 19:00:00+01:00,1943.645
2024-06-13 20:00:00+01:00,1905.535
2024-06-13 21:00:00+01:00,1840.72
2024-06-13 22:00:00+01:00,1801.625
2024-06-13 23:00:00+01:00,1723.895
2024-06-14 00:00:00+01:00,1720.755
2024-06-14 01:00:00+01:00,1747.555
2024-06-14 02:00:00+01:00,1490.97
2024-06-14 03:00:00+01:00,1295.18
2024-06-14 04:00:00+01:00,1183.865
2024-06-14 05:00:00+01:00,1114.04
2024-06-14 06:00:00+01:00,988.075
2024-06-14 07:00:00+01:00,754.545
2024-06-14 08:00:00+01:00,648.66
2024-06-14 09:00:00+01:00,615.14
2024-06-14 10:00:00+01:00,585.37
2024-06-14 11:00:00+01:00,579.795
2024-06-14 12:00:00+01:00,638.78
2024-06-14 13:00:00+01:00,803.66
2024-06-14 14:00:00+01:00,843.14
2024-06-14 15:00:00+01:00,911.235
2024-06-14 16:00:00+01:00,994.025
2024-06-14 17:00:00+01:00,1018.93
2024-06-14 18:00:00+01:00,983.085
2024-06-14 19:00:00+01:00,660.61
2024-06-14 20:00:00+01:00,616.585
2024-06-14 21:00:00+01:00,554.215
2024-06-14 22:00:00+01:00,546.075
2024-06-14 23:00:00+01:00,755.055
2024-06-15 00:00:00+01:00,1089.14
2024-06-15 01:00:00+01:00,1105.795
2024-06-15 02:00:00+01:00,1232.035
2024-06-15 03:00:00+01:00,1228.815
2024-06-15 04:00:00+01:00,1249.535
2024-06-15 05:00:00+01:00,1264.17
2024-06-15 06:00:00+01:00,1276.4
2024-06-15 07:00:00+01:00,1315.305
2024-06-15 08:00:00+01:00,1387.955
2024-06-15 09:00:00+01:00,1509.2
2024-06-15 10:00:00+01:00,1587.94
2024-06-15 11:00:00+01:00,1653.555
2024-06-15 12:00:00+01:00,1667.02
2024-06-15 13:00:00+01:00,1568.69
2024-06-15 14:00:00+01:00,1530.405
2024-06-15 15:00:00+01:00,1418.995
2024-06-15 16:00:00+01:00,1336.44
2024-06-15 17:00:00+01:00,1294.225
2024-06-15 18:00:00+01:00,1227.03
2024-06-15 19:00:00+01:00,1123.285
2024-06-15 20:00:00+01:00,978.625
2024-06-15 21:00:00+01:00,778.86
2024-06-15 22:00:00+01:00,664.04
2024-06-15 23:00:00+01:00,604.855
2024-06-16 00:00:00+01:00,557.1
2024-06-16 01:00:00+01:00,451.28
2024-06-16 02:00:00+01:00,403.545
2024-06-16 03:00:00+01:00,377.44
2024-06-16 04:00:00+01:00,375.71
2024-06-16 05:00:00+01:00,369.63
2024-06-16 06:00:00+01:00,322.915
2024-06-16 07:00:00+01:00,191.92
2024-06-16 08:00:00+01:00,147.705
2024-06-16 09:00:00+01:00,144.09
2024-06-16 10:00:00+01:00,173.305
2024-06-16 11:00:00+01:00,236.51
2024-06-16 12:00:00+01:00,301.075
2024-06-16 13:00:00+01:00,307.335
2024-06-16 14:00:00+01:00,383.305
2024-06-16 15:00:00+01:00,405.65
2024-06-16 16:00:00+01:00,450.37
2024-06-16 17:00:00+01:00,496.835
2024-06-16 18:00:00+01:00,503.87
2024-06-16 19:00:00+01:00,466.9
2024-06-16 20:00:00+01:00,420.21
2024-06-16 21:00:00+01:00,426.42
2024-06-16 22:00:00+01:00,466.76
2024-06-16 23:00:00+01:00,487.585
2024-06-17 00:00:00+01:00,477.66
2024-06-17 01:00:00+01:00,372.13
2024-06-17 02:00:00+01:00,436.765
2024-06-17 03:00:00+01:00,531.73
2024-06-17 04:00:00+01:00,556.09
2024-06-17 05:00:00+01:00,511.035
2024-06-17 06:00:00+01:00,413.675
2024-06-17 07:00:00+01:00,318.34
2024-06-17 08:00:00+01:00,336.835
2024-06-17 09:00:00+01:00,354.88
2024-06-17 10:00:00+01:00,330.72
2024-06-17 11:00:00+01:00,348.935
2024-06-17 12:00:00+01:00,429.105
2024-06-17 13:00:00+01:00,514.095
2024-06-17 14:00:00+01:00,536.495
2024-06-17 15:00:00+01:00,532.79
2024-06-17 16:00:00+01:00,586.555
2024-06-17 17:00:00+01:00,651.33
2024-06-17 18:00:00+01:00,737.21
2024-06-17 19:00:00+01:00,675.845
2024-06-17 20:00:00+01:00,662.695
2024-06-17 21:00:00+01:00,644.515
2024-06-17 22:00:00+01:00,624.28
2024-06-17 23:00:00+01:00,637.135
2024-06-18 00:00:00+01:00,680.24
2024-06-18 01:00:00+01:00,870.84
2024-06-18 02:00:00+01:00,820.05
2024-06-18 03:00:00+01:00,723.185
2024-06-18 04:00:00+01:00,669.755
2024-06-18 05:00:00+01:00,631.03
2024-06-18 06:00:00+01:00,659.04
2024-06-18 07:00:00+01:00,624.6
2024-06-18 08:00:00+01:00,664.34
2024-06-18 09:00:00+01:00,752.095
2024-06-18 10:00:00+01:00,732.24
2024-06-18 11:00:00+01:00,765.48
2024-06-18 12:00:00+01:00,820.445
2024-06-18 13:00:00+01:00,915.105
2024-06-18 14:00:00+01:00,1005.295
2024-06-18 15:00:00+01:00,1115.225
2024-06-18 16:00:00+01:00,1202.185
2024-06-18 17:00:00+01:00,1259.08
2024-06-18 18:00:00+01:00,1258.235
2024-06-18 19:00:00+01:00,1140.17
2024-06-18 20:00:00+01:00,1134.645
2024-06-18 21:00:00+01:00,1073.945
2024-06-18 22:00:00+01:00,937.755
2024-06-18 23:00:00+01:00,817.485
2024-06-19 00:00:00+01:00,728.61
2024-06-19 01:00:00+01:00,612.905
2024-06-19 02:00:00+01:00,554.575
2024-06-19 03:00:00+01:00,516.24
2024-06-19 04:00:00+01:00,464.305
2024-06-19 05:00:00+01:00,339.05
2024-06-19 06:00:00+01:00,246.085
2024-06-19 07:00:00+01:00,108.13
2024-06-19 08:00:00+01:00,48.42
2024-06-19 09:00:00+01:00,39.265
2024-06-19 10:00:00+01:00,38.985
2024-06-19 11:00:00+01:00,54.61
2024-06-19 12:00:00+01:00,82.87
2024-06-19 13:00:00+01:00,38.345
2024-06-19 14:00:00+01:00,55.425
2024-06-19 15:00:00+01:00,100.27
2024-06-19 16:00:00+01:00,179.265
2024-06-19 17:00:00+01:00,276.9
2024-06-19 18:00:00+01:00,331.965
2024-06-19 19:00:00+01:00,351.775
2024-06-19 20:00:00+01:00,310.345
2024-06-19 21:00:00+01:00,305.775
2024-06-19 22:00:00+01:00,323.875
2024-06-19 23:00:00+01:00,334.25
2024-06-20 00:00:00+01:00,260.915
2024-06-20 01:00:00+01:00,191.64
2024-06-20 02:00:00+01:00,145.235
2024-06-20 03:00:00+01:00,119.605
2024-06-20 04:00:00+01:00,132.725
2024-06-20 05:00:00+01:00,140.165
2024-06-20 06:00:00+01:00,121.86
2024-06-20 07:00:00+01:00,81.635
2024-06-20 08:00:00+01:00,74.63
2024-06-20 09:00:00+01:00,95.38
2024-06-20 10:00:00+01:00,156.03
2024-06-20 11:00:00+01:00,212.775
2024-06-20 12:00:00+01:00,273.245
2024-06-20 13:00:00+01:00,288.71
2024-06-20 14:00:00+01:00,374.58
2024-06-20 15:00:00+01:00,496.62
2024-06-20 16:00:00+01:00,662.725
2024-06-20 17:00:00+01:00,849.545
2024-06-20 18:00:00+01:00,940.475
2024-06-20 19:00:00+01:00,942.19
2024-06-20 20:00:00+01:00,906.505
2024-06-20 21:00:00+01:00,961.805
2024-06-20 22:00:00+01:00,1076.83
2024-06-20 23:00:00+01:00,1230.5
2024-06-21 00:00:00+01:00,1330.41
2024-06-21 01:00:00+01:00,1346.1
2024-06-21 02:00:00+01:00,1449.29
2024-06-21 03:00:00+01:00,1592.355
2024-06-21 04:00:00+01:00,1760.43
2024-06-21 05:00:00+01:00,1946.69
2024-06-21 06:00:00+01:00,2105.295
2024-06-21 07:00:00+01:00,2261.415
2024-06-21 08:00:00+01:00,2348.51
2024-06-21 09:00:00+01:00,2334.93
2024-06-21 10:00:00+01:00,2220.77
2024-06-21 11:00:00+01:00,2015.485
2024-06-21 12:00:00+01:00,1845.95
2024-06-21 13:00:00+01:00,1830.025
2024-06-21 14:00:00+01:00,1588.5
2024-06-21 15:00:00+01:00,1389.275
2024-06-21 16:00:00+01:00,1265.79
2024-06-21 17:00:00+01:00,1238.435
2024-06-21 18:00:00+01:00,1183.275
2024-06-21 19:00:00+01:00,1006.25
2024-06-21 20:00:00+01:00,960.935
2024-06-21 21:00:00+01:00,870.32
2024-06-21 22:00:00+01:00,772.31
2024-06-21 23:00:00+01:00,732.59
2024-06-22 00:00:00+01:00,689.095
2024-06-22 01:00:00+01:00,613.495
2024-06-22 02:00:00+01:00,546.52
2024-06-22 03:00:00+01:00,535.075
2024-06-22 04:00:00+01:00,507.3
2024-06-22 05:00:00+01:00,476.57
2024-06-22 06:00:00+01:00,474.14
2024-06-22 07:00:00+01:00,437.865
2024-06-22 08:00:00+01:00,443.385
2024-06-22 09:00:00+01:00,522.68
2024-06-22 10:00:00+01:00,676.005
2024-06-22 11:00:00+01:00,844.47
2024-06-22 12:00:00+01:00,951.285
2024-06-22 13:00:00+01:00,910.675
2024-06-22 14:00:00+01:00,879.205
2024-06-22 15:00:00+01:00,911.955
2024-06-22 16:00:00+01:00,929.795
2024-06-22 17:00:00+01:00,916.41
2024-06-22 18:00:00+01:00,852.17
2024-06-22 19:00:00+01:00,764.925
2024-06-22 20:00:00+01:00,650.935
2024-06-22 21:00:00+01:00,505.63
2024-06-22 22:00:00+01:00,353.515
2024-06-22 23:00:00+01:00,261.22
2024-06-23 00:00:00+01:00,179.415
2024-06-23 01:00:00+01:00,151.67
2024-06-23 02:00:00+01:00,98.555
2024-06-23 03:00:00+01:00,96.415
2024-06-23 04:00:00+01:00,95.545
2024-06-23 05:00:00+01:00,85.26
2024-06-23 06:00:00+01:00,74.935
2024-06-23 07:00:00+01:00,71.68
2024-06-23 08:00:00+01:00,57.78
2024-06-23 09:00:00+01:00,47.28
2024-06-23 10:00:00+01:00,49.275
2024-06-23 11:00:00+01:00,53.32
2024-06-23 12:00:00+01:00,65.66
2024-06-23 13:00:00+01:00,91.115
2024-06-23 14:00:00+01:00,144.175
2024-06-23 15:00:00+01:00,203.99
2024-06-23 16:00:00+01:00,241.06
2024-06-23 17:00:00+01:00,289.99
2024-06-23 18:00:00+01:00,317.31
2024-06-23 19:00:00+01:00,395.99
2024-06-23 20:00:00+01:00,410.88
2024-06-23 21:00:00+01:00,414.325
2024-06-23 22:00:00+01:00,410.945
2024-06-23 23:00:00+01:00,392.825
2024-06-24 00:00:00+01:00,405.245
2024-06-24 01:00:00+01:00,505.16
2024-06-24 02:00:00+01:00,491.91
2024-06-24 03:00:00+01:00,462.24
2024-06-24 04:00:00+01:00,458.765
2024-06-24 05:00:00+01:00,461.045
2024-06-24 06:00:00+01:00,494.285
2024-06-24 07:00:00+01:00,626.39
2024-06-24 08:00:00+01:00,627.47
2024-06-24 09:00:00+01:00,654.44
2024-06-24 10:00:00+01:00,741.885
2024-06-24 11:00:00+01:00,819.345
2024-06-24 12:00:00+01:00,855.915
2024-06-24 13:00:00+01:00,1013.06
2024-06-24 14:00:00+01:00,1056.805
2024-06-24 15:00:00+01:00,1018.87
2024-06-24 16:00:00+01:00,980.545
2024-06-24 17:00:00+01:00,1096.825
2024-06-24 18:00:00+01:00,1000.785
2024-06-24 19:00:00+01:00,979.13
2024-06-24 20:00:00+01:00,794.18
2024-06-24 21:00:00+01:00,597.355
2024-06-24 22:00:00+01:00,409.735
2024-06-24 23:00:00+01:00,290.155
2024-06-25 00:00:00+01:00,187.955
2024-06-25 01:00:00+01:00,160.505
2024-06-25 02:00:00+01:00,164.44
2024-06-25 03:00:00+01:00,240.31
2024-06-25 04:00:00+01:00,301.67
2024-06-25 05:00:00+01:00,302.265
2024-06-25 06:00:00+01:00,270.62
2024-06-25 07:00:00+01:00,230.965
2024-06-25 08:00:00+01:00,245.645
2024-06-25 09:00:00+01:00,248.77
2024-06-25 10:00:00+01:00,216.01
2024-06-25 11:00:00+01:00,181.27
2024-06-25 12:00:00+01:00,178.88
2024-06-25 13:00:00+01:00,230.86
2024-06-25 14:00:00+01:00,263.045
2024-06-25 15:00:00+01:00,310.265
2024-06-25 16:00:00+01:00,415.8
2024-06-25 17:00:00+01:00,515.935
2024-06-25 18:00:00+01:00,560.855
2024-06-25 19:00:00+01:00,429.02
2024-06-25 20:00:00+01:00,427.79
2024-06-25 21:00:00+01:00,380.9
2024-06-25 22:00:00+01:00,381.02
2024-06-25 23:00:00+01:00,342.235
2024-06-26 00:00:00+01:00,277.605
2024-06-26 01:00:00+01:00,217.945
2024-06-26 02:00:00+01:00,207.6
2024-06-26 03:00:00+01:00,162.66
2024-06-26 04:00:00+01:00,135.66
2024-06-26 05:00:00+01:00,119.88
2024-06-26 06:00:00+01:00,108.145
2024-06-26 07:00:00+01:00,110.305
2024-06-26 08:00:00+01:00,132.815
2024-06-26 09:00:00+01:00,211.375
2024-06-26 10:00:00+01:00,388.585
2024-06-26 11:00:00+01:00,678.23
2024-06-26 12:00:00+01:00,957.48
2024-06-26 13:00:00+01:00,1347.845
2024-06-26 14:00:00+01:00,1580.775
2024-06-26 15:00:00+01:00,1840.56
2024-06-26 16:00:00+01:00,2061.54
2024-06-26 17:00:00+01:00,2317.535
2024-06-26 18:00:00+01:00,2495.465
2024-06-26 19:00:00+01:00,2439.065
2024-06-26 20:00:00+01:00,2425.175
2024-06-26 21:00:00+01:00,2402.93
2024-06-26 22:00:00+01:00,2508.175
2024-06-26 23:00:00+01:00,2603.345
2024-06-27 00:00:00+01:00,2671.605
2024-06-27 01:00:00+01:00,2657.15
2024-06-27 02:00:00+01:00,2788.7
2024-06-27 03:00:00+01:00,2905.145
2024-06-27 04:00:00+01:00,3018.64
2024-06-27 05:00:00+01:00,3121.1
2024-06-27 06:00:00+01:00,3181.985
2024-06-27 07:00:00+01:00,3255.22
2024-06-27 08:00:00+01:00,3250.53
2024-06-27 09:00:00+01:00,3330.345
2024-06-27 10:00:00+01:00,3403.405
2024-06-27 11:00:00+01:00,3448.225
2024-06-27 12:00:00+01:00,3498.665
2024-06-27 13:00:00+01:00,3625.11
2024-06-27 14:00:00+01:00,3582.7
2024-06-27 15:00:00+01:00,3529.33
2024-06-27 16:00:00+01:00,3519.2
2024-06-27 17:00:00+01:00,3432.455
2024-06-27 18:00:00+01:00,3371.72
2024-06-27 19:00:00+01:00,3298.91
2024-06-27 20:00:00+01:00,3350.94
2024-06-27 21:00:00+01:00,3262.195
2024-06-27 22:00:00+01:00,3160.845
2024-06-27 23:00:00+01:00,2997.13
2024-06-28 00:00:00+01:00,2816.945
2024-06-28 01:00:00+01:00,2584.76
2024-06-28 02:00:00+01:00,2366.03
2024-06-28 03:00:00+01:00,2104.375
2024-06-28 04:00:00+01:00,1904.765
2024-06-28 05:00:00+01:00,1702.705
2024-06-28 06:00:00+01:00,1438.05
2024-06-28 07:00:00+01:00,1155.71
2024-06-28 08:00:00+01:00,1038.985
2024-06-28 09:00:00+01:00,1011.895
2024-06-28 10:00:00+01:00,974.595
2024-06-28 11:00:00+01:00,980.12
2024-06-28 12:00:00+01:00,996.03
2024-06-28 13:00:00+01:00,992.04
2024-06-28 14:00:00+01:00,912.51
2024-06-28 15:00:00+01:00,774.875
2024-06-28 16:00:00+01:00,708.375
2024-06-28 17:00:00+01:00,693.42
2024-06-28 18:00:00+01:00,652.22
2024-06-28 19:00:00+01:00,587.415
2024-06-28 20:00:00+01:00,479.235
2024-06-28 21:00:00+01:00,480.2
2024-06-28 22:00:00+01:00,518.65
2024-06-28 23:00:00+01:00,555.025
2024-06-29 00:00:00+01:00,590.9
2024-06-29 01:00:00+01:00,563.39
2024-06-29 02:00:00+01:00,532.03
2024-06-29 03:00:00+01:00,486.555
2024-06-29 04:00:00+01:00,404.255
2024-06-29 05:00:00+01:00,307.745
2024-06-29 06:00:00+01:00,255.18
2024-06-29 07:00:00+01:00,240.195
2024-06-29 08:00:00+01:00,214.46
2024-06-29 09:00:00+01:00,183.59
2024-06-29 10:00:00+01:00,183.015
2024-06-29 11:00:00+01:00,226.105
2024-06-29 12:00:00+01:00,309.615
2024-06-29 13:00:00+01:00,400.325
2024-06-29 14:00:00+01:00,588.14
2024-06-29 15:00:00+01:00,755.85
2024-06-29 16:00:00+01:00,869.47
2024-06-29 17:00:00+01:00,949.78
2024-06-29 18:00:00+01:00,1011.295
2024-06-29 19:00:00+01:00,1035.455
2024-06-29 20:00:00+01:00,1103.465
2024-06-29 21:00:00+01:00,1111.245
2024-06-29 22:00:00+01:00,1057.895
2024-06-29 23:00:00+01:00,966.085
2024-06-30 00:00:00+01:00,896.175
2024-06-30 01:00:00+01:00,815.23
2024-06-30 02:00:00+01:00,791.895
2024-06-30 03:00:00+01:00,720.715
2024-06-30 04:00:00+01:00,624.01
2024-06-30 05:00:00+01:00,588.975
2024-06-30 06:00:00+01:00,517.455
2024-06-30 07:00:00+01:00,493.625
2024-06-30 08:00:00+01:00,459.93
2024-06-30 09:00:00+01:00,505.53
2024-06-30 10:00:00+01:00,562.075
2024-06-30 11:00:00+01:00,536.585
2024-06-30 12:00:00+01:00,508.71
2024-06-30 13:00:00+01:00,585.43
2024-06-30 14:00:00+01:00,619.125
2024-06-30 15:00:00+01:00,653.135
2024-06-30 16:00:00+01:00,669.46
2024-06-30 17:00:00+01:00,656.32
2024-06-30 18:00:00+01:00,660.465
2024-06-30 19:00:00+01:00,859.525
2024-06-30 20:00:00+01:00,791.875
2024-06-30 21:00:00+01:00,715.56
2024-06-30 22:00:00+01:00,667.175
2024-06-30 23:00:00+01:00,580.57
2024-07-01 00:00:00+01:00,547.825
2024-07-01 01:00:00+01:00,783.38
2024-07-01 02:00:00+01:00,856.42
2024-07-01 03:00:00+01:00,879.445
2024-07-01 04:00:00+01:00,908.84
2024-07-01 05:00:00+01:00,903.305
2024-07-01 06:00:00+01:00,854.58
2024-07-01 07:00:00+01:00,930.47
2024-07-01 08:00:00+01:00,840.55
2024-07-01 09:00:00+01:00,811.62
2024-07-01 10:00:00+01:00,957.03
2024-07-01 11:00:00+01:00,1120.275
2024-07-01 12:00:00+01:00,1191.425
2024-07-01 13:00:00+01:00,1232.175
2024-07-01 14:00:00+01:00,1349.37
2024-07-01 15:00:00+01:00,1467.905
2024-07-01 16:00:00+01:00,1528.96
2024-07-01 17:00:00+01:00,1407.44
2024-07-01 18:00:00+01:00,1298.875
2024-07-01 19:00:00+01:00,1320.8
2024-07-01 20:00:00+01:00,1196.485
2024-07-01 21:00:00+01:00,1020.25
2024-07-01 22:00:00+01:00,837.23
2024-07-01 23:00:00+01:00,711.92
2024-07-02 00:00:00+01:00,632.655
2024-07-02 01:00:00+01:00,681.53
2024-07-02 02:00:00+01:00,690.91
2024-07-02 03:00:00+01:00,718.245
2024-07-02 04:00:00+01:00,725.255
2024-07-02 05:00:00+01:00,724.72
2024-07-02 06:00:00+01:00,642.865
2024-07-02 07:00:00+01:00,506.62
2024-07-02 08:00:00+01:00,353.565
2024-07-02 09:00:00+01:00,297.84
2024-07-02 10:00:00+01:00,259.935
2024-07-02 11:00:00+01:00,223.625
2024-07-02 12:00:00+01:00,311.09
2024-07-02 13:00:00+01:00,551.85
2024-07-02 14:00:00+01:00,713.98
2024-07-02 15:00:00+01:00,717.315
2024-07-02 16:00:00+01:00,754.63
2024-07-02 17:00:00+01:00,967.96
2024-07-02 18:00:00+01:00,1171.65
2024-07-02 19:00:00+01:00,1112.96
2024-07-02 20:00:00+01:00,1113.835
2024-07-02 21:00:00+01:00,1156.905
2024-07-02 22:00:00+01:00,1230.655
2024-07-02 23:00:00+01:00,1346.945
2024-07-03 00:00:00+01:00,1417.365
2024-07-03 01:00:00+01:00,1470.655
2024-07-03 02:00:00+01:00,1612.615
2024-07-03 03:00:00+01:00,1706.38
2024-07-03 04:00:00+01:00,1768.955
2024-07-03 05:00:00+01:00,1747.36
2024-07-03 06:00:00+01:00,1714.025
2024-07-03 07:00:00+01:00,1675.005
2024-07-03 08:00:00+01:00,1653.42
2024-07-03 09:00:00+01:00,1712.37
2024-07-03 10:00:00+01:00,1885.725
2024-07-03 11:00:00+01:00,2138.645
2024-07-03 12:00:00+01:00,2409.13
2024-07-03 13:00:00+01:00,2600.42
2024-07-03 14:00:00+01:00,2656.195
2024-07-03 15:00:00+01:00,2740.45
2024-07-03 16:00:00+01:00,2930.635
2024-07-03 17:00:00+01:00,3051.03
2024-07-03 18:00:00+01:00,3141.675
2024-07-03 19:00:00+01:00,3049.545
2024-07-03 20:00:00+01:00,2855.165
2024-07-03 21:00:00+01:00,2544.57
2024-07-03 22:00:00+01:00,2303.725
2024-07-03 23:00:00+01:00,2179.255
2024-07-04 00:00:00+01:00,2004.195
2024-07-04 01:00:00+01:00,1750.795
2024-07-04 02:00:00+01:00,1794.06
2024-07-04 03:00:00+01:00,1919.795
2024-07-04 04:00:00+01:00,2121.99
2024-07-04 05:00:00+01:00,2239.33
2024-07-04 06:00:00+01:00,2239.515
2024-07-04 07:00:00+01:00,2244.095
2024-07-04 08:00:00+01:00,2439.155
2024-07-04 09:00:00+01:00,2640.705
2024-07-04 10:00:00+01:00,2729.2
2024-07-04 11:00:00+01:00,2820.495
2024-07-04 12:00:00+01:00,2894.445
2024-07-04 13:00:00+01:00,2786.745
2024-07-04 14:00:00+01:00,2666.345
2024-07-04 15:00:00+01:00,2503.37
2024-07-04 16:00:00+01:00,2297.25
2024-07-04 17:00:00+01:00,2061.405
2024-07-04 18:00:00+01:00,1797.445
2024-07-04 19:00:00+01:00,1401.62
2024-07-04 20:00:00+01:00,1137.25
2024-07-04 21:00:00+01:00,875.61
2024-07-04 22:00:00+01:00,669.89
2024-07-04 23:00:00+01:00,558.72
2024-07-05 00:00:00+01:00,513.44
2024-07-05 01:00:00+01:00,587.545
2024-07-05 02:00:00+01:00,546.84
2024-07-05 03:00:00+01:00,446.335
2024-07-05 04:00:00+01:00,438.275
2024-07-05 05:00:00+01:00,420.665
2024-07-05 06:00:00+01:00,358.73
2024-07-05 07:00:00+01:00,342.015
2024-07-05 08:00:00+01:00,315.72
2024-07-05 09:00:00+01:00,336.63
2024-07-05 10:00:00+01:00,349.185
2024-07-05 11:00:00+01:00,357.67
2024-07-05 12:00:00+01:00,374.88
2024-07-05 13:00:00+01:00,337.82
2024-07-05 14:00:00+01:00,341.54
2024-07-05 15:00:00+01:00,387.03
2024-07-05 16:00:00+01:00,477.145
2024-07-05 17:00:00+01:00,557.185
2024-07-05 18:00:00+01:00,594.5
2024-07-05 19:00:00+01:00,581.86
2024-07-05 20:00:00+01:00,666.16
2024-07-05 21:00:00+01:00,699.04
2024-07-05 22:00:00+01:00,774.275
2024-07-05 23:00:00+01:00,865.17
2024-07-06 00:00:00+01:00,918.65
2024-07-06 01:00:00+01:00,972.175
2024-07-06 02:00:00+01:00,1001.34
2024-07-06 03:00:00+01:00,1040.915
2024-07-06 04:00:00+01:00,1021.36
2024-07-06 05:00:00+01:00,907.475
2024-07-06 06:00:00+01:00,782.66
2024-07-06 07:00:00+01:00,711.69
2024-07-06 08:00:00+01:00,707.705
2024-07-06 09:00:00+01:00,803.91
2024-07-06 10:00:00+01:00,990.48
2024-07-06 11:00:00+01:00,1260.565
2024-07-06 12:00:00+01:00,1521.61
2024-07-06 13:00:00+01:00,1623.97
2024-07-06 14:00:00+01:00,1683.365
2024-07-06 15:00:00+01:00,1662.425
2024-07-06 16:00:00+01:00,1652.45
2024-07-06 17:00:00+01:00,1519.575
2024-07-06 18:00:00+01:00,1366.765
2024-07-06 19:00:00+01:00,978.635
2024-07-06 20:00:00+01:00,761.81
2024-07-06 21:00:00+01:00,614.62
2024-07-06 22:00:00+01:00,505.3
2024-07-06 23:00:00+01:00,461.745
2024-07-07 00:00:00+01:00,430.8
2024-07-07 01:00:00+01:00,394.705
2024-07-07 02:00:00+01:00,323.93
2024-07-07 03:00:00+01:00,286.68
2024-07-07 04:00:00+01:00,277.71
2024-07-07 05:00:00+01:00,235.39
2024-07-07 06:00:00+01:00,183.525
2024-07-07 07:00:00+01:00,93.335
2024-07-07 08:00:00+01:00,77.94
2024-07-07 09:00:00+01:00,67.025
2024-07-07 10:00:00+01:00,56.28
2024-07-07 11:00:00+01:00,48.835
2024-07-07 12:00:00+01:00,61.125
2024-07-07 13:00:00+01:00,73.02
2024-07-07 14:00:00+01:00,122.11
2024-07-07 15:00:00+01:00,132.7
2024-07-07 16:00:00+01:00,148.44
2024-07-07 17:00:00+01:00,150.79
2024-07-07 18:00:00+01:00,150.165
2024-07-07 19:00:00+01:00,130.72
2024-07-07 20:00:00+01:00,111.95
2024-07-07 21:00:00+01:00,89.45
2024-07-07 22:00:00+01:00,75.85
2024-07-07 23:00:00+01:00,72.515
2024-07-08 00:00:00+01:00,56.83
2024-07-08 01:00:00+01:00,23.345
2024-07-08 02:00:00+01:00,22.7
2024-07-08 03:00:00+01:00,27.06
2024-07-08 04:00:00+01:00,28.655
2024-07-08 05:00:00+01:00,31.54
2024-07-08 06:00:00+01:00,41.37
2024-07-08 07:00:00+01:00,98.08
2024-07-08 08:00:00+01:00,122.11
2024-07-08 09:00:00+01:00,110.515
2024-07-08 10:00:00+01:00,135.87
2024-07-08 11:00:00+01:00,158.52
2024-07-08 12:00:00+01:00,203.315
2024-07-08 13:00:00+01:00,340.515
2024-07-08 14:00:00+01:00,425.16
2024-07-08 15:00:00+01:00,495.19
2024-07-08 16:00:00+01:00,519.25
2024-07-08 17:00:00+01:00,546.37
2024-07-08 18:00:00+01:00,597.855
2024-07-08 19:00:00+01:00,659.545
2024-07-08 20:00:00+01:00,700.535
2024-07-08 21:00:00+01:00,699.505
2024-07-08 22:00:00+01:00,706.16
2024-07-08 23:00:00+01:00,698.325
2024-07-09 00:00:00+01:00,713.74
2024-07-09 01:00:00+01:00,858.18
2024-07-09 02:00:00+01:00,860.1
2024-07-09 03:00:00+01:00,846.23
2024-07-09 04:00:00+01:00,830.445
2024-07-09 05:00:00+01:00,832.445
2024-07-09 06:00:00+01:00,843.495
2024-07-09 07:00:00+01:00,862.985
2024-07-09 08:00:00+01:00,796.705
2024-07-09 09:00:00+01:00,727.72
2024-07-09 10:00:00+01:00,730.49
2024-07-09 11:00:00+01:00,795.06
2024-07-09 12:00:00+01:00,853.995
2024-07-09 13:00:00+01:00,996.475
2024-07-09 14:00:00+01:00,1091.355
2024-07-09 15:00:00+01:00,1088.74
2024-07-09 16:00:00+01:00,1098.715
2024-07-09 17:00:00+01:00,1232.35
2024-07-09 18:00:00+01:00,1288.51
2024-07-09 19:00:00+01:00,1253.6
2024-07-09 20:00:00+01:00,1231.165
2024-07-09 21:00:00+01:00,1173.025
2024-07-09 22:00:00+01:00,1115.53
2024-07-09 23:00:00+01:00,1125.065
2024-07-10 00:00:00+01:00,1138.095
2024-07-10 01:00:00+01:00,1198.015
2024-07-10 02:00:00+01:00,1233.86
2024-07-10 03:00:00+01:00,1278.585
2024-07-10 04:00:00+01:00,1332.52
2024-07-10 05:00:00+01:00,1318.7
2024-07-10 06:00:00+01:00,1251.185
2024-07-10 07:00:00+01:00,1173.12
2024-07-10 08:00:00+01:00,1119.69
2024-07-10 09:00:00+01:00,1107.9
2024-07-10 10:00:00+01:00,1140.66
2024-07-10 11:00:00+01:00,1191.33
2024-07-10 12:00:00+01:00,1242.475
2024-07-10 13:00:00+01:00,1418.665
2024-07-10 14:00:00+01:00,1456.505
2024-07-10 15:00:00+01:00,1417.77
2024-07-10 16:00:00+01:00,1372.525
2024-07-10 17:00:00+01:00,1386.84
2024-07-10 18:00:00+01:00,1324.485
2024-07-10 19:00:00+01:00,1359.625
2024-07-10 20:00:00+01:00,1231.85
2024-07-10 21:00:00+01:00,1074.175
2024-07-10 22:00:00+01:00,979.14
2024-07-10 23:00:00+01:00,923.63
2024-07-11 00:00:00+01:00,880.95
2024-07-11 01:00:00+01:00,934.28
2024-07-11 02:00:00+01:00,923.88
2024-07-11 03:00:00+01:00,909.56
2024-07-11 04:00:00+01:00,949.37
2024-07-11 05:00:00+01:00,932.145
2024-07-11 06:00:00+01:00,861.465
2024-07-11 07:00:00+01:00,957.525
2024-07-11 08:00:00+01:00,1002.055
2024-07-11 09:00:00+01:00,1024.87
2024-07-11 10:00:00+01:00,1050.085
2024-07-11 11:00:00+01:00,1055.43
2024-07-11 12:00:00+01:00,1054.545
2024-07-11 13:00:00+01:00,1212.465
2024-07-11 14:00:00+01:00,1327.235
2024-07-11 15:00:00+01:00,1363.86
2024-07-11 16:00:00+01:00,1443.235
2024-07-11 17:00:00+01:00,1450.08
2024-07-11 18:00:00+01:00,1380.835
2024-07-11 19:00:00+01:00,1333.215
2024-07-11 20:00:00+01:00,1320.625
2024-07-11 21:00:00+01:00,1161.7
2024-07-11 22:00:00+01:00,967.295
2024-07-11 23:00:00+01:00,860.48
2024-07-12 00:00:00+01:00,863.47
2024-07-12 01:00:00+01:00,829.75
2024-07-12 02:00:00+01:00,813.775
2024-07-12 03:00:00+01:00,741.705
2024-07-12 04:00:00+01:00,644.05
2024-07-12 05:00:00+01:00,595.39
2024-07-12 06:00:00+01:00,564.975
2024-07-12 07:00:00+01:00,519.37
2024-07-12 08:00:00+01:00,539.62
2024-07-12 09:00:00+01:00,536.035
2024-07-12 10:00:00+01:00,450.885
2024-07-12 11:00:00+01:00,425.655
2024-07-12 12:00:00+01:00,448.82
2024-07-12 13:00:00+01:00,530.055
2024-07-12 14:00:00+01:00,537.21
2024-07-12 15:00:00+01:00,526.775
2024-07-12 16:00:00+01:00,565.9
2024-07-12 17:00:00+01:00,635.145
2024-07-12 18:00:00+01:00,686.48
2024-07-12 19:00:00+01:00,692.63
2024-07-12 20:00:00+01:00,592.565
2024-07-12 21:00:00+01:00,476.24
2024-07-12 22:00:00+01:00,370.06
2024-07-12 23:00:00+01:00,295.315
2024-07-13 00:00:00+01:00,255.26
2024-07-13 01:00:00+01:00,275.785
2024-07-13 02:00:00+01:00,221.86
2024-07-13 03:00:00+01:00,171.055
2024-07-13 04:00:00+01:00,151.715
2024-07-13 05:00:00+01:00,154.015
2024-07-13 06:00:00+01:00,166.75
2024-07-13 07:00:00+01:00,155.78
2024-07-13 08:00:00+01:00,124.23
2024-07-13 09:00:00+01:00,104.81
2024-07-13 10:00:00+01:00,85.575
2024-07-13 11:00:00+01:00,73.17
2024-07-13 12:00:00+01:00,79.105
2024-07-13 13:00:00+01:00,66.81
2024-07-13 14:00:00+01:00,70.7
2024-07-13 15:00:00+01:00,82.195
2024-07-13 16:00:00+01:00,85.86
2024-07-13 17:00:00+01:00,109.7
2024-07-13 18:00:00+01:00,130.685
2024-07-13 19:00:00+01:00,146.705
2024-07-13 20:00:00+01:00,150.82
2024-07-13 21:00:00+01:00,148.4
2024-07-13 22:00:00+01:00,135.975
2024-07-13 23:00:00+01:00,118.385
2024-07-14 00:00:00+01:00,98.28
2024-07-14 01:00:00+01:00,62.705
2024-07-14 02:00:00+01:00,30.35
2024-07-14 03:00:00+01:00,34.89
2024-07-14 04:00:00+01:00,36.255
2024-07-14 05:00:00+01:00,28.725
2024-07-14 06:00:00+01:00,23.63
2024-07-14 07:00:00+01:00,37.225
2024-07-14 08:00:00+01:00,31.38
2024-07-14 09:00:00+01:00,26.015
2024-07-14 10:00:00+01:00,25.48
2024-07-14 11:00:00+01:00,23.115
2024-07-14 12:00:00+01:00,21.395
2024-07-14 13:00:00+01:00,28.355
2024-07-14 14:00:00+01:00,41.295
2024-07-14 15:00:00+01:00,86.36
2024-07-14 16:00:00+01:00,133.49
2024-07-14 17:00:00+01:00,161.47
2024-07-14 18:00:00+01:00,158.79
2024-07-14 19:00:00+01:00,122.68
2024-07-14 20:00:00+01:00,127.27
2024-07-14 21:00:00+01:00,131.485
2024-07-14 22:00:00+01:00,141.105
2024-07-14 23:00:00+01:00,155.735
2024-07-15 00:00:00+01:00,182.855
2024-07-15 01:00:00+01:00,222.99
2024-07-15 02:00:00+01:00,274.095
2024-07-15 03:00:00+01:00,349.105
2024-07-15 04:00:00+01:00,351.15
2024-07-15 05:00:00+01:00,336.245
2024-07-15 06:00:00+01:00,341.5
2024-07-15 07:00:00+01:00,373.365
2024-07-15 08:00:00+01:00,381.43
2024-07-15 09:00:00+01:00,372.275
2024-07-15 10:00:00+01:00,368.425
2024-07-15 11:00:00+01:00,295.31
2024-07-15 12:00:00+01:00,229.21
2024-07-15 13:00:00+01:00,182.955
2024-07-15 14:00:00+01:00,127.815
2024-07-15 15:00:00+01:00,96.41
2024-07-15 16:00:00+01:00,72.965
2024-07-15 17:00:00+01:00,61.235
2024-07-15 18:00:00+01:00,57.975
2024-07-15 19:00:00+01:00,68.165
2024-07-15 20:00:00+01:00,61.275
2024-07-15 21:00:00+01:00,48.235
2024-07-15 22:00:00+01:00,58.98
2024-07-15 23:00:00+01:00,116.605
2024-07-16 00:00:00+01:00,200.955
2024-07-16 01:00:00+01:00,408.47
2024-07-16 02:00:00+01:00,541.245
2024-07-16 03:00:00+01:00,556.52
2024-07-16 04:00:00+01:00,574.97
2024-07-16 05:00:00+01:00,578.9
2024-07-16 06:00:00+01:00,505.48
2024-07-16 07:00:00+01:00,405.58
2024-07-16 08:00:00+01:00,369.38
2024-07-16 09:00:00+01:00,342.44
2024-07-16 10:00:00+01:00,353.315
2024-07-16 11:00:00+01:00,399.17
2024-07-16 12:00:00+01:00,457.23
2024-07-16 13:00:00+01:00,579.14
2024-07-16 14:00:00+01:00,610.505
2024-07-16 15:00:00+01:00,628.98
2024-07-16 16:00:00+01:00,622.295
2024-07-16 17:00:00+01:00,587.11
2024-07-16 18:00:00+01:00,562.665
2024-07-16 19:00:00+01:00,558.065
2024-07-16 20:00:00+01:00,515.445
2024-07-16 21:00:00+01:00,397.53
2024-07-16 22:00:00+01:00,348.09
2024-07-16 23:00:00+01:00,327.975
2024-07-17 00:00:00+01:00,305.27
2024-07-17 01:00:00+01:00,311.945
2024-07-17 02:00:00+01:00,324.195
2024-07-17 03:00:00+01:00,316.475
2024-07-17 04:00:00+01:00,311.07
2024-07-17 05:00:00+01:00,352.49
2024-07-17 06:00:00+01:00,418.845
2024-07-17 07:00:00+01:00,482.445
2024-07-17 08:00:00+01:00,541.775
2024-07-17 09:00:00+01:00,656.285
2024-07-17 10:00:00+01:00,832.86
2024-07-17 11:00:00+01:00,981.825
2024-07-17 12:00:00+01:00,1107.04
2024-07-17 13:00:00+01:00,1221.695
2024-07-17 14:00:00+01:00,1316.53
2024-07-17 15:00:00+01:00,1403.57
2024-07-17 16:00:00+01:00,1475.54
2024-07-17 17:00:00+01:00,1478.815
2024-07-17 18:00:00+01:00,1407.285
2024-07-17 19:00:00+01:00,1328.59
2024-07-17 20:00:00+01:00,1364.54
2024-07-17 21:00:00+01:00,1316.22
2024-07-17 22:00:00+01:00,1332.32
2024-07-17 23:00:00+01:00,1408.105
2024-07-18 00:00:00+01:00,1510.095
2024-07-18 01:00:00+01:00,1571.505
2024-07-18 02:00:00+01:00,1615.0
2024-07-18 03:00:00+01:00,1582.45
2024-07-18 04:00:00+01:00,1469.65
2024-07-18 05:00:00+01:00,1326.325
2024-07-18 06:00:00+01:00,1183.465
2024-07-18 07:00:00+01:00,920.82
2024-07-18 08:00:00+01:00,727.375
2024-07-18 09:00:00+01:00,566.66
2024-07-18 10:00:00+01:00,459.895
2024-07-18 11:00:00+01:00,410.875
2024-07-18 12:00:00+01:00,365.455
2024-07-18 13:00:00+01:00,274.635
2024-07-18 14:00:00+01:00,223.53
2024-07-18 15:00:00+01:00,171.69
2024-07-18 16:00:00+01:00,134.205
2024-07-18 17:00:00+01:00,112.875
2024-07-18 18:00:00+01:00,91.87
2024-07-18 19:00:00+01:00,77.545
2024-07-18 20:00:00+01:00,80.81
2024-07-18 21:00:00+01:00,67.56
2024-07-18 22:00:00+01:00,67.35
2024-07-18 23:00:00+01:00,108.78
2024-07-19 00:00:00+01:00,147.775
2024-07-19 01:00:00+01:00,308.4
2024-07-19 02:00:00+01:00,384.835
2024-07-19 03:00:00+01:00,493.575
2024-07-19 04:00:00+01:00,638.565
2024-07-19 05:00:00+01:00,740.945
2024-07-19 06:00:00+01:00,848.365
2024-07-19 07:00:00+01:00,1104.4
2024-07-19 08:00:00+01:00,1216.805
2024-07-19 09:00:00+01:00,1333.835
2024-07-19 10:00:00+01:00,1431.66
2024-07-19 11:00:00+01:00,1535.055
2024-07-19 12:00:00+01:00,1516.685
2024-07-19 13:00:00+01:00,1779.435
2024-07-19 14:00:00+01:00,1689.285
2024-07-19 15:00:00+01:00,1572.465
2024-07-19 16:00:00+01:00,1460.005
2024-07-19 17:00:00+01:00,1370.57
2024-07-19 18:00:00+01:00,1248.355
2024-07-19 19:00:00+01:00,1184.81
2024-07-19 20:00:00+01:00,1043.63
2024-07-19 21:00:00+01:00,941.145
2024-07-19 22:00:00+01:00,873.78
2024-07-19 23:00:00+01:00,836.59
2024-07-20 00:00:00+01:00,816.1
2024-07-20 01:00:00+01:00,897.205
2024-07-20 02:00:00+01:00,843.17
2024-07-20 03:00:00+01:00,770.2
2024-07-20 04:00:00+01:00,674.01
2024-07-20 05:00:00+01:00,530.525
2024-07-20 06:00:00+01:00,375.61
2024-07-20 07:00:00+01:00,302.995
2024-07-20 08:00:00+01:00,294.475
2024-07-20 09:00:00+01:00,411.86
2024-07-20 10:00:00+01:00,651.305
2024-07-20 11:00:00+01:00,914.955
2024-07-20 12:00:00+01:00,1070.205
2024-07-20 13:00:00+01:00,1289.88
2024-07-20 14:00:00+01:00,1319.83
2024-07-20 15:00:00+01:00,1326.775
2024-07-20 16:00:00+01:00,1350.275
2024-07-20 17:00:00+01:00,1274.925
2024-07-20 18:00:00+01:00,1209.045
2024-07-20 19:00:00+01:00,1160.975
2024-07-20 20:00:00+01:00,1042.275
2024-07-20 21:00:00+01:00,936.735
2024-07-20 22:00:00+01:00,824.025
2024-07-20 23:00:00+01:00,774.54
2024-07-21 00:00:00+01:00,756.85
2024-07-21 01:00:00+01:00,785.63
2024-07-21 02:00:00+01:00,750.61
2024-07-21 03:00:00+01:00,765.54
2024-07-21 04:00:00+01:00,736.36
2024-07-21 05:00:00+01:00,695.625
2024-07-21 06:00:00+01:00,639.725
2024-07-21 07:00:00+01:00,542.285
2024-07-21 08:00:00+01:00,451.89
2024-07-21 09:00:00+01:00,451.96
2024-07-21 10:00:00+01:00,507.31
2024-07-21 11:00:00+01:00,638.7
2024-07-21 12:00:00+01:00,761.655
2024-07-21 13:00:00+01:00,820.625
2024-07-21 14:00:00+01:00,949.82
2024-07-21 15:00:00+01:00,1075.53
2024-07-21 16:00:00+01:00,1169.12
2024-07-21 17:00:00+01:00,1198.415
2024-07-21 18:00:00+01:00,1215.38
2024-07-21 19:00:00+01:00,1254.115
2024-07-21 20:00:00+01:00,1286.085
2024-07-21 21:00:00+01:00,1265.065
2024-07-21 22:00:00+01:00,1166.83
2024-07-21 23:00:00+01:00,1040.475
2024-07-22 00:00:00+01:00,953.365
2024-07-22 01:00:00+01:00,769.89
2024-07-22 02:00:00+01:00,761.355
2024-07-22 03:00:00+01:00,775.17
2024-07-22 04:00:00+01:00,760.86
2024-07-22 05:00:00+01:00,689.195
2024-07-22 06:00:00+01:00,616.25
2024-07-22 07:00:00+01:00,498.68
2024-07-22 08:00:00+01:00,386.98
2024-07-22 09:00:00+01:00,296.005
2024-07-22 10:00:00+01:00,256.73
2024-07-22 11:00:00+01:00,240.805
2024-07-22 12:00:00+01:00,263.675
2024-07-22 13:00:00+01:00,282.595
2024-07-22 14:00:00+01:00,340.63
2024-07-22 15:00:00+01:00,437.42
2024-07-22 16:00:00+01:00,586.805
2024-07-22 17:00:00+01:00,707.815
2024-07-22 18:00:00+01:00,827.175
2024-07-22 19:00:00+01:00,912.185
2024-07-22 20:00:00+01:00,870.525
2024-07-22 21:00:00+01:00,794.905
2024-07-22 22:00:00+01:00,763.89
2024-07-22 23:00:00+01:00,752.33
2024-07-23 00:00:00+01:00,733.0
2024-07-23 01:00:00+01:00,786.785
2024-07-23 02:00:00+01:00,703.305
2024-07-23 03:00:00+01:00,583.9
2024-07-23 04:00:00+01:00,472.525
2024-07-23 05:00:00+01:00,360.175
2024-07-23 06:00:00+01:00,268.82
2024-07-23 07:00:00+01:00,176.305
2024-07-23 08:00:00+01:00,114.615
2024-07-23 09:00:00+01:00,78.625
2024-07-23 10:00:00+01:00,54.39
2024-07-23 11:00:00+01:00,35.975
2024-07-23 12:00:00+01:00,27.095
2024-07-23 13:00:00+01:00,28.32
2024-07-23 14:00:00+01:00,23.31
2024-07-23 15:00:00+01:00,16.41
2024-07-23 16:00:00+01:00,15.335
2024-07-23 17:00:00+01:00,20.14
2024-07-23 18:00:00+01:00,43.335
2024-07-23 19:00:00+01:00,95.905
2024-07-23 20:00:00+01:00,121.195
2024-07-23 21:00:00+01:00,157.305
2024-07-23 22:00:00+01:00,192.77
2024-07-23 23:00:00+01:00,215.865
2024-07-24 00:00:00+01:00,229.17
2024-07-24 01:00:00+01:00,285.12
2024-07-24 02:00:00+01:00,297.71
2024-07-24 03:00:00+01:00,309.3
2024-07-24 04:00:00+01:00,359.5
2024-07-24 05:00:00+01:00,466.635
2024-07-24 06:00:00+01:00,598.07
2024-07-24 07:00:00+01:00,858.4
2024-07-24 08:00:00+01:00,988.33
2024-07-24 09:00:00+01:00,1107.435
2024-07-24 10:00:00+01:00,1232.23
2024-07-24 11:00:00+01:00,1302.455
2024-07-24 12:00:00+01:00,1347.32
2024-07-24 13:00:00+01:00,1312.775
2024-07-24 14:00:00+01:00,1433.995
2024-07-24 15:00:00+01:00,1502.46
2024-07-24 16:00:00+01:00,1591.515
2024-07-24 17:00:00+01:00,1618.715
2024-07-24 18:00:00+01:00,1587.86
2024-07-24 19:00:00+01:00,1247.985
2024-07-24 20:00:00+01:00,1171.9
2024-07-24 21:00:00+01:00,1040.09
2024-07-24 22:00:00+01:00,954.39
2024-07-24 23:00:00+01:00,932.14
2024-07-25 00:00:00+01:00,878.88
2024-07-25 01:00:00+01:00,808.76
2024-07-25 02:00:00+01:00,694.61
2024-07-25 03:00:00+01:00,624.675
2024-07-25 04:00:00+01:00,580.775
2024-07-25 05:00:00+01:00,569.53
2024-07-25 06:00:00+01:00,624.16
2024-07-25 07:00:00+01:00,690.045
2024-07-25 08:00:00+01:00,678.915
2024-07-25 09:00:00+01:00,708.76
2024-07-25 10:00:00+01:00,838.755
2024-07-25 11:00:00+01:00,944.585
2024-07-25 12:00:00+01:00,1045.405
2024-07-25 13:00:00+01:00,1330.67
2024-07-25 14:00:00+01:00,1541.71
2024-07-25 15:00:00+01:00,1764.355
2024-07-25 16:00:00+01:00,1815.635
2024-07-25 17:00:00+01:00,1827.89
2024-07-25 18:00:00+01:00,1743.935
2024-07-25 19:00:00+01:00,1652.12
2024-07-25 20:00:00+01:00,1507.3
2024-07-25 21:00:00+01:00,1277.39
2024-07-25 22:00:00+01:00,1153.29
2024-07-25 23:00:00+01:00,1081.99
2024-07-26 00:00:00+01:00,975.065
2024-07-26 01:00:00+01:00,963.9
2024-07-26 02:00:00+01:00,956.275
2024-07-26 03:00:00+01:00,966.93
2024-07-26 04:00:00+01:00,926.845
2024-07-26 05:00:00+01:00,835.125
2024-07-26 06:00:00+01:00,745.87
2024-07-26 07:00:00+01:00,654.285
2024-07-26 08:00:00+01:00,622.08
2024-07-26 09:00:00+01:00,664.145
2024-07-26 10:00:00+01:00,725.905
2024-07-26 11:00:00+01:00,823.625
2024-07-26 12:00:00+01:00,900.205
2024-07-26 13:00:00+01:00,1005.9
2024-07-26 14:00:00+01:00,1015.26
2024-07-26 15:00:00+01:00,1032.725
2024-07-26 16:00:00+01:00,1102.19
2024-07-26 17:00:00+01:00,1132.05
2024-07-26 18:00:00+01:00,1085.3
2024-07-26 19:00:00+01:00,951.83
2024-07-26 20:00:00+01:00,855.91
2024-07-26 21:00:00+01:00,816.99
2024-07-26 22:00:00+01:00,818.16
2024-07-26 23:00:00+01:00,841.4
2024-07-27 00:00:00+01:00,848.595
2024-07-27 01:00:00+01:00,865.055
2024-07-27 02:00:00+01:00,878.985
2024-07-27 03:00:00+01:00,877.2
2024-07-27 04:00:00+01:00,798.61
2024-07-27 05:00:00+01:00,707.255
2024-07-27 06:00:00+01:00,621.775
2024-07-27 07:00:00+01:00,565.22
2024-07-27 08:00:00+01:00,474.655
2024-07-27 09:00:00+01:00,412.59
2024-07-27 10:00:00+01:00,352.445
2024-07-27 11:00:00+01:00,354.89
2024-07-27 12:00:00+01:00,359.625
2024-07-27 13:00:00+01:00,393.475
2024-07-27 14:00:00+01:00,471.395
2024-07-27 15:00:00+01:00,540.12
2024-07-27 16:00:00+01:00,554.42
2024-07-27 17:00:00+01:00,554.79
2024-07-27 18:00:00+01:00,519.13
2024-07-27 19:00:00+01:00,514.585
2024-07-27 20:00:00+01:00,488.04
2024-07-27 21:00:00+01:00,431.1
2024-07-27 22:00:00+01:00,314.25
2024-07-27 23:00:00+01:00,217.37
2024-07-28 00:00:00+01:00,119.365
2024-07-28 01:00:00+01:00,105.85
2024-07-28 02:00:00+01:00,65.58
2024-07-28 03:00:00+01:00,48.905
2024-07-28 04:00:00+01:00,24.7
2024-07-28 05:00:00+01:00,18.075
2024-07-28 06:00:00+01:00,18.635
2024-07-28 07:00:00+01:00,28.285
2024-07-28 08:00:00+01:00,33.105
2024-07-28 09:00:00+01:00,47.15
2024-07-28 10:00:00+01:00,107.455
2024-07-28 11:00:00+01:00,220.7
2024-07-28 12:00:00+01:00,310.98
2024-07-28 13:00:00+01:00,437.42
2024-07-28 14:00:00+01:00,538.305
2024-07-28 15:00:00+01:00,671.485
2024-07-28 16:00:00+01:00,740.44
2024-07-28 17:00:00+01:00,746.395
2024-07-28 18:00:00+01:00,704.94
2024-07-28 19:00:00+01:00,658.69
2024-07-28 20:00:00+01:00,624.12
2024-07-28 21:00:00+01:00,647.185
2024-07-28 22:00:00+01:00,669.105
2024-07-28 23:00:00+01:00,687.64
2024-07-29 00:00:00+01:00,679.82
2024-07-29 01:00:00+01:00,660.73
2024-07-29 02:00:00+01:00,607.545
2024-07-29 03:00:00+01:00,575.935
2024-07-29 04:00:00+01:00,553.425
2024-07-29 05:00:00+01:00,557.18
2024-07-29 06:00:00+01:00,596.6
2024-07-29 07:00:00+01:00,732.555
2024-07-29 08:00:00+01:00,708.115
2024-07-29 09:00:00+01:00,711.43
2024-07-29 10:00:00+01:00,749.58
2024-07-29 11:00:00+01:00,796.25
2024-07-29 12:00:00+01:00,827.63
2024-07-29 13:00:00+01:00,931.87
2024-07-29 14:00:00+01:00,924.335
2024-07-29 15:00:00+01:00,873.61
2024-07-29 16:00:00+01:00,774.825
2024-07-29 17:00:00+01:00,656.92
2024-07-29 18:00:00+01:00,522.735
2024-07-29 19:00:00+01:00,369.69
2024-07-29 20:00:00+01:00,266.295
2024-07-29 21:00:00+01:00,226.81
2024-07-29 22:00:00+01:00,196.615
2024-07-29 23:00:00+01:00,180.61
2024-07-30 00:00:00+01:00,168.42
2024-07-30 01:00:00+01:00,182.58
2024-07-30 02:00:00+01:00,150.255
2024-07-30 03:00:00+01:00,118.8
2024-07-30 04:00:00+01:00,119.685
2024-07-30 05:00:00+01:00,118.085
2024-07-30 06:00:00+01:00,98.15
2024-07-30 07:00:00+01:00,63.12
2024-07-30 08:00:00+01:00,48.945
2024-07-30 09:00:00+01:00,34.8
2024-07-30 10:00:00+01:00,28.305
2024-07-30 11:00:00+01:00,29.365
2024-07-30 12:00:00+01:00,32.955
2024-07-30 13:00:00+01:00,35.92
2024-07-30 14:00:00+01:00,34.205
2024-07-30 15:00:00+01:00,31.99
2024-07-30 16:00:00+01:00,30.495
2024-07-30 17:00:00+01:00,34.135
2024-07-30 18:00:00+01:00,36.9
2024-07-30 19:00:00+01:00,37.845
2024-07-30 20:00:00+01:00,38.005
2024-07-30 21:00:00+01:00,47.69
2024-07-30 22:00:00+01:00,73.805
2024-07-30 23:00:00+01:00,72.975
2024-07-31 00:00:00+01:00,83.115
2024-07-31 01:00:00+01:00,105.74
2024-07-31 02:00:00+01:00,74.11
2024-07-31 03:00:00+01:00,68.265
2024-07-31 04:00:00+01:00,61.065
2024-07-31 05:00:00+01:00,67.45
2024-07-31 06:00:00+01:00,71.445
2024-07-31 07:00:00+01:00,59.705
2024-07-31 08:00:00+01:00,52.065
2024-07-31 09:00:00+01:00,40.23
2024-07-31 10:00:00+01:00,37.65
2024-07-31 11:00:00+01:00,41.155
2024-07-31 12:00:00+01:00,42.845
2024-07-31 13:00:00+01:00,53.605
2024-07-31 14:00:00+01:00,66.44
2024-07-31 15:00:00+01:00,64.475
2024-07-31 16:00:00+01:00,70.495
2024-07-31 17:00:00+01:00,113.3
2024-07-31 18:00:00+01:00,152.575
2024-07-31 19:00:00+01:00,172.835
2024-07-31 20:00:00+01:00,161.375
2024-07-31 21:00:00+01:00,158.615
2024-07-31 22:00:00+01:00,173.395
2024-07-31 23:00:00+01:00,198.04
2024-08-01 00:00:00+01:00,246.26
2024-08-01 01:00:00+01:00,284.815
2024-08-01 02:00:00+01:00,281.95
2024-08-01 03:00:00+01:00,284.545
2024-08-01 04:00:00+01:00,275.375
2024-08-01 05:00:00+01:00,255.435
2024-08-01 06:00:00+01:00,268.525
2024-08-01 07:00:00+01:00,308.1
2024-08-01 08:00:00+01:00,309.41
2024-08-01 09:00:00+01:00,307.355
2024-08-01 10:00:00+01:00,326.425
2024-08-01 11:00:00+01:00,369.46
2024-08-01 12:00:00+01:00,449.855
2024-08-01 13:00:00+01:00,592.175
2024-08-01 14:00:00+01:00,673.595
2024-08-01 15:00:00+01:00,729.315
2024-08-01 16:00:00+01:00,771.69
2024-08-01 17:00:00+01:00,794.63
2024-08-01 18:00:00+01:00,770.575
2024-08-01 19:00:00+01:00,783.925
2024-08-01 20:00:00+01:00,803.88
2024-08-01 21:00:00+01:00,859.5
2024-08-01 22:00:00+01:00,981.225
2024-08-01 23:00:00+01:00,1114.445
2024-08-02 00:00:00+01:00,1236.155
2024-08-02 01:00:00+01:00,1345.68
2024-08-02 02:00:00+01:00,1466.595
2024-08-02 03:00:00+01:00,1595.155
2024-08-02 04:00:00+01:00,1753.185
2024-08-02 05:00:00+01:00,1903.25
2024-08-02 06:00:00+01:00,2019.145
2024-08-02 07:00:00+01:00,2297.115
2024-08-02 08:00:00+01:00,2410.94
2024-08-02 09:00:00+01:00,2472.98
2024-08-02 10:00:00+01:00,2509.965
2024-08-02 11:00:00+01:00,2450.31
2024-08-02 12:00:00+01:00,2281.54
2024-08-02 13:00:00+01:00,1959.99
2024-08-02 14:00:00+01:00,1591.095
2024-08-02 15:00:00+01:00,1413.74
2024-08-02 16:00:00+01:00,1333.58
2024-08-02 17:00:00+01:00,1229.225
2024-08-02 18:00:00+01:00,1170.86
2024-08-02 19:00:00+01:00,1142.205
2024-08-02 20:00:00+01:00,1070.68
2024-08-02 21:00:00+01:00,964.155
2024-08-02 22:00:00+01:00,870.135
2024-08-02 23:00:00+01:00,791.61
2024-08-03 00:00:00+01:00,741.87
2024-08-03 01:00:00+01:00,726.975
2024-08-03 02:00:00+01:00,730.01
2024-08-03 03:00:00+01:00,751.485
2024-08-03 04:00:00+01:00,774.6
2024-08-03 05:00:00+01:00,784.59
2024-08-03 06:00:00+01:00,825.005
2024-08-03 07:00:00+01:00,788.16
2024-08-03 08:00:00+01:00,768.835
2024-08-03 09:00:00+01:00,788.715
2024-08-03 10:00:00+01:00,884.68
2024-08-03 11:00:00+01:00,997.985
2024-08-03 12:00:00+01:00,1124.685
2024-08-03 13:00:00+01:00,1438.395
2024-08-03 14:00:00+01:00,1527.295
2024-08-03 15:00:00+01:00,1530.86
2024-08-03 16:00:00+01:00,1491.135
2024-08-03 17:00:00+01:00,1362.98
2024-08-03 18:00:00+01:00,1223.35
2024-08-03 19:00:00+01:00,1103.65
2024-08-03 20:00:00+01:00,918.62
2024-08-03 21:00:00+01:00,738.84
2024-08-03 22:00:00+01:00,722.025
2024-08-03 23:00:00+01:00,837.565
2024-08-04 00:00:00+01:00,867.115
2024-08-04 01:00:00+01:00,977.275
2024-08-04 02:00:00+01:00,967.045
2024-08-04 03:00:00+01:00,981.81
2024-08-04 04:00:00+01:00,1077.085
2024-08-04 05:00:00+01:00,1197.965
2024-08-04 06:00:00+01:00,1374.505
2024-08-04 07:00:00+01:00,1773.49
2024-08-04 08:00:00+01:00,1928.685
2024-08-04 09:00:00+01:00,2099.17
2024-08-04 10:00:00+01:00,2342.085
2024-08-04 11:00:00+01:00,2544.485
2024-08-04 12:00:00+01:00,2667.39
2024-08-04 13:00:00+01:00,2961.0
2024-08-04 14:00:00+01:00,3086.26
2024-08-04 15:00:00+01:00,3165.365
2024-08-04 16:00:00+01:00,3123.825
2024-08-04 17:00:00+01:00,3028.855
2024-08-04 18:00:00+01:00,2860.595
2024-08-04 19:00:00+01:00,2908.73
2024-08-04 20:00:00+01:00,2842.175
2024-08-04 21:00:00+01:00,2770.88
2024-08-04 22:00:00+01:00,2695.6
2024-08-04 23:00:00+01:00,2649.475
2024-08-05 00:00:00+01:00,2615.1
2024-08-05 01:00:00+01:00,2621.785
2024-08-05 02:00:00+01:00,2562.585
2024-08-05 03:00:00+01:00,2536.54
2024-08-05 04:00:00+01:00,2595.385
2024-08-05 05:00:00+01:00,2686.455
2024-08-05 06:00:00+01:00,2726.37
2024-08-05 07:00:00+01:00,2675.76
2024-08-05 08:00:00+01:00,2300.46
2024-08-05 09:00:00+01:00,1758.395
2024-08-05 10:00:00+01:00,1307.24
2024-08-05 11:00:00+01:00,971.855
2024-08-05 12:00:00+01:00,802.13
2024-08-05 13:00:00+01:00,723.855
2024-08-05 14:00:00+01:00,732.195
2024-08-05 15:00:00+01:00,662.905
2024-08-05 16:00:00+01:00,657.26
2024-08-05 17:00:00+01:00,775.04
2024-08-05 18:00:00+01:00,831.135
2024-08-05 19:00:00+01:00,729.525
2024-08-05 20:00:00+01:00,791.945
2024-08-05 21:00:00+01:00,885.195
2024-08-05 22:00:00+01:00,965.455
2024-08-05 23:00:00+01:00,1059.525
2024-08-06 00:00:00+01:00,1151.885
2024-08-06 01:00:00+01:00,1169.785
2024-08-06 02:00:00+01:00,1210.55
2024-08-06 03:00:00+01:00,1241.34
2024-08-06 04:00:00+01:00,1243.645
2024-08-06 05:00:00+01:00,1233.55
2024-08-06 06:00:00+01:00,1261.435
2024-08-06 07:00:00+01:00,1382.43
2024-08-06 08:00:00+01:00,1478.625
2024-08-06 09:00:00+01:00,1683.45
2024-08-06 10:00:00+01:00,1937.175
2024-08-06 11:00:00+01:00,2185.955
2024-08-06 12:00:00+01:00,2294.795
2024-08-06 13:00:00+01:00,2328.83
2024-08-06 14:00:00+01:00,2399.45
2024-08-06 15:00:00+01:00,2426.83
2024-08-06 16:00:00+01:00,2359.05
2024-08-06 17:00:00+01:00,2228.385
2024-08-06 18:00:00+01:00,2045.415
2024-08-06 19:00:00+01:00,1759.165
2024-08-06 20:00:00+01:00,1575.45
2024-08-06 21:00:00+01:00,1467.76
2024-08-06 22:00:00+01:00,1483.27
2024-08-06 23:00:00+01:00,1537.255
2024-08-07 00:00:00+01:00,1650.895
2024-08-07 01:00:00+01:00,1876.65
2024-08-07 02:00:00+01:00,1993.015
2024-08-07 03:00:00+01:00,2065.99
2024-08-07 04:00:00+01:00,2113.26
2024-08-07 05:00:00+01:00,2144.865
2024-08-07 06:00:00+01:00,2138.185
2024-08-07 07:00:00+01:00,2212.45
2024-08-07 08:00:00+01:00,2193.605
2024-08-07 09:00:00+01:00,2211.55
2024-08-07 10:00:00+01:00,2254.73
2024-08-07 11:00:00+01:00,2399.04
2024-08-07 12:00:00+01:00,2464.655
2024-08-07 13:00:00+01:00,2294.125
2024-08-07 14:00:00+01:00,2185.465
2024-08-07 15:00:00+01:00,2044.025
2024-08-07 16:00:00+01:00,1905.735
2024-08-07 17:00:00+01:00,1731.315
2024-08-07 18:00:00+01:00,1529.06
2024-08-07 19:00:00+01:00,1178.275
2024-08-07 20:00:00+01:00,969.635
2024-08-07 21:00:00+01:00,802.055
2024-08-07 22:00:00+01:00,719.625
2024-08-07 23:00:00+01:00,677.255
2024-08-08 00:00:00+01:00,663.335
2024-08-08 01:00:00+01:00,589.64
2024-08-08 02:00:00+01:00,511.635
2024-08-08 03:00:00+01:00,447.765
2024-08-08 04:00:00+01:00,449.16
2024-08-08 05:00:00+01:00,492.255
2024-08-08 06:00:00+01:00,548.055
2024-08-08 07:00:00+01:00,511.905
2024-08-08 08:00:00+01:00,588.365
2024-08-08 09:00:00+01:00,722.255
2024-08-08 10:00:00+01:00,887.415
2024-08-08 11:00:00+01:00,1077.29
2024-08-08 12:00:00+01:00,1222.04
2024-08-08 13:00:00+01:00,1330.735
2024-08-08 14:00:00+01:00,1656.495
2024-08-08 15:00:00+01:00,1906.34
2024-08-08 16:00:00+01:00,2067.305
2024-08-08 17:00:00+01:00,2166.325
2024-08-08 18:00:00+01:00,2192.425
2024-08-08 19:00:00+01:00,2225.855
2024-08-08 20:00:00+01:00,2160.085
2024-08-08 21:00:00+01:00,2033.405
2024-08-08 22:00:00+01:00,2026.84
2024-08-08 23:00:00+01:00,1981.28
2024-08-09 00:00:00+01:00,1978.42
2024-08-09 01:00:00+01:00,1908.165
2024-08-09 02:00:00+01:00,1942.555
2024-08-09 03:00:00+01:00,1943.185
2024-08-09 04:00:00+01:00,1961.32
2024-08-09 05:00:00+01:00,2040.85
2024-08-09 06:00:00+01:00,2003.545
2024-08-09 07:00:00+01:00,1996.81
2024-08-09 08:00:00+01:00,1960.12
2024-08-09 09:00:00+01:00,1946.385
2024-08-09 10:00:00+01:00,1967.055
2024-08-09 11:00:00+01:00,2043.03
2024-08-09 12:00:00+01:00,2106.06
2024-08-09 13:00:00+01:00,2176.27
2024-08-09 14:00:00+01:00,2194.755
2024-08-09 15:00:00+01:00,2257.56
2024-08-09 16:00:00+01:00,2287.86
2024-08-09 17:00:00+01:00,2187.415
2024-08-09 18:00:00+01:00,2015.175
2024-08-09 19:00:00+01:00,1786.505
2024-08-09 20:00:00+01:00,1608.525
2024-08-09 21:00:00+01:00,1489.645
2024-08-09 22:00:00+01:00,1450.44
2024-08-09 23:00:00+01:00,1424.775
2024-08-10 00:00:00+01:00,1392.505
2024-08-10 01:00:00+01:00,1353.14
2024-08-10 02:00:00+01:00,1228.21
2024-08-10 03:00:00+01:00,1095.865
2024-08-10 04:00:00+01:00,953.37
2024-08-10 05:00:00+01:00,875.36
2024-08-10 06:00:00+01:00,854.825
2024-08-10 07:00:00+01:00,813.95
2024-08-10 08:00:00+01:00,792.795
2024-08-10 09:00:00+01:00,806.19
2024-08-10 10:00:00+01:00,814.765
2024-08-10 11:00:00+01:00,855.755
2024-08-10 12:00:00+01:00,857.59
2024-08-10 13:00:00+01:00,779.155
2024-08-10 14:00:00+01:00,754.095
2024-08-10 15:00:00+01:00,704.815
2024-08-10 16:00:00+01:00,610.145
2024-08-10 17:00:00+01:00,493.815
2024-08-10 18:00:00+01:00,356.83
2024-08-10 19:00:00+01:00,224.335
2024-08-10 20:00:00+01:00,130.06
2024-08-10 21:00:00+01:00,77.525
2024-08-10 22:00:00+01:00,101.46
2024-08-10 23:00:00+01:00,103.81
2024-08-11 00:00:00+01:00,69.505
2024-08-11 01:00:00+01:00,76.37
2024-08-11 02:00:00+01:00,112.09
2024-08-11 03:00:00+01:00,199.57
2024-08-11 04:00:00+01:00,320.385
2024-08-11 05:00:00+01:00,529.505
2024-08-11 06:00:00+01:00,714.065
2024-08-11 07:00:00+01:00,1003.555
2024-08-11 08:00:00+01:00,1145.985
2024-08-11 09:00:00+01:00,1307.025
2024-08-11 10:00:00+01:00,1602.655
2024-08-11 11:00:00+01:00,1886.515
2024-08-11 12:00:00+01:00,1951.74
2024-08-11 13:00:00+01:00,1953.16
2024-08-11 14:00:00+01:00,2022.33
2024-08-11 15:00:00+01:00,2216.03
2024-08-11 16:00:00+01:00,2379.56
2024-08-11 17:00:00+01:00,2400.965
2024-08-11 18:00:00+01:00,2288.385
2024-08-11 19:00:00+01:00,2380.52
2024-08-11 20:00:00+01:00,2247.81
2024-08-11 21:00:00+01:00,2148.64
2024-08-11 22:00:00+01:00,2087.025
2024-08-11 23:00:00+01:00,1959.29
2024-08-12 00:00:00+01:00,1806.14
2024-08-12 01:00:00+01:00,1739.985
2024-08-12 02:00:00+01:00,1672.775
2024-08-12 03:00:00+01:00,1760.125
2024-08-12 04:00:00+01:00,1759.36
2024-08-12 05:00:00+01:00,1790.555
2024-08-12 06:00:00+01:00,1814.445
2024-08-12 07:00:00+01:00,1921.315
2024-08-12 08:00:00+01:00,1858.45
2024-08-12 09:00:00+01:00,1709.36
2024-08-12 10:00:00+01:00,1574.455
2024-08-12 11:00:00+01:00,1505.1
2024-08-12 12:00:00+01:00,1454.59
2024-08-12 13:00:00+01:00,1409.12
2024-08-12 14:00:00+01:00,1475.715
2024-08-12 15:00:00+01:00,1561.26
2024-08-12 16:00:00+01:00,1658.915
2024-08-12 17:00:00+01:00,1769.24
2024-08-12 18:00:00+01:00,1885.975
2024-08-12 19:00:00+01:00,1981.82
2024-08-12 20:00:00+01:00,2112.765
2024-08-12 21:00:00+01:00,2260.335
2024-08-12 22:00:00+01:00,2490.75
2024-08-12 23:00:00+01:00,2673.78
2024-08-13 00:00:00+01:00,2774.67
2024-08-13 01:00:00+01:00,2810.14
2024-08-13 02:00:00+01:00,2825.12
2024-08-13 03:00:00+01:00,2661.32
2024-08-13 04:00:00+01:00,2413.34
2024-08-13 05:00:00+01:00,2228.95
2024-08-13 06:00:00+01:00,2115.545
2024-08-13 07:00:00+01:00,1991.34
2024-08-13 08:00:00+01:00,1743.335
2024-08-13 09:00:00+01:00,1610.835
2024-08-13 10:00:00+01:00,1779.125
2024-08-13 11:00:00+01:00,1991.865
2024-08-13 12:00:00+01:00,2117.635
2024-08-13 13:00:00+01:00,2093.565
2024-08-13 14:00:00+01:00,2066.895
2024-08-13 15:00:00+01:00,1972.215
2024-08-13 16:00:00+01:00,1835.98
2024-08-13 17:00:00+01:00,1675.105
2024-08-13 18:00:00+01:00,1400.87
2024-08-13 19:00:00+01:00,1117.265
2024-08-13 20:00:00+01:00,760.62
2024-08-13 21:00:00+01:00,479.28
2024-08-13 22:00:00+01:00,297.28
2024-08-13 23:00:00+01:00,260.235
2024-08-14 00:00:00+01:00,236.43
2024-08-14 01:00:00+01:00,283.685
2024-08-14 02:00:00+01:00,245.645
2024-08-14 03:00:00+01:00,195.725
2024-08-14 04:00:00+01:00,151.925
2024-08-14 05:00:00+01:00,145.7
2024-08-14 06:00:00+01:00,173.9
2024-08-14 07:00:00+01:00,236.795
2024-08-14 08:00:00+01:00,290.24
2024-08-14 09:00:00+01:00,356.18
2024-08-14 10:00:00+01:00,524.795
2024-08-14 11:00:00+01:00,795.25
2024-08-14 12:00:00+01:00,1065.33
2024-08-14 13:00:00+01:00,1257.695
2024-08-14 14:00:00+01:00,1515.655
2024-08-14 15:00:00+01:00,1774.825
2024-08-14 16:00:00+01:00,1976.11
2024-08-14 17:00:00+01:00,2019.095
2024-08-14 18:00:00+01:00,1973.445
2024-08-14 19:00:00+01:00,1865.765
2024-08-14 20:00:00+01:00,1891.955
2024-08-14 21:00:00+01:00,1978.95
2024-08-14 22:00:00+01:00,1958.445
2024-08-14 23:00:00+01:00,1896.81
2024-08-15 00:00:00+01:00,1767.065
2024-08-15 01:00:00+01:00,1626.765
2024-08-15 02:00:00+01:00,1534.075
2024-08-15 03:00:00+01:00,1561.51
2024-08-15 04:00:00+01:00,1639.595
2024-08-15 05:00:00+01:00,1703.855
2024-08-15 06:00:00+01:00,1748.425
2024-08-15 07:00:00+01:00,1964.895
2024-08-15 08:00:00+01:00,1982.75
2024-08-15 09:00:00+01:00,1941.83
2024-08-15 10:00:00+01:00,1765.01
2024-08-15 11:00:00+01:00,1501.22
2024-08-15 12:00:00+01:00,1282.4
2024-08-15 13:00:00+01:00,1289.945
2024-08-15 14:00:00+01:00,1176.97
2024-08-15 15:00:00+01:00,1062.965
2024-08-15 16:00:00+01:00,1030.5
2024-08-15 17:00:00+01:00,1030.31
2024-08-15 18:00:00+01:00,1028.445
2024-08-15 19:00:00+01:00,905.68
2024-08-15 20:00:00+01:00,737.86
2024-08-15 21:00:00+01:00,649.67
2024-08-15 22:00:00+01:00,653.245
2024-08-15 23:00:00+01:00,656.85
2024-08-16 00:00:00+01:00,629.915
2024-08-16 01:00:00+01:00,601.425
2024-08-16 02:00:00+01:00,643.98
2024-08-16 03:00:00+01:00,626.83
2024-08-16 04:00:00+01:00,585.985
2024-08-16 05:00:00+01:00,615.545
2024-08-16 06:00:00+01:00,680.18
2024-08-16 07:00:00+01:00,637.365
2024-08-16 08:00:00+01:00,677.055
2024-08-16 09:00:00+01:00,776.98
2024-08-16 10:00:00+01:00,928.9
2024-08-16 11:00:00+01:00,1081.77
2024-08-16 12:00:00+01:00,1224.005
2024-08-16 13:00:00+01:00,1307.165
2024-08-16 14:00:00+01:00,1422.845
2024-08-16 15:00:00+01:00,1528.865
2024-08-16 16:00:00+01:00,1637.75
2024-08-16 17:00:00+01:00,1756.215
2024-08-16 18:00:00+01:00,1741.955
2024-08-16 19:00:00+01:00,1584.005
2024-08-16 20:00:00+01:00,1417.5
2024-08-16 21:00:00+01:00,1266.94
2024-08-16 22:00:00+01:00,1241.425
2024-08-16 23:00:00+01:00,1237.94
2024-08-17 00:00:00+01:00,1193.1
2024-08-17 01:00:00+01:00,1083.22
2024-08-17 02:00:00+01:00,1104.9
2024-08-17 03:00:00+01:00,1085.745
2024-08-17 04:00:00+01:00,991.48
2024-08-17 05:00:00+01:00,914.275
2024-08-17 06:00:00+01:00,826.34
2024-08-17 07:00:00+01:00,952.15
2024-08-17 08:00:00+01:00,944.84
2024-08-17 09:00:00+01:00,896.99
2024-08-17 10:00:00+01:00,918.485
2024-08-17 11:00:00+01:00,1076.68
2024-08-17 12:00:00+01:00,1157.645
2024-08-17 13:00:00+01:00,1222.39
2024-08-17 14:00:00+01:00,1337.16
2024-08-17 15:00:00+01:00,1439.62
2024-08-17 16:00:00+01:00,1559.515
2024-08-17 17:00:00+01:00,1658.245
2024-08-17 18:00:00+01:00,1677.31
2024-08-17 19:00:00+01:00,1584.16
2024-08-17 20:00:00+01:00,1493.14
2024-08-17 21:00:00+01:00,1432.305
2024-08-17 22:00:00+01:00,1385.265
2024-08-17 23:00:00+01:00,1330.095
2024-08-18 00:00:00+01:00,1295.26
2024-08-18 01:00:00+01:00,1228.785
2024-08-18 02:00:00+01:00,1266.105
2024-08-18 03:00:00+01:00,1390.725
2024-08-18 04:00:00+01:00,1435.23
2024-08-18 05:00:00+01:00,1381.24
2024-08-18 06:00:00+01:00,1328.74
2024-08-18 07:00:00+01:00,1243.275
2024-08-18 08:00:00+01:00,1158.08
2024-08-18 09:00:00+01:00,1114.505
2024-08-18 10:00:00+01:00,1176.815
2024-08-18 11:00:00+01:00,1257.05
2024-08-18 12:00:00+01:00,1273.38
2024-08-18 13:00:00+01:00,1141.96
2024-08-18 14:00:00+01:00,1144.655
2024-08-18 15:00:00+01:00,1075.635
2024-08-18 16:00:00+01:00,975.045
2024-08-18 17:00:00+01:00,894.79
2024-08-18 18:00:00+01:00,806.735
2024-08-18 19:00:00+01:00,649.71
2024-08-18 20:00:00+01:00,579.125
2024-08-18 21:00:00+01:00,426.755
2024-08-18 22:00:00+01:00,412.185
2024-08-18 23:00:00+01:00,445.465
2024-08-19 00:00:00+01:00,502.88
2024-08-19 01:00:00+01:00,669.25
2024-08-19 02:00:00+01:00,744.95
2024-08-19 03:00:00+01:00,830.995
2024-08-19 04:00:00+01:00,944.87
2024-08-19 05:00:00+01:00,1023.135
2024-08-19 06:00:00+01:00,1084.415
2024-08-19 07:00:00+01:00,1244.08
2024-08-19 08:00:00+01:00,1412.5
2024-08-19 09:00:00+01:00,1807.455
2024-08-19 10:00:00+01:00,2234.29
2024-08-19 11:00:00+01:00,2585.235
2024-08-19 12:00:00+01:00,2736.6
2024-08-19 13:00:00+01:00,2805.28
2024-08-19 14:00:00+01:00,2688.48
2024-08-19 15:00:00+01:00,2591.295
2024-08-19 16:00:00+01:00,2478.905
2024-08-19 17:00:00+01:00,2322.385
2024-08-19 18:00:00+01:00,2109.68
2024-08-19 19:00:00+01:00,2129.275
2024-08-19 20:00:00+01:00,1967.305
2024-08-19 21:00:00+01:00,1844.335
2024-08-19 22:00:00+01:00,1801.075
2024-08-19 23:00:00+01:00,1810.81
2024-08-20 00:00:00+01:00,1720.225
2024-08-20 01:00:00+01:00,1484.62
2024-08-20 02:00:00+01:00,1345.105
2024-08-20 03:00:00+01:00,1455.74
2024-08-20 04:00:00+01:00,1739.225
2024-08-20 05:00:00+01:00,1944.02
2024-08-20 06:00:00+01:00,2011.175
2024-08-20 07:00:00+01:00,2053.925
2024-08-20 08:00:00+01:00,2156.215
2024-08-20 09:00:00+01:00,2397.66
2024-08-20 10:00:00+01:00,2641.465
2024-08-20 11:00:00+01:00,2792.665
2024-08-20 12:00:00+01:00,2854.2
2024-08-20 13:00:00+01:00,2900.87
2024-08-20 14:00:00+01:00,3034.835
2024-08-20 15:00:00+01:00,3071.63
2024-08-20 16:00:00+01:00,3066.575
2024-08-20 17:00:00+01:00,2995.665
2024-08-20 18:00:00+01:00,2853.05
2024-08-20 19:00:00+01:00,2691.125
2024-08-20 20:00:00+01:00,2336.95
2024-08-20 21:00:00+01:00,1962.25
2024-08-20 22:00:00+01:00,1721.74
2024-08-20 23:00:00+01:00,1573.57
2024-08-21 00:00:00+01:00,1448.2
2024-08-21 01:00:00+01:00,1364.825
2024-08-21 02:00:00+01:00,1344.225
2024-08-21 03:00:00+01:00,1300.81
2024-08-21 04:00:00+01:00,1326.27
2024-08-21 05:00:00+01:00,1458.005
2024-08-21 06:00:00+01:00,1721.23
2024-08-21 07:00:00+01:00,2013.625
2024-08-21 08:00:00+01:00,2133.35
2024-08-21 09:00:00+01:00,2298.77
2024-08-21 10:00:00+01:00,2477.715
2024-08-21 11:00:00+01:00,2589.75
2024-08-21 12:00:00+01:00,2683.195
2024-08-21 13:00:00+01:00,2849.325
2024-08-21 14:00:00+01:00,2976.71
2024-08-21 15:00:00+01:00,3019.42
2024-08-21 16:00:00+01:00,3061.345
2024-08-21 17:00:00+01:00,3097.17
2024-08-21 18:00:00+01:00,3137.06
2024-08-21 19:00:00+01:00,3212.425
2024-08-21 20:00:00+01:00,3346.86
2024-08-21 21:00:00+01:00,3527.33
2024-08-21 22:00:00+01:00,3643.22
2024-08-21 23:00:00+01:00,3697.12
2024-08-22 00:00:00+01:00,3713.635
2024-08-22 01:00:00+01:00,3660.435
2024-08-22 02:00:00+01:00,3456.575
2024-08-22 03:00:00+01:00,3137.955
2024-08-22 04:00:00+01:00,2804.235
2024-08-22 05:00:00+01:00,2457.19
2024-08-22 06:00:00+01:00,2115.96
2024-08-22 07:00:00+01:00,1844.11
2024-08-22 08:00:00+01:00,1637.555
2024-08-22 09:00:00+01:00,1439.6
2024-08-22 10:00:00+01:00,1406.415
2024-08-22 11:00:00+01:00,1355.375
2024-08-22 12:00:00+01:00,1358.07
2024-08-22 13:00:00+01:00,1351.95
2024-08-22 14:00:00+01:00,1434.485
2024-08-22 15:00:00+01:00,1262.605
2024-08-22 16:00:00+01:00,1169.19
2024-08-22 17:00:00+01:00,1193.095
2024-08-22 18:00:00+01:00,1146.175
2024-08-22 19:00:00+01:00,917.29
2024-08-22 20:00:00+01:00,1038.98
2024-08-22 21:00:00+01:00,1264.56
2024-08-22 22:00:00+01:00,1552.475
2024-08-22 23:00:00+01:00,1850.32
2024-08-23 00:00:00+01:00,2123.045
2024-08-23 01:00:00+01:00,2001.26
2024-08-23 02:00:00+01:00,2326.525
2024-08-23 03:00:00+01:00,2515.085
2024-08-23 04:00:00+01:00,2559.675
2024-08-23 05:00:00+01:00,2380.73
2024-08-23 06:00:00+01:00,2199.125
2024-08-23 07:00:00+01:00,2069.98
2024-08-23 08:00:00+01:00,1861.725
2024-08-23 09:00:00+01:00,1685.2
2024-08-23 10:00:00+01:00,1645.28
2024-08-23 11:00:00+01:00,1640.57
2024-08-23 12:00:00+01:00,1700.98
2024-08-23 13:00:00+01:00,1665.945
2024-08-23 14:00:00+01:00,1652.38
2024-08-23 15:00:00+01:00,1650.965
2024-08-23 16:00:00+01:00,1830.76
2024-08-23 17:00:00+01:00,1973.71
2024-08-23 18:00:00+01:00,2002.945
2024-08-23 19:00:00+01:00,1744.13
2024-08-23 20:00:00+01:00,1630.565
2024-08-23 21:00:00+01:00,1457.13
2024-08-23 22:00:00+01:00,1314.15
2024-08-23 23:00:00+01:00,1178.345
2024-08-24 00:00:00+01:00,1029.445
2024-08-24 01:00:00+01:00,1170.92
2024-08-24 02:00:00+01:00,999.92
2024-08-24 03:00:00+01:00,869.57
2024-08-24 04:00:00+01:00,822.515
2024-08-24 05:00:00+01:00,802.765
2024-08-24 06:00:00+01:00,772.57
2024-08-24 07:00:00+01:00,924.825
2024-08-24 08:00:00+01:00,886.625
2024-08-24 09:00:00+01:00,912.9
2024-08-24 10:00:00+01:00,1005.585
2024-08-24 11:00:00+01:00,1145.83
2024-08-24 12:00:00+01:00,1366.355
2024-08-24 13:00:00+01:00,1628.595
2024-08-24 14:00:00+01:00,1898.11
2024-08-24 15:00:00+01:00,2048.87
2024-08-24 16:00:00+01:00,2094.765
2024-08-24 17:00:00+01:00,1962.995
2024-08-24 18:00:00+01:00,1665.145
2024-08-24 19:00:00+01:00,1463.905
2024-08-24 20:00:00+01:00,1316.63
2024-08-24 21:00:00+01:00,1300.07
2024-08-24 22:00:00+01:00,1367.585
2024-08-24 23:00:00+01:00,1517.695
2024-08-25 00:00:00+01:00,1691.965
2024-08-25 01:00:00+01:00,1838.595
2024-08-25 02:00:00+01:00,2139.415
2024-08-25 03:00:00+01:00,2432.76
2024-08-25 04:00:00+01:00,2612.605
2024-08-25 05:00:00+01:00,2728.65
2024-08-25 06:00:00+01:00,2800.39
2024-08-25 07:00:00+01:00,2810.48
2024-08-25 08:00:00+01:00,2801.09
2024-08-25 09:00:00+01:00,2859.205
2024-08-25 10:00:00+01:00,2906.19
2024-08-25 11:00:00+01:00,2988.79
2024-08-25 12:00:00+01:00,2997.72
2024-08-25 13:00:00+01:00,3043.21
2024-08-25 14:00:00+01:00,2960.915
2024-08-25 15:00:00+01:00,2878.585
2024-08-25 16:00:00+01:00,2783.005
2024-08-25 17:00:00+01:00,2691.835
2024-08-25 18:00:00+01:00,2493.42
2024-08-25 19:00:00+01:00,2174.745
2024-08-25 20:00:00+01:00,1917.05
2024-08-25 21:00:00+01:00,1702.09
2024-08-25 22:00:00+01:00,1587.125
2024-08-25 23:00:00+01:00,1511.34
2024-08-26 00:00:00+01:00,1418.16
2024-08-26 01:00:00+01:00,1331.365
2024-08-26 02:00:00+01:00,1251.635
2024-08-26 03:00:00+01:00,1162.745
2024-08-26 04:00:00+01:00,1046.95
2024-08-26 05:00:00+01:00,949.595
2024-08-26 06:00:00+01:00,896.645
2024-08-26 07:00:00+01:00,907.445
2024-08-26 08:00:00+01:00,859.47
2024-08-26 09:00:00+01:00,779.31
2024-08-26 10:00:00+01:00,761.69
2024-08-26 11:00:00+01:00,803.41
2024-08-26 12:00:00+01:00,911.23
2024-08-26 13:00:00+01:00,1135.285
2024-08-26 14:00:00+01:00,1434.775
2024-08-26 15:00:00+01:00,1646.68
2024-08-26 16:00:00+01:00,1767.045
2024-08-26 17:00:00+01:00,1815.4
2024-08-26 18:00:00+01:00,1914.52
2024-08-26 19:00:00+01:00,2086.85
2024-08-26 20:00:00+01:00,2291.375
2024-08-26 21:00:00+01:00,2489.175
2024-08-26 22:00:00+01:00,2721.545
2024-08-26 23:00:00+01:00,2916.49
2024-08-27 00:00:00+01:00,3064.73
2024-08-27 01:00:00+01:00,3330.205
2024-08-27 02:00:00+01:00,3434.05
2024-08-27 03:00:00+01:00,3444.55
2024-08-27 04:00:00+01:00,3251.08
2024-08-27 05:00:00+01:00,2910.22
2024-08-27 06:00:00+01:00,2544.715
2024-08-27 07:00:00+01:00,2051.93
2024-08-27 08:00:00+01:00,1711.755
2024-08-27 09:00:00+01:00,1457.365
2024-08-27 10:00:00+01:00,1306.23
2024-08-27 11:00:00+01:00,1247.26
2024-08-27 12:00:00+01:00,1175.065
2024-08-27 13:00:00+01:00,1102.695
2024-08-27 14:00:00+01:00,1136.725
2024-08-27 15:00:00+01:00,1210.335
2024-08-27 16:00:00+01:00,1237.715
2024-08-27 17:00:00+01:00,1268.305
2024-08-27 18:00:00+01:00,1223.11
2024-08-27 19:00:00+01:00,1053.265
2024-08-27 20:00:00+01:00,988.11
2024-08-27 21:00:00+01:00,959.83
2024-08-27 22:00:00+01:00,994.425
2024-08-27 23:00:00+01:00,1023.32
2024-08-28 00:00:00+01:00,991.395
2024-08-28 01:00:00+01:00,866.99
2024-08-28 02:00:00+01:00,824.28
2024-08-28 03:00:00+01:00,797.425
2024-08-28 04:00:00+01:00,796.14
2024-08-28 05:00:00+01:00,796.25
2024-08-28 06:00:00+01:00,808.365
2024-08-28 07:00:00+01:00,802.5
2024-08-28 08:00:00+01:00,794.68
2024-08-28 09:00:00+01:00,787.405
2024-08-28 10:00:00+01:00,804.68
2024-08-28 11:00:00+01:00,862.265
2024-08-28 12:00:00+01:00,962.92
2024-08-28 13:00:00+01:00,1283.625
2024-08-28 14:00:00+01:00,1354.19
2024-08-28 15:00:00+01:00,1357.1
2024-08-28 16:00:00+01:00,1406.32
2024-08-28 17:00:00+01:00,1403.25
2024-08-28 18:00:00+01:00,1361.675
2024-08-28 19:00:00+01:00,1250.76
2024-08-28 20:00:00+01:00,1104.485
2024-08-28 21:00:00+01:00,1028.71
2024-08-28 22:00:00+01:00,1075.005
2024-08-28 23:00:00+01:00,1116.24
2024-08-29 00:00:00+01:00,1143.665
2024-08-29 01:00:00+01:00,1165.82
2024-08-29 02:00:00+01:00,1227.79
2024-08-29 03:00:00+01:00,1248.65
2024-08-29 04:00:00+01:00,1242.545
2024-08-29 05:00:00+01:00,1173.045
2024-08-29 06:00:00+01:00,1044.455
2024-08-29 07:00:00+01:00,922.5
2024-08-29 08:00:00+01:00,812.83
2024-08-29 09:00:00+01:00,770.1
2024-08-29 10:00:00+01:00,817.605
2024-08-29 11:00:00+01:00,833.565
2024-08-29 12:00:00+01:00,804.8
2024-08-29 13:00:00+01:00,755.405
2024-08-29 14:00:00+01:00,805.88
2024-08-29 15:00:00+01:00,770.675
2024-08-29 16:00:00+01:00,723.71
2024-08-29 17:00:00+01:00,619.315
2024-08-29 18:00:00+01:00,434.43
2024-08-29 19:00:00+01:00,279.825
2024-08-29 20:00:00+01:00,237.765
2024-08-29 21:00:00+01:00,203.225
2024-08-29 22:00:00+01:00,193.255
2024-08-29 23:00:00+01:00,185.305
2024-08-30 00:00:00+01:00,157.71
2024-08-30 01:00:00+01:00,124.865
2024-08-30 02:00:00+01:00,57.155
2024-08-30 03:00:00+01:00,43.885
2024-08-30 04:00:00+01:00,40.49
2024-08-30 05:00:00+01:00,38.89
2024-08-30 06:00:00+01:00,40.355
2024-08-30 07:00:00+01:00,49.21
2024-08-30 08:00:00+01:00,54.34
2024-08-30 09:00:00+01:00,50.74
2024-08-30 10:00:00+01:00,47.655
2024-08-30 11:00:00+01:00,53.595
2024-08-30 12:00:00+01:00,68.585
2024-08-30 13:00:00+01:00,74.485
2024-08-30 14:00:00+01:00,96.68
2024-08-30 15:00:00+01:00,139.345
2024-08-30 16:00:00+01:00,189.025
2024-08-30 17:00:00+01:00,214.005
2024-08-30 18:00:00+01:00,244.465
2024-08-30 19:00:00+01:00,244.41
2024-08-30 20:00:00+01:00,249.57
2024-08-30 21:00:00+01:00,248.64
2024-08-30 22:00:00+01:00,276.695
2024-08-30 23:00:00+01:00,296.555
2024-08-31 00:00:00+01:00,345.395
2024-08-31 01:00:00+01:00,372.51
2024-08-31 02:00:00+01:00,401.08
2024-08-31 03:00:00+01:00,401.21
2024-08-31 04:00:00+01:00,394.155
2024-08-31 05:00:00+01:00,387.35
2024-08-31 06:00:00+01:00,412.89
2024-08-31 07:00:00+01:00,445.5
2024-08-31 08:00:00+01:00,428.145
2024-08-31 09:00:00+01:00,382.555
2024-08-31 10:00:00+01:00,334.33
2024-08-31 11:00:00+01:00,340.245
2024-08-31 12:00:00+01:00,474.27
2024-08-31 13:00:00+01:00,642.67
2024-08-31 14:00:00+01:00,754.035
2024-08-31 15:00:00+01:00,819.0
2024-08-31 16:00:00+01:00,818.645
2024-08-31 17:00:00+01:00,850.91
2024-08-31 18:00:00+01:00,921.38
2024-08-31 19:00:00+01:00,1001.47
2024-08-31 20:00:00+01:00,912.525
2024-08-31 21:00:00+01:00,863.49
2024-08-31 22:00:00+01:00,899.78
2024-08-31 23:00:00+01:00,875.645
2024-09-01 00:00:00+01:00,839.345
2024-09-01 01:00:00+01:00,788.15
2024-09-01 02:00:00+01:00,800.4
2024-09-01 03:00:00+01:00,870.4
2024-09-01 04:00:00+01:00,922.135
2024-09-01 05:00:00+01:00,869.595
2024-09-01 06:00:00+01:00,798.75
2024-09-01 07:00:00+01:00,754.12
2024-09-01 08:00:00+01:00,756.37
2024-09-01 09:00:00+01:00,703.53
2024-09-01 10:00:00+01:00,697.785
2024-09-01 11:00:00+01:00,739.495
2024-09-01 12:00:00+01:00,751.91
2024-09-01 13:00:00+01:00,688.34
2024-09-01 14:00:00+01:00,643.035
2024-09-01 15:00:00+01:00,571.48
2024-09-01 16:00:00+01:00,448.915
2024-09-01 17:00:00+01:00,293.745
2024-09-01 18:00:00+01:00,199.84
2024-09-01 19:00:00+01:00,171.955
2024-09-01 20:00:00+01:00,119.62
2024-09-01 21:00:00+01:00,88.03
2024-09-01 22:00:00+01:00,66.845
2024-09-01 23:00:00+01:00,44.97
2024-09-02 00:00:00+01:00,36.495
2024-09-02 01:00:00+01:00,37.57
2024-09-02 02:00:00+01:00,101.65
2024-09-02 03:00:00+01:00,266.055
2024-09-02 04:00:00+01:00,556.465
2024-09-02 05:00:00+01:00,800.0
2024-09-02 06:00:00+01:00,1004.41
2024-09-02 07:00:00+01:00,1088.135
2024-09-02 08:00:00+01:00,1193.665
2024-09-02 09:00:00+01:00,1235.435
2024-09-02 10:00:00+01:00,1259.825
2024-09-02 11:00:00+01:00,1292.65
2024-09-02 12:00:00+01:00,1265.355
2024-09-02 13:00:00+01:00,1173.62
2024-09-02 14:00:00+01:00,1033.175
2024-09-02 15:00:00+01:00,953.33
2024-09-02 16:00:00+01:00,966.78
2024-09-02 17:00:00+01:00,1011.385
2024-09-02 18:00:00+01:00,934.045
2024-09-02 19:00:00+01:00,716.015
2024-09-02 20:00:00+01:00,535.525
2024-09-02 21:00:00+01:00,376.485
2024-09-02 22:00:00+01:00,346.905
2024-09-02 23:00:00+01:00,389.755
2024-09-03 00:00:00+01:00,366.06
2024-09-03 01:00:00+01:00,400.88
2024-09-03 02:00:00+01:00,466.27
2024-09-03 03:00:00+01:00,546.63
2024-09-03 04:00:00+01:00,579.185
2024-09-03 05:00:00+01:00,605.68
2024-09-03 06:00:00+01:00,649.54
2024-09-03 07:00:00+01:00,680.305
2024-09-03 08:00:00+01:00,673.58
2024-09-03 09:00:00+01:00,718.57
2024-09-03 10:00:00+01:00,807.17
2024-09-03 11:00:00+01:00,892.02
2024-09-03 12:00:00+01:00,1024.25
2024-09-03 13:00:00+01:00,982.985
2024-09-03 14:00:00+01:00,1026.61
2024-09-03 15:00:00+01:00,996.02
2024-09-03 16:00:00+01:00,1024.605
2024-09-03 17:00:00+01:00,1037.095
2024-09-03 18:00:00+01:00,1009.715
2024-09-03 19:00:00+01:00,893.16
2024-09-03 20:00:00+01:00,843.215
2024-09-03 21:00:00+01:00,830.58
2024-09-03 22:00:00+01:00,883.11
2024-09-03 23:00:00+01:00,964.71
2024-09-04 00:00:00+01:00,982.78
2024-09-04 01:00:00+01:00,1007.395
2024-09-04 02:00:00+01:00,1015.875
2024-09-04 03:00:00+01:00,1043.69
2024-09-04 04:00:00+01:00,1010.075
2024-09-04 05:00:00+01:00,932.405
2024-09-04 06:00:00+01:00,849.885
2024-09-04 07:00:00+01:00,856.125
2024-09-04 08:00:00+01:00,802.235
2024-09-04 09:00:00+01:00,802.91
2024-09-04 10:00:00+01:00,875.17
2024-09-04 11:00:00+01:00,957.815
2024-09-04 12:00:00+01:00,1018.445
2024-09-04 13:00:00+01:00,1415.915
2024-09-04 14:00:00+01:00,1522.435
2024-09-04 15:00:00+01:00,1547.21
2024-09-04 16:00:00+01:00,1592.54
2024-09-04 17:00:00+01:00,1589.98
2024-09-04 18:00:00+01:00,1518.44
2024-09-04 19:00:00+01:00,1688.725
2024-09-04 20:00:00+01:00,1457.315
2024-09-04 21:00:00+01:00,1342.08
2024-09-04 22:00:00+01:00,1323.45
2024-09-04 23:00:00+01:00,1298.945
2024-09-05 00:00:00+01:00,1221.585
2024-09-05 01:00:00+01:00,1108.135
2024-09-05 02:00:00+01:00,1044.095
2024-09-05 03:00:00+01:00,995.02
2024-09-05 04:00:00+01:00,983.27
2024-09-05 05:00:00+01:00,949.94
2024-09-05 06:00:00+01:00,891.405
2024-09-05 07:00:00+01:00,911.125
2024-09-05 08:00:00+01:00,819.63
2024-09-05 09:00:00+01:00,748.725
2024-09-05 10:00:00+01:00,702.525
2024-09-05 11:00:00+01:00,725.22
2024-09-05 12:00:00+01:00,832.63
2024-09-05 13:00:00+01:00,1057.085
2024-09-05 14:00:00+01:00,1244.2
2024-09-05 15:00:00+01:00,1433.435
2024-09-05 16:00:00+01:00,1695.93
2024-09-05 17:00:00+01:00,1932.02
2024-09-05 18:00:00+01:00,2162.045
2024-09-05 19:00:00+01:00,2457.835
2024-09-05 20:00:00+01:00,2527.195
2024-09-05 21:00:00+01:00,2650.62
2024-09-05 22:00:00+01:00,2777.865
2024-09-05 23:00:00+01:00,2786.495
2024-09-06 00:00:00+01:00,2744.805
2024-09-06 01:00:00+01:00,2518.425
2024-09-06 02:00:00+01:00,2342.585
2024-09-06 03:00:00+01:00,2205.38
2024-09-06 04:00:00+01:00,2108.315
2024-09-06 05:00:00+01:00,1949.96
2024-09-06 06:00:00+01:00,1762.48
2024-09-06 07:00:00+01:00,1469.825
2024-09-06 08:00:00+01:00,1233.995
2024-09-06 09:00:00+01:00,951.685
2024-09-06 10:00:00+01:00,780.86
2024-09-06 11:00:00+01:00,740.74
2024-09-06 12:00:00+01:00,736.315
2024-09-06 13:00:00+01:00,604.865
2024-09-06 14:00:00+01:00,603.76
2024-09-06 15:00:00+01:00,611.195
2024-09-06 16:00:00+01:00,652.085
2024-09-06 17:00:00+01:00,747.54
2024-09-06 18:00:00+01:00,816.29
2024-09-06 19:00:00+01:00,760.52
2024-09-06 20:00:00+01:00,658.4
2024-09-06 21:00:00+01:00,636.545
2024-09-06 22:00:00+01:00,609.76
2024-09-06 23:00:00+01:00,588.185
2024-09-07 00:00:00+01:00,580.76
2024-09-07 01:00:00+01:00,589.375
2024-09-07 02:00:00+01:00,488.375
2024-09-07 03:00:00+01:00,392.395
2024-09-07 04:00:00+01:00,359.235
2024-09-07 05:00:00+01:00,409.895
2024-09-07 06:00:00+01:00,429.065
2024-09-07 07:00:00+01:00,541.8
2024-09-07 08:00:00+01:00,461.905
2024-09-07 09:00:00+01:00,266.755
2024-09-07 10:00:00+01:00,185.64
2024-09-07 11:00:00+01:00,155.205
2024-09-07 12:00:00+01:00,154.695
2024-09-07 13:00:00+01:00,138.685
2024-09-07 14:00:00+01:00,96.385
2024-09-07 15:00:00+01:00,80.475
2024-09-07 16:00:00+01:00,93.88
2024-09-07 17:00:00+01:00,151.065
2024-09-07 18:00:00+01:00,219.695
2024-09-07 19:00:00+01:00,312.725
2024-09-07 20:00:00+01:00,281.43
2024-09-07 21:00:00+01:00,267.46
2024-09-07 22:00:00+01:00,285.79
2024-09-07 23:00:00+01:00,331.57
2024-09-08 00:00:00+01:00,380.02
2024-09-08 01:00:00+01:00,508.355
2024-09-08 02:00:00+01:00,534.235
2024-09-08 03:00:00+01:00,614.225
2024-09-08 04:00:00+01:00,708.215
2024-09-08 05:00:00+01:00,823.765
2024-09-08 06:00:00+01:00,906.165
2024-09-08 07:00:00+01:00,1111.685
2024-09-08 08:00:00+01:00,1172.385
2024-09-08 09:00:00+01:00,1282.295
2024-09-08 10:00:00+01:00,1404.405
2024-09-08 11:00:00+01:00,1545.33
2024-09-08 12:00:00+01:00,1749.625
2024-09-08 13:00:00+01:00,2012.495
2024-09-08 14:00:00+01:00,2048.38
2024-09-08 15:00:00+01:00,2077.19
2024-09-08 16:00:00+01:00,2174.83
2024-09-08 17:00:00+01:00,2199.73
2024-09-08 18:00:00+01:00,2105.72
2024-09-08 19:00:00+01:00,2052.695
2024-09-08 20:00:00+01:00,1956.655
2024-09-08 21:00:00+01:00,1868.19
2024-09-08 22:00:00+01:00,1809.105
2024-09-08 23:00:00+01:00,1695.035
2024-09-09 00:00:00+01:00,1645.04
2024-09-09 01:00:00+01:00,1727.37
2024-09-09 02:00:00+01:00,1695.38
2024-09-09 03:00:00+01:00,1644.515
2024-09-09 04:00:00+01:00,1575.305
2024-09-09 05:00:00+01:00,1373.94
2024-09-09 06:00:00+01:00,1152.015
2024-09-09 07:00:00+01:00,1213.41
2024-09-09 08:00:00+01:00,1163.955
2024-09-09 09:00:00+01:00,1161.95
2024-09-09 10:00:00+01:00,1227.78
2024-09-09 11:00:00+01:00,1373.175
2024-09-09 12:00:00+01:00,1561.725
2024-09-09 13:00:00+01:00,1984.535
2024-09-09 14:00:00+01:00,2173.02
2024-09-09 15:00:00+01:00,2256.3
2024-09-09 16:00:00+01:00,2326.915
2024-09-09 17:00:00+01:00,2416.8
2024-09-09 18:00:00+01:00,2375.73
2024-09-09 19:00:00+01:00,2089.2
2024-09-09 20:00:00+01:00,2000.46
2024-09-09 21:00:00+01:00,2094.49
2024-09-09 22:00:00+01:00,2312.26
2024-09-09 23:00:00+01:00,2502.47
2024-09-10 00:00:00+01:00,2659.915
2024-09-10 01:00:00+01:00,2892.19
2024-09-10 02:00:00+01:00,2946.27
2024-09-10 03:00:00+01:00,2902.98
2024-09-10 04:00:00+01:00,2823.28
2024-09-10 05:00:00+01:00,2865.85
2024-09-10 06:00:00+01:00,2943.24
2024-09-10 07:00:00+01:00,2906.75
2024-09-10 08:00:00+01:00,2673.89
2024-09-10 09:00:00+01:00,2458.085
2024-09-10 10:00:00+01:00,2320.105
2024-09-10 11:00:00+01:00,2224.38
2024-09-10 12:00:00+01:00,2207.095
2024-09-10 13:00:00+01:00,2313.675
2024-09-10 14:00:00+01:00,2359.41
2024-09-10 15:00:00+01:00,2377.07
2024-09-10 16:00:00+01:00,2518.69
2024-09-10 17:00:00+01:00,2651.03
2024-09-10 18:00:00+01:00,2607.9
2024-09-10 19:00:00+01:00,2432.21
2024-09-10 20:00:00+01:00,2261.915
2024-09-10 21:00:00+01:00,2157.065
2024-09-10 22:00:00+01:00,2111.885
2024-09-10 23:00:00+01:00,2160.145
2024-09-11 00:00:00+01:00,2199.94
2024-09-11 01:00:00+01:00,2233.97
2024-09-11 02:00:00+01:00,2192.075
2024-09-11 03:00:00+01:00,2234.58
2024-09-11 04:00:00+01:00,2252.335
2024-09-11 05:00:00+01:00,2266.62
2024-09-11 06:00:00+01:00,2175.65
2024-09-11 07:00:00+01:00,2014.945
2024-09-11 08:00:00+01:00,1854.585
2024-09-11 09:00:00+01:00,1930.65
2024-09-11 10:00:00+01:00,2110.81
2024-09-11 11:00:00+01:00,2251.695
2024-09-11 12:00:00+01:00,2276.89
2024-09-11 13:00:00+01:00,2483.49
2024-09-11 14:00:00+01:00,2475.64
2024-09-11 15:00:00+01:00,2332.565
2024-09-11 16:00:00+01:00,2209.42
2024-09-11 17:00:00+01:00,2088.14
2024-09-11 18:00:00+01:00,1843.585
2024-09-11 19:00:00+01:00,1599.43
2024-09-11 20:00:00+01:00,1263.24
2024-09-11 21:00:00+01:00,1008.025
2024-09-11 22:00:00+01:00,850.895
2024-09-11 23:00:00+01:00,794.55
2024-09-12 00:00:00+01:00,684.5
2024-09-12 01:00:00+01:00,615.63
2024-09-12 02:00:00+01:00,501.285
2024-09-12 03:00:00+01:00,482.725
2024-09-12 04:00:00+01:00,527.7
2024-09-12 05:00:00+01:00,535.63
2024-09-12 06:00:00+01:00,550.915
2024-09-12 07:00:00+01:00,677.39
2024-09-12 08:00:00+01:00,673.045
2024-09-12 09:00:00+01:00,670.18
2024-09-12 10:00:00+01:00,773.265
2024-09-12 11:00:00+01:00,848.81
2024-09-12 12:00:00+01:00,851.645
2024-09-12 13:00:00+01:00,867.815
2024-09-12 14:00:00+01:00,863.105
2024-09-12 15:00:00+01:00,809.35
2024-09-12 16:00:00+01:00,753.7
2024-09-12 17:00:00+01:00,724.375
2024-09-12 18:00:00+01:00,657.175
2024-09-12 19:00:00+01:00,448.98
2024-09-12 20:00:00+01:00,316.71
2024-09-12 21:00:00+01:00,212.48
2024-09-12 22:00:00+01:00,127.775
2024-09-12 23:00:00+01:00,81.855
2024-09-13 00:00:00+01:00,56.44
2024-09-13 01:00:00+01:00,41.6
2024-09-13 02:00:00+01:00,29.555
2024-09-13 03:00:00+01:00,27.31
2024-09-13 04:00:00+01:00,31.24
2024-09-13 05:00:00+01:00,42.18
2024-09-13 06:00:00+01:00,71.425
2024-09-13 07:00:00+01:00,148.6
2024-09-13 08:00:00+01:00,200.27
2024-09-13 09:00:00+01:00,226.67
2024-09-13 10:00:00+01:00,265.59
2024-09-13 11:00:00+01:00,360.42
2024-09-13 12:00:00+01:00,526.625
2024-09-13 13:00:00+01:00,817.36
2024-09-13 14:00:00+01:00,964.375
2024-09-13 15:00:00+01:00,1079.465
2024-09-13 16:00:00+01:00,1229.58
2024-09-13 17:00:00+01:00,1368.265
2024-09-13 18:00:00+01:00,1495.5
2024-09-13 19:00:00+01:00,1834.325
2024-09-13 20:00:00+01:00,1934.385
2024-09-13 21:00:00+01:00,2034.805
2024-09-13 22:00:00+01:00,2092.42
2024-09-13 23:00:00+01:00,2078.925
2024-09-14 00:00:00+01:00,2059.365
2024-09-14 01:00:00+01:00,2173.04
2024-09-14 02:00:00+01:00,2209.045
2024-09-14 03:00:00+01:00,2250.185
2024-09-14 04:00:00+01:00,2322.8
2024-09-14 05:00:00+01:00,2420.795
2024-09-14 06:00:00+01:00,2544.15
2024-09-14 07:00:00+01:00,2849.24
2024-09-14 08:00:00+01:00,2904.325
2024-09-14 09:00:00+01:00,2988.8
2024-09-14 10:00:00+01:00,3147.775
2024-09-14 11:00:00+01:00,3262.495
2024-09-14 12:00:00+01:00,3254.425
2024-09-14 13:00:00+01:00,3388.09
2024-09-14 14:00:00+01:00,3366.71
2024-09-14 15:00:00+01:00,3312.255
2024-09-14 16:00:00+01:00,3130.82
2024-09-14 17:00:00+01:00,2917.415
2024-09-14 18:00:00+01:00,2711.225
2024-09-14 19:00:00+01:00,2431.98
2024-09-14 20:00:00+01:00,2111.875
2024-09-14 21:00:00+01:00,1857.0
2024-09-14 22:00:00+01:00,1653.86
2024-09-14 23:00:00+01:00,1493.475
2024-09-15 00:00:00+01:00,1361.245
2024-09-15 01:00:00+01:00,1129.685
2024-09-15 02:00:00+01:00,961.81
2024-09-15 03:00:00+01:00,856.1
2024-09-15 04:00:00+01:00,824.505
2024-09-15 05:00:00+01:00,799.635
2024-09-15 06:00:00+01:00,731.085
2024-09-15 07:00:00+01:00,537.25
2024-09-15 08:00:00+01:00,470.36
2024-09-15 09:00:00+01:00,426.9
2024-09-15 10:00:00+01:00,418.165
2024-09-15 11:00:00+01:00,391.515
2024-09-15 12:00:00+01:00,363.91
2024-09-15 13:00:00+01:00,331.425
2024-09-15 14:00:00+01:00,305.655
2024-09-15 15:00:00+01:00,282.285
2024-09-15 16:00:00+01:00,266.66
2024-09-15 17:00:00+01:00,233.705
2024-09-15 18:00:00+01:00,168.22
2024-09-15 19:00:00+01:00,115.335
2024-09-15 20:00:00+01:00,107.105
2024-09-15 21:00:00+01:00,119.465
2024-09-15 22:00:00+01:00,97.81
2024-09-15 23:00:00+01:00,58.845
2024-09-16 00:00:00+01:00,54.23
2024-09-16 01:00:00+01:00,64.495
2024-09-16 02:00:00+01:00,71.81
2024-09-16 03:00:00+01:00,83.875
2024-09-16 04:00:00+01:00,109.915
2024-09-16 05:00:00+01:00,155.59
2024-09-16 06:00:00+01:00,255.13
2024-09-16 07:00:00+01:00,323.64
2024-09-16 08:00:00+01:00,383.515
2024-09-16 09:00:00+01:00,437.03
2024-09-16 10:00:00+01:00,462.545
2024-09-16 11:00:00+01:00,426.39
2024-09-16 12:00:00+01:00,409.565
2024-09-16 13:00:00+01:00,326.845
2024-09-16 14:00:00+01:00,336.97
2024-09-16 15:00:00+01:00,325.62
2024-09-16 16:00:00+01:00,315.51
2024-09-16 17:00:00+01:00,297.215
2024-09-16 18:00:00+01:00,274.01
2024-09-16 19:00:00+01:00,214.495
2024-09-16 20:00:00+01:00,224.84
2024-09-16 21:00:00+01:00,251.38
2024-09-16 22:00:00+01:00,264.13
2024-09-16 23:00:00+01:00,252.885
2024-09-17 00:00:00+01:00,224.64
2024-09-17 01:00:00+01:00,180.045
2024-09-17 02:00:00+01:00,169.645
2024-09-17 03:00:00+01:00,172.01
2024-09-17 04:00:00+01:00,172.745
2024-09-17 05:00:00+01:00,151.165
2024-09-17 06:00:00+01:00,168.62
2024-09-17 07:00:00+01:00,220.725
2024-09-17 08:00:00+01:00,260.64
2024-09-17 09:00:00+01:00,262.99
2024-09-17 10:00:00+01:00,253.1
2024-09-17 11:00:00+01:00,242.675
2024-09-17 12:00:00+01:00,252.795
2024-09-17 13:00:00+01:00,253.62
2024-09-17 14:00:00+01:00,282.525
2024-09-17 15:00:00+01:00,306.165
2024-09-17 16:00:00+01:00,333.04
2024-09-17 17:00:00+01:00,318.505
2024-09-17 18:00:00+01:00,334.17
2024-09-17 19:00:00+01:00,292.0
2024-09-17 20:00:00+01:00,410.08
2024-09-17 21:00:00+01:00,467.555
2024-09-17 22:00:00+01:00,528.245
2024-09-17 23:00:00+01:00,576.795
2024-09-18 00:00:00+01:00,568.44
2024-09-18 01:00:00+01:00,538.245
2024-09-18 02:00:00+01:00,532.345
2024-09-18 03:00:00+01:00,495.14
2024-09-18 04:00:00+01:00,403.29
2024-09-18 05:00:00+01:00,359.15
2024-09-18 06:00:00+01:00,342.095
2024-09-18 07:00:00+01:00,387.725
2024-09-18 08:00:00+01:00,413.335
2024-09-18 09:00:00+01:00,381.69
2024-09-18 10:00:00+01:00,290.72
2024-09-18 11:00:00+01:00,205.775
2024-09-18 12:00:00+01:00,196.02
2024-09-18 13:00:00+01:00,225.13
2024-09-18 14:00:00+01:00,240.695
2024-09-18 15:00:00+01:00,218.515
2024-09-18 16:00:00+01:00,202.83
2024-09-18 17:00:00+01:00,190.015
2024-09-18 18:00:00+01:00,207.435
2024-09-18 19:00:00+01:00,262.875
2024-09-18 20:00:00+01:00,278.93
2024-09-18 21:00:00+01:00,285.935
2024-09-18 22:00:00+01:00,309.85
2024-09-18 23:00:00+01:00,347.435
2024-09-19 00:00:00+01:00,377.675
2024-09-19 01:00:00+01:00,344.3
2024-09-19 02:00:00+01:00,356.67
2024-09-19 03:00:00+01:00,361.27
2024-09-19 04:00:00+01:00,348.615
2024-09-19 05:00:00+01:00,356.305
2024-09-19 06:00:00+01:00,413.735
2024-09-19 07:00:00+01:00,531.305
2024-09-19 08:00:00+01:00,607.91
2024-09-19 09:00:00+01:00,555.395
2024-09-19 10:00:00+01:00,429.02
2024-09-19 11:00:00+01:00,415.04
2024-09-19 12:00:00+01:00,484.27
2024-09-19 13:00:00+01:00,546.905
2024-09-19 14:00:00+01:00,611.525
2024-09-19 15:00:00+01:00,628.54
2024-09-19 16:00:00+01:00,613.905
2024-09-19 17:00:00+01:00,608.66
2024-09-19 18:00:00+01:00,579.8
2024-09-19 19:00:00+01:00,614.105
2024-09-19 20:00:00+01:00,633.835
2024-09-19 21:00:00+01:00,669.14
2024-09-19 22:00:00+01:00,706.3
2024-09-19 23:00:00+01:00,703.445
2024-09-20 00:00:00+01:00,690.755
2024-09-20 01:00:00+01:00,690.585
2024-09-20 02:00:00+01:00,658.425
2024-09-20 03:00:00+01:00,625.215
2024-09-20 04:00:00+01:00,616.51
2024-09-20 05:00:00+01:00,598.675
2024-09-20 06:00:00+01:00,582.53
2024-09-20 07:00:00+01:00,611.17
2024-09-20 08:00:00+01:00,586.585
2024-09-20 09:00:00+01:00,531.105
2024-09-20 10:00:00+01:00,469.0
2024-09-20 11:00:00+01:00,432.07
2024-09-20 12:00:00+01:00,428.925
2024-09-20 13:00:00+01:00,276.655
2024-09-20 14:00:00+01:00,285.825
2024-09-20 15:00:00+01:00,285.375
2024-09-20 16:00:00+01:00,302.44
2024-09-20 17:00:00+01:00,355.19
2024-09-20 18:00:00+01:00,399.71
2024-09-20 19:00:00+01:00,414.855
2024-09-20 20:00:00+01:00,442.175
2024-09-20 21:00:00+01:00,491.06
2024-09-20 22:00:00+01:00,550.095
2024-09-20 23:00:00+01:00,556.355
2024-09-21 00:00:00+01:00,526.48
2024-09-21 01:00:00+01:00,492.635
2024-09-21 02:00:00+01:00,479.705
2024-09-21 03:00:00+01:00,494.2
2024-09-21 04:00:00+01:00,516.555
2024-09-21 05:00:00+01:00,526.17
2024-09-21 06:00:00+01:00,546.53
2024-09-21 07:00:00+01:00,674.96
2024-09-21 08:00:00+01:00,730.995
2024-09-21 09:00:00+01:00,700.0
2024-09-21 10:00:00+01:00,594.245
2024-09-21 11:00:00+01:00,540.485
2024-09-21 12:00:00+01:00,568.51
2024-09-21 13:00:00+01:00,670.145
2024-09-21 14:00:00+01:00,680.27
2024-09-21 15:00:00+01:00,692.93
2024-09-21 16:00:00+01:00,695.56
2024-09-21 17:00:00+01:00,666.56
2024-09-21 18:00:00+01:00,633.675
2024-09-21 19:00:00+01:00,624.625
2024-09-21 20:00:00+01:00,600.665
2024-09-21 21:00:00+01:00,629.565
2024-09-21 22:00:00+01:00,649.51
2024-09-21 23:00:00+01:00,629.125
2024-09-22 00:00:00+01:00,617.885
2024-09-22 01:00:00+01:00,640.6
2024-09-22 02:00:00+01:00,631.31
2024-09-22 03:00:00+01:00,611.96
2024-09-22 04:00:00+01:00,580.0
2024-09-22 05:00:00+01:00,530.09
2024-09-22 06:00:00+01:00,497.245
2024-09-22 07:00:00+01:00,511.025
2024-09-22 08:00:00+01:00,482.75
2024-09-22 09:00:00+01:00,433.585
2024-09-22 10:00:00+01:00,323.285
2024-09-22 11:00:00+01:00,258.62
2024-09-22 12:00:00+01:00,257.29
2024-09-22 13:00:00+01:00,342.97
2024-09-22 14:00:00+01:00,379.77
2024-09-22 15:00:00+01:00,384.62
2024-09-22 16:00:00+01:00,375.375
2024-09-22 17:00:00+01:00,392.69
2024-09-22 18:00:00+01:00,414.84
2024-09-22 19:00:00+01:00,393.38
2024-09-22 20:00:00+01:00,395.16
2024-09-22 21:00:00+01:00,410.465
2024-09-22 22:00:00+01:00,412.89
2024-09-22 23:00:00+01:00,420.06
2024-09-23 00:00:00+01:00,457.065
2024-09-23 01:00:00+01:00,559.81
2024-09-23 02:00:00+01:00,534.19
2024-09-23 03:00:00+01:00,501.97
2024-09-23 04:00:00+01:00,487.55
2024-09-23 05:00:00+01:00,488.26
2024-09-23 06:00:00+01:00,505.07
2024-09-23 07:00:00+01:00,497.36
2024-09-23 08:00:00+01:00,434.765
2024-09-23 09:00:00+01:00,399.055
2024-09-23 10:00:00+01:00,375.11
2024-09-23 11:00:00+01:00,376.21
2024-09-23 12:00:00+01:00,398.805
2024-09-23 13:00:00+01:00,523.245
2024-09-23 14:00:00+01:00,566.9
2024-09-23 15:00:00+01:00,602.37
2024-09-23 16:00:00+01:00,618.15
2024-09-23 17:00:00+01:00,641.12
2024-09-23 18:00:00+01:00,680.54
2024-09-23 19:00:00+01:00,566.37
2024-09-23 20:00:00+01:00,567.925
2024-09-23 21:00:00+01:00,542.99
2024-09-23 22:00:00+01:00,457.86
2024-09-23 23:00:00+01:00,386.59
2024-09-24 00:00:00+01:00,364.05
2024-09-24 01:00:00+01:00,309.425
2024-09-24 02:00:00+01:00,274.36
2024-09-24 03:00:00+01:00,295.985
2024-09-24 04:00:00+01:00,324.98
2024-09-24 05:00:00+01:00,332.135
2024-09-24 06:00:00+01:00,339.41
2024-09-24 07:00:00+01:00,336.69
2024-09-24 08:00:00+01:00,367.9
2024-09-24 09:00:00+01:00,399.925
2024-09-24 10:00:00+01:00,401.05
2024-09-24 11:00:00+01:00,407.11
2024-09-24 12:00:00+01:00,480.41
2024-09-24 13:00:00+01:00,500.08
2024-09-24 14:00:00+01:00,512.68
2024-09-24 15:00:00+01:00,499.575
2024-09-24 16:00:00+01:00,516.005
2024-09-24 17:00:00+01:00,546.555
2024-09-24 18:00:00+01:00,537.175
2024-09-24 19:00:00+01:00,388.6
2024-09-24 20:00:00+01:00,336.835
2024-09-24 21:00:00+01:00,276.625
2024-09-24 22:00:00+01:00,229.905
2024-09-24 23:00:00+01:00,205.085
2024-09-25 00:00:00+01:00,194.455
2024-09-25 01:00:00+01:00,253.7
2024-09-25 02:00:00+01:00,249.91
2024-09-25 03:00:00+01:00,243.855
2024-09-25 04:00:00+01:00,265.995
2024-09-25 05:00:00+01:00,309.485
2024-09-25 06:00:00+01:00,373.71
2024-09-25 07:00:00+01:00,606.58
2024-09-25 08:00:00+01:00,718.505
2024-09-25 09:00:00+01:00,797.8
2024-09-25 10:00:00+01:00,823.475
2024-09-25 11:00:00+01:00,823.56
2024-09-25 12:00:00+01:00,838.1
2024-09-25 13:00:00+01:00,897.565
2024-09-25 14:00:00+01:00,966.52
2024-09-25 15:00:00+01:00,963.29
2024-09-25 16:00:00+01:00,900.915
2024-09-25 17:00:00+01:00,839.48
2024-09-25 18:00:00+01:00,853.34
2024-09-25 19:00:00+01:00,966.655
2024-09-25 20:00:00+01:00,989.955
2024-09-25 21:00:00+01:00,916.36
2024-09-25 22:00:00+01:00,840.19
2024-09-25 23:00:00+01:00,833.13
2024-09-26 00:00:00+01:00,925.515
2024-09-26 01:00:00+01:00,1290.945
2024-09-26 02:00:00+01:00,1333.91
2024-09-26 03:00:00+01:00,1397.34
2024-09-26 04:00:00+01:00,1461.65
2024-09-26 05:00:00+01:00,1543.805
2024-09-26 06:00:00+01:00,1642.425
2024-09-26 07:00:00+01:00,1769.615
2024-09-26 08:00:00+01:00,1790.435
2024-09-26 09:00:00+01:00,1893.005
2024-09-26 10:00:00+01:00,2059.475
2024-09-26 11:00:00+01:00,2185.385
2024-09-26 12:00:00+01:00,2360.815
2024-09-26 13:00:00+01:00,2497.89
2024-09-26 14:00:00+01:00,2651.26
2024-09-26 15:00:00+01:00,2807.465
2024-09-26 16:00:00+01:00,3020.075
2024-09-26 17:00:00+01:00,3264.95
2024-09-26 18:00:00+01:00,3442.72
2024-09-26 19:00:00+01:00,3465.91
2024-09-26 20:00:00+01:00,3342.84
2024-09-26 21:00:00+01:00,3304.115
2024-09-26 22:00:00+01:00,3288.525
2024-09-26 23:00:00+01:00,3298.485
2024-09-27 00:00:00+01:00,3280.685
2024-09-27 01:00:00+01:00,3050.18
2024-09-27 02:00:00+01:00,3014.68
2024-09-27 03:00:00+01:00,3112.475
2024-09-27 04:00:00+01:00,3110.24
2024-09-27 05:00:00+01:00,3031.39
2024-09-27 06:00:00+01:00,2967.43
2024-09-27 07:00:00+01:00,2827.19
2024-09-27 08:00:00+01:00,2514.155
2024-09-27 09:00:00+01:00,2319.385
2024-09-27 10:00:00+01:00,2247.69
2024-09-27 11:00:00+01:00,2189.83
2024-09-27 12:00:00+01:00,2136.995
2024-09-27 13:00:00+01:00,2414.24
2024-09-27 14:00:00+01:00,2401.485
2024-09-27 15:00:00+01:00,2246.185
2024-09-27 16:00:00+01:00,2021.54
2024-09-27 17:00:00+01:00,1904.175
2024-09-27 18:00:00+01:00,1650.935
2024-09-27 19:00:00+01:00,1398.6
2024-09-27 20:00:00+01:00,1105.41
2024-09-27 21:00:00+01:00,895.88
2024-09-27 22:00:00+01:00,781.875
2024-09-27 23:00:00+01:00,677.51
2024-09-28 00:00:00+01:00,531.22
2024-09-28 01:00:00+01:00,474.765
2024-09-28 02:00:00+01:00,410.72
2024-09-28 03:00:00+01:00,341.41
2024-09-28 04:00:00+01:00,282.295
2024-09-28 05:00:00+01:00,271.32
2024-09-28 06:00:00+01:00,301.38
2024-09-28 07:00:00+01:00,295.19
2024-09-28 08:00:00+01:00,265.035
2024-09-28 09:00:00+01:00,232.535
2024-09-28 10:00:00+01:00,203.86
2024-09-28 11:00:00+01:00,203.685
2024-09-28 12:00:00+01:00,241.05
2024-09-28 13:00:00+01:00,254.765
2024-09-28 14:00:00+01:00,295.425
2024-09-28 15:00:00+01:00,330.215
2024-09-28 16:00:00+01:00,343.89
2024-09-28 17:00:00+01:00,346.255
2024-09-28 18:00:00+01:00,393.345
2024-09-28 19:00:00+01:00,486.845
2024-09-28 20:00:00+01:00,596.84
2024-09-28 21:00:00+01:00,708.065
2024-09-28 22:00:00+01:00,893.625
2024-09-28 23:00:00+01:00,1137.65
2024-09-29 00:00:00+01:00,1375.82
2024-09-29 01:00:00+01:00,1571.13
2024-09-29 02:00:00+01:00,1829.94
2024-09-29 03:00:00+01:00,2133.795
2024-09-29 04:00:00+01:00,2404.47
2024-09-29 05:00:00+01:00,2651.66
2024-09-29 06:00:00+01:00,2924.015
2024-09-29 07:00:00+01:00,3269.04
2024-09-29 08:00:00+01:00,3578.025
2024-09-29 09:00:00+01:00,3807.72
2024-09-29 10:00:00+01:00,3935.71
2024-09-29 11:00:00+01:00,4004.285
2024-09-29 12:00:00+01:00,4045.61
2024-09-29 13:00:00+01:00,4064.755
2024-09-29 14:00:00+01:00,4004.98
2024-09-29 15:00:00+01:00,3806.22
2024-09-29 16:00:00+01:00,3512.105
2024-09-29 17:00:00+01:00,3272.98
2024-09-29 18:00:00+01:00,3071.3
2024-09-29 19:00:00+01:00,2730.26
2024-09-29 20:00:00+01:00,2324.33
2024-09-29 21:00:00+01:00,1976.865
2024-09-29 22:00:00+01:00,1715.995
2024-09-29 23:00:00+01:00,1538.405
2024-09-30 00:00:00+01:00,1398.635
2024-09-30 01:00:00+01:00,1261.685
2024-09-30 02:00:00+01:00,1240.12
2024-09-30 03:00:00+01:00,1298.725
2024-09-30 04:00:00+01:00,1324.805
2024-09-30 05:00:00+01:00,1229.68
2024-09-30 06:00:00+01:00,1159.395
2024-09-30 07:00:00+01:00,1013.135
2024-09-30 08:00:00+01:00,1100.925
2024-09-30 09:00:00+01:00,1211.88
2024-09-30 10:00:00+01:00,1293.25
2024-09-30 11:00:00+01:00,1378.84
2024-09-30 12:00:00+01:00,1471.24
2024-09-30 13:00:00+01:00,1578.0
2024-09-30 14:00:00+01:00,1581.315
2024-09-30 15:00:00+01:00,1509.895
2024-09-30 16:00:00+01:00,1410.215
2024-09-30 17:00:00+01:00,1290.03
2024-09-30 18:00:00+01:00,1122.99
2024-09-30 19:00:00+01:00,899.33
2024-09-30 20:00:00+01:00,777.385
2024-09-30 21:00:00+01:00,739.25
2024-09-30 22:00:00+01:00,722.225
2024-09-30 23:00:00+01:00,705.925
2024-10-01 00:00:00+01:00,667.21
2024-10-01 01:00:00+01:00,627.365
2024-10-01 02:00:00+01:00,626.01
2024-10-01 03:00:00+01:00,680.94
2024-10-01 04:00:00+01:00,709.785
2024-10-01 05:00:00+01:00,657.73
2024-10-01 06:00:00+01:00,587.81
2024-10-01 07:00:00+01:00,587.435
2024-10-01 08:00:00+01:00,603.015
2024-10-01 09:00:00+01:00,616.985
2024-10-01 10:00:00+01:00,548.825
2024-10-01 11:00:00+01:00,501.95
2024-10-01 12:00:00+01:00,520.27
2024-10-01 13:00:00+01:00,545.395
2024-10-01 14:00:00+01:00,571.64
2024-10-01 15:00:00+01:00,587.57
2024-10-01 16:00:00+01:00,592.57
2024-10-01 17:00:00+01:00,605.885
2024-10-01 18:00:00+01:00,597.645
2024-10-01 19:00:00+01:00,587.365
2024-10-01 20:00:00+01:00,615.51
2024-10-01 21:00:00+01:00,629.405
2024-10-01 22:00:00+01:00,641.56
2024-10-01 23:00:00+01:00,609.625
2024-10-02 00:00:00+01:00,570.845
2024-10-02 01:00:00+01:00,641.95
2024-10-02 02:00:00+01:00,702.64
2024-10-02 03:00:00+01:00,794.63
2024-10-02 04:00:00+01:00,824.01
2024-10-02 05:00:00+01:00,797.635
2024-10-02 06:00:00+01:00,712.675
2024-10-02 07:00:00+01:00,808.1
2024-10-02 08:00:00+01:00,836.165
2024-10-02 09:00:00+01:00,846.99
2024-10-02 10:00:00+01:00,880.43
2024-10-02 11:00:00+01:00,922.795
2024-10-02 12:00:00+01:00,925.81
2024-10-02 13:00:00+01:00,942.175
2024-10-02 14:00:00+01:00,1051.975
2024-10-02 15:00:00+01:00,1075.39
2024-10-02 16:00:00+01:00,1073.805
2024-10-02 17:00:00+01:00,1105.68
2024-10-02 18:00:00+01:00,1099.68
2024-10-02 19:00:00+01:00,1024.035
2024-10-02 20:00:00+01:00,983.37
2024-10-02 21:00:00+01:00,916.07
2024-10-02 22:00:00+01:00,815.125
2024-10-02 23:00:00+01:00,789.125
2024-10-03 00:00:00+01:00,937.04
2024-10-03 01:00:00+01:00,1151.065
2024-10-03 02:00:00+01:00,1281.08
2024-10-03 03:00:00+01:00,1355.99
2024-10-03 04:00:00+01:00,1369.6
2024-10-03 05:00:00+01:00,1338.265
2024-10-03 06:00:00+01:00,1329.435
2024-10-03 07:00:00+01:00,1461.235
2024-10-03 08:00:00+01:00,1521.985
2024-10-03 09:00:00+01:00,1555.015
2024-10-03 10:00:00+01:00,1608.765
2024-10-03 11:00:00+01:00,1727.6
2024-10-03 12:00:00+01:00,1785.045
2024-10-03 13:00:00+01:00,1804.275
2024-10-03 14:00:00+01:00,1959.3
2024-10-03 15:00:00+01:00,2128.715
2024-10-03 16:00:00+01:00,2261.44
2024-10-03 17:00:00+01:00,2332.045
2024-10-03 18:00:00+01:00,2361.195
2024-10-03 19:00:00+01:00,2422.8
2024-10-03 20:00:00+01:00,2454.685
2024-10-03 21:00:00+01:00,2547.965
2024-10-03 22:00:00+01:00,2638.865
2024-10-03 23:00:00+01:00,2734.475
2024-10-04 00:00:00+01:00,2820.755
2024-10-04 01:00:00+01:00,2837.13
2024-10-04 02:00:00+01:00,2840.755
2024-10-04 03:00:00+01:00,2846.81
2024-10-04 04:00:00+01:00,2903.36
2024-10-04 05:00:00+01:00,2881.5
2024-10-04 06:00:00+01:00,2788.65
2024-10-04 07:00:00+01:00,2714.9
2024-10-04 08:00:00+01:00,2509.91
2024-10-04 09:00:00+01:00,2291.275
2024-10-04 10:00:00+01:00,2159.98
2024-10-04 11:00:00+01:00,2074.47
2024-10-04 12:00:00+01:00,2000.415
2024-10-04 13:00:00+01:00,1908.37
2024-10-04 14:00:00+01:00,1818.615
2024-10-04 15:00:00+01:00,1747.44
2024-10-04 16:00:00+01:00,1698.605
2024-10-04 17:00:00+01:00,1725.47
2024-10-04 18:00:00+01:00,1805.295
2024-10-04 19:00:00+01:00,1984.36
2024-10-04 20:00:00+01:00,2110.92
2024-10-04 21:00:00+01:00,2246.94
2024-10-04 22:00:00+01:00,2420.595
2024-10-04 23:00:00+01:00,2588.52
2024-10-05 00:00:00+01:00,2725.515
2024-10-05 01:00:00+01:00,2859.83
2024-10-05 02:00:00+01:00,2987.615
2024-10-05 03:00:00+01:00,3118.585
2024-10-05 04:00:00+01:00,3179.54
2024-10-05 05:00:00+01:00,3239.915
2024-10-05 06:00:00+01:00,3279.025
2024-10-05 07:00:00+01:00,3370.81
2024-10-05 08:00:00+01:00,3478.77
2024-10-05 09:00:00+01:00,3541.595
2024-10-05 10:00:00+01:00,3562.47
2024-10-05 11:00:00+01:00,3564.28
2024-10-05 12:00:00+01:00,3585.055
2024-10-05 13:00:00+01:00,3578.065
2024-10-05 14:00:00+01:00,3631.23
2024-10-05 15:00:00+01:00,3666.405
2024-10-05 16:00:00+01:00,3645.06
2024-10-05 17:00:00+01:00,3594.445
2024-10-05 18:00:00+01:00,3495.48
2024-10-05 19:00:00+01:00,3408.57
2024-10-05 20:00:00+01:00,3127.43
2024-10-05 21:00:00+01:00,2949.495
2024-10-05 22:00:00+01:00,2694.42
2024-10-05 23:00:00+01:00,2390.48
2024-10-06 00:00:00+01:00,2096.065
2024-10-06 01:00:00+01:00,1726.81
2024-10-06 02:00:00+01:00,1420.44
2024-10-06 03:00:00+01:00,1158.95
2024-10-06 04:00:00+01:00,906.195
2024-10-06 05:00:00+01:00,749.515
2024-10-06 06:00:00+01:00,710.955
2024-10-06 07:00:00+01:00,756.63
2024-10-06 08:00:00+01:00,775.365
2024-10-06 09:00:00+01:00,810.01
2024-10-06 10:00:00+01:00,864.29
2024-10-06 11:00:00+01:00,926.015
2024-10-06 12:00:00+01:00,992.325
2024-10-06 13:00:00+01:00,1175.285
2024-10-06 14:00:00+01:00,1321.23
2024-10-06 15:00:00+01:00,1448.525
2024-10-06 16:00:00+01:00,1534.64
2024-10-06 17:00:00+01:00,1622.905
2024-10-06 18:00:00+01:00,1757.975
2024-10-06 19:00:00+01:00,1866.85
2024-10-06 20:00:00+01:00,1873.5
2024-10-06 21:00:00+01:00,1793.465
2024-10-06 22:00:00+01:00,1717.25
2024-10-06 23:00:00+01:00,1663.025
2024-10-07 00:00:00+01:00,1633.77
2024-10-07 01:00:00+01:00,1568.91
2024-10-07 02:00:00+01:00,1527.36
2024-10-07 03:00:00+01:00,1453.845
2024-10-07 04:00:00+01:00,1338.4
2024-10-07 05:00:00+01:00,1269.505
2024-10-07 06:00:00+01:00,1277.585
2024-10-07 07:00:00+01:00,1270.955
2024-10-07 08:00:00+01:00,1277.445
2024-10-07 09:00:00+01:00,1244.14
2024-10-07 10:00:00+01:00,1248.48
2024-10-07 11:00:00+01:00,1264.665
2024-10-07 12:00:00+01:00,1226.87
2024-10-07 13:00:00+01:00,1291.82
2024-10-07 14:00:00+01:00,1315.365
2024-10-07 15:00:00+01:00,1313.31
2024-10-07 16:00:00+01:00,1178.33
2024-10-07 17:00:00+01:00,1002.41
2024-10-07 18:00:00+01:00,876.175
2024-10-07 19:00:00+01:00,837.33
2024-10-07 20:00:00+01:00,851.75
2024-10-07 21:00:00+01:00,834.025
2024-10-07 22:00:00+01:00,826.84
2024-10-07 23:00:00+01:00,772.26
2024-10-08 00:00:00+01:00,668.22
2024-10-08 01:00:00+01:00,603.84
2024-10-08 02:00:00+01:00,597.03
2024-10-08 03:00:00+01:00,594.285
2024-10-08 04:00:00+01:00,600.67
2024-10-08 05:00:00+01:00,591.555
2024-10-08 06:00:00+01:00,651.665
2024-10-08 07:00:00+01:00,684.145
2024-10-08 08:00:00+01:00,719.87
2024-10-08 09:00:00+01:00,710.265
2024-10-08 10:00:00+01:00,688.015
2024-10-08 11:00:00+01:00,641.115
2024-10-08 12:00:00+01:00,610.6
2024-10-08 13:00:00+01:00,536.01
2024-10-08 14:00:00+01:00,544.255
2024-10-08 15:00:00+01:00,584.075
2024-10-08 16:00:00+01:00,625.99
2024-10-08 17:00:00+01:00,686.775
2024-10-08 18:00:00+01:00,757.195
2024-10-08 19:00:00+01:00,851.925
2024-10-08 20:00:00+01:00,834.89
2024-10-08 21:00:00+01:00,849.69
2024-10-08 22:00:00+01:00,915.67
2024-10-08 23:00:00+01:00,999.125
2024-10-09 00:00:00+01:00,1093.695
2024-10-09 01:00:00+01:00,1040.845
2024-10-09 02:00:00+01:00,1122.915
2024-10-09 03:00:00+01:00,1225.65
2024-10-09 04:00:00+01:00,1331.33
2024-10-09 05:00:00+01:00,1485.005
2024-10-09 06:00:00+01:00,1651.85
2024-10-09 07:00:00+01:00,1585.955
2024-10-09 08:00:00+01:00,1730.195
2024-10-09 09:00:00+01:00,1871.135
2024-10-09 10:00:00+01:00,1989.475
2024-10-09 11:00:00+01:00,2132.985
2024-10-09 12:00:00+01:00,2243.235
2024-10-09 13:00:00+01:00,2078.78
2024-10-09 14:00:00+01:00,2155.18
2024-10-09 15:00:00+01:00,2178.695
2024-10-09 16:00:00+01:00,2159.22
2024-10-09 17:00:00+01:00,2092.495
2024-10-09 18:00:00+01:00,2037.66
2024-10-09 19:00:00+01:00,1803.6
2024-10-09 20:00:00+01:00,1745.845
2024-10-09 21:00:00+01:00,1667.345
2024-10-09 22:00:00+01:00,1552.905
2024-10-09 23:00:00+01:00,1447.4
2024-10-10 00:00:00+01:00,1361.47
2024-10-10 01:00:00+01:00,1379.24
2024-10-10 02:00:00+01:00,1238.75
2024-10-10 03:00:00+01:00,1120.96
2024-10-10 04:00:00+01:00,1044.175
2024-10-10 05:00:00+01:00,1005.275
2024-10-10 06:00:00+01:00,955.645
2024-10-10 07:00:00+01:00,1042.68
2024-10-10 08:00:00+01:00,885.47
2024-10-10 09:00:00+01:00,724.86
2024-10-10 10:00:00+01:00,579.69
2024-10-10 11:00:00+01:00,525.475
2024-10-10 12:00:00+01:00,493.395
2024-10-10 13:00:00+01:00,594.71
2024-10-10 14:00:00+01:00,533.42
2024-10-10 15:00:00+01:00,452.275
2024-10-10 16:00:00+01:00,380.135
2024-10-10 17:00:00+01:00,333.525
2024-10-10 18:00:00+01:00,308.02
2024-10-10 19:00:00+01:00,306.845
2024-10-10 20:00:00+01:00,273.26
2024-10-10 21:00:00+01:00,240.31
2024-10-10 22:00:00+01:00,203.525
2024-10-10 23:00:00+01:00,174.06
2024-10-11 00:00:00+01:00,164.035
2024-10-11 01:00:00+01:00,225.295
2024-10-11 02:00:00+01:00,215.4
2024-10-11 03:00:00+01:00,211.92
2024-10-11 04:00:00+01:00,219.17
2024-10-11 05:00:00+01:00,223.93
2024-10-11 06:00:00+01:00,232.38
2024-10-11 07:00:00+01:00,206.7
2024-10-11 08:00:00+01:00,218.425
2024-10-11 09:00:00+01:00,242.28
2024-10-11 10:00:00+01:00,257.18
2024-10-11 11:00:00+01:00,257.535
2024-10-11 12:00:00+01:00,292.845
2024-10-11 13:00:00+01:00,343.905
2024-10-11 14:00:00+01:00,338.23
2024-10-11 15:00:00+01:00,316.5
2024-10-11 16:00:00+01:00,321.635
2024-10-11 17:00:00+01:00,341.91
2024-10-11 18:00:00+01:00,345.59
2024-10-11 19:00:00+01:00,357.395
2024-10-11 20:00:00+01:00,375.58
2024-10-11 21:00:00+01:00,418.36
2024-10-11 22:00:00+01:00,484.435
2024-10-11 23:00:00+01:00,564.21
2024-10-12 00:00:00+01:00,632.625
2024-10-12 01:00:00+01:00,766.06
2024-10-12 02:00:00+01:00,830.4
2024-10-12 03:00:00+01:00,930.99
2024-10-12 04:00:00+01:00,1021.465
2024-10-12 05:00:00+01:00,1138.275
2024-10-12 06:00:00+01:00,1283.655
2024-10-12 07:00:00+01:00,1454.095
2024-10-12 08:00:00+01:00,1653.52
2024-10-12 09:00:00+01:00,1857.715
2024-10-12 10:00:00+01:00,2020.585
2024-10-12 11:00:00+01:00,2120.725
2024-10-12 12:00:00+01:00,2208.745
2024-10-12 13:00:00+01:00,2335.19
2024-10-12 14:00:00+01:00,2380.33
2024-10-12 15:00:00+01:00,2310.4
2024-10-12 16:00:00+01:00,2112.305
2024-10-12 17:00:00+01:00,1755.2
2024-10-12 18:00:00+01:00,1345.45
2024-10-12 19:00:00+01:00,911.71
2024-10-12 20:00:00+01:00,633.395
2024-10-12 21:00:00+01:00,477.095
2024-10-12 22:00:00+01:00,326.535
2024-10-12 23:00:00+01:00,213.345
2024-10-13 00:00:00+01:00,130.54
2024-10-13 01:00:00+01:00,109.5
2024-10-13 02:00:00+01:00,82.615
2024-10-13 03:00:00+01:00,96.9
2024-10-13 04:00:00+01:00,172.44
2024-10-13 05:00:00+01:00,235.25
2024-10-13 06:00:00+01:00,350.395
2024-10-13 07:00:00+01:00,483.31
2024-10-13 08:00:00+01:00,786.27
2024-10-13 09:00:00+01:00,933.54
2024-10-13 10:00:00+01:00,973.85
2024-10-13 11:00:00+01:00,1051.39
2024-10-13 12:00:00+01:00,1098.335
2024-10-13 13:00:00+01:00,1282.855
2024-10-13 14:00:00+01:00,1503.15
2024-10-13 15:00:00+01:00,1645.195
2024-10-13 16:00:00+01:00,1670.755
2024-10-13 17:00:00+01:00,1499.26
2024-10-13 18:00:00+01:00,1400.965
2024-10-13 19:00:00+01:00,1328.205
2024-10-13 20:00:00+01:00,1271.29
2024-10-13 21:00:00+01:00,1182.62
2024-10-13 22:00:00+01:00,1086.825
2024-10-13 23:00:00+01:00,973.955
2024-10-14 00:00:00+01:00,872.43
2024-10-14 01:00:00+01:00,745.62
2024-10-14 02:00:00+01:00,569.51
2024-10-14 03:00:00+01:00,459.96
2024-10-14 04:00:00+01:00,369.07
2024-10-14 05:00:00+01:00,313.435
2024-10-14 06:00:00+01:00,303.315
2024-10-14 07:00:00+01:00,232.725
2024-10-14 08:00:00+01:00,235.78
2024-10-14 09:00:00+01:00,233.82
2024-10-14 10:00:00+01:00,219.72
2024-10-14 11:00:00+01:00,207.155
2024-10-14 12:00:00+01:00,216.11
2024-10-14 13:00:00+01:00,224.72
2024-10-14 14:00:00+01:00,227.945
2024-10-14 15:00:00+01:00,215.99
2024-10-14 16:00:00+01:00,223.37
2024-10-14 17:00:00+01:00,264.04
2024-10-14 18:00:00+01:00,333.715
2024-10-14 19:00:00+01:00,478.4
2024-10-14 20:00:00+01:00,628.295
2024-10-14 21:00:00+01:00,763.165
2024-10-14 22:00:00+01:00,973.295
2024-10-14 23:00:00+01:00,1111.735
2024-10-15 00:00:00+01:00,1164.01
2024-10-15 01:00:00+01:00,1234.395
2024-10-15 02:00:00+01:00,1247.39
2024-10-15 03:00:00+01:00,1301.295
2024-10-15 04:00:00+01:00,1386.065
2024-10-15 05:00:00+01:00,1426.13
2024-10-15 06:00:00+01:00,1451.77
2024-10-15 07:00:00+01:00,1527.975
2024-10-15 08:00:00+01:00,1754.1
2024-10-15 09:00:00+01:00,1943.49
2024-10-15 10:00:00+01:00,2143.395
2024-10-15 11:00:00+01:00,2290.04
2024-10-15 12:00:00+01:00,2347.0
2024-10-15 13:00:00+01:00,2452.255
2024-10-15 14:00:00+01:00,2556.615
2024-10-15 15:00:00+01:00,2622.935
2024-10-15 16:00:00+01:00,2604.39
2024-10-15 17:00:00+01:00,2490.64
2024-10-15 18:00:00+01:00,2445.6
2024-10-15 19:00:00+01:00,2444.025
2024-10-15 20:00:00+01:00,2339.865
2024-10-15 21:00:00+01:00,2053.295
2024-10-15 22:00:00+01:00,1843.47
2024-10-15 23:00:00+01:00,1660.21
2024-10-16 00:00:00+01:00,1460.11
2024-10-16 01:00:00+01:00,1238.24
2024-10-16 02:00:00+01:00,1047.445
2024-10-16 03:00:00+01:00,914.085
2024-10-16 04:00:00+01:00,859.9
2024-10-16 05:00:00+01:00,815.245
2024-10-16 06:00:00+01:00,775.485
2024-10-16 07:00:00+01:00,845.245
2024-10-16 08:00:00+01:00,830.92
2024-10-16 09:00:00+01:00,781.305
2024-10-16 10:00:00+01:00,707.76
2024-10-16 11:00:00+01:00,624.53
2024-10-16 12:00:00+01:00,549.11
2024-10-16 13:00:00+01:00,509.27
2024-10-16 14:00:00+01:00,541.9
2024-10-16 15:00:00+01:00,595.11
2024-10-16 16:00:00+01:00,633.08
2024-10-16 17:00:00+01:00,626.555
2024-10-16 18:00:00+01:00,641.535
2024-10-16 19:00:00+01:00,682.635
2024-10-16 20:00:00+01:00,804.085
2024-10-16 21:00:00+01:00,921.885
2024-10-16 22:00:00+01:00,1063.185
2024-10-16 23:00:00+01:00,1160.4
2024-10-17 00:00:00+01:00,1232.59
2024-10-17 01:00:00+01:00,1273.785
2024-10-17 02:00:00+01:00,1337.47
2024-10-17 03:00:00+01:00,1328.4
2024-10-17 04:00:00+01:00,1294.215
2024-10-17 05:00:00+01:00,1260.965
2024-10-17 06:00:00+01:00,1177.35
2024-10-17 07:00:00+01:00,1323.4
2024-10-17 08:00:00+01:00,1302.455
2024-10-17 09:00:00+01:00,1320.175
2024-10-17 10:00:00+01:00,1333.185
2024-10-17 11:00:00+01:00,1352.745
2024-10-17 12:00:00+01:00,1388.46
2024-10-17 13:00:00+01:00,1682.99
2024-10-17 14:00:00+01:00,1849.545
2024-10-17 15:00:00+01:00,1759.53
2024-10-17 16:00:00+01:00,1518.205
2024-10-17 17:00:00+01:00,1344.055
2024-10-17 18:00:00+01:00,1138.045
2024-10-17 19:00:00+01:00,838.9
2024-10-17 20:00:00+01:00,926.02
2024-10-17 21:00:00+01:00,1253.67
2024-10-17 22:00:00+01:00,1292.665
2024-10-17 23:00:00+01:00,1218.555
2024-10-18 00:00:00+01:00,1409.75
2024-10-18 01:00:00+01:00,1797.495
2024-10-18 02:00:00+01:00,2178.73
2024-10-18 03:00:00+01:00,2586.375
2024-10-18 04:00:00+01:00,2959.835
2024-10-18 05:00:00+01:00,3267.595
2024-10-18 06:00:00+01:00,3494.99
2024-10-18 07:00:00+01:00,3668.7
2024-10-18 08:00:00+01:00,3735.24
2024-10-18 09:00:00+01:00,3850.39
2024-10-18 10:00:00+01:00,3952.295
2024-10-18 11:00:00+01:00,4002.135
2024-10-18 12:00:00+01:00,3976.155
2024-10-18 13:00:00+01:00,3892.535
2024-10-18 14:00:00+01:00,3584.495
2024-10-18 15:00:00+01:00,3168.83
2024-10-18 16:00:00+01:00,2713.4
2024-10-18 17:00:00+01:00,2392.45
2024-10-18 18:00:00+01:00,2238.625
2024-10-18 19:00:00+01:00,2081.625
2024-10-18 20:00:00+01:00,1908.83
2024-10-18 21:00:00+01:00,1775.74
2024-10-18 22:00:00+01:00,1714.925
2024-10-18 23:00:00+01:00,1690.755
2024-10-19 00:00:00+01:00,1570.675
2024-10-19 01:00:00+01:00,1539.745
2024-10-19 02:00:00+01:00,1431.71
2024-10-19 03:00:00+01:00,1372.145
2024-10-19 04:00:00+01:00,1261.775
2024-10-19 05:00:00+01:00,1081.98
2024-10-19 06:00:00+01:00,997.72
2024-10-19 07:00:00+01:00,1035.195
2024-10-19 08:00:00+01:00,1012.025
2024-10-19 09:00:00+01:00,849.785
2024-10-19 10:00:00+01:00,771.09
2024-10-19 11:00:00+01:00,746.055
2024-10-19 12:00:00+01:00,835.545
2024-10-19 13:00:00+01:00,994.585
2024-10-19 14:00:00+01:00,1084.52
2024-10-19 15:00:00+01:00,1054.705
2024-10-19 16:00:00+01:00,1019.17
2024-10-19 17:00:00+01:00,1084.45
2024-10-19 18:00:00+01:00,1409.695
2024-10-19 19:00:00+01:00,1814.605
2024-10-19 20:00:00+01:00,2366.71
2024-10-19 21:00:00+01:00,2993.02
2024-10-19 22:00:00+01:00,3515.645
2024-10-19 23:00:00+01:00,3913.22
2024-10-20 00:00:00+01:00,4145.45
2024-10-20 01:00:00+01:00,4244.345
2024-10-20 02:00:00+01:00,4283.105
2024-10-20 03:00:00+01:00,4207.2
2024-10-20 04:00:00+01:00,4081.25
2024-10-20 05:00:00+01:00,4046.8
2024-10-20 06:00:00+01:00,4014.015
2024-10-20 07:00:00+01:00,4073.465
2024-10-20 08:00:00+01:00,4139.34
2024-10-20 09:00:00+01:00,4186.5
2024-10-20 10:00:00+01:00,4116.84
2024-10-20 11:00:00+01:00,3931.23
2024-10-20 12:00:00+01:00,3700.36
2024-10-20 13:00:00+01:00,3383.905
2024-10-20 14:00:00+01:00,3333.32
2024-10-20 15:00:00+01:00,3298.465
2024-10-20 16:00:00+01:00,3423.055
2024-10-20 17:00:00+01:00,3844.23
2024-10-20 18:00:00+01:00,4096.49
2024-10-20 19:00:00+01:00,4265.305
2024-10-20 20:00:00+01:00,4248.835
2024-10-20 21:00:00+01:00,4197.185
2024-10-20 22:00:00+01:00,4095.075
2024-10-20 23:00:00+01:00,3911.44
2024-10-21 00:00:00+01:00,3701.045
2024-10-21 01:00:00+01:00,3275.225
2024-10-21 02:00:00+01:00,3048.46
2024-10-21 03:00:00+01:00,2862.66
2024-10-21 04:00:00+01:00,2723.095
2024-10-21 05:00:00+01:00,2625.965
2024-10-21 06:00:00+01:00,2551.97
2024-10-21 07:00:00+01:00,2274.055
2024-10-21 08:00:00+01:00,2277.72
2024-10-21 09:00:00+01:00,2332.93
2024-10-21 10:00:00+01:00,2418.12
2024-10-21 11:00:00+01:00,2521.555
2024-10-21 12:00:00+01:00,2612.76
2024-10-21 13:00:00+01:00,2731.785
2024-10-21 14:00:00+01:00,2877.635
2024-10-21 15:00:00+01:00,2907.825
2024-10-21 16:00:00+01:00,2882.23
2024-10-21 17:00:00+01:00,2747.445
2024-10-21 18:00:00+01:00,2584.05
2024-10-21 19:00:00+01:00,2283.975
2024-10-21 20:00:00+01:00,2057.31
2024-10-21 21:00:00+01:00,1744.74
2024-10-21 22:00:00+01:00,1450.71
2024-10-21 23:00:00+01:00,1231.025
2024-10-22 00:00:00+01:00,1068.215
2024-10-22 01:00:00+01:00,930.54
2024-10-22 02:00:00+01:00,836.915
2024-10-22 03:00:00+01:00,700.6
2024-10-22 04:00:00+01:00,611.55
2024-10-22 05:00:00+01:00,572.665
2024-10-22 06:00:00+01:00,538.695
2024-10-22 07:00:00+01:00,377.975
2024-10-22 08:00:00+01:00,332.025
2024-10-22 09:00:00+01:00,308.875
2024-10-22 10:00:00+01:00,258.485
2024-10-22 11:00:00+01:00,202.35
2024-10-22 12:00:00+01:00,187.555
2024-10-22 13:00:00+01:00,211.91
2024-10-22 14:00:00+01:00,276.635
2024-10-22 15:00:00+01:00,305.705
2024-10-22 16:00:00+01:00,303.62
2024-10-22 17:00:00+01:00,323.835
2024-10-22 18:00:00+01:00,381.75
2024-10-22 19:00:00+01:00,464.37
2024-10-22 20:00:00+01:00,546.63
2024-10-22 21:00:00+01:00,664.84
2024-10-22 22:00:00+01:00,795.565
2024-10-22 23:00:00+01:00,936.85
2024-10-23 00:00:00+01:00,1032.525
2024-10-23 01:00:00+01:00,1167.83
2024-10-23 02:00:00+01:00,1205.435
2024-10-23 03:00:00+01:00,1192.755
2024-10-23 04:00:00+01:00,1207.205
2024-10-23 05:00:00+01:00,1293.525
2024-10-23 06:00:00+01:00,1409.86
2024-10-23 07:00:00+01:00,1602.525
2024-10-23 08:00:00+01:00,1686.215
2024-10-23 09:00:00+01:00,1714.72
2024-10-23 10:00:00+01:00,1768.975
2024-10-23 11:00:00+01:00,1907.23
2024-10-23 12:00:00+01:00,2125.66
2024-10-23 13:00:00+01:00,2454.7
2024-10-23 14:00:00+01:00,2693.785
2024-10-23 15:00:00+01:00,2896.155
2024-10-23 16:00:00+01:00,3040.48
2024-10-23 17:00:00+01:00,3163.02
2024-10-23 18:00:00+01:00,3278.345
2024-10-23 19:00:00+01:00,3587.045
2024-10-23 20:00:00+01:00,3730.675
2024-10-23 21:00:00+01:00,3816.265
2024-10-23 22:00:00+01:00,3866.69
2024-10-23 23:00:00+01:00,3924.75
2024-10-24 00:00:00+01:00,3989.87
2024-10-24 01:00:00+01:00,3988.27
2024-10-24 02:00:00+01:00,3944.46
2024-10-24 03:00:00+01:00,3883.005
2024-10-24 04:00:00+01:00,3831.755
2024-10-24 05:00:00+01:00,3758.595
2024-10-24 06:00:00+01:00,3683.535
2024-10-24 07:00:00+01:00,3413.805
2024-10-24 08:00:00+01:00,3208.975
2024-10-24 09:00:00+01:00,3015.935
2024-10-24 10:00:00+01:00,2853.85
2024-10-24 11:00:00+01:00,2770.81
2024-10-24 12:00:00+01:00,2610.725
2024-10-24 13:00:00+01:00,2486.265
2024-10-24 14:00:00+01:00,2239.355
2024-10-24 15:00:00+01:00,1969.97
2024-10-24 16:00:00+01:00,1799.46
2024-10-24 17:00:00+01:00,1691.89
2024-10-24 18:00:00+01:00,1638.01
2024-10-24 19:00:00+01:00,1486.575
2024-10-24 20:00:00+01:00,1467.56
2024-10-24 21:00:00+01:00,1436.14
2024-10-24 22:00:00+01:00,1364.39
2024-10-24 23:00:00+01:00,1358.88
2024-10-25 00:00:00+01:00,1383.94
2024-10-25 01:00:00+01:00,1236.55
2024-10-25 02:00:00+01:00,1193.715
2024-10-25 03:00:00+01:00,1210.535
2024-10-25 04:00:00+01:00,1289.125
2024-10-25 05:00:00+01:00,1361.235
2024-10-25 06:00:00+01:00,1501.52
2024-10-25 07:00:00+01:00,1762.01
2024-10-25 08:00:00+01:00,1842.92
2024-10-25 09:00:00+01:00,1952.335
2024-10-25 10:00:00+01:00,2049.96
2024-10-25 11:00:00+01:00,2042.06
2024-10-25 12:00:00+01:00,2035.805
2024-10-25 13:00:00+01:00,1971.675
2024-10-25 14:00:00+01:00,1921.075
2024-10-25 15:00:00+01:00,1872.65
2024-10-25 16:00:00+01:00,1696.195
2024-10-25 17:00:00+01:00,1537.415
2024-10-25 18:00:00+01:00,1365.855
2024-10-25 19:00:00+01:00,1258.575
2024-10-25 20:00:00+01:00,1231.555
2024-10-25 21:00:00+01:00,1147.015
2024-10-25 22:00:00+01:00,1025.545
2024-10-25 23:00:00+01:00,980.845
2024-10-26 00:00:00+01:00,941.565
2024-10-26 01:00:00+01:00,794.18
2024-10-26 02:00:00+01:00,559.345
2024-10-26 03:00:00+01:00,415.965
2024-10-26 04:00:00+01:00,413.17
2024-10-26 05:00:00+01:00,441.855
2024-10-26 06:00:00+01:00,431.88
2024-10-26 07:00:00+01:00,536.26
2024-10-26 08:00:00+01:00,498.545
2024-10-26 09:00:00+01:00,514.825
2024-10-26 10:00:00+01:00,584.96
2024-10-26 11:00:00+01:00,644.06
2024-10-26 12:00:00+01:00,715.45
2024-10-26 13:00:00+01:00,1032.715
2024-10-26 14:00:00+01:00,1280.56
2024-10-26 15:00:00+01:00,1546.0
2024-10-26 16:00:00+01:00,1722.715
2024-10-26 17:00:00+01:00,1884.06
2024-10-26 18:00:00+01:00,1816.93
2024-10-26 19:00:00+01:00,1491.11
2024-10-26 20:00:00+01:00,1310.075
2024-10-26 21:00:00+01:00,1155.15
2024-10-26 22:00:00+01:00,969.105
2024-10-26 23:00:00+01:00,744.975
2024-10-27 00:00:00+01:00,528.49
2024-10-27 01:00:00+01:00,365.125
2024-10-27 01:00:00+00:00,294.04
2024-10-27 02:00:00+00:00,248.605
2024-10-27 03:00:00+00:00,286.93
2024-10-27 04:00:00+00:00,367.375
2024-10-27 05:00:00+00:00,506.53
2024-10-27 06:00:00+00:00,864.56
2024-10-27 07:00:00+00:00,1233.05
2024-10-27 08:00:00+00:00,1563.195
2024-10-27 09:00:00+00:00,1812.335
2024-10-27 10:00:00+00:00,2085.035
2024-10-27 11:00:00+00:00,2392.25
2024-10-27 12:00:00+00:00,2955.885
2024-10-27 13:00:00+00:00,3136.855
2024-10-27 14:00:00+00:00,3228.72
2024-10-27 15:00:00+00:00,3185.84
2024-10-27 16:00:00+00:00,3100.48
2024-10-27 17:00:00+00:00,3021.275
2024-10-27 18:00:00+00:00,3000.435
2024-10-27 19:00:00+00:00,2877.8
2024-10-27 20:00:00+00:00,2739.93
2024-10-27 21:00:00+00:00,2599.165
2024-10-27 22:00:00+00:00,2470.035
2024-10-27 23:00:00+00:00,2400.005
2024-10-28 00:00:00+00:00,2465.095
2024-10-28 01:00:00+00:00,2392.575
2024-10-28 02:00:00+00:00,2247.03
2024-10-28 03:00:00+00:00,1999.38
2024-10-28 04:00:00+00:00,1720.865
2024-10-28 05:00:00+00:00,1515.005
2024-10-28 06:00:00+00:00,1543.775
2024-10-28 07:00:00+00:00,1374.265
2024-10-28 08:00:00+00:00,1213.46
2024-10-28 09:00:00+00:00,1053.625
2024-10-28 10:00:00+00:00,879.895
2024-10-28 11:00:00+00:00,798.175
2024-10-28 12:00:00+00:00,675.925
2024-10-28 13:00:00+00:00,603.17
2024-10-28 14:00:00+00:00,562.095
2024-10-28 15:00:00+00:00,551.11
2024-10-28 16:00:00+00:00,543.36
2024-10-28 17:00:00+00:00,525.43
2024-10-28 18:00:00+00:00,427.97
2024-10-28 19:00:00+00:00,439.86
2024-10-28 20:00:00+00:00,416.82
2024-10-28 21:00:00+00:00,340.095
2024-10-28 22:00:00+00:00,278.95
2024-10-28 23:00:00+00:00,261.885
2024-10-29 00:00:00+00:00,295.87
2024-10-29 01:00:00+00:00,287.95
2024-10-29 02:00:00+00:00,298.255
2024-10-29 03:00:00+00:00,290.31
2024-10-29 04:00:00+00:00,247.275
2024-10-29 05:00:00+00:00,205.695
2024-10-29 06:00:00+00:00,177.14
2024-10-29 07:00:00+00:00,137.8
2024-10-29 08:00:00+00:00,121.48
2024-10-29 09:00:00+00:00,105.18
2024-10-29 10:00:00+00:00,107.77
2024-10-29 11:00:00+00:00,81.615
2024-10-29 12:00:00+00:00,74.29
2024-10-29 13:00:00+00:00,60.745
2024-10-29 14:00:00+00:00,54.87
2024-10-29 15:00:00+00:00,48.435
2024-10-29 16:00:00+00:00,38.54
2024-10-29 17:00:00+00:00,29.835
2024-10-29 18:00:00+00:00,36.5
2024-10-29 19:00:00+00:00,29.68
2024-10-29 20:00:00+00:00,22.7
2024-10-29 21:00:00+00:00,19.07
2024-10-29 22:00:00+00:00,21.79
2024-10-29 23:00:00+00:00,25.09
2024-10-30 00:00:00+00:00,28.1
2024-10-30 01:00:00+00:00,25.595
2024-10-30 02:00:00+00:00,19.515
2024-10-30 03:00:00+00:00,22.27
2024-10-30 04:00:00+00:00,26.11
2024-10-30 05:00:00+00:00,37.55
2024-10-30 06:00:00+00:00,35.09
2024-10-30 07:00:00+00:00,42.245
2024-10-30 08:00:00+00:00,46.61
2024-10-30 09:00:00+00:00,57.02
2024-10-30 10:00:00+00:00,64.755
2024-10-30 11:00:00+00:00,60.81
2024-10-30 12:00:00+00:00,82.71
2024-10-30 13:00:00+00:00,86.44
2024-10-30 14:00:00+00:00,88.215
2024-10-30 15:00:00+00:00,94.47
2024-10-30 16:00:00+00:00,103.775
2024-10-30 17:00:00+00:00,134.52
2024-10-30 18:00:00+00:00,169.9
2024-10-30 19:00:00+00:00,197.405
2024-10-30 20:00:00+00:00,226.255
2024-10-30 21:00:00+00:00,244.83
2024-10-30 22:00:00+00:00,269.025
2024-10-30 23:00:00+00:00,269.365
2024-10-31 00:00:00+00:00,263.885
2024-10-31 01:00:00+00:00,278.445
2024-10-31 02:00:00+00:00,323.195
2024-10-31 03:00:00+00:00,352.285
2024-10-31 04:00:00+00:00,358.465
2024-10-31 05:00:00+00:00,344.645
2024-10-31 06:00:00+00:00,323.705
2024-10-31 07:00:00+00:00,326.305
2024-10-31 08:00:00+00:00,312.355
2024-10-31 09:00:00+00:00,288.425
2024-10-31 10:00:00+00:00,266.235
2024-10-31 11:00:00+00:00,253.755
2024-10-31 12:00:00+00:00,291.06
2024-10-31 13:00:00+00:00,274.965
2024-10-31 14:00:00+00:00,248.405
2024-10-31 15:00:00+00:00,229.985
2024-10-31 16:00:00+00:00,218.54
2024-10-31 17:00:00+00:00,220.955
2024-10-31 18:00:00+00:00,230.965
2024-10-31 19:00:00+00:00,248.56
2024-10-31 20:00:00+00:00,256.95
2024-10-31 21:00:00+00:00,274.795
2024-10-31 22:00:00+00:00,298.99
2024-10-31 23:00:00+00:00,296.805
2024-11-01 00:00:00+00:00,300.815
2024-11-01 01:00:00+00:00,302.915
2024-11-01 02:00:00+00:00,298.315
2024-11-01 03:00:00+00:00,277.19
2024-11-01 04:00:00+00:00,229.22
2024-11-01 05:00:00+00:00,174.615
2024-11-01 06:00:00+00:00,205.57
2024-11-01 07:00:00+00:00,192.735
2024-11-01 08:00:00+00:00,167.74
2024-11-01 09:00:00+00:00,144.36
2024-11-01 10:00:00+00:00,116.225
2024-11-01 11:00:00+00:00,86.91
2024-11-01 12:00:00+00:00,68.49
2024-11-01 13:00:00+00:00,60.715
2024-11-01 14:00:00+00:00,51.045
2024-11-01 15:00:00+00:00,41.855
2024-11-01 16:00:00+00:00,37.985
2024-11-01 17:00:00+00:00,41.725
2024-11-01 18:00:00+00:00,50.93
2024-11-01 19:00:00+00:00,54.085
2024-11-01 20:00:00+00:00,56.455
2024-11-01 21:00:00+00:00,74.31
2024-11-01 22:00:00+00:00,119.555
2024-11-01 23:00:00+00:00,167.315
2024-11-02 00:00:00+00:00,127.255
2024-11-02 01:00:00+00:00,132.64
2024-11-02 02:00:00+00:00,138.79
2024-11-02 03:00:00+00:00,157.905
2024-11-02 04:00:00+00:00,192.55
2024-11-02 05:00:00+00:00,224.89
2024-11-02 06:00:00+00:00,215.475
2024-11-02 07:00:00+00:00,199.52
2024-11-02 08:00:00+00:00,204.1
2024-11-02 09:00:00+00:00,228.355
2024-11-02 10:00:00+00:00,244.455
2024-11-02 11:00:00+00:00,256.17
2024-11-02 12:00:00+00:00,235.55
2024-11-02 13:00:00+00:00,226.6
2024-11-02 14:00:00+00:00,223.375
2024-11-02 15:00:00+00:00,206.02
2024-11-02 16:00:00+00:00,195.595
2024-11-02 17:00:00+00:00,221.615
2024-11-02 18:00:00+00:00,254.4
2024-11-02 19:00:00+00:00,281.745
2024-11-02 20:00:00+00:00,308.14
2024-11-02 21:00:00+00:00,353.805
2024-11-02 22:00:00+00:00,385.81
2024-11-02 23:00:00+00:00,438.495
2024-11-03 00:00:00+00:00,505.235
2024-11-03 01:00:00+00:00,504.295
2024-11-03 02:00:00+00:00,445.605
2024-11-03 03:00:00+00:00,428.085
2024-11-03 04:00:00+00:00,452.335
2024-11-03 05:00:00+00:00,500.06
2024-11-03 06:00:00+00:00,419.67
2024-11-03 07:00:00+00:00,433.305
2024-11-03 08:00:00+00:00,454.25
2024-11-03 09:00:00+00:00,504.97
2024-11-03 10:00:00+00:00,495.0
2024-11-03 11:00:00+00:00,460.825
2024-11-03 12:00:00+00:00,320.025
2024-11-03 13:00:00+00:00,323.61
2024-11-03 14:00:00+00:00,326.35
2024-11-03 15:00:00+00:00,338.015
2024-11-03 16:00:00+00:00,352.575
2024-11-03 17:00:00+00:00,344.865
2024-11-03 18:00:00+00:00,329.81
2024-11-03 19:00:00+00:00,384.355
2024-11-03 20:00:00+00:00,405.92
2024-11-03 21:00:00+00:00,430.485
2024-11-03 22:00:00+00:00,433.555
2024-11-03 23:00:00+00:00,383.365
2024-11-04 00:00:00+00:00,300.765
2024-11-04 01:00:00+00:00,306.98
2024-11-04 02:00:00+00:00,298.835
2024-11-04 03:00:00+00:00,289.01
2024-11-04 04:00:00+00:00,290.355
2024-11-04 05:00:00+00:00,312.475
2024-11-04 06:00:00+00:00,358.065
2024-11-04 07:00:00+00:00,348.69
2024-11-04 08:00:00+00:00,346.565
2024-11-04 09:00:00+00:00,375.78
2024-11-04 10:00:00+00:00,375.05
2024-11-04 11:00:00+00:00,352.825
2024-11-04 12:00:00+00:00,320.17
2024-11-04 13:00:00+00:00,319.875
2024-11-04 14:00:00+00:00,359.74
2024-11-04 15:00:00+00:00,420.18
2024-11-04 16:00:00+00:00,514.115
2024-11-04 17:00:00+00:00,637.105
2024-11-04 18:00:00+00:00,740.99
2024-11-04 19:00:00+00:00,765.195
2024-11-04 20:00:00+00:00,835.91
2024-11-04 21:00:00+00:00,874.35
2024-11-04 22:00:00+00:00,882.285
2024-11-04 23:00:00+00:00,947.805
2024-11-05 00:00:00+00:00,1014.125
2024-11-05 01:00:00+00:00,1008.74
2024-11-05 02:00:00+00:00,1039.895
2024-11-05 03:00:00+00:00,1127.535
2024-11-05 04:00:00+00:00,1222.325
2024-11-05 05:00:00+00:00,1260.71
2024-11-05 06:00:00+00:00,1131.06
2024-11-05 07:00:00+00:00,1147.505
2024-11-05 08:00:00+00:00,1202.33
2024-11-05 09:00:00+00:00,1276.715
2024-11-05 10:00:00+00:00,1276.08
2024-11-05 11:00:00+00:00,1172.37
2024-11-05 12:00:00+00:00,1098.49
2024-11-05 13:00:00+00:00,1123.245
2024-11-05 14:00:00+00:00,1120.12
2024-11-05 15:00:00+00:00,1094.705
2024-11-05 16:00:00+00:00,1080.295
2024-11-05 17:00:00+00:00,1103.02
2024-11-05 18:00:00+00:00,1099.885
2024-11-05 19:00:00+00:00,1012.255
2024-11-05 20:00:00+00:00,927.635
2024-11-05 21:00:00+00:00,841.035
2024-11-05 22:00:00+00:00,786.675
2024-11-05 23:00:00+00:00,767.03
2024-11-06 00:00:00+00:00,694.63
2024-11-06 01:00:00+00:00,770.68
2024-11-06 02:00:00+00:00,867.38
2024-11-06 03:00:00+00:00,951.73
2024-11-06 04:00:00+00:00,934.62
2024-11-06 05:00:00+00:00,898.455
2024-11-06 06:00:00+00:00,1097.51
2024-11-06 07:00:00+00:00,1165.23
2024-11-06 08:00:00+00:00,1270.92
2024-11-06 09:00:00+00:00,1387.1
2024-11-06 10:00:00+00:00,1476.44
2024-11-06 11:00:00+00:00,1577.235
2024-11-06 12:00:00+00:00,1923.11
2024-11-06 13:00:00+00:00,1919.69
2024-11-06 14:00:00+00:00,1952.83
2024-11-06 15:00:00+00:00,1975.705
2024-11-06 16:00:00+00:00,2096.135
2024-11-06 17:00:00+00:00,2328.59
2024-11-06 18:00:00+00:00,2389.55
2024-11-06 19:00:00+00:00,2431.635
2024-11-06 20:00:00+00:00,2526.93
2024-11-06 21:00:00+00:00,2638.585
2024-11-06 22:00:00+00:00,2754.165
2024-11-06 23:00:00+00:00,2800.435
2024-11-07 00:00:00+00:00,2838.61
2024-11-07 01:00:00+00:00,2850.74
2024-11-07 02:00:00+00:00,2870.075
2024-11-07 03:00:00+00:00,2920.045
2024-11-07 04:00:00+00:00,2986.82
2024-11-07 05:00:00+00:00,3045.23
2024-11-07 06:00:00+00:00,3037.81
2024-11-07 07:00:00+00:00,3046.56
2024-11-07 08:00:00+00:00,3075.03
2024-11-07 09:00:00+00:00,3021.64
2024-11-07 10:00:00+00:00,2873.805
2024-11-07 11:00:00+00:00,2782.75
2024-11-07 12:00:00+00:00,2705.16
2024-11-07 13:00:00+00:00,2648.635
2024-11-07 14:00:00+00:00,2464.55
2024-11-07 15:00:00+00:00,2182.265
2024-11-07 16:00:00+00:00,1862.6
2024-11-07 17:00:00+00:00,1903.185
2024-11-07 18:00:00+00:00,1974.96
2024-11-07 19:00:00+00:00,1904.2
2024-11-07 20:00:00+00:00,1765.23
2024-11-07 21:00:00+00:00,1686.805
2024-11-07 22:00:00+00:00,1655.055
2024-11-07 23:00:00+00:00,1699.585
2024-11-08 00:00:00+00:00,1798.42
2024-11-08 01:00:00+00:00,1817.35
2024-11-08 02:00:00+00:00,1775.55
2024-11-08 03:00:00+00:00,1793.58
2024-11-08 04:00:00+00:00,1794.395
2024-11-08 05:00:00+00:00,1866.37
2024-11-08 06:00:00+00:00,1990.175
2024-11-08 07:00:00+00:00,2036.865
2024-11-08 08:00:00+00:00,1941.84
2024-11-08 09:00:00+00:00,1866.39
2024-11-08 10:00:00+00:00,1822.32
2024-11-08 11:00:00+00:00,1840.135
2024-11-08 12:00:00+00:00,1854.765
2024-11-08 13:00:00+00:00,1845.715
2024-11-08 14:00:00+00:00,1753.165
2024-11-08 15:00:00+00:00,1581.48
2024-11-08 16:00:00+00:00,1412.66
2024-11-08 17:00:00+00:00,1322.2
2024-11-08 18:00:00+00:00,1306.54
2024-11-08 19:00:00+00:00,1354.83
2024-11-08 20:00:00+00:00,1353.35
2024-11-08 21:00:00+00:00,1283.68
2024-11-08 22:00:00+00:00,1199.825
2024-11-08 23:00:00+00:00,1134.64
2024-11-09 00:00:00+00:00,1016.645
2024-11-09 01:00:00+00:00,967.23
2024-11-09 02:00:00+00:00,914.295
2024-11-09 03:00:00+00:00,816.87
2024-11-09 04:00:00+00:00,759.745
2024-11-09 05:00:00+00:00,775.4
2024-11-09 06:00:00+00:00,949.735
2024-11-09 07:00:00+00:00,957.1
2024-11-09 08:00:00+00:00,962.015
2024-11-09 09:00:00+00:00,958.75
2024-11-09 10:00:00+00:00,879.195
2024-11-09 11:00:00+00:00,785.08
2024-11-09 12:00:00+00:00,802.67
2024-11-09 13:00:00+00:00,756.875
2024-11-09 14:00:00+00:00,762.99
2024-11-09 15:00:00+00:00,772.155
2024-11-09 16:00:00+00:00,793.105
2024-11-09 17:00:00+00:00,834.84
2024-11-09 18:00:00+00:00,897.26
2024-11-09 19:00:00+00:00,948.69
2024-11-09 20:00:00+00:00,993.725
2024-11-09 21:00:00+00:00,1042.09
2024-11-09 22:00:00+00:00,1033.715
2024-11-09 23:00:00+00:00,954.725
2024-11-10 00:00:00+00:00,758.915
2024-11-10 01:00:00+00:00,686.73
2024-11-10 02:00:00+00:00,600.93
2024-11-10 03:00:00+00:00,513.425
2024-11-10 04:00:00+00:00,447.565
2024-11-10 05:00:00+00:00,386.26
2024-11-10 06:00:00+00:00,336.205
2024-11-10 07:00:00+00:00,288.17
2024-11-10 08:00:00+00:00,269.795
2024-11-10 09:00:00+00:00,258.495
2024-11-10 10:00:00+00:00,270.395
2024-11-10 11:00:00+00:00,303.82
2024-11-10 12:00:00+00:00,345.3
2024-11-10 13:00:00+00:00,376.595
2024-11-10 14:00:00+00:00,427.87
2024-11-10 15:00:00+00:00,533.24
2024-11-10 16:00:00+00:00,563.61
2024-11-10 17:00:00+00:00,505.03
2024-11-10 18:00:00+00:00,353.275
2024-11-10 19:00:00+00:00,258.11
2024-11-10 20:00:00+00:00,214.43
2024-11-10 21:00:00+00:00,181.7
2024-11-10 22:00:00+00:00,153.62
2024-11-10 23:00:00+00:00,139.535
2024-11-11 00:00:00+00:00,103.68
2024-11-11 01:00:00+00:00,90.06
2024-11-11 02:00:00+00:00,72.26
2024-11-11 03:00:00+00:00,71.585
2024-11-11 04:00:00+00:00,74.715
2024-11-11 05:00:00+00:00,78.905
2024-11-11 06:00:00+00:00,65.9
2024-11-11 07:00:00+00:00,50.59
2024-11-11 08:00:00+00:00,51.975
2024-11-11 09:00:00+00:00,52.67
2024-11-11 10:00:00+00:00,61.73
2024-11-11 11:00:00+00:00,66.27
2024-11-11 12:00:00+00:00,51.56
2024-11-11 13:00:00+00:00,42.92
2024-11-11 14:00:00+00:00,37.01
2024-11-11 15:00:00+00:00,31.375
2024-11-11 16:00:00+00:00,28.18
2024-11-11 17:00:00+00:00,28.72
2024-11-11 18:00:00+00:00,46.105
2024-11-11 19:00:00+00:00,52.715
2024-11-11 20:00:00+00:00,54.335
2024-11-11 21:00:00+00:00,53.29
2024-11-11 22:00:00+00:00,47.36
2024-11-11 23:00:00+00:00,49.62
2024-11-12 00:00:00+00:00,48.09
2024-11-12 01:00:00+00:00,49.47
2024-11-12 02:00:00+00:00,49.705
2024-11-12 03:00:00+00:00,43.915
2024-11-12 04:00:00+00:00,38.15
2024-11-12 05:00:00+00:00,39.305
2024-11-12 06:00:00+00:00,39.61
2024-11-12 07:00:00+00:00,45.11
2024-11-12 08:00:00+00:00,40.7
2024-11-12 09:00:00+00:00,34.595
2024-11-12 10:00:00+00:00,36.99
2024-11-12 11:00:00+00:00,39.96
2024-11-12 12:00:00+00:00,44.22
2024-11-12 13:00:00+00:00,46.34
2024-11-12 14:00:00+00:00,51.38
2024-11-12 15:00:00+00:00,59.29
2024-11-12 16:00:00+00:00,72.33
2024-11-12 17:00:00+00:00,84.725
2024-11-12 18:00:00+00:00,81.145
2024-11-12 19:00:00+00:00,87.96
2024-11-12 20:00:00+00:00,85.185
2024-11-12 21:00:00+00:00,78.665
2024-11-12 22:00:00+00:00,70.505
2024-11-12 23:00:00+00:00,64.86
2024-11-13 00:00:00+00:00,62.79
2024-11-13 01:00:00+00:00,58.455
2024-11-13 02:00:00+00:00,61.065
2024-11-13 03:00:00+00:00,68.67
2024-11-13 04:00:00+00:00,82.435
2024-11-13 05:00:00+00:00,106.155
2024-11-13 06:00:00+00:00,132.715
2024-11-13 07:00:00+00:00,125.435
2024-11-13 08:00:00+00:00,123.25
2024-11-13 09:00:00+00:00,117.9
2024-11-13 10:00:00+00:00,111.16
2024-11-13 11:00:00+00:00,101.11
2024-11-13 12:00:00+00:00,90.37
2024-11-13 13:00:00+00:00,79.715
2024-11-13 14:00:00+00:00,83.66
2024-11-13 15:00:00+00:00,107.5
2024-11-13 16:00:00+00:00,152.785
2024-11-13 17:00:00+00:00,196.085
2024-11-13 18:00:00+00:00,259.835
2024-11-13 19:00:00+00:00,321.98
2024-11-13 20:00:00+00:00,369.405
2024-11-13 21:00:00+00:00,418.22
2024-11-13 22:00:00+00:00,425.525
2024-11-13 23:00:00+00:00,389.185
2024-11-14 00:00:00+00:00,445.06
2024-11-14 01:00:00+00:00,452.375
2024-11-14 02:00:00+00:00,477.135
2024-11-14 03:00:00+00:00,458.905
2024-11-14 04:00:00+00:00,390.465
2024-11-14 05:00:00+00:00,362.15
2024-11-14 06:00:00+00:00,517.97
2024-11-14 07:00:00+00:00,431.4
2024-11-14 08:00:00+00:00,373.435
2024-11-14 09:00:00+00:00,327.685
2024-11-14 10:00:00+00:00,300.64
2024-11-14 11:00:00+00:00,254.715
2024-11-14 12:00:00+00:00,207.895
2024-11-14 13:00:00+00:00,164.615
2024-11-14 14:00:00+00:00,138.115
2024-11-14 15:00:00+00:00,123.215
2024-11-14 16:00:00+00:00,113.585
2024-11-14 17:00:00+00:00,105.585
2024-11-14 18:00:00+00:00,80.805
2024-11-14 19:00:00+00:00,68.1
2024-11-14 20:00:00+00:00,55.565
2024-11-14 21:00:00+00:00,45.73
2024-11-14 22:00:00+00:00,37.535
2024-11-14 23:00:00+00:00,36.53
2024-11-15 00:00:00+00:00,50.19
2024-11-15 01:00:00+00:00,59.51
2024-11-15 02:00:00+00:00,74.49
2024-11-15 03:00:00+00:00,103.52
2024-11-15 04:00:00+00:00,155.905
2024-11-15 05:00:00+00:00,204.095
2024-11-15 06:00:00+00:00,231.045
2024-11-15 07:00:00+00:00,250.365
2024-11-15 08:00:00+00:00,287.08
2024-11-15 09:00:00+00:00,335.49
2024-11-15 10:00:00+00:00,399.965
2024-11-15 11:00:00+00:00,433.455
2024-11-15 12:00:00+00:00,454.39
2024-11-15 13:00:00+00:00,535.44
2024-11-15 14:00:00+00:00,622.345
2024-11-15 15:00:00+00:00,642.425
2024-11-15 16:00:00+00:00,642.11
2024-11-15 17:00:00+00:00,675.02
2024-11-15 18:00:00+00:00,708.735
2024-11-15 19:00:00+00:00,691.095
2024-11-15 20:00:00+00:00,652.03
2024-11-15 21:00:00+00:00,619.135
2024-11-15 22:00:00+00:00,612.03
2024-11-15 23:00:00+00:00,601.055
2024-11-16 00:00:00+00:00,550.36
2024-11-16 01:00:00+00:00,459.095
2024-11-16 02:00:00+00:00,430.265
2024-11-16 03:00:00+00:00,454.47
2024-11-16 04:00:00+00:00,463.91
2024-11-16 05:00:00+00:00,447.905
2024-11-16 06:00:00+00:00,395.805
2024-11-16 07:00:00+00:00,352.585
2024-11-16 08:00:00+00:00,345.395
2024-11-16 09:00:00+00:00,348.48
2024-11-16 10:00:00+00:00,367.335
2024-11-16 11:00:00+00:00,440.59
2024-11-16 12:00:00+00:00,692.195
2024-11-16 13:00:00+00:00,760.3
2024-11-16 14:00:00+00:00,779.615
2024-11-16 15:00:00+00:00,793.28
2024-11-16 16:00:00+00:00,756.115
2024-11-16 17:00:00+00:00,736.31
2024-11-16 18:00:00+00:00,821.86
2024-11-16 19:00:00+00:00,795.025
2024-11-16 20:00:00+00:00,736.765
2024-11-16 21:00:00+00:00,710.33
2024-11-16 22:00:00+00:00,743.46
2024-11-16 23:00:00+00:00,754.32
2024-11-17 00:00:00+00:00,792.45
2024-11-17 01:00:00+00:00,770.975
2024-11-17 02:00:00+00:00,823.29
2024-11-17 03:00:00+00:00,926.41
2024-11-17 04:00:00+00:00,992.99
2024-11-17 05:00:00+00:00,974.29
2024-11-17 06:00:00+00:00,885.04
2024-11-17 07:00:00+00:00,846.98
2024-11-17 08:00:00+00:00,978.54
2024-11-17 09:00:00+00:00,1167.595
2024-11-17 10:00:00+00:00,1340.78
2024-11-17 11:00:00+00:00,1513.185
2024-11-17 12:00:00+00:00,1793.775
2024-11-17 13:00:00+00:00,1786.74
2024-11-17 14:00:00+00:00,1739.62
2024-11-17 15:00:00+00:00,1766.65
2024-11-17 16:00:00+00:00,1788.35
2024-11-17 17:00:00+00:00,1739.585
2024-11-17 18:00:00+00:00,1445.925
2024-11-17 19:00:00+00:00,1377.005
2024-11-17 20:00:00+00:00,1268.21
2024-11-17 21:00:00+00:00,1165.025
2024-11-17 22:00:00+00:00,1045.39
2024-11-17 23:00:00+00:00,893.04
2024-11-18 00:00:00+00:00,661.955
2024-11-18 01:00:00+00:00,484.105
2024-11-18 02:00:00+00:00,331.81
2024-11-18 03:00:00+00:00,265.41
2024-11-18 04:00:00+00:00,263.77
2024-11-18 05:00:00+00:00,345.345
2024-11-18 06:00:00+00:00,377.845
2024-11-18 07:00:00+00:00,606.01
2024-11-18 08:00:00+00:00,852.36
2024-11-18 09:00:00+00:00,1045.405
2024-11-18 10:00:00+00:00,1250.115
2024-11-18 11:00:00+00:00,1327.51
2024-11-18 12:00:00+00:00,1542.235
2024-11-18 13:00:00+00:00,1708.0
2024-11-18 14:00:00+00:00,1997.31
2024-11-18 15:00:00+00:00,2281.57
2024-11-18 16:00:00+00:00,2406.245
2024-11-18 17:00:00+00:00,2566.25
2024-11-18 18:00:00+00:00,2562.72
2024-11-18 19:00:00+00:00,2575.395
2024-11-18 20:00:00+00:00,2427.535
2024-11-18 21:00:00+00:00,2275.565
2024-11-18 22:00:00+00:00,2102.69
2024-11-18 23:00:00+00:00,1947.695
2024-11-19 00:00:00+00:00,1923.29
2024-11-19 01:00:00+00:00,1909.69
2024-11-19 02:00:00+00:00,1781.25
2024-11-19 03:00:00+00:00,1585.73
2024-11-19 04:00:00+00:00,1462.645
2024-11-19 05:00:00+00:00,1389.72
2024-11-19 06:00:00+00:00,1985.17
2024-11-19 07:00:00+00:00,1725.425
2024-11-19 08:00:00+00:00,1401.685
2024-11-19 09:00:00+00:00,1022.07
2024-11-19 10:00:00+00:00,755.35
2024-11-19 11:00:00+00:00,692.685
2024-11-19 12:00:00+00:00,1133.61
2024-11-19 13:00:00+00:00,1055.44
2024-11-19 14:00:00+00:00,865.265
2024-11-19 15:00:00+00:00,729.965
2024-11-19 16:00:00+00:00,662.505
2024-11-19 17:00:00+00:00,631.515
2024-11-19 18:00:00+00:00,637.425
2024-11-19 19:00:00+00:00,607.965
2024-11-19 20:00:00+00:00,581.02
2024-11-19 21:00:00+00:00,518.03
2024-11-19 22:00:00+00:00,504.485
2024-11-19 23:00:00+00:00,548.975
2024-11-20 00:00:00+00:00,644.31
2024-11-20 01:00:00+00:00,616.415
2024-11-20 02:00:00+00:00,634.375
2024-11-20 03:00:00+00:00,736.52
2024-11-20 04:00:00+00:00,790.26
2024-11-20 05:00:00+00:00,765.34
2024-11-20 06:00:00+00:00,759.885
2024-11-20 07:00:00+00:00,645.37
2024-11-20 08:00:00+00:00,520.625
2024-11-20 09:00:00+00:00,383.005
2024-11-20 10:00:00+00:00,266.505
2024-11-20 11:00:00+00:00,159.855
2024-11-20 12:00:00+00:00,111.56
2024-11-20 13:00:00+00:00,71.135
2024-11-20 14:00:00+00:00,60.645
2024-11-20 15:00:00+00:00,61.075
2024-11-20 16:00:00+00:00,86.165
2024-11-20 17:00:00+00:00,167.325
2024-11-20 18:00:00+00:00,508.59
2024-11-20 19:00:00+00:00,781.82
2024-11-20 20:00:00+00:00,1019.17
2024-11-20 21:00:00+00:00,1219.585
2024-11-20 22:00:00+00:00,1357.995
2024-11-20 23:00:00+00:00,1514.33
2024-11-21 00:00:00+00:00,1692.995
2024-11-21 01:00:00+00:00,1782.83
2024-11-21 02:00:00+00:00,1757.58
2024-11-21 03:00:00+00:00,1668.965
2024-11-21 04:00:00+00:00,1595.68
2024-11-21 05:00:00+00:00,1550.795
2024-11-21 06:00:00+00:00,1807.49
2024-11-21 07:00:00+00:00,1934.525
2024-11-21 08:00:00+00:00,1993.555
2024-11-21 09:00:00+00:00,1915.9
2024-11-21 10:00:00+00:00,1721.88
2024-11-21 11:00:00+00:00,1462.73
2024-11-21 12:00:00+00:00,1155.29
2024-11-21 13:00:00+00:00,993.095
2024-11-21 14:00:00+00:00,961.45
2024-11-21 15:00:00+00:00,1088.22
2024-11-21 16:00:00+00:00,1258.455
2024-11-21 17:00:00+00:00,1399.01
2024-11-21 18:00:00+00:00,1544.225
2024-11-21 19:00:00+00:00,1703.31
2024-11-21 20:00:00+00:00,1827.08
2024-11-21 21:00:00+00:00,1934.67
2024-11-21 22:00:00+00:00,2078.32
2024-11-21 23:00:00+00:00,2113.5
2024-11-22 00:00:00+00:00,2035.69
2024-11-22 01:00:00+00:00,2151.985
2024-11-22 02:00:00+00:00,2157.95
2024-11-22 03:00:00+00:00,2102.73
2024-11-22 04:00:00+00:00,2095.06
2024-11-22 05:00:00+00:00,1980.555
2024-11-22 06:00:00+00:00,1732.25
2024-11-22 07:00:00+00:00,1776.915
2024-11-22 08:00:00+00:00,1690.115
2024-11-22 09:00:00+00:00,1467.64
2024-11-22 10:00:00+00:00,1216.885
2024-11-22 11:00:00+00:00,920.15
2024-11-22 12:00:00+00:00,734.47
2024-11-22 13:00:00+00:00,672.71
2024-11-22 14:00:00+00:00,540.41
2024-11-22 15:00:00+00:00,350.835
2024-11-22 16:00:00+00:00,291.105
2024-11-22 17:00:00+00:00,365.735
2024-11-22 18:00:00+00:00,539.405
2024-11-22 19:00:00+00:00,946.485
2024-11-22 20:00:00+00:00,1502.1
2024-11-22 21:00:00+00:00,2273.52
2024-11-22 22:00:00+00:00,2961.665
2024-11-22 23:00:00+00:00,3410.78
2024-11-23 00:00:00+00:00,3854.16
2024-11-23 01:00:00+00:00,4210.42
2024-11-23 02:00:00+00:00,4374.49
2024-11-23 03:00:00+00:00,4415.83
2024-11-23 04:00:00+00:00,4413.63
2024-11-23 05:00:00+00:00,4394.225
2024-11-23 06:00:00+00:00,4369.06
2024-11-23 07:00:00+00:00,4312.69
2024-11-23 08:00:00+00:00,4230.58
2024-11-23 09:00:00+00:00,4134.265
2024-11-23 10:00:00+00:00,3939.3
2024-11-23 11:00:00+00:00,3662.795
2024-11-23 12:00:00+00:00,3342.26
2024-11-23 13:00:00+00:00,3170.125
2024-11-23 14:00:00+00:00,3232.52
2024-11-23 15:00:00+00:00,3351.265
2024-11-23 16:00:00+00:00,3570.745
2024-11-23 17:00:00+00:00,3879.565
2024-11-23 18:00:00+00:00,4073.06
2024-11-23 19:00:00+00:00,4208.85
2024-11-23 20:00:00+00:00,4261.39
2024-11-23 21:00:00+00:00,4198.965
2024-11-23 22:00:00+00:00,4070.805
2024-11-23 23:00:00+00:00,3842.455
2024-11-24 00:00:00+00:00,3421.34
2024-11-24 01:00:00+00:00,3511.09
2024-11-24 02:00:00+00:00,3649.71
2024-11-24 03:00:00+00:00,3656.72
2024-11-24 04:00:00+00:00,3679.19
2024-11-24 05:00:00+00:00,3753.73
2024-11-24 06:00:00+00:00,3876.655
2024-11-24 07:00:00+00:00,3831.745
2024-11-24 08:00:00+00:00,3837.97
2024-11-24 09:00:00+00:00,3956.92
2024-11-24 10:00:00+00:00,4106.7
2024-11-24 11:00:00+00:00,4228.385
2024-11-24 12:00:00+00:00,4268.38
2024-11-24 13:00:00+00:00,4288.61
2024-11-24 14:00:00+00:00,4306.36
2024-11-24 15:00:00+00:00,4297.395
2024-11-24 16:00:00+00:00,4247.025
2024-11-24 17:00:00+00:00,4107.345
2024-11-24 18:00:00+00:00,3880.04
2024-11-24 19:00:00+00:00,3671.475
2024-11-24 20:00:00+00:00,3564.02
2024-11-24 21:00:00+00:00,3498.365
2024-11-24 22:00:00+00:00,3486.715
2024-11-24 23:00:00+00:00,3500.14
2024-11-25 00:00:00+00:00,3207.195
2024-11-25 01:00:00+00:00,3159.47
2024-11-25 02:00:00+00:00,3002.88
2024-11-25 03:00:00+00:00,2824.33
2024-11-25 04:00:00+00:00,2682.035
2024-11-25 05:00:00+00:00,2613.71
2024-11-25 06:00:00+00:00,2326.995
2024-11-25 07:00:00+00:00,2210.895
2024-11-25 08:00:00+00:00,2076.15
2024-11-25 09:00:00+00:00,1923.92
2024-11-25 10:00:00+00:00,1877.26
2024-11-25 11:00:00+00:00,1840.4
2024-11-25 12:00:00+00:00,1772.205
2024-11-25 13:00:00+00:00,1652.12
2024-11-25 14:00:00+00:00,1519.63
2024-11-25 15:00:00+00:00,1386.805
2024-11-25 16:00:00+00:00,1241.765
2024-11-25 17:00:00+00:00,1157.22
2024-11-25 18:00:00+00:00,1102.87
2024-11-25 19:00:00+00:00,1060.94
2024-11-25 20:00:00+00:00,1072.87
2024-11-25 21:00:00+00:00,1057.695
2024-11-25 22:00:00+00:00,1013.915
2024-11-25 23:00:00+00:00,958.055
2024-11-26 00:00:00+00:00,751.04
2024-11-26 01:00:00+00:00,665.14
2024-11-26 02:00:00+00:00,597.585
2024-11-26 03:00:00+00:00,560.76
2024-11-26 04:00:00+00:00,534.235
2024-11-26 05:00:00+00:00,470.955
2024-11-26 06:00:00+00:00,306.33
2024-11-26 07:00:00+00:00,273.14
2024-11-26 08:00:00+00:00,232.48
2024-11-26 09:00:00+00:00,179.35
2024-11-26 10:00:00+00:00,152.875
2024-11-26 11:00:00+00:00,126.39
2024-11-26 12:00:00+00:00,83.17
2024-11-26 13:00:00+00:00,68.1
2024-11-26 14:00:00+00:00,66.32
2024-11-26 15:00:00+00:00,66.695
2024-11-26 16:00:00+00:00,65.63
2024-11-26 17:00:00+00:00,76.01
2024-11-26 18:00:00+00:00,133.745
2024-11-26 19:00:00+00:00,178.095
2024-11-26 20:00:00+00:00,190.565
2024-11-26 21:00:00+00:00,209.84
2024-11-26 22:00:00+00:00,206.525
2024-11-26 23:00:00+00:00,218.54
2024-11-27 00:00:00+00:00,327.02
2024-11-27 01:00:00+00:00,300.87
2024-11-27 02:00:00+00:00,278.84
2024-11-27 03:00:00+00:00,248.38
2024-11-27 04:00:00+00:00,237.085
2024-11-27 05:00:00+00:00,233.04
2024-11-27 06:00:00+00:00,202.33
2024-11-27 07:00:00+00:00,197.68
2024-11-27 08:00:00+00:00,189.03
2024-11-27 09:00:00+00:00,178.355
2024-11-27 10:00:00+00:00,163.805
2024-11-27 11:00:00+00:00,147.94
2024-11-27 12:00:00+00:00,117.17
2024-11-27 13:00:00+00:00,85.955
2024-11-27 14:00:00+00:00,78.91
2024-11-27 15:00:00+00:00,79.915
2024-11-27 16:00:00+00:00,103.82
2024-11-27 17:00:00+00:00,154.71
2024-11-27 18:00:00+00:00,247.485
2024-11-27 19:00:00+00:00,344.37
2024-11-27 20:00:00+00:00,516.88
2024-11-27 21:00:00+00:00,789.9
2024-11-27 22:00:00+00:00,1014.635
2024-11-27 23:00:00+00:00,1192.095
2024-11-28 00:00:00+00:00,1438.865
2024-11-28 01:00:00+00:00,1776.78
2024-11-28 02:00:00+00:00,2141.705
2024-11-28 03:00:00+00:00,2450.365
2024-11-28 04:00:00+00:00,2745.225
2024-11-28 05:00:00+00:00,3008.17
2024-11-28 06:00:00+00:00,3284.635
2024-11-28 07:00:00+00:00,3489.635
2024-11-28 08:00:00+00:00,3704.13
2024-11-28 09:00:00+00:00,3836.005
2024-11-28 10:00:00+00:00,3904.89
2024-11-28 11:00:00+00:00,3942.605
2024-11-28 12:00:00+00:00,3967.915
2024-11-28 13:00:00+00:00,3929.505
2024-11-28 14:00:00+00:00,3882.105
2024-11-28 15:00:00+00:00,3855.18
2024-11-28 16:00:00+00:00,3833.62
2024-11-28 17:00:00+00:00,3820.5
2024-11-28 18:00:00+00:00,3882.985
2024-11-28 19:00:00+00:00,3807.515
2024-11-28 20:00:00+00:00,3781.005
2024-11-28 21:00:00+00:00,3785.0
2024-11-28 22:00:00+00:00,3805.16
2024-11-28 23:00:00+00:00,3826.455
2024-11-29 00:00:00+00:00,3857.88
2024-11-29 01:00:00+00:00,3872.515
2024-11-29 02:00:00+00:00,3874.655
2024-11-29 03:00:00+00:00,3857.775
2024-11-29 04:00:00+00:00,3804.15
2024-11-29 05:00:00+00:00,3736.91
2024-11-29 06:00:00+00:00,3735.315
2024-11-29 07:00:00+00:00,3672.545
2024-11-29 08:00:00+00:00,3632.79
2024-11-29 09:00:00+00:00,3586.415
2024-11-29 10:00:00+00:00,3488.14
2024-11-29 11:00:00+00:00,3282.49
2024-11-29 12:00:00+00:00,3161.24
2024-11-29 13:00:00+00:00,2974.025
2024-11-29 14:00:00+00:00,2791.355
2024-11-29 15:00:00+00:00,2556.485
2024-11-29 16:00:00+00:00,2419.75
2024-11-29 17:00:00+00:00,2405.435
2024-11-29 18:00:00+00:00,2622.62
2024-11-29 19:00:00+00:00,2619.855
2024-11-29 20:00:00+00:00,2609.085
2024-11-29 21:00:00+00:00,2555.04
2024-11-29 22:00:00+00:00,2549.885
2024-11-29 23:00:00+00:00,2514.215
2024-11-30 00:00:00+00:00,2448.73
2024-11-30 01:00:00+00:00,2354.57
2024-11-30 02:00:00+00:00,2268.275
2024-11-30 03:00:00+00:00,2259.95
2024-11-30 04:00:00+00:00,2341.87
2024-11-30 05:00:00+00:00,2422.6
2024-11-30 06:00:00+00:00,2570.645
2024-11-30 07:00:00+00:00,2728.055
2024-11-30 08:00:00+00:00,2912.23
2024-11-30 09:00:00+00:00,3100.305
2024-11-30 10:00:00+00:00,3242.395
2024-11-30 11:00:00+00:00,3424.675
2024-11-30 12:00:00+00:00,3610.08
2024-11-30 13:00:00+00:00,3724.965
2024-11-30 14:00:00+00:00,3783.455
2024-11-30 15:00:00+00:00,3785.92
2024-11-30 16:00:00+00:00,3804.43
2024-11-30 17:00:00+00:00,3799.96
2024-11-30 18:00:00+00:00,3768.87
2024-11-30 19:00:00+00:00,3568.455
2024-11-30 20:00:00+00:00,3316.44
2024-11-30 21:00:00+00:00,3070.235
2024-11-30 22:00:00+00:00,2874.065
2024-11-30 23:00:00+00:00,2683.96
2024-12-01 00:00:00+00:00,2428.04
2024-12-01 01:00:00+00:00,2251.38
2024-12-01 02:00:00+00:00,2161.98
2024-12-01 03:00:00+00:00,2110.14
2024-12-01 04:00:00+00:00,2091.91
2024-12-01 05:00:00+00:00,2023.77
2024-12-01 06:00:00+00:00,1837.765
2024-12-01 07:00:00+00:00,1719.9
2024-12-01 08:00:00+00:00,1626.725
2024-12-01 09:00:00+00:00,1554.155
2024-12-01 10:00:00+00:00,1462.96
2024-12-01 11:00:00+00:00,1360.61
2024-12-01 12:00:00+00:00,1365.4
2024-12-01 13:00:00+00:00,1470.64
2024-12-01 14:00:00+00:00,1563.95
2024-12-01 15:00:00+00:00,1781.54
2024-12-01 16:00:00+00:00,1946.065
2024-12-01 17:00:00+00:00,2035.855
2024-12-01 18:00:00+00:00,2248.7
2024-12-01 19:00:00+00:00,2609.92
2024-12-01 20:00:00+00:00,2868.64
2024-12-01 21:00:00+00:00,3029.095
2024-12-01 22:00:00+00:00,3124.835
2024-12-01 23:00:00+00:00,3201.915
2024-12-02 00:00:00+00:00,3073.215
2024-12-02 01:00:00+00:00,3120.335
2024-12-02 02:00:00+00:00,3110.23
2024-12-02 03:00:00+00:00,3036.265
2024-12-02 04:00:00+00:00,2921.85
2024-12-02 05:00:00+00:00,2630.585
2024-12-02 06:00:00+00:00,1971.675
2024-12-02 07:00:00+00:00,1731.32
2024-12-02 08:00:00+00:00,1508.095
2024-12-02 09:00:00+00:00,1270.55
2024-12-02 10:00:00+00:00,1049.51
2024-12-02 11:00:00+00:00,902.785
2024-12-02 12:00:00+00:00,659.925
2024-12-02 13:00:00+00:00,557.095
2024-12-02 14:00:00+00:00,425.085
2024-12-02 15:00:00+00:00,296.435
2024-12-02 16:00:00+00:00,212.04
2024-12-02 17:00:00+00:00,160.675
2024-12-02 18:00:00+00:00,87.13
2024-12-02 19:00:00+00:00,73.625
2024-12-02 20:00:00+00:00,65.91
2024-12-02 21:00:00+00:00,83.17
2024-12-02 22:00:00+00:00,151.005
2024-12-02 23:00:00+00:00,234.23
2024-12-03 00:00:00+00:00,293.64
2024-12-03 01:00:00+00:00,411.195
2024-12-03 02:00:00+00:00,562.69
2024-12-03 03:00:00+00:00,680.07
2024-12-03 04:00:00+00:00,773.57
2024-12-03 05:00:00+00:00,868.01
2024-12-03 06:00:00+00:00,827.265
2024-12-03 07:00:00+00:00,955.205
2024-12-03 08:00:00+00:00,1087.48
2024-12-03 09:00:00+00:00,1159.235
2024-12-03 10:00:00+00:00,1176.9
2024-12-03 11:00:00+00:00,1165.975
2024-12-03 12:00:00+00:00,1023.165
2024-12-03 13:00:00+00:00,930.385
2024-12-03 14:00:00+00:00,933.315
2024-12-03 15:00:00+00:00,917.935
2024-12-03 16:00:00+00:00,884.18
2024-12-03 17:00:00+00:00,836.51
2024-12-03 18:00:00+00:00,1004.87
2024-12-03 19:00:00+00:00,948.395
2024-12-03 20:00:00+00:00,863.65
2024-12-03 21:00:00+00:00,772.86
2024-12-03 22:00:00+00:00,555.21
2024-12-03 23:00:00+00:00,310.275
2024-12-04 00:00:00+00:00,182.83
2024-12-04 01:00:00+00:00,141.365
2024-12-04 02:00:00+00:00,106.9
2024-12-04 03:00:00+00:00,213.425
2024-12-04 04:00:00+00:00,447.915
2024-12-04 05:00:00+00:00,733.225
2024-12-04 06:00:00+00:00,1364.535
2024-12-04 07:00:00+00:00,1884.065
2024-12-04 08:00:00+00:00,2449.19
2024-12-04 09:00:00+00:00,3001.805
2024-12-04 10:00:00+00:00,3389.87
2024-12-04 11:00:00+00:00,3648.25
2024-12-04 12:00:00+00:00,3909.32
2024-12-04 13:00:00+00:00,4040.955
2024-12-04 14:00:00+00:00,4145.765
2024-12-04 15:00:00+00:00,4181.85
2024-12-04 16:00:00+00:00,4138.985
2024-12-04 17:00:00+00:00,4025.54
2024-12-04 18:00:00+00:00,3782.705
2024-12-04 19:00:00+00:00,3519.395
2024-12-04 20:00:00+00:00,3230.48
2024-12-04 21:00:00+00:00,3003.83
2024-12-04 22:00:00+00:00,2740.285
2024-12-04 23:00:00+00:00,2658.965
2024-12-05 00:00:00+00:00,2558.855
2024-12-05 01:00:00+00:00,2645.12
2024-12-05 02:00:00+00:00,2447.13
2024-12-05 03:00:00+00:00,2197.02
2024-12-05 04:00:00+00:00,2071.35
2024-12-05 05:00:00+00:00,1839.195
2024-12-05 06:00:00+00:00,1577.085
2024-12-05 07:00:00+00:00,1718.285
2024-12-05 08:00:00+00:00,2110.56
2024-12-05 09:00:00+00:00,2550.53
2024-12-05 10:00:00+00:00,2956.19
2024-12-05 11:00:00+00:00,3289.285
2024-12-05 12:00:00+00:00,3630.03
2024-12-05 13:00:00+00:00,3777.62
2024-12-05 14:00:00+00:00,3836.24
2024-12-05 15:00:00+00:00,3900.255
2024-12-05 16:00:00+00:00,3937.615
2024-12-05 17:00:00+00:00,3843.825
2024-12-05 18:00:00+00:00,3554.985
2024-12-05 19:00:00+00:00,3437.31
2024-12-05 20:00:00+00:00,3195.72
2024-12-05 21:00:00+00:00,2867.73
2024-12-05 22:00:00+00:00,2305.74
2024-12-05 23:00:00+00:00,1808.37
2024-12-06 00:00:00+00:00,1191.08
2024-12-06 01:00:00+00:00,990.395
2024-12-06 02:00:00+00:00,822.25
2024-12-06 03:00:00+00:00,705.29
2024-12-06 04:00:00+00:00,609.355
2024-12-06 05:00:00+00:00,535.4
2024-12-06 06:00:00+00:00,511.085
2024-12-06 07:00:00+00:00,778.185
2024-12-06 08:00:00+00:00,1201.88
2024-12-06 09:00:00+00:00,1713.5
2024-12-06 10:00:00+00:00,2354.31
2024-12-06 11:00:00+00:00,2959.37
2024-12-06 12:00:00+00:00,3452.05
2024-12-06 13:00:00+00:00,3821.49
2024-12-06 14:00:00+00:00,4016.395
2024-12-06 15:00:00+00:00,4089.445
2024-12-06 16:00:00+00:00,4092.74
2024-12-06 17:00:00+00:00,4034.41
2024-12-06 18:00:00+00:00,3932.075
2024-12-06 19:00:00+00:00,3796.845
2024-12-06 20:00:00+00:00,3653.425
2024-12-06 21:00:00+00:00,3348.635
2024-12-06 22:00:00+00:00,3105.085
2024-12-06 23:00:00+00:00,2574.18
2024-12-07 00:00:00+00:00,2450.3
2024-12-07 01:00:00+00:00,2686.305
2024-12-07 02:00:00+00:00,3077.435
2024-12-07 03:00:00+00:00,3383.97
2024-12-07 04:00:00+00:00,3579.69
2024-12-07 05:00:00+00:00,3726.635
2024-12-07 06:00:00+00:00,3873.27
2024-12-07 07:00:00+00:00,3955.8
2024-12-07 08:00:00+00:00,4051.715
2024-12-07 09:00:00+00:00,4081.355
2024-12-07 10:00:00+00:00,4042.675
2024-12-07 11:00:00+00:00,4097.48
2024-12-07 12:00:00+00:00,3792.795
2024-12-07 13:00:00+00:00,3809.65
2024-12-07 14:00:00+00:00,3834.54
2024-12-07 15:00:00+00:00,3853.355
2024-12-07 16:00:00+00:00,3878.625
2024-12-07 17:00:00+00:00,3900.515
2024-12-07 18:00:00+00:00,3807.01
2024-12-07 19:00:00+00:00,3788.47
2024-12-07 20:00:00+00:00,3793.035
2024-12-07 21:00:00+00:00,3780.04
2024-12-07 22:00:00+00:00,3718.065
2024-12-07 23:00:00+00:00,3633.665
2024-12-08 00:00:00+00:00,3363.97
2024-12-08 01:00:00+00:00,3221.805
2024-12-08 02:00:00+00:00,3069.445
2024-12-08 03:00:00+00:00,2956.8
2024-12-08 04:00:00+00:00,2868.795
2024-12-08 05:00:00+00:00,2804.79
2024-12-08 06:00:00+00:00,2865.46
2024-12-08 07:00:00+00:00,2801.62
2024-12-08 08:00:00+00:00,2719.225
2024-12-08 09:00:00+00:00,2654.355
2024-12-08 10:00:00+00:00,2669.065
2024-12-08 11:00:00+00:00,2762.445
2024-12-08 12:00:00+00:00,2964.93
2024-12-08 13:00:00+00:00,2785.56
2024-12-08 14:00:00+00:00,2639.58
2024-12-08 15:00:00+00:00,2549.465
2024-12-08 16:00:00+00:00,2485.655
2024-12-08 17:00:00+00:00,2376.15
2024-12-08 18:00:00+00:00,2261.4
2024-12-08 19:00:00+00:00,2171.815
2024-12-08 20:00:00+00:00,2082.385
2024-12-08 21:00:00+00:00,1930.665
2024-12-08 22:00:00+00:00,1698.415
2024-12-08 23:00:00+00:00,1550.725
2024-12-09 00:00:00+00:00,1357.17
2024-12-09 01:00:00+00:00,1284.665
2024-12-09 02:00:00+00:00,1162.535
2024-12-09 03:00:00+00:00,1062.05
2024-12-09 04:00:00+00:00,1058.105
2024-12-09 05:00:00+00:00,1059.695
2024-12-09 06:00:00+00:00,979.15
2024-12-09 07:00:00+00:00,947.515
2024-12-09 08:00:00+00:00,814.845
2024-12-09 09:00:00+00:00,693.885
2024-12-09 10:00:00+00:00,622.46
2024-12-09 11:00:00+00:00,621.33
2024-12-09 12:00:00+00:00,623.675
2024-12-09 13:00:00+00:00,657.955
2024-12-09 14:00:00+00:00,645.755
2024-12-09 15:00:00+00:00,643.44
2024-12-09 16:00:00+00:00,704.565
2024-12-09 17:00:00+00:00,757.56
2024-12-09 18:00:00+00:00,756.035
2024-12-09 19:00:00+00:00,772.875
2024-12-09 20:00:00+00:00,773.95
2024-12-09 21:00:00+00:00,766.22
2024-12-09 22:00:00+00:00,809.59
2024-12-09 23:00:00+00:00,794.09
2024-12-10 00:00:00+00:00,666.215
2024-12-10 01:00:00+00:00,620.365
2024-12-10 02:00:00+00:00,583.71
2024-12-10 03:00:00+00:00,580.87
2024-12-10 04:00:00+00:00,598.065
2024-12-10 05:00:00+00:00,608.4
2024-12-10 06:00:00+00:00,551.305
2024-12-10 07:00:00+00:00,562.005
2024-12-10 08:00:00+00:00,603.68
2024-12-10 09:00:00+00:00,617.945
2024-12-10 10:00:00+00:00,627.715
2024-12-10 11:00:00+00:00,612.37
2024-12-10 12:00:00+00:00,443.78
2024-12-10 13:00:00+00:00,370.045
2024-12-10 14:00:00+00:00,345.48
2024-12-10 15:00:00+00:00,373.955
2024-12-10 16:00:00+00:00,419.56
2024-12-10 17:00:00+00:00,459.585
2024-12-10 18:00:00+00:00,368.31
2024-12-10 19:00:00+00:00,366.76
2024-12-10 20:00:00+00:00,374.75
2024-12-10 21:00:00+00:00,400.015
2024-12-10 22:00:00+00:00,430.73
2024-12-10 23:00:00+00:00,417.52
2024-12-11 00:00:00+00:00,312.51
2024-12-11 01:00:00+00:00,285.845
2024-12-11 02:00:00+00:00,258.78
2024-12-11 03:00:00+00:00,222.035
2024-12-11 04:00:00+00:00,211.225
2024-12-11 05:00:00+00:00,214.94
2024-12-11 06:00:00+00:00,256.385
2024-12-11 07:00:00+00:00,289.88
2024-12-11 08:00:00+00:00,292.82
2024-12-11 09:00:00+00:00,286.535
2024-12-11 10:00:00+00:00,265.625
2024-12-11 11:00:00+00:00,264.535
2024-12-11 12:00:00+00:00,179.115
2024-12-11 13:00:00+00:00,156.21
2024-12-11 14:00:00+00:00,157.225
2024-12-11 15:00:00+00:00,161.5
2024-12-11 16:00:00+00:00,157.735
2024-12-11 17:00:00+00:00,164.13
2024-12-11 18:00:00+00:00,135.855
2024-12-11 19:00:00+00:00,153.1
2024-12-11 20:00:00+00:00,178.875
2024-12-11 21:00:00+00:00,194.79
2024-12-11 22:00:00+00:00,195.755
2024-12-11 23:00:00+00:00,186.045
2024-12-12 00:00:00+00:00,135.45
2024-12-12 01:00:00+00:00,133.945
2024-12-12 02:00:00+00:00,138.81
2024-12-12 03:00:00+00:00,140.205
2024-12-12 04:00:00+00:00,125.875
2024-12-12 05:00:00+00:00,158.13
2024-12-12 06:00:00+00:00,177.375
2024-12-12 07:00:00+00:00,189.9
2024-12-12 08:00:00+00:00,203.79
2024-12-12 09:00:00+00:00,207.055
2024-12-12 10:00:00+00:00,215.985
2024-12-12 11:00:00+00:00,243.355
2024-12-12 12:00:00+00:00,237.935
2024-12-12 13:00:00+00:00,212.22
2024-12-12 14:00:00+00:00,175.065
2024-12-12 15:00:00+00:00,151.735
2024-12-12 16:00:00+00:00,158.77
2024-12-12 17:00:00+00:00,190.375
2024-12-12 18:00:00+00:00,250.535
2024-12-12 19:00:00+00:00,234.875
2024-12-12 20:00:00+00:00,202.04
2024-12-12 21:00:00+00:00,179.125
2024-12-12 22:00:00+00:00,179.13
2024-12-12 23:00:00+00:00,168.655
2024-12-13 00:00:00+00:00,183.6
2024-12-13 01:00:00+00:00,142.33
2024-12-13 02:00:00+00:00,107.935
2024-12-13 03:00:00+00:00,78.475
2024-12-13 04:00:00+00:00,63.49
2024-12-13 05:00:00+00:00,53.335
2024-12-13 06:00:00+00:00,63.54
2024-12-13 07:00:00+00:00,57.235
2024-12-13 08:00:00+00:00,64.015
2024-12-13 09:00:00+00:00,72.675
2024-12-13 10:00:00+00:00,79.04
2024-12-13 11:00:00+00:00,93.825
2024-12-13 12:00:00+00:00,111.94
2024-12-13 13:00:00+00:00,147.81
2024-12-13 14:00:00+00:00,186.845
2024-12-13 15:00:00+00:00,218.32
2024-12-13 16:00:00+00:00,261.77
2024-12-13 17:00:00+00:00,382.395
2024-12-13 18:00:00+00:00,614.24
2024-12-13 19:00:00+00:00,635.41
2024-12-13 20:00:00+00:00,703.41
2024-12-13 21:00:00+00:00,790.38
2024-12-13 22:00:00+00:00,861.9
2024-12-13 23:00:00+00:00,858.61
2024-12-14 00:00:00+00:00,930.335
2024-12-14 01:00:00+00:00,984.91
2024-12-14 02:00:00+00:00,1010.58
2024-12-14 03:00:00+00:00,994.62
2024-12-14 04:00:00+00:00,918.47
2024-12-14 05:00:00+00:00,855.76
2024-12-14 06:00:00+00:00,823.64
2024-12-14 07:00:00+00:00,840.97
2024-12-14 08:00:00+00:00,937.5
2024-12-14 09:00:00+00:00,1072.8
2024-12-14 10:00:00+00:00,1124.155
2024-12-14 11:00:00+00:00,1117.285
2024-12-14 12:00:00+00:00,1362.775
2024-12-14 13:00:00+00:00,1587.51
2024-12-14 14:00:00+00:00,1865.245
2024-12-14 15:00:00+00:00,2055.41
2024-12-14 16:00:00+00:00,2264.085
2024-12-14 17:00:00+00:00,2451.005
2024-12-14 18:00:00+00:00,2752.045
2024-12-14 19:00:00+00:00,2791.955
2024-12-14 20:00:00+00:00,2750.475
2024-12-14 21:00:00+00:00,2722.04
2024-12-14 22:00:00+00:00,2682.175
2024-12-14 23:00:00+00:00,2679.1
2024-12-15 00:00:00+00:00,2583.855
2024-12-15 01:00:00+00:00,2456.8
2024-12-15 02:00:00+00:00,2346.24
2024-12-15 03:00:00+00:00,2362.805
2024-12-15 04:00:00+00:00,2413.43
2024-12-15 05:00:00+00:00,2481.53
2024-12-15 06:00:00+00:00,2565.845
2024-12-15 07:00:00+00:00,2590.755
2024-12-15 08:00:00+00:00,2624.43
2024-12-15 09:00:00+00:00,2655.89
2024-12-15 10:00:00+00:00,2734.915
2024-12-15 11:00:00+00:00,2843.895
2024-12-15 12:00:00+00:00,2831.38
2024-12-15 13:00:00+00:00,2839.135
2024-12-15 14:00:00+00:00,2906.995
2024-12-15 15:00:00+00:00,2987.865
2024-12-15 16:00:00+00:00,3074.08
2024-12-15 17:00:00+00:00,3110.72
2024-12-15 18:00:00+00:00,2916.57
2024-12-15 19:00:00+00:00,2916.23
2024-12-15 20:00:00+00:00,2884.925
2024-12-15 21:00:00+00:00,2849.095
2024-12-15 22:00:00+00:00,2838.76
2024-12-15 23:00:00+00:00,2888.225
2024-12-16 00:00:00+00:00,3082.425
2024-12-16 01:00:00+00:00,3032.22
2024-12-16 02:00:00+00:00,2950.45
2024-12-16 03:00:00+00:00,2847.745
2024-12-16 04:00:00+00:00,2735.835
2024-12-16 05:00:00+00:00,2613.585
2024-12-16 06:00:00+00:00,2549.83
2024-12-16 07:00:00+00:00,2534.385
2024-12-16 08:00:00+00:00,2532.07
2024-12-16 09:00:00+00:00,2554.5
2024-12-16 10:00:00+00:00,2631.495
2024-12-16 11:00:00+00:00,2651.38
2024-12-16 12:00:00+00:00,2540.28
2024-12-16 13:00:00+00:00,2517.855
2024-12-16 14:00:00+00:00,2357.04
2024-12-16 15:00:00+00:00,2150.15
2024-12-16 16:00:00+00:00,1984.32
2024-12-16 17:00:00+00:00,1821.525
2024-12-16 18:00:00+00:00,1780.815
2024-12-16 19:00:00+00:00,1646.015
2024-12-16 20:00:00+00:00,1454.135
2024-12-16 21:00:00+00:00,1318.515
2024-12-16 22:00:00+00:00,1280.63
2024-12-16 23:00:00+00:00,1360.535
2024-12-17 00:00:00+00:00,1475.305
2024-12-17 01:00:00+00:00,1627.47
2024-12-17 02:00:00+00:00,1912.46
2024-12-17 03:00:00+00:00,2204.615
2024-12-17 04:00:00+00:00,2520.095
2024-12-17 05:00:00+00:00,2835.685
2024-12-17 06:00:00+00:00,3047.555
2024-12-17 07:00:00+00:00,3244.095
2024-12-17 08:00:00+00:00,3501.79
2024-12-17 09:00:00+00:00,3757.74
2024-12-17 10:00:00+00:00,3940.07
2024-12-17 11:00:00+00:00,4053.825
2024-12-17 12:00:00+00:00,4040.44
2024-12-17 13:00:00+00:00,4096.63
2024-12-17 14:00:00+00:00,4159.56
2024-12-17 15:00:00+00:00,4180.86
2024-12-17 16:00:00+00:00,4171.675
2024-12-17 17:00:00+00:00,4139.07
2024-12-17 18:00:00+00:00,4002.76
2024-12-17 19:00:00+00:00,3990.945
2024-12-17 20:00:00+00:00,4027.73
2024-12-17 21:00:00+00:00,4086.95
2024-12-17 22:00:00+00:00,4132.775
2024-12-17 23:00:00+00:00,4175.265
2024-12-18 00:00:00+00:00,4131.345
2024-12-18 01:00:00+00:00,4049.785
2024-12-18 02:00:00+00:00,3926.68
2024-12-18 03:00:00+00:00,3785.73
2024-12-18 04:00:00+00:00,3773.375
2024-12-18 05:00:00+00:00,3853.985
2024-12-18 06:00:00+00:00,3598.19
2024-12-18 07:00:00+00:00,3251.06
2024-12-18 08:00:00+00:00,2796.285
2024-12-18 09:00:00+00:00,2241.96
2024-12-18 10:00:00+00:00,1774.135
2024-12-18 11:00:00+00:00,1318.155
2024-12-18 12:00:00+00:00,568.675
2024-12-18 13:00:00+00:00,376.965
2024-12-18 14:00:00+00:00,338.69
2024-12-18 15:00:00+00:00,373.6
2024-12-18 16:00:00+00:00,485.1
2024-12-18 17:00:00+00:00,616.155
2024-12-18 18:00:00+00:00,933.25
2024-12-18 19:00:00+00:00,1257.495
2024-12-18 20:00:00+00:00,1631.99
2024-12-18 21:00:00+00:00,1898.39
2024-12-18 22:00:00+00:00,2188.875
2024-12-18 23:00:00+00:00,2394.785
2024-12-19 00:00:00+00:00,2603.59
2024-12-19 01:00:00+00:00,2692.62
2024-12-19 02:00:00+00:00,2857.045
2024-12-19 03:00:00+00:00,3051.855
2024-12-19 04:00:00+00:00,3274.2
2024-12-19 05:00:00+00:00,3555.43
2024-12-19 06:00:00+00:00,3529.915
2024-12-19 07:00:00+00:00,3415.15
2024-12-19 08:00:00+00:00,3345.95
2024-12-19 09:00:00+00:00,3329.1
2024-12-19 10:00:00+00:00,3230.515
2024-12-19 11:00:00+00:00,3082.16
2024-12-19 12:00:00+00:00,2952.335
2024-12-19 13:00:00+00:00,2727.655
2024-12-19 14:00:00+00:00,2357.685
2024-12-19 15:00:00+00:00,1936.23
2024-12-19 16:00:00+00:00,1526.275
2024-12-19 17:00:00+00:00,1160.765
2024-12-19 18:00:00+00:00,1084.805
2024-12-19 19:00:00+00:00,1006.295
2024-12-19 20:00:00+00:00,999.27
2024-12-19 21:00:00+00:00,1080.17
2024-12-19 22:00:00+00:00,1323.56
2024-12-19 23:00:00+00:00,1629.65
2024-12-20 00:00:00+00:00,1889.89
2024-12-20 01:00:00+00:00,2231.53
2024-12-20 02:00:00+00:00,2528.965
2024-12-20 03:00:00+00:00,2799.915
2024-12-20 04:00:00+00:00,3055.13
2024-12-20 05:00:00+00:00,3224.06
2024-12-20 06:00:00+00:00,3338.275
2024-12-20 07:00:00+00:00,3478.985
2024-12-20 08:00:00+00:00,3661.995
2024-12-20 09:00:00+00:00,3694.82
2024-12-20 10:00:00+00:00,3528.66
2024-12-20 11:00:00+00:00,3362.7
2024-12-20 12:00:00+00:00,3285.505
2024-12-20 13:00:00+00:00,3221.035
2024-12-20 14:00:00+00:00,3018.73
2024-12-20 15:00:00+00:00,2872.575
2024-12-20 16:00:00+00:00,2615.6
2024-12-20 17:00:00+00:00,2249.38
2024-12-20 18:00:00+00:00,1955.525
2024-12-20 19:00:00+00:00,1951.82
2024-12-20 20:00:00+00:00,1930.945
2024-12-20 21:00:00+00:00,2130.615
2024-12-20 22:00:00+00:00,2570.35
2024-12-20 23:00:00+00:00,2922.63
2024-12-21 00:00:00+00:00,3188.675
2024-12-21 01:00:00+00:00,3462.195
2024-12-21 02:00:00+00:00,3854.355
2024-12-21 03:00:00+00:00,4105.48
2024-12-21 04:00:00+00:00,4211.435
2024-12-21 05:00:00+00:00,4224.905
2024-12-21 06:00:00+00:00,4255.42
2024-12-21 07:00:00+00:00,4239.685
2024-12-21 08:00:00+00:00,4240.5
2024-12-21 09:00:00+00:00,4265.67
2024-12-21 10:00:00+00:00,4268.12
2024-12-21 11:00:00+00:00,4276.91
2024-12-21 12:00:00+00:00,4328.625
2024-12-21 13:00:00+00:00,4325.09
2024-12-21 14:00:00+00:00,4299.77
2024-12-21 15:00:00+00:00,4293.53
2024-12-21 16:00:00+00:00,4276.305
2024-12-21 17:00:00+00:00,4292.17
2024-12-21 18:00:00+00:00,4334.86
2024-12-21 19:00:00+00:00,4345.27
2024-12-21 20:00:00+00:00,4360.85
2024-12-21 21:00:00+00:00,4388.115
2024-12-21 22:00:00+00:00,4400.94
2024-12-21 23:00:00+00:00,4414.8
2024-12-22 00:00:00+00:00,4423.86
2024-12-22 01:00:00+00:00,4400.485
2024-12-22 02:00:00+00:00,4385.01
2024-12-22 03:00:00+00:00,4399.895
2024-12-22 04:00:00+00:00,4405.35
2024-12-22 05:00:00+00:00,4406.61
2024-12-22 06:00:00+00:00,4406.115
2024-12-22 07:00:00+00:00,4433.55
2024-12-22 08:00:00+00:00,4426.24
2024-12-22 09:00:00+00:00,4428.71
2024-12-22 10:00:00+00:00,4429.54
2024-12-22 11:00:00+00:00,4432.91
2024-12-22 12:00:00+00:00,4388.075
2024-12-22 13:00:00+00:00,4351.705
2024-12-22 14:00:00+00:00,4310.615
2024-12-22 15:00:00+00:00,4250.075
2024-12-22 16:00:00+00:00,4104.245
2024-12-22 17:00:00+00:00,3868.04
2024-12-22 18:00:00+00:00,3728.835
2024-12-22 19:00:00+00:00,3567.03
2024-12-22 20:00:00+00:00,3366.965
2024-12-22 21:00:00+00:00,3131.04
2024-12-22 22:00:00+00:00,2738.485
2024-12-22 23:00:00+00:00,2383.125
2024-12-23 00:00:00+00:00,1976.35
2024-12-23 01:00:00+00:00,1646.65
2024-12-23 02:00:00+00:00,1414.435
2024-12-23 03:00:00+00:00,1233.46
2024-12-23 04:00:00+00:00,1141.38
2024-12-23 05:00:00+00:00,1100.19
2024-12-23 06:00:00+00:00,1329.42
2024-12-23 07:00:00+00:00,1550.95
2024-12-23 08:00:00+00:00,1879.955
2024-12-23 09:00:00+00:00,2171.625
2024-12-23 10:00:00+00:00,2405.855
2024-12-23 11:00:00+00:00,2646.305
2024-12-23 12:00:00+00:00,2975.585
2024-12-23 13:00:00+00:00,2998.665
2024-12-23 14:00:00+00:00,2988.805
2024-12-23 15:00:00+00:00,2924.565
2024-12-23 16:00:00+00:00,2689.665
2024-12-23 17:00:00+00:00,2504.22
2024-12-23 18:00:00+00:00,2443.75
2024-12-23 19:00:00+00:00,2271.215
2024-12-23 20:00:00+00:00,2101.475
2024-12-23 21:00:00+00:00,2031.63
2024-12-23 22:00:00+00:00,2144.87
2024-12-23 23:00:00+00:00,2210.0
2024-12-24 00:00:00+00:00,2231.105
2024-12-24 01:00:00+00:00,2338.915
2024-12-24 02:00:00+00:00,2420.62
2024-12-24 03:00:00+00:00,2392.0
2024-12-24 04:00:00+00:00,2264.685
2024-12-24 05:00:00+00:00,2217.1
2024-12-24 06:00:00+00:00,2233.14
2024-12-24 07:00:00+00:00,2176.8
2024-12-24 08:00:00+00:00,2219.975
2024-12-24 09:00:00+00:00,2230.565
2024-12-24 10:00:00+00:00,2210.445
2024-12-24 11:00:00+00:00,2159.01
2024-12-24 12:00:00+00:00,2194.775
2024-12-24 13:00:00+00:00,2212.485
2024-12-24 14:00:00+00:00,2217.505
2024-12-24 15:00:00+00:00,2185.36
2024-12-24 16:00:00+00:00,2211.31
2024-12-24 17:00:00+00:00,2310.575
2024-12-24 18:00:00+00:00,2413.35
2024-12-24 19:00:00+00:00,2497.735
2024-12-24 20:00:00+00:00,2477.59
2024-12-24 21:00:00+00:00,2472.29
2024-12-24 22:00:00+00:00,2488.55
2024-12-24 23:00:00+00:00,2535.725
2024-12-25 00:00:00+00:00,2564.08
2024-12-25 01:00:00+00:00,2576.98
2024-12-25 02:00:00+00:00,2546.815
2024-12-25 03:00:00+00:00,2459.8
2024-12-25 04:00:00+00:00,2402.745
2024-12-25 05:00:00+00:00,2325.92
2024-12-25 06:00:00+00:00,2400.135
2024-12-25 07:00:00+00:00,2419.46
2024-12-25 08:00:00+00:00,2440.075
2024-12-25 09:00:00+00:00,2464.98
2024-12-25 10:00:00+00:00,2485.17
2024-12-25 11:00:00+00:00,2432.58
2024-12-25 12:00:00+00:00,2469.44
2024-12-25 13:00:00+00:00,2461.95
2024-12-25 14:00:00+00:00,2470.11
2024-12-25 15:00:00+00:00,2352.8
2024-12-25 16:00:00+00:00,2176.07
2024-12-25 17:00:00+00:00,2002.125
2024-12-25 18:00:00+00:00,1829.72
2024-12-25 19:00:00+00:00,1715.955
2024-12-25 20:00:00+00:00,1609.52
2024-12-25 21:00:00+00:00,1491.81
2024-12-25 22:00:00+00:00,1334.06
2024-12-25 23:00:00+00:00,1159.025
2024-12-26 00:00:00+00:00,936.745
2024-12-26 01:00:00+00:00,888.575
2024-12-26 02:00:00+00:00,894.185
2024-12-26 03:00:00+00:00,920.945
2024-12-26 04:00:00+00:00,934.2
2024-12-26 05:00:00+00:00,895.295
2024-12-26 06:00:00+00:00,722.44
2024-12-26 07:00:00+00:00,719.23
2024-12-26 08:00:00+00:00,777.79
2024-12-26 09:00:00+00:00,852.025
2024-12-26 10:00:00+00:00,847.04
2024-12-26 11:00:00+00:00,821.47
2024-12-26 12:00:00+00:00,656.14
2024-12-26 13:00:00+00:00,684.715
2024-12-26 14:00:00+00:00,699.54
2024-12-26 15:00:00+00:00,667.83
2024-12-26 16:00:00+00:00,604.23
2024-12-26 17:00:00+00:00,598.495
2024-12-26 18:00:00+00:00,568.0
2024-12-26 19:00:00+00:00,637.545
2024-12-26 20:00:00+00:00,654.18
2024-12-26 21:00:00+00:00,634.91
2024-12-26 22:00:00+00:00,631.745
2024-12-26 23:00:00+00:00,642.49
2024-12-27 00:00:00+00:00,614.385
2024-12-27 01:00:00+00:00,634.24
2024-12-27 02:00:00+00:00,631.905
2024-12-27 03:00:00+00:00,588.485
2024-12-27 04:00:00+00:00,551.35
2024-12-27 05:00:00+00:00,523.015
2024-12-27 06:00:00+00:00,599.575
2024-12-27 07:00:00+00:00,623.535
2024-12-27 08:00:00+00:00,605.955
2024-12-27 09:00:00+00:00,567.64
2024-12-27 10:00:00+00:00,536.595
2024-12-27 11:00:00+00:00,512.64
2024-12-27 12:00:00+00:00,550.565
2024-12-27 13:00:00+00:00,507.07
2024-12-27 14:00:00+00:00,463.07
2024-12-27 15:00:00+00:00,422.865
2024-12-27 16:00:00+00:00,377.875
2024-12-27 17:00:00+00:00,376.13
2024-12-27 18:00:00+00:00,463.695
2024-12-27 19:00:00+00:00,478.055
2024-12-27 20:00:00+00:00,497.83
2024-12-27 21:00:00+00:00,530.465
2024-12-27 22:00:00+00:00,568.735
2024-12-27 23:00:00+00:00,569.05
2024-12-28 00:00:00+00:00,585.095
2024-12-28 01:00:00+00:00,553.755
2024-12-28 02:00:00+00:00,535.45
2024-12-28 03:00:00+00:00,498.13
2024-12-28 04:00:00+00:00,515.91
2024-12-28 05:00:00+00:00,550.335
2024-12-28 06:00:00+00:00,514.805
2024-12-28 07:00:00+00:00,496.285
2024-12-28 08:00:00+00:00,498.59
2024-12-28 09:00:00+00:00,533.06
2024-12-28 10:00:00+00:00,586.475
2024-12-28 11:00:00+00:00,584.35
2024-12-28 12:00:00+00:00,516.975
2024-12-28 13:00:00+00:00,439.56
2024-12-28 14:00:00+00:00,404.48
2024-12-28 15:00:00+00:00,434.8
2024-12-28 16:00:00+00:00,484.225
2024-12-28 17:00:00+00:00,544.79
2024-12-28 18:00:00+00:00,521.28
2024-12-28 19:00:00+00:00,575.19
2024-12-28 20:00:00+00:00,616.3
2024-12-28 21:00:00+00:00,684.615
2024-12-28 22:00:00+00:00,831.73
2024-12-28 23:00:00+00:00,998.405
2024-12-29 00:00:00+00:00,1242.45
2024-12-29 01:00:00+00:00,1424.485
2024-12-29 02:00:00+00:00,1479.07
2024-12-29 03:00:00+00:00,1537.505
2024-12-29 04:00:00+00:00,1616.14
2024-12-29 05:00:00+00:00,1738.2
2024-12-29 06:00:00+00:00,1808.015
2024-12-29 07:00:00+00:00,1909.515
2024-12-29 08:00:00+00:00,1960.635
2024-12-29 09:00:00+00:00,2003.285
2024-12-29 10:00:00+00:00,2106.325
2024-12-29 11:00:00+00:00,2193.11
2024-12-29 12:00:00+00:00,2342.17
2024-12-29 13:00:00+00:00,2419.665
2024-12-29 14:00:00+00:00,2427.845
2024-12-29 15:00:00+00:00,2360.37
2024-12-29 16:00:00+00:00,2278.71
2024-12-29 17:00:00+00:00,2212.585
2024-12-29 18:00:00+00:00,2331.7
2024-12-29 19:00:00+00:00,2375.33
2024-12-29 20:00:00+00:00,2424.125
2024-12-29 21:00:00+00:00,2505.99
2024-12-29 22:00:00+00:00,2619.035
2024-12-29 23:00:00+00:00,2737.92
2024-12-30 00:00:00+00:00,2890.565
2024-12-30 01:00:00+00:00,3028.765
2024-12-30 02:00:00+00:00,3135.5
2024-12-30 03:00:00+00:00,3186.805
2024-12-30 04:00:00+00:00,3243.02
2024-12-30 05:00:00+00:00,3336.7
2024-12-30 06:00:00+00:00,3466.38
2024-12-30 07:00:00+00:00,3434.6
2024-12-30 08:00:00+00:00,3384.91
2024-12-30 09:00:00+00:00,3355.43
2024-12-30 10:00:00+00:00,3337.53
2024-12-30 11:00:00+00:00,3289.525
2024-12-30 12:00:00+00:00,3273.24
2024-12-30 13:00:00+00:00,3186.625
2024-12-30 14:00:00+00:00,3092.06
2024-12-30 15:00:00+00:00,2965.25
2024-12-30 16:00:00+00:00,2882.58
2024-12-30 17:00:00+00:00,2946.755
2024-12-30 18:00:00+00:00,3080.73
2024-12-30 19:00:00+00:00,3137.275
2024-12-30 20:00:00+00:00,3234.41
2024-12-30 21:00:00+00:00,3404.975
2024-12-30 22:00:00+00:00,3590.64
2024-12-30 23:00:00+00:00,3745.395
2024-12-31 00:00:00+00:00,3808.45
2024-12-31 01:00:00+00:00,3899.77
2024-12-31 02:00:00+00:00,3980.61
2024-12-31 03:00:00+00:00,4075.825
2024-12-31 04:00:00+00:00,4160.89
2024-12-31 05:00:00+00:00,4235.03
2024-12-31 06:00:00+00:00,4305.0
2024-12-31 07:00:00+00:00,4330.025
2024-12-31 08:00:00+00:00,4323.215
2024-12-31 09:00:00+00:00,4316.725
2024-12-31 10:00:00+00:00,4312.085
2024-12-31 11:00:00+00:00,4301.835
2024-12-31 12:00:00+00:00,4234.305
2024-12-31 13:00:00+00:00,4123.29
2024-12-31 14:00:00+00:00,4051.26
2024-12-31 15:00:00+00:00,3955.95
2024-12-31 16:00:00+00:00,3767.05
2024-12-31 17:00:00+00:00,3553.4
2024-12-31 18:00:00+00:00,3158.595
2024-12-31 19:00:00+00:00,2978.725
2024-12-31 20:00:00+00:00,2896.355
2024-12-31 21:00:00+00:00,2772.555
2024-12-31 22:00:00+00:00,2592.825
